lon,lat,ifs_index,status
-75.000000,82.751720,263,ok
-67.500000,82.751720,264,ok
-37.500000,82.751720,268,ok
-30.000000,82.751720,269,ok
-22.500000,82.751720,270,ok
-90.000000,81.816840,312,ok
-83.076930,81.816840,313,ok
-76.153840,81.816840,314,ok
-69.230770,81.816840,315,ok
-55.384610,81.816840,317,ok
-48.461550,81.816840,318,ok
-41.538450,81.816840,319,ok
-34.615390,81.816840,320,ok
-27.692320,81.816840,321,ok
57.857140,80.881910,334,ok
64.285710,80.881910,335,ok
96.428570,80.881910,340,ok
-83.571440,80.881910,368,ok
-77.142850,80.881910,369,ok
-70.714290,80.881910,370,ok
-64.285710,80.881910,371,ok
-57.857150,80.881910,372,ok
-51.428560,80.881910,373,ok
-45.000000,80.881910,374,ok
-38.571440,80.881910,375,ok
-32.142850,80.881910,376,ok
-25.714290,80.881910,377,ok
-19.285710,80.881910,378,ok
24.000000,79.946960,385,ok
96.000000,79.946960,397,ok
-90.000000,79.946960,426,ok
-84.000000,79.946960,427,ok
-78.000000,79.946960,428,ok
-72.000000,79.946960,429,ok
-60.000000,79.946960,431,ok
-54.000000,79.946960,432,ok
-48.000000,79.946960,433,ok
-42.000000,79.946960,434,ok
-36.000000,79.946960,435,ok
-30.000000,79.946960,436,ok
-24.000000,79.946960,437,ok
-18.000000,79.946960,438,ok
16.875000,79.011990,444,ok
101.250000,79.011990,459,ok
-90.000000,79.011990,489,ok
-84.375000,79.011990,490,ok
-78.750000,79.011990,491,ok
-61.875000,79.011990,494,ok
-56.250000,79.011990,495,ok
-50.625000,79.011990,496,ok
-45.000000,79.011990,497,ok
-39.375000,79.011990,498,ok
-33.750000,79.011990,499,ok
-28.125000,79.011990,500,ok
-22.500000,79.011990,501,ok
15.882350,78.077000,508,ok
-84.705870,78.077000,557,ok
-79.411770,78.077000,558,ok
-68.823520,78.077000,560,ok
-63.529420,78.077000,561,ok
-58.235290,78.077000,562,ok
-52.941160,78.077000,563,ok
-47.647060,78.077000,564,ok
-42.352940,78.077000,565,ok
-37.058840,78.077000,566,ok
-31.764710,78.077000,567,ok
-26.470580,78.077000,568,ok
105.000000,77.142010,594,ok
-85.000000,77.142010,628,ok
-80.000000,77.142010,629,ok
-70.000000,77.142010,631,ok
-65.000000,77.142010,632,ok
-60.000000,77.142010,633,ok
-55.000000,77.142010,634,ok
-50.000000,77.142010,635,ok
-45.000000,77.142010,636,ok
-40.000000,77.142010,637,ok
-35.000000,77.142010,638,ok
-30.000000,77.142010,639,ok
-25.000000,77.142010,640,ok
-20.000000,77.142010,641,ok
61.578950,76.207010,658,ok
66.315790,76.207010,659,ok
104.210530,76.207010,667,ok
108.947360,76.207010,668,ok
-108.947370,76.207010,698,ok
-99.473690,76.207010,700,ok
-90.000000,76.207010,702,ok
-56.842100,76.207010,709,ok
-52.105260,76.207010,710,ok
-47.368410,76.207010,711,ok
-42.631590,76.207010,712,ok
-37.894740,76.207010,713,ok
-33.157900,76.207010,714,ok
-28.421050,76.207010,715,ok
-23.684200,76.207010,716,ok
58.500000,75.272000,734,ok
90.000000,75.272000,741,ok
94.500000,75.272000,742,ok
99.000000,75.272000,743,ok
103.500000,75.272000,744,ok
108.000000,75.272000,745,ok
112.500000,75.272000,746,ok
139.500000,75.272000,752,ok
144.000000,75.272000,753,ok
-117.000000,75.272000,775,ok
-112.500000,75.272000,776,ok
-108.000000,75.272000,777,ok
-99.000000,75.272000,779,ok
-94.500000,75.272000,780,ok
-90.000000,75.272000,781,ok
-85.500000,75.272000,782,ok
-81.000000,75.272000,783,ok
-54.000000,75.272000,789,ok
-49.500000,75.272000,790,ok
-45.000000,75.272000,791,ok
-40.500000,75.272000,792,ok
-36.000000,75.272000,793,ok
-31.500000,75.272000,794,ok
-27.000000,75.272000,795,ok
-22.500000,75.272000,796,ok
55.714290,74.336980,814,ok
90.000000,74.336980,822,ok
94.285710,74.336980,823,ok
98.571430,74.336980,824,ok
102.857140,74.336980,825,ok
107.142860,74.336980,826,ok
-55.714290,74.336980,872,ok
-51.428560,74.336980,873,ok
-47.142850,74.336980,874,ok
-42.857150,74.336980,875,ok
-38.571440,74.336980,876,ok
-34.285710,74.336980,877,ok
-30.000000,74.336980,878,ok
-25.714290,74.336980,879,ok
81.818180,73.401950,905,ok
85.909090,73.401950,906,ok
90.000000,73.401950,907,ok
94.090910,73.401950,908,ok
98.181820,73.401950,909,ok
102.272730,73.401950,910,ok
106.363640,73.401950,911,ok
110.454540,73.401950,912,ok
114.545460,73.401950,913,ok
143.181820,73.401950,920,ok
-122.727280,73.401950,943,ok
-118.636370,73.401950,944,ok
-98.181820,73.401950,949,ok
-94.090910,73.401950,950,ok
-81.818180,73.401950,953,ok
-77.727260,73.401950,954,ok
-53.181820,73.401950,960,ok
-49.090910,73.401950,961,ok
-45.000000,73.401950,962,ok
-40.909090,73.401950,963,ok
-36.818180,73.401950,964,ok
-32.727260,73.401950,965,ok
-28.636350,73.401950,966,ok
54.782610,72.466920,987,ok
70.434780,72.466920,991,ok
82.173910,72.466920,994,ok
86.086960,72.466920,995,ok
90.000000,72.466920,996,ok
93.913040,72.466920,997,ok
97.826090,72.466920,998,ok
101.739130,72.466920,999,ok
105.652180,72.466920,1000,ok
109.565220,72.466920,1001,ok
113.478260,72.466920,1002,ok
117.391300,72.466920,1003,ok
121.304340,72.466920,1004,ok
125.217390,72.466920,1005,ok
144.782610,72.466920,1010,ok
-121.304350,72.466920,1034,ok
-117.391310,72.466920,1035,ok
-113.478260,72.466920,1036,ok
-109.565220,72.466920,1037,ok
-105.652180,72.466920,1038,ok
-101.739140,72.466920,1039,ok
-97.826080,72.466920,1040,ok
-93.913060,72.466920,1041,ok
-82.173920,72.466920,1044,ok
-54.782620,72.466920,1051,ok
-50.869570,72.466920,1052,ok
-46.956510,72.466920,1053,ok
-43.043490,72.466920,1054,ok
-39.130430,72.466920,1055,ok
-35.217380,72.466920,1056,ok
-31.304350,72.466920,1057,ok
-27.391300,72.466920,1058,ok
-23.478270,72.466920,1059,ok
71.250000,71.531890,1084,ok
75.000000,71.531890,1085,ok
78.750000,71.531890,1086,ok
82.500000,71.531890,1087,ok
86.250000,71.531890,1088,ok
90.000000,71.531890,1089,ok
93.750000,71.531890,1090,ok
97.500000,71.531890,1091,ok
101.250000,71.531890,1092,ok
105.000000,71.531890,1093,ok
108.750000,71.531890,1094,ok
112.500000,71.531890,1095,ok
116.250000,71.531890,1096,ok
120.000000,71.531890,1097,ok
123.750000,71.531890,1098,ok
127.500000,71.531890,1099,ok
138.750000,71.531890,1102,ok
142.500000,71.531890,1103,ok
146.250000,71.531890,1104,ok
-116.250000,71.531890,1130,ok
-112.500000,71.531890,1131,ok
-108.750000,71.531890,1132,ok
-105.000000,71.531890,1133,ok
-86.250000,71.531890,1138,ok
-82.500000,71.531890,1139,ok
-78.750000,71.531890,1140,ok
-75.000000,71.531890,1141,ok
-48.750000,71.531890,1148,ok
-45.000000,71.531890,1149,ok
-41.250000,71.531890,1150,ok
-37.500000,71.531890,1151,ok
-33.750000,71.531890,1152,ok
-30.000000,71.531890,1153,ok
-26.250000,71.531890,1154,ok
-22.500000,71.531890,1155,ok
28.800000,70.596860,1169,ok
68.400000,70.596860,1180,ok
72.000000,70.596860,1181,ok
75.600000,70.596860,1182,ok
79.200000,70.596860,1183,ok
82.800000,70.596860,1184,ok
86.400000,70.596860,1185,ok
90.000000,70.596860,1186,ok
93.600000,70.596860,1187,ok
97.200000,70.596860,1188,ok
100.800000,70.596860,1189,ok
104.400000,70.596860,1190,ok
108.000000,70.596860,1191,ok
111.600000,70.596860,1192,ok
115.200000,70.596860,1193,ok
118.800000,70.596860,1194,ok
122.400000,70.596860,1195,ok
126.000000,70.596860,1196,ok
129.600010,70.596860,1197,ok
133.200000,70.596860,1198,ok
136.800000,70.596860,1199,ok
140.399990,70.596860,1200,ok
144.000000,70.596860,1201,ok
147.600010,70.596860,1202,ok
151.200000,70.596860,1203,ok
154.800000,70.596860,1204,ok
158.399990,70.596860,1205,ok
-158.399990,70.596860,1217,ok
-154.800000,70.596860,1218,ok
-111.600010,70.596860,1230,ok
-108.000000,70.596860,1231,ok
-104.399990,70.596860,1232,ok
-93.600010,70.596860,1235,ok
-86.399990,70.596860,1237,ok
-82.799990,70.596860,1238,ok
-79.200010,70.596860,1239,ok
-75.600010,70.596860,1240,ok
-72.000000,70.596860,1241,ok
-54.000000,70.596860,1246,ok
-50.399990,70.596860,1247,ok
-46.799990,70.596860,1248,ok
-43.200010,70.596860,1249,ok
-39.600010,70.596860,1250,ok
-36.000000,70.596860,1251,ok
-32.399990,70.596860,1252,ok
-28.799990,70.596860,1253,ok
20.769230,69.661820,1267,ok
24.230770,69.661820,1268,ok
27.692310,69.661820,1269,ok
31.153850,69.661820,1270,ok
62.307690,69.661820,1279,ok
69.230770,69.661820,1281,ok
76.153850,69.661820,1283,ok
79.615390,69.661820,1284,ok
83.076920,69.661820,1285,ok
86.538460,69.661820,1286,ok
90.000000,69.661820,1287,ok
93.461540,69.661820,1288,ok
96.923080,69.661820,1289,ok
100.384610,69.661820,1290,ok
103.846150,69.661820,1291,ok
107.307690,69.661820,1292,ok
110.769230,69.661820,1293,ok
114.230770,69.661820,1294,ok
117.692310,69.661820,1295,ok
121.153850,69.661820,1296,ok
124.615390,69.661820,1297,ok
128.076920,69.661820,1298,ok
131.538470,69.661820,1299,ok
135.000000,69.661820,1300,ok
138.461530,69.661820,1301,ok
141.923080,69.661820,1302,ok
145.384610,69.661820,1303,ok
148.846160,69.661820,1304,ok
152.307690,69.661820,1305,ok
155.769230,69.661820,1306,ok
159.230770,69.661820,1307,ok
173.076920,69.661820,1311,ok
-162.692310,69.661820,1318,ok
-159.230770,69.661820,1319,ok
-155.769230,69.661820,1320,ok
-152.307690,69.661820,1321,ok
-148.846160,69.661820,1322,ok
-145.384610,69.661820,1323,ok
-141.923080,69.661820,1324,ok
-131.538470,69.661820,1327,ok
-128.076920,69.661820,1328,ok
-114.230770,69.661820,1332,ok
-110.769230,69.661820,1333,ok
-107.307690,69.661820,1334,ok
-103.846160,69.661820,1335,ok
-93.461550,69.661820,1338,ok
-83.076930,69.661820,1341,ok
-76.153840,69.661820,1343,ok
-72.692320,69.661820,1344,ok
-69.230770,69.661820,1345,ok
-48.461550,69.661820,1351,ok
-45.000000,69.661820,1352,ok
-41.538450,69.661820,1353,ok
-38.076930,69.661820,1354,ok
-34.615390,69.661820,1355,ok
-31.153840,69.661820,1356,ok
-27.692320,69.661820,1357,ok
-24.230770,69.661820,1358,ok
16.666670,68.726780,1370,ok
20.000000,68.726780,1371,ok
23.333330,68.726780,1372,ok
26.666670,68.726780,1373,ok
30.000000,68.726780,1374,ok
33.333330,68.726780,1375,ok
36.666670,68.726780,1376,ok
53.333330,68.726780,1381,ok
63.333330,68.726780,1384,ok
66.666660,68.726780,1385,ok
70.000000,68.726780,1386,ok
76.666660,68.726780,1388,ok
80.000000,68.726780,1389,ok
83.333340,68.726780,1390,ok
86.666660,68.726780,1391,ok
90.000000,68.726780,1392,ok
93.333340,68.726780,1393,ok
96.666660,68.726780,1394,ok
100.000000,68.726780,1395,ok
103.333340,68.726780,1396,ok
106.666660,68.726780,1397,ok
110.000000,68.726780,1398,ok
113.333340,68.726780,1399,ok
116.666660,68.726780,1400,ok
120.000000,68.726780,1401,ok
123.333340,68.726780,1402,ok
126.666660,68.726780,1403,ok
130.000000,68.726780,1404,ok
133.333330,68.726780,1405,ok
136.666670,68.726780,1406,ok
140.000000,68.726780,1407,ok
143.333330,68.726780,1408,ok
146.666670,68.726780,1409,ok
150.000000,68.726780,1410,ok
153.333330,68.726780,1411,ok
156.666670,68.726780,1412,ok
160.000000,68.726780,1413,ok
163.333330,68.726780,1414,ok
166.666670,68.726780,1415,ok
170.000000,68.726780,1416,ok
173.333330,68.726780,1417,ok
176.666670,68.726780,1418,ok
-180.000000,68.726780,1419,ok
-163.333330,68.726780,1424,ok
-160.000000,68.726780,1425,ok
-156.666670,68.726780,1426,ok
-153.333330,68.726780,1427,ok
-150.000000,68.726780,1428,ok
-146.666670,68.726780,1429,ok
-143.333330,68.726780,1430,ok
-140.000000,68.726780,1431,ok
-136.666670,68.726780,1432,ok
-133.333330,68.726780,1433,ok
-130.000000,68.726780,1434,ok
-126.666670,68.726780,1435,ok
-123.333330,68.726780,1436,ok
-120.000000,68.726780,1437,ok
-116.666670,68.726780,1438,ok
-113.333330,68.726780,1439,ok
-96.666660,68.726780,1444,ok
-93.333340,68.726780,1445,ok
-90.000000,68.726780,1446,ok
-83.333340,68.726780,1448,ok
-73.333340,68.726780,1451,ok
-70.000000,68.726780,1452,ok
-50.000000,68.726780,1458,ok
-46.666660,68.726780,1459,ok
-43.333340,68.726780,1460,ok
-40.000000,68.726780,1461,ok
-36.666660,68.726780,1462,ok
-33.333340,68.726780,1463,ok
-30.000000,68.726780,1464,ok
16.071430,67.791730,1478,ok
19.285720,67.791730,1479,ok
22.500000,67.791730,1480,ok
25.714280,67.791730,1481,ok
28.928570,67.791730,1482,ok
32.142860,67.791730,1483,ok
35.357140,67.791730,1484,ok
38.571430,67.791730,1485,ok
45.000000,67.791730,1487,ok
51.428570,67.791730,1489,ok
54.642860,67.791730,1490,ok
57.857140,67.791730,1491,ok
61.071430,67.791730,1492,ok
64.285710,67.791730,1493,ok
67.500000,67.791730,1494,ok
70.714290,67.791730,1495,ok
77.142860,67.791730,1497,ok
80.357140,67.791730,1498,ok
83.571430,67.791730,1499,ok
86.785710,67.791730,1500,ok
90.000000,67.791730,1501,ok
93.214290,67.791730,1502,ok
96.428570,67.791730,1503,ok
99.642860,67.791730,1504,ok
102.857140,67.791730,1505,ok
106.071430,67.791730,1506,ok
109.285710,67.791730,1507,ok
112.500000,67.791730,1508,ok
115.714290,67.791730,1509,ok
118.928570,67.791730,1510,ok
122.142860,67.791730,1511,ok
125.357140,67.791730,1512,ok
128.571430,67.791730,1513,ok
131.785720,67.791730,1514,ok
135.000000,67.791730,1515,ok
138.214280,67.791730,1516,ok
141.428570,67.791730,1517,ok
144.642850,67.791730,1518,ok
147.857150,67.791730,1519,ok
151.071430,67.791730,1520,ok
154.285720,67.791730,1521,ok
157.500000,67.791730,1522,ok
160.714280,67.791730,1523,ok
163.928570,67.791730,1524,ok
167.142850,67.791730,1525,ok
170.357150,67.791730,1526,ok
173.571430,67.791730,1527,ok
176.785720,67.791730,1528,ok
-180.000000,67.791730,1529,ok
-176.785720,67.791730,1530,ok
-163.928570,67.791730,1534,ok
-160.714280,67.791730,1535,ok
-157.500000,67.791730,1536,ok
-154.285720,67.791730,1537,ok
-151.071430,67.791730,1538,ok
-147.857150,67.791730,1539,ok
-144.642850,67.791730,1540,ok
-141.428570,67.791730,1541,ok
-138.214280,67.791730,1542,ok
-135.000000,67.791730,1543,ok
-131.785720,67.791730,1544,ok
-128.571430,67.791730,1545,ok
-125.357150,67.791730,1546,ok
-122.142850,67.791730,1547,ok
-118.928570,67.791730,1548,ok
-115.714280,67.791730,1549,ok
-106.071430,67.791730,1552,ok
-102.857150,67.791730,1553,ok
-96.428560,67.791730,1555,ok
-93.214290,67.791730,1556,ok
-90.000000,67.791730,1557,ok
-83.571440,67.791730,1559,ok
-70.714290,67.791730,1563,ok
-67.500000,67.791730,1564,ok
-51.428560,67.791730,1569,ok
-48.214290,67.791730,1570,ok
-45.000000,67.791730,1571,ok
-41.785710,67.791730,1572,ok
-38.571440,67.791730,1573,ok
-35.357150,67.791730,1574,ok
15.517240,66.856690,1590,ok
18.620690,66.856690,1591,ok
21.724140,66.856690,1592,ok
24.827590,66.856690,1593,ok
27.931030,66.856690,1594,ok
31.034480,66.856690,1595,ok
34.137930,66.856690,1596,ok
37.241380,66.856690,1597,ok
40.344830,66.856690,1598,ok
49.655170,66.856690,1601,ok
52.758620,66.856690,1602,ok
55.862070,66.856690,1603,ok
58.965520,66.856690,1604,ok
62.068970,66.856690,1605,ok
65.172420,66.856690,1606,ok
68.275860,66.856690,1607,ok
71.379310,66.856690,1608,ok
74.482760,66.856690,1609,ok
77.586200,66.856690,1610,ok
80.689650,66.856690,1611,ok
83.793110,66.856690,1612,ok
86.896550,66.856690,1613,ok
90.000000,66.856690,1614,ok
93.103450,66.856690,1615,ok
96.206890,66.856690,1616,ok
99.310350,66.856690,1617,ok
102.413800,66.856690,1618,ok
105.517240,66.856690,1619,ok
108.620690,66.856690,1620,ok
111.724140,66.856690,1621,ok
114.827580,66.856690,1622,ok
117.931040,66.856690,1623,ok
121.034480,66.856690,1624,ok
124.137930,66.856690,1625,ok
127.241380,66.856690,1626,ok
130.344830,66.856690,1627,ok
133.448270,66.856690,1628,ok
136.551730,66.856690,1629,ok
139.655170,66.856690,1630,ok
142.758620,66.856690,1631,ok
145.862080,66.856690,1632,ok
148.965520,66.856690,1633,ok
152.068970,66.856690,1634,ok
155.172410,66.856690,1635,ok
158.275860,66.856690,1636,ok
161.379300,66.856690,1637,ok
164.482760,66.856690,1638,ok
167.586210,66.856690,1639,ok
170.689650,66.856690,1640,ok
173.793110,66.856690,1641,ok
176.896550,66.856690,1642,ok
-180.000000,66.856690,1643,ok
-176.896550,66.856690,1644,ok
-161.379300,66.856690,1649,ok
-158.275860,66.856690,1650,ok
-155.172410,66.856690,1651,ok
-152.068970,66.856690,1652,ok
-148.965520,66.856690,1653,ok
-145.862080,66.856690,1654,ok
-142.758620,66.856690,1655,ok
-139.655170,66.856690,1656,ok
-136.551730,66.856690,1657,ok
-133.448270,66.856690,1658,ok
-130.344830,66.856690,1659,ok
-127.241380,66.856690,1660,ok
-124.137920,66.856690,1661,ok
-121.034480,66.856690,1662,ok
-117.931030,66.856690,1663,ok
-114.827590,66.856690,1664,ok
-111.724140,66.856690,1665,ok
-108.620700,66.856690,1666,ok
-105.517240,66.856690,1667,ok
-102.413790,66.856690,1668,ok
-99.310330,66.856690,1669,ok
-96.206910,66.856690,1670,ok
-93.103450,66.856690,1671,ok
-90.000000,66.856690,1672,ok
-86.896550,66.856690,1673,ok
-83.793090,66.856690,1674,ok
-71.379300,66.856690,1678,ok
-68.275850,66.856690,1679,ok
-65.172420,66.856690,1680,ok
-62.068970,66.856690,1681,ok
-52.758610,66.856690,1684,ok
-49.655180,66.856690,1685,ok
-46.551730,66.856690,1686,ok
-43.448270,66.856690,1687,ok
-40.344820,66.856690,1688,ok
-37.241390,66.856690,1689,ok
15.000000,65.921650,1706,ok
18.000000,65.921650,1707,ok
21.000000,65.921650,1708,ok
24.000000,65.921650,1709,ok
27.000000,65.921650,1710,ok
30.000000,65.921650,1711,ok
33.000000,65.921650,1712,ok
42.000000,65.921650,1715,ok
45.000000,65.921650,1716,ok
48.000000,65.921650,1717,ok
51.000000,65.921650,1718,ok
54.000000,65.921650,1719,ok
57.000000,65.921650,1720,ok
60.000000,65.921650,1721,ok
63.000000,65.921650,1722,ok
66.000000,65.921650,1723,ok
69.000000,65.921650,1724,ok
72.000000,65.921650,1725,ok
75.000000,65.921650,1726,ok
78.000000,65.921650,1727,ok
81.000000,65.921650,1728,ok
84.000000,65.921650,1729,ok
87.000000,65.921650,1730,ok
90.000000,65.921650,1731,ok
93.000000,65.921650,1732,ok
96.000000,65.921650,1733,ok
99.000000,65.921650,1734,ok
102.000000,65.921650,1735,ok
105.000000,65.921650,1736,ok
108.000000,65.921650,1737,ok
111.000000,65.921650,1738,ok
114.000000,65.921650,1739,ok
117.000000,65.921650,1740,ok
120.000000,65.921650,1741,ok
123.000000,65.921650,1742,ok
126.000000,65.921650,1743,ok
129.000000,65.921650,1744,ok
132.000000,65.921650,1745,ok
135.000000,65.921650,1746,ok
138.000000,65.921650,1747,ok
141.000000,65.921650,1748,ok
144.000000,65.921650,1749,ok
147.000000,65.921650,1750,ok
150.000000,65.921650,1751,ok
153.000000,65.921650,1752,ok
156.000000,65.921650,1753,ok
159.000000,65.921650,1754,ok
162.000000,65.921650,1755,ok
165.000000,65.921650,1756,ok
168.000000,65.921650,1757,ok
171.000000,65.921650,1758,ok
174.000000,65.921650,1759,ok
177.000000,65.921650,1760,ok
-180.000000,65.921650,1761,ok
-177.000000,65.921650,1762,ok
-174.000000,65.921650,1763,ok
-165.000000,65.921650,1766,ok
-162.000000,65.921650,1767,ok
-159.000000,65.921650,1768,ok
-156.000000,65.921650,1769,ok
-153.000000,65.921650,1770,ok
-150.000000,65.921650,1771,ok
-147.000000,65.921650,1772,ok
-144.000000,65.921650,1773,ok
-141.000000,65.921650,1774,ok
-138.000000,65.921650,1775,ok
-135.000000,65.921650,1776,ok
-132.000000,65.921650,1777,ok
-129.000000,65.921650,1778,ok
-126.000000,65.921650,1779,ok
-123.000000,65.921650,1780,ok
-120.000000,65.921650,1781,ok
-117.000000,65.921650,1782,ok
-114.000000,65.921650,1783,ok
-111.000000,65.921650,1784,ok
-108.000000,65.921650,1785,ok
-105.000000,65.921650,1786,ok
-102.000000,65.921650,1787,ok
-99.000000,65.921650,1788,ok
-96.000000,65.921650,1789,ok
-93.000000,65.921650,1790,ok
-90.000000,65.921650,1791,ok
-87.000000,65.921650,1792,ok
-72.000000,65.921650,1797,ok
-69.000000,65.921650,1798,ok
-63.000000,65.921650,1800,ok
-51.000000,65.921650,1804,ok
-48.000000,65.921650,1805,ok
-45.000000,65.921650,1806,ok
-42.000000,65.921650,1807,ok
-39.000000,65.921650,1808,ok
-15.000000,65.921650,1816,ok
14.516130,64.986600,1826,ok
17.419360,64.986600,1827,ok
20.322580,64.986600,1828,ok
26.129030,64.986600,1830,ok
29.032260,64.986600,1831,ok
31.935480,64.986600,1832,ok
40.645160,64.986600,1835,ok
43.548390,64.986600,1836,ok
46.451610,64.986600,1837,ok
49.354840,64.986600,1838,ok
52.258060,64.986600,1839,ok
55.161290,64.986600,1840,ok
58.064520,64.986600,1841,ok
60.967740,64.986600,1842,ok
63.870970,64.986600,1843,ok
66.774190,64.986600,1844,ok
69.677420,64.986600,1845,ok
72.580640,64.986600,1846,ok
75.483870,64.986600,1847,ok
78.387100,64.986600,1848,ok
81.290320,64.986600,1849,ok
84.193550,64.986600,1850,ok
87.096770,64.986600,1851,ok
90.000000,64.986600,1852,ok
92.903230,64.986600,1853,ok
95.806450,64.986600,1854,ok
98.709680,64.986600,1855,ok
101.612900,64.986600,1856,ok
104.516130,64.986600,1857,ok
107.419360,64.986600,1858,ok
110.322580,64.986600,1859,ok
113.225810,64.986600,1860,ok
116.129040,64.986600,1861,ok
119.032260,64.986600,1862,ok
121.935490,64.986600,1863,ok
124.838710,64.986600,1864,ok
127.741940,64.986600,1865,ok
130.645160,64.986600,1866,ok
133.548390,64.986600,1867,ok
136.451610,64.986600,1868,ok
139.354840,64.986600,1869,ok
142.258070,64.986600,1870,ok
145.161290,64.986600,1871,ok
148.064510,64.986600,1872,ok
150.967740,64.986600,1873,ok
153.870970,64.986600,1874,ok
156.774200,64.986600,1875,ok
159.677410,64.986600,1876,ok
162.580640,64.986600,1877,ok
165.483870,64.986600,1878,ok
168.387100,64.986600,1879,ok
171.290330,64.986600,1880,ok
174.193540,64.986600,1881,ok
177.096770,64.986600,1882,ok
-174.193540,64.986600,1885,ok
-165.483870,64.986600,1888,ok
-162.580640,64.986600,1889,ok
-159.677410,64.986600,1890,ok
-156.774200,64.986600,1891,ok
-153.870970,64.986600,1892,ok
-150.967740,64.986600,1893,ok
-148.064510,64.986600,1894,ok
-145.161290,64.986600,1895,ok
-142.258070,64.986600,1896,ok
-139.354840,64.986600,1897,ok
-136.451610,64.986600,1898,ok
-133.548390,64.986600,1899,ok
-130.645160,64.986600,1900,ok
-127.741930,64.986600,1901,ok
-124.838710,64.986600,1902,ok
-121.935490,64.986600,1903,ok
-119.032260,64.986600,1904,ok
-116.129030,64.986600,1905,ok
-113.225800,64.986600,1906,ok
-110.322590,64.986600,1907,ok
-107.419360,64.986600,1908,ok
-104.516130,64.986600,1909,ok
-101.612920,64.986600,1910,ok
-98.709690,64.986600,1911,ok
-95.806460,64.986600,1912,ok
-92.903230,64.986600,1913,ok
-90.000000,64.986600,1914,ok
-84.193540,64.986600,1916,ok
-75.483860,64.986600,1919,ok
-72.580660,64.986600,1920,ok
-69.677430,64.986600,1921,ok
-66.774200,64.986600,1922,ok
-49.354830,64.986600,1928,ok
-46.451600,64.986600,1929,ok
-43.548400,64.986600,1930,ok
-20.322570,64.986600,1938,ok
-17.419340,64.986600,1939,ok
-14.516140,64.986600,1940,ok
11.250000,64.051550,1949,ok
14.062500,64.051550,1950,ok
16.875000,64.051550,1951,ok
19.687500,64.051550,1952,ok
25.312500,64.051550,1954,ok
28.125000,64.051550,1955,ok
30.937500,64.051550,1956,ok
33.750000,64.051550,1957,ok
39.375000,64.051550,1959,ok
42.187500,64.051550,1960,ok
45.000000,64.051550,1961,ok
47.812500,64.051550,1962,ok
50.625000,64.051550,1963,ok
53.437500,64.051550,1964,ok
56.250000,64.051550,1965,ok
59.062500,64.051550,1966,ok
61.875000,64.051550,1967,ok
64.687500,64.051550,1968,ok
67.500000,64.051550,1969,ok
70.312500,64.051550,1970,ok
73.125000,64.051550,1971,ok
75.937500,64.051550,1972,ok
78.750000,64.051550,1973,ok
81.562500,64.051550,1974,ok
84.375000,64.051550,1975,ok
87.187500,64.051550,1976,ok
90.000000,64.051550,1977,ok
92.812500,64.051550,1978,ok
95.625000,64.051550,1979,ok
98.437500,64.051550,1980,ok
101.250000,64.051550,1981,ok
104.062500,64.051550,1982,ok
106.875000,64.051550,1983,ok
109.687500,64.051550,1984,ok
112.500000,64.051550,1985,ok
115.312500,64.051550,1986,ok
118.125000,64.051550,1987,ok
120.937500,64.051550,1988,ok
123.750000,64.051550,1989,ok
126.562500,64.051550,1990,ok
129.375000,64.051550,1991,ok
132.187500,64.051550,1992,ok
135.000000,64.051550,1993,ok
137.812500,64.051550,1994,ok
140.625000,64.051550,1995,ok
143.437500,64.051550,1996,ok
146.250000,64.051550,1997,ok
149.062500,64.051550,1998,ok
151.875000,64.051550,1999,ok
154.687500,64.051550,2000,ok
157.500000,64.051550,2001,ok
160.312500,64.051550,2002,ok
163.125000,64.051550,2003,ok
165.937500,64.051550,2004,ok
168.750000,64.051550,2005,ok
171.562500,64.051550,2006,ok
174.375000,64.051550,2007,ok
177.187500,64.051550,2008,ok
-160.312500,64.051550,2016,ok
-157.500000,64.051550,2017,ok
-154.687500,64.051550,2018,ok
-151.875000,64.051550,2019,ok
-149.062500,64.051550,2020,ok
-146.250000,64.051550,2021,ok
-143.437500,64.051550,2022,ok
-140.625000,64.051550,2023,ok
-137.812500,64.051550,2024,ok
-135.000000,64.051550,2025,ok
-132.187500,64.051550,2026,ok
-129.375000,64.051550,2027,ok
-126.562500,64.051550,2028,ok
-123.750000,64.051550,2029,ok
-120.937500,64.051550,2030,ok
-118.125000,64.051550,2031,ok
-115.312500,64.051550,2032,ok
-112.500000,64.051550,2033,ok
-109.687500,64.051550,2034,ok
-106.875000,64.051550,2035,ok
-104.062500,64.051550,2036,ok
-101.250000,64.051550,2037,ok
-98.437500,64.051550,2038,ok
-95.625000,64.051550,2039,ok
-92.812500,64.051550,2040,ok
-90.000000,64.051550,2041,ok
-84.375000,64.051550,2043,ok
-70.312500,64.051550,2048,ok
-67.500000,64.051550,2049,ok
-50.625000,64.051550,2055,ok
-47.812500,64.051550,2056,ok
-45.000000,64.051550,2057,ok
-42.187500,64.051550,2058,ok
-19.687500,64.051550,2066,ok
-16.875000,64.051550,2067,ok
8.181820,63.116500,2076,ok
10.909090,63.116500,2077,ok
13.636360,63.116500,2078,ok
16.363640,63.116500,2079,ok
24.545450,63.116500,2082,ok
27.272730,63.116500,2083,ok
30.000000,63.116500,2084,ok
32.727270,63.116500,2085,ok
35.454540,63.116500,2086,ok
38.181820,63.116500,2087,ok
40.909090,63.116500,2088,ok
43.636360,63.116500,2089,ok
46.363640,63.116500,2090,ok
49.090910,63.116500,2091,ok
51.818180,63.116500,2092,ok
54.545460,63.116500,2093,ok
57.272730,63.116500,2094,ok
60.000000,63.116500,2095,ok
62.727270,63.116500,2096,ok
65.454540,63.116500,2097,ok
68.181820,63.116500,2098,ok
70.909090,63.116500,2099,ok
73.636360,63.116500,2100,ok
76.363640,63.116500,2101,ok
79.090910,63.116500,2102,ok
81.818180,63.116500,2103,ok
84.545460,63.116500,2104,ok
87.272730,63.116500,2105,ok
90.000000,63.116500,2106,ok
92.727270,63.116500,2107,ok
95.454540,63.116500,2108,ok
98.181820,63.116500,2109,ok
100.909090,63.116500,2110,ok
103.636360,63.116500,2111,ok
106.363640,63.116500,2112,ok
109.090910,63.116500,2113,ok
111.818180,63.116500,2114,ok
114.545460,63.116500,2115,ok
117.272730,63.116500,2116,ok
120.000000,63.116500,2117,ok
122.727270,63.116500,2118,ok
125.454540,63.116500,2119,ok
128.181820,63.116500,2120,ok
130.909090,63.116500,2121,ok
133.636370,63.116500,2122,ok
136.363630,63.116500,2123,ok
139.090910,63.116500,2124,ok
141.818180,63.116500,2125,ok
144.545460,63.116500,2126,ok
147.272720,63.116500,2127,ok
150.000000,63.116500,2128,ok
152.727280,63.116500,2129,ok
155.454540,63.116500,2130,ok
158.181820,63.116500,2131,ok
160.909090,63.116500,2132,ok
163.636370,63.116500,2133,ok
166.363630,63.116500,2134,ok
169.090910,63.116500,2135,ok
171.818180,63.116500,2136,ok
174.545460,63.116500,2137,ok
177.272720,63.116500,2138,ok
-160.909090,63.116500,2146,ok
-158.181820,63.116500,2147,ok
-155.454540,63.116500,2148,ok
-152.727280,63.116500,2149,ok
-150.000000,63.116500,2150,ok
-147.272720,63.116500,2151,ok
-144.545460,63.116500,2152,ok
-141.818180,63.116500,2153,ok
-139.090910,63.116500,2154,ok
-136.363630,63.116500,2155,ok
-133.636370,63.116500,2156,ok
-130.909090,63.116500,2157,ok
-128.181820,63.116500,2158,ok
-125.454540,63.116500,2159,ok
-122.727280,63.116500,2160,ok
-120.000000,63.116500,2161,ok
-117.272720,63.116500,2162,ok
-114.545460,63.116500,2163,ok
-111.818180,63.116500,2164,ok
-109.090910,63.116500,2165,ok
-106.363630,63.116500,2166,ok
-103.636350,63.116500,2167,ok
-100.909090,63.116500,2168,ok
-98.181820,63.116500,2169,ok
-95.454560,63.116500,2170,ok
-92.727260,63.116500,2171,ok
-70.909090,63.116500,2179,ok
-68.181820,63.116500,2180,ok
-65.454560,63.116500,2181,ok
-49.090910,63.116500,2187,ok
-46.363650,63.116500,2188,ok
-43.636350,63.116500,2189,ok
7.941180,62.181450,2208,ok
10.588230,62.181450,2209,ok
13.235290,62.181450,2210,ok
15.882350,62.181450,2211,ok
23.823530,62.181450,2214,ok
26.470590,62.181450,2215,ok
29.117650,62.181450,2216,ok
31.764710,62.181450,2217,ok
34.411770,62.181450,2218,ok
37.058820,62.181450,2219,ok
39.705880,62.181450,2220,ok
42.352940,62.181450,2221,ok
45.000000,62.181450,2222,ok
47.647060,62.181450,2223,ok
50.294120,62.181450,2224,ok
52.941180,62.181450,2225,ok
55.588230,62.181450,2226,ok
58.235290,62.181450,2227,ok
60.882350,62.181450,2228,ok
63.529410,62.181450,2229,ok
66.176470,62.181450,2230,ok
68.823530,62.181450,2231,ok
71.470590,62.181450,2232,ok
74.117650,62.181450,2233,ok
76.764710,62.181450,2234,ok
79.411770,62.181450,2235,ok
82.058820,62.181450,2236,ok
84.705880,62.181450,2237,ok
87.352940,62.181450,2238,ok
90.000000,62.181450,2239,ok
92.647060,62.181450,2240,ok
95.294120,62.181450,2241,ok
97.941180,62.181450,2242,ok
100.588230,62.181450,2243,ok
103.235290,62.181450,2244,ok
105.882350,62.181450,2245,ok
108.529410,62.181450,2246,ok
111.176470,62.181450,2247,ok
113.823530,62.181450,2248,ok
116.470590,62.181450,2249,ok
119.117650,62.181450,2250,ok
121.764710,62.181450,2251,ok
124.411770,62.181450,2252,ok
127.058820,62.181450,2253,ok
129.705890,62.181450,2254,ok
132.352940,62.181450,2255,ok
135.000000,62.181450,2256,ok
137.647060,62.181450,2257,ok
140.294110,62.181450,2258,ok
142.941180,62.181450,2259,ok
145.588240,62.181450,2260,ok
148.235290,62.181450,2261,ok
150.882350,62.181450,2262,ok
153.529420,62.181450,2263,ok
156.176470,62.181450,2264,ok
158.823530,62.181450,2265,ok
161.470580,62.181450,2266,ok
166.764710,62.181450,2268,ok
169.411760,62.181450,2269,ok
172.058820,62.181450,2270,ok
174.705890,62.181450,2271,ok
-164.117650,62.181450,2279,ok
-161.470580,62.181450,2280,ok
-158.823530,62.181450,2281,ok
-156.176470,62.181450,2282,ok
-153.529420,62.181450,2283,ok
-150.882350,62.181450,2284,ok
-148.235290,62.181450,2285,ok
-145.588240,62.181450,2286,ok
-142.941180,62.181450,2287,ok
-140.294110,62.181450,2288,ok
-137.647060,62.181450,2289,ok
-135.000000,62.181450,2290,ok
-132.352940,62.181450,2291,ok
-129.705890,62.181450,2292,ok
-127.058820,62.181450,2293,ok
-124.411760,62.181450,2294,ok
-121.764710,62.181450,2295,ok
-119.117650,62.181450,2296,ok
-116.470580,62.181450,2297,ok
-113.823530,62.181450,2298,ok
-111.176470,62.181450,2299,ok
-108.529420,62.181450,2300,ok
-105.882350,62.181450,2301,ok
-103.235290,62.181450,2302,ok
-100.588230,62.181450,2303,ok
-97.941160,62.181450,2304,ok
-95.294130,62.181450,2305,ok
-76.764710,62.181450,2312,ok
-74.117650,62.181450,2313,ok
-47.647060,62.181450,2323,ok
-45.000000,62.181450,2324,ok
7.714290,61.246400,2344,ok
10.285710,61.246400,2345,ok
12.857140,61.246400,2346,ok
15.428570,61.246400,2347,ok
23.142860,61.246400,2350,ok
25.714280,61.246400,2351,ok
28.285720,61.246400,2352,ok
30.857140,61.246400,2353,ok
33.428570,61.246400,2354,ok
36.000000,61.246400,2355,ok
38.571430,61.246400,2356,ok
41.142860,61.246400,2357,ok
43.714290,61.246400,2358,ok
46.285710,61.246400,2359,ok
48.857140,61.246400,2360,ok
51.428570,61.246400,2361,ok
54.000000,61.246400,2362,ok
56.571430,61.246400,2363,ok
59.142860,61.246400,2364,ok
61.714290,61.246400,2365,ok
64.285710,61.246400,2366,ok
66.857140,61.246400,2367,ok
69.428570,61.246400,2368,ok
72.000000,61.246400,2369,ok
74.571430,61.246400,2370,ok
77.142860,61.246400,2371,ok
79.714290,61.246400,2372,ok
82.285710,61.246400,2373,ok
84.857140,61.246400,2374,ok
87.428570,61.246400,2375,ok
90.000000,61.246400,2376,ok
92.571430,61.246400,2377,ok
95.142860,61.246400,2378,ok
97.714290,61.246400,2379,ok
100.285710,61.246400,2380,ok
102.857140,61.246400,2381,ok
105.428570,61.246400,2382,ok
108.000000,61.246400,2383,ok
110.571430,61.246400,2384,ok
113.142860,61.246400,2385,ok
115.714290,61.246400,2386,ok
118.285710,61.246400,2387,ok
120.857140,61.246400,2388,ok
123.428570,61.246400,2389,ok
126.000000,61.246400,2390,ok
128.571430,61.246400,2391,ok
131.142850,61.246400,2392,ok
133.714280,61.246400,2393,ok
136.285720,61.246400,2394,ok
138.857150,61.246400,2395,ok
141.428570,61.246400,2396,ok
144.000000,61.246400,2397,ok
146.571430,61.246400,2398,ok
149.142850,61.246400,2399,ok
151.714280,61.246400,2400,ok
154.285720,61.246400,2401,ok
164.571430,61.246400,2405,ok
167.142850,61.246400,2406,ok
169.714280,61.246400,2407,ok
172.285720,61.246400,2408,ok
-164.571430,61.246400,2417,ok
-162.000000,61.246400,2418,ok
-159.428570,61.246400,2419,ok
-156.857150,61.246400,2420,ok
-154.285720,61.246400,2421,ok
-151.714280,61.246400,2422,ok
-149.142850,61.246400,2423,ok
-146.571430,61.246400,2424,ok
-144.000000,61.246400,2425,ok
-141.428570,61.246400,2426,ok
-138.857150,61.246400,2427,ok
-136.285720,61.246400,2428,ok
-133.714280,61.246400,2429,ok
-131.142850,61.246400,2430,ok
-128.571430,61.246400,2431,ok
-126.000000,61.246400,2432,ok
-123.428570,61.246400,2433,ok
-120.857150,61.246400,2434,ok
-118.285720,61.246400,2435,ok
-115.714280,61.246400,2436,ok
-113.142850,61.246400,2437,ok
-110.571430,61.246400,2438,ok
-108.000000,61.246400,2439,ok
-105.428570,61.246400,2440,ok
-102.857150,61.246400,2441,ok
-100.285710,61.246400,2442,ok
-97.714290,61.246400,2443,ok
-95.142850,61.246400,2444,ok
-77.142850,61.246400,2451,ok
-74.571440,61.246400,2452,ok
-72.000000,61.246400,2453,ok
-46.285710,61.246400,2463,ok
-43.714290,61.246400,2464,ok
7.500000,60.311350,2484,ok
10.000000,60.311350,2485,ok
12.500000,60.311350,2486,ok
15.000000,60.311350,2487,ok
17.500000,60.311350,2488,ok
22.500000,60.311350,2490,ok
25.000000,60.311350,2491,ok
30.000000,60.311350,2493,ok
32.500000,60.311350,2494,ok
35.000000,60.311350,2495,ok
37.500000,60.311350,2496,ok
40.000000,60.311350,2497,ok
42.500000,60.311350,2498,ok
45.000000,60.311350,2499,ok
47.500000,60.311350,2500,ok
50.000000,60.311350,2501,ok
52.500000,60.311350,2502,ok
55.000000,60.311350,2503,ok
57.500000,60.311350,2504,ok
60.000000,60.311350,2505,ok
62.500000,60.311350,2506,ok
65.000000,60.311350,2507,ok
67.500000,60.311350,2508,ok
70.000000,60.311350,2509,ok
72.500000,60.311350,2510,ok
75.000000,60.311350,2511,ok
77.500000,60.311350,2512,ok
80.000000,60.311350,2513,ok
82.500000,60.311350,2514,ok
85.000000,60.311350,2515,ok
87.500000,60.311350,2516,ok
90.000000,60.311350,2517,ok
92.500000,60.311350,2518,ok
95.000000,60.311350,2519,ok
97.500000,60.311350,2520,ok
100.000000,60.311350,2521,ok
102.500000,60.311350,2522,ok
105.000000,60.311350,2523,ok
107.500000,60.311350,2524,ok
110.000000,60.311350,2525,ok
112.500000,60.311350,2526,ok
115.000000,60.311350,2527,ok
117.500000,60.311350,2528,ok
120.000000,60.311350,2529,ok
122.500000,60.311350,2530,ok
125.000000,60.311350,2531,ok
127.500000,60.311350,2532,ok
130.000000,60.311350,2533,ok
132.500000,60.311350,2534,ok
135.000000,60.311350,2535,ok
137.500000,60.311350,2536,ok
140.000000,60.311350,2537,ok
142.500000,60.311350,2538,ok
145.000000,60.311350,2539,ok
147.500000,60.311350,2540,ok
150.000000,60.311350,2541,ok
152.500000,60.311350,2542,ok
162.500000,60.311350,2546,ok
165.000000,60.311350,2547,ok
-162.500000,60.311350,2560,ok
-160.000000,60.311350,2561,ok
-157.500000,60.311350,2562,ok
-155.000000,60.311350,2563,ok
-150.000000,60.311350,2565,ok
-142.500000,60.311350,2568,ok
-140.000000,60.311350,2569,ok
-137.500000,60.311350,2570,ok
-135.000000,60.311350,2571,ok
-132.500000,60.311350,2572,ok
-130.000000,60.311350,2573,ok
-127.500000,60.311350,2574,ok
-125.000000,60.311350,2575,ok
-122.500000,60.311350,2576,ok
-120.000000,60.311350,2577,ok
-117.500000,60.311350,2578,ok
-115.000000,60.311350,2579,ok
-112.500000,60.311350,2580,ok
-110.000000,60.311350,2581,ok
-107.500000,60.311350,2582,ok
-105.000000,60.311350,2583,ok
-102.500000,60.311350,2584,ok
-100.000000,60.311350,2585,ok
-97.500000,60.311350,2586,ok
-95.000000,60.311350,2587,ok
-75.000000,60.311350,2595,ok
-72.500000,60.311350,2596,ok
-70.000000,60.311350,2597,ok
7.297300,59.376300,2628,ok
9.729730,59.376300,2629,ok
12.162160,59.376300,2630,ok
14.594590,59.376300,2631,ok
17.027030,59.376300,2632,ok
26.756760,59.376300,2636,ok
29.189190,59.376300,2637,ok
31.621620,59.376300,2638,ok
34.054050,59.376300,2639,ok
36.486490,59.376300,2640,ok
38.918920,59.376300,2641,ok
41.351350,59.376300,2642,ok
43.783780,59.376300,2643,ok
46.216220,59.376300,2644,ok
48.648650,59.376300,2645,ok
51.081080,59.376300,2646,ok
53.513510,59.376300,2647,ok
55.945950,59.376300,2648,ok
58.378380,59.376300,2649,ok
60.810810,59.376300,2650,ok
63.243240,59.376300,2651,ok
65.675670,59.376300,2652,ok
68.108110,59.376300,2653,ok
70.540540,59.376300,2654,ok
72.972980,59.376300,2655,ok
75.405400,59.376300,2656,ok
77.837840,59.376300,2657,ok
80.270270,59.376300,2658,ok
82.702710,59.376300,2659,ok
85.135130,59.376300,2660,ok
87.567570,59.376300,2661,ok
90.000000,59.376300,2662,ok
92.432430,59.376300,2663,ok
94.864870,59.376300,2664,ok
97.297290,59.376300,2665,ok
99.729730,59.376300,2666,ok
102.162160,59.376300,2667,ok
104.594600,59.376300,2668,ok
107.027020,59.376300,2669,ok
109.459460,59.376300,2670,ok
111.891890,59.376300,2671,ok
114.324330,59.376300,2672,ok
116.756760,59.376300,2673,ok
119.189190,59.376300,2674,ok
121.621620,59.376300,2675,ok
124.054050,59.376300,2676,ok
126.486490,59.376300,2677,ok
128.918910,59.376300,2678,ok
131.351350,59.376300,2679,ok
133.783780,59.376300,2680,ok
136.216220,59.376300,2681,ok
138.648650,59.376300,2682,ok
141.081090,59.376300,2683,ok
153.243240,59.376300,2688,ok
162.972980,59.376300,2692,ok
-160.540540,59.376300,2707,ok
-158.108110,59.376300,2708,ok
-155.675670,59.376300,2709,ok
-138.648650,59.376300,2716,ok
-136.216220,59.376300,2717,ok
-133.783780,59.376300,2718,ok
-131.351350,59.376300,2719,ok
-128.918910,59.376300,2720,ok
-126.486480,59.376300,2721,ok
-124.054050,59.376300,2722,ok
-121.621630,59.376300,2723,ok
-119.189190,59.376300,2724,ok
-116.756760,59.376300,2725,ok
-114.324330,59.376300,2726,ok
-111.891890,59.376300,2727,ok
-109.459460,59.376300,2728,ok
-107.027020,59.376300,2729,ok
-104.594590,59.376300,2730,ok
-102.162170,59.376300,2731,ok
-99.729740,59.376300,2732,ok
-97.297300,59.376300,2733,ok
-75.405400,59.376300,2742,ok
-72.972960,59.376300,2743,ok
-70.540530,59.376300,2744,ok
7.105260,58.441240,2776,ok
11.842100,58.441240,2778,ok
14.210530,58.441240,2779,ok
16.578950,58.441240,2780,ok
26.052630,58.441240,2784,ok
28.421050,58.441240,2785,ok
30.789470,58.441240,2786,ok
33.157890,58.441240,2787,ok
35.526320,58.441240,2788,ok
37.894740,58.441240,2789,ok
40.263160,58.441240,2790,ok
42.631580,58.441240,2791,ok
45.000000,58.441240,2792,ok
47.368420,58.441240,2793,ok
49.736840,58.441240,2794,ok
52.105260,58.441240,2795,ok
54.473680,58.441240,2796,ok
56.842110,58.441240,2797,ok
59.210530,58.441240,2798,ok
61.578950,58.441240,2799,ok
63.947370,58.441240,2800,ok
66.315790,58.441240,2801,ok
68.684210,58.441240,2802,ok
71.052640,58.441240,2803,ok
73.421050,58.441240,2804,ok
75.789470,58.441240,2805,ok
78.157900,58.441240,2806,ok
80.526310,58.441240,2807,ok
82.894740,58.441240,2808,ok
85.263160,58.441240,2809,ok
87.631580,58.441240,2810,ok
90.000000,58.441240,2811,ok
92.368420,58.441240,2812,ok
94.736840,58.441240,2813,ok
97.105260,58.441240,2814,ok
99.473690,58.441240,2815,ok
101.842100,58.441240,2816,ok
104.210530,58.441240,2817,ok
106.578950,58.441240,2818,ok
108.947360,58.441240,2819,ok
111.315790,58.441240,2820,ok
113.684210,58.441240,2821,ok
116.052640,58.441240,2822,ok
118.421050,58.441240,2823,ok
120.789470,58.441240,2824,ok
123.157900,58.441240,2825,ok
125.526310,58.441240,2826,ok
127.894740,58.441240,2827,ok
130.263150,58.441240,2828,ok
132.631580,58.441240,2829,ok
135.000000,58.441240,2830,ok
137.368420,58.441240,2831,ok
139.736850,58.441240,2832,ok
161.052630,58.441240,2841,ok
-156.315800,58.441240,2859,ok
-135.000000,58.441240,2868,ok
-132.631580,58.441240,2869,ok
-130.263150,58.441240,2870,ok
-127.894730,58.441240,2871,ok
-125.526320,58.441240,2872,ok
-123.157900,58.441240,2873,ok
-120.789470,58.441240,2874,ok
-118.421050,58.441240,2875,ok
-116.052630,58.441240,2876,ok
-113.684200,58.441240,2877,ok
-111.315800,58.441240,2878,ok
-108.947370,58.441240,2879,ok
-106.578950,58.441240,2880,ok
-104.210530,58.441240,2881,ok
-101.842100,58.441240,2882,ok
-99.473690,58.441240,2883,ok
-97.105260,58.441240,2884,ok
-94.736850,58.441240,2885,ok
-75.789460,58.441240,2893,ok
-73.421050,58.441240,2894,ok
-71.052640,58.441240,2895,ok
-68.684200,58.441240,2896,ok
-66.315800,58.441240,2897,ok
-63.947360,58.441240,2898,ok
13.846150,57.506190,2931,ok
16.153850,57.506190,2932,ok
25.384610,57.506190,2936,ok
27.692310,57.506190,2937,ok
30.000000,57.506190,2938,ok
32.307690,57.506190,2939,ok
34.615380,57.506190,2940,ok
36.923080,57.506190,2941,ok
39.230770,57.506190,2942,ok
41.538460,57.506190,2943,ok
43.846150,57.506190,2944,ok
46.153850,57.506190,2945,ok
48.461540,57.506190,2946,ok
50.769230,57.506190,2947,ok
53.076920,57.506190,2948,ok
55.384620,57.506190,2949,ok
57.692310,57.506190,2950,ok
60.000000,57.506190,2951,ok
62.307690,57.506190,2952,ok
64.615390,57.506190,2953,ok
66.923080,57.506190,2954,ok
69.230770,57.506190,2955,ok
71.538460,57.506190,2956,ok
73.846150,57.506190,2957,ok
76.153850,57.506190,2958,ok
78.461540,57.506190,2959,ok
80.769230,57.506190,2960,ok
83.076920,57.506190,2961,ok
85.384610,57.506190,2962,ok
87.692310,57.506190,2963,ok
90.000000,57.506190,2964,ok
92.307690,57.506190,2965,ok
94.615390,57.506190,2966,ok
96.923080,57.506190,2967,ok
99.230770,57.506190,2968,ok
101.538460,57.506190,2969,ok
103.846150,57.506190,2970,ok
106.153850,57.506190,2971,ok
108.461540,57.506190,2972,ok
110.769230,57.506190,2973,ok
113.076920,57.506190,2974,ok
115.384610,57.506190,2975,ok
117.692310,57.506190,2976,ok
120.000000,57.506190,2977,ok
122.307690,57.506190,2978,ok
124.615390,57.506190,2979,ok
126.923080,57.506190,2980,ok
129.230770,57.506190,2981,ok
131.538470,57.506190,2982,ok
133.846160,57.506190,2983,ok
136.153840,57.506190,2984,ok
138.461530,57.506190,2985,ok
159.230770,57.506190,2994,ok
161.538470,57.506190,2995,ok
-156.923080,57.506190,3013,ok
-133.846160,57.506190,3023,ok
-131.538470,57.506190,3024,ok
-129.230770,57.506190,3025,ok
-126.923080,57.506190,3026,ok
-124.615390,57.506190,3027,ok
-122.307690,57.506190,3028,ok
-120.000000,57.506190,3029,ok
-117.692310,57.506190,3030,ok
-115.384610,57.506190,3031,ok
-113.076920,57.506190,3032,ok
-110.769230,57.506190,3033,ok
-108.461530,57.506190,3034,ok
-106.153840,57.506190,3035,ok
-103.846160,57.506190,3036,ok
-101.538450,57.506190,3037,ok
-99.230770,57.506190,3038,ok
-96.923070,57.506190,3039,ok
-94.615390,57.506190,3040,ok
-76.153840,57.506190,3048,ok
-73.846160,57.506190,3049,ok
-71.538450,57.506190,3050,ok
-69.230770,57.506190,3051,ok
-66.923070,57.506190,3052,ok
-64.615390,57.506190,3053,ok
-62.307680,57.506190,3054,ok
-4.615390,57.506190,3079,ok
9.000000,56.571140,3085,ok
13.500000,56.571140,3087,ok
15.750000,56.571140,3088,ok
22.500000,56.571140,3091,ok
24.750000,56.571140,3092,ok
27.000000,56.571140,3093,ok
29.250000,56.571140,3094,ok
31.500000,56.571140,3095,ok
33.750000,56.571140,3096,ok
36.000000,56.571140,3097,ok
38.250000,56.571140,3098,ok
40.500000,56.571140,3099,ok
42.750000,56.571140,3100,ok
45.000000,56.571140,3101,ok
47.250000,56.571140,3102,ok
49.500000,56.571140,3103,ok
51.750000,56.571140,3104,ok
54.000000,56.571140,3105,ok
56.250000,56.571140,3106,ok
58.500000,56.571140,3107,ok
60.750000,56.571140,3108,ok
63.000000,56.571140,3109,ok
65.250000,56.571140,3110,ok
67.500000,56.571140,3111,ok
69.750000,56.571140,3112,ok
72.000000,56.571140,3113,ok
74.250000,56.571140,3114,ok
76.500000,56.571140,3115,ok
78.750000,56.571140,3116,ok
81.000000,56.571140,3117,ok
83.250000,56.571140,3118,ok
85.500000,56.571140,3119,ok
87.750000,56.571140,3120,ok
90.000000,56.571140,3121,ok
92.250000,56.571140,3122,ok
94.500000,56.571140,3123,ok
96.750000,56.571140,3124,ok
99.000000,56.571140,3125,ok
101.250000,56.571140,3126,ok
103.500000,56.571140,3127,ok
105.750000,56.571140,3128,ok
108.000000,56.571140,3129,ok
110.250000,56.571140,3130,ok
112.500000,56.571140,3131,ok
114.750000,56.571140,3132,ok
117.000000,56.571140,3133,ok
119.250000,56.571140,3134,ok
121.500000,56.571140,3135,ok
123.750000,56.571140,3136,ok
126.000000,56.571140,3137,ok
128.250000,56.571140,3138,ok
130.500000,56.571140,3139,ok
132.750000,56.571140,3140,ok
135.000000,56.571140,3141,ok
137.250000,56.571140,3142,ok
157.500000,56.571140,3151,ok
159.750000,56.571140,3152,ok
162.000000,56.571140,3153,ok
-132.750000,56.571140,3182,ok
-130.500000,56.571140,3183,ok
-128.250000,56.571140,3184,ok
-126.000000,56.571140,3185,ok
-123.750000,56.571140,3186,ok
-121.500000,56.571140,3187,ok
-119.250000,56.571140,3188,ok
-117.000000,56.571140,3189,ok
-114.750000,56.571140,3190,ok
-112.500000,56.571140,3191,ok
-110.250000,56.571140,3192,ok
-108.000000,56.571140,3193,ok
-105.750000,56.571140,3194,ok
-103.500000,56.571140,3195,ok
-101.250000,56.571140,3196,ok
-99.000000,56.571140,3197,ok
-96.750000,56.571140,3198,ok
-94.500000,56.571140,3199,ok
-92.250000,56.571140,3200,ok
-90.000000,56.571140,3201,ok
-76.500000,56.571140,3207,ok
-74.250000,56.571140,3208,ok
-72.000000,56.571140,3209,ok
-69.750000,56.571140,3210,ok
-67.500000,56.571140,3211,ok
-65.250000,56.571140,3212,ok
-63.000000,56.571140,3213,ok
-4.500000,56.571140,3239,ok
8.780490,55.636080,3245,ok
13.170730,55.636080,3247,ok
21.951220,55.636080,3251,ok
24.146340,55.636080,3252,ok
26.341460,55.636080,3253,ok
28.536580,55.636080,3254,ok
30.731710,55.636080,3255,ok
32.926830,55.636080,3256,ok
35.121950,55.636080,3257,ok
37.317070,55.636080,3258,ok
39.512200,55.636080,3259,ok
41.707320,55.636080,3260,ok
43.902440,55.636080,3261,ok
46.097560,55.636080,3262,ok
48.292680,55.636080,3263,ok
50.487800,55.636080,3264,ok
52.682930,55.636080,3265,ok
54.878050,55.636080,3266,ok
57.073170,55.636080,3267,ok
59.268290,55.636080,3268,ok
61.463410,55.636080,3269,ok
63.658540,55.636080,3270,ok
65.853660,55.636080,3271,ok
68.048780,55.636080,3272,ok
70.243900,55.636080,3273,ok
72.439030,55.636080,3274,ok
74.634150,55.636080,3275,ok
76.829270,55.636080,3276,ok
79.024390,55.636080,3277,ok
81.219510,55.636080,3278,ok
83.414630,55.636080,3279,ok
85.609760,55.636080,3280,ok
87.804880,55.636080,3281,ok
90.000000,55.636080,3282,ok
92.195120,55.636080,3283,ok
94.390240,55.636080,3284,ok
96.585370,55.636080,3285,ok
98.780490,55.636080,3286,ok
100.975610,55.636080,3287,ok
103.170730,55.636080,3288,ok
105.365850,55.636080,3289,ok
107.560970,55.636080,3290,ok
109.756100,55.636080,3291,ok
111.951220,55.636080,3292,ok
114.146340,55.636080,3293,ok
116.341460,55.636080,3294,ok
118.536580,55.636080,3295,ok
120.731700,55.636080,3296,ok
122.926830,55.636080,3297,ok
125.121950,55.636080,3298,ok
127.317070,55.636080,3299,ok
129.512190,55.636080,3300,ok
131.707320,55.636080,3301,ok
133.902440,55.636080,3302,ok
136.097560,55.636080,3303,ok
158.048780,55.636080,3313,ok
160.243900,55.636080,3314,ok
-129.512190,55.636080,3346,ok
-127.317080,55.636080,3347,ok
-125.121950,55.636080,3348,ok
-122.926830,55.636080,3349,ok
-120.731700,55.636080,3350,ok
-118.536590,55.636080,3351,ok
-116.341460,55.636080,3352,ok
-114.146350,55.636080,3353,ok
-111.951220,55.636080,3354,ok
-109.756100,55.636080,3355,ok
-107.560970,55.636080,3356,ok
-105.365860,55.636080,3357,ok
-103.170750,55.636080,3358,ok
-100.975620,55.636080,3359,ok
-98.780490,55.636080,3360,ok
-96.585360,55.636080,3361,ok
-94.390260,55.636080,3362,ok
-92.195130,55.636080,3363,ok
-90.000000,55.636080,3364,ok
-87.804870,55.636080,3365,ok
-76.829250,55.636080,3370,ok
-74.634160,55.636080,3371,ok
-72.439030,55.636080,3372,ok
-70.243900,55.636080,3373,ok
-68.048770,55.636080,3374,ok
-65.853670,55.636080,3375,ok
-63.658540,55.636080,3376,ok
-61.463410,55.636080,3377,ok
-4.390260,55.636080,3403,ok
-2.195130,55.636080,3404,ok
21.428570,54.701030,3415,ok
23.571430,54.701030,3416,ok
25.714280,54.701030,3417,ok
27.857140,54.701030,3418,ok
30.000000,54.701030,3419,ok
32.142860,54.701030,3420,ok
34.285710,54.701030,3421,ok
36.428570,54.701030,3422,ok
38.571430,54.701030,3423,ok
40.714290,54.701030,3424,ok
42.857140,54.701030,3425,ok
45.000000,54.701030,3426,ok
47.142860,54.701030,3427,ok
49.285710,54.701030,3428,ok
51.428570,54.701030,3429,ok
53.571430,54.701030,3430,ok
55.714290,54.701030,3431,ok
57.857140,54.701030,3432,ok
60.000000,54.701030,3433,ok
62.142860,54.701030,3434,ok
64.285710,54.701030,3435,ok
66.428570,54.701030,3436,ok
68.571430,54.701030,3437,ok
70.714290,54.701030,3438,ok
72.857140,54.701030,3439,ok
75.000000,54.701030,3440,ok
77.142860,54.701030,3441,ok
79.285710,54.701030,3442,ok
81.428570,54.701030,3443,ok
83.571430,54.701030,3444,ok
85.714290,54.701030,3445,ok
87.857140,54.701030,3446,ok
90.000000,54.701030,3447,ok
92.142860,54.701030,3448,ok
94.285710,54.701030,3449,ok
96.428570,54.701030,3450,ok
98.571430,54.701030,3451,ok
100.714290,54.701030,3452,ok
102.857140,54.701030,3453,ok
105.000000,54.701030,3454,ok
107.142860,54.701030,3455,ok
109.285710,54.701030,3456,ok
111.428570,54.701030,3457,ok
113.571430,54.701030,3458,ok
115.714290,54.701030,3459,ok
117.857140,54.701030,3460,ok
120.000000,54.701030,3461,ok
122.142860,54.701030,3462,ok
124.285710,54.701030,3463,ok
126.428570,54.701030,3464,ok
128.571430,54.701030,3465,ok
130.714280,54.701030,3466,ok
132.857150,54.701030,3467,ok
135.000000,54.701030,3468,ok
156.428570,54.701030,3478,ok
158.571430,54.701030,3479,ok
160.714280,54.701030,3480,ok
-128.571430,54.701030,3513,ok
-126.428570,54.701030,3514,ok
-124.285720,54.701030,3515,ok
-122.142850,54.701030,3516,ok
-120.000000,54.701030,3517,ok
-117.857150,54.701030,3518,ok
-115.714280,54.701030,3519,ok
-113.571430,54.701030,3520,ok
-111.428570,54.701030,3521,ok
-109.285720,54.701030,3522,ok
-107.142850,54.701030,3523,ok
-105.000000,54.701030,3524,ok
-102.857150,54.701030,3525,ok
-100.714290,54.701030,3526,ok
-98.571440,54.701030,3527,ok
-96.428560,54.701030,3528,ok
-94.285710,54.701030,3529,ok
-92.142850,54.701030,3530,ok
-90.000000,54.701030,3531,ok
-87.857150,54.701030,3532,ok
-85.714290,54.701030,3533,ok
-83.571440,54.701030,3534,ok
-77.142850,54.701030,3537,ok
-75.000000,54.701030,3538,ok
-72.857150,54.701030,3539,ok
-70.714290,54.701030,3540,ok
-68.571440,54.701030,3541,ok
-66.428560,54.701030,3542,ok
-64.285710,54.701030,3543,ok
-62.142850,54.701030,3544,ok
-60.000000,54.701030,3545,ok
-6.428560,54.701030,3570,ok
-2.142850,54.701030,3572,ok
10.465120,53.765970,3578,ok
12.558140,53.765970,3579,ok
14.651160,53.765970,3580,ok
16.744190,53.765970,3581,ok
18.837210,53.765970,3582,ok
20.930230,53.765970,3583,ok
23.023260,53.765970,3584,ok
25.116280,53.765970,3585,ok
27.209300,53.765970,3586,ok
29.302330,53.765970,3587,ok
31.395350,53.765970,3588,ok
33.488370,53.765970,3589,ok
35.581390,53.765970,3590,ok
37.674420,53.765970,3591,ok
39.767440,53.765970,3592,ok
41.860470,53.765970,3593,ok
43.953490,53.765970,3594,ok
46.046510,53.765970,3595,ok
48.139530,53.765970,3596,ok
50.232560,53.765970,3597,ok
52.325580,53.765970,3598,ok
54.418610,53.765970,3599,ok
56.511630,53.765970,3600,ok
58.604650,53.765970,3601,ok
60.697670,53.765970,3602,ok
62.790700,53.765970,3603,ok
64.883720,53.765970,3604,ok
66.976750,53.765970,3605,ok
69.069770,53.765970,3606,ok
71.162790,53.765970,3607,ok
73.255810,53.765970,3608,ok
75.348840,53.765970,3609,ok
77.441860,53.765970,3610,ok
79.534880,53.765970,3611,ok
81.627910,53.765970,3612,ok
83.720930,53.765970,3613,ok
85.813960,53.765970,3614,ok
87.906970,53.765970,3615,ok
90.000000,53.765970,3616,ok
92.093030,53.765970,3617,ok
94.186040,53.765970,3618,ok
96.279070,53.765970,3619,ok
98.372090,53.765970,3620,ok
100.465120,53.765970,3621,ok
102.558140,53.765970,3622,ok
104.651160,53.765970,3623,ok
106.744190,53.765970,3624,ok
108.837210,53.765970,3625,ok
110.930230,53.765970,3626,ok
113.023250,53.765970,3627,ok
115.116280,53.765970,3628,ok
117.209300,53.765970,3629,ok
119.302320,53.765970,3630,ok
121.395350,53.765970,3631,ok
123.488370,53.765970,3632,ok
125.581400,53.765970,3633,ok
127.674420,53.765970,3634,ok
129.767440,53.765970,3635,ok
131.860460,53.765970,3636,ok
133.953490,53.765970,3637,ok
136.046510,53.765970,3638,ok
156.976750,53.765970,3648,ok
159.069760,53.765970,3649,ok
-129.767440,53.765970,3683,ok
-127.674420,53.765970,3684,ok
-125.581390,53.765970,3685,ok
-123.488370,53.765970,3686,ok
-121.395360,53.765970,3687,ok
-119.302320,53.765970,3688,ok
-117.209300,53.765970,3689,ok
-115.116270,53.765970,3690,ok
-113.023250,53.765970,3691,ok
-110.930240,53.765970,3692,ok
-108.837200,53.765970,3693,ok
-106.744190,53.765970,3694,ok
-104.651170,53.765970,3695,ok
-102.558140,53.765970,3696,ok
-100.465120,53.765970,3697,ok
-98.372100,53.765970,3698,ok
-96.279080,53.765970,3699,ok
-94.186040,53.765970,3700,ok
-92.093020,53.765970,3701,ok
-90.000000,53.765970,3702,ok
-87.906980,53.765970,3703,ok
-85.813960,53.765970,3704,ok
-83.720920,53.765970,3705,ok
-77.441860,53.765970,3708,ok
-75.348850,53.765970,3709,ok
-73.255830,53.765970,3710,ok
-71.162780,53.765970,3711,ok
-69.069760,53.765970,3712,ok
-66.976750,53.765970,3713,ok
-64.883730,53.765970,3714,ok
-62.790710,53.765970,3715,ok
-60.697660,53.765970,3716,ok
-58.604640,53.765970,3717,ok
-8.372100,53.765970,3741,ok
-2.093020,53.765970,3744,ok
0.000000,52.830910,3745,ok
6.136360,52.830910,3748,ok
8.181820,52.830910,3749,ok
10.227270,52.830910,3750,ok
12.272730,52.830910,3751,ok
14.318180,52.830910,3752,ok
16.363640,52.830910,3753,ok
18.409090,52.830910,3754,ok
20.454550,52.830910,3755,ok
22.500000,52.830910,3756,ok
24.545450,52.830910,3757,ok
26.590910,52.830910,3758,ok
28.636360,52.830910,3759,ok
30.681820,52.830910,3760,ok
32.727270,52.830910,3761,ok
34.772730,52.830910,3762,ok
36.818180,52.830910,3763,ok
38.863640,52.830910,3764,ok
40.909090,52.830910,3765,ok
42.954540,52.830910,3766,ok
45.000000,52.830910,3767,ok
47.045460,52.830910,3768,ok
49.090910,52.830910,3769,ok
51.136360,52.830910,3770,ok
53.181820,52.830910,3771,ok
55.227270,52.830910,3772,ok
57.272730,52.830910,3773,ok
59.318180,52.830910,3774,ok
61.363640,52.830910,3775,ok
63.409090,52.830910,3776,ok
65.454540,52.830910,3777,ok
67.500000,52.830910,3778,ok
69.545460,52.830910,3779,ok
71.590910,52.830910,3780,ok
73.636360,52.830910,3781,ok
75.681820,52.830910,3782,ok
77.727270,52.830910,3783,ok
79.772730,52.830910,3784,ok
81.818180,52.830910,3785,ok
83.863640,52.830910,3786,ok
85.909090,52.830910,3787,ok
87.954540,52.830910,3788,ok
90.000000,52.830910,3789,ok
92.045460,52.830910,3790,ok
94.090910,52.830910,3791,ok
96.136360,52.830910,3792,ok
98.181820,52.830910,3793,ok
100.227270,52.830910,3794,ok
102.272730,52.830910,3795,ok
104.318180,52.830910,3796,ok
106.363640,52.830910,3797,ok
108.409090,52.830910,3798,ok
110.454540,52.830910,3799,ok
112.500000,52.830910,3800,ok
114.545460,52.830910,3801,ok
116.590910,52.830910,3802,ok
118.636360,52.830910,3803,ok
120.681820,52.830910,3804,ok
122.727270,52.830910,3805,ok
124.772730,52.830910,3806,ok
126.818180,52.830910,3807,ok
128.863630,52.830910,3808,ok
130.909090,52.830910,3809,ok
132.954540,52.830910,3810,ok
135.000000,52.830910,3811,ok
137.045460,52.830910,3812,ok
139.090910,52.830910,3813,ok
157.500000,52.830910,3822,ok
-126.818180,52.830910,3859,ok
-124.772720,52.830910,3860,ok
-122.727280,52.830910,3861,ok
-120.681820,52.830910,3862,ok
-118.636370,52.830910,3863,ok
-116.590910,52.830910,3864,ok
-114.545460,52.830910,3865,ok
-112.500000,52.830910,3866,ok
-110.454540,52.830910,3867,ok
-108.409090,52.830910,3868,ok
-106.363630,52.830910,3869,ok
-104.318180,52.830910,3870,ok
-102.272740,52.830910,3871,ok
-100.227260,52.830910,3872,ok
-98.181820,52.830910,3873,ok
-96.136350,52.830910,3874,ok
-94.090910,52.830910,3875,ok
-92.045440,52.830910,3876,ok
-90.000000,52.830910,3877,ok
-87.954560,52.830910,3878,ok
-85.909090,52.830910,3879,ok
-83.863650,52.830910,3880,ok
-77.727260,52.830910,3883,ok
-75.681820,52.830910,3884,ok
-73.636350,52.830910,3885,ok
-71.590910,52.830910,3886,ok
-69.545440,52.830910,3887,ok
-67.500000,52.830910,3888,ok
-65.454560,52.830910,3889,ok
-63.409090,52.830910,3890,ok
-61.363650,52.830910,3891,ok
-59.318180,52.830910,3892,ok
-57.272740,52.830910,3893,ok
-8.181820,52.830910,3917,ok
-2.045440,52.830910,3920,ok
0.000000,51.895860,3921,ok
6.000000,51.895860,3924,ok
8.000000,51.895860,3925,ok
10.000000,51.895860,3926,ok
12.000000,51.895860,3927,ok
14.000000,51.895860,3928,ok
16.000000,51.895860,3929,ok
18.000000,51.895860,3930,ok
20.000000,51.895860,3931,ok
22.000000,51.895860,3932,ok
24.000000,51.895860,3933,ok
26.000000,51.895860,3934,ok
28.000000,51.895860,3935,ok
30.000000,51.895860,3936,ok
32.000000,51.895860,3937,ok
34.000000,51.895860,3938,ok
36.000000,51.895860,3939,ok
38.000000,51.895860,3940,ok
40.000000,51.895860,3941,ok
42.000000,51.895860,3942,ok
44.000000,51.895860,3943,ok
46.000000,51.895860,3944,ok
48.000000,51.895860,3945,ok
50.000000,51.895860,3946,ok
52.000000,51.895860,3947,ok
54.000000,51.895860,3948,ok
56.000000,51.895860,3949,ok
58.000000,51.895860,3950,ok
60.000000,51.895860,3951,ok
62.000000,51.895860,3952,ok
64.000000,51.895860,3953,ok
66.000000,51.895860,3954,ok
68.000000,51.895860,3955,ok
70.000000,51.895860,3956,ok
72.000000,51.895860,3957,ok
74.000000,51.895860,3958,ok
76.000000,51.895860,3959,ok
78.000000,51.895860,3960,ok
80.000000,51.895860,3961,ok
82.000000,51.895860,3962,ok
84.000000,51.895860,3963,ok
86.000000,51.895860,3964,ok
88.000000,51.895860,3965,ok
90.000000,51.895860,3966,ok
92.000000,51.895860,3967,ok
94.000000,51.895860,3968,ok
96.000000,51.895860,3969,ok
98.000000,51.895860,3970,ok
100.000000,51.895860,3971,ok
102.000000,51.895860,3972,ok
104.000000,51.895860,3973,ok
106.000000,51.895860,3974,ok
108.000000,51.895860,3975,ok
110.000000,51.895860,3976,ok
112.000000,51.895860,3977,ok
114.000000,51.895860,3978,ok
116.000000,51.895860,3979,ok
118.000000,51.895860,3980,ok
120.000000,51.895860,3981,ok
122.000000,51.895860,3982,ok
124.000000,51.895860,3983,ok
126.000000,51.895860,3984,ok
128.000000,51.895860,3985,ok
130.000000,51.895860,3986,ok
132.000000,51.895860,3987,ok
134.000000,51.895860,3988,ok
136.000000,51.895860,3989,ok
138.000000,51.895860,3990,ok
140.000000,51.895860,3991,ok
-128.000000,51.895860,4037,ok
-126.000000,51.895860,4038,ok
-124.000000,51.895860,4039,ok
-122.000000,51.895860,4040,ok
-120.000000,51.895860,4041,ok
-118.000000,51.895860,4042,ok
-116.000000,51.895860,4043,ok
-114.000000,51.895860,4044,ok
-112.000000,51.895860,4045,ok
-110.000000,51.895860,4046,ok
-108.000000,51.895860,4047,ok
-106.000000,51.895860,4048,ok
-104.000000,51.895860,4049,ok
-102.000000,51.895860,4050,ok
-100.000000,51.895860,4051,ok
-98.000000,51.895860,4052,ok
-96.000000,51.895860,4053,ok
-94.000000,51.895860,4054,ok
-92.000000,51.895860,4055,ok
-90.000000,51.895860,4056,ok
-88.000000,51.895860,4057,ok
-86.000000,51.895860,4058,ok
-84.000000,51.895860,4059,ok
-82.000000,51.895860,4060,ok
-78.000000,51.895860,4062,ok
-76.000000,51.895860,4063,ok
-74.000000,51.895860,4064,ok
-72.000000,51.895860,4065,ok
-70.000000,51.895860,4066,ok
-68.000000,51.895860,4067,ok
-66.000000,51.895860,4068,ok
-64.000000,51.895860,4069,ok
-62.000000,51.895860,4070,ok
-60.000000,51.895860,4071,ok
-58.000000,51.895860,4072,ok
-4.000000,51.895860,4099,ok
-2.000000,51.895860,4100,ok
0.000000,50.960800,4101,ok
3.913040,50.960800,4103,ok
5.869570,50.960800,4104,ok
7.826090,50.960800,4105,ok
9.782610,50.960800,4106,ok
11.739130,50.960800,4107,ok
13.695650,50.960800,4108,ok
15.652170,50.960800,4109,ok
17.608700,50.960800,4110,ok
19.565220,50.960800,4111,ok
21.521740,50.960800,4112,ok
23.478260,50.960800,4113,ok
25.434780,50.960800,4114,ok
27.391300,50.960800,4115,ok
29.347830,50.960800,4116,ok
31.304350,50.960800,4117,ok
33.260870,50.960800,4118,ok
35.217390,50.960800,4119,ok
37.173910,50.960800,4120,ok
39.130440,50.960800,4121,ok
41.086960,50.960800,4122,ok
43.043480,50.960800,4123,ok
45.000000,50.960800,4124,ok
46.956520,50.960800,4125,ok
48.913040,50.960800,4126,ok
50.869560,50.960800,4127,ok
52.826090,50.960800,4128,ok
54.782610,50.960800,4129,ok
56.739130,50.960800,4130,ok
58.695650,50.960800,4131,ok
60.652170,50.960800,4132,ok
62.608700,50.960800,4133,ok
64.565220,50.960800,4134,ok
66.521740,50.960800,4135,ok
68.478260,50.960800,4136,ok
70.434780,50.960800,4137,ok
72.391300,50.960800,4138,ok
74.347820,50.960800,4139,ok
76.304340,50.960800,4140,ok
78.260870,50.960800,4141,ok
80.217390,50.960800,4142,ok
82.173910,50.960800,4143,ok
84.130430,50.960800,4144,ok
86.086960,50.960800,4145,ok
88.043480,50.960800,4146,ok
90.000000,50.960800,4147,ok
91.956520,50.960800,4148,ok
93.913040,50.960800,4149,ok
95.869570,50.960800,4150,ok
97.826090,50.960800,4151,ok
99.782610,50.960800,4152,ok
101.739130,50.960800,4153,ok
103.695660,50.960800,4154,ok
105.652180,50.960800,4155,ok
107.608700,50.960800,4156,ok
109.565220,50.960800,4157,ok
111.521740,50.960800,4158,ok
113.478260,50.960800,4159,ok
115.434780,50.960800,4160,ok
117.391300,50.960800,4161,ok
119.347820,50.960800,4162,ok
121.304340,50.960800,4163,ok
123.260870,50.960800,4164,ok
125.217390,50.960800,4165,ok
127.173910,50.960800,4166,ok
129.130430,50.960800,4167,ok
131.086960,50.960800,4168,ok
133.043470,50.960800,4169,ok
135.000000,50.960800,4170,ok
136.956530,50.960800,4171,ok
138.913040,50.960800,4172,ok
142.826080,50.960800,4174,ok
-127.173920,50.960800,4220,ok
-125.217390,50.960800,4221,ok
-123.260860,50.960800,4222,ok
-121.304350,50.960800,4223,ok
-119.347820,50.960800,4224,ok
-117.391310,50.960800,4225,ok
-115.434780,50.960800,4226,ok
-113.478260,50.960800,4227,ok
-111.521740,50.960800,4228,ok
-109.565220,50.960800,4229,ok
-107.608690,50.960800,4230,ok
-105.652180,50.960800,4231,ok
-103.695650,50.960800,4232,ok
-101.739140,50.960800,4233,ok
-99.782620,50.960800,4234,ok
-97.826080,50.960800,4235,ok
-95.869570,50.960800,4236,ok
-93.913060,50.960800,4237,ok
-91.956510,50.960800,4238,ok
-90.000000,50.960800,4239,ok
-88.043490,50.960800,4240,ok
-86.086940,50.960800,4241,ok
-84.130430,50.960800,4242,ok
-82.173920,50.960800,4243,ok
-80.217380,50.960800,4244,ok
-78.260860,50.960800,4245,ok
-76.304350,50.960800,4246,ok
-74.347840,50.960800,4247,ok
-72.391300,50.960800,4248,ok
-70.434780,50.960800,4249,ok
-68.478270,50.960800,4250,ok
-66.521730,50.960800,4251,ok
-64.565220,50.960800,4252,ok
-62.608700,50.960800,4253,ok
-60.652160,50.960800,4254,ok
-3.913060,50.960800,4283,ok
-1.956510,50.960800,4284,ok
1.914890,50.025740,4286,ok
3.829790,50.025740,4287,ok
5.744680,50.025740,4288,ok
7.659570,50.025740,4289,ok
9.574470,50.025740,4290,ok
11.489360,50.025740,4291,ok
13.404250,50.025740,4292,ok
15.319150,50.025740,4293,ok
17.234040,50.025740,4294,ok
19.148940,50.025740,4295,ok
21.063830,50.025740,4296,ok
22.978720,50.025740,4297,ok
24.893620,50.025740,4298,ok
26.808510,50.025740,4299,ok
28.723400,50.025740,4300,ok
30.638300,50.025740,4301,ok
32.553190,50.025740,4302,ok
34.468090,50.025740,4303,ok
36.382980,50.025740,4304,ok
38.297870,50.025740,4305,ok
40.212760,50.025740,4306,ok
42.127660,50.025740,4307,ok
44.042550,50.025740,4308,ok
45.957450,50.025740,4309,ok
47.872340,50.025740,4310,ok
49.787240,50.025740,4311,ok
51.702130,50.025740,4312,ok
53.617020,50.025740,4313,ok
55.531910,50.025740,4314,ok
57.446810,50.025740,4315,ok
59.361700,50.025740,4316,ok
61.276600,50.025740,4317,ok
63.191490,50.025740,4318,ok
65.106380,50.025740,4319,ok
67.021280,50.025740,4320,ok
68.936170,50.025740,4321,ok
70.851070,50.025740,4322,ok
72.765960,50.025740,4323,ok
74.680850,50.025740,4324,ok
76.595740,50.025740,4325,ok
78.510640,50.025740,4326,ok
80.425530,50.025740,4327,ok
82.340420,50.025740,4328,ok
84.255320,50.025740,4329,ok
86.170210,50.025740,4330,ok
88.085110,50.025740,4331,ok
90.000000,50.025740,4332,ok
91.914890,50.025740,4333,ok
93.829790,50.025740,4334,ok
95.744680,50.025740,4335,ok
97.659580,50.025740,4336,ok
99.574470,50.025740,4337,ok
101.489360,50.025740,4338,ok
103.404260,50.025740,4339,ok
105.319150,50.025740,4340,ok
107.234040,50.025740,4341,ok
109.148930,50.025740,4342,ok
111.063830,50.025740,4343,ok
112.978720,50.025740,4344,ok
114.893620,50.025740,4345,ok
116.808510,50.025740,4346,ok
118.723400,50.025740,4347,ok
120.638300,50.025740,4348,ok
122.553190,50.025740,4349,ok
124.468090,50.025740,4350,ok
126.382980,50.025740,4351,ok
128.297870,50.025740,4352,ok
130.212770,50.025740,4353,ok
132.127660,50.025740,4354,ok
134.042560,50.025740,4355,ok
135.957440,50.025740,4356,ok
137.872340,50.025740,4357,ok
139.787230,50.025740,4358,ok
143.617020,50.025740,4360,ok
-126.382980,50.025740,4407,ok
-124.468080,50.025740,4408,ok
-122.553190,50.025740,4409,ok
-120.638290,50.025740,4410,ok
-118.723400,50.025740,4411,ok
-116.808520,50.025740,4412,ok
-114.893620,50.025740,4413,ok
-112.978730,50.025740,4414,ok
-111.063830,50.025740,4415,ok
-109.148940,50.025740,4416,ok
-107.234040,50.025740,4417,ok
-105.319150,50.025740,4418,ok
-103.404270,50.025740,4419,ok
-101.489350,50.025740,4420,ok
-99.574460,50.025740,4421,ok
-97.659580,50.025740,4422,ok
-95.744690,50.025740,4423,ok
-93.829770,50.025740,4424,ok
-91.914890,50.025740,4425,ok
-90.000000,50.025740,4426,ok
-88.085110,50.025740,4427,ok
-86.170230,50.025740,4428,ok
-84.255310,50.025740,4429,ok
-82.340420,50.025740,4430,ok
-80.425540,50.025740,4431,ok
-78.510650,50.025740,4432,ok
-76.595730,50.025740,4433,ok
-74.680850,50.025740,4434,ok
-72.765960,50.025740,4435,ok
-70.851070,50.025740,4436,ok
-68.936160,50.025740,4437,ok
-67.021270,50.025740,4438,ok
-57.446810,50.025740,4443,ok
0.000000,49.090690,4473,ok
1.875000,49.090690,4474,ok
3.750000,49.090690,4475,ok
5.625000,49.090690,4476,ok
7.500000,49.090690,4477,ok
9.375000,49.090690,4478,ok
11.250000,49.090690,4479,ok
13.125000,49.090690,4480,ok
15.000000,49.090690,4481,ok
16.875000,49.090690,4482,ok
18.750000,49.090690,4483,ok
20.625000,49.090690,4484,ok
22.500000,49.090690,4485,ok
24.375000,49.090690,4486,ok
26.250000,49.090690,4487,ok
28.125000,49.090690,4488,ok
30.000000,49.090690,4489,ok
31.875000,49.090690,4490,ok
33.750000,49.090690,4491,ok
35.625000,49.090690,4492,ok
37.500000,49.090690,4493,ok
39.375000,49.090690,4494,ok
41.250000,49.090690,4495,ok
43.125000,49.090690,4496,ok
45.000000,49.090690,4497,ok
46.875000,49.090690,4498,ok
48.750000,49.090690,4499,ok
50.625000,49.090690,4500,ok
52.500000,49.090690,4501,ok
54.375000,49.090690,4502,ok
56.250000,49.090690,4503,ok
58.125000,49.090690,4504,ok
60.000000,49.090690,4505,ok
61.875000,49.090690,4506,ok
63.750000,49.090690,4507,ok
65.625000,49.090690,4508,ok
67.500000,49.090690,4509,ok
69.375000,49.090690,4510,ok
71.250000,49.090690,4511,ok
73.125000,49.090690,4512,ok
75.000000,49.090690,4513,ok
76.875000,49.090690,4514,ok
78.750000,49.090690,4515,ok
80.625000,49.090690,4516,ok
82.500000,49.090690,4517,ok
84.375000,49.090690,4518,ok
86.250000,49.090690,4519,ok
88.125000,49.090690,4520,ok
90.000000,49.090690,4521,ok
91.875000,49.090690,4522,ok
93.750000,49.090690,4523,ok
95.625000,49.090690,4524,ok
97.500000,49.090690,4525,ok
99.375000,49.090690,4526,ok
101.250000,49.090690,4527,ok
103.125000,49.090690,4528,ok
105.000000,49.090690,4529,ok
106.875000,49.090690,4530,ok
108.750000,49.090690,4531,ok
110.625000,49.090690,4532,ok
112.500000,49.090690,4533,ok
114.375000,49.090690,4534,ok
116.250000,49.090690,4535,ok
118.125000,49.090690,4536,ok
120.000000,49.090690,4537,ok
121.875000,49.090690,4538,ok
123.750000,49.090690,4539,ok
125.625000,49.090690,4540,ok
127.500000,49.090690,4541,ok
129.375000,49.090690,4542,ok
131.250000,49.090690,4543,ok
133.125000,49.090690,4544,ok
135.000000,49.090690,4545,ok
136.875000,49.090690,4546,ok
138.750000,49.090690,4547,ok
142.500000,49.090690,4549,ok
-121.875000,49.090690,4600,ok
-120.000000,49.090690,4601,ok
-118.125000,49.090690,4602,ok
-116.250000,49.090690,4603,ok
-114.375000,49.090690,4604,ok
-112.500000,49.090690,4605,ok
-110.625000,49.090690,4606,ok
-108.750000,49.090690,4607,ok
-106.875000,49.090690,4608,ok
-105.000000,49.090690,4609,ok
-103.125000,49.090690,4610,ok
-101.250000,49.090690,4611,ok
-99.375000,49.090690,4612,ok
-97.500000,49.090690,4613,ok
-95.625000,49.090690,4614,ok
-93.750000,49.090690,4615,ok
-91.875000,49.090690,4616,ok
-90.000000,49.090690,4617,ok
-88.125000,49.090690,4618,ok
-86.250000,49.090690,4619,ok
-84.375000,49.090690,4620,ok
-82.500000,49.090690,4621,ok
-80.625000,49.090690,4622,ok
-78.750000,49.090690,4623,ok
-76.875000,49.090690,4624,ok
-75.000000,49.090690,4625,ok
-73.125000,49.090690,4626,ok
-71.250000,49.090690,4627,ok
-69.375000,49.090690,4628,ok
-65.625000,49.090690,4630,ok
-56.250000,49.090690,4635,ok
-54.375000,49.090690,4636,ok
0.000000,48.155630,4665,ok
1.836730,48.155630,4666,ok
3.673470,48.155630,4667,ok
5.510200,48.155630,4668,ok
7.346940,48.155630,4669,ok
9.183670,48.155630,4670,ok
11.020410,48.155630,4671,ok
12.857140,48.155630,4672,ok
14.693880,48.155630,4673,ok
16.530610,48.155630,4674,ok
18.367350,48.155630,4675,ok
20.204080,48.155630,4676,ok
22.040820,48.155630,4677,ok
23.877550,48.155630,4678,ok
25.714280,48.155630,4679,ok
27.551020,48.155630,4680,ok
29.387750,48.155630,4681,ok
31.224490,48.155630,4682,ok
33.061230,48.155630,4683,ok
34.897960,48.155630,4684,ok
36.734700,48.155630,4685,ok
38.571430,48.155630,4686,ok
40.408160,48.155630,4687,ok
42.244900,48.155630,4688,ok
44.081630,48.155630,4689,ok
45.918370,48.155630,4690,ok
47.755100,48.155630,4691,ok
49.591840,48.155630,4692,ok
51.428570,48.155630,4693,ok
53.265300,48.155630,4694,ok
55.102040,48.155630,4695,ok
56.938770,48.155630,4696,ok
58.775510,48.155630,4697,ok
60.612240,48.155630,4698,ok
62.448980,48.155630,4699,ok
64.285710,48.155630,4700,ok
66.122450,48.155630,4701,ok
67.959180,48.155630,4702,ok
69.795920,48.155630,4703,ok
71.632650,48.155630,4704,ok
73.469390,48.155630,4705,ok
75.306120,48.155630,4706,ok
77.142860,48.155630,4707,ok
78.979590,48.155630,4708,ok
80.816330,48.155630,4709,ok
82.653060,48.155630,4710,ok
84.489800,48.155630,4711,ok
86.326530,48.155630,4712,ok
88.163270,48.155630,4713,ok
90.000000,48.155630,4714,ok
91.836730,48.155630,4715,ok
93.673470,48.155630,4716,ok
95.510200,48.155630,4717,ok
97.346940,48.155630,4718,ok
99.183670,48.155630,4719,ok
101.020410,48.155630,4720,ok
102.857140,48.155630,4721,ok
104.693880,48.155630,4722,ok
106.530610,48.155630,4723,ok
108.367350,48.155630,4724,ok
110.204080,48.155630,4725,ok
112.040820,48.155630,4726,ok
113.877550,48.155630,4727,ok
115.714290,48.155630,4728,ok
117.551020,48.155630,4729,ok
119.387760,48.155630,4730,ok
121.224490,48.155630,4731,ok
123.061230,48.155630,4732,ok
124.897960,48.155630,4733,ok
126.734700,48.155630,4734,ok
128.571430,48.155630,4735,ok
130.408160,48.155630,4736,ok
132.244900,48.155630,4737,ok
134.081630,48.155630,4738,ok
135.918370,48.155630,4739,ok
137.755100,48.155630,4740,ok
-121.224490,48.155630,4795,ok
-119.387760,48.155630,4796,ok
-117.551030,48.155630,4797,ok
-115.714280,48.155630,4798,ok
-113.877550,48.155630,4799,ok
-112.040820,48.155630,4800,ok
-110.204090,48.155630,4801,ok
-108.367340,48.155630,4802,ok
-106.530610,48.155630,4803,ok
-104.693880,48.155630,4804,ok
-102.857150,48.155630,4805,ok
-101.020420,48.155630,4806,ok
-99.183690,48.155630,4807,ok
-97.346920,48.155630,4808,ok
-95.510190,48.155630,4809,ok
-93.673460,48.155630,4810,ok
-91.836730,48.155630,4811,ok
-90.000000,48.155630,4812,ok
-88.163270,48.155630,4813,ok
-86.326540,48.155630,4814,ok
-84.489810,48.155630,4815,ok
-82.653080,48.155630,4816,ok
-80.816310,48.155630,4817,ok
-78.979580,48.155630,4818,ok
-77.142850,48.155630,4819,ok
-75.306120,48.155630,4820,ok
-73.469390,48.155630,4821,ok
-71.632660,48.155630,4822,ok
-69.795930,48.155630,4823,ok
-67.959200,48.155630,4824,ok
-66.122440,48.155630,4825,ok
-58.775510,48.155630,4829,ok
-56.938780,48.155630,4830,ok
-55.102050,48.155630,4831,ok
-3.673460,48.155630,4859,ok
-1.836730,48.155630,4860,ok
0.000000,47.220570,4861,ok
1.800000,47.220570,4862,ok
3.600000,47.220570,4863,ok
5.400000,47.220570,4864,ok
7.200000,47.220570,4865,ok
9.000000,47.220570,4866,ok
10.800000,47.220570,4867,ok
12.600000,47.220570,4868,ok
14.400000,47.220570,4869,ok
16.200000,47.220570,4870,ok
18.000000,47.220570,4871,ok
19.800000,47.220570,4872,ok
21.600000,47.220570,4873,ok
23.400000,47.220570,4874,ok
25.200000,47.220570,4875,ok
27.000000,47.220570,4876,ok
28.800000,47.220570,4877,ok
30.600000,47.220570,4878,ok
32.400000,47.220570,4879,ok
34.200000,47.220570,4880,ok
36.000000,47.220570,4881,ok
37.800000,47.220570,4882,ok
39.600000,47.220570,4883,ok
41.400000,47.220570,4884,ok
43.200000,47.220570,4885,ok
45.000000,47.220570,4886,ok
46.800000,47.220570,4887,ok
48.600000,47.220570,4888,ok
50.400000,47.220570,4889,ok
52.200000,47.220570,4890,ok
54.000000,47.220570,4891,ok
55.800000,47.220570,4892,ok
57.600000,47.220570,4893,ok
59.400000,47.220570,4894,ok
61.200000,47.220570,4895,ok
63.000000,47.220570,4896,ok
64.800000,47.220570,4897,ok
66.600000,47.220570,4898,ok
68.400000,47.220570,4899,ok
70.200000,47.220570,4900,ok
72.000000,47.220570,4901,ok
73.800000,47.220570,4902,ok
75.600000,47.220570,4903,ok
77.400000,47.220570,4904,ok
79.200000,47.220570,4905,ok
81.000000,47.220570,4906,ok
82.800000,47.220570,4907,ok
84.600000,47.220570,4908,ok
86.400000,47.220570,4909,ok
88.200000,47.220570,4910,ok
90.000000,47.220570,4911,ok
91.800000,47.220570,4912,ok
93.600000,47.220570,4913,ok
95.400000,47.220570,4914,ok
97.200000,47.220570,4915,ok
99.000000,47.220570,4916,ok
100.800000,47.220570,4917,ok
102.600000,47.220570,4918,ok
104.400000,47.220570,4919,ok
106.200000,47.220570,4920,ok
108.000000,47.220570,4921,ok
109.800000,47.220570,4922,ok
111.600000,47.220570,4923,ok
113.400000,47.220570,4924,ok
115.200000,47.220570,4925,ok
117.000000,47.220570,4926,ok
118.800000,47.220570,4927,ok
120.600000,47.220570,4928,ok
122.400000,47.220570,4929,ok
124.200000,47.220570,4930,ok
126.000000,47.220570,4931,ok
127.800000,47.220570,4932,ok
129.600010,47.220570,4933,ok
131.399990,47.220570,4934,ok
133.200000,47.220570,4935,ok
135.000000,47.220570,4936,ok
136.800000,47.220570,4937,ok
142.200000,47.220570,4940,ok
-124.200000,47.220570,4992,ok
-122.399990,47.220570,4993,ok
-120.600010,47.220570,4994,ok
-118.800000,47.220570,4995,ok
-117.000000,47.220570,4996,ok
-115.200000,47.220570,4997,ok
-113.399990,47.220570,4998,ok
-111.600010,47.220570,4999,ok
-109.800000,47.220570,5000,ok
-108.000000,47.220570,5001,ok
-106.200000,47.220570,5002,ok
-104.399990,47.220570,5003,ok
-102.600010,47.220570,5004,ok
-100.799990,47.220570,5005,ok
-99.000000,47.220570,5006,ok
-97.200010,47.220570,5007,ok
-95.399990,47.220570,5008,ok
-93.600010,47.220570,5009,ok
-91.799990,47.220570,5010,ok
-90.000000,47.220570,5011,ok
-88.200010,47.220570,5012,ok
-86.399990,47.220570,5013,ok
-84.600010,47.220570,5014,ok
-82.799990,47.220570,5015,ok
-81.000000,47.220570,5016,ok
-79.200010,47.220570,5017,ok
-77.399990,47.220570,5018,ok
-75.600010,47.220570,5019,ok
-73.799990,47.220570,5020,ok
-72.000000,47.220570,5021,ok
-70.200010,47.220570,5022,ok
-68.399990,47.220570,5023,ok
-66.600010,47.220570,5024,ok
-1.799990,47.220570,5060,ok
0.000000,46.285510,5061,ok
1.764710,46.285510,5062,ok
3.529410,46.285510,5063,ok
5.294120,46.285510,5064,ok
7.058820,46.285510,5065,ok
8.823530,46.285510,5066,ok
10.588230,46.285510,5067,ok
12.352940,46.285510,5068,ok
14.117650,46.285510,5069,ok
15.882350,46.285510,5070,ok
17.647060,46.285510,5071,ok
19.411760,46.285510,5072,ok
21.176470,46.285510,5073,ok
22.941180,46.285510,5074,ok
24.705880,46.285510,5075,ok
26.470590,46.285510,5076,ok
28.235290,46.285510,5077,ok
30.000000,46.285510,5078,ok
33.529410,46.285510,5080,ok
38.823530,46.285510,5083,ok
40.588230,46.285510,5084,ok
42.352940,46.285510,5085,ok
44.117650,46.285510,5086,ok
45.882350,46.285510,5087,ok
47.647060,46.285510,5088,ok
49.411770,46.285510,5089,ok
51.176470,46.285510,5090,ok
52.941180,46.285510,5091,ok
54.705880,46.285510,5092,ok
56.470590,46.285510,5093,ok
58.235290,46.285510,5094,ok
60.000000,46.285510,5095,ok
61.764710,46.285510,5096,ok
63.529410,46.285510,5097,ok
65.294120,46.285510,5098,ok
67.058820,46.285510,5099,ok
68.823530,46.285510,5100,ok
70.588230,46.285510,5101,ok
72.352940,46.285510,5102,ok
74.117650,46.285510,5103,ok
75.882350,46.285510,5104,ok
77.647060,46.285510,5105,ok
79.411770,46.285510,5106,ok
81.176470,46.285510,5107,ok
82.941180,46.285510,5108,ok
84.705880,46.285510,5109,ok
86.470590,46.285510,5110,ok
88.235290,46.285510,5111,ok
90.000000,46.285510,5112,ok
91.764710,46.285510,5113,ok
93.529410,46.285510,5114,ok
95.294120,46.285510,5115,ok
97.058820,46.285510,5116,ok
98.823530,46.285510,5117,ok
100.588230,46.285510,5118,ok
102.352940,46.285510,5119,ok
104.117650,46.285510,5120,ok
105.882350,46.285510,5121,ok
107.647060,46.285510,5122,ok
109.411770,46.285510,5123,ok
111.176470,46.285510,5124,ok
112.941180,46.285510,5125,ok
114.705880,46.285510,5126,ok
116.470590,46.285510,5127,ok
118.235290,46.285510,5128,ok
120.000000,46.285510,5129,ok
121.764710,46.285510,5130,ok
123.529410,46.285510,5131,ok
125.294120,46.285510,5132,ok
127.058820,46.285510,5133,ok
128.823530,46.285510,5134,ok
130.588240,46.285510,5135,ok
132.352940,46.285510,5136,ok
134.117650,46.285510,5137,ok
135.882350,46.285510,5138,ok
137.647060,46.285510,5139,ok
-123.529420,46.285510,5195,ok
-121.764710,46.285510,5196,ok
-120.000000,46.285510,5197,ok
-118.235290,46.285510,5198,ok
-116.470580,46.285510,5199,ok
-114.705890,46.285510,5200,ok
-112.941180,46.285510,5201,ok
-111.176470,46.285510,5202,ok
-109.411760,46.285510,5203,ok
-107.647060,46.285510,5204,ok
-105.882350,46.285510,5205,ok
-104.117650,46.285510,5206,ok
-102.352940,46.285510,5207,ok
-100.588230,46.285510,5208,ok
-98.823520,46.285510,5209,ok
-97.058840,46.285510,5210,ok
-95.294130,46.285510,5211,ok
-93.529420,46.285510,5212,ok
-91.764710,46.285510,5213,ok
-90.000000,46.285510,5214,ok
-88.235290,46.285510,5215,ok
-86.470580,46.285510,5216,ok
-84.705870,46.285510,5217,ok
-82.941160,46.285510,5218,ok
-81.176480,46.285510,5219,ok
-79.411770,46.285510,5220,ok
-77.647060,46.285510,5221,ok
-75.882350,46.285510,5222,ok
-74.117650,46.285510,5223,ok
-72.352940,46.285510,5224,ok
-70.588230,46.285510,5225,ok
-68.823520,46.285510,5226,ok
-67.058840,46.285510,5227,ok
-65.294130,46.285510,5228,ok
0.000000,45.350450,5265,ok
1.730770,45.350450,5266,ok
3.461540,45.350450,5267,ok
5.192310,45.350450,5268,ok
6.923080,45.350450,5269,ok
8.653850,45.350450,5270,ok
10.384610,45.350450,5271,ok
12.115390,45.350450,5272,ok
15.576920,45.350450,5274,ok
17.307690,45.350450,5275,ok
19.038460,45.350450,5276,ok
20.769230,45.350450,5277,ok
22.500000,45.350450,5278,ok
24.230770,45.350450,5279,ok
25.961540,45.350450,5280,ok
27.692310,45.350450,5281,ok
29.423080,45.350450,5282,ok
34.615380,45.350450,5285,ok
38.076920,45.350450,5287,ok
39.807690,45.350450,5288,ok
41.538460,45.350450,5289,ok
43.269230,45.350450,5290,ok
45.000000,45.350450,5291,ok
46.730770,45.350450,5292,ok
48.461540,45.350450,5293,ok
50.192310,45.350450,5294,ok
51.923080,45.350450,5295,ok
53.653850,45.350450,5296,ok
55.384620,45.350450,5297,ok
57.115380,45.350450,5298,ok
58.846150,45.350450,5299,ok
60.576920,45.350450,5300,ok
62.307690,45.350450,5301,ok
64.038460,45.350450,5302,ok
65.769230,45.350450,5303,ok
67.500000,45.350450,5304,ok
69.230770,45.350450,5305,ok
70.961540,45.350450,5306,ok
72.692310,45.350450,5307,ok
74.423080,45.350450,5308,ok
76.153850,45.350450,5309,ok
77.884610,45.350450,5310,ok
79.615390,45.350450,5311,ok
81.346150,45.350450,5312,ok
83.076920,45.350450,5313,ok
84.807690,45.350450,5314,ok
86.538460,45.350450,5315,ok
88.269230,45.350450,5316,ok
90.000000,45.350450,5317,ok
91.730770,45.350450,5318,ok
93.461540,45.350450,5319,ok
95.192310,45.350450,5320,ok
96.923080,45.350450,5321,ok
98.653850,45.350450,5322,ok
100.384610,45.350450,5323,ok
102.115390,45.350450,5324,ok
103.846150,45.350450,5325,ok
105.576920,45.350450,5326,ok
107.307690,45.350450,5327,ok
109.038460,45.350450,5328,ok
110.769230,45.350450,5329,ok
112.500000,45.350450,5330,ok
114.230770,45.350450,5331,ok
115.961540,45.350450,5332,ok
117.692310,45.350450,5333,ok
119.423080,45.350450,5334,ok
121.153850,45.350450,5335,ok
122.884610,45.350450,5336,ok
124.615390,45.350450,5337,ok
126.346150,45.350450,5338,ok
128.076920,45.350450,5339,ok
129.807690,45.350450,5340,ok
131.538470,45.350450,5341,ok
133.269230,45.350450,5342,ok
135.000000,45.350450,5343,ok
-122.884610,45.350450,5402,ok
-121.153840,45.350450,5403,ok
-119.423080,45.350450,5404,ok
-117.692310,45.350450,5405,ok
-115.961530,45.350450,5406,ok
-114.230770,45.350450,5407,ok
-112.500000,45.350450,5408,ok
-110.769230,45.350450,5409,ok
-109.038470,45.350450,5410,ok
-107.307690,45.350450,5411,ok
-105.576920,45.350450,5412,ok
-103.846160,45.350450,5413,ok
-102.115390,45.350450,5414,ok
-100.384610,45.350450,5415,ok
-98.653840,45.350450,5416,ok
-96.923070,45.350450,5417,ok
-95.192320,45.350450,5418,ok
-93.461550,45.350450,5419,ok
-91.730770,45.350450,5420,ok
-90.000000,45.350450,5421,ok
-88.269230,45.350450,5422,ok
-86.538450,45.350450,5423,ok
-84.807680,45.350450,5424,ok
-83.076930,45.350450,5425,ok
-81.346160,45.350450,5426,ok
-79.615390,45.350450,5427,ok
-77.884610,45.350450,5428,ok
-76.153840,45.350450,5429,ok
-74.423070,45.350450,5430,ok
-72.692320,45.350450,5431,ok
-70.961550,45.350450,5432,ok
-69.230770,45.350450,5433,ok
-67.500000,45.350450,5434,ok
-64.038450,45.350450,5436,ok
-62.307680,45.350450,5437,ok
0.000000,44.415390,5473,ok
1.698110,44.415390,5474,ok
3.396230,44.415390,5475,ok
5.094340,44.415390,5476,ok
6.792450,44.415390,5477,ok
8.490570,44.415390,5478,ok
10.188680,44.415390,5479,ok
11.886790,44.415390,5480,ok
16.981130,44.415390,5483,ok
18.679240,44.415390,5484,ok
20.377360,44.415390,5485,ok
22.075470,44.415390,5486,ok
23.773580,44.415390,5487,ok
25.471700,44.415390,5488,ok
27.169810,44.415390,5489,ok
39.056600,44.415390,5496,ok
40.754720,44.415390,5497,ok
42.452830,44.415390,5498,ok
44.150940,44.415390,5499,ok
45.849060,44.415390,5500,ok
47.547170,44.415390,5501,ok
49.245280,44.415390,5502,ok
50.943400,44.415390,5503,ok
52.641510,44.415390,5504,ok
54.339620,44.415390,5505,ok
56.037730,44.415390,5506,ok
57.735850,44.415390,5507,ok
59.433960,44.415390,5508,ok
61.132080,44.415390,5509,ok
62.830190,44.415390,5510,ok
64.528310,44.415390,5511,ok
66.226420,44.415390,5512,ok
67.924530,44.415390,5513,ok
69.622640,44.415390,5514,ok
71.320760,44.415390,5515,ok
73.018870,44.415390,5516,ok
74.716980,44.415390,5517,ok
76.415090,44.415390,5518,ok
78.113200,44.415390,5519,ok
79.811320,44.415390,5520,ok
81.509440,44.415390,5521,ok
83.207550,44.415390,5522,ok
84.905660,44.415390,5523,ok
86.603780,44.415390,5524,ok
88.301890,44.415390,5525,ok
90.000000,44.415390,5526,ok
91.698110,44.415390,5527,ok
93.396220,44.415390,5528,ok
95.094340,44.415390,5529,ok
96.792450,44.415390,5530,ok
98.490560,44.415390,5531,ok
100.188680,44.415390,5532,ok
101.886800,44.415390,5533,ok
103.584910,44.415390,5534,ok
105.283020,44.415390,5535,ok
106.981130,44.415390,5536,ok
108.679240,44.415390,5537,ok
110.377360,44.415390,5538,ok
112.075470,44.415390,5539,ok
113.773580,44.415390,5540,ok
115.471690,44.415390,5541,ok
117.169820,44.415390,5542,ok
118.867930,44.415390,5543,ok
120.566040,44.415390,5544,ok
122.264150,44.415390,5545,ok
123.962270,44.415390,5546,ok
125.660380,44.415390,5547,ok
127.358490,44.415390,5548,ok
129.056610,44.415390,5549,ok
130.754710,44.415390,5550,ok
132.452840,44.415390,5551,ok
134.150940,44.415390,5552,ok
135.849060,44.415390,5553,ok
142.641510,44.415390,5557,ok
-123.962270,44.415390,5612,ok
-122.264140,44.415390,5613,ok
-120.566040,44.415390,5614,ok
-118.867920,44.415390,5615,ok
-117.169820,44.415390,5616,ok
-115.471690,44.415390,5617,ok
-113.773590,44.415390,5618,ok
-112.075470,44.415390,5619,ok
-110.377370,44.415390,5620,ok
-108.679240,44.415390,5621,ok
-106.981120,44.415390,5622,ok
-105.283020,44.415390,5623,ok
-103.584900,44.415390,5624,ok
-101.886780,44.415390,5625,ok
-100.188690,44.415390,5626,ok
-98.490570,44.415390,5627,ok
-96.792450,44.415390,5628,ok
-95.094330,44.415390,5629,ok
-93.396240,44.415390,5630,ok
-91.698120,44.415390,5631,ok
-90.000000,44.415390,5632,ok
-88.301880,44.415390,5633,ok
-86.603760,44.415390,5634,ok
-84.905670,44.415390,5635,ok
-83.207550,44.415390,5636,ok
-81.509430,44.415390,5637,ok
-79.811310,44.415390,5638,ok
-78.113220,44.415390,5639,ok
-76.415100,44.415390,5640,ok
-74.716980,44.415390,5641,ok
-73.018860,44.415390,5642,ok
-71.320740,44.415390,5643,ok
-69.622650,44.415390,5644,ok
-64.528290,44.415390,5647,ok
0.000000,43.480340,5685,ok
1.666670,43.480340,5686,ok
3.333330,43.480340,5687,ok
5.000000,43.480340,5688,ok
11.666670,43.480340,5692,ok
18.333330,43.480340,5696,ok
20.000000,43.480340,5697,ok
21.666670,43.480340,5698,ok
23.333330,43.480340,5699,ok
25.000000,43.480340,5700,ok
26.666670,43.480340,5701,ok
41.666670,43.480340,5710,ok
43.333330,43.480340,5711,ok
45.000000,43.480340,5712,ok
46.666670,43.480340,5713,ok
48.333330,43.480340,5714,ok
50.000000,43.480340,5715,ok
51.666670,43.480340,5716,ok
53.333330,43.480340,5717,ok
55.000000,43.480340,5718,ok
56.666670,43.480340,5719,ok
58.333330,43.480340,5720,ok
60.000000,43.480340,5721,ok
61.666670,43.480340,5722,ok
63.333330,43.480340,5723,ok
65.000000,43.480340,5724,ok
66.666660,43.480340,5725,ok
68.333340,43.480340,5726,ok
70.000000,43.480340,5727,ok
71.666660,43.480340,5728,ok
73.333340,43.480340,5729,ok
75.000000,43.480340,5730,ok
76.666660,43.480340,5731,ok
78.333340,43.480340,5732,ok
80.000000,43.480340,5733,ok
81.666660,43.480340,5734,ok
83.333340,43.480340,5735,ok
85.000000,43.480340,5736,ok
86.666660,43.480340,5737,ok
88.333340,43.480340,5738,ok
90.000000,43.480340,5739,ok
91.666660,43.480340,5740,ok
93.333340,43.480340,5741,ok
95.000000,43.480340,5742,ok
96.666660,43.480340,5743,ok
98.333340,43.480340,5744,ok
100.000000,43.480340,5745,ok
101.666660,43.480340,5746,ok
103.333340,43.480340,5747,ok
105.000000,43.480340,5748,ok
106.666660,43.480340,5749,ok
108.333340,43.480340,5750,ok
110.000000,43.480340,5751,ok
111.666660,43.480340,5752,ok
113.333340,43.480340,5753,ok
115.000000,43.480340,5754,ok
116.666660,43.480340,5755,ok
118.333340,43.480340,5756,ok
120.000000,43.480340,5757,ok
121.666660,43.480340,5758,ok
123.333340,43.480340,5759,ok
125.000000,43.480340,5760,ok
126.666660,43.480340,5761,ok
128.333330,43.480340,5762,ok
130.000000,43.480340,5763,ok
131.666670,43.480340,5764,ok
133.333330,43.480340,5765,ok
141.666670,43.480340,5770,ok
143.333330,43.480340,5771,ok
-123.333330,43.480340,5827,ok
-121.666670,43.480340,5828,ok
-120.000000,43.480340,5829,ok
-118.333330,43.480340,5830,ok
-116.666670,43.480340,5831,ok
-115.000000,43.480340,5832,ok
-113.333330,43.480340,5833,ok
-111.666670,43.480340,5834,ok
-110.000000,43.480340,5835,ok
-108.333330,43.480340,5836,ok
-106.666670,43.480340,5837,ok
-105.000000,43.480340,5838,ok
-103.333340,43.480340,5839,ok
-101.666660,43.480340,5840,ok
-100.000000,43.480340,5841,ok
-98.333340,43.480340,5842,ok
-96.666660,43.480340,5843,ok
-95.000000,43.480340,5844,ok
-93.333340,43.480340,5845,ok
-91.666660,43.480340,5846,ok
-90.000000,43.480340,5847,ok
-88.333340,43.480340,5848,ok
-86.666660,43.480340,5849,ok
-85.000000,43.480340,5850,ok
-83.333340,43.480340,5851,ok
-81.666660,43.480340,5852,ok
-80.000000,43.480340,5853,ok
-78.333340,43.480340,5854,ok
-76.666660,43.480340,5855,ok
-75.000000,43.480340,5856,ok
-73.333340,43.480340,5857,ok
-71.666660,43.480340,5858,ok
-6.666660,43.480340,5897,ok
0.000000,42.545280,5901,ok
1.636360,42.545280,5902,ok
11.454550,42.545280,5908,ok
13.090910,42.545280,5909,ok
19.636360,42.545280,5913,ok
21.272730,42.545280,5914,ok
22.909090,42.545280,5915,ok
24.545450,42.545280,5916,ok
26.181820,42.545280,5917,ok
42.545460,42.545280,5927,ok
44.181820,42.545280,5928,ok
45.818180,42.545280,5929,ok
47.454540,42.545280,5930,ok
49.090910,42.545280,5931,ok
50.727270,42.545280,5932,ok
52.363640,42.545280,5933,ok
54.000000,42.545280,5934,ok
55.636360,42.545280,5935,ok
57.272730,42.545280,5936,ok
58.909090,42.545280,5937,ok
60.545460,42.545280,5938,ok
62.181820,42.545280,5939,ok
63.818180,42.545280,5940,ok
65.454540,42.545280,5941,ok
67.090910,42.545280,5942,ok
68.727270,42.545280,5943,ok
70.363640,42.545280,5944,ok
72.000000,42.545280,5945,ok
73.636360,42.545280,5946,ok
75.272730,42.545280,5947,ok
76.909090,42.545280,5948,ok
78.545460,42.545280,5949,ok
80.181820,42.545280,5950,ok
81.818180,42.545280,5951,ok
83.454540,42.545280,5952,ok
85.090910,42.545280,5953,ok
86.727270,42.545280,5954,ok
88.363640,42.545280,5955,ok
90.000000,42.545280,5956,ok
91.636360,42.545280,5957,ok
93.272730,42.545280,5958,ok
94.909090,42.545280,5959,ok
96.545460,42.545280,5960,ok
98.181820,42.545280,5961,ok
99.818180,42.545280,5962,ok
101.454540,42.545280,5963,ok
103.090910,42.545280,5964,ok
104.727270,42.545280,5965,ok
106.363640,42.545280,5966,ok
108.000000,42.545280,5967,ok
109.636360,42.545280,5968,ok
111.272730,42.545280,5969,ok
112.909090,42.545280,5970,ok
114.545460,42.545280,5971,ok
116.181820,42.545280,5972,ok
117.818180,42.545280,5973,ok
119.454540,42.545280,5974,ok
121.090910,42.545280,5975,ok
122.727270,42.545280,5976,ok
124.363640,42.545280,5977,ok
126.000000,42.545280,5978,ok
127.636360,42.545280,5979,ok
129.272720,42.545280,5980,ok
140.727280,42.545280,5987,ok
142.363630,42.545280,5988,ok
-122.727280,42.545280,6046,ok
-121.090910,42.545280,6047,ok
-119.454540,42.545280,6048,ok
-117.818180,42.545280,6049,ok
-116.181820,42.545280,6050,ok
-114.545460,42.545280,6051,ok
-112.909090,42.545280,6052,ok
-111.272720,42.545280,6053,ok
-109.636370,42.545280,6054,ok
-108.000000,42.545280,6055,ok
-106.363630,42.545280,6056,ok
-104.727280,42.545280,6057,ok
-103.090910,42.545280,6058,ok
-101.454560,42.545280,6059,ok
-99.818180,42.545280,6060,ok
-98.181820,42.545280,6061,ok
-96.545440,42.545280,6062,ok
-94.909090,42.545280,6063,ok
-93.272740,42.545280,6064,ok
-91.636350,42.545280,6065,ok
-90.000000,42.545280,6066,ok
-88.363650,42.545280,6067,ok
-86.727260,42.545280,6068,ok
-85.090910,42.545280,6069,ok
-83.454560,42.545280,6070,ok
-81.818180,42.545280,6071,ok
-80.181820,42.545280,6072,ok
-78.545440,42.545280,6073,ok
-76.909090,42.545280,6074,ok
-75.272740,42.545280,6075,ok
-73.636350,42.545280,6076,ok
-72.000000,42.545280,6077,ok
-8.181820,42.545280,6116,ok
-6.545440,42.545280,6117,ok
-4.909090,42.545280,6118,ok
-3.272740,42.545280,6119,ok
-1.636350,42.545280,6120,ok
0.000000,41.610220,6121,ok
1.607140,41.610220,6122,ok
12.857140,41.610220,6129,ok
14.464290,41.610220,6130,ok
16.071430,41.610220,6131,ok
20.892860,41.610220,6134,ok
22.500000,41.610220,6135,ok
24.107140,41.610220,6136,ok
25.714280,41.610220,6137,ok
27.321430,41.610220,6138,ok
33.750000,41.610220,6142,ok
35.357140,41.610220,6143,ok
41.785710,41.610220,6147,ok
43.392860,41.610220,6148,ok
45.000000,41.610220,6149,ok
46.607140,41.610220,6150,ok
48.214290,41.610220,6151,ok
49.821430,41.610220,6152,ok
51.428570,41.610220,6153,ok
53.035710,41.610220,6154,ok
54.642860,41.610220,6155,ok
56.250000,41.610220,6156,ok
57.857140,41.610220,6157,ok
59.464290,41.610220,6158,ok
61.071430,41.610220,6159,ok
62.678570,41.610220,6160,ok
64.285710,41.610220,6161,ok
65.892860,41.610220,6162,ok
67.500000,41.610220,6163,ok
69.107140,41.610220,6164,ok
70.714290,41.610220,6165,ok
72.321430,41.610220,6166,ok
73.928570,41.610220,6167,ok
75.535710,41.610220,6168,ok
77.142860,41.610220,6169,ok
78.750000,41.610220,6170,ok
80.357140,41.610220,6171,ok
81.964290,41.610220,6172,ok
83.571430,41.610220,6173,ok
85.178570,41.610220,6174,ok
86.785710,41.610220,6175,ok
88.392860,41.610220,6176,ok
90.000000,41.610220,6177,ok
91.607140,41.610220,6178,ok
93.214290,41.610220,6179,ok
94.821430,41.610220,6180,ok
96.428570,41.610220,6181,ok
98.035710,41.610220,6182,ok
99.642860,41.610220,6183,ok
101.250000,41.610220,6184,ok
102.857140,41.610220,6185,ok
104.464290,41.610220,6186,ok
106.071430,41.610220,6187,ok
107.678570,41.610220,6188,ok
109.285710,41.610220,6189,ok
110.892860,41.610220,6190,ok
112.500000,41.610220,6191,ok
114.107140,41.610220,6192,ok
115.714290,41.610220,6193,ok
117.321430,41.610220,6194,ok
118.928570,41.610220,6195,ok
120.535710,41.610220,6196,ok
122.142860,41.610220,6197,ok
123.750000,41.610220,6198,ok
125.357140,41.610220,6199,ok
126.964290,41.610220,6200,ok
128.571430,41.610220,6201,ok
-123.750000,41.610220,6268,ok
-122.142850,41.610220,6269,ok
-120.535720,41.610220,6270,ok
-118.928570,41.610220,6271,ok
-117.321430,41.610220,6272,ok
-115.714280,41.610220,6273,ok
-114.107150,41.610220,6274,ok
-112.500000,41.610220,6275,ok
-110.892850,41.610220,6276,ok
-109.285720,41.610220,6277,ok
-107.678570,41.610220,6278,ok
-106.071430,41.610220,6279,ok
-104.464280,41.610220,6280,ok
-102.857150,41.610220,6281,ok
-101.250000,41.610220,6282,ok
-99.642850,41.610220,6283,ok
-98.035710,41.610220,6284,ok
-96.428560,41.610220,6285,ok
-94.821440,41.610220,6286,ok
-93.214290,41.610220,6287,ok
-91.607150,41.610220,6288,ok
-90.000000,41.610220,6289,ok
-88.392850,41.610220,6290,ok
-86.785710,41.610220,6291,ok
-85.178560,41.610220,6292,ok
-83.571440,41.610220,6293,ok
-81.964290,41.610220,6294,ok
-80.357150,41.610220,6295,ok
-78.750000,41.610220,6296,ok
-77.142850,41.610220,6297,ok
-75.535710,41.610220,6298,ok
-73.928560,41.610220,6299,ok
-72.321440,41.610220,6300,ok
-8.035710,41.610220,6340,ok
-6.428560,41.610220,6341,ok
-4.821440,41.610220,6342,ok
-3.214290,41.610220,6343,ok
-1.607150,41.610220,6344,ok
0.000000,40.675160,6345,ok
9.473680,40.675160,6351,ok
15.789470,40.675160,6355,ok
17.368420,40.675160,6356,ok
20.526320,40.675160,6358,ok
22.105260,40.675160,6359,ok
30.000000,40.675160,6364,ok
31.578950,40.675160,6365,ok
33.157890,40.675160,6366,ok
34.736840,40.675160,6367,ok
36.315790,40.675160,6368,ok
37.894740,40.675160,6369,ok
39.473680,40.675160,6370,ok
41.052630,40.675160,6371,ok
42.631580,40.675160,6372,ok
44.210530,40.675160,6373,ok
45.789470,40.675160,6374,ok
47.368420,40.675160,6375,ok
48.947370,40.675160,6376,ok
50.526320,40.675160,6377,ok
52.105260,40.675160,6378,ok
53.684210,40.675160,6379,ok
55.263160,40.675160,6380,ok
56.842110,40.675160,6381,ok
58.421050,40.675160,6382,ok
60.000000,40.675160,6383,ok
61.578950,40.675160,6384,ok
63.157890,40.675160,6385,ok
64.736840,40.675160,6386,ok
66.315790,40.675160,6387,ok
67.894740,40.675160,6388,ok
69.473690,40.675160,6389,ok
71.052640,40.675160,6390,ok
72.631580,40.675160,6391,ok
74.210530,40.675160,6392,ok
75.789470,40.675160,6393,ok
77.368420,40.675160,6394,ok
78.947360,40.675160,6395,ok
80.526310,40.675160,6396,ok
82.105260,40.675160,6397,ok
83.684210,40.675160,6398,ok
85.263160,40.675160,6399,ok
86.842100,40.675160,6400,ok
88.421050,40.675160,6401,ok
90.000000,40.675160,6402,ok
91.578950,40.675160,6403,ok
93.157900,40.675160,6404,ok
94.736840,40.675160,6405,ok
96.315790,40.675160,6406,ok
97.894740,40.675160,6407,ok
99.473690,40.675160,6408,ok
101.052640,40.675160,6409,ok
102.631580,40.675160,6410,ok
104.210530,40.675160,6411,ok
105.789470,40.675160,6412,ok
107.368420,40.675160,6413,ok
108.947360,40.675160,6414,ok
110.526310,40.675160,6415,ok
112.105260,40.675160,6416,ok
113.684210,40.675160,6417,ok
115.263160,40.675160,6418,ok
116.842100,40.675160,6419,ok
118.421050,40.675160,6420,ok
120.000000,40.675160,6421,ok
123.157900,40.675160,6423,ok
124.736840,40.675160,6424,ok
126.315790,40.675160,6425,ok
127.894740,40.675160,6426,ok
140.526320,40.675160,6434,ok
-123.157900,40.675160,6495,ok
-121.578950,40.675160,6496,ok
-120.000000,40.675160,6497,ok
-118.421050,40.675160,6498,ok
-116.842100,40.675160,6499,ok
-115.263150,40.675160,6500,ok
-113.684200,40.675160,6501,ok
-112.105270,40.675160,6502,ok
-110.526320,40.675160,6503,ok
-108.947370,40.675160,6504,ok
-107.368420,40.675160,6505,ok
-105.789470,40.675160,6506,ok
-104.210530,40.675160,6507,ok
-102.631590,40.675160,6508,ok
-101.052640,40.675160,6509,ok
-99.473690,40.675160,6510,ok
-97.894740,40.675160,6511,ok
-96.315800,40.675160,6512,ok
-94.736850,40.675160,6513,ok
-93.157900,40.675160,6514,ok
-91.578950,40.675160,6515,ok
-90.000000,40.675160,6516,ok
-88.421050,40.675160,6517,ok
-86.842100,40.675160,6518,ok
-85.263150,40.675160,6519,ok
-83.684200,40.675160,6520,ok
-82.105260,40.675160,6521,ok
-80.526310,40.675160,6522,ok
-78.947360,40.675160,6523,ok
-77.368410,40.675160,6524,ok
-75.789460,40.675160,6525,ok
-74.210540,40.675160,6526,ok
-7.894740,40.675160,6568,ok
-6.315800,40.675160,6569,ok
-4.736850,40.675160,6570,ok
-3.157900,40.675160,6571,ok
-1.578950,40.675160,6572,ok
9.310340,39.740100,6579,ok
20.172410,39.740100,6586,ok
21.724140,39.740100,6587,ok
27.931030,39.740100,6591,ok
29.482760,39.740100,6592,ok
31.034480,39.740100,6593,ok
32.586210,39.740100,6594,ok
34.137930,39.740100,6595,ok
35.689660,39.740100,6596,ok
37.241380,39.740100,6597,ok
38.793100,39.740100,6598,ok
40.344830,39.740100,6599,ok
41.896550,39.740100,6600,ok
43.448280,39.740100,6601,ok
45.000000,39.740100,6602,ok
46.551720,39.740100,6603,ok
48.103450,39.740100,6604,ok
49.655170,39.740100,6605,ok
51.206900,39.740100,6606,ok
52.758620,39.740100,6607,ok
54.310340,39.740100,6608,ok
55.862070,39.740100,6609,ok
57.413790,39.740100,6610,ok
58.965520,39.740100,6611,ok
60.517240,39.740100,6612,ok
62.068970,39.740100,6613,ok
63.620690,39.740100,6614,ok
65.172420,39.740100,6615,ok
66.724140,39.740100,6616,ok
68.275860,39.740100,6617,ok
69.827580,39.740100,6618,ok
71.379310,39.740100,6619,ok
72.931040,39.740100,6620,ok
74.482760,39.740100,6621,ok
76.034480,39.740100,6622,ok
77.586200,39.740100,6623,ok
79.137930,39.740100,6624,ok
80.689650,39.740100,6625,ok
82.241380,39.740100,6626,ok
83.793110,39.740100,6627,ok
85.344830,39.740100,6628,ok
86.896550,39.740100,6629,ok
88.448270,39.740100,6630,ok
90.000000,39.740100,6631,ok
91.551730,39.740100,6632,ok
93.103450,39.740100,6633,ok
94.655170,39.740100,6634,ok
96.206890,39.740100,6635,ok
97.758620,39.740100,6636,ok
99.310350,39.740100,6637,ok
100.862070,39.740100,6638,ok
102.413800,39.740100,6639,ok
103.965520,39.740100,6640,ok
105.517240,39.740100,6641,ok
107.068960,39.740100,6642,ok
108.620690,39.740100,6643,ok
110.172420,39.740100,6644,ok
111.724140,39.740100,6645,ok
113.275860,39.740100,6646,ok
114.827580,39.740100,6647,ok
116.379310,39.740100,6648,ok
117.931040,39.740100,6649,ok
122.586200,39.740100,6652,ok
125.689650,39.740100,6654,ok
127.241380,39.740100,6655,ok
141.206890,39.740100,6664,ok
-122.586210,39.740100,6726,ok
-121.034480,39.740100,6727,ok
-119.482760,39.740100,6728,ok
-117.931030,39.740100,6729,ok
-116.379300,39.740100,6730,ok
-114.827590,39.740100,6731,ok
-113.275860,39.740100,6732,ok
-111.724140,39.740100,6733,ok
-110.172410,39.740100,6734,ok
-108.620700,39.740100,6735,ok
-107.068970,39.740100,6736,ok
-105.517240,39.740100,6737,ok
-103.965520,39.740100,6738,ok
-102.413790,39.740100,6739,ok
-100.862060,39.740100,6740,ok
-99.310330,39.740100,6741,ok
-97.758610,39.740100,6742,ok
-96.206910,39.740100,6743,ok
-94.655180,39.740100,6744,ok
-93.103450,39.740100,6745,ok
-91.551730,39.740100,6746,ok
-90.000000,39.740100,6747,ok
-88.448270,39.740100,6748,ok
-86.896550,39.740100,6749,ok
-85.344820,39.740100,6750,ok
-83.793090,39.740100,6751,ok
-82.241390,39.740100,6752,ok
-80.689670,39.740100,6753,ok
-79.137940,39.740100,6754,ok
-77.586210,39.740100,6755,ok
-76.034480,39.740100,6756,ok
-7.758610,39.740100,6800,ok
-6.206910,39.740100,6801,ok
-4.655180,39.740100,6802,ok
-3.103450,39.740100,6803,ok
-1.551730,39.740100,6804,ok
21.355930,38.805040,6819,ok
22.881360,38.805040,6820,ok
27.457630,38.805040,6823,ok
28.983050,38.805040,6824,ok
30.508470,38.805040,6825,ok
32.033900,38.805040,6826,ok
33.559320,38.805040,6827,ok
35.084750,38.805040,6828,ok
36.610170,38.805040,6829,ok
38.135590,38.805040,6830,ok
39.661020,38.805040,6831,ok
41.186440,38.805040,6832,ok
42.711860,38.805040,6833,ok
44.237290,38.805040,6834,ok
45.762710,38.805040,6835,ok
47.288140,38.805040,6836,ok
48.813560,38.805040,6837,ok
50.338980,38.805040,6838,ok
51.864410,38.805040,6839,ok
53.389830,38.805040,6840,ok
54.915250,38.805040,6841,ok
56.440680,38.805040,6842,ok
57.966100,38.805040,6843,ok
59.491520,38.805040,6844,ok
61.016950,38.805040,6845,ok
62.542370,38.805040,6846,ok
64.067790,38.805040,6847,ok
65.593220,38.805040,6848,ok
67.118640,38.805040,6849,ok
68.644070,38.805040,6850,ok
70.169490,38.805040,6851,ok
71.694920,38.805040,6852,ok
73.220340,38.805040,6853,ok
74.745770,38.805040,6854,ok
76.271190,38.805040,6855,ok
77.796610,38.805040,6856,ok
79.322040,38.805040,6857,ok
80.847460,38.805040,6858,ok
82.372880,38.805040,6859,ok
83.898310,38.805040,6860,ok
85.423730,38.805040,6861,ok
86.949150,38.805040,6862,ok
88.474580,38.805040,6863,ok
90.000000,38.805040,6864,ok
91.525420,38.805040,6865,ok
93.050850,38.805040,6866,ok
94.576270,38.805040,6867,ok
96.101690,38.805040,6868,ok
97.627120,38.805040,6869,ok
99.152540,38.805040,6870,ok
100.677960,38.805040,6871,ok
102.203390,38.805040,6872,ok
103.728810,38.805040,6873,ok
105.254230,38.805040,6874,ok
106.779660,38.805040,6875,ok
108.305080,38.805040,6876,ok
109.830510,38.805040,6877,ok
111.355930,38.805040,6878,ok
112.881360,38.805040,6879,ok
114.406780,38.805040,6880,ok
115.932210,38.805040,6881,ok
117.457630,38.805040,6882,ok
126.610170,38.805040,6888,ok
140.338990,38.805040,6897,ok
-122.033910,38.805040,6961,ok
-120.508470,38.805040,6962,ok
-118.983050,38.805040,6963,ok
-117.457630,38.805040,6964,ok
-115.932210,38.805040,6965,ok
-114.406780,38.805040,6966,ok
-112.881360,38.805040,6967,ok
-111.355930,38.805040,6968,ok
-109.830510,38.805040,6969,ok
-108.305080,38.805040,6970,ok
-106.779660,38.805040,6971,ok
-105.254240,38.805040,6972,ok
-103.728820,38.805040,6973,ok
-102.203400,38.805040,6974,ok
-100.677980,38.805040,6975,ok
-99.152560,38.805040,6976,ok
-97.627110,38.805040,6977,ok
-96.101680,38.805040,6978,ok
-94.576260,38.805040,6979,ok
-93.050840,38.805040,6980,ok
-91.525420,38.805040,6981,ok
-90.000000,38.805040,6982,ok
-88.474580,38.805040,6983,ok
-86.949160,38.805040,6984,ok
-85.423740,38.805040,6985,ok
-83.898320,38.805040,6986,ok
-82.372890,38.805040,6987,ok
-80.847440,38.805040,6988,ok
-79.322020,38.805040,6989,ok
-77.796600,38.805040,6990,ok
-76.271180,38.805040,6991,ok
-9.152560,38.805040,7035,ok
-7.627110,38.805040,7036,ok
-6.101680,38.805040,7037,ok
-4.576260,38.805040,7038,ok
-3.050840,38.805040,7039,ok
-1.525420,38.805040,7040,ok
13.500000,37.869980,7050,ok
22.500000,37.869980,7056,ok
28.500000,37.869980,7060,ok
30.000000,37.869980,7061,ok
31.500000,37.869980,7062,ok
33.000000,37.869980,7063,ok
34.500000,37.869980,7064,ok
36.000000,37.869980,7065,ok
37.500000,37.869980,7066,ok
39.000000,37.869980,7067,ok
40.500000,37.869980,7068,ok
42.000000,37.869980,7069,ok
43.500000,37.869980,7070,ok
45.000000,37.869980,7071,ok
46.500000,37.869980,7072,ok
48.000000,37.869980,7073,ok
49.500000,37.869980,7074,ok
51.000000,37.869980,7075,ok
52.500000,37.869980,7076,ok
54.000000,37.869980,7077,ok
55.500000,37.869980,7078,ok
57.000000,37.869980,7079,ok
58.500000,37.869980,7080,ok
60.000000,37.869980,7081,ok
61.500000,37.869980,7082,ok
63.000000,37.869980,7083,ok
64.500000,37.869980,7084,ok
66.000000,37.869980,7085,ok
67.500000,37.869980,7086,ok
69.000000,37.869980,7087,ok
70.500000,37.869980,7088,ok
72.000000,37.869980,7089,ok
73.500000,37.869980,7090,ok
75.000000,37.869980,7091,ok
76.500000,37.869980,7092,ok
78.000000,37.869980,7093,ok
79.500000,37.869980,7094,ok
81.000000,37.869980,7095,ok
82.500000,37.869980,7096,ok
84.000000,37.869980,7097,ok
85.500000,37.869980,7098,ok
87.000000,37.869980,7099,ok
88.500000,37.869980,7100,ok
90.000000,37.869980,7101,ok
91.500000,37.869980,7102,ok
93.000000,37.869980,7103,ok
94.500000,37.869980,7104,ok
96.000000,37.869980,7105,ok
97.500000,37.869980,7106,ok
99.000000,37.869980,7107,ok
100.500000,37.869980,7108,ok
102.000000,37.869980,7109,ok
103.500000,37.869980,7110,ok
105.000000,37.869980,7111,ok
106.500000,37.869980,7112,ok
108.000000,37.869980,7113,ok
109.500000,37.869980,7114,ok
111.000000,37.869980,7115,ok
112.500000,37.869980,7116,ok
114.000000,37.869980,7117,ok
115.500000,37.869980,7118,ok
117.000000,37.869980,7119,ok
126.000000,37.869980,7125,ok
127.500000,37.869980,7126,ok
139.500000,37.869980,7134,ok
-121.500000,37.869980,7200,ok
-120.000000,37.869980,7201,ok
-118.500000,37.869980,7202,ok
-117.000000,37.869980,7203,ok
-115.500000,37.869980,7204,ok
-114.000000,37.869980,7205,ok
-112.500000,37.869980,7206,ok
-111.000000,37.869980,7207,ok
-109.500000,37.869980,7208,ok
-108.000000,37.869980,7209,ok
-106.500000,37.869980,7210,ok
-105.000000,37.869980,7211,ok
-103.500000,37.869980,7212,ok
-102.000000,37.869980,7213,ok
-100.500000,37.869980,7214,ok
-99.000000,37.869980,7215,ok
-97.500000,37.869980,7216,ok
-96.000000,37.869980,7217,ok
-94.500000,37.869980,7218,ok
-93.000000,37.869980,7219,ok
-91.500000,37.869980,7220,ok
-90.000000,37.869980,7221,ok
-88.500000,37.869980,7222,ok
-87.000000,37.869980,7223,ok
-85.500000,37.869980,7224,ok
-84.000000,37.869980,7225,ok
-82.500000,37.869980,7226,ok
-81.000000,37.869980,7227,ok
-79.500000,37.869980,7228,ok
-78.000000,37.869980,7229,ok
-7.500000,37.869980,7276,ok
-6.000000,37.869980,7277,ok
-4.500000,37.869980,7278,ok
-3.000000,37.869980,7279,ok
-1.500000,37.869980,7280,ok
7.377050,36.934920,7286,ok
8.852460,36.934920,7287,ok
29.508200,36.934920,7301,ok
30.983610,36.934920,7302,ok
32.459010,36.934920,7303,ok
33.934430,36.934920,7304,ok
35.409840,36.934920,7305,ok
36.885250,36.934920,7306,ok
38.360660,36.934920,7307,ok
39.836070,36.934920,7308,ok
41.311470,36.934920,7309,ok
42.786880,36.934920,7310,ok
44.262290,36.934920,7311,ok
45.737710,36.934920,7312,ok
47.213120,36.934920,7313,ok
48.688530,36.934920,7314,ok
50.163930,36.934920,7315,ok
51.639340,36.934920,7316,ok
53.114750,36.934920,7317,ok
54.590160,36.934920,7318,ok
56.065570,36.934920,7319,ok
57.540990,36.934920,7320,ok
59.016390,36.934920,7321,ok
60.491800,36.934920,7322,ok
61.967210,36.934920,7323,ok
63.442620,36.934920,7324,ok
64.918030,36.934920,7325,ok
66.393440,36.934920,7326,ok
67.868850,36.934920,7327,ok
69.344260,36.934920,7328,ok
70.819670,36.934920,7329,ok
72.295080,36.934920,7330,ok
73.770490,36.934920,7331,ok
75.245900,36.934920,7332,ok
76.721310,36.934920,7333,ok
78.196720,36.934920,7334,ok
79.672130,36.934920,7335,ok
81.147540,36.934920,7336,ok
82.622950,36.934920,7337,ok
84.098360,36.934920,7338,ok
85.573770,36.934920,7339,ok
87.049180,36.934920,7340,ok
88.524590,36.934920,7341,ok
90.000000,36.934920,7342,ok
91.475410,36.934920,7343,ok
92.950820,36.934920,7344,ok
94.426230,36.934920,7345,ok
95.901640,36.934920,7346,ok
97.377050,36.934920,7347,ok
98.852460,36.934920,7348,ok
100.327870,36.934920,7349,ok
101.803280,36.934920,7350,ok
103.278690,36.934920,7351,ok
104.754100,36.934920,7352,ok
106.229510,36.934920,7353,ok
107.704920,36.934920,7354,ok
109.180330,36.934920,7355,ok
110.655740,36.934920,7356,ok
112.131150,36.934920,7357,ok
113.606560,36.934920,7358,ok
115.081970,36.934920,7359,ok
116.557380,36.934920,7360,ok
118.032780,36.934920,7361,ok
119.508190,36.934920,7362,ok
120.983600,36.934920,7363,ok
128.360660,36.934920,7368,ok
137.213120,36.934920,7374,ok
138.688520,36.934920,7375,ok
140.163940,36.934920,7376,ok
-120.983610,36.934920,7443,ok
-119.508190,36.934920,7444,ok
-118.032790,36.934920,7445,ok
-116.557370,36.934920,7446,ok
-115.081970,36.934920,7447,ok
-113.606550,36.934920,7448,ok
-112.131150,36.934920,7449,ok
-110.655730,36.934920,7450,ok
-109.180330,36.934920,7451,ok
-107.704930,36.934920,7452,ok
-106.229510,36.934920,7453,ok
-104.754100,36.934920,7454,ok
-103.278690,36.934920,7455,ok
-101.803280,36.934920,7456,ok
-100.327880,36.934920,7457,ok
-98.852450,36.934920,7458,ok
-97.377040,36.934920,7459,ok
-95.901640,36.934920,7460,ok
-94.426240,36.934920,7461,ok
-92.950810,36.934920,7462,ok
-91.475400,36.934920,7463,ok
-90.000000,36.934920,7464,ok
-88.524600,36.934920,7465,ok
-87.049190,36.934920,7466,ok
-85.573760,36.934920,7467,ok
-84.098360,36.934920,7468,ok
-82.622960,36.934920,7469,ok
-81.147550,36.934920,7470,ok
-79.672120,36.934920,7471,ok
-78.196720,36.934920,7472,ok
-76.721310,36.934920,7473,ok
-5.901640,36.934920,7521,ok
-4.426240,36.934920,7522,ok
-2.950810,36.934920,7523,ok
1.451610,35.999860,7526,ok
2.903230,35.999860,7527,ok
4.354840,35.999860,7528,ok
5.806450,35.999860,7529,ok
7.258060,35.999860,7530,ok
8.709680,35.999860,7531,ok
10.161290,35.999860,7532,ok
36.290320,35.999860,7550,ok
37.741940,35.999860,7551,ok
39.193550,35.999860,7552,ok
40.645160,35.999860,7553,ok
42.096780,35.999860,7554,ok
43.548390,35.999860,7555,ok
45.000000,35.999860,7556,ok
46.451610,35.999860,7557,ok
47.903220,35.999860,7558,ok
49.354840,35.999860,7559,ok
50.806450,35.999860,7560,ok
52.258060,35.999860,7561,ok
53.709680,35.999860,7562,ok
55.161290,35.999860,7563,ok
56.612900,35.999860,7564,ok
58.064520,35.999860,7565,ok
59.516130,35.999860,7566,ok
60.967740,35.999860,7567,ok
62.419350,35.999860,7568,ok
63.870970,35.999860,7569,ok
65.322580,35.999860,7570,ok
66.774190,35.999860,7571,ok
68.225810,35.999860,7572,ok
69.677420,35.999860,7573,ok
71.129040,35.999860,7574,ok
72.580640,35.999860,7575,ok
74.032260,35.999860,7576,ok
75.483870,35.999860,7577,ok
76.935490,35.999860,7578,ok
78.387100,35.999860,7579,ok
79.838710,35.999860,7580,ok
81.290320,35.999860,7581,ok
82.741940,35.999860,7582,ok
84.193550,35.999860,7583,ok
85.645160,35.999860,7584,ok
87.096770,35.999860,7585,ok
88.548390,35.999860,7586,ok
90.000000,35.999860,7587,ok
91.451610,35.999860,7588,ok
92.903230,35.999860,7589,ok
94.354840,35.999860,7590,ok
95.806450,35.999860,7591,ok
97.258060,35.999860,7592,ok
98.709680,35.999860,7593,ok
100.161290,35.999860,7594,ok
101.612900,35.999860,7595,ok
103.064510,35.999860,7596,ok
104.516130,35.999860,7597,ok
105.967740,35.999860,7598,ok
107.419360,35.999860,7599,ok
108.870960,35.999860,7600,ok
110.322580,35.999860,7601,ok
111.774190,35.999860,7602,ok
113.225810,35.999860,7603,ok
114.677420,35.999860,7604,ok
116.129040,35.999860,7605,ok
117.580640,35.999860,7606,ok
119.032260,35.999860,7607,ok
127.741940,35.999860,7613,ok
129.193540,35.999860,7614,ok
136.451610,35.999860,7619,ok
137.903230,35.999860,7620,ok
139.354840,35.999860,7621,ok
-120.483870,35.999860,7690,ok
-119.032260,35.999860,7691,ok
-117.580640,35.999860,7692,ok
-116.129030,35.999860,7693,ok
-114.677410,35.999860,7694,ok
-113.225800,35.999860,7695,ok
-111.774200,35.999860,7696,ok
-110.322590,35.999860,7697,ok
-108.870970,35.999860,7698,ok
-107.419360,35.999860,7699,ok
-105.967740,35.999860,7700,ok
-104.516130,35.999860,7701,ok
-103.064510,35.999860,7702,ok
-101.612920,35.999860,7703,ok
-100.161290,35.999860,7704,ok
-98.709690,35.999860,7705,ok
-97.258060,35.999860,7706,ok
-95.806460,35.999860,7707,ok
-94.354830,35.999860,7708,ok
-92.903230,35.999860,7709,ok
-91.451600,35.999860,7710,ok
-90.000000,35.999860,7711,ok
-88.548400,35.999860,7712,ok
-87.096770,35.999860,7713,ok
-85.645170,35.999860,7714,ok
-84.193540,35.999860,7715,ok
-82.741940,35.999860,7716,ok
-81.290310,35.999860,7717,ok
-79.838710,35.999860,7718,ok
-78.387080,35.999860,7719,ok
-76.935490,35.999860,7720,ok
0.000000,35.064800,7773,ok
1.428570,35.064800,7774,ok
2.857140,35.064800,7775,ok
4.285710,35.064800,7776,ok
5.714290,35.064800,7777,ok
7.142860,35.064800,7778,ok
8.571430,35.064800,7779,ok
10.000000,35.064800,7780,ok
37.142860,35.064800,7799,ok
38.571430,35.064800,7800,ok
40.000000,35.064800,7801,ok
41.428570,35.064800,7802,ok
42.857140,35.064800,7803,ok
44.285710,35.064800,7804,ok
45.714290,35.064800,7805,ok
47.142860,35.064800,7806,ok
48.571430,35.064800,7807,ok
50.000000,35.064800,7808,ok
51.428570,35.064800,7809,ok
52.857140,35.064800,7810,ok
54.285710,35.064800,7811,ok
55.714290,35.064800,7812,ok
57.142860,35.064800,7813,ok
58.571430,35.064800,7814,ok
60.000000,35.064800,7815,ok
61.428570,35.064800,7816,ok
62.857140,35.064800,7817,ok
64.285710,35.064800,7818,ok
65.714290,35.064800,7819,ok
67.142860,35.064800,7820,ok
68.571430,35.064800,7821,ok
70.000000,35.064800,7822,ok
71.428570,35.064800,7823,ok
72.857140,35.064800,7824,ok
74.285710,35.064800,7825,ok
75.714290,35.064800,7826,ok
77.142860,35.064800,7827,ok
78.571430,35.064800,7828,ok
80.000000,35.064800,7829,ok
81.428570,35.064800,7830,ok
82.857140,35.064800,7831,ok
84.285710,35.064800,7832,ok
85.714290,35.064800,7833,ok
87.142860,35.064800,7834,ok
88.571430,35.064800,7835,ok
90.000000,35.064800,7836,ok
91.428570,35.064800,7837,ok
92.857140,35.064800,7838,ok
94.285710,35.064800,7839,ok
95.714290,35.064800,7840,ok
97.142860,35.064800,7841,ok
98.571430,35.064800,7842,ok
100.000000,35.064800,7843,ok
101.428570,35.064800,7844,ok
102.857140,35.064800,7845,ok
104.285710,35.064800,7846,ok
105.714290,35.064800,7847,ok
107.142860,35.064800,7848,ok
108.571430,35.064800,7849,ok
110.000000,35.064800,7850,ok
111.428570,35.064800,7851,ok
112.857140,35.064800,7852,ok
114.285710,35.064800,7853,ok
115.714290,35.064800,7854,ok
117.142860,35.064800,7855,ok
118.571430,35.064800,7856,ok
127.142860,35.064800,7862,ok
134.285720,35.064800,7867,ok
135.714280,35.064800,7868,ok
137.142850,35.064800,7869,ok
138.571430,35.064800,7870,ok
-120.000000,35.064800,7941,ok
-118.571430,35.064800,7942,ok
-117.142850,35.064800,7943,ok
-115.714280,35.064800,7944,ok
-114.285720,35.064800,7945,ok
-112.857150,35.064800,7946,ok
-111.428570,35.064800,7947,ok
-110.000000,35.064800,7948,ok
-108.571430,35.064800,7949,ok
-107.142850,35.064800,7950,ok
-105.714280,35.064800,7951,ok
-104.285720,35.064800,7952,ok
-102.857150,35.064800,7953,ok
-101.428560,35.064800,7954,ok
-100.000000,35.064800,7955,ok
-98.571440,35.064800,7956,ok
-97.142850,35.064800,7957,ok
-95.714290,35.064800,7958,ok
-94.285710,35.064800,7959,ok
-92.857150,35.064800,7960,ok
-91.428560,35.064800,7961,ok
-90.000000,35.064800,7962,ok
-88.571440,35.064800,7963,ok
-87.142850,35.064800,7964,ok
-85.714290,35.064800,7965,ok
-84.285710,35.064800,7966,ok
-82.857150,35.064800,7967,ok
-81.428560,35.064800,7968,ok
-80.000000,35.064800,7969,ok
-78.571440,35.064800,7970,ok
-77.142850,35.064800,7971,ok
-5.714290,35.064800,8021,ok
-1.428560,35.064800,8024,ok
0.000000,34.129740,8025,ok
1.406250,34.129740,8026,ok
2.812500,34.129740,8027,ok
4.218750,34.129740,8028,ok
5.625000,34.129740,8029,ok
7.031250,34.129740,8030,ok
8.437500,34.129740,8031,ok
9.843750,34.129740,8032,ok
36.562500,34.129740,8051,ok
37.968750,34.129740,8052,ok
39.375000,34.129740,8053,ok
40.781250,34.129740,8054,ok
42.187500,34.129740,8055,ok
43.593750,34.129740,8056,ok
45.000000,34.129740,8057,ok
46.406250,34.129740,8058,ok
47.812500,34.129740,8059,ok
49.218750,34.129740,8060,ok
50.625000,34.129740,8061,ok
52.031250,34.129740,8062,ok
53.437500,34.129740,8063,ok
54.843750,34.129740,8064,ok
56.250000,34.129740,8065,ok
57.656250,34.129740,8066,ok
59.062500,34.129740,8067,ok
60.468750,34.129740,8068,ok
61.875000,34.129740,8069,ok
63.281250,34.129740,8070,ok
64.687500,34.129740,8071,ok
66.093750,34.129740,8072,ok
67.500000,34.129740,8073,ok
68.906250,34.129740,8074,ok
70.312500,34.129740,8075,ok
71.718750,34.129740,8076,ok
73.125000,34.129740,8077,ok
74.531250,34.129740,8078,ok
75.937500,34.129740,8079,ok
77.343750,34.129740,8080,ok
78.750000,34.129740,8081,ok
80.156250,34.129740,8082,ok
81.562500,34.129740,8083,ok
82.968750,34.129740,8084,ok
84.375000,34.129740,8085,ok
85.781250,34.129740,8086,ok
87.187500,34.129740,8087,ok
88.593750,34.129740,8088,ok
90.000000,34.129740,8089,ok
91.406250,34.129740,8090,ok
92.812500,34.129740,8091,ok
94.218750,34.129740,8092,ok
95.625000,34.129740,8093,ok
97.031250,34.129740,8094,ok
98.437500,34.129740,8095,ok
99.843750,34.129740,8096,ok
101.250000,34.129740,8097,ok
102.656250,34.129740,8098,ok
104.062500,34.129740,8099,ok
105.468750,34.129740,8100,ok
106.875000,34.129740,8101,ok
108.281250,34.129740,8102,ok
109.687500,34.129740,8103,ok
111.093750,34.129740,8104,ok
112.500000,34.129740,8105,ok
113.906250,34.129740,8106,ok
115.312500,34.129740,8107,ok
116.718750,34.129740,8108,ok
118.125000,34.129740,8109,ok
119.531250,34.129740,8110,ok
-118.125000,34.129740,8197,ok
-116.718750,34.129740,8198,ok
-115.312500,34.129740,8199,ok
-113.906250,34.129740,8200,ok
-112.500000,34.129740,8201,ok
-111.093750,34.129740,8202,ok
-109.687500,34.129740,8203,ok
-108.281250,34.129740,8204,ok
-106.875000,34.129740,8205,ok
-105.468750,34.129740,8206,ok
-104.062500,34.129740,8207,ok
-102.656250,34.129740,8208,ok
-101.250000,34.129740,8209,ok
-99.843750,34.129740,8210,ok
-98.437500,34.129740,8211,ok
-97.031250,34.129740,8212,ok
-95.625000,34.129740,8213,ok
-94.218750,34.129740,8214,ok
-92.812500,34.129740,8215,ok
-91.406250,34.129740,8216,ok
-90.000000,34.129740,8217,ok
-88.593750,34.129740,8218,ok
-87.187500,34.129740,8219,ok
-85.781250,34.129740,8220,ok
-84.375000,34.129740,8221,ok
-82.968750,34.129740,8222,ok
-81.562500,34.129740,8223,ok
-80.156250,34.129740,8224,ok
-78.750000,34.129740,8225,ok
-5.625000,34.129740,8277,ok
-4.218750,34.129740,8278,ok
-2.812500,34.129740,8279,ok
-1.406250,34.129740,8280,ok
0.000000,33.194680,8281,ok
1.384620,33.194680,8282,ok
2.769230,33.194680,8283,ok
4.153850,33.194680,8284,ok
5.538460,33.194680,8285,ok
6.923080,33.194680,8286,ok
8.307690,33.194680,8287,ok
9.692310,33.194680,8288,ok
11.076920,33.194680,8289,ok
36.000000,33.194680,8307,ok
37.384620,33.194680,8308,ok
38.769230,33.194680,8309,ok
40.153850,33.194680,8310,ok
41.538460,33.194680,8311,ok
42.923080,33.194680,8312,ok
44.307690,33.194680,8313,ok
45.692310,33.194680,8314,ok
47.076920,33.194680,8315,ok
48.461540,33.194680,8316,ok
49.846150,33.194680,8317,ok
51.230770,33.194680,8318,ok
52.615380,33.194680,8319,ok
54.000000,33.194680,8320,ok
55.384620,33.194680,8321,ok
56.769230,33.194680,8322,ok
58.153850,33.194680,8323,ok
59.538460,33.194680,8324,ok
60.923080,33.194680,8325,ok
62.307690,33.194680,8326,ok
63.692310,33.194680,8327,ok
65.076920,33.194680,8328,ok
66.461540,33.194680,8329,ok
67.846150,33.194680,8330,ok
69.230770,33.194680,8331,ok
70.615390,33.194680,8332,ok
72.000000,33.194680,8333,ok
73.384610,33.194680,8334,ok
74.769230,33.194680,8335,ok
76.153850,33.194680,8336,ok
77.538460,33.194680,8337,ok
78.923080,33.194680,8338,ok
80.307690,33.194680,8339,ok
81.692310,33.194680,8340,ok
83.076920,33.194680,8341,ok
84.461540,33.194680,8342,ok
85.846150,33.194680,8343,ok
87.230770,33.194680,8344,ok
88.615390,33.194680,8345,ok
90.000000,33.194680,8346,ok
91.384610,33.194680,8347,ok
92.769230,33.194680,8348,ok
94.153850,33.194680,8349,ok
95.538460,33.194680,8350,ok
96.923080,33.194680,8351,ok
98.307690,33.194680,8352,ok
99.692310,33.194680,8353,ok
101.076920,33.194680,8354,ok
102.461540,33.194680,8355,ok
103.846150,33.194680,8356,ok
105.230770,33.194680,8357,ok
106.615390,33.194680,8358,ok
108.000000,33.194680,8359,ok
109.384610,33.194680,8360,ok
110.769230,33.194680,8361,ok
112.153850,33.194680,8362,ok
113.538460,33.194680,8363,ok
114.923080,33.194680,8364,ok
116.307690,33.194680,8365,ok
117.692310,33.194680,8366,ok
119.076920,33.194680,8367,ok
130.153840,33.194680,8375,ok
131.538470,33.194680,8376,ok
132.923080,33.194680,8377,ok
-116.307690,33.194680,8457,ok
-114.923080,33.194680,8458,ok
-113.538470,33.194680,8459,ok
-112.153840,33.194680,8460,ok
-110.769230,33.194680,8461,ok
-109.384610,33.194680,8462,ok
-108.000000,33.194680,8463,ok
-106.615390,33.194680,8464,ok
-105.230770,33.194680,8465,ok
-103.846160,33.194680,8466,ok
-102.461550,33.194680,8467,ok
-101.076930,33.194680,8468,ok
-99.692320,33.194680,8469,ok
-98.307680,33.194680,8470,ok
-96.923070,33.194680,8471,ok
-95.538450,33.194680,8472,ok
-94.153840,33.194680,8473,ok
-92.769230,33.194680,8474,ok
-91.384610,33.194680,8475,ok
-90.000000,33.194680,8476,ok
-88.615390,33.194680,8477,ok
-87.230770,33.194680,8478,ok
-85.846160,33.194680,8479,ok
-84.461550,33.194680,8480,ok
-83.076930,33.194680,8481,ok
-81.692320,33.194680,8482,ok
-80.307680,33.194680,8483,ok
-6.923070,33.194680,8536,ok
-5.538450,33.194680,8537,ok
-4.153840,33.194680,8538,ok
-2.769230,33.194680,8539,ok
-1.384610,33.194680,8540,ok
0.000000,32.259620,8541,ok
1.363640,32.259620,8542,ok
2.727270,32.259620,8543,ok
4.090910,32.259620,8544,ok
5.454550,32.259620,8545,ok
6.818180,32.259620,8546,ok
8.181820,32.259620,8547,ok
9.545450,32.259620,8548,ok
10.909090,32.259620,8549,ok
12.272730,32.259620,8550,ok
13.636360,32.259620,8551,ok
21.818180,32.259620,8557,ok
35.454540,32.259620,8567,ok
36.818180,32.259620,8568,ok
38.181820,32.259620,8569,ok
39.545460,32.259620,8570,ok
40.909090,32.259620,8571,ok
42.272730,32.259620,8572,ok
43.636360,32.259620,8573,ok
45.000000,32.259620,8574,ok
46.363640,32.259620,8575,ok
47.727270,32.259620,8576,ok
49.090910,32.259620,8577,ok
50.454540,32.259620,8578,ok
51.818180,32.259620,8579,ok
53.181820,32.259620,8580,ok
54.545460,32.259620,8581,ok
55.909090,32.259620,8582,ok
57.272730,32.259620,8583,ok
58.636360,32.259620,8584,ok
60.000000,32.259620,8585,ok
61.363640,32.259620,8586,ok
62.727270,32.259620,8587,ok
64.090910,32.259620,8588,ok
65.454540,32.259620,8589,ok
66.818180,32.259620,8590,ok
68.181820,32.259620,8591,ok
69.545460,32.259620,8592,ok
70.909090,32.259620,8593,ok
72.272730,32.259620,8594,ok
73.636360,32.259620,8595,ok
75.000000,32.259620,8596,ok
76.363640,32.259620,8597,ok
77.727270,32.259620,8598,ok
79.090910,32.259620,8599,ok
80.454540,32.259620,8600,ok
81.818180,32.259620,8601,ok
83.181820,32.259620,8602,ok
84.545460,32.259620,8603,ok
85.909090,32.259620,8604,ok
87.272730,32.259620,8605,ok
88.636360,32.259620,8606,ok
90.000000,32.259620,8607,ok
91.363640,32.259620,8608,ok
92.727270,32.259620,8609,ok
94.090910,32.259620,8610,ok
95.454540,32.259620,8611,ok
96.818180,32.259620,8612,ok
98.181820,32.259620,8613,ok
99.545460,32.259620,8614,ok
100.909090,32.259620,8615,ok
102.272730,32.259620,8616,ok
103.636360,32.259620,8617,ok
105.000000,32.259620,8618,ok
106.363640,32.259620,8619,ok
107.727270,32.259620,8620,ok
109.090910,32.259620,8621,ok
110.454540,32.259620,8622,ok
111.818180,32.259620,8623,ok
113.181820,32.259620,8624,ok
114.545460,32.259620,8625,ok
115.909090,32.259620,8626,ok
117.272730,32.259620,8627,ok
118.636360,32.259620,8628,ok
120.000000,32.259620,8629,ok
130.909090,32.259620,8637,ok
-115.909090,32.259620,8720,ok
-114.545460,32.259620,8721,ok
-113.181820,32.259620,8722,ok
-111.818180,32.259620,8723,ok
-110.454540,32.259620,8724,ok
-109.090910,32.259620,8725,ok
-107.727280,32.259620,8726,ok
-106.363630,32.259620,8727,ok
-105.000000,32.259620,8728,ok
-103.636350,32.259620,8729,ok
-102.272740,32.259620,8730,ok
-100.909090,32.259620,8731,ok
-99.545440,32.259620,8732,ok
-98.181820,32.259620,8733,ok
-96.818180,32.259620,8734,ok
-95.454560,32.259620,8735,ok
-94.090910,32.259620,8736,ok
-92.727260,32.259620,8737,ok
-91.363650,32.259620,8738,ok
-90.000000,32.259620,8739,ok
-88.636350,32.259620,8740,ok
-87.272740,32.259620,8741,ok
-85.909090,32.259620,8742,ok
-84.545440,32.259620,8743,ok
-83.181820,32.259620,8744,ok
-81.818180,32.259620,8745,ok
-8.181820,32.259620,8799,ok
-6.818180,32.259620,8800,ok
-5.454560,32.259620,8801,ok
-4.090910,32.259620,8802,ok
-2.727260,32.259620,8803,ok
-1.363650,32.259620,8804,ok
0.000000,31.324560,8805,ok
1.343280,31.324560,8806,ok
2.686570,31.324560,8807,ok
4.029850,31.324560,8808,ok
5.373130,31.324560,8809,ok
6.716420,31.324560,8810,ok
8.059700,31.324560,8811,ok
9.402980,31.324560,8812,ok
10.746270,31.324560,8813,ok
12.089550,31.324560,8814,ok
13.432840,31.324560,8815,ok
14.776120,31.324560,8816,ok
20.149250,31.324560,8820,ok
21.492540,31.324560,8821,ok
22.835820,31.324560,8822,ok
24.179100,31.324560,8823,ok
25.522390,31.324560,8824,ok
34.925370,31.324560,8831,ok
36.268660,31.324560,8832,ok
37.611940,31.324560,8833,ok
38.955220,31.324560,8834,ok
40.298510,31.324560,8835,ok
41.641790,31.324560,8836,ok
42.985070,31.324560,8837,ok
44.328360,31.324560,8838,ok
45.671640,31.324560,8839,ok
47.014930,31.324560,8840,ok
48.358210,31.324560,8841,ok
49.701490,31.324560,8842,ok
51.044780,31.324560,8843,ok
52.388060,31.324560,8844,ok
53.731340,31.324560,8845,ok
55.074630,31.324560,8846,ok
56.417910,31.324560,8847,ok
57.761190,31.324560,8848,ok
59.104480,31.324560,8849,ok
60.447760,31.324560,8850,ok
61.791050,31.324560,8851,ok
63.134330,31.324560,8852,ok
64.477620,31.324560,8853,ok
65.820890,31.324560,8854,ok
67.164180,31.324560,8855,ok
68.507460,31.324560,8856,ok
69.850750,31.324560,8857,ok
71.194030,31.324560,8858,ok
72.537320,31.324560,8859,ok
73.880600,31.324560,8860,ok
75.223880,31.324560,8861,ok
76.567160,31.324560,8862,ok
77.910450,31.324560,8863,ok
79.253730,31.324560,8864,ok
80.597020,31.324560,8865,ok
81.940300,31.324560,8866,ok
83.283580,31.324560,8867,ok
84.626870,31.324560,8868,ok
85.970150,31.324560,8869,ok
87.313430,31.324560,8870,ok
88.656720,31.324560,8871,ok
90.000000,31.324560,8872,ok
91.343280,31.324560,8873,ok
92.686570,31.324560,8874,ok
94.029850,31.324560,8875,ok
95.373130,31.324560,8876,ok
96.716420,31.324560,8877,ok
98.059700,31.324560,8878,ok
99.402980,31.324560,8879,ok
100.746270,31.324560,8880,ok
102.089550,31.324560,8881,ok
103.432840,31.324560,8882,ok
104.776120,31.324560,8883,ok
106.119400,31.324560,8884,ok
107.462680,31.324560,8885,ok
108.805970,31.324560,8886,ok
110.149250,31.324560,8887,ok
111.492540,31.324560,8888,ok
112.835820,31.324560,8889,ok
114.179110,31.324560,8890,ok
115.522380,31.324560,8891,ok
116.865670,31.324560,8892,ok
118.208950,31.324560,8893,ok
119.552240,31.324560,8894,ok
120.895520,31.324560,8895,ok
-115.522380,31.324560,8987,ok
-112.835820,31.324560,8989,ok
-111.492540,31.324560,8990,ok
-110.149250,31.324560,8991,ok
-108.805970,31.324560,8992,ok
-107.462690,31.324560,8993,ok
-106.119400,31.324560,8994,ok
-104.776120,31.324560,8995,ok
-103.432830,31.324560,8996,ok
-102.089540,31.324560,8997,ok
-100.746280,31.324560,8998,ok
-99.402980,31.324560,8999,ok
-98.059690,31.324560,9000,ok
-96.716430,31.324560,9001,ok
-95.373140,31.324560,9002,ok
-94.029850,31.324560,9003,ok
-92.686550,31.324560,9004,ok
-91.343290,31.324560,9005,ok
-90.000000,31.324560,9006,ok
-88.656710,31.324560,9007,ok
-87.313450,31.324560,9008,ok
-85.970150,31.324560,9009,ok
-84.626860,31.324560,9010,ok
-83.283570,31.324560,9011,ok
-81.940310,31.324560,9012,ok
-9.402980,31.324560,9066,ok
-8.059690,31.324560,9067,ok
-6.716430,31.324560,9068,ok
-5.373140,31.324560,9069,ok
-4.029850,31.324560,9070,ok
-2.686550,31.324560,9071,ok
-1.343290,31.324560,9072,ok
0.000000,30.389500,9073,ok
1.323530,30.389500,9074,ok
2.647060,30.389500,9075,ok
3.970590,30.389500,9076,ok
5.294120,30.389500,9077,ok
6.617650,30.389500,9078,ok
7.941180,30.389500,9079,ok
9.264710,30.389500,9080,ok
10.588230,30.389500,9081,ok
11.911770,30.389500,9082,ok
13.235290,30.389500,9083,ok
14.558820,30.389500,9084,ok
15.882350,30.389500,9085,ok
17.205880,30.389500,9086,ok
21.176470,30.389500,9089,ok
22.500000,30.389500,9090,ok
23.823530,30.389500,9091,ok
25.147060,30.389500,9092,ok
26.470590,30.389500,9093,ok
27.794120,30.389500,9094,ok
29.117650,30.389500,9095,ok
30.441180,30.389500,9096,ok
31.764710,30.389500,9097,ok
33.088230,30.389500,9098,ok
34.411770,30.389500,9099,ok
35.735290,30.389500,9100,ok
37.058820,30.389500,9101,ok
38.382350,30.389500,9102,ok
39.705880,30.389500,9103,ok
41.029410,30.389500,9104,ok
42.352940,30.389500,9105,ok
43.676470,30.389500,9106,ok
45.000000,30.389500,9107,ok
46.323530,30.389500,9108,ok
47.647060,30.389500,9109,ok
50.294120,30.389500,9111,ok
51.617650,30.389500,9112,ok
52.941180,30.389500,9113,ok
54.264710,30.389500,9114,ok
55.588230,30.389500,9115,ok
56.911770,30.389500,9116,ok
58.235290,30.389500,9117,ok
59.558820,30.389500,9118,ok
60.882350,30.389500,9119,ok
62.205880,30.389500,9120,ok
63.529410,30.389500,9121,ok
64.852940,30.389500,9122,ok
66.176470,30.389500,9123,ok
67.500000,30.389500,9124,ok
68.823530,30.389500,9125,ok
70.147060,30.389500,9126,ok
71.470590,30.389500,9127,ok
72.794120,30.389500,9128,ok
74.117650,30.389500,9129,ok
75.441180,30.389500,9130,ok
76.764710,30.389500,9131,ok
78.088230,30.389500,9132,ok
79.411770,30.389500,9133,ok
80.735290,30.389500,9134,ok
82.058820,30.389500,9135,ok
83.382350,30.389500,9136,ok
84.705880,30.389500,9137,ok
86.029410,30.389500,9138,ok
87.352940,30.389500,9139,ok
88.676470,30.389500,9140,ok
90.000000,30.389500,9141,ok
91.323530,30.389500,9142,ok
92.647060,30.389500,9143,ok
93.970590,30.389500,9144,ok
95.294120,30.389500,9145,ok
96.617650,30.389500,9146,ok
97.941180,30.389500,9147,ok
99.264710,30.389500,9148,ok
100.588230,30.389500,9149,ok
101.911770,30.389500,9150,ok
103.235290,30.389500,9151,ok
104.558820,30.389500,9152,ok
105.882350,30.389500,9153,ok
107.205880,30.389500,9154,ok
108.529410,30.389500,9155,ok
109.852940,30.389500,9156,ok
111.176470,30.389500,9157,ok
112.500000,30.389500,9158,ok
113.823530,30.389500,9159,ok
115.147060,30.389500,9160,ok
116.470590,30.389500,9161,ok
117.794120,30.389500,9162,ok
119.117650,30.389500,9163,ok
120.441180,30.389500,9164,ok
-115.147060,30.389500,9258,ok
-112.500000,30.389500,9260,ok
-111.176470,30.389500,9261,ok
-109.852940,30.389500,9262,ok
-108.529420,30.389500,9263,ok
-107.205890,30.389500,9264,ok
-105.882350,30.389500,9265,ok
-104.558820,30.389500,9266,ok
-103.235290,30.389500,9267,ok
-101.911770,30.389500,9268,ok
-100.588230,30.389500,9269,ok
-99.264710,30.389500,9270,ok
-97.941160,30.389500,9271,ok
-96.617650,30.389500,9272,ok
-95.294130,30.389500,9273,ok
-93.970580,30.389500,9274,ok
-92.647060,30.389500,9275,ok
-91.323520,30.389500,9276,ok
-84.705870,30.389500,9281,ok
-83.382350,30.389500,9282,ok
-82.058840,30.389500,9283,ok
-9.264710,30.389500,9338,ok
-7.941160,30.389500,9339,ok
-6.617650,30.389500,9340,ok
-5.294130,30.389500,9341,ok
-3.970580,30.389500,9342,ok
-2.647060,30.389500,9343,ok
-1.323520,30.389500,9344,ok
0.000000,29.454440,9345,ok
1.304350,29.454440,9346,ok
2.608700,29.454440,9347,ok
3.913040,29.454440,9348,ok
5.217390,29.454440,9349,ok
6.521740,29.454440,9350,ok
7.826090,29.454440,9351,ok
9.130430,29.454440,9352,ok
10.434780,29.454440,9353,ok
11.739130,29.454440,9354,ok
13.043480,29.454440,9355,ok
14.347830,29.454440,9356,ok
15.652170,29.454440,9357,ok
16.956520,29.454440,9358,ok
18.260870,29.454440,9359,ok
19.565220,29.454440,9360,ok
20.869570,29.454440,9361,ok
22.173910,29.454440,9362,ok
23.478260,29.454440,9363,ok
24.782610,29.454440,9364,ok
26.086960,29.454440,9365,ok
27.391300,29.454440,9366,ok
28.695650,29.454440,9367,ok
30.000000,29.454440,9368,ok
31.304350,29.454440,9369,ok
32.608700,29.454440,9370,ok
33.913040,29.454440,9371,ok
35.217390,29.454440,9372,ok
36.521740,29.454440,9373,ok
37.826090,29.454440,9374,ok
39.130440,29.454440,9375,ok
40.434780,29.454440,9376,ok
41.739130,29.454440,9377,ok
43.043480,29.454440,9378,ok
44.347830,29.454440,9379,ok
45.652170,29.454440,9380,ok
46.956520,29.454440,9381,ok
52.173910,29.454440,9385,ok
53.478260,29.454440,9386,ok
54.782610,29.454440,9387,ok
56.086960,29.454440,9388,ok
57.391300,29.454440,9389,ok
58.695650,29.454440,9390,ok
60.000000,29.454440,9391,ok
61.304350,29.454440,9392,ok
62.608700,29.454440,9393,ok
63.913040,29.454440,9394,ok
65.217390,29.454440,9395,ok
66.521740,29.454440,9396,ok
67.826090,29.454440,9397,ok
69.130430,29.454440,9398,ok
70.434780,29.454440,9399,ok
71.739130,29.454440,9400,ok
73.043480,29.454440,9401,ok
74.347820,29.454440,9402,ok
75.652180,29.454440,9403,ok
76.956520,29.454440,9404,ok
78.260870,29.454440,9405,ok
79.565220,29.454440,9406,ok
80.869570,29.454440,9407,ok
82.173910,29.454440,9408,ok
83.478260,29.454440,9409,ok
84.782610,29.454440,9410,ok
86.086960,29.454440,9411,ok
87.391300,29.454440,9412,ok
88.695660,29.454440,9413,ok
90.000000,29.454440,9414,ok
91.304340,29.454440,9415,ok
92.608700,29.454440,9416,ok
93.913040,29.454440,9417,ok
95.217390,29.454440,9418,ok
96.521740,29.454440,9419,ok
97.826090,29.454440,9420,ok
99.130430,29.454440,9421,ok
100.434780,29.454440,9422,ok
101.739130,29.454440,9423,ok
103.043480,29.454440,9424,ok
104.347820,29.454440,9425,ok
105.652180,29.454440,9426,ok
106.956520,29.454440,9427,ok
108.260870,29.454440,9428,ok
109.565220,29.454440,9429,ok
110.869570,29.454440,9430,ok
112.173910,29.454440,9431,ok
113.478260,29.454440,9432,ok
114.782610,29.454440,9433,ok
116.086960,29.454440,9434,ok
117.391300,29.454440,9435,ok
118.695660,29.454440,9436,ok
120.000000,29.454440,9437,ok
121.304340,29.454440,9438,ok
-112.173920,29.454440,9535,ok
-110.869570,29.454440,9536,ok
-109.565220,29.454440,9537,ok
-108.260860,29.454440,9538,ok
-106.956530,29.454440,9539,ok
-105.652180,29.454440,9540,ok
-104.347820,29.454440,9541,ok
-103.043490,29.454440,9542,ok
-101.739140,29.454440,9543,ok
-100.434780,29.454440,9544,ok
-99.130430,29.454440,9545,ok
-97.826080,29.454440,9546,ok
-96.521730,29.454440,9547,ok
-95.217380,29.454440,9548,ok
-82.173920,29.454440,9558,ok
-9.130430,29.454440,9614,ok
-7.826080,29.454440,9615,ok
-6.521730,29.454440,9616,ok
-5.217380,29.454440,9617,ok
-3.913060,29.454440,9618,ok
-2.608700,29.454440,9619,ok
-1.304350,29.454440,9620,ok
0.000000,28.519370,9621,ok
1.285710,28.519370,9622,ok
2.571430,28.519370,9623,ok
3.857140,28.519370,9624,ok
5.142860,28.519370,9625,ok
6.428570,28.519370,9626,ok
7.714290,28.519370,9627,ok
9.000000,28.519370,9628,ok
10.285710,28.519370,9629,ok
11.571430,28.519370,9630,ok
12.857140,28.519370,9631,ok
14.142860,28.519370,9632,ok
15.428570,28.519370,9633,ok
16.714280,28.519370,9634,ok
18.000000,28.519370,9635,ok
19.285720,28.519370,9636,ok
20.571430,28.519370,9637,ok
21.857140,28.519370,9638,ok
23.142860,28.519370,9639,ok
24.428570,28.519370,9640,ok
25.714280,28.519370,9641,ok
27.000000,28.519370,9642,ok
28.285720,28.519370,9643,ok
29.571430,28.519370,9644,ok
30.857140,28.519370,9645,ok
32.142860,28.519370,9646,ok
33.428570,28.519370,9647,ok
34.714290,28.519370,9648,ok
36.000000,28.519370,9649,ok
37.285710,28.519370,9650,ok
38.571430,28.519370,9651,ok
39.857140,28.519370,9652,ok
41.142860,28.519370,9653,ok
42.428570,28.519370,9654,ok
43.714290,28.519370,9655,ok
45.000000,28.519370,9656,ok
46.285710,28.519370,9657,ok
47.571430,28.519370,9658,ok
51.428570,28.519370,9661,ok
52.714290,28.519370,9662,ok
54.000000,28.519370,9663,ok
55.285710,28.519370,9664,ok
56.571430,28.519370,9665,ok
57.857140,28.519370,9666,ok
59.142860,28.519370,9667,ok
60.428570,28.519370,9668,ok
61.714290,28.519370,9669,ok
63.000000,28.519370,9670,ok
64.285710,28.519370,9671,ok
65.571430,28.519370,9672,ok
66.857140,28.519370,9673,ok
68.142860,28.519370,9674,ok
69.428570,28.519370,9675,ok
70.714290,28.519370,9676,ok
72.000000,28.519370,9677,ok
73.285710,28.519370,9678,ok
74.571430,28.519370,9679,ok
75.857140,28.519370,9680,ok
77.142860,28.519370,9681,ok
78.428570,28.519370,9682,ok
79.714290,28.519370,9683,ok
81.000000,28.519370,9684,ok
82.285710,28.519370,9685,ok
83.571430,28.519370,9686,ok
84.857140,28.519370,9687,ok
86.142860,28.519370,9688,ok
87.428570,28.519370,9689,ok
88.714290,28.519370,9690,ok
90.000000,28.519370,9691,ok
91.285710,28.519370,9692,ok
92.571430,28.519370,9693,ok
93.857140,28.519370,9694,ok
95.142860,28.519370,9695,ok
96.428570,28.519370,9696,ok
97.714290,28.519370,9697,ok
99.000000,28.519370,9698,ok
100.285710,28.519370,9699,ok
101.571430,28.519370,9700,ok
102.857140,28.519370,9701,ok
104.142860,28.519370,9702,ok
105.428570,28.519370,9703,ok
106.714290,28.519370,9704,ok
108.000000,28.519370,9705,ok
109.285710,28.519370,9706,ok
110.571430,28.519370,9707,ok
111.857140,28.519370,9708,ok
113.142860,28.519370,9709,ok
114.428570,28.519370,9710,ok
115.714290,28.519370,9711,ok
117.000000,28.519370,9712,ok
118.285710,28.519370,9713,ok
119.571430,28.519370,9714,ok
120.857140,28.519370,9715,ok
-113.142850,28.519370,9813,ok
-110.571430,28.519370,9815,ok
-109.285720,28.519370,9816,ok
-108.000000,28.519370,9817,ok
-106.714280,28.519370,9818,ok
-105.428570,28.519370,9819,ok
-104.142850,28.519370,9820,ok
-102.857150,28.519370,9821,ok
-101.571440,28.519370,9822,ok
-100.285710,28.519370,9823,ok
-99.000000,28.519370,9824,ok
-97.714290,28.519370,9825,ok
-82.285710,28.519370,9837,ok
-10.285710,28.519370,9893,ok
-9.000000,28.519370,9894,ok
-7.714290,28.519370,9895,ok
-6.428560,28.519370,9896,ok
-5.142850,28.519370,9897,ok
-3.857150,28.519370,9898,ok
-2.571440,28.519370,9899,ok
-1.285710,28.519370,9900,ok
0.000000,27.584310,9901,ok
1.267610,27.584310,9902,ok
2.535210,27.584310,9903,ok
3.802820,27.584310,9904,ok
5.070420,27.584310,9905,ok
6.338030,27.584310,9906,ok
7.605630,27.584310,9907,ok
8.873240,27.584310,9908,ok
10.140850,27.584310,9909,ok
11.408450,27.584310,9910,ok
12.676060,27.584310,9911,ok
13.943660,27.584310,9912,ok
15.211270,27.584310,9913,ok
16.478870,27.584310,9914,ok
17.746480,27.584310,9915,ok
19.014080,27.584310,9916,ok
20.281690,27.584310,9917,ok
21.549300,27.584310,9918,ok
22.816900,27.584310,9919,ok
24.084510,27.584310,9920,ok
25.352110,27.584310,9921,ok
26.619720,27.584310,9922,ok
27.887320,27.584310,9923,ok
29.154930,27.584310,9924,ok
30.422530,27.584310,9925,ok
31.690140,27.584310,9926,ok
32.957740,27.584310,9927,ok
36.760560,27.584310,9930,ok
38.028170,27.584310,9931,ok
39.295780,27.584310,9932,ok
40.563380,27.584310,9933,ok
41.830990,27.584310,9934,ok
43.098590,27.584310,9935,ok
44.366200,27.584310,9936,ok
45.633800,27.584310,9937,ok
46.901410,27.584310,9938,ok
48.169010,27.584310,9939,ok
53.239440,27.584310,9943,ok
54.507040,27.584310,9944,ok
55.774650,27.584310,9945,ok
57.042260,27.584310,9946,ok
58.309860,27.584310,9947,ok
59.577470,27.584310,9948,ok
60.845070,27.584310,9949,ok
62.112670,27.584310,9950,ok
63.380280,27.584310,9951,ok
64.647890,27.584310,9952,ok
65.915490,27.584310,9953,ok
67.183100,27.584310,9954,ok
68.450710,27.584310,9955,ok
69.718310,27.584310,9956,ok
70.985920,27.584310,9957,ok
72.253520,27.584310,9958,ok
73.521130,27.584310,9959,ok
74.788730,27.584310,9960,ok
76.056340,27.584310,9961,ok
77.323940,27.584310,9962,ok
78.591550,27.584310,9963,ok
79.859150,27.584310,9964,ok
81.126760,27.584310,9965,ok
82.394360,27.584310,9966,ok
83.661970,27.584310,9967,ok
84.929580,27.584310,9968,ok
86.197180,27.584310,9969,ok
87.464790,27.584310,9970,ok
88.732390,27.584310,9971,ok
90.000000,27.584310,9972,ok
91.267610,27.584310,9973,ok
92.535210,27.584310,9974,ok
93.802820,27.584310,9975,ok
95.070420,27.584310,9976,ok
96.338030,27.584310,9977,ok
97.605640,27.584310,9978,ok
98.873240,27.584310,9979,ok
100.140850,27.584310,9980,ok
101.408450,27.584310,9981,ok
102.676060,27.584310,9982,ok
103.943660,27.584310,9983,ok
105.211270,27.584310,9984,ok
106.478870,27.584310,9985,ok
107.746480,27.584310,9986,ok
109.014080,27.584310,9987,ok
110.281690,27.584310,9988,ok
111.549290,27.584310,9989,ok
112.816900,27.584310,9990,ok
114.084510,27.584310,9991,ok
115.352110,27.584310,9992,ok
116.619720,27.584310,9993,ok
117.887320,27.584310,9994,ok
119.154930,27.584310,9995,ok
120.422540,27.584310,9996,ok
-114.084500,27.584310,10095,ok
-112.816890,27.584310,10096,ok
-109.014080,27.584310,10099,ok
-107.746480,27.584310,10100,ok
-106.478870,27.584310,10101,ok
-105.211270,27.584310,10102,ok
-103.943660,27.584310,10103,ok
-102.676060,27.584310,10104,ok
-101.408450,27.584310,10105,ok
-100.140840,27.584310,10106,ok
-98.873230,27.584310,10107,ok
-97.605620,27.584310,10108,ok
-81.126770,27.584310,10121,ok
-12.676060,27.584310,10175,ok
-11.408450,27.584310,10176,ok
-10.140840,27.584310,10177,ok
-8.873230,27.584310,10178,ok
-7.605620,27.584310,10179,ok
-6.338040,27.584310,10180,ok
-5.070430,27.584310,10181,ok
-3.802830,27.584310,10182,ok
-2.535220,27.584310,10183,ok
-1.267610,27.584310,10184,ok
0.000000,26.649250,10185,ok
1.250000,26.649250,10186,ok
2.500000,26.649250,10187,ok
3.750000,26.649250,10188,ok
5.000000,26.649250,10189,ok
6.250000,26.649250,10190,ok
7.500000,26.649250,10191,ok
8.750000,26.649250,10192,ok
10.000000,26.649250,10193,ok
11.250000,26.649250,10194,ok
12.500000,26.649250,10195,ok
13.750000,26.649250,10196,ok
15.000000,26.649250,10197,ok
16.250000,26.649250,10198,ok
17.500000,26.649250,10199,ok
18.750000,26.649250,10200,ok
20.000000,26.649250,10201,ok
21.250000,26.649250,10202,ok
22.500000,26.649250,10203,ok
23.750000,26.649250,10204,ok
25.000000,26.649250,10205,ok
26.250000,26.649250,10206,ok
27.500000,26.649250,10207,ok
28.750000,26.649250,10208,ok
30.000000,26.649250,10209,ok
31.250000,26.649250,10210,ok
32.500000,26.649250,10211,ok
33.750000,26.649250,10212,ok
37.500000,26.649250,10215,ok
38.750000,26.649250,10216,ok
40.000000,26.649250,10217,ok
41.250000,26.649250,10218,ok
42.500000,26.649250,10219,ok
43.750000,26.649250,10220,ok
45.000000,26.649250,10221,ok
46.250000,26.649250,10222,ok
47.500000,26.649250,10223,ok
48.750000,26.649250,10224,ok
57.500000,26.649250,10231,ok
58.750000,26.649250,10232,ok
60.000000,26.649250,10233,ok
61.250000,26.649250,10234,ok
62.500000,26.649250,10235,ok
63.750000,26.649250,10236,ok
65.000000,26.649250,10237,ok
66.250000,26.649250,10238,ok
67.500000,26.649250,10239,ok
68.750000,26.649250,10240,ok
70.000000,26.649250,10241,ok
71.250000,26.649250,10242,ok
72.500000,26.649250,10243,ok
73.750000,26.649250,10244,ok
75.000000,26.649250,10245,ok
76.250000,26.649250,10246,ok
77.500000,26.649250,10247,ok
78.750000,26.649250,10248,ok
80.000000,26.649250,10249,ok
81.250000,26.649250,10250,ok
82.500000,26.649250,10251,ok
83.750000,26.649250,10252,ok
85.000000,26.649250,10253,ok
86.250000,26.649250,10254,ok
87.500000,26.649250,10255,ok
88.750000,26.649250,10256,ok
90.000000,26.649250,10257,ok
91.250000,26.649250,10258,ok
92.500000,26.649250,10259,ok
93.750000,26.649250,10260,ok
95.000000,26.649250,10261,ok
96.250000,26.649250,10262,ok
97.500000,26.649250,10263,ok
98.750000,26.649250,10264,ok
100.000000,26.649250,10265,ok
101.250000,26.649250,10266,ok
102.500000,26.649250,10267,ok
103.750000,26.649250,10268,ok
105.000000,26.649250,10269,ok
106.250000,26.649250,10270,ok
107.500000,26.649250,10271,ok
108.750000,26.649250,10272,ok
110.000000,26.649250,10273,ok
111.250000,26.649250,10274,ok
112.500000,26.649250,10275,ok
113.750000,26.649250,10276,ok
115.000000,26.649250,10277,ok
116.250000,26.649250,10278,ok
117.500000,26.649250,10279,ok
118.750000,26.649250,10280,ok
-112.500000,26.649250,10383,ok
-108.750000,26.649250,10386,ok
-107.500000,26.649250,10387,ok
-106.250000,26.649250,10388,ok
-105.000000,26.649250,10389,ok
-103.750000,26.649250,10390,ok
-102.500000,26.649250,10391,ok
-101.250000,26.649250,10392,ok
-100.000000,26.649250,10393,ok
-98.750000,26.649250,10394,ok
-81.250000,26.649250,10408,ok
-12.500000,26.649250,10463,ok
-11.250000,26.649250,10464,ok
-10.000000,26.649250,10465,ok
-8.750000,26.649250,10466,ok
-7.500000,26.649250,10467,ok
-6.250000,26.649250,10468,ok
-5.000000,26.649250,10469,ok
-3.750000,26.649250,10470,ok
-2.500000,26.649250,10471,ok
-1.250000,26.649250,10472,ok
0.000000,25.714190,10473,ok
1.232880,25.714190,10474,ok
2.465750,25.714190,10475,ok
3.698630,25.714190,10476,ok
4.931510,25.714190,10477,ok
6.164380,25.714190,10478,ok
7.397260,25.714190,10479,ok
8.630140,25.714190,10480,ok
9.863010,25.714190,10481,ok
11.095890,25.714190,10482,ok
12.328770,25.714190,10483,ok
13.561640,25.714190,10484,ok
14.794520,25.714190,10485,ok
16.027400,25.714190,10486,ok
17.260270,25.714190,10487,ok
18.493150,25.714190,10488,ok
19.726030,25.714190,10489,ok
20.958900,25.714190,10490,ok
22.191780,25.714190,10491,ok
23.424660,25.714190,10492,ok
24.657530,25.714190,10493,ok
25.890410,25.714190,10494,ok
27.123290,25.714190,10495,ok
28.356160,25.714190,10496,ok
29.589040,25.714190,10497,ok
30.821920,25.714190,10498,ok
32.054790,25.714190,10499,ok
33.287670,25.714190,10500,ok
38.219180,25.714190,10504,ok
39.452050,25.714190,10505,ok
40.684930,25.714190,10506,ok
41.917810,25.714190,10507,ok
43.150680,25.714190,10508,ok
44.383560,25.714190,10509,ok
45.616440,25.714190,10510,ok
46.849320,25.714190,10511,ok
48.082190,25.714190,10512,ok
49.315070,25.714190,10513,ok
59.178080,25.714190,10521,ok
60.410960,25.714190,10522,ok
61.643840,25.714190,10523,ok
62.876710,25.714190,10524,ok
64.109590,25.714190,10525,ok
65.342470,25.714190,10526,ok
66.575340,25.714190,10527,ok
67.808220,25.714190,10528,ok
69.041100,25.714190,10529,ok
70.273970,25.714190,10530,ok
71.506850,25.714190,10531,ok
72.739720,25.714190,10532,ok
73.972600,25.714190,10533,ok
75.205480,25.714190,10534,ok
76.438350,25.714190,10535,ok
77.671230,25.714190,10536,ok
78.904110,25.714190,10537,ok
80.136990,25.714190,10538,ok
81.369870,25.714190,10539,ok
82.602740,25.714190,10540,ok
83.835620,25.714190,10541,ok
85.068500,25.714190,10542,ok
86.301370,25.714190,10543,ok
87.534250,25.714190,10544,ok
88.767120,25.714190,10545,ok
90.000000,25.714190,10546,ok
91.232880,25.714190,10547,ok
92.465750,25.714190,10548,ok
93.698630,25.714190,10549,ok
94.931500,25.714190,10550,ok
96.164380,25.714190,10551,ok
97.397260,25.714190,10552,ok
98.630130,25.714190,10553,ok
99.863010,25.714190,10554,ok
101.095890,25.714190,10555,ok
102.328770,25.714190,10556,ok
103.561650,25.714190,10557,ok
104.794520,25.714190,10558,ok
106.027400,25.714190,10559,ok
107.260280,25.714190,10560,ok
108.493150,25.714190,10561,ok
109.726030,25.714190,10562,ok
110.958900,25.714190,10563,ok
112.191780,25.714190,10564,ok
113.424660,25.714190,10565,ok
114.657530,25.714190,10566,ok
115.890410,25.714190,10567,ok
117.123290,25.714190,10568,ok
118.356160,25.714190,10569,ok
-108.493150,25.714190,10677,ok
-107.260270,25.714190,10678,ok
-106.027400,25.714190,10679,ok
-104.794530,25.714190,10680,ok
-103.561650,25.714190,10681,ok
-102.328770,25.714190,10682,ok
-101.095890,25.714190,10683,ok
-99.863010,25.714190,10684,ok
-98.630130,25.714190,10685,ok
-97.397250,25.714190,10686,ok
-13.561650,25.714190,10754,ok
-12.328770,25.714190,10755,ok
-11.095890,25.714190,10756,ok
-9.863010,25.714190,10757,ok
-8.630130,25.714190,10758,ok
-7.397250,25.714190,10759,ok
-6.164400,25.714190,10760,ok
-4.931520,25.714190,10761,ok
-3.698640,25.714190,10762,ok
-2.465760,25.714190,10763,ok
-1.232880,25.714190,10764,ok
0.000000,24.779130,10765,ok
1.216220,24.779130,10766,ok
2.432430,24.779130,10767,ok
3.648650,24.779130,10768,ok
4.864860,24.779130,10769,ok
6.081080,24.779130,10770,ok
7.297300,24.779130,10771,ok
8.513510,24.779130,10772,ok
9.729730,24.779130,10773,ok
10.945950,24.779130,10774,ok
12.162160,24.779130,10775,ok
13.378380,24.779130,10776,ok
14.594590,24.779130,10777,ok
15.810810,24.779130,10778,ok
17.027030,24.779130,10779,ok
18.243240,24.779130,10780,ok
19.459460,24.779130,10781,ok
20.675680,24.779130,10782,ok
21.891890,24.779130,10783,ok
23.108110,24.779130,10784,ok
24.324320,24.779130,10785,ok
25.540540,24.779130,10786,ok
26.756760,24.779130,10787,ok
27.972970,24.779130,10788,ok
29.189190,24.779130,10789,ok
30.405410,24.779130,10790,ok
31.621620,24.779130,10791,ok
32.837840,24.779130,10792,ok
34.054050,24.779130,10793,ok
37.702700,24.779130,10796,ok
38.918920,24.779130,10797,ok
40.135140,24.779130,10798,ok
41.351350,24.779130,10799,ok
42.567570,24.779130,10800,ok
43.783780,24.779130,10801,ok
45.000000,24.779130,10802,ok
46.216220,24.779130,10803,ok
47.432430,24.779130,10804,ok
48.648650,24.779130,10805,ok
49.864860,24.779130,10806,ok
51.081080,24.779130,10807,ok
55.945950,24.779130,10811,ok
68.108110,24.779130,10821,ok
69.324330,24.779130,10822,ok
70.540540,24.779130,10823,ok
71.756760,24.779130,10824,ok
72.972980,24.779130,10825,ok
74.189190,24.779130,10826,ok
75.405400,24.779130,10827,ok
76.621620,24.779130,10828,ok
77.837840,24.779130,10829,ok
79.054050,24.779130,10830,ok
80.270270,24.779130,10831,ok
81.486490,24.779130,10832,ok
82.702710,24.779130,10833,ok
83.918920,24.779130,10834,ok
85.135130,24.779130,10835,ok
86.351350,24.779130,10836,ok
87.567570,24.779130,10837,ok
88.783780,24.779130,10838,ok
90.000000,24.779130,10839,ok
91.216220,24.779130,10840,ok
92.432430,24.779130,10841,ok
93.648650,24.779130,10842,ok
94.864870,24.779130,10843,ok
96.081080,24.779130,10844,ok
97.297290,24.779130,10845,ok
98.513510,24.779130,10846,ok
99.729730,24.779130,10847,ok
100.945950,24.779130,10848,ok
102.162160,24.779130,10849,ok
103.378380,24.779130,10850,ok
104.594600,24.779130,10851,ok
105.810810,24.779130,10852,ok
107.027020,24.779130,10853,ok
108.243240,24.779130,10854,ok
109.459460,24.779130,10855,ok
110.675670,24.779130,10856,ok
111.891890,24.779130,10857,ok
113.108110,24.779130,10858,ok
114.324330,24.779130,10859,ok
115.540540,24.779130,10860,ok
116.756760,24.779130,10861,ok
117.972980,24.779130,10862,ok
-107.027020,24.779130,10973,ok
-105.810810,24.779130,10974,ok
-104.594590,24.779130,10975,ok
-103.378390,24.779130,10976,ok
-102.162170,24.779130,10977,ok
-100.945950,24.779130,10978,ok
-99.729740,24.779130,10979,ok
-98.513520,24.779130,10980,ok
-14.594600,24.779130,11049,ok
-13.378390,24.779130,11050,ok
-12.162170,24.779130,11051,ok
-10.945950,24.779130,11052,ok
-9.729740,24.779130,11053,ok
-8.513520,24.779130,11054,ok
-7.297300,24.779130,11055,ok
-6.081090,24.779130,11056,ok
-4.864870,24.779130,11057,ok
-3.648650,24.779130,11058,ok
-2.432430,24.779130,11059,ok
-1.216220,24.779130,11060,ok
0.000000,23.844070,11061,ok
1.200000,23.844070,11062,ok
2.400000,23.844070,11063,ok
3.600000,23.844070,11064,ok
4.800000,23.844070,11065,ok
6.000000,23.844070,11066,ok
7.200000,23.844070,11067,ok
8.400000,23.844070,11068,ok
9.600000,23.844070,11069,ok
10.800000,23.844070,11070,ok
12.000000,23.844070,11071,ok
13.200000,23.844070,11072,ok
14.400000,23.844070,11073,ok
15.600000,23.844070,11074,ok
16.800000,23.844070,11075,ok
18.000000,23.844070,11076,ok
19.200000,23.844070,11077,ok
20.400000,23.844070,11078,ok
21.600000,23.844070,11079,ok
22.800000,23.844070,11080,ok
24.000000,23.844070,11081,ok
25.200000,23.844070,11082,ok
26.400000,23.844070,11083,ok
27.600000,23.844070,11084,ok
28.800000,23.844070,11085,ok
30.000000,23.844070,11086,ok
31.200000,23.844070,11087,ok
32.400000,23.844070,11088,ok
33.600000,23.844070,11089,ok
34.800000,23.844070,11090,ok
39.600000,23.844070,11094,ok
40.800000,23.844070,11095,ok
42.000000,23.844070,11096,ok
43.200000,23.844070,11097,ok
44.400000,23.844070,11098,ok
45.600000,23.844070,11099,ok
46.800000,23.844070,11100,ok
48.000000,23.844070,11101,ok
49.200000,23.844070,11102,ok
50.400000,23.844070,11103,ok
51.600000,23.844070,11104,ok
52.800000,23.844070,11105,ok
54.000000,23.844070,11106,ok
55.200000,23.844070,11107,ok
56.400000,23.844070,11108,ok
69.600000,23.844070,11119,ok
70.800000,23.844070,11120,ok
72.000000,23.844070,11121,ok
73.200000,23.844070,11122,ok
74.400000,23.844070,11123,ok
75.600000,23.844070,11124,ok
76.800000,23.844070,11125,ok
78.000000,23.844070,11126,ok
79.200000,23.844070,11127,ok
80.400000,23.844070,11128,ok
81.600000,23.844070,11129,ok
82.800000,23.844070,11130,ok
84.000000,23.844070,11131,ok
85.200000,23.844070,11132,ok
86.400000,23.844070,11133,ok
87.600000,23.844070,11134,ok
88.800000,23.844070,11135,ok
90.000000,23.844070,11136,ok
91.200000,23.844070,11137,ok
92.400000,23.844070,11138,ok
93.600000,23.844070,11139,ok
94.800000,23.844070,11140,ok
96.000000,23.844070,11141,ok
97.200000,23.844070,11142,ok
98.400000,23.844070,11143,ok
99.600000,23.844070,11144,ok
100.800000,23.844070,11145,ok
102.000000,23.844070,11146,ok
103.200000,23.844070,11147,ok
104.400000,23.844070,11148,ok
105.600000,23.844070,11149,ok
106.800000,23.844070,11150,ok
108.000000,23.844070,11151,ok
109.200000,23.844070,11152,ok
110.400000,23.844070,11153,ok
111.600000,23.844070,11154,ok
112.800000,23.844070,11155,ok
114.000000,23.844070,11156,ok
115.200000,23.844070,11157,ok
116.400000,23.844070,11158,ok
121.200000,23.844070,11162,ok
-105.600010,23.844070,11273,ok
-104.399990,23.844070,11274,ok
-103.200010,23.844070,11275,ok
-102.000000,23.844070,11276,ok
-100.799990,23.844070,11277,ok
-99.600010,23.844070,11278,ok
-98.399990,23.844070,11279,ok
-14.399990,23.844070,11349,ok
-13.200010,23.844070,11350,ok
-12.000000,23.844070,11351,ok
-10.799990,23.844070,11352,ok
-9.600010,23.844070,11353,ok
-8.399990,23.844070,11354,ok
-7.200010,23.844070,11355,ok
-6.000000,23.844070,11356,ok
-4.799990,23.844070,11357,ok
-3.600010,23.844070,11358,ok
-2.399990,23.844070,11359,ok
-1.200010,23.844070,11360,ok
0.000000,22.909010,11361,ok
1.184210,22.909010,11362,ok
2.368420,22.909010,11363,ok
3.552630,22.909010,11364,ok
4.736840,22.909010,11365,ok
5.921050,22.909010,11366,ok
7.105260,22.909010,11367,ok
8.289470,22.909010,11368,ok
9.473680,22.909010,11369,ok
10.657900,22.909010,11370,ok
11.842100,22.909010,11371,ok
13.026320,22.909010,11372,ok
14.210530,22.909010,11373,ok
15.394740,22.909010,11374,ok
16.578950,22.909010,11375,ok
17.763160,22.909010,11376,ok
18.947370,22.909010,11377,ok
20.131580,22.909010,11378,ok
21.315790,22.909010,11379,ok
22.500000,22.909010,11380,ok
23.684210,22.909010,11381,ok
24.868420,22.909010,11382,ok
26.052630,22.909010,11383,ok
27.236840,22.909010,11384,ok
28.421050,22.909010,11385,ok
29.605260,22.909010,11386,ok
30.789470,22.909010,11387,ok
31.973680,22.909010,11388,ok
33.157890,22.909010,11389,ok
34.342110,22.909010,11390,ok
35.526320,22.909010,11391,ok
39.078950,22.909010,11394,ok
40.263160,22.909010,11395,ok
41.447370,22.909010,11396,ok
42.631580,22.909010,11397,ok
43.815790,22.909010,11398,ok
45.000000,22.909010,11399,ok
46.184210,22.909010,11400,ok
47.368420,22.909010,11401,ok
48.552630,22.909010,11402,ok
49.736840,22.909010,11403,ok
50.921050,22.909010,11404,ok
52.105260,22.909010,11405,ok
53.289470,22.909010,11406,ok
54.473680,22.909010,11407,ok
55.657890,22.909010,11408,ok
56.842110,22.909010,11409,ok
58.026320,22.909010,11410,ok
69.868420,22.909010,11420,ok
71.052640,22.909010,11421,ok
72.236840,22.909010,11422,ok
73.421050,22.909010,11423,ok
74.605260,22.909010,11424,ok
75.789470,22.909010,11425,ok
76.973690,22.909010,11426,ok
78.157900,22.909010,11427,ok
79.342100,22.909010,11428,ok
80.526310,22.909010,11429,ok
81.710530,22.909010,11430,ok
82.894740,22.909010,11431,ok
84.078950,22.909010,11432,ok
85.263160,22.909010,11433,ok
86.447360,22.909010,11434,ok
87.631580,22.909010,11435,ok
88.815790,22.909010,11436,ok
90.000000,22.909010,11437,ok
91.184210,22.909010,11438,ok
92.368420,22.909010,11439,ok
93.552640,22.909010,11440,ok
94.736840,22.909010,11441,ok
95.921050,22.909010,11442,ok
97.105260,22.909010,11443,ok
98.289470,22.909010,11444,ok
99.473690,22.909010,11445,ok
100.657900,22.909010,11446,ok
101.842100,22.909010,11447,ok
103.026310,22.909010,11448,ok
104.210530,22.909010,11449,ok
105.394740,22.909010,11450,ok
106.578950,22.909010,11451,ok
107.763160,22.909010,11452,ok
108.947360,22.909010,11453,ok
110.131580,22.909010,11454,ok
111.315790,22.909010,11455,ok
112.500000,22.909010,11456,ok
113.684210,22.909010,11457,ok
114.868420,22.909010,11458,ok
120.789470,22.909010,11463,ok
-105.394730,22.909010,11576,ok
-104.210530,22.909010,11577,ok
-103.026310,22.909010,11578,ok
-101.842100,22.909010,11579,ok
-100.657900,22.909010,11580,ok
-99.473690,22.909010,11581,ok
-98.289460,22.909010,11582,ok
-81.710540,22.909010,11596,ok
-80.526310,22.909010,11597,ok
-15.394740,22.909010,11652,ok
-14.210540,22.909010,11653,ok
-13.026310,22.909010,11654,ok
-11.842100,22.909010,11655,ok
-10.657900,22.909010,11656,ok
-9.473690,22.909010,11657,ok
-8.289460,22.909010,11658,ok
-7.105260,22.909010,11659,ok
-5.921050,22.909010,11660,ok
-4.736850,22.909010,11661,ok
-3.552640,22.909010,11662,ok
-2.368410,22.909010,11663,ok
-1.184200,22.909010,11664,ok
0.000000,21.973950,11665,ok
1.168830,21.973950,11666,ok
2.337660,21.973950,11667,ok
3.506490,21.973950,11668,ok
4.675320,21.973950,11669,ok
5.844160,21.973950,11670,ok
7.012990,21.973950,11671,ok
8.181820,21.973950,11672,ok
9.350650,21.973950,11673,ok
10.519480,21.973950,11674,ok
11.688310,21.973950,11675,ok
12.857140,21.973950,11676,ok
14.025970,21.973950,11677,ok
15.194810,21.973950,11678,ok
16.363640,21.973950,11679,ok
17.532470,21.973950,11680,ok
18.701300,21.973950,11681,ok
19.870130,21.973950,11682,ok
21.038960,21.973950,11683,ok
22.207790,21.973950,11684,ok
23.376620,21.973950,11685,ok
24.545450,21.973950,11686,ok
25.714280,21.973950,11687,ok
26.883120,21.973950,11688,ok
28.051950,21.973950,11689,ok
29.220780,21.973950,11690,ok
30.389610,21.973950,11691,ok
31.558440,21.973950,11692,ok
32.727270,21.973950,11693,ok
33.896100,21.973950,11694,ok
35.064930,21.973950,11695,ok
36.233760,21.973950,11696,ok
39.740260,21.973950,11699,ok
40.909090,21.973950,11700,ok
42.077920,21.973950,11701,ok
43.246750,21.973950,11702,ok
44.415580,21.973950,11703,ok
45.584420,21.973950,11704,ok
46.753250,21.973950,11705,ok
47.922080,21.973950,11706,ok
49.090910,21.973950,11707,ok
50.259740,21.973950,11708,ok
51.428570,21.973950,11709,ok
52.597400,21.973950,11710,ok
53.766240,21.973950,11711,ok
54.935070,21.973950,11712,ok
56.103900,21.973950,11713,ok
57.272730,21.973950,11714,ok
58.441560,21.973950,11715,ok
70.129870,21.973950,11725,ok
71.298700,21.973950,11726,ok
72.467530,21.973950,11727,ok
73.636360,21.973950,11728,ok
74.805190,21.973950,11729,ok
75.974030,21.973950,11730,ok
77.142860,21.973950,11731,ok
78.311690,21.973950,11732,ok
79.480520,21.973950,11733,ok
80.649350,21.973950,11734,ok
81.818180,21.973950,11735,ok
82.987010,21.973950,11736,ok
84.155850,21.973950,11737,ok
85.324680,21.973950,11738,ok
86.493510,21.973950,11739,ok
87.662340,21.973950,11740,ok
88.831170,21.973950,11741,ok
90.000000,21.973950,11742,ok
92.337660,21.973950,11744,ok
93.506490,21.973950,11745,ok
94.675320,21.973950,11746,ok
95.844150,21.973950,11747,ok
97.012990,21.973950,11748,ok
98.181820,21.973950,11749,ok
99.350650,21.973950,11750,ok
100.519480,21.973950,11751,ok
101.688310,21.973950,11752,ok
102.857140,21.973950,11753,ok
104.025970,21.973950,11754,ok
105.194810,21.973950,11755,ok
106.363640,21.973950,11756,ok
107.532470,21.973950,11757,ok
108.701300,21.973950,11758,ok
109.870130,21.973950,11759,ok
111.038960,21.973950,11760,ok
-105.194810,21.973950,11883,ok
-104.025970,21.973950,11884,ok
-102.857150,21.973950,11885,ok
-101.688320,21.973950,11886,ok
-100.519470,21.973950,11887,ok
-99.350650,21.973950,11888,ok
-98.181820,21.973950,11889,ok
-79.480530,21.973950,11905,ok
-16.363650,21.973950,11959,ok
-15.194790,21.973950,11960,ok
-14.025970,21.973950,11961,ok
-12.857150,21.973950,11962,ok
-11.688320,21.973950,11963,ok
-10.519470,21.973950,11964,ok
-9.350650,21.973950,11965,ok
-8.181820,21.973950,11966,ok
-7.013000,21.973950,11967,ok
-5.844150,21.973950,11968,ok
-4.675320,21.973950,11969,ok
-3.506500,21.973950,11970,ok
-2.337680,21.973950,11971,ok
-1.168820,21.973950,11972,ok
0.000000,21.038890,11973,ok
1.153850,21.038890,11974,ok
2.307690,21.038890,11975,ok
3.461540,21.038890,11976,ok
4.615380,21.038890,11977,ok
5.769230,21.038890,11978,ok
6.923080,21.038890,11979,ok
8.076920,21.038890,11980,ok
9.230770,21.038890,11981,ok
10.384610,21.038890,11982,ok
11.538460,21.038890,11983,ok
12.692310,21.038890,11984,ok
13.846150,21.038890,11985,ok
15.000000,21.038890,11986,ok
16.153850,21.038890,11987,ok
17.307690,21.038890,11988,ok
18.461540,21.038890,11989,ok
19.615390,21.038890,11990,ok
20.769230,21.038890,11991,ok
21.923080,21.038890,11992,ok
23.076920,21.038890,11993,ok
24.230770,21.038890,11994,ok
25.384610,21.038890,11995,ok
26.538460,21.038890,11996,ok
27.692310,21.038890,11997,ok
28.846150,21.038890,11998,ok
30.000000,21.038890,11999,ok
31.153850,21.038890,12000,ok
32.307690,21.038890,12001,ok
33.461540,21.038890,12002,ok
34.615380,21.038890,12003,ok
35.769230,21.038890,12004,ok
36.923080,21.038890,12005,ok
40.384620,21.038890,12008,ok
41.538460,21.038890,12009,ok
42.692310,21.038890,12010,ok
43.846150,21.038890,12011,ok
45.000000,21.038890,12012,ok
46.153850,21.038890,12013,ok
47.307690,21.038890,12014,ok
48.461540,21.038890,12015,ok
49.615380,21.038890,12016,ok
50.769230,21.038890,12017,ok
51.923080,21.038890,12018,ok
53.076920,21.038890,12019,ok
54.230770,21.038890,12020,ok
55.384620,21.038890,12021,ok
56.538460,21.038890,12022,ok
57.692310,21.038890,12023,ok
73.846150,21.038890,12037,ok
75.000000,21.038890,12038,ok
76.153850,21.038890,12039,ok
77.307690,21.038890,12040,ok
78.461540,21.038890,12041,ok
79.615390,21.038890,12042,ok
80.769230,21.038890,12043,ok
81.923080,21.038890,12044,ok
83.076920,21.038890,12045,ok
84.230770,21.038890,12046,ok
85.384610,21.038890,12047,ok
86.538460,21.038890,12048,ok
92.307690,21.038890,12053,ok
93.461540,21.038890,12054,ok
94.615390,21.038890,12055,ok
95.769230,21.038890,12056,ok
96.923080,21.038890,12057,ok
98.076920,21.038890,12058,ok
99.230770,21.038890,12059,ok
100.384610,21.038890,12060,ok
101.538460,21.038890,12061,ok
102.692310,21.038890,12062,ok
103.846150,21.038890,12063,ok
105.000000,21.038890,12064,ok
106.153850,21.038890,12065,ok
-105.000000,21.038890,12194,ok
-103.846160,21.038890,12195,ok
-102.692320,21.038890,12196,ok
-101.538450,21.038890,12197,ok
-100.384610,21.038890,12198,ok
-99.230770,21.038890,12199,ok
-98.076930,21.038890,12200,ok
-88.846160,21.038890,12208,ok
-87.692320,21.038890,12209,ok
-77.307680,21.038890,12218,ok
-76.153840,21.038890,12219,ok
-16.153840,21.038890,12271,ok
-15.000000,21.038890,12272,ok
-13.846160,21.038890,12273,ok
-12.692320,21.038890,12274,ok
-11.538450,21.038890,12275,ok
-10.384610,21.038890,12276,ok
-9.230770,21.038890,12277,ok
-8.076930,21.038890,12278,ok
-6.923070,21.038890,12279,ok
-5.769230,21.038890,12280,ok
-4.615390,21.038890,12281,ok
-3.461550,21.038890,12282,ok
-2.307680,21.038890,12283,ok
-1.153840,21.038890,12284,ok
0.000000,20.103820,12285,ok
1.139240,20.103820,12286,ok
2.278480,20.103820,12287,ok
3.417720,20.103820,12288,ok
4.556960,20.103820,12289,ok
5.696200,20.103820,12290,ok
6.835440,20.103820,12291,ok
7.974680,20.103820,12292,ok
9.113920,20.103820,12293,ok
10.253160,20.103820,12294,ok
11.392410,20.103820,12295,ok
12.531650,20.103820,12296,ok
13.670890,20.103820,12297,ok
14.810130,20.103820,12298,ok
15.949370,20.103820,12299,ok
17.088610,20.103820,12300,ok
18.227850,20.103820,12301,ok
19.367090,20.103820,12302,ok
20.506330,20.103820,12303,ok
21.645570,20.103820,12304,ok
22.784810,20.103820,12305,ok
23.924050,20.103820,12306,ok
25.063290,20.103820,12307,ok
26.202530,20.103820,12308,ok
27.341770,20.103820,12309,ok
28.481010,20.103820,12310,ok
29.620250,20.103820,12311,ok
30.759490,20.103820,12312,ok
31.898740,20.103820,12313,ok
33.037980,20.103820,12314,ok
34.177220,20.103820,12315,ok
35.316460,20.103820,12316,ok
36.455700,20.103820,12317,ok
41.012660,20.103820,12321,ok
42.151900,20.103820,12322,ok
43.291140,20.103820,12323,ok
44.430380,20.103820,12324,ok
45.569620,20.103820,12325,ok
46.708860,20.103820,12326,ok
47.848100,20.103820,12327,ok
48.987340,20.103820,12328,ok
50.126580,20.103820,12329,ok
51.265820,20.103820,12330,ok
52.405060,20.103820,12331,ok
53.544300,20.103820,12332,ok
54.683540,20.103820,12333,ok
55.822780,20.103820,12334,ok
56.962020,20.103820,12335,ok
74.050640,20.103820,12350,ok
75.189870,20.103820,12351,ok
76.329120,20.103820,12352,ok
77.468350,20.103820,12353,ok
78.607600,20.103820,12354,ok
79.746830,20.103820,12355,ok
80.886080,20.103820,12356,ok
82.025310,20.103820,12357,ok
83.164560,20.103820,12358,ok
84.303790,20.103820,12359,ok
85.443040,20.103820,12360,ok
94.556960,20.103820,12368,ok
95.696210,20.103820,12369,ok
96.835440,20.103820,12370,ok
97.974690,20.103820,12371,ok
99.113920,20.103820,12372,ok
100.253170,20.103820,12373,ok
101.392400,20.103820,12374,ok
102.531650,20.103820,12375,ok
103.670880,20.103820,12376,ok
104.810130,20.103820,12377,ok
105.949360,20.103820,12378,ok
-104.810120,20.103820,12509,ok
-103.670900,20.103820,12510,ok
-102.531650,20.103820,12511,ok
-101.392400,20.103820,12512,ok
-100.253170,20.103820,12513,ok
-99.113920,20.103820,12514,ok
-97.974670,20.103820,12515,ok
-90.000000,20.103820,12522,ok
-88.860750,20.103820,12523,ok
-87.721530,20.103820,12524,ok
-15.949370,20.103820,12587,ok
-14.810120,20.103820,12588,ok
-13.670900,20.103820,12589,ok
-12.531650,20.103820,12590,ok
-11.392400,20.103820,12591,ok
-10.253170,20.103820,12592,ok
-9.113920,20.103820,12593,ok
-7.974670,20.103820,12594,ok
-6.835450,20.103820,12595,ok
-5.696200,20.103820,12596,ok
-4.556980,20.103820,12597,ok
-3.417720,20.103820,12598,ok
-2.278470,20.103820,12599,ok
-1.139250,20.103820,12600,ok
0.000000,19.168760,12601,ok
1.125000,19.168760,12602,ok
2.250000,19.168760,12603,ok
3.375000,19.168760,12604,ok
4.500000,19.168760,12605,ok
5.625000,19.168760,12606,ok
6.750000,19.168760,12607,ok
7.875000,19.168760,12608,ok
9.000000,19.168760,12609,ok
10.125000,19.168760,12610,ok
11.250000,19.168760,12611,ok
12.375000,19.168760,12612,ok
13.500000,19.168760,12613,ok
14.625000,19.168760,12614,ok
15.750000,19.168760,12615,ok
16.875000,19.168760,12616,ok
18.000000,19.168760,12617,ok
19.125000,19.168760,12618,ok
20.250000,19.168760,12619,ok
21.375000,19.168760,12620,ok
22.500000,19.168760,12621,ok
23.625000,19.168760,12622,ok
24.750000,19.168760,12623,ok
25.875000,19.168760,12624,ok
27.000000,19.168760,12625,ok
28.125000,19.168760,12626,ok
29.250000,19.168760,12627,ok
30.375000,19.168760,12628,ok
31.500000,19.168760,12629,ok
32.625000,19.168760,12630,ok
33.750000,19.168760,12631,ok
34.875000,19.168760,12632,ok
36.000000,19.168760,12633,ok
37.125000,19.168760,12634,ok
41.625000,19.168760,12638,ok
42.750000,19.168760,12639,ok
43.875000,19.168760,12640,ok
45.000000,19.168760,12641,ok
46.125000,19.168760,12642,ok
47.250000,19.168760,12643,ok
48.375000,19.168760,12644,ok
49.500000,19.168760,12645,ok
50.625000,19.168760,12646,ok
51.750000,19.168760,12647,ok
52.875000,19.168760,12648,ok
54.000000,19.168760,12649,ok
55.125000,19.168760,12650,ok
56.250000,19.168760,12651,ok
73.125000,19.168760,12666,ok
74.250000,19.168760,12667,ok
75.375000,19.168760,12668,ok
76.500000,19.168760,12669,ok
77.625000,19.168760,12670,ok
78.750000,19.168760,12671,ok
79.875000,19.168760,12672,ok
81.000000,19.168760,12673,ok
82.125000,19.168760,12674,ok
83.250000,19.168760,12675,ok
84.375000,19.168760,12676,ok
94.500000,19.168760,12685,ok
95.625000,19.168760,12686,ok
96.750000,19.168760,12687,ok
97.875000,19.168760,12688,ok
99.000000,19.168760,12689,ok
100.125000,19.168760,12690,ok
101.250000,19.168760,12691,ok
102.375000,19.168760,12692,ok
103.500000,19.168760,12693,ok
104.625000,19.168760,12694,ok
109.125000,19.168760,12698,ok
110.250000,19.168760,12699,ok
-103.500000,19.168760,12829,ok
-102.375000,19.168760,12830,ok
-101.250000,19.168760,12831,ok
-100.125000,19.168760,12832,ok
-99.000000,19.168760,12833,ok
-97.875000,19.168760,12834,ok
-96.750000,19.168760,12835,ok
-90.000000,19.168760,12841,ok
-88.875000,19.168760,12842,ok
-87.750000,19.168760,12843,ok
-72.000000,19.168760,12857,ok
-70.875000,19.168760,12858,ok
-69.750000,19.168760,12859,ok
-14.625000,19.168760,12908,ok
-13.500000,19.168760,12909,ok
-12.375000,19.168760,12910,ok
-11.250000,19.168760,12911,ok
-10.125000,19.168760,12912,ok
-9.000000,19.168760,12913,ok
-7.875000,19.168760,12914,ok
-6.750000,19.168760,12915,ok
-5.625000,19.168760,12916,ok
-4.500000,19.168760,12917,ok
-3.375000,19.168760,12918,ok
-2.250000,19.168760,12919,ok
-1.125000,19.168760,12920,ok
0.000000,18.233700,12921,ok
1.111110,18.233700,12922,ok
2.222220,18.233700,12923,ok
3.333330,18.233700,12924,ok
4.444440,18.233700,12925,ok
5.555560,18.233700,12926,ok
6.666670,18.233700,12927,ok
7.777780,18.233700,12928,ok
8.888890,18.233700,12929,ok
10.000000,18.233700,12930,ok
11.111110,18.233700,12931,ok
12.222220,18.233700,12932,ok
13.333330,18.233700,12933,ok
14.444440,18.233700,12934,ok
15.555560,18.233700,12935,ok
16.666670,18.233700,12936,ok
17.777780,18.233700,12937,ok
18.888890,18.233700,12938,ok
20.000000,18.233700,12939,ok
21.111110,18.233700,12940,ok
22.222220,18.233700,12941,ok
23.333330,18.233700,12942,ok
24.444440,18.233700,12943,ok
25.555560,18.233700,12944,ok
26.666670,18.233700,12945,ok
27.777780,18.233700,12946,ok
28.888890,18.233700,12947,ok
30.000000,18.233700,12948,ok
31.111110,18.233700,12949,ok
32.222220,18.233700,12950,ok
33.333330,18.233700,12951,ok
34.444440,18.233700,12952,ok
35.555560,18.233700,12953,ok
36.666670,18.233700,12954,ok
37.777780,18.233700,12955,ok
42.222220,18.233700,12959,ok
43.333330,18.233700,12960,ok
44.444440,18.233700,12961,ok
45.555560,18.233700,12962,ok
46.666670,18.233700,12963,ok
47.777780,18.233700,12964,ok
48.888890,18.233700,12965,ok
50.000000,18.233700,12966,ok
51.111110,18.233700,12967,ok
52.222220,18.233700,12968,ok
53.333330,18.233700,12969,ok
54.444440,18.233700,12970,ok
55.555560,18.233700,12971,ok
73.333340,18.233700,12987,ok
74.444440,18.233700,12988,ok
75.555560,18.233700,12989,ok
76.666660,18.233700,12990,ok
77.777780,18.233700,12991,ok
78.888890,18.233700,12992,ok
80.000000,18.233700,12993,ok
81.111110,18.233700,12994,ok
82.222220,18.233700,12995,ok
83.333340,18.233700,12996,ok
95.555560,18.233700,13007,ok
96.666660,18.233700,13008,ok
97.777780,18.233700,13009,ok
98.888890,18.233700,13010,ok
100.000000,18.233700,13011,ok
101.111110,18.233700,13012,ok
102.222220,18.233700,13013,ok
103.333340,18.233700,13014,ok
104.444440,18.233700,13015,ok
105.555560,18.233700,13016,ok
-102.222230,18.233700,13153,ok
-101.111110,18.233700,13154,ok
-100.000000,18.233700,13155,ok
-98.888890,18.233700,13156,ok
-97.777770,18.233700,13157,ok
-96.666660,18.233700,13158,ok
-95.555540,18.233700,13159,ok
-93.333340,18.233700,13161,ok
-91.111110,18.233700,13163,ok
-90.000000,18.233700,13164,ok
-88.888890,18.233700,13165,ok
-15.555540,18.233700,13231,ok
-14.444460,18.233700,13232,ok
-13.333340,18.233700,13233,ok
-12.222230,18.233700,13234,ok
-11.111110,18.233700,13235,ok
-10.000000,18.233700,13236,ok
-8.888890,18.233700,13237,ok
-7.777770,18.233700,13238,ok
-6.666660,18.233700,13239,ok
-5.555540,18.233700,13240,ok
-4.444460,18.233700,13241,ok
-3.333340,18.233700,13242,ok
-2.222230,18.233700,13243,ok
-1.111110,18.233700,13244,ok
0.000000,17.298640,13245,ok
1.097560,17.298640,13246,ok
2.195120,17.298640,13247,ok
3.292680,17.298640,13248,ok
4.390240,17.298640,13249,ok
5.487800,17.298640,13250,ok
6.585370,17.298640,13251,ok
7.682930,17.298640,13252,ok
8.780490,17.298640,13253,ok
9.878050,17.298640,13254,ok
10.975610,17.298640,13255,ok
12.073170,17.298640,13256,ok
13.170730,17.298640,13257,ok
14.268290,17.298640,13258,ok
15.365850,17.298640,13259,ok
16.463420,17.298640,13260,ok
17.560980,17.298640,13261,ok
18.658540,17.298640,13262,ok
19.756100,17.298640,13263,ok
20.853660,17.298640,13264,ok
21.951220,17.298640,13265,ok
23.048780,17.298640,13266,ok
24.146340,17.298640,13267,ok
25.243900,17.298640,13268,ok
26.341460,17.298640,13269,ok
27.439020,17.298640,13270,ok
28.536580,17.298640,13271,ok
29.634150,17.298640,13272,ok
30.731710,17.298640,13273,ok
31.829270,17.298640,13274,ok
32.926830,17.298640,13275,ok
34.024390,17.298640,13276,ok
35.121950,17.298640,13277,ok
36.219510,17.298640,13278,ok
37.317070,17.298640,13279,ok
38.414630,17.298640,13280,ok
42.804880,17.298640,13284,ok
43.902440,17.298640,13285,ok
45.000000,17.298640,13286,ok
46.097560,17.298640,13287,ok
47.195120,17.298640,13288,ok
48.292680,17.298640,13289,ok
49.390240,17.298640,13290,ok
50.487800,17.298640,13291,ok
51.585370,17.298640,13292,ok
52.682930,17.298640,13293,ok
53.780490,17.298640,13294,ok
73.536580,17.298640,13312,ok
74.634150,17.298640,13313,ok
75.731700,17.298640,13314,ok
76.829270,17.298640,13315,ok
77.926830,17.298640,13316,ok
79.024390,17.298640,13317,ok
80.121950,17.298640,13318,ok
81.219510,17.298640,13319,ok
82.317070,17.298640,13320,ok
95.487810,17.298640,13332,ok
96.585370,17.298640,13333,ok
97.682930,17.298640,13334,ok
98.780490,17.298640,13335,ok
99.878050,17.298640,13336,ok
100.975610,17.298640,13337,ok
102.073170,17.298640,13338,ok
103.170730,17.298640,13339,ok
104.268300,17.298640,13340,ok
105.365850,17.298640,13341,ok
106.463420,17.298640,13342,ok
120.731700,17.298640,13355,ok
121.829270,17.298640,13356,ok
-99.878050,17.298640,13482,ok
-98.780490,17.298640,13483,ok
-97.682920,17.298640,13484,ok
-96.585360,17.298640,13485,ok
-95.487790,17.298640,13486,ok
-94.390260,17.298640,13487,ok
-93.292690,17.298640,13488,ok
-92.195130,17.298640,13489,ok
-91.097560,17.298640,13490,ok
-90.000000,17.298640,13491,ok
-88.902440,17.298640,13492,ok
-15.365840,17.298640,13559,ok
-14.268280,17.298640,13560,ok
-13.170750,17.298640,13561,ok
-12.073180,17.298640,13562,ok
-10.975620,17.298640,13563,ok
-9.878050,17.298640,13564,ok
-8.780490,17.298640,13565,ok
-7.682920,17.298640,13566,ok
-6.585360,17.298640,13567,ok
-5.487790,17.298640,13568,ok
-4.390260,17.298640,13569,ok
-3.292690,17.298640,13570,ok
-2.195130,17.298640,13571,ok
-1.097560,17.298640,13572,ok
0.000000,16.363580,13573,ok
1.084340,16.363580,13574,ok
2.168670,16.363580,13575,ok
3.253010,16.363580,13576,ok
4.337350,16.363580,13577,ok
5.421690,16.363580,13578,ok
6.506020,16.363580,13579,ok
7.590360,16.363580,13580,ok
8.674700,16.363580,13581,ok
9.759040,16.363580,13582,ok
10.843370,16.363580,13583,ok
11.927710,16.363580,13584,ok
13.012050,16.363580,13585,ok
14.096390,16.363580,13586,ok
15.180720,16.363580,13587,ok
16.265060,16.363580,13588,ok
17.349400,16.363580,13589,ok
18.433730,16.363580,13590,ok
19.518070,16.363580,13591,ok
20.602410,16.363580,13592,ok
21.686750,16.363580,13593,ok
22.771080,16.363580,13594,ok
23.855420,16.363580,13595,ok
24.939760,16.363580,13596,ok
26.024100,16.363580,13597,ok
27.108430,16.363580,13598,ok
28.192770,16.363580,13599,ok
29.277110,16.363580,13600,ok
30.361450,16.363580,13601,ok
31.445780,16.363580,13602,ok
32.530120,16.363580,13603,ok
33.614460,16.363580,13604,ok
34.698800,16.363580,13605,ok
35.783130,16.363580,13606,ok
36.867470,16.363580,13607,ok
37.951810,16.363580,13608,ok
43.373490,16.363580,13613,ok
44.457830,16.363580,13614,ok
45.542170,16.363580,13615,ok
46.626510,16.363580,13616,ok
47.710840,16.363580,13617,ok
48.795180,16.363580,13618,ok
49.879520,16.363580,13619,ok
50.963860,16.363580,13620,ok
52.048190,16.363580,13621,ok
73.734940,16.363580,13641,ok
74.819270,16.363580,13642,ok
75.903620,16.363580,13643,ok
76.987950,16.363580,13644,ok
78.072290,16.363580,13645,ok
79.156620,16.363580,13646,ok
80.240970,16.363580,13647,ok
95.421680,16.363580,13661,ok
98.674700,16.363580,13664,ok
99.759030,16.363580,13665,ok
100.843380,16.363580,13666,ok
101.927710,16.363580,13667,ok
103.012050,16.363580,13668,ok
104.096380,16.363580,13669,ok
105.180730,16.363580,13670,ok
106.265060,16.363580,13671,ok
107.349400,16.363580,13672,ok
121.445790,16.363580,13685,ok
-97.590360,16.363580,13815,ok
-96.506010,16.363580,13816,ok
-95.421690,16.363580,13817,ok
-94.337340,16.363580,13818,ok
-93.253020,16.363580,13819,ok
-92.168670,16.363580,13820,ok
-91.084350,16.363580,13821,ok
-90.000000,16.363580,13822,ok
-88.915650,16.363580,13823,ok
-16.265050,16.363580,13890,ok
-15.180730,16.363580,13891,ok
-14.096370,16.363580,13892,ok
-13.012050,16.363580,13893,ok
-11.927700,16.363580,13894,ok
-10.843380,16.363580,13895,ok
-9.759030,16.363580,13896,ok
-8.674710,16.363580,13897,ok
-7.590360,16.363580,13898,ok
-6.506010,16.363580,13899,ok
-5.421690,16.363580,13900,ok
-4.337340,16.363580,13901,ok
-3.253020,16.363580,13902,ok
-2.168670,16.363580,13903,ok
-1.084350,16.363580,13904,ok
0.000000,15.428520,13905,ok
1.071430,15.428520,13906,ok
2.142860,15.428520,13907,ok
3.214290,15.428520,13908,ok
4.285710,15.428520,13909,ok
5.357140,15.428520,13910,ok
6.428570,15.428520,13911,ok
7.500000,15.428520,13912,ok
8.571430,15.428520,13913,ok
9.642860,15.428520,13914,ok
10.714290,15.428520,13915,ok
11.785710,15.428520,13916,ok
12.857140,15.428520,13917,ok
13.928570,15.428520,13918,ok
15.000000,15.428520,13919,ok
16.071430,15.428520,13920,ok
17.142860,15.428520,13921,ok
18.214280,15.428520,13922,ok
19.285720,15.428520,13923,ok
20.357140,15.428520,13924,ok
21.428570,15.428520,13925,ok
22.500000,15.428520,13926,ok
23.571430,15.428520,13927,ok
24.642860,15.428520,13928,ok
25.714280,15.428520,13929,ok
26.785720,15.428520,13930,ok
27.857140,15.428520,13931,ok
28.928570,15.428520,13932,ok
30.000000,15.428520,13933,ok
31.071430,15.428520,13934,ok
32.142860,15.428520,13935,ok
33.214290,15.428520,13936,ok
34.285710,15.428520,13937,ok
35.357140,15.428520,13938,ok
36.428570,15.428520,13939,ok
37.500000,15.428520,13940,ok
38.571430,15.428520,13941,ok
39.642860,15.428520,13942,ok
43.928570,15.428520,13946,ok
45.000000,15.428520,13947,ok
46.071430,15.428520,13948,ok
47.142860,15.428520,13949,ok
48.214290,15.428520,13950,ok
49.285710,15.428520,13951,ok
50.357140,15.428520,13952,ok
75.000000,15.428520,13975,ok
76.071430,15.428520,13976,ok
77.142860,15.428520,13977,ok
78.214290,15.428520,13978,ok
79.285710,15.428520,13979,ok
98.571430,15.428520,13997,ok
99.642860,15.428520,13998,ok
100.714290,15.428520,13999,ok
101.785710,15.428520,14000,ok
102.857140,15.428520,14001,ok
103.928570,15.428520,14002,ok
105.000000,15.428520,14003,ok
106.071430,15.428520,14004,ok
107.142860,15.428520,14005,ok
108.214290,15.428520,14006,ok
121.071430,15.428520,14018,ok
-92.142850,15.428520,14155,ok
-91.071440,15.428520,14156,ok
-90.000000,15.428520,14157,ok
-88.928560,15.428520,14158,ok
-87.857150,15.428520,14159,ok
-86.785710,15.428520,14160,ok
-85.714290,15.428520,14161,ok
-84.642850,15.428520,14162,ok
-16.071440,15.428520,14226,ok
-15.000000,15.428520,14227,ok
-13.928560,15.428520,14228,ok
-12.857150,15.428520,14229,ok
-11.785710,15.428520,14230,ok
-10.714290,15.428520,14231,ok
-9.642850,15.428520,14232,ok
-8.571440,15.428520,14233,ok
-7.500000,15.428520,14234,ok
-6.428560,15.428520,14235,ok
-5.357150,15.428520,14236,ok
-4.285710,15.428520,14237,ok
-3.214290,15.428520,14238,ok
-2.142850,15.428520,14239,ok
-1.071440,15.428520,14240,ok
0.000000,14.493460,14241,ok
1.058820,14.493460,14242,ok
2.117650,14.493460,14243,ok
3.176470,14.493460,14244,ok
4.235290,14.493460,14245,ok
5.294120,14.493460,14246,ok
6.352940,14.493460,14247,ok
7.411760,14.493460,14248,ok
8.470590,14.493460,14249,ok
9.529410,14.493460,14250,ok
10.588230,14.493460,14251,ok
11.647060,14.493460,14252,ok
12.705880,14.493460,14253,ok
13.764710,14.493460,14254,ok
14.823530,14.493460,14255,ok
15.882350,14.493460,14256,ok
16.941180,14.493460,14257,ok
18.000000,14.493460,14258,ok
19.058820,14.493460,14259,ok
20.117650,14.493460,14260,ok
21.176470,14.493460,14261,ok
22.235290,14.493460,14262,ok
23.294120,14.493460,14263,ok
24.352940,14.493460,14264,ok
25.411760,14.493460,14265,ok
26.470590,14.493460,14266,ok
27.529410,14.493460,14267,ok
28.588240,14.493460,14268,ok
29.647060,14.493460,14269,ok
30.705880,14.493460,14270,ok
31.764710,14.493460,14271,ok
32.823530,14.493460,14272,ok
33.882350,14.493460,14273,ok
34.941180,14.493460,14274,ok
36.000000,14.493460,14275,ok
37.058820,14.493460,14276,ok
38.117650,14.493460,14277,ok
39.176470,14.493460,14278,ok
43.411770,14.493460,14282,ok
44.470590,14.493460,14283,ok
45.529410,14.493460,14284,ok
46.588230,14.493460,14285,ok
47.647060,14.493460,14286,ok
48.705880,14.493460,14287,ok
75.176470,14.493460,14312,ok
76.235290,14.493460,14313,ok
77.294120,14.493460,14314,ok
78.352940,14.493460,14315,ok
79.411770,14.493460,14316,ok
98.470590,14.493460,14334,ok
99.529410,14.493460,14335,ok
100.588230,14.493460,14336,ok
101.647060,14.493460,14337,ok
102.705880,14.493460,14338,ok
103.764710,14.493460,14339,ok
104.823530,14.493460,14340,ok
105.882350,14.493460,14341,ok
106.941180,14.493460,14342,ok
108.000000,14.493460,14343,ok
120.705880,14.493460,14355,ok
-91.058840,14.493460,14495,ok
-90.000000,14.493460,14496,ok
-88.941160,14.493460,14497,ok
-87.882350,14.493460,14498,ok
-86.823520,14.493460,14499,ok
-85.764710,14.493460,14500,ok
-84.705870,14.493460,14501,ok
-83.647060,14.493460,14502,ok
-15.882350,14.493460,14566,ok
-14.823520,14.493460,14567,ok
-13.764710,14.493460,14568,ok
-12.705870,14.493460,14569,ok
-11.647060,14.493460,14570,ok
-10.588230,14.493460,14571,ok
-9.529420,14.493460,14572,ok
-8.470580,14.493460,14573,ok
-7.411770,14.493460,14574,ok
-6.352940,14.493460,14575,ok
-5.294130,14.493460,14576,ok
-4.235290,14.493460,14577,ok
-3.176480,14.493460,14578,ok
-2.117650,14.493460,14579,ok
-1.058840,14.493460,14580,ok
0.000000,13.558400,14581,ok
1.046510,13.558400,14582,ok
2.093020,13.558400,14583,ok
3.139530,13.558400,14584,ok
4.186050,13.558400,14585,ok
5.232560,13.558400,14586,ok
6.279070,13.558400,14587,ok
7.325580,13.558400,14588,ok
8.372090,13.558400,14589,ok
9.418600,13.558400,14590,ok
10.465120,13.558400,14591,ok
11.511630,13.558400,14592,ok
12.558140,13.558400,14593,ok
13.604650,13.558400,14594,ok
14.651160,13.558400,14595,ok
15.697670,13.558400,14596,ok
16.744190,13.558400,14597,ok
17.790700,13.558400,14598,ok
18.837210,13.558400,14599,ok
19.883720,13.558400,14600,ok
20.930230,13.558400,14601,ok
21.976740,13.558400,14602,ok
23.023260,13.558400,14603,ok
24.069770,13.558400,14604,ok
25.116280,13.558400,14605,ok
26.162790,13.558400,14606,ok
27.209300,13.558400,14607,ok
28.255810,13.558400,14608,ok
29.302330,13.558400,14609,ok
30.348840,13.558400,14610,ok
31.395350,13.558400,14611,ok
32.441860,13.558400,14612,ok
33.488370,13.558400,14613,ok
34.534890,13.558400,14614,ok
35.581390,13.558400,14615,ok
36.627910,13.558400,14616,ok
37.674420,13.558400,14617,ok
38.720930,13.558400,14618,ok
39.767440,13.558400,14619,ok
40.813950,13.558400,14620,ok
41.860470,13.558400,14621,ok
43.953490,13.558400,14623,ok
45.000000,13.558400,14624,ok
46.046510,13.558400,14625,ok
75.348840,13.558400,14653,ok
76.395350,13.558400,14654,ok
77.441860,13.558400,14655,ok
78.488370,13.558400,14656,ok
79.534880,13.558400,14657,ok
99.418600,13.558400,14676,ok
100.465120,13.558400,14677,ok
101.511630,13.558400,14678,ok
102.558140,13.558400,14679,ok
103.604650,13.558400,14680,ok
104.651160,13.558400,14681,ok
105.697680,13.558400,14682,ok
106.744190,13.558400,14683,ok
107.790700,13.558400,14684,ok
108.837210,13.558400,14685,ok
121.395350,13.558400,14697,ok
-86.860470,13.558400,14842,ok
-85.813960,13.558400,14843,ok
-84.767460,13.558400,14844,ok
-83.720920,13.558400,14845,ok
-15.697660,13.558400,14910,ok
-14.651150,13.558400,14911,ok
-13.604640,13.558400,14912,ok
-12.558140,13.558400,14913,ok
-11.511630,13.558400,14914,ok
-10.465120,13.558400,14915,ok
-9.418610,13.558400,14916,ok
-8.372100,13.558400,14917,ok
-7.325590,13.558400,14918,ok
-6.279080,13.558400,14919,ok
-5.232540,13.558400,14920,ok
-4.186040,13.558400,14921,ok
-3.139530,13.558400,14922,ok
-2.093020,13.558400,14923,ok
-1.046510,13.558400,14924,ok
0.000000,12.623330,14925,ok
1.034480,12.623330,14926,ok
2.068970,12.623330,14927,ok
3.103450,12.623330,14928,ok
4.137930,12.623330,14929,ok
5.172410,12.623330,14930,ok
6.206900,12.623330,14931,ok
7.241380,12.623330,14932,ok
8.275860,12.623330,14933,ok
9.310340,12.623330,14934,ok
10.344830,12.623330,14935,ok
11.379310,12.623330,14936,ok
12.413790,12.623330,14937,ok
13.448280,12.623330,14938,ok
14.482760,12.623330,14939,ok
15.517240,12.623330,14940,ok
16.551720,12.623330,14941,ok
17.586210,12.623330,14942,ok
18.620690,12.623330,14943,ok
19.655170,12.623330,14944,ok
20.689660,12.623330,14945,ok
21.724140,12.623330,14946,ok
22.758620,12.623330,14947,ok
23.793100,12.623330,14948,ok
24.827590,12.623330,14949,ok
25.862070,12.623330,14950,ok
26.896550,12.623330,14951,ok
27.931030,12.623330,14952,ok
28.965520,12.623330,14953,ok
30.000000,12.623330,14954,ok
31.034480,12.623330,14955,ok
32.068970,12.623330,14956,ok
33.103450,12.623330,14957,ok
34.137930,12.623330,14958,ok
35.172410,12.623330,14959,ok
36.206900,12.623330,14960,ok
37.241380,12.623330,14961,ok
38.275860,12.623330,14962,ok
39.310340,12.623330,14963,ok
40.344830,12.623330,14964,ok
41.379310,12.623330,14965,ok
42.413790,12.623330,14966,ok
75.517240,12.623330,14998,ok
76.551730,12.623330,14999,ok
77.586200,12.623330,15000,ok
78.620690,12.623330,15001,ok
79.655170,12.623330,15002,ok
99.310350,12.623330,15021,ok
102.413800,12.623330,15024,ok
103.448270,12.623330,15025,ok
104.482760,12.623330,15026,ok
105.517240,12.623330,15027,ok
106.551730,12.623330,15028,ok
107.586200,12.623330,15029,ok
108.620690,12.623330,15030,ok
-86.896550,12.623330,15189,ok
-85.862060,12.623330,15190,ok
-84.827580,12.623330,15191,ok
-15.517240,12.623330,15258,ok
-14.482760,12.623330,15259,ok
-13.448270,12.623330,15260,ok
-12.413790,12.623330,15261,ok
-11.379300,12.623330,15262,ok
-10.344820,12.623330,15263,ok
-9.310330,12.623330,15264,ok
-8.275850,12.623330,15265,ok
-7.241390,12.623330,15266,ok
-6.206910,12.623330,15267,ok
-5.172420,12.623330,15268,ok
-4.137940,12.623330,15269,ok
-3.103450,12.623330,15270,ok
-2.068970,12.623330,15271,ok
-1.034480,12.623330,15272,ok
0.000000,11.688270,15273,ok
1.022730,11.688270,15274,ok
2.045450,11.688270,15275,ok
3.068180,11.688270,15276,ok
4.090910,11.688270,15277,ok
5.113640,11.688270,15278,ok
6.136360,11.688270,15279,ok
7.159090,11.688270,15280,ok
8.181820,11.688270,15281,ok
9.204550,11.688270,15282,ok
10.227270,11.688270,15283,ok
11.250000,11.688270,15284,ok
12.272730,11.688270,15285,ok
13.295450,11.688270,15286,ok
14.318180,11.688270,15287,ok
15.340910,11.688270,15288,ok
16.363640,11.688270,15289,ok
17.386360,11.688270,15290,ok
18.409090,11.688270,15291,ok
19.431820,11.688270,15292,ok
20.454550,11.688270,15293,ok
21.477270,11.688270,15294,ok
22.500000,11.688270,15295,ok
23.522730,11.688270,15296,ok
24.545450,11.688270,15297,ok
25.568180,11.688270,15298,ok
26.590910,11.688270,15299,ok
27.613640,11.688270,15300,ok
28.636360,11.688270,15301,ok
29.659090,11.688270,15302,ok
30.681820,11.688270,15303,ok
31.704550,11.688270,15304,ok
32.727270,11.688270,15305,ok
33.750000,11.688270,15306,ok
34.772730,11.688270,15307,ok
35.795460,11.688270,15308,ok
36.818180,11.688270,15309,ok
37.840910,11.688270,15310,ok
38.863640,11.688270,15311,ok
39.886360,11.688270,15312,ok
40.909090,11.688270,15313,ok
41.931820,11.688270,15314,ok
42.954540,11.688270,15315,ok
76.704540,11.688270,15348,ok
77.727270,11.688270,15349,ok
78.750000,11.688270,15350,ok
99.204540,11.688270,15370,ok
103.295460,11.688270,15374,ok
104.318180,11.688270,15375,ok
105.340910,11.688270,15376,ok
106.363640,11.688270,15377,ok
107.386360,11.688270,15378,ok
108.409090,11.688270,15379,ok
-84.886350,11.688270,15542,ok
-72.613650,11.688270,15554,ok
-15.340910,11.688270,15610,ok
-14.318180,11.688270,15611,ok
-13.295440,11.688270,15612,ok
-12.272740,11.688270,15613,ok
-11.250000,11.688270,15614,ok
-10.227260,11.688270,15615,ok
-9.204560,11.688270,15616,ok
-8.181820,11.688270,15617,ok
-7.159090,11.688270,15618,ok
-6.136350,11.688270,15619,ok
-5.113650,11.688270,15620,ok
-4.090910,11.688270,15621,ok
-3.068180,11.688270,15622,ok
-2.045440,11.688270,15623,ok
-1.022740,11.688270,15624,ok
0.000000,10.753210,15625,ok
1.011240,10.753210,15626,ok
2.022470,10.753210,15627,ok
3.033710,10.753210,15628,ok
4.044940,10.753210,15629,ok
5.056180,10.753210,15630,ok
6.067420,10.753210,15631,ok
7.078650,10.753210,15632,ok
8.089890,10.753210,15633,ok
9.101120,10.753210,15634,ok
10.112360,10.753210,15635,ok
11.123600,10.753210,15636,ok
12.134830,10.753210,15637,ok
13.146070,10.753210,15638,ok
14.157300,10.753210,15639,ok
15.168540,10.753210,15640,ok
16.179780,10.753210,15641,ok
17.191010,10.753210,15642,ok
18.202250,10.753210,15643,ok
19.213480,10.753210,15644,ok
20.224720,10.753210,15645,ok
21.235950,10.753210,15646,ok
22.247190,10.753210,15647,ok
23.258430,10.753210,15648,ok
24.269660,10.753210,15649,ok
25.280900,10.753210,15650,ok
26.292140,10.753210,15651,ok
27.303370,10.753210,15652,ok
28.314610,10.753210,15653,ok
29.325840,10.753210,15654,ok
30.337080,10.753210,15655,ok
31.348310,10.753210,15656,ok
32.359550,10.753210,15657,ok
33.370780,10.753210,15658,ok
34.382020,10.753210,15659,ok
35.393260,10.753210,15660,ok
36.404500,10.753210,15661,ok
37.415730,10.753210,15662,ok
38.426970,10.753210,15663,ok
39.438200,10.753210,15664,ok
40.449440,10.753210,15665,ok
41.460670,10.753210,15666,ok
42.471910,10.753210,15667,ok
43.483150,10.753210,15668,ok
48.539330,10.753210,15673,ok
49.550560,10.753210,15674,ok
50.561800,10.753210,15675,ok
76.853940,10.753210,15701,ok
77.865170,10.753210,15702,ok
78.876400,10.753210,15703,ok
99.101120,10.753210,15723,ok
104.157300,10.753210,15728,ok
105.168540,10.753210,15729,ok
106.179780,10.753210,15730,ok
107.191010,10.753210,15731,ok
122.359550,10.753210,15746,ok
-84.943820,10.753210,15897,ok
-83.932590,10.753210,15898,ok
-74.831450,10.753210,15907,ok
-73.820220,10.753210,15908,ok
-72.808990,10.753210,15909,ok
-70.786530,10.753210,15911,ok
-69.775270,10.753210,15912,ok
-68.764040,10.753210,15913,ok
-14.157320,10.753210,15967,ok
-13.146060,10.753210,15968,ok
-12.134830,10.753210,15969,ok
-11.123600,10.753210,15970,ok
-10.112370,10.753210,15971,ok
-9.101140,10.753210,15972,ok
-8.089870,10.753210,15973,ok
-7.078640,10.753210,15974,ok
-6.067410,10.753210,15975,ok
-5.056180,10.753210,15976,ok
-4.044950,10.753210,15977,ok
-3.033720,10.753210,15978,ok
-2.022460,10.753210,15979,ok
-1.011230,10.753210,15980,ok
0.000000,9.818150,15981,ok
1.000000,9.818150,15982,ok
2.000000,9.818150,15983,ok
3.000000,9.818150,15984,ok
4.000000,9.818150,15985,ok
5.000000,9.818150,15986,ok
6.000000,9.818150,15987,ok
7.000000,9.818150,15988,ok
8.000000,9.818150,15989,ok
9.000000,9.818150,15990,ok
10.000000,9.818150,15991,ok
11.000000,9.818150,15992,ok
12.000000,9.818150,15993,ok
13.000000,9.818150,15994,ok
14.000000,9.818150,15995,ok
15.000000,9.818150,15996,ok
16.000000,9.818150,15997,ok
17.000000,9.818150,15998,ok
18.000000,9.818150,15999,ok
19.000000,9.818150,16000,ok
20.000000,9.818150,16001,ok
21.000000,9.818150,16002,ok
22.000000,9.818150,16003,ok
23.000000,9.818150,16004,ok
24.000000,9.818150,16005,ok
25.000000,9.818150,16006,ok
26.000000,9.818150,16007,ok
27.000000,9.818150,16008,ok
28.000000,9.818150,16009,ok
29.000000,9.818150,16010,ok
30.000000,9.818150,16011,ok
31.000000,9.818150,16012,ok
32.000000,9.818150,16013,ok
33.000000,9.818150,16014,ok
34.000000,9.818150,16015,ok
35.000000,9.818150,16016,ok
36.000000,9.818150,16017,ok
37.000000,9.818150,16018,ok
38.000000,9.818150,16019,ok
39.000000,9.818150,16020,ok
40.000000,9.818150,16021,ok
41.000000,9.818150,16022,ok
42.000000,9.818150,16023,ok
43.000000,9.818150,16024,ok
44.000000,9.818150,16025,ok
45.000000,9.818150,16026,ok
46.000000,9.818150,16027,ok
47.000000,9.818150,16028,ok
48.000000,9.818150,16029,ok
49.000000,9.818150,16030,ok
50.000000,9.818150,16031,ok
77.000000,9.818150,16058,ok
78.000000,9.818150,16059,ok
99.000000,9.818150,16080,ok
106.000000,9.818150,16087,ok
123.000000,9.818150,16104,ok
-84.000000,9.818150,16257,ok
-75.000000,9.818150,16266,ok
-74.000000,9.818150,16267,ok
-73.000000,9.818150,16268,ok
-72.000000,9.818150,16269,ok
-70.000000,9.818150,16271,ok
-69.000000,9.818150,16272,ok
-68.000000,9.818150,16273,ok
-67.000000,9.818150,16274,ok
-66.000000,9.818150,16275,ok
-65.000000,9.818150,16276,ok
-64.000000,9.818150,16277,ok
-63.000000,9.818150,16278,ok
-62.000000,9.818150,16279,ok
-13.000000,9.818150,16328,ok
-12.000000,9.818150,16329,ok
-11.000000,9.818150,16330,ok
-10.000000,9.818150,16331,ok
-9.000000,9.818150,16332,ok
-8.000000,9.818150,16333,ok
-7.000000,9.818150,16334,ok
-6.000000,9.818150,16335,ok
-5.000000,9.818150,16336,ok
-4.000000,9.818150,16337,ok
-3.000000,9.818150,16338,ok
-2.000000,9.818150,16339,ok
-1.000000,9.818150,16340,ok
0.000000,8.883090,16341,ok
0.989010,8.883090,16342,ok
1.978020,8.883090,16343,ok
2.967030,8.883090,16344,ok
3.956040,8.883090,16345,ok
4.945060,8.883090,16346,ok
5.934070,8.883090,16347,ok
6.923080,8.883090,16348,ok
7.912090,8.883090,16349,ok
8.901100,8.883090,16350,ok
9.890110,8.883090,16351,ok
10.879120,8.883090,16352,ok
11.868130,8.883090,16353,ok
12.857140,8.883090,16354,ok
13.846150,8.883090,16355,ok
14.835170,8.883090,16356,ok
15.824180,8.883090,16357,ok
16.813190,8.883090,16358,ok
17.802200,8.883090,16359,ok
18.791210,8.883090,16360,ok
19.780220,8.883090,16361,ok
20.769230,8.883090,16362,ok
21.758240,8.883090,16363,ok
22.747250,8.883090,16364,ok
23.736260,8.883090,16365,ok
24.725280,8.883090,16366,ok
25.714280,8.883090,16367,ok
26.703300,8.883090,16368,ok
27.692310,8.883090,16369,ok
28.681320,8.883090,16370,ok
29.670330,8.883090,16371,ok
30.659340,8.883090,16372,ok
31.648350,8.883090,16373,ok
32.637360,8.883090,16374,ok
33.626370,8.883090,16375,ok
34.615380,8.883090,16376,ok
35.604400,8.883090,16377,ok
36.593410,8.883090,16378,ok
37.582420,8.883090,16379,ok
38.571430,8.883090,16380,ok
39.560440,8.883090,16381,ok
40.549450,8.883090,16382,ok
41.538460,8.883090,16383,ok
42.527470,8.883090,16384,ok
43.516480,8.883090,16385,ok
44.505490,8.883090,16386,ok
45.494510,8.883090,16387,ok
46.483520,8.883090,16388,ok
47.472530,8.883090,16389,ok
48.461540,8.883090,16390,ok
49.450550,8.883090,16391,ok
77.142860,8.883090,16419,ok
98.901100,8.883090,16441,ok
125.604390,8.883090,16468,ok
-83.076930,8.883090,16621,ok
-82.087920,8.883090,16622,ok
-81.098910,8.883090,16623,ok
-80.109890,8.883090,16624,ok
-78.131870,8.883090,16626,ok
-76.153840,8.883090,16628,ok
-75.164830,8.883090,16629,ok
-74.175810,8.883090,16630,ok
-73.186800,8.883090,16631,ok
-72.197810,8.883090,16632,ok
-71.208800,8.883090,16633,ok
-70.219790,8.883090,16634,ok
-69.230770,8.883090,16635,ok
-68.241760,8.883090,16636,ok
-67.252750,8.883090,16637,ok
-66.263730,8.883090,16638,ok
-65.274720,8.883090,16639,ok
-64.285710,8.883090,16640,ok
-63.296690,8.883090,16641,ok
-62.307680,8.883090,16642,ok
-61.318700,8.883090,16643,ok
-12.857150,8.883090,16692,ok
-11.868130,8.883090,16693,ok
-10.879120,8.883090,16694,ok
-9.890110,8.883090,16695,ok
-8.901090,8.883090,16696,ok
-7.912080,8.883090,16697,ok
-6.923070,8.883090,16698,ok
-5.934050,8.883090,16699,ok
-4.945070,8.883090,16700,ok
-3.956050,8.883090,16701,ok
-2.967040,8.883090,16702,ok
-1.978030,8.883090,16703,ok
-0.989010,8.883090,16704,ok
0.000000,7.948030,16705,ok
0.978260,7.948030,16706,ok
1.956520,7.948030,16707,ok
2.934780,7.948030,16708,ok
3.913040,7.948030,16709,ok
4.891300,7.948030,16710,ok
5.869570,7.948030,16711,ok
6.847830,7.948030,16712,ok
7.826090,7.948030,16713,ok
8.804350,7.948030,16714,ok
9.782610,7.948030,16715,ok
10.760870,7.948030,16716,ok
11.739130,7.948030,16717,ok
12.717390,7.948030,16718,ok
13.695650,7.948030,16719,ok
14.673910,7.948030,16720,ok
15.652170,7.948030,16721,ok
16.630430,7.948030,16722,ok
17.608700,7.948030,16723,ok
18.586960,7.948030,16724,ok
19.565220,7.948030,16725,ok
20.543480,7.948030,16726,ok
21.521740,7.948030,16727,ok
22.500000,7.948030,16728,ok
23.478260,7.948030,16729,ok
24.456520,7.948030,16730,ok
25.434780,7.948030,16731,ok
26.413040,7.948030,16732,ok
27.391300,7.948030,16733,ok
28.369570,7.948030,16734,ok
29.347830,7.948030,16735,ok
30.326090,7.948030,16736,ok
31.304350,7.948030,16737,ok
32.282610,7.948030,16738,ok
33.260870,7.948030,16739,ok
34.239130,7.948030,16740,ok
35.217390,7.948030,16741,ok
36.195650,7.948030,16742,ok
37.173910,7.948030,16743,ok
38.152170,7.948030,16744,ok
39.130440,7.948030,16745,ok
40.108700,7.948030,16746,ok
41.086960,7.948030,16747,ok
42.065220,7.948030,16748,ok
43.043480,7.948030,16749,ok
44.021740,7.948030,16750,ok
45.000000,7.948030,16751,ok
45.978260,7.948030,16752,ok
46.956520,7.948030,16753,ok
47.934780,7.948030,16754,ok
48.913040,7.948030,16755,ok
80.217390,7.948030,16787,ok
81.195660,7.948030,16788,ok
99.782610,7.948030,16807,ok
124.239130,7.948030,16832,ok
125.217390,7.948030,16833,ok
-81.195650,7.948030,16990,ok
-77.282620,7.948030,16994,ok
-76.304350,7.948030,16995,ok
-75.326080,7.948030,16996,ok
-74.347840,7.948030,16997,ok
-73.369570,7.948030,16998,ok
-72.391300,7.948030,16999,ok
-71.413060,7.948030,17000,ok
-70.434780,7.948030,17001,ok
-69.456510,7.948030,17002,ok
-68.478270,7.948030,17003,ok
-67.500000,7.948030,17004,ok
-66.521730,7.948030,17005,ok
-65.543490,7.948030,17006,ok
-64.565220,7.948030,17007,ok
-63.586940,7.948030,17008,ok
-62.608700,7.948030,17009,ok
-61.630430,7.948030,17010,ok
-60.652160,7.948030,17011,ok
-59.673920,7.948030,17012,ok
-11.739140,7.948030,17061,ok
-10.760860,7.948030,17062,ok
-9.782620,7.948030,17063,ok
-8.804350,7.948030,17064,ok
-7.826080,7.948030,17065,ok
-6.847840,7.948030,17066,ok
-5.869570,7.948030,17067,ok
-4.891300,7.948030,17068,ok
-3.913060,7.948030,17069,ok
-2.934780,7.948030,17070,ok
-1.956510,7.948030,17071,ok
-0.978270,7.948030,17072,ok
0.000000,7.012960,17073,ok
0.967740,7.012960,17074,ok
1.935480,7.012960,17075,ok
2.903230,7.012960,17076,ok
3.870970,7.012960,17077,ok
4.838710,7.012960,17078,ok
5.806450,7.012960,17079,ok
6.774190,7.012960,17080,ok
7.741940,7.012960,17081,ok
8.709680,7.012960,17082,ok
9.677420,7.012960,17083,ok
10.645160,7.012960,17084,ok
11.612900,7.012960,17085,ok
12.580650,7.012960,17086,ok
13.548390,7.012960,17087,ok
14.516130,7.012960,17088,ok
15.483870,7.012960,17089,ok
16.451610,7.012960,17090,ok
17.419360,7.012960,17091,ok
18.387100,7.012960,17092,ok
19.354840,7.012960,17093,ok
20.322580,7.012960,17094,ok
21.290320,7.012960,17095,ok
22.258060,7.012960,17096,ok
23.225810,7.012960,17097,ok
24.193550,7.012960,17098,ok
25.161290,7.012960,17099,ok
26.129030,7.012960,17100,ok
27.096780,7.012960,17101,ok
28.064520,7.012960,17102,ok
29.032260,7.012960,17103,ok
30.000000,7.012960,17104,ok
30.967740,7.012960,17105,ok
31.935480,7.012960,17106,ok
32.903220,7.012960,17107,ok
33.870970,7.012960,17108,ok
34.838710,7.012960,17109,ok
35.806450,7.012960,17110,ok
36.774190,7.012960,17111,ok
37.741940,7.012960,17112,ok
38.709680,7.012960,17113,ok
39.677420,7.012960,17114,ok
40.645160,7.012960,17115,ok
41.612900,7.012960,17116,ok
42.580650,7.012960,17117,ok
43.548390,7.012960,17118,ok
44.516130,7.012960,17119,ok
45.483870,7.012960,17120,ok
46.451610,7.012960,17121,ok
47.419350,7.012960,17122,ok
48.387100,7.012960,17123,ok
80.322580,7.012960,17156,ok
81.290320,7.012960,17157,ok
100.645160,7.012960,17177,ok
124.838710,7.012960,17202,ok
-77.419340,7.012960,17365,ok
-76.451600,7.012960,17366,ok
-75.483860,7.012960,17367,ok
-74.516140,7.012960,17368,ok
-73.548400,7.012960,17369,ok
-72.580660,7.012960,17370,ok
-71.612920,7.012960,17371,ok
-70.645170,7.012960,17372,ok
-69.677430,7.012960,17373,ok
-68.709690,7.012960,17374,ok
-67.741940,7.012960,17375,ok
-66.774200,7.012960,17376,ok
-65.806460,7.012960,17377,ok
-64.838710,7.012960,17378,ok
-63.870970,7.012960,17379,ok
-62.903230,7.012960,17380,ok
-61.935490,7.012960,17381,ok
-60.967740,7.012960,17382,ok
-60.000000,7.012960,17383,ok
-59.032260,7.012960,17384,ok
-11.612920,7.012960,17433,ok
-10.645170,7.012960,17434,ok
-9.677430,7.012960,17435,ok
-8.709690,7.012960,17436,ok
-7.741940,7.012960,17437,ok
-6.774200,7.012960,17438,ok
-5.806460,7.012960,17439,ok
-4.838710,7.012960,17440,ok
-3.870970,7.012960,17441,ok
-2.903230,7.012960,17442,ok
-1.935490,7.012960,17443,ok
-0.967740,7.012960,17444,ok
0.000000,6.077900,17445,ok
5.744680,6.077900,17451,ok
6.702130,6.077900,17452,ok
7.659570,6.077900,17453,ok
8.617020,6.077900,17454,ok
9.574470,6.077900,17455,ok
10.531910,6.077900,17456,ok
11.489360,6.077900,17457,ok
12.446810,6.077900,17458,ok
13.404250,6.077900,17459,ok
14.361700,6.077900,17460,ok
15.319150,6.077900,17461,ok
16.276600,6.077900,17462,ok
17.234040,6.077900,17463,ok
18.191490,6.077900,17464,ok
19.148940,6.077900,17465,ok
20.106380,6.077900,17466,ok
21.063830,6.077900,17467,ok
22.021280,6.077900,17468,ok
22.978720,6.077900,17469,ok
23.936170,6.077900,17470,ok
24.893620,6.077900,17471,ok
25.851060,6.077900,17472,ok
26.808510,6.077900,17473,ok
27.765960,6.077900,17474,ok
28.723400,6.077900,17475,ok
29.680850,6.077900,17476,ok
30.638300,6.077900,17477,ok
31.595750,6.077900,17478,ok
32.553190,6.077900,17479,ok
33.510640,6.077900,17480,ok
34.468090,6.077900,17481,ok
35.425530,6.077900,17482,ok
36.382980,6.077900,17483,ok
37.340430,6.077900,17484,ok
38.297870,6.077900,17485,ok
39.255320,6.077900,17486,ok
40.212760,6.077900,17487,ok
41.170210,6.077900,17488,ok
42.127660,6.077900,17489,ok
43.085110,6.077900,17490,ok
44.042550,6.077900,17491,ok
45.000000,6.077900,17492,ok
45.957450,6.077900,17493,ok
46.914890,6.077900,17494,ok
47.872340,6.077900,17495,ok
100.531910,6.077900,17550,ok
101.489360,6.077900,17551,ok
116.808510,6.077900,17567,ok
-76.595730,6.077900,17741,ok
-75.638310,6.077900,17742,ok
-74.680850,6.077900,17743,ok
-73.723420,6.077900,17744,ok
-72.765960,6.077900,17745,ok
-71.808500,6.077900,17746,ok
-70.851070,6.077900,17747,ok
-69.893620,6.077900,17748,ok
-68.936160,6.077900,17749,ok
-67.978730,6.077900,17750,ok
-67.021270,6.077900,17751,ok
-66.063840,6.077900,17752,ok
-65.106380,6.077900,17753,ok
-64.148930,6.077900,17754,ok
-63.191500,6.077900,17755,ok
-62.234040,6.077900,17756,ok
-61.276580,6.077900,17757,ok
-60.319150,6.077900,17758,ok
-59.361690,6.077900,17759,ok
-58.404270,6.077900,17760,ok
-57.446810,6.077900,17761,ok
-9.574460,6.077900,17811,ok
-8.617030,6.077900,17812,ok
-7.659580,6.077900,17813,ok
-6.702120,6.077900,17814,ok
-5.744690,6.077900,17815,ok
-4.787230,6.077900,17816,ok
-3.829770,6.077900,17817,ok
-2.872340,6.077900,17818,ok
-1.914890,6.077900,17819,ok
-0.957460,6.077900,17820,ok
6.631580,5.142840,17828,ok
7.578950,5.142840,17829,ok
8.526320,5.142840,17830,ok
9.473680,5.142840,17831,ok
10.421050,5.142840,17832,ok
11.368420,5.142840,17833,ok
12.315790,5.142840,17834,ok
13.263160,5.142840,17835,ok
14.210530,5.142840,17836,ok
15.157900,5.142840,17837,ok
16.105260,5.142840,17838,ok
17.052630,5.142840,17839,ok
18.000000,5.142840,17840,ok
18.947370,5.142840,17841,ok
19.894740,5.142840,17842,ok
20.842110,5.142840,17843,ok
21.789470,5.142840,17844,ok
22.736840,5.142840,17845,ok
23.684210,5.142840,17846,ok
24.631580,5.142840,17847,ok
25.578950,5.142840,17848,ok
26.526320,5.142840,17849,ok
27.473680,5.142840,17850,ok
28.421050,5.142840,17851,ok
29.368420,5.142840,17852,ok
30.315790,5.142840,17853,ok
31.263160,5.142840,17854,ok
32.210530,5.142840,17855,ok
33.157890,5.142840,17856,ok
34.105260,5.142840,17857,ok
35.052630,5.142840,17858,ok
36.000000,5.142840,17859,ok
36.947370,5.142840,17860,ok
37.894740,5.142840,17861,ok
38.842110,5.142840,17862,ok
39.789470,5.142840,17863,ok
40.736840,5.142840,17864,ok
41.684210,5.142840,17865,ok
42.631580,5.142840,17866,ok
43.578950,5.142840,17867,ok
44.526320,5.142840,17868,ok
45.473680,5.142840,17869,ok
46.421050,5.142840,17870,ok
47.368420,5.142840,17871,ok
95.684210,5.142840,17922,ok
101.368420,5.142840,17928,ok
102.315790,5.142840,17929,ok
115.578950,5.142840,17943,ok
116.526310,5.142840,17944,ok
117.473690,5.142840,17945,ok
118.421050,5.142840,17946,ok
-76.736850,5.142840,18120,ok
-75.789460,5.142840,18121,ok
-74.842100,5.142840,18122,ok
-73.894740,5.142840,18123,ok
-72.947360,5.142840,18124,ok
-72.000000,5.142840,18125,ok
-71.052640,5.142840,18126,ok
-70.105260,5.142840,18127,ok
-69.157900,5.142840,18128,ok
-68.210540,5.142840,18129,ok
-67.263150,5.142840,18130,ok
-66.315800,5.142840,18131,ok
-65.368410,5.142840,18132,ok
-64.421050,5.142840,18133,ok
-63.473690,5.142840,18134,ok
-62.526310,5.142840,18135,ok
-61.578950,5.142840,18136,ok
-60.631590,5.142840,18137,ok
-59.684200,5.142840,18138,ok
-58.736850,5.142840,18139,ok
-57.789460,5.142840,18140,ok
-56.842100,5.142840,18141,ok
-55.894740,5.142840,18142,ok
-54.947360,5.142840,18143,ok
-54.000000,5.142840,18144,ok
-53.052640,5.142840,18145,ok
-8.526310,5.142840,18192,ok
-7.578950,5.142840,18193,ok
-6.631590,5.142840,18194,ok
-5.684200,5.142840,18195,ok
-1.894740,5.142840,18199,ok
9.375000,4.207780,18211,ok
10.312500,4.207780,18212,ok
11.250000,4.207780,18213,ok
12.187500,4.207780,18214,ok
13.125000,4.207780,18215,ok
14.062500,4.207780,18216,ok
15.000000,4.207780,18217,ok
15.937500,4.207780,18218,ok
16.875000,4.207780,18219,ok
17.812500,4.207780,18220,ok
18.750000,4.207780,18221,ok
19.687500,4.207780,18222,ok
20.625000,4.207780,18223,ok
21.562500,4.207780,18224,ok
22.500000,4.207780,18225,ok
23.437500,4.207780,18226,ok
24.375000,4.207780,18227,ok
25.312500,4.207780,18228,ok
26.250000,4.207780,18229,ok
27.187500,4.207780,18230,ok
28.125000,4.207780,18231,ok
29.062500,4.207780,18232,ok
30.000000,4.207780,18233,ok
30.937500,4.207780,18234,ok
31.875000,4.207780,18235,ok
32.812500,4.207780,18236,ok
33.750000,4.207780,18237,ok
34.687500,4.207780,18238,ok
35.625000,4.207780,18239,ok
36.562500,4.207780,18240,ok
37.500000,4.207780,18241,ok
38.437500,4.207780,18242,ok
39.375000,4.207780,18243,ok
40.312500,4.207780,18244,ok
41.250000,4.207780,18245,ok
42.187500,4.207780,18246,ok
43.125000,4.207780,18247,ok
44.062500,4.207780,18248,ok
45.000000,4.207780,18249,ok
45.937500,4.207780,18250,ok
46.875000,4.207780,18251,ok
96.562500,4.207780,18304,ok
97.500000,4.207780,18305,ok
101.250000,4.207780,18309,ok
102.187500,4.207780,18310,ok
103.125000,4.207780,18311,ok
114.375000,4.207780,18323,ok
115.312500,4.207780,18324,ok
116.250000,4.207780,18325,ok
117.187500,4.207780,18326,ok
-76.875000,4.207780,18503,ok
-75.937500,4.207780,18504,ok
-75.000000,4.207780,18505,ok
-74.062500,4.207780,18506,ok
-73.125000,4.207780,18507,ok
-72.187500,4.207780,18508,ok
-71.250000,4.207780,18509,ok
-70.312500,4.207780,18510,ok
-69.375000,4.207780,18511,ok
-68.437500,4.207780,18512,ok
-67.500000,4.207780,18513,ok
-66.562500,4.207780,18514,ok
-65.625000,4.207780,18515,ok
-64.687500,4.207780,18516,ok
-63.750000,4.207780,18517,ok
-62.812500,4.207780,18518,ok
-61.875000,4.207780,18519,ok
-60.937500,4.207780,18520,ok
-60.000000,4.207780,18521,ok
-59.062500,4.207780,18522,ok
-58.125000,4.207780,18523,ok
-57.187500,4.207780,18524,ok
-56.250000,4.207780,18525,ok
-55.312500,4.207780,18526,ok
-54.375000,4.207780,18527,ok
-53.437500,4.207780,18528,ok
-52.500000,4.207780,18529,ok
10.206190,3.272720,18596,ok
11.134020,3.272720,18597,ok
12.061860,3.272720,18598,ok
12.989690,3.272720,18599,ok
13.917530,3.272720,18600,ok
14.845360,3.272720,18601,ok
15.773200,3.272720,18602,ok
16.701030,3.272720,18603,ok
17.628870,3.272720,18604,ok
18.556700,3.272720,18605,ok
19.484540,3.272720,18606,ok
20.412370,3.272720,18607,ok
21.340210,3.272720,18608,ok
22.268040,3.272720,18609,ok
23.195880,3.272720,18610,ok
24.123710,3.272720,18611,ok
25.051550,3.272720,18612,ok
25.979380,3.272720,18613,ok
26.907220,3.272720,18614,ok
27.835050,3.272720,18615,ok
28.762890,3.272720,18616,ok
29.690720,3.272720,18617,ok
30.618560,3.272720,18618,ok
31.546390,3.272720,18619,ok
32.474230,3.272720,18620,ok
33.402060,3.272720,18621,ok
34.329900,3.272720,18622,ok
35.257730,3.272720,18623,ok
36.185570,3.272720,18624,ok
37.113400,3.272720,18625,ok
38.041240,3.272720,18626,ok
38.969070,3.272720,18627,ok
39.896910,3.272720,18628,ok
40.824740,3.272720,18629,ok
41.752580,3.272720,18630,ok
42.680410,3.272720,18631,ok
43.608250,3.272720,18632,ok
44.536080,3.272720,18633,ok
45.463920,3.272720,18634,ok
46.391750,3.272720,18635,ok
97.422680,3.272720,18690,ok
98.350520,3.272720,18691,ok
99.278350,3.272720,18692,ok
102.061860,3.272720,18695,ok
102.989690,3.272720,18696,ok
113.195880,3.272720,18707,ok
114.123710,3.272720,18708,ok
115.051540,3.272720,18709,ok
115.979380,3.272720,18710,ok
116.907220,3.272720,18711,ok
-77.010310,3.272720,18890,ok
-76.082490,3.272720,18891,ok
-75.154630,3.272720,18892,ok
-74.226810,3.272720,18893,ok
-73.298980,3.272720,18894,ok
-72.371120,3.272720,18895,ok
-71.443300,3.272720,18896,ok
-70.515470,3.272720,18897,ok
-69.587620,3.272720,18898,ok
-68.659790,3.272720,18899,ok
-67.731960,3.272720,18900,ok
-66.804140,3.272720,18901,ok
-65.876280,3.272720,18902,ok
-64.948460,3.272720,18903,ok
-64.020630,3.272720,18904,ok
-63.092770,3.272720,18905,ok
-62.164950,3.272720,18906,ok
-61.237120,3.272720,18907,ok
-60.309270,3.272720,18908,ok
-59.381440,3.272720,18909,ok
-58.453610,3.272720,18910,ok
-57.525790,3.272720,18911,ok
-56.597930,3.272720,18912,ok
-55.670100,3.272720,18913,ok
-54.742280,3.272720,18914,ok
-53.814420,3.272720,18915,ok
-52.886600,3.272720,18916,ok
-51.958770,3.272720,18917,ok
10.102040,2.337650,18984,ok
11.020410,2.337650,18985,ok
11.938780,2.337650,18986,ok
12.857140,2.337650,18987,ok
13.775510,2.337650,18988,ok
14.693880,2.337650,18989,ok
15.612240,2.337650,18990,ok
16.530610,2.337650,18991,ok
17.448980,2.337650,18992,ok
18.367350,2.337650,18993,ok
19.285720,2.337650,18994,ok
20.204080,2.337650,18995,ok
21.122450,2.337650,18996,ok
22.040820,2.337650,18997,ok
22.959180,2.337650,18998,ok
23.877550,2.337650,18999,ok
24.795920,2.337650,19000,ok
25.714280,2.337650,19001,ok
26.632650,2.337650,19002,ok
27.551020,2.337650,19003,ok
28.469390,2.337650,19004,ok
29.387750,2.337650,19005,ok
30.306120,2.337650,19006,ok
31.224490,2.337650,19007,ok
32.142860,2.337650,19008,ok
33.061230,2.337650,19009,ok
33.979590,2.337650,19010,ok
34.897960,2.337650,19011,ok
35.816330,2.337650,19012,ok
36.734700,2.337650,19013,ok
37.653060,2.337650,19014,ok
38.571430,2.337650,19015,ok
39.489800,2.337650,19016,ok
40.408160,2.337650,19017,ok
41.326530,2.337650,19018,ok
42.244900,2.337650,19019,ok
43.163270,2.337650,19020,ok
44.081630,2.337650,19021,ok
45.000000,2.337650,19022,ok
98.265300,2.337650,19080,ok
99.183670,2.337650,19081,ok
100.102040,2.337650,19082,ok
102.857140,2.337650,19085,ok
103.775510,2.337650,19086,ok
112.040820,2.337650,19095,ok
112.959180,2.337650,19096,ok
113.877550,2.337650,19097,ok
114.795920,2.337650,19098,ok
115.714290,2.337650,19099,ok
116.632650,2.337650,19100,ok
117.551020,2.337650,19101,ok
-78.061220,2.337650,19280,ok
-77.142850,2.337650,19281,ok
-76.224490,2.337650,19282,ok
-75.306120,2.337650,19283,ok
-74.387760,2.337650,19284,ok
-73.469390,2.337650,19285,ok
-72.551030,2.337650,19286,ok
-71.632660,2.337650,19287,ok
-70.714290,2.337650,19288,ok
-69.795930,2.337650,19289,ok
-68.877560,2.337650,19290,ok
-67.959200,2.337650,19291,ok
-67.040800,2.337650,19292,ok
-66.122440,2.337650,19293,ok
-65.204070,2.337650,19294,ok
-64.285710,2.337650,19295,ok
-63.367340,2.337650,19296,ok
-62.448970,2.337650,19297,ok
-61.530610,2.337650,19298,ok
-60.612240,2.337650,19299,ok
-59.693880,2.337650,19300,ok
-58.775510,2.337650,19301,ok
-57.857150,2.337650,19302,ok
-56.938780,2.337650,19303,ok
-56.020420,2.337650,19304,ok
-55.102050,2.337650,19305,ok
-54.183690,2.337650,19306,ok
-53.265320,2.337650,19307,ok
-52.346920,2.337650,19308,ok
-51.428560,2.337650,19309,ok
10.000000,1.402590,19376,ok
10.909090,1.402590,19377,ok
11.818180,1.402590,19378,ok
12.727270,1.402590,19379,ok
13.636360,1.402590,19380,ok
14.545450,1.402590,19381,ok
15.454550,1.402590,19382,ok
16.363640,1.402590,19383,ok
17.272730,1.402590,19384,ok
18.181820,1.402590,19385,ok
19.090910,1.402590,19386,ok
20.000000,1.402590,19387,ok
20.909090,1.402590,19388,ok
21.818180,1.402590,19389,ok
22.727270,1.402590,19390,ok
23.636360,1.402590,19391,ok
24.545450,1.402590,19392,ok
25.454550,1.402590,19393,ok
26.363640,1.402590,19394,ok
27.272730,1.402590,19395,ok
28.181820,1.402590,19396,ok
29.090910,1.402590,19397,ok
30.000000,1.402590,19398,ok
30.909090,1.402590,19399,ok
31.818180,1.402590,19400,ok
32.727270,1.402590,19401,ok
33.636360,1.402590,19402,ok
34.545460,1.402590,19403,ok
35.454540,1.402590,19404,ok
36.363640,1.402590,19405,ok
37.272730,1.402590,19406,ok
38.181820,1.402590,19407,ok
39.090910,1.402590,19408,ok
40.000000,1.402590,19409,ok
40.909090,1.402590,19410,ok
41.818180,1.402590,19411,ok
42.727270,1.402590,19412,ok
43.636360,1.402590,19413,ok
99.090910,1.402590,19474,ok
100.000000,1.402590,19475,ok
100.909090,1.402590,19476,ok
101.818180,1.402590,19477,ok
110.000000,1.402590,19486,ok
110.909090,1.402590,19487,ok
111.818180,1.402590,19488,ok
112.727270,1.402590,19489,ok
113.636360,1.402590,19490,ok
114.545460,1.402590,19491,ok
115.454540,1.402590,19492,ok
116.363640,1.402590,19493,ok
117.272730,1.402590,19494,ok
118.181820,1.402590,19495,ok
128.181820,1.402590,19506,ok
-78.181820,1.402590,19675,ok
-77.272740,1.402590,19676,ok
-76.363650,1.402590,19677,ok
-75.454560,1.402590,19678,ok
-74.545440,1.402590,19679,ok
-73.636350,1.402590,19680,ok
-72.727260,1.402590,19681,ok
-71.818180,1.402590,19682,ok
-70.909090,1.402590,19683,ok
-70.000000,1.402590,19684,ok
-69.090910,1.402590,19685,ok
-68.181820,1.402590,19686,ok
-67.272740,1.402590,19687,ok
-66.363650,1.402590,19688,ok
-65.454560,1.402590,19689,ok
-64.545440,1.402590,19690,ok
-63.636350,1.402590,19691,ok
-62.727260,1.402590,19692,ok
-61.818180,1.402590,19693,ok
-60.909090,1.402590,19694,ok
-60.000000,1.402590,19695,ok
-59.090910,1.402590,19696,ok
-58.181820,1.402590,19697,ok
-57.272740,1.402590,19698,ok
-56.363650,1.402590,19699,ok
-55.454560,1.402590,19700,ok
-54.545440,1.402590,19701,ok
-53.636350,1.402590,19702,ok
-52.727260,1.402590,19703,ok
-51.818180,1.402590,19704,ok
-50.909090,1.402590,19705,ok
9.900000,0.467530,19772,ok
10.800000,0.467530,19773,ok
11.700000,0.467530,19774,ok
12.600000,0.467530,19775,ok
13.500000,0.467530,19776,ok
14.400000,0.467530,19777,ok
15.300000,0.467530,19778,ok
16.200000,0.467530,19779,ok
17.100000,0.467530,19780,ok
18.000000,0.467530,19781,ok
18.900000,0.467530,19782,ok
19.800000,0.467530,19783,ok
20.700000,0.467530,19784,ok
21.600000,0.467530,19785,ok
22.500000,0.467530,19786,ok
23.400000,0.467530,19787,ok
24.300000,0.467530,19788,ok
25.200000,0.467530,19789,ok
26.100000,0.467530,19790,ok
27.000000,0.467530,19791,ok
27.900000,0.467530,19792,ok
28.800000,0.467530,19793,ok
29.700000,0.467530,19794,ok
30.600000,0.467530,19795,ok
31.500000,0.467530,19796,ok
32.400000,0.467530,19797,ok
33.300000,0.467530,19798,ok
34.200000,0.467530,19799,ok
35.100000,0.467530,19800,ok
36.000000,0.467530,19801,ok
36.900000,0.467530,19802,ok
37.800000,0.467530,19803,ok
38.700000,0.467530,19804,ok
39.600000,0.467530,19805,ok
40.500000,0.467530,19806,ok
41.400000,0.467530,19807,ok
42.300000,0.467530,19808,ok
43.200000,0.467530,19809,ok
99.900000,0.467530,19872,ok
100.800000,0.467530,19873,ok
101.700000,0.467530,19874,ok
102.600000,0.467530,19875,ok
109.800000,0.467530,19883,ok
110.700000,0.467530,19884,ok
111.600000,0.467530,19885,ok
112.500000,0.467530,19886,ok
113.400000,0.467530,19887,ok
114.300000,0.467530,19888,ok
115.200000,0.467530,19889,ok
116.100000,0.467530,19890,ok
117.000000,0.467530,19891,ok
123.300000,0.467530,19898,ok
-79.200010,0.467530,20073,ok
-78.299990,0.467530,20074,ok
-77.399990,0.467530,20075,ok
-76.500000,0.467530,20076,ok
-75.600010,0.467530,20077,ok
-74.700010,0.467530,20078,ok
-73.799990,0.467530,20079,ok
-72.899990,0.467530,20080,ok
-72.000000,0.467530,20081,ok
-71.100010,0.467530,20082,ok
-70.200010,0.467530,20083,ok
-69.299990,0.467530,20084,ok
-68.399990,0.467530,20085,ok
-67.500000,0.467530,20086,ok
-66.600010,0.467530,20087,ok
-65.700010,0.467530,20088,ok
-64.799990,0.467530,20089,ok
-63.899990,0.467530,20090,ok
-63.000000,0.467530,20091,ok
-62.100010,0.467530,20092,ok
-61.200010,0.467530,20093,ok
-60.299990,0.467530,20094,ok
-59.399990,0.467530,20095,ok
-58.500000,0.467530,20096,ok
-57.600010,0.467530,20097,ok
-56.700010,0.467530,20098,ok
-55.799990,0.467530,20099,ok
-54.899990,0.467530,20100,ok
-54.000000,0.467530,20101,ok
-53.100010,0.467530,20102,ok
-52.200010,0.467530,20103,ok
-51.299990,0.467530,20104,ok
-50.399990,0.467530,20105,ok
9.900000,-0.467530,20172,ok
10.800000,-0.467530,20173,ok
11.700000,-0.467530,20174,ok
12.600000,-0.467530,20175,ok
13.500000,-0.467530,20176,ok
14.400000,-0.467530,20177,ok
15.300000,-0.467530,20178,ok
16.200000,-0.467530,20179,ok
17.100000,-0.467530,20180,ok
18.000000,-0.467530,20181,ok
18.900000,-0.467530,20182,ok
19.800000,-0.467530,20183,ok
20.700000,-0.467530,20184,ok
21.600000,-0.467530,20185,ok
22.500000,-0.467530,20186,ok
23.400000,-0.467530,20187,ok
24.300000,-0.467530,20188,ok
25.200000,-0.467530,20189,ok
26.100000,-0.467530,20190,ok
27.000000,-0.467530,20191,ok
27.900000,-0.467530,20192,ok
28.800000,-0.467530,20193,ok
29.700000,-0.467530,20194,ok
30.600000,-0.467530,20195,ok
31.500000,-0.467530,20196,ok
32.400000,-0.467530,20197,ok
33.300000,-0.467530,20198,ok
34.200000,-0.467530,20199,ok
35.100000,-0.467530,20200,ok
36.000000,-0.467530,20201,ok
36.900000,-0.467530,20202,ok
37.800000,-0.467530,20203,ok
38.700000,-0.467530,20204,ok
39.600000,-0.467530,20205,ok
40.500000,-0.467530,20206,ok
41.400000,-0.467530,20207,ok
42.300000,-0.467530,20208,ok
100.800000,-0.467530,20273,ok
101.700000,-0.467530,20274,ok
102.600000,-0.467530,20275,ok
103.500000,-0.467530,20276,ok
109.800000,-0.467530,20283,ok
110.700000,-0.467530,20284,ok
111.600000,-0.467530,20285,ok
112.500000,-0.467530,20286,ok
113.400000,-0.467530,20287,ok
114.300000,-0.467530,20288,ok
115.200000,-0.467530,20289,ok
116.100000,-0.467530,20290,ok
117.000000,-0.467530,20291,ok
-80.100010,-0.467530,20472,ok
-79.200010,-0.467530,20473,ok
-78.299990,-0.467530,20474,ok
-77.399990,-0.467530,20475,ok
-76.500000,-0.467530,20476,ok
-75.600010,-0.467530,20477,ok
-74.700010,-0.467530,20478,ok
-73.799990,-0.467530,20479,ok
-72.899990,-0.467530,20480,ok
-72.000000,-0.467530,20481,ok
-71.100010,-0.467530,20482,ok
-70.200010,-0.467530,20483,ok
-69.299990,-0.467530,20484,ok
-68.399990,-0.467530,20485,ok
-67.500000,-0.467530,20486,ok
-66.600010,-0.467530,20487,ok
-65.700010,-0.467530,20488,ok
-64.799990,-0.467530,20489,ok
-63.899990,-0.467530,20490,ok
-63.000000,-0.467530,20491,ok
-62.100010,-0.467530,20492,ok
-61.200010,-0.467530,20493,ok
-60.299990,-0.467530,20494,ok
-59.399990,-0.467530,20495,ok
-58.500000,-0.467530,20496,ok
-57.600010,-0.467530,20497,ok
-56.700010,-0.467530,20498,ok
-55.799990,-0.467530,20499,ok
-54.899990,-0.467530,20500,ok
-54.000000,-0.467530,20501,ok
-53.100010,-0.467530,20502,ok
-52.200010,-0.467530,20503,ok
-51.299990,-0.467530,20504,ok
-50.399990,-0.467530,20505,ok
-49.500000,-0.467530,20506,ok
10.000000,-1.402590,20572,ok
10.909090,-1.402590,20573,ok
11.818180,-1.402590,20574,ok
12.727270,-1.402590,20575,ok
13.636360,-1.402590,20576,ok
14.545450,-1.402590,20577,ok
15.454550,-1.402590,20578,ok
16.363640,-1.402590,20579,ok
17.272730,-1.402590,20580,ok
18.181820,-1.402590,20581,ok
19.090910,-1.402590,20582,ok
20.000000,-1.402590,20583,ok
20.909090,-1.402590,20584,ok
21.818180,-1.402590,20585,ok
22.727270,-1.402590,20586,ok
23.636360,-1.402590,20587,ok
24.545450,-1.402590,20588,ok
25.454550,-1.402590,20589,ok
26.363640,-1.402590,20590,ok
27.272730,-1.402590,20591,ok
28.181820,-1.402590,20592,ok
29.090910,-1.402590,20593,ok
30.000000,-1.402590,20594,ok
30.909090,-1.402590,20595,ok
31.818180,-1.402590,20596,ok
32.727270,-1.402590,20597,ok
33.636360,-1.402590,20598,ok
34.545460,-1.402590,20599,ok
35.454540,-1.402590,20600,ok
36.363640,-1.402590,20601,ok
37.272730,-1.402590,20602,ok
38.181820,-1.402590,20603,ok
39.090910,-1.402590,20604,ok
40.000000,-1.402590,20605,ok
40.909090,-1.402590,20606,ok
100.909090,-1.402590,20672,ok
101.818180,-1.402590,20673,ok
102.727270,-1.402590,20674,ok
103.636360,-1.402590,20675,ok
110.909090,-1.402590,20683,ok
111.818180,-1.402590,20684,ok
112.727270,-1.402590,20685,ok
113.636360,-1.402590,20686,ok
114.545460,-1.402590,20687,ok
115.454540,-1.402590,20688,ok
116.363640,-1.402590,20689,ok
120.000000,-1.402590,20693,ok
121.818180,-1.402590,20695,ok
131.818180,-1.402590,20706,ok
132.727280,-1.402590,20707,ok
133.636370,-1.402590,20708,ok
-80.000000,-1.402590,20869,ok
-79.090910,-1.402590,20870,ok
-78.181820,-1.402590,20871,ok
-77.272740,-1.402590,20872,ok
-76.363650,-1.402590,20873,ok
-75.454560,-1.402590,20874,ok
-74.545440,-1.402590,20875,ok
-73.636350,-1.402590,20876,ok
-72.727260,-1.402590,20877,ok
-71.818180,-1.402590,20878,ok
-70.909090,-1.402590,20879,ok
-70.000000,-1.402590,20880,ok
-69.090910,-1.402590,20881,ok
-68.181820,-1.402590,20882,ok
-67.272740,-1.402590,20883,ok
-66.363650,-1.402590,20884,ok
-65.454560,-1.402590,20885,ok
-64.545440,-1.402590,20886,ok
-63.636350,-1.402590,20887,ok
-62.727260,-1.402590,20888,ok
-61.818180,-1.402590,20889,ok
-60.909090,-1.402590,20890,ok
-60.000000,-1.402590,20891,ok
-59.090910,-1.402590,20892,ok
-58.181820,-1.402590,20893,ok
-57.272740,-1.402590,20894,ok
-56.363650,-1.402590,20895,ok
-55.454560,-1.402590,20896,ok
-54.545440,-1.402590,20897,ok
-53.636350,-1.402590,20898,ok
-52.727260,-1.402590,20899,ok
-51.818180,-1.402590,20900,ok
-50.909090,-1.402590,20901,ok
-50.000000,-1.402590,20902,ok
-49.090910,-1.402590,20903,ok
-48.181820,-1.402590,20904,ok
-47.272740,-1.402590,20905,ok
-46.363650,-1.402590,20906,ok
10.102040,-2.337650,20968,ok
11.020410,-2.337650,20969,ok
11.938780,-2.337650,20970,ok
12.857140,-2.337650,20971,ok
13.775510,-2.337650,20972,ok
14.693880,-2.337650,20973,ok
15.612240,-2.337650,20974,ok
16.530610,-2.337650,20975,ok
17.448980,-2.337650,20976,ok
18.367350,-2.337650,20977,ok
19.285720,-2.337650,20978,ok
20.204080,-2.337650,20979,ok
21.122450,-2.337650,20980,ok
22.040820,-2.337650,20981,ok
22.959180,-2.337650,20982,ok
23.877550,-2.337650,20983,ok
24.795920,-2.337650,20984,ok
25.714280,-2.337650,20985,ok
26.632650,-2.337650,20986,ok
27.551020,-2.337650,20987,ok
28.469390,-2.337650,20988,ok
29.387750,-2.337650,20989,ok
30.306120,-2.337650,20990,ok
31.224490,-2.337650,20991,ok
32.142860,-2.337650,20992,ok
33.061230,-2.337650,20993,ok
33.979590,-2.337650,20994,ok
34.897960,-2.337650,20995,ok
35.816330,-2.337650,20996,ok
36.734700,-2.337650,20997,ok
37.653060,-2.337650,20998,ok
38.571430,-2.337650,20999,ok
39.489800,-2.337650,21000,ok
101.020410,-2.337650,21067,ok
101.938770,-2.337650,21068,ok
102.857140,-2.337650,21069,ok
103.775510,-2.337650,21070,ok
104.693880,-2.337650,21071,ok
111.122450,-2.337650,21078,ok
112.040820,-2.337650,21079,ok
112.959180,-2.337650,21080,ok
113.877550,-2.337650,21081,ok
114.795920,-2.337650,21082,ok
115.714290,-2.337650,21083,ok
119.387760,-2.337650,21087,ok
120.306120,-2.337650,21088,ok
121.224490,-2.337650,21089,ok
133.163270,-2.337650,21102,ok
137.755100,-2.337650,21107,ok
138.673460,-2.337650,21108,ok
139.591840,-2.337650,21109,ok
-79.897950,-2.337650,21262,ok
-78.979580,-2.337650,21263,ok
-78.061220,-2.337650,21264,ok
-77.142850,-2.337650,21265,ok
-76.224490,-2.337650,21266,ok
-75.306120,-2.337650,21267,ok
-74.387760,-2.337650,21268,ok
-73.469390,-2.337650,21269,ok
-72.551030,-2.337650,21270,ok
-71.632660,-2.337650,21271,ok
-70.714290,-2.337650,21272,ok
-69.795930,-2.337650,21273,ok
-68.877560,-2.337650,21274,ok
-67.959200,-2.337650,21275,ok
-67.040800,-2.337650,21276,ok
-66.122440,-2.337650,21277,ok
-65.204070,-2.337650,21278,ok
-64.285710,-2.337650,21279,ok
-63.367340,-2.337650,21280,ok
-62.448970,-2.337650,21281,ok
-61.530610,-2.337650,21282,ok
-60.612240,-2.337650,21283,ok
-59.693880,-2.337650,21284,ok
-58.775510,-2.337650,21285,ok
-57.857150,-2.337650,21286,ok
-56.938780,-2.337650,21287,ok
-56.020420,-2.337650,21288,ok
-55.102050,-2.337650,21289,ok
-54.183690,-2.337650,21290,ok
-53.265320,-2.337650,21291,ok
-52.346920,-2.337650,21292,ok
-51.428560,-2.337650,21293,ok
-50.510190,-2.337650,21294,ok
-49.591830,-2.337650,21295,ok
-48.673460,-2.337650,21296,ok
-47.755100,-2.337650,21297,ok
-46.836730,-2.337650,21298,ok
-45.918370,-2.337650,21299,ok
-45.000000,-2.337650,21300,ok
11.134020,-3.272720,21361,ok
12.061860,-3.272720,21362,ok
12.989690,-3.272720,21363,ok
13.917530,-3.272720,21364,ok
14.845360,-3.272720,21365,ok
15.773200,-3.272720,21366,ok
16.701030,-3.272720,21367,ok
17.628870,-3.272720,21368,ok
18.556700,-3.272720,21369,ok
19.484540,-3.272720,21370,ok
20.412370,-3.272720,21371,ok
21.340210,-3.272720,21372,ok
22.268040,-3.272720,21373,ok
23.195880,-3.272720,21374,ok
24.123710,-3.272720,21375,ok
25.051550,-3.272720,21376,ok
25.979380,-3.272720,21377,ok
26.907220,-3.272720,21378,ok
27.835050,-3.272720,21379,ok
28.762890,-3.272720,21380,ok
29.690720,-3.272720,21381,ok
30.618560,-3.272720,21382,ok
31.546390,-3.272720,21383,ok
32.474230,-3.272720,21384,ok
33.402060,-3.272720,21385,ok
34.329900,-3.272720,21386,ok
35.257730,-3.272720,21387,ok
36.185570,-3.272720,21388,ok
37.113400,-3.272720,21389,ok
38.041240,-3.272720,21390,ok
38.969070,-3.272720,21391,ok
102.061860,-3.272720,21459,ok
102.989690,-3.272720,21460,ok
103.917530,-3.272720,21461,ok
104.845360,-3.272720,21462,ok
105.773190,-3.272720,21463,ok
114.123710,-3.272720,21472,ok
115.051540,-3.272720,21473,ok
115.979380,-3.272720,21474,ok
119.690720,-3.272720,21478,ok
121.546390,-3.272720,21480,ok
133.608250,-3.272720,21493,ok
134.536090,-3.272720,21494,ok
135.463910,-3.272720,21495,ok
136.391750,-3.272720,21496,ok
137.319580,-3.272720,21497,ok
138.247420,-3.272720,21498,ok
139.175260,-3.272720,21499,ok
140.103090,-3.272720,21500,ok
141.030930,-3.272720,21501,ok
141.958760,-3.272720,21502,ok
-79.793820,-3.272720,21651,ok
-78.865970,-3.272720,21652,ok
-77.938140,-3.272720,21653,ok
-77.010310,-3.272720,21654,ok
-76.082490,-3.272720,21655,ok
-75.154630,-3.272720,21656,ok
-74.226810,-3.272720,21657,ok
-73.298980,-3.272720,21658,ok
-72.371120,-3.272720,21659,ok
-71.443300,-3.272720,21660,ok
-70.515470,-3.272720,21661,ok
-69.587620,-3.272720,21662,ok
-68.659790,-3.272720,21663,ok
-67.731960,-3.272720,21664,ok
-66.804140,-3.272720,21665,ok
-65.876280,-3.272720,21666,ok
-64.948460,-3.272720,21667,ok
-64.020630,-3.272720,21668,ok
-63.092770,-3.272720,21669,ok
-62.164950,-3.272720,21670,ok
-61.237120,-3.272720,21671,ok
-60.309270,-3.272720,21672,ok
-59.381440,-3.272720,21673,ok
-58.453610,-3.272720,21674,ok
-57.525790,-3.272720,21675,ok
-56.597930,-3.272720,21676,ok
-55.670100,-3.272720,21677,ok
-54.742280,-3.272720,21678,ok
-53.814420,-3.272720,21679,ok
-52.886600,-3.272720,21680,ok
-51.958770,-3.272720,21681,ok
-51.030910,-3.272720,21682,ok
-50.103090,-3.272720,21683,ok
-49.175260,-3.272720,21684,ok
-48.247440,-3.272720,21685,ok
-47.319580,-3.272720,21686,ok
-46.391750,-3.272720,21687,ok
-45.463930,-3.272720,21688,ok
-44.536070,-3.272720,21689,ok
-43.608250,-3.272720,21690,ok
-42.680420,-3.272720,21691,ok
-41.752560,-3.272720,21692,ok
-40.824740,-3.272720,21693,ok
-39.896910,-3.272720,21694,ok
12.187500,-4.207780,21750,ok
13.125000,-4.207780,21751,ok
14.062500,-4.207780,21752,ok
15.000000,-4.207780,21753,ok
15.937500,-4.207780,21754,ok
16.875000,-4.207780,21755,ok
17.812500,-4.207780,21756,ok
18.750000,-4.207780,21757,ok
19.687500,-4.207780,21758,ok
20.625000,-4.207780,21759,ok
21.562500,-4.207780,21760,ok
22.500000,-4.207780,21761,ok
23.437500,-4.207780,21762,ok
24.375000,-4.207780,21763,ok
25.312500,-4.207780,21764,ok
26.250000,-4.207780,21765,ok
27.187500,-4.207780,21766,ok
28.125000,-4.207780,21767,ok
29.062500,-4.207780,21768,ok
30.000000,-4.207780,21769,ok
30.937500,-4.207780,21770,ok
31.875000,-4.207780,21771,ok
32.812500,-4.207780,21772,ok
33.750000,-4.207780,21773,ok
34.687500,-4.207780,21774,ok
35.625000,-4.207780,21775,ok
36.562500,-4.207780,21776,ok
37.500000,-4.207780,21777,ok
38.437500,-4.207780,21778,ok
39.375000,-4.207780,21779,ok
103.125000,-4.207780,21847,ok
104.062500,-4.207780,21848,ok
105.000000,-4.207780,21849,ok
120.000000,-4.207780,21865,ok
121.875000,-4.207780,21867,ok
135.937500,-4.207780,21882,ok
136.875000,-4.207780,21883,ok
137.812500,-4.207780,21884,ok
138.750000,-4.207780,21885,ok
139.687500,-4.207780,21886,ok
140.625000,-4.207780,21887,ok
141.562500,-4.207780,21888,ok
142.500000,-4.207780,21889,ok
143.437500,-4.207780,21890,ok
144.375000,-4.207780,21891,ok
-80.625000,-4.207780,22035,ok
-79.687500,-4.207780,22036,ok
-78.750000,-4.207780,22037,ok
-77.812500,-4.207780,22038,ok
-76.875000,-4.207780,22039,ok
-75.937500,-4.207780,22040,ok
-75.000000,-4.207780,22041,ok
-74.062500,-4.207780,22042,ok
-73.125000,-4.207780,22043,ok
-72.187500,-4.207780,22044,ok
-71.250000,-4.207780,22045,ok
-70.312500,-4.207780,22046,ok
-69.375000,-4.207780,22047,ok
-68.437500,-4.207780,22048,ok
-67.500000,-4.207780,22049,ok
-66.562500,-4.207780,22050,ok
-65.625000,-4.207780,22051,ok
-64.687500,-4.207780,22052,ok
-63.750000,-4.207780,22053,ok
-62.812500,-4.207780,22054,ok
-61.875000,-4.207780,22055,ok
-60.937500,-4.207780,22056,ok
-60.000000,-4.207780,22057,ok
-59.062500,-4.207780,22058,ok
-58.125000,-4.207780,22059,ok
-57.187500,-4.207780,22060,ok
-56.250000,-4.207780,22061,ok
-55.312500,-4.207780,22062,ok
-54.375000,-4.207780,22063,ok
-53.437500,-4.207780,22064,ok
-52.500000,-4.207780,22065,ok
-51.562500,-4.207780,22066,ok
-50.625000,-4.207780,22067,ok
-49.687500,-4.207780,22068,ok
-48.750000,-4.207780,22069,ok
-47.812500,-4.207780,22070,ok
-46.875000,-4.207780,22071,ok
-45.937500,-4.207780,22072,ok
-45.000000,-4.207780,22073,ok
-44.062500,-4.207780,22074,ok
-43.125000,-4.207780,22075,ok
-42.187500,-4.207780,22076,ok
-41.250000,-4.207780,22077,ok
-40.312500,-4.207780,22078,ok
-39.375000,-4.207780,22079,ok
-38.437500,-4.207780,22080,ok
12.315790,-5.142840,22134,ok
13.263160,-5.142840,22135,ok
14.210530,-5.142840,22136,ok
15.157900,-5.142840,22137,ok
16.105260,-5.142840,22138,ok
17.052630,-5.142840,22139,ok
18.000000,-5.142840,22140,ok
18.947370,-5.142840,22141,ok
19.894740,-5.142840,22142,ok
20.842110,-5.142840,22143,ok
21.789470,-5.142840,22144,ok
22.736840,-5.142840,22145,ok
23.684210,-5.142840,22146,ok
24.631580,-5.142840,22147,ok
25.578950,-5.142840,22148,ok
26.526320,-5.142840,22149,ok
27.473680,-5.142840,22150,ok
28.421050,-5.142840,22151,ok
29.368420,-5.142840,22152,ok
30.315790,-5.142840,22153,ok
31.263160,-5.142840,22154,ok
32.210530,-5.142840,22155,ok
33.157890,-5.142840,22156,ok
34.105260,-5.142840,22157,ok
35.052630,-5.142840,22158,ok
36.000000,-5.142840,22159,ok
36.947370,-5.142840,22160,ok
37.894740,-5.142840,22161,ok
38.842110,-5.142840,22162,ok
104.210530,-5.142840,22231,ok
105.157900,-5.142840,22232,ok
138.315800,-5.142840,22267,ok
139.263150,-5.142840,22268,ok
140.210530,-5.142840,22269,ok
141.157900,-5.142840,22270,ok
142.105270,-5.142840,22271,ok
143.052630,-5.142840,22272,ok
144.000000,-5.142840,22273,ok
144.947370,-5.142840,22274,ok
-80.526310,-5.142840,22416,ok
-79.578950,-5.142840,22417,ok
-78.631590,-5.142840,22418,ok
-77.684200,-5.142840,22419,ok
-76.736850,-5.142840,22420,ok
-75.789460,-5.142840,22421,ok
-74.842100,-5.142840,22422,ok
-73.894740,-5.142840,22423,ok
-72.947360,-5.142840,22424,ok
-72.000000,-5.142840,22425,ok
-71.052640,-5.142840,22426,ok
-70.105260,-5.142840,22427,ok
-69.157900,-5.142840,22428,ok
-68.210540,-5.142840,22429,ok
-67.263150,-5.142840,22430,ok
-66.315800,-5.142840,22431,ok
-65.368410,-5.142840,22432,ok
-64.421050,-5.142840,22433,ok
-63.473690,-5.142840,22434,ok
-62.526310,-5.142840,22435,ok
-61.578950,-5.142840,22436,ok
-60.631590,-5.142840,22437,ok
-59.684200,-5.142840,22438,ok
-58.736850,-5.142840,22439,ok
-57.789460,-5.142840,22440,ok
-56.842100,-5.142840,22441,ok
-55.894740,-5.142840,22442,ok
-54.947360,-5.142840,22443,ok
-54.000000,-5.142840,22444,ok
-53.052640,-5.142840,22445,ok
-52.105260,-5.142840,22446,ok
-51.157900,-5.142840,22447,ok
-50.210540,-5.142840,22448,ok
-49.263150,-5.142840,22449,ok
-48.315800,-5.142840,22450,ok
-47.368410,-5.142840,22451,ok
-46.421050,-5.142840,22452,ok
-45.473690,-5.142840,22453,ok
-44.526310,-5.142840,22454,ok
-43.578950,-5.142840,22455,ok
-42.631590,-5.142840,22456,ok
-41.684200,-5.142840,22457,ok
-40.736850,-5.142840,22458,ok
-39.789460,-5.142840,22459,ok
-38.842100,-5.142840,22460,ok
-37.894740,-5.142840,22461,ok
-36.947360,-5.142840,22462,ok
13.404250,-6.077900,22515,ok
14.361700,-6.077900,22516,ok
15.319150,-6.077900,22517,ok
16.276600,-6.077900,22518,ok
17.234040,-6.077900,22519,ok
18.191490,-6.077900,22520,ok
19.148940,-6.077900,22521,ok
20.106380,-6.077900,22522,ok
21.063830,-6.077900,22523,ok
22.021280,-6.077900,22524,ok
22.978720,-6.077900,22525,ok
23.936170,-6.077900,22526,ok
24.893620,-6.077900,22527,ok
25.851060,-6.077900,22528,ok
26.808510,-6.077900,22529,ok
27.765960,-6.077900,22530,ok
28.723400,-6.077900,22531,ok
29.680850,-6.077900,22532,ok
30.638300,-6.077900,22533,ok
31.595750,-6.077900,22534,ok
32.553190,-6.077900,22535,ok
33.510640,-6.077900,22536,ok
34.468090,-6.077900,22537,ok
35.425530,-6.077900,22538,ok
36.382980,-6.077900,22539,ok
37.340430,-6.077900,22540,ok
38.297870,-6.077900,22541,ok
138.829790,-6.077900,22646,ok
139.787230,-6.077900,22647,ok
140.744670,-6.077900,22648,ok
141.702130,-6.077900,22649,ok
142.659580,-6.077900,22650,ok
143.617020,-6.077900,22651,ok
144.574460,-6.077900,22652,ok
145.531920,-6.077900,22653,ok
146.489360,-6.077900,22654,ok
-80.425540,-6.077900,22793,ok
-79.468080,-6.077900,22794,ok
-78.510650,-6.077900,22795,ok
-77.553190,-6.077900,22796,ok
-76.595730,-6.077900,22797,ok
-75.638310,-6.077900,22798,ok
-74.680850,-6.077900,22799,ok
-73.723420,-6.077900,22800,ok
-72.765960,-6.077900,22801,ok
-71.808500,-6.077900,22802,ok
-70.851070,-6.077900,22803,ok
-69.893620,-6.077900,22804,ok
-68.936160,-6.077900,22805,ok
-67.978730,-6.077900,22806,ok
-67.021270,-6.077900,22807,ok
-66.063840,-6.077900,22808,ok
-65.106380,-6.077900,22809,ok
-64.148930,-6.077900,22810,ok
-63.191500,-6.077900,22811,ok
-62.234040,-6.077900,22812,ok
-61.276580,-6.077900,22813,ok
-60.319150,-6.077900,22814,ok
-59.361690,-6.077900,22815,ok
-58.404270,-6.077900,22816,ok
-57.446810,-6.077900,22817,ok
-56.489350,-6.077900,22818,ok
-55.531920,-6.077900,22819,ok
-54.574460,-6.077900,22820,ok
-53.617030,-6.077900,22821,ok
-52.659580,-6.077900,22822,ok
-51.702120,-6.077900,22823,ok
-50.744690,-6.077900,22824,ok
-49.787230,-6.077900,22825,ok
-48.829770,-6.077900,22826,ok
-47.872340,-6.077900,22827,ok
-46.914890,-6.077900,22828,ok
-45.957460,-6.077900,22829,ok
-45.000000,-6.077900,22830,ok
-44.042540,-6.077900,22831,ok
-43.085110,-6.077900,22832,ok
-42.127660,-6.077900,22833,ok
-41.170230,-6.077900,22834,ok
-40.212770,-6.077900,22835,ok
-39.255310,-6.077900,22836,ok
-38.297880,-6.077900,22837,ok
-37.340420,-6.077900,22838,ok
-36.382970,-6.077900,22839,ok
13.548390,-7.012960,22891,ok
14.516130,-7.012960,22892,ok
15.483870,-7.012960,22893,ok
16.451610,-7.012960,22894,ok
17.419360,-7.012960,22895,ok
18.387100,-7.012960,22896,ok
19.354840,-7.012960,22897,ok
20.322580,-7.012960,22898,ok
21.290320,-7.012960,22899,ok
22.258060,-7.012960,22900,ok
23.225810,-7.012960,22901,ok
24.193550,-7.012960,22902,ok
25.161290,-7.012960,22903,ok
26.129030,-7.012960,22904,ok
27.096780,-7.012960,22905,ok
28.064520,-7.012960,22906,ok
29.032260,-7.012960,22907,ok
30.000000,-7.012960,22908,ok
30.967740,-7.012960,22909,ok
31.935480,-7.012960,22910,ok
32.903220,-7.012960,22911,ok
33.870970,-7.012960,22912,ok
34.838710,-7.012960,22913,ok
35.806450,-7.012960,22914,ok
36.774190,-7.012960,22915,ok
37.741940,-7.012960,22916,ok
38.709680,-7.012960,22917,ok
107.419360,-7.012960,22988,ok
108.387100,-7.012960,22989,ok
110.322580,-7.012960,22991,ok
111.290320,-7.012960,22992,ok
139.354840,-7.012960,23021,ok
140.322590,-7.012960,23022,ok
141.290330,-7.012960,23023,ok
142.258070,-7.012960,23024,ok
143.225800,-7.012960,23025,ok
144.193540,-7.012960,23026,ok
145.161290,-7.012960,23027,ok
146.129030,-7.012960,23028,ok
147.096770,-7.012960,23029,ok
-79.354830,-7.012960,23167,ok
-78.387080,-7.012960,23168,ok
-77.419340,-7.012960,23169,ok
-76.451600,-7.012960,23170,ok
-75.483860,-7.012960,23171,ok
-74.516140,-7.012960,23172,ok
-73.548400,-7.012960,23173,ok
-72.580660,-7.012960,23174,ok
-71.612920,-7.012960,23175,ok
-70.645170,-7.012960,23176,ok
-69.677430,-7.012960,23177,ok
-68.709690,-7.012960,23178,ok
-67.741940,-7.012960,23179,ok
-66.774200,-7.012960,23180,ok
-65.806460,-7.012960,23181,ok
-64.838710,-7.012960,23182,ok
-63.870970,-7.012960,23183,ok
-62.903230,-7.012960,23184,ok
-61.935490,-7.012960,23185,ok
-60.967740,-7.012960,23186,ok
-60.000000,-7.012960,23187,ok
-59.032260,-7.012960,23188,ok
-58.064510,-7.012960,23189,ok
-57.096770,-7.012960,23190,ok
-56.129030,-7.012960,23191,ok
-55.161290,-7.012960,23192,ok
-54.193540,-7.012960,23193,ok
-53.225800,-7.012960,23194,ok
-52.258060,-7.012960,23195,ok
-51.290310,-7.012960,23196,ok
-50.322570,-7.012960,23197,ok
-49.354830,-7.012960,23198,ok
-48.387080,-7.012960,23199,ok
-47.419340,-7.012960,23200,ok
-46.451600,-7.012960,23201,ok
-45.483860,-7.012960,23202,ok
-44.516140,-7.012960,23203,ok
-43.548400,-7.012960,23204,ok
-42.580660,-7.012960,23205,ok
-41.612920,-7.012960,23206,ok
-40.645170,-7.012960,23207,ok
-39.677430,-7.012960,23208,ok
-38.709690,-7.012960,23209,ok
-37.741940,-7.012960,23210,ok
-36.774200,-7.012960,23211,ok
-35.806460,-7.012960,23212,ok
13.695650,-7.948030,23263,ok
14.673910,-7.948030,23264,ok
15.652170,-7.948030,23265,ok
16.630430,-7.948030,23266,ok
17.608700,-7.948030,23267,ok
18.586960,-7.948030,23268,ok
19.565220,-7.948030,23269,ok
20.543480,-7.948030,23270,ok
21.521740,-7.948030,23271,ok
22.500000,-7.948030,23272,ok
23.478260,-7.948030,23273,ok
24.456520,-7.948030,23274,ok
25.434780,-7.948030,23275,ok
26.413040,-7.948030,23276,ok
27.391300,-7.948030,23277,ok
28.369570,-7.948030,23278,ok
29.347830,-7.948030,23279,ok
30.326090,-7.948030,23280,ok
31.304350,-7.948030,23281,ok
32.282610,-7.948030,23282,ok
33.260870,-7.948030,23283,ok
34.239130,-7.948030,23284,ok
35.217390,-7.948030,23285,ok
36.195650,-7.948030,23286,ok
37.173910,-7.948030,23287,ok
38.152170,-7.948030,23288,ok
39.130440,-7.948030,23289,ok
110.543480,-7.948030,23362,ok
111.521740,-7.948030,23363,ok
112.500000,-7.948030,23364,ok
113.478260,-7.948030,23365,ok
138.913040,-7.948030,23391,ok
140.869570,-7.948030,23393,ok
141.847820,-7.948030,23394,ok
142.826080,-7.948030,23395,ok
145.760860,-7.948030,23398,ok
146.739140,-7.948030,23399,ok
-78.260860,-7.948030,23537,ok
-77.282620,-7.948030,23538,ok
-76.304350,-7.948030,23539,ok
-75.326080,-7.948030,23540,ok
-74.347840,-7.948030,23541,ok
-73.369570,-7.948030,23542,ok
-72.391300,-7.948030,23543,ok
-71.413060,-7.948030,23544,ok
-70.434780,-7.948030,23545,ok
-69.456510,-7.948030,23546,ok
-68.478270,-7.948030,23547,ok
-67.500000,-7.948030,23548,ok
-66.521730,-7.948030,23549,ok
-65.543490,-7.948030,23550,ok
-64.565220,-7.948030,23551,ok
-63.586940,-7.948030,23552,ok
-62.608700,-7.948030,23553,ok
-61.630430,-7.948030,23554,ok
-60.652160,-7.948030,23555,ok
-59.673920,-7.948030,23556,ok
-58.695650,-7.948030,23557,ok
-57.717380,-7.948030,23558,ok
-56.739140,-7.948030,23559,ok
-55.760860,-7.948030,23560,ok
-54.782620,-7.948030,23561,ok
-53.804350,-7.948030,23562,ok
-52.826080,-7.948030,23563,ok
-51.847840,-7.948030,23564,ok
-50.869570,-7.948030,23565,ok
-49.891300,-7.948030,23566,ok
-48.913060,-7.948030,23567,ok
-47.934780,-7.948030,23568,ok
-46.956510,-7.948030,23569,ok
-45.978270,-7.948030,23570,ok
-45.000000,-7.948030,23571,ok
-44.021730,-7.948030,23572,ok
-43.043490,-7.948030,23573,ok
-42.065220,-7.948030,23574,ok
-41.086940,-7.948030,23575,ok
-40.108700,-7.948030,23576,ok
-39.130430,-7.948030,23577,ok
-38.152160,-7.948030,23578,ok
-37.173920,-7.948030,23579,ok
-36.195650,-7.948030,23580,ok
-35.217380,-7.948030,23581,ok
13.846150,-8.883090,23631,ok
14.835170,-8.883090,23632,ok
15.824180,-8.883090,23633,ok
16.813190,-8.883090,23634,ok
17.802200,-8.883090,23635,ok
18.791210,-8.883090,23636,ok
19.780220,-8.883090,23637,ok
20.769230,-8.883090,23638,ok
21.758240,-8.883090,23639,ok
22.747250,-8.883090,23640,ok
23.736260,-8.883090,23641,ok
24.725280,-8.883090,23642,ok
25.714280,-8.883090,23643,ok
26.703300,-8.883090,23644,ok
27.692310,-8.883090,23645,ok
28.681320,-8.883090,23646,ok
29.670330,-8.883090,23647,ok
30.659340,-8.883090,23648,ok
31.648350,-8.883090,23649,ok
32.637360,-8.883090,23650,ok
33.626370,-8.883090,23651,ok
34.615380,-8.883090,23652,ok
35.604400,-8.883090,23653,ok
36.593410,-8.883090,23654,ok
37.582420,-8.883090,23655,ok
38.571430,-8.883090,23656,ok
125.604390,-8.883090,23744,ok
142.417590,-8.883090,23761,ok
147.362640,-8.883090,23766,ok
148.351650,-8.883090,23767,ok
-78.131870,-8.883090,23902,ok
-77.142850,-8.883090,23903,ok
-76.153840,-8.883090,23904,ok
-75.164830,-8.883090,23905,ok
-74.175810,-8.883090,23906,ok
-73.186800,-8.883090,23907,ok
-72.197810,-8.883090,23908,ok
-71.208800,-8.883090,23909,ok
-70.219790,-8.883090,23910,ok
-69.230770,-8.883090,23911,ok
-68.241760,-8.883090,23912,ok
-67.252750,-8.883090,23913,ok
-66.263730,-8.883090,23914,ok
-65.274720,-8.883090,23915,ok
-64.285710,-8.883090,23916,ok
-63.296690,-8.883090,23917,ok
-62.307680,-8.883090,23918,ok
-61.318700,-8.883090,23919,ok
-60.329680,-8.883090,23920,ok
-59.340670,-8.883090,23921,ok
-58.351650,-8.883090,23922,ok
-57.362640,-8.883090,23923,ok
-56.373630,-8.883090,23924,ok
-55.384610,-8.883090,23925,ok
-54.395600,-8.883090,23926,ok
-53.406590,-8.883090,23927,ok
-52.417570,-8.883090,23928,ok
-51.428560,-8.883090,23929,ok
-50.439580,-8.883090,23930,ok
-49.450560,-8.883090,23931,ok
-48.461550,-8.883090,23932,ok
-47.472530,-8.883090,23933,ok
-46.483520,-8.883090,23934,ok
-45.494510,-8.883090,23935,ok
-44.505490,-8.883090,23936,ok
-43.516480,-8.883090,23937,ok
-42.527470,-8.883090,23938,ok
-41.538450,-8.883090,23939,ok
-40.549440,-8.883090,23940,ok
-39.560420,-8.883090,23941,ok
-38.571440,-8.883090,23942,ok
-37.582430,-8.883090,23943,ok
-36.593410,-8.883090,23944,ok
-35.604400,-8.883090,23945,ok
14.000000,-9.818150,23995,ok
15.000000,-9.818150,23996,ok
16.000000,-9.818150,23997,ok
17.000000,-9.818150,23998,ok
18.000000,-9.818150,23999,ok
19.000000,-9.818150,24000,ok
20.000000,-9.818150,24001,ok
21.000000,-9.818150,24002,ok
22.000000,-9.818150,24003,ok
23.000000,-9.818150,24004,ok
24.000000,-9.818150,24005,ok
25.000000,-9.818150,24006,ok
26.000000,-9.818150,24007,ok
27.000000,-9.818150,24008,ok
28.000000,-9.818150,24009,ok
29.000000,-9.818150,24010,ok
30.000000,-9.818150,24011,ok
31.000000,-9.818150,24012,ok
32.000000,-9.818150,24013,ok
33.000000,-9.818150,24014,ok
34.000000,-9.818150,24015,ok
35.000000,-9.818150,24016,ok
36.000000,-9.818150,24017,ok
37.000000,-9.818150,24018,ok
38.000000,-9.818150,24019,ok
39.000000,-9.818150,24020,ok
120.000000,-9.818150,24101,ok
124.000000,-9.818150,24105,ok
148.000000,-9.818150,24129,ok
149.000000,-9.818150,24130,ok
-77.000000,-9.818150,24264,ok
-76.000000,-9.818150,24265,ok
-75.000000,-9.818150,24266,ok
-74.000000,-9.818150,24267,ok
-73.000000,-9.818150,24268,ok
-72.000000,-9.818150,24269,ok
-71.000000,-9.818150,24270,ok
-70.000000,-9.818150,24271,ok
-69.000000,-9.818150,24272,ok
-68.000000,-9.818150,24273,ok
-67.000000,-9.818150,24274,ok
-66.000000,-9.818150,24275,ok
-65.000000,-9.818150,24276,ok
-64.000000,-9.818150,24277,ok
-63.000000,-9.818150,24278,ok
-62.000000,-9.818150,24279,ok
-61.000000,-9.818150,24280,ok
-60.000000,-9.818150,24281,ok
-59.000000,-9.818150,24282,ok
-58.000000,-9.818150,24283,ok
-57.000000,-9.818150,24284,ok
-56.000000,-9.818150,24285,ok
-55.000000,-9.818150,24286,ok
-54.000000,-9.818150,24287,ok
-53.000000,-9.818150,24288,ok
-52.000000,-9.818150,24289,ok
-51.000000,-9.818150,24290,ok
-50.000000,-9.818150,24291,ok
-49.000000,-9.818150,24292,ok
-48.000000,-9.818150,24293,ok
-47.000000,-9.818150,24294,ok
-46.000000,-9.818150,24295,ok
-45.000000,-9.818150,24296,ok
-44.000000,-9.818150,24297,ok
-43.000000,-9.818150,24298,ok
-42.000000,-9.818150,24299,ok
-41.000000,-9.818150,24300,ok
-40.000000,-9.818150,24301,ok
-39.000000,-9.818150,24302,ok
-38.000000,-9.818150,24303,ok
-37.000000,-9.818150,24304,ok
14.157300,-10.753210,24355,ok
15.168540,-10.753210,24356,ok
16.179780,-10.753210,24357,ok
17.191010,-10.753210,24358,ok
18.202250,-10.753210,24359,ok
19.213480,-10.753210,24360,ok
20.224720,-10.753210,24361,ok
21.235950,-10.753210,24362,ok
22.247190,-10.753210,24363,ok
23.258430,-10.753210,24364,ok
24.269660,-10.753210,24365,ok
25.280900,-10.753210,24366,ok
26.292140,-10.753210,24367,ok
27.303370,-10.753210,24368,ok
28.314610,-10.753210,24369,ok
29.325840,-10.753210,24370,ok
30.337080,-10.753210,24371,ok
31.348310,-10.753210,24372,ok
32.359550,-10.753210,24373,ok
33.370780,-10.753210,24374,ok
34.382020,-10.753210,24375,ok
35.393260,-10.753210,24376,ok
36.404500,-10.753210,24377,ok
37.415730,-10.753210,24378,ok
38.426970,-10.753210,24379,ok
39.438200,-10.753210,24380,ok
-76.853940,-10.753210,24621,ok
-75.842680,-10.753210,24622,ok
-74.831450,-10.753210,24623,ok
-73.820220,-10.753210,24624,ok
-72.808990,-10.753210,24625,ok
-71.797760,-10.753210,24626,ok
-70.786530,-10.753210,24627,ok
-69.775270,-10.753210,24628,ok
-68.764040,-10.753210,24629,ok
-67.752810,-10.753210,24630,ok
-66.741580,-10.753210,24631,ok
-65.730350,-10.753210,24632,ok
-64.719120,-10.753210,24633,ok
-63.707860,-10.753210,24634,ok
-62.696620,-10.753210,24635,ok
-61.685390,-10.753210,24636,ok
-60.674160,-10.753210,24637,ok
-59.662930,-10.753210,24638,ok
-58.651670,-10.753210,24639,ok
-57.640440,-10.753210,24640,ok
-56.629210,-10.753210,24641,ok
-55.617980,-10.753210,24642,ok
-54.606750,-10.753210,24643,ok
-53.595520,-10.753210,24644,ok
-52.584260,-10.753210,24645,ok
-51.573030,-10.753210,24646,ok
-50.561800,-10.753210,24647,ok
-49.550570,-10.753210,24648,ok
-48.539340,-10.753210,24649,ok
-47.528080,-10.753210,24650,ok
-46.516850,-10.753210,24651,ok
-45.505620,-10.753210,24652,ok
-44.494380,-10.753210,24653,ok
-43.483150,-10.753210,24654,ok
-42.471920,-10.753210,24655,ok
-41.460660,-10.753210,24656,ok
-40.449430,-10.753210,24657,ok
-39.438200,-10.753210,24658,ok
-38.426970,-10.753210,24659,ok
-37.415740,-10.753210,24660,ok
14.318180,-11.688270,24711,ok
15.340910,-11.688270,24712,ok
16.363640,-11.688270,24713,ok
17.386360,-11.688270,24714,ok
18.409090,-11.688270,24715,ok
19.431820,-11.688270,24716,ok
20.454550,-11.688270,24717,ok
21.477270,-11.688270,24718,ok
22.500000,-11.688270,24719,ok
23.522730,-11.688270,24720,ok
24.545450,-11.688270,24721,ok
25.568180,-11.688270,24722,ok
26.590910,-11.688270,24723,ok
27.613640,-11.688270,24724,ok
28.636360,-11.688270,24725,ok
29.659090,-11.688270,24726,ok
30.681820,-11.688270,24727,ok
31.704550,-11.688270,24728,ok
32.727270,-11.688270,24729,ok
33.750000,-11.688270,24730,ok
34.772730,-11.688270,24731,ok
35.795460,-11.688270,24732,ok
36.818180,-11.688270,24733,ok
37.840910,-11.688270,24734,ok
38.863640,-11.688270,24735,ok
39.886360,-11.688270,24736,ok
132.954540,-11.688270,24827,ok
-76.704560,-11.688270,24974,ok
-75.681820,-11.688270,24975,ok
-74.659090,-11.688270,24976,ok
-73.636350,-11.688270,24977,ok
-72.613650,-11.688270,24978,ok
-71.590910,-11.688270,24979,ok
-70.568180,-11.688270,24980,ok
-69.545440,-11.688270,24981,ok
-68.522740,-11.688270,24982,ok
-67.500000,-11.688270,24983,ok
-66.477260,-11.688270,24984,ok
-65.454560,-11.688270,24985,ok
-64.431820,-11.688270,24986,ok
-63.409090,-11.688270,24987,ok
-62.386350,-11.688270,24988,ok
-61.363650,-11.688270,24989,ok
-60.340910,-11.688270,24990,ok
-59.318180,-11.688270,24991,ok
-58.295440,-11.688270,24992,ok
-57.272740,-11.688270,24993,ok
-56.250000,-11.688270,24994,ok
-55.227260,-11.688270,24995,ok
-54.204560,-11.688270,24996,ok
-53.181820,-11.688270,24997,ok
-52.159090,-11.688270,24998,ok
-51.136350,-11.688270,24999,ok
-50.113650,-11.688270,25000,ok
-49.090910,-11.688270,25001,ok
-48.068180,-11.688270,25002,ok
-47.045440,-11.688270,25003,ok
-46.022740,-11.688270,25004,ok
-45.000000,-11.688270,25005,ok
-43.977260,-11.688270,25006,ok
-42.954560,-11.688270,25007,ok
-41.931820,-11.688270,25008,ok
-40.909090,-11.688270,25009,ok
-39.886350,-11.688270,25010,ok
-38.863650,-11.688270,25011,ok
-37.840910,-11.688270,25012,ok
13.448280,-12.623330,25062,ok
14.482760,-12.623330,25063,ok
15.517240,-12.623330,25064,ok
16.551720,-12.623330,25065,ok
17.586210,-12.623330,25066,ok
18.620690,-12.623330,25067,ok
19.655170,-12.623330,25068,ok
20.689660,-12.623330,25069,ok
21.724140,-12.623330,25070,ok
22.758620,-12.623330,25071,ok
23.793100,-12.623330,25072,ok
24.827590,-12.623330,25073,ok
25.862070,-12.623330,25074,ok
26.896550,-12.623330,25075,ok
27.931030,-12.623330,25076,ok
28.965520,-12.623330,25077,ok
30.000000,-12.623330,25078,ok
31.034480,-12.623330,25079,ok
32.068970,-12.623330,25080,ok
33.103450,-12.623330,25081,ok
34.137930,-12.623330,25082,ok
35.172410,-12.623330,25083,ok
36.206900,-12.623330,25084,ok
37.241380,-12.623330,25085,ok
38.275860,-12.623330,25086,ok
39.310340,-12.623330,25087,ok
40.344830,-12.623330,25088,ok
131.379300,-12.623330,25176,ok
132.413790,-12.623330,25177,ok
133.448270,-12.623330,25178,ok
134.482760,-12.623330,25179,ok
135.517240,-12.623330,25180,ok
142.758620,-12.623330,25187,ok
-75.517240,-12.623330,25324,ok
-74.482760,-12.623330,25325,ok
-73.448270,-12.623330,25326,ok
-72.413790,-12.623330,25327,ok
-71.379300,-12.623330,25328,ok
-70.344820,-12.623330,25329,ok
-69.310330,-12.623330,25330,ok
-68.275850,-12.623330,25331,ok
-67.241390,-12.623330,25332,ok
-66.206910,-12.623330,25333,ok
-65.172420,-12.623330,25334,ok
-64.137940,-12.623330,25335,ok
-63.103450,-12.623330,25336,ok
-62.068970,-12.623330,25337,ok
-61.034480,-12.623330,25338,ok
-60.000000,-12.623330,25339,ok
-58.965520,-12.623330,25340,ok
-57.931030,-12.623330,25341,ok
-56.896550,-12.623330,25342,ok
-55.862060,-12.623330,25343,ok
-54.827580,-12.623330,25344,ok
-53.793090,-12.623330,25345,ok
-52.758610,-12.623330,25346,ok
-51.724150,-12.623330,25347,ok
-50.689670,-12.623330,25348,ok
-49.655180,-12.623330,25349,ok
-48.620700,-12.623330,25350,ok
-47.586210,-12.623330,25351,ok
-46.551730,-12.623330,25352,ok
-45.517240,-12.623330,25353,ok
-44.482760,-12.623330,25354,ok
-43.448270,-12.623330,25355,ok
-42.413790,-12.623330,25356,ok
-41.379300,-12.623330,25357,ok
-40.344820,-12.623330,25358,ok
-39.310330,-12.623330,25359,ok
-38.275850,-12.623330,25360,ok
13.604650,-13.558400,25410,ok
14.651160,-13.558400,25411,ok
15.697670,-13.558400,25412,ok
16.744190,-13.558400,25413,ok
17.790700,-13.558400,25414,ok
18.837210,-13.558400,25415,ok
19.883720,-13.558400,25416,ok
20.930230,-13.558400,25417,ok
21.976740,-13.558400,25418,ok
23.023260,-13.558400,25419,ok
24.069770,-13.558400,25420,ok
25.116280,-13.558400,25421,ok
26.162790,-13.558400,25422,ok
27.209300,-13.558400,25423,ok
28.255810,-13.558400,25424,ok
29.302330,-13.558400,25425,ok
30.348840,-13.558400,25426,ok
31.395350,-13.558400,25427,ok
32.441860,-13.558400,25428,ok
33.488370,-13.558400,25429,ok
34.534890,-13.558400,25430,ok
35.581390,-13.558400,25431,ok
36.627910,-13.558400,25432,ok
37.674420,-13.558400,25433,ok
38.720930,-13.558400,25434,ok
39.767440,-13.558400,25435,ok
49.186050,-13.558400,25444,ok
130.813950,-13.558400,25522,ok
131.860460,-13.558400,25523,ok
132.906980,-13.558400,25524,ok
133.953490,-13.558400,25525,ok
135.000000,-13.558400,25526,ok
142.325580,-13.558400,25533,ok
143.372090,-13.558400,25534,ok
-75.348850,-13.558400,25669,ok
-74.302340,-13.558400,25670,ok
-73.255830,-13.558400,25671,ok
-72.209290,-13.558400,25672,ok
-71.162780,-13.558400,25673,ok
-70.116270,-13.558400,25674,ok
-69.069760,-13.558400,25675,ok
-68.023250,-13.558400,25676,ok
-66.976750,-13.558400,25677,ok
-65.930240,-13.558400,25678,ok
-64.883730,-13.558400,25679,ok
-63.837220,-13.558400,25680,ok
-62.790710,-13.558400,25681,ok
-61.744170,-13.558400,25682,ok
-60.697660,-13.558400,25683,ok
-59.651150,-13.558400,25684,ok
-58.604640,-13.558400,25685,ok
-57.558140,-13.558400,25686,ok
-56.511630,-13.558400,25687,ok
-55.465120,-13.558400,25688,ok
-54.418610,-13.558400,25689,ok
-53.372100,-13.558400,25690,ok
-52.325590,-13.558400,25691,ok
-51.279080,-13.558400,25692,ok
-50.232540,-13.558400,25693,ok
-49.186040,-13.558400,25694,ok
-48.139530,-13.558400,25695,ok
-47.093020,-13.558400,25696,ok
-46.046510,-13.558400,25697,ok
-45.000000,-13.558400,25698,ok
-43.953490,-13.558400,25699,ok
-42.906980,-13.558400,25700,ok
-41.860470,-13.558400,25701,ok
-40.813960,-13.558400,25702,ok
-39.767460,-13.558400,25703,ok
12.705880,-14.493460,25753,ok
13.764710,-14.493460,25754,ok
14.823530,-14.493460,25755,ok
15.882350,-14.493460,25756,ok
16.941180,-14.493460,25757,ok
18.000000,-14.493460,25758,ok
19.058820,-14.493460,25759,ok
20.117650,-14.493460,25760,ok
21.176470,-14.493460,25761,ok
22.235290,-14.493460,25762,ok
23.294120,-14.493460,25763,ok
24.352940,-14.493460,25764,ok
25.411760,-14.493460,25765,ok
26.470590,-14.493460,25766,ok
27.529410,-14.493460,25767,ok
28.588240,-14.493460,25768,ok
29.647060,-14.493460,25769,ok
30.705880,-14.493460,25770,ok
31.764710,-14.493460,25771,ok
32.823530,-14.493460,25772,ok
33.882350,-14.493460,25773,ok
34.941180,-14.493460,25774,ok
36.000000,-14.493460,25775,ok
37.058820,-14.493460,25776,ok
38.117650,-14.493460,25777,ok
39.176470,-14.493460,25778,ok
40.235290,-14.493460,25779,ok
48.705880,-14.493460,25787,ok
49.764710,-14.493460,25788,ok
127.058820,-14.493460,25861,ok
130.235290,-14.493460,25864,ok
131.294110,-14.493460,25865,ok
132.352940,-14.493460,25866,ok
133.411760,-14.493460,25867,ok
134.470580,-14.493460,25868,ok
135.529420,-14.493460,25869,ok
141.882350,-14.493460,25875,ok
142.941180,-14.493460,25876,ok
-75.176480,-14.493460,26010,ok
-74.117650,-14.493460,26011,ok
-73.058840,-14.493460,26012,ok
-72.000000,-14.493460,26013,ok
-70.941160,-14.493460,26014,ok
-69.882350,-14.493460,26015,ok
-68.823520,-14.493460,26016,ok
-67.764710,-14.493460,26017,ok
-66.705870,-14.493460,26018,ok
-65.647060,-14.493460,26019,ok
-64.588230,-14.493460,26020,ok
-63.529420,-14.493460,26021,ok
-62.470580,-14.493460,26022,ok
-61.411770,-14.493460,26023,ok
-60.352940,-14.493460,26024,ok
-59.294130,-14.493460,26025,ok
-58.235290,-14.493460,26026,ok
-57.176480,-14.493460,26027,ok
-56.117650,-14.493460,26028,ok
-55.058840,-14.493460,26029,ok
-54.000000,-14.493460,26030,ok
-52.941160,-14.493460,26031,ok
-51.882350,-14.493460,26032,ok
-50.823520,-14.493460,26033,ok
-49.764710,-14.493460,26034,ok
-48.705870,-14.493460,26035,ok
-47.647060,-14.493460,26036,ok
-46.588230,-14.493460,26037,ok
-45.529420,-14.493460,26038,ok
-44.470580,-14.493460,26039,ok
-43.411770,-14.493460,26040,ok
-42.352940,-14.493460,26041,ok
-41.294130,-14.493460,26042,ok
-40.235290,-14.493460,26043,ok
12.857140,-15.428520,26093,ok
13.928570,-15.428520,26094,ok
15.000000,-15.428520,26095,ok
16.071430,-15.428520,26096,ok
17.142860,-15.428520,26097,ok
18.214280,-15.428520,26098,ok
19.285720,-15.428520,26099,ok
20.357140,-15.428520,26100,ok
21.428570,-15.428520,26101,ok
22.500000,-15.428520,26102,ok
23.571430,-15.428520,26103,ok
24.642860,-15.428520,26104,ok
25.714280,-15.428520,26105,ok
26.785720,-15.428520,26106,ok
27.857140,-15.428520,26107,ok
28.928570,-15.428520,26108,ok
30.000000,-15.428520,26109,ok
31.071430,-15.428520,26110,ok
32.142860,-15.428520,26111,ok
33.214290,-15.428520,26112,ok
34.285710,-15.428520,26113,ok
35.357140,-15.428520,26114,ok
36.428570,-15.428520,26115,ok
37.500000,-15.428520,26116,ok
38.571430,-15.428520,26117,ok
39.642860,-15.428520,26118,ok
47.142860,-15.428520,26125,ok
48.214290,-15.428520,26126,ok
49.285710,-15.428520,26127,ok
125.357140,-15.428520,26198,ok
126.428570,-15.428520,26199,ok
127.500000,-15.428520,26200,ok
128.571430,-15.428520,26201,ok
129.642850,-15.428520,26202,ok
130.714280,-15.428520,26203,ok
131.785720,-15.428520,26204,ok
132.857150,-15.428520,26205,ok
133.928570,-15.428520,26206,ok
135.000000,-15.428520,26207,ok
142.500000,-15.428520,26214,ok
143.571430,-15.428520,26215,ok
144.642850,-15.428520,26216,ok
-73.928560,-15.428520,26348,ok
-72.857150,-15.428520,26349,ok
-71.785710,-15.428520,26350,ok
-70.714290,-15.428520,26351,ok
-69.642850,-15.428520,26352,ok
-68.571440,-15.428520,26353,ok
-67.500000,-15.428520,26354,ok
-66.428560,-15.428520,26355,ok
-65.357150,-15.428520,26356,ok
-64.285710,-15.428520,26357,ok
-63.214290,-15.428520,26358,ok
-62.142850,-15.428520,26359,ok
-61.071440,-15.428520,26360,ok
-60.000000,-15.428520,26361,ok
-58.928560,-15.428520,26362,ok
-57.857150,-15.428520,26363,ok
-56.785710,-15.428520,26364,ok
-55.714290,-15.428520,26365,ok
-54.642850,-15.428520,26366,ok
-53.571440,-15.428520,26367,ok
-52.500000,-15.428520,26368,ok
-51.428560,-15.428520,26369,ok
-50.357150,-15.428520,26370,ok
-49.285710,-15.428520,26371,ok
-48.214290,-15.428520,26372,ok
-47.142850,-15.428520,26373,ok
-46.071440,-15.428520,26374,ok
-45.000000,-15.428520,26375,ok
-43.928560,-15.428520,26376,ok
-42.857150,-15.428520,26377,ok
-41.785710,-15.428520,26378,ok
-40.714290,-15.428520,26379,ok
-39.642850,-15.428520,26380,ok
13.012050,-16.363580,26429,ok
14.096390,-16.363580,26430,ok
15.180720,-16.363580,26431,ok
16.265060,-16.363580,26432,ok
17.349400,-16.363580,26433,ok
18.433730,-16.363580,26434,ok
19.518070,-16.363580,26435,ok
20.602410,-16.363580,26436,ok
21.686750,-16.363580,26437,ok
22.771080,-16.363580,26438,ok
23.855420,-16.363580,26439,ok
24.939760,-16.363580,26440,ok
26.024100,-16.363580,26441,ok
27.108430,-16.363580,26442,ok
28.192770,-16.363580,26443,ok
29.277110,-16.363580,26444,ok
30.361450,-16.363580,26445,ok
31.445780,-16.363580,26446,ok
32.530120,-16.363580,26447,ok
33.614460,-16.363580,26448,ok
34.698800,-16.363580,26449,ok
35.783130,-16.363580,26450,ok
36.867470,-16.363580,26451,ok
37.951810,-16.363580,26452,ok
39.036140,-16.363580,26453,ok
45.542170,-16.363580,26459,ok
46.626510,-16.363580,26460,ok
47.710840,-16.363580,26461,ok
48.795180,-16.363580,26462,ok
124.698790,-16.363580,26532,ok
125.783130,-16.363580,26533,ok
126.867470,-16.363580,26534,ok
127.951810,-16.363580,26535,ok
129.036150,-16.363580,26536,ok
130.120480,-16.363580,26537,ok
131.204820,-16.363580,26538,ok
132.289150,-16.363580,26539,ok
133.373490,-16.363580,26540,ok
134.457820,-16.363580,26541,ok
135.542180,-16.363580,26542,ok
136.626510,-16.363580,26543,ok
142.048190,-16.363580,26548,ok
143.132520,-16.363580,26549,ok
144.216870,-16.363580,26550,ok
-72.650600,-16.363580,26682,ok
-71.566250,-16.363580,26683,ok
-70.481930,-16.363580,26684,ok
-69.397580,-16.363580,26685,ok
-68.313260,-16.363580,26686,ok
-67.228910,-16.363580,26687,ok
-66.144590,-16.363580,26688,ok
-65.060240,-16.363580,26689,ok
-63.975890,-16.363580,26690,ok
-62.891570,-16.363580,26691,ok
-61.807220,-16.363580,26692,ok
-60.722900,-16.363580,26693,ok
-59.638550,-16.363580,26694,ok
-58.554230,-16.363580,26695,ok
-57.469880,-16.363580,26696,ok
-56.385530,-16.363580,26697,ok
-55.301210,-16.363580,26698,ok
-54.216860,-16.363580,26699,ok
-53.132540,-16.363580,26700,ok
-52.048190,-16.363580,26701,ok
-50.963870,-16.363580,26702,ok
-49.879520,-16.363580,26703,ok
-48.795170,-16.363580,26704,ok
-47.710850,-16.363580,26705,ok
-46.626500,-16.363580,26706,ok
-45.542180,-16.363580,26707,ok
-44.457820,-16.363580,26708,ok
-43.373500,-16.363580,26709,ok
-42.289150,-16.363580,26710,ok
-41.204830,-16.363580,26711,ok
-40.120480,-16.363580,26712,ok
12.073170,-17.298640,26760,ok
13.170730,-17.298640,26761,ok
14.268290,-17.298640,26762,ok
15.365850,-17.298640,26763,ok
16.463420,-17.298640,26764,ok
17.560980,-17.298640,26765,ok
18.658540,-17.298640,26766,ok
19.756100,-17.298640,26767,ok
20.853660,-17.298640,26768,ok
21.951220,-17.298640,26769,ok
23.048780,-17.298640,26770,ok
24.146340,-17.298640,26771,ok
25.243900,-17.298640,26772,ok
26.341460,-17.298640,26773,ok
27.439020,-17.298640,26774,ok
28.536580,-17.298640,26775,ok
29.634150,-17.298640,26776,ok
30.731710,-17.298640,26777,ok
31.829270,-17.298640,26778,ok
32.926830,-17.298640,26779,ok
34.024390,-17.298640,26780,ok
35.121950,-17.298640,26781,ok
36.219510,-17.298640,26782,ok
37.317070,-17.298640,26783,ok
45.000000,-17.298640,26790,ok
46.097560,-17.298640,26791,ok
47.195120,-17.298640,26792,ok
48.292680,-17.298640,26793,ok
122.926830,-17.298640,26861,ok
124.024390,-17.298640,26862,ok
125.121950,-17.298640,26863,ok
126.219510,-17.298640,26864,ok
127.317070,-17.298640,26865,ok
128.414630,-17.298640,26866,ok
129.512190,-17.298640,26867,ok
130.609760,-17.298640,26868,ok
131.707320,-17.298640,26869,ok
132.804870,-17.298640,26870,ok
133.902440,-17.298640,26871,ok
135.000000,-17.298640,26872,ok
136.097560,-17.298640,26873,ok
137.195130,-17.298640,26874,ok
138.292680,-17.298640,26875,ok
139.390240,-17.298640,26876,ok
141.585370,-17.298640,26878,ok
142.682920,-17.298640,26879,ok
143.780490,-17.298640,26880,ok
144.878050,-17.298640,26881,ok
-70.243900,-17.298640,27013,ok
-69.146330,-17.298640,27014,ok
-68.048770,-17.298640,27015,ok
-66.951230,-17.298640,27016,ok
-65.853670,-17.298640,27017,ok
-64.756100,-17.298640,27018,ok
-63.658540,-17.298640,27019,ok
-62.560970,-17.298640,27020,ok
-61.463410,-17.298640,27021,ok
-60.365840,-17.298640,27022,ok
-59.268280,-17.298640,27023,ok
-58.170750,-17.298640,27024,ok
-57.073180,-17.298640,27025,ok
-55.975620,-17.298640,27026,ok
-54.878050,-17.298640,27027,ok
-53.780490,-17.298640,27028,ok
-52.682920,-17.298640,27029,ok
-51.585360,-17.298640,27030,ok
-50.487790,-17.298640,27031,ok
-49.390260,-17.298640,27032,ok
-48.292690,-17.298640,27033,ok
-47.195130,-17.298640,27034,ok
-46.097560,-17.298640,27035,ok
-45.000000,-17.298640,27036,ok
-43.902440,-17.298640,27037,ok
-42.804870,-17.298640,27038,ok
-41.707310,-17.298640,27039,ok
-40.609740,-17.298640,27040,ok
-39.512210,-17.298640,27041,ok
12.222220,-18.233700,27088,ok
13.333330,-18.233700,27089,ok
14.444440,-18.233700,27090,ok
15.555560,-18.233700,27091,ok
16.666670,-18.233700,27092,ok
17.777780,-18.233700,27093,ok
18.888890,-18.233700,27094,ok
20.000000,-18.233700,27095,ok
21.111110,-18.233700,27096,ok
22.222220,-18.233700,27097,ok
23.333330,-18.233700,27098,ok
24.444440,-18.233700,27099,ok
25.555560,-18.233700,27100,ok
26.666670,-18.233700,27101,ok
27.777780,-18.233700,27102,ok
28.888890,-18.233700,27103,ok
30.000000,-18.233700,27104,ok
31.111110,-18.233700,27105,ok
32.222220,-18.233700,27106,ok
33.333330,-18.233700,27107,ok
34.444440,-18.233700,27108,ok
35.555560,-18.233700,27109,ok
44.444440,-18.233700,27117,ok
45.555560,-18.233700,27118,ok
46.666670,-18.233700,27119,ok
47.777780,-18.233700,27120,ok
48.888890,-18.233700,27121,ok
123.333340,-18.233700,27188,ok
124.444440,-18.233700,27189,ok
125.555560,-18.233700,27190,ok
126.666660,-18.233700,27191,ok
127.777780,-18.233700,27192,ok
128.888890,-18.233700,27193,ok
130.000000,-18.233700,27194,ok
131.111110,-18.233700,27195,ok
132.222230,-18.233700,27196,ok
133.333330,-18.233700,27197,ok
134.444440,-18.233700,27198,ok
135.555560,-18.233700,27199,ok
136.666670,-18.233700,27200,ok
137.777770,-18.233700,27201,ok
138.888890,-18.233700,27202,ok
140.000000,-18.233700,27203,ok
141.111110,-18.233700,27204,ok
142.222230,-18.233700,27205,ok
143.333330,-18.233700,27206,ok
144.444440,-18.233700,27207,ok
145.555560,-18.233700,27208,ok
-70.000000,-18.233700,27338,ok
-68.888890,-18.233700,27339,ok
-67.777770,-18.233700,27340,ok
-66.666660,-18.233700,27341,ok
-65.555540,-18.233700,27342,ok
-64.444460,-18.233700,27343,ok
-63.333340,-18.233700,27344,ok
-62.222230,-18.233700,27345,ok
-61.111110,-18.233700,27346,ok
-60.000000,-18.233700,27347,ok
-58.888890,-18.233700,27348,ok
-57.777770,-18.233700,27349,ok
-56.666660,-18.233700,27350,ok
-55.555540,-18.233700,27351,ok
-54.444460,-18.233700,27352,ok
-53.333340,-18.233700,27353,ok
-52.222230,-18.233700,27354,ok
-51.111110,-18.233700,27355,ok
-50.000000,-18.233700,27356,ok
-48.888890,-18.233700,27357,ok
-47.777770,-18.233700,27358,ok
-46.666660,-18.233700,27359,ok
-45.555540,-18.233700,27360,ok
-44.444460,-18.233700,27361,ok
-43.333340,-18.233700,27362,ok
-42.222230,-18.233700,27363,ok
-41.111110,-18.233700,27364,ok
-40.000000,-18.233700,27365,ok
13.500000,-19.168760,27413,ok
14.625000,-19.168760,27414,ok
15.750000,-19.168760,27415,ok
16.875000,-19.168760,27416,ok
18.000000,-19.168760,27417,ok
19.125000,-19.168760,27418,ok
20.250000,-19.168760,27419,ok
21.375000,-19.168760,27420,ok
22.500000,-19.168760,27421,ok
23.625000,-19.168760,27422,ok
24.750000,-19.168760,27423,ok
25.875000,-19.168760,27424,ok
27.000000,-19.168760,27425,ok
28.125000,-19.168760,27426,ok
29.250000,-19.168760,27427,ok
30.375000,-19.168760,27428,ok
31.500000,-19.168760,27429,ok
32.625000,-19.168760,27430,ok
33.750000,-19.168760,27431,ok
34.875000,-19.168760,27432,ok
45.000000,-19.168760,27441,ok
46.125000,-19.168760,27442,ok
47.250000,-19.168760,27443,ok
48.375000,-19.168760,27444,ok
121.500000,-19.168760,27509,ok
122.625000,-19.168760,27510,ok
123.750000,-19.168760,27511,ok
124.875000,-19.168760,27512,ok
126.000000,-19.168760,27513,ok
127.125000,-19.168760,27514,ok
128.250000,-19.168760,27515,ok
129.375000,-19.168760,27516,ok
130.500000,-19.168760,27517,ok
131.625000,-19.168760,27518,ok
132.750000,-19.168760,27519,ok
133.875000,-19.168760,27520,ok
135.000000,-19.168760,27521,ok
136.125000,-19.168760,27522,ok
137.250000,-19.168760,27523,ok
138.375000,-19.168760,27524,ok
139.500000,-19.168760,27525,ok
140.625000,-19.168760,27526,ok
141.750000,-19.168760,27527,ok
142.875000,-19.168760,27528,ok
144.000000,-19.168760,27529,ok
145.125000,-19.168760,27530,ok
146.250000,-19.168760,27531,ok
-69.750000,-19.168760,27659,ok
-68.625000,-19.168760,27660,ok
-67.500000,-19.168760,27661,ok
-66.375000,-19.168760,27662,ok
-65.250000,-19.168760,27663,ok
-64.125000,-19.168760,27664,ok
-63.000000,-19.168760,27665,ok
-61.875000,-19.168760,27666,ok
-60.750000,-19.168760,27667,ok
-59.625000,-19.168760,27668,ok
-58.500000,-19.168760,27669,ok
-57.375000,-19.168760,27670,ok
-56.250000,-19.168760,27671,ok
-55.125000,-19.168760,27672,ok
-54.000000,-19.168760,27673,ok
-52.875000,-19.168760,27674,ok
-51.750000,-19.168760,27675,ok
-50.625000,-19.168760,27676,ok
-49.500000,-19.168760,27677,ok
-48.375000,-19.168760,27678,ok
-47.250000,-19.168760,27679,ok
-46.125000,-19.168760,27680,ok
-45.000000,-19.168760,27681,ok
-43.875000,-19.168760,27682,ok
-42.750000,-19.168760,27683,ok
-41.625000,-19.168760,27684,ok
-40.500000,-19.168760,27685,ok
13.670890,-20.103820,27733,ok
14.810130,-20.103820,27734,ok
15.949370,-20.103820,27735,ok
17.088610,-20.103820,27736,ok
18.227850,-20.103820,27737,ok
19.367090,-20.103820,27738,ok
20.506330,-20.103820,27739,ok
21.645570,-20.103820,27740,ok
22.784810,-20.103820,27741,ok
23.924050,-20.103820,27742,ok
25.063290,-20.103820,27743,ok
26.202530,-20.103820,27744,ok
27.341770,-20.103820,27745,ok
28.481010,-20.103820,27746,ok
29.620250,-20.103820,27747,ok
30.759490,-20.103820,27748,ok
31.898740,-20.103820,27749,ok
33.037980,-20.103820,27750,ok
34.177220,-20.103820,27751,ok
45.569620,-20.103820,27761,ok
46.708860,-20.103820,27762,ok
47.848100,-20.103820,27763,ok
120.759490,-20.103820,27827,ok
121.898740,-20.103820,27828,ok
123.037970,-20.103820,27829,ok
124.177220,-20.103820,27830,ok
125.316450,-20.103820,27831,ok
126.455700,-20.103820,27832,ok
127.594940,-20.103820,27833,ok
128.734180,-20.103820,27834,ok
129.873410,-20.103820,27835,ok
131.012660,-20.103820,27836,ok
132.151900,-20.103820,27837,ok
133.291140,-20.103820,27838,ok
134.430370,-20.103820,27839,ok
135.569630,-20.103820,27840,ok
136.708860,-20.103820,27841,ok
137.848100,-20.103820,27842,ok
138.987340,-20.103820,27843,ok
140.126590,-20.103820,27844,ok
141.265820,-20.103820,27845,ok
142.405060,-20.103820,27846,ok
143.544300,-20.103820,27847,ok
144.683550,-20.103820,27848,ok
145.822780,-20.103820,27849,ok
146.962020,-20.103820,27850,ok
148.101270,-20.103820,27851,ok
-69.493680,-20.103820,27976,ok
-68.354430,-20.103820,27977,ok
-67.215180,-20.103820,27978,ok
-66.075960,-20.103820,27979,ok
-64.936710,-20.103820,27980,ok
-63.797450,-20.103820,27981,ok
-62.658230,-20.103820,27982,ok
-61.518980,-20.103820,27983,ok
-60.379760,-20.103820,27984,ok
-59.240510,-20.103820,27985,ok
-58.101260,-20.103820,27986,ok
-56.962040,-20.103820,27987,ok
-55.822780,-20.103820,27988,ok
-54.683530,-20.103820,27989,ok
-53.544310,-20.103820,27990,ok
-52.405060,-20.103820,27991,ok
-51.265810,-20.103820,27992,ok
-50.126590,-20.103820,27993,ok
-48.987340,-20.103820,27994,ok
-47.848110,-20.103820,27995,ok
-46.708860,-20.103820,27996,ok
-45.569610,-20.103820,27997,ok
-44.430390,-20.103820,27998,ok
-43.291140,-20.103820,27999,ok
-42.151890,-20.103820,28000,ok
-41.012660,-20.103820,28001,ok
13.846150,-21.038890,28049,ok
15.000000,-21.038890,28050,ok
16.153850,-21.038890,28051,ok
17.307690,-21.038890,28052,ok
18.461540,-21.038890,28053,ok
19.615390,-21.038890,28054,ok
20.769230,-21.038890,28055,ok
21.923080,-21.038890,28056,ok
23.076920,-21.038890,28057,ok
24.230770,-21.038890,28058,ok
25.384610,-21.038890,28059,ok
26.538460,-21.038890,28060,ok
27.692310,-21.038890,28061,ok
28.846150,-21.038890,28062,ok
30.000000,-21.038890,28063,ok
31.153850,-21.038890,28064,ok
32.307690,-21.038890,28065,ok
33.461540,-21.038890,28066,ok
34.615380,-21.038890,28067,ok
45.000000,-21.038890,28076,ok
46.153850,-21.038890,28077,ok
47.307690,-21.038890,28078,ok
116.538460,-21.038890,28138,ok
117.692310,-21.038890,28139,ok
118.846150,-21.038890,28140,ok
120.000000,-21.038890,28141,ok
121.153850,-21.038890,28142,ok
122.307690,-21.038890,28143,ok
123.461540,-21.038890,28144,ok
124.615390,-21.038890,28145,ok
125.769230,-21.038890,28146,ok
126.923080,-21.038890,28147,ok
128.076920,-21.038890,28148,ok
129.230770,-21.038890,28149,ok
130.384610,-21.038890,28150,ok
131.538470,-21.038890,28151,ok
132.692310,-21.038890,28152,ok
133.846160,-21.038890,28153,ok
135.000000,-21.038890,28154,ok
136.153840,-21.038890,28155,ok
137.307690,-21.038890,28156,ok
138.461530,-21.038890,28157,ok
139.615390,-21.038890,28158,ok
140.769230,-21.038890,28159,ok
141.923080,-21.038890,28160,ok
143.076920,-21.038890,28161,ok
144.230770,-21.038890,28162,ok
145.384610,-21.038890,28163,ok
146.538470,-21.038890,28164,ok
147.692310,-21.038890,28165,ok
148.846160,-21.038890,28166,ok
-69.230770,-21.038890,28289,ok
-68.076930,-21.038890,28290,ok
-66.923070,-21.038890,28291,ok
-65.769230,-21.038890,28292,ok
-64.615390,-21.038890,28293,ok
-63.461550,-21.038890,28294,ok
-62.307680,-21.038890,28295,ok
-61.153840,-21.038890,28296,ok
-60.000000,-21.038890,28297,ok
-58.846160,-21.038890,28298,ok
-57.692320,-21.038890,28299,ok
-56.538450,-21.038890,28300,ok
-55.384610,-21.038890,28301,ok
-54.230770,-21.038890,28302,ok
-53.076930,-21.038890,28303,ok
-51.923070,-21.038890,28304,ok
-50.769230,-21.038890,28305,ok
-49.615390,-21.038890,28306,ok
-48.461550,-21.038890,28307,ok
-47.307680,-21.038890,28308,ok
-46.153840,-21.038890,28309,ok
-45.000000,-21.038890,28310,ok
-43.846160,-21.038890,28311,ok
-42.692320,-21.038890,28312,ok
-41.538450,-21.038890,28313,ok
15.194810,-21.973950,28362,ok
16.363640,-21.973950,28363,ok
17.532470,-21.973950,28364,ok
18.701300,-21.973950,28365,ok
19.870130,-21.973950,28366,ok
21.038960,-21.973950,28367,ok
22.207790,-21.973950,28368,ok
23.376620,-21.973950,28369,ok
24.545450,-21.973950,28370,ok
25.714280,-21.973950,28371,ok
26.883120,-21.973950,28372,ok
28.051950,-21.973950,28373,ok
29.220780,-21.973950,28374,ok
30.389610,-21.973950,28375,ok
31.558440,-21.973950,28376,ok
32.727270,-21.973950,28377,ok
33.896100,-21.973950,28378,ok
35.064930,-21.973950,28379,ok
44.415580,-21.973950,28387,ok
45.584420,-21.973950,28388,ok
46.753250,-21.973950,28389,ok
47.922080,-21.973950,28390,ok
115.714290,-21.973950,28448,ok
116.883120,-21.973950,28449,ok
118.051950,-21.973950,28450,ok
119.220780,-21.973950,28451,ok
120.389610,-21.973950,28452,ok
121.558440,-21.973950,28453,ok
122.727270,-21.973950,28454,ok
123.896100,-21.973950,28455,ok
125.064930,-21.973950,28456,ok
126.233760,-21.973950,28457,ok
127.402600,-21.973950,28458,ok
128.571430,-21.973950,28459,ok
129.740260,-21.973950,28460,ok
130.909090,-21.973950,28461,ok
132.077930,-21.973950,28462,ok
133.246750,-21.973950,28463,ok
134.415590,-21.973950,28464,ok
135.584410,-21.973950,28465,ok
136.753250,-21.973950,28466,ok
137.922070,-21.973950,28467,ok
139.090910,-21.973950,28468,ok
140.259740,-21.973950,28469,ok
141.428570,-21.973950,28470,ok
142.597400,-21.973950,28471,ok
143.766240,-21.973950,28472,ok
144.935060,-21.973950,28473,ok
146.103900,-21.973950,28474,ok
147.272720,-21.973950,28475,ok
148.441560,-21.973950,28476,ok
-68.961030,-21.973950,28598,ok
-67.792210,-21.973950,28599,ok
-66.623380,-21.973950,28600,ok
-65.454560,-21.973950,28601,ok
-64.285710,-21.973950,28602,ok
-63.116880,-21.973950,28603,ok
-61.948060,-21.973950,28604,ok
-60.779240,-21.973950,28605,ok
-59.610380,-21.973950,28606,ok
-58.441560,-21.973950,28607,ok
-57.272740,-21.973950,28608,ok
-56.103880,-21.973950,28609,ok
-54.935060,-21.973950,28610,ok
-53.766240,-21.973950,28611,ok
-52.597410,-21.973950,28612,ok
-51.428560,-21.973950,28613,ok
-50.259740,-21.973950,28614,ok
-49.090910,-21.973950,28615,ok
-47.922090,-21.973950,28616,ok
-46.753230,-21.973950,28617,ok
-45.584410,-21.973950,28618,ok
-44.415590,-21.973950,28619,ok
-43.246770,-21.973950,28620,ok
-42.077910,-21.973950,28621,ok
15.394740,-22.909010,28670,ok
16.578950,-22.909010,28671,ok
17.763160,-22.909010,28672,ok
18.947370,-22.909010,28673,ok
20.131580,-22.909010,28674,ok
21.315790,-22.909010,28675,ok
22.500000,-22.909010,28676,ok
23.684210,-22.909010,28677,ok
24.868420,-22.909010,28678,ok
26.052630,-22.909010,28679,ok
27.236840,-22.909010,28680,ok
28.421050,-22.909010,28681,ok
29.605260,-22.909010,28682,ok
30.789470,-22.909010,28683,ok
31.973680,-22.909010,28684,ok
33.157890,-22.909010,28685,ok
34.342110,-22.909010,28686,ok
35.526320,-22.909010,28687,ok
43.815790,-22.909010,28694,ok
45.000000,-22.909010,28695,ok
46.184210,-22.909010,28696,ok
47.368420,-22.909010,28697,ok
114.868420,-22.909010,28754,ok
116.052640,-22.909010,28755,ok
117.236840,-22.909010,28756,ok
118.421050,-22.909010,28757,ok
119.605260,-22.909010,28758,ok
120.789470,-22.909010,28759,ok
121.973690,-22.909010,28760,ok
123.157900,-22.909010,28761,ok
124.342100,-22.909010,28762,ok
125.526310,-22.909010,28763,ok
126.710530,-22.909010,28764,ok
127.894740,-22.909010,28765,ok
129.078950,-22.909010,28766,ok
130.263150,-22.909010,28767,ok
131.447370,-22.909010,28768,ok
132.631580,-22.909010,28769,ok
133.815800,-22.909010,28770,ok
135.000000,-22.909010,28771,ok
136.184200,-22.909010,28772,ok
137.368420,-22.909010,28773,ok
138.552630,-22.909010,28774,ok
139.736850,-22.909010,28775,ok
140.921050,-22.909010,28776,ok
142.105270,-22.909010,28777,ok
143.289470,-22.909010,28778,ok
144.473680,-22.909010,28779,ok
145.657900,-22.909010,28780,ok
146.842100,-22.909010,28781,ok
148.026320,-22.909010,28782,ok
149.210530,-22.909010,28783,ok
-69.868410,-22.909010,28902,ok
-68.684200,-22.909010,28903,ok
-67.500000,-22.909010,28904,ok
-66.315800,-22.909010,28905,ok
-65.131590,-22.909010,28906,ok
-63.947360,-22.909010,28907,ok
-62.763150,-22.909010,28908,ok
-61.578950,-22.909010,28909,ok
-60.394740,-22.909010,28910,ok
-59.210540,-22.909010,28911,ok
-58.026310,-22.909010,28912,ok
-56.842100,-22.909010,28913,ok
-55.657900,-22.909010,28914,ok
-54.473690,-22.909010,28915,ok
-53.289460,-22.909010,28916,ok
-52.105260,-22.909010,28917,ok
-50.921050,-22.909010,28918,ok
-49.736850,-22.909010,28919,ok
-48.552640,-22.909010,28920,ok
-47.368410,-22.909010,28921,ok
-46.184200,-22.909010,28922,ok
-45.000000,-22.909010,28923,ok
15.600000,-23.844070,28974,ok
16.800000,-23.844070,28975,ok
18.000000,-23.844070,28976,ok
19.200000,-23.844070,28977,ok
20.400000,-23.844070,28978,ok
21.600000,-23.844070,28979,ok
22.800000,-23.844070,28980,ok
24.000000,-23.844070,28981,ok
25.200000,-23.844070,28982,ok
26.400000,-23.844070,28983,ok
27.600000,-23.844070,28984,ok
28.800000,-23.844070,28985,ok
30.000000,-23.844070,28986,ok
31.200000,-23.844070,28987,ok
32.400000,-23.844070,28988,ok
33.600000,-23.844070,28989,ok
34.800000,-23.844070,28990,ok
44.400000,-23.844070,28998,ok
45.600000,-23.844070,28999,ok
46.800000,-23.844070,29000,ok
115.200000,-23.844070,29057,ok
116.400000,-23.844070,29058,ok
117.600000,-23.844070,29059,ok
118.800000,-23.844070,29060,ok
120.000000,-23.844070,29061,ok
121.200000,-23.844070,29062,ok
122.400000,-23.844070,29063,ok
123.600000,-23.844070,29064,ok
124.800000,-23.844070,29065,ok
126.000000,-23.844070,29066,ok
127.200000,-23.844070,29067,ok
128.399990,-23.844070,29068,ok
129.600010,-23.844070,29069,ok
130.800000,-23.844070,29070,ok
132.000000,-23.844070,29071,ok
133.200000,-23.844070,29072,ok
134.399990,-23.844070,29073,ok
135.600010,-23.844070,29074,ok
136.800000,-23.844070,29075,ok
138.000000,-23.844070,29076,ok
139.200000,-23.844070,29077,ok
140.399990,-23.844070,29078,ok
141.600010,-23.844070,29079,ok
142.800000,-23.844070,29080,ok
144.000000,-23.844070,29081,ok
145.200000,-23.844070,29082,ok
146.399990,-23.844070,29083,ok
147.600010,-23.844070,29084,ok
148.800000,-23.844070,29085,ok
150.000000,-23.844070,29086,ok
-69.600010,-23.844070,29203,ok
-68.399990,-23.844070,29204,ok
-67.200010,-23.844070,29205,ok
-66.000000,-23.844070,29206,ok
-64.799990,-23.844070,29207,ok
-63.600010,-23.844070,29208,ok
-62.399990,-23.844070,29209,ok
-61.200010,-23.844070,29210,ok
-60.000000,-23.844070,29211,ok
-58.799990,-23.844070,29212,ok
-57.600010,-23.844070,29213,ok
-56.399990,-23.844070,29214,ok
-55.200010,-23.844070,29215,ok
-54.000000,-23.844070,29216,ok
-52.799990,-23.844070,29217,ok
-51.600010,-23.844070,29218,ok
-50.399990,-23.844070,29219,ok
-49.200010,-23.844070,29220,ok
-48.000000,-23.844070,29221,ok
-46.799990,-23.844070,29222,ok
15.810810,-24.779130,29274,ok
17.027030,-24.779130,29275,ok
18.243240,-24.779130,29276,ok
19.459460,-24.779130,29277,ok
20.675680,-24.779130,29278,ok
21.891890,-24.779130,29279,ok
23.108110,-24.779130,29280,ok
24.324320,-24.779130,29281,ok
25.540540,-24.779130,29282,ok
26.756760,-24.779130,29283,ok
27.972970,-24.779130,29284,ok
29.189190,-24.779130,29285,ok
30.405410,-24.779130,29286,ok
31.621620,-24.779130,29287,ok
32.837840,-24.779130,29288,ok
34.054050,-24.779130,29289,ok
45.000000,-24.779130,29298,ok
46.216220,-24.779130,29299,ok
114.324330,-24.779130,29355,ok
115.540540,-24.779130,29356,ok
116.756760,-24.779130,29357,ok
117.972980,-24.779130,29358,ok
119.189190,-24.779130,29359,ok
120.405400,-24.779130,29360,ok
121.621620,-24.779130,29361,ok
122.837840,-24.779130,29362,ok
124.054050,-24.779130,29363,ok
125.270270,-24.779130,29364,ok
126.486490,-24.779130,29365,ok
127.702710,-24.779130,29366,ok
128.918910,-24.779130,29367,ok
130.135130,-24.779130,29368,ok
131.351350,-24.779130,29369,ok
132.567570,-24.779130,29370,ok
133.783780,-24.779130,29371,ok
135.000000,-24.779130,29372,ok
136.216220,-24.779130,29373,ok
137.432430,-24.779130,29374,ok
138.648650,-24.779130,29375,ok
139.864870,-24.779130,29376,ok
141.081090,-24.779130,29377,ok
142.297300,-24.779130,29378,ok
143.513520,-24.779130,29379,ok
144.729740,-24.779130,29380,ok
145.945950,-24.779130,29381,ok
147.162160,-24.779130,29382,ok
148.378370,-24.779130,29383,ok
149.594590,-24.779130,29384,ok
150.810810,-24.779130,29385,ok
152.027020,-24.779130,29386,ok
-69.324310,-24.779130,29500,ok
-68.108090,-24.779130,29501,ok
-66.891910,-24.779130,29502,ok
-65.675690,-24.779130,29503,ok
-64.459470,-24.779130,29504,ok
-63.243260,-24.779130,29505,ok
-62.027040,-24.779130,29506,ok
-60.810820,-24.779130,29507,ok
-59.594600,-24.779130,29508,ok
-58.378390,-24.779130,29509,ok
-57.162170,-24.779130,29510,ok
-55.945950,-24.779130,29511,ok
-54.729740,-24.779130,29512,ok
-53.513520,-24.779130,29513,ok
-52.297300,-24.779130,29514,ok
-51.081090,-24.779130,29515,ok
-49.864870,-24.779130,29516,ok
-48.648650,-24.779130,29517,ok
16.027400,-25.714190,29570,ok
17.260270,-25.714190,29571,ok
18.493150,-25.714190,29572,ok
19.726030,-25.714190,29573,ok
20.958900,-25.714190,29574,ok
22.191780,-25.714190,29575,ok
23.424660,-25.714190,29576,ok
24.657530,-25.714190,29577,ok
25.890410,-25.714190,29578,ok
27.123290,-25.714190,29579,ok
28.356160,-25.714190,29580,ok
29.589040,-25.714190,29581,ok
30.821920,-25.714190,29582,ok
32.054790,-25.714190,29583,ok
114.657530,-25.714190,29650,ok
115.890410,-25.714190,29651,ok
117.123290,-25.714190,29652,ok
118.356160,-25.714190,29653,ok
119.589040,-25.714190,29654,ok
120.821910,-25.714190,29655,ok
122.054790,-25.714190,29656,ok
123.287670,-25.714190,29657,ok
124.520550,-25.714190,29658,ok
125.753430,-25.714190,29659,ok
126.986300,-25.714190,29660,ok
128.219180,-25.714190,29661,ok
129.452060,-25.714190,29662,ok
130.684940,-25.714190,29663,ok
131.917800,-25.714190,29664,ok
133.150680,-25.714190,29665,ok
134.383560,-25.714190,29666,ok
135.616440,-25.714190,29667,ok
136.849320,-25.714190,29668,ok
138.082200,-25.714190,29669,ok
139.315060,-25.714190,29670,ok
140.547940,-25.714190,29671,ok
141.780820,-25.714190,29672,ok
143.013700,-25.714190,29673,ok
144.246580,-25.714190,29674,ok
145.479450,-25.714190,29675,ok
146.712330,-25.714190,29676,ok
147.945210,-25.714190,29677,ok
149.178090,-25.714190,29678,ok
150.410960,-25.714190,29679,ok
151.643830,-25.714190,29680,ok
-70.273990,-25.714190,29792,ok
-69.041110,-25.714190,29793,ok
-67.808230,-25.714190,29794,ok
-66.575350,-25.714190,29795,ok
-65.342470,-25.714190,29796,ok
-64.109590,-25.714190,29797,ok
-62.876710,-25.714190,29798,ok
-61.643830,-25.714190,29799,ok
-60.410950,-25.714190,29800,ok
-59.178070,-25.714190,29801,ok
-57.945190,-25.714190,29802,ok
-56.712340,-25.714190,29803,ok
-55.479460,-25.714190,29804,ok
-54.246580,-25.714190,29805,ok
-53.013700,-25.714190,29806,ok
-51.780820,-25.714190,29807,ok
-50.547940,-25.714190,29808,ok
-49.315060,-25.714190,29809,ok
16.250000,-26.649250,29862,ok
17.500000,-26.649250,29863,ok
18.750000,-26.649250,29864,ok
20.000000,-26.649250,29865,ok
21.250000,-26.649250,29866,ok
22.500000,-26.649250,29867,ok
23.750000,-26.649250,29868,ok
25.000000,-26.649250,29869,ok
26.250000,-26.649250,29870,ok
27.500000,-26.649250,29871,ok
28.750000,-26.649250,29872,ok
30.000000,-26.649250,29873,ok
31.250000,-26.649250,29874,ok
32.500000,-26.649250,29875,ok
115.000000,-26.649250,29941,ok
116.250000,-26.649250,29942,ok
117.500000,-26.649250,29943,ok
118.750000,-26.649250,29944,ok
120.000000,-26.649250,29945,ok
121.250000,-26.649250,29946,ok
122.500000,-26.649250,29947,ok
123.750000,-26.649250,29948,ok
125.000000,-26.649250,29949,ok
126.250000,-26.649250,29950,ok
127.500000,-26.649250,29951,ok
128.750000,-26.649250,29952,ok
130.000000,-26.649250,29953,ok
131.250000,-26.649250,29954,ok
132.500000,-26.649250,29955,ok
133.750000,-26.649250,29956,ok
135.000000,-26.649250,29957,ok
136.250000,-26.649250,29958,ok
137.500000,-26.649250,29959,ok
138.750000,-26.649250,29960,ok
140.000000,-26.649250,29961,ok
141.250000,-26.649250,29962,ok
142.500000,-26.649250,29963,ok
143.750000,-26.649250,29964,ok
145.000000,-26.649250,29965,ok
146.250000,-26.649250,29966,ok
147.500000,-26.649250,29967,ok
148.750000,-26.649250,29968,ok
150.000000,-26.649250,29969,ok
151.250000,-26.649250,29970,ok
152.500000,-26.649250,29971,ok
-70.000000,-26.649250,30081,ok
-68.750000,-26.649250,30082,ok
-67.500000,-26.649250,30083,ok
-66.250000,-26.649250,30084,ok
-65.000000,-26.649250,30085,ok
-63.750000,-26.649250,30086,ok
-62.500000,-26.649250,30087,ok
-61.250000,-26.649250,30088,ok
-60.000000,-26.649250,30089,ok
-58.750000,-26.649250,30090,ok
-57.500000,-26.649250,30091,ok
-56.250000,-26.649250,30092,ok
-55.000000,-26.649250,30093,ok
-53.750000,-26.649250,30094,ok
-52.500000,-26.649250,30095,ok
-51.250000,-26.649250,30096,ok
-50.000000,-26.649250,30097,ok
-48.750000,-26.649250,30098,ok
16.478870,-27.584310,30150,ok
17.746480,-27.584310,30151,ok
19.014080,-27.584310,30152,ok
20.281690,-27.584310,30153,ok
21.549300,-27.584310,30154,ok
22.816900,-27.584310,30155,ok
24.084510,-27.584310,30156,ok
25.352110,-27.584310,30157,ok
26.619720,-27.584310,30158,ok
27.887320,-27.584310,30159,ok
29.154930,-27.584310,30160,ok
30.422530,-27.584310,30161,ok
31.690140,-27.584310,30162,ok
115.352110,-27.584310,30228,ok
116.619720,-27.584310,30229,ok
117.887320,-27.584310,30230,ok
119.154930,-27.584310,30231,ok
120.422540,-27.584310,30232,ok
121.690140,-27.584310,30233,ok
122.957750,-27.584310,30234,ok
124.225350,-27.584310,30235,ok
125.492960,-27.584310,30236,ok
126.760570,-27.584310,30237,ok
128.028170,-27.584310,30238,ok
129.295780,-27.584310,30239,ok
130.563390,-27.584310,30240,ok
131.830980,-27.584310,30241,ok
133.098590,-27.584310,30242,ok
134.366200,-27.584310,30243,ok
135.633800,-27.584310,30244,ok
136.901410,-27.584310,30245,ok
138.169020,-27.584310,30246,ok
139.436610,-27.584310,30247,ok
140.704220,-27.584310,30248,ok
141.971830,-27.584310,30249,ok
143.239440,-27.584310,30250,ok
144.507050,-27.584310,30251,ok
145.774640,-27.584310,30252,ok
147.042250,-27.584310,30253,ok
148.309860,-27.584310,30254,ok
149.577470,-27.584310,30255,ok
150.845080,-27.584310,30256,ok
152.112670,-27.584310,30257,ok
-69.718320,-27.584310,30366,ok
-68.450710,-27.584310,30367,ok
-67.183110,-27.584310,30368,ok
-65.915500,-27.584310,30369,ok
-64.647890,-27.584310,30370,ok
-63.380280,-27.584310,30371,ok
-62.112670,-27.584310,30372,ok
-60.845060,-27.584310,30373,ok
-59.577450,-27.584310,30374,ok
-58.309840,-27.584310,30375,ok
-57.042270,-27.584310,30376,ok
-55.774660,-27.584310,30377,ok
-54.507050,-27.584310,30378,ok
-53.239440,-27.584310,30379,ok
-51.971830,-27.584310,30380,ok
-50.704220,-27.584310,30381,ok
-49.436610,-27.584310,30382,ok
16.714280,-28.519370,30434,ok
18.000000,-28.519370,30435,ok
19.285720,-28.519370,30436,ok
20.571430,-28.519370,30437,ok
21.857140,-28.519370,30438,ok
23.142860,-28.519370,30439,ok
24.428570,-28.519370,30440,ok
25.714280,-28.519370,30441,ok
27.000000,-28.519370,30442,ok
28.285720,-28.519370,30443,ok
29.571430,-28.519370,30444,ok
30.857140,-28.519370,30445,ok
115.714290,-28.519370,30511,ok
117.000000,-28.519370,30512,ok
118.285710,-28.519370,30513,ok
119.571430,-28.519370,30514,ok
120.857140,-28.519370,30515,ok
122.142860,-28.519370,30516,ok
123.428570,-28.519370,30517,ok
124.714290,-28.519370,30518,ok
126.000000,-28.519370,30519,ok
127.285710,-28.519370,30520,ok
128.571430,-28.519370,30521,ok
129.857150,-28.519370,30522,ok
131.142850,-28.519370,30523,ok
132.428570,-28.519370,30524,ok
133.714280,-28.519370,30525,ok
135.000000,-28.519370,30526,ok
136.285720,-28.519370,30527,ok
137.571430,-28.519370,30528,ok
138.857150,-28.519370,30529,ok
140.142850,-28.519370,30530,ok
141.428570,-28.519370,30531,ok
142.714280,-28.519370,30532,ok
144.000000,-28.519370,30533,ok
145.285720,-28.519370,30534,ok
146.571430,-28.519370,30535,ok
147.857150,-28.519370,30536,ok
149.142850,-28.519370,30537,ok
150.428570,-28.519370,30538,ok
151.714280,-28.519370,30539,ok
153.000000,-28.519370,30540,ok
-70.714290,-28.519370,30646,ok
-69.428560,-28.519370,30647,ok
-68.142850,-28.519370,30648,ok
-66.857150,-28.519370,30649,ok
-65.571440,-28.519370,30650,ok
-64.285710,-28.519370,30651,ok
-63.000000,-28.519370,30652,ok
-61.714290,-28.519370,30653,ok
-60.428560,-28.519370,30654,ok
-59.142850,-28.519370,30655,ok
-57.857150,-28.519370,30656,ok
-56.571440,-28.519370,30657,ok
-55.285710,-28.519370,30658,ok
-54.000000,-28.519370,30659,ok
-52.714290,-28.519370,30660,ok
-51.428560,-28.519370,30661,ok
-50.142850,-28.519370,30662,ok
18.260870,-29.454440,30715,ok
19.565220,-29.454440,30716,ok
20.869570,-29.454440,30717,ok
22.173910,-29.454440,30718,ok
23.478260,-29.454440,30719,ok
24.782610,-29.454440,30720,ok
26.086960,-29.454440,30721,ok
27.391300,-29.454440,30722,ok
28.695650,-29.454440,30723,ok
30.000000,-29.454440,30724,ok
116.086960,-29.454440,30790,ok
117.391300,-29.454440,30791,ok
118.695660,-29.454440,30792,ok
120.000000,-29.454440,30793,ok
121.304340,-29.454440,30794,ok
122.608700,-29.454440,30795,ok
123.913040,-29.454440,30796,ok
125.217390,-29.454440,30797,ok
126.521740,-29.454440,30798,ok
127.826090,-29.454440,30799,ok
129.130430,-29.454440,30800,ok
130.434780,-29.454440,30801,ok
131.739140,-29.454440,30802,ok
133.043470,-29.454440,30803,ok
134.347820,-29.454440,30804,ok
135.652180,-29.454440,30805,ok
136.956530,-29.454440,30806,ok
138.260860,-29.454440,30807,ok
139.565220,-29.454440,30808,ok
140.869570,-29.454440,30809,ok
142.173920,-29.454440,30810,ok
143.478260,-29.454440,30811,ok
144.782610,-29.454440,30812,ok
146.086960,-29.454440,30813,ok
147.391310,-29.454440,30814,ok
148.695650,-29.454440,30815,ok
150.000000,-29.454440,30816,ok
151.304350,-29.454440,30817,ok
152.608690,-29.454440,30818,ok
-70.434780,-29.454440,30923,ok
-69.130430,-29.454440,30924,ok
-67.826080,-29.454440,30925,ok
-66.521730,-29.454440,30926,ok
-65.217380,-29.454440,30927,ok
-63.913060,-29.454440,30928,ok
-62.608700,-29.454440,30929,ok
-61.304350,-29.454440,30930,ok
-60.000000,-29.454440,30931,ok
-58.695650,-29.454440,30932,ok
-57.391300,-29.454440,30933,ok
-56.086940,-29.454440,30934,ok
-54.782620,-29.454440,30935,ok
-53.478270,-29.454440,30936,ok
-52.173920,-29.454440,30937,ok
-50.869570,-29.454440,30938,ok
18.529410,-30.389500,30991,ok
19.852940,-30.389500,30992,ok
21.176470,-30.389500,30993,ok
22.500000,-30.389500,30994,ok
23.823530,-30.389500,30995,ok
25.147060,-30.389500,30996,ok
26.470590,-30.389500,30997,ok
27.794120,-30.389500,30998,ok
29.117650,-30.389500,30999,ok
30.441180,-30.389500,31000,ok
116.470590,-30.389500,31065,ok
117.794120,-30.389500,31066,ok
119.117650,-30.389500,31067,ok
120.441180,-30.389500,31068,ok
121.764710,-30.389500,31069,ok
123.088230,-30.389500,31070,ok
124.411770,-30.389500,31071,ok
125.735290,-30.389500,31072,ok
127.058820,-30.389500,31073,ok
128.382350,-30.389500,31074,ok
129.705890,-30.389500,31075,ok
131.029420,-30.389500,31076,ok
132.352940,-30.389500,31077,ok
133.676470,-30.389500,31078,ok
135.000000,-30.389500,31079,ok
136.323530,-30.389500,31080,ok
137.647060,-30.389500,31081,ok
138.970580,-30.389500,31082,ok
140.294110,-30.389500,31083,ok
141.617650,-30.389500,31084,ok
142.941180,-30.389500,31085,ok
144.264710,-30.389500,31086,ok
145.588240,-30.389500,31087,ok
146.911760,-30.389500,31088,ok
148.235290,-30.389500,31089,ok
149.558820,-30.389500,31090,ok
150.882350,-30.389500,31091,ok
152.205890,-30.389500,31092,ok
-71.470580,-30.389500,31195,ok
-70.147060,-30.389500,31196,ok
-68.823520,-30.389500,31197,ok
-67.500000,-30.389500,31198,ok
-66.176480,-30.389500,31199,ok
-64.852940,-30.389500,31200,ok
-63.529420,-30.389500,31201,ok
-62.205870,-30.389500,31202,ok
-60.882350,-30.389500,31203,ok
-59.558840,-30.389500,31204,ok
-58.235290,-30.389500,31205,ok
-56.911770,-30.389500,31206,ok
-55.588230,-30.389500,31207,ok
-54.264710,-30.389500,31208,ok
-52.941160,-30.389500,31209,ok
-51.617650,-30.389500,31210,ok
18.805970,-31.324560,31263,ok
20.149250,-31.324560,31264,ok
21.492540,-31.324560,31265,ok
22.835820,-31.324560,31266,ok
24.179100,-31.324560,31267,ok
25.522390,-31.324560,31268,ok
26.865670,-31.324560,31269,ok
28.208960,-31.324560,31270,ok
115.522380,-31.324560,31335,ok
116.865670,-31.324560,31336,ok
118.208950,-31.324560,31337,ok
119.552240,-31.324560,31338,ok
120.895520,-31.324560,31339,ok
122.238810,-31.324560,31340,ok
123.582090,-31.324560,31341,ok
124.925380,-31.324560,31342,ok
126.268650,-31.324560,31343,ok
127.611940,-31.324560,31344,ok
128.955230,-31.324560,31345,ok
130.298510,-31.324560,31346,ok
131.641780,-31.324560,31347,ok
132.985080,-31.324560,31348,ok
134.328350,-31.324560,31349,ok
135.671650,-31.324560,31350,ok
137.014920,-31.324560,31351,ok
138.358220,-31.324560,31352,ok
139.701490,-31.324560,31353,ok
141.044770,-31.324560,31354,ok
142.388060,-31.324560,31355,ok
143.731340,-31.324560,31356,ok
145.074630,-31.324560,31357,ok
146.417910,-31.324560,31358,ok
147.761200,-31.324560,31359,ok
149.104480,-31.324560,31360,ok
150.447750,-31.324560,31361,ok
151.791050,-31.324560,31362,ok
-71.194030,-31.324560,31464,ok
-69.850740,-31.324560,31465,ok
-68.507480,-31.324560,31466,ok
-67.164180,-31.324560,31467,ok
-65.820890,-31.324560,31468,ok
-64.477600,-31.324560,31469,ok
-63.134340,-31.324560,31470,ok
-61.791050,-31.324560,31471,ok
-60.447750,-31.324560,31472,ok
-59.104490,-31.324560,31473,ok
-57.761200,-31.324560,31474,ok
-56.417910,-31.324560,31475,ok
-55.074620,-31.324560,31476,ok
-53.731350,-31.324560,31477,ok
-52.388060,-31.324560,31478,ok
19.090910,-32.259620,31531,ok
20.454550,-32.259620,31532,ok
21.818180,-32.259620,31533,ok
23.181820,-32.259620,31534,ok
24.545450,-32.259620,31535,ok
25.909090,-32.259620,31536,ok
27.272730,-32.259620,31537,ok
28.636360,-32.259620,31538,ok
115.909090,-32.259620,31602,ok
117.272730,-32.259620,31603,ok
118.636360,-32.259620,31604,ok
120.000000,-32.259620,31605,ok
121.363640,-32.259620,31606,ok
122.727270,-32.259620,31607,ok
124.090910,-32.259620,31608,ok
135.000000,-32.259620,31616,ok
136.363630,-32.259620,31617,ok
137.727280,-32.259620,31618,ok
139.090910,-32.259620,31619,ok
140.454540,-32.259620,31620,ok
141.818180,-32.259620,31621,ok
143.181820,-32.259620,31622,ok
144.545460,-32.259620,31623,ok
145.909090,-32.259620,31624,ok
147.272720,-32.259620,31625,ok
148.636370,-32.259620,31626,ok
150.000000,-32.259620,31627,ok
151.363630,-32.259620,31628,ok
-70.909090,-32.259620,31729,ok
-69.545440,-32.259620,31730,ok
-68.181820,-32.259620,31731,ok
-66.818180,-32.259620,31732,ok
-65.454560,-32.259620,31733,ok
-64.090910,-32.259620,31734,ok
-62.727260,-32.259620,31735,ok
-61.363650,-32.259620,31736,ok
-60.000000,-32.259620,31737,ok
-58.636350,-32.259620,31738,ok
-57.272740,-32.259620,31739,ok
-55.909090,-32.259620,31740,ok
-54.545440,-32.259620,31741,ok
-53.181820,-32.259620,31742,ok
19.384610,-33.194680,31795,ok
20.769230,-33.194680,31796,ok
22.153850,-33.194680,31797,ok
23.538460,-33.194680,31798,ok
24.923080,-33.194680,31799,ok
26.307690,-33.194680,31800,ok
116.307690,-33.194680,31865,ok
117.692310,-33.194680,31866,ok
119.076920,-33.194680,31867,ok
120.461540,-33.194680,31868,ok
121.846150,-33.194680,31869,ok
123.230770,-33.194680,31870,ok
135.692310,-33.194680,31879,ok
137.076920,-33.194680,31880,ok
138.461530,-33.194680,31881,ok
139.846160,-33.194680,31882,ok
141.230770,-33.194680,31883,ok
142.615390,-33.194680,31884,ok
144.000000,-33.194680,31885,ok
145.384610,-33.194680,31886,ok
146.769230,-33.194680,31887,ok
148.153840,-33.194680,31888,ok
149.538470,-33.194680,31889,ok
150.923080,-33.194680,31890,ok
-70.615390,-33.194680,31990,ok
-69.230770,-33.194680,31991,ok
-67.846160,-33.194680,31992,ok
-66.461550,-33.194680,31993,ok
-65.076930,-33.194680,31994,ok
-63.692320,-33.194680,31995,ok
-62.307680,-33.194680,31996,ok
-60.923070,-33.194680,31997,ok
-59.538450,-33.194680,31998,ok
-58.153840,-33.194680,31999,ok
-56.769230,-33.194680,32000,ok
-55.384610,-33.194680,32001,ok
-54.000000,-33.194680,32002,ok
19.687500,-34.129740,32055,ok
21.093750,-34.129740,32056,ok
116.718750,-34.129740,32124,ok
118.125000,-34.129740,32125,ok
137.812500,-34.129740,32139,ok
139.218750,-34.129740,32140,ok
140.625000,-34.129740,32141,ok
142.031250,-34.129740,32142,ok
143.437500,-34.129740,32143,ok
144.843750,-34.129740,32144,ok
146.250000,-34.129740,32145,ok
147.656250,-34.129740,32146,ok
149.062500,-34.129740,32147,ok
150.468750,-34.129740,32148,ok
-70.312500,-34.129740,32247,ok
-68.906250,-34.129740,32248,ok
-67.500000,-34.129740,32249,ok
-66.093750,-34.129740,32250,ok
-64.687500,-34.129740,32251,ok
-63.281250,-34.129740,32252,ok
-61.875000,-34.129740,32253,ok
-60.468750,-34.129740,32254,ok
-59.062500,-34.129740,32255,ok
-57.656250,-34.129740,32256,ok
-56.250000,-34.129740,32257,ok
-54.843750,-34.129740,32258,ok
140.000000,-35.064800,32395,ok
141.428570,-35.064800,32396,ok
142.857150,-35.064800,32397,ok
144.285720,-35.064800,32398,ok
145.714280,-35.064800,32399,ok
147.142850,-35.064800,32400,ok
148.571430,-35.064800,32401,ok
150.000000,-35.064800,32402,ok
-71.428560,-35.064800,32499,ok
-70.000000,-35.064800,32500,ok
-68.571440,-35.064800,32501,ok
-67.142850,-35.064800,32502,ok
-65.714290,-35.064800,32503,ok
-64.285710,-35.064800,32504,ok
-62.857150,-35.064800,32505,ok
-61.428560,-35.064800,32506,ok
-60.000000,-35.064800,32507,ok
-58.571440,-35.064800,32508,ok
140.806460,-35.999860,32646,ok
142.258070,-35.999860,32647,ok
143.709670,-35.999860,32648,ok
145.161290,-35.999860,32649,ok
146.612900,-35.999860,32650,ok
148.064510,-35.999860,32651,ok
149.516130,-35.999860,32652,ok
-72.580660,-35.999860,32747,ok
-71.129030,-35.999860,32748,ok
-69.677430,-35.999860,32749,ok
-68.225800,-35.999860,32750,ok
-66.774200,-35.999860,32751,ok
-65.322570,-35.999860,32752,ok
-63.870970,-35.999860,32753,ok
-62.419340,-35.999860,32754,ok
-60.967740,-35.999860,32755,ok
-59.516140,-35.999860,32756,ok
-58.064510,-35.999860,32757,ok
140.163940,-36.934920,32892,ok
141.639340,-36.934920,32893,ok
143.114760,-36.934920,32894,ok
144.590160,-36.934920,32895,ok
146.065570,-36.934920,32896,ok
147.540990,-36.934920,32897,ok
149.016390,-36.934920,32898,ok
-72.295070,-36.934920,32992,ok
-70.819670,-36.934920,32993,ok
-69.344270,-36.934920,32994,ok
-67.868870,-36.934920,32995,ok
-66.393430,-36.934920,32996,ok
-64.918030,-36.934920,32997,ok
-63.442630,-36.934920,32998,ok
-61.967220,-36.934920,32999,ok
-60.491790,-36.934920,33000,ok
-59.016390,-36.934920,33001,ok
-57.540990,-36.934920,33002,ok
142.500000,-37.869980,33136,ok
144.000000,-37.869980,33137,ok
145.500000,-37.869980,33138,ok
147.000000,-37.869980,33139,ok
175.500000,-37.869980,33158,ok
-72.000000,-37.869980,33233,ok
-70.500000,-37.869980,33234,ok
-69.000000,-37.869980,33235,ok
-67.500000,-37.869980,33236,ok
-66.000000,-37.869980,33237,ok
-64.500000,-37.869980,33238,ok
-63.000000,-37.869980,33239,ok
-61.500000,-37.869980,33240,ok
-60.000000,-37.869980,33241,ok
-58.500000,-37.869980,33242,ok
175.423720,-38.805040,33396,ok
176.949160,-38.805040,33397,ok
-71.694920,-38.805040,33470,ok
-70.169490,-38.805040,33471,ok
-68.644070,-38.805040,33472,ok
-67.118650,-38.805040,33473,ok
-65.593230,-38.805040,33474,ok
-64.067810,-38.805040,33475,ok
-62.542360,-38.805040,33476,ok
-61.016940,-38.805040,33477,ok
175.344830,-39.740100,33630,ok
-72.931030,-39.740100,33702,ok
-71.379300,-39.740100,33703,ok
-69.827580,-39.740100,33704,ok
-68.275850,-39.740100,33705,ok
-66.724150,-39.740100,33706,ok
-65.172420,-39.740100,33707,ok
-63.620700,-39.740100,33708,ok
175.263150,-40.675160,33860,ok
-72.631590,-40.675160,33931,ok
-71.052640,-40.675160,33932,ok
-69.473690,-40.675160,33933,ok
-67.894740,-40.675160,33934,ok
-66.315800,-40.675160,33935,ok
-63.157900,-40.675160,33937,ok
146.250000,-41.610220,34068,ok
147.857150,-41.610220,34069,ok
173.571430,-41.610220,34085,ok
-72.321440,-41.610220,34156,ok
-70.714290,-41.610220,34157,ok
-69.107150,-41.610220,34158,ok
-67.500000,-41.610220,34159,ok
-65.892850,-41.610220,34160,ok
147.272720,-42.545280,34291,ok
171.818180,-42.545280,34306,ok
-72.000000,-42.545280,34377,ok
-70.363650,-42.545280,34378,ok
-68.727260,-42.545280,34379,ok
-67.090910,-42.545280,34380,ok
-65.454560,-42.545280,34381,ok
146.666670,-43.480340,34509,ok
170.000000,-43.480340,34523,ok
171.666670,-43.480340,34524,ok
-71.666660,-43.480340,34594,ok
-70.000000,-43.480340,34595,ok
-68.333340,-43.480340,34596,ok
-66.666660,-43.480340,34597,ok
169.811330,-44.415390,34737,ok
-73.018860,-44.415390,34806,ok
-71.320740,-44.415390,34807,ok
-69.622650,-44.415390,34808,ok
-67.924530,-44.415390,34809,ok
-66.226410,-44.415390,34810,ok
167.884610,-45.350450,34946,ok
169.615390,-45.350450,34947,ok
-72.692320,-45.350450,35015,ok
-70.961550,-45.350450,35016,ok
-69.230770,-45.350450,35017,ok
-67.500000,-45.350450,35018,ok
169.411760,-46.285510,35153,ok
-74.117650,-46.285510,35219,ok
-72.352940,-46.285510,35220,ok
-70.588230,-46.285510,35221,ok
-68.823520,-46.285510,35222,ok
-73.799990,-47.220570,35420,ok
-72.000000,-47.220570,35421,ok
-70.200010,-47.220570,35422,ok
-68.399990,-47.220570,35423,ok
-66.600010,-47.220570,35424,ok
-73.469390,-48.155630,35617,ok
-71.632660,-48.155630,35618,ok
-69.795930,-48.155630,35619,ok
-67.959200,-48.155630,35620,ok
-75.000000,-49.090690,35809,ok
-73.125000,-49.090690,35810,ok
-71.250000,-49.090690,35811,ok
-69.375000,-49.090690,35812,ok
-72.765960,-50.025740,35999,ok
-70.851070,-50.025740,36000,ok
-68.936160,-50.025740,36001,ok
-74.347840,-50.960800,36183,ok
-72.391300,-50.960800,36184,ok
-70.434780,-50.960800,36185,ok
-74.000000,-51.895860,36364,ok
-72.000000,-51.895860,36365,ok
-70.000000,-51.895860,36366,ok
-71.590910,-52.830910,36542,ok
-69.545440,-52.830910,36543,ok
-71.162780,-53.765970,36715,ok
-69.069760,-53.765970,36716,ok
-70.714290,-54.701030,36884,ok
-68.571440,-54.701030,36885,ok
-66.428560,-54.701030,36886,ok
-59.062500,-64.051550,38356,unreached
-60.967740,-64.986600,38480,unreached
96.000000,-65.921650,38533,unreached
99.000000,-65.921650,38534,unreached
102.000000,-65.921650,38535,unreached
-63.000000,-65.921650,38600,unreached
52.758620,-66.856690,38638,unreached
55.862070,-66.856690,38639,unreached
83.793110,-66.856690,38648,unreached
86.896550,-66.856690,38649,unreached
90.000000,-66.856690,38650,unreached
93.103450,-66.856690,38651,unreached
96.206890,-66.856690,38652,unreached
99.310350,-66.856690,38653,unreached
102.413800,-66.856690,38654,unreached
105.517240,-66.856690,38655,unreached
108.620690,-66.856690,38656,unreached
111.724140,-66.856690,38657,unreached
114.827580,-66.856690,38658,unreached
121.034480,-66.856690,38660,unreached
124.137930,-66.856690,38661,unreached
127.241380,-66.856690,38662,unreached
130.344830,-66.856690,38663,unreached
133.448270,-66.856690,38664,unreached
136.551730,-66.856690,38665,unreached
139.655170,-66.856690,38666,unreached
145.862080,-66.856690,38668,unreached
-65.172420,-66.856690,38716,unreached
-62.068970,-66.856690,38717,unreached
48.214290,-67.791730,38752,unreached
51.428570,-67.791730,38753,unreached
54.642860,-67.791730,38754,unreached
57.857140,-67.791730,38755,unreached
61.071430,-67.791730,38756,unreached
64.285710,-67.791730,38757,unreached
83.571430,-67.791730,38763,unreached
86.785710,-67.791730,38764,unreached
90.000000,-67.791730,38765,unreached
93.214290,-67.791730,38766,unreached
96.428570,-67.791730,38767,unreached
99.642860,-67.791730,38768,unreached
102.857140,-67.791730,38769,unreached
106.071430,-67.791730,38770,unreached
109.285710,-67.791730,38771,unreached
112.500000,-67.791730,38772,unreached
115.714290,-67.791730,38773,unreached
118.928570,-67.791730,38774,unreached
122.142860,-67.791730,38775,unreached
125.357140,-67.791730,38776,unreached
128.571430,-67.791730,38777,unreached
131.785720,-67.791730,38778,unreached
135.000000,-67.791730,38779,unreached
138.214280,-67.791730,38780,unreached
141.428570,-67.791730,38781,unreached
144.642850,-67.791730,38782,unreached
-64.285710,-67.791730,38829,unreached
-61.071440,-67.791730,38830,unreached
43.333330,-68.726780,38862,unreached
46.666670,-68.726780,38863,unreached
50.000000,-68.726780,38864,unreached
53.333330,-68.726780,38865,unreached
56.666670,-68.726780,38866,unreached
60.000000,-68.726780,38867,unreached
63.333330,-68.726780,38868,unreached
66.666660,-68.726780,38869,unreached
70.000000,-68.726780,38870,unreached
80.000000,-68.726780,38873,unreached
83.333340,-68.726780,38874,unreached
86.666660,-68.726780,38875,unreached
90.000000,-68.726780,38876,unreached
93.333340,-68.726780,38877,unreached
96.666660,-68.726780,38878,unreached
100.000000,-68.726780,38879,unreached
103.333340,-68.726780,38880,unreached
106.666660,-68.726780,38881,unreached
110.000000,-68.726780,38882,unreached
113.333340,-68.726780,38883,unreached
116.666660,-68.726780,38884,unreached
120.000000,-68.726780,38885,unreached
123.333340,-68.726780,38886,unreached
126.666660,-68.726780,38887,unreached
130.000000,-68.726780,38888,unreached
133.333330,-68.726780,38889,unreached
136.666670,-68.726780,38890,unreached
140.000000,-68.726780,38891,unreached
143.333330,-68.726780,38892,unreached
146.666670,-68.726780,38893,unreached
150.000000,-68.726780,38894,unreached
153.333330,-68.726780,38895,unreached
-66.666660,-68.726780,38937,unreached
-63.333340,-68.726780,38938,unreached
0.000000,-69.661820,38957,unreached
13.846150,-69.661820,38961,unreached
17.307690,-69.661820,38962,unreached
31.153850,-69.661820,38966,unreached
34.615380,-69.661820,38967,unreached
41.538460,-69.661820,38969,unreached
45.000000,-69.661820,38970,unreached
48.461540,-69.661820,38971,unreached
51.923080,-69.661820,38972,unreached
55.384620,-69.661820,38973,unreached
58.846150,-69.661820,38974,unreached
62.307690,-69.661820,38975,unreached
65.769230,-69.661820,38976,unreached
69.230770,-69.661820,38977,unreached
72.692310,-69.661820,38978,unreached
76.153850,-69.661820,38979,unreached
79.615390,-69.661820,38980,unreached
83.076920,-69.661820,38981,unreached
86.538460,-69.661820,38982,unreached
90.000000,-69.661820,38983,unreached
93.461540,-69.661820,38984,unreached
96.923080,-69.661820,38985,unreached
100.384610,-69.661820,38986,unreached
103.846150,-69.661820,38987,unreached
107.307690,-69.661820,38988,unreached
110.769230,-69.661820,38989,unreached
114.230770,-69.661820,38990,unreached
117.692310,-69.661820,38991,unreached
121.153850,-69.661820,38992,unreached
124.615390,-69.661820,38993,unreached
128.076920,-69.661820,38994,unreached
131.538470,-69.661820,38995,unreached
135.000000,-69.661820,38996,unreached
138.461530,-69.661820,38997,unreached
141.923080,-69.661820,38998,unreached
145.384610,-69.661820,38999,unreached
148.846160,-69.661820,39000,unreached
152.307690,-69.661820,39001,unreached
155.769230,-69.661820,39002,unreached
159.230770,-69.661820,39003,unreached
-72.692320,-69.661820,39040,unreached
-65.769230,-69.661820,39042,unreached
-62.307680,-69.661820,39043,unreached
0.000000,-70.596860,39061,unreached
3.600000,-70.596860,39062,unreached
7.200000,-70.596860,39063,unreached
10.800000,-70.596860,39064,unreached
14.400000,-70.596860,39065,unreached
18.000000,-70.596860,39066,unreached
21.600000,-70.596860,39067,unreached
25.200000,-70.596860,39068,unreached
28.800000,-70.596860,39069,unreached
32.400000,-70.596860,39070,unreached
36.000000,-70.596860,39071,unreached
39.600000,-70.596860,39072,unreached
43.200000,-70.596860,39073,unreached
46.800000,-70.596860,39074,unreached
50.400000,-70.596860,39075,unreached
54.000000,-70.596860,39076,unreached
57.600000,-70.596860,39077,unreached
61.200000,-70.596860,39078,unreached
64.800000,-70.596860,39079,unreached
68.400000,-70.596860,39080,unreached
72.000000,-70.596860,39081,unreached
75.600000,-70.596860,39082,unreached
79.200000,-70.596860,39083,unreached
82.800000,-70.596860,39084,unreached
86.400000,-70.596860,39085,unreached
90.000000,-70.596860,39086,unreached
93.600000,-70.596860,39087,unreached
97.200000,-70.596860,39088,unreached
100.800000,-70.596860,39089,unreached
104.400000,-70.596860,39090,unreached
108.000000,-70.596860,39091,unreached
111.600000,-70.596860,39092,unreached
115.200000,-70.596860,39093,unreached
118.800000,-70.596860,39094,unreached
122.400000,-70.596860,39095,unreached
126.000000,-70.596860,39096,unreached
129.600010,-70.596860,39097,unreached
133.200000,-70.596860,39098,unreached
136.800000,-70.596860,39099,unreached
140.399990,-70.596860,39100,unreached
144.000000,-70.596860,39101,unreached
147.600010,-70.596860,39102,unreached
151.200000,-70.596860,39103,unreached
154.800000,-70.596860,39104,unreached
158.399990,-70.596860,39105,unreached
162.000000,-70.596860,39106,unreached
-72.000000,-70.596860,39141,unreached
-68.399990,-70.596860,39142,unreached
-64.799990,-70.596860,39143,unreached
-61.200010,-70.596860,39144,unreached
-7.200010,-70.596860,39159,unreached
-3.600010,-70.596860,39160,unreached
0.000000,-71.531890,39161,unreached
3.750000,-71.531890,39162,unreached
7.500000,-71.531890,39163,unreached
11.250000,-71.531890,39164,unreached
15.000000,-71.531890,39165,unreached
18.750000,-71.531890,39166,unreached
22.500000,-71.531890,39167,unreached
26.250000,-71.531890,39168,unreached
30.000000,-71.531890,39169,unreached
33.750000,-71.531890,39170,unreached
37.500000,-71.531890,39171,unreached
41.250000,-71.531890,39172,unreached
45.000000,-71.531890,39173,unreached
48.750000,-71.531890,39174,unreached
52.500000,-71.531890,39175,unreached
56.250000,-71.531890,39176,unreached
60.000000,-71.531890,39177,unreached
63.750000,-71.531890,39178,unreached
67.500000,-71.531890,39179,unreached
71.250000,-71.531890,39180,unreached
75.000000,-71.531890,39181,unreached
78.750000,-71.531890,39182,unreached
82.500000,-71.531890,39183,unreached
86.250000,-71.531890,39184,unreached
90.000000,-71.531890,39185,unreached
93.750000,-71.531890,39186,unreached
97.500000,-71.531890,39187,unreached
101.250000,-71.531890,39188,unreached
105.000000,-71.531890,39189,unreached
108.750000,-71.531890,39190,unreached
112.500000,-71.531890,39191,unreached
116.250000,-71.531890,39192,unreached
120.000000,-71.531890,39193,unreached
123.750000,-71.531890,39194,unreached
127.500000,-71.531890,39195,unreached
131.250000,-71.531890,39196,unreached
135.000000,-71.531890,39197,unreached
138.750000,-71.531890,39198,unreached
142.500000,-71.531890,39199,unreached
146.250000,-71.531890,39200,unreached
150.000000,-71.531890,39201,unreached
153.750000,-71.531890,39202,unreached
157.500000,-71.531890,39203,unreached
161.250000,-71.531890,39204,unreached
165.000000,-71.531890,39205,unreached
168.750000,-71.531890,39206,unreached
-71.250000,-71.531890,39238,unreached
-67.500000,-71.531890,39239,unreached
-63.750000,-71.531890,39240,unreached
-11.250000,-71.531890,39254,unreached
-7.500000,-71.531890,39255,unreached
-3.750000,-71.531890,39256,unreached
0.000000,-72.466920,39257,unreached
3.913040,-72.466920,39258,unreached
7.826090,-72.466920,39259,unreached
11.739130,-72.466920,39260,unreached
15.652170,-72.466920,39261,unreached
19.565220,-72.466920,39262,unreached
23.478260,-72.466920,39263,unreached
27.391300,-72.466920,39264,unreached
31.304350,-72.466920,39265,unreached
35.217390,-72.466920,39266,unreached
39.130440,-72.466920,39267,unreached
43.043480,-72.466920,39268,unreached
46.956520,-72.466920,39269,unreached
50.869560,-72.466920,39270,unreached
54.782610,-72.466920,39271,unreached
58.695650,-72.466920,39272,unreached
62.608700,-72.466920,39273,unreached
66.521740,-72.466920,39274,unreached
70.434780,-72.466920,39275,unreached
74.347820,-72.466920,39276,unreached
78.260870,-72.466920,39277,unreached
82.173910,-72.466920,39278,unreached
86.086960,-72.466920,39279,unreached
90.000000,-72.466920,39280,unreached
93.913040,-72.466920,39281,unreached
97.826090,-72.466920,39282,unreached
101.739130,-72.466920,39283,unreached
105.652180,-72.466920,39284,unreached
109.565220,-72.466920,39285,unreached
113.478260,-72.466920,39286,unreached
117.391300,-72.466920,39287,unreached
121.304340,-72.466920,39288,unreached
125.217390,-72.466920,39289,unreached
129.130430,-72.466920,39290,unreached
133.043470,-72.466920,39291,unreached
136.956530,-72.466920,39292,unreached
140.869570,-72.466920,39293,unreached
144.782610,-72.466920,39294,unreached
148.695650,-72.466920,39295,unreached
152.608690,-72.466920,39296,unreached
156.521740,-72.466920,39297,unreached
160.434780,-72.466920,39298,unreached
164.347820,-72.466920,39299,unreached
168.260860,-72.466920,39300,unreached
-101.739140,-72.466920,39323,unreached
-97.826080,-72.466920,39324,unreached
-93.913060,-72.466920,39325,unreached
-70.434780,-72.466920,39331,unreached
-66.521730,-72.466920,39332,unreached
-62.608700,-72.466920,39333,unreached
-15.652160,-72.466920,39345,unreached
-11.739140,-72.466920,39346,unreached
-7.826080,-72.466920,39347,unreached
-3.913060,-72.466920,39348,unreached
0.000000,-73.401950,39349,unreached
4.090910,-73.401950,39350,unreached
8.181820,-73.401950,39351,unreached
12.272730,-73.401950,39352,unreached
16.363640,-73.401950,39353,unreached
20.454550,-73.401950,39354,unreached
24.545450,-73.401950,39355,unreached
28.636360,-73.401950,39356,unreached
32.727270,-73.401950,39357,unreached
36.818180,-73.401950,39358,unreached
40.909090,-73.401950,39359,unreached
45.000000,-73.401950,39360,unreached
49.090910,-73.401950,39361,unreached
53.181820,-73.401950,39362,unreached
57.272730,-73.401950,39363,unreached
61.363640,-73.401950,39364,unreached
65.454540,-73.401950,39365,unreached
69.545460,-73.401950,39366,unreached
73.636360,-73.401950,39367,unreached
77.727270,-73.401950,39368,unreached
81.818180,-73.401950,39369,unreached
85.909090,-73.401950,39370,unreached
90.000000,-73.401950,39371,unreached
94.090910,-73.401950,39372,unreached
98.181820,-73.401950,39373,unreached
102.272730,-73.401950,39374,unreached
106.363640,-73.401950,39375,unreached
110.454540,-73.401950,39376,unreached
114.545460,-73.401950,39377,unreached
118.636360,-73.401950,39378,unreached
122.727270,-73.401950,39379,unreached
126.818180,-73.401950,39380,unreached
130.909090,-73.401950,39381,unreached
135.000000,-73.401950,39382,unreached
139.090910,-73.401950,39383,unreached
143.181820,-73.401950,39384,unreached
147.272720,-73.401950,39385,unreached
151.363630,-73.401950,39386,unreached
155.454540,-73.401950,39387,unreached
159.545460,-73.401950,39388,unreached
163.636370,-73.401950,39389,unreached
167.727280,-73.401950,39390,unreached
-98.181820,-73.401950,39413,unreached
-94.090910,-73.401950,39414,unreached
-90.000000,-73.401950,39415,unreached
-85.909090,-73.401950,39416,unreached
-77.727260,-73.401950,39418,unreached
-73.636350,-73.401950,39419,unreached
-69.545440,-73.401950,39420,unreached
-65.454560,-73.401950,39421,unreached
-61.363650,-73.401950,39422,unreached
-20.454560,-73.401950,39432,unreached
-16.363650,-73.401950,39433,unreached
-12.272740,-73.401950,39434,unreached
-8.181820,-73.401950,39435,unreached
-4.090910,-73.401950,39436,unreached
0.000000,-74.336980,39437,unreached
4.285710,-74.336980,39438,unreached
8.571430,-74.336980,39439,unreached
12.857140,-74.336980,39440,unreached
17.142860,-74.336980,39441,unreached
21.428570,-74.336980,39442,unreached
25.714280,-74.336980,39443,unreached
30.000000,-74.336980,39444,unreached
34.285710,-74.336980,39445,unreached
38.571430,-74.336980,39446,unreached
42.857140,-74.336980,39447,unreached
47.142860,-74.336980,39448,unreached
51.428570,-74.336980,39449,unreached
55.714290,-74.336980,39450,unreached
60.000000,-74.336980,39451,unreached
64.285710,-74.336980,39452,unreached
68.571430,-74.336980,39453,unreached
72.857140,-74.336980,39454,unreached
77.142860,-74.336980,39455,unreached
81.428570,-74.336980,39456,unreached
85.714290,-74.336980,39457,unreached
90.000000,-74.336980,39458,unreached
94.285710,-74.336980,39459,unreached
98.571430,-74.336980,39460,unreached
102.857140,-74.336980,39461,unreached
107.142860,-74.336980,39462,unreached
111.428570,-74.336980,39463,unreached
115.714290,-74.336980,39464,unreached
120.000000,-74.336980,39465,unreached
124.285710,-74.336980,39466,unreached
128.571430,-74.336980,39467,unreached
132.857150,-74.336980,39468,unreached
137.142850,-74.336980,39469,unreached
141.428570,-74.336980,39470,unreached
145.714280,-74.336980,39471,unreached
150.000000,-74.336980,39472,unreached
154.285720,-74.336980,39473,unreached
158.571430,-74.336980,39474,unreached
162.857150,-74.336980,39475,unreached
-128.571430,-74.336980,39491,unreached
-124.285720,-74.336980,39492,unreached
-120.000000,-74.336980,39493,unreached
-115.714280,-74.336980,39494,unreached
-111.428570,-74.336980,39495,unreached
-98.571440,-74.336980,39498,unreached
-94.285710,-74.336980,39499,unreached
-90.000000,-74.336980,39500,unreached
-85.714290,-74.336980,39501,unreached
-81.428560,-74.336980,39502,unreached
-77.142850,-74.336980,39503,unreached
-72.857150,-74.336980,39504,unreached
-68.571440,-74.336980,39505,unreached
-64.285710,-74.336980,39506,unreached
-25.714290,-74.336980,39515,unreached
-21.428560,-74.336980,39516,unreached
-17.142850,-74.336980,39517,unreached
-12.857150,-74.336980,39518,unreached
-8.571440,-74.336980,39519,unreached
-4.285710,-74.336980,39520,unreached
0.000000,-75.272000,39521,unreached
4.500000,-75.272000,39522,unreached
9.000000,-75.272000,39523,unreached
13.500000,-75.272000,39524,unreached
18.000000,-75.272000,39525,unreached
22.500000,-75.272000,39526,unreached
27.000000,-75.272000,39527,unreached
31.500000,-75.272000,39528,unreached
36.000000,-75.272000,39529,unreached
40.500000,-75.272000,39530,unreached
45.000000,-75.272000,39531,unreached
49.500000,-75.272000,39532,unreached
54.000000,-75.272000,39533,unreached
58.500000,-75.272000,39534,unreached
63.000000,-75.272000,39535,unreached
67.500000,-75.272000,39536,unreached
72.000000,-75.272000,39537,unreached
76.500000,-75.272000,39538,unreached
81.000000,-75.272000,39539,unreached
85.500000,-75.272000,39540,unreached
90.000000,-75.272000,39541,unreached
94.500000,-75.272000,39542,unreached
99.000000,-75.272000,39543,unreached
103.500000,-75.272000,39544,unreached
108.000000,-75.272000,39545,unreached
112.500000,-75.272000,39546,unreached
117.000000,-75.272000,39547,unreached
121.500000,-75.272000,39548,unreached
126.000000,-75.272000,39549,unreached
130.500000,-75.272000,39550,unreached
135.000000,-75.272000,39551,unreached
139.500000,-75.272000,39552,unreached
144.000000,-75.272000,39553,unreached
148.500000,-75.272000,39554,unreached
153.000000,-75.272000,39555,unreached
157.500000,-75.272000,39556,unreached
162.000000,-75.272000,39557,unreached
-135.000000,-75.272000,39571,unreached
-130.500000,-75.272000,39572,unreached
-126.000000,-75.272000,39573,unreached
-121.500000,-75.272000,39574,unreached
-117.000000,-75.272000,39575,unreached
-112.500000,-75.272000,39576,unreached
-108.000000,-75.272000,39577,unreached
-103.500000,-75.272000,39578,unreached
-99.000000,-75.272000,39579,unreached
-94.500000,-75.272000,39580,unreached
-90.000000,-75.272000,39581,unreached
-85.500000,-75.272000,39582,unreached
-81.000000,-75.272000,39583,unreached
-76.500000,-75.272000,39584,unreached
-72.000000,-75.272000,39585,unreached
-67.500000,-75.272000,39586,unreached
-63.000000,-75.272000,39587,unreached
-22.500000,-75.272000,39596,unreached
-18.000000,-75.272000,39597,unreached
-13.500000,-75.272000,39598,unreached
-9.000000,-75.272000,39599,unreached
-4.500000,-75.272000,39600,unreached
0.000000,-76.207010,39601,unreached
4.736840,-76.207010,39602,unreached
9.473680,-76.207010,39603,unreached
14.210530,-76.207010,39604,unreached
18.947370,-76.207010,39605,unreached
23.684210,-76.207010,39606,unreached
28.421050,-76.207010,39607,unreached
33.157890,-76.207010,39608,unreached
37.894740,-76.207010,39609,unreached
42.631580,-76.207010,39610,unreached
47.368420,-76.207010,39611,unreached
52.105260,-76.207010,39612,unreached
56.842110,-76.207010,39613,unreached
61.578950,-76.207010,39614,unreached
66.315790,-76.207010,39615,unreached
71.052640,-76.207010,39616,unreached
75.789470,-76.207010,39617,unreached
80.526310,-76.207010,39618,unreached
85.263160,-76.207010,39619,unreached
90.000000,-76.207010,39620,unreached
94.736840,-76.207010,39621,unreached
99.473690,-76.207010,39622,unreached
104.210530,-76.207010,39623,unreached
108.947360,-76.207010,39624,unreached
113.684210,-76.207010,39625,unreached
118.421050,-76.207010,39626,unreached
123.157900,-76.207010,39627,unreached
127.894740,-76.207010,39628,unreached
132.631580,-76.207010,39629,unreached
137.368420,-76.207010,39630,unreached
142.105270,-76.207010,39631,unreached
146.842100,-76.207010,39632,unreached
151.578950,-76.207010,39633,unreached
156.315800,-76.207010,39634,unreached
161.052630,-76.207010,39635,unreached
-146.842100,-76.207010,39646,unreached
-142.105270,-76.207010,39647,unreached
-137.368420,-76.207010,39648,unreached
-132.631580,-76.207010,39649,unreached
-127.894730,-76.207010,39650,unreached
-123.157900,-76.207010,39651,unreached
-118.421050,-76.207010,39652,unreached
-113.684200,-76.207010,39653,unreached
-108.947370,-76.207010,39654,unreached
-104.210530,-76.207010,39655,unreached
-99.473690,-76.207010,39656,unreached
-94.736850,-76.207010,39657,unreached
-90.000000,-76.207010,39658,unreached
-85.263150,-76.207010,39659,unreached
-80.526310,-76.207010,39660,unreached
-75.789460,-76.207010,39661,unreached
-71.052640,-76.207010,39662,unreached
-66.315800,-76.207010,39663,unreached
-61.578950,-76.207010,39664,unreached
-56.842100,-76.207010,39665,unreached
-23.684200,-76.207010,39672,unreached
-18.947360,-76.207010,39673,unreached
-14.210540,-76.207010,39674,unreached
-9.473690,-76.207010,39675,unreached
-4.736850,-76.207010,39676,unreached
0.000000,-77.142010,39677,unreached
5.000000,-77.142010,39678,unreached
10.000000,-77.142010,39679,unreached
15.000000,-77.142010,39680,unreached
20.000000,-77.142010,39681,unreached
25.000000,-77.142010,39682,unreached
30.000000,-77.142010,39683,unreached
35.000000,-77.142010,39684,unreached
40.000000,-77.142010,39685,unreached
45.000000,-77.142010,39686,unreached
50.000000,-77.142010,39687,unreached
55.000000,-77.142010,39688,unreached
60.000000,-77.142010,39689,unreached
65.000000,-77.142010,39690,unreached
70.000000,-77.142010,39691,unreached
75.000000,-77.142010,39692,unreached
80.000000,-77.142010,39693,unreached
85.000000,-77.142010,39694,unreached
90.000000,-77.142010,39695,unreached
95.000000,-77.142010,39696,unreached
100.000000,-77.142010,39697,unreached
105.000000,-77.142010,39698,unreached
110.000000,-77.142010,39699,unreached
115.000000,-77.142010,39700,unreached
120.000000,-77.142010,39701,unreached
125.000000,-77.142010,39702,unreached
130.000000,-77.142010,39703,unreached
135.000000,-77.142010,39704,unreached
140.000000,-77.142010,39705,unreached
145.000000,-77.142010,39706,unreached
150.000000,-77.142010,39707,unreached
155.000000,-77.142010,39708,unreached
160.000000,-77.142010,39709,unreached
-155.000000,-77.142010,39718,unreached
-150.000000,-77.142010,39719,unreached
-145.000000,-77.142010,39720,unreached
-140.000000,-77.142010,39721,unreached
-135.000000,-77.142010,39722,unreached
-130.000000,-77.142010,39723,unreached
-125.000000,-77.142010,39724,unreached
-120.000000,-77.142010,39725,unreached
-115.000000,-77.142010,39726,unreached
-110.000000,-77.142010,39727,unreached
-105.000000,-77.142010,39728,unreached
-100.000000,-77.142010,39729,unreached
-95.000000,-77.142010,39730,unreached
-90.000000,-77.142010,39731,unreached
-85.000000,-77.142010,39732,unreached
-80.000000,-77.142010,39733,unreached
-75.000000,-77.142010,39734,unreached
-70.000000,-77.142010,39735,unreached
-65.000000,-77.142010,39736,unreached
-60.000000,-77.142010,39737,unreached
-55.000000,-77.142010,39738,unreached
-50.000000,-77.142010,39739,unreached
-30.000000,-77.142010,39743,unreached
-25.000000,-77.142010,39744,unreached
-20.000000,-77.142010,39745,unreached
-15.000000,-77.142010,39746,unreached
-10.000000,-77.142010,39747,unreached
-5.000000,-77.142010,39748,unreached
0.000000,-78.077000,39749,unreached
5.294120,-78.077000,39750,unreached
10.588230,-78.077000,39751,unreached
15.882350,-78.077000,39752,unreached
21.176470,-78.077000,39753,unreached
26.470590,-78.077000,39754,unreached
31.764710,-78.077000,39755,unreached
37.058820,-78.077000,39756,unreached
42.352940,-78.077000,39757,unreached
47.647060,-78.077000,39758,unreached
52.941180,-78.077000,39759,unreached
58.235290,-78.077000,39760,unreached
63.529410,-78.077000,39761,unreached
68.823530,-78.077000,39762,unreached
74.117650,-78.077000,39763,unreached
79.411770,-78.077000,39764,unreached
84.705880,-78.077000,39765,unreached
90.000000,-78.077000,39766,unreached
95.294120,-78.077000,39767,unreached
100.588230,-78.077000,39768,unreached
105.882350,-78.077000,39769,unreached
111.176470,-78.077000,39770,unreached
116.470590,-78.077000,39771,unreached
121.764710,-78.077000,39772,unreached
127.058820,-78.077000,39773,unreached
132.352940,-78.077000,39774,unreached
137.647060,-78.077000,39775,unreached
142.941180,-78.077000,39776,unreached
148.235290,-78.077000,39777,unreached
153.529420,-78.077000,39778,unreached
158.823530,-78.077000,39779,unreached
164.117650,-78.077000,39780,unreached
169.411760,-78.077000,39781,unreached
174.705890,-78.077000,39782,unreached
-180.000000,-78.077000,39783,unreached
-174.705890,-78.077000,39784,unreached
-158.823530,-78.077000,39787,unreached
-153.529420,-78.077000,39788,unreached
-148.235290,-78.077000,39789,unreached
-142.941180,-78.077000,39790,unreached
-137.647060,-78.077000,39791,unreached
-132.352940,-78.077000,39792,unreached
-127.058820,-78.077000,39793,unreached
-121.764710,-78.077000,39794,unreached
-116.470580,-78.077000,39795,unreached
-111.176470,-78.077000,39796,unreached
-105.882350,-78.077000,39797,unreached
-100.588230,-78.077000,39798,unreached
-95.294130,-78.077000,39799,unreached
-90.000000,-78.077000,39800,unreached
-84.705870,-78.077000,39801,unreached
-79.411770,-78.077000,39802,unreached
-74.117650,-78.077000,39803,unreached
-68.823520,-78.077000,39804,unreached
-63.529420,-78.077000,39805,unreached
-58.235290,-78.077000,39806,unreached
-52.941160,-78.077000,39807,unreached
-47.647060,-78.077000,39808,unreached
-42.352940,-78.077000,39809,unreached
-31.764710,-78.077000,39811,unreached
-26.470580,-78.077000,39812,unreached
-21.176480,-78.077000,39813,unreached
-15.882350,-78.077000,39814,unreached
-10.588230,-78.077000,39815,unreached
-5.294130,-78.077000,39816,unreached
0.000000,-79.011990,39817,unreached
5.625000,-79.011990,39818,unreached
11.250000,-79.011990,39819,unreached
16.875000,-79.011990,39820,unreached
22.500000,-79.011990,39821,unreached
28.125000,-79.011990,39822,unreached
33.750000,-79.011990,39823,unreached
39.375000,-79.011990,39824,unreached
45.000000,-79.011990,39825,unreached
50.625000,-79.011990,39826,unreached
56.250000,-79.011990,39827,unreached
61.875000,-79.011990,39828,unreached
67.500000,-79.011990,39829,unreached
73.125000,-79.011990,39830,unreached
78.750000,-79.011990,39831,unreached
84.375000,-79.011990,39832,unreached
90.000000,-79.011990,39833,unreached
95.625000,-79.011990,39834,unreached
101.250000,-79.011990,39835,unreached
106.875000,-79.011990,39836,unreached
112.500000,-79.011990,39837,unreached
118.125000,-79.011990,39838,unreached
123.750000,-79.011990,39839,unreached
129.375000,-79.011990,39840,unreached
135.000000,-79.011990,39841,unreached
140.625000,-79.011990,39842,unreached
146.250000,-79.011990,39843,unreached
151.875000,-79.011990,39844,unreached
157.500000,-79.011990,39845,unreached
163.125000,-79.011990,39846,unreached
168.750000,-79.011990,39847,unreached
174.375000,-79.011990,39848,unreached
-180.000000,-79.011990,39849,unreached
-174.375000,-79.011990,39850,unreached
-168.750000,-79.011990,39851,unreached
-163.125000,-79.011990,39852,unreached
-157.500000,-79.011990,39853,unreached
-151.875000,-79.011990,39854,unreached
-146.250000,-79.011990,39855,unreached
-140.625000,-79.011990,39856,unreached
-135.000000,-79.011990,39857,unreached
-129.375000,-79.011990,39858,unreached
-123.750000,-79.011990,39859,unreached
-118.125000,-79.011990,39860,unreached
-112.500000,-79.011990,39861,unreached
-106.875000,-79.011990,39862,unreached
-101.250000,-79.011990,39863,unreached
-95.625000,-79.011990,39864,unreached
-90.000000,-79.011990,39865,unreached
-84.375000,-79.011990,39866,unreached
-78.750000,-79.011990,39867,unreached
-73.125000,-79.011990,39868,unreached
-67.500000,-79.011990,39869,unreached
-61.875000,-79.011990,39870,unreached
-56.250000,-79.011990,39871,unreached
-50.625000,-79.011990,39872,unreached
-45.000000,-79.011990,39873,unreached
-39.375000,-79.011990,39874,unreached
-33.750000,-79.011990,39875,unreached
-28.125000,-79.011990,39876,unreached
-22.500000,-79.011990,39877,unreached
-16.875000,-79.011990,39878,unreached
-11.250000,-79.011990,39879,unreached
-5.625000,-79.011990,39880,unreached
0.000000,-79.946960,39881,unreached
6.000000,-79.946960,39882,unreached
12.000000,-79.946960,39883,unreached
18.000000,-79.946960,39884,unreached
24.000000,-79.946960,39885,unreached
30.000000,-79.946960,39886,unreached
36.000000,-79.946960,39887,unreached
42.000000,-79.946960,39888,unreached
48.000000,-79.946960,39889,unreached
54.000000,-79.946960,39890,unreached
60.000000,-79.946960,39891,unreached
66.000000,-79.946960,39892,unreached
72.000000,-79.946960,39893,unreached
78.000000,-79.946960,39894,unreached
84.000000,-79.946960,39895,unreached
90.000000,-79.946960,39896,unreached
96.000000,-79.946960,39897,unreached
102.000000,-79.946960,39898,unreached
108.000000,-79.946960,39899,unreached
114.000000,-79.946960,39900,unreached
120.000000,-79.946960,39901,unreached
126.000000,-79.946960,39902,unreached
132.000000,-79.946960,39903,unreached
138.000000,-79.946960,39904,unreached
144.000000,-79.946960,39905,unreached
150.000000,-79.946960,39906,unreached
156.000000,-79.946960,39907,unreached
162.000000,-79.946960,39908,unreached
168.000000,-79.946960,39909,unreached
174.000000,-79.946960,39910,unreached
-180.000000,-79.946960,39911,unreached
-174.000000,-79.946960,39912,unreached
-168.000000,-79.946960,39913,unreached
-162.000000,-79.946960,39914,unreached
-156.000000,-79.946960,39915,unreached
-150.000000,-79.946960,39916,unreached
-144.000000,-79.946960,39917,unreached
-138.000000,-79.946960,39918,unreached
-132.000000,-79.946960,39919,unreached
-126.000000,-79.946960,39920,unreached
-120.000000,-79.946960,39921,unreached
-114.000000,-79.946960,39922,unreached
-108.000000,-79.946960,39923,unreached
-102.000000,-79.946960,39924,unreached
-96.000000,-79.946960,39925,unreached
-90.000000,-79.946960,39926,unreached
-84.000000,-79.946960,39927,unreached
-78.000000,-79.946960,39928,unreached
-72.000000,-79.946960,39929,unreached
-66.000000,-79.946960,39930,unreached
-60.000000,-79.946960,39931,unreached
-54.000000,-79.946960,39932,unreached
-48.000000,-79.946960,39933,unreached
-42.000000,-79.946960,39934,unreached
-36.000000,-79.946960,39935,unreached
-30.000000,-79.946960,39936,unreached
-24.000000,-79.946960,39937,unreached
-18.000000,-79.946960,39938,unreached
-12.000000,-79.946960,39939,unreached
-6.000000,-79.946960,39940,unreached
0.000000,-80.881910,39941,unreached
6.428570,-80.881910,39942,unreached
12.857140,-80.881910,39943,unreached
19.285720,-80.881910,39944,unreached
25.714280,-80.881910,39945,unreached
32.142860,-80.881910,39946,unreached
38.571430,-80.881910,39947,unreached
45.000000,-80.881910,39948,unreached
51.428570,-80.881910,39949,unreached
57.857140,-80.881910,39950,unreached
64.285710,-80.881910,39951,unreached
70.714290,-80.881910,39952,unreached
77.142860,-80.881910,39953,unreached
83.571430,-80.881910,39954,unreached
90.000000,-80.881910,39955,unreached
96.428570,-80.881910,39956,unreached
102.857140,-80.881910,39957,unreached
109.285710,-80.881910,39958,unreached
115.714290,-80.881910,39959,unreached
122.142860,-80.881910,39960,unreached
128.571430,-80.881910,39961,unreached
135.000000,-80.881910,39962,unreached
141.428570,-80.881910,39963,unreached
147.857150,-80.881910,39964,unreached
154.285720,-80.881910,39965,unreached
160.714280,-80.881910,39966,unreached
167.142850,-80.881910,39967,unreached
173.571430,-80.881910,39968,unreached
-180.000000,-80.881910,39969,unreached
-173.571430,-80.881910,39970,unreached
-167.142850,-80.881910,39971,unreached
-160.714280,-80.881910,39972,unreached
-154.285720,-80.881910,39973,unreached
-147.857150,-80.881910,39974,unreached
-141.428570,-80.881910,39975,unreached
-135.000000,-80.881910,39976,unreached
-128.571430,-80.881910,39977,unreached
-122.142850,-80.881910,39978,unreached
-115.714280,-80.881910,39979,unreached
-109.285720,-80.881910,39980,unreached
-102.857150,-80.881910,39981,unreached
-96.428560,-80.881910,39982,unreached
-90.000000,-80.881910,39983,unreached
-83.571440,-80.881910,39984,unreached
-77.142850,-80.881910,39985,unreached
-70.714290,-80.881910,39986,unreached
-64.285710,-80.881910,39987,unreached
-57.857150,-80.881910,39988,unreached
-51.428560,-80.881910,39989,unreached
-45.000000,-80.881910,39990,unreached
-38.571440,-80.881910,39991,unreached
-32.142850,-80.881910,39992,unreached
-25.714290,-80.881910,39993,unreached
-19.285710,-80.881910,39994,unreached
-12.857150,-80.881910,39995,unreached
-6.428560,-80.881910,39996,unreached
0.000000,-81.816840,39997,unreached
6.923080,-81.816840,39998,unreached
13.846150,-81.816840,39999,unreached
20.769230,-81.816840,40000,unreached
27.692310,-81.816840,40001,unreached
34.615380,-81.816840,40002,unreached
41.538460,-81.816840,40003,unreached
48.461540,-81.816840,40004,unreached
55.384620,-81.816840,40005,unreached
62.307690,-81.816840,40006,unreached
69.230770,-81.816840,40007,unreached
76.153850,-81.816840,40008,unreached
83.076920,-81.816840,40009,unreached
90.000000,-81.816840,40010,unreached
96.923080,-81.816840,40011,unreached
103.846150,-81.816840,40012,unreached
110.769230,-81.816840,40013,unreached
117.692310,-81.816840,40014,unreached
124.615390,-81.816840,40015,unreached
131.538470,-81.816840,40016,unreached
138.461530,-81.816840,40017,unreached
145.384610,-81.816840,40018,unreached
152.307690,-81.816840,40019,unreached
159.230770,-81.816840,40020,unreached
166.153840,-81.816840,40021,unreached
173.076920,-81.816840,40022,unreached
-180.000000,-81.816840,40023,unreached
-173.076920,-81.816840,40024,unreached
-166.153840,-81.816840,40025,unreached
-159.230770,-81.816840,40026,unreached
-152.307690,-81.816840,40027,unreached
-145.384610,-81.816840,40028,unreached
-138.461530,-81.816840,40029,unreached
-131.538470,-81.816840,40030,unreached
-124.615390,-81.816840,40031,unreached
-117.692310,-81.816840,40032,unreached
-110.769230,-81.816840,40033,unreached
-103.846160,-81.816840,40034,unreached
-96.923070,-81.816840,40035,unreached
-90.000000,-81.816840,40036,unreached
-83.076930,-81.816840,40037,unreached
-76.153840,-81.816840,40038,unreached
-69.230770,-81.816840,40039,unreached
-62.307680,-81.816840,40040,unreached
-55.384610,-81.816840,40041,unreached
-48.461550,-81.816840,40042,unreached
-41.538450,-81.816840,40043,unreached
-34.615390,-81.816840,40044,unreached
-27.692320,-81.816840,40045,unreached
-20.769230,-81.816840,40046,unreached
-13.846160,-81.816840,40047,unreached
-6.923070,-81.816840,40048,unreached
0.000000,-82.751720,40049,unreached
7.500000,-82.751720,40050,unreached
15.000000,-82.751720,40051,unreached
22.500000,-82.751720,40052,unreached
30.000000,-82.751720,40053,unreached
37.500000,-82.751720,40054,unreached
45.000000,-82.751720,40055,unreached
52.500000,-82.751720,40056,unreached
60.000000,-82.751720,40057,unreached
67.500000,-82.751720,40058,unreached
75.000000,-82.751720,40059,unreached
82.500000,-82.751720,40060,unreached
90.000000,-82.751720,40061,unreached
97.500000,-82.751720,40062,unreached
105.000000,-82.751720,40063,unreached
112.500000,-82.751720,40064,unreached
120.000000,-82.751720,40065,unreached
127.500000,-82.751720,40066,unreached
135.000000,-82.751720,40067,unreached
142.500000,-82.751720,40068,unreached
150.000000,-82.751720,40069,unreached
157.500000,-82.751720,40070,unreached
165.000000,-82.751720,40071,unreached
172.500000,-82.751720,40072,unreached
-180.000000,-82.751720,40073,unreached
-172.500000,-82.751720,40074,unreached
-165.000000,-82.751720,40075,unreached
-157.500000,-82.751720,40076,unreached
-150.000000,-82.751720,40077,unreached
-142.500000,-82.751720,40078,unreached
-135.000000,-82.751720,40079,unreached
-127.500000,-82.751720,40080,unreached
-120.000000,-82.751720,40081,unreached
-112.500000,-82.751720,40082,unreached
-105.000000,-82.751720,40083,unreached
-97.500000,-82.751720,40084,unreached
-90.000000,-82.751720,40085,unreached
-82.500000,-82.751720,40086,unreached
-75.000000,-82.751720,40087,unreached
-67.500000,-82.751720,40088,unreached
-60.000000,-82.751720,40089,unreached
-52.500000,-82.751720,40090,unreached
-45.000000,-82.751720,40091,unreached
-37.500000,-82.751720,40092,unreached
-30.000000,-82.751720,40093,unreached
-22.500000,-82.751720,40094,unreached
-15.000000,-82.751720,40095,unreached
-7.500000,-82.751720,40096,unreached
0.000000,-83.686570,40097,unreached
8.181820,-83.686570,40098,unreached
16.363640,-83.686570,40099,unreached
24.545450,-83.686570,40100,unreached
32.727270,-83.686570,40101,unreached
40.909090,-83.686570,40102,unreached
49.090910,-83.686570,40103,unreached
57.272730,-83.686570,40104,unreached
65.454540,-83.686570,40105,unreached
73.636360,-83.686570,40106,unreached
81.818180,-83.686570,40107,unreached
90.000000,-83.686570,40108,unreached
98.181820,-83.686570,40109,unreached
106.363640,-83.686570,40110,unreached
114.545460,-83.686570,40111,unreached
122.727270,-83.686570,40112,unreached
130.909090,-83.686570,40113,unreached
139.090910,-83.686570,40114,unreached
147.272720,-83.686570,40115,unreached
155.454540,-83.686570,40116,unreached
163.636370,-83.686570,40117,unreached
171.818180,-83.686570,40118,unreached
-180.000000,-83.686570,40119,unreached
-171.818180,-83.686570,40120,unreached
-163.636370,-83.686570,40121,unreached
-155.454540,-83.686570,40122,unreached
-147.272720,-83.686570,40123,unreached
-139.090910,-83.686570,40124,unreached
-130.909090,-83.686570,40125,unreached
-122.727280,-83.686570,40126,unreached
-114.545460,-83.686570,40127,unreached
-106.363630,-83.686570,40128,unreached
-98.181820,-83.686570,40129,unreached
-90.000000,-83.686570,40130,unreached
-81.818180,-83.686570,40131,unreached
-73.636350,-83.686570,40132,unreached
-65.454560,-83.686570,40133,unreached
-57.272740,-83.686570,40134,unreached
-49.090910,-83.686570,40135,unreached
-40.909090,-83.686570,40136,unreached
-32.727260,-83.686570,40137,unreached
-24.545440,-83.686570,40138,unreached
-16.363650,-83.686570,40139,unreached
-8.181820,-83.686570,40140,unreached
0.000000,-84.621330,40141,unreached
9.000000,-84.621330,40142,unreached
18.000000,-84.621330,40143,unreached
27.000000,-84.621330,40144,unreached
36.000000,-84.621330,40145,unreached
45.000000,-84.621330,40146,unreached
54.000000,-84.621330,40147,unreached
63.000000,-84.621330,40148,unreached
72.000000,-84.621330,40149,unreached
81.000000,-84.621330,40150,unreached
90.000000,-84.621330,40151,unreached
99.000000,-84.621330,40152,unreached
108.000000,-84.621330,40153,unreached
117.000000,-84.621330,40154,unreached
126.000000,-84.621330,40155,unreached
135.000000,-84.621330,40156,unreached
144.000000,-84.621330,40157,unreached
153.000000,-84.621330,40158,unreached
162.000000,-84.621330,40159,unreached
171.000000,-84.621330,40160,unreached
-180.000000,-84.621330,40161,unreached
-171.000000,-84.621330,40162,unreached
-162.000000,-84.621330,40163,unreached
-153.000000,-84.621330,40164,unreached
-144.000000,-84.621330,40165,unreached
-135.000000,-84.621330,40166,unreached
-126.000000,-84.621330,40167,unreached
-117.000000,-84.621330,40168,unreached
-108.000000,-84.621330,40169,unreached
-99.000000,-84.621330,40170,unreached
-90.000000,-84.621330,40171,unreached
-81.000000,-84.621330,40172,unreached
-72.000000,-84.621330,40173,unreached
-63.000000,-84.621330,40174,unreached
-54.000000,-84.621330,40175,unreached
-45.000000,-84.621330,40176,unreached
-36.000000,-84.621330,40177,unreached
-27.000000,-84.621330,40178,unreached
-18.000000,-84.621330,40179,unreached
-9.000000,-84.621330,40180,unreached
0.000000,-85.555960,40181,unreached
10.000000,-85.555960,40182,unreached
20.000000,-85.555960,40183,unreached
30.000000,-85.555960,40184,unreached
40.000000,-85.555960,40185,unreached
50.000000,-85.555960,40186,unreached
60.000000,-85.555960,40187,unreached
70.000000,-85.555960,40188,unreached
80.000000,-85.555960,40189,unreached
90.000000,-85.555960,40190,unreached
100.000000,-85.555960,40191,unreached
110.000000,-85.555960,40192,unreached
120.000000,-85.555960,40193,unreached
130.000000,-85.555960,40194,unreached
140.000000,-85.555960,40195,unreached
150.000000,-85.555960,40196,unreached
160.000000,-85.555960,40197,unreached
170.000000,-85.555960,40198,unreached
-180.000000,-85.555960,40199,unreached
-170.000000,-85.555960,40200,unreached
-160.000000,-85.555960,40201,unreached
-150.000000,-85.555960,40202,unreached
-140.000000,-85.555960,40203,unreached
-130.000000,-85.555960,40204,unreached
-120.000000,-85.555960,40205,unreached
-110.000000,-85.555960,40206,unreached
-100.000000,-85.555960,40207,unreached
-90.000000,-85.555960,40208,unreached
-80.000000,-85.555960,40209,unreached
-70.000000,-85.555960,40210,unreached
-60.000000,-85.555960,40211,unreached
-50.000000,-85.555960,40212,unreached
-40.000000,-85.555960,40213,unreached
-30.000000,-85.555960,40214,unreached
-20.000000,-85.555960,40215,unreached
-10.000000,-85.555960,40216,unreached
0.000000,-86.490360,40217,unreached
11.250000,-86.490360,40218,unreached
22.500000,-86.490360,40219,unreached
33.750000,-86.490360,40220,unreached
45.000000,-86.490360,40221,unreached
56.250000,-86.490360,40222,unreached
67.500000,-86.490360,40223,unreached
78.750000,-86.490360,40224,unreached
90.000000,-86.490360,40225,unreached
101.250000,-86.490360,40226,unreached
112.500000,-86.490360,40227,unreached
123.750000,-86.490360,40228,unreached
135.000000,-86.490360,40229,unreached
146.250000,-86.490360,40230,unreached
157.500000,-86.490360,40231,unreached
168.750000,-86.490360,40232,unreached
-180.000000,-86.490360,40233,unreached
-168.750000,-86.490360,40234,unreached
-157.500000,-86.490360,40235,unreached
-146.250000,-86.490360,40236,unreached
-135.000000,-86.490360,40237,unreached
-123.750000,-86.490360,40238,unreached
-112.500000,-86.490360,40239,unreached
-101.250000,-86.490360,40240,unreached
-90.000000,-86.490360,40241,unreached
-78.750000,-86.490360,40242,unreached
-67.500000,-86.490360,40243,unreached
-56.250000,-86.490360,40244,unreached
-45.000000,-86.490360,40245,unreached
-33.750000,-86.490360,40246,unreached
-22.500000,-86.490360,40247,unreached
-11.250000,-86.490360,40248,unreached
0.000000,-87.424300,40249,unreached
12.857140,-87.424300,40250,unreached
25.714280,-87.424300,40251,unreached
38.571430,-87.424300,40252,unreached
51.428570,-87.424300,40253,unreached
64.285710,-87.424300,40254,unreached
77.142860,-87.424300,40255,unreached
90.000000,-87.424300,40256,unreached
102.857140,-87.424300,40257,unreached
115.714290,-87.424300,40258,unreached
128.571430,-87.424300,40259,unreached
141.428570,-87.424300,40260,unreached
154.285720,-87.424300,40261,unreached
167.142850,-87.424300,40262,unreached
-180.000000,-87.424300,40263,unreached
-167.142850,-87.424300,40264,unreached
-154.285720,-87.424300,40265,unreached
-141.428570,-87.424300,40266,unreached
-128.571430,-87.424300,40267,unreached
-115.714280,-87.424300,40268,unreached
-102.857150,-87.424300,40269,unreached
-90.000000,-87.424300,40270,unreached
-77.142850,-87.424300,40271,unreached
-64.285710,-87.424300,40272,unreached
-51.428560,-87.424300,40273,unreached
-38.571440,-87.424300,40274,unreached
-25.714290,-87.424300,40275,unreached
-12.857150,-87.424300,40276,unreached
0.000000,-88.357000,40277,unreached
15.000000,-88.357000,40278,unreached
30.000000,-88.357000,40279,unreached
45.000000,-88.357000,40280,unreached
60.000000,-88.357000,40281,unreached
75.000000,-88.357000,40282,unreached
90.000000,-88.357000,40283,unreached
105.000000,-88.357000,40284,unreached
120.000000,-88.357000,40285,unreached
135.000000,-88.357000,40286,unreached
150.000000,-88.357000,40287,unreached
165.000000,-88.357000,40288,unreached
-180.000000,-88.357000,40289,unreached
-165.000000,-88.357000,40290,unreached
-150.000000,-88.357000,40291,unreached
-135.000000,-88.357000,40292,unreached
-120.000000,-88.357000,40293,unreached
-105.000000,-88.357000,40294,unreached
-90.000000,-88.357000,40295,unreached
-75.000000,-88.357000,40296,unreached
-60.000000,-88.357000,40297,unreached
-45.000000,-88.357000,40298,unreached
-30.000000,-88.357000,40299,unreached
-15.000000,-88.357000,40300,unreached
0.000000,-89.284230,40301,unreached
18.000000,-89.284230,40302,unreached
36.000000,-89.284230,40303,unreached
54.000000,-89.284230,40304,unreached
72.000000,-89.284230,40305,unreached
90.000000,-89.284230,40306,unreached
108.000000,-89.284230,40307,unreached
126.000000,-89.284230,40308,unreached
144.000000,-89.284230,40309,unreached
162.000000,-89.284230,40310,unreached
-180.000000,-89.284230,40311,unreached
-162.000000,-89.284230,40312,unreached
-144.000000,-89.284230,40313,unreached
-126.000000,-89.284230,40314,unreached
-108.000000,-89.284230,40315,unreached
-90.000000,-89.284230,40316,unreached
-72.000000,-89.284230,40317,unreached
-54.000000,-89.284230,40318,unreached
-36.000000,-89.284230,40319,unreached
-18.000000,-89.284230,40320,unreached
