16E,1350,ohc,SO,0-700,1.459566e+24
16E,1350,ohc,SO,700-2000,1.128372e+24
16E,1350,ohc,SO,2000+,7.187563e+23
16E,1350,ohc,SO,all,3.306695e+24
16E,1350,ohc,NORD,0-700,6.195190e+21
16E,1350,ohc,NORD,700-2000,-1.004608e+22
16E,1350,ohc,NORD,2000+,-1.677737e+22
16E,1350,ohc,NORD,all,-2.062826e+22
16E,1350,ohc,SATL,0-700,7.192924e+23
16E,1350,ohc,SATL,700-2000,3.894896e+23
16E,1350,ohc,SATL,2000+,4.325419e+23
16E,1350,ohc,SATL,all,1.541324e+24
16E,1350,ohc,NATL,0-700,1.334870e+24
16E,1350,ohc,NATL,700-2000,8.910514e+23
16E,1350,ohc,NATL,2000+,7.488283e+23
16E,1350,ohc,NATL,all,2.974749e+24
16E,1350,ohc,SPNA,0-700,1.299341e+23
16E,1350,ohc,SPNA,700-2000,1.153276e+23
16E,1350,ohc,SPNA,2000+,7.500008e+22
16E,1350,ohc,SPNA,all,3.202618e+23
16E,1350,ohc,IP,0-700,6.014497e+24
16E,1350,ohc,IP,700-2000,3.107437e+24
16E,1350,ohc,IP,2000+,2.197899e+24
16E,1350,ohc,IP,all,1.131983e+25
16E,1350,ohc,OTHER,0-700,4.049011e+22
16E,1350,ohc,OTHER,700-2000,1.355186e+22
16E,1350,ohc,OTHER,2000+,9.947232e+20
16E,1350,ohc,OTHER,all,5.503669e+22
16E,1351,ohc,SO,0-700,1.474297e+24
16E,1351,ohc,SO,700-2000,1.131258e+24
16E,1351,ohc,SO,2000+,7.199241e+23
16E,1351,ohc,SO,all,3.325479e+24
16E,1351,ohc,NORD,0-700,5.682272e+21
16E,1351,ohc,NORD,700-2000,-9.736339e+21
16E,1351,ohc,NORD,2000+,-1.675832e+22
16E,1351,ohc,NORD,all,-2.081238e+22
16E,1351,ohc,SATL,0-700,7.171877e+23
16E,1351,ohc,SATL,700-2000,3.904944e+23
16E,1351,ohc,SATL,2000+,4.332959e+23
16E,1351,ohc,SATL,all,1.540978e+24
16E,1351,ohc,NATL,0-700,1.331951e+24
16E,1351,ohc,NATL,700-2000,8.925267e+23
16E,1351,ohc,NATL,2000+,7.495432e+23
16E,1351,ohc,NATL,all,2.974021e+24
16E,1351,ohc,SPNA,0-700,1.327173e+23
16E,1351,ohc,SPNA,700-2000,1.160813e+23
16E,1351,ohc,SPNA,2000+,7.543641e+22
16E,1351,ohc,SPNA,all,3.242351e+23
16E,1351,ohc,IP,0-700,6.003277e+24
16E,1351,ohc,IP,700-2000,3.103676e+24
16E,1351,ohc,IP,2000+,2.194973e+24
16E,1351,ohc,IP,all,1.130193e+25
16E,1351,ohc,OTHER,0-700,4.072705e+22
16E,1351,ohc,OTHER,700-2000,1.376735e+22
16E,1351,ohc,OTHER,2000+,1.014983e+21
16E,1351,ohc,OTHER,all,5.550938e+22
16E,1351,sfc,SO,col,-5.500490e+14
16E,1351,sfc,NORD,col,-2.157086e+14
16E,1351,sfc,SATL,col,1.967588e+14
16E,1351,sfc,NATL,col,-1.076881e+14
16E,1351,sfc,SPNA,col,-3.217274e+14
16E,1351,sfc,IP,col,9.279804e+14
16E,1351,sfc,OTHER,col,5.196710e+13
16E,1351,tend,SO,col,5.278176e+14
16E,1351,tend,NORD,col,-2.499531e+13
16E,1351,tend,SATL,col,2.932083e+13
16E,1351,tend,NATL,col,-8.416656e+13
16E,1351,tend,SPNA,col,6.006172e+13
16E,1351,tend,IP,col,-5.844835e+14
16E,1351,tend,OTHER,col,1.965741e+13
16E,1351,adv,SO,col,1.078503e+15
16E,1351,adv,NORD,col,2.027623e+14
16E,1351,adv,SATL,col,-1.924633e+14
16E,1351,adv,NATL,col,-3.517752e+13
16E,1351,adv,SPNA,col,3.807057e+14
16E,1351,adv,IP,col,-1.556779e+15
16E,1351,adv,OTHER,col,-4.040956e+13
16E,1351,diff,SO,col,-5.506857e+14
16E,1351,diff,NORD,col,-2.277576e+14
16E,1351,diff,SATL,col,2.217841e+14
16E,1351,diff,NATL,col,-4.898904e+13
16E,1351,diff,SPNA,col,-3.206440e+14
16E,1351,diff,IP,col,9.722957e+14
16E,1351,diff,OTHER,col,6.006697e+13
16E,1351,mht_res,ATL@-34,0-700,3.363142e+14
16E,1351,mht_bol,ATL@-34,0-700,-1.520712e+13
16E,1351,mht_res,ATL@-34,700-2000,8.110550e+13
16E,1351,mht_bol,ATL@-34,700-2000,1.084184e+13
16E,1351,mht_res,ATL@-34,2000+,-7.295529e+13
16E,1351,mht_bol,ATL@-34,2000+,-5.703831e+12
16E,1351,mht_res,ATL@-34,all,3.444644e+14
16E,1351,mht_bol,ATL@-34,all,-1.006910e+13
16E,1351,mht_res,ATL@-20,0-700,7.769644e+14
16E,1351,mht_bol,ATL@-20,0-700,4.957418e+13
16E,1351,mht_res,ATL@-20,700-2000,3.440132e+13
16E,1351,mht_bol,ATL@-20,700-2000,-7.500646e+12
16E,1351,mht_res,ATL@-20,2000+,-1.424706e+14
16E,1351,mht_bol,ATL@-20,2000+,-3.020520e+12
16E,1351,mht_res,ATL@-20,all,6.688951e+14
16E,1351,mht_bol,ATL@-20,all,3.905301e+13
16E,1351,mht_res,ATL@20,0-700,1.232912e+15
16E,1351,mht_bol,ATL@20,0-700,-5.627076e+13
16E,1351,mht_res,ATL@20,700-2000,-6.950678e+12
16E,1351,mht_bol,ATL@20,700-2000,2.140389e+13
16E,1351,mht_res,ATL@20,2000+,-5.580683e+13
16E,1351,mht_bol,ATL@20,2000+,-5.275239e+11
16E,1351,mht_res,ATL@20,all,1.170154e+15
16E,1351,mht_bol,ATL@20,all,-3.539439e+13
16E,1351,mht_res,ATL@30,0-700,9.604137e+14
16E,1351,mht_bol,ATL@30,0-700,1.839286e+13
16E,1351,mht_res,ATL@30,700-2000,-6.139679e+13
16E,1351,mht_bol,ATL@30,700-2000,-8.749049e+12
16E,1351,mht_res,ATL@30,2000+,-8.193843e+13
16E,1351,mht_bol,ATL@30,2000+,2.325612e+12
16E,1351,mht_res,ATL@30,all,8.170785e+14
16E,1351,mht_bol,ATL@30,all,1.196942e+13
16E,1351,mht_res,ATL@45,0-700,6.941972e+14
16E,1351,mht_bol,ATL@45,0-700,5.581605e+13
16E,1351,mht_res,ATL@45,700-2000,-6.721735e+13
16E,1351,mht_bol,ATL@45,700-2000,-1.460497e+13
16E,1351,mht_res,ATL@45,2000+,-5.171889e+13
16E,1351,mht_bol,ATL@45,2000+,-1.963986e+12
16E,1351,mht_res,ATL@45,all,5.752609e+14
16E,1351,mht_bol,ATL@45,all,3.924709e+13
16E,1351,mht_res,ATL@55,0-700,5.600882e+14
16E,1351,mht_bol,ATL@55,0-700,7.779963e+12
16E,1351,mht_res,ATL@55,700-2000,-1.353088e+13
16E,1351,mht_bol,ATL@55,700-2000,-3.358289e+12
16E,1351,mht_res,ATL@55,2000+,-2.835201e+13
16E,1351,mht_bol,ATL@55,2000+,-3.779040e+12
16E,1351,mht_res,ATL@55,all,5.182053e+14
16E,1351,mht_bol,ATL@55,all,6.426342e+11
16E,1351,mht_res,ATL@66,0-700,1.086502e+14
16E,1351,mht_bol,ATL@66,0-700,1.699826e+13
16E,1351,mht_res,ATL@66,700-2000,1.226741e+13
16E,1351,mht_bol,ATL@66,700-2000,-3.647637e+12
16E,1351,mht_res,ATL@66,2000+,1.734717e+11
16E,1351,mht_bol,ATL@66,2000+,3.052409e+10
16E,1351,mht_res,ATL@66,all,1.210911e+14
16E,1351,mht_bol,ATL@66,all,1.338115e+13
16E,1352,ohc,SO,0-700,1.485964e+24
16E,1352,ohc,SO,700-2000,1.134355e+24
16E,1352,ohc,SO,2000+,7.213633e+23
16E,1352,ohc,SO,all,3.341682e+24
16E,1352,ohc,NORD,0-700,4.772976e+21
16E,1352,ohc,NORD,700-2000,-9.476481e+21
16E,1352,ohc,NORD,2000+,-1.674699e+22
16E,1352,ohc,NORD,all,-2.145049e+22
16E,1352,ohc,SATL,0-700,7.171923e+23
16E,1352,ohc,SATL,700-2000,3.918644e+23
16E,1352,ohc,SATL,2000+,4.341601e+23
16E,1352,ohc,SATL,all,1.543217e+24
16E,1352,ohc,NATL,0-700,1.327250e+24
16E,1352,ohc,NATL,700-2000,8.947839e+23
16E,1352,ohc,NATL,2000+,7.503600e+23
16E,1352,ohc,NATL,all,2.972394e+24
16E,1352,ohc,SPNA,0-700,1.334211e+23
16E,1352,ohc,SPNA,700-2000,1.161516e+23
16E,1352,ohc,SPNA,2000+,7.576992e+22
16E,1352,ohc,SPNA,all,3.253426e+23
16E,1352,ohc,IP,0-700,5.987920e+24
16E,1352,ohc,IP,700-2000,3.101461e+24
16E,1352,ohc,IP,2000+,2.192570e+24
16E,1352,ohc,IP,all,1.128195e+25
16E,1352,ohc,OTHER,0-700,4.087491e+22
16E,1352,ohc,OTHER,700-2000,1.396847e+22
16E,1352,ohc,OTHER,2000+,1.035294e+21
16E,1352,ohc,OTHER,all,5.587867e+22
16E,1352,sfc,SO,col,-4.257563e+14
16E,1352,sfc,NORD,col,-1.789106e+14
16E,1352,sfc,SATL,col,3.025288e+14
16E,1352,sfc,NATL,col,-1.279501e+14
16E,1352,sfc,SPNA,col,-2.901292e+14
16E,1352,sfc,IP,col,6.157133e+14
16E,1352,sfc,OTHER,col,5.490205e+13
16E,1352,tend,SO,col,6.477688e+14
16E,1352,tend,NORD,col,-1.236294e+11
16E,1352,tend,SATL,col,1.474573e+13
16E,1352,tend,NATL,col,2.889682e+13
16E,1352,tend,SPNA,col,5.776516e+13
16E,1352,tend,IP,col,-8.446813e+14
16E,1352,tend,OTHER,col,7.819057e+12
16E,1352,adv,SO,col,1.061391e+15
16E,1352,adv,NORD,col,1.859644e+14
16E,1352,adv,SATL,col,-3.197933e+14
16E,1352,adv,NATL,col,1.010146e+14
16E,1352,adv,SPNA,col,3.493944e+14
16E,1352,adv,IP,col,-1.495524e+15
16E,1352,adv,OTHER,col,-5.374270e+13
16E,1352,diff,SO,col,-4.136223e+14
16E,1352,diff,NORD,col,-1.860880e+14
16E,1352,diff,SATL,col,3.345391e+14
16E,1352,diff,NATL,col,-7.211778e+13
16E,1352,diff,SPNA,col,-2.916293e+14
16E,1352,diff,IP,col,6.508424e+14
16E,1352,diff,OTHER,col,6.156176e+13
16E,1352,mht_res,ATL@-34,0-700,2.891858e+14
16E,1352,mht_bol,ATL@-34,0-700,-2.016235e+13
16E,1352,mht_res,ATL@-34,700-2000,7.012300e+13
16E,1352,mht_bol,ATL@-34,700-2000,1.148590e+13
16E,1352,mht_res,ATL@-34,2000+,-7.661947e+13
16E,1352,mht_bol,ATL@-34,2000+,-5.288103e+12
16E,1352,mht_res,ATL@-34,all,2.826894e+14
16E,1352,mht_bol,ATL@-34,all,-1.396456e+13
16E,1352,mht_res,ATL@-20,0-700,8.261058e+14
16E,1352,mht_bol,ATL@-20,0-700,4.770573e+13
16E,1352,mht_res,ATL@-20,700-2000,4.092436e+13
16E,1352,mht_bol,ATL@-20,700-2000,-7.814683e+12
16E,1352,mht_res,ATL@-20,2000+,-1.436482e+14
16E,1352,mht_bol,ATL@-20,2000+,-3.274942e+12
16E,1352,mht_res,ATL@-20,all,7.233820e+14
16E,1352,mht_bol,ATL@-20,all,3.661611e+13
16E,1352,mht_res,ATL@20,0-700,1.405899e+15
16E,1352,mht_bol,ATL@20,0-700,-4.559633e+13
16E,1352,mht_res,ATL@20,700-2000,8.846221e+12
16E,1352,mht_bol,ATL@20,700-2000,2.024288e+13
16E,1352,mht_res,ATL@20,2000+,-4.202871e+13
16E,1352,mht_bol,ATL@20,2000+,-1.057852e+12
16E,1352,mht_res,ATL@20,all,1.372716e+15
16E,1352,mht_bol,ATL@20,all,-2.641130e+13
16E,1352,mht_res,ATL@30,0-700,1.008781e+15
16E,1352,mht_bol,ATL@30,0-700,1.054485e+13
16E,1352,mht_res,ATL@30,700-2000,-7.267614e+13
16E,1352,mht_bol,ATL@30,700-2000,-9.034230e+12
16E,1352,mht_res,ATL@30,2000+,-1.021427e+14
16E,1352,mht_bol,ATL@30,2000+,2.788579e+12
16E,1352,mht_res,ATL@30,all,8.339624e+14
16E,1352,mht_bol,ATL@30,all,4.299199e+12
16E,1352,mht_res,ATL@45,0-700,6.250965e+14
16E,1352,mht_bol,ATL@45,0-700,5.606908e+13
16E,1352,mht_res,ATL@45,700-2000,-9.500020e+13
16E,1352,mht_bol,ATL@45,700-2000,-1.168652e+13
16E,1352,mht_res,ATL@45,2000+,-5.658592e+13
16E,1352,mht_bol,ATL@45,2000+,-2.539443e+12
16E,1352,mht_res,ATL@45,all,4.735104e+14
16E,1352,mht_bol,ATL@45,all,4.184311e+13
16E,1352,mht_res,ATL@55,0-700,5.929355e+14
16E,1352,mht_bol,ATL@55,0-700,4.402386e+12
16E,1352,mht_res,ATL@55,700-2000,-2.311708e+13
16E,1352,mht_bol,ATL@55,700-2000,-2.783426e+12
16E,1352,mht_res,ATL@55,2000+,-2.833234e+13
16E,1352,mht_bol,ATL@55,2000+,-4.613214e+12
16E,1352,mht_res,ATL@55,all,5.414861e+14
16E,1352,mht_bol,ATL@55,all,-2.994254e+12
16E,1352,mht_res,ATL@66,0-700,1.033219e+14
16E,1352,mht_bol,ATL@66,0-700,1.711900e+13
16E,1352,mht_res,ATL@66,700-2000,9.875626e+12
16E,1352,mht_bol,ATL@66,700-2000,-3.810704e+12
16E,1352,mht_res,ATL@66,2000+,-5.497962e+11
16E,1352,mht_bol,ATL@66,2000+,4.951761e+10
16E,1352,mht_res,ATL@66,all,1.126478e+14
16E,1352,mht_bol,ATL@66,all,1.335782e+13
16E,1353,ohc,SO,0-700,1.499111e+24
16E,1353,ohc,SO,700-2000,1.137727e+24
16E,1353,ohc,SO,2000+,7.230330e+23
16E,1353,ohc,SO,all,3.359871e+24
16E,1353,ohc,NORD,0-700,5.244011e+21
16E,1353,ohc,NORD,700-2000,-9.177685e+21
16E,1353,ohc,NORD,2000+,-1.672760e+22
16E,1353,ohc,NORD,all,-2.066127e+22
16E,1353,ohc,SATL,0-700,7.166326e+23
16E,1353,ohc,SATL,700-2000,3.928747e+23
16E,1353,ohc,SATL,2000+,4.348832e+23
16E,1353,ohc,SATL,all,1.544391e+24
16E,1353,ohc,NATL,0-700,1.325806e+24
16E,1353,ohc,NATL,700-2000,8.977937e+23
16E,1353,ohc,NATL,2000+,7.512339e+23
16E,1353,ohc,NATL,all,2.974833e+24
16E,1353,ohc,SPNA,0-700,1.345146e+23
16E,1353,ohc,SPNA,700-2000,1.165474e+23
16E,1353,ohc,SPNA,2000+,7.613922e+22
16E,1353,ohc,SPNA,all,3.272013e+23
16E,1353,ohc,IP,0-700,5.964401e+24
16E,1353,ohc,IP,700-2000,3.099553e+24
16E,1353,ohc,IP,2000+,2.190382e+24
16E,1353,ohc,IP,all,1.125434e+25
16E,1353,ohc,OTHER,0-700,4.069837e+22
16E,1353,ohc,OTHER,700-2000,1.414111e+22
16E,1353,ohc,OTHER,2000+,1.051227e+21
16E,1353,ohc,OTHER,all,5.589070e+22
16E,1353,sfc,SO,col,-4.099170e+14
16E,1353,sfc,NORD,col,-1.988631e+14
16E,1353,sfc,SATL,col,3.189154e+14
16E,1353,sfc,NATL,col,-6.993038e+13
16E,1353,sfc,SPNA,col,-2.835576e+14
16E,1353,sfc,IP,col,6.786592e+14
16E,1353,sfc,OTHER,col,4.830999e+13
16E,1353,tend,SO,col,5.569119e+14
16E,1353,tend,NORD,col,2.093397e+13
16E,1353,tend,SATL,col,1.340264e+14
16E,1353,tend,NATL,col,7.599853e+13
16E,1353,tend,SPNA,col,1.537278e+13
16E,1353,tend,IP,col,-6.954457e+14
16E,1353,tend,OTHER,col,5.484501e+12
16E,1353,adv,SO,col,9.505993e+14
16E,1353,adv,NORD,col,2.289330e+14
16E,1353,adv,SATL,col,-2.126011e+14
16E,1353,adv,NATL,col,9.567133e+13
16E,1353,adv,SPNA,col,2.989911e+14
16E,1353,adv,IP,col,-1.420390e+15
16E,1353,adv,OTHER,col,-4.959815e+13
16E,1353,diff,SO,col,-3.936874e+14
16E,1353,diff,NORD,col,-2.079990e+14
16E,1353,diff,SATL,col,3.466275e+14
16E,1353,diff,NATL,col,-1.967279e+13
16E,1353,diff,SPNA,col,-2.836183e+14
16E,1353,diff,IP,col,7.249441e+14
16E,1353,diff,OTHER,col,5.508265e+13
16E,1353,mht_res,ATL@-34,0-700,3.376433e+14
16E,1353,mht_bol,ATL@-34,0-700,-1.692661e+13
16E,1353,mht_res,ATL@-34,700-2000,7.619056e+13
16E,1353,mht_bol,ATL@-34,700-2000,1.108127e+13
16E,1353,mht_res,ATL@-34,2000+,-7.282955e+13
16E,1353,mht_bol,ATL@-34,2000+,-5.282162e+12
16E,1353,mht_res,ATL@-34,all,3.410043e+14
16E,1353,mht_bol,ATL@-34,all,-1.112750e+13
16E,1353,mht_res,ATL@-20,0-700,8.061433e+14
16E,1353,mht_bol,ATL@-20,0-700,4.147519e+13
16E,1353,mht_res,ATL@-20,700-2000,2.288269e+13
16E,1353,mht_bol,ATL@-20,700-2000,-7.719425e+12
16E,1353,mht_res,ATL@-20,2000+,-1.421970e+14
16E,1353,mht_bol,ATL@-20,2000+,-2.866615e+12
16E,1353,mht_res,ATL@-20,all,6.868290e+14
16E,1353,mht_bol,ATL@-20,all,3.088915e+13
16E,1353,mht_res,ATL@20,0-700,1.404798e+15
16E,1353,mht_bol,ATL@20,0-700,-3.875666e+13
16E,1353,mht_res,ATL@20,700-2000,-1.335336e+13
16E,1353,mht_bol,ATL@20,700-2000,1.871723e+13
16E,1353,mht_res,ATL@20,2000+,-4.066313e+13
16E,1353,mht_bol,ATL@20,2000+,-1.190202e+12
16E,1353,mht_res,ATL@20,all,1.350781e+15
16E,1353,mht_bol,ATL@20,all,-2.122963e+13
16E,1353,mht_res,ATL@30,0-700,9.436181e+14
16E,1353,mht_bol,ATL@30,0-700,7.110677e+12
16E,1353,mht_res,ATL@30,700-2000,-8.346781e+13
16E,1353,mht_bol,ATL@30,700-2000,-1.040398e+13
16E,1353,mht_res,ATL@30,2000+,-1.026114e+14
16E,1353,mht_bol,ATL@30,2000+,3.074235e+12
16E,1353,mht_res,ATL@30,all,7.575388e+14
16E,1353,mht_bol,ATL@30,all,-2.190690e+11
16E,1353,mht_res,ATL@45,0-700,6.077205e+14
16E,1353,mht_bol,ATL@45,0-700,5.904394e+13
16E,1353,mht_res,ATL@45,700-2000,-8.347911e+13
16E,1353,mht_bol,ATL@45,700-2000,-1.183777e+13
16E,1353,mht_res,ATL@45,2000+,-5.137049e+13
16E,1353,mht_bol,ATL@45,2000+,-2.347459e+12
16E,1353,mht_res,ATL@45,all,4.728709e+14
16E,1353,mht_bol,ATL@45,all,4.485871e+13
16E,1353,mht_res,ATL@55,0-700,5.456429e+14
16E,1353,mht_bol,ATL@55,0-700,2.360825e+12
16E,1353,mht_res,ATL@55,700-2000,-2.550970e+13
16E,1353,mht_bol,ATL@55,700-2000,2.085900e+12
16E,1353,mht_res,ATL@55,2000+,-2.995207e+13
16E,1353,mht_bol,ATL@55,2000+,-5.369091e+12
16E,1353,mht_res,ATL@55,all,4.901811e+14
16E,1353,mht_bol,ATL@55,all,-9.223655e+11
16E,1353,mht_res,ATL@66,0-700,1.241044e+14
16E,1353,mht_bol,ATL@66,0-700,1.887029e+13
16E,1353,mht_res,ATL@66,700-2000,1.047019e+13
16E,1353,mht_bol,ATL@66,700-2000,-3.790092e+12
16E,1353,mht_res,ATL@66,2000+,5.261426e+11
16E,1353,mht_bol,ATL@66,2000+,5.967836e+10
16E,1353,mht_res,ATL@66,all,1.351007e+14
16E,1353,mht_bol,ATL@66,all,1.513988e+13
16E,1354,ohc,SO,0-700,1.510213e+24
16E,1354,ohc,SO,700-2000,1.139811e+24
16E,1354,ohc,SO,2000+,7.238150e+23
16E,1354,ohc,SO,all,3.373839e+24
16E,1354,ohc,NORD,0-700,5.487710e+21
16E,1354,ohc,NORD,700-2000,-8.929393e+21
16E,1354,ohc,NORD,2000+,-1.670949e+22
16E,1354,ohc,NORD,all,-2.015117e+22
16E,1354,ohc,SATL,0-700,7.179677e+23
16E,1354,ohc,SATL,700-2000,3.946257e+23
16E,1354,ohc,SATL,2000+,4.357163e+23
16E,1354,ohc,SATL,all,1.548310e+24
16E,1354,ohc,NATL,0-700,1.323607e+24
16E,1354,ohc,NATL,700-2000,9.001451e+23
16E,1354,ohc,NATL,2000+,7.521103e+23
16E,1354,ohc,NATL,all,2.975862e+24
16E,1354,ohc,SPNA,0-700,1.334319e+23
16E,1354,ohc,SPNA,700-2000,1.172742e+23
16E,1354,ohc,SPNA,2000+,7.640986e+22
16E,1354,ohc,SPNA,all,3.271160e+23
16E,1354,ohc,IP,0-700,5.949540e+24
16E,1354,ohc,IP,700-2000,3.099724e+24
16E,1354,ohc,IP,2000+,2.188599e+24
16E,1354,ohc,IP,all,1.123786e+25
16E,1354,ohc,OTHER,0-700,4.084466e+22
16E,1354,ohc,OTHER,700-2000,1.428757e+22
16E,1354,ohc,OTHER,2000+,1.065450e+21
16E,1354,ohc,OTHER,all,5.619768e+22
16E,1354,sfc,SO,col,-3.435040e+14
16E,1354,sfc,NORD,col,-2.051106e+14
16E,1354,sfc,SATL,col,2.458236e+14
16E,1354,sfc,NATL,col,-7.426130e+13
16E,1354,sfc,SPNA,col,-3.130955e+14
16E,1354,sfc,IP,col,6.610411e+14
16E,1354,sfc,OTHER,col,4.055942e+13
16E,1354,tend,SO,col,6.416816e+14
16E,1354,tend,NORD,col,2.445842e+13
16E,1354,tend,SATL,col,5.644464e+13
16E,1354,tend,NATL,col,-6.391772e+12
16E,1354,tend,SPNA,col,-3.382974e+13
16E,1354,tend,IP,col,-6.644792e+14
16E,1354,tend,OTHER,col,2.690003e+12
16E,1354,adv,SO,col,9.683912e+14
16E,1354,adv,NORD,col,2.404512e+14
16E,1354,adv,SATL,col,-2.170543e+14
16E,1354,adv,NATL,col,2.877847e+13
16E,1354,adv,SPNA,col,2.849239e+14
16E,1354,adv,IP,col,-1.365903e+15
16E,1354,adv,OTHER,col,-4.522750e+13
16E,1354,diff,SO,col,-3.267096e+14
16E,1354,diff,NORD,col,-2.159928e+14
16E,1354,diff,SATL,col,2.734989e+14
16E,1354,diff,NATL,col,-3.517024e+13
16E,1354,diff,SPNA,col,-3.187537e+14
16E,1354,diff,IP,col,7.014237e+14
16E,1354,diff,OTHER,col,4.791751e+13
16E,1354,mht_res,ATL@-34,0-700,2.886359e+14
16E,1354,mht_bol,ATL@-34,0-700,-1.439397e+13
16E,1354,mht_res,ATL@-34,700-2000,8.022579e+13
16E,1354,mht_bol,ATL@-34,700-2000,1.088794e+13
16E,1354,mht_res,ATL@-34,2000+,-6.785565e+13
16E,1354,mht_bol,ATL@-34,2000+,-5.438850e+12
16E,1354,mht_res,ATL@-34,all,3.010061e+14
16E,1354,mht_bol,ATL@-34,all,-8.944879e+12
16E,1354,mht_res,ATL@-20,0-700,6.937427e+14
16E,1354,mht_bol,ATL@-20,0-700,4.436774e+13
16E,1354,mht_res,ATL@-20,700-2000,2.796184e+13
16E,1354,mht_bol,ATL@-20,700-2000,-8.514687e+12
16E,1354,mht_res,ATL@-20,2000+,-1.268149e+14
16E,1354,mht_bol,ATL@-20,2000+,-2.809963e+12
16E,1354,mht_res,ATL@-20,all,5.948897e+14
16E,1354,mht_bol,ATL@-20,all,3.304309e+13
16E,1354,mht_res,ATL@20,0-700,1.276828e+15
16E,1354,mht_bol,ATL@20,0-700,-3.887667e+13
16E,1354,mht_res,ATL@20,700-2000,-1.610577e+13
16E,1354,mht_bol,ATL@20,700-2000,1.941632e+13
16E,1354,mht_res,ATL@20,2000+,-3.675120e+13
16E,1354,mht_bol,ATL@20,2000+,-8.226161e+11
16E,1354,mht_res,ATL@20,all,1.223971e+15
16E,1354,mht_bol,ATL@20,all,-2.028297e+13
16E,1354,mht_res,ATL@30,0-700,8.347939e+14
16E,1354,mht_bol,ATL@30,0-700,1.866793e+13
16E,1354,mht_res,ATL@30,700-2000,-1.139545e+14
16E,1354,mht_bol,ATL@30,700-2000,-1.521490e+13
16E,1354,mht_res,ATL@30,2000+,-8.192577e+13
16E,1354,mht_bol,ATL@30,2000+,3.210114e+12
16E,1354,mht_res,ATL@30,all,6.389136e+14
16E,1354,mht_bol,ATL@30,all,6.663149e+12
16E,1354,mht_res,ATL@45,0-700,5.508720e+14
16E,1354,mht_bol,ATL@45,0-700,5.850135e+13
16E,1354,mht_res,ATL@45,700-2000,-9.671065e+13
16E,1354,mht_bol,ATL@45,700-2000,-1.562416e+13
16E,1354,mht_res,ATL@45,2000+,-4.384799e+13
16E,1354,mht_bol,ATL@45,2000+,-1.250943e+12
16E,1354,mht_res,ATL@45,all,4.103133e+14
16E,1354,mht_bol,ATL@45,all,4.162625e+13
16E,1354,mht_res,ATL@55,0-700,6.001511e+14
16E,1354,mht_bol,ATL@55,0-700,4.765620e+12
16E,1354,mht_res,ATL@55,700-2000,-2.946084e+13
16E,1354,mht_bol,ATL@55,700-2000,6.616646e+11
16E,1354,mht_res,ATL@55,2000+,-2.885153e+13
16E,1354,mht_bol,ATL@55,2000+,-5.719438e+12
16E,1354,mht_res,ATL@55,all,5.418387e+14
16E,1354,mht_bol,ATL@55,all,-2.921530e+11
16E,1354,mht_res,ATL@66,0-700,1.381073e+14
16E,1354,mht_bol,ATL@66,0-700,2.014693e+13
16E,1354,mht_res,ATL@66,700-2000,1.057017e+13
16E,1354,mht_bol,ATL@66,700-2000,-4.217188e+12
16E,1354,mht_res,ATL@66,2000+,-1.245693e+10
16E,1354,mht_bol,ATL@66,2000+,4.264066e+10
16E,1354,mht_res,ATL@66,all,1.486650e+14
16E,1354,mht_bol,ATL@66,all,1.597239e+13
16E,1355,ohc,SO,0-700,1.524905e+24
16E,1355,ohc,SO,700-2000,1.142584e+24
16E,1355,ohc,SO,2000+,7.250873e+23
16E,1355,ohc,SO,all,3.392577e+24
16E,1355,ohc,NORD,0-700,6.586453e+21
16E,1355,ohc,NORD,700-2000,-8.628089e+21
16E,1355,ohc,NORD,2000+,-1.668459e+22
16E,1355,ohc,NORD,all,-1.872623e+22
16E,1355,ohc,SATL,0-700,7.171754e+23
16E,1355,ohc,SATL,700-2000,3.964742e+23
16E,1355,ohc,SATL,2000+,4.365393e+23
16E,1355,ohc,SATL,all,1.550189e+24
16E,1355,ohc,NATL,0-700,1.320744e+24
16E,1355,ohc,NATL,700-2000,9.017232e+23
16E,1355,ohc,NATL,2000+,7.526981e+23
16E,1355,ohc,NATL,all,2.975165e+24
16E,1355,ohc,SPNA,0-700,1.290949e+23
16E,1355,ohc,SPNA,700-2000,1.182944e+23
16E,1355,ohc,SPNA,2000+,7.681493e+22
16E,1355,ohc,SPNA,all,3.242043e+23
16E,1355,ohc,IP,0-700,5.934257e+24
16E,1355,ohc,IP,700-2000,3.100015e+24
16E,1355,ohc,IP,2000+,2.186907e+24
16E,1355,ohc,IP,all,1.122118e+25
16E,1355,ohc,OTHER,0-700,4.079624e+22
16E,1355,ohc,OTHER,700-2000,1.441523e+22
16E,1355,ohc,OTHER,2000+,1.074227e+21
16E,1355,ohc,OTHER,all,5.628570e+22
16E,1355,sfc,SO,col,-3.817618e+14
16E,1355,sfc,NORD,col,-2.096214e+14
16E,1355,sfc,SATL,col,2.697525e+14
16E,1355,sfc,NATL,col,1.146071e+13
16E,1355,sfc,SPNA,col,-3.044196e+14
16E,1355,sfc,IP,col,8.373564e+14
16E,1355,sfc,OTHER,col,4.666199e+13
16E,1355,tend,SO,col,4.246205e+14
16E,1355,tend,NORD,col,4.452705e+13
16E,1355,tend,SATL,col,1.378780e+14
16E,1355,tend,NATL,col,9.545117e+13
16E,1355,tend,SPNA,col,-6.496478e+13
16E,1355,tend,IP,col,-3.946252e+14
16E,1355,tend,OTHER,col,7.986336e+12
16E,1355,adv,SO,col,7.840441e+14
16E,1355,adv,NORD,col,2.675229e+14
16E,1355,adv,SATL,col,-1.596230e+14
16E,1355,adv,NATL,col,3.897847e+13
16E,1355,adv,SPNA,col,2.476775e+14
16E,1355,adv,IP,col,-1.258968e+15
16E,1355,adv,OTHER,col,-4.612641e+13
16E,1355,diff,SO,col,-3.594236e+14
16E,1355,diff,NORD,col,-2.229959e+14
16E,1355,diff,SATL,col,2.975010e+14
16E,1355,diff,NATL,col,5.647270e+13
16E,1355,diff,SPNA,col,-3.126423e+14
16E,1355,diff,IP,col,8.643429e+14
16E,1355,diff,OTHER,col,5.411275e+13
16E,1355,mht_res,ATL@-34,0-700,3.240148e+14
16E,1355,mht_bol,ATL@-34,0-700,-1.115026e+13
16E,1355,mht_res,ATL@-34,700-2000,8.024821e+13
16E,1355,mht_bol,ATL@-34,700-2000,1.047353e+13
16E,1355,mht_res,ATL@-34,2000+,-7.184338e+13
16E,1355,mht_bol,ATL@-34,2000+,-5.432709e+12
16E,1355,mht_res,ATL@-34,all,3.324197e+14
16E,1355,mht_bol,ATL@-34,all,-6.109438e+12
16E,1355,mht_res,ATL@-20,0-700,7.848267e+14
16E,1355,mht_bol,ATL@-20,0-700,4.776268e+13
16E,1355,mht_res,ATL@-20,700-2000,2.920154e+13
16E,1355,mht_bol,ATL@-20,700-2000,-9.480013e+12
16E,1355,mht_res,ATL@-20,2000+,-1.271844e+14
16E,1355,mht_bol,ATL@-20,2000+,-2.812430e+12
16E,1355,mht_res,ATL@-20,all,6.868438e+14
16E,1355,mht_bol,ATL@-20,all,3.547024e+13
16E,1355,mht_res,ATL@20,0-700,1.469016e+15
16E,1355,mht_bol,ATL@20,0-700,-3.390891e+13
16E,1355,mht_res,ATL@20,700-2000,-2.208684e+13
16E,1355,mht_bol,ATL@20,700-2000,1.931345e+13
16E,1355,mht_res,ATL@20,2000+,-3.417544e+13
16E,1355,mht_bol,ATL@20,2000+,-9.684485e+11
16E,1355,mht_res,ATL@20,all,1.412754e+15
16E,1355,mht_bol,ATL@20,all,-1.556391e+13
16E,1355,mht_res,ATL@30,0-700,9.488933e+14
16E,1355,mht_bol,ATL@30,0-700,2.603433e+13
16E,1355,mht_res,ATL@30,700-2000,-1.112707e+14
16E,1355,mht_bol,ATL@30,700-2000,-1.613198e+13
16E,1355,mht_res,ATL@30,2000+,-8.060900e+13
16E,1355,mht_bol,ATL@30,2000+,2.384042e+12
16E,1355,mht_res,ATL@30,all,7.570136e+14
16E,1355,mht_bol,ATL@30,all,1.228640e+13
16E,1355,mht_res,ATL@45,0-700,6.461917e+14
16E,1355,mht_bol,ATL@45,0-700,5.591721e+13
16E,1355,mht_res,ATL@45,700-2000,-1.026273e+14
16E,1355,mht_bol,ATL@45,700-2000,-1.423907e+13
16E,1355,mht_res,ATL@45,2000+,-6.242137e+13
16E,1355,mht_bol,ATL@45,2000+,-8.983396e+11
16E,1355,mht_res,ATL@45,all,4.811430e+14
16E,1355,mht_bol,ATL@45,all,4.077980e+13
16E,1355,mht_res,ATL@55,0-700,5.621310e+14
16E,1355,mht_bol,ATL@55,0-700,5.707954e+12
16E,1355,mht_res,ATL@55,700-2000,-3.810817e+13
16E,1355,mht_bol,ATL@55,700-2000,1.795142e+11
16E,1355,mht_res,ATL@55,2000+,-3.828629e+13
16E,1355,mht_bol,ATL@55,2000+,-5.382901e+12
16E,1355,mht_res,ATL@55,all,4.857365e+14
16E,1355,mht_bol,ATL@55,all,5.045669e+11
16E,1355,mht_res,ATL@66,0-700,1.525874e+14
16E,1355,mht_bol,ATL@66,0-700,2.185446e+13
16E,1355,mht_res,ATL@66,700-2000,1.003489e+13
16E,1355,mht_bol,ATL@66,700-2000,-4.435232e+12
16E,1355,mht_res,ATL@66,2000+,4.449466e+11
16E,1355,mht_bol,ATL@66,2000+,7.503328e+09
16E,1355,mht_res,ATL@66,all,1.630673e+14
16E,1355,mht_bol,ATL@66,all,1.742673e+13
16E,1356,ohc,SO,0-700,1.535255e+24
16E,1356,ohc,SO,700-2000,1.142185e+24
16E,1356,ohc,SO,2000+,7.250408e+23
16E,1356,ohc,SO,all,3.402480e+24
16E,1356,ohc,NORD,0-700,7.016531e+21
16E,1356,ohc,NORD,700-2000,-8.298249e+21
16E,1356,ohc,NORD,2000+,-1.666810e+22
16E,1356,ohc,NORD,all,-1.794982e+22
16E,1356,ohc,SATL,0-700,7.193393e+23
16E,1356,ohc,SATL,700-2000,3.981851e+23
16E,1356,ohc,SATL,2000+,4.375312e+23
16E,1356,ohc,SATL,all,1.555056e+24
16E,1356,ohc,NATL,0-700,1.320258e+24
16E,1356,ohc,NATL,700-2000,9.037344e+23
16E,1356,ohc,NATL,2000+,7.535406e+23
16E,1356,ohc,NATL,all,2.977533e+24
16E,1356,ohc,SPNA,0-700,1.270869e+23
16E,1356,ohc,SPNA,700-2000,1.193160e+23
16E,1356,ohc,SPNA,2000+,7.718404e+22
16E,1356,ohc,SPNA,all,3.235869e+23
16E,1356,ohc,IP,0-700,5.924467e+24
16E,1356,ohc,IP,700-2000,3.101604e+24
16E,1356,ohc,IP,2000+,2.185470e+24
16E,1356,ohc,IP,all,1.121154e+25
16E,1356,ohc,OTHER,0-700,4.095412e+22
16E,1356,ohc,OTHER,700-2000,1.451562e+22
16E,1356,ohc,OTHER,2000+,1.084464e+21
16E,1356,ohc,OTHER,all,5.655420e+22
16E,1356,sfc,SO,col,-4.380977e+14
16E,1356,sfc,NORD,col,-2.014893e+14
16E,1356,sfc,SATL,col,3.188688e+14
16E,1356,sfc,NATL,col,-8.451513e+13
16E,1356,sfc,SPNA,col,-2.115147e+14
16E,1356,sfc,IP,col,7.901531e+14
16E,1356,sfc,OTHER,col,5.115526e+13
16E,1356,tend,SO,col,3.609448e+14
16E,1356,tend,NORD,col,4.251595e+13
16E,1356,tend,SATL,col,6.004984e+13
16E,1356,tend,NATL,col,1.286512e+14
16E,1356,tend,SPNA,col,-4.357286e+11
16E,1356,tend,IP,col,-3.672839e+14
16E,1356,tend,OTHER,col,3.758330e+12
16E,1356,adv,SO,col,7.742926e+14
16E,1356,adv,NORD,col,2.583728e+14
16E,1356,adv,SATL,col,-2.837358e+14
16E,1356,adv,NATL,col,1.646318e+14
16E,1356,adv,SPNA,col,2.175959e+14
16E,1356,adv,IP,col,-1.197589e+15
16E,1356,adv,OTHER,col,-5.321406e+13
16E,1356,diff,SO,col,-4.133478e+14
16E,1356,diff,NORD,col,-2.158568e+14
16E,1356,diff,SATL,col,3.437856e+14
16E,1356,diff,NATL,col,-3.598055e+13
16E,1356,diff,SPNA,col,-2.180317e+14
16E,1356,diff,IP,col,8.303048e+14
16E,1356,diff,OTHER,col,5.697239e+13
16E,1356,mht_res,ATL@-34,0-700,3.090438e+14
16E,1356,mht_bol,ATL@-34,0-700,-1.150523e+13
16E,1356,mht_res,ATL@-34,700-2000,7.935869e+13
16E,1356,mht_bol,ATL@-34,700-2000,1.054525e+13
16E,1356,mht_res,ATL@-34,2000+,-7.816144e+13
16E,1356,mht_bol,ATL@-34,2000+,-5.436191e+12
16E,1356,mht_res,ATL@-34,all,3.102411e+14
16E,1356,mht_bol,ATL@-34,all,-6.396175e+12
16E,1356,mht_res,ATL@-20,0-700,7.975329e+14
16E,1356,mht_bol,ATL@-20,0-700,4.701031e+13
16E,1356,mht_res,ATL@-20,700-2000,1.978357e+13
16E,1356,mht_bol,ATL@-20,700-2000,-1.005553e+13
16E,1356,mht_res,ATL@-20,2000+,-1.336741e+14
16E,1356,mht_bol,ATL@-20,2000+,-2.181940e+12
16E,1356,mht_res,ATL@-20,all,6.836424e+14
16E,1356,mht_bol,ATL@-20,all,3.477284e+13
16E,1356,mht_res,ATL@20,0-700,1.432514e+15
16E,1356,mht_bol,ATL@20,0-700,-3.434659e+13
16E,1356,mht_res,ATL@20,700-2000,-4.444434e+13
16E,1356,mht_bol,ATL@20,700-2000,1.979087e+13
16E,1356,mht_res,ATL@20,2000+,-4.752714e+13
16E,1356,mht_bol,ATL@20,2000+,-4.828617e+11
16E,1356,mht_res,ATL@20,all,1.340543e+15
16E,1356,mht_bol,ATL@20,all,-1.503858e+13
16E,1356,mht_res,ATL@30,0-700,1.050893e+15
16E,1356,mht_bol,ATL@30,0-700,2.465820e+13
16E,1356,mht_res,ATL@30,700-2000,-1.238136e+14
16E,1356,mht_bol,ATL@30,700-2000,-1.497545e+13
16E,1356,mht_res,ATL@30,2000+,-9.031321e+13
16E,1356,mht_bol,ATL@30,2000+,2.208668e+12
16E,1356,mht_res,ATL@30,all,8.367666e+14
16E,1356,mht_bol,ATL@30,all,1.189142e+13
16E,1356,mht_res,ATL@45,0-700,5.916572e+14
16E,1356,mht_bol,ATL@45,0-700,5.842948e+13
16E,1356,mht_res,ATL@45,700-2000,-9.543971e+13
16E,1356,mht_bol,ATL@45,700-2000,-1.698564e+13
16E,1356,mht_res,ATL@45,2000+,-5.036329e+13
16E,1356,mht_bol,ATL@45,2000+,-2.073488e+11
16E,1356,mht_res,ATL@45,all,4.458542e+14
16E,1356,mht_bol,ATL@45,all,4.123649e+13
16E,1356,mht_res,ATL@55,0-700,5.745458e+14
16E,1356,mht_bol,ATL@55,0-700,5.289207e+12
16E,1356,mht_res,ATL@55,700-2000,-3.778164e+13
16E,1356,mht_bol,ATL@55,700-2000,1.013495e+12
16E,1356,mht_res,ATL@55,2000+,-3.586626e+13
16E,1356,mht_bol,ATL@55,2000+,-5.298185e+12
16E,1356,mht_res,ATL@55,all,5.008979e+14
16E,1356,mht_bol,ATL@55,all,1.004518e+12
16E,1356,mht_res,ATL@66,0-700,1.357323e+14
16E,1356,mht_bol,ATL@66,0-700,2.078332e+13
16E,1356,mht_res,ATL@66,700-2000,8.980696e+12
16E,1356,mht_bol,ATL@66,700-2000,-4.202366e+12
16E,1356,mht_res,ATL@66,2000+,-5.489543e+11
16E,1356,mht_bol,ATL@66,2000+,-2.354525e+10
16E,1356,mht_res,ATL@66,all,1.441640e+14
16E,1356,mht_bol,ATL@66,all,1.655741e+13
16E,1357,ohc,SO,0-700,1.546861e+24
16E,1357,ohc,SO,700-2000,1.145277e+24
16E,1357,ohc,SO,2000+,7.266576e+23
16E,1357,ohc,SO,all,3.418796e+24
16E,1357,ohc,NORD,0-700,8.218014e+21
16E,1357,ohc,NORD,700-2000,-7.840635e+21
16E,1357,ohc,NORD,2000+,-1.664663e+22
16E,1357,ohc,NORD,all,-1.626925e+22
16E,1357,ohc,SATL,0-700,7.165289e+23
16E,1357,ohc,SATL,700-2000,4.002975e+23
16E,1357,ohc,SATL,2000+,4.385878e+23
16E,1357,ohc,SATL,all,1.555414e+24
16E,1357,ohc,NATL,0-700,1.322728e+24
16E,1357,ohc,NATL,700-2000,9.059869e+23
16E,1357,ohc,NATL,2000+,7.543659e+23
16E,1357,ohc,NATL,all,2.983081e+24
16E,1357,ohc,SPNA,0-700,1.259981e+23
16E,1357,ohc,SPNA,700-2000,1.202609e+23
16E,1357,ohc,SPNA,2000+,7.743303e+22
16E,1357,ohc,SPNA,all,3.236920e+23
16E,1357,ohc,IP,0-700,5.910514e+24
16E,1357,ohc,IP,700-2000,3.099912e+24
16E,1357,ohc,IP,2000+,2.183411e+24
16E,1357,ohc,IP,all,1.119384e+25
16E,1357,ohc,OTHER,0-700,4.086163e+22
16E,1357,ohc,OTHER,700-2000,1.462701e+22
16E,1357,ohc,OTHER,2000+,1.094747e+21
16E,1357,ohc,OTHER,all,5.658339e+22
16E,1357,sfc,SO,col,-4.363880e+14
16E,1357,sfc,NORD,col,-2.415114e+14
16E,1357,sfc,SATL,col,2.928099e+14
16E,1357,sfc,NATL,col,-6.493190e+13
16E,1357,sfc,SPNA,col,-2.008969e+14
16E,1357,sfc,IP,col,9.790621e+14
16E,1357,sfc,OTHER,col,4.519616e+13
16E,1357,tend,SO,col,7.064747e+14
16E,1357,tend,NORD,col,2.439578e+13
16E,1357,tend,SATL,col,1.156423e+14
16E,1357,tend,NATL,col,9.138289e+13
16E,1357,tend,SPNA,col,-6.114888e+12
16E,1357,tend,IP,col,-5.861638e+14
16E,1357,tend,OTHER,col,-1.417653e+12
16E,1357,adv,SO,col,1.118711e+15
16E,1357,adv,NORD,col,2.800572e+14
16E,1357,adv,SATL,col,-2.005530e+14
16E,1357,adv,NATL,col,1.113824e+14
16E,1357,adv,SPNA,col,2.025110e+14
16E,1357,adv,IP,col,-1.605600e+15
16E,1357,adv,OTHER,col,-5.354648e+13
16E,1357,diff,SO,col,-4.122359e+14
16E,1357,diff,NORD,col,-2.556614e+14
16E,1357,diff,SATL,col,3.161953e+14
16E,1357,diff,NATL,col,-1.999951e+13
16E,1357,diff,SPNA,col,-2.086259e+14
16E,1357,diff,IP,col,1.019436e+15
16E,1357,diff,OTHER,col,5.212883e+13
16E,1357,mht_res,ATL@-34,0-700,3.161742e+14
16E,1357,mht_bol,ATL@-34,0-700,-1.218630e+13
16E,1357,mht_res,ATL@-34,700-2000,8.200613e+13
16E,1357,mht_bol,ATL@-34,700-2000,1.128816e+13
16E,1357,mht_res,ATL@-34,2000+,-7.601978e+13
16E,1357,mht_bol,ATL@-34,2000+,-5.614596e+12
16E,1357,mht_res,ATL@-34,all,3.221606e+14
16E,1357,mht_bol,ATL@-34,all,-6.512730e+12
16E,1357,mht_res,ATL@-20,0-700,7.645286e+14
16E,1357,mht_bol,ATL@-20,0-700,4.690886e+13
16E,1357,mht_res,ATL@-20,700-2000,8.237252e+12
16E,1357,mht_bol,ATL@-20,700-2000,-1.013652e+13
16E,1357,mht_res,ATL@-20,2000+,-1.292651e+14
16E,1357,mht_bol,ATL@-20,2000+,-2.164178e+12
16E,1357,mht_res,ATL@-20,all,6.435007e+14
16E,1357,mht_bol,ATL@-20,all,3.460817e+13
16E,1357,mht_res,ATL@20,0-700,1.343385e+15
16E,1357,mht_bol,ATL@20,0-700,-3.093151e+13
16E,1357,mht_res,ATL@20,700-2000,-4.355860e+13
16E,1357,mht_bol,ATL@20,700-2000,1.998448e+13
16E,1357,mht_res,ATL@20,2000+,-3.480136e+13
16E,1357,mht_bol,ATL@20,2000+,-5.355921e+11
16E,1357,mht_res,ATL@20,all,1.265025e+15
16E,1357,mht_bol,ATL@20,all,-1.148262e+13
16E,1357,mht_res,ATL@30,0-700,9.575856e+14
16E,1357,mht_bol,ATL@30,0-700,3.199537e+13
16E,1357,mht_res,ATL@30,700-2000,-1.167131e+14
16E,1357,mht_bol,ATL@30,700-2000,-1.722068e+13
16E,1357,mht_res,ATL@30,2000+,-6.378692e+13
16E,1357,mht_bol,ATL@30,2000+,2.462028e+12
16E,1357,mht_res,ATL@30,all,7.770856e+14
16E,1357,mht_bol,ATL@30,all,1.723672e+13
16E,1357,mht_res,ATL@45,0-700,5.690292e+14
16E,1357,mht_bol,ATL@45,0-700,6.229131e+13
16E,1357,mht_res,ATL@45,700-2000,-9.756895e+13
16E,1357,mht_bol,ATL@45,700-2000,-2.086642e+13
16E,1357,mht_res,ATL@45,2000+,-4.414321e+13
16E,1357,mht_bol,ATL@45,2000+,-1.464329e+11
16E,1357,mht_res,ATL@45,all,4.273171e+14
16E,1357,mht_bol,ATL@45,all,4.127846e+13
16E,1357,mht_res,ATL@55,0-700,6.115060e+14
16E,1357,mht_bol,ATL@55,0-700,8.124241e+12
16E,1357,mht_res,ATL@55,700-2000,-3.804503e+13
16E,1357,mht_bol,ATL@55,700-2000,-1.067568e+12
16E,1357,mht_res,ATL@55,2000+,-4.210016e+13
16E,1357,mht_bol,ATL@55,2000+,-4.703401e+12
16E,1357,mht_res,ATL@55,all,5.313608e+14
16E,1357,mht_bol,ATL@55,all,2.353272e+12
16E,1357,mht_res,ATL@66,0-700,1.567610e+14
16E,1357,mht_bol,ATL@66,0-700,1.933949e+13
16E,1357,mht_res,ATL@66,700-2000,1.043568e+13
16E,1357,mht_bol,ATL@66,700-2000,-4.001065e+12
16E,1357,mht_res,ATL@66,2000+,1.915351e+11
16E,1357,mht_bol,ATL@66,2000+,-6.328621e+09
16E,1357,mht_res,ATL@66,all,1.673882e+14
16E,1357,mht_bol,ATL@66,all,1.533210e+13
16E,1358,ohc,SO,0-700,1.555291e+24
16E,1358,ohc,SO,700-2000,1.149239e+24
16E,1358,ohc,SO,2000+,7.288135e+23
16E,1358,ohc,SO,all,3.433343e+24
16E,1358,ohc,NORD,0-700,9.336181e+21
16E,1358,ohc,NORD,700-2000,-7.281799e+21
16E,1358,ohc,NORD,2000+,-1.661974e+22
16E,1358,ohc,NORD,all,-1.456536e+22
16E,1358,ohc,SATL,0-700,7.171881e+23
16E,1358,ohc,SATL,700-2000,4.024685e+23
16E,1358,ohc,SATL,2000+,4.395852e+23
16E,1358,ohc,SATL,all,1.559242e+24
16E,1358,ohc,NATL,0-700,1.326320e+24
16E,1358,ohc,NATL,700-2000,9.084822e+23
16E,1358,ohc,NATL,2000+,7.552544e+23
16E,1358,ohc,NATL,all,2.990056e+24
16E,1358,ohc,SPNA,0-700,1.228397e+23
16E,1358,ohc,SPNA,700-2000,1.209162e+23
16E,1358,ohc,SPNA,2000+,7.773203e+22
16E,1358,ohc,SPNA,all,3.214879e+23
16E,1358,ohc,IP,0-700,5.897806e+24
16E,1358,ohc,IP,700-2000,3.097280e+24
16E,1358,ohc,IP,2000+,2.181215e+24
16E,1358,ohc,IP,all,1.117630e+25
16E,1358,ohc,OTHER,0-700,4.069736e+22
16E,1358,ohc,OTHER,700-2000,1.471365e+22
16E,1358,ohc,OTHER,2000+,1.104911e+21
16E,1358,ohc,OTHER,all,5.651593e+22
16E,1358,sfc,SO,col,-4.617218e+14
16E,1358,sfc,NORD,col,-2.283902e+14
16E,1358,sfc,SATL,col,3.553621e+14
16E,1358,sfc,NATL,col,4.966175e+13
16E,1358,sfc,SPNA,col,-2.790274e+14
16E,1358,sfc,IP,col,6.705295e+14
16E,1358,sfc,OTHER,col,4.950418e+13
16E,1358,tend,SO,col,2.839571e+14
16E,1358,tend,NORD,col,7.971549e+13
16E,1358,tend,SATL,col,1.410187e+14
16E,1358,tend,NATL,col,2.321203e+14
16E,1358,tend,SPNA,col,-1.217773e+14
16E,1358,tend,IP,col,-5.241381e+14
16E,1358,tend,OTHER,col,-6.909668e+11
16E,1358,adv,SO,col,7.090263e+14
16E,1358,adv,NORD,col,3.234596e+14
16E,1358,adv,SATL,col,-2.399030e+14
16E,1358,adv,NATL,col,1.283883e+14
16E,1358,adv,SPNA,col,1.675694e+14
16E,1358,adv,IP,col,-1.225610e+15
16E,1358,adv,OTHER,col,-5.709104e+13
16E,1358,diff,SO,col,-4.250692e+14
16E,1358,diff,NORD,col,-2.437441e+14
16E,1358,diff,SATL,col,3.809217e+14
16E,1358,diff,NATL,col,1.037320e+14
16E,1358,diff,SPNA,col,-2.893467e+14
16E,1358,diff,IP,col,7.014714e+14
16E,1358,diff,OTHER,col,5.640007e+13
16E,1358,mht_res,ATL@-34,0-700,3.064102e+14
16E,1358,mht_bol,ATL@-34,0-700,-1.449093e+13
16E,1358,mht_res,ATL@-34,700-2000,8.046124e+13
16E,1358,mht_bol,ATL@-34,700-2000,1.188863e+13
16E,1358,mht_res,ATL@-34,2000+,-7.535113e+13
16E,1358,mht_bol,ATL@-34,2000+,-5.700723e+12
16E,1358,mht_res,ATL@-34,all,3.115203e+14
16E,1358,mht_bol,ATL@-34,all,-8.303026e+12
16E,1358,mht_res,ATL@-20,0-700,7.667302e+14
16E,1358,mht_bol,ATL@-20,0-700,4.999677e+13
16E,1358,mht_res,ATL@-20,700-2000,1.046121e+13
16E,1358,mht_bol,ATL@-20,700-2000,-1.047310e+13
16E,1358,mht_res,ATL@-20,2000+,-1.165443e+14
16E,1358,mht_bol,ATL@-20,2000+,-2.098271e+12
16E,1358,mht_res,ATL@-20,all,6.606471e+14
16E,1358,mht_bol,ATL@-20,all,3.742540e+13
16E,1358,mht_res,ATL@20,0-700,1.560282e+15
16E,1358,mht_bol,ATL@20,0-700,-3.073797e+13
16E,1358,mht_res,ATL@20,700-2000,-6.178823e+13
16E,1358,mht_bol,ATL@20,700-2000,1.949311e+13
16E,1358,mht_res,ATL@20,2000+,-4.514251e+13
16E,1358,mht_bol,ATL@20,2000+,-2.163787e+11
16E,1358,mht_res,ATL@20,all,1.453352e+15
16E,1358,mht_bol,ATL@20,all,-1.146124e+13
16E,1358,mht_res,ATL@30,0-700,1.088951e+15
16E,1358,mht_bol,ATL@30,0-700,3.443426e+13
16E,1358,mht_res,ATL@30,700-2000,-1.172871e+14
16E,1358,mht_bol,ATL@30,700-2000,-1.886848e+13
16E,1358,mht_res,ATL@30,2000+,-9.045465e+13
16E,1358,mht_bol,ATL@30,2000+,2.935134e+12
16E,1358,mht_res,ATL@30,all,8.812090e+14
16E,1358,mht_bol,ATL@30,all,1.850091e+13
16E,1358,mht_res,ATL@45,0-700,5.719815e+14
16E,1358,mht_bol,ATL@45,0-700,6.727913e+13
16E,1358,mht_res,ATL@45,700-2000,-1.220738e+14
16E,1358,mht_bol,ATL@45,700-2000,-2.212862e+13
16E,1358,mht_res,ATL@45,2000+,-4.114097e+13
16E,1358,mht_bol,ATL@45,2000+,-8.402141e+11
16E,1358,mht_res,ATL@45,all,4.087668e+14
16E,1358,mht_bol,ATL@45,all,4.431030e+13
16E,1358,mht_res,ATL@55,0-700,5.845170e+14
16E,1358,mht_bol,ATL@55,0-700,9.643493e+12
16E,1358,mht_res,ATL@55,700-2000,-3.804683e+13
16E,1358,mht_bol,ATL@55,700-2000,-2.827515e+12
16E,1358,mht_res,ATL@55,2000+,-3.039994e+13
16E,1358,mht_bol,ATL@55,2000+,-4.085146e+12
16E,1358,mht_res,ATL@55,all,5.160703e+14
16E,1358,mht_bol,ATL@55,all,2.730831e+12
16E,1358,mht_res,ATL@66,0-700,1.664936e+14
16E,1358,mht_bol,ATL@66,0-700,2.131376e+13
16E,1358,mht_res,ATL@66,700-2000,1.023313e+13
16E,1358,mht_bol,ATL@66,700-2000,-4.031305e+12
16E,1358,mht_res,ATL@66,2000+,5.404991e+11
16E,1358,mht_bol,ATL@66,2000+,-2.909927e+10
16E,1358,mht_res,ATL@66,all,1.772672e+14
16E,1358,mht_bol,ATL@66,all,1.725335e+13
16E,1359,ohc,SO,0-700,1.563768e+24
16E,1359,ohc,SO,700-2000,1.150612e+24
16E,1359,ohc,SO,2000+,7.293806e+23
16E,1359,ohc,SO,all,3.443761e+24
16E,1359,ohc,NORD,0-700,1.050154e+22
16E,1359,ohc,NORD,700-2000,-6.785401e+21
16E,1359,ohc,NORD,2000+,-1.658577e+22
16E,1359,ohc,NORD,all,-1.286963e+22
16E,1359,ohc,SATL,0-700,7.188155e+23
16E,1359,ohc,SATL,700-2000,4.048141e+23
16E,1359,ohc,SATL,2000+,4.404003e+23
16E,1359,ohc,SATL,all,1.564030e+24
16E,1359,ohc,NATL,0-700,1.327467e+24
16E,1359,ohc,NATL,700-2000,9.095372e+23
16E,1359,ohc,NATL,2000+,7.559396e+23
16E,1359,ohc,NATL,all,2.992944e+24
16E,1359,ohc,SPNA,0-700,1.225059e+23
16E,1359,ohc,SPNA,700-2000,1.216040e+23
16E,1359,ohc,SPNA,2000+,7.812940e+22
16E,1359,ohc,SPNA,all,3.222393e+23
16E,1359,ohc,IP,0-700,5.885275e+24
16E,1359,ohc,IP,700-2000,3.097345e+24
16E,1359,ohc,IP,2000+,2.179538e+24
16E,1359,ohc,IP,all,1.116216e+25
16E,1359,ohc,OTHER,0-700,4.056911e+22
16E,1359,ohc,OTHER,700-2000,1.470464e+22
16E,1359,ohc,OTHER,2000+,1.097002e+21
16E,1359,ohc,OTHER,all,5.637075e+22
16E,1359,sfc,SO,col,-3.432764e+14
16E,1359,sfc,NORD,col,-2.665797e+14
16E,1359,sfc,SATL,col,3.196610e+14
16E,1359,sfc,NATL,col,-7.979349e+13
16E,1359,sfc,SPNA,col,-1.386580e+14
16E,1359,sfc,IP,col,8.538894e+14
16E,1359,sfc,OTHER,col,4.241287e+13
16E,1359,tend,SO,col,5.086874e+14
16E,1359,tend,NORD,col,4.210218e+13
16E,1359,tend,SATL,col,1.146532e+14
16E,1359,tend,NATL,col,1.048227e+13
16E,1359,tend,SPNA,col,3.358975e+13
16E,1359,tend,IP,col,-2.957109e+14
16E,1359,tend,OTHER,col,-4.372795e+12
16E,1359,adv,SO,col,8.093210e+14
16E,1359,adv,NORD,col,3.288637e+14
16E,1359,adv,SATL,col,-2.287837e+14
16E,1359,adv,NATL,col,4.379231e+13
16E,1359,adv,SPNA,col,1.782388e+14
16E,1359,adv,IP,col,-1.195200e+15
16E,1359,adv,OTHER,col,-5.317623e+13
16E,1359,diff,SO,col,-3.006336e+14
16E,1359,diff,NORD,col,-2.867615e+14
16E,1359,diff,SATL,col,3.434369e+14
16E,1359,diff,NATL,col,-3.331005e+13
16E,1359,diff,SPNA,col,-1.446491e+14
16E,1359,diff,IP,col,8.994887e+14
16E,1359,diff,OTHER,col,4.880343e+13
16E,1359,mht_res,ATL@-34,0-700,2.987566e+14
16E,1359,mht_bol,ATL@-34,0-700,-1.331915e+13
16E,1359,mht_res,ATL@-34,700-2000,8.507228e+13
16E,1359,mht_bol,ATL@-34,700-2000,1.187794e+13
16E,1359,mht_res,ATL@-34,2000+,-7.038299e+13
16E,1359,mht_bol,ATL@-34,2000+,-5.398119e+12
16E,1359,mht_res,ATL@-34,all,3.134459e+14
16E,1359,mht_bol,ATL@-34,all,-6.839327e+12
16E,1359,mht_res,ATL@-20,0-700,7.260347e+14
16E,1359,mht_bol,ATL@-20,0-700,4.936383e+13
16E,1359,mht_res,ATL@-20,700-2000,7.843741e+12
16E,1359,mht_bol,ATL@-20,700-2000,-1.007990e+13
16E,1359,mht_res,ATL@-20,2000+,-1.187670e+14
16E,1359,mht_bol,ATL@-20,2000+,-2.144603e+12
16E,1359,mht_res,ATL@-20,all,6.151114e+14
16E,1359,mht_bol,ATL@-20,all,3.713932e+13
16E,1359,mht_res,ATL@20,0-700,1.563997e+15
16E,1359,mht_bol,ATL@20,0-700,-2.403420e+13
16E,1359,mht_res,ATL@20,700-2000,-5.387265e+13
16E,1359,mht_bol,ATL@20,700-2000,1.901798e+13
16E,1359,mht_res,ATL@20,2000+,-4.070656e+13
16E,1359,mht_bol,ATL@20,2000+,-4.212111e+11
16E,1359,mht_res,ATL@20,all,1.469418e+15
16E,1359,mht_bol,ATL@20,all,-5.437427e+12
16E,1359,mht_res,ATL@30,0-700,1.085256e+15
16E,1359,mht_bol,ATL@30,0-700,3.316509e+13
16E,1359,mht_res,ATL@30,700-2000,-1.398666e+14
16E,1359,mht_bol,ATL@30,700-2000,-2.110517e+13
16E,1359,mht_res,ATL@30,2000+,-8.330616e+13
16E,1359,mht_bol,ATL@30,2000+,3.494637e+12
16E,1359,mht_res,ATL@30,all,8.620834e+14
16E,1359,mht_bol,ATL@30,all,1.555455e+13
16E,1359,mht_res,ATL@45,0-700,6.196851e+14
16E,1359,mht_bol,ATL@45,0-700,6.757234e+13
16E,1359,mht_res,ATL@45,700-2000,-1.286539e+14
16E,1359,mht_bol,ATL@45,700-2000,-2.215980e+13
16E,1359,mht_res,ATL@45,2000+,-6.098894e+13
16E,1359,mht_bol,ATL@45,2000+,-1.059505e+12
16E,1359,mht_res,ATL@45,all,4.300422e+14
16E,1359,mht_bol,ATL@45,all,4.435304e+13
16E,1359,mht_res,ATL@55,0-700,6.013288e+14
16E,1359,mht_bol,ATL@55,0-700,9.092692e+12
16E,1359,mht_res,ATL@55,700-2000,-4.126767e+13
16E,1359,mht_bol,ATL@55,700-2000,-2.448811e+12
16E,1359,mht_res,ATL@55,2000+,-4.234657e+13
16E,1359,mht_bol,ATL@55,2000+,-3.341039e+12
16E,1359,mht_res,ATL@55,all,5.177146e+14
16E,1359,mht_bol,ATL@55,all,3.302842e+12
16E,1359,mht_res,ATL@66,0-700,1.782403e+14
16E,1359,mht_bol,ATL@66,0-700,2.199540e+13
16E,1359,mht_res,ATL@66,700-2000,8.719559e+12
16E,1359,mht_bol,ATL@66,700-2000,-4.282844e+12
16E,1359,mht_res,ATL@66,2000+,6.655518e+11
16E,1359,mht_bol,ATL@66,2000+,-1.437079e+10
16E,1359,mht_res,ATL@66,all,1.876254e+14
16E,1359,mht_bol,ATL@66,all,1.769819e+13
16E,1360,ohc,SO,0-700,1.573994e+24
16E,1360,ohc,SO,700-2000,1.153441e+24
16E,1360,ohc,SO,2000+,7.304315e+23
16E,1360,ohc,SO,all,3.457867e+24
16E,1360,ohc,NORD,0-700,1.167339e+22
16E,1360,ohc,NORD,700-2000,-6.337982e+21
16E,1360,ohc,NORD,2000+,-1.655043e+22
16E,1360,ohc,NORD,all,-1.121502e+22
16E,1360,ohc,SATL,0-700,7.156456e+23
16E,1360,ohc,SATL,700-2000,4.066740e+23
16E,1360,ohc,SATL,2000+,4.410947e+23
16E,1360,ohc,SATL,all,1.563414e+24
16E,1360,ohc,NATL,0-700,1.325110e+24
16E,1360,ohc,NATL,700-2000,9.125149e+23
16E,1360,ohc,NATL,2000+,7.567226e+23
16E,1360,ohc,NATL,all,2.994347e+24
16E,1360,ohc,SPNA,0-700,1.213369e+23
16E,1360,ohc,SPNA,700-2000,1.216311e+23
16E,1360,ohc,SPNA,2000+,7.864008e+22
16E,1360,ohc,SPNA,all,3.216081e+23
16E,1360,ohc,IP,0-700,5.879452e+24
16E,1360,ohc,IP,700-2000,3.097940e+24
16E,1360,ohc,IP,2000+,2.177748e+24
16E,1360,ohc,IP,all,1.115514e+25
16E,1360,ohc,OTHER,0-700,4.061157e+22
16E,1360,ohc,OTHER,700-2000,1.468411e+22
16E,1360,ohc,OTHER,2000+,1.095056e+21
16E,1360,ohc,OTHER,all,5.639074e+22
16E,1360,sfc,SO,col,-4.756154e+14
16E,1360,sfc,NORD,col,-2.583764e+14
16E,1360,sfc,SATL,col,1.920867e+14
16E,1360,sfc,NATL,col,-1.732162e+13
16E,1360,sfc,SPNA,col,-1.541252e+14
16E,1360,sfc,IP,col,8.408678e+14
16E,1360,sfc,OTHER,col,4.471644e+13
16E,1360,tend,SO,col,5.596867e+14
16E,1360,tend,NORD,col,6.286007e+13
16E,1360,tend,SATL,col,-5.744604e+13
16E,1360,tend,NATL,col,9.261552e+13
16E,1360,tend,SPNA,col,6.445977e+12
16E,1360,tend,IP,col,-4.688675e+14
16E,1360,tend,OTHER,col,-2.780487e+12
16E,1360,adv,SO,col,9.960504e+14
16E,1360,adv,NORD,col,3.379170e+14
16E,1360,adv,SATL,col,-2.721068e+14
16E,1360,adv,NATL,col,5.729409e+13
16E,1360,adv,SPNA,col,1.713495e+14
16E,1360,adv,IP,col,-1.347383e+15
16E,1360,adv,OTHER,col,-5.441049e+13
16E,1360,diff,SO,col,-4.363638e+14
16E,1360,diff,NORD,col,-2.750570e+14
16E,1360,diff,SATL,col,2.146608e+14
16E,1360,diff,NATL,col,3.532143e+13
16E,1360,diff,SPNA,col,-1.649035e+14
16E,1360,diff,IP,col,8.785155e+14
16E,1360,diff,OTHER,col,5.163000e+13
16E,1360,mht_res,ATL@-34,0-700,2.814291e+14
16E,1360,mht_bol,ATL@-34,0-700,-1.072950e+13
16E,1360,mht_res,ATL@-34,700-2000,7.977886e+13
16E,1360,mht_bol,ATL@-34,700-2000,1.183339e+13
16E,1360,mht_res,ATL@-34,2000+,-7.268142e+13
16E,1360,mht_bol,ATL@-34,2000+,-5.409619e+12
16E,1360,mht_res,ATL@-34,all,2.885265e+14
16E,1360,mht_bol,ATL@-34,all,-4.305734e+12
16E,1360,mht_res,ATL@-20,0-700,7.306572e+14
16E,1360,mht_bol,ATL@-20,0-700,5.606219e+13
16E,1360,mht_res,ATL@-20,700-2000,1.870274e+13
16E,1360,mht_bol,ATL@-20,700-2000,-1.077577e+13
16E,1360,mht_res,ATL@-20,2000+,-1.080029e+14
16E,1360,mht_bol,ATL@-20,2000+,-2.430068e+12
16E,1360,mht_res,ATL@-20,all,6.413571e+14
16E,1360,mht_bol,ATL@-20,all,4.285635e+13
16E,1360,mht_res,ATL@20,0-700,1.494859e+15
16E,1360,mht_bol,ATL@20,0-700,-2.723928e+13
16E,1360,mht_res,ATL@20,700-2000,-5.891005e+13
16E,1360,mht_bol,ATL@20,700-2000,1.861529e+13
16E,1360,mht_res,ATL@20,2000+,-4.542608e+13
16E,1360,mht_bol,ATL@20,2000+,-1.263651e+11
16E,1360,mht_res,ATL@20,all,1.390523e+15
16E,1360,mht_bol,ATL@20,all,-8.750353e+12
16E,1360,mht_res,ATL@30,0-700,1.121017e+15
16E,1360,mht_bol,ATL@30,0-700,2.142000e+13
16E,1360,mht_res,ATL@30,700-2000,-1.490432e+14
16E,1360,mht_bol,ATL@30,700-2000,-1.592128e+13
16E,1360,mht_res,ATL@30,2000+,-9.367688e+13
16E,1360,mht_bol,ATL@30,2000+,2.916123e+12
16E,1360,mht_res,ATL@30,all,8.782969e+14
16E,1360,mht_bol,ATL@30,all,8.414845e+12
16E,1360,mht_res,ATL@45,0-700,6.062346e+14
16E,1360,mht_bol,ATL@45,0-700,7.040660e+13
16E,1360,mht_res,ATL@45,700-2000,-1.400939e+14
16E,1360,mht_bol,ATL@45,700-2000,-2.072181e+13
16E,1360,mht_res,ATL@45,2000+,-5.991221e+13
16E,1360,mht_bol,ATL@45,2000+,-1.687560e+12
16E,1360,mht_res,ATL@45,all,4.062285e+14
16E,1360,mht_bol,ATL@45,all,4.799723e+13
16E,1360,mht_res,ATL@55,0-700,5.978930e+14
16E,1360,mht_bol,ATL@55,0-700,7.197612e+12
16E,1360,mht_res,ATL@55,700-2000,-3.854997e+13
16E,1360,mht_bol,ATL@55,700-2000,-2.485400e+12
16E,1360,mht_res,ATL@55,2000+,-4.087676e+13
16E,1360,mht_bol,ATL@55,2000+,-3.010526e+12
16E,1360,mht_res,ATL@55,all,5.184663e+14
16E,1360,mht_bol,ATL@55,all,1.701686e+12
16E,1360,mht_res,ATL@66,0-700,1.738772e+14
16E,1360,mht_bol,ATL@66,0-700,2.089167e+13
16E,1360,mht_res,ATL@66,700-2000,7.210474e+12
16E,1360,mht_bol,ATL@66,700-2000,-4.438523e+12
16E,1360,mht_res,ATL@66,2000+,-4.459428e+11
16E,1360,mht_bol,ATL@66,2000+,9.758772e+09
16E,1360,mht_res,ATL@66,all,1.806418e+14
16E,1360,mht_bol,ATL@66,all,1.646291e+13
16E,1361,ohc,SO,0-700,1.585178e+24
16E,1361,ohc,SO,700-2000,1.158311e+24
16E,1361,ohc,SO,2000+,7.322910e+23
16E,1361,ohc,SO,all,3.475779e+24
16E,1361,ohc,NORD,0-700,1.176242e+22
16E,1361,ohc,NORD,700-2000,-5.928114e+21
16E,1361,ohc,NORD,2000+,-1.651652e+22
16E,1361,ohc,NORD,all,-1.068222e+22
16E,1361,ohc,SATL,0-700,7.152052e+23
16E,1361,ohc,SATL,700-2000,4.082720e+23
16E,1361,ohc,SATL,2000+,4.418171e+23
16E,1361,ohc,SATL,all,1.565294e+24
16E,1361,ohc,NATL,0-700,1.324142e+24
16E,1361,ohc,NATL,700-2000,9.138897e+23
16E,1361,ohc,NATL,2000+,7.574845e+23
16E,1361,ohc,NATL,all,2.995516e+24
16E,1361,ohc,SPNA,0-700,1.240160e+23
16E,1361,ohc,SPNA,700-2000,1.217962e+23
16E,1361,ohc,SPNA,2000+,7.916552e+22
16E,1361,ohc,SPNA,all,3.249777e+23
16E,1361,ohc,IP,0-700,5.866823e+24
16E,1361,ohc,IP,700-2000,3.096068e+24
16E,1361,ohc,IP,2000+,2.175491e+24
16E,1361,ohc,IP,all,1.113838e+25
16E,1361,ohc,OTHER,0-700,4.051792e+22
16E,1361,ohc,OTHER,700-2000,1.475208e+22
16E,1361,ohc,OTHER,2000+,1.106272e+21
16E,1361,ohc,OTHER,all,5.637627e+22
16E,1361,sfc,SO,col,-5.100785e+14
16E,1361,sfc,NORD,col,-3.165262e+14
16E,1361,sfc,SATL,col,3.605445e+14
16E,1361,sfc,NATL,col,-5.040151e+13
16E,1361,sfc,SPNA,col,-8.595299e+13
16E,1361,sfc,IP,col,9.826983e+14
16E,1361,sfc,OTHER,col,3.981863e+13
16E,1361,tend,SO,col,6.020104e+14
16E,1361,tend,NORD,col,1.186641e+12
16E,1361,tend,SATL,col,7.903686e+13
16E,1361,tend,NATL,col,6.817863e+13
16E,1361,tend,SPNA,col,1.101725e+14
16E,1361,tend,IP,col,-4.529258e+14
16E,1361,tend,OTHER,col,-3.287733e+11
16E,1361,adv,SO,col,1.076249e+15
16E,1361,adv,NORD,col,3.352861e+14
16E,1361,adv,SATL,col,-3.013070e+14
16E,1361,adv,NATL,col,6.166120e+13
16E,1361,adv,SPNA,col,2.122485e+14
16E,1361,adv,IP,col,-1.474622e+15
16E,1361,adv,OTHER,col,-4.589101e+13
16E,1361,diff,SO,col,-4.742387e+14
16E,1361,diff,NORD,col,-3.340995e+14
16E,1361,diff,SATL,col,3.803439e+14
16E,1361,diff,NATL,col,6.517435e+12
16E,1361,diff,SPNA,col,-1.020760e+14
16E,1361,diff,IP,col,1.021696e+15
16E,1361,diff,OTHER,col,4.556223e+13
16E,1361,mht_res,ATL@-34,0-700,2.716033e+14
16E,1361,mht_bol,ATL@-34,0-700,-1.450308e+13
16E,1361,mht_res,ATL@-34,700-2000,6.714187e+13
16E,1361,mht_bol,ATL@-34,700-2000,1.190450e+13
16E,1361,mht_res,ATL@-34,2000+,-7.022371e+13
16E,1361,mht_bol,ATL@-34,2000+,-5.102055e+12
16E,1361,mht_res,ATL@-34,all,2.685215e+14
16E,1361,mht_bol,ATL@-34,all,-7.700638e+12
16E,1361,mht_res,ATL@-20,0-700,8.371227e+14
16E,1361,mht_bol,ATL@-20,0-700,5.303856e+13
16E,1361,mht_res,ATL@-20,700-2000,5.864708e+12
16E,1361,mht_bol,ATL@-20,700-2000,-1.127470e+13
16E,1361,mht_res,ATL@-20,2000+,-1.142366e+14
16E,1361,mht_bol,ATL@-20,2000+,-2.037885e+12
16E,1361,mht_res,ATL@-20,all,7.287508e+14
16E,1361,mht_bol,ATL@-20,all,3.972597e+13
16E,1361,mht_res,ATL@20,0-700,1.413238e+15
16E,1361,mht_bol,ATL@20,0-700,-2.781722e+13
16E,1361,mht_res,ATL@20,700-2000,-7.201872e+13
16E,1361,mht_bol,ATL@20,700-2000,1.780047e+13
16E,1361,mht_res,ATL@20,2000+,-5.422183e+13
16E,1361,mht_bol,ATL@20,2000+,6.266266e+11
16E,1361,mht_res,ATL@20,all,1.286998e+15
16E,1361,mht_bol,ATL@20,all,-9.390118e+12
16E,1361,mht_res,ATL@30,0-700,1.146103e+15
16E,1361,mht_bol,ATL@30,0-700,1.130400e+13
16E,1361,mht_res,ATL@30,700-2000,-1.622662e+14
16E,1361,mht_bol,ATL@30,700-2000,-1.152877e+13
16E,1361,mht_res,ATL@30,2000+,-9.860148e+13
16E,1361,mht_bol,ATL@30,2000+,2.533647e+12
16E,1361,mht_res,ATL@30,all,8.852357e+14
16E,1361,mht_bol,ATL@30,all,2.308874e+12
16E,1361,mht_res,ATL@45,0-700,6.458223e+14
16E,1361,mht_bol,ATL@45,0-700,7.387386e+13
16E,1361,mht_res,ATL@45,700-2000,-1.414507e+14
16E,1361,mht_bol,ATL@45,700-2000,-2.182045e+13
16E,1361,mht_res,ATL@45,2000+,-6.207701e+13
16E,1361,mht_bol,ATL@45,2000+,-2.027573e+12
16E,1361,mht_res,ATL@45,all,4.422946e+14
16E,1361,mht_bol,ATL@45,all,5.002583e+13
16E,1361,mht_res,ATL@55,0-700,5.989922e+14
16E,1361,mht_bol,ATL@55,0-700,1.062870e+13
16E,1361,mht_res,ATL@55,700-2000,-4.233464e+13
16E,1361,mht_bol,ATL@55,700-2000,-2.895114e+12
16E,1361,mht_res,ATL@55,2000+,-4.284982e+13
16E,1361,mht_bol,ATL@55,2000+,-3.309836e+12
16E,1361,mht_res,ATL@55,all,5.138078e+14
16E,1361,mht_bol,ATL@55,all,4.423746e+12
16E,1361,mht_res,ATL@66,0-700,1.517125e+14
16E,1361,mht_bol,ATL@66,0-700,1.895468e+13
16E,1361,mht_res,ATL@66,700-2000,7.416837e+12
16E,1361,mht_bol,ATL@66,700-2000,-4.124379e+12
16E,1361,mht_res,ATL@66,2000+,2.103511e+11
16E,1361,mht_bol,ATL@66,2000+,2.129748e+10
16E,1361,mht_res,ATL@66,all,1.593397e+14
16E,1361,mht_bol,ATL@66,all,1.485160e+13
16E,1362,ohc,SO,0-700,1.593322e+24
16E,1362,ohc,SO,700-2000,1.162114e+24
16E,1362,ohc,SO,2000+,7.333757e+23
16E,1362,ohc,SO,all,3.488811e+24
16E,1362,ohc,NORD,0-700,1.178003e+22
16E,1362,ohc,NORD,700-2000,-5.595028e+21
16E,1362,ohc,NORD,2000+,-1.647486e+22
16E,1362,ohc,NORD,all,-1.028986e+22
16E,1362,ohc,SATL,0-700,7.142961e+23
16E,1362,ohc,SATL,700-2000,4.094048e+23
16E,1362,ohc,SATL,2000+,4.423327e+23
16E,1362,ohc,SATL,all,1.566034e+24
16E,1362,ohc,NATL,0-700,1.322491e+24
16E,1362,ohc,NATL,700-2000,9.167485e+23
16E,1362,ohc,NATL,2000+,7.585737e+23
16E,1362,ohc,NATL,all,2.997813e+24
16E,1362,ohc,SPNA,0-700,1.243781e+23
16E,1362,ohc,SPNA,700-2000,1.221340e+23
16E,1362,ohc,SPNA,2000+,7.962344e+22
16E,1362,ohc,SPNA,all,3.261355e+23
16E,1362,ohc,IP,0-700,5.867083e+24
16E,1362,ohc,IP,700-2000,3.094907e+24
16E,1362,ohc,IP,2000+,2.173623e+24
16E,1362,ohc,IP,all,1.113561e+25
16E,1362,ohc,OTHER,0-700,4.047796e+22
16E,1362,ohc,OTHER,700-2000,1.472818e+22
16E,1362,ohc,OTHER,2000+,1.100547e+21
16E,1362,ohc,OTHER,all,5.630669e+22
16E,1362,sfc,SO,col,-5.590640e+14
16E,1362,sfc,NORD,col,-3.226715e+14
16E,1362,sfc,SATL,col,2.600039e+14
16E,1362,sfc,NATL,col,-1.147109e+14
16E,1362,sfc,SPNA,col,-1.110995e+14
16E,1362,sfc,IP,col,1.381738e+15
16E,1362,sfc,OTHER,col,3.824439e+13
16E,1362,tend,SO,col,3.637620e+14
16E,1362,tend,NORD,col,7.394269e+12
16E,1362,tend,SATL,col,6.246841e+13
16E,1362,tend,NATL,col,2.584753e+13
16E,1362,tend,SPNA,col,1.210657e+13
16E,1362,tend,IP,col,6.579935e+13
16E,1362,tend,OTHER,col,-4.416269e+12
16E,1362,adv,SO,col,8.913925e+14
16E,1362,adv,NORD,col,3.458089e+14
16E,1362,adv,SATL,col,-2.178238e+14
16E,1362,adv,NATL,col,7.654834e+13
16E,1362,adv,SPNA,col,1.373975e+14
16E,1362,adv,IP,col,-1.350160e+15
16E,1362,adv,OTHER,col,-4.641678e+13
16E,1362,diff,SO,col,-5.276305e+14
16E,1362,diff,NORD,col,-3.384147e+14
16E,1362,diff,SATL,col,2.802922e+14
16E,1362,diff,NATL,col,-5.070080e+13
16E,1362,diff,SPNA,col,-1.252910e+14
16E,1362,diff,IP,col,1.415960e+15
16E,1362,diff,OTHER,col,4.200051e+13
16E,1362,mht_res,ATL@-34,0-700,2.868687e+14
16E,1362,mht_bol,ATL@-34,0-700,-1.674613e+13
16E,1362,mht_res,ATL@-34,700-2000,5.826995e+13
16E,1362,mht_bol,ATL@-34,700-2000,1.160290e+13
16E,1362,mht_res,ATL@-34,2000+,-8.207075e+13
16E,1362,mht_bol,ATL@-34,2000+,-4.642275e+12
16E,1362,mht_res,ATL@-34,all,2.630679e+14
16E,1362,mht_bol,ATL@-34,all,-9.785512e+12
16E,1362,mht_res,ATL@-20,0-700,7.508442e+14
16E,1362,mht_bol,ATL@-20,0-700,5.776512e+13
16E,1362,mht_res,ATL@-20,700-2000,5.878119e+12
16E,1362,mht_bol,ATL@-20,700-2000,-1.205524e+13
16E,1362,mht_res,ATL@-20,2000+,-1.129084e+14
16E,1362,mht_bol,ATL@-20,2000+,-1.862417e+12
16E,1362,mht_res,ATL@-20,all,6.438139e+14
16E,1362,mht_bol,ATL@-20,all,4.384746e+13
16E,1362,mht_res,ATL@20,0-700,1.620205e+15
16E,1362,mht_bol,ATL@20,0-700,-2.429866e+13
16E,1362,mht_res,ATL@20,700-2000,-8.397811e+13
16E,1362,mht_bol,ATL@20,700-2000,1.668938e+13
16E,1362,mht_res,ATL@20,2000+,-5.839092e+13
16E,1362,mht_bol,ATL@20,2000+,9.031777e+11
16E,1362,mht_res,ATL@20,all,1.477836e+15
16E,1362,mht_bol,ATL@20,all,-6.706100e+12
16E,1362,mht_res,ATL@30,0-700,1.122991e+15
16E,1362,mht_bol,ATL@30,0-700,7.670204e+12
16E,1362,mht_res,ATL@30,700-2000,-1.893964e+14
16E,1362,mht_bol,ATL@30,700-2000,-8.328070e+12
16E,1362,mht_res,ATL@30,2000+,-1.006998e+14
16E,1362,mht_bol,ATL@30,2000+,2.432425e+12
16E,1362,mht_res,ATL@30,all,8.328944e+14
16E,1362,mht_bol,ATL@30,all,1.774559e+12
16E,1362,mht_res,ATL@45,0-700,6.024665e+14
16E,1362,mht_bol,ATL@45,0-700,7.183187e+13
16E,1362,mht_res,ATL@45,700-2000,-1.447517e+14
16E,1362,mht_bol,ATL@45,700-2000,-2.219195e+13
16E,1362,mht_res,ATL@45,2000+,-5.656655e+13
16E,1362,mht_bol,ATL@45,2000+,-2.374492e+12
16E,1362,mht_res,ATL@45,all,4.011482e+14
16E,1362,mht_bol,ATL@45,all,4.726542e+13
16E,1362,mht_res,ATL@55,0-700,5.918498e+14
16E,1362,mht_bol,ATL@55,0-700,1.034739e+13
16E,1362,mht_res,ATL@55,700-2000,-4.852852e+13
16E,1362,mht_bol,ATL@55,700-2000,-3.264205e+12
16E,1362,mht_res,ATL@55,2000+,-4.121327e+13
16E,1362,mht_bol,ATL@55,2000+,-3.224700e+12
16E,1362,mht_res,ATL@55,all,5.021080e+14
16E,1362,mht_bol,ATL@55,all,3.858483e+12
16E,1362,mht_res,ATL@66,0-700,1.568552e+14
16E,1362,mht_bol,ATL@66,0-700,1.851098e+13
16E,1362,mht_res,ATL@66,700-2000,6.827898e+12
16E,1362,mht_bol,ATL@66,700-2000,-4.189469e+12
16E,1362,mht_res,ATL@66,2000+,-8.222898e+11
16E,1362,mht_bol,ATL@66,2000+,5.955958e+09
16E,1362,mht_res,ATL@66,all,1.628608e+14
16E,1362,mht_bol,ATL@66,all,1.432747e+13
16E,1363,ohc,SO,0-700,1.598159e+24
16E,1363,ohc,SO,700-2000,1.164178e+24
16E,1363,ohc,SO,2000+,7.340029e+23
16E,1363,ohc,SO,all,3.496340e+24
16E,1363,ohc,NORD,0-700,1.223565e+22
16E,1363,ohc,NORD,700-2000,-5.256556e+21
16E,1363,ohc,NORD,2000+,-1.643699e+22
16E,1363,ohc,NORD,all,-9.457896e+21
16E,1363,ohc,SATL,0-700,7.140030e+23
16E,1363,ohc,SATL,700-2000,4.105884e+23
16E,1363,ohc,SATL,2000+,4.429769e+23
16E,1363,ohc,SATL,all,1.567568e+24
16E,1363,ohc,NATL,0-700,1.324544e+24
16E,1363,ohc,NATL,700-2000,9.196963e+23
16E,1363,ohc,NATL,2000+,7.597321e+23
16E,1363,ohc,NATL,all,3.003973e+24
16E,1363,ohc,SPNA,0-700,1.235225e+23
16E,1363,ohc,SPNA,700-2000,1.222485e+23
16E,1363,ohc,SPNA,2000+,8.009851e+22
16E,1363,ohc,SPNA,all,3.258695e+23
16E,1363,ohc,IP,0-700,5.869392e+24
16E,1363,ohc,IP,700-2000,3.095956e+24
16E,1363,ohc,IP,2000+,2.172115e+24
16E,1363,ohc,IP,all,1.113746e+25
16E,1363,ohc,OTHER,0-700,4.053564e+22
16E,1363,ohc,OTHER,700-2000,1.473079e+22
16E,1363,ohc,OTHER,2000+,1.104933e+21
16E,1363,ohc,OTHER,all,5.637137e+22
16E,1363,sfc,SO,col,-5.999792e+14
16E,1363,sfc,NORD,col,-3.261293e+14
16E,1363,sfc,SATL,col,3.040416e+14
16E,1363,sfc,NATL,col,6.453361e+13
16E,1363,sfc,SPNA,col,-1.299245e+14
16E,1363,sfc,IP,col,1.222535e+15
16E,1363,sfc,OTHER,col,4.797592e+13
16E,1363,tend,SO,col,8.301527e+12
16E,1363,tend,NORD,col,2.609884e+13
16E,1363,tend,SATL,col,9.616369e+12
16E,1363,tend,NATL,col,2.543443e+14
16E,1363,tend,SPNA,col,2.697088e+12
16E,1363,tend,IP,col,2.868337e+14
16E,1363,tend,OTHER,col,7.403953e+12
16E,1363,adv,SO,col,5.763956e+14
16E,1363,adv,NORD,col,3.667311e+14
16E,1363,adv,SATL,col,-3.132285e+14
16E,1363,adv,NATL,col,1.401307e+14
16E,1363,adv,SPNA,col,1.435966e+14
16E,1363,adv,IP,col,-9.684983e+14
16E,1363,adv,OTHER,col,-4.805423e+13
16E,1363,diff,SO,col,-5.680941e+14
16E,1363,diff,NORD,col,-3.406322e+14
16E,1363,diff,SATL,col,3.228449e+14
16E,1363,diff,NATL,col,1.142136e+14
16E,1363,diff,SPNA,col,-1.408995e+14
16E,1363,diff,IP,col,1.255332e+15
16E,1363,diff,OTHER,col,5.545818e+13
16E,1363,mht_res,ATL@-34,0-700,2.696418e+14
16E,1363,mht_bol,ATL@-34,0-700,-1.827469e+13
16E,1363,mht_res,ATL@-34,700-2000,5.223948e+13
16E,1363,mht_bol,ATL@-34,700-2000,1.135111e+13
16E,1363,mht_res,ATL@-34,2000+,-7.840699e+13
16E,1363,mht_bol,ATL@-34,2000+,-4.324805e+12
16E,1363,mht_res,ATL@-34,all,2.434743e+14
16E,1363,mht_bol,ATL@-34,all,-1.124839e+13
16E,1363,mht_res,ATL@-20,0-700,8.613583e+14
16E,1363,mht_bol,ATL@-20,0-700,6.047950e+13
16E,1363,mht_res,ATL@-20,700-2000,1.291194e+13
16E,1363,mht_bol,ATL@-20,700-2000,-1.309933e+13
16E,1363,mht_res,ATL@-20,2000+,-1.142228e+14
16E,1363,mht_bol,ATL@-20,2000+,-1.602330e+12
16E,1363,mht_res,ATL@-20,all,7.600474e+14
16E,1363,mht_bol,ATL@-20,all,4.577785e+13
16E,1363,mht_res,ATL@20,0-700,1.411155e+15
16E,1363,mht_bol,ATL@20,0-700,-2.477343e+13
16E,1363,mht_res,ATL@20,700-2000,-9.436962e+13
16E,1363,mht_bol,ATL@20,700-2000,1.698182e+13
16E,1363,mht_res,ATL@20,2000+,-4.526266e+13
16E,1363,mht_bol,ATL@20,2000+,1.112133e+12
16E,1363,mht_res,ATL@20,all,1.271523e+15
16E,1363,mht_bol,ATL@20,all,-6.679479e+12
16E,1363,mht_res,ATL@30,0-700,9.766546e+14
16E,1363,mht_bol,ATL@30,0-700,1.326725e+13
16E,1363,mht_res,ATL@30,700-2000,-1.900915e+14
16E,1363,mht_bol,ATL@30,700-2000,-8.931507e+12
16E,1363,mht_res,ATL@30,2000+,-9.025914e+13
16E,1363,mht_bol,ATL@30,2000+,2.476044e+12
16E,1363,mht_res,ATL@30,all,6.963040e+14
16E,1363,mht_bol,ATL@30,all,6.811788e+12
16E,1363,mht_res,ATL@45,0-700,6.422594e+14
16E,1363,mht_bol,ATL@45,0-700,7.382656e+13
16E,1363,mht_res,ATL@45,700-2000,-1.476540e+14
16E,1363,mht_bol,ATL@45,700-2000,-2.142136e+13
16E,1363,mht_res,ATL@45,2000+,-6.198549e+13
16E,1363,mht_bol,ATL@45,2000+,-3.242262e+12
16E,1363,mht_res,ATL@45,all,4.326199e+14
16E,1363,mht_bol,ATL@45,all,4.916294e+13
16E,1363,mht_res,ATL@55,0-700,5.670097e+14
16E,1363,mht_bol,ATL@55,0-700,1.133437e+13
16E,1363,mht_res,ATL@55,700-2000,-3.872238e+13
16E,1363,mht_bol,ATL@55,700-2000,-4.640228e+12
16E,1363,mht_res,ATL@55,2000+,-3.266895e+13
16E,1363,mht_bol,ATL@55,2000+,-3.428919e+12
16E,1363,mht_res,ATL@55,all,4.956184e+14
16E,1363,mht_bol,ATL@55,all,3.265223e+12
16E,1363,mht_res,ATL@66,0-700,1.615199e+14
16E,1363,mht_bol,ATL@66,0-700,2.076062e+13
16E,1363,mht_res,ATL@66,700-2000,7.099543e+12
16E,1363,mht_bol,ATL@66,700-2000,-4.253723e+12
16E,1363,mht_res,ATL@66,2000+,3.868984e+11
16E,1363,mht_bol,ATL@66,2000+,1.639487e+10
16E,1363,mht_res,ATL@66,all,1.690063e+14
16E,1363,mht_bol,ATL@66,all,1.652329e+13
16E,1364,ohc,SO,0-700,1.599264e+24
16E,1364,ohc,SO,700-2000,1.164285e+24
16E,1364,ohc,SO,2000+,7.336563e+23
16E,1364,ohc,SO,all,3.497206e+24
16E,1364,ohc,NORD,0-700,1.266495e+22
16E,1364,ohc,NORD,700-2000,-4.913963e+21
16E,1364,ohc,NORD,2000+,-1.640191e+22
16E,1364,ohc,NORD,all,-8.650927e+21
16E,1364,ohc,SATL,0-700,7.131227e+23
16E,1364,ohc,SATL,700-2000,4.116235e+23
16E,1364,ohc,SATL,2000+,4.435191e+23
16E,1364,ohc,SATL,all,1.568265e+24
16E,1364,ohc,NATL,0-700,1.328311e+24
16E,1364,ohc,NATL,700-2000,9.215486e+23
16E,1364,ohc,NATL,2000+,7.606285e+23
16E,1364,ohc,NATL,all,3.010489e+24
16E,1364,ohc,SPNA,0-700,1.229688e+23
16E,1364,ohc,SPNA,700-2000,1.222664e+23
16E,1364,ohc,SPNA,2000+,8.069188e+22
16E,1364,ohc,SPNA,all,3.259270e+23
16E,1364,ohc,IP,0-700,5.872871e+24
16E,1364,ohc,IP,700-2000,3.099157e+24
16E,1364,ohc,IP,2000+,2.171186e+24
16E,1364,ohc,IP,all,1.114321e+25
16E,1364,ohc,OTHER,0-700,4.065200e+22
16E,1364,ohc,OTHER,700-2000,1.479731e+22
16E,1364,ohc,OTHER,2000+,1.113266e+21
16E,1364,ohc,OTHER,all,5.656258e+22
16E,1364,sfc,SO,col,-6.035331e+14
16E,1364,sfc,NORD,col,-3.325336e+14
16E,1364,sfc,SATL,col,3.949460e+14
16E,1364,sfc,NATL,col,3.424999e+13
16E,1364,sfc,SPNA,col,-1.629788e+14
16E,1364,sfc,IP,col,1.150982e+15
16E,1364,sfc,OTHER,col,5.058993e+13
16E,1364,tend,SO,col,2.943184e+14
16E,1364,tend,NORD,col,3.735896e+13
16E,1364,tend,SATL,col,-7.376095e+12
16E,1364,tend,NATL,col,2.779030e+14
16E,1364,tend,SPNA,col,-2.166923e+13
16E,1364,tend,IP,col,-8.810574e+13
16E,1364,tend,OTHER,col,-5.499014e+12
16E,1364,adv,SO,col,8.638433e+14
16E,1364,adv,NORD,col,3.879783e+14
16E,1364,adv,SATL,col,-4.236472e+14
16E,1364,adv,NATL,col,1.801807e+14
16E,1364,adv,SPNA,col,1.571546e+14
16E,1364,adv,IP,col,-1.277040e+15
16E,1364,adv,OTHER,col,-6.605884e+13
16E,1364,diff,SO,col,-5.695249e+14
16E,1364,diff,NORD,col,-3.506193e+14
16E,1364,diff,SATL,col,4.162711e+14
16E,1364,diff,NATL,col,9.772226e+13
16E,1364,diff,SPNA,col,-1.788239e+14
16E,1364,diff,IP,col,1.188934e+15
16E,1364,diff,OTHER,col,6.055982e+13
16E,1364,mht_res,ATL@-34,0-700,2.693525e+14
16E,1364,mht_bol,ATL@-34,0-700,-2.061887e+13
16E,1364,mht_res,ATL@-34,700-2000,4.628398e+13
16E,1364,mht_bol,ATL@-34,700-2000,1.202631e+13
16E,1364,mht_res,ATL@-34,2000+,-7.746904e+13
16E,1364,mht_bol,ATL@-34,2000+,-4.365198e+12
16E,1364,mht_res,ATL@-34,all,2.381674e+14
16E,1364,mht_bol,ATL@-34,all,-1.295775e+13
16E,1364,mht_res,ATL@-20,0-700,8.751171e+14
16E,1364,mht_bol,ATL@-20,0-700,5.748201e+13
16E,1364,mht_res,ATL@-20,700-2000,-6.156230e+12
16E,1364,mht_bol,ATL@-20,700-2000,-1.301303e+13
16E,1364,mht_res,ATL@-20,2000+,-1.105548e+14
16E,1364,mht_bol,ATL@-20,2000+,-1.203251e+12
16E,1364,mht_res,ATL@-20,all,7.584060e+14
16E,1364,mht_bol,ATL@-20,all,4.326573e+13
16E,1364,mht_res,ATL@20,0-700,1.627391e+15
16E,1364,mht_bol,ATL@20,0-700,-2.608758e+13
16E,1364,mht_res,ATL@20,700-2000,-1.018361e+14
16E,1364,mht_bol,ATL@20,700-2000,1.761225e+13
16E,1364,mht_res,ATL@20,2000+,-3.777667e+13
16E,1364,mht_bol,ATL@20,2000+,1.082859e+12
16E,1364,mht_res,ATL@20,all,1.487779e+15
16E,1364,mht_bol,ATL@20,all,-7.392472e+12
16E,1364,mht_res,ATL@30,0-700,8.813008e+14
16E,1364,mht_bol,ATL@30,0-700,2.112785e+13
16E,1364,mht_res,ATL@30,700-2000,-1.842984e+14
16E,1364,mht_bol,ATL@30,700-2000,-1.214708e+13
16E,1364,mht_res,ATL@30,2000+,-8.366427e+13
16E,1364,mht_bol,ATL@30,2000+,2.106362e+12
16E,1364,mht_res,ATL@30,all,6.133381e+14
16E,1364,mht_bol,ATL@30,all,1.108713e+13
16E,1364,mht_res,ATL@45,0-700,6.709417e+14
16E,1364,mht_bol,ATL@45,0-700,7.467495e+13
16E,1364,mht_res,ATL@45,700-2000,-1.347800e+14
16E,1364,mht_bol,ATL@45,700-2000,-2.105925e+13
16E,1364,mht_res,ATL@45,2000+,-6.532488e+13
16E,1364,mht_bol,ATL@45,2000+,-3.700385e+12
16E,1364,mht_res,ATL@45,all,4.708369e+14
16E,1364,mht_bol,ATL@45,all,4.991532e+13
16E,1364,mht_res,ATL@55,0-700,5.809948e+14
16E,1364,mht_bol,ATL@55,0-700,1.493306e+13
16E,1364,mht_res,ATL@55,700-2000,-5.169607e+13
16E,1364,mht_bol,ATL@55,700-2000,-7.830026e+12
16E,1364,mht_res,ATL@55,2000+,-4.731775e+13
16E,1364,mht_bol,ATL@55,2000+,-4.463777e+12
16E,1364,mht_res,ATL@55,all,4.819810e+14
16E,1364,mht_bol,ATL@55,all,2.639257e+12
16E,1364,mht_res,ATL@66,0-700,1.777224e+14
16E,1364,mht_bol,ATL@66,0-700,2.063831e+13
16E,1364,mht_res,ATL@66,700-2000,6.360906e+12
16E,1364,mht_bol,ATL@66,700-2000,-4.903158e+12
16E,1364,mht_res,ATL@66,2000+,2.289178e+11
16E,1364,mht_bol,ATL@66,2000+,-3.423655e+09
16E,1364,mht_res,ATL@66,all,1.843122e+14
16E,1364,mht_bol,ATL@66,all,1.573173e+13
16E,1365,ohc,SO,0-700,1.601784e+24
16E,1365,ohc,SO,700-2000,1.166854e+24
16E,1365,ohc,SO,2000+,7.345877e+23
16E,1365,ohc,SO,all,3.503226e+24
16E,1365,ohc,NORD,0-700,1.329805e+22
16E,1365,ohc,NORD,700-2000,-4.520691e+21
16E,1365,ohc,NORD,2000+,-1.636285e+22
16E,1365,ohc,NORD,all,-7.585498e+21
16E,1365,ohc,SATL,0-700,7.111214e+23
16E,1365,ohc,SATL,700-2000,4.121782e+23
16E,1365,ohc,SATL,2000+,4.440918e+23
16E,1365,ohc,SATL,all,1.567391e+24
16E,1365,ohc,NATL,0-700,1.333194e+24
16E,1365,ohc,NATL,700-2000,9.235336e+23
16E,1365,ohc,NATL,2000+,7.613546e+23
16E,1365,ohc,NATL,all,3.018082e+24
16E,1365,ohc,SPNA,0-700,1.225856e+23
16E,1365,ohc,SPNA,700-2000,1.221681e+23
16E,1365,ohc,SPNA,2000+,8.116071e+22
16E,1365,ohc,SPNA,all,3.259145e+23
16E,1365,ohc,IP,0-700,5.869694e+24
16E,1365,ohc,IP,700-2000,3.100071e+24
16E,1365,ohc,IP,2000+,2.169729e+24
16E,1365,ohc,IP,all,1.113949e+25
16E,1365,ohc,OTHER,0-700,4.052817e+22
16E,1365,ohc,OTHER,700-2000,1.476662e+22
16E,1365,ohc,OTHER,2000+,1.108036e+21
16E,1365,ohc,OTHER,all,5.640283e+22
16E,1365,sfc,SO,col,-6.629506e+14
16E,1365,sfc,NORD,col,-3.258694e+14
16E,1365,sfc,SATL,col,2.232967e+14
16E,1365,sfc,NATL,col,5.200065e+13
16E,1365,sfc,SPNA,col,-1.095000e+14
16E,1365,sfc,IP,col,1.029587e+15
16E,1365,sfc,OTHER,col,5.234608e+13
16E,1365,tend,SO,col,5.470604e+13
16E,1365,tend,NORD,col,3.973380e+13
16E,1365,tend,SATL,col,-1.383806e+12
16E,1365,tend,NATL,col,1.129041e+14
16E,1365,tend,SPNA,col,2.169498e+13
16E,1365,tend,IP,col,5.335726e+13
16E,1365,tend,OTHER,col,-2.536473e+12
16E,1365,adv,SO,col,6.908359e+14
16E,1365,adv,NORD,col,3.823729e+14
16E,1365,adv,SATL,col,-2.499475e+14
16E,1365,adv,NATL,col,-2.224553e+12
16E,1365,adv,SPNA,col,1.428421e+14
16E,1365,adv,IP,col,-1.013447e+15
16E,1365,adv,OTHER,col,-6.490447e+13
16E,1365,diff,SO,col,-6.361298e+14
16E,1365,diff,NORD,col,-3.426391e+14
16E,1365,diff,SATL,col,2.485637e+14
16E,1365,diff,NATL,col,1.151287e+14
16E,1365,diff,SPNA,col,-1.211471e+14
16E,1365,diff,IP,col,1.066804e+15
16E,1365,diff,OTHER,col,6.236800e+13
16E,1365,mht_res,ATL@-34,0-700,2.527247e+14
16E,1365,mht_bol,ATL@-34,0-700,-2.298959e+13
16E,1365,mht_res,ATL@-34,700-2000,5.159375e+13
16E,1365,mht_bol,ATL@-34,700-2000,1.246584e+13
16E,1365,mht_res,ATL@-34,2000+,-7.249490e+13
16E,1365,mht_bol,ATL@-34,2000+,-4.266674e+12
16E,1365,mht_res,ATL@-34,all,2.318235e+14
16E,1365,mht_bol,ATL@-34,all,-1.479042e+13
16E,1365,mht_res,ATL@-20,0-700,7.723529e+14
16E,1365,mht_bol,ATL@-20,0-700,5.250197e+13
16E,1365,mht_res,ATL@-20,700-2000,-1.587815e+13
16E,1365,mht_bol,ATL@-20,700-2000,-1.276371e+13
16E,1365,mht_res,ATL@-20,2000+,-9.564339e+13
16E,1365,mht_bol,ATL@-20,2000+,-7.094887e+11
16E,1365,mht_res,ATL@-20,all,6.608314e+14
16E,1365,mht_bol,ATL@-20,all,3.902877e+13
16E,1365,mht_res,ATL@20,0-700,1.645515e+15
16E,1365,mht_bol,ATL@20,0-700,-2.482908e+13
16E,1365,mht_res,ATL@20,700-2000,-1.337659e+14
16E,1365,mht_bol,ATL@20,700-2000,1.652996e+13
16E,1365,mht_res,ATL@20,2000+,-3.276199e+13
16E,1365,mht_bol,ATL@20,2000+,1.032047e+12
16E,1365,mht_res,ATL@20,all,1.478987e+15
16E,1365,mht_bol,ATL@20,all,-7.267077e+12
16E,1365,mht_res,ATL@30,0-700,9.409935e+14
16E,1365,mht_bol,ATL@30,0-700,1.885630e+13
16E,1365,mht_res,ATL@30,700-2000,-1.728852e+14
16E,1365,mht_bol,ATL@30,700-2000,-1.329354e+13
16E,1365,mht_res,ATL@30,2000+,-8.750350e+13
16E,1365,mht_bol,ATL@30,2000+,2.254432e+12
16E,1365,mht_res,ATL@30,all,6.806048e+14
16E,1365,mht_bol,ATL@30,all,7.817185e+12
16E,1365,mht_res,ATL@45,0-700,6.994800e+14
16E,1365,mht_bol,ATL@45,0-700,7.022829e+13
16E,1365,mht_res,ATL@45,700-2000,-1.292749e+14
16E,1365,mht_bol,ATL@45,700-2000,-2.185066e+13
16E,1365,mht_res,ATL@45,2000+,-6.777104e+13
16E,1365,mht_bol,ATL@45,2000+,-3.853144e+12
16E,1365,mht_res,ATL@45,all,5.024340e+14
16E,1365,mht_bol,ATL@45,all,4.452449e+13
16E,1365,mht_res,ATL@55,0-700,6.343618e+14
16E,1365,mht_bol,ATL@55,0-700,1.376444e+13
16E,1365,mht_res,ATL@55,700-2000,-5.429715e+13
16E,1365,mht_bol,ATL@55,700-2000,-7.306064e+12
16E,1365,mht_res,ATL@55,2000+,-5.861086e+13
16E,1365,mht_bol,ATL@55,2000+,-4.333811e+12
16E,1365,mht_res,ATL@55,all,5.214538e+14
16E,1365,mht_bol,ATL@55,all,2.124561e+12
16E,1365,mht_res,ATL@66,0-700,1.814120e+14
16E,1365,mht_bol,ATL@66,0-700,1.885343e+13
16E,1365,mht_res,ATL@66,700-2000,7.271324e+12
16E,1365,mht_bol,ATL@66,700-2000,-4.705349e+12
16E,1365,mht_res,ATL@66,2000+,-1.871580e+11
16E,1365,mht_bol,ATL@66,2000+,1.721230e+10
16E,1365,mht_res,ATL@66,all,1.884961e+14
16E,1365,mht_bol,ATL@66,all,1.416530e+13
16E,1366,ohc,SO,0-700,1.605864e+24
16E,1366,ohc,SO,700-2000,1.168577e+24
16E,1366,ohc,SO,2000+,7.351002e+23
16E,1366,ohc,SO,all,3.509542e+24
16E,1366,ohc,NORD,0-700,1.397143e+22
16E,1366,ohc,NORD,700-2000,-4.164372e+21
16E,1366,ohc,NORD,2000+,-1.633320e+22
16E,1366,ohc,NORD,all,-6.526141e+21
16E,1366,ohc,SATL,0-700,7.112283e+23
16E,1366,ohc,SATL,700-2000,4.135001e+23
16E,1366,ohc,SATL,2000+,4.449146e+23
16E,1366,ohc,SATL,all,1.569643e+24
16E,1366,ohc,NATL,0-700,1.335101e+24
16E,1366,ohc,NATL,700-2000,9.245990e+23
16E,1366,ohc,NATL,2000+,7.620651e+23
16E,1366,ohc,NATL,all,3.021765e+24
16E,1366,ohc,SPNA,0-700,1.231079e+23
16E,1366,ohc,SPNA,700-2000,1.222784e+23
16E,1366,ohc,SPNA,2000+,8.149894e+22
16E,1366,ohc,SPNA,all,3.268852e+23
16E,1366,ohc,IP,0-700,5.869681e+24
16E,1366,ohc,IP,700-2000,3.100842e+24
16E,1366,ohc,IP,2000+,2.168238e+24
16E,1366,ohc,IP,all,1.113876e+25
16E,1366,ohc,OTHER,0-700,4.053179e+22
16E,1366,ohc,OTHER,700-2000,1.477190e+22
16E,1366,ohc,OTHER,2000+,1.110229e+21
16E,1366,ohc,OTHER,all,5.641391e+22
16E,1366,sfc,SO,col,-5.284848e+14
16E,1366,sfc,NORD,col,-3.483582e+14
16E,1366,sfc,SATL,col,3.131238e+14
16E,1366,sfc,NATL,col,7.519107e+13
16E,1366,sfc,SPNA,col,-1.229453e+14
16E,1366,sfc,IP,col,1.077362e+15
16E,1366,sfc,OTHER,col,4.634739e+13
16E,1366,tend,SO,col,4.980888e+14
16E,1366,tend,NORD,col,3.725735e+13
16E,1366,tend,SATL,col,1.595067e+14
16E,1366,tend,NATL,col,1.037940e+14
16E,1366,tend,SPNA,col,2.002881e+12
16E,1366,tend,IP,col,-3.193151e+14
16E,1366,tend,OTHER,col,2.540805e+12
16E,1366,adv,SO,col,9.927673e+14
16E,1366,adv,NORD,col,4.005819e+14
16E,1366,adv,SATL,col,-1.782930e+14
16E,1366,adv,NATL,col,-3.827245e+13
16E,1366,adv,SPNA,col,1.367438e+14
16E,1366,adv,IP,col,-1.436867e+15
16E,1366,adv,OTHER,col,-5.518327e+13
16E,1366,diff,SO,col,-4.946786e+14
16E,1366,diff,NORD,col,-3.633245e+14
16E,1366,diff,SATL,col,3.377997e+14
16E,1366,diff,NATL,col,1.420665e+14
16E,1366,diff,SPNA,col,-1.347410e+14
16E,1366,diff,IP,col,1.117552e+15
16E,1366,diff,OTHER,col,5.772408e+13
16E,1366,mht_res,ATL@-34,0-700,2.606755e+14
16E,1366,mht_bol,ATL@-34,0-700,-2.250268e+13
16E,1366,mht_res,ATL@-34,700-2000,4.048619e+13
16E,1366,mht_bol,ATL@-34,700-2000,1.228150e+13
16E,1366,mht_res,ATL@-34,2000+,-7.731979e+13
16E,1366,mht_bol,ATL@-34,2000+,-4.068641e+12
16E,1366,mht_res,ATL@-34,all,2.238419e+14
16E,1366,mht_bol,ATL@-34,all,-1.428983e+13
16E,1366,mht_res,ATL@-20,0-700,7.217490e+14
16E,1366,mht_bol,ATL@-20,0-700,4.987030e+13
16E,1366,mht_res,ATL@-20,700-2000,-9.818929e+12
16E,1366,mht_bol,ATL@-20,700-2000,-1.244178e+13
16E,1366,mht_res,ATL@-20,2000+,-7.943508e+13
16E,1366,mht_bol,ATL@-20,2000+,-6.469361e+11
16E,1366,mht_res,ATL@-20,all,6.324950e+14
16E,1366,mht_bol,ATL@-20,all,3.678159e+13
16E,1366,mht_res,ATL@20,0-700,1.574452e+15
16E,1366,mht_bol,ATL@20,0-700,-2.513202e+13
16E,1366,mht_res,ATL@20,700-2000,-1.126128e+14
16E,1366,mht_bol,ATL@20,700-2000,1.692911e+13
16E,1366,mht_res,ATL@20,2000+,-2.764802e+13
16E,1366,mht_bol,ATL@20,2000+,1.090940e+12
16E,1366,mht_res,ATL@20,all,1.434192e+15
16E,1366,mht_bol,ATL@20,all,-7.111964e+12
16E,1366,mht_res,ATL@30,0-700,1.024484e+15
16E,1366,mht_bol,ATL@30,0-700,2.105333e+13
16E,1366,mht_res,ATL@30,700-2000,-1.743437e+14
16E,1366,mht_bol,ATL@30,700-2000,-1.388612e+13
16E,1366,mht_res,ATL@30,2000+,-1.009455e+14
16E,1366,mht_bol,ATL@30,2000+,2.555233e+12
16E,1366,mht_res,ATL@30,all,7.491947e+14
16E,1366,mht_bol,ATL@30,all,9.722452e+12
16E,1366,mht_res,ATL@45,0-700,6.820102e+14
16E,1366,mht_bol,ATL@45,0-700,7.205750e+13
16E,1366,mht_res,ATL@45,700-2000,-1.313845e+14
16E,1366,mht_bol,ATL@45,700-2000,-2.202049e+13
16E,1366,mht_res,ATL@45,2000+,-7.393946e+13
16E,1366,mht_bol,ATL@45,2000+,-5.190067e+12
16E,1366,mht_res,ATL@45,all,4.766863e+14
16E,1366,mht_bol,ATL@45,all,4.484694e+13
16E,1366,mht_res,ATL@55,0-700,6.497913e+14
16E,1366,mht_bol,ATL@55,0-700,1.367311e+13
16E,1366,mht_res,ATL@55,700-2000,-3.923929e+13
16E,1366,mht_bol,ATL@55,700-2000,-5.095122e+12
16E,1366,mht_res,ATL@55,2000+,-5.252064e+13
16E,1366,mht_bol,ATL@55,2000+,-3.956727e+12
16E,1366,mht_res,ATL@55,all,5.580314e+14
16E,1366,mht_bol,ATL@55,all,4.621256e+12
16E,1366,mht_res,ATL@66,0-700,1.876082e+14
16E,1366,mht_bol,ATL@66,0-700,1.872734e+13
16E,1366,mht_res,ATL@66,700-2000,7.701400e+12
16E,1366,mht_bol,ATL@66,700-2000,-4.179609e+12
16E,1366,mht_res,ATL@66,2000+,-7.165397e+10
16E,1366,mht_bol,ATL@66,2000+,4.367076e+10
16E,1366,mht_res,ATL@66,all,1.952379e+14
16E,1366,mht_bol,ATL@66,all,1.459140e+13
16E,1367,ohc,SO,0-700,1.609709e+24
16E,1367,ohc,SO,700-2000,1.170635e+24
16E,1367,ohc,SO,2000+,7.355693e+23
16E,1367,ohc,SO,all,3.515913e+24
16E,1367,ohc,NORD,0-700,1.513743e+22
16E,1367,ohc,NORD,700-2000,-3.862456e+21
16E,1367,ohc,NORD,2000+,-1.630124e+22
16E,1367,ohc,NORD,all,-5.026271e+21
16E,1367,ohc,SATL,0-700,7.138623e+23
16E,1367,ohc,SATL,700-2000,4.156027e+23
16E,1367,ohc,SATL,2000+,4.457126e+23
16E,1367,ohc,SATL,all,1.575178e+24
16E,1367,ohc,NATL,0-700,1.335999e+24
16E,1367,ohc,NATL,700-2000,9.251254e+23
16E,1367,ohc,NATL,2000+,7.625988e+23
16E,1367,ohc,NATL,all,3.023723e+24
16E,1367,ohc,SPNA,0-700,1.229421e+23
16E,1367,ohc,SPNA,700-2000,1.225083e+23
16E,1367,ohc,SPNA,2000+,8.204081e+22
16E,1367,ohc,SPNA,all,3.274912e+23
16E,1367,ohc,IP,0-700,5.868219e+24
16E,1367,ohc,IP,700-2000,3.101992e+24
16E,1367,ohc,IP,2000+,2.166716e+24
16E,1367,ohc,IP,all,1.113693e+25
16E,1367,ohc,OTHER,0-700,4.059047e+22
16E,1367,ohc,OTHER,700-2000,1.480081e+22
16E,1367,ohc,OTHER,2000+,1.112507e+21
16E,1367,ohc,OTHER,all,5.650379e+22
16E,1367,sfc,SO,col,-5.335806e+14
16E,1367,sfc,NORD,col,-3.442812e+14
16E,1367,sfc,SATL,col,3.648538e+14
16E,1367,sfc,NATL,col,3.286870e+12
16E,1367,sfc,SPNA,col,-1.116767e+14
16E,1367,sfc,IP,col,1.102236e+15
16E,1367,sfc,OTHER,col,5.151785e+13
16E,1367,tend,SO,col,-8.042073e+12
16E,1367,tend,NORD,col,3.411806e+13
16E,1367,tend,SATL,col,8.222123e+13
16E,1367,tend,NATL,col,1.743461e+14
16E,1367,tend,SPNA,col,2.285156e+13
16E,1367,tend,IP,col,2.471811e+14
16E,1367,tend,OTHER,col,7.033627e+12
16E,1367,adv,SO,col,4.938150e+14
16E,1367,adv,NORD,col,3.963050e+14
16E,1367,adv,SATL,col,-3.030633e+14
16E,1367,adv,NATL,col,1.064925e+14
16E,1367,adv,SPNA,col,1.385703e+14
16E,1367,adv,IP,col,-8.892779e+14
16E,1367,adv,OTHER,col,-5.329415e+13
16E,1367,diff,SO,col,-5.018571e+14
16E,1367,diff,NORD,col,-3.621869e+14
16E,1367,diff,SATL,col,3.852846e+14
16E,1367,diff,NATL,col,6.785358e+13
16E,1367,diff,SPNA,col,-1.157187e+14
16E,1367,diff,IP,col,1.136459e+15
16E,1367,diff,OTHER,col,6.032778e+13
16E,1367,mht_res,ATL@-34,0-700,2.271206e+14
16E,1367,mht_bol,ATL@-34,0-700,-2.351456e+13
16E,1367,mht_res,ATL@-34,700-2000,2.490164e+13
16E,1367,mht_bol,ATL@-34,700-2000,1.215531e+13
16E,1367,mht_res,ATL@-34,2000+,-7.875001e+13
16E,1367,mht_bol,ATL@-34,2000+,-3.383938e+12
16E,1367,mht_res,ATL@-34,all,1.732723e+14
16E,1367,mht_bol,ATL@-34,all,-1.474318e+13
16E,1367,mht_res,ATL@-20,0-700,8.222782e+14
16E,1367,mht_bol,ATL@-20,0-700,5.392024e+13
16E,1367,mht_res,ATL@-20,700-2000,6.402774e+11
16E,1367,mht_bol,ATL@-20,700-2000,-1.215097e+13
16E,1367,mht_res,ATL@-20,2000+,-7.981542e+13
16E,1367,mht_bol,ATL@-20,2000+,-1.263433e+12
16E,1367,mht_res,ATL@-20,all,7.431031e+14
16E,1367,mht_bol,ATL@-20,all,4.050583e+13
16E,1367,mht_res,ATL@20,0-700,1.897559e+15
16E,1367,mht_bol,ATL@20,0-700,-2.267566e+13
16E,1367,mht_res,ATL@20,700-2000,-9.989802e+13
16E,1367,mht_bol,ATL@20,700-2000,1.810429e+13
16E,1367,mht_res,ATL@20,2000+,-3.002970e+13
16E,1367,mht_bol,ATL@20,2000+,3.092328e+11
16E,1367,mht_res,ATL@20,all,1.767631e+15
16E,1367,mht_bol,ATL@20,all,-4.262137e+12
16E,1367,mht_res,ATL@30,0-700,9.681722e+14
16E,1367,mht_bol,ATL@30,0-700,2.398861e+13
16E,1367,mht_res,ATL@30,700-2000,-1.716586e+14
16E,1367,mht_bol,ATL@30,700-2000,-1.332412e+13
16E,1367,mht_res,ATL@30,2000+,-9.528675e+13
16E,1367,mht_bol,ATL@30,2000+,2.617903e+12
16E,1367,mht_res,ATL@30,all,7.012268e+14
16E,1367,mht_bol,ATL@30,all,1.328239e+13
16E,1367,mht_res,ATL@45,0-700,7.125954e+14
16E,1367,mht_bol,ATL@45,0-700,7.079272e+13
16E,1367,mht_res,ATL@45,700-2000,-1.230353e+14
16E,1367,mht_bol,ATL@45,700-2000,-2.122370e+13
16E,1367,mht_res,ATL@45,2000+,-8.035492e+13
16E,1367,mht_bol,ATL@45,2000+,-5.946686e+12
16E,1367,mht_res,ATL@45,all,5.092052e+14
16E,1367,mht_bol,ATL@45,all,4.362234e+13
16E,1367,mht_res,ATL@55,0-700,6.245685e+14
16E,1367,mht_bol,ATL@55,0-700,1.129504e+13
16E,1367,mht_res,ATL@55,700-2000,-3.458684e+13
16E,1367,mht_bol,ATL@55,700-2000,-4.470705e+12
16E,1367,mht_res,ATL@55,2000+,-5.189244e+13
16E,1367,mht_bol,ATL@55,2000+,-3.748334e+12
16E,1367,mht_res,ATL@55,all,5.380893e+14
16E,1367,mht_bol,ATL@55,all,3.076004e+12
16E,1367,mht_res,ATL@66,0-700,1.849371e+14
16E,1367,mht_bol,ATL@66,0-700,2.092259e+13
16E,1367,mht_res,ATL@66,700-2000,6.204060e+12
16E,1367,mht_bol,ATL@66,700-2000,-4.667323e+12
16E,1367,mht_res,ATL@66,2000+,-5.783732e+11
16E,1367,mht_bol,ATL@66,2000+,1.378442e+10
16E,1367,mht_res,ATL@66,all,1.905628e+14
16E,1367,mht_bol,ATL@66,all,1.626905e+13
16E,1368,ohc,SO,0-700,1.613288e+24
16E,1368,ohc,SO,700-2000,1.170089e+24
16E,1368,ohc,SO,2000+,7.351042e+23
16E,1368,ohc,SO,all,3.518481e+24
16E,1368,ohc,NORD,0-700,1.544101e+22
16E,1368,ohc,NORD,700-2000,-3.543694e+21
16E,1368,ohc,NORD,2000+,-1.627464e+22
16E,1368,ohc,NORD,all,-4.377329e+21
16E,1368,ohc,SATL,0-700,7.154478e+23
16E,1368,ohc,SATL,700-2000,4.165747e+23
16E,1368,ohc,SATL,2000+,4.462102e+23
16E,1368,ohc,SATL,all,1.578233e+24
16E,1368,ohc,NATL,0-700,1.340164e+24
16E,1368,ohc,NATL,700-2000,9.268933e+23
16E,1368,ohc,NATL,2000+,7.632899e+23
16E,1368,ohc,NATL,all,3.030347e+24
16E,1368,ohc,SPNA,0-700,1.216992e+23
16E,1368,ohc,SPNA,700-2000,1.224114e+23
16E,1368,ohc,SPNA,2000+,8.255780e+22
16E,1368,ohc,SPNA,all,3.266684e+23
16E,1368,ohc,IP,0-700,5.869037e+24
16E,1368,ohc,IP,700-2000,3.105053e+24
16E,1368,ohc,IP,2000+,2.165886e+24
16E,1368,ohc,IP,all,1.113998e+25
16E,1368,ohc,OTHER,0-700,4.066196e+22
16E,1368,ohc,OTHER,700-2000,1.483968e+22
16E,1368,ohc,OTHER,2000+,1.116261e+21
16E,1368,ohc,OTHER,all,5.661790e+22
16E,1368,sfc,SO,col,-6.226593e+14
16E,1368,sfc,NORD,col,-3.646344e+14
16E,1368,sfc,SATL,col,3.799439e+14
16E,1368,sfc,NATL,col,9.387546e+13
16E,1368,sfc,SPNA,col,-1.371062e+14
16E,1368,sfc,IP,col,1.152250e+15
16E,1368,sfc,OTHER,col,4.769550e+13
16E,1368,tend,SO,col,3.522278e+14
16E,1368,tend,NORD,col,3.905783e+12
16E,1368,tend,SATL,col,1.321510e+14
16E,1368,tend,NATL,col,1.556109e+14
16E,1368,tend,SPNA,col,-1.403684e+13
16E,1368,tend,IP,col,-1.076954e+14
16E,1368,tend,OTHER,col,-2.725372e+12
16E,1368,adv,SO,col,9.548083e+14
16E,1368,adv,NORD,col,3.855388e+14
16E,1368,adv,SATL,col,-2.685387e+14
16E,1368,adv,NATL,col,2.340592e+12
16E,1368,adv,SPNA,col,1.243308e+14
16E,1368,adv,IP,col,-1.305174e+15
16E,1368,adv,OTHER,col,-6.036684e+13
16E,1368,diff,SO,col,-6.025805e+14
16E,1368,diff,NORD,col,-3.816331e+14
16E,1368,diff,SATL,col,4.006897e+14
16E,1368,diff,NATL,col,1.532703e+14
16E,1368,diff,SPNA,col,-1.383676e+14
16E,1368,diff,IP,col,1.197478e+15
16E,1368,diff,OTHER,col,5.764147e+13
16E,1368,mht_res,ATL@-34,0-700,2.041785e+14
16E,1368,mht_bol,ATL@-34,0-700,-2.310432e+13
16E,1368,mht_res,ATL@-34,700-2000,2.608693e+13
16E,1368,mht_bol,ATL@-34,700-2000,1.188162e+13
16E,1368,mht_res,ATL@-34,2000+,-7.250841e+13
16E,1368,mht_bol,ATL@-34,2000+,-3.128480e+12
16E,1368,mht_res,ATL@-34,all,1.577570e+14
16E,1368,mht_bol,ATL@-34,all,-1.435118e+13
16E,1368,mht_res,ATL@-20,0-700,8.667124e+14
16E,1368,mht_bol,ATL@-20,0-700,4.860982e+13
16E,1368,mht_res,ATL@-20,700-2000,-1.578110e+13
16E,1368,mht_bol,ATL@-20,700-2000,-1.183372e+13
16E,1368,mht_res,ATL@-20,2000+,-8.324587e+13
16E,1368,mht_bol,ATL@-20,2000+,-9.751997e+11
16E,1368,mht_res,ATL@-20,all,7.676854e+14
16E,1368,mht_bol,ATL@-20,all,3.580091e+13
16E,1368,mht_res,ATL@20,0-700,1.642484e+15
16E,1368,mht_bol,ATL@20,0-700,-3.234367e+13
16E,1368,mht_res,ATL@20,700-2000,-1.147189e+14
16E,1368,mht_bol,ATL@20,700-2000,1.991821e+13
16E,1368,mht_res,ATL@20,2000+,-3.398626e+13
16E,1368,mht_bol,ATL@20,2000+,5.693050e+11
16E,1368,mht_res,ATL@20,all,1.493779e+15
16E,1368,mht_bol,ATL@20,all,-1.185615e+13
16E,1368,mht_res,ATL@30,0-700,1.024071e+15
16E,1368,mht_bol,ATL@30,0-700,2.398316e+13
16E,1368,mht_res,ATL@30,700-2000,-1.668603e+14
16E,1368,mht_bol,ATL@30,700-2000,-1.316859e+13
16E,1368,mht_res,ATL@30,2000+,-9.495068e+13
16E,1368,mht_bol,ATL@30,2000+,2.723359e+12
16E,1368,mht_res,ATL@30,all,7.622604e+14
16E,1368,mht_bol,ATL@30,all,1.353793e+13
16E,1368,mht_res,ATL@45,0-700,6.843779e+14
16E,1368,mht_bol,ATL@45,0-700,6.815342e+13
16E,1368,mht_res,ATL@45,700-2000,-1.383027e+14
16E,1368,mht_bol,ATL@45,700-2000,-1.981589e+13
16E,1368,mht_res,ATL@45,2000+,-8.063887e+13
16E,1368,mht_bol,ATL@45,2000+,-6.676892e+12
16E,1368,mht_res,ATL@45,all,4.654363e+14
16E,1368,mht_bol,ATL@45,all,4.166064e+13
16E,1368,mht_res,ATL@55,0-700,6.288199e+14
16E,1368,mht_bol,ATL@55,0-700,1.288230e+13
16E,1368,mht_res,ATL@55,700-2000,-3.709257e+13
16E,1368,mht_bol,ATL@55,700-2000,-5.234384e+12
16E,1368,mht_res,ATL@55,2000+,-4.825639e+13
16E,1368,mht_bol,ATL@55,2000+,-4.497133e+12
16E,1368,mht_res,ATL@55,all,5.434710e+14
16E,1368,mht_bol,ATL@55,all,3.150783e+12
16E,1368,mht_res,ATL@66,0-700,1.832488e+14
16E,1368,mht_bol,ATL@66,0-700,2.165334e+13
16E,1368,mht_res,ATL@66,700-2000,5.740524e+12
16E,1368,mht_bol,ATL@66,700-2000,-4.938311e+12
16E,1368,mht_res,ATL@66,2000+,-2.471744e+11
16E,1368,mht_bol,ATL@66,2000+,-2.618634e+10
16E,1368,mht_res,ATL@66,all,1.887422e+14
16E,1368,mht_bol,ATL@66,all,1.668885e+13
16E,1369,ohc,SO,0-700,1.618254e+24
16E,1369,ohc,SO,700-2000,1.173146e+24
16E,1369,ohc,SO,2000+,7.360277e+23
16E,1369,ohc,SO,all,3.527428e+24
16E,1369,ohc,NORD,0-700,1.498966e+22
16E,1369,ohc,NORD,700-2000,-3.170301e+21
16E,1369,ohc,NORD,2000+,-1.625183e+22
16E,1369,ohc,NORD,all,-4.432480e+21
16E,1369,ohc,SATL,0-700,7.176306e+23
16E,1369,ohc,SATL,700-2000,4.175862e+23
16E,1369,ohc,SATL,2000+,4.465988e+23
16E,1369,ohc,SATL,all,1.581816e+24
16E,1369,ohc,NATL,0-700,1.340804e+24
16E,1369,ohc,NATL,700-2000,9.272527e+23
16E,1369,ohc,NATL,2000+,7.638835e+23
16E,1369,ohc,NATL,all,3.031940e+24
16E,1369,ohc,SPNA,0-700,1.240476e+23
16E,1369,ohc,SPNA,700-2000,1.220444e+23
16E,1369,ohc,SPNA,2000+,8.319185e+22
16E,1369,ohc,SPNA,all,3.292838e+23
16E,1369,ohc,IP,0-700,5.868504e+24
16E,1369,ohc,IP,700-2000,3.103906e+24
16E,1369,ohc,IP,2000+,2.164249e+24
16E,1369,ohc,IP,all,1.113666e+25
16E,1369,ohc,OTHER,0-700,4.073421e+22
16E,1369,ohc,OTHER,700-2000,1.487215e+22
16E,1369,ohc,OTHER,2000+,1.120402e+21
16E,1369,ohc,OTHER,all,5.672677e+22
16E,1369,sfc,SO,col,-6.345119e+14
16E,1369,sfc,NORD,col,-3.346564e+14
16E,1369,sfc,SATL,col,2.861900e+14
16E,1369,sfc,NATL,col,-3.355942e+13
16E,1369,sfc,SPNA,col,-5.444382e+13
16E,1369,sfc,IP,col,1.137284e+15
16E,1369,sfc,OTHER,col,5.124207e+13
16E,1369,tend,SO,col,1.014780e+14
16E,1369,tend,NORD,col,2.196056e+13
16E,1369,tend,SATL,col,6.543507e+13
16E,1369,tend,NATL,col,-1.389942e+13
16E,1369,tend,SPNA,col,1.156327e+14
16E,1369,tend,IP,col,1.083959e+14
16E,1369,tend,OTHER,col,7.469206e+12
16E,1369,adv,SO,col,7.199824e+14
16E,1369,adv,NORD,col,3.715577e+14
16E,1369,adv,SATL,col,-2.404266e+14
16E,1369,adv,NATL,col,-4.099217e+13
16E,1369,adv,SPNA,col,1.692695e+14
16E,1369,adv,IP,col,-1.083963e+15
16E,1369,adv,OTHER,col,-5.467675e+13
16E,1369,diff,SO,col,-6.185044e+14
16E,1369,diff,NORD,col,-3.495972e+14
16E,1369,diff,SATL,col,3.058616e+14
16E,1369,diff,NATL,col,2.709276e+13
16E,1369,diff,SPNA,col,-5.363678e+13
16E,1369,diff,IP,col,1.192359e+15
16E,1369,diff,OTHER,col,6.214595e+13
16E,1369,mht_res,ATL@-34,0-700,2.333813e+14
16E,1369,mht_bol,ATL@-34,0-700,-2.454076e+13
16E,1369,mht_res,ATL@-34,700-2000,2.581661e+13
16E,1369,mht_bol,ATL@-34,700-2000,1.192973e+13
16E,1369,mht_res,ATL@-34,2000+,-6.600821e+13
16E,1369,mht_bol,ATL@-34,2000+,-3.023493e+12
16E,1369,mht_res,ATL@-34,all,1.931897e+14
16E,1369,mht_bol,ATL@-34,all,-1.563452e+13
16E,1369,mht_res,ATL@-20,0-700,7.551588e+14
16E,1369,mht_bol,ATL@-20,0-700,4.730872e+13
16E,1369,mht_res,ATL@-20,700-2000,-2.025666e+13
16E,1369,mht_bol,ATL@-20,700-2000,-1.202491e+13
16E,1369,mht_res,ATL@-20,2000+,-6.724440e+13
16E,1369,mht_bol,ATL@-20,2000+,-9.163004e+11
16E,1369,mht_res,ATL@-20,all,6.676577e+14
16E,1369,mht_bol,ATL@-20,all,3.436751e+13
16E,1369,mht_res,ATL@20,0-700,1.513220e+15
16E,1369,mht_bol,ATL@20,0-700,-3.579444e+13
16E,1369,mht_res,ATL@20,700-2000,-1.061840e+14
16E,1369,mht_bol,ATL@20,700-2000,2.048011e+13
16E,1369,mht_res,ATL@20,2000+,-3.788608e+13
16E,1369,mht_bol,ATL@20,2000+,1.091375e+12
16E,1369,mht_res,ATL@20,all,1.369149e+15
16E,1369,mht_bol,ATL@20,all,-1.422296e+13
16E,1369,mht_res,ATL@30,0-700,1.131550e+15
16E,1369,mht_bol,ATL@30,0-700,2.212050e+13
16E,1369,mht_res,ATL@30,700-2000,-1.724297e+14
16E,1369,mht_bol,ATL@30,700-2000,-1.352208e+13
16E,1369,mht_res,ATL@30,2000+,-1.102872e+14
16E,1369,mht_bol,ATL@30,2000+,2.756397e+12
16E,1369,mht_res,ATL@30,all,8.488327e+14
16E,1369,mht_bol,ATL@30,all,1.135482e+13
16E,1369,mht_res,ATL@45,0-700,7.237617e+14
16E,1369,mht_bol,ATL@45,0-700,7.162034e+13
16E,1369,mht_res,ATL@45,700-2000,-1.545696e+14
16E,1369,mht_bol,ATL@45,700-2000,-1.706474e+13
16E,1369,mht_res,ATL@45,2000+,-9.699941e+13
16E,1369,mht_bol,ATL@45,2000+,-7.739384e+12
16E,1369,mht_res,ATL@45,all,4.721927e+14
16E,1369,mht_bol,ATL@45,all,4.681621e+13
16E,1369,mht_res,ATL@55,0-700,6.429825e+14
16E,1369,mht_bol,ATL@55,0-700,1.173377e+13
16E,1369,mht_res,ATL@55,700-2000,-3.640348e+13
16E,1369,mht_bol,ATL@55,700-2000,-4.600125e+12
16E,1369,mht_res,ATL@55,2000+,-5.249532e+13
16E,1369,mht_bol,ATL@55,2000+,-3.754164e+12
16E,1369,mht_res,ATL@55,all,5.540837e+14
16E,1369,mht_bol,ATL@55,all,3.379483e+12
16E,1369,mht_res,ATL@66,0-700,1.660308e+14
16E,1369,mht_bol,ATL@66,0-700,1.935851e+13
16E,1369,mht_res,ATL@66,700-2000,5.054491e+12
16E,1369,mht_bol,ATL@66,700-2000,-4.503016e+12
16E,1369,mht_res,ATL@66,2000+,-1.758204e+11
16E,1369,mht_bol,ATL@66,2000+,-8.388378e+09
16E,1369,mht_res,ATL@66,all,1.709095e+14
16E,1369,mht_bol,ATL@66,all,1.484710e+13
16E,1370,ohc,SO,0-700,1.622623e+24
16E,1370,ohc,SO,700-2000,1.173932e+24
16E,1370,ohc,SO,2000+,7.357024e+23
16E,1370,ohc,SO,all,3.532257e+24
16E,1370,ohc,NORD,0-700,1.574447e+22
16E,1370,ohc,NORD,700-2000,-2.779517e+21
16E,1370,ohc,NORD,2000+,-1.622430e+22
16E,1370,ohc,NORD,all,-3.259345e+21
16E,1370,ohc,SATL,0-700,7.161601e+23
16E,1370,ohc,SATL,700-2000,4.188609e+23
16E,1370,ohc,SATL,2000+,4.469118e+23
16E,1370,ohc,SATL,all,1.581933e+24
16E,1370,ohc,NATL,0-700,1.340133e+24
16E,1370,ohc,NATL,700-2000,9.280538e+23
16E,1370,ohc,NATL,2000+,7.646942e+23
16E,1370,ohc,NATL,all,3.032881e+24
16E,1370,ohc,SPNA,0-700,1.272470e+23
16E,1370,ohc,SPNA,700-2000,1.222297e+23
16E,1370,ohc,SPNA,2000+,8.355560e+22
16E,1370,ohc,SPNA,all,3.330323e+23
16E,1370,ohc,IP,0-700,5.871858e+24
16E,1370,ohc,IP,700-2000,3.104258e+24
16E,1370,ohc,IP,2000+,2.162832e+24
16E,1370,ohc,IP,all,1.113895e+25
16E,1370,ohc,OTHER,0-700,4.055652e+22
16E,1370,ohc,OTHER,700-2000,1.481708e+22
16E,1370,ohc,OTHER,2000+,1.109791e+21
16E,1370,ohc,OTHER,all,5.648338e+22
16E,1370,sfc,SO,col,-5.630170e+14
16E,1370,sfc,NORD,col,-3.194297e+14
16E,1370,sfc,SATL,col,2.760982e+14
16E,1370,sfc,NATL,col,2.492482e+13
16E,1370,sfc,SPNA,col,-9.698308e+13
16E,1370,sfc,IP,col,1.045818e+15
16E,1370,sfc,OTHER,col,4.217880e+13
16E,1370,tend,SO,col,5.657489e+14
16E,1370,tend,NORD,col,3.897785e+13
16E,1370,tend,SATL,col,-5.429184e+13
16E,1370,tend,NATL,col,9.660479e+13
16E,1370,tend,SPNA,col,8.456936e+13
16E,1370,tend,IP,col,-3.335654e+14
16E,1370,tend,OTHER,col,-1.244226e+13
16E,1370,adv,SO,col,1.113020e+15
16E,1370,adv,NORD,col,3.739993e+14
16E,1370,adv,SATL,col,-3.540451e+14
16E,1370,adv,NATL,col,1.055276e+13
16E,1370,adv,SPNA,col,1.806890e+14
16E,1370,adv,IP,col,-1.432852e+15
16E,1370,adv,OTHER,col,-6.496428e+13
16E,1370,diff,SO,col,-5.472714e+14
16E,1370,diff,NORD,col,-3.350214e+14
16E,1370,diff,SATL,col,2.997532e+14
16E,1370,diff,NATL,col,8.605203e+13
16E,1370,diff,SPNA,col,-9.611968e+13
16E,1370,diff,IP,col,1.099287e+15
16E,1370,diff,OTHER,col,5.252202e+13
16E,1370,mht_res,ATL@-34,0-700,2.074011e+14
16E,1370,mht_bol,ATL@-34,0-700,-2.679604e+13
16E,1370,mht_res,ATL@-34,700-2000,2.333570e+13
16E,1370,mht_bol,ATL@-34,700-2000,1.192043e+13
16E,1370,mht_res,ATL@-34,2000+,-6.334747e+13
16E,1370,mht_bol,ATL@-34,2000+,-2.703357e+12
16E,1370,mht_res,ATL@-34,all,1.673893e+14
16E,1370,mht_bol,ATL@-34,all,-1.757897e+13
16E,1370,mht_res,ATL@-20,0-700,7.950942e+14
16E,1370,mht_bol,ATL@-20,0-700,5.339376e+13
16E,1370,mht_res,ATL@-20,700-2000,-1.253907e+13
16E,1370,mht_bol,ATL@-20,700-2000,-1.277260e+13
16E,1370,mht_res,ATL@-20,2000+,-6.372286e+13
16E,1370,mht_bol,ATL@-20,2000+,-1.184958e+12
16E,1370,mht_res,ATL@-20,all,7.188322e+14
16E,1370,mht_bol,ATL@-20,all,3.943620e+13
16E,1370,mht_res,ATL@20,0-700,1.641015e+15
16E,1370,mht_bol,ATL@20,0-700,-3.305822e+13
16E,1370,mht_res,ATL@20,700-2000,-1.090979e+14
16E,1370,mht_bol,ATL@20,700-2000,2.026953e+13
16E,1370,mht_res,ATL@20,2000+,-3.784160e+13
16E,1370,mht_bol,ATL@20,2000+,7.955883e+11
16E,1370,mht_res,ATL@20,all,1.494075e+15
16E,1370,mht_bol,ATL@20,all,-1.199310e+13
16E,1370,mht_res,ATL@30,0-700,1.130102e+15
16E,1370,mht_bol,ATL@30,0-700,2.418619e+13
16E,1370,mht_res,ATL@30,700-2000,-1.746395e+14
16E,1370,mht_bol,ATL@30,700-2000,-1.368387e+13
16E,1370,mht_res,ATL@30,2000+,-1.064989e+14
16E,1370,mht_bol,ATL@30,2000+,2.539360e+12
16E,1370,mht_res,ATL@30,all,8.489631e+14
16E,1370,mht_bol,ATL@30,all,1.304168e+13
16E,1370,mht_res,ATL@45,0-700,6.913285e+14
16E,1370,mht_bol,ATL@45,0-700,7.612227e+13
16E,1370,mht_res,ATL@45,700-2000,-1.400525e+14
16E,1370,mht_bol,ATL@45,700-2000,-1.764660e+13
16E,1370,mht_res,ATL@45,2000+,-8.588161e+13
16E,1370,mht_bol,ATL@45,2000+,-1.008104e+13
16E,1370,mht_res,ATL@45,all,4.653943e+14
16E,1370,mht_bol,ATL@45,all,4.839463e+13
16E,1370,mht_res,ATL@55,0-700,6.837028e+14
16E,1370,mht_bol,ATL@55,0-700,1.103153e+13
16E,1370,mht_res,ATL@55,700-2000,-3.652011e+13
16E,1370,mht_bol,ATL@55,700-2000,-4.300944e+12
16E,1370,mht_res,ATL@55,2000+,-4.709128e+13
16E,1370,mht_bol,ATL@55,2000+,-3.267478e+12
16E,1370,mht_res,ATL@55,all,6.000914e+14
16E,1370,mht_bol,ATL@55,all,3.463109e+12
16E,1370,mht_res,ATL@66,0-700,1.654675e+14
16E,1370,mht_bol,ATL@66,0-700,1.715987e+13
16E,1370,mht_res,ATL@66,700-2000,5.559850e+12
16E,1370,mht_bol,ATL@66,700-2000,-3.553189e+12
16E,1370,mht_res,ATL@66,2000+,-1.081295e+10
16E,1370,mht_bol,ATL@66,2000+,4.864892e+10
16E,1370,mht_res,ATL@66,all,1.710166e+14
16E,1370,mht_bol,ATL@66,all,1.365533e+13
16E,1371,ohc,SO,0-700,1.626695e+24
16E,1371,ohc,SO,700-2000,1.178909e+24
16E,1371,ohc,SO,2000+,7.376365e+23
16E,1371,ohc,SO,all,3.543241e+24
16E,1371,ohc,NORD,0-700,1.652302e+22
16E,1371,ohc,NORD,700-2000,-2.396033e+21
16E,1371,ohc,NORD,2000+,-1.619004e+22
16E,1371,ohc,NORD,all,-2.063058e+21
16E,1371,ohc,SATL,0-700,7.141332e+23
16E,1371,ohc,SATL,700-2000,4.192836e+23
16E,1371,ohc,SATL,2000+,4.470664e+23
16E,1371,ohc,SATL,all,1.580483e+24
16E,1371,ohc,NATL,0-700,1.342711e+24
16E,1371,ohc,NATL,700-2000,9.292000e+23
16E,1371,ohc,NATL,2000+,7.655437e+23
16E,1371,ohc,NATL,all,3.037455e+24
16E,1371,ohc,SPNA,0-700,1.261704e+23
16E,1371,ohc,SPNA,700-2000,1.223577e+23
16E,1371,ohc,SPNA,2000+,8.393835e+22
16E,1371,ohc,SPNA,all,3.324665e+23
16E,1371,ohc,IP,0-700,5.870030e+24
16E,1371,ohc,IP,700-2000,3.102657e+24
16E,1371,ohc,IP,2000+,2.160828e+24
16E,1371,ohc,IP,all,1.113351e+25
16E,1371,ohc,OTHER,0-700,4.065217e+22
16E,1371,ohc,OTHER,700-2000,1.477818e+22
16E,1371,ohc,OTHER,2000+,1.107959e+21
16E,1371,ohc,OTHER,all,5.653831e+22
16E,1371,sfc,SO,col,-6.513476e+14
16E,1371,sfc,NORD,col,-3.318383e+14
16E,1371,sfc,SATL,col,3.526800e+14
16E,1371,sfc,NATL,col,-3.348947e+13
16E,1371,sfc,SPNA,col,-1.783374e+14
16E,1371,sfc,IP,col,1.193569e+15
16E,1371,sfc,OTHER,col,5.050330e+13
16E,1371,tend,SO,col,1.696860e+14
16E,1371,tend,NORD,col,4.670216e+13
16E,1371,tend,SATL,col,1.512836e+13
16E,1371,tend,NATL,col,8.526785e+13
16E,1371,tend,SPNA,col,-3.856003e+13
16E,1371,tend,IP,col,1.076759e+14
16E,1371,tend,OTHER,col,7.568023e+12
16E,1371,adv,SO,col,8.106125e+14
16E,1371,adv,NORD,col,3.975341e+14
16E,1371,adv,SATL,col,-3.592839e+14
16E,1371,adv,NATL,col,6.210920e+13
16E,1371,adv,SPNA,col,1.357806e+14
16E,1371,adv,IP,col,-1.143323e+15
16E,1371,adv,OTHER,col,-5.306984e+13
16E,1371,diff,SO,col,-6.409265e+14
16E,1371,diff,NORD,col,-3.508320e+14
16E,1371,diff,SATL,col,3.744122e+14
16E,1371,diff,NATL,col,2.315865e+13
16E,1371,diff,SPNA,col,-1.743407e+14
16E,1371,diff,IP,col,1.250998e+15
16E,1371,diff,OTHER,col,6.063786e+13
16E,1371,mht_res,ATL@-34,0-700,1.890013e+14
16E,1371,mht_bol,ATL@-34,0-700,-2.741999e+13
16E,1371,mht_res,ATL@-34,700-2000,2.136239e+13
16E,1371,mht_bol,ATL@-34,700-2000,1.192303e+13
16E,1371,mht_res,ATL@-34,2000+,-6.314370e+13
16E,1371,mht_bol,ATL@-34,2000+,-2.564712e+12
16E,1371,mht_res,ATL@-34,all,1.472200e+14
16E,1371,mht_bol,ATL@-34,all,-1.806167e+13
16E,1371,mht_res,ATL@-20,0-700,8.333111e+14
16E,1371,mht_bol,ATL@-20,0-700,5.299056e+13
16E,1371,mht_res,ATL@-20,700-2000,-2.426851e+13
16E,1371,mht_bol,ATL@-20,700-2000,-1.343309e+13
16E,1371,mht_res,ATL@-20,2000+,-7.640451e+13
16E,1371,mht_bol,ATL@-20,2000+,-8.824738e+11
16E,1371,mht_res,ATL@-20,all,7.326381e+14
16E,1371,mht_bol,ATL@-20,all,3.867499e+13
16E,1371,mht_res,ATL@20,0-700,1.854082e+15
16E,1371,mht_bol,ATL@20,0-700,-2.547408e+13
16E,1371,mht_res,ATL@20,700-2000,-9.442506e+13
16E,1371,mht_bol,ATL@20,700-2000,1.848008e+13
16E,1371,mht_res,ATL@20,2000+,-4.406796e+13
16E,1371,mht_bol,ATL@20,2000+,3.556633e+11
16E,1371,mht_res,ATL@20,all,1.715589e+15
16E,1371,mht_bol,ATL@20,all,-6.638341e+12
16E,1371,mht_res,ATL@30,0-700,1.089678e+15
16E,1371,mht_bol,ATL@30,0-700,1.585232e+13
16E,1371,mht_res,ATL@30,700-2000,-1.805345e+14
16E,1371,mht_bol,ATL@30,700-2000,-1.230202e+13
16E,1371,mht_res,ATL@30,2000+,-1.056143e+14
16E,1371,mht_bol,ATL@30,2000+,3.140932e+12
16E,1371,mht_res,ATL@30,all,8.035296e+14
16E,1371,mht_bol,ATL@30,all,6.691230e+12
16E,1371,mht_res,ATL@45,0-700,6.777197e+14
16E,1371,mht_bol,ATL@45,0-700,7.126579e+13
16E,1371,mht_res,ATL@45,700-2000,-1.351958e+14
16E,1371,mht_bol,ATL@45,700-2000,-1.698379e+13
16E,1371,mht_res,ATL@45,2000+,-7.907342e+13
16E,1371,mht_bol,ATL@45,2000+,-8.826329e+12
16E,1371,mht_res,ATL@45,all,4.634505e+14
16E,1371,mht_bol,ATL@45,all,4.545568e+13
16E,1371,mht_res,ATL@55,0-700,6.532194e+14
16E,1371,mht_bol,ATL@55,0-700,1.166444e+13
16E,1371,mht_res,ATL@55,700-2000,-3.566545e+13
16E,1371,mht_bol,ATL@55,700-2000,-5.919123e+12
16E,1371,mht_res,ATL@55,2000+,-3.986147e+13
16E,1371,mht_bol,ATL@55,2000+,-4.767937e+12
16E,1371,mht_res,ATL@55,all,5.776925e+14
16E,1371,mht_bol,ATL@55,all,9.773801e+11
16E,1371,mht_res,ATL@66,0-700,1.870942e+14
16E,1371,mht_bol,ATL@66,0-700,1.885758e+13
16E,1371,mht_res,ATL@66,700-2000,5.206979e+12
16E,1371,mht_bol,ATL@66,700-2000,-4.116743e+12
16E,1371,mht_res,ATL@66,2000+,4.204124e+11
16E,1371,mht_bol,ATL@66,2000+,8.000536e+10
16E,1371,mht_res,ATL@66,all,1.927216e+14
16E,1371,mht_bol,ATL@66,all,1.482084e+13
16E,1372,ohc,SO,0-700,1.629376e+24
16E,1372,ohc,SO,700-2000,1.181575e+24
16E,1372,ohc,SO,2000+,7.385342e+23
16E,1372,ohc,SO,all,3.549485e+24
16E,1372,ohc,NORD,0-700,1.817007e+22
16E,1372,ohc,NORD,700-2000,-2.060987e+21
16E,1372,ohc,NORD,2000+,-1.616043e+22
16E,1372,ohc,NORD,all,-5.134228e+19
16E,1372,ohc,SATL,0-700,7.131419e+23
16E,1372,ohc,SATL,700-2000,4.199939e+23
16E,1372,ohc,SATL,2000+,4.472089e+23
16E,1372,ohc,SATL,all,1.580345e+24
16E,1372,ohc,NATL,0-700,1.342652e+24
16E,1372,ohc,NATL,700-2000,9.310059e+23
16E,1372,ohc,NATL,2000+,7.665314e+23
16E,1372,ohc,NATL,all,3.040190e+24
16E,1372,ohc,SPNA,0-700,1.248451e+23
16E,1372,ohc,SPNA,700-2000,1.216086e+23
16E,1372,ohc,SPNA,2000+,8.403341e+22
16E,1372,ohc,SPNA,all,3.304872e+23
16E,1372,ohc,IP,0-700,5.873551e+24
16E,1372,ohc,IP,700-2000,3.103451e+24
16E,1372,ohc,IP,2000+,2.159315e+24
16E,1372,ohc,IP,all,1.113632e+25
16E,1372,ohc,OTHER,0-700,4.074120e+22
16E,1372,ohc,OTHER,700-2000,1.481740e+22
16E,1372,ohc,OTHER,2000+,1.117240e+21
16E,1372,ohc,OTHER,all,5.667584e+22
16E,1372,sfc,SO,col,-5.503987e+14
16E,1372,sfc,NORD,col,-3.353350e+14
16E,1372,sfc,SATL,col,2.528337e+14
16E,1372,sfc,NATL,col,3.983663e+13
16E,1372,sfc,SPNA,col,-2.379291e+14
16E,1372,sfc,IP,col,1.182837e+15
16E,1372,sfc,OTHER,col,4.899282e+13
16E,1372,tend,SO,col,3.163538e+14
16E,1372,tend,NORD,col,4.766912e+13
16E,1372,tend,SATL,col,7.248032e+12
16E,1372,tend,NATL,col,9.416845e+13
16E,1372,tend,SPNA,col,-1.271793e+14
16E,1372,tend,IP,col,6.639289e+13
16E,1372,tend,OTHER,col,2.738100e+12
16E,1372,adv,SO,col,8.572075e+14
16E,1372,adv,NORD,col,4.053158e+14
16E,1372,adv,SATL,col,-2.699883e+14
16E,1372,adv,NATL,col,-5.171031e+12
16E,1372,adv,SPNA,col,1.091702e+14
16E,1372,adv,IP,col,-1.175030e+15
16E,1372,adv,OTHER,col,-5.520756e+13
16E,1372,diff,SO,col,-5.408537e+14
16E,1372,diff,NORD,col,-3.576467e+14
16E,1372,diff,SATL,col,2.772364e+14
16E,1372,diff,NATL,col,9.933948e+13
16E,1372,diff,SPNA,col,-2.363495e+14
16E,1372,diff,IP,col,1.241423e+15
16E,1372,diff,OTHER,col,5.794566e+13
16E,1372,mht_res,ATL@-34,0-700,2.164962e+14
16E,1372,mht_bol,ATL@-34,0-700,-2.432404e+13
16E,1372,mht_res,ATL@-34,700-2000,2.318032e+13
16E,1372,mht_bol,ATL@-34,700-2000,1.166752e+13
16E,1372,mht_res,ATL@-34,2000+,-6.425060e+13
16E,1372,mht_bol,ATL@-34,2000+,-2.688791e+12
16E,1372,mht_res,ATL@-34,all,1.754259e+14
16E,1372,mht_bol,ATL@-34,all,-1.534531e+13
16E,1372,mht_res,ATL@-20,0-700,7.290779e+14
16E,1372,mht_bol,ATL@-20,0-700,5.498603e+13
16E,1372,mht_res,ATL@-20,700-2000,-2.312064e+13
16E,1372,mht_bol,ATL@-20,700-2000,-1.356535e+13
16E,1372,mht_res,ATL@-20,2000+,-6.547155e+13
16E,1372,mht_bol,ATL@-20,2000+,-9.748556e+11
16E,1372,mht_res,ATL@-20,all,6.404857e+14
16E,1372,mht_bol,ATL@-20,all,4.044582e+13
16E,1372,mht_res,ATL@20,0-700,1.635139e+15
16E,1372,mht_bol,ATL@20,0-700,-3.710709e+13
16E,1372,mht_res,ATL@20,700-2000,-1.303445e+14
16E,1372,mht_bol,ATL@20,700-2000,1.949224e+13
16E,1372,mht_res,ATL@20,2000+,-4.101417e+13
16E,1372,mht_bol,ATL@20,2000+,1.064098e+12
16E,1372,mht_res,ATL@20,all,1.463780e+15
16E,1372,mht_bol,ATL@20,all,-1.655075e+13
16E,1372,mht_res,ATL@30,0-700,9.789970e+14
16E,1372,mht_bol,ATL@30,0-700,9.953637e+12
16E,1372,mht_res,ATL@30,700-2000,-1.949127e+14
16E,1372,mht_bol,ATL@30,700-2000,-1.243904e+13
16E,1372,mht_res,ATL@30,2000+,-9.610789e+13
16E,1372,mht_bol,ATL@30,2000+,3.844005e+12
16E,1372,mht_res,ATL@30,all,6.879764e+14
16E,1372,mht_bol,ATL@30,all,1.358601e+12
16E,1372,mht_res,ATL@45,0-700,6.603408e+14
16E,1372,mht_bol,ATL@45,0-700,6.574436e+13
16E,1372,mht_res,ATL@45,700-2000,-1.378717e+14
16E,1372,mht_bol,ATL@45,700-2000,-1.557035e+13
16E,1372,mht_res,ATL@45,2000+,-7.171216e+13
16E,1372,mht_bol,ATL@45,2000+,-7.811657e+12
16E,1372,mht_res,ATL@45,all,4.507569e+14
16E,1372,mht_bol,ATL@45,all,4.236236e+13
16E,1372,mht_res,ATL@55,0-700,6.679063e+14
16E,1372,mht_bol,ATL@55,0-700,2.332711e+13
16E,1372,mht_res,ATL@55,700-2000,-4.136948e+13
16E,1372,mht_bol,ATL@55,700-2000,-1.398440e+13
16E,1372,mht_res,ATL@55,2000+,-4.373325e+13
16E,1372,mht_bol,ATL@55,2000+,-8.785342e+12
16E,1372,mht_res,ATL@55,all,5.828036e+14
16E,1372,mht_bol,ATL@55,all,5.573601e+11
16E,1372,mht_res,ATL@66,0-700,1.900094e+14
16E,1372,mht_bol,ATL@66,0-700,2.173751e+13
16E,1372,mht_res,ATL@66,700-2000,3.672914e+12
16E,1372,mht_bol,ATL@66,700-2000,-4.496610e+12
16E,1372,mht_res,ATL@66,2000+,2.344860e+10
16E,1372,mht_bol,ATL@66,2000+,7.998733e+10
16E,1372,mht_res,ATL@66,all,1.937058e+14
16E,1372,mht_bol,ATL@66,all,1.732089e+13
16E,1373,ohc,SO,0-700,1.632068e+24
16E,1373,ohc,SO,700-2000,1.185083e+24
16E,1373,ohc,SO,2000+,7.398156e+23
16E,1373,ohc,SO,all,3.556966e+24
16E,1373,ohc,NORD,0-700,1.858417e+22
16E,1373,ohc,NORD,700-2000,-1.831379e+21
16E,1373,ohc,NORD,2000+,-1.612668e+22
16E,1373,ohc,NORD,all,6.261103e+20
16E,1373,ohc,SATL,0-700,7.121430e+23
16E,1373,ohc,SATL,700-2000,4.208823e+23
16E,1373,ohc,SATL,2000+,4.473936e+23
16E,1373,ohc,SATL,all,1.580419e+24
16E,1373,ohc,NATL,0-700,1.343886e+24
16E,1373,ohc,NATL,700-2000,9.311873e+23
16E,1373,ohc,NATL,2000+,7.672513e+23
16E,1373,ohc,NATL,all,3.042324e+24
16E,1373,ohc,SPNA,0-700,1.245400e+23
16E,1373,ohc,SPNA,700-2000,1.207543e+23
16E,1373,ohc,SPNA,2000+,8.419707e+22
16E,1373,ohc,SPNA,all,3.294913e+23
16E,1373,ohc,IP,0-700,5.878505e+24
16E,1373,ohc,IP,700-2000,3.103541e+24
16E,1373,ohc,IP,2000+,2.157631e+24
16E,1373,ohc,IP,all,1.113968e+25
16E,1373,ohc,OTHER,0-700,4.077986e+22
16E,1373,ohc,OTHER,700-2000,1.488651e+22
16E,1373,ohc,OTHER,2000+,1.124638e+21
16E,1373,ohc,OTHER,all,5.679101e+22
16E,1373,sfc,SO,col,-6.112789e+14
16E,1373,sfc,NORD,col,-3.570862e+14
16E,1373,sfc,SATL,col,2.886769e+14
16E,1373,sfc,NATL,col,6.351177e+13
16E,1373,sfc,SPNA,col,-1.487399e+14
16E,1373,sfc,IP,col,1.317084e+15
16E,1373,sfc,OTHER,col,5.092710e+13
16E,1373,tend,SO,col,1.808847e+14
16E,1373,tend,NORD,col,-1.193872e+13
16E,1373,tend,SATL,col,3.887395e+12
16E,1373,tend,NATL,col,5.098060e+13
16E,1373,tend,SPNA,col,7.040235e+13
16E,1373,tend,IP,col,2.827220e+14
16E,1373,tend,OTHER,col,4.313638e+12
16E,1373,adv,SO,col,7.783132e+14
16E,1373,adv,NORD,col,3.663618e+14
16E,1373,adv,SATL,col,-3.149639e+14
16E,1373,adv,NATL,col,-8.155681e+13
16E,1373,adv,SPNA,col,2.187842e+14
16E,1373,adv,IP,col,-1.089119e+15
16E,1373,adv,OTHER,col,-5.638908e+13
16E,1373,diff,SO,col,-5.974285e+14
16E,1373,diff,NORD,col,-3.783005e+14
16E,1373,diff,SATL,col,3.188513e+14
16E,1373,diff,NATL,col,1.325374e+14
16E,1373,diff,SPNA,col,-1.483818e+14
16E,1373,diff,IP,col,1.371841e+15
16E,1373,diff,OTHER,col,6.070272e+13
16E,1373,mht_res,ATL@-34,0-700,2.220979e+14
16E,1373,mht_bol,ATL@-34,0-700,-2.515082e+13
16E,1373,mht_res,ATL@-34,700-2000,2.522831e+13
16E,1373,mht_bol,ATL@-34,700-2000,1.169357e+13
16E,1373,mht_res,ATL@-34,2000+,-6.290691e+13
16E,1373,mht_bol,ATL@-34,2000+,-2.712156e+12
16E,1373,mht_res,ATL@-34,all,1.844193e+14
16E,1373,mht_bol,ATL@-34,all,-1.616940e+13
16E,1373,mht_res,ATL@-20,0-700,7.788641e+14
16E,1373,mht_bol,ATL@-20,0-700,4.908257e+13
16E,1373,mht_res,ATL@-20,700-2000,-2.810804e+13
16E,1373,mht_bol,ATL@-20,700-2000,-1.319978e+13
16E,1373,mht_res,ATL@-20,2000+,-8.227050e+13
16E,1373,mht_bol,ATL@-20,2000+,-4.503354e+11
16E,1373,mht_res,ATL@-20,all,6.684855e+14
16E,1373,mht_bol,ATL@-20,all,3.543245e+13
16E,1373,mht_res,ATL@20,0-700,1.508092e+15
16E,1373,mht_bol,ATL@20,0-700,-3.975165e+13
16E,1373,mht_res,ATL@20,700-2000,-1.119084e+14
16E,1373,mht_bol,ATL@20,700-2000,1.997361e+13
16E,1373,mht_res,ATL@20,2000+,-4.078467e+13
16E,1373,mht_bol,ATL@20,2000+,1.016097e+12
16E,1373,mht_res,ATL@20,all,1.355399e+15
16E,1373,mht_bol,ATL@20,all,-1.876194e+13
16E,1373,mht_res,ATL@30,0-700,9.211094e+14
16E,1373,mht_bol,ATL@30,0-700,1.036338e+13
16E,1373,mht_res,ATL@30,700-2000,-1.864844e+14
16E,1373,mht_bol,ATL@30,700-2000,-1.237568e+13
16E,1373,mht_res,ATL@30,2000+,-9.171820e+13
16E,1373,mht_bol,ATL@30,2000+,3.785123e+12
16E,1373,mht_res,ATL@30,all,6.429069e+14
16E,1373,mht_bol,ATL@30,all,1.772825e+12
16E,1373,mht_res,ATL@45,0-700,7.364986e+14
16E,1373,mht_bol,ATL@45,0-700,6.861827e+13
16E,1373,mht_res,ATL@45,700-2000,-1.455447e+14
16E,1373,mht_bol,ATL@45,700-2000,-1.515585e+13
16E,1373,mht_res,ATL@45,2000+,-9.233559e+13
16E,1373,mht_bol,ATL@45,2000+,-7.325952e+12
16E,1373,mht_res,ATL@45,all,4.986183e+14
16E,1373,mht_bol,ATL@45,all,4.613646e+13
16E,1373,mht_res,ATL@55,0-700,6.471593e+14
16E,1373,mht_bol,ATL@55,0-700,3.038903e+13
16E,1373,mht_res,ATL@55,700-2000,-5.331992e+13
16E,1373,mht_bol,ATL@55,700-2000,-1.759765e+13
16E,1373,mht_res,ATL@55,2000+,-5.583742e+13
16E,1373,mht_bol,ATL@55,2000+,-1.119167e+13
16E,1373,mht_res,ATL@55,all,5.380020e+14
16E,1373,mht_bol,ATL@55,all,1.599715e+12
16E,1373,mht_res,ATL@66,0-700,1.851966e+14
16E,1373,mht_bol,ATL@66,0-700,1.977373e+13
16E,1373,mht_res,ATL@66,700-2000,3.709900e+12
16E,1373,mht_bol,ATL@66,700-2000,-4.453757e+12
16E,1373,mht_res,ATL@66,2000+,7.113087e+11
16E,1373,mht_bol,ATL@66,2000+,8.072165e+10
16E,1373,mht_res,ATL@66,all,1.896178e+14
16E,1373,mht_bol,ATL@66,all,1.540069e+13
16E,1374,ohc,SO,0-700,1.632724e+24
16E,1374,ohc,SO,700-2000,1.188537e+24
16E,1374,ohc,SO,2000+,7.409791e+23
16E,1374,ohc,SO,all,3.562240e+24
16E,1374,ohc,NORD,0-700,1.696860e+22
16E,1374,ohc,NORD,700-2000,-1.596253e+21
16E,1374,ohc,NORD,2000+,-1.609950e+22
16E,1374,ohc,NORD,all,-7.271593e+20
16E,1374,ohc,SATL,0-700,7.123761e+23
16E,1374,ohc,SATL,700-2000,4.220997e+23
16E,1374,ohc,SATL,2000+,4.478653e+23
16E,1374,ohc,SATL,all,1.582341e+24
16E,1374,ohc,NATL,0-700,1.343826e+24
16E,1374,ohc,NATL,700-2000,9.316848e+23
16E,1374,ohc,NATL,2000+,7.680164e+23
16E,1374,ohc,NATL,all,3.043527e+24
16E,1374,ohc,SPNA,0-700,1.287559e+23
16E,1374,ohc,SPNA,700-2000,1.207994e+23
16E,1374,ohc,SPNA,2000+,8.434085e+22
16E,1374,ohc,SPNA,all,3.338961e+23
16E,1374,ohc,IP,0-700,5.880460e+24
16E,1374,ohc,IP,700-2000,3.103881e+24
16E,1374,ohc,IP,2000+,2.156148e+24
16E,1374,ohc,IP,all,1.114049e+25
16E,1374,ohc,OTHER,0-700,4.079242e+22
16E,1374,ohc,OTHER,700-2000,1.489482e+22
16E,1374,ohc,OTHER,2000+,1.122291e+21
16E,1374,ohc,OTHER,all,5.680953e+22
16E,1374,sfc,SO,col,-5.478947e+14
16E,1374,sfc,NORD,col,-3.488287e+14
16E,1374,sfc,SATL,col,3.268883e+14
16E,1374,sfc,NATL,col,6.273027e+13
16E,1374,sfc,SPNA,col,-1.362056e+14
16E,1374,sfc,IP,col,8.551352e+14
16E,1374,sfc,OTHER,col,4.897629e+13
16E,1374,tend,SO,col,4.338984e+14
16E,1374,tend,NORD,col,-2.931433e+13
16E,1374,tend,SATL,col,8.469851e+13
16E,1374,tend,NATL,col,6.714706e+13
16E,1374,tend,SPNA,col,1.277449e+14
16E,1374,tend,IP,col,-4.453689e+14
16E,1374,tend,OTHER,col,5.733942e+11
16E,1374,adv,SO,col,9.731848e+14
16E,1374,adv,NORD,col,3.412106e+14
16E,1374,adv,SATL,col,-2.711567e+14
16E,1374,adv,NATL,col,-6.354717e+13
16E,1374,adv,SPNA,col,2.608594e+14
16E,1374,adv,IP,col,-1.357711e+15
16E,1374,adv,OTHER,col,-5.830323e+13
16E,1374,diff,SO,col,-5.392864e+14
16E,1374,diff,NORD,col,-3.705249e+14
16E,1374,diff,SATL,col,3.558552e+14
16E,1374,diff,NATL,col,1.306942e+14
16E,1374,diff,SPNA,col,-1.331145e+14
16E,1374,diff,IP,col,9.123418e+14
16E,1374,diff,OTHER,col,5.887663e+13
16E,1374,mht_res,ATL@-34,0-700,2.346328e+14
16E,1374,mht_bol,ATL@-34,0-700,-2.570717e+13
16E,1374,mht_res,ATL@-34,700-2000,2.062036e+13
16E,1374,mht_bol,ATL@-34,700-2000,1.163335e+13
16E,1374,mht_res,ATL@-34,2000+,-6.991273e+13
16E,1374,mht_bol,ATL@-34,2000+,-2.604312e+12
16E,1374,mht_res,ATL@-34,all,1.853404e+14
16E,1374,mht_bol,ATL@-34,all,-1.667814e+13
16E,1374,mht_res,ATL@-20,0-700,8.102044e+14
16E,1374,mht_bol,ATL@-20,0-700,5.335413e+13
16E,1374,mht_res,ATL@-20,700-2000,-2.410998e+13
16E,1374,mht_bol,ATL@-20,700-2000,-1.244528e+13
16E,1374,mht_res,ATL@-20,2000+,-7.278327e+13
16E,1374,mht_bol,ATL@-20,2000+,-1.227405e+12
16E,1374,mht_res,ATL@-20,all,7.133111e+14
16E,1374,mht_bol,ATL@-20,all,3.968144e+13
16E,1374,mht_res,ATL@20,0-700,1.733320e+15
16E,1374,mht_bol,ATL@20,0-700,-3.415507e+13
16E,1374,mht_res,ATL@20,700-2000,-1.274936e+14
16E,1374,mht_bol,ATL@20,700-2000,1.958226e+13
16E,1374,mht_res,ATL@20,2000+,-4.573109e+13
16E,1374,mht_bol,ATL@20,2000+,1.011977e+12
16E,1374,mht_res,ATL@20,all,1.560096e+15
16E,1374,mht_bol,ATL@20,all,-1.356084e+13
16E,1374,mht_res,ATL@30,0-700,9.761472e+14
16E,1374,mht_bol,ATL@30,0-700,1.757728e+13
16E,1374,mht_res,ATL@30,700-2000,-1.943461e+14
16E,1374,mht_bol,ATL@30,700-2000,-1.344907e+13
16E,1374,mht_res,ATL@30,2000+,-1.000301e+14
16E,1374,mht_bol,ATL@30,2000+,3.056816e+12
16E,1374,mht_res,ATL@30,all,6.817710e+14
16E,1374,mht_bol,ATL@30,all,7.185024e+12
16E,1374,mht_res,ATL@45,0-700,7.853456e+14
16E,1374,mht_bol,ATL@45,0-700,7.113617e+13
16E,1374,mht_res,ATL@45,700-2000,-1.205907e+14
16E,1374,mht_bol,ATL@45,700-2000,-1.744415e+13
16E,1374,mht_res,ATL@45,2000+,-9.150542e+13
16E,1374,mht_bol,ATL@45,2000+,-8.310823e+12
16E,1374,mht_res,ATL@45,all,5.732495e+14
16E,1374,mht_bol,ATL@45,all,4.538119e+13
16E,1374,mht_res,ATL@55,0-700,7.973199e+14
16E,1374,mht_bol,ATL@55,0-700,1.710571e+13
16E,1374,mht_res,ATL@55,700-2000,-3.805148e+13
16E,1374,mht_bol,ATL@55,700-2000,-1.063990e+13
16E,1374,mht_res,ATL@55,2000+,-5.161086e+13
16E,1374,mht_bol,ATL@55,2000+,-5.673448e+12
16E,1374,mht_res,ATL@55,all,7.076576e+14
16E,1374,mht_bol,ATL@55,all,7.923601e+11
16E,1374,mht_res,ATL@66,0-700,1.704320e+14
16E,1374,mht_bol,ATL@66,0-700,1.974855e+13
16E,1374,mht_res,ATL@66,700-2000,5.148144e+12
16E,1374,mht_bol,ATL@66,700-2000,-3.989848e+12
16E,1374,mht_res,ATL@66,2000+,1.627628e+11
16E,1374,mht_bol,ATL@66,2000+,9.530492e+10
16E,1374,mht_res,ATL@66,all,1.757429e+14
16E,1374,mht_bol,ATL@66,all,1.585401e+13
16E,1375,ohc,SO,0-700,1.638261e+24
16E,1375,ohc,SO,700-2000,1.194705e+24
16E,1375,ohc,SO,2000+,7.432796e+23
16E,1375,ohc,SO,all,3.576245e+24
16E,1375,ohc,NORD,0-700,1.761904e+22
16E,1375,ohc,NORD,700-2000,-1.188480e+21
16E,1375,ohc,NORD,2000+,-1.605960e+22
16E,1375,ohc,NORD,all,3.709576e+20
16E,1375,ohc,SATL,0-700,7.110561e+23
16E,1375,ohc,SATL,700-2000,4.230477e+23
16E,1375,ohc,SATL,2000+,4.482632e+23
16E,1375,ohc,SATL,all,1.582367e+24
16E,1375,ohc,NATL,0-700,1.347734e+24
16E,1375,ohc,NATL,700-2000,9.320697e+23
16E,1375,ohc,NATL,2000+,7.687767e+23
16E,1375,ohc,NATL,all,3.048581e+24
16E,1375,ohc,SPNA,0-700,1.291216e+23
16E,1375,ohc,SPNA,700-2000,1.204634e+23
16E,1375,ohc,SPNA,2000+,8.429926e+22
16E,1375,ohc,SPNA,all,3.338843e+23
16E,1375,ohc,IP,0-700,5.874810e+24
16E,1375,ohc,IP,700-2000,3.102278e+24
16E,1375,ohc,IP,2000+,2.154253e+24
16E,1375,ohc,IP,all,1.113134e+25
16E,1375,ohc,OTHER,0-700,4.087386e+22
16E,1375,ohc,OTHER,700-2000,1.491016e+22
16E,1375,ohc,OTHER,2000+,1.121942e+21
16E,1375,ohc,OTHER,all,5.690596e+22
16E,1375,sfc,SO,col,-6.234882e+14
16E,1375,sfc,NORD,col,-3.729941e+14
16E,1375,sfc,SATL,col,4.149910e+14
16E,1375,sfc,NATL,col,9.604363e+13
16E,1375,sfc,SPNA,col,-2.682303e+14
16E,1375,sfc,IP,col,1.121218e+15
16E,1375,sfc,OTHER,col,5.207568e+13
16E,1375,tend,SO,col,3.930094e+14
16E,1375,tend,NORD,col,2.389652e+13
16E,1375,tend,SATL,col,-5.542680e+12
16E,1375,tend,NATL,col,1.593120e+14
16E,1375,tend,SPNA,col,-9.518526e+13
16E,1375,tend,IP,col,-8.477513e+13
16E,1375,tend,OTHER,col,2.500695e+11
16E,1375,adv,SO,col,1.007736e+15
16E,1375,adv,NORD,col,4.165331e+14
16E,1375,adv,SATL,col,-4.515236e+14
16E,1375,adv,NATL,col,-1.620368e+12
16E,1375,adv,SPNA,col,1.692677e+14
16E,1375,adv,IP,col,-1.261174e+15
16E,1375,adv,OTHER,col,-6.047065e+13
16E,1375,diff,SO,col,-6.147263e+14
16E,1375,diff,NORD,col,-3.926366e+14
16E,1375,diff,SATL,col,4.459809e+14
16E,1375,diff,NATL,col,1.609323e+14
16E,1375,diff,SPNA,col,-2.644529e+14
16E,1375,diff,IP,col,1.176399e+15
16E,1375,diff,OTHER,col,6.072072e+13
16E,1375,mht_res,ATL@-34,0-700,1.664359e+14
16E,1375,mht_bol,ATL@-34,0-700,-2.467004e+13
16E,1375,mht_res,ATL@-34,700-2000,2.830937e+13
16E,1375,mht_bol,ATL@-34,700-2000,1.170644e+13
16E,1375,mht_res,ATL@-34,2000+,-5.390631e+13
16E,1375,mht_bol,ATL@-34,2000+,-2.624956e+12
16E,1375,mht_res,ATL@-34,all,1.408390e+14
16E,1375,mht_bol,ATL@-34,all,-1.558855e+13
16E,1375,mht_res,ATL@-20,0-700,8.399195e+14
16E,1375,mht_bol,ATL@-20,0-700,5.597868e+13
16E,1375,mht_res,ATL@-20,700-2000,-3.719596e+13
16E,1375,mht_bol,ATL@-20,700-2000,-1.332725e+13
16E,1375,mht_res,ATL@-20,2000+,-7.973044e+13
16E,1375,mht_bol,ATL@-20,2000+,-1.009469e+12
16E,1375,mht_res,ATL@-20,all,7.229931e+14
16E,1375,mht_bol,ATL@-20,all,4.164197e+13
16E,1375,mht_res,ATL@20,0-700,1.572933e+15
16E,1375,mht_bol,ATL@20,0-700,-3.810581e+13
16E,1375,mht_res,ATL@20,700-2000,-1.445763e+14
16E,1375,mht_bol,ATL@20,700-2000,2.074777e+13
16E,1375,mht_res,ATL@20,2000+,-4.016038e+13
16E,1375,mht_bol,ATL@20,2000+,1.136194e+12
16E,1375,mht_res,ATL@20,all,1.388196e+15
16E,1375,mht_bol,ATL@20,all,-1.622184e+13
16E,1375,mht_res,ATL@30,0-700,1.002350e+15
16E,1375,mht_bol,ATL@30,0-700,1.853912e+13
16E,1375,mht_res,ATL@30,700-2000,-1.790398e+14
16E,1375,mht_bol,ATL@30,700-2000,-1.564317e+13
16E,1375,mht_res,ATL@30,2000+,-8.939804e+13
16E,1375,mht_bol,ATL@30,2000+,3.350859e+12
16E,1375,mht_res,ATL@30,all,7.339119e+14
16E,1375,mht_bol,ATL@30,all,6.246807e+12
16E,1375,mht_res,ATL@45,0-700,7.764090e+14
16E,1375,mht_bol,ATL@45,0-700,6.953897e+13
16E,1375,mht_res,ATL@45,700-2000,-1.226600e+14
16E,1375,mht_bol,ATL@45,700-2000,-1.814566e+13
16E,1375,mht_res,ATL@45,2000+,-9.001418e+13
16E,1375,mht_bol,ATL@45,2000+,-8.851371e+12
16E,1375,mht_res,ATL@45,all,5.637349e+14
16E,1375,mht_bol,ATL@45,all,4.254194e+13
16E,1375,mht_res,ATL@55,0-700,7.614833e+14
16E,1375,mht_bol,ATL@55,0-700,2.212409e+13
16E,1375,mht_res,ATL@55,700-2000,-4.912797e+13
16E,1375,mht_bol,ATL@55,700-2000,-1.498454e+13
16E,1375,mht_res,ATL@55,2000+,-5.249090e+13
16E,1375,mht_bol,ATL@55,2000+,-6.753287e+12
16E,1375,mht_res,ATL@55,all,6.598645e+14
16E,1375,mht_bol,ATL@55,all,3.862550e+11
16E,1375,mht_res,ATL@66,0-700,2.135479e+14
16E,1375,mht_bol,ATL@66,0-700,1.905413e+13
16E,1375,mht_res,ATL@66,700-2000,5.571505e+12
16E,1375,mht_bol,ATL@66,700-2000,-3.531326e+12
16E,1375,mht_res,ATL@66,2000+,1.111513e+12
16E,1375,mht_bol,ATL@66,2000+,1.002824e+11
16E,1375,mht_res,ATL@66,all,2.202310e+14
16E,1375,mht_bol,ATL@66,all,1.562309e+13
16E,1376,ohc,SO,0-700,1.642943e+24
16E,1376,ohc,SO,700-2000,1.198267e+24
16E,1376,ohc,SO,2000+,7.448281e+23
16E,1376,ohc,SO,all,3.586037e+24
16E,1376,ohc,NORD,0-700,1.631378e+22
16E,1376,ohc,NORD,700-2000,-8.422183e+20
16E,1376,ohc,NORD,2000+,-1.603322e+22
16E,1376,ohc,NORD,all,-5.616553e+20
16E,1376,ohc,SATL,0-700,7.117777e+23
16E,1376,ohc,SATL,700-2000,4.237644e+23
16E,1376,ohc,SATL,2000+,4.486025e+23
16E,1376,ohc,SATL,all,1.584145e+24
16E,1376,ohc,NATL,0-700,1.346186e+24
16E,1376,ohc,NATL,700-2000,9.319277e+23
16E,1376,ohc,NATL,2000+,7.695755e+23
16E,1376,ohc,NATL,all,3.047689e+24
16E,1376,ohc,SPNA,0-700,1.295617e+23
16E,1376,ohc,SPNA,700-2000,1.206776e+23
16E,1376,ohc,SPNA,2000+,8.426638e+22
16E,1376,ohc,SPNA,all,3.345056e+23
16E,1376,ohc,IP,0-700,5.876091e+24
16E,1376,ohc,IP,700-2000,3.102043e+24
16E,1376,ohc,IP,2000+,2.152745e+24
16E,1376,ohc,IP,all,1.113088e+25
16E,1376,ohc,OTHER,0-700,4.097067e+22
16E,1376,ohc,OTHER,700-2000,1.497829e+22
16E,1376,ohc,OTHER,2000+,1.132319e+21
16E,1376,ohc,OTHER,all,5.708128e+22
16E,1376,sfc,SO,col,-6.102508e+14
16E,1376,sfc,NORD,col,-3.356103e+14
16E,1376,sfc,SATL,col,2.503755e+14
16E,1376,sfc,NATL,col,-9.706641e+12
16E,1376,sfc,SPNA,col,-1.643967e+14
16E,1376,sfc,IP,col,1.111219e+15
16E,1376,sfc,OTHER,col,5.602032e+13
16E,1376,tend,SO,col,3.917929e+14
16E,1376,tend,NORD,col,-3.343716e+13
16E,1376,tend,SATL,col,2.424344e+13
16E,1376,tend,NATL,col,-7.529541e+13
16E,1376,tend,SPNA,col,9.074549e+13
16E,1376,tend,IP,col,-7.647858e+13
16E,1376,tend,OTHER,col,4.500113e+12
16E,1376,adv,SO,col,9.929467e+14
16E,1376,adv,NORD,col,3.176568e+14
16E,1376,adv,SATL,col,-2.571377e+14
16E,1376,adv,NATL,col,-1.224105e+14
16E,1376,adv,SPNA,col,2.520363e+14
16E,1376,adv,IP,col,-1.237464e+15
16E,1376,adv,OTHER,col,-6.137597e+13
16E,1376,diff,SO,col,-6.011538e+14
16E,1376,diff,NORD,col,-3.510940e+14
16E,1376,diff,SATL,col,2.813811e+14
16E,1376,diff,NATL,col,4.711513e+13
16E,1376,diff,SPNA,col,-1.612909e+14
16E,1376,diff,IP,col,1.160985e+15
16E,1376,diff,OTHER,col,6.587608e+13
16E,1376,mht_res,ATL@-34,0-700,2.231951e+14
16E,1376,mht_bol,ATL@-34,0-700,-1.935003e+13
16E,1376,mht_res,ATL@-34,700-2000,2.433272e+13
16E,1376,mht_bol,ATL@-34,700-2000,1.126336e+13
16E,1376,mht_res,ATL@-34,2000+,-6.348896e+13
16E,1376,mht_bol,ATL@-34,2000+,-3.182850e+12
16E,1376,mht_res,ATL@-34,all,1.840388e+14
16E,1376,mht_bol,ATL@-34,all,-1.126952e+13
16E,1376,mht_res,ATL@-20,0-700,6.885466e+14
16E,1376,mht_bol,ATL@-20,0-700,5.223345e+13
16E,1376,mht_res,ATL@-20,700-2000,-3.264031e+13
16E,1376,mht_bol,ATL@-20,700-2000,-1.332123e+13
16E,1376,mht_res,ATL@-20,2000+,-6.797177e+13
16E,1376,mht_bol,ATL@-20,2000+,-7.428598e+11
16E,1376,mht_res,ATL@-20,all,5.879345e+14
16E,1376,mht_bol,ATL@-20,all,3.816936e+13
16E,1376,mht_res,ATL@20,0-700,1.506894e+15
16E,1376,mht_bol,ATL@20,0-700,-4.468300e+13
16E,1376,mht_res,ATL@20,700-2000,-1.374848e+14
16E,1376,mht_bol,ATL@20,700-2000,2.120179e+13
16E,1376,mht_res,ATL@20,2000+,-4.613652e+13
16E,1376,mht_bol,ATL@20,2000+,2.080448e+12
16E,1376,mht_res,ATL@20,all,1.323273e+15
16E,1376,mht_bol,ATL@20,all,-2.140077e+13
16E,1376,mht_res,ATL@30,0-700,1.049656e+15
16E,1376,mht_bol,ATL@30,0-700,3.054339e+13
16E,1376,mht_res,ATL@30,700-2000,-1.887291e+14
16E,1376,mht_bol,ATL@30,700-2000,-1.897494e+13
16E,1376,mht_res,ATL@30,2000+,-9.840099e+13
16E,1376,mht_bol,ATL@30,2000+,3.424589e+12
16E,1376,mht_res,ATL@30,all,7.625257e+14
16E,1376,mht_bol,ATL@30,all,1.499304e+13
16E,1376,mht_res,ATL@45,0-700,6.682530e+14
16E,1376,mht_bol,ATL@45,0-700,7.010064e+13
16E,1376,mht_res,ATL@45,700-2000,-1.538465e+14
16E,1376,mht_bol,ATL@45,700-2000,-1.657841e+13
16E,1376,mht_res,ATL@45,2000+,-9.100699e+13
16E,1376,mht_bol,ATL@45,2000+,-9.687974e+12
16E,1376,mht_res,ATL@45,all,4.233995e+14
16E,1376,mht_bol,ATL@45,all,4.383425e+13
16E,1376,mht_res,ATL@55,0-700,6.951377e+14
16E,1376,mht_bol,ATL@55,0-700,1.230645e+13
16E,1376,mht_res,ATL@55,700-2000,-3.825492e+13
16E,1376,mht_bol,ATL@55,700-2000,-7.677477e+12
16E,1376,mht_res,ATL@55,2000+,-4.089505e+13
16E,1376,mht_bol,ATL@55,2000+,-3.468446e+12
16E,1376,mht_res,ATL@55,all,6.159877e+14
16E,1376,mht_bol,ATL@55,all,1.160532e+12
16E,1376,mht_res,ATL@66,0-700,1.656691e+14
16E,1376,mht_bol,ATL@66,0-700,2.043387e+13
16E,1376,mht_res,ATL@66,700-2000,6.149238e+12
16E,1376,mht_bol,ATL@66,700-2000,-3.554941e+12
16E,1376,mht_res,ATL@66,2000+,2.783683e+11
16E,1376,mht_bol,ATL@66,2000+,1.172386e+11
16E,1376,mht_res,ATL@66,all,1.720968e+14
16E,1376,mht_bol,ATL@66,all,1.699617e+13
16E,1377,ohc,SO,0-700,1.646674e+24
16E,1377,ohc,SO,700-2000,1.202168e+24
16E,1377,ohc,SO,2000+,7.464502e+23
16E,1377,ohc,SO,all,3.595293e+24
16E,1377,ohc,NORD,0-700,1.591942e+22
16E,1377,ohc,NORD,700-2000,-4.461220e+20
16E,1377,ohc,NORD,2000+,-1.599747e+22
16E,1377,ohc,NORD,all,-5.241718e+20
16E,1377,ohc,SATL,0-700,7.100582e+23
16E,1377,ohc,SATL,700-2000,4.246686e+23
16E,1377,ohc,SATL,2000+,4.489349e+23
16E,1377,ohc,SATL,all,1.583662e+24
16E,1377,ohc,NATL,0-700,1.344088e+24
16E,1377,ohc,NATL,700-2000,9.324460e+23
16E,1377,ohc,NATL,2000+,7.703156e+23
16E,1377,ohc,NATL,all,3.046850e+24
16E,1377,ohc,SPNA,0-700,1.304208e+23
16E,1377,ohc,SPNA,700-2000,1.213074e+23
16E,1377,ohc,SPNA,2000+,8.453464e+22
16E,1377,ohc,SPNA,all,3.362629e+23
16E,1377,ohc,IP,0-700,5.883221e+24
16E,1377,ohc,IP,700-2000,3.102057e+24
16E,1377,ohc,IP,2000+,2.151281e+24
16E,1377,ohc,IP,all,1.113656e+25
16E,1377,ohc,OTHER,0-700,4.098994e+22
16E,1377,ohc,OTHER,700-2000,1.506018e+22
16E,1377,ohc,OTHER,2000+,1.138030e+21
16E,1377,ohc,OTHER,all,5.718815e+22
16E,1377,sfc,SO,col,-5.929964e+14
16E,1377,sfc,NORD,col,-3.140023e+14
16E,1377,sfc,SATL,col,3.106073e+14
16E,1377,sfc,NATL,col,2.521096e+13
16E,1377,sfc,SPNA,col,-2.302750e+14
16E,1377,sfc,IP,col,1.475860e+15
16E,1377,sfc,OTHER,col,3.610023e+13
16E,1377,tend,SO,col,3.407035e+14
16E,1377,tend,NORD,col,1.093014e+13
16E,1377,tend,SATL,col,-2.054874e+13
16E,1377,tend,NATL,col,2.573175e+13
16E,1377,tend,SPNA,col,1.589055e+13
16E,1377,tend,IP,col,3.089415e+14
16E,1377,tend,OTHER,col,-1.926251e+12
16E,1377,adv,SO,col,9.236696e+14
16E,1377,adv,NORD,col,3.459000e+14
16E,1377,adv,SATL,col,-3.601166e+14
16E,1377,adv,NATL,col,-5.575209e+13
16E,1377,adv,SPNA,col,2.433556e+14
16E,1377,adv,IP,col,-1.213785e+15
16E,1377,adv,OTHER,col,-4.630982e+13
16E,1377,diff,SO,col,-5.829661e+14
16E,1377,diff,NORD,col,-3.349699e+14
16E,1377,diff,SATL,col,3.395679e+14
16E,1377,diff,NATL,col,8.148383e+13
16E,1377,diff,SPNA,col,-2.274651e+14
16E,1377,diff,IP,col,1.522726e+15
16E,1377,diff,OTHER,col,4.438357e+13
16E,1377,mht_res,ATL@-34,0-700,2.142276e+14
16E,1377,mht_bol,ATL@-34,0-700,-1.912876e+13
16E,1377,mht_res,ATL@-34,700-2000,2.901402e+13
16E,1377,mht_bol,ATL@-34,700-2000,1.120570e+13
16E,1377,mht_res,ATL@-34,2000+,-5.862611e+13
16E,1377,mht_bol,ATL@-34,2000+,-3.151603e+12
16E,1377,mht_res,ATL@-34,all,1.846155e+14
16E,1377,mht_bol,ATL@-34,all,-1.107466e+13
16E,1377,mht_res,ATL@-20,0-700,8.053501e+14
16E,1377,mht_bol,ATL@-20,0-700,5.477488e+13
16E,1377,mht_res,ATL@-20,700-2000,-3.649829e+13
16E,1377,mht_bol,ATL@-20,700-2000,-1.321133e+13
16E,1377,mht_res,ATL@-20,2000+,-8.420894e+13
16E,1377,mht_bol,ATL@-20,2000+,-8.056696e+11
16E,1377,mht_res,ATL@-20,all,6.846428e+14
16E,1377,mht_bol,ATL@-20,all,4.075788e+13
16E,1377,mht_res,ATL@20,0-700,1.591101e+15
16E,1377,mht_bol,ATL@20,0-700,-5.211000e+13
16E,1377,mht_res,ATL@20,700-2000,-1.522539e+14
16E,1377,mht_bol,ATL@20,700-2000,2.278197e+13
16E,1377,mht_res,ATL@20,2000+,-5.131053e+13
16E,1377,mht_bol,ATL@20,2000+,2.118380e+12
16E,1377,mht_res,ATL@20,all,1.387536e+15
16E,1377,mht_bol,ATL@20,all,-2.720965e+13
16E,1377,mht_res,ATL@30,0-700,1.222722e+15
16E,1377,mht_bol,ATL@30,0-700,3.424328e+13
16E,1377,mht_res,ATL@30,700-2000,-1.823535e+14
16E,1377,mht_bol,ATL@30,700-2000,-1.948684e+13
16E,1377,mht_res,ATL@30,2000+,-1.204066e+14
16E,1377,mht_bol,ATL@30,2000+,3.338624e+12
16E,1377,mht_res,ATL@30,all,9.199623e+14
16E,1377,mht_bol,ATL@30,all,1.809507e+13
16E,1377,mht_res,ATL@45,0-700,6.780966e+14
16E,1377,mht_bol,ATL@45,0-700,6.968885e+13
16E,1377,mht_res,ATL@45,700-2000,-1.390290e+14
16E,1377,mht_bol,ATL@45,700-2000,-1.514877e+13
16E,1377,mht_res,ATL@45,2000+,-9.257720e+13
16E,1377,mht_bol,ATL@45,2000+,-8.764100e+12
16E,1377,mht_res,ATL@45,all,4.464904e+14
16E,1377,mht_bol,ATL@45,all,4.577598e+13
16E,1377,mht_res,ATL@55,0-700,6.952511e+14
16E,1377,mht_bol,ATL@55,0-700,6.823287e+12
16E,1377,mht_res,ATL@55,700-2000,-3.184236e+13
16E,1377,mht_bol,ATL@55,700-2000,-4.539247e+12
16E,1377,mht_res,ATL@55,2000+,-4.026801e+13
16E,1377,mht_bol,ATL@55,2000+,-1.759998e+12
16E,1377,mht_res,ATL@55,all,6.231407e+14
16E,1377,mht_bol,ATL@55,all,5.240417e+11
16E,1377,mht_res,ATL@66,0-700,1.608342e+14
16E,1377,mht_bol,ATL@66,0-700,2.484419e+13
16E,1377,mht_res,ATL@66,700-2000,5.371750e+12
16E,1377,mht_bol,ATL@66,700-2000,-4.033091e+12
16E,1377,mht_res,ATL@66,2000+,7.379486e+10
16E,1377,mht_bol,ATL@66,2000+,1.417980e+11
16E,1377,mht_res,ATL@66,all,1.662797e+14
16E,1377,mht_bol,ATL@66,all,2.095289e+13
16E,1378,ohc,SO,0-700,1.648978e+24
16E,1378,ohc,SO,700-2000,1.203769e+24
16E,1378,ohc,SO,2000+,7.474653e+23
16E,1378,ohc,SO,all,3.600212e+24
16E,1378,ohc,NORD,0-700,1.547728e+22
16E,1378,ohc,NORD,700-2000,9.449624e+19
16E,1378,ohc,NORD,2000+,-1.596571e+22
16E,1378,ohc,NORD,all,-3.939329e+20
16E,1378,ohc,SATL,0-700,7.086189e+23
16E,1378,ohc,SATL,700-2000,4.254832e+23
16E,1378,ohc,SATL,2000+,4.493325e+23
16E,1378,ohc,SATL,all,1.583435e+24
16E,1378,ohc,NATL,0-700,1.344945e+24
16E,1378,ohc,NATL,700-2000,9.330000e+23
16E,1378,ohc,NATL,2000+,7.711327e+23
16E,1378,ohc,NATL,all,3.049078e+24
16E,1378,ohc,SPNA,0-700,1.308864e+23
16E,1378,ohc,SPNA,700-2000,1.218441e+23
16E,1378,ohc,SPNA,2000+,8.471379e+22
16E,1378,ohc,SPNA,all,3.374443e+23
16E,1378,ohc,IP,0-700,5.891425e+24
16E,1378,ohc,IP,700-2000,3.102557e+24
16E,1378,ohc,IP,2000+,2.150101e+24
16E,1378,ohc,IP,all,1.114408e+25
16E,1378,ohc,OTHER,0-700,4.088223e+22
16E,1378,ohc,OTHER,700-2000,1.505683e+22
16E,1378,ohc,OTHER,2000+,1.135785e+21
16E,1378,ohc,OTHER,all,5.707484e+22
16E,1378,sfc,SO,col,-5.918007e+14
16E,1378,sfc,NORD,col,-2.900569e+14
16E,1378,sfc,SATL,col,3.367782e+14
16E,1378,sfc,NATL,col,3.172171e+13
16E,1378,sfc,SPNA,col,-2.020628e+14
16E,1378,sfc,IP,col,1.189623e+15
16E,1378,sfc,OTHER,col,4.764956e+13
16E,1378,tend,SO,col,-1.555941e+13
16E,1378,tend,NORD,col,9.194686e+12
16E,1378,tend,SATL,col,9.039096e+13
16E,1378,tend,NATL,col,1.332200e+13
16E,1378,tend,SPNA,col,1.010508e+14
16E,1378,tend,IP,col,3.323597e+14
16E,1378,tend,OTHER,col,-7.296164e+11
16E,1378,adv,SO,col,5.614626e+14
16E,1378,adv,NORD,col,3.182615e+14
16E,1378,adv,SATL,col,-2.752483e+14
16E,1378,adv,NATL,col,-7.046472e+13
16E,1378,adv,SPNA,col,3.026748e+14
16E,1378,adv,IP,col,-8.984491e+14
16E,1378,adv,OTHER,col,-5.740094e+13
16E,1378,diff,SO,col,-5.770220e+14
16E,1378,diff,NORD,col,-3.090668e+14
16E,1378,diff,SATL,col,3.656393e+14
16E,1378,diff,NATL,col,8.378673e+13
16E,1378,diff,SPNA,col,-2.016240e+14
16E,1378,diff,IP,col,1.230809e+15
16E,1378,diff,OTHER,col,5.667133e+13
16E,1378,mht_res,ATL@-34,0-700,2.929810e+14
16E,1378,mht_bol,ATL@-34,0-700,-1.772617e+13
16E,1378,mht_res,ATL@-34,700-2000,2.893135e+13
16E,1378,mht_bol,ATL@-34,700-2000,1.115087e+13
16E,1378,mht_res,ATL@-34,2000+,-6.371316e+13
16E,1378,mht_bol,ATL@-34,2000+,-3.615050e+12
16E,1378,mht_res,ATL@-34,all,2.581992e+14
16E,1378,mht_bol,ATL@-34,all,-1.019035e+13
16E,1378,mht_res,ATL@-20,0-700,7.993162e+14
16E,1378,mht_bol,ATL@-20,0-700,5.859759e+13
16E,1378,mht_res,ATL@-20,700-2000,-4.898643e+13
16E,1378,mht_bol,ATL@-20,700-2000,-1.344134e+13
16E,1378,mht_res,ATL@-20,2000+,-8.001608e+13
16E,1378,mht_bol,ATL@-20,2000+,-8.797859e+11
16E,1378,mht_res,ATL@-20,all,6.703137e+14
16E,1378,mht_bol,ATL@-20,all,4.427646e+13
16E,1378,mht_res,ATL@20,0-700,1.660191e+15
16E,1378,mht_bol,ATL@20,0-700,-5.235292e+13
16E,1378,mht_res,ATL@20,700-2000,-1.424076e+14
16E,1378,mht_bol,ATL@20,700-2000,2.391271e+13
16E,1378,mht_res,ATL@20,2000+,-3.644847e+13
16E,1378,mht_bol,ATL@20,2000+,1.236584e+12
16E,1378,mht_res,ATL@20,all,1.481335e+15
16E,1378,mht_bol,ATL@20,all,-2.720362e+13
16E,1378,mht_res,ATL@30,0-700,1.087027e+15
16E,1378,mht_bol,ATL@30,0-700,2.491015e+13
16E,1378,mht_res,ATL@30,700-2000,-1.934779e+14
16E,1378,mht_bol,ATL@30,700-2000,-1.785431e+13
16E,1378,mht_res,ATL@30,2000+,-9.838362e+13
16E,1378,mht_bol,ATL@30,2000+,4.042181e+12
16E,1378,mht_res,ATL@30,all,7.951653e+14
16E,1378,mht_bol,ATL@30,all,1.109802e+13
16E,1378,mht_res,ATL@45,0-700,7.315781e+14
16E,1378,mht_bol,ATL@45,0-700,6.700534e+13
16E,1378,mht_res,ATL@45,700-2000,-1.280296e+14
16E,1378,mht_bol,ATL@45,700-2000,-1.629932e+13
16E,1378,mht_res,ATL@45,2000+,-8.727275e+13
16E,1378,mht_bol,ATL@45,2000+,-8.296087e+12
16E,1378,mht_res,ATL@45,all,5.162758e+14
16E,1378,mht_bol,ATL@45,all,4.240993e+13
16E,1378,mht_res,ATL@55,0-700,7.603475e+14
16E,1378,mht_bol,ATL@55,0-700,1.053243e+13
16E,1378,mht_res,ATL@55,700-2000,-4.293952e+13
16E,1378,mht_bol,ATL@55,700-2000,-6.079563e+12
16E,1378,mht_res,ATL@55,2000+,-4.535343e+13
16E,1378,mht_bol,ATL@55,2000+,-3.046021e+12
16E,1378,mht_res,ATL@55,all,6.720545e+14
16E,1378,mht_bol,ATL@55,all,1.406847e+12
16E,1378,mht_res,ATL@66,0-700,1.559901e+14
16E,1378,mht_bol,ATL@66,0-700,2.379976e+13
16E,1378,mht_res,ATL@66,700-2000,7.406707e+12
16E,1378,mht_bol,ATL@66,700-2000,-3.599469e+12
16E,1378,mht_res,ATL@66,2000+,-6.381956e+11
16E,1378,mht_bol,ATL@66,2000+,1.157216e+11
16E,1378,mht_res,ATL@66,all,1.627586e+14
16E,1378,mht_bol,ATL@66,all,2.031601e+13
16E,1379,ohc,SO,0-700,1.650541e+24
16E,1379,ohc,SO,700-2000,1.200916e+24
16E,1379,ohc,SO,2000+,7.469607e+23
16E,1379,ohc,SO,all,3.598418e+24
16E,1379,ohc,NORD,0-700,1.585572e+22
16E,1379,ohc,NORD,700-2000,8.965062e+20
16E,1379,ohc,NORD,2000+,-1.592868e+22
16E,1379,ohc,NORD,all,8.235446e+20
16E,1379,ohc,SATL,0-700,7.086743e+23
16E,1379,ohc,SATL,700-2000,4.264588e+23
16E,1379,ohc,SATL,2000+,4.498012e+23
16E,1379,ohc,SATL,all,1.584934e+24
16E,1379,ohc,NATL,0-700,1.346979e+24
16E,1379,ohc,NATL,700-2000,9.331817e+23
16E,1379,ohc,NATL,2000+,7.720313e+23
16E,1379,ohc,NATL,all,3.052192e+24
16E,1379,ohc,SPNA,0-700,1.318053e+23
16E,1379,ohc,SPNA,700-2000,1.219216e+23
16E,1379,ohc,SPNA,2000+,8.477559e+22
16E,1379,ohc,SPNA,all,3.385025e+23
16E,1379,ohc,IP,0-700,5.898569e+24
16E,1379,ohc,IP,700-2000,3.105344e+24
16E,1379,ohc,IP,2000+,2.149411e+24
16E,1379,ohc,IP,all,1.115332e+25
16E,1379,ohc,OTHER,0-700,4.079373e+22
16E,1379,ohc,OTHER,700-2000,1.497544e+22
16E,1379,ohc,OTHER,2000+,1.123160e+21
16E,1379,ohc,OTHER,all,5.689233e+22
16E,1379,sfc,SO,col,-4.760222e+14
16E,1379,sfc,NORD,col,-3.108912e+14
16E,1379,sfc,SATL,col,3.053650e+14
16E,1379,sfc,NATL,col,9.657665e+13
16E,1379,sfc,SPNA,col,-2.136122e+14
16E,1379,sfc,IP,col,1.031878e+15
16E,1379,sfc,OTHER,col,4.833828e+13
16E,1379,tend,SO,col,-5.085110e+13
16E,1379,tend,NORD,col,2.710340e+13
16E,1379,tend,SATL,col,1.904537e+13
16E,1379,tend,NATL,col,1.606628e+14
16E,1379,tend,SPNA,col,4.691124e+13
16E,1379,tend,IP,col,2.687307e+14
16E,1379,tend,OTHER,col,-5.506180e+11
16E,1379,adv,SO,col,4.003752e+14
16E,1379,adv,NORD,col,3.611124e+14
16E,1379,adv,SATL,col,-3.133585e+14
16E,1379,adv,NATL,col,1.810647e+12
16E,1379,adv,SPNA,col,2.668796e+14
16E,1379,adv,IP,col,-8.004260e+14
16E,1379,adv,OTHER,col,-5.872321e+13
16E,1379,diff,SO,col,-4.512263e+14
16E,1379,diff,NORD,col,-3.340090e+14
16E,1379,diff,SATL,col,3.324039e+14
16E,1379,diff,NATL,col,1.588521e+14
16E,1379,diff,SPNA,col,-2.199684e+14
16E,1379,diff,IP,col,1.069157e+15
16E,1379,diff,OTHER,col,5.817259e+13
16E,1379,mht_res,ATL@-34,0-700,3.109714e+14
16E,1379,mht_bol,ATL@-34,0-700,-1.616074e+13
16E,1379,mht_res,ATL@-34,700-2000,3.306061e+13
16E,1379,mht_bol,ATL@-34,700-2000,1.086387e+13
16E,1379,mht_res,ATL@-34,2000+,-6.029250e+13
16E,1379,mht_bol,ATL@-34,2000+,-3.620245e+12
16E,1379,mht_res,ATL@-34,all,2.837396e+14
16E,1379,mht_bol,ATL@-34,all,-8.917110e+12
16E,1379,mht_res,ATL@-20,0-700,8.604409e+14
16E,1379,mht_bol,ATL@-20,0-700,5.418750e+13
16E,1379,mht_res,ATL@-20,700-2000,-4.675152e+13
16E,1379,mht_bol,ATL@-20,700-2000,-1.302081e+13
16E,1379,mht_res,ATL@-20,2000+,-8.481006e+13
16E,1379,mht_bol,ATL@-20,2000+,-6.022265e+11
16E,1379,mht_res,ATL@-20,all,7.288793e+14
16E,1379,mht_bol,ATL@-20,all,4.056446e+13
16E,1379,mht_res,ATL@20,0-700,1.662805e+15
16E,1379,mht_bol,ATL@20,0-700,-4.384397e+13
16E,1379,mht_res,ATL@20,700-2000,-1.366167e+14
16E,1379,mht_bol,ATL@20,700-2000,2.331037e+13
16E,1379,mht_res,ATL@20,2000+,-3.204400e+13
16E,1379,mht_bol,ATL@20,2000+,3.991807e+11
16E,1379,mht_res,ATL@20,all,1.494145e+15
16E,1379,mht_bol,ATL@20,all,-2.013442e+13
16E,1379,mht_res,ATL@30,0-700,1.060293e+15
16E,1379,mht_bol,ATL@30,0-700,1.750171e+13
16E,1379,mht_res,ATL@30,700-2000,-2.125235e+14
16E,1379,mht_bol,ATL@30,700-2000,-1.564971e+13
16E,1379,mht_res,ATL@30,2000+,-1.059511e+14
16E,1379,mht_bol,ATL@30,2000+,4.297380e+12
16E,1379,mht_res,ATL@30,all,7.418188e+14
16E,1379,mht_bol,ATL@30,all,6.149377e+12
16E,1379,mht_res,ATL@45,0-700,7.709523e+14
16E,1379,mht_bol,ATL@45,0-700,6.226713e+13
16E,1379,mht_res,ATL@45,700-2000,-1.335228e+14
16E,1379,mht_bol,ATL@45,700-2000,-1.675895e+13
16E,1379,mht_res,ATL@45,2000+,-8.771423e+13
16E,1379,mht_bol,ATL@45,2000+,-7.929176e+12
16E,1379,mht_res,ATL@45,all,5.497153e+14
16E,1379,mht_bol,ATL@45,all,3.757901e+13
16E,1379,mht_res,ATL@55,0-700,7.809332e+14
16E,1379,mht_bol,ATL@55,0-700,2.410510e+13
16E,1379,mht_res,ATL@55,700-2000,-4.459174e+13
16E,1379,mht_bol,ATL@55,700-2000,-1.567612e+13
16E,1379,mht_res,ATL@55,2000+,-4.457321e+13
16E,1379,mht_bol,ATL@55,2000+,-8.304408e+12
16E,1379,mht_res,ATL@55,all,6.917683e+14
16E,1379,mht_bol,ATL@55,all,1.245709e+11
16E,1379,mht_res,ATL@66,0-700,1.618845e+14
16E,1379,mht_bol,ATL@66,0-700,2.410009e+13
16E,1379,mht_res,ATL@66,700-2000,4.921952e+12
16E,1379,mht_bol,ATL@66,700-2000,-3.431690e+12
16E,1379,mht_res,ATL@66,2000+,6.001779e+11
16E,1379,mht_bol,ATL@66,2000+,1.010705e+11
16E,1379,mht_res,ATL@66,all,1.674067e+14
16E,1379,mht_bol,ATL@66,all,2.076947e+13
16E,1380,ohc,SO,0-700,1.651913e+24
16E,1380,ohc,SO,700-2000,1.198023e+24
16E,1380,ohc,SO,2000+,7.464884e+23
16E,1380,ohc,SO,all,3.596424e+24
16E,1380,ohc,NORD,0-700,1.539031e+22
16E,1380,ohc,NORD,700-2000,1.702783e+21
16E,1380,ohc,NORD,2000+,-1.588795e+22
16E,1380,ohc,NORD,all,1.205147e+21
16E,1380,ohc,SATL,0-700,7.122253e+23
16E,1380,ohc,SATL,700-2000,4.281177e+23
16E,1380,ohc,SATL,2000+,4.505311e+23
16E,1380,ohc,SATL,all,1.590874e+24
16E,1380,ohc,NATL,0-700,1.350981e+24
16E,1380,ohc,NATL,700-2000,9.316794e+23
16E,1380,ohc,NATL,2000+,7.727412e+23
16E,1380,ohc,NATL,all,3.055401e+24
16E,1380,ohc,SPNA,0-700,1.350453e+23
16E,1380,ohc,SPNA,700-2000,1.224965e+23
16E,1380,ohc,SPNA,2000+,8.481843e+22
16E,1380,ohc,SPNA,all,3.423602e+23
16E,1380,ohc,IP,0-700,5.899614e+24
16E,1380,ohc,IP,700-2000,3.108173e+24
16E,1380,ohc,IP,2000+,2.148690e+24
16E,1380,ohc,IP,all,1.115648e+25
16E,1380,ohc,OTHER,0-700,4.104745e+22
16E,1380,ohc,OTHER,700-2000,1.494689e+22
16E,1380,ohc,OTHER,2000+,1.120327e+21
16E,1380,ohc,OTHER,all,5.711467e+22
16E,1380,sfc,SO,col,-5.295528e+14
16E,1380,sfc,NORD,col,-3.179892e+14
16E,1380,sfc,SATL,col,4.238888e+14
16E,1380,sfc,NATL,col,5.486510e+13
16E,1380,sfc,SPNA,col,-1.710462e+14
16E,1380,sfc,IP,col,9.300620e+14
16E,1380,sfc,OTHER,col,5.390612e+13
16E,1380,tend,SO,col,-3.804346e+13
16E,1380,tend,NORD,col,1.336284e+13
16E,1380,tend,SATL,col,2.030400e+14
16E,1380,tend,NATL,col,7.813718e+13
16E,1380,tend,SPNA,col,9.763895e+13
16E,1380,tend,IP,col,7.296546e+13
16E,1380,tend,OTHER,col,2.458133e+12
16E,1380,adv,SO,col,4.632535e+14
16E,1380,adv,NORD,col,3.485205e+14
16E,1380,adv,SATL,col,-2.470334e+14
16E,1380,adv,NATL,col,-4.119356e+13
16E,1380,adv,SPNA,col,2.778037e+14
16E,1380,adv,IP,col,-8.962546e+14
16E,1380,adv,OTHER,col,-6.177116e+13
16E,1380,diff,SO,col,-5.012969e+14
16E,1380,diff,NORD,col,-3.351577e+14
16E,1380,diff,SATL,col,4.500734e+14
16E,1380,diff,NATL,col,1.193307e+14
16E,1380,diff,SPNA,col,-1.801647e+14
16E,1380,diff,IP,col,9.692201e+14
16E,1380,diff,OTHER,col,6.422929e+13
16E,1380,mht_res,ATL@-34,0-700,3.211074e+14
16E,1380,mht_bol,ATL@-34,0-700,-1.578462e+13
16E,1380,mht_res,ATL@-34,700-2000,1.698328e+13
16E,1380,mht_bol,ATL@-34,700-2000,1.059656e+13
16E,1380,mht_res,ATL@-34,2000+,-6.730731e+13
16E,1380,mht_bol,ATL@-34,2000+,-3.595138e+12
16E,1380,mht_res,ATL@-34,all,2.707833e+14
16E,1380,mht_bol,ATL@-34,all,-8.783200e+12
16E,1380,mht_res,ATL@-20,0-700,8.460227e+14
16E,1380,mht_bol,ATL@-20,0-700,4.950507e+13
16E,1380,mht_res,ATL@-20,700-2000,-4.856549e+13
16E,1380,mht_bol,ATL@-20,700-2000,-1.212030e+13
16E,1380,mht_res,ATL@-20,2000+,-8.689098e+13
16E,1380,mht_bol,ATL@-20,2000+,-6.903610e+11
16E,1380,mht_res,ATL@-20,all,7.105662e+14
16E,1380,mht_bol,ATL@-20,all,3.669441e+13
16E,1380,mht_res,ATL@20,0-700,1.678237e+15
16E,1380,mht_bol,ATL@20,0-700,-3.578113e+13
16E,1380,mht_res,ATL@20,700-2000,-1.302313e+14
16E,1380,mht_bol,ATL@20,700-2000,2.203768e+13
16E,1380,mht_res,ATL@20,2000+,-3.601387e+13
16E,1380,mht_bol,ATL@20,2000+,8.049143e+11
16E,1380,mht_res,ATL@20,all,1.511992e+15
16E,1380,mht_bol,ATL@20,all,-1.293854e+13
16E,1380,mht_res,ATL@30,0-700,1.038088e+15
16E,1380,mht_bol,ATL@30,0-700,2.243253e+13
16E,1380,mht_res,ATL@30,700-2000,-2.198405e+14
16E,1380,mht_bol,ATL@30,700-2000,-1.573848e+13
16E,1380,mht_res,ATL@30,2000+,-1.123160e+14
16E,1380,mht_bol,ATL@30,2000+,3.526076e+12
16E,1380,mht_res,ATL@30,all,7.059317e+14
16E,1380,mht_bol,ATL@30,all,1.022013e+13
16E,1380,mht_res,ATL@45,0-700,7.269158e+14
16E,1380,mht_bol,ATL@45,0-700,6.753521e+13
16E,1380,mht_res,ATL@45,700-2000,-1.412444e+14
16E,1380,mht_bol,ATL@45,700-2000,-1.921622e+13
16E,1380,mht_res,ATL@45,2000+,-8.921549e+13
16E,1380,mht_bol,ATL@45,2000+,-9.038512e+12
16E,1380,mht_res,ATL@45,all,4.964559e+14
16E,1380,mht_bol,ATL@45,all,3.928048e+13
16E,1380,mht_res,ATL@55,0-700,7.731729e+14
16E,1380,mht_bol,ATL@55,0-700,1.662006e+13
16E,1380,mht_res,ATL@55,700-2000,-4.857503e+13
16E,1380,mht_bol,ATL@55,700-2000,-9.039914e+12
16E,1380,mht_res,ATL@55,2000+,-4.772800e+13
16E,1380,mht_bol,ATL@55,2000+,-4.997598e+12
16E,1380,mht_res,ATL@55,all,6.768698e+14
16E,1380,mht_bol,ATL@55,all,2.582553e+12
16E,1380,mht_res,ATL@66,0-700,1.683630e+14
16E,1380,mht_bol,ATL@66,0-700,2.286353e+13
16E,1380,mht_res,ATL@66,700-2000,4.221182e+12
16E,1380,mht_bol,ATL@66,700-2000,-3.427912e+12
16E,1380,mht_res,ATL@66,2000+,2.458001e+11
16E,1380,mht_bol,ATL@66,2000+,5.756722e+10
16E,1380,mht_res,ATL@66,all,1.728300e+14
16E,1380,mht_bol,ATL@66,all,1.949318e+13
16E,1381,ohc,SO,0-700,1.651543e+24
16E,1381,ohc,SO,700-2000,1.199031e+24
16E,1381,ohc,SO,2000+,7.471120e+23
16E,1381,ohc,SO,all,3.597686e+24
16E,1381,ohc,NORD,0-700,1.617195e+22
16E,1381,ohc,NORD,700-2000,2.455399e+21
16E,1381,ohc,NORD,2000+,-1.582399e+22
16E,1381,ohc,NORD,all,2.803362e+21
16E,1381,ohc,SATL,0-700,7.123766e+23
16E,1381,ohc,SATL,700-2000,4.294332e+23
16E,1381,ohc,SATL,2000+,4.509942e+23
16E,1381,ohc,SATL,all,1.592804e+24
16E,1381,ohc,NATL,0-700,1.350729e+24
16E,1381,ohc,NATL,700-2000,9.313952e+23
16E,1381,ohc,NATL,2000+,7.734941e+23
16E,1381,ohc,NATL,all,3.055618e+24
16E,1381,ohc,SPNA,0-700,1.344926e+23
16E,1381,ohc,SPNA,700-2000,1.232533e+23
16E,1381,ohc,SPNA,2000+,8.495287e+22
16E,1381,ohc,SPNA,all,3.426988e+23
16E,1381,ohc,IP,0-700,5.902457e+24
16E,1381,ohc,IP,700-2000,3.110338e+24
16E,1381,ohc,IP,2000+,2.147659e+24
16E,1381,ohc,IP,all,1.116045e+25
16E,1381,ohc,OTHER,0-700,4.095160e+22
16E,1381,ohc,OTHER,700-2000,1.497634e+22
16E,1381,ohc,OTHER,2000+,1.128142e+21
16E,1381,ohc,OTHER,all,5.705608e+22
16E,1381,sfc,SO,col,-5.220091e+14
16E,1381,sfc,NORD,col,-3.188513e+14
16E,1381,sfc,SATL,col,2.911420e+14
16E,1381,sfc,NATL,col,-4.762016e+13
16E,1381,sfc,SPNA,col,-2.753512e+14
16E,1381,sfc,IP,col,1.204802e+15
16E,1381,sfc,OTHER,col,4.442747e+13
16E,1381,tend,SO,col,2.344084e+14
16E,1381,tend,NORD,col,5.801078e+13
16E,1381,tend,SATL,col,6.355112e+12
16E,1381,tend,NATL,col,1.661297e+13
16E,1381,tend,SPNA,col,-7.707468e+13
16E,1381,tend,IP,col,1.634845e+14
16E,1381,tend,OTHER,col,1.024877e+12
16E,1381,adv,SO,col,7.342506e+14
16E,1381,adv,NORD,col,3.944525e+14
16E,1381,adv,SATL,col,-3.110683e+14
16E,1381,adv,NATL,col,-3.511582e+12
16E,1381,adv,SPNA,col,2.119366e+14
16E,1381,adv,IP,col,-1.089362e+15
16E,1381,adv,OTHER,col,-5.496637e+13
16E,1381,diff,SO,col,-4.998422e+14
16E,1381,diff,NORD,col,-3.364417e+14
16E,1381,diff,SATL,col,3.174234e+14
16E,1381,diff,NATL,col,2.012455e+13
16E,1381,diff,SPNA,col,-2.890113e+14
16E,1381,diff,IP,col,1.252846e+15
16E,1381,diff,OTHER,col,5.599125e+13
16E,1381,mht_res,ATL@-34,0-700,2.615178e+14
16E,1381,mht_bol,ATL@-34,0-700,-2.035031e+13
16E,1381,mht_res,ATL@-34,700-2000,1.114012e+13
16E,1381,mht_bol,ATL@-34,700-2000,1.106519e+13
16E,1381,mht_res,ATL@-34,2000+,-6.653482e+13
16E,1381,mht_bol,ATL@-34,2000+,-3.140184e+12
16E,1381,mht_res,ATL@-34,all,2.061231e+14
16E,1381,mht_bol,ATL@-34,all,-1.242530e+13
16E,1381,mht_res,ATL@-20,0-700,8.167647e+14
16E,1381,mht_bol,ATL@-20,0-700,5.222052e+13
16E,1381,mht_res,ATL@-20,700-2000,-5.048250e+13
16E,1381,mht_bol,ATL@-20,700-2000,-1.212172e+13
16E,1381,mht_res,ATL@-20,2000+,-8.202467e+13
16E,1381,mht_bol,ATL@-20,2000+,-7.771746e+11
16E,1381,mht_res,ATL@-20,all,6.842576e+14
16E,1381,mht_bol,ATL@-20,all,3.932163e+13
16E,1381,mht_res,ATL@20,0-700,1.754020e+15
16E,1381,mht_bol,ATL@20,0-700,-3.655116e+13
16E,1381,mht_res,ATL@20,700-2000,-1.431999e+14
16E,1381,mht_bol,ATL@20,700-2000,2.210139e+13
16E,1381,mht_res,ATL@20,2000+,-4.751026e+13
16E,1381,mht_bol,ATL@20,2000+,1.173378e+12
16E,1381,mht_res,ATL@20,all,1.563310e+15
16E,1381,mht_bol,ATL@20,all,-1.327640e+13
16E,1381,mht_res,ATL@30,0-700,1.213175e+15
16E,1381,mht_bol,ATL@30,0-700,3.070509e+13
16E,1381,mht_res,ATL@30,700-2000,-2.155406e+14
16E,1381,mht_bol,ATL@30,700-2000,-1.817375e+13
16E,1381,mht_res,ATL@30,2000+,-1.250037e+14
16E,1381,mht_bol,ATL@30,2000+,2.838896e+12
16E,1381,mht_res,ATL@30,all,8.726305e+14
16E,1381,mht_bol,ATL@30,all,1.537024e+13
16E,1381,mht_res,ATL@45,0-700,7.202569e+14
16E,1381,mht_bol,ATL@45,0-700,6.271199e+13
16E,1381,mht_res,ATL@45,700-2000,-1.409622e+14
16E,1381,mht_bol,ATL@45,700-2000,-1.837098e+13
16E,1381,mht_res,ATL@45,2000+,-8.160777e+13
16E,1381,mht_bol,ATL@45,2000+,-7.845533e+12
16E,1381,mht_res,ATL@45,all,4.976869e+14
16E,1381,mht_bol,ATL@45,all,3.649548e+13
16E,1381,mht_res,ATL@55,0-700,7.411265e+14
16E,1381,mht_bol,ATL@55,0-700,2.552366e+13
16E,1381,mht_res,ATL@55,700-2000,-4.727586e+13
16E,1381,mht_bol,ATL@55,700-2000,-1.632976e+13
16E,1381,mht_res,ATL@55,2000+,-4.257793e+13
16E,1381,mht_bol,ATL@55,2000+,-6.892064e+12
16E,1381,mht_res,ATL@55,all,6.512727e+14
16E,1381,mht_bol,ATL@55,all,2.301841e+12
16E,1381,mht_res,ATL@66,0-700,1.853138e+14
16E,1381,mht_bol,ATL@66,0-700,2.392057e+13
16E,1381,mht_res,ATL@66,700-2000,3.232394e+12
16E,1381,mht_bol,ATL@66,700-2000,-3.887048e+12
16E,1381,mht_res,ATL@66,2000+,9.371239e+11
16E,1381,mht_bol,ATL@66,2000+,8.913435e+10
16E,1381,mht_res,ATL@66,all,1.894834e+14
16E,1381,mht_bol,ATL@66,all,2.012265e+13
16E,1382,ohc,SO,0-700,1.655264e+24
16E,1382,ohc,SO,700-2000,1.203661e+24
16E,1382,ohc,SO,2000+,7.485111e+23
16E,1382,ohc,SO,all,3.607435e+24
16E,1382,ohc,NORD,0-700,1.572689e+22
16E,1382,ohc,NORD,700-2000,2.979013e+21
16E,1382,ohc,NORD,2000+,-1.574583e+22
16E,1382,ohc,NORD,all,2.960076e+21
16E,1382,ohc,SATL,0-700,7.110656e+23
16E,1382,ohc,SATL,700-2000,4.304294e+23
16E,1382,ohc,SATL,2000+,4.513098e+23
16E,1382,ohc,SATL,all,1.592805e+24
16E,1382,ohc,NATL,0-700,1.350780e+24
16E,1382,ohc,NATL,700-2000,9.304792e+23
16E,1382,ohc,NATL,2000+,7.742976e+23
16E,1382,ohc,NATL,all,3.055557e+24
16E,1382,ohc,SPNA,0-700,1.352075e+23
16E,1382,ohc,SPNA,700-2000,1.240944e+23
16E,1382,ohc,SPNA,2000+,8.506206e+22
16E,1382,ohc,SPNA,all,3.443640e+23
16E,1382,ohc,IP,0-700,5.906727e+24
16E,1382,ohc,IP,700-2000,3.109914e+24
16E,1382,ohc,IP,2000+,2.146054e+24
16E,1382,ohc,IP,all,1.116270e+25
16E,1382,ohc,OTHER,0-700,4.103467e+22
16E,1382,ohc,OTHER,700-2000,1.499528e+22
16E,1382,ohc,OTHER,2000+,1.130740e+21
16E,1382,ohc,OTHER,all,5.716069e+22
16E,1382,sfc,SO,col,-5.731578e+14
16E,1382,sfc,NORD,col,-3.188734e+14
16E,1382,sfc,SATL,col,2.701276e+14
16E,1382,sfc,NATL,col,2.485359e+13
16E,1382,sfc,SPNA,col,-1.647579e+14
16E,1382,sfc,IP,col,1.190565e+15
16E,1382,sfc,OTHER,col,3.722026e+13
16E,1382,tend,SO,col,4.640422e+14
16E,1382,tend,NORD,col,1.520701e+13
16E,1382,tend,SATL,col,-1.095450e+13
16E,1382,tend,NATL,col,-7.735822e+13
16E,1382,tend,SPNA,col,1.231346e+14
16E,1382,tend,IP,col,-9.622834e+13
16E,1382,tend,OTHER,col,-1.130644e+13
16E,1382,adv,SO,col,1.019500e+15
16E,1382,adv,NORD,col,3.504257e+14
16E,1382,adv,SATL,col,-3.092601e+14
16E,1382,adv,NATL,col,-1.655520e+14
16E,1382,adv,SPNA,col,3.024541e+14
16E,1382,adv,IP,col,-1.327821e+15
16E,1382,adv,OTHER,col,-5.762902e+13
16E,1382,diff,SO,col,-5.554575e+14
16E,1382,diff,NORD,col,-3.352187e+14
16E,1382,diff,SATL,col,2.983056e+14
16E,1382,diff,NATL,col,8.819379e+13
16E,1382,diff,SPNA,col,-1.793195e+14
16E,1382,diff,IP,col,1.231593e+15
16E,1382,diff,OTHER,col,4.632258e+13
16E,1382,mht_res,ATL@-34,0-700,2.454355e+14
16E,1382,mht_bol,ATL@-34,0-700,-1.275868e+13
16E,1382,mht_res,ATL@-34,700-2000,1.853381e+13
16E,1382,mht_bol,ATL@-34,700-2000,1.022766e+13
16E,1382,mht_res,ATL@-34,2000+,-5.675527e+13
16E,1382,mht_bol,ATL@-34,2000+,-3.427967e+12
16E,1382,mht_res,ATL@-34,all,2.072141e+14
16E,1382,mht_bol,ATL@-34,all,-5.958994e+12
16E,1382,mht_res,ATL@-20,0-700,7.707254e+14
16E,1382,mht_bol,ATL@-20,0-700,5.755054e+13
16E,1382,mht_res,ATL@-20,700-2000,-4.020967e+13
16E,1382,mht_bol,ATL@-20,700-2000,-1.252098e+13
16E,1382,mht_res,ATL@-20,2000+,-7.160573e+13
16E,1382,mht_bol,ATL@-20,2000+,-1.197644e+12
16E,1382,mht_res,ATL@-20,all,6.589100e+14
16E,1382,mht_bol,ATL@-20,all,4.383192e+13
16E,1382,mht_res,ATL@20,0-700,1.514343e+15
16E,1382,mht_bol,ATL@20,0-700,-4.106017e+13
16E,1382,mht_res,ATL@20,700-2000,-1.453190e+14
16E,1382,mht_bol,ATL@20,700-2000,2.150756e+13
16E,1382,mht_res,ATL@20,2000+,-4.584765e+13
16E,1382,mht_bol,ATL@20,2000+,1.892545e+12
16E,1382,mht_res,ATL@20,all,1.323177e+15
16E,1382,mht_bol,ATL@20,all,-1.766006e+13
16E,1382,mht_res,ATL@30,0-700,1.284058e+15
16E,1382,mht_bol,ATL@30,0-700,3.682060e+13
16E,1382,mht_res,ATL@30,700-2000,-1.989811e+14
16E,1382,mht_bol,ATL@30,700-2000,-1.961934e+13
16E,1382,mht_res,ATL@30,2000+,-1.194399e+14
16E,1382,mht_bol,ATL@30,2000+,2.253716e+12
16E,1382,mht_res,ATL@30,all,9.656370e+14
16E,1382,mht_bol,ATL@30,all,1.945498e+13
16E,1382,mht_res,ATL@45,0-700,7.387804e+14
16E,1382,mht_bol,ATL@45,0-700,6.475914e+13
16E,1382,mht_res,ATL@45,700-2000,-1.484773e+14
16E,1382,mht_bol,ATL@45,700-2000,-1.828528e+13
16E,1382,mht_res,ATL@45,2000+,-9.686050e+13
16E,1382,mht_bol,ATL@45,2000+,-8.542539e+12
16E,1382,mht_res,ATL@45,all,4.934425e+14
16E,1382,mht_bol,ATL@45,all,3.793132e+13
16E,1382,mht_res,ATL@55,0-700,8.183276e+14
16E,1382,mht_bol,ATL@55,0-700,1.451222e+13
16E,1382,mht_res,ATL@55,700-2000,-5.376056e+13
16E,1382,mht_bol,ATL@55,700-2000,-9.597328e+12
16E,1382,mht_res,ATL@55,2000+,-5.453866e+13
16E,1382,mht_bol,ATL@55,2000+,-3.807441e+12
16E,1382,mht_res,ATL@55,all,7.100283e+14
16E,1382,mht_bol,ATL@55,all,1.107455e+12
16E,1382,mht_res,ATL@66,0-700,1.518166e+14
16E,1382,mht_bol,ATL@66,0-700,2.400697e+13
16E,1382,mht_res,ATL@66,700-2000,3.606479e+12
16E,1382,mht_bol,ATL@66,700-2000,-3.789684e+12
16E,1382,mht_res,ATL@66,2000+,2.175148e+11
16E,1382,mht_bol,ATL@66,2000+,1.106781e+11
16E,1382,mht_res,ATL@66,all,1.556406e+14
16E,1382,mht_bol,ATL@66,all,2.032797e+13
16E,1383,ohc,SO,0-700,1.658936e+24
16E,1383,ohc,SO,700-2000,1.208383e+24
16E,1383,ohc,SO,2000+,7.503925e+23
16E,1383,ohc,SO,all,3.617712e+24
16E,1383,ohc,NORD,0-700,1.594384e+22
16E,1383,ohc,NORD,700-2000,3.461555e+21
16E,1383,ohc,NORD,2000+,-1.565800e+22
16E,1383,ohc,NORD,all,3.747392e+21
16E,1383,ohc,SATL,0-700,7.081625e+23
16E,1383,ohc,SATL,700-2000,4.315411e+23
16E,1383,ohc,SATL,2000+,4.515413e+23
16E,1383,ohc,SATL,all,1.591245e+24
16E,1383,ohc,NATL,0-700,1.351290e+24
16E,1383,ohc,NATL,700-2000,9.284939e+23
16E,1383,ohc,NATL,2000+,7.749819e+23
16E,1383,ohc,NATL,all,3.054766e+24
16E,1383,ohc,SPNA,0-700,1.368979e+23
16E,1383,ohc,SPNA,700-2000,1.249165e+23
16E,1383,ohc,SPNA,2000+,8.527130e+22
16E,1383,ohc,SPNA,all,3.470857e+23
16E,1383,ohc,IP,0-700,5.908891e+24
16E,1383,ohc,IP,700-2000,3.109155e+24
16E,1383,ohc,IP,2000+,2.144449e+24
16E,1383,ohc,IP,all,1.116250e+25
16E,1383,ohc,OTHER,0-700,4.089975e+22
16E,1383,ohc,OTHER,700-2000,1.493211e+22
16E,1383,ohc,OTHER,2000+,1.119758e+21
16E,1383,ohc,OTHER,all,5.695162e+22
16E,1383,sfc,SO,col,-5.859870e+14
16E,1383,sfc,NORD,col,-3.311977e+14
16E,1383,sfc,SATL,col,1.830066e+14
16E,1383,sfc,NATL,col,-2.618847e+13
16E,1383,sfc,SPNA,col,-1.940747e+14
16E,1383,sfc,IP,col,1.170516e+15
16E,1383,sfc,OTHER,col,4.690200e+13
16E,1383,tend,SO,col,3.568884e+14
16E,1383,tend,NORD,col,-3.255573e+12
16E,1383,tend,SATL,col,-5.974686e+13
16E,1383,tend,NATL,col,-7.953356e+13
16E,1383,tend,SPNA,col,8.535742e+13
16E,1383,tend,IP,col,-1.166115e+13
16E,1383,tend,OTHER,col,7.286366e+11
16E,1383,adv,SO,col,9.243744e+14
16E,1383,adv,NORD,col,3.453150e+14
16E,1383,adv,SATL,col,-2.667934e+14
16E,1383,adv,NATL,col,-1.261312e+14
16E,1383,adv,SPNA,col,2.943677e+14
16E,1383,adv,IP,col,-1.220771e+15
16E,1383,adv,OTHER,col,-5.721922e+13
16E,1383,diff,SO,col,-5.674860e+14
16E,1383,diff,NORD,col,-3.485705e+14
16E,1383,diff,SATL,col,2.070466e+14
16E,1383,diff,NATL,col,4.659761e+13
16E,1383,diff,SPNA,col,-2.090103e+14
16E,1383,diff,IP,col,1.209110e+15
16E,1383,diff,OTHER,col,5.794785e+13
16E,1383,mht_res,ATL@-34,0-700,2.759474e+14
16E,1383,mht_bol,ATL@-34,0-700,-1.312793e+13
16E,1383,mht_res,ATL@-34,700-2000,1.318988e+13
16E,1383,mht_bol,ATL@-34,700-2000,1.001310e+13
16E,1383,mht_res,ATL@-34,2000+,-5.807407e+13
16E,1383,mht_bol,ATL@-34,2000+,-3.195200e+12
16E,1383,mht_res,ATL@-34,all,2.310632e+14
16E,1383,mht_bol,ATL@-34,all,-6.310036e+12
16E,1383,mht_res,ATL@-20,0-700,7.540738e+14
16E,1383,mht_bol,ATL@-20,0-700,5.580814e+13
16E,1383,mht_res,ATL@-20,700-2000,-4.615774e+13
16E,1383,mht_bol,ATL@-20,700-2000,-1.217995e+13
16E,1383,mht_res,ATL@-20,2000+,-7.185991e+13
16E,1383,mht_bol,ATL@-20,2000+,-1.385188e+12
16E,1383,mht_res,ATL@-20,all,6.360562e+14
16E,1383,mht_bol,ATL@-20,all,4.224301e+13
16E,1383,mht_res,ATL@20,0-700,1.621724e+15
16E,1383,mht_bol,ATL@20,0-700,-3.864658e+13
16E,1383,mht_res,ATL@20,700-2000,-1.321200e+14
16E,1383,mht_bol,ATL@20,700-2000,2.110819e+13
16E,1383,mht_res,ATL@20,2000+,-4.529016e+13
16E,1383,mht_bol,ATL@20,2000+,1.619795e+12
16E,1383,mht_res,ATL@20,all,1.444314e+15
16E,1383,mht_bol,ATL@20,all,-1.591859e+13
16E,1383,mht_res,ATL@30,0-700,1.404317e+15
16E,1383,mht_bol,ATL@30,0-700,3.830750e+13
16E,1383,mht_res,ATL@30,700-2000,-1.979186e+14
16E,1383,mht_bol,ATL@30,700-2000,-2.079132e+13
16E,1383,mht_res,ATL@30,2000+,-1.354527e+14
16E,1383,mht_bol,ATL@30,2000+,2.455441e+12
16E,1383,mht_res,ATL@30,all,1.070945e+15
16E,1383,mht_bol,ATL@30,all,1.997162e+13
16E,1383,mht_res,ATL@45,0-700,7.596787e+14
16E,1383,mht_bol,ATL@45,0-700,6.849999e+13
16E,1383,mht_res,ATL@45,700-2000,-1.490575e+14
16E,1383,mht_bol,ATL@45,700-2000,-1.894594e+13
16E,1383,mht_res,ATL@45,2000+,-1.007525e+14
16E,1383,mht_bol,ATL@45,2000+,-8.702689e+12
16E,1383,mht_res,ATL@45,all,5.098687e+14
16E,1383,mht_bol,ATL@45,all,4.085136e+13
16E,1383,mht_res,ATL@55,0-700,7.865316e+14
16E,1383,mht_bol,ATL@55,0-700,2.042862e+13
16E,1383,mht_res,ATL@55,700-2000,-5.813187e+13
16E,1383,mht_bol,ATL@55,700-2000,-1.321409e+13
16E,1383,mht_res,ATL@55,2000+,-5.204116e+13
16E,1383,mht_bol,ATL@55,2000+,-5.937928e+12
16E,1383,mht_res,ATL@55,all,6.763585e+14
16E,1383,mht_bol,ATL@55,all,1.276604e+12
16E,1383,mht_res,ATL@66,0-700,1.541409e+14
16E,1383,mht_bol,ATL@66,0-700,2.358027e+13
16E,1383,mht_res,ATL@66,700-2000,2.372361e+12
16E,1383,mht_bol,ATL@66,700-2000,-3.877978e+12
16E,1383,mht_res,ATL@66,2000+,-4.481884e+10
16E,1383,mht_bol,ATL@66,2000+,1.288236e+11
16E,1383,mht_res,ATL@66,all,1.564684e+14
16E,1383,mht_bol,ATL@66,all,1.983111e+13
16E,1384,ohc,SO,0-700,1.660317e+24
16E,1384,ohc,SO,700-2000,1.213952e+24
16E,1384,ohc,SO,2000+,7.524055e+23
16E,1384,ohc,SO,all,3.626674e+24
16E,1384,ohc,NORD,0-700,1.481100e+22
16E,1384,ohc,NORD,700-2000,3.885023e+21
16E,1384,ohc,NORD,2000+,-1.556753e+22
16E,1384,ohc,NORD,all,3.128495e+21
16E,1384,ohc,SATL,0-700,7.069250e+23
16E,1384,ohc,SATL,700-2000,4.329109e+23
16E,1384,ohc,SATL,2000+,4.519294e+23
16E,1384,ohc,SATL,all,1.591765e+24
16E,1384,ohc,NATL,0-700,1.346774e+24
16E,1384,ohc,NATL,700-2000,9.282403e+23
16E,1384,ohc,NATL,2000+,7.757701e+23
16E,1384,ohc,NATL,all,3.050785e+24
16E,1384,ohc,SPNA,0-700,1.382693e+23
16E,1384,ohc,SPNA,700-2000,1.253755e+23
16E,1384,ohc,SPNA,2000+,8.545556e+22
16E,1384,ohc,SPNA,all,3.491004e+23
16E,1384,ohc,IP,0-700,5.913599e+24
16E,1384,ohc,IP,700-2000,3.108333e+24
16E,1384,ohc,IP,2000+,2.142853e+24
16E,1384,ohc,IP,all,1.116478e+25
16E,1384,ohc,OTHER,0-700,4.105599e+22
16E,1384,ohc,OTHER,700-2000,1.496044e+22
16E,1384,ohc,OTHER,2000+,1.122082e+21
16E,1384,ohc,OTHER,all,5.713852e+22
16E,1384,sfc,SO,col,-5.861295e+14
16E,1384,sfc,NORD,col,-3.456166e+14
16E,1384,sfc,SATL,col,2.550786e+14
16E,1384,sfc,NATL,col,3.460283e+13
16E,1384,sfc,SPNA,col,-2.524382e+14
16E,1384,sfc,IP,col,1.386915e+15
16E,1384,sfc,OTHER,col,4.275764e+13
16E,1384,tend,SO,col,3.578649e+14
16E,1384,tend,NORD,col,-2.853219e+13
16E,1384,tend,SATL,col,3.357619e+13
16E,1384,tend,NATL,col,-5.471972e+13
16E,1384,tend,SPNA,col,5.476125e+13
16E,1384,tend,IP,col,1.327412e+14
16E,1384,tend,OTHER,col,-1.480840e+12
16E,1384,adv,SO,col,9.266572e+14
16E,1384,adv,NORD,col,3.349777e+14
16E,1384,adv,SATL,col,-2.498304e+14
16E,1384,adv,NATL,col,-1.577693e+14
16E,1384,adv,SPNA,col,3.230551e+14
16E,1384,adv,IP,col,-1.292532e+15
16E,1384,adv,OTHER,col,-5.571725e+13
16E,1384,diff,SO,col,-5.687922e+14
16E,1384,diff,NORD,col,-3.635098e+14
16E,1384,diff,SATL,col,2.834066e+14
16E,1384,diff,NATL,col,1.030496e+14
16E,1384,diff,SPNA,col,-2.682939e+14
16E,1384,diff,IP,col,1.425273e+15
16E,1384,diff,OTHER,col,5.423641e+13
16E,1384,mht_res,ATL@-34,0-700,2.557508e+14
16E,1384,mht_bol,ATL@-34,0-700,-1.585017e+13
16E,1384,mht_res,ATL@-34,700-2000,1.697069e+13
16E,1384,mht_bol,ATL@-34,700-2000,9.912818e+12
16E,1384,mht_res,ATL@-34,2000+,-5.445117e+13
16E,1384,mht_bol,ATL@-34,2000+,-3.027661e+12
16E,1384,mht_res,ATL@-34,all,2.182703e+14
16E,1384,mht_bol,ATL@-34,all,-8.965018e+12
16E,1384,mht_res,ATL@-20,0-700,7.615426e+14
16E,1384,mht_bol,ATL@-20,0-700,5.803118e+13
16E,1384,mht_res,ATL@-20,700-2000,-3.639782e+13
16E,1384,mht_bol,ATL@-20,700-2000,-1.250746e+13
16E,1384,mht_res,ATL@-20,2000+,-7.531661e+13
16E,1384,mht_bol,ATL@-20,2000+,-1.494039e+12
16E,1384,mht_res,ATL@-20,all,6.498281e+14
16E,1384,mht_bol,ATL@-20,all,4.402969e+13
16E,1384,mht_res,ATL@20,0-700,1.451699e+15
16E,1384,mht_bol,ATL@20,0-700,-4.700214e+13
16E,1384,mht_res,ATL@20,700-2000,-1.422083e+14
16E,1384,mht_bol,ATL@20,700-2000,2.283424e+13
16E,1384,mht_res,ATL@20,2000+,-5.847786e+13
16E,1384,mht_bol,ATL@20,2000+,2.151649e+12
16E,1384,mht_res,ATL@20,all,1.251013e+15
16E,1384,mht_bol,ATL@20,all,-2.201625e+13
16E,1384,mht_res,ATL@30,0-700,1.316661e+15
16E,1384,mht_bol,ATL@30,0-700,3.718692e+13
16E,1384,mht_res,ATL@30,700-2000,-2.189846e+14
16E,1384,mht_bol,ATL@30,700-2000,-1.963427e+13
16E,1384,mht_res,ATL@30,2000+,-1.337530e+14
16E,1384,mht_bol,ATL@30,2000+,2.731951e+12
16E,1384,mht_res,ATL@30,all,9.639232e+14
16E,1384,mht_bol,ATL@30,all,2.028460e+13
16E,1384,mht_res,ATL@45,0-700,7.518320e+14
16E,1384,mht_bol,ATL@45,0-700,6.826696e+13
16E,1384,mht_res,ATL@45,700-2000,-1.632495e+14
16E,1384,mht_bol,ATL@45,700-2000,-1.704705e+13
16E,1384,mht_res,ATL@45,2000+,-9.664275e+13
16E,1384,mht_bol,ATL@45,2000+,-9.483149e+12
16E,1384,mht_res,ATL@45,all,4.919397e+14
16E,1384,mht_bol,ATL@45,all,4.173676e+13
16E,1384,mht_res,ATL@55,0-700,7.793721e+14
16E,1384,mht_bol,ATL@55,0-700,1.666062e+13
16E,1384,mht_res,ATL@55,700-2000,-6.035023e+13
16E,1384,mht_bol,ATL@55,700-2000,-1.126033e+13
16E,1384,mht_res,ATL@55,2000+,-5.302805e+13
16E,1384,mht_bol,ATL@55,2000+,-3.518493e+12
16E,1384,mht_res,ATL@55,all,6.659938e+14
16E,1384,mht_bol,ATL@55,all,1.881797e+12
16E,1384,mht_res,ATL@66,0-700,1.583438e+14
16E,1384,mht_bol,ATL@66,0-700,2.738300e+13
16E,1384,mht_res,ATL@66,700-2000,-2.133996e+11
16E,1384,mht_bol,ATL@66,700-2000,-4.625403e+12
16E,1384,mht_res,ATL@66,2000+,6.524615e+10
16E,1384,mht_bol,ATL@66,2000+,1.315306e+11
16E,1384,mht_res,ATL@66,all,1.581956e+14
16E,1384,mht_bol,ATL@66,all,2.288913e+13
16E,1385,ohc,SO,0-700,1.662529e+24
16E,1385,ohc,SO,700-2000,1.216697e+24
16E,1385,ohc,SO,2000+,7.532201e+23
16E,1385,ohc,SO,all,3.632445e+24
16E,1385,ohc,NORD,0-700,1.453195e+22
16E,1385,ohc,NORD,700-2000,4.329887e+21
16E,1385,ohc,NORD,2000+,-1.547452e+22
16E,1385,ohc,NORD,all,3.387320e+21
16E,1385,ohc,SATL,0-700,7.067331e+23
16E,1385,ohc,SATL,700-2000,4.340783e+23
16E,1385,ohc,SATL,2000+,4.522060e+23
16E,1385,ohc,SATL,all,1.593017e+24
16E,1385,ohc,NATL,0-700,1.348928e+24
16E,1385,ohc,NATL,700-2000,9.281433e+23
16E,1385,ohc,NATL,2000+,7.766703e+23
16E,1385,ohc,NATL,all,3.053742e+24
16E,1385,ohc,SPNA,0-700,1.365467e+23
16E,1385,ohc,SPNA,700-2000,1.252657e+23
16E,1385,ohc,SPNA,2000+,8.586326e+22
16E,1385,ohc,SPNA,all,3.476756e+23
16E,1385,ohc,IP,0-700,5.919109e+24
16E,1385,ohc,IP,700-2000,3.108946e+24
16E,1385,ohc,IP,2000+,2.141321e+24
16E,1385,ohc,IP,all,1.116938e+25
16E,1385,ohc,OTHER,0-700,4.106330e+22
16E,1385,ohc,OTHER,700-2000,1.499762e+22
16E,1385,ohc,OTHER,2000+,1.127103e+21
16E,1385,ohc,OTHER,all,5.718803e+22
16E,1385,sfc,SO,col,-6.358589e+14
16E,1385,sfc,NORD,col,-3.291946e+14
16E,1385,sfc,SATL,col,2.980512e+14
16E,1385,sfc,NATL,col,5.705396e+13
16E,1385,sfc,SPNA,col,-3.416409e+14
16E,1385,sfc,IP,col,1.201313e+15
16E,1385,sfc,OTHER,col,5.518448e+13
16E,1385,tend,SO,col,1.055919e+12
16E,1385,tend,NORD,col,2.188948e+13
16E,1385,tend,SATL,col,3.665143e+13
16E,1385,tend,NATL,col,6.745387e+13
16E,1385,tend,SPNA,col,-1.156978e+14
16E,1385,tend,IP,col,2.815111e+14
16E,1385,tend,OTHER,col,6.814639e+12
16E,1385,adv,SO,col,6.086963e+14
16E,1385,adv,NORD,col,3.706977e+14
16E,1385,adv,SATL,col,-2.910832e+14
16E,1385,adv,NATL,col,-6.067090e+13
16E,1385,adv,SPNA,col,2.383504e+14
16E,1385,adv,IP,col,-9.620927e+14
16E,1385,adv,OTHER,col,-5.846120e+13
16E,1385,diff,SO,col,-6.076404e+14
16E,1385,diff,NORD,col,-3.488082e+14
16E,1385,diff,SATL,col,3.277347e+14
16E,1385,diff,NATL,col,1.281248e+14
16E,1385,diff,SPNA,col,-3.540481e+14
16E,1385,diff,IP,col,1.243604e+15
16E,1385,diff,OTHER,col,6.527584e+13
16E,1385,mht_res,ATL@-34,0-700,2.678163e+14
16E,1385,mht_bol,ATL@-34,0-700,-1.248914e+13
16E,1385,mht_res,ATL@-34,700-2000,6.829308e+12
16E,1385,mht_bol,ATL@-34,700-2000,9.604014e+12
16E,1385,mht_res,ATL@-34,2000+,-6.308250e+13
16E,1385,mht_bol,ATL@-34,2000+,-3.105347e+12
16E,1385,mht_res,ATL@-34,all,2.115631e+14
16E,1385,mht_bol,ATL@-34,all,-5.990469e+12
16E,1385,mht_res,ATL@-20,0-700,7.655144e+14
16E,1385,mht_bol,ATL@-20,0-700,5.616253e+13
16E,1385,mht_res,ATL@-20,700-2000,-3.847360e+13
16E,1385,mht_bol,ATL@-20,700-2000,-1.290763e+13
16E,1385,mht_res,ATL@-20,2000+,-8.559705e+13
16E,1385,mht_bol,ATL@-20,2000+,-1.425668e+12
16E,1385,mht_res,ATL@-20,all,6.414438e+14
16E,1385,mht_bol,ATL@-20,all,4.182923e+13
16E,1385,mht_res,ATL@20,0-700,1.573841e+15
16E,1385,mht_bol,ATL@20,0-700,-4.400903e+13
16E,1385,mht_res,ATL@20,700-2000,-1.406376e+14
16E,1385,mht_bol,ATL@20,700-2000,2.258018e+13
16E,1385,mht_res,ATL@20,2000+,-5.638750e+13
16E,1385,mht_bol,ATL@20,2000+,1.572066e+12
16E,1385,mht_res,ATL@20,all,1.376816e+15
16E,1385,mht_bol,ATL@20,all,-1.985679e+13
16E,1385,mht_res,ATL@30,0-700,1.381545e+15
16E,1385,mht_bol,ATL@30,0-700,2.522032e+13
16E,1385,mht_res,ATL@30,700-2000,-2.045295e+14
16E,1385,mht_bol,ATL@30,700-2000,-1.514007e+13
16E,1385,mht_res,ATL@30,2000+,-1.355298e+14
16E,1385,mht_bol,ATL@30,2000+,2.497606e+12
16E,1385,mht_res,ATL@30,all,1.041486e+15
16E,1385,mht_bol,ATL@30,all,1.257785e+13
16E,1385,mht_res,ATL@45,0-700,7.129721e+14
16E,1385,mht_bol,ATL@45,0-700,7.317402e+13
16E,1385,mht_res,ATL@45,700-2000,-1.604467e+14
16E,1385,mht_bol,ATL@45,700-2000,-1.704359e+13
16E,1385,mht_res,ATL@45,2000+,-9.204031e+13
16E,1385,mht_bol,ATL@45,2000+,-1.009847e+13
16E,1385,mht_res,ATL@45,all,4.604851e+14
16E,1385,mht_bol,ATL@45,all,4.603195e+13
16E,1385,mht_res,ATL@55,0-700,7.249291e+14
16E,1385,mht_bol,ATL@55,0-700,2.738096e+13
16E,1385,mht_res,ATL@55,700-2000,-5.890757e+13
16E,1385,mht_bol,ATL@55,700-2000,-1.470032e+13
16E,1385,mht_res,ATL@55,2000+,-4.733049e+13
16E,1385,mht_bol,ATL@55,2000+,-8.602348e+12
16E,1385,mht_res,ATL@55,all,6.186910e+14
16E,1385,mht_bol,ATL@55,all,4.078285e+12
16E,1385,mht_res,ATL@66,0-700,1.837424e+14
16E,1385,mht_bol,ATL@66,0-700,3.046471e+13
16E,1385,mht_res,ATL@66,700-2000,-2.284377e+12
16E,1385,mht_bol,ATL@66,700-2000,-5.585537e+12
16E,1385,mht_res,ATL@66,2000+,7.517215e+11
16E,1385,mht_bol,ATL@66,2000+,1.880840e+11
16E,1385,mht_res,ATL@66,all,1.822098e+14
16E,1385,mht_bol,ATL@66,all,2.506726e+13
16E,1386,ohc,SO,0-700,1.663200e+24
16E,1386,ohc,SO,700-2000,1.217323e+24
16E,1386,ohc,SO,2000+,7.534347e+23
16E,1386,ohc,SO,all,3.633958e+24
16E,1386,ohc,NORD,0-700,1.489267e+22
16E,1386,ohc,NORD,700-2000,4.945755e+21
16E,1386,ohc,NORD,2000+,-1.539223e+22
16E,1386,ohc,NORD,all,4.446193e+21
16E,1386,ohc,SATL,0-700,7.057396e+23
16E,1386,ohc,SATL,700-2000,4.349158e+23
16E,1386,ohc,SATL,2000+,4.524602e+23
16E,1386,ohc,SATL,all,1.593116e+24
16E,1386,ohc,NATL,0-700,1.350522e+24
16E,1386,ohc,NATL,700-2000,9.287400e+23
16E,1386,ohc,NATL,2000+,7.778307e+23
16E,1386,ohc,NATL,all,3.057092e+24
16E,1386,ohc,SPNA,0-700,1.363393e+23
16E,1386,ohc,SPNA,700-2000,1.252836e+23
16E,1386,ohc,SPNA,2000+,8.598138e+22
16E,1386,ohc,SPNA,all,3.476043e+23
16E,1386,ohc,IP,0-700,5.922411e+24
16E,1386,ohc,IP,700-2000,3.111610e+24
16E,1386,ohc,IP,2000+,2.140262e+24
16E,1386,ohc,IP,all,1.117428e+25
16E,1386,ohc,OTHER,0-700,4.095901e+22
16E,1386,ohc,OTHER,700-2000,1.500490e+22
16E,1386,ohc,OTHER,2000+,1.127085e+21
16E,1386,ohc,OTHER,all,5.709100e+22
16E,1386,sfc,SO,col,-5.511576e+14
16E,1386,sfc,NORD,col,-2.967148e+14
16E,1386,sfc,SATL,col,3.082476e+14
16E,1386,sfc,NATL,col,1.422760e+14
16E,1386,sfc,SPNA,col,-2.312750e+14
16E,1386,sfc,IP,col,1.019575e+15
16E,1386,sfc,OTHER,col,4.237033e+13
16E,1386,tend,SO,col,3.734526e+14
16E,1386,tend,NORD,col,5.487921e+13
16E,1386,tend,SATL,col,-1.846547e+12
16E,1386,tend,NATL,col,9.720128e+13
16E,1386,tend,SPNA,col,4.946360e+13
16E,1386,tend,IP,col,-1.686327e+14
16E,1386,tend,OTHER,col,6.908625e+11
16E,1386,adv,SO,col,9.018208e+14
16E,1386,adv,NORD,col,3.714814e+14
16E,1386,adv,SATL,col,-3.391566e+14
16E,1386,adv,NATL,col,-1.158198e+14
16E,1386,adv,SPNA,col,2.883378e+14
16E,1386,adv,IP,col,-1.226819e+15
16E,1386,adv,OTHER,col,-5.272674e+13
16E,1386,diff,SO,col,-5.283682e+14
16E,1386,diff,NORD,col,-3.166021e+14
16E,1386,diff,SATL,col,3.373100e+14
16E,1386,diff,NATL,col,2.130211e+14
16E,1386,diff,SPNA,col,-2.388742e+14
16E,1386,diff,IP,col,1.058186e+15
16E,1386,diff,OTHER,col,5.341760e+13
16E,1386,mht_res,ATL@-34,0-700,2.365952e+14
16E,1386,mht_bol,ATL@-34,0-700,-1.326192e+13
16E,1386,mht_res,ATL@-34,700-2000,4.665242e+12
16E,1386,mht_bol,ATL@-34,700-2000,9.678942e+12
16E,1386,mht_res,ATL@-34,2000+,-6.524477e+13
16E,1386,mht_bol,ATL@-34,2000+,-2.941895e+12
16E,1386,mht_res,ATL@-34,all,1.760157e+14
16E,1386,mht_bol,ATL@-34,all,-6.524878e+12
16E,1386,mht_res,ATL@-20,0-700,8.354466e+14
16E,1386,mht_bol,ATL@-20,0-700,5.404822e+13
16E,1386,mht_res,ATL@-20,700-2000,-3.279508e+13
16E,1386,mht_bol,ATL@-20,700-2000,-1.266736e+13
16E,1386,mht_res,ATL@-20,2000+,-9.219489e+13
16E,1386,mht_bol,ATL@-20,2000+,-1.676582e+12
16E,1386,mht_res,ATL@-20,all,7.104566e+14
16E,1386,mht_bol,ATL@-20,all,3.970427e+13
16E,1386,mht_res,ATL@20,0-700,1.518039e+15
16E,1386,mht_bol,ATL@20,0-700,-5.318483e+13
16E,1386,mht_res,ATL@20,700-2000,-1.381458e+14
16E,1386,mht_bol,ATL@20,700-2000,2.360996e+13
16E,1386,mht_res,ATL@20,2000+,-4.714969e+13
16E,1386,mht_bol,ATL@20,2000+,2.071569e+12
16E,1386,mht_res,ATL@20,all,1.332744e+15
16E,1386,mht_bol,ATL@20,all,-2.750330e+13
16E,1386,mht_res,ATL@30,0-700,1.268545e+15
16E,1386,mht_bol,ATL@30,0-700,1.985529e+13
16E,1386,mht_res,ATL@30,700-2000,-2.373876e+14
16E,1386,mht_bol,ATL@30,700-2000,-1.475261e+13
16E,1386,mht_res,ATL@30,2000+,-1.379647e+14
16E,1386,mht_bol,ATL@30,2000+,2.717155e+12
16E,1386,mht_res,ATL@30,all,8.931921e+14
16E,1386,mht_bol,ATL@30,all,7.819831e+12
16E,1386,mht_res,ATL@45,0-700,7.892317e+14
16E,1386,mht_bol,ATL@45,0-700,7.335036e+13
16E,1386,mht_res,ATL@45,700-2000,-1.440283e+14
16E,1386,mht_bol,ATL@45,700-2000,-1.649185e+13
16E,1386,mht_res,ATL@45,2000+,-1.021388e+14
16E,1386,mht_bol,ATL@45,2000+,-1.219778e+13
16E,1386,mht_res,ATL@45,all,5.430646e+14
16E,1386,mht_bol,ATL@45,all,4.466073e+13
16E,1386,mht_res,ATL@55,0-700,7.832198e+14
16E,1386,mht_bol,ATL@55,0-700,2.283547e+13
16E,1386,mht_res,ATL@55,700-2000,-5.421679e+13
16E,1386,mht_bol,ATL@55,700-2000,-1.065594e+13
16E,1386,mht_res,ATL@55,2000+,-5.585028e+13
16E,1386,mht_bol,ATL@55,2000+,-9.085672e+12
16E,1386,mht_res,ATL@55,all,6.731528e+14
16E,1386,mht_bol,ATL@55,all,3.093855e+12
16E,1386,mht_res,ATL@66,0-700,1.659943e+14
16E,1386,mht_bol,ATL@66,0-700,3.100071e+13
16E,1386,mht_res,ATL@66,700-2000,-2.404334e+12
16E,1386,mht_bol,ATL@66,700-2000,-5.544471e+12
16E,1386,mht_res,ATL@66,2000+,3.508047e+11
16E,1386,mht_bol,ATL@66,2000+,2.199338e+11
16E,1386,mht_res,ATL@66,all,1.639408e+14
16E,1386,mht_bol,ATL@66,all,2.567617e+13
16E,1387,ohc,SO,0-700,1.669117e+24
16E,1387,ohc,SO,700-2000,1.221370e+24
16E,1387,ohc,SO,2000+,7.549261e+23
16E,1387,ohc,SO,all,3.645412e+24
16E,1387,ohc,NORD,0-700,1.461349e+22
16E,1387,ohc,NORD,700-2000,5.792630e+21
16E,1387,ohc,NORD,2000+,-1.531069e+22
16E,1387,ohc,NORD,all,5.095427e+21
16E,1387,ohc,SATL,0-700,7.053479e+23
16E,1387,ohc,SATL,700-2000,4.352982e+23
16E,1387,ohc,SATL,2000+,4.526700e+23
16E,1387,ohc,SATL,all,1.593316e+24
16E,1387,ohc,NATL,0-700,1.351905e+24
16E,1387,ohc,NATL,700-2000,9.279829e+23
16E,1387,ohc,NATL,2000+,7.786788e+23
16E,1387,ohc,NATL,all,3.058567e+24
16E,1387,ohc,SPNA,0-700,1.358054e+23
16E,1387,ohc,SPNA,700-2000,1.251016e+23
16E,1387,ohc,SPNA,2000+,8.620988e+22
16E,1387,ohc,SPNA,all,3.471169e+23
16E,1387,ohc,IP,0-700,5.923407e+24
16E,1387,ohc,IP,700-2000,3.110682e+24
16E,1387,ohc,IP,2000+,2.138755e+24
16E,1387,ohc,IP,all,1.117284e+25
16E,1387,ohc,OTHER,0-700,4.103679e+22
16E,1387,ohc,OTHER,700-2000,1.502436e+22
16E,1387,ohc,OTHER,2000+,1.134179e+21
16E,1387,ohc,OTHER,all,5.719533e+22
16E,1387,sfc,SO,col,-4.714917e+14
16E,1387,sfc,NORD,col,-3.438173e+14
16E,1387,sfc,SATL,col,4.172974e+14
16E,1387,sfc,NATL,col,-9.339239e+12
16E,1387,sfc,SPNA,col,-3.694000e+14
16E,1387,sfc,IP,col,1.228974e+15
16E,1387,sfc,OTHER,col,5.146930e+13
16E,1387,tend,SO,col,2.569217e+14
16E,1387,tend,NORD,col,-1.071003e+13
16E,1387,tend,SATL,col,1.416824e+13
16E,1387,tend,NATL,col,1.071238e+14
16E,1387,tend,SPNA,col,-6.873111e+13
16E,1387,tend,IP,col,1.935474e+14
16E,1387,tend,OTHER,col,5.777973e+12
16E,1387,adv,SO,col,7.100575e+14
16E,1387,adv,NORD,col,3.495002e+14
16E,1387,adv,SATL,col,-4.337591e+14
16E,1387,adv,NATL,col,4.704926e+13
16E,1387,adv,SPNA,col,3.060085e+14
16E,1387,adv,IP,col,-1.070830e+15
16E,1387,adv,OTHER,col,-5.408523e+13
16E,1387,diff,SO,col,-4.531358e+14
16E,1387,diff,NORD,col,-3.602102e+14
16E,1387,diff,SATL,col,4.479274e+14
16E,1387,diff,NATL,col,6.007455e+13
16E,1387,diff,SPNA,col,-3.747396e+14
16E,1387,diff,IP,col,1.264377e+15
16E,1387,diff,OTHER,col,5.986320e+13
16E,1387,mht_res,ATL@-34,0-700,2.870317e+14
16E,1387,mht_bol,ATL@-34,0-700,-1.452314e+13
16E,1387,mht_res,ATL@-34,700-2000,4.802161e+12
16E,1387,mht_bol,ATL@-34,700-2000,1.017915e+13
16E,1387,mht_res,ATL@-34,2000+,-6.758485e+13
16E,1387,mht_bol,ATL@-34,2000+,-3.091315e+12
16E,1387,mht_res,ATL@-34,all,2.242491e+14
16E,1387,mht_bol,ATL@-34,all,-7.435308e+12
16E,1387,mht_res,ATL@-20,0-700,9.129002e+14
16E,1387,mht_bol,ATL@-20,0-700,5.014273e+13
16E,1387,mht_res,ATL@-20,700-2000,-4.530189e+13
16E,1387,mht_bol,ATL@-20,700-2000,-1.199498e+13
16E,1387,mht_res,ATL@-20,2000+,-1.041183e+14
16E,1387,mht_bol,ATL@-20,2000+,-1.619784e+12
16E,1387,mht_res,ATL@-20,all,7.634800e+14
16E,1387,mht_bol,ATL@-20,all,3.652796e+13
16E,1387,mht_res,ATL@20,0-700,1.528669e+15
16E,1387,mht_bol,ATL@20,0-700,-4.945166e+13
16E,1387,mht_res,ATL@20,700-2000,-1.359294e+14
16E,1387,mht_bol,ATL@20,700-2000,2.376155e+13
16E,1387,mht_res,ATL@20,2000+,-5.346694e+13
16E,1387,mht_bol,ATL@20,2000+,1.561703e+12
16E,1387,mht_res,ATL@20,all,1.339272e+15
16E,1387,mht_bol,ATL@20,all,-2.412841e+13
16E,1387,mht_res,ATL@30,0-700,1.281776e+15
16E,1387,mht_bol,ATL@30,0-700,2.895544e+13
16E,1387,mht_res,ATL@30,700-2000,-2.417664e+14
16E,1387,mht_bol,ATL@30,700-2000,-1.782699e+13
16E,1387,mht_res,ATL@30,2000+,-1.505627e+14
16E,1387,mht_bol,ATL@30,2000+,2.407845e+12
16E,1387,mht_res,ATL@30,all,8.894465e+14
16E,1387,mht_bol,ATL@30,all,1.353630e+13
16E,1387,mht_res,ATL@45,0-700,8.372786e+14
16E,1387,mht_bol,ATL@45,0-700,7.061759e+13
16E,1387,mht_res,ATL@45,700-2000,-1.370649e+14
16E,1387,mht_bol,ATL@45,700-2000,-1.444597e+13
16E,1387,mht_res,ATL@45,2000+,-1.054746e+14
16E,1387,mht_bol,ATL@45,2000+,-1.290186e+13
16E,1387,mht_res,ATL@45,all,5.947390e+14
16E,1387,mht_bol,ATL@45,all,4.326976e+13
16E,1387,mht_res,ATL@55,0-700,7.709466e+14
16E,1387,mht_bol,ATL@55,0-700,3.736729e+13
16E,1387,mht_res,ATL@55,700-2000,-3.654516e+13
16E,1387,mht_bol,ATL@55,700-2000,-1.111289e+13
16E,1387,mht_res,ATL@55,2000+,-6.782188e+13
16E,1387,mht_bol,ATL@55,2000+,-2.219230e+13
16E,1387,mht_res,ATL@55,all,6.665796e+14
16E,1387,mht_bol,ATL@55,all,4.062101e+12
16E,1387,mht_res,ATL@66,0-700,1.614696e+14
16E,1387,mht_bol,ATL@66,0-700,2.998011e+13
16E,1387,mht_res,ATL@66,700-2000,-1.379297e+12
16E,1387,mht_bol,ATL@66,700-2000,-5.512050e+12
16E,1387,mht_res,ATL@66,2000+,9.908871e+11
16E,1387,mht_bol,ATL@66,2000+,2.680559e+11
16E,1387,mht_res,ATL@66,all,1.610812e+14
16E,1387,mht_bol,ATL@66,all,2.473611e+13
16E,1388,ohc,SO,0-700,1.672188e+24
16E,1388,ohc,SO,700-2000,1.222738e+24
16E,1388,ohc,SO,2000+,7.558052e+23
16E,1388,ohc,SO,all,3.650731e+24
16E,1388,ohc,NORD,0-700,1.400249e+22
16E,1388,ohc,NORD,700-2000,6.604169e+21
16E,1388,ohc,NORD,2000+,-1.520719e+22
16E,1388,ohc,NORD,all,5.399465e+21
16E,1388,ohc,SATL,0-700,7.039514e+23
16E,1388,ohc,SATL,700-2000,4.359842e+23
16E,1388,ohc,SATL,2000+,4.529956e+23
16E,1388,ohc,SATL,all,1.592931e+24
16E,1388,ohc,NATL,0-700,1.351287e+24
16E,1388,ohc,NATL,700-2000,9.286441e+23
16E,1388,ohc,NATL,2000+,7.795759e+23
16E,1388,ohc,NATL,all,3.059507e+24
16E,1388,ohc,SPNA,0-700,1.368847e+23
16E,1388,ohc,SPNA,700-2000,1.248590e+23
16E,1388,ohc,SPNA,2000+,8.620785e+22
16E,1388,ohc,SPNA,all,3.479515e+23
16E,1388,ohc,IP,0-700,5.932858e+24
16E,1388,ohc,IP,700-2000,3.110608e+24
16E,1388,ohc,IP,2000+,2.137505e+24
16E,1388,ohc,IP,all,1.118097e+25
16E,1388,ohc,OTHER,0-700,4.105339e+22
16E,1388,ohc,OTHER,700-2000,1.506239e+22
16E,1388,ohc,OTHER,2000+,1.139033e+21
16E,1388,ohc,OTHER,all,5.725481e+22
16E,1388,sfc,SO,col,-5.556905e+14
16E,1388,sfc,NORD,col,-3.057152e+14
16E,1388,sfc,SATL,col,2.551503e+14
16E,1388,sfc,NATL,col,-2.672234e+11
16E,1388,sfc,SPNA,col,-2.147618e+14
16E,1388,sfc,IP,col,1.261484e+15
16E,1388,sfc,OTHER,col,5.141026e+13
16E,1388,tend,SO,col,2.701811e+14
16E,1388,tend,NORD,col,2.093721e+13
16E,1388,tend,SATL,col,-7.434803e+13
16E,1388,tend,NATL,col,-9.983899e+12
16E,1388,tend,SPNA,col,9.508413e+13
16E,1388,tend,IP,col,1.958209e+14
16E,1388,tend,OTHER,col,1.825371e+12
16E,1388,adv,SO,col,8.087137e+14
16E,1388,adv,NORD,col,3.427034e+14
16E,1388,adv,SATL,col,-3.603133e+14
16E,1388,adv,NATL,col,-8.151194e+13
16E,1388,adv,SPNA,col,3.193252e+14
16E,1388,adv,IP,col,-1.101978e+15
16E,1388,adv,OTHER,col,-6.002656e+13
16E,1388,diff,SO,col,-5.385326e+14
16E,1388,diff,NORD,col,-3.217662e+14
16E,1388,diff,SATL,col,2.859652e+14
16E,1388,diff,NATL,col,7.152804e+13
16E,1388,diff,SPNA,col,-2.242411e+14
16E,1388,diff,IP,col,1.297799e+15
16E,1388,diff,OTHER,col,6.185194e+13
16E,1388,mht_res,ATL@-34,0-700,3.037187e+14
16E,1388,mht_bol,ATL@-34,0-700,-1.271628e+13
16E,1388,mht_res,ATL@-34,700-2000,2.215699e+13
16E,1388,mht_bol,ATL@-34,700-2000,1.038699e+13
16E,1388,mht_res,ATL@-34,2000+,-5.096405e+13
16E,1388,mht_bol,ATL@-34,2000+,-3.426871e+12
16E,1388,mht_res,ATL@-34,all,2.749116e+14
16E,1388,mht_bol,ATL@-34,all,-5.756156e+12
16E,1388,mht_res,ATL@-20,0-700,8.036495e+14
16E,1388,mht_bol,ATL@-20,0-700,4.923493e+13
16E,1388,mht_res,ATL@-20,700-2000,-5.342422e+13
16E,1388,mht_bol,ATL@-20,700-2000,-1.144335e+13
16E,1388,mht_res,ATL@-20,2000+,-8.612862e+13
16E,1388,mht_bol,ATL@-20,2000+,-1.775395e+12
16E,1388,mht_res,ATL@-20,all,6.640966e+14
16E,1388,mht_bol,ATL@-20,all,3.601618e+13
16E,1388,mht_res,ATL@20,0-700,1.597595e+15
16E,1388,mht_bol,ATL@20,0-700,-4.732548e+13
16E,1388,mht_res,ATL@20,700-2000,-1.352515e+14
16E,1388,mht_bol,ATL@20,700-2000,2.316029e+13
16E,1388,mht_res,ATL@20,2000+,-4.529312e+13
16E,1388,mht_bol,ATL@20,2000+,1.711835e+12
16E,1388,mht_res,ATL@20,all,1.417051e+15
16E,1388,mht_bol,ATL@20,all,-2.245336e+13
16E,1388,mht_res,ATL@30,0-700,1.199796e+15
16E,1388,mht_bol,ATL@30,0-700,3.908781e+13
16E,1388,mht_res,ATL@30,700-2000,-2.157679e+14
16E,1388,mht_bol,ATL@30,700-2000,-2.042181e+13
16E,1388,mht_res,ATL@30,2000+,-1.199710e+14
16E,1388,mht_bol,ATL@30,2000+,1.808987e+12
16E,1388,mht_res,ATL@30,all,8.640576e+14
16E,1388,mht_bol,ATL@30,all,2.047499e+13
16E,1388,mht_res,ATL@45,0-700,8.194155e+14
16E,1388,mht_bol,ATL@45,0-700,7.468430e+13
16E,1388,mht_res,ATL@45,700-2000,-1.383249e+14
16E,1388,mht_bol,ATL@45,700-2000,-1.403447e+13
16E,1388,mht_res,ATL@45,2000+,-1.197384e+14
16E,1388,mht_bol,ATL@45,2000+,-1.774988e+13
16E,1388,mht_res,ATL@45,all,5.613522e+14
16E,1388,mht_bol,ATL@45,all,4.289994e+13
16E,1388,mht_res,ATL@55,0-700,8.752899e+14
16E,1388,mht_bol,ATL@55,0-700,3.350489e+13
16E,1388,mht_res,ATL@55,700-2000,-4.091211e+13
16E,1388,mht_bol,ATL@55,700-2000,-1.392200e+13
16E,1388,mht_res,ATL@55,2000+,-7.222823e+13
16E,1388,mht_bol,ATL@55,2000+,-1.586797e+13
16E,1388,mht_res,ATL@55,all,7.621495e+14
16E,1388,mht_bol,ATL@55,all,3.714919e+12
16E,1388,mht_res,ATL@66,0-700,1.640503e+14
16E,1388,mht_bol,ATL@66,0-700,2.861704e+13
16E,1388,mht_res,ATL@66,700-2000,-9.298623e+11
16E,1388,mht_bol,ATL@66,700-2000,-5.129311e+12
16E,1388,mht_res,ATL@66,2000+,3.859752e+11
16E,1388,mht_bol,ATL@66,2000+,2.824623e+11
16E,1388,mht_res,ATL@66,all,1.635065e+14
16E,1388,mht_bol,ATL@66,all,2.377019e+13
16E,1389,ohc,SO,0-700,1.674853e+24
16E,1389,ohc,SO,700-2000,1.224615e+24
16E,1389,ohc,SO,2000+,7.566924e+23
16E,1389,ohc,SO,all,3.656161e+24
16E,1389,ohc,NORD,0-700,1.360100e+22
16E,1389,ohc,NORD,700-2000,7.611601e+21
16E,1389,ohc,NORD,2000+,-1.509356e+22
16E,1389,ohc,NORD,all,6.119042e+21
16E,1389,ohc,SATL,0-700,7.042457e+23
16E,1389,ohc,SATL,700-2000,4.371945e+23
16E,1389,ohc,SATL,2000+,4.534533e+23
16E,1389,ohc,SATL,all,1.594894e+24
16E,1389,ohc,NATL,0-700,1.350391e+24
16E,1389,ohc,NATL,700-2000,9.280602e+23
16E,1389,ohc,NATL,2000+,7.802733e+23
16E,1389,ohc,NATL,all,3.058725e+24
16E,1389,ohc,SPNA,0-700,1.388893e+23
16E,1389,ohc,SPNA,700-2000,1.250602e+23
16E,1389,ohc,SPNA,2000+,8.623691e+22
16E,1389,ohc,SPNA,all,3.501864e+23
16E,1389,ohc,IP,0-700,5.935699e+24
16E,1389,ohc,IP,700-2000,3.110811e+24
16E,1389,ohc,IP,2000+,2.136156e+24
16E,1389,ohc,IP,all,1.118267e+25
16E,1389,ohc,OTHER,0-700,4.111233e+22
16E,1389,ohc,OTHER,700-2000,1.502582e+22
16E,1389,ohc,OTHER,2000+,1.133771e+21
16E,1389,ohc,OTHER,all,5.727192e+22
16E,1389,sfc,SO,col,-4.991203e+14
16E,1389,sfc,NORD,col,-3.011517e+14
16E,1389,sfc,SATL,col,4.155784e+14
16E,1389,sfc,NATL,col,-1.502141e+13
16E,1389,sfc,SPNA,col,-3.018341e+14
16E,1389,sfc,IP,col,1.016287e+15
16E,1389,sfc,OTHER,col,4.845025e+13
16E,1389,tend,SO,col,7.036421e+13
16E,1389,tend,NORD,col,4.392843e+13
16E,1389,tend,SATL,col,1.836465e+14
16E,1389,tend,NATL,col,-5.095642e+13
16E,1389,tend,SPNA,col,3.168803e+12
16E,1389,tend,IP,col,8.731235e+13
16E,1389,tend,OTHER,col,4.349762e+12
16E,1389,adv,SO,col,5.427879e+14
16E,1389,adv,NORD,col,3.638887e+14
16E,1389,adv,SATL,col,-2.642351e+14
16E,1389,adv,NATL,col,-1.099113e+14
16E,1389,adv,SPNA,col,3.189819e+14
16E,1389,adv,IP,col,-9.510005e+14
16E,1389,adv,OTHER,col,-5.375949e+13
16E,1389,diff,SO,col,-4.724237e+14
16E,1389,diff,NORD,col,-3.199603e+14
16E,1389,diff,SATL,col,4.478816e+14
16E,1389,diff,NATL,col,5.895490e+13
16E,1389,diff,SPNA,col,-3.158131e+14
16E,1389,diff,IP,col,1.038313e+15
16E,1389,diff,OTHER,col,5.810925e+13
16E,1389,mht_res,ATL@-34,0-700,3.256137e+14
16E,1389,mht_bol,ATL@-34,0-700,-1.143596e+13
16E,1389,mht_res,ATL@-34,700-2000,1.071815e+13
16E,1389,mht_bol,ATL@-34,700-2000,9.965743e+12
16E,1389,mht_res,ATL@-34,2000+,-6.060831e+13
16E,1389,mht_bol,ATL@-34,2000+,-3.422974e+12
16E,1389,mht_res,ATL@-34,all,2.757235e+14
16E,1389,mht_bol,ATL@-34,all,-4.893187e+12
16E,1389,mht_res,ATL@-20,0-700,8.047373e+14
16E,1389,mht_bol,ATL@-20,0-700,5.052330e+13
16E,1389,mht_res,ATL@-20,700-2000,-4.954361e+13
16E,1389,mht_bol,ATL@-20,700-2000,-1.123244e+13
16E,1389,mht_res,ATL@-20,2000+,-8.296793e+13
16E,1389,mht_bol,ATL@-20,2000+,-1.845452e+12
16E,1389,mht_res,ATL@-20,all,6.722258e+14
16E,1389,mht_bol,ATL@-20,all,3.744541e+13
16E,1389,mht_res,ATL@20,0-700,1.717635e+15
16E,1389,mht_bol,ATL@20,0-700,-4.959775e+13
16E,1389,mht_res,ATL@20,700-2000,-1.349798e+14
16E,1389,mht_bol,ATL@20,700-2000,2.253411e+13
16E,1389,mht_res,ATL@20,2000+,-5.254673e+13
16E,1389,mht_bol,ATL@20,2000+,2.184525e+12
16E,1389,mht_res,ATL@20,all,1.530109e+15
16E,1389,mht_bol,ATL@20,all,-2.487911e+13
16E,1389,mht_res,ATL@30,0-700,1.269588e+15
16E,1389,mht_bol,ATL@30,0-700,4.774814e+13
16E,1389,mht_res,ATL@30,700-2000,-2.195898e+14
16E,1389,mht_bol,ATL@30,700-2000,-2.244987e+13
16E,1389,mht_res,ATL@30,2000+,-1.333075e+14
16E,1389,mht_bol,ATL@30,2000+,1.810548e+12
16E,1389,mht_res,ATL@30,all,9.166904e+14
16E,1389,mht_bol,ATL@30,all,2.710882e+13
16E,1389,mht_res,ATL@45,0-700,7.850463e+14
16E,1389,mht_bol,ATL@45,0-700,7.977932e+13
16E,1389,mht_res,ATL@45,700-2000,-1.408597e+14
16E,1389,mht_bol,ATL@45,700-2000,-1.392297e+13
16E,1389,mht_res,ATL@45,2000+,-1.247212e+14
16E,1389,mht_bol,ATL@45,2000+,-2.218208e+13
16E,1389,mht_res,ATL@45,all,5.194654e+14
16E,1389,mht_bol,ATL@45,all,4.367427e+13
16E,1389,mht_res,ATL@55,0-700,8.559222e+14
16E,1389,mht_bol,ATL@55,0-700,2.716222e+13
16E,1389,mht_res,ATL@55,700-2000,-3.427230e+13
16E,1389,mht_bol,ATL@55,700-2000,-1.390937e+13
16E,1389,mht_res,ATL@55,2000+,-6.161026e+13
16E,1389,mht_bol,ATL@55,2000+,-1.078139e+13
16E,1389,mht_res,ATL@55,all,7.600397e+14
16E,1389,mht_bol,ATL@55,all,2.471455e+12
16E,1389,mht_res,ATL@66,0-700,1.594175e+14
16E,1389,mht_bol,ATL@66,0-700,2.997110e+13
16E,1389,mht_res,ATL@66,700-2000,-6.758462e+11
16E,1389,mht_bol,ATL@66,700-2000,-4.559282e+12
16E,1389,mht_res,ATL@66,2000+,5.045038e+11
16E,1389,mht_bol,ATL@66,2000+,2.707591e+11
16E,1389,mht_res,ATL@66,all,1.592462e+14
16E,1389,mht_bol,ATL@66,all,2.568258e+13
