PI200_gmR1500,1580,ohc,SO,0-700,1.728428e+24
PI200_gmR1500,1580,ohc,SO,700-2000,1.422151e+24
PI200_gmR1500,1580,ohc,SO,2000+,9.665187e+23
PI200_gmR1500,1580,ohc,SO,all,4.117099e+24
PI200_gmR1500,1580,ohc,NORD,0-700,1.656574e+22
PI200_gmR1500,1580,ohc,NORD,700-2000,2.809017e+22
PI200_gmR1500,1580,ohc,NORD,2000+,2.132077e+22
PI200_gmR1500,1580,ohc,NORD,all,6.597668e+22
PI200_gmR1500,1580,ohc,SATL,0-700,7.299969e+23
PI200_gmR1500,1580,ohc,SATL,700-2000,5.213113e+23
PI200_gmR1500,1580,ohc,SATL,2000+,5.587726e+23
PI200_gmR1500,1580,ohc,SATL,all,1.810081e+24
PI200_gmR1500,1580,ohc,NATL,0-700,1.402164e+24
PI200_gmR1500,1580,ohc,NATL,700-2000,1.053807e+24
PI200_gmR1500,1580,ohc,NATL,2000+,9.395126e+23
PI200_gmR1500,1580,ohc,NATL,all,3.395483e+24
PI200_gmR1500,1580,ohc,SPNA,0-700,1.470525e+23
PI200_gmR1500,1580,ohc,SPNA,700-2000,1.533860e+23
PI200_gmR1500,1580,ohc,SPNA,2000+,1.110521e+23
PI200_gmR1500,1580,ohc,SPNA,all,4.114906e+23
PI200_gmR1500,1580,ohc,IP,0-700,6.107487e+24
PI200_gmR1500,1580,ohc,IP,700-2000,3.189722e+24
PI200_gmR1500,1580,ohc,IP,2000+,2.111949e+24
PI200_gmR1500,1580,ohc,IP,all,1.140916e+25
PI200_gmR1500,1580,ohc,OTHER,0-700,4.077410e+22
PI200_gmR1500,1580,ohc,OTHER,700-2000,1.436818e+22
PI200_gmR1500,1580,ohc,OTHER,2000+,1.066248e+21
PI200_gmR1500,1580,ohc,OTHER,all,5.620853e+22
PI200_gmR1500,1581,ohc,SO,0-700,1.732201e+24
PI200_gmR1500,1581,ohc,SO,700-2000,1.421036e+24
PI200_gmR1500,1581,ohc,SO,2000+,9.655741e+23
PI200_gmR1500,1581,ohc,SO,all,4.118811e+24
PI200_gmR1500,1581,ohc,NORD,0-700,1.816614e+22
PI200_gmR1500,1581,ohc,NORD,700-2000,2.811567e+22
PI200_gmR1500,1581,ohc,NORD,2000+,2.142893e+22
PI200_gmR1500,1581,ohc,NORD,all,6.771074e+22
PI200_gmR1500,1581,ohc,SATL,0-700,7.318511e+23
PI200_gmR1500,1581,ohc,SATL,700-2000,5.217124e+23
PI200_gmR1500,1581,ohc,SATL,2000+,5.591535e+23
PI200_gmR1500,1581,ohc,SATL,all,1.812717e+24
PI200_gmR1500,1581,ohc,NATL,0-700,1.402793e+24
PI200_gmR1500,1581,ohc,NATL,700-2000,1.054973e+24
PI200_gmR1500,1581,ohc,NATL,2000+,9.397814e+23
PI200_gmR1500,1581,ohc,NATL,all,3.397547e+24
PI200_gmR1500,1581,ohc,SPNA,0-700,1.444069e+23
PI200_gmR1500,1581,ohc,SPNA,700-2000,1.528713e+23
PI200_gmR1500,1581,ohc,SPNA,2000+,1.114614e+23
PI200_gmR1500,1581,ohc,SPNA,all,4.087395e+23
PI200_gmR1500,1581,ohc,IP,0-700,6.108373e+24
PI200_gmR1500,1581,ohc,IP,700-2000,3.191790e+24
PI200_gmR1500,1581,ohc,IP,2000+,2.112364e+24
PI200_gmR1500,1581,ohc,IP,all,1.141253e+25
PI200_gmR1500,1581,ohc,OTHER,0-700,4.080176e+22
PI200_gmR1500,1581,ohc,OTHER,700-2000,1.439315e+22
PI200_gmR1500,1581,ohc,OTHER,2000+,1.074863e+21
PI200_gmR1500,1581,ohc,OTHER,all,5.626977e+22
PI200_gmR1500,1581,sfc,SO,col,-6.278736e+14
PI200_gmR1500,1581,sfc,NORD,col,-3.069866e+14
PI200_gmR1500,1581,sfc,SATL,col,3.456332e+14
PI200_gmR1500,1581,sfc,NATL,col,-8.267882e+12
PI200_gmR1500,1581,sfc,SPNA,col,-3.181518e+14
PI200_gmR1500,1581,sfc,IP,col,1.094397e+15
PI200_gmR1500,1581,sfc,OTHER,col,4.789325e+13
PI200_gmR1500,1581,tend,SO,col,2.837954e+14
PI200_gmR1500,1581,tend,NORD,col,3.294954e+13
PI200_gmR1500,1581,tend,SATL,col,-6.517605e+13
PI200_gmR1500,1581,tend,NATL,col,1.077858e+13
PI200_gmR1500,1581,tend,SPNA,col,-3.151561e+13
PI200_gmR1500,1581,tend,IP,col,-2.973423e+13
PI200_gmR1500,1581,tend,OTHER,col,-4.708623e+12
PI200_gmR1500,1581,adv,SO,col,9.020938e+14
PI200_gmR1500,1581,adv,NORD,col,3.492069e+14
PI200_gmR1500,1581,adv,SATL,col,-4.385763e+14
PI200_gmR1500,1581,adv,NATL,col,-4.855704e+13
PI200_gmR1500,1581,adv,SPNA,col,2.885697e+14
PI200_gmR1500,1581,adv,IP,col,-1.199308e+15
PI200_gmR1500,1581,adv,OTHER,col,-6.792110e+13
PI200_gmR1500,1581,diff,SO,col,-6.182984e+14
PI200_gmR1500,1581,diff,NORD,col,-3.162574e+14
PI200_gmR1500,1581,diff,SATL,col,3.734002e+14
PI200_gmR1500,1581,diff,NATL,col,5.933563e+13
PI200_gmR1500,1581,diff,SPNA,col,-3.200853e+14
PI200_gmR1500,1581,diff,IP,col,1.169574e+15
PI200_gmR1500,1581,diff,OTHER,col,6.321248e+13
PI200_gmR1500,1581,mht_res,ATL@-34,0-700,3.753994e+14
PI200_gmR1500,1581,mht_bol,ATL@-34,0-700,1.320701e+12
PI200_gmR1500,1581,mht_res,ATL@-34,700-2000,-3.482272e+13
PI200_gmR1500,1581,mht_bol,ATL@-34,700-2000,3.143260e+12
PI200_gmR1500,1581,mht_res,ATL@-34,2000+,-3.807819e+13
PI200_gmR1500,1581,mht_bol,ATL@-34,2000+,-1.959459e+12
PI200_gmR1500,1581,mht_res,ATL@-34,all,3.024985e+14
PI200_gmR1500,1581,mht_bol,ATL@-34,all,2.504501e+12
PI200_gmR1500,1581,mht_res,ATL@-20,0-700,9.434076e+14
PI200_gmR1500,1581,mht_bol,ATL@-20,0-700,2.738851e+13
PI200_gmR1500,1581,mht_res,ATL@-20,700-2000,-1.460284e+14
PI200_gmR1500,1581,mht_bol,ATL@-20,700-2000,-7.374955e+12
PI200_gmR1500,1581,mht_res,ATL@-20,2000+,-9.858863e+13
PI200_gmR1500,1581,mht_bol,ATL@-20,2000+,-1.934843e+12
PI200_gmR1500,1581,mht_res,ATL@-20,all,6.987905e+14
PI200_gmR1500,1581,mht_bol,ATL@-20,all,1.807871e+13
PI200_gmR1500,1581,mht_res,ATL@20,0-700,1.559956e+15
PI200_gmR1500,1581,mht_bol,ATL@20,0-700,-1.270380e+13
PI200_gmR1500,1581,mht_res,ATL@20,700-2000,-2.482581e+14
PI200_gmR1500,1581,mht_bol,ATL@20,700-2000,2.690373e+12
PI200_gmR1500,1581,mht_res,ATL@20,2000+,-5.385694e+13
PI200_gmR1500,1581,mht_bol,ATL@20,2000+,2.032835e+12
PI200_gmR1500,1581,mht_res,ATL@20,all,1.257841e+15
PI200_gmR1500,1581,mht_bol,ATL@20,all,-7.980590e+12
PI200_gmR1500,1581,mht_res,ATL@30,0-700,1.439121e+15
PI200_gmR1500,1581,mht_bol,ATL@30,0-700,1.706774e+13
PI200_gmR1500,1581,mht_res,ATL@30,700-2000,-2.519282e+14
PI200_gmR1500,1581,mht_bol,ATL@30,700-2000,-1.633649e+13
PI200_gmR1500,1581,mht_res,ATL@30,2000+,-2.145163e+14
PI200_gmR1500,1581,mht_bol,ATL@30,2000+,3.156715e+12
PI200_gmR1500,1581,mht_res,ATL@30,all,9.726768e+14
PI200_gmR1500,1581,mht_bol,ATL@30,all,3.887971e+12
PI200_gmR1500,1581,mht_res,ATL@45,0-700,8.589595e+14
PI200_gmR1500,1581,mht_bol,ATL@45,0-700,6.171798e+13
PI200_gmR1500,1581,mht_res,ATL@45,700-2000,-1.888788e+14
PI200_gmR1500,1581,mht_bol,ATL@45,700-2000,-1.300987e+13
PI200_gmR1500,1581,mht_res,ATL@45,2000+,-1.582048e+14
PI200_gmR1500,1581,mht_bol,ATL@45,2000+,-1.530838e+13
PI200_gmR1500,1581,mht_res,ATL@45,all,5.118759e+14
PI200_gmR1500,1581,mht_bol,ATL@45,all,3.339973e+13
PI200_gmR1500,1581,mht_res,ATL@55,0-700,8.251572e+14
PI200_gmR1500,1581,mht_bol,ATL@55,0-700,2.934314e+13
PI200_gmR1500,1581,mht_res,ATL@55,700-2000,-6.608540e+13
PI200_gmR1500,1581,mht_bol,ATL@55,700-2000,-1.699371e+13
PI200_gmR1500,1581,mht_res,ATL@55,2000+,-8.966808e+13
PI200_gmR1500,1581,mht_bol,ATL@55,2000+,-1.203644e+13
PI200_gmR1500,1581,mht_res,ATL@55,all,6.694037e+14
PI200_gmR1500,1581,mht_bol,ATL@55,all,3.129899e+11
PI200_gmR1500,1581,mht_res,ATL@66,0-700,1.724588e+14
PI200_gmR1500,1581,mht_bol,ATL@66,0-700,4.025250e+13
PI200_gmR1500,1581,mht_res,ATL@66,700-2000,-1.200743e+13
PI200_gmR1500,1581,mht_bol,ATL@66,700-2000,-9.577667e+12
PI200_gmR1500,1581,mht_res,ATL@66,2000+,-3.225066e+12
PI200_gmR1500,1581,mht_bol,ATL@66,2000+,-4.331361e+11
PI200_gmR1500,1581,mht_res,ATL@66,all,1.572263e+14
PI200_gmR1500,1581,mht_bol,ATL@66,all,3.024170e+13
PI200_gmR1500,1582,ohc,SO,0-700,1.736865e+24
PI200_gmR1500,1582,ohc,SO,700-2000,1.424450e+24
PI200_gmR1500,1582,ohc,SO,2000+,9.665510e+23
PI200_gmR1500,1582,ohc,SO,all,4.127866e+24
PI200_gmR1500,1582,ohc,NORD,0-700,1.931309e+22
PI200_gmR1500,1582,ohc,NORD,700-2000,2.821733e+22
PI200_gmR1500,1582,ohc,NORD,2000+,2.155250e+22
PI200_gmR1500,1582,ohc,NORD,all,6.908291e+22
PI200_gmR1500,1582,ohc,SATL,0-700,7.290929e+23
PI200_gmR1500,1582,ohc,SATL,700-2000,5.215629e+23
PI200_gmR1500,1582,ohc,SATL,2000+,5.590675e+23
PI200_gmR1500,1582,ohc,SATL,all,1.809723e+24
PI200_gmR1500,1582,ohc,NATL,0-700,1.400712e+24
PI200_gmR1500,1582,ohc,NATL,700-2000,1.056603e+24
PI200_gmR1500,1582,ohc,NATL,2000+,9.405047e+23
PI200_gmR1500,1582,ohc,NATL,all,3.397819e+24
PI200_gmR1500,1582,ohc,SPNA,0-700,1.442704e+23
PI200_gmR1500,1582,ohc,SPNA,700-2000,1.525410e+23
PI200_gmR1500,1582,ohc,SPNA,2000+,1.116570e+23
PI200_gmR1500,1582,ohc,SPNA,all,4.084684e+23
PI200_gmR1500,1582,ohc,IP,0-700,6.105069e+24
PI200_gmR1500,1582,ohc,IP,700-2000,3.192027e+24
PI200_gmR1500,1582,ohc,IP,2000+,2.112469e+24
PI200_gmR1500,1582,ohc,IP,all,1.140956e+25
PI200_gmR1500,1582,ohc,OTHER,0-700,4.049306e+22
PI200_gmR1500,1582,ohc,OTHER,700-2000,1.432859e+22
PI200_gmR1500,1582,ohc,OTHER,2000+,1.067866e+21
PI200_gmR1500,1582,ohc,OTHER,all,5.588952e+22
PI200_gmR1500,1582,sfc,SO,col,-5.981698e+14
PI200_gmR1500,1582,sfc,NORD,col,-2.796970e+14
PI200_gmR1500,1582,sfc,SATL,col,3.352679e+14
PI200_gmR1500,1582,sfc,NATL,col,-3.362678e+13
PI200_gmR1500,1582,sfc,SPNA,col,-3.039876e+14
PI200_gmR1500,1582,sfc,IP,col,1.106999e+15
PI200_gmR1500,1582,sfc,OTHER,col,4.328005e+13
PI200_gmR1500,1582,tend,SO,col,3.832725e+14
PI200_gmR1500,1582,tend,NORD,col,5.407836e+13
PI200_gmR1500,1582,tend,SATL,col,-1.104583e+13
PI200_gmR1500,1582,tend,NATL,col,2.019347e+13
PI200_gmR1500,1582,tend,SPNA,col,-6.537722e+13
PI200_gmR1500,1582,tend,IP,col,-1.037538e+14
PI200_gmR1500,1582,tend,OTHER,col,-7.003526e+12
PI200_gmR1500,1582,adv,SO,col,9.765755e+14
PI200_gmR1500,1582,adv,NORD,col,3.463758e+14
PI200_gmR1500,1582,adv,SATL,col,-3.707517e+14
PI200_gmR1500,1582,adv,NATL,col,-1.420889e+13
PI200_gmR1500,1582,adv,SPNA,col,2.380050e+14
PI200_gmR1500,1582,adv,IP,col,-1.293607e+15
PI200_gmR1500,1582,adv,OTHER,col,-6.684238e+13
PI200_gmR1500,1582,diff,SO,col,-5.933031e+14
PI200_gmR1500,1582,diff,NORD,col,-2.922974e+14
PI200_gmR1500,1582,diff,SATL,col,3.597059e+14
PI200_gmR1500,1582,diff,NATL,col,3.440236e+13
PI200_gmR1500,1582,diff,SPNA,col,-3.033823e+14
PI200_gmR1500,1582,diff,IP,col,1.189853e+15
PI200_gmR1500,1582,diff,OTHER,col,5.983885e+13
PI200_gmR1500,1582,mht_res,ATL@-34,0-700,4.358579e+14
PI200_gmR1500,1582,mht_bol,ATL@-34,0-700,3.698343e+12
PI200_gmR1500,1582,mht_res,ATL@-34,700-2000,-3.246282e+13
PI200_gmR1500,1582,mht_bol,ATL@-34,700-2000,2.944777e+12
PI200_gmR1500,1582,mht_res,ATL@-34,2000+,-3.896030e+13
PI200_gmR1500,1582,mht_bol,ATL@-34,2000+,-2.103044e+12
PI200_gmR1500,1582,mht_res,ATL@-34,all,3.644348e+14
PI200_gmR1500,1582,mht_bol,ATL@-34,all,4.540076e+12
PI200_gmR1500,1582,mht_res,ATL@-20,0-700,9.469096e+14
PI200_gmR1500,1582,mht_bol,ATL@-20,0-700,2.921482e+13
PI200_gmR1500,1582,mht_res,ATL@-20,700-2000,-1.619168e+14
PI200_gmR1500,1582,mht_bol,ATL@-20,700-2000,-7.618607e+12
PI200_gmR1500,1582,mht_res,ATL@-20,2000+,-1.017507e+14
PI200_gmR1500,1582,mht_bol,ATL@-20,2000+,-2.036022e+12
PI200_gmR1500,1582,mht_res,ATL@-20,all,6.832421e+14
PI200_gmR1500,1582,mht_bol,ATL@-20,all,1.956019e+13
PI200_gmR1500,1582,mht_res,ATL@20,0-700,1.344141e+15
PI200_gmR1500,1582,mht_bol,ATL@20,0-700,-1.772222e+13
PI200_gmR1500,1582,mht_res,ATL@20,700-2000,-2.849410e+14
PI200_gmR1500,1582,mht_bol,ATL@20,700-2000,3.374131e+12
PI200_gmR1500,1582,mht_res,ATL@20,2000+,-5.050344e+13
PI200_gmR1500,1582,mht_bol,ATL@20,2000+,2.495239e+12
PI200_gmR1500,1582,mht_res,ATL@20,all,1.008697e+15
PI200_gmR1500,1582,mht_bol,ATL@20,all,-1.185285e+13
PI200_gmR1500,1582,mht_res,ATL@30,0-700,1.276299e+15
PI200_gmR1500,1582,mht_bol,ATL@30,0-700,1.892529e+13
PI200_gmR1500,1582,mht_res,ATL@30,700-2000,-2.665031e+14
PI200_gmR1500,1582,mht_bol,ATL@30,700-2000,-1.761979e+13
PI200_gmR1500,1582,mht_res,ATL@30,2000+,-1.985765e+14
PI200_gmR1500,1582,mht_bol,ATL@30,2000+,3.224014e+12
PI200_gmR1500,1582,mht_res,ATL@30,all,8.112195e+14
PI200_gmR1500,1582,mht_bol,ATL@30,all,4.529520e+12
PI200_gmR1500,1582,mht_res,ATL@45,0-700,8.464184e+14
PI200_gmR1500,1582,mht_bol,ATL@45,0-700,5.797283e+13
PI200_gmR1500,1582,mht_res,ATL@45,700-2000,-1.685824e+14
PI200_gmR1500,1582,mht_bol,ATL@45,700-2000,-1.244729e+13
PI200_gmR1500,1582,mht_res,ATL@45,2000+,-1.551182e+14
PI200_gmR1500,1582,mht_bol,ATL@45,2000+,-1.762382e+13
PI200_gmR1500,1582,mht_res,ATL@45,all,5.227177e+14
PI200_gmR1500,1582,mht_bol,ATL@45,all,2.790172e+13
PI200_gmR1500,1582,mht_res,ATL@55,0-700,8.429349e+14
PI200_gmR1500,1582,mht_bol,ATL@55,0-700,1.011043e+13
PI200_gmR1500,1582,mht_res,ATL@55,700-2000,-5.922431e+13
PI200_gmR1500,1582,mht_bol,ATL@55,700-2000,-7.173747e+12
PI200_gmR1500,1582,mht_res,ATL@55,2000+,-7.793926e+13
PI200_gmR1500,1582,mht_bol,ATL@55,2000+,-4.013177e+12
PI200_gmR1500,1582,mht_res,ATL@55,all,7.057713e+14
PI200_gmR1500,1582,mht_bol,ATL@55,all,-1.076490e+12
PI200_gmR1500,1582,mht_res,ATL@66,0-700,1.708637e+14
PI200_gmR1500,1582,mht_bol,ATL@66,0-700,3.613338e+13
PI200_gmR1500,1582,mht_res,ATL@66,700-2000,-8.959606e+12
PI200_gmR1500,1582,mht_bol,ATL@66,700-2000,-1.006474e+13
PI200_gmR1500,1582,mht_res,ATL@66,2000+,1.307104e+12
PI200_gmR1500,1582,mht_bol,ATL@66,2000+,2.481770e+12
PI200_gmR1500,1582,mht_res,ATL@66,all,1.632112e+14
PI200_gmR1500,1582,mht_bol,ATL@66,all,2.855040e+13
PI200_gmR1500,1583,ohc,SO,0-700,1.744503e+24
PI200_gmR1500,1583,ohc,SO,700-2000,1.426902e+24
PI200_gmR1500,1583,ohc,SO,2000+,9.672371e+23
PI200_gmR1500,1583,ohc,SO,all,4.138642e+24
PI200_gmR1500,1583,ohc,NORD,0-700,1.969292e+22
PI200_gmR1500,1583,ohc,NORD,700-2000,2.832187e+22
PI200_gmR1500,1583,ohc,NORD,2000+,2.165506e+22
PI200_gmR1500,1583,ohc,NORD,all,6.966985e+22
PI200_gmR1500,1583,ohc,SATL,0-700,7.278063e+23
PI200_gmR1500,1583,ohc,SATL,700-2000,5.219017e+23
PI200_gmR1500,1583,ohc,SATL,2000+,5.592839e+23
PI200_gmR1500,1583,ohc,SATL,all,1.808992e+24
PI200_gmR1500,1583,ohc,NATL,0-700,1.400003e+24
PI200_gmR1500,1583,ohc,NATL,700-2000,1.057433e+24
PI200_gmR1500,1583,ohc,NATL,2000+,9.407461e+23
PI200_gmR1500,1583,ohc,NATL,all,3.398182e+24
PI200_gmR1500,1583,ohc,SPNA,0-700,1.426041e+23
PI200_gmR1500,1583,ohc,SPNA,700-2000,1.520612e+23
PI200_gmR1500,1583,ohc,SPNA,2000+,1.118622e+23
PI200_gmR1500,1583,ohc,SPNA,all,4.065275e+23
PI200_gmR1500,1583,ohc,IP,0-700,6.108932e+24
PI200_gmR1500,1583,ohc,IP,700-2000,3.191230e+24
PI200_gmR1500,1583,ohc,IP,2000+,2.112559e+24
PI200_gmR1500,1583,ohc,IP,all,1.141272e+25
PI200_gmR1500,1583,ohc,OTHER,0-700,4.063392e+22
PI200_gmR1500,1583,ohc,OTHER,700-2000,1.429701e+22
PI200_gmR1500,1583,ohc,OTHER,2000+,1.062734e+21
PI200_gmR1500,1583,ohc,OTHER,all,5.599366e+22
PI200_gmR1500,1583,sfc,SO,col,-7.180095e+14
PI200_gmR1500,1583,sfc,NORD,col,-3.064941e+14
PI200_gmR1500,1583,sfc,SATL,col,2.645749e+14
PI200_gmR1500,1583,sfc,NATL,col,-2.387714e+13
PI200_gmR1500,1583,sfc,SPNA,col,-3.334866e+14
PI200_gmR1500,1583,sfc,IP,col,1.540257e+15
PI200_gmR1500,1583,sfc,OTHER,col,3.783714e+13
PI200_gmR1500,1583,tend,SO,col,2.199933e+14
PI200_gmR1500,1583,tend,NORD,col,5.117782e+12
PI200_gmR1500,1583,tend,SATL,col,-3.701445e+13
PI200_gmR1500,1583,tend,NATL,col,-2.257314e+13
PI200_gmR1500,1583,tend,SPNA,col,-4.721045e+13
PI200_gmR1500,1583,tend,IP,col,3.055282e+14
PI200_gmR1500,1583,tend,OTHER,col,-4.456352e+12
PI200_gmR1500,1583,adv,SO,col,9.380578e+14
PI200_gmR1500,1583,adv,NORD,col,3.214511e+14
PI200_gmR1500,1583,adv,SATL,col,-3.233936e+14
PI200_gmR1500,1583,adv,NATL,col,-7.293133e+13
PI200_gmR1500,1583,adv,SPNA,col,2.792958e+14
PI200_gmR1500,1583,adv,IP,col,-1.309524e+15
PI200_gmR1500,1583,adv,OTHER,col,-5.763828e+13
PI200_gmR1500,1583,diff,SO,col,-7.180645e+14
PI200_gmR1500,1583,diff,NORD,col,-3.163334e+14
PI200_gmR1500,1583,diff,SATL,col,2.863791e+14
PI200_gmR1500,1583,diff,NATL,col,5.035820e+13
PI200_gmR1500,1583,diff,SPNA,col,-3.265062e+14
PI200_gmR1500,1583,diff,IP,col,1.615052e+15
PI200_gmR1500,1583,diff,OTHER,col,5.318193e+13
PI200_gmR1500,1583,mht_res,ATL@-34,0-700,4.610241e+14
PI200_gmR1500,1583,mht_bol,ATL@-34,0-700,5.340884e+12
PI200_gmR1500,1583,mht_res,ATL@-34,700-2000,-2.378774e+13
PI200_gmR1500,1583,mht_bol,ATL@-34,700-2000,2.802807e+12
PI200_gmR1500,1583,mht_res,ATL@-34,2000+,-3.577742e+13
PI200_gmR1500,1583,mht_bol,ATL@-34,2000+,-2.335883e+12
PI200_gmR1500,1583,mht_res,ATL@-34,all,4.014589e+14
PI200_gmR1500,1583,mht_bol,ATL@-34,all,5.807809e+12
PI200_gmR1500,1583,mht_res,ATL@-20,0-700,9.616419e+14
PI200_gmR1500,1583,mht_bol,ATL@-20,0-700,2.974323e+13
PI200_gmR1500,1583,mht_res,ATL@-20,700-2000,-1.730698e+14
PI200_gmR1500,1583,mht_bol,ATL@-20,700-2000,-7.847613e+12
PI200_gmR1500,1583,mht_res,ATL@-20,2000+,-9.483459e+13
PI200_gmR1500,1583,mht_bol,ATL@-20,2000+,-1.705195e+12
PI200_gmR1500,1583,mht_res,ATL@-20,all,6.937376e+14
PI200_gmR1500,1583,mht_bol,ATL@-20,all,2.019043e+13
PI200_gmR1500,1583,mht_res,ATL@20,0-700,1.228104e+15
PI200_gmR1500,1583,mht_bol,ATL@20,0-700,-1.946128e+13
PI200_gmR1500,1583,mht_res,ATL@20,700-2000,-2.873661e+14
PI200_gmR1500,1583,mht_bol,ATL@20,700-2000,3.827726e+12
PI200_gmR1500,1583,mht_res,ATL@20,2000+,-5.719216e+13
PI200_gmR1500,1583,mht_bol,ATL@20,2000+,2.633511e+12
PI200_gmR1500,1583,mht_res,ATL@20,all,8.835454e+14
PI200_gmR1500,1583,mht_bol,ATL@20,all,-1.300004e+13
PI200_gmR1500,1583,mht_res,ATL@30,0-700,1.456001e+15
PI200_gmR1500,1583,mht_bol,ATL@30,0-700,2.014958e+13
PI200_gmR1500,1583,mht_res,ATL@30,700-2000,-2.587698e+14
PI200_gmR1500,1583,mht_bol,ATL@30,700-2000,-1.839313e+13
PI200_gmR1500,1583,mht_res,ATL@30,2000+,-2.109025e+14
PI200_gmR1500,1583,mht_bol,ATL@30,2000+,3.494699e+12
PI200_gmR1500,1583,mht_res,ATL@30,all,9.863293e+14
PI200_gmR1500,1583,mht_bol,ATL@30,all,5.251148e+12
PI200_gmR1500,1583,mht_res,ATL@45,0-700,7.804621e+14
PI200_gmR1500,1583,mht_bol,ATL@45,0-700,6.215062e+13
PI200_gmR1500,1583,mht_res,ATL@45,700-2000,-1.927694e+14
PI200_gmR1500,1583,mht_bol,ATL@45,700-2000,-1.259582e+13
PI200_gmR1500,1583,mht_res,ATL@45,2000+,-1.636247e+14
PI200_gmR1500,1583,mht_bol,ATL@45,2000+,-1.791603e+13
PI200_gmR1500,1583,mht_res,ATL@45,all,4.240681e+14
PI200_gmR1500,1583,mht_bol,ATL@45,all,3.163878e+13
PI200_gmR1500,1583,mht_res,ATL@55,0-700,7.990252e+14
PI200_gmR1500,1583,mht_bol,ATL@55,0-700,2.514919e+13
PI200_gmR1500,1583,mht_res,ATL@55,700-2000,-6.885799e+13
PI200_gmR1500,1583,mht_bol,ATL@55,700-2000,-1.210458e+13
PI200_gmR1500,1583,mht_res,ATL@55,2000+,-9.383702e+13
PI200_gmR1500,1583,mht_bol,ATL@55,2000+,-1.506145e+13
PI200_gmR1500,1583,mht_res,ATL@55,all,6.363302e+14
PI200_gmR1500,1583,mht_bol,ATL@55,all,-2.016843e+12
PI200_gmR1500,1583,mht_res,ATL@66,0-700,1.643676e+14
PI200_gmR1500,1583,mht_bol,ATL@66,0-700,3.155302e+13
PI200_gmR1500,1583,mht_res,ATL@66,700-2000,-6.629532e+12
PI200_gmR1500,1583,mht_bol,ATL@66,700-2000,-9.406478e+12
PI200_gmR1500,1583,mht_res,ATL@66,2000+,3.312040e+12
PI200_gmR1500,1583,mht_bol,ATL@66,2000+,2.642629e+12
PI200_gmR1500,1583,mht_res,ATL@66,all,1.610501e+14
PI200_gmR1500,1583,mht_bol,ATL@66,all,2.478917e+13
PI200_gmR1500,1584,ohc,SO,0-700,1.746790e+24
PI200_gmR1500,1584,ohc,SO,700-2000,1.427691e+24
PI200_gmR1500,1584,ohc,SO,2000+,9.671459e+23
PI200_gmR1500,1584,ohc,SO,all,4.141627e+24
PI200_gmR1500,1584,ohc,NORD,0-700,2.004253e+22
PI200_gmR1500,1584,ohc,NORD,700-2000,2.840458e+22
PI200_gmR1500,1584,ohc,NORD,2000+,2.171425e+22
PI200_gmR1500,1584,ohc,NORD,all,7.016135e+22
PI200_gmR1500,1584,ohc,SATL,0-700,7.302104e+23
PI200_gmR1500,1584,ohc,SATL,700-2000,5.228879e+23
PI200_gmR1500,1584,ohc,SATL,2000+,5.598776e+23
PI200_gmR1500,1584,ohc,SATL,all,1.812976e+24
PI200_gmR1500,1584,ohc,NATL,0-700,1.400109e+24
PI200_gmR1500,1584,ohc,NATL,700-2000,1.057998e+24
PI200_gmR1500,1584,ohc,NATL,2000+,9.410223e+23
PI200_gmR1500,1584,ohc,NATL,all,3.399129e+24
PI200_gmR1500,1584,ohc,SPNA,0-700,1.425260e+23
PI200_gmR1500,1584,ohc,SPNA,700-2000,1.515811e+23
PI200_gmR1500,1584,ohc,SPNA,2000+,1.119378e+23
PI200_gmR1500,1584,ohc,SPNA,all,4.060449e+23
PI200_gmR1500,1584,ohc,IP,0-700,6.110078e+24
PI200_gmR1500,1584,ohc,IP,700-2000,3.189787e+24
PI200_gmR1500,1584,ohc,IP,2000+,2.112726e+24
PI200_gmR1500,1584,ohc,IP,all,1.141259e+25
PI200_gmR1500,1584,ohc,OTHER,0-700,4.071352e+22
PI200_gmR1500,1584,ohc,OTHER,700-2000,1.427989e+22
PI200_gmR1500,1584,ohc,OTHER,2000+,1.062683e+21
PI200_gmR1500,1584,ohc,OTHER,all,5.605609e+22
PI200_gmR1500,1584,sfc,SO,col,-6.783015e+14
PI200_gmR1500,1584,sfc,NORD,col,-3.113727e+14
PI200_gmR1500,1584,sfc,SATL,col,3.983418e+14
PI200_gmR1500,1584,sfc,NATL,col,4.524177e+13
PI200_gmR1500,1584,sfc,SPNA,col,-2.841699e+14
PI200_gmR1500,1584,sfc,IP,col,1.058503e+15
PI200_gmR1500,1584,sfc,OTHER,col,4.846786e+13
PI200_gmR1500,1584,tend,SO,col,4.744192e+13
PI200_gmR1500,1584,tend,NORD,col,-1.228554e+11
PI200_gmR1500,1584,tend,SATL,col,2.146974e+14
PI200_gmR1500,1584,tend,NATL,col,4.107536e+13
PI200_gmR1500,1584,tend,SPNA,col,5.253081e+12
PI200_gmR1500,1584,tend,IP,col,-1.677510e+13
PI200_gmR1500,1584,tend,OTHER,col,6.936382e+12
PI200_gmR1500,1584,adv,SO,col,7.239767e+14
PI200_gmR1500,1584,adv,NORD,col,3.209172e+14
PI200_gmR1500,1584,adv,SATL,col,-2.125589e+14
PI200_gmR1500,1584,adv,NATL,col,-7.290725e+13
PI200_gmR1500,1584,adv,SPNA,col,2.823656e+14
PI200_gmR1500,1584,adv,IP,col,-1.156870e+15
PI200_gmR1500,1584,adv,OTHER,col,-5.822485e+13
PI200_gmR1500,1584,diff,SO,col,-6.765348e+14
PI200_gmR1500,1584,diff,NORD,col,-3.210400e+14
PI200_gmR1500,1584,diff,SATL,col,4.272563e+14
PI200_gmR1500,1584,diff,NATL,col,1.139826e+14
PI200_gmR1500,1584,diff,SPNA,col,-2.771125e+14
PI200_gmR1500,1584,diff,IP,col,1.140095e+15
PI200_gmR1500,1584,diff,OTHER,col,6.516123e+13
PI200_gmR1500,1584,mht_res,ATL@-34,0-700,5.266250e+14
PI200_gmR1500,1584,mht_bol,ATL@-34,0-700,6.234950e+12
PI200_gmR1500,1584,mht_res,ATL@-34,700-2000,-3.246812e+13
PI200_gmR1500,1584,mht_bol,ATL@-34,700-2000,2.317799e+12
PI200_gmR1500,1584,mht_res,ATL@-34,2000+,-4.453720e+13
PI200_gmR1500,1584,mht_bol,ATL@-34,2000+,-2.532528e+12
PI200_gmR1500,1584,mht_res,ATL@-34,all,4.496196e+14
PI200_gmR1500,1584,mht_bol,ATL@-34,all,6.020221e+12
PI200_gmR1500,1584,mht_res,ATL@-20,0-700,1.038951e+15
PI200_gmR1500,1584,mht_bol,ATL@-20,0-700,3.034747e+13
PI200_gmR1500,1584,mht_res,ATL@-20,700-2000,-1.551413e+14
PI200_gmR1500,1584,mht_bol,ATL@-20,700-2000,-7.757067e+12
PI200_gmR1500,1584,mht_res,ATL@-20,2000+,-9.062587e+13
PI200_gmR1500,1584,mht_bol,ATL@-20,2000+,-1.795803e+12
PI200_gmR1500,1584,mht_res,ATL@-20,all,7.931834e+14
PI200_gmR1500,1584,mht_bol,ATL@-20,all,2.079460e+13
PI200_gmR1500,1584,mht_res,ATL@20,0-700,1.517593e+15
PI200_gmR1500,1584,mht_bol,ATL@20,0-700,-1.572592e+13
PI200_gmR1500,1584,mht_res,ATL@20,700-2000,-2.399891e+14
PI200_gmR1500,1584,mht_bol,ATL@20,700-2000,3.302520e+12
PI200_gmR1500,1584,mht_res,ATL@20,2000+,-3.978243e+13
PI200_gmR1500,1584,mht_bol,ATL@20,2000+,2.261095e+12
PI200_gmR1500,1584,mht_res,ATL@20,all,1.237822e+15
PI200_gmR1500,1584,mht_bol,ATL@20,all,-1.016230e+13
PI200_gmR1500,1584,mht_res,ATL@30,0-700,1.328055e+15
PI200_gmR1500,1584,mht_bol,ATL@30,0-700,1.581812e+13
PI200_gmR1500,1584,mht_res,ATL@30,700-2000,-2.637637e+14
PI200_gmR1500,1584,mht_bol,ATL@30,700-2000,-1.799005e+13
PI200_gmR1500,1584,mht_res,ATL@30,2000+,-2.107875e+14
PI200_gmR1500,1584,mht_bol,ATL@30,2000+,4.218396e+12
PI200_gmR1500,1584,mht_res,ATL@30,all,8.535041e+14
PI200_gmR1500,1584,mht_bol,ATL@30,all,2.046472e+12
PI200_gmR1500,1584,mht_res,ATL@45,0-700,7.946646e+14
PI200_gmR1500,1584,mht_bol,ATL@45,0-700,6.153129e+13
PI200_gmR1500,1584,mht_res,ATL@45,700-2000,-1.699540e+14
PI200_gmR1500,1584,mht_bol,ATL@45,700-2000,-1.176379e+13
PI200_gmR1500,1584,mht_res,ATL@45,2000+,-1.721794e+14
PI200_gmR1500,1584,mht_bol,ATL@45,2000+,-1.926453e+13
PI200_gmR1500,1584,mht_res,ATL@45,all,4.525311e+14
PI200_gmR1500,1584,mht_bol,ATL@45,all,3.050298e+13
PI200_gmR1500,1584,mht_res,ATL@55,0-700,7.817319e+14
PI200_gmR1500,1584,mht_bol,ATL@55,0-700,2.537869e+13
PI200_gmR1500,1584,mht_res,ATL@55,700-2000,-5.526817e+13
PI200_gmR1500,1584,mht_bol,ATL@55,700-2000,-1.638179e+13
PI200_gmR1500,1584,mht_res,ATL@55,2000+,-7.984432e+13
PI200_gmR1500,1584,mht_bol,ATL@55,2000+,-1.105146e+13
PI200_gmR1500,1584,mht_res,ATL@55,all,6.466194e+14
PI200_gmR1500,1584,mht_bol,ATL@55,all,-2.054556e+12
PI200_gmR1500,1584,mht_res,ATL@66,0-700,1.656626e+14
PI200_gmR1500,1584,mht_bol,ATL@66,0-700,3.245575e+13
PI200_gmR1500,1584,mht_res,ATL@66,700-2000,-8.642356e+12
PI200_gmR1500,1584,mht_bol,ATL@66,700-2000,-8.477964e+12
PI200_gmR1500,1584,mht_res,ATL@66,2000+,1.396723e+12
PI200_gmR1500,1584,mht_bol,ATL@66,2000+,2.237887e+12
PI200_gmR1500,1584,mht_res,ATL@66,all,1.584170e+14
PI200_gmR1500,1584,mht_bol,ATL@66,all,2.621568e+13
PI200_gmR1500,1585,ohc,SO,0-700,1.751920e+24
PI200_gmR1500,1585,ohc,SO,700-2000,1.428417e+24
PI200_gmR1500,1585,ohc,SO,2000+,9.667666e+23
PI200_gmR1500,1585,ohc,SO,all,4.147103e+24
PI200_gmR1500,1585,ohc,NORD,0-700,1.932635e+22
PI200_gmR1500,1585,ohc,NORD,700-2000,2.847753e+22
PI200_gmR1500,1585,ohc,NORD,2000+,2.179628e+22
PI200_gmR1500,1585,ohc,NORD,all,6.960015e+22
PI200_gmR1500,1585,ohc,SATL,0-700,7.313733e+23
PI200_gmR1500,1585,ohc,SATL,700-2000,5.236591e+23
PI200_gmR1500,1585,ohc,SATL,2000+,5.602780e+23
PI200_gmR1500,1585,ohc,SATL,all,1.815310e+24
PI200_gmR1500,1585,ohc,NATL,0-700,1.400150e+24
PI200_gmR1500,1585,ohc,NATL,700-2000,1.058180e+24
PI200_gmR1500,1585,ohc,NATL,2000+,9.412539e+23
PI200_gmR1500,1585,ohc,NATL,all,3.399584e+24
PI200_gmR1500,1585,ohc,SPNA,0-700,1.452926e+23
PI200_gmR1500,1585,ohc,SPNA,700-2000,1.519979e+23
PI200_gmR1500,1585,ohc,SPNA,2000+,1.122312e+23
PI200_gmR1500,1585,ohc,SPNA,all,4.095217e+23
PI200_gmR1500,1585,ohc,IP,0-700,6.107169e+24
PI200_gmR1500,1585,ohc,IP,700-2000,3.190276e+24
PI200_gmR1500,1585,ohc,IP,2000+,2.113028e+24
PI200_gmR1500,1585,ohc,IP,all,1.141047e+25
PI200_gmR1500,1585,ohc,OTHER,0-700,4.062126e+22
PI200_gmR1500,1585,ohc,OTHER,700-2000,1.424745e+22
PI200_gmR1500,1585,ohc,OTHER,2000+,1.059238e+21
PI200_gmR1500,1585,ohc,OTHER,all,5.592794e+22
PI200_gmR1500,1585,sfc,SO,col,-6.862045e+14
PI200_gmR1500,1585,sfc,NORD,col,-3.041174e+14
PI200_gmR1500,1585,sfc,SATL,col,2.948493e+14
PI200_gmR1500,1585,sfc,NATL,col,5.373311e+12
PI200_gmR1500,1585,sfc,SPNA,col,-2.029088e+14
PI200_gmR1500,1585,sfc,IP,col,1.171940e+15
PI200_gmR1500,1585,sfc,OTHER,col,3.424102e+13
PI200_gmR1500,1585,tend,SO,col,4.075688e+14
PI200_gmR1500,1585,tend,NORD,col,-1.027109e+13
PI200_gmR1500,1585,tend,SATL,col,-3.556694e+13
PI200_gmR1500,1585,tend,NATL,col,3.093679e+11
PI200_gmR1500,1585,tend,SPNA,col,1.536106e+14
PI200_gmR1500,1585,tend,IP,col,-2.130838e+14
PI200_gmR1500,1585,tend,OTHER,col,-5.960231e+12
PI200_gmR1500,1585,adv,SO,col,1.093060e+15
PI200_gmR1500,1585,adv,NORD,col,3.039880e+14
PI200_gmR1500,1585,adv,SATL,col,-3.573983e+14
PI200_gmR1500,1585,adv,NATL,col,-8.145556e+13
PI200_gmR1500,1585,adv,SPNA,col,3.575745e+14
PI200_gmR1500,1585,adv,IP,col,-1.460352e+15
PI200_gmR1500,1585,adv,OTHER,col,-5.479258e+13
PI200_gmR1500,1585,diff,SO,col,-6.854912e+14
PI200_gmR1500,1585,diff,NORD,col,-3.142590e+14
PI200_gmR1500,1585,diff,SATL,col,3.218314e+14
PI200_gmR1500,1585,diff,NATL,col,8.176493e+13
PI200_gmR1500,1585,diff,SPNA,col,-2.039638e+14
PI200_gmR1500,1585,diff,IP,col,1.247269e+15
PI200_gmR1500,1585,diff,OTHER,col,4.883235e+13
PI200_gmR1500,1585,mht_res,ATL@-34,0-700,4.424955e+14
PI200_gmR1500,1585,mht_bol,ATL@-34,0-700,4.436011e+12
PI200_gmR1500,1585,mht_res,ATL@-34,700-2000,-3.522091e+13
PI200_gmR1500,1585,mht_bol,ATL@-34,700-2000,2.302254e+12
PI200_gmR1500,1585,mht_res,ATL@-34,2000+,-4.452858e+13
PI200_gmR1500,1585,mht_bol,ATL@-34,2000+,-2.346541e+12
PI200_gmR1500,1585,mht_res,ATL@-34,all,3.627460e+14
PI200_gmR1500,1585,mht_bol,ATL@-34,all,4.391723e+12
PI200_gmR1500,1585,mht_res,ATL@-20,0-700,1.031014e+15
PI200_gmR1500,1585,mht_bol,ATL@-20,0-700,2.851207e+13
PI200_gmR1500,1585,mht_res,ATL@-20,700-2000,-1.591312e+14
PI200_gmR1500,1585,mht_bol,ATL@-20,700-2000,-7.584796e+12
PI200_gmR1500,1585,mht_res,ATL@-20,2000+,-1.053496e+14
PI200_gmR1500,1585,mht_bol,ATL@-20,2000+,-1.931930e+12
PI200_gmR1500,1585,mht_res,ATL@-20,all,7.665328e+14
PI200_gmR1500,1585,mht_bol,ATL@-20,all,1.899534e+13
PI200_gmR1500,1585,mht_res,ATL@20,0-700,1.317967e+15
PI200_gmR1500,1585,mht_bol,ATL@20,0-700,-1.910144e+13
PI200_gmR1500,1585,mht_res,ATL@20,700-2000,-2.786849e+14
PI200_gmR1500,1585,mht_bol,ATL@20,700-2000,4.279803e+12
PI200_gmR1500,1585,mht_res,ATL@20,2000+,-6.904948e+13
PI200_gmR1500,1585,mht_bol,ATL@20,2000+,2.299867e+12
PI200_gmR1500,1585,mht_res,ATL@20,all,9.702329e+14
PI200_gmR1500,1585,mht_bol,ATL@20,all,-1.252177e+13
PI200_gmR1500,1585,mht_res,ATL@30,0-700,1.321822e+15
PI200_gmR1500,1585,mht_bol,ATL@30,0-700,1.763751e+13
PI200_gmR1500,1585,mht_res,ATL@30,700-2000,-2.533551e+14
PI200_gmR1500,1585,mht_bol,ATL@30,700-2000,-1.705211e+13
PI200_gmR1500,1585,mht_res,ATL@30,2000+,-1.982087e+14
PI200_gmR1500,1585,mht_bol,ATL@30,2000+,3.902830e+12
PI200_gmR1500,1585,mht_res,ATL@30,all,8.702584e+14
PI200_gmR1500,1585,mht_bol,ATL@30,all,4.488227e+12
PI200_gmR1500,1585,mht_res,ATL@45,0-700,8.993874e+14
PI200_gmR1500,1585,mht_bol,ATL@45,0-700,5.980992e+13
PI200_gmR1500,1585,mht_res,ATL@45,700-2000,-1.507219e+14
PI200_gmR1500,1585,mht_bol,ATL@45,700-2000,-7.485332e+12
PI200_gmR1500,1585,mht_res,ATL@45,2000+,-1.800289e+14
PI200_gmR1500,1585,mht_bol,ATL@45,2000+,-2.342304e+13
PI200_gmR1500,1585,mht_res,ATL@45,all,5.686366e+14
PI200_gmR1500,1585,mht_bol,ATL@45,all,2.890155e+13
PI200_gmR1500,1585,mht_res,ATL@55,0-700,8.203871e+14
PI200_gmR1500,1585,mht_bol,ATL@55,0-700,1.040264e+13
PI200_gmR1500,1585,mht_res,ATL@55,700-2000,-5.590814e+13
PI200_gmR1500,1585,mht_bol,ATL@55,700-2000,-1.024992e+13
PI200_gmR1500,1585,mht_res,ATL@55,2000+,-7.694676e+13
PI200_gmR1500,1585,mht_bol,ATL@55,2000+,-1.966227e+11
PI200_gmR1500,1585,mht_res,ATL@55,all,6.875322e+14
PI200_gmR1500,1585,mht_bol,ATL@55,all,-4.390204e+10
PI200_gmR1500,1585,mht_res,ATL@66,0-700,1.499315e+14
PI200_gmR1500,1585,mht_bol,ATL@66,0-700,3.096167e+13
PI200_gmR1500,1585,mht_res,ATL@66,700-2000,-9.100849e+12
PI200_gmR1500,1585,mht_bol,ATL@66,700-2000,-7.254147e+12
PI200_gmR1500,1585,mht_res,ATL@66,2000+,-6.314421e+10
PI200_gmR1500,1585,mht_bol,ATL@66,2000+,1.494047e+12
PI200_gmR1500,1585,mht_res,ATL@66,all,1.407675e+14
PI200_gmR1500,1585,mht_bol,ATL@66,all,2.520157e+13
PI200_gmR1500,1586,ohc,SO,0-700,1.753602e+24
PI200_gmR1500,1586,ohc,SO,700-2000,1.430431e+24
PI200_gmR1500,1586,ohc,SO,2000+,9.675727e+23
PI200_gmR1500,1586,ohc,SO,all,4.151606e+24
PI200_gmR1500,1586,ohc,NORD,0-700,2.016186e+22
PI200_gmR1500,1586,ohc,NORD,700-2000,2.844839e+22
PI200_gmR1500,1586,ohc,NORD,2000+,2.184919e+22
PI200_gmR1500,1586,ohc,NORD,all,7.045944e+22
PI200_gmR1500,1586,ohc,SATL,0-700,7.300243e+23
PI200_gmR1500,1586,ohc,SATL,700-2000,5.240776e+23
PI200_gmR1500,1586,ohc,SATL,2000+,5.605023e+23
PI200_gmR1500,1586,ohc,SATL,all,1.814604e+24
PI200_gmR1500,1586,ohc,NATL,0-700,1.400275e+24
PI200_gmR1500,1586,ohc,NATL,700-2000,1.058891e+24
PI200_gmR1500,1586,ohc,NATL,2000+,9.415130e+23
PI200_gmR1500,1586,ohc,NATL,all,3.400679e+24
PI200_gmR1500,1586,ohc,SPNA,0-700,1.465616e+23
PI200_gmR1500,1586,ohc,SPNA,700-2000,1.518040e+23
PI200_gmR1500,1586,ohc,SPNA,2000+,1.124444e+23
PI200_gmR1500,1586,ohc,SPNA,all,4.108100e+23
PI200_gmR1500,1586,ohc,IP,0-700,6.111413e+24
PI200_gmR1500,1586,ohc,IP,700-2000,3.189357e+24
PI200_gmR1500,1586,ohc,IP,2000+,2.113039e+24
PI200_gmR1500,1586,ohc,IP,all,1.141381e+25
PI200_gmR1500,1586,ohc,OTHER,0-700,4.062065e+22
PI200_gmR1500,1586,ohc,OTHER,700-2000,1.423915e+22
PI200_gmR1500,1586,ohc,OTHER,2000+,1.058385e+21
PI200_gmR1500,1586,ohc,OTHER,all,5.591818e+22
PI200_gmR1500,1586,sfc,SO,col,-8.064954e+14
PI200_gmR1500,1586,sfc,NORD,col,-2.825832e+14
PI200_gmR1500,1586,sfc,SATL,col,3.095570e+14
PI200_gmR1500,1586,sfc,NATL,col,-3.185918e+12
PI200_gmR1500,1586,sfc,SPNA,col,-3.249926e+14
PI200_gmR1500,1586,sfc,IP,col,1.451263e+15
PI200_gmR1500,1586,sfc,OTHER,col,3.905583e+13
PI200_gmR1500,1586,tend,SO,col,3.033378e+13
PI200_gmR1500,1586,tend,NORD,col,1.691693e+13
PI200_gmR1500,1586,tend,SATL,col,-4.440983e+13
PI200_gmR1500,1586,tend,NATL,col,8.503661e+12
PI200_gmR1500,1586,tend,SPNA,col,1.356505e+13
PI200_gmR1500,1586,tend,IP,col,3.506257e+14
PI200_gmR1500,1586,tend,OTHER,col,-9.495653e+12
PI200_gmR1500,1586,adv,SO,col,8.358696e+14
PI200_gmR1500,1586,adv,NORD,col,3.056911e+14
PI200_gmR1500,1586,adv,SATL,col,-3.767816e+14
PI200_gmR1500,1586,adv,NATL,col,-6.695598e+13
PI200_gmR1500,1586,adv,SPNA,col,3.469730e+14
PI200_gmR1500,1586,adv,IP,col,-1.183951e+15
PI200_gmR1500,1586,adv,OTHER,col,-6.276804e+13
PI200_gmR1500,1586,diff,SO,col,-8.055358e+14
PI200_gmR1500,1586,diff,NORD,col,-2.887742e+14
PI200_gmR1500,1586,diff,SATL,col,3.323718e+14
PI200_gmR1500,1586,diff,NATL,col,7.545964e+13
PI200_gmR1500,1586,diff,SPNA,col,-3.334079e+14
PI200_gmR1500,1586,diff,IP,col,1.534577e+15
PI200_gmR1500,1586,diff,OTHER,col,5.327239e+13
PI200_gmR1500,1586,mht_res,ATL@-34,0-700,4.291558e+14
PI200_gmR1500,1586,mht_bol,ATL@-34,0-700,3.506503e+12
PI200_gmR1500,1586,mht_res,ATL@-34,700-2000,-3.566853e+13
PI200_gmR1500,1586,mht_bol,ATL@-34,700-2000,2.189040e+12
PI200_gmR1500,1586,mht_res,ATL@-34,2000+,-3.708430e+13
PI200_gmR1500,1586,mht_bol,ATL@-34,2000+,-2.120245e+12
PI200_gmR1500,1586,mht_res,ATL@-34,all,3.564030e+14
PI200_gmR1500,1586,mht_bol,ATL@-34,all,3.575298e+12
PI200_gmR1500,1586,mht_res,ATL@-20,0-700,9.750408e+14
PI200_gmR1500,1586,mht_bol,ATL@-20,0-700,2.809880e+13
PI200_gmR1500,1586,mht_res,ATL@-20,700-2000,-1.687423e+14
PI200_gmR1500,1586,mht_bol,ATL@-20,700-2000,-7.653586e+12
PI200_gmR1500,1586,mht_res,ATL@-20,2000+,-8.777402e+13
PI200_gmR1500,1586,mht_bol,ATL@-20,2000+,-1.689313e+12
PI200_gmR1500,1586,mht_res,ATL@-20,all,7.185245e+14
PI200_gmR1500,1586,mht_bol,ATL@-20,all,1.875591e+13
PI200_gmR1500,1586,mht_res,ATL@20,0-700,1.415813e+15
PI200_gmR1500,1586,mht_bol,ATL@20,0-700,-1.816539e+13
PI200_gmR1500,1586,mht_res,ATL@20,700-2000,-2.642154e+14
PI200_gmR1500,1586,mht_bol,ATL@20,700-2000,4.381466e+12
PI200_gmR1500,1586,mht_res,ATL@20,2000+,-4.575534e+13
PI200_gmR1500,1586,mht_bol,ATL@20,2000+,2.013117e+12
PI200_gmR1500,1586,mht_res,ATL@20,all,1.105842e+15
PI200_gmR1500,1586,mht_bol,ATL@20,all,-1.177081e+13
PI200_gmR1500,1586,mht_res,ATL@30,0-700,1.390299e+15
PI200_gmR1500,1586,mht_bol,ATL@30,0-700,1.653214e+13
PI200_gmR1500,1586,mht_res,ATL@30,700-2000,-2.585397e+14
PI200_gmR1500,1586,mht_bol,ATL@30,700-2000,-1.608597e+13
PI200_gmR1500,1586,mht_res,ATL@30,2000+,-2.043436e+14
PI200_gmR1500,1586,mht_bol,ATL@30,2000+,3.851953e+12
PI200_gmR1500,1586,mht_res,ATL@30,all,9.274156e+14
PI200_gmR1500,1586,mht_bol,ATL@30,all,4.298123e+12
PI200_gmR1500,1586,mht_res,ATL@45,0-700,8.576031e+14
PI200_gmR1500,1586,mht_bol,ATL@45,0-700,5.854538e+13
PI200_gmR1500,1586,mht_res,ATL@45,700-2000,-1.624466e+14
PI200_gmR1500,1586,mht_bol,ATL@45,700-2000,-7.441317e+12
PI200_gmR1500,1586,mht_res,ATL@45,2000+,-1.688385e+14
PI200_gmR1500,1586,mht_bol,ATL@45,2000+,-2.136822e+13
PI200_gmR1500,1586,mht_res,ATL@45,all,5.263180e+14
PI200_gmR1500,1586,mht_bol,ATL@45,all,2.973584e+13
PI200_gmR1500,1586,mht_res,ATL@55,0-700,7.745287e+14
PI200_gmR1500,1586,mht_bol,ATL@55,0-700,7.768637e+12
PI200_gmR1500,1586,mht_res,ATL@55,700-2000,-5.615877e+13
PI200_gmR1500,1586,mht_bol,ATL@55,700-2000,-1.536998e+13
PI200_gmR1500,1586,mht_res,ATL@55,2000+,-6.779277e+13
PI200_gmR1500,1586,mht_bol,ATL@55,2000+,4.118381e+12
PI200_gmR1500,1586,mht_res,ATL@55,all,6.505772e+14
PI200_gmR1500,1586,mht_bol,ATL@55,all,-3.482964e+12
PI200_gmR1500,1586,mht_res,ATL@66,0-700,1.516870e+14
PI200_gmR1500,1586,mht_bol,ATL@66,0-700,2.841407e+13
PI200_gmR1500,1586,mht_res,ATL@66,700-2000,-7.734180e+12
PI200_gmR1500,1586,mht_bol,ATL@66,700-2000,-6.544763e+12
PI200_gmR1500,1586,mht_res,ATL@66,2000+,1.387839e+11
PI200_gmR1500,1586,mht_bol,ATL@66,2000+,9.327472e+11
PI200_gmR1500,1586,mht_res,ATL@66,all,1.440916e+14
PI200_gmR1500,1586,mht_bol,ATL@66,all,2.280206e+13
PI200_gmR1500,1587,ohc,SO,0-700,1.753851e+24
PI200_gmR1500,1587,ohc,SO,700-2000,1.429363e+24
PI200_gmR1500,1587,ohc,SO,2000+,9.676835e+23
PI200_gmR1500,1587,ohc,SO,all,4.150898e+24
PI200_gmR1500,1587,ohc,NORD,0-700,1.995238e+22
PI200_gmR1500,1587,ohc,NORD,700-2000,2.839268e+22
PI200_gmR1500,1587,ohc,NORD,2000+,2.189689e+22
PI200_gmR1500,1587,ohc,NORD,all,7.024195e+22
PI200_gmR1500,1587,ohc,SATL,0-700,7.298725e+23
PI200_gmR1500,1587,ohc,SATL,700-2000,5.246558e+23
PI200_gmR1500,1587,ohc,SATL,2000+,5.608003e+23
PI200_gmR1500,1587,ohc,SATL,all,1.815329e+24
PI200_gmR1500,1587,ohc,NATL,0-700,1.399752e+24
PI200_gmR1500,1587,ohc,NATL,700-2000,1.059470e+24
PI200_gmR1500,1587,ohc,NATL,2000+,9.418495e+23
PI200_gmR1500,1587,ohc,NATL,all,3.401072e+24
PI200_gmR1500,1587,ohc,SPNA,0-700,1.490172e+23
PI200_gmR1500,1587,ohc,SPNA,700-2000,1.521972e+23
PI200_gmR1500,1587,ohc,SPNA,2000+,1.123851e+23
PI200_gmR1500,1587,ohc,SPNA,all,4.135996e+23
PI200_gmR1500,1587,ohc,IP,0-700,6.119526e+24
PI200_gmR1500,1587,ohc,IP,700-2000,3.189061e+24
PI200_gmR1500,1587,ohc,IP,2000+,2.113224e+24
PI200_gmR1500,1587,ohc,IP,all,1.142181e+25
PI200_gmR1500,1587,ohc,OTHER,0-700,4.056734e+22
PI200_gmR1500,1587,ohc,OTHER,700-2000,1.421442e+22
PI200_gmR1500,1587,ohc,OTHER,2000+,1.059889e+21
PI200_gmR1500,1587,ohc,OTHER,all,5.584165e+22
PI200_gmR1500,1587,sfc,SO,col,-7.455286e+14
PI200_gmR1500,1587,sfc,NORD,col,-2.500620e+14
PI200_gmR1500,1587,sfc,SATL,col,3.328878e+14
PI200_gmR1500,1587,sfc,NATL,col,2.057365e+13
PI200_gmR1500,1587,sfc,SPNA,col,-2.927629e+14
PI200_gmR1500,1587,sfc,IP,col,1.264116e+15
PI200_gmR1500,1587,sfc,OTHER,col,4.248799e+13
PI200_gmR1500,1587,tend,SO,col,3.295493e+13
PI200_gmR1500,1587,tend,NORD,col,1.949652e+13
PI200_gmR1500,1587,tend,SATL,col,1.732954e+13
PI200_gmR1500,1587,tend,NATL,col,-4.219315e+13
PI200_gmR1500,1587,tend,SPNA,col,1.102585e+14
PI200_gmR1500,1587,tend,IP,col,2.097323e+14
PI200_gmR1500,1587,tend,OTHER,col,-7.648086e+11
PI200_gmR1500,1587,adv,SO,col,7.831854e+14
PI200_gmR1500,1587,adv,NORD,col,2.764561e+14
PI200_gmR1500,1587,adv,SATL,col,-3.386574e+14
PI200_gmR1500,1587,adv,NATL,col,-1.420110e+14
PI200_gmR1500,1587,adv,SPNA,col,4.070459e+14
PI200_gmR1500,1587,adv,IP,col,-1.146754e+15
PI200_gmR1500,1587,adv,OTHER,col,-5.940315e+13
PI200_gmR1500,1587,diff,SO,col,-7.502305e+14
PI200_gmR1500,1587,diff,NORD,col,-2.569596e+14
PI200_gmR1500,1587,diff,SATL,col,3.559869e+14
PI200_gmR1500,1587,diff,NATL,col,9.981784e+13
PI200_gmR1500,1587,diff,SPNA,col,-2.967874e+14
PI200_gmR1500,1587,diff,IP,col,1.356487e+15
PI200_gmR1500,1587,diff,OTHER,col,5.863834e+13
PI200_gmR1500,1587,mht_res,ATL@-34,0-700,4.525161e+14
PI200_gmR1500,1587,mht_bol,ATL@-34,0-700,4.403451e+12
PI200_gmR1500,1587,mht_res,ATL@-34,700-2000,-3.244520e+13
PI200_gmR1500,1587,mht_bol,ATL@-34,700-2000,2.131156e+12
PI200_gmR1500,1587,mht_res,ATL@-34,2000+,-3.569816e+13
PI200_gmR1500,1587,mht_bol,ATL@-34,2000+,-2.293857e+12
PI200_gmR1500,1587,mht_res,ATL@-34,all,3.843728e+14
PI200_gmR1500,1587,mht_bol,ATL@-34,all,4.240750e+12
PI200_gmR1500,1587,mht_res,ATL@-20,0-700,9.121752e+14
PI200_gmR1500,1587,mht_bol,ATL@-20,0-700,2.628598e+13
PI200_gmR1500,1587,mht_res,ATL@-20,700-2000,-1.650343e+14
PI200_gmR1500,1587,mht_bol,ATL@-20,700-2000,-7.447495e+12
PI200_gmR1500,1587,mht_res,ATL@-20,2000+,-8.218149e+13
PI200_gmR1500,1587,mht_bol,ATL@-20,2000+,-1.434720e+12
PI200_gmR1500,1587,mht_res,ATL@-20,all,6.649594e+14
PI200_gmR1500,1587,mht_bol,ATL@-20,all,1.740377e+13
PI200_gmR1500,1587,mht_res,ATL@20,0-700,1.435334e+15
PI200_gmR1500,1587,mht_bol,ATL@20,0-700,-1.562535e+13
PI200_gmR1500,1587,mht_res,ATL@20,700-2000,-2.484827e+14
PI200_gmR1500,1587,mht_bol,ATL@20,700-2000,4.075701e+12
PI200_gmR1500,1587,mht_res,ATL@20,2000+,-5.757579e+13
PI200_gmR1500,1587,mht_bol,ATL@20,2000+,1.636341e+12
PI200_gmR1500,1587,mht_res,ATL@20,all,1.129276e+15
PI200_gmR1500,1587,mht_bol,ATL@20,all,-9.913307e+12
PI200_gmR1500,1587,mht_res,ATL@30,0-700,1.384359e+15
PI200_gmR1500,1587,mht_bol,ATL@30,0-700,1.343940e+13
PI200_gmR1500,1587,mht_res,ATL@30,700-2000,-2.752200e+14
PI200_gmR1500,1587,mht_bol,ATL@30,700-2000,-1.522559e+13
PI200_gmR1500,1587,mht_res,ATL@30,2000+,-1.983804e+14
PI200_gmR1500,1587,mht_bol,ATL@30,2000+,4.211763e+12
PI200_gmR1500,1587,mht_res,ATL@30,all,9.107585e+14
PI200_gmR1500,1587,mht_bol,ATL@30,all,2.425580e+12
PI200_gmR1500,1587,mht_res,ATL@45,0-700,8.282313e+14
PI200_gmR1500,1587,mht_bol,ATL@45,0-700,5.695771e+13
PI200_gmR1500,1587,mht_res,ATL@45,700-2000,-1.615588e+14
PI200_gmR1500,1587,mht_bol,ATL@45,700-2000,-7.105197e+12
PI200_gmR1500,1587,mht_res,ATL@45,2000+,-1.614058e+14
PI200_gmR1500,1587,mht_bol,ATL@45,2000+,-2.222913e+13
PI200_gmR1500,1587,mht_res,ATL@45,all,5.052667e+14
PI200_gmR1500,1587,mht_bol,ATL@45,all,2.762338e+13
PI200_gmR1500,1587,mht_res,ATL@55,0-700,8.211060e+14
PI200_gmR1500,1587,mht_bol,ATL@55,0-700,3.077558e+12
PI200_gmR1500,1587,mht_res,ATL@55,700-2000,-5.898885e+13
PI200_gmR1500,1587,mht_bol,ATL@55,700-2000,-1.313860e+13
PI200_gmR1500,1587,mht_res,ATL@55,2000+,-5.577491e+13
PI200_gmR1500,1587,mht_bol,ATL@55,2000+,7.856593e+12
PI200_gmR1500,1587,mht_res,ATL@55,all,7.063423e+14
PI200_gmR1500,1587,mht_bol,ATL@55,all,-2.204453e+12
PI200_gmR1500,1587,mht_res,ATL@66,0-700,1.316550e+14
PI200_gmR1500,1587,mht_bol,ATL@66,0-700,2.583554e+13
PI200_gmR1500,1587,mht_res,ATL@66,700-2000,-7.104815e+12
PI200_gmR1500,1587,mht_bol,ATL@66,700-2000,-5.350435e+12
PI200_gmR1500,1587,mht_res,ATL@66,2000+,4.930578e+09
PI200_gmR1500,1587,mht_bol,ATL@66,2000+,6.343136e+11
PI200_gmR1500,1587,mht_res,ATL@66,all,1.245551e+14
PI200_gmR1500,1587,mht_bol,ATL@66,all,2.111942e+13
PI200_gmR1500,1588,ohc,SO,0-700,1.754410e+24
PI200_gmR1500,1588,ohc,SO,700-2000,1.429447e+24
PI200_gmR1500,1588,ohc,SO,2000+,9.680337e+23
PI200_gmR1500,1588,ohc,SO,all,4.151891e+24
PI200_gmR1500,1588,ohc,NORD,0-700,2.009817e+22
PI200_gmR1500,1588,ohc,NORD,700-2000,2.833957e+22
PI200_gmR1500,1588,ohc,NORD,2000+,2.193780e+22
PI200_gmR1500,1588,ohc,NORD,all,7.037554e+22
PI200_gmR1500,1588,ohc,SATL,0-700,7.276720e+23
PI200_gmR1500,1588,ohc,SATL,700-2000,5.251078e+23
PI200_gmR1500,1588,ohc,SATL,2000+,5.610580e+23
PI200_gmR1500,1588,ohc,SATL,all,1.813838e+24
PI200_gmR1500,1588,ohc,NATL,0-700,1.398270e+24
PI200_gmR1500,1588,ohc,NATL,700-2000,1.059865e+24
PI200_gmR1500,1588,ohc,NATL,2000+,9.421678e+23
PI200_gmR1500,1588,ohc,NATL,all,3.400302e+24
PI200_gmR1500,1588,ohc,SPNA,0-700,1.514545e+23
PI200_gmR1500,1588,ohc,SPNA,700-2000,1.528275e+23
PI200_gmR1500,1588,ohc,SPNA,2000+,1.125647e+23
PI200_gmR1500,1588,ohc,SPNA,all,4.168467e+23
PI200_gmR1500,1588,ohc,IP,0-700,6.123489e+24
PI200_gmR1500,1588,ohc,IP,700-2000,3.190059e+24
PI200_gmR1500,1588,ohc,IP,2000+,2.113456e+24
PI200_gmR1500,1588,ohc,IP,all,1.142700e+25
PI200_gmR1500,1588,ohc,OTHER,0-700,4.078910e+22
PI200_gmR1500,1588,ohc,OTHER,700-2000,1.422965e+22
PI200_gmR1500,1588,ohc,OTHER,2000+,1.059656e+21
PI200_gmR1500,1588,ohc,OTHER,all,5.607841e+22
PI200_gmR1500,1588,sfc,SO,col,-7.280237e+14
PI200_gmR1500,1588,sfc,NORD,col,-2.999877e+14
PI200_gmR1500,1588,sfc,SATL,col,3.060564e+14
PI200_gmR1500,1588,sfc,NATL,col,5.528092e+13
PI200_gmR1500,1588,sfc,SPNA,col,-3.158262e+14
PI200_gmR1500,1588,sfc,IP,col,1.190349e+15
PI200_gmR1500,1588,sfc,OTHER,col,5.220159e+13
PI200_gmR1500,1588,tend,SO,col,1.189753e+14
PI200_gmR1500,1588,tend,NORD,col,-6.069978e+13
PI200_gmR1500,1588,tend,SATL,col,-3.475248e+13
PI200_gmR1500,1588,tend,NATL,col,3.795613e+13
PI200_gmR1500,1588,tend,SPNA,col,8.051372e+13
PI200_gmR1500,1588,tend,IP,col,8.770109e+13
PI200_gmR1500,1588,tend,OTHER,col,1.432004e+13
PI200_gmR1500,1588,adv,SO,col,8.529364e+14
PI200_gmR1500,1588,adv,NORD,col,2.479627e+14
PI200_gmR1500,1588,adv,SATL,col,-3.629988e+14
PI200_gmR1500,1588,adv,NATL,col,-9.866504e+13
PI200_gmR1500,1588,adv,SPNA,col,4.041820e+14
PI200_gmR1500,1588,adv,IP,col,-1.187761e+15
PI200_gmR1500,1588,adv,OTHER,col,-5.123410e+13
PI200_gmR1500,1588,diff,SO,col,-7.339611e+14
PI200_gmR1500,1588,diff,NORD,col,-3.086625e+14
PI200_gmR1500,1588,diff,SATL,col,3.282463e+14
PI200_gmR1500,1588,diff,NATL,col,1.366212e+14
PI200_gmR1500,1588,diff,SPNA,col,-3.236683e+14
PI200_gmR1500,1588,diff,IP,col,1.275463e+15
PI200_gmR1500,1588,diff,OTHER,col,6.555414e+13
PI200_gmR1500,1588,mht_res,ATL@-34,0-700,4.356310e+14
PI200_gmR1500,1588,mht_bol,ATL@-34,0-700,6.606643e+12
PI200_gmR1500,1588,mht_res,ATL@-34,700-2000,-4.012186e+13
PI200_gmR1500,1588,mht_bol,ATL@-34,700-2000,1.770917e+12
PI200_gmR1500,1588,mht_res,ATL@-34,2000+,-5.157273e+13
PI200_gmR1500,1588,mht_bol,ATL@-34,2000+,-2.411197e+12
PI200_gmR1500,1588,mht_res,ATL@-34,all,3.439365e+14
PI200_gmR1500,1588,mht_bol,ATL@-34,all,5.966363e+12
PI200_gmR1500,1588,mht_res,ATL@-20,0-700,1.007103e+15
PI200_gmR1500,1588,mht_bol,ATL@-20,0-700,3.058443e+13
PI200_gmR1500,1588,mht_res,ATL@-20,700-2000,-1.612301e+14
PI200_gmR1500,1588,mht_bol,ATL@-20,700-2000,-7.783241e+12
PI200_gmR1500,1588,mht_res,ATL@-20,2000+,-9.281423e+13
PI200_gmR1500,1588,mht_bol,ATL@-20,2000+,-1.648815e+12
PI200_gmR1500,1588,mht_res,ATL@-20,all,7.530583e+14
PI200_gmR1500,1588,mht_bol,ATL@-20,all,2.115237e+13
PI200_gmR1500,1588,mht_res,ATL@20,0-700,1.283582e+15
PI200_gmR1500,1588,mht_bol,ATL@20,0-700,-1.806081e+13
PI200_gmR1500,1588,mht_res,ATL@20,700-2000,-2.736512e+14
PI200_gmR1500,1588,mht_bol,ATL@20,700-2000,3.671599e+12
PI200_gmR1500,1588,mht_res,ATL@20,2000+,-5.826170e+13
PI200_gmR1500,1588,mht_bol,ATL@20,2000+,1.990773e+12
PI200_gmR1500,1588,mht_res,ATL@20,all,9.516691e+14
PI200_gmR1500,1588,mht_bol,ATL@20,all,-1.239844e+13
PI200_gmR1500,1588,mht_res,ATL@30,0-700,1.325032e+15
PI200_gmR1500,1588,mht_bol,ATL@30,0-700,1.488593e+13
PI200_gmR1500,1588,mht_res,ATL@30,700-2000,-2.587210e+14
PI200_gmR1500,1588,mht_bol,ATL@30,700-2000,-1.556449e+13
PI200_gmR1500,1588,mht_res,ATL@30,2000+,-1.824499e+14
PI200_gmR1500,1588,mht_bol,ATL@30,2000+,4.194651e+12
PI200_gmR1500,1588,mht_res,ATL@30,all,8.838613e+14
PI200_gmR1500,1588,mht_bol,ATL@30,all,3.516087e+12
PI200_gmR1500,1588,mht_res,ATL@45,0-700,7.957437e+14
PI200_gmR1500,1588,mht_bol,ATL@45,0-700,5.210067e+13
PI200_gmR1500,1588,mht_res,ATL@45,700-2000,-1.664149e+14
PI200_gmR1500,1588,mht_bol,ATL@45,700-2000,-8.588656e+12
PI200_gmR1500,1588,mht_res,ATL@45,2000+,-1.576605e+14
PI200_gmR1500,1588,mht_bol,ATL@45,2000+,-1.809895e+13
PI200_gmR1500,1588,mht_res,ATL@45,all,4.716683e+14
PI200_gmR1500,1588,mht_bol,ATL@45,all,2.541307e+13
PI200_gmR1500,1588,mht_res,ATL@55,0-700,7.573781e+14
PI200_gmR1500,1588,mht_bol,ATL@55,0-700,-1.253405e+12
PI200_gmR1500,1588,mht_res,ATL@55,700-2000,-6.717492e+13
PI200_gmR1500,1588,mht_bol,ATL@55,700-2000,-1.119465e+13
PI200_gmR1500,1588,mht_res,ATL@55,2000+,-6.262120e+13
PI200_gmR1500,1588,mht_bol,ATL@55,2000+,9.854637e+12
PI200_gmR1500,1588,mht_res,ATL@55,all,6.275820e+14
PI200_gmR1500,1588,mht_bol,ATL@55,all,-2.593414e+12
PI200_gmR1500,1588,mht_res,ATL@66,0-700,1.292082e+14
PI200_gmR1500,1588,mht_bol,ATL@66,0-700,2.578765e+13
PI200_gmR1500,1588,mht_res,ATL@66,700-2000,-8.768290e+12
PI200_gmR1500,1588,mht_bol,ATL@66,700-2000,-5.661831e+12
PI200_gmR1500,1588,mht_res,ATL@66,2000+,2.683794e+11
PI200_gmR1500,1588,mht_bol,ATL@66,2000+,4.787637e+11
PI200_gmR1500,1588,mht_res,ATL@66,all,1.207083e+14
PI200_gmR1500,1588,mht_bol,ATL@66,all,2.060458e+13
PI200_gmR1500,1589,ohc,SO,0-700,1.756696e+24
PI200_gmR1500,1589,ohc,SO,700-2000,1.431167e+24
PI200_gmR1500,1589,ohc,SO,2000+,9.690672e+23
PI200_gmR1500,1589,ohc,SO,all,4.156930e+24
PI200_gmR1500,1589,ohc,NORD,0-700,1.971727e+22
PI200_gmR1500,1589,ohc,NORD,700-2000,2.826075e+22
PI200_gmR1500,1589,ohc,NORD,2000+,2.197511e+22
PI200_gmR1500,1589,ohc,NORD,all,6.995314e+22
PI200_gmR1500,1589,ohc,SATL,0-700,7.265541e+23
PI200_gmR1500,1589,ohc,SATL,700-2000,5.258300e+23
PI200_gmR1500,1589,ohc,SATL,2000+,5.613287e+23
PI200_gmR1500,1589,ohc,SATL,all,1.813713e+24
PI200_gmR1500,1589,ohc,NATL,0-700,1.399847e+24
PI200_gmR1500,1589,ohc,NATL,700-2000,1.060765e+24
PI200_gmR1500,1589,ohc,NATL,2000+,9.427637e+23
PI200_gmR1500,1589,ohc,NATL,all,3.403376e+24
PI200_gmR1500,1589,ohc,SPNA,0-700,1.507371e+23
PI200_gmR1500,1589,ohc,SPNA,700-2000,1.534398e+23
PI200_gmR1500,1589,ohc,SPNA,2000+,1.125596e+23
PI200_gmR1500,1589,ohc,SPNA,all,4.167365e+23
PI200_gmR1500,1589,ohc,IP,0-700,6.121594e+24
PI200_gmR1500,1589,ohc,IP,700-2000,3.189307e+24
PI200_gmR1500,1589,ohc,IP,2000+,2.113486e+24
PI200_gmR1500,1589,ohc,IP,all,1.142439e+25
PI200_gmR1500,1589,ohc,OTHER,0-700,4.073635e+22
PI200_gmR1500,1589,ohc,OTHER,700-2000,1.423686e+22
PI200_gmR1500,1589,ohc,OTHER,2000+,1.061286e+21
PI200_gmR1500,1589,ohc,OTHER,all,5.603449e+22
PI200_gmR1500,1589,sfc,SO,col,-6.551380e+14
PI200_gmR1500,1589,sfc,NORD,col,-2.376928e+14
PI200_gmR1500,1589,sfc,SATL,col,3.433058e+14
PI200_gmR1500,1589,sfc,NATL,col,4.495546e+13
PI200_gmR1500,1589,sfc,SPNA,col,-3.572670e+14
PI200_gmR1500,1589,sfc,IP,col,9.943044e+14
PI200_gmR1500,1589,sfc,OTHER,col,4.794090e+13
PI200_gmR1500,1589,tend,SO,col,1.076678e+14
PI200_gmR1500,1589,tend,NORD,col,1.406041e+13
PI200_gmR1500,1589,tend,SATL,col,5.604464e+13
PI200_gmR1500,1589,tend,NATL,col,5.751164e+13
PI200_gmR1500,1589,tend,SPNA,col,2.672332e+13
PI200_gmR1500,1589,tend,IP,col,-7.351252e+13
PI200_gmR1500,1589,tend,OTHER,col,-2.230090e+12
PI200_gmR1500,1589,adv,SO,col,7.611940e+14
PI200_gmR1500,1589,adv,NORD,col,2.553586e+14
PI200_gmR1500,1589,adv,SATL,col,-3.072786e+14
PI200_gmR1500,1589,adv,NATL,col,-7.434092e+13
PI200_gmR1500,1589,adv,SPNA,col,4.014528e+14
PI200_gmR1500,1589,adv,IP,col,-1.144670e+15
PI200_gmR1500,1589,adv,OTHER,col,-6.500661e+13
PI200_gmR1500,1589,diff,SO,col,-6.535262e+14
PI200_gmR1500,1589,diff,NORD,col,-2.412982e+14
PI200_gmR1500,1589,diff,SATL,col,3.633232e+14
PI200_gmR1500,1589,diff,NATL,col,1.318526e+14
PI200_gmR1500,1589,diff,SPNA,col,-3.747295e+14
PI200_gmR1500,1589,diff,IP,col,1.071157e+15
PI200_gmR1500,1589,diff,OTHER,col,6.277652e+13
PI200_gmR1500,1589,mht_res,ATL@-34,0-700,4.543858e+14
PI200_gmR1500,1589,mht_bol,ATL@-34,0-700,6.974908e+12
PI200_gmR1500,1589,mht_res,ATL@-34,700-2000,-4.506445e+13
PI200_gmR1500,1589,mht_bol,ATL@-34,700-2000,1.476924e+12
PI200_gmR1500,1589,mht_res,ATL@-34,2000+,-4.610083e+13
PI200_gmR1500,1589,mht_bol,ATL@-34,2000+,-2.279196e+12
PI200_gmR1500,1589,mht_res,ATL@-34,all,3.632205e+14
PI200_gmR1500,1589,mht_bol,ATL@-34,all,6.172636e+12
PI200_gmR1500,1589,mht_res,ATL@-20,0-700,9.488888e+14
PI200_gmR1500,1589,mht_bol,ATL@-20,0-700,3.024119e+13
PI200_gmR1500,1589,mht_res,ATL@-20,700-2000,-1.693255e+14
PI200_gmR1500,1589,mht_bol,ATL@-20,700-2000,-8.117751e+12
PI200_gmR1500,1589,mht_res,ATL@-20,2000+,-8.918170e+13
PI200_gmR1500,1589,mht_bol,ATL@-20,2000+,-1.453987e+12
PI200_gmR1500,1589,mht_res,ATL@-20,all,6.903815e+14
PI200_gmR1500,1589,mht_bol,ATL@-20,all,2.066945e+13
PI200_gmR1500,1589,mht_res,ATL@20,0-700,1.311357e+15
PI200_gmR1500,1589,mht_bol,ATL@20,0-700,-1.797020e+13
PI200_gmR1500,1589,mht_res,ATL@20,700-2000,-2.767980e+14
PI200_gmR1500,1589,mht_bol,ATL@20,700-2000,4.372391e+12
PI200_gmR1500,1589,mht_res,ATL@20,2000+,-3.649966e+13
PI200_gmR1500,1589,mht_bol,ATL@20,2000+,1.736414e+12
PI200_gmR1500,1589,mht_res,ATL@20,all,9.980591e+14
PI200_gmR1500,1589,mht_bol,ATL@20,all,-1.186140e+13
PI200_gmR1500,1589,mht_res,ATL@30,0-700,1.292096e+15
PI200_gmR1500,1589,mht_bol,ATL@30,0-700,1.223586e+13
PI200_gmR1500,1589,mht_res,ATL@30,700-2000,-2.653703e+14
PI200_gmR1500,1589,mht_bol,ATL@30,700-2000,-1.572874e+13
PI200_gmR1500,1589,mht_res,ATL@30,2000+,-1.757978e+14
PI200_gmR1500,1589,mht_bol,ATL@30,2000+,4.367702e+12
PI200_gmR1500,1589,mht_res,ATL@30,all,8.509276e+14
PI200_gmR1500,1589,mht_bol,ATL@30,all,8.748127e+11
PI200_gmR1500,1589,mht_res,ATL@45,0-700,7.666707e+14
PI200_gmR1500,1589,mht_bol,ATL@45,0-700,4.732021e+13
PI200_gmR1500,1589,mht_res,ATL@45,700-2000,-1.583379e+14
PI200_gmR1500,1589,mht_bol,ATL@45,700-2000,-9.449578e+12
PI200_gmR1500,1589,mht_res,ATL@45,2000+,-1.233447e+14
PI200_gmR1500,1589,mht_bol,ATL@45,2000+,-1.447398e+13
PI200_gmR1500,1589,mht_res,ATL@45,all,4.849881e+14
PI200_gmR1500,1589,mht_bol,ATL@45,all,2.339666e+13
PI200_gmR1500,1589,mht_res,ATL@55,0-700,7.442646e+14
PI200_gmR1500,1589,mht_bol,ATL@55,0-700,6.364657e+11
PI200_gmR1500,1589,mht_res,ATL@55,700-2000,-6.266606e+13
PI200_gmR1500,1589,mht_bol,ATL@55,700-2000,-8.929721e+12
PI200_gmR1500,1589,mht_res,ATL@55,2000+,-5.217074e+13
PI200_gmR1500,1589,mht_bol,ATL@55,2000+,7.369157e+12
PI200_gmR1500,1589,mht_res,ATL@55,all,6.294278e+14
PI200_gmR1500,1589,mht_bol,ATL@55,all,-9.240981e+11
PI200_gmR1500,1589,mht_res,ATL@66,0-700,1.408442e+14
PI200_gmR1500,1589,mht_bol,ATL@66,0-700,2.883692e+13
PI200_gmR1500,1589,mht_res,ATL@66,700-2000,-6.528056e+12
PI200_gmR1500,1589,mht_bol,ATL@66,700-2000,-6.299072e+12
PI200_gmR1500,1589,mht_res,ATL@66,2000+,2.129503e+10
PI200_gmR1500,1589,mht_bol,ATL@66,2000+,3.970078e+11
PI200_gmR1500,1589,mht_res,ATL@66,all,1.343374e+14
PI200_gmR1500,1589,mht_bol,ATL@66,all,2.293485e+13
PI200_gmR1500,1590,ohc,SO,0-700,1.758802e+24
PI200_gmR1500,1590,ohc,SO,700-2000,1.429929e+24
PI200_gmR1500,1590,ohc,SO,2000+,9.688434e+23
PI200_gmR1500,1590,ohc,SO,all,4.157574e+24
PI200_gmR1500,1590,ohc,NORD,0-700,1.965411e+22
PI200_gmR1500,1590,ohc,NORD,700-2000,2.819105e+22
PI200_gmR1500,1590,ohc,NORD,2000+,2.203925e+22
PI200_gmR1500,1590,ohc,NORD,all,6.988441e+22
PI200_gmR1500,1590,ohc,SATL,0-700,7.294547e+23
PI200_gmR1500,1590,ohc,SATL,700-2000,5.270630e+23
PI200_gmR1500,1590,ohc,SATL,2000+,5.617831e+23
PI200_gmR1500,1590,ohc,SATL,all,1.818301e+24
PI200_gmR1500,1590,ohc,NATL,0-700,1.399226e+24
PI200_gmR1500,1590,ohc,NATL,700-2000,1.060987e+24
PI200_gmR1500,1590,ohc,NATL,2000+,9.429660e+23
PI200_gmR1500,1590,ohc,NATL,all,3.403180e+24
PI200_gmR1500,1590,ohc,SPNA,0-700,1.505205e+23
PI200_gmR1500,1590,ohc,SPNA,700-2000,1.545102e+23
PI200_gmR1500,1590,ohc,SPNA,2000+,1.125539e+23
PI200_gmR1500,1590,ohc,SPNA,all,4.175846e+23
PI200_gmR1500,1590,ohc,IP,0-700,6.121920e+24
PI200_gmR1500,1590,ohc,IP,700-2000,3.189476e+24
PI200_gmR1500,1590,ohc,IP,2000+,2.113668e+24
PI200_gmR1500,1590,ohc,IP,all,1.142506e+25
PI200_gmR1500,1590,ohc,OTHER,0-700,4.070108e+22
PI200_gmR1500,1590,ohc,OTHER,700-2000,1.422746e+22
PI200_gmR1500,1590,ohc,OTHER,2000+,1.060251e+21
PI200_gmR1500,1590,ohc,OTHER,all,5.598879e+22
PI200_gmR1500,1590,sfc,SO,col,-6.070357e+14
PI200_gmR1500,1590,sfc,NORD,col,-2.532064e+14
PI200_gmR1500,1590,sfc,SATL,col,3.901478e+14
PI200_gmR1500,1590,sfc,NATL,col,1.124376e+14
PI200_gmR1500,1590,sfc,SPNA,col,-4.149936e+14
PI200_gmR1500,1590,sfc,IP,col,8.776051e+14
PI200_gmR1500,1590,sfc,OTHER,col,4.568579e+13
PI200_gmR1500,1590,tend,SO,col,2.506028e+14
PI200_gmR1500,1590,tend,NORD,col,9.016650e+12
PI200_gmR1500,1590,tend,SATL,col,1.081852e+14
PI200_gmR1500,1590,tend,NATL,col,1.364533e+14
PI200_gmR1500,1590,tend,SPNA,col,-5.996421e+13
PI200_gmR1500,1590,tend,IP,col,-3.005629e+14
PI200_gmR1500,1590,tend,OTHER,col,-8.736450e+12
PI200_gmR1500,1590,adv,SO,col,8.476786e+14
PI200_gmR1500,1590,adv,NORD,col,2.723048e+14
PI200_gmR1500,1590,adv,SATL,col,-2.993499e+14
PI200_gmR1500,1590,adv,NATL,col,-5.551637e+13
PI200_gmR1500,1590,adv,SPNA,col,3.716976e+14
PI200_gmR1500,1590,adv,IP,col,-1.255510e+15
PI200_gmR1500,1590,adv,OTHER,col,-6.945323e+13
PI200_gmR1500,1590,diff,SO,col,-5.970757e+14
PI200_gmR1500,1590,diff,NORD,col,-2.632881e+14
PI200_gmR1500,1590,diff,SATL,col,4.075352e+14
PI200_gmR1500,1590,diff,NATL,col,1.919697e+14
PI200_gmR1500,1590,diff,SPNA,col,-4.316618e+14
PI200_gmR1500,1590,diff,IP,col,9.549469e+14
PI200_gmR1500,1590,diff,OTHER,col,6.071678e+13
PI200_gmR1500,1590,mht_res,ATL@-34,0-700,4.798864e+14
PI200_gmR1500,1590,mht_bol,ATL@-34,0-700,6.320006e+12
PI200_gmR1500,1590,mht_res,ATL@-34,700-2000,-5.236840e+13
PI200_gmR1500,1590,mht_bol,ATL@-34,700-2000,1.344048e+12
PI200_gmR1500,1590,mht_res,ATL@-34,2000+,-4.398591e+13
PI200_gmR1500,1590,mht_bol,ATL@-34,2000+,-2.125805e+12
PI200_gmR1500,1590,mht_res,ATL@-34,all,3.835321e+14
PI200_gmR1500,1590,mht_bol,ATL@-34,all,5.538249e+12
PI200_gmR1500,1590,mht_res,ATL@-20,0-700,1.020111e+15
PI200_gmR1500,1590,mht_bol,ATL@-20,0-700,2.753375e+13
PI200_gmR1500,1590,mht_res,ATL@-20,700-2000,-1.843734e+14
PI200_gmR1500,1590,mht_bol,ATL@-20,700-2000,-7.687485e+12
PI200_gmR1500,1590,mht_res,ATL@-20,2000+,-8.502584e+13
PI200_gmR1500,1590,mht_bol,ATL@-20,2000+,-1.262653e+12
PI200_gmR1500,1590,mht_res,ATL@-20,all,7.507116e+14
PI200_gmR1500,1590,mht_bol,ATL@-20,all,1.858361e+13
PI200_gmR1500,1590,mht_res,ATL@20,0-700,1.396033e+15
PI200_gmR1500,1590,mht_bol,ATL@20,0-700,-1.555444e+13
PI200_gmR1500,1590,mht_res,ATL@20,700-2000,-2.562714e+14
PI200_gmR1500,1590,mht_bol,ATL@20,700-2000,4.581159e+12
PI200_gmR1500,1590,mht_res,ATL@20,2000+,-2.942784e+13
PI200_gmR1500,1590,mht_bol,ATL@20,2000+,1.328307e+12
PI200_gmR1500,1590,mht_res,ATL@20,all,1.110334e+15
PI200_gmR1500,1590,mht_bol,ATL@20,all,-9.644972e+12
PI200_gmR1500,1590,mht_res,ATL@30,0-700,1.365915e+15
PI200_gmR1500,1590,mht_bol,ATL@30,0-700,1.399524e+13
PI200_gmR1500,1590,mht_res,ATL@30,700-2000,-2.735764e+14
PI200_gmR1500,1590,mht_bol,ATL@30,700-2000,-1.708454e+13
PI200_gmR1500,1590,mht_res,ATL@30,2000+,-1.811840e+14
PI200_gmR1500,1590,mht_bol,ATL@30,2000+,4.813291e+12
PI200_gmR1500,1590,mht_res,ATL@30,all,9.111544e+14
PI200_gmR1500,1590,mht_bol,ATL@30,all,1.723987e+12
PI200_gmR1500,1590,mht_res,ATL@45,0-700,7.523146e+14
PI200_gmR1500,1590,mht_bol,ATL@45,0-700,4.685164e+13
PI200_gmR1500,1590,mht_res,ATL@45,700-2000,-1.534444e+14
PI200_gmR1500,1590,mht_bol,ATL@45,700-2000,-1.155595e+13
PI200_gmR1500,1590,mht_res,ATL@45,2000+,-1.056247e+14
PI200_gmR1500,1590,mht_bol,ATL@45,2000+,-1.102925e+13
PI200_gmR1500,1590,mht_res,ATL@45,all,4.932454e+14
PI200_gmR1500,1590,mht_bol,ATL@45,all,2.426644e+13
PI200_gmR1500,1590,mht_res,ATL@55,0-700,7.379115e+14
PI200_gmR1500,1590,mht_bol,ATL@55,0-700,3.980411e+11
PI200_gmR1500,1590,mht_res,ATL@55,700-2000,-6.082020e+13
PI200_gmR1500,1590,mht_bol,ATL@55,700-2000,-7.712150e+12
PI200_gmR1500,1590,mht_res,ATL@55,2000+,-4.380635e+13
PI200_gmR1500,1590,mht_bol,ATL@55,2000+,3.657144e+12
PI200_gmR1500,1590,mht_res,ATL@55,all,6.332849e+14
PI200_gmR1500,1590,mht_bol,ATL@55,all,-3.656965e+12
PI200_gmR1500,1590,mht_res,ATL@66,0-700,1.408333e+14
PI200_gmR1500,1590,mht_bol,ATL@66,0-700,3.127040e+13
PI200_gmR1500,1590,mht_res,ATL@66,700-2000,-7.733526e+12
PI200_gmR1500,1590,mht_bol,ATL@66,700-2000,-6.509286e+12
PI200_gmR1500,1590,mht_res,ATL@66,2000+,2.014079e+11
PI200_gmR1500,1590,mht_bol,ATL@66,2000+,2.714348e+11
PI200_gmR1500,1590,mht_res,ATL@66,all,1.333012e+14
PI200_gmR1500,1590,mht_bol,ATL@66,all,2.503255e+13
PI200_gmR1500,1591,ohc,SO,0-700,1.761544e+24
PI200_gmR1500,1591,ohc,SO,700-2000,1.432289e+24
PI200_gmR1500,1591,ohc,SO,2000+,9.700813e+23
PI200_gmR1500,1591,ohc,SO,all,4.163914e+24
PI200_gmR1500,1591,ohc,NORD,0-700,1.894907e+22
PI200_gmR1500,1591,ohc,NORD,700-2000,2.821542e+22
PI200_gmR1500,1591,ohc,NORD,2000+,2.208730e+22
PI200_gmR1500,1591,ohc,NORD,all,6.925179e+22
PI200_gmR1500,1591,ohc,SATL,0-700,7.299992e+23
PI200_gmR1500,1591,ohc,SATL,700-2000,5.279346e+23
PI200_gmR1500,1591,ohc,SATL,2000+,5.620264e+23
PI200_gmR1500,1591,ohc,SATL,all,1.819960e+24
PI200_gmR1500,1591,ohc,NATL,0-700,1.398859e+24
PI200_gmR1500,1591,ohc,NATL,700-2000,1.061172e+24
PI200_gmR1500,1591,ohc,NATL,2000+,9.429451e+23
PI200_gmR1500,1591,ohc,NATL,all,3.402976e+24
PI200_gmR1500,1591,ohc,SPNA,0-700,1.505932e+23
PI200_gmR1500,1591,ohc,SPNA,700-2000,1.549697e+23
PI200_gmR1500,1591,ohc,SPNA,2000+,1.127178e+23
PI200_gmR1500,1591,ohc,SPNA,all,4.182807e+23
PI200_gmR1500,1591,ohc,IP,0-700,6.119861e+24
PI200_gmR1500,1591,ohc,IP,700-2000,3.187922e+24
PI200_gmR1500,1591,ohc,IP,2000+,2.113598e+24
PI200_gmR1500,1591,ohc,IP,all,1.142138e+25
PI200_gmR1500,1591,ohc,OTHER,0-700,4.077474e+22
PI200_gmR1500,1591,ohc,OTHER,700-2000,1.420146e+22
PI200_gmR1500,1591,ohc,OTHER,2000+,1.056661e+21
PI200_gmR1500,1591,ohc,OTHER,all,5.603286e+22
PI200_gmR1500,1591,sfc,SO,col,-7.215720e+14
PI200_gmR1500,1591,sfc,NORD,col,-2.686148e+14
PI200_gmR1500,1591,sfc,SATL,col,2.397307e+14
PI200_gmR1500,1591,sfc,NATL,col,-7.210838e+13
PI200_gmR1500,1591,sfc,SPNA,col,-3.317614e+14
PI200_gmR1500,1591,sfc,IP,col,1.414957e+15
PI200_gmR1500,1591,sfc,OTHER,col,4.479055e+13
PI200_gmR1500,1591,tend,SO,col,8.046431e+13
PI200_gmR1500,1591,tend,NORD,col,-3.706001e+13
PI200_gmR1500,1591,tend,SATL,col,1.054896e+14
PI200_gmR1500,1591,tend,NATL,col,-2.973182e+14
PI200_gmR1500,1591,tend,SPNA,col,5.816635e+13
PI200_gmR1500,1591,tend,IP,col,4.061630e+14
PI200_gmR1500,1591,tend,OTHER,col,1.082324e+13
PI200_gmR1500,1591,adv,SO,col,7.918662e+14
PI200_gmR1500,1591,adv,NORD,col,2.400391e+14
PI200_gmR1500,1591,adv,SATL,col,-1.533601e+14
PI200_gmR1500,1591,adv,NATL,col,-3.007915e+14
PI200_gmR1500,1591,adv,SPNA,col,4.062194e+14
PI200_gmR1500,1591,adv,IP,col,-1.094230e+15
PI200_gmR1500,1591,adv,OTHER,col,-5.190287e+13
PI200_gmR1500,1591,diff,SO,col,-7.114019e+14
PI200_gmR1500,1591,diff,NORD,col,-2.770991e+14
PI200_gmR1500,1591,diff,SATL,col,2.588497e+14
PI200_gmR1500,1591,diff,NATL,col,3.473237e+12
PI200_gmR1500,1591,diff,SPNA,col,-3.480531e+14
PI200_gmR1500,1591,diff,IP,col,1.500393e+15
PI200_gmR1500,1591,diff,OTHER,col,6.272611e+13
PI200_gmR1500,1591,mht_res,ATL@-34,0-700,4.096499e+14
PI200_gmR1500,1591,mht_bol,ATL@-34,0-700,5.332756e+12
PI200_gmR1500,1591,mht_res,ATL@-34,700-2000,-5.598941e+13
PI200_gmR1500,1591,mht_bol,ATL@-34,700-2000,1.284253e+12
PI200_gmR1500,1591,mht_res,ATL@-34,2000+,-4.713976e+13
PI200_gmR1500,1591,mht_bol,ATL@-34,2000+,-2.002299e+12
PI200_gmR1500,1591,mht_res,ATL@-34,all,3.065207e+14
PI200_gmR1500,1591,mht_bol,ATL@-34,all,4.614710e+12
PI200_gmR1500,1591,mht_res,ATL@-20,0-700,8.296812e+14
PI200_gmR1500,1591,mht_bol,ATL@-20,0-700,3.048585e+13
PI200_gmR1500,1591,mht_res,ATL@-20,700-2000,-1.559441e+14
PI200_gmR1500,1591,mht_bol,ATL@-20,700-2000,-7.384947e+12
PI200_gmR1500,1591,mht_res,ATL@-20,2000+,-6.029398e+13
PI200_gmR1500,1591,mht_bol,ATL@-20,2000+,-1.516217e+12
PI200_gmR1500,1591,mht_res,ATL@-20,all,6.134431e+14
PI200_gmR1500,1591,mht_bol,ATL@-20,all,2.158469e+13
PI200_gmR1500,1591,mht_res,ATL@20,0-700,1.241871e+15
PI200_gmR1500,1591,mht_bol,ATL@20,0-700,-1.442442e+13
PI200_gmR1500,1591,mht_res,ATL@20,700-2000,-2.500299e+14
PI200_gmR1500,1591,mht_bol,ATL@20,700-2000,4.498649e+12
PI200_gmR1500,1591,mht_res,ATL@20,2000+,-4.310212e+13
PI200_gmR1500,1591,mht_bol,ATL@20,2000+,1.187080e+12
PI200_gmR1500,1591,mht_res,ATL@20,all,9.487391e+14
PI200_gmR1500,1591,mht_bol,ATL@20,all,-8.738696e+12
PI200_gmR1500,1591,mht_res,ATL@30,0-700,1.406204e+15
PI200_gmR1500,1591,mht_bol,ATL@30,0-700,2.249158e+13
PI200_gmR1500,1591,mht_res,ATL@30,700-2000,-2.741869e+14
PI200_gmR1500,1591,mht_bol,ATL@30,700-2000,-1.923637e+13
PI200_gmR1500,1591,mht_res,ATL@30,2000+,-1.665406e+14
PI200_gmR1500,1591,mht_bol,ATL@30,2000+,4.390703e+12
PI200_gmR1500,1591,mht_res,ATL@30,all,9.654769e+14
PI200_gmR1500,1591,mht_bol,ATL@30,all,7.645912e+12
PI200_gmR1500,1591,mht_res,ATL@45,0-700,7.695998e+14
PI200_gmR1500,1591,mht_bol,ATL@45,0-700,4.422765e+13
PI200_gmR1500,1591,mht_res,ATL@45,700-2000,-1.873596e+14
PI200_gmR1500,1591,mht_bol,ATL@45,700-2000,-1.163080e+13
PI200_gmR1500,1591,mht_res,ATL@45,2000+,-1.086364e+14
PI200_gmR1500,1591,mht_bol,ATL@45,2000+,-6.803215e+12
PI200_gmR1500,1591,mht_res,ATL@45,all,4.736037e+14
PI200_gmR1500,1591,mht_bol,ATL@45,all,2.579363e+13
PI200_gmR1500,1591,mht_res,ATL@55,0-700,7.685514e+14
PI200_gmR1500,1591,mht_bol,ATL@55,0-700,7.948606e+12
PI200_gmR1500,1591,mht_res,ATL@55,700-2000,-7.202101e+13
PI200_gmR1500,1591,mht_bol,ATL@55,700-2000,-1.381104e+13
PI200_gmR1500,1591,mht_res,ATL@55,2000+,-5.786105e+13
PI200_gmR1500,1591,mht_bol,ATL@55,2000+,1.125206e+12
PI200_gmR1500,1591,mht_res,ATL@55,all,6.386693e+14
PI200_gmR1500,1591,mht_bol,ATL@55,all,-4.737228e+12
PI200_gmR1500,1591,mht_res,ATL@66,0-700,1.240575e+14
PI200_gmR1500,1591,mht_bol,ATL@66,0-700,3.387597e+13
PI200_gmR1500,1591,mht_res,ATL@66,700-2000,-7.189944e+12
PI200_gmR1500,1591,mht_bol,ATL@66,700-2000,-6.695879e+12
PI200_gmR1500,1591,mht_res,ATL@66,2000+,-1.182366e+12
PI200_gmR1500,1591,mht_bol,ATL@66,2000+,-5.065176e+09
PI200_gmR1500,1591,mht_res,ATL@66,all,1.156852e+14
PI200_gmR1500,1591,mht_bol,ATL@66,all,2.717502e+13
PI200_gmR1500,1592,ohc,SO,0-700,1.763948e+24
PI200_gmR1500,1592,ohc,SO,700-2000,1.431040e+24
PI200_gmR1500,1592,ohc,SO,2000+,9.702823e+23
PI200_gmR1500,1592,ohc,SO,all,4.165270e+24
PI200_gmR1500,1592,ohc,NORD,0-700,1.774905e+22
PI200_gmR1500,1592,ohc,NORD,700-2000,2.840738e+22
PI200_gmR1500,1592,ohc,NORD,2000+,2.211155e+22
PI200_gmR1500,1592,ohc,NORD,all,6.826799e+22
PI200_gmR1500,1592,ohc,SATL,0-700,7.291771e+23
PI200_gmR1500,1592,ohc,SATL,700-2000,5.288632e+23
PI200_gmR1500,1592,ohc,SATL,2000+,5.623122e+23
PI200_gmR1500,1592,ohc,SATL,all,1.820353e+24
PI200_gmR1500,1592,ohc,NATL,0-700,1.395368e+24
PI200_gmR1500,1592,ohc,NATL,700-2000,1.060782e+24
PI200_gmR1500,1592,ohc,NATL,2000+,9.429595e+23
PI200_gmR1500,1592,ohc,NATL,all,3.399110e+24
PI200_gmR1500,1592,ohc,SPNA,0-700,1.503245e+23
PI200_gmR1500,1592,ohc,SPNA,700-2000,1.550447e+23
PI200_gmR1500,1592,ohc,SPNA,2000+,1.129491e+23
PI200_gmR1500,1592,ohc,SPNA,all,4.183183e+23
PI200_gmR1500,1592,ohc,IP,0-700,6.132547e+24
PI200_gmR1500,1592,ohc,IP,700-2000,3.188924e+24
PI200_gmR1500,1592,ohc,IP,2000+,2.113830e+24
PI200_gmR1500,1592,ohc,IP,all,1.143530e+25
PI200_gmR1500,1592,ohc,OTHER,0-700,4.071299e+22
PI200_gmR1500,1592,ohc,OTHER,700-2000,1.419179e+22
PI200_gmR1500,1592,ohc,OTHER,2000+,1.055147e+21
PI200_gmR1500,1592,ohc,OTHER,all,5.595992e+22
PI200_gmR1500,1592,sfc,SO,col,-7.995814e+14
PI200_gmR1500,1592,sfc,NORD,col,-3.024381e+14
PI200_gmR1500,1592,sfc,SATL,col,3.444508e+14
PI200_gmR1500,1592,sfc,NATL,col,4.906445e+13
PI200_gmR1500,1592,sfc,SPNA,col,-3.745801e+14
PI200_gmR1500,1592,sfc,IP,col,1.426507e+15
PI200_gmR1500,1592,sfc,OTHER,col,3.967314e+13
PI200_gmR1500,1592,tend,SO,col,2.568337e+13
PI200_gmR1500,1592,tend,NORD,col,-4.482231e+13
PI200_gmR1500,1592,tend,SATL,col,-5.883345e+13
PI200_gmR1500,1592,tend,NATL,col,1.030553e+14
PI200_gmR1500,1592,tend,SPNA,col,-3.585560e+13
PI200_gmR1500,1592,tend,IP,col,3.771725e+14
PI200_gmR1500,1592,tend,OTHER,col,-6.059930e+12
PI200_gmR1500,1592,adv,SO,col,8.263922e+14
PI200_gmR1500,1592,adv,NORD,col,2.649852e+14
PI200_gmR1500,1592,adv,SATL,col,-4.235110e+14
PI200_gmR1500,1592,adv,NATL,col,-2.922843e+13
PI200_gmR1500,1592,adv,SPNA,col,3.545033e+14
PI200_gmR1500,1592,adv,IP,col,-1.121328e+15
PI200_gmR1500,1592,adv,OTHER,col,-6.131689e+13
PI200_gmR1500,1592,diff,SO,col,-8.007088e+14
PI200_gmR1500,1592,diff,NORD,col,-3.098075e+14
PI200_gmR1500,1592,diff,SATL,col,3.646775e+14
PI200_gmR1500,1592,diff,NATL,col,1.322837e+14
PI200_gmR1500,1592,diff,SPNA,col,-3.903589e+14
PI200_gmR1500,1592,diff,IP,col,1.498500e+15
PI200_gmR1500,1592,diff,OTHER,col,5.525696e+13
PI200_gmR1500,1592,mht_res,ATL@-34,0-700,4.269185e+14
PI200_gmR1500,1592,mht_bol,ATL@-34,0-700,6.060844e+12
PI200_gmR1500,1592,mht_res,ATL@-34,700-2000,-5.729967e+13
PI200_gmR1500,1592,mht_bol,ATL@-34,700-2000,1.268554e+12
PI200_gmR1500,1592,mht_res,ATL@-34,2000+,-4.976836e+13
PI200_gmR1500,1592,mht_bol,ATL@-34,2000+,-1.982188e+12
PI200_gmR1500,1592,mht_res,ATL@-34,all,3.198505e+14
PI200_gmR1500,1592,mht_bol,ATL@-34,all,5.347210e+12
PI200_gmR1500,1592,mht_res,ATL@-20,0-700,1.006707e+15
PI200_gmR1500,1592,mht_bol,ATL@-20,0-700,3.256982e+13
PI200_gmR1500,1592,mht_res,ATL@-20,700-2000,-1.842945e+14
PI200_gmR1500,1592,mht_bol,ATL@-20,700-2000,-7.543766e+12
PI200_gmR1500,1592,mht_res,ATL@-20,2000+,-8.947284e+13
PI200_gmR1500,1592,mht_bol,ATL@-20,2000+,-1.703189e+12
PI200_gmR1500,1592,mht_res,ATL@-20,all,7.329394e+14
PI200_gmR1500,1592,mht_bol,ATL@-20,all,2.332287e+13
PI200_gmR1500,1592,mht_res,ATL@20,0-700,1.407596e+15
PI200_gmR1500,1592,mht_bol,ATL@20,0-700,-1.690175e+13
PI200_gmR1500,1592,mht_res,ATL@20,700-2000,-2.553786e+14
PI200_gmR1500,1592,mht_bol,ATL@20,700-2000,3.952663e+12
PI200_gmR1500,1592,mht_res,ATL@20,2000+,-5.242099e+13
PI200_gmR1500,1592,mht_bol,ATL@20,2000+,1.391367e+12
PI200_gmR1500,1592,mht_res,ATL@20,all,1.099796e+15
PI200_gmR1500,1592,mht_bol,ATL@20,all,-1.155772e+13
PI200_gmR1500,1592,mht_res,ATL@30,0-700,1.445309e+15
PI200_gmR1500,1592,mht_bol,ATL@30,0-700,2.525232e+13
PI200_gmR1500,1592,mht_res,ATL@30,700-2000,-2.837464e+14
PI200_gmR1500,1592,mht_bol,ATL@30,700-2000,-2.103553e+13
PI200_gmR1500,1592,mht_res,ATL@30,2000+,-1.845729e+14
PI200_gmR1500,1592,mht_bol,ATL@30,2000+,4.758775e+12
PI200_gmR1500,1592,mht_res,ATL@30,all,9.769894e+14
PI200_gmR1500,1592,mht_bol,ATL@30,all,8.975561e+12
PI200_gmR1500,1592,mht_res,ATL@45,0-700,7.528184e+14
PI200_gmR1500,1592,mht_bol,ATL@45,0-700,4.068779e+13
PI200_gmR1500,1592,mht_res,ATL@45,700-2000,-1.892037e+14
PI200_gmR1500,1592,mht_bol,ATL@45,700-2000,-1.144158e+13
PI200_gmR1500,1592,mht_res,ATL@45,2000+,-9.858361e+13
PI200_gmR1500,1592,mht_bol,ATL@45,2000+,-4.448779e+12
PI200_gmR1500,1592,mht_res,ATL@45,all,4.650311e+14
PI200_gmR1500,1592,mht_bol,ATL@45,all,2.479742e+13
PI200_gmR1500,1592,mht_res,ATL@55,0-700,7.852212e+14
PI200_gmR1500,1592,mht_bol,ATL@55,0-700,5.371247e+12
PI200_gmR1500,1592,mht_res,ATL@55,700-2000,-7.717038e+13
PI200_gmR1500,1592,mht_bol,ATL@55,700-2000,-9.378466e+12
PI200_gmR1500,1592,mht_res,ATL@55,2000+,-6.105525e+13
PI200_gmR1500,1592,mht_bol,ATL@55,2000+,-1.081136e+12
PI200_gmR1500,1592,mht_res,ATL@55,all,6.469956e+14
PI200_gmR1500,1592,mht_bol,ATL@55,all,-5.088355e+12
PI200_gmR1500,1592,mht_res,ATL@66,0-700,1.437097e+14
PI200_gmR1500,1592,mht_bol,ATL@66,0-700,3.388806e+13
PI200_gmR1500,1592,mht_res,ATL@66,700-2000,-8.048827e+12
PI200_gmR1500,1592,mht_bol,ATL@66,700-2000,-7.276766e+12
PI200_gmR1500,1592,mht_res,ATL@66,2000+,3.858668e+11
PI200_gmR1500,1592,mht_bol,ATL@66,2000+,-2.255523e+11
PI200_gmR1500,1592,mht_res,ATL@66,all,1.360467e+14
PI200_gmR1500,1592,mht_bol,ATL@66,all,2.638574e+13
PI200_gmR1500,1593,ohc,SO,0-700,1.763565e+24
PI200_gmR1500,1593,ohc,SO,700-2000,1.429604e+24
PI200_gmR1500,1593,ohc,SO,2000+,9.710502e+23
PI200_gmR1500,1593,ohc,SO,all,4.164220e+24
PI200_gmR1500,1593,ohc,NORD,0-700,1.773929e+22
PI200_gmR1500,1593,ohc,NORD,700-2000,2.860161e+22
PI200_gmR1500,1593,ohc,NORD,2000+,2.214145e+22
PI200_gmR1500,1593,ohc,NORD,all,6.848235e+22
PI200_gmR1500,1593,ohc,SATL,0-700,7.269750e+23
PI200_gmR1500,1593,ohc,SATL,700-2000,5.291665e+23
PI200_gmR1500,1593,ohc,SATL,2000+,5.620594e+23
PI200_gmR1500,1593,ohc,SATL,all,1.818201e+24
PI200_gmR1500,1593,ohc,NATL,0-700,1.396950e+24
PI200_gmR1500,1593,ohc,NATL,700-2000,1.062829e+24
PI200_gmR1500,1593,ohc,NATL,2000+,9.437732e+23
PI200_gmR1500,1593,ohc,NATL,all,3.403553e+24
PI200_gmR1500,1593,ohc,SPNA,0-700,1.479112e+23
PI200_gmR1500,1593,ohc,SPNA,700-2000,1.543816e+23
PI200_gmR1500,1593,ohc,SPNA,2000+,1.127834e+23
PI200_gmR1500,1593,ohc,SPNA,all,4.150762e+23
PI200_gmR1500,1593,ohc,IP,0-700,6.142306e+24
PI200_gmR1500,1593,ohc,IP,700-2000,3.189018e+24
PI200_gmR1500,1593,ohc,IP,2000+,2.114036e+24
PI200_gmR1500,1593,ohc,IP,all,1.144536e+25
PI200_gmR1500,1593,ohc,OTHER,0-700,4.081832e+22
PI200_gmR1500,1593,ohc,OTHER,700-2000,1.419341e+22
PI200_gmR1500,1593,ohc,OTHER,2000+,1.057807e+21
PI200_gmR1500,1593,ohc,OTHER,all,5.606953e+22
PI200_gmR1500,1593,sfc,SO,col,-6.384998e+14
PI200_gmR1500,1593,sfc,NORD,col,-2.314722e+14
PI200_gmR1500,1593,sfc,SATL,col,3.492194e+14
PI200_gmR1500,1593,sfc,NATL,col,5.256019e+13
PI200_gmR1500,1593,sfc,SPNA,col,-4.501039e+14
PI200_gmR1500,1593,sfc,IP,col,1.157037e+15
PI200_gmR1500,1593,sfc,OTHER,col,4.530846e+13
PI200_gmR1500,1593,tend,SO,col,3.923645e+13
PI200_gmR1500,1593,tend,NORD,col,2.908769e+13
PI200_gmR1500,1593,tend,SATL,col,-7.992862e+13
PI200_gmR1500,1593,tend,NATL,col,1.575385e+14
PI200_gmR1500,1593,tend,SPNA,col,-1.250068e+14
PI200_gmR1500,1593,tend,IP,col,1.780579e+14
PI200_gmR1500,1593,tend,OTHER,col,3.361404e+12
PI200_gmR1500,1593,adv,SO,col,6.739475e+14
PI200_gmR1500,1593,adv,NORD,col,2.696399e+14
PI200_gmR1500,1593,adv,SATL,col,-4.466512e+14
PI200_gmR1500,1593,adv,NATL,col,2.059934e+13
PI200_gmR1500,1593,adv,SPNA,col,3.399715e+14
PI200_gmR1500,1593,adv,IP,col,-1.050657e+15
PI200_gmR1500,1593,adv,OTHER,col,-5.550381e+13
PI200_gmR1500,1593,diff,SO,col,-6.347111e+14
PI200_gmR1500,1593,diff,NORD,col,-2.405522e+14
PI200_gmR1500,1593,diff,SATL,col,3.667226e+14
PI200_gmR1500,1593,diff,NATL,col,1.369392e+14
PI200_gmR1500,1593,diff,SPNA,col,-4.649783e+14
PI200_gmR1500,1593,diff,IP,col,1.228715e+15
PI200_gmR1500,1593,diff,OTHER,col,5.886521e+13
PI200_gmR1500,1593,mht_res,ATL@-34,0-700,4.320957e+14
PI200_gmR1500,1593,mht_bol,ATL@-34,0-700,6.861296e+12
PI200_gmR1500,1593,mht_res,ATL@-34,700-2000,-5.037893e+13
PI200_gmR1500,1593,mht_bol,ATL@-34,700-2000,1.164806e+12
PI200_gmR1500,1593,mht_res,ATL@-34,2000+,-4.546063e+13
PI200_gmR1500,1593,mht_bol,ATL@-34,2000+,-2.031021e+12
PI200_gmR1500,1593,mht_res,ATL@-34,all,3.362561e+14
PI200_gmR1500,1593,mht_bol,ATL@-34,all,5.995081e+12
PI200_gmR1500,1593,mht_res,ATL@-20,0-700,9.974186e+14
PI200_gmR1500,1593,mht_bol,ATL@-20,0-700,3.622120e+13
PI200_gmR1500,1593,mht_res,ATL@-20,700-2000,-1.794325e+14
PI200_gmR1500,1593,mht_bol,ATL@-20,700-2000,-8.063211e+12
PI200_gmR1500,1593,mht_res,ATL@-20,2000+,-8.387615e+13
PI200_gmR1500,1593,mht_bol,ATL@-20,2000+,-1.831212e+12
PI200_gmR1500,1593,mht_res,ATL@-20,all,7.341100e+14
PI200_gmR1500,1593,mht_bol,ATL@-20,all,2.632677e+13
PI200_gmR1500,1593,mht_res,ATL@20,0-700,1.518587e+15
PI200_gmR1500,1593,mht_bol,ATL@20,0-700,-1.560481e+13
PI200_gmR1500,1593,mht_res,ATL@20,700-2000,-2.566013e+14
PI200_gmR1500,1593,mht_bol,ATL@20,700-2000,4.081192e+12
PI200_gmR1500,1593,mht_res,ATL@20,2000+,-7.698778e+13
PI200_gmR1500,1593,mht_bol,ATL@20,2000+,1.475277e+12
PI200_gmR1500,1593,mht_res,ATL@20,all,1.184998e+15
PI200_gmR1500,1593,mht_bol,ATL@20,all,-1.004834e+13
PI200_gmR1500,1593,mht_res,ATL@30,0-700,1.467005e+15
PI200_gmR1500,1593,mht_bol,ATL@30,0-700,2.429500e+13
PI200_gmR1500,1593,mht_res,ATL@30,700-2000,-2.870839e+14
PI200_gmR1500,1593,mht_bol,ATL@30,700-2000,-2.178166e+13
PI200_gmR1500,1593,mht_res,ATL@30,2000+,-1.736854e+14
PI200_gmR1500,1593,mht_bol,ATL@30,2000+,5.282940e+12
PI200_gmR1500,1593,mht_res,ATL@30,all,1.006236e+15
PI200_gmR1500,1593,mht_bol,ATL@30,all,7.796281e+12
PI200_gmR1500,1593,mht_res,ATL@45,0-700,6.902983e+14
PI200_gmR1500,1593,mht_bol,ATL@45,0-700,4.689314e+13
PI200_gmR1500,1593,mht_res,ATL@45,700-2000,-2.046761e+14
PI200_gmR1500,1593,mht_bol,ATL@45,700-2000,-1.702046e+13
PI200_gmR1500,1593,mht_res,ATL@45,2000+,-8.684502e+13
PI200_gmR1500,1593,mht_bol,ATL@45,2000+,-2.899033e+12
PI200_gmR1500,1593,mht_res,ATL@45,all,3.987772e+14
PI200_gmR1500,1593,mht_bol,ATL@45,all,2.697364e+13
PI200_gmR1500,1593,mht_res,ATL@55,0-700,7.347231e+14
PI200_gmR1500,1593,mht_bol,ATL@55,0-700,2.059619e+13
PI200_gmR1500,1593,mht_res,ATL@55,700-2000,-9.096341e+13
PI200_gmR1500,1593,mht_bol,ATL@55,700-2000,-1.123165e+13
PI200_gmR1500,1593,mht_res,ATL@55,2000+,-6.661152e+13
PI200_gmR1500,1593,mht_bol,ATL@55,2000+,-1.036563e+13
PI200_gmR1500,1593,mht_res,ATL@55,all,5.771482e+14
PI200_gmR1500,1593,mht_bol,ATL@55,all,-1.001094e+12
PI200_gmR1500,1593,mht_res,ATL@66,0-700,1.418082e+14
PI200_gmR1500,1593,mht_bol,ATL@66,0-700,3.649128e+13
PI200_gmR1500,1593,mht_res,ATL@66,700-2000,-1.010053e+13
PI200_gmR1500,1593,mht_bol,ATL@66,700-2000,-7.364985e+12
PI200_gmR1500,1593,mht_res,ATL@66,2000+,-4.841688e+10
PI200_gmR1500,1593,mht_bol,ATL@66,2000+,-2.683256e+11
PI200_gmR1500,1593,mht_res,ATL@66,all,1.316592e+14
PI200_gmR1500,1593,mht_bol,ATL@66,all,2.885797e+13
PI200_gmR1500,1594,ohc,SO,0-700,1.763746e+24
PI200_gmR1500,1594,ohc,SO,700-2000,1.428277e+24
PI200_gmR1500,1594,ohc,SO,2000+,9.715897e+23
PI200_gmR1500,1594,ohc,SO,all,4.163613e+24
PI200_gmR1500,1594,ohc,NORD,0-700,1.744657e+22
PI200_gmR1500,1594,ohc,NORD,700-2000,2.880557e+22
PI200_gmR1500,1594,ohc,NORD,2000+,2.216395e+22
PI200_gmR1500,1594,ohc,NORD,all,6.841608e+22
PI200_gmR1500,1594,ohc,SATL,0-700,7.282170e+23
PI200_gmR1500,1594,ohc,SATL,700-2000,5.299876e+23
PI200_gmR1500,1594,ohc,SATL,2000+,5.619851e+23
PI200_gmR1500,1594,ohc,SATL,all,1.820190e+24
PI200_gmR1500,1594,ohc,NATL,0-700,1.399146e+24
PI200_gmR1500,1594,ohc,NATL,700-2000,1.062986e+24
PI200_gmR1500,1594,ohc,NATL,2000+,9.445202e+23
PI200_gmR1500,1594,ohc,NATL,all,3.406652e+24
PI200_gmR1500,1594,ohc,SPNA,0-700,1.482625e+23
PI200_gmR1500,1594,ohc,SPNA,700-2000,1.543203e+23
PI200_gmR1500,1594,ohc,SPNA,2000+,1.127164e+23
PI200_gmR1500,1594,ohc,SPNA,all,4.152992e+23
PI200_gmR1500,1594,ohc,IP,0-700,6.138844e+24
PI200_gmR1500,1594,ohc,IP,700-2000,3.190409e+24
PI200_gmR1500,1594,ohc,IP,2000+,2.114280e+24
PI200_gmR1500,1594,ohc,IP,all,1.144353e+25
PI200_gmR1500,1594,ohc,OTHER,0-700,4.081287e+22
PI200_gmR1500,1594,ohc,OTHER,700-2000,1.422245e+22
PI200_gmR1500,1594,ohc,OTHER,2000+,1.061492e+21
PI200_gmR1500,1594,ohc,OTHER,all,5.609682e+22
PI200_gmR1500,1594,sfc,SO,col,-6.207653e+14
PI200_gmR1500,1594,sfc,NORD,col,-2.769277e+14
PI200_gmR1500,1594,sfc,SATL,col,3.929649e+14
PI200_gmR1500,1594,sfc,NATL,col,1.595502e+13
PI200_gmR1500,1594,sfc,SPNA,col,-2.963198e+14
PI200_gmR1500,1594,sfc,IP,col,7.997905e+14
PI200_gmR1500,1594,sfc,OTHER,col,4.775150e+13
PI200_gmR1500,1594,tend,SO,col,1.582899e+14
PI200_gmR1500,1594,tend,NORD,col,-3.451105e+13
PI200_gmR1500,1594,tend,SATL,col,1.309446e+14
PI200_gmR1500,1594,tend,NATL,col,-4.830555e+13
PI200_gmR1500,1594,tend,SPNA,col,6.396910e+13
PI200_gmR1500,1594,tend,IP,col,-1.918993e+14
PI200_gmR1500,1594,tend,OTHER,col,-2.870696e+12
PI200_gmR1500,1594,adv,SO,col,7.731477e+14
PI200_gmR1500,1594,adv,NORD,col,2.515938e+14
PI200_gmR1500,1594,adv,SATL,col,-2.851482e+14
PI200_gmR1500,1594,adv,NATL,col,-1.429805e+14
PI200_gmR1500,1594,adv,SPNA,col,3.757628e+14
PI200_gmR1500,1594,adv,IP,col,-1.063585e+15
PI200_gmR1500,1594,adv,OTHER,col,-6.570814e+13
PI200_gmR1500,1594,diff,SO,col,-6.148578e+14
PI200_gmR1500,1594,diff,NORD,col,-2.861049e+14
PI200_gmR1500,1594,diff,SATL,col,4.160927e+14
PI200_gmR1500,1594,diff,NATL,col,9.467493e+13
PI200_gmR1500,1594,diff,SPNA,col,-3.117937e+14
PI200_gmR1500,1594,diff,IP,col,8.716857e+14
PI200_gmR1500,1594,diff,OTHER,col,6.283745e+13
PI200_gmR1500,1594,mht_res,ATL@-34,0-700,4.312879e+14
PI200_gmR1500,1594,mht_bol,ATL@-34,0-700,7.802928e+12
PI200_gmR1500,1594,mht_res,ATL@-34,700-2000,-5.900697e+13
PI200_gmR1500,1594,mht_bol,ATL@-34,700-2000,1.001162e+12
PI200_gmR1500,1594,mht_res,ATL@-34,2000+,-4.392882e+13
PI200_gmR1500,1594,mht_bol,ATL@-34,2000+,-2.152723e+12
PI200_gmR1500,1594,mht_res,ATL@-34,all,3.283521e+14
PI200_gmR1500,1594,mht_bol,ATL@-34,all,6.651368e+12
PI200_gmR1500,1594,mht_res,ATL@-20,0-700,9.404388e+14
PI200_gmR1500,1594,mht_bol,ATL@-20,0-700,2.916686e+13
PI200_gmR1500,1594,mht_res,ATL@-20,700-2000,-1.709967e+14
PI200_gmR1500,1594,mht_bol,ATL@-20,700-2000,-8.287292e+12
PI200_gmR1500,1594,mht_res,ATL@-20,2000+,-8.933222e+13
PI200_gmR1500,1594,mht_bol,ATL@-20,2000+,-1.207012e+12
PI200_gmR1500,1594,mht_res,ATL@-20,all,6.801098e+14
PI200_gmR1500,1594,mht_bol,ATL@-20,all,1.967255e+13
PI200_gmR1500,1594,mht_res,ATL@20,0-700,1.342413e+15
PI200_gmR1500,1594,mht_bol,ATL@20,0-700,-1.625425e+13
PI200_gmR1500,1594,mht_res,ATL@20,700-2000,-2.699263e+14
PI200_gmR1500,1594,mht_bol,ATL@20,700-2000,4.874663e+12
PI200_gmR1500,1594,mht_res,ATL@20,2000+,-5.059376e+13
PI200_gmR1500,1594,mht_bol,ATL@20,2000+,1.603254e+12
PI200_gmR1500,1594,mht_res,ATL@20,all,1.021893e+15
PI200_gmR1500,1594,mht_bol,ATL@20,all,-9.776336e+12
PI200_gmR1500,1594,mht_res,ATL@30,0-700,1.467516e+15
PI200_gmR1500,1594,mht_bol,ATL@30,0-700,2.206632e+13
PI200_gmR1500,1594,mht_res,ATL@30,700-2000,-3.054134e+14
PI200_gmR1500,1594,mht_bol,ATL@30,700-2000,-2.107922e+13
PI200_gmR1500,1594,mht_res,ATL@30,2000+,-1.844179e+14
PI200_gmR1500,1594,mht_bol,ATL@30,2000+,6.037700e+12
PI200_gmR1500,1594,mht_res,ATL@30,all,9.776845e+14
PI200_gmR1500,1594,mht_bol,ATL@30,all,7.024801e+12
PI200_gmR1500,1594,mht_res,ATL@45,0-700,7.249440e+14
PI200_gmR1500,1594,mht_bol,ATL@45,0-700,4.792778e+13
PI200_gmR1500,1594,mht_res,ATL@45,700-2000,-2.064665e+14
PI200_gmR1500,1594,mht_bol,ATL@45,700-2000,-1.761676e+13
PI200_gmR1500,1594,mht_res,ATL@45,2000+,-9.744060e+13
PI200_gmR1500,1594,mht_bol,ATL@45,2000+,-2.216253e+12
PI200_gmR1500,1594,mht_res,ATL@45,all,4.210369e+14
PI200_gmR1500,1594,mht_bol,ATL@45,all,2.809477e+13
PI200_gmR1500,1594,mht_res,ATL@55,0-700,7.542165e+14
PI200_gmR1500,1594,mht_bol,ATL@55,0-700,8.053833e+12
PI200_gmR1500,1594,mht_res,ATL@55,700-2000,-8.853362e+13
PI200_gmR1500,1594,mht_bol,ATL@55,700-2000,-3.096727e+12
PI200_gmR1500,1594,mht_res,ATL@55,2000+,-5.942373e+13
PI200_gmR1500,1594,mht_bol,ATL@55,2000+,-7.329965e+12
PI200_gmR1500,1594,mht_res,ATL@55,all,6.062592e+14
PI200_gmR1500,1594,mht_bol,ATL@55,all,-2.372859e+12
PI200_gmR1500,1594,mht_res,ATL@66,0-700,1.389022e+14
PI200_gmR1500,1594,mht_bol,ATL@66,0-700,3.735723e+13
PI200_gmR1500,1594,mht_res,ATL@66,700-2000,-9.279607e+12
PI200_gmR1500,1594,mht_bol,ATL@66,700-2000,-8.386864e+12
PI200_gmR1500,1594,mht_res,ATL@66,2000+,1.333835e+12
PI200_gmR1500,1594,mht_bol,ATL@66,2000+,-3.535758e+11
PI200_gmR1500,1594,mht_res,ATL@66,all,1.309564e+14
PI200_gmR1500,1594,mht_bol,ATL@66,all,2.861679e+13
PI200_gmR1500,1595,ohc,SO,0-700,1.768989e+24
PI200_gmR1500,1595,ohc,SO,700-2000,1.431653e+24
PI200_gmR1500,1595,ohc,SO,2000+,9.732029e+23
PI200_gmR1500,1595,ohc,SO,all,4.173845e+24
PI200_gmR1500,1595,ohc,NORD,0-700,1.757945e+22
PI200_gmR1500,1595,ohc,NORD,700-2000,2.903246e+22
PI200_gmR1500,1595,ohc,NORD,2000+,2.219300e+22
PI200_gmR1500,1595,ohc,NORD,all,6.880491e+22
PI200_gmR1500,1595,ohc,SATL,0-700,7.291417e+23
PI200_gmR1500,1595,ohc,SATL,700-2000,5.300342e+23
PI200_gmR1500,1595,ohc,SATL,2000+,5.617160e+23
PI200_gmR1500,1595,ohc,SATL,all,1.820892e+24
PI200_gmR1500,1595,ohc,NATL,0-700,1.397649e+24
PI200_gmR1500,1595,ohc,NATL,700-2000,1.063450e+24
PI200_gmR1500,1595,ohc,NATL,2000+,9.452613e+23
PI200_gmR1500,1595,ohc,NATL,all,3.406360e+24
PI200_gmR1500,1595,ohc,SPNA,0-700,1.489147e+23
PI200_gmR1500,1595,ohc,SPNA,700-2000,1.545687e+23
PI200_gmR1500,1595,ohc,SPNA,2000+,1.125837e+23
PI200_gmR1500,1595,ohc,SPNA,all,4.160671e+23
PI200_gmR1500,1595,ohc,IP,0-700,6.134208e+24
PI200_gmR1500,1595,ohc,IP,700-2000,3.189238e+24
PI200_gmR1500,1595,ohc,IP,2000+,2.114158e+24
PI200_gmR1500,1595,ohc,IP,all,1.143760e+25
PI200_gmR1500,1595,ohc,OTHER,0-700,4.077490e+22
PI200_gmR1500,1595,ohc,OTHER,700-2000,1.420625e+22
PI200_gmR1500,1595,ohc,OTHER,2000+,1.058921e+21
PI200_gmR1500,1595,ohc,OTHER,all,5.604007e+22
PI200_gmR1500,1595,sfc,SO,col,-7.047212e+14
PI200_gmR1500,1595,sfc,NORD,col,-2.002841e+14
PI200_gmR1500,1595,sfc,SATL,col,3.402025e+14
PI200_gmR1500,1595,sfc,NATL,col,1.202969e+14
PI200_gmR1500,1595,sfc,SPNA,col,-3.658045e+14
PI200_gmR1500,1595,sfc,IP,col,1.051900e+15
PI200_gmR1500,1595,sfc,OTHER,col,4.103387e+13
PI200_gmR1500,1595,tend,SO,col,4.247993e+14
PI200_gmR1500,1595,tend,NORD,col,5.885815e+13
PI200_gmR1500,1595,tend,SATL,col,-3.456012e+13
PI200_gmR1500,1595,tend,NATL,col,1.464031e+14
PI200_gmR1500,1595,tend,SPNA,col,-3.366190e+13
PI200_gmR1500,1595,tend,IP,col,-2.848023e+14
PI200_gmR1500,1595,tend,OTHER,col,1.906939e+12
PI200_gmR1500,1595,adv,SO,col,1.132659e+15
PI200_gmR1500,1595,adv,NORD,col,2.694847e+14
PI200_gmR1500,1595,adv,SATL,col,-3.961052e+14
PI200_gmR1500,1595,adv,NATL,col,-4.927477e+13
PI200_gmR1500,1595,adv,SPNA,col,3.472861e+14
PI200_gmR1500,1595,adv,IP,col,-1.411510e+15
PI200_gmR1500,1595,adv,OTHER,col,-5.441714e+13
PI200_gmR1500,1595,diff,SO,col,-7.078592e+14
PI200_gmR1500,1595,diff,NORD,col,-2.106266e+14
PI200_gmR1500,1595,diff,SATL,col,3.615451e+14
PI200_gmR1500,1595,diff,NATL,col,1.956778e+14
PI200_gmR1500,1595,diff,SPNA,col,-3.809480e+14
PI200_gmR1500,1595,diff,IP,col,1.126708e+15
PI200_gmR1500,1595,diff,OTHER,col,5.632408e+13
PI200_gmR1500,1595,mht_res,ATL@-34,0-700,4.010878e+14
PI200_gmR1500,1595,mht_bol,ATL@-34,0-700,6.072958e+12
PI200_gmR1500,1595,mht_res,ATL@-34,700-2000,-6.923253e+13
PI200_gmR1500,1595,mht_bol,ATL@-34,700-2000,9.005041e+11
PI200_gmR1500,1595,mht_res,ATL@-34,2000+,-4.981417e+13
PI200_gmR1500,1595,mht_bol,ATL@-34,2000+,-1.860134e+12
PI200_gmR1500,1595,mht_res,ATL@-34,all,2.820411e+14
PI200_gmR1500,1595,mht_bol,ATL@-34,all,5.113328e+12
PI200_gmR1500,1595,mht_res,ATL@-20,0-700,1.049664e+15
PI200_gmR1500,1595,mht_bol,ATL@-20,0-700,3.005290e+13
PI200_gmR1500,1595,mht_res,ATL@-20,700-2000,-1.965510e+14
PI200_gmR1500,1595,mht_bol,ATL@-20,700-2000,-7.555739e+12
PI200_gmR1500,1595,mht_res,ATL@-20,2000+,-1.029762e+14
PI200_gmR1500,1595,mht_bol,ATL@-20,2000+,-1.567409e+12
PI200_gmR1500,1595,mht_res,ATL@-20,all,7.501367e+14
PI200_gmR1500,1595,mht_bol,ATL@-20,all,2.092976e+13
PI200_gmR1500,1595,mht_res,ATL@20,0-700,1.400489e+15
PI200_gmR1500,1595,mht_bol,ATL@20,0-700,-2.125482e+13
PI200_gmR1500,1595,mht_res,ATL@20,700-2000,-2.640453e+14
PI200_gmR1500,1595,mht_bol,ATL@20,700-2000,5.914269e+12
PI200_gmR1500,1595,mht_res,ATL@20,2000+,-6.231685e+13
PI200_gmR1500,1595,mht_bol,ATL@20,2000+,1.654683e+12
PI200_gmR1500,1595,mht_res,ATL@20,all,1.074127e+15
PI200_gmR1500,1595,mht_bol,ATL@20,all,-1.368587e+13
PI200_gmR1500,1595,mht_res,ATL@30,0-700,1.312888e+15
PI200_gmR1500,1595,mht_bol,ATL@30,0-700,1.527425e+13
PI200_gmR1500,1595,mht_res,ATL@30,700-2000,-3.438771e+14
PI200_gmR1500,1595,mht_bol,ATL@30,700-2000,-1.971025e+13
PI200_gmR1500,1595,mht_res,ATL@30,2000+,-1.868440e+14
PI200_gmR1500,1595,mht_bol,ATL@30,2000+,6.257409e+12
PI200_gmR1500,1595,mht_res,ATL@30,all,7.821670e+14
PI200_gmR1500,1595,mht_bol,ATL@30,all,1.821410e+12
PI200_gmR1500,1595,mht_res,ATL@45,0-700,6.665633e+14
PI200_gmR1500,1595,mht_bol,ATL@45,0-700,5.078731e+13
PI200_gmR1500,1595,mht_res,ATL@45,700-2000,-1.878532e+14
PI200_gmR1500,1595,mht_bol,ATL@45,700-2000,-1.837104e+13
PI200_gmR1500,1595,mht_res,ATL@45,2000+,-8.875088e+13
PI200_gmR1500,1595,mht_bol,ATL@45,2000+,-2.348737e+12
PI200_gmR1500,1595,mht_res,ATL@45,all,3.899592e+14
PI200_gmR1500,1595,mht_bol,ATL@45,all,3.006754e+13
PI200_gmR1500,1595,mht_res,ATL@55,0-700,7.718111e+14
PI200_gmR1500,1595,mht_bol,ATL@55,0-700,9.151598e+12
PI200_gmR1500,1595,mht_res,ATL@55,700-2000,-8.219002e+13
PI200_gmR1500,1595,mht_bol,ATL@55,700-2000,-5.719792e+12
PI200_gmR1500,1595,mht_res,ATL@55,2000+,-6.051792e+13
PI200_gmR1500,1595,mht_bol,ATL@55,2000+,-6.319481e+12
PI200_gmR1500,1595,mht_res,ATL@55,all,6.291031e+14
PI200_gmR1500,1595,mht_bol,ATL@55,all,-2.887675e+12
PI200_gmR1500,1595,mht_res,ATL@66,0-700,1.254820e+14
PI200_gmR1500,1595,mht_bol,ATL@66,0-700,3.854008e+13
PI200_gmR1500,1595,mht_res,ATL@66,700-2000,-9.761999e+12
PI200_gmR1500,1595,mht_bol,ATL@66,700-2000,-7.848499e+12
PI200_gmR1500,1595,mht_res,ATL@66,2000+,3.716925e+11
PI200_gmR1500,1595,mht_bol,ATL@66,2000+,-2.078096e+11
PI200_gmR1500,1595,mht_res,ATL@66,all,1.160917e+14
PI200_gmR1500,1595,mht_bol,ATL@66,all,3.048377e+13
PI200_gmR1500,1596,ohc,SO,0-700,1.771515e+24
PI200_gmR1500,1596,ohc,SO,700-2000,1.435501e+24
PI200_gmR1500,1596,ohc,SO,2000+,9.754640e+23
PI200_gmR1500,1596,ohc,SO,all,4.182479e+24
PI200_gmR1500,1596,ohc,NORD,0-700,1.720807e+22
PI200_gmR1500,1596,ohc,NORD,700-2000,2.936022e+22
PI200_gmR1500,1596,ohc,NORD,2000+,2.222164e+22
PI200_gmR1500,1596,ohc,NORD,all,6.878993e+22
PI200_gmR1500,1596,ohc,SATL,0-700,7.283750e+23
PI200_gmR1500,1596,ohc,SATL,700-2000,5.302404e+23
PI200_gmR1500,1596,ohc,SATL,2000+,5.615329e+23
PI200_gmR1500,1596,ohc,SATL,all,1.820148e+24
PI200_gmR1500,1596,ohc,NATL,0-700,1.396868e+24
PI200_gmR1500,1596,ohc,NATL,700-2000,1.063559e+24
PI200_gmR1500,1596,ohc,NATL,2000+,9.457102e+23
PI200_gmR1500,1596,ohc,NATL,all,3.406137e+24
PI200_gmR1500,1596,ohc,SPNA,0-700,1.491098e+23
PI200_gmR1500,1596,ohc,SPNA,700-2000,1.552976e+23
PI200_gmR1500,1596,ohc,SPNA,2000+,1.124791e+23
PI200_gmR1500,1596,ohc,SPNA,all,4.168866e+23
PI200_gmR1500,1596,ohc,IP,0-700,6.134475e+24
PI200_gmR1500,1596,ohc,IP,700-2000,3.185770e+24
PI200_gmR1500,1596,ohc,IP,2000+,2.113769e+24
PI200_gmR1500,1596,ohc,IP,all,1.143401e+25
PI200_gmR1500,1596,ohc,OTHER,0-700,4.085092e+22
PI200_gmR1500,1596,ohc,OTHER,700-2000,1.418472e+22
PI200_gmR1500,1596,ohc,OTHER,2000+,1.053858e+21
PI200_gmR1500,1596,ohc,OTHER,all,5.608950e+22
PI200_gmR1500,1596,sfc,SO,col,-6.873794e+14
PI200_gmR1500,1596,sfc,NORD,col,-2.662062e+14
PI200_gmR1500,1596,sfc,SATL,col,3.066354e+14
PI200_gmR1500,1596,sfc,NATL,col,-6.587662e+13
PI200_gmR1500,1596,sfc,SPNA,col,-3.495753e+14
PI200_gmR1500,1596,sfc,IP,col,1.056711e+15
PI200_gmR1500,1596,sfc,OTHER,col,3.640142e+13
PI200_gmR1500,1596,tend,SO,col,2.803822e+14
PI200_gmR1500,1596,tend,NORD,col,-2.449614e+13
PI200_gmR1500,1596,tend,SATL,col,-7.909516e+13
PI200_gmR1500,1596,tend,NATL,col,-1.274834e+14
PI200_gmR1500,1596,tend,SPNA,col,3.726614e+13
PI200_gmR1500,1596,tend,IP,col,-5.466532e+13
PI200_gmR1500,1596,tend,OTHER,col,-1.708703e+13
PI200_gmR1500,1596,adv,SO,col,9.650354e+14
PI200_gmR1500,1596,adv,NORD,col,2.516254e+14
PI200_gmR1500,1596,adv,SATL,col,-4.098126e+14
PI200_gmR1500,1596,adv,NATL,col,-1.382333e+14
PI200_gmR1500,1596,adv,SPNA,col,4.044731e+14
PI200_gmR1500,1596,adv,IP,col,-1.187977e+15
PI200_gmR1500,1596,adv,OTHER,col,-6.958339e+13
PI200_gmR1500,1596,diff,SO,col,-6.846532e+14
PI200_gmR1500,1596,diff,NORD,col,-2.761215e+14
PI200_gmR1500,1596,diff,SATL,col,3.307174e+14
PI200_gmR1500,1596,diff,NATL,col,1.074989e+13
PI200_gmR1500,1596,diff,SPNA,col,-3.672070e+14
PI200_gmR1500,1596,diff,IP,col,1.133312e+15
PI200_gmR1500,1596,diff,OTHER,col,5.249636e+13
PI200_gmR1500,1596,mht_res,ATL@-34,0-700,3.855776e+14
PI200_gmR1500,1596,mht_bol,ATL@-34,0-700,5.823094e+12
PI200_gmR1500,1596,mht_res,ATL@-34,700-2000,-5.910043e+13
PI200_gmR1500,1596,mht_bol,ATL@-34,700-2000,1.143849e+12
PI200_gmR1500,1596,mht_res,ATL@-34,2000+,-3.500646e+13
PI200_gmR1500,1596,mht_bol,ATL@-34,2000+,-1.922897e+12
PI200_gmR1500,1596,mht_res,ATL@-34,all,2.914707e+14
PI200_gmR1500,1596,mht_bol,ATL@-34,all,5.044046e+12
PI200_gmR1500,1596,mht_res,ATL@-20,0-700,9.180814e+14
PI200_gmR1500,1596,mht_bol,ATL@-20,0-700,2.744589e+13
PI200_gmR1500,1596,mht_res,ATL@-20,700-2000,-2.025605e+14
PI200_gmR1500,1596,mht_bol,ATL@-20,700-2000,-7.053778e+12
PI200_gmR1500,1596,mht_res,ATL@-20,2000+,-8.008428e+13
PI200_gmR1500,1596,mht_bol,ATL@-20,2000+,-1.527822e+12
PI200_gmR1500,1596,mht_res,ATL@-20,all,6.354366e+14
PI200_gmR1500,1596,mht_bol,ATL@-20,all,1.886429e+13
PI200_gmR1500,1596,mht_res,ATL@20,0-700,1.372884e+15
PI200_gmR1500,1596,mht_bol,ATL@20,0-700,-1.622837e+13
PI200_gmR1500,1596,mht_res,ATL@20,700-2000,-2.803489e+14
PI200_gmR1500,1596,mht_bol,ATL@20,700-2000,4.709926e+12
PI200_gmR1500,1596,mht_res,ATL@20,2000+,-5.030700e+13
PI200_gmR1500,1596,mht_bol,ATL@20,2000+,1.214024e+12
PI200_gmR1500,1596,mht_res,ATL@20,all,1.042228e+15
PI200_gmR1500,1596,mht_bol,ATL@20,all,-1.030442e+13
PI200_gmR1500,1596,mht_res,ATL@30,0-700,1.329465e+15
PI200_gmR1500,1596,mht_bol,ATL@30,0-700,1.948656e+13
PI200_gmR1500,1596,mht_res,ATL@30,700-2000,-3.311301e+14
PI200_gmR1500,1596,mht_bol,ATL@30,700-2000,-2.152612e+13
PI200_gmR1500,1596,mht_res,ATL@30,2000+,-1.616560e+14
PI200_gmR1500,1596,mht_bol,ATL@30,2000+,6.577241e+12
PI200_gmR1500,1596,mht_res,ATL@30,all,8.366792e+14
PI200_gmR1500,1596,mht_bol,ATL@30,all,4.537684e+12
PI200_gmR1500,1596,mht_res,ATL@45,0-700,7.457719e+14
PI200_gmR1500,1596,mht_bol,ATL@45,0-700,5.211830e+13
PI200_gmR1500,1596,mht_res,ATL@45,700-2000,-1.899663e+14
PI200_gmR1500,1596,mht_bol,ATL@45,700-2000,-2.146944e+13
PI200_gmR1500,1596,mht_res,ATL@45,2000+,-9.819228e+13
PI200_gmR1500,1596,mht_bol,ATL@45,2000+,-2.267530e+12
PI200_gmR1500,1596,mht_res,ATL@45,all,4.576133e+14
PI200_gmR1500,1596,mht_bol,ATL@45,all,2.838133e+13
PI200_gmR1500,1596,mht_res,ATL@55,0-700,7.970718e+14
PI200_gmR1500,1596,mht_bol,ATL@55,0-700,2.021610e+13
PI200_gmR1500,1596,mht_res,ATL@55,700-2000,-9.389925e+13
PI200_gmR1500,1596,mht_bol,ATL@55,700-2000,-1.417142e+13
PI200_gmR1500,1596,mht_res,ATL@55,2000+,-6.463071e+13
PI200_gmR1500,1596,mht_bol,ATL@55,2000+,-9.011810e+12
PI200_gmR1500,1596,mht_res,ATL@55,all,6.385418e+14
PI200_gmR1500,1596,mht_bol,ATL@55,all,-2.967125e+12
PI200_gmR1500,1596,mht_res,ATL@66,0-700,1.164986e+14
PI200_gmR1500,1596,mht_bol,ATL@66,0-700,3.377662e+13
PI200_gmR1500,1596,mht_res,ATL@66,700-2000,-9.076891e+12
PI200_gmR1500,1596,mht_bol,ATL@66,700-2000,-7.178881e+12
PI200_gmR1500,1596,mht_res,ATL@66,2000+,9.589177e+11
PI200_gmR1500,1596,mht_bol,ATL@66,2000+,-1.143589e+11
PI200_gmR1500,1596,mht_res,ATL@66,all,1.083807e+14
PI200_gmR1500,1596,mht_bol,ATL@66,all,2.648338e+13
PI200_gmR1500,1597,ohc,SO,0-700,1.774504e+24
PI200_gmR1500,1597,ohc,SO,700-2000,1.437939e+24
PI200_gmR1500,1597,ohc,SO,2000+,9.780126e+23
PI200_gmR1500,1597,ohc,SO,all,4.190457e+24
PI200_gmR1500,1597,ohc,NORD,0-700,1.808903e+22
PI200_gmR1500,1597,ohc,NORD,700-2000,2.962793e+22
PI200_gmR1500,1597,ohc,NORD,2000+,2.222360e+22
PI200_gmR1500,1597,ohc,NORD,all,6.994056e+22
PI200_gmR1500,1597,ohc,SATL,0-700,7.251289e+23
PI200_gmR1500,1597,ohc,SATL,700-2000,5.304194e+23
PI200_gmR1500,1597,ohc,SATL,2000+,5.613722e+23
PI200_gmR1500,1597,ohc,SATL,all,1.816921e+24
PI200_gmR1500,1597,ohc,NATL,0-700,1.397192e+24
PI200_gmR1500,1597,ohc,NATL,700-2000,1.063456e+24
PI200_gmR1500,1597,ohc,NATL,2000+,9.458051e+23
PI200_gmR1500,1597,ohc,NATL,all,3.406454e+24
PI200_gmR1500,1597,ohc,SPNA,0-700,1.468167e+23
PI200_gmR1500,1597,ohc,SPNA,700-2000,1.545018e+23
PI200_gmR1500,1597,ohc,SPNA,2000+,1.126176e+23
PI200_gmR1500,1597,ohc,SPNA,all,4.139361e+23
PI200_gmR1500,1597,ohc,IP,0-700,6.136642e+24
PI200_gmR1500,1597,ohc,IP,700-2000,3.182665e+24
PI200_gmR1500,1597,ohc,IP,2000+,2.113605e+24
PI200_gmR1500,1597,ohc,IP,all,1.143291e+25
PI200_gmR1500,1597,ohc,OTHER,0-700,4.077557e+22
PI200_gmR1500,1597,ohc,OTHER,700-2000,1.418951e+22
PI200_gmR1500,1597,ohc,OTHER,2000+,1.056132e+21
PI200_gmR1500,1597,ohc,OTHER,all,5.602121e+22
PI200_gmR1500,1597,sfc,SO,col,-5.992359e+14
PI200_gmR1500,1597,sfc,NORD,col,-2.085794e+14
PI200_gmR1500,1597,sfc,SATL,col,2.034018e+14
PI200_gmR1500,1597,sfc,NATL,col,1.334133e+14
PI200_gmR1500,1597,sfc,SPNA,col,-4.251152e+14
PI200_gmR1500,1597,sfc,IP,col,1.176707e+15
PI200_gmR1500,1597,sfc,OTHER,col,5.528001e+13
PI200_gmR1500,1597,tend,SO,col,2.969641e+14
PI200_gmR1500,1597,tend,NORD,col,6.652587e+13
PI200_gmR1500,1597,tend,SATL,col,-2.560349e+13
PI200_gmR1500,1597,tend,NATL,col,4.231963e+13
PI200_gmR1500,1597,tend,SPNA,col,-1.267355e+14
PI200_gmR1500,1597,tend,IP,col,4.862640e+13
PI200_gmR1500,1597,tend,OTHER,col,1.848096e+13
PI200_gmR1500,1597,adv,SO,col,8.996324e+14
PI200_gmR1500,1597,adv,NORD,col,2.834307e+14
PI200_gmR1500,1597,adv,SATL,col,-2.541461e+14
PI200_gmR1500,1597,adv,NATL,col,-1.789417e+14
PI200_gmR1500,1597,adv,SPNA,col,3.122144e+14
PI200_gmR1500,1597,adv,IP,col,-1.199397e+15
PI200_gmR1500,1597,adv,OTHER,col,-5.043102e+13
PI200_gmR1500,1597,diff,SO,col,-6.026683e+14
PI200_gmR1500,1597,diff,NORD,col,-2.169048e+14
PI200_gmR1500,1597,diff,SATL,col,2.285426e+14
PI200_gmR1500,1597,diff,NATL,col,2.212613e+14
PI200_gmR1500,1597,diff,SPNA,col,-4.389498e+14
PI200_gmR1500,1597,diff,IP,col,1.248024e+15
PI200_gmR1500,1597,diff,OTHER,col,6.891198e+13
PI200_gmR1500,1597,mht_res,ATL@-34,0-700,4.513861e+14
PI200_gmR1500,1597,mht_bol,ATL@-34,0-700,9.976773e+12
PI200_gmR1500,1597,mht_res,ATL@-34,700-2000,-5.032573e+13
PI200_gmR1500,1597,mht_bol,ATL@-34,700-2000,6.283299e+11
PI200_gmR1500,1597,mht_res,ATL@-34,2000+,-3.638336e+13
PI200_gmR1500,1597,mht_bol,ATL@-34,2000+,-2.349231e+12
PI200_gmR1500,1597,mht_res,ATL@-34,all,3.646770e+14
PI200_gmR1500,1597,mht_bol,ATL@-34,all,8.255872e+12
PI200_gmR1500,1597,mht_res,ATL@-20,0-700,8.031235e+14
PI200_gmR1500,1597,mht_bol,ATL@-20,0-700,2.574719e+13
PI200_gmR1500,1597,mht_res,ATL@-20,700-2000,-2.075869e+14
PI200_gmR1500,1597,mht_bol,ATL@-20,700-2000,-6.566023e+12
PI200_gmR1500,1597,mht_res,ATL@-20,2000+,-8.098976e+13
PI200_gmR1500,1597,mht_bol,ATL@-20,2000+,-1.588439e+12
PI200_gmR1500,1597,mht_res,ATL@-20,all,5.145469e+14
PI200_gmR1500,1597,mht_bol,ATL@-20,all,1.759273e+13
PI200_gmR1500,1597,mht_res,ATL@20,0-700,1.334347e+15
PI200_gmR1500,1597,mht_bol,ATL@20,0-700,-1.723341e+13
PI200_gmR1500,1597,mht_res,ATL@20,700-2000,-2.712977e+14
PI200_gmR1500,1597,mht_bol,ATL@20,700-2000,3.470777e+12
PI200_gmR1500,1597,mht_res,ATL@20,2000+,-5.395067e+13
PI200_gmR1500,1597,mht_bol,ATL@20,2000+,1.474799e+12
PI200_gmR1500,1597,mht_res,ATL@20,all,1.009099e+15
PI200_gmR1500,1597,mht_bol,ATL@20,all,-1.228783e+13
PI200_gmR1500,1597,mht_res,ATL@30,0-700,1.358981e+15
PI200_gmR1500,1597,mht_bol,ATL@30,0-700,1.468431e+13
PI200_gmR1500,1597,mht_res,ATL@30,700-2000,-3.124956e+14
PI200_gmR1500,1597,mht_bol,ATL@30,700-2000,-2.104833e+13
PI200_gmR1500,1597,mht_res,ATL@30,2000+,-1.919292e+14
PI200_gmR1500,1597,mht_bol,ATL@30,2000+,6.936968e+12
PI200_gmR1500,1597,mht_res,ATL@30,all,8.545560e+14
PI200_gmR1500,1597,mht_bol,ATL@30,all,5.729478e+11
PI200_gmR1500,1597,mht_res,ATL@45,0-700,7.177695e+14
PI200_gmR1500,1597,mht_bol,ATL@45,0-700,5.162022e+13
PI200_gmR1500,1597,mht_res,ATL@45,700-2000,-1.763733e+14
PI200_gmR1500,1597,mht_bol,ATL@45,700-2000,-2.061128e+13
PI200_gmR1500,1597,mht_res,ATL@45,2000+,-1.013714e+14
PI200_gmR1500,1597,mht_bol,ATL@45,2000+,-2.574066e+12
PI200_gmR1500,1597,mht_res,ATL@45,all,4.400248e+14
PI200_gmR1500,1597,mht_bol,ATL@45,all,2.843488e+13
PI200_gmR1500,1597,mht_res,ATL@55,0-700,7.684107e+14
PI200_gmR1500,1597,mht_bol,ATL@55,0-700,5.391721e+13
PI200_gmR1500,1597,mht_res,ATL@55,700-2000,-7.902548e+13
PI200_gmR1500,1597,mht_bol,ATL@55,700-2000,-2.872564e+13
PI200_gmR1500,1597,mht_res,ATL@55,2000+,-7.635379e+13
PI200_gmR1500,1597,mht_bol,ATL@55,2000+,-2.666057e+13
PI200_gmR1500,1597,mht_res,ATL@55,all,6.130314e+14
PI200_gmR1500,1597,mht_bol,ATL@55,all,-1.469002e+12
PI200_gmR1500,1597,mht_res,ATL@66,0-700,1.313713e+14
PI200_gmR1500,1597,mht_bol,ATL@66,0-700,3.629778e+13
PI200_gmR1500,1597,mht_res,ATL@66,700-2000,-1.220525e+13
PI200_gmR1500,1597,mht_bol,ATL@66,700-2000,-8.420082e+12
PI200_gmR1500,1597,mht_res,ATL@66,2000+,-8.633675e+11
PI200_gmR1500,1597,mht_bol,ATL@66,2000+,-2.696320e+11
PI200_gmR1500,1597,mht_res,ATL@66,all,1.183027e+14
PI200_gmR1500,1597,mht_bol,ATL@66,all,2.760807e+13
PI200_gmR1500,1598,ohc,SO,0-700,1.776134e+24
PI200_gmR1500,1598,ohc,SO,700-2000,1.439079e+24
PI200_gmR1500,1598,ohc,SO,2000+,9.801272e+23
PI200_gmR1500,1598,ohc,SO,all,4.195340e+24
PI200_gmR1500,1598,ohc,NORD,0-700,1.776956e+22
PI200_gmR1500,1598,ohc,NORD,700-2000,2.976520e+22
PI200_gmR1500,1598,ohc,NORD,2000+,2.224138e+22
PI200_gmR1500,1598,ohc,NORD,all,6.977613e+22
PI200_gmR1500,1598,ohc,SATL,0-700,7.262718e+23
PI200_gmR1500,1598,ohc,SATL,700-2000,5.312874e+23
PI200_gmR1500,1598,ohc,SATL,2000+,5.616508e+23
PI200_gmR1500,1598,ohc,SATL,all,1.819210e+24
PI200_gmR1500,1598,ohc,NATL,0-700,1.397893e+24
PI200_gmR1500,1598,ohc,NATL,700-2000,1.062433e+24
PI200_gmR1500,1598,ohc,NATL,2000+,9.458167e+23
PI200_gmR1500,1598,ohc,NATL,all,3.406142e+24
PI200_gmR1500,1598,ohc,SPNA,0-700,1.473297e+23
PI200_gmR1500,1598,ohc,SPNA,700-2000,1.539942e+23
PI200_gmR1500,1598,ohc,SPNA,2000+,1.127777e+23
PI200_gmR1500,1598,ohc,SPNA,all,4.141016e+23
PI200_gmR1500,1598,ohc,IP,0-700,6.138715e+24
PI200_gmR1500,1598,ohc,IP,700-2000,3.181158e+24
PI200_gmR1500,1598,ohc,IP,2000+,2.113656e+24
PI200_gmR1500,1598,ohc,IP,all,1.143353e+25
PI200_gmR1500,1598,ohc,OTHER,0-700,4.074683e+22
PI200_gmR1500,1598,ohc,OTHER,700-2000,1.419234e+22
PI200_gmR1500,1598,ohc,OTHER,2000+,1.059431e+21
PI200_gmR1500,1598,ohc,OTHER,all,5.599861e+22
PI200_gmR1500,1598,sfc,SO,col,-6.517731e+14
PI200_gmR1500,1598,sfc,NORD,col,-3.223400e+14
PI200_gmR1500,1598,sfc,SATL,col,4.088730e+14
PI200_gmR1500,1598,sfc,NATL,col,1.364866e+13
PI200_gmR1500,1598,sfc,SPNA,col,-3.267335e+14
PI200_gmR1500,1598,sfc,IP,col,1.093419e+15
PI200_gmR1500,1598,sfc,OTHER,col,4.988879e+13
PI200_gmR1500,1598,tend,SO,col,1.701537e+14
PI200_gmR1500,1598,tend,NORD,col,-6.662753e+13
PI200_gmR1500,1598,tend,SATL,col,1.035959e+14
PI200_gmR1500,1598,tend,NATL,col,6.938392e+12
PI200_gmR1500,1598,tend,SPNA,col,1.069207e+13
PI200_gmR1500,1598,tend,IP,col,4.521722e+13
PI200_gmR1500,1598,tend,OTHER,col,-1.343827e+12
PI200_gmR1500,1598,adv,SO,col,8.143369e+14
PI200_gmR1500,1598,adv,NORD,col,2.651452e+14
PI200_gmR1500,1598,adv,SATL,col,-3.310849e+14
PI200_gmR1500,1598,adv,NATL,col,-8.475591e+13
PI200_gmR1500,1598,adv,SPNA,col,3.508905e+14
PI200_gmR1500,1598,adv,IP,col,-1.123207e+15
PI200_gmR1500,1598,adv,OTHER,col,-6.799437e+13
PI200_gmR1500,1598,diff,SO,col,-6.441832e+14
PI200_gmR1500,1598,diff,NORD,col,-3.317727e+14
PI200_gmR1500,1598,diff,SATL,col,4.346808e+14
PI200_gmR1500,1598,diff,NATL,col,9.169430e+13
PI200_gmR1500,1598,diff,SPNA,col,-3.401984e+14
PI200_gmR1500,1598,diff,IP,col,1.168424e+15
PI200_gmR1500,1598,diff,OTHER,col,6.665054e+13
PI200_gmR1500,1598,mht_res,ATL@-34,0-700,4.694490e+14
PI200_gmR1500,1598,mht_bol,ATL@-34,0-700,1.041688e+13
PI200_gmR1500,1598,mht_res,ATL@-34,700-2000,-5.459043e+13
PI200_gmR1500,1598,mht_bol,ATL@-34,700-2000,3.937928e+11
PI200_gmR1500,1598,mht_res,ATL@-34,2000+,-3.676790e+13
PI200_gmR1500,1598,mht_bol,ATL@-34,2000+,-2.472121e+12
PI200_gmR1500,1598,mht_res,ATL@-34,all,3.780907e+14
PI200_gmR1500,1598,mht_bol,ATL@-34,all,8.338548e+12
PI200_gmR1500,1598,mht_res,ATL@-20,0-700,9.146657e+14
PI200_gmR1500,1598,mht_bol,ATL@-20,0-700,2.752471e+13
PI200_gmR1500,1598,mht_res,ATL@-20,700-2000,-1.993614e+14
PI200_gmR1500,1598,mht_bol,ATL@-20,700-2000,-6.250859e+12
PI200_gmR1500,1598,mht_res,ATL@-20,2000+,-8.065648e+13
PI200_gmR1500,1598,mht_bol,ATL@-20,2000+,-1.928542e+12
PI200_gmR1500,1598,mht_res,ATL@-20,all,6.346478e+14
PI200_gmR1500,1598,mht_bol,ATL@-20,all,1.934531e+13
PI200_gmR1500,1598,mht_res,ATL@20,0-700,1.580758e+15
PI200_gmR1500,1598,mht_bol,ATL@20,0-700,-1.583034e+13
PI200_gmR1500,1598,mht_res,ATL@20,700-2000,-2.667078e+14
PI200_gmR1500,1598,mht_bol,ATL@20,700-2000,3.884189e+12
PI200_gmR1500,1598,mht_res,ATL@20,2000+,-6.686424e+13
PI200_gmR1500,1598,mht_bol,ATL@20,2000+,1.230782e+12
PI200_gmR1500,1598,mht_res,ATL@20,all,1.247186e+15
PI200_gmR1500,1598,mht_bol,ATL@20,all,-1.071537e+13
PI200_gmR1500,1598,mht_res,ATL@30,0-700,1.345184e+15
PI200_gmR1500,1598,mht_bol,ATL@30,0-700,1.740890e+13
PI200_gmR1500,1598,mht_res,ATL@30,700-2000,-2.850604e+14
PI200_gmR1500,1598,mht_bol,ATL@30,700-2000,-2.222441e+13
PI200_gmR1500,1598,mht_res,ATL@30,2000+,-1.695472e+14
PI200_gmR1500,1598,mht_bol,ATL@30,2000+,7.124529e+12
PI200_gmR1500,1598,mht_res,ATL@30,all,8.905769e+14
PI200_gmR1500,1598,mht_bol,ATL@30,all,2.309028e+12
PI200_gmR1500,1598,mht_res,ATL@45,0-700,8.040156e+14
PI200_gmR1500,1598,mht_bol,ATL@45,0-700,5.137256e+13
PI200_gmR1500,1598,mht_res,ATL@45,700-2000,-1.843758e+14
PI200_gmR1500,1598,mht_bol,ATL@45,700-2000,-2.177024e+13
PI200_gmR1500,1598,mht_res,ATL@45,2000+,-1.155157e+14
PI200_gmR1500,1598,mht_bol,ATL@45,2000+,-4.097738e+12
PI200_gmR1500,1598,mht_res,ATL@45,all,5.041242e+14
PI200_gmR1500,1598,mht_bol,ATL@45,all,2.550458e+13
PI200_gmR1500,1598,mht_res,ATL@55,0-700,8.508520e+14
PI200_gmR1500,1598,mht_bol,ATL@55,0-700,6.451482e+13
PI200_gmR1500,1598,mht_res,ATL@55,700-2000,-9.355396e+13
PI200_gmR1500,1598,mht_bol,ATL@55,700-2000,-3.660475e+13
PI200_gmR1500,1598,mht_res,ATL@55,2000+,-8.930565e+13
PI200_gmR1500,1598,mht_bol,ATL@55,2000+,-2.876273e+13
PI200_gmR1500,1598,mht_res,ATL@55,all,6.679924e+14
PI200_gmR1500,1598,mht_bol,ATL@55,all,-8.526519e+11
PI200_gmR1500,1598,mht_res,ATL@66,0-700,1.332635e+14
PI200_gmR1500,1598,mht_bol,ATL@66,0-700,3.388877e+13
PI200_gmR1500,1598,mht_res,ATL@66,700-2000,-1.177203e+13
PI200_gmR1500,1598,mht_bol,ATL@66,700-2000,-8.236514e+12
PI200_gmR1500,1598,mht_res,ATL@66,2000+,3.713418e+09
PI200_gmR1500,1598,mht_bol,ATL@66,2000+,-1.858772e+11
PI200_gmR1500,1598,mht_res,ATL@66,all,1.214951e+14
PI200_gmR1500,1598,mht_bol,ATL@66,all,2.546638e+13
PI200_gmR1500,1599,ohc,SO,0-700,1.774641e+24
PI200_gmR1500,1599,ohc,SO,700-2000,1.441059e+24
PI200_gmR1500,1599,ohc,SO,2000+,9.821257e+23
PI200_gmR1500,1599,ohc,SO,all,4.197826e+24
PI200_gmR1500,1599,ohc,NORD,0-700,1.720883e+22
PI200_gmR1500,1599,ohc,NORD,700-2000,2.968965e+22
PI200_gmR1500,1599,ohc,NORD,2000+,2.225477e+22
PI200_gmR1500,1599,ohc,NORD,all,6.915325e+22
PI200_gmR1500,1599,ohc,SATL,0-700,7.270235e+23
PI200_gmR1500,1599,ohc,SATL,700-2000,5.318628e+23
PI200_gmR1500,1599,ohc,SATL,2000+,5.617231e+23
PI200_gmR1500,1599,ohc,SATL,all,1.820609e+24
PI200_gmR1500,1599,ohc,NATL,0-700,1.401852e+24
PI200_gmR1500,1599,ohc,NATL,700-2000,1.062142e+24
PI200_gmR1500,1599,ohc,NATL,2000+,9.460876e+23
PI200_gmR1500,1599,ohc,NATL,all,3.410081e+24
PI200_gmR1500,1599,ohc,SPNA,0-700,1.467881e+23
PI200_gmR1500,1599,ohc,SPNA,700-2000,1.530132e+23
PI200_gmR1500,1599,ohc,SPNA,2000+,1.128355e+23
PI200_gmR1500,1599,ohc,SPNA,all,4.126368e+23
PI200_gmR1500,1599,ohc,IP,0-700,6.139899e+24
PI200_gmR1500,1599,ohc,IP,700-2000,3.179830e+24
PI200_gmR1500,1599,ohc,IP,2000+,2.113522e+24
PI200_gmR1500,1599,ohc,IP,all,1.143325e+25
PI200_gmR1500,1599,ohc,OTHER,0-700,4.065435e+22
PI200_gmR1500,1599,ohc,OTHER,700-2000,1.420212e+22
PI200_gmR1500,1599,ohc,OTHER,2000+,1.059577e+21
PI200_gmR1500,1599,ohc,OTHER,all,5.591604e+22
PI200_gmR1500,1599,sfc,SO,col,-6.909317e+14
PI200_gmR1500,1599,sfc,NORD,col,-2.511479e+14
PI200_gmR1500,1599,sfc,SATL,col,3.206068e+14
PI200_gmR1500,1599,sfc,NATL,col,4.607942e+13
PI200_gmR1500,1599,sfc,SPNA,col,-3.741371e+14
PI200_gmR1500,1599,sfc,IP,col,1.012419e+15
PI200_gmR1500,1599,sfc,OTHER,col,3.982202e+13
PI200_gmR1500,1599,tend,SO,col,-6.992841e+12
PI200_gmR1500,1599,tend,NORD,col,2.154862e+13
PI200_gmR1500,1599,tend,SATL,col,-1.898675e+13
PI200_gmR1500,1599,tend,NATL,col,8.692686e+13
PI200_gmR1500,1599,tend,SPNA,col,-5.012169e+13
PI200_gmR1500,1599,tend,IP,col,7.021905e+13
PI200_gmR1500,1599,tend,OTHER,col,-1.638472e+13
PI200_gmR1500,1599,adv,SO,col,6.763848e+14
PI200_gmR1500,1599,adv,NORD,col,2.817905e+14
PI200_gmR1500,1599,adv,SATL,col,-3.634976e+14
PI200_gmR1500,1599,adv,NATL,col,-4.182520e+13
PI200_gmR1500,1599,adv,SPNA,col,3.346571e+14
PI200_gmR1500,1599,adv,IP,col,-1.008081e+15
PI200_gmR1500,1599,adv,OTHER,col,-7.141094e+13
PI200_gmR1500,1599,diff,SO,col,-6.833776e+14
PI200_gmR1500,1599,diff,NORD,col,-2.602419e+14
PI200_gmR1500,1599,diff,SATL,col,3.445109e+14
PI200_gmR1500,1599,diff,NATL,col,1.287521e+14
PI200_gmR1500,1599,diff,SPNA,col,-3.847788e+14
PI200_gmR1500,1599,diff,IP,col,1.078300e+15
PI200_gmR1500,1599,diff,OTHER,col,5.502622e+13
PI200_gmR1500,1599,mht_res,ATL@-34,0-700,4.559073e+14
PI200_gmR1500,1599,mht_bol,ATL@-34,0-700,8.002768e+12
PI200_gmR1500,1599,mht_res,ATL@-34,700-2000,-6.656551e+13
PI200_gmR1500,1599,mht_bol,ATL@-34,700-2000,4.913380e+11
PI200_gmR1500,1599,mht_res,ATL@-34,2000+,-4.832311e+13
PI200_gmR1500,1599,mht_bol,ATL@-34,2000+,-2.151834e+12
PI200_gmR1500,1599,mht_res,ATL@-34,all,3.410187e+14
PI200_gmR1500,1599,mht_bol,ATL@-34,all,6.342272e+12
PI200_gmR1500,1599,mht_res,ATL@-20,0-700,9.029784e+14
PI200_gmR1500,1599,mht_bol,ATL@-20,0-700,2.424701e+13
PI200_gmR1500,1599,mht_res,ATL@-20,700-2000,-1.896331e+14
PI200_gmR1500,1599,mht_bol,ATL@-20,700-2000,-5.785267e+12
PI200_gmR1500,1599,mht_res,ATL@-20,2000+,-9.628578e+13
PI200_gmR1500,1599,mht_bol,ATL@-20,2000+,-1.968055e+12
PI200_gmR1500,1599,mht_res,ATL@-20,all,6.170595e+14
PI200_gmR1500,1599,mht_bol,ATL@-20,all,1.649369e+13
PI200_gmR1500,1599,mht_res,ATL@20,0-700,1.300852e+15
PI200_gmR1500,1599,mht_bol,ATL@20,0-700,-1.756538e+13
PI200_gmR1500,1599,mht_res,ATL@20,700-2000,-2.925389e+14
PI200_gmR1500,1599,mht_bol,ATL@20,700-2000,5.735669e+12
PI200_gmR1500,1599,mht_res,ATL@20,2000+,-5.564146e+13
PI200_gmR1500,1599,mht_bol,ATL@20,2000+,1.058968e+12
PI200_gmR1500,1599,mht_res,ATL@20,all,9.526714e+14
PI200_gmR1500,1599,mht_bol,ATL@20,all,-1.077075e+13
PI200_gmR1500,1599,mht_res,ATL@30,0-700,1.462244e+15
PI200_gmR1500,1599,mht_bol,ATL@30,0-700,2.091554e+13
PI200_gmR1500,1599,mht_res,ATL@30,700-2000,-2.777263e+14
PI200_gmR1500,1599,mht_bol,ATL@30,700-2000,-2.298692e+13
PI200_gmR1500,1599,mht_res,ATL@30,2000+,-1.776348e+14
PI200_gmR1500,1599,mht_bol,ATL@30,2000+,6.822862e+12
PI200_gmR1500,1599,mht_res,ATL@30,all,1.006883e+15
PI200_gmR1500,1599,mht_bol,ATL@30,all,4.751482e+12
PI200_gmR1500,1599,mht_res,ATL@45,0-700,7.994235e+14
PI200_gmR1500,1599,mht_bol,ATL@45,0-700,5.963849e+13
PI200_gmR1500,1599,mht_res,ATL@45,700-2000,-1.898362e+14
PI200_gmR1500,1599,mht_bol,ATL@45,700-2000,-2.255508e+13
PI200_gmR1500,1599,mht_res,ATL@45,2000+,-1.224529e+14
PI200_gmR1500,1599,mht_bol,ATL@45,2000+,-8.029608e+12
PI200_gmR1500,1599,mht_res,ATL@45,all,4.871345e+14
PI200_gmR1500,1599,mht_bol,ATL@45,all,2.905380e+13
PI200_gmR1500,1599,mht_res,ATL@55,0-700,8.371622e+14
PI200_gmR1500,1599,mht_bol,ATL@55,0-700,3.432451e+13
PI200_gmR1500,1599,mht_res,ATL@55,700-2000,-6.969261e+13
PI200_gmR1500,1599,mht_bol,ATL@55,700-2000,-1.107788e+13
PI200_gmR1500,1599,mht_res,ATL@55,2000+,-8.519688e+13
PI200_gmR1500,1599,mht_bol,ATL@55,2000+,-2.575589e+13
PI200_gmR1500,1599,mht_res,ATL@55,all,6.822727e+14
PI200_gmR1500,1599,mht_bol,ATL@55,all,-2.509253e+12
PI200_gmR1500,1599,mht_res,ATL@66,0-700,1.268222e+14
PI200_gmR1500,1599,mht_bol,ATL@66,0-700,3.711937e+13
PI200_gmR1500,1599,mht_res,ATL@66,700-2000,-1.365267e+13
PI200_gmR1500,1599,mht_bol,ATL@66,700-2000,-8.637761e+12
PI200_gmR1500,1599,mht_res,ATL@66,2000+,-4.498008e+11
PI200_gmR1500,1599,mht_bol,ATL@66,2000+,-1.571437e+11
PI200_gmR1500,1599,mht_res,ATL@66,all,1.127198e+14
PI200_gmR1500,1599,mht_bol,ATL@66,all,2.832446e+13
