16E_1990,1350,1,labsea,a_ice,0.30378
16E_1990,1350,2,labsea,a_ice,0.36438
16E_1990,1350,3,labsea,a_ice,0.35549
16E_1990,1350,4,labsea,a_ice,0.30703
16E_1990,1350,5,labsea,a_ice,0.24445
16E_1990,1350,6,labsea,a_ice,0.14848
16E_1990,1350,7,labsea,a_ice,0.04317
16E_1990,1350,8,labsea,a_ice,0.00508
16E_1990,1350,9,labsea,a_ice,0.00000
16E_1990,1350,10,labsea,a_ice,0.00148
16E_1990,1350,11,labsea,a_ice,0.06612
16E_1990,1350,12,labsea,a_ice,0.20024
16E_1990,1350,1,interior,a_ice,0.11373
16E_1990,1350,2,interior,a_ice,0.19701
16E_1990,1350,3,interior,a_ice,0.14350
16E_1990,1350,4,interior,a_ice,0.09213
16E_1990,1350,5,interior,a_ice,0.05742
16E_1990,1350,6,interior,a_ice,0.02128
16E_1990,1350,7,interior,a_ice,0.00021
16E_1990,1350,8,interior,a_ice,0.00000
16E_1990,1350,9,interior,a_ice,0.00000
16E_1990,1350,10,interior,a_ice,0.00000
16E_1990,1350,11,interior,a_ice,0.00008
16E_1990,1350,12,interior,a_ice,0.05149
16E_1990,1350,1,labsea,MLD2,703.01603
16E_1990,1350,2,labsea,MLD2,847.27857
16E_1990,1350,3,labsea,MLD2,788.48280
16E_1990,1350,4,labsea,MLD2,436.62248
16E_1990,1350,5,labsea,MLD2,78.61408
16E_1990,1350,6,labsea,MLD2,16.59047
16E_1990,1350,7,labsea,MLD2,14.96106
16E_1990,1350,8,labsea,MLD2,13.01593
16E_1990,1350,9,labsea,MLD2,16.95447
16E_1990,1350,10,labsea,MLD2,24.84411
16E_1990,1350,11,labsea,MLD2,37.70147
16E_1990,1350,12,labsea,MLD2,88.87618
16E_1990,1350,1,interior,MLD2,1535.74939
16E_1990,1350,2,interior,MLD2,1721.38357
16E_1990,1350,3,interior,MLD2,1673.64286
16E_1990,1350,4,interior,MLD2,962.75845
16E_1990,1350,5,interior,MLD2,157.71066
16E_1990,1350,6,interior,MLD2,21.22262
16E_1990,1350,7,interior,MLD2,17.21985
16E_1990,1350,8,interior,MLD2,14.75303
16E_1990,1350,9,interior,MLD2,19.16500
16E_1990,1350,10,interior,MLD2,27.57939
16E_1990,1350,11,interior,MLD2,42.21934
16E_1990,1350,12,interior,MLD2,141.18233
16E_1990,1351,1,labsea,a_ice,0.40857
16E_1990,1351,2,labsea,a_ice,0.46024
16E_1990,1351,3,labsea,a_ice,0.57049
16E_1990,1351,4,labsea,a_ice,0.58064
16E_1990,1351,5,labsea,a_ice,0.43709
16E_1990,1351,6,labsea,a_ice,0.22803
16E_1990,1351,7,labsea,a_ice,0.07097
16E_1990,1351,8,labsea,a_ice,0.00895
16E_1990,1351,9,labsea,a_ice,0.00000
16E_1990,1351,10,labsea,a_ice,0.00020
16E_1990,1351,11,labsea,a_ice,0.02873
16E_1990,1351,12,labsea,a_ice,0.20275
16E_1990,1351,1,interior,a_ice,0.26050
16E_1990,1351,2,interior,a_ice,0.33269
16E_1990,1351,3,interior,a_ice,0.61065
16E_1990,1351,4,interior,a_ice,0.66096
16E_1990,1351,5,interior,a_ice,0.40747
16E_1990,1351,6,interior,a_ice,0.08576
16E_1990,1351,7,interior,a_ice,0.00216
16E_1990,1351,8,interior,a_ice,0.00000
16E_1990,1351,9,interior,a_ice,0.00000
16E_1990,1351,10,interior,a_ice,0.00000
16E_1990,1351,11,interior,a_ice,0.00003
16E_1990,1351,12,interior,a_ice,0.06091
16E_1990,1351,1,labsea,MLD2,411.97539
16E_1990,1351,2,labsea,MLD2,758.63648
16E_1990,1351,3,labsea,MLD2,582.76352
16E_1990,1351,4,labsea,MLD2,343.04778
16E_1990,1351,5,labsea,MLD2,88.01853
16E_1990,1351,6,labsea,MLD2,13.15061
16E_1990,1351,7,labsea,MLD2,11.52266
16E_1990,1351,8,labsea,MLD2,12.94004
16E_1990,1351,9,labsea,MLD2,14.06310
16E_1990,1351,10,labsea,MLD2,19.12755
16E_1990,1351,11,labsea,MLD2,26.99756
16E_1990,1351,12,labsea,MLD2,57.26919
16E_1990,1351,1,interior,MLD2,872.72432
16E_1990,1351,2,interior,MLD2,1202.29543
16E_1990,1351,3,interior,MLD2,569.23913
16E_1990,1351,4,interior,MLD2,115.14775
16E_1990,1351,5,interior,MLD2,19.35204
16E_1990,1351,6,interior,MLD2,12.79316
16E_1990,1351,7,interior,MLD2,13.21230
16E_1990,1351,8,interior,MLD2,14.62826
16E_1990,1351,9,interior,MLD2,15.81744
16E_1990,1351,10,interior,MLD2,20.01175
16E_1990,1351,11,interior,MLD2,28.34825
16E_1990,1351,12,interior,MLD2,75.44449
16E_1990,1352,1,labsea,a_ice,0.46911
16E_1990,1352,2,labsea,a_ice,0.58385
16E_1990,1352,3,labsea,a_ice,0.66973
16E_1990,1352,4,labsea,a_ice,0.62724
16E_1990,1352,5,labsea,a_ice,0.50506
16E_1990,1352,6,labsea,a_ice,0.27587
16E_1990,1352,7,labsea,a_ice,0.07676
16E_1990,1352,8,labsea,a_ice,0.01132
16E_1990,1352,9,labsea,a_ice,0.00000
16E_1990,1352,10,labsea,a_ice,0.00002
16E_1990,1352,11,labsea,a_ice,0.00875
16E_1990,1352,12,labsea,a_ice,0.16319
16E_1990,1352,1,interior,a_ice,0.31041
16E_1990,1352,2,interior,a_ice,0.62349
16E_1990,1352,3,interior,a_ice,0.81041
16E_1990,1352,4,interior,a_ice,0.69252
16E_1990,1352,5,interior,a_ice,0.45665
16E_1990,1352,6,interior,a_ice,0.12625
16E_1990,1352,7,interior,a_ice,0.02019
16E_1990,1352,8,interior,a_ice,0.00000
16E_1990,1352,9,interior,a_ice,0.00000
16E_1990,1352,10,interior,a_ice,0.00000
16E_1990,1352,11,interior,a_ice,0.00000
16E_1990,1352,12,interior,a_ice,0.05657
16E_1990,1352,1,labsea,MLD2,254.76214
16E_1990,1352,2,labsea,MLD2,353.18371
16E_1990,1352,3,labsea,MLD2,126.56614
16E_1990,1352,4,labsea,MLD2,55.67949
16E_1990,1352,5,labsea,MLD2,26.35541
16E_1990,1352,6,labsea,MLD2,13.70265
16E_1990,1352,7,labsea,MLD2,11.01030
16E_1990,1352,8,labsea,MLD2,11.66123
16E_1990,1352,9,labsea,MLD2,14.44638
16E_1990,1352,10,labsea,MLD2,18.32403
16E_1990,1352,11,labsea,MLD2,27.12400
16E_1990,1352,12,labsea,MLD2,43.75771
16E_1990,1352,1,interior,MLD2,513.07774
16E_1990,1352,2,interior,MLD2,379.73615
16E_1990,1352,3,interior,MLD2,44.82295
16E_1990,1352,4,interior,MLD2,37.28791
16E_1990,1352,5,interior,MLD2,24.02098
16E_1990,1352,6,interior,MLD2,14.84231
16E_1990,1352,7,interior,MLD2,11.76267
16E_1990,1352,8,interior,MLD2,12.78190
16E_1990,1352,9,interior,MLD2,15.73367
16E_1990,1352,10,interior,MLD2,19.71952
16E_1990,1352,11,interior,MLD2,30.79689
16E_1990,1352,12,interior,MLD2,40.88600
16E_1990,1353,1,labsea,a_ice,0.44155
16E_1990,1353,2,labsea,a_ice,0.51495
16E_1990,1353,3,labsea,a_ice,0.58549
16E_1990,1353,4,labsea,a_ice,0.53531
16E_1990,1353,5,labsea,a_ice,0.43425
16E_1990,1353,6,labsea,a_ice,0.25013
16E_1990,1353,7,labsea,a_ice,0.03719
16E_1990,1353,8,labsea,a_ice,0.00501
16E_1990,1353,9,labsea,a_ice,0.00000
16E_1990,1353,10,labsea,a_ice,0.00068
16E_1990,1353,11,labsea,a_ice,0.07707
16E_1990,1353,12,labsea,a_ice,0.42902
16E_1990,1353,1,interior,a_ice,0.32761
16E_1990,1353,2,interior,a_ice,0.36193
16E_1990,1353,3,interior,a_ice,0.47461
16E_1990,1353,4,interior,a_ice,0.42848
16E_1990,1353,5,interior,a_ice,0.40312
16E_1990,1353,6,interior,a_ice,0.25645
16E_1990,1353,7,interior,a_ice,0.02588
16E_1990,1353,8,interior,a_ice,0.00000
16E_1990,1353,9,interior,a_ice,0.00000
16E_1990,1353,10,interior,a_ice,0.00000
16E_1990,1353,11,interior,a_ice,0.01685
16E_1990,1353,12,interior,a_ice,0.44891
16E_1990,1353,1,labsea,MLD2,143.72960
16E_1990,1353,2,labsea,MLD2,298.78360
16E_1990,1353,3,labsea,MLD2,374.45073
16E_1990,1353,4,labsea,MLD2,97.72719
16E_1990,1353,5,labsea,MLD2,17.87487
16E_1990,1353,6,labsea,MLD2,13.04878
16E_1990,1353,7,labsea,MLD2,11.09323
16E_1990,1353,8,labsea,MLD2,12.96873
16E_1990,1353,9,labsea,MLD2,18.04844
16E_1990,1353,10,labsea,MLD2,20.82986
16E_1990,1353,11,labsea,MLD2,29.44903
16E_1990,1353,12,labsea,MLD2,50.91299
16E_1990,1353,1,interior,MLD2,123.28512
16E_1990,1353,2,interior,MLD2,421.35737
16E_1990,1353,3,interior,MLD2,604.07833
16E_1990,1353,4,interior,MLD2,102.81159
16E_1990,1353,5,interior,MLD2,12.86589
16E_1990,1353,6,interior,MLD2,11.74344
16E_1990,1353,7,interior,MLD2,10.84482
16E_1990,1353,8,interior,MLD2,14.37664
16E_1990,1353,9,interior,MLD2,17.43852
16E_1990,1353,10,interior,MLD2,19.81611
16E_1990,1353,11,interior,MLD2,28.45121
16E_1990,1353,12,interior,MLD2,47.24441
16E_1990,1354,1,labsea,a_ice,0.74618
16E_1990,1354,2,labsea,a_ice,0.78554
16E_1990,1354,3,labsea,a_ice,0.74478
16E_1990,1354,4,labsea,a_ice,0.70091
16E_1990,1354,5,labsea,a_ice,0.52922
16E_1990,1354,6,labsea,a_ice,0.26783
16E_1990,1354,7,labsea,a_ice,0.06185
16E_1990,1354,8,labsea,a_ice,0.00020
16E_1990,1354,9,labsea,a_ice,0.00000
16E_1990,1354,10,labsea,a_ice,0.00073
16E_1990,1354,11,labsea,a_ice,0.07007
16E_1990,1354,12,labsea,a_ice,0.29340
16E_1990,1354,1,interior,a_ice,0.80807
16E_1990,1354,2,interior,a_ice,0.73594
16E_1990,1354,3,interior,a_ice,0.63831
16E_1990,1354,4,interior,a_ice,0.55763
16E_1990,1354,5,interior,a_ice,0.37636
16E_1990,1354,6,interior,a_ice,0.20494
16E_1990,1354,7,interior,a_ice,0.02241
16E_1990,1354,8,interior,a_ice,0.00000
16E_1990,1354,9,interior,a_ice,0.00000
16E_1990,1354,10,interior,a_ice,0.00000
16E_1990,1354,11,interior,a_ice,0.00389
16E_1990,1354,12,interior,a_ice,0.14374
16E_1990,1354,1,labsea,MLD2,105.81976
16E_1990,1354,2,labsea,MLD2,145.82799
16E_1990,1354,3,labsea,MLD2,150.19419
16E_1990,1354,4,labsea,MLD2,53.77411
16E_1990,1354,5,labsea,MLD2,17.64393
16E_1990,1354,6,labsea,MLD2,13.39312
16E_1990,1354,7,labsea,MLD2,10.39035
16E_1990,1354,8,labsea,MLD2,11.50905
16E_1990,1354,9,labsea,MLD2,15.19146
16E_1990,1354,10,labsea,MLD2,21.58732
16E_1990,1354,11,labsea,MLD2,30.53505
16E_1990,1354,12,labsea,MLD2,51.80432
16E_1990,1354,1,interior,MLD2,96.37803
16E_1990,1354,2,interior,MLD2,235.62085
16E_1990,1354,3,interior,MLD2,309.89034
16E_1990,1354,4,interior,MLD2,75.61971
16E_1990,1354,5,interior,MLD2,16.68362
16E_1990,1354,6,interior,MLD2,15.32463
16E_1990,1354,7,interior,MLD2,11.23435
16E_1990,1354,8,interior,MLD2,12.82789
16E_1990,1354,9,interior,MLD2,16.14934
16E_1990,1354,10,interior,MLD2,22.54215
16E_1990,1354,11,interior,MLD2,32.12447
16E_1990,1354,12,interior,MLD2,42.60537
16E_1990,1355,1,labsea,a_ice,0.68339
16E_1990,1355,2,labsea,a_ice,0.87797
16E_1990,1355,3,labsea,a_ice,0.87509
16E_1990,1355,4,labsea,a_ice,0.81286
16E_1990,1355,5,labsea,a_ice,0.66694
16E_1990,1355,6,labsea,a_ice,0.28203
16E_1990,1355,7,labsea,a_ice,0.07868
16E_1990,1355,8,labsea,a_ice,0.01662
16E_1990,1355,9,labsea,a_ice,0.00220
16E_1990,1355,10,labsea,a_ice,0.00002
16E_1990,1355,11,labsea,a_ice,0.02262
16E_1990,1355,12,labsea,a_ice,0.12088
16E_1990,1355,1,interior,a_ice,0.69528
16E_1990,1355,2,interior,a_ice,0.94843
16E_1990,1355,3,interior,a_ice,0.93917
16E_1990,1355,4,interior,a_ice,0.89015
16E_1990,1355,5,interior,a_ice,0.80528
16E_1990,1355,6,interior,a_ice,0.25658
16E_1990,1355,7,interior,a_ice,0.01722
16E_1990,1355,8,interior,a_ice,0.00000
16E_1990,1355,9,interior,a_ice,0.00000
16E_1990,1355,10,interior,a_ice,0.00000
16E_1990,1355,11,interior,a_ice,0.00000
16E_1990,1355,12,interior,a_ice,0.02548
16E_1990,1355,1,labsea,MLD2,110.91950
16E_1990,1355,2,labsea,MLD2,109.86427
16E_1990,1355,3,labsea,MLD2,62.45743
16E_1990,1355,4,labsea,MLD2,42.76406
16E_1990,1355,5,labsea,MLD2,21.38699
16E_1990,1355,6,labsea,MLD2,11.48314
16E_1990,1355,7,labsea,MLD2,12.22649
16E_1990,1355,8,labsea,MLD2,12.86943
16E_1990,1355,9,labsea,MLD2,14.64619
16E_1990,1355,10,labsea,MLD2,18.75246
16E_1990,1355,11,labsea,MLD2,24.03268
16E_1990,1355,12,labsea,MLD2,36.48964
16E_1990,1355,1,interior,MLD2,61.64911
16E_1990,1355,2,interior,MLD2,60.86762
16E_1990,1355,3,interior,MLD2,49.15483
16E_1990,1355,4,interior,MLD2,43.39334
16E_1990,1355,5,interior,MLD2,24.05118
16E_1990,1355,6,interior,MLD2,11.93446
16E_1990,1355,7,interior,MLD2,13.23291
16E_1990,1355,8,interior,MLD2,14.46317
16E_1990,1355,9,interior,MLD2,15.44763
16E_1990,1355,10,interior,MLD2,17.80771
16E_1990,1355,11,interior,MLD2,23.47035
16E_1990,1355,12,interior,MLD2,41.07801
16E_1990,1356,1,labsea,a_ice,0.45069
16E_1990,1356,2,labsea,a_ice,0.57901
16E_1990,1356,3,labsea,a_ice,0.57643
16E_1990,1356,4,labsea,a_ice,0.39105
16E_1990,1356,5,labsea,a_ice,0.30959
16E_1990,1356,6,labsea,a_ice,0.16258
16E_1990,1356,7,labsea,a_ice,0.01786
16E_1990,1356,8,labsea,a_ice,0.00009
16E_1990,1356,9,labsea,a_ice,0.00000
16E_1990,1356,10,labsea,a_ice,0.00000
16E_1990,1356,11,labsea,a_ice,0.04342
16E_1990,1356,12,labsea,a_ice,0.25133
16E_1990,1356,1,interior,a_ice,0.32798
16E_1990,1356,2,interior,a_ice,0.42015
16E_1990,1356,3,interior,a_ice,0.37684
16E_1990,1356,4,interior,a_ice,0.18520
16E_1990,1356,5,interior,a_ice,0.16145
16E_1990,1356,6,interior,a_ice,0.13396
16E_1990,1356,7,interior,a_ice,0.01978
16E_1990,1356,8,interior,a_ice,0.00000
16E_1990,1356,9,interior,a_ice,0.00000
16E_1990,1356,10,interior,a_ice,0.00000
16E_1990,1356,11,interior,a_ice,0.00410
16E_1990,1356,12,interior,a_ice,0.11400
16E_1990,1356,1,labsea,MLD2,152.02710
16E_1990,1356,2,labsea,MLD2,284.63405
16E_1990,1356,3,labsea,MLD2,322.00368
16E_1990,1356,4,labsea,MLD2,208.98111
16E_1990,1356,5,labsea,MLD2,54.85010
16E_1990,1356,6,labsea,MLD2,14.62150
16E_1990,1356,7,labsea,MLD2,12.14019
16E_1990,1356,8,labsea,MLD2,11.66181
16E_1990,1356,9,labsea,MLD2,15.07971
16E_1990,1356,10,labsea,MLD2,20.02813
16E_1990,1356,11,labsea,MLD2,30.16620
16E_1990,1356,12,labsea,MLD2,45.18037
16E_1990,1356,1,interior,MLD2,262.22209
16E_1990,1356,2,interior,MLD2,597.84229
16E_1990,1356,3,interior,MLD2,714.28706
16E_1990,1356,4,interior,MLD2,344.04127
16E_1990,1356,5,interior,MLD2,58.54524
16E_1990,1356,6,interior,MLD2,15.08381
16E_1990,1356,7,interior,MLD2,13.11286
16E_1990,1356,8,interior,MLD2,12.87555
16E_1990,1356,9,interior,MLD2,15.65078
16E_1990,1356,10,interior,MLD2,19.10739
16E_1990,1356,11,interior,MLD2,29.54609
16E_1990,1356,12,interior,MLD2,42.26026
16E_1990,1357,1,labsea,a_ice,0.35241
16E_1990,1357,2,labsea,a_ice,0.49549
16E_1990,1357,3,labsea,a_ice,0.51322
16E_1990,1357,4,labsea,a_ice,0.45164
16E_1990,1357,5,labsea,a_ice,0.36452
16E_1990,1357,6,labsea,a_ice,0.22816
16E_1990,1357,7,labsea,a_ice,0.03847
16E_1990,1357,8,labsea,a_ice,0.00013
16E_1990,1357,9,labsea,a_ice,0.00000
16E_1990,1357,10,labsea,a_ice,0.00072
16E_1990,1357,11,labsea,a_ice,0.04767
16E_1990,1357,12,labsea,a_ice,0.25959
16E_1990,1357,1,interior,a_ice,0.17904
16E_1990,1357,2,interior,a_ice,0.38442
16E_1990,1357,3,interior,a_ice,0.41850
16E_1990,1357,4,interior,a_ice,0.34855
16E_1990,1357,5,interior,a_ice,0.18581
16E_1990,1357,6,interior,a_ice,0.10438
16E_1990,1357,7,interior,a_ice,0.01793
16E_1990,1357,8,interior,a_ice,0.00000
16E_1990,1357,9,interior,a_ice,0.00000
16E_1990,1357,10,interior,a_ice,0.00000
16E_1990,1357,11,interior,a_ice,0.00240
16E_1990,1357,12,interior,a_ice,0.15210
16E_1990,1357,1,labsea,MLD2,118.97068
16E_1990,1357,2,labsea,MLD2,384.00070
16E_1990,1357,3,labsea,MLD2,587.42793
16E_1990,1357,4,labsea,MLD2,325.14772
16E_1990,1357,5,labsea,MLD2,70.55042
16E_1990,1357,6,labsea,MLD2,15.01147
16E_1990,1357,7,labsea,MLD2,12.71499
16E_1990,1357,8,labsea,MLD2,14.23158
16E_1990,1357,9,labsea,MLD2,17.11726
16E_1990,1357,10,labsea,MLD2,20.76767
16E_1990,1357,11,labsea,MLD2,26.65088
16E_1990,1357,12,labsea,MLD2,48.05720
16E_1990,1357,1,interior,MLD2,129.66076
16E_1990,1357,2,interior,MLD2,527.52069
16E_1990,1357,3,interior,MLD2,886.89218
16E_1990,1357,4,interior,MLD2,393.87750
16E_1990,1357,5,interior,MLD2,52.12386
16E_1990,1357,6,interior,MLD2,16.19147
16E_1990,1357,7,interior,MLD2,14.36819
16E_1990,1357,8,interior,MLD2,15.48904
16E_1990,1357,9,interior,MLD2,17.12582
16E_1990,1357,10,interior,MLD2,21.03352
16E_1990,1357,11,interior,MLD2,25.44112
16E_1990,1357,12,interior,MLD2,38.58363
16E_1990,1358,1,labsea,a_ice,0.50007
16E_1990,1358,2,labsea,a_ice,0.66417
16E_1990,1358,3,labsea,a_ice,0.70915
16E_1990,1358,4,labsea,a_ice,0.62645
16E_1990,1358,5,labsea,a_ice,0.48565
16E_1990,1358,6,labsea,a_ice,0.28342
16E_1990,1358,7,labsea,a_ice,0.08479
16E_1990,1358,8,labsea,a_ice,0.00539
16E_1990,1358,9,labsea,a_ice,0.00000
16E_1990,1358,10,labsea,a_ice,0.00000
16E_1990,1358,11,labsea,a_ice,0.01357
16E_1990,1358,12,labsea,a_ice,0.19279
16E_1990,1358,1,interior,a_ice,0.50912
16E_1990,1358,2,interior,a_ice,0.70462
16E_1990,1358,3,interior,a_ice,0.66931
16E_1990,1358,4,interior,a_ice,0.48725
16E_1990,1358,5,interior,a_ice,0.32369
16E_1990,1358,6,interior,a_ice,0.12051
16E_1990,1358,7,interior,a_ice,0.01213
16E_1990,1358,8,interior,a_ice,0.00000
16E_1990,1358,9,interior,a_ice,0.00000
16E_1990,1358,10,interior,a_ice,0.00000
16E_1990,1358,11,interior,a_ice,0.00000
16E_1990,1358,12,interior,a_ice,0.06734
16E_1990,1358,1,labsea,MLD2,152.61309
16E_1990,1358,2,labsea,MLD2,247.97196
16E_1990,1358,3,labsea,MLD2,145.72533
16E_1990,1358,4,labsea,MLD2,72.21257
16E_1990,1358,5,labsea,MLD2,23.85080
16E_1990,1358,6,labsea,MLD2,12.55232
16E_1990,1358,7,labsea,MLD2,11.22266
16E_1990,1358,8,labsea,MLD2,13.88478
16E_1990,1358,9,labsea,MLD2,16.81212
16E_1990,1358,10,labsea,MLD2,22.02582
16E_1990,1358,11,labsea,MLD2,27.39781
16E_1990,1358,12,labsea,MLD2,84.73157
16E_1990,1358,1,interior,MLD2,79.04681
16E_1990,1358,2,interior,MLD2,145.99988
16E_1990,1358,3,interior,MLD2,167.19984
16E_1990,1358,4,interior,MLD2,130.20521
16E_1990,1358,5,interior,MLD2,28.67727
16E_1990,1358,6,interior,MLD2,14.02303
16E_1990,1358,7,interior,MLD2,13.11113
16E_1990,1358,8,interior,MLD2,15.34792
16E_1990,1358,9,interior,MLD2,17.02699
16E_1990,1358,10,interior,MLD2,22.59508
16E_1990,1358,11,interior,MLD2,27.76441
16E_1990,1358,12,interior,MLD2,44.98654
16E_1990,1359,1,labsea,a_ice,0.40574
16E_1990,1359,2,labsea,a_ice,0.46577
16E_1990,1359,3,labsea,a_ice,0.46664
16E_1990,1359,4,labsea,a_ice,0.44882
16E_1990,1359,5,labsea,a_ice,0.32550
16E_1990,1359,6,labsea,a_ice,0.20915
16E_1990,1359,7,labsea,a_ice,0.07833
16E_1990,1359,8,labsea,a_ice,0.00470
16E_1990,1359,9,labsea,a_ice,0.00001
16E_1990,1359,10,labsea,a_ice,0.00012
16E_1990,1359,11,labsea,a_ice,0.01962
16E_1990,1359,12,labsea,a_ice,0.12934
16E_1990,1359,1,interior,a_ice,0.28372
16E_1990,1359,2,interior,a_ice,0.34776
16E_1990,1359,3,interior,a_ice,0.35180
16E_1990,1359,4,interior,a_ice,0.33545
16E_1990,1359,5,interior,a_ice,0.11173
16E_1990,1359,6,interior,a_ice,0.04336
16E_1990,1359,7,interior,a_ice,0.01877
16E_1990,1359,8,interior,a_ice,0.00000
16E_1990,1359,9,interior,a_ice,0.00000
16E_1990,1359,10,interior,a_ice,0.00000
16E_1990,1359,11,interior,a_ice,0.00000
16E_1990,1359,12,interior,a_ice,0.01326
16E_1990,1359,1,labsea,MLD2,264.64697
16E_1990,1359,2,labsea,MLD2,410.65337
16E_1990,1359,3,labsea,MLD2,515.01933
16E_1990,1359,4,labsea,MLD2,424.22966
16E_1990,1359,5,labsea,MLD2,169.10373
16E_1990,1359,6,labsea,MLD2,12.95036
16E_1990,1359,7,labsea,MLD2,13.87719
16E_1990,1359,8,labsea,MLD2,14.67381
16E_1990,1359,9,labsea,MLD2,18.89389
16E_1990,1359,10,labsea,MLD2,25.87278
16E_1990,1359,11,labsea,MLD2,32.51156
16E_1990,1359,12,labsea,MLD2,64.53104
16E_1990,1359,1,interior,MLD2,249.06899
16E_1990,1359,2,interior,MLD2,578.16119
16E_1990,1359,3,interior,MLD2,887.56406
16E_1990,1359,4,interior,MLD2,761.96801
16E_1990,1359,5,interior,MLD2,269.48967
16E_1990,1359,6,interior,MLD2,13.63432
16E_1990,1359,7,interior,MLD2,15.62476
16E_1990,1359,8,interior,MLD2,17.64844
16E_1990,1359,9,interior,MLD2,21.92651
16E_1990,1359,10,interior,MLD2,29.63125
16E_1990,1359,11,interior,MLD2,38.94370
16E_1990,1359,12,interior,MLD2,72.95587
16E_1990,1360,1,labsea,a_ice,0.37322
16E_1990,1360,2,labsea,a_ice,0.51606
16E_1990,1360,3,labsea,a_ice,0.56248
16E_1990,1360,4,labsea,a_ice,0.45478
16E_1990,1360,5,labsea,a_ice,0.37770
16E_1990,1360,6,labsea,a_ice,0.24021
16E_1990,1360,7,labsea,a_ice,0.05016
16E_1990,1360,8,labsea,a_ice,0.00166
16E_1990,1360,9,labsea,a_ice,0.00000
16E_1990,1360,10,labsea,a_ice,0.00000
16E_1990,1360,11,labsea,a_ice,0.04668
16E_1990,1360,12,labsea,a_ice,0.16400
16E_1990,1360,1,interior,a_ice,0.25748
16E_1990,1360,2,interior,a_ice,0.46961
16E_1990,1360,3,interior,a_ice,0.58348
16E_1990,1360,4,interior,a_ice,0.37407
16E_1990,1360,5,interior,a_ice,0.23407
16E_1990,1360,6,interior,a_ice,0.09529
16E_1990,1360,7,interior,a_ice,0.01069
16E_1990,1360,8,interior,a_ice,0.00000
16E_1990,1360,9,interior,a_ice,0.00000
16E_1990,1360,10,interior,a_ice,0.00000
16E_1990,1360,11,interior,a_ice,0.00059
16E_1990,1360,12,interior,a_ice,0.00946
16E_1990,1360,1,labsea,MLD2,311.96006
16E_1990,1360,2,labsea,MLD2,537.74692
16E_1990,1360,3,labsea,MLD2,485.26011
16E_1990,1360,4,labsea,MLD2,299.44477
16E_1990,1360,5,labsea,MLD2,160.50265
16E_1990,1360,6,labsea,MLD2,17.81491
16E_1990,1360,7,labsea,MLD2,10.60620
16E_1990,1360,8,labsea,MLD2,12.17352
16E_1990,1360,9,labsea,MLD2,15.99664
16E_1990,1360,10,labsea,MLD2,21.29005
16E_1990,1360,11,labsea,MLD2,33.54063
16E_1990,1360,12,labsea,MLD2,66.65522
16E_1990,1360,1,interior,MLD2,465.40573
16E_1990,1360,2,interior,MLD2,817.36218
16E_1990,1360,3,interior,MLD2,413.90135
16E_1990,1360,4,interior,MLD2,143.53078
16E_1990,1360,5,interior,MLD2,57.62244
16E_1990,1360,6,interior,MLD2,16.10267
16E_1990,1360,7,interior,MLD2,11.28564
16E_1990,1360,8,interior,MLD2,13.17870
16E_1990,1360,9,interior,MLD2,16.23827
16E_1990,1360,10,interior,MLD2,21.14305
16E_1990,1360,11,interior,MLD2,36.46406
16E_1990,1360,12,interior,MLD2,58.24522
16E_1990,1361,1,labsea,a_ice,0.26501
16E_1990,1361,2,labsea,a_ice,0.39198
16E_1990,1361,3,labsea,a_ice,0.44440
16E_1990,1361,4,labsea,a_ice,0.34687
16E_1990,1361,5,labsea,a_ice,0.28078
16E_1990,1361,6,labsea,a_ice,0.19044
16E_1990,1361,7,labsea,a_ice,0.07231
16E_1990,1361,8,labsea,a_ice,0.00574
16E_1990,1361,9,labsea,a_ice,0.00001
16E_1990,1361,10,labsea,a_ice,0.00000
16E_1990,1361,11,labsea,a_ice,0.00689
16E_1990,1361,12,labsea,a_ice,0.12505
16E_1990,1361,1,interior,a_ice,0.10666
16E_1990,1361,2,interior,a_ice,0.21843
16E_1990,1361,3,interior,a_ice,0.26227
16E_1990,1361,4,interior,a_ice,0.15112
16E_1990,1361,5,interior,a_ice,0.08272
16E_1990,1361,6,interior,a_ice,0.03505
16E_1990,1361,7,interior,a_ice,0.00765
16E_1990,1361,8,interior,a_ice,0.00001
16E_1990,1361,9,interior,a_ice,0.00000
16E_1990,1361,10,interior,a_ice,0.00000
16E_1990,1361,11,interior,a_ice,0.00000
16E_1990,1361,12,interior,a_ice,0.01553
16E_1990,1361,1,labsea,MLD2,169.67605
16E_1990,1361,2,labsea,MLD2,334.84967
16E_1990,1361,3,labsea,MLD2,430.28248
16E_1990,1361,4,labsea,MLD2,368.96076
16E_1990,1361,5,labsea,MLD2,168.89626
16E_1990,1361,6,labsea,MLD2,17.66507
16E_1990,1361,7,labsea,MLD2,12.70121
16E_1990,1361,8,labsea,MLD2,12.89158
16E_1990,1361,9,labsea,MLD2,16.87513
16E_1990,1361,10,labsea,MLD2,23.83901
16E_1990,1361,11,labsea,MLD2,29.56562
16E_1990,1361,12,labsea,MLD2,51.99671
16E_1990,1361,1,interior,MLD2,133.01462
16E_1990,1361,2,interior,MLD2,467.47661
16E_1990,1361,3,interior,MLD2,691.85694
16E_1990,1361,4,interior,MLD2,573.40979
16E_1990,1361,5,interior,MLD2,204.20748
16E_1990,1361,6,interior,MLD2,22.01719
16E_1990,1361,7,interior,MLD2,15.61356
16E_1990,1361,8,interior,MLD2,14.75937
16E_1990,1361,9,interior,MLD2,18.49210
16E_1990,1361,10,interior,MLD2,27.23014
16E_1990,1361,11,interior,MLD2,33.09369
16E_1990,1361,12,interior,MLD2,61.70594
16E_1990,1362,1,labsea,a_ice,0.33146
16E_1990,1362,2,labsea,a_ice,0.44203
16E_1990,1362,3,labsea,a_ice,0.38827
16E_1990,1362,4,labsea,a_ice,0.39426
16E_1990,1362,5,labsea,a_ice,0.29310
16E_1990,1362,6,labsea,a_ice,0.14519
16E_1990,1362,7,labsea,a_ice,0.04817
16E_1990,1362,8,labsea,a_ice,0.00084
16E_1990,1362,9,labsea,a_ice,0.00000
16E_1990,1362,10,labsea,a_ice,0.00000
16E_1990,1362,11,labsea,a_ice,0.00530
16E_1990,1362,12,labsea,a_ice,0.05072
16E_1990,1362,1,interior,a_ice,0.17924
16E_1990,1362,2,interior,a_ice,0.31757
16E_1990,1362,3,interior,a_ice,0.23122
16E_1990,1362,4,interior,a_ice,0.28548
16E_1990,1362,5,interior,a_ice,0.11006
16E_1990,1362,6,interior,a_ice,0.03966
16E_1990,1362,7,interior,a_ice,0.00075
16E_1990,1362,8,interior,a_ice,0.00000
16E_1990,1362,9,interior,a_ice,0.00000
16E_1990,1362,10,interior,a_ice,0.00000
16E_1990,1362,11,interior,a_ice,0.00000
16E_1990,1362,12,interior,a_ice,0.00454
16E_1990,1362,1,labsea,MLD2,257.40860
16E_1990,1362,2,labsea,MLD2,661.84484
16E_1990,1362,3,labsea,MLD2,736.72029
16E_1990,1362,4,labsea,MLD2,540.96496
16E_1990,1362,5,labsea,MLD2,58.83037
16E_1990,1362,6,labsea,MLD2,14.73372
16E_1990,1362,7,labsea,MLD2,12.50547
16E_1990,1362,8,labsea,MLD2,12.89018
16E_1990,1362,9,labsea,MLD2,15.68548
16E_1990,1362,10,labsea,MLD2,21.11176
16E_1990,1362,11,labsea,MLD2,30.23058
16E_1990,1362,12,labsea,MLD2,52.30993
16E_1990,1362,1,interior,MLD2,369.27252
16E_1990,1362,2,interior,MLD2,1256.58503
16E_1990,1362,3,interior,MLD2,1343.36485
16E_1990,1362,4,interior,MLD2,866.85347
16E_1990,1362,5,interior,MLD2,83.11558
16E_1990,1362,6,interior,MLD2,17.12291
16E_1990,1362,7,interior,MLD2,14.23178
16E_1990,1362,8,interior,MLD2,14.92598
16E_1990,1362,9,interior,MLD2,17.44023
16E_1990,1362,10,interior,MLD2,21.59196
16E_1990,1362,11,interior,MLD2,31.74827
16E_1990,1362,12,interior,MLD2,56.94490
16E_1990,1363,1,labsea,a_ice,0.18489
16E_1990,1363,2,labsea,a_ice,0.27239
16E_1990,1363,3,labsea,a_ice,0.32066
16E_1990,1363,4,labsea,a_ice,0.26828
16E_1990,1363,5,labsea,a_ice,0.23156
16E_1990,1363,6,labsea,a_ice,0.17681
16E_1990,1363,7,labsea,a_ice,0.06426
16E_1990,1363,8,labsea,a_ice,0.00476
16E_1990,1363,9,labsea,a_ice,0.00000
16E_1990,1363,10,labsea,a_ice,0.00015
16E_1990,1363,11,labsea,a_ice,0.02310
16E_1990,1363,12,labsea,a_ice,0.08813
16E_1990,1363,1,interior,a_ice,0.04948
16E_1990,1363,2,interior,a_ice,0.08580
16E_1990,1363,3,interior,a_ice,0.12557
16E_1990,1363,4,interior,a_ice,0.05640
16E_1990,1363,5,interior,a_ice,0.01654
16E_1990,1363,6,interior,a_ice,0.03427
16E_1990,1363,7,interior,a_ice,0.01150
16E_1990,1363,8,interior,a_ice,0.00000
16E_1990,1363,9,interior,a_ice,0.00000
16E_1990,1363,10,interior,a_ice,0.00000
16E_1990,1363,11,interior,a_ice,0.00000
16E_1990,1363,12,interior,a_ice,0.01294
16E_1990,1363,1,labsea,MLD2,133.04886
16E_1990,1363,2,labsea,MLD2,448.51786
16E_1990,1363,3,labsea,MLD2,739.09221
16E_1990,1363,4,labsea,MLD2,540.57152
16E_1990,1363,5,labsea,MLD2,103.18831
16E_1990,1363,6,labsea,MLD2,16.08864
16E_1990,1363,7,labsea,MLD2,13.81125
16E_1990,1363,8,labsea,MLD2,12.09534
16E_1990,1363,9,labsea,MLD2,16.34618
16E_1990,1363,10,labsea,MLD2,22.42745
16E_1990,1363,11,labsea,MLD2,31.58314
16E_1990,1363,12,labsea,MLD2,41.79680
16E_1990,1363,1,interior,MLD2,179.87526
16E_1990,1363,2,interior,MLD2,832.20690
16E_1990,1363,3,interior,MLD2,1429.75564
16E_1990,1363,4,interior,MLD2,1032.51820
16E_1990,1363,5,interior,MLD2,195.01076
16E_1990,1363,6,interior,MLD2,19.88344
16E_1990,1363,7,interior,MLD2,15.98532
16E_1990,1363,8,interior,MLD2,13.15924
16E_1990,1363,9,interior,MLD2,16.53982
16E_1990,1363,10,interior,MLD2,23.36470
16E_1990,1363,11,interior,MLD2,31.89897
16E_1990,1363,12,interior,MLD2,45.92387
16E_1990,1364,1,labsea,a_ice,0.26804
16E_1990,1364,2,labsea,a_ice,0.37493
16E_1990,1364,3,labsea,a_ice,0.41561
16E_1990,1364,4,labsea,a_ice,0.38997
16E_1990,1364,5,labsea,a_ice,0.32306
16E_1990,1364,6,labsea,a_ice,0.19809
16E_1990,1364,7,labsea,a_ice,0.05216
16E_1990,1364,8,labsea,a_ice,0.00458
16E_1990,1364,9,labsea,a_ice,0.00001
16E_1990,1364,10,labsea,a_ice,0.00196
16E_1990,1364,11,labsea,a_ice,0.06168
16E_1990,1364,12,labsea,a_ice,0.23044
16E_1990,1364,1,interior,a_ice,0.06370
16E_1990,1364,2,interior,a_ice,0.15740
16E_1990,1364,3,interior,a_ice,0.18750
16E_1990,1364,4,interior,a_ice,0.19152
16E_1990,1364,5,interior,a_ice,0.18586
16E_1990,1364,6,interior,a_ice,0.08567
16E_1990,1364,7,interior,a_ice,0.01371
16E_1990,1364,8,interior,a_ice,0.00006
16E_1990,1364,9,interior,a_ice,0.00000
16E_1990,1364,10,interior,a_ice,0.00000
16E_1990,1364,11,interior,a_ice,0.00220
16E_1990,1364,12,interior,a_ice,0.05246
16E_1990,1364,1,labsea,MLD2,206.67719
16E_1990,1364,2,labsea,MLD2,695.17976
16E_1990,1364,3,labsea,MLD2,905.47827
16E_1990,1364,4,labsea,MLD2,755.60374
16E_1990,1364,5,labsea,MLD2,445.86779
16E_1990,1364,6,labsea,MLD2,17.58762
16E_1990,1364,7,labsea,MLD2,12.79798
16E_1990,1364,8,labsea,MLD2,15.21913
16E_1990,1364,9,labsea,MLD2,17.27296
16E_1990,1364,10,labsea,MLD2,26.35022
16E_1990,1364,11,labsea,MLD2,38.03109
16E_1990,1364,12,labsea,MLD2,221.39585
16E_1990,1364,1,interior,MLD2,554.89080
16E_1990,1364,2,interior,MLD2,1613.19996
16E_1990,1364,3,interior,MLD2,1776.45230
16E_1990,1364,4,interior,MLD2,1470.81857
16E_1990,1364,5,interior,MLD2,806.35793
16E_1990,1364,6,interior,MLD2,20.47627
16E_1990,1364,7,interior,MLD2,14.76642
16E_1990,1364,8,interior,MLD2,16.55116
16E_1990,1364,9,interior,MLD2,18.47718
16E_1990,1364,10,interior,MLD2,27.98216
16E_1990,1364,11,interior,MLD2,41.75801
16E_1990,1364,12,interior,MLD2,297.16789
16E_1990,1365,1,labsea,a_ice,0.38242
16E_1990,1365,2,labsea,a_ice,0.37080
16E_1990,1365,3,labsea,a_ice,0.40536
16E_1990,1365,4,labsea,a_ice,0.41491
16E_1990,1365,5,labsea,a_ice,0.32525
16E_1990,1365,6,labsea,a_ice,0.20423
16E_1990,1365,7,labsea,a_ice,0.04565
16E_1990,1365,8,labsea,a_ice,0.00043
16E_1990,1365,9,labsea,a_ice,0.00000
16E_1990,1365,10,labsea,a_ice,0.00003
16E_1990,1365,11,labsea,a_ice,0.02068
16E_1990,1365,12,labsea,a_ice,0.13769
16E_1990,1365,1,interior,a_ice,0.20606
16E_1990,1365,2,interior,a_ice,0.15036
16E_1990,1365,3,interior,a_ice,0.24523
16E_1990,1365,4,interior,a_ice,0.31893
16E_1990,1365,5,interior,a_ice,0.18291
16E_1990,1365,6,interior,a_ice,0.06057
16E_1990,1365,7,interior,a_ice,0.02162
16E_1990,1365,8,interior,a_ice,0.00000
16E_1990,1365,9,interior,a_ice,0.00000
16E_1990,1365,10,interior,a_ice,0.00000
16E_1990,1365,11,interior,a_ice,0.00000
16E_1990,1365,12,interior,a_ice,0.01611
16E_1990,1365,1,labsea,MLD2,880.21236
16E_1990,1365,2,labsea,MLD2,941.03033
16E_1990,1365,3,labsea,MLD2,852.36001
16E_1990,1365,4,labsea,MLD2,642.96452
16E_1990,1365,5,labsea,MLD2,188.10679
16E_1990,1365,6,labsea,MLD2,14.29298
16E_1990,1365,7,labsea,MLD2,12.60277
16E_1990,1365,8,labsea,MLD2,15.05533
16E_1990,1365,9,labsea,MLD2,19.65073
16E_1990,1365,10,labsea,MLD2,25.23954
16E_1990,1365,11,labsea,MLD2,32.19869
16E_1990,1365,12,labsea,MLD2,53.27933
16E_1990,1365,1,interior,MLD2,1474.00313
16E_1990,1365,2,interior,MLD2,1489.92059
16E_1990,1365,3,interior,MLD2,1329.99020
16E_1990,1365,4,interior,MLD2,867.74986
16E_1990,1365,5,interior,MLD2,265.08899
16E_1990,1365,6,interior,MLD2,17.61462
16E_1990,1365,7,interior,MLD2,15.17620
16E_1990,1365,8,interior,MLD2,16.10668
16E_1990,1365,9,interior,MLD2,21.86698
16E_1990,1365,10,interior,MLD2,28.23096
16E_1990,1365,11,interior,MLD2,35.01431
16E_1990,1365,12,interior,MLD2,51.05398
16E_1990,1366,1,labsea,a_ice,0.37388
16E_1990,1366,2,labsea,a_ice,0.49893
16E_1990,1366,3,labsea,a_ice,0.56186
16E_1990,1366,4,labsea,a_ice,0.50003
16E_1990,1366,5,labsea,a_ice,0.39562
16E_1990,1366,6,labsea,a_ice,0.25302
16E_1990,1366,7,labsea,a_ice,0.06799
16E_1990,1366,8,labsea,a_ice,0.00427
16E_1990,1366,9,labsea,a_ice,0.00000
16E_1990,1366,10,labsea,a_ice,0.00073
16E_1990,1366,11,labsea,a_ice,0.05325
16E_1990,1366,12,labsea,a_ice,0.25288
16E_1990,1366,1,interior,a_ice,0.20140
16E_1990,1366,2,interior,a_ice,0.43020
16E_1990,1366,3,interior,a_ice,0.52885
16E_1990,1366,4,interior,a_ice,0.41318
16E_1990,1366,5,interior,a_ice,0.26301
16E_1990,1366,6,interior,a_ice,0.15017
16E_1990,1366,7,interior,a_ice,0.00831
16E_1990,1366,8,interior,a_ice,0.00000
16E_1990,1366,9,interior,a_ice,0.00000
16E_1990,1366,10,interior,a_ice,0.00000
16E_1990,1366,11,interior,a_ice,0.00243
16E_1990,1366,12,interior,a_ice,0.11179
16E_1990,1366,1,labsea,MLD2,334.06521
16E_1990,1366,2,labsea,MLD2,708.28711
16E_1990,1366,3,labsea,MLD2,501.43381
16E_1990,1366,4,labsea,MLD2,275.30205
16E_1990,1366,5,labsea,MLD2,56.95778
16E_1990,1366,6,labsea,MLD2,13.15980
16E_1990,1366,7,labsea,MLD2,11.87960
16E_1990,1366,8,labsea,MLD2,12.45474
16E_1990,1366,9,labsea,MLD2,17.83558
16E_1990,1366,10,labsea,MLD2,27.95386
16E_1990,1366,11,labsea,MLD2,39.55168
16E_1990,1366,12,labsea,MLD2,114.08503
16E_1990,1366,1,interior,MLD2,374.06048
16E_1990,1366,2,interior,MLD2,989.64503
16E_1990,1366,3,interior,MLD2,538.91642
16E_1990,1366,4,interior,MLD2,243.45335
16E_1990,1366,5,interior,MLD2,31.29662
16E_1990,1366,6,interior,MLD2,14.44892
16E_1990,1366,7,interior,MLD2,12.43629
16E_1990,1366,8,interior,MLD2,14.12340
16E_1990,1366,9,interior,MLD2,19.23679
16E_1990,1366,10,interior,MLD2,30.19483
16E_1990,1366,11,interior,MLD2,40.18978
16E_1990,1366,12,interior,MLD2,129.23387
16E_1990,1367,1,labsea,a_ice,0.38947
16E_1990,1367,2,labsea,a_ice,0.46880
16E_1990,1367,3,labsea,a_ice,0.44406
16E_1990,1367,4,labsea,a_ice,0.36439
16E_1990,1367,5,labsea,a_ice,0.34268
16E_1990,1367,6,labsea,a_ice,0.25323
16E_1990,1367,7,labsea,a_ice,0.10357
16E_1990,1367,8,labsea,a_ice,0.01440
16E_1990,1367,9,labsea,a_ice,0.00000
16E_1990,1367,10,labsea,a_ice,0.00039
16E_1990,1367,11,labsea,a_ice,0.03010
16E_1990,1367,12,labsea,a_ice,0.15392
16E_1990,1367,1,interior,a_ice,0.18948
16E_1990,1367,2,interior,a_ice,0.31491
16E_1990,1367,3,interior,a_ice,0.20355
16E_1990,1367,4,interior,a_ice,0.18249
16E_1990,1367,5,interior,a_ice,0.14345
16E_1990,1367,6,interior,a_ice,0.10600
16E_1990,1367,7,interior,a_ice,0.01902
16E_1990,1367,8,interior,a_ice,0.00043
16E_1990,1367,9,interior,a_ice,0.00000
16E_1990,1367,10,interior,a_ice,0.00000
16E_1990,1367,11,interior,a_ice,0.00097
16E_1990,1367,12,interior,a_ice,0.01913
16E_1990,1367,1,labsea,MLD2,512.16524
16E_1990,1367,2,labsea,MLD2,718.55070
16E_1990,1367,3,labsea,MLD2,694.80207
16E_1990,1367,4,labsea,MLD2,600.31270
16E_1990,1367,5,labsea,MLD2,226.46408
16E_1990,1367,6,labsea,MLD2,14.82237
16E_1990,1367,7,labsea,MLD2,13.03642
16E_1990,1367,8,labsea,MLD2,13.15549
16E_1990,1367,9,labsea,MLD2,18.27043
16E_1990,1367,10,labsea,MLD2,27.02961
16E_1990,1367,11,labsea,MLD2,36.50509
16E_1990,1367,12,labsea,MLD2,54.66664
16E_1990,1367,1,interior,MLD2,824.58244
16E_1990,1367,2,interior,MLD2,1282.82366
16E_1990,1367,3,interior,MLD2,1321.87761
16E_1990,1367,4,interior,MLD2,1131.26905
16E_1990,1367,5,interior,MLD2,418.41250
16E_1990,1367,6,interior,MLD2,16.05708
16E_1990,1367,7,interior,MLD2,14.52354
16E_1990,1367,8,interior,MLD2,14.41102
16E_1990,1367,9,interior,MLD2,17.35866
16E_1990,1367,10,interior,MLD2,27.06340
16E_1990,1367,11,interior,MLD2,37.64252
16E_1990,1367,12,interior,MLD2,66.39100
16E_1990,1368,1,labsea,a_ice,0.28454
16E_1990,1368,2,labsea,a_ice,0.35281
16E_1990,1368,3,labsea,a_ice,0.32216
16E_1990,1368,4,labsea,a_ice,0.28975
16E_1990,1368,5,labsea,a_ice,0.25498
16E_1990,1368,6,labsea,a_ice,0.13471
16E_1990,1368,7,labsea,a_ice,0.05224
16E_1990,1368,8,labsea,a_ice,0.00951
16E_1990,1368,9,labsea,a_ice,0.00000
16E_1990,1368,10,labsea,a_ice,0.00000
16E_1990,1368,11,labsea,a_ice,0.01046
16E_1990,1368,12,labsea,a_ice,0.09358
16E_1990,1368,1,interior,a_ice,0.09373
16E_1990,1368,2,interior,a_ice,0.17791
16E_1990,1368,3,interior,a_ice,0.12644
16E_1990,1368,4,interior,a_ice,0.11941
16E_1990,1368,5,interior,a_ice,0.06033
16E_1990,1368,6,interior,a_ice,0.02315
16E_1990,1368,7,interior,a_ice,0.00023
16E_1990,1368,8,interior,a_ice,0.00012
16E_1990,1368,9,interior,a_ice,0.00000
16E_1990,1368,10,interior,a_ice,0.00000
16E_1990,1368,11,interior,a_ice,0.00000
16E_1990,1368,12,interior,a_ice,0.01004
16E_1990,1368,1,labsea,MLD2,257.12468
16E_1990,1368,2,labsea,MLD2,849.73199
16E_1990,1368,3,labsea,MLD2,993.44136
16E_1990,1368,4,labsea,MLD2,781.14035
16E_1990,1368,5,labsea,MLD2,289.28110
16E_1990,1368,6,labsea,MLD2,18.25584
16E_1990,1368,7,labsea,MLD2,15.93162
16E_1990,1368,8,labsea,MLD2,13.55726
16E_1990,1368,9,labsea,MLD2,17.08006
16E_1990,1368,10,labsea,MLD2,21.22971
16E_1990,1368,11,labsea,MLD2,29.55260
16E_1990,1368,12,labsea,MLD2,53.32284
16E_1990,1368,1,interior,MLD2,376.12190
16E_1990,1368,2,interior,MLD2,1550.96178
16E_1990,1368,3,interior,MLD2,1765.44744
16E_1990,1368,4,interior,MLD2,1405.07808
16E_1990,1368,5,interior,MLD2,543.48842
16E_1990,1368,6,interior,MLD2,24.42703
16E_1990,1368,7,interior,MLD2,19.43739
16E_1990,1368,8,interior,MLD2,15.22886
16E_1990,1368,9,interior,MLD2,17.98353
16E_1990,1368,10,interior,MLD2,23.96309
16E_1990,1368,11,interior,MLD2,34.14590
16E_1990,1368,12,interior,MLD2,62.69059
16E_1990,1369,1,labsea,a_ice,0.23676
16E_1990,1369,2,labsea,a_ice,0.27659
16E_1990,1369,3,labsea,a_ice,0.29273
16E_1990,1369,4,labsea,a_ice,0.32716
16E_1990,1369,5,labsea,a_ice,0.26174
16E_1990,1369,6,labsea,a_ice,0.14361
16E_1990,1369,7,labsea,a_ice,0.03273
16E_1990,1369,8,labsea,a_ice,0.00028
16E_1990,1369,9,labsea,a_ice,0.00000
16E_1990,1369,10,labsea,a_ice,0.00000
16E_1990,1369,11,labsea,a_ice,0.01247
16E_1990,1369,12,labsea,a_ice,0.07771
16E_1990,1369,1,interior,a_ice,0.06329
16E_1990,1369,2,interior,a_ice,0.07253
16E_1990,1369,3,interior,a_ice,0.06510
16E_1990,1369,4,interior,a_ice,0.14127
16E_1990,1369,5,interior,a_ice,0.14236
16E_1990,1369,6,interior,a_ice,0.03174
16E_1990,1369,7,interior,a_ice,0.00112
16E_1990,1369,8,interior,a_ice,0.00000
16E_1990,1369,9,interior,a_ice,0.00000
16E_1990,1369,10,interior,a_ice,0.00000
16E_1990,1369,11,interior,a_ice,0.00000
16E_1990,1369,12,interior,a_ice,0.00354
16E_1990,1369,1,labsea,MLD2,163.49695
16E_1990,1369,2,labsea,MLD2,803.68433
16E_1990,1369,3,labsea,MLD2,1204.25836
16E_1990,1369,4,labsea,MLD2,1009.83314
16E_1990,1369,5,labsea,MLD2,294.85236
16E_1990,1369,6,labsea,MLD2,17.88056
16E_1990,1369,7,labsea,MLD2,13.39316
16E_1990,1369,8,labsea,MLD2,14.06291
16E_1990,1369,9,labsea,MLD2,18.12690
16E_1990,1369,10,labsea,MLD2,24.12665
16E_1990,1369,11,labsea,MLD2,31.53861
16E_1990,1369,12,labsea,MLD2,48.96809
16E_1990,1369,1,interior,MLD2,325.87609
16E_1990,1369,2,interior,MLD2,1620.13655
16E_1990,1369,3,interior,MLD2,2072.63861
16E_1990,1369,4,interior,MLD2,1578.50337
16E_1990,1369,5,interior,MLD2,444.98110
16E_1990,1369,6,interior,MLD2,20.38757
16E_1990,1369,7,interior,MLD2,16.14958
16E_1990,1369,8,interior,MLD2,15.47904
16E_1990,1369,9,interior,MLD2,19.31253
16E_1990,1369,10,interior,MLD2,26.16448
16E_1990,1369,11,interior,MLD2,33.74339
16E_1990,1369,12,interior,MLD2,53.85541
16E_1990,1370,1,labsea,a_ice,0.25234
16E_1990,1370,2,labsea,a_ice,0.28495
16E_1990,1370,3,labsea,a_ice,0.32783
16E_1990,1370,4,labsea,a_ice,0.24527
16E_1990,1370,5,labsea,a_ice,0.21072
16E_1990,1370,6,labsea,a_ice,0.14007
16E_1990,1370,7,labsea,a_ice,0.06054
16E_1990,1370,8,labsea,a_ice,0.00901
16E_1990,1370,9,labsea,a_ice,0.00005
16E_1990,1370,10,labsea,a_ice,0.00004
16E_1990,1370,11,labsea,a_ice,0.00889
16E_1990,1370,12,labsea,a_ice,0.06458
16E_1990,1370,1,interior,a_ice,0.07955
16E_1990,1370,2,interior,a_ice,0.11679
16E_1990,1370,3,interior,a_ice,0.14926
16E_1990,1370,4,interior,a_ice,0.07698
16E_1990,1370,5,interior,a_ice,0.04562
16E_1990,1370,6,interior,a_ice,0.01194
16E_1990,1370,7,interior,a_ice,0.00001
16E_1990,1370,8,interior,a_ice,0.00000
16E_1990,1370,9,interior,a_ice,0.00000
16E_1990,1370,10,interior,a_ice,0.00000
16E_1990,1370,11,interior,a_ice,0.00000
16E_1990,1370,12,interior,a_ice,0.00226
16E_1990,1370,1,labsea,MLD2,233.10086
16E_1990,1370,2,labsea,MLD2,724.54860
16E_1990,1370,3,labsea,MLD2,963.64748
16E_1990,1370,4,labsea,MLD2,734.24708
16E_1990,1370,5,labsea,MLD2,382.60468
16E_1990,1370,6,labsea,MLD2,15.40070
16E_1990,1370,7,labsea,MLD2,10.47323
16E_1990,1370,8,labsea,MLD2,12.88668
16E_1990,1370,9,labsea,MLD2,16.72954
16E_1990,1370,10,labsea,MLD2,25.83999
16E_1990,1370,11,labsea,MLD2,32.16521
16E_1990,1370,12,labsea,MLD2,41.90051
16E_1990,1370,1,interior,MLD2,267.77273
16E_1990,1370,2,interior,MLD2,1006.29545
16E_1990,1370,3,interior,MLD2,1545.07390
16E_1990,1370,4,interior,MLD2,1263.73185
16E_1990,1370,5,interior,MLD2,740.23938
16E_1990,1370,6,interior,MLD2,19.58781
16E_1990,1370,7,interior,MLD2,11.36525
16E_1990,1370,8,interior,MLD2,14.23840
16E_1990,1370,9,interior,MLD2,18.17915
16E_1990,1370,10,interior,MLD2,29.46940
16E_1990,1370,11,interior,MLD2,37.88388
16E_1990,1370,12,interior,MLD2,51.32700
16E_1990,1371,1,labsea,a_ice,0.21679
16E_1990,1371,2,labsea,a_ice,0.30870
16E_1990,1371,3,labsea,a_ice,0.30061
16E_1990,1371,4,labsea,a_ice,0.27746
16E_1990,1371,5,labsea,a_ice,0.23215
16E_1990,1371,6,labsea,a_ice,0.11145
16E_1990,1371,7,labsea,a_ice,0.03016
16E_1990,1371,8,labsea,a_ice,0.00257
16E_1990,1371,9,labsea,a_ice,0.00001
16E_1990,1371,10,labsea,a_ice,0.00003
16E_1990,1371,11,labsea,a_ice,0.02053
16E_1990,1371,12,labsea,a_ice,0.05439
16E_1990,1371,1,interior,a_ice,0.06382
16E_1990,1371,2,interior,a_ice,0.12192
16E_1990,1371,3,interior,a_ice,0.10430
16E_1990,1371,4,interior,a_ice,0.11490
16E_1990,1371,5,interior,a_ice,0.07846
16E_1990,1371,6,interior,a_ice,0.02404
16E_1990,1371,7,interior,a_ice,0.00001
16E_1990,1371,8,interior,a_ice,0.00000
16E_1990,1371,9,interior,a_ice,0.00000
16E_1990,1371,10,interior,a_ice,0.00000
16E_1990,1371,11,interior,a_ice,0.00000
16E_1990,1371,12,interior,a_ice,0.00097
16E_1990,1371,1,labsea,MLD2,94.37064
16E_1990,1371,2,labsea,MLD2,243.28516
16E_1990,1371,3,labsea,MLD2,714.58063
16E_1990,1371,4,labsea,MLD2,662.44836
16E_1990,1371,5,labsea,MLD2,225.07988
16E_1990,1371,6,labsea,MLD2,15.05661
16E_1990,1371,7,labsea,MLD2,12.38308
16E_1990,1371,8,labsea,MLD2,11.26803
16E_1990,1371,9,labsea,MLD2,15.97601
16E_1990,1371,10,labsea,MLD2,24.55910
16E_1990,1371,11,labsea,MLD2,35.09878
16E_1990,1371,12,labsea,MLD2,46.18988
16E_1990,1371,1,interior,MLD2,136.38704
16E_1990,1371,2,interior,MLD2,400.70654
16E_1990,1371,3,interior,MLD2,1344.86426
16E_1990,1371,4,interior,MLD2,1409.38527
16E_1990,1371,5,interior,MLD2,540.15201
16E_1990,1371,6,interior,MLD2,17.40284
16E_1990,1371,7,interior,MLD2,14.81220
16E_1990,1371,8,interior,MLD2,12.67931
16E_1990,1371,9,interior,MLD2,17.87265
16E_1990,1371,10,interior,MLD2,27.74750
16E_1990,1371,11,interior,MLD2,37.31938
16E_1990,1371,12,interior,MLD2,52.70312
16E_1990,1372,1,labsea,a_ice,0.16461
16E_1990,1372,2,labsea,a_ice,0.26092
16E_1990,1372,3,labsea,a_ice,0.26196
16E_1990,1372,4,labsea,a_ice,0.24892
16E_1990,1372,5,labsea,a_ice,0.19169
16E_1990,1372,6,labsea,a_ice,0.13732
16E_1990,1372,7,labsea,a_ice,0.03587
16E_1990,1372,8,labsea,a_ice,0.00034
16E_1990,1372,9,labsea,a_ice,0.00000
16E_1990,1372,10,labsea,a_ice,0.00001
16E_1990,1372,11,labsea,a_ice,0.01248
16E_1990,1372,12,labsea,a_ice,0.06646
16E_1990,1372,1,interior,a_ice,0.01260
16E_1990,1372,2,interior,a_ice,0.10230
16E_1990,1372,3,interior,a_ice,0.08323
16E_1990,1372,4,interior,a_ice,0.07663
16E_1990,1372,5,interior,a_ice,0.06472
16E_1990,1372,6,interior,a_ice,0.02244
16E_1990,1372,7,interior,a_ice,0.00162
16E_1990,1372,8,interior,a_ice,0.00000
16E_1990,1372,9,interior,a_ice,0.00000
16E_1990,1372,10,interior,a_ice,0.00000
16E_1990,1372,11,interior,a_ice,0.00000
16E_1990,1372,12,interior,a_ice,0.00500
16E_1990,1372,1,labsea,MLD2,94.07861
16E_1990,1372,2,labsea,MLD2,280.63962
16E_1990,1372,3,labsea,MLD2,629.84448
16E_1990,1372,4,labsea,MLD2,547.74031
16E_1990,1372,5,labsea,MLD2,153.95058
16E_1990,1372,6,labsea,MLD2,18.92928
16E_1990,1372,7,labsea,MLD2,13.35636
16E_1990,1372,8,labsea,MLD2,13.08472
16E_1990,1372,9,labsea,MLD2,19.24770
16E_1990,1372,10,labsea,MLD2,28.37957
16E_1990,1372,11,labsea,MLD2,35.43418
16E_1990,1372,12,labsea,MLD2,57.06444
16E_1990,1372,1,interior,MLD2,148.23187
16E_1990,1372,2,interior,MLD2,617.86707
16E_1990,1372,3,interior,MLD2,1273.72706
16E_1990,1372,4,interior,MLD2,1130.11508
16E_1990,1372,5,interior,MLD2,375.56456
16E_1990,1372,6,interior,MLD2,22.70899
16E_1990,1372,7,interior,MLD2,15.33363
16E_1990,1372,8,interior,MLD2,15.56396
16E_1990,1372,9,interior,MLD2,22.11113
16E_1990,1372,10,interior,MLD2,31.19552
16E_1990,1372,11,interior,MLD2,40.06601
16E_1990,1372,12,interior,MLD2,78.21928
16E_1990,1373,1,labsea,a_ice,0.17076
16E_1990,1373,2,labsea,a_ice,0.30746
16E_1990,1373,3,labsea,a_ice,0.30804
16E_1990,1373,4,labsea,a_ice,0.31722
16E_1990,1373,5,labsea,a_ice,0.27426
16E_1990,1373,6,labsea,a_ice,0.15704
16E_1990,1373,7,labsea,a_ice,0.02624
16E_1990,1373,8,labsea,a_ice,0.00001
16E_1990,1373,9,labsea,a_ice,0.00000
16E_1990,1373,10,labsea,a_ice,0.00000
16E_1990,1373,11,labsea,a_ice,0.01440
16E_1990,1373,12,labsea,a_ice,0.10824
16E_1990,1373,1,interior,a_ice,0.03673
16E_1990,1373,2,interior,a_ice,0.14580
16E_1990,1373,3,interior,a_ice,0.14912
16E_1990,1373,4,interior,a_ice,0.17150
16E_1990,1373,5,interior,a_ice,0.09949
16E_1990,1373,6,interior,a_ice,0.01530
16E_1990,1373,7,interior,a_ice,0.00093
16E_1990,1373,8,interior,a_ice,0.00000
16E_1990,1373,9,interior,a_ice,0.00000
16E_1990,1373,10,interior,a_ice,0.00000
16E_1990,1373,11,interior,a_ice,0.00000
16E_1990,1373,12,interior,a_ice,0.01195
16E_1990,1373,1,labsea,MLD2,97.95672
16E_1990,1373,2,labsea,MLD2,418.03067
16E_1990,1373,3,labsea,MLD2,769.02002
16E_1990,1373,4,labsea,MLD2,761.87740
16E_1990,1373,5,labsea,MLD2,388.62457
16E_1990,1373,6,labsea,MLD2,15.88727
16E_1990,1373,7,labsea,MLD2,11.47769
16E_1990,1373,8,labsea,MLD2,14.55207
16E_1990,1373,9,labsea,MLD2,18.26369
16E_1990,1373,10,labsea,MLD2,29.50419
16E_1990,1373,11,labsea,MLD2,39.88215
16E_1990,1373,12,labsea,MLD2,56.91739
16E_1990,1373,1,interior,MLD2,168.28992
16E_1990,1373,2,interior,MLD2,821.48085
16E_1990,1373,3,interior,MLD2,1309.23130
16E_1990,1373,4,interior,MLD2,1295.02684
16E_1990,1373,5,interior,MLD2,644.70751
16E_1990,1373,6,interior,MLD2,18.47237
16E_1990,1373,7,interior,MLD2,13.37682
16E_1990,1373,8,interior,MLD2,16.26644
16E_1990,1373,9,interior,MLD2,19.85369
16E_1990,1373,10,interior,MLD2,29.68069
16E_1990,1373,11,interior,MLD2,39.78467
16E_1990,1373,12,interior,MLD2,63.64270
16E_1990,1374,1,labsea,a_ice,0.23956
16E_1990,1374,2,labsea,a_ice,0.33278
16E_1990,1374,3,labsea,a_ice,0.34560
16E_1990,1374,4,labsea,a_ice,0.30017
16E_1990,1374,5,labsea,a_ice,0.23642
16E_1990,1374,6,labsea,a_ice,0.09582
16E_1990,1374,7,labsea,a_ice,0.02972
16E_1990,1374,8,labsea,a_ice,0.00078
16E_1990,1374,9,labsea,a_ice,0.00000
16E_1990,1374,10,labsea,a_ice,0.00000
16E_1990,1374,11,labsea,a_ice,0.04013
16E_1990,1374,12,labsea,a_ice,0.18322
16E_1990,1374,1,interior,a_ice,0.09531
16E_1990,1374,2,interior,a_ice,0.18741
16E_1990,1374,3,interior,a_ice,0.17223
16E_1990,1374,4,interior,a_ice,0.12964
16E_1990,1374,5,interior,a_ice,0.07217
16E_1990,1374,6,interior,a_ice,0.01841
16E_1990,1374,7,interior,a_ice,0.00031
16E_1990,1374,8,interior,a_ice,0.00000
16E_1990,1374,9,interior,a_ice,0.00000
16E_1990,1374,10,interior,a_ice,0.00000
16E_1990,1374,11,interior,a_ice,0.00204
16E_1990,1374,12,interior,a_ice,0.02096
16E_1990,1374,1,labsea,MLD2,153.69640
16E_1990,1374,2,labsea,MLD2,630.82324
16E_1990,1374,3,labsea,MLD2,956.32691
16E_1990,1374,4,labsea,MLD2,570.71144
16E_1990,1374,5,labsea,MLD2,166.40409
16E_1990,1374,6,labsea,MLD2,16.39156
16E_1990,1374,7,labsea,MLD2,15.11269
16E_1990,1374,8,labsea,MLD2,14.66580
16E_1990,1374,9,labsea,MLD2,17.85851
16E_1990,1374,10,labsea,MLD2,29.88099
16E_1990,1374,11,labsea,MLD2,57.71549
16E_1990,1374,12,labsea,MLD2,225.56372
16E_1990,1374,1,interior,MLD2,215.01934
16E_1990,1374,2,interior,MLD2,1016.33415
16E_1990,1374,3,interior,MLD2,1613.03574
16E_1990,1374,4,interior,MLD2,981.08981
16E_1990,1374,5,interior,MLD2,366.07667
16E_1990,1374,6,interior,MLD2,21.39122
16E_1990,1374,7,interior,MLD2,18.93492
16E_1990,1374,8,interior,MLD2,16.87538
16E_1990,1374,9,interior,MLD2,19.90646
16E_1990,1374,10,interior,MLD2,34.70397
16E_1990,1374,11,interior,MLD2,76.00381
16E_1990,1374,12,interior,MLD2,313.94825
16E_1990,1375,1,labsea,a_ice,0.22606
16E_1990,1375,2,labsea,a_ice,0.27854
16E_1990,1375,3,labsea,a_ice,0.32900
16E_1990,1375,4,labsea,a_ice,0.31244
16E_1990,1375,5,labsea,a_ice,0.25661
16E_1990,1375,6,labsea,a_ice,0.13793
16E_1990,1375,7,labsea,a_ice,0.02037
16E_1990,1375,8,labsea,a_ice,0.00000
16E_1990,1375,9,labsea,a_ice,0.00000
16E_1990,1375,10,labsea,a_ice,0.00016
16E_1990,1375,11,labsea,a_ice,0.02546
16E_1990,1375,12,labsea,a_ice,0.11931
16E_1990,1375,1,interior,a_ice,0.04368
16E_1990,1375,2,interior,a_ice,0.10404
16E_1990,1375,3,interior,a_ice,0.18318
16E_1990,1375,4,interior,a_ice,0.09383
16E_1990,1375,5,interior,a_ice,0.08800
16E_1990,1375,6,interior,a_ice,0.03186
16E_1990,1375,7,interior,a_ice,0.00009
16E_1990,1375,8,interior,a_ice,0.00000
16E_1990,1375,9,interior,a_ice,0.00000
16E_1990,1375,10,interior,a_ice,0.00000
16E_1990,1375,11,interior,a_ice,0.00004
16E_1990,1375,12,interior,a_ice,0.01139
16E_1990,1375,1,labsea,MLD2,734.91780
16E_1990,1375,2,labsea,MLD2,1042.00424
16E_1990,1375,3,labsea,MLD2,971.54709
16E_1990,1375,4,labsea,MLD2,495.01669
16E_1990,1375,5,labsea,MLD2,109.52178
16E_1990,1375,6,labsea,MLD2,15.35012
16E_1990,1375,7,labsea,MLD2,13.06477
16E_1990,1375,8,labsea,MLD2,14.42164
16E_1990,1375,9,labsea,MLD2,18.57226
16E_1990,1375,10,labsea,MLD2,24.62187
16E_1990,1375,11,labsea,MLD2,38.21044
16E_1990,1375,12,labsea,MLD2,57.52424
16E_1990,1375,1,interior,MLD2,1212.49713
16E_1990,1375,2,interior,MLD2,1584.03087
16E_1990,1375,3,interior,MLD2,1396.32175
16E_1990,1375,4,interior,MLD2,1004.17580
16E_1990,1375,5,interior,MLD2,281.78427
16E_1990,1375,6,interior,MLD2,18.17781
16E_1990,1375,7,interior,MLD2,15.86791
16E_1990,1375,8,interior,MLD2,16.37490
16E_1990,1375,9,interior,MLD2,21.53584
16E_1990,1375,10,interior,MLD2,27.95575
16E_1990,1375,11,interior,MLD2,42.18908
16E_1990,1375,12,interior,MLD2,72.59359
16E_1990,1376,1,labsea,a_ice,0.25336
16E_1990,1376,2,labsea,a_ice,0.35590
16E_1990,1376,3,labsea,a_ice,0.35712
16E_1990,1376,4,labsea,a_ice,0.32198
16E_1990,1376,5,labsea,a_ice,0.25386
16E_1990,1376,6,labsea,a_ice,0.11533
16E_1990,1376,7,labsea,a_ice,0.02003
16E_1990,1376,8,labsea,a_ice,0.00095
16E_1990,1376,9,labsea,a_ice,0.00000
16E_1990,1376,10,labsea,a_ice,0.00003
16E_1990,1376,11,labsea,a_ice,0.01143
16E_1990,1376,12,labsea,a_ice,0.12828
16E_1990,1376,1,interior,a_ice,0.08845
16E_1990,1376,2,interior,a_ice,0.20046
16E_1990,1376,3,interior,a_ice,0.17873
16E_1990,1376,4,interior,a_ice,0.14709
16E_1990,1376,5,interior,a_ice,0.07155
16E_1990,1376,6,interior,a_ice,0.00887
16E_1990,1376,7,interior,a_ice,0.00006
16E_1990,1376,8,interior,a_ice,0.00000
16E_1990,1376,9,interior,a_ice,0.00000
16E_1990,1376,10,interior,a_ice,0.00000
16E_1990,1376,11,interior,a_ice,0.00002
16E_1990,1376,12,interior,a_ice,0.01793
16E_1990,1376,1,labsea,MLD2,332.18642
16E_1990,1376,2,labsea,MLD2,978.19237
16E_1990,1376,3,labsea,MLD2,973.69320
16E_1990,1376,4,labsea,MLD2,606.13925
16E_1990,1376,5,labsea,MLD2,97.53780
16E_1990,1376,6,labsea,MLD2,13.68062
16E_1990,1376,7,labsea,MLD2,13.84244
16E_1990,1376,8,labsea,MLD2,14.80654
16E_1990,1376,9,labsea,MLD2,19.09975
16E_1990,1376,10,labsea,MLD2,26.70790
16E_1990,1376,11,labsea,MLD2,31.88598
16E_1990,1376,12,labsea,MLD2,75.98529
16E_1990,1376,1,interior,MLD2,460.30908
16E_1990,1376,2,interior,MLD2,1389.45831
16E_1990,1376,3,interior,MLD2,1441.84618
16E_1990,1376,4,interior,MLD2,831.27253
16E_1990,1376,5,interior,MLD2,136.54897
16E_1990,1376,6,interior,MLD2,15.64520
16E_1990,1376,7,interior,MLD2,15.08356
16E_1990,1376,8,interior,MLD2,16.03056
16E_1990,1376,9,interior,MLD2,19.29925
16E_1990,1376,10,interior,MLD2,27.60342
16E_1990,1376,11,interior,MLD2,33.01570
16E_1990,1376,12,interior,MLD2,104.95417
16E_1990,1377,1,labsea,a_ice,0.24281
16E_1990,1377,2,labsea,a_ice,0.27973
16E_1990,1377,3,labsea,a_ice,0.30646
16E_1990,1377,4,labsea,a_ice,0.30586
16E_1990,1377,5,labsea,a_ice,0.21612
16E_1990,1377,6,labsea,a_ice,0.11754
16E_1990,1377,7,labsea,a_ice,0.03788
16E_1990,1377,8,labsea,a_ice,0.00127
16E_1990,1377,9,labsea,a_ice,0.00000
16E_1990,1377,10,labsea,a_ice,0.00005
16E_1990,1377,11,labsea,a_ice,0.02157
16E_1990,1377,12,labsea,a_ice,0.16447
16E_1990,1377,1,interior,a_ice,0.08026
16E_1990,1377,2,interior,a_ice,0.09238
16E_1990,1377,3,interior,a_ice,0.13223
16E_1990,1377,4,interior,a_ice,0.12722
16E_1990,1377,5,interior,a_ice,0.04830
16E_1990,1377,6,interior,a_ice,0.01398
16E_1990,1377,7,interior,a_ice,0.00031
16E_1990,1377,8,interior,a_ice,0.00000
16E_1990,1377,9,interior,a_ice,0.00000
16E_1990,1377,10,interior,a_ice,0.00000
16E_1990,1377,11,interior,a_ice,0.00033
16E_1990,1377,12,interior,a_ice,0.04220
16E_1990,1377,1,labsea,MLD2,265.14961
16E_1990,1377,2,labsea,MLD2,892.86785
16E_1990,1377,3,labsea,MLD2,1129.11185
16E_1990,1377,4,labsea,MLD2,904.74718
16E_1990,1377,5,labsea,MLD2,219.22193
16E_1990,1377,6,labsea,MLD2,16.62195
16E_1990,1377,7,labsea,MLD2,13.33442
16E_1990,1377,8,labsea,MLD2,16.84108
16E_1990,1377,9,labsea,MLD2,21.42595
16E_1990,1377,10,labsea,MLD2,25.37185
16E_1990,1377,11,labsea,MLD2,42.61338
16E_1990,1377,12,labsea,MLD2,212.18747
16E_1990,1377,1,interior,MLD2,438.11994
16E_1990,1377,2,interior,MLD2,1615.79622
16E_1990,1377,3,interior,MLD2,1795.97172
16E_1990,1377,4,interior,MLD2,1254.56700
16E_1990,1377,5,interior,MLD2,430.74289
16E_1990,1377,6,interior,MLD2,18.98107
16E_1990,1377,7,interior,MLD2,14.99869
16E_1990,1377,8,interior,MLD2,20.22470
16E_1990,1377,9,interior,MLD2,24.76312
16E_1990,1377,10,interior,MLD2,28.28890
16E_1990,1377,11,interior,MLD2,46.49917
16E_1990,1377,12,interior,MLD2,269.36862
16E_1990,1378,1,labsea,a_ice,0.27250
16E_1990,1378,2,labsea,a_ice,0.31005
16E_1990,1378,3,labsea,a_ice,0.31421
16E_1990,1378,4,labsea,a_ice,0.34047
16E_1990,1378,5,labsea,a_ice,0.27422
16E_1990,1378,6,labsea,a_ice,0.18054
16E_1990,1378,7,labsea,a_ice,0.03555
16E_1990,1378,8,labsea,a_ice,0.00146
16E_1990,1378,9,labsea,a_ice,0.00000
16E_1990,1378,10,labsea,a_ice,0.00032
16E_1990,1378,11,labsea,a_ice,0.02149
16E_1990,1378,12,labsea,a_ice,0.16680
16E_1990,1378,1,interior,a_ice,0.08645
16E_1990,1378,2,interior,a_ice,0.13928
16E_1990,1378,3,interior,a_ice,0.15379
16E_1990,1378,4,interior,a_ice,0.21182
16E_1990,1378,5,interior,a_ice,0.11465
16E_1990,1378,6,interior,a_ice,0.03765
16E_1990,1378,7,interior,a_ice,0.00069
16E_1990,1378,8,interior,a_ice,0.00000
16E_1990,1378,9,interior,a_ice,0.00000
16E_1990,1378,10,interior,a_ice,0.00000
16E_1990,1378,11,interior,a_ice,0.00000
16E_1990,1378,12,interior,a_ice,0.02997
16E_1990,1378,1,labsea,MLD2,969.46056
16E_1990,1378,2,labsea,MLD2,1364.34390
16E_1990,1378,3,labsea,MLD2,1311.17654
16E_1990,1378,4,labsea,MLD2,1021.47939
16E_1990,1378,5,labsea,MLD2,403.70986
16E_1990,1378,6,labsea,MLD2,15.96311
16E_1990,1378,7,labsea,MLD2,14.00167
16E_1990,1378,8,labsea,MLD2,12.85564
16E_1990,1378,9,labsea,MLD2,18.78974
16E_1990,1378,10,labsea,MLD2,28.90099
16E_1990,1378,11,labsea,MLD2,52.00186
16E_1990,1378,12,labsea,MLD2,352.48604
16E_1990,1378,1,interior,MLD2,1601.37120
16E_1990,1378,2,interior,MLD2,2136.61783
16E_1990,1378,3,interior,MLD2,2006.09513
16E_1990,1378,4,interior,MLD2,1564.93652
16E_1990,1378,5,interior,MLD2,720.33363
16E_1990,1378,6,interior,MLD2,18.03502
16E_1990,1378,7,interior,MLD2,15.65118
16E_1990,1378,8,interior,MLD2,13.80869
16E_1990,1378,9,interior,MLD2,21.21602
16E_1990,1378,10,interior,MLD2,30.65780
16E_1990,1378,11,interior,MLD2,55.29630
16E_1990,1378,12,interior,MLD2,533.98284
16E_1990,1379,1,labsea,a_ice,0.29238
16E_1990,1379,2,labsea,a_ice,0.32867
16E_1990,1379,3,labsea,a_ice,0.31597
16E_1990,1379,4,labsea,a_ice,0.29921
16E_1990,1379,5,labsea,a_ice,0.26638
16E_1990,1379,6,labsea,a_ice,0.13210
16E_1990,1379,7,labsea,a_ice,0.02225
16E_1990,1379,8,labsea,a_ice,0.00011
16E_1990,1379,9,labsea,a_ice,0.00000
16E_1990,1379,10,labsea,a_ice,0.00000
16E_1990,1379,11,labsea,a_ice,0.01459
16E_1990,1379,12,labsea,a_ice,0.07645
16E_1990,1379,1,interior,a_ice,0.12238
16E_1990,1379,2,interior,a_ice,0.14983
16E_1990,1379,3,interior,a_ice,0.14103
16E_1990,1379,4,interior,a_ice,0.10927
16E_1990,1379,5,interior,a_ice,0.08072
16E_1990,1379,6,interior,a_ice,0.04018
16E_1990,1379,7,interior,a_ice,0.00020
16E_1990,1379,8,interior,a_ice,0.00000
16E_1990,1379,9,interior,a_ice,0.00000
16E_1990,1379,10,interior,a_ice,0.00000
16E_1990,1379,11,interior,a_ice,0.00000
16E_1990,1379,12,interior,a_ice,0.00256
16E_1990,1379,1,labsea,MLD2,1241.55741
16E_1990,1379,2,labsea,MLD2,1345.82825
16E_1990,1379,3,labsea,MLD2,1192.49828
16E_1990,1379,4,labsea,MLD2,869.88840
16E_1990,1379,5,labsea,MLD2,274.61340
16E_1990,1379,6,labsea,MLD2,16.52140
16E_1990,1379,7,labsea,MLD2,11.67713
16E_1990,1379,8,labsea,MLD2,12.88941
16E_1990,1379,9,labsea,MLD2,17.62504
16E_1990,1379,10,labsea,MLD2,26.22193
16E_1990,1379,11,labsea,MLD2,39.40700
16E_1990,1379,12,labsea,MLD2,94.24319
16E_1990,1379,1,interior,MLD2,1887.78738
16E_1990,1379,2,interior,MLD2,2138.85167
16E_1990,1379,3,interior,MLD2,1900.70842
16E_1990,1379,4,interior,MLD2,1450.53015
16E_1990,1379,5,interior,MLD2,497.74100
16E_1990,1379,6,interior,MLD2,18.88096
16E_1990,1379,7,interior,MLD2,12.63788
16E_1990,1379,8,interior,MLD2,15.04138
16E_1990,1379,9,interior,MLD2,19.49859
16E_1990,1379,10,interior,MLD2,28.49008
16E_1990,1379,11,interior,MLD2,43.34146
16E_1990,1379,12,interior,MLD2,129.63002
16E_1990,1380,1,labsea,a_ice,0.27970
16E_1990,1380,2,labsea,a_ice,0.31516
16E_1990,1380,3,labsea,a_ice,0.29467
16E_1990,1380,4,labsea,a_ice,0.27700
16E_1990,1380,5,labsea,a_ice,0.24458
16E_1990,1380,6,labsea,a_ice,0.11186
16E_1990,1380,7,labsea,a_ice,0.02337
16E_1990,1380,8,labsea,a_ice,0.00029
16E_1990,1380,9,labsea,a_ice,0.00000
16E_1990,1380,10,labsea,a_ice,0.00003
16E_1990,1380,11,labsea,a_ice,0.02716
16E_1990,1380,12,labsea,a_ice,0.15088
16E_1990,1380,1,interior,a_ice,0.12086
16E_1990,1380,2,interior,a_ice,0.12558
16E_1990,1380,3,interior,a_ice,0.09175
16E_1990,1380,4,interior,a_ice,0.06976
16E_1990,1380,5,interior,a_ice,0.10360
16E_1990,1380,6,interior,a_ice,0.02134
16E_1990,1380,7,interior,a_ice,0.00000
16E_1990,1380,8,interior,a_ice,0.00000
16E_1990,1380,9,interior,a_ice,0.00000
16E_1990,1380,10,interior,a_ice,0.00000
16E_1990,1380,11,interior,a_ice,0.00002
16E_1990,1380,12,interior,a_ice,0.03189
16E_1990,1380,1,labsea,MLD2,984.47115
16E_1990,1380,2,labsea,MLD2,1296.77903
16E_1990,1380,3,labsea,MLD2,1193.21767
16E_1990,1380,4,labsea,MLD2,989.13678
16E_1990,1380,5,labsea,MLD2,363.95523
16E_1990,1380,6,labsea,MLD2,13.80835
16E_1990,1380,7,labsea,MLD2,14.09662
16E_1990,1380,8,labsea,MLD2,14.79717
16E_1990,1380,9,labsea,MLD2,16.36346
16E_1990,1380,10,labsea,MLD2,25.26477
16E_1990,1380,11,labsea,MLD2,46.71903
16E_1990,1380,12,labsea,MLD2,109.02239
16E_1990,1380,1,interior,MLD2,1719.69862
16E_1990,1380,2,interior,MLD2,2042.48328
16E_1990,1380,3,interior,MLD2,1875.64941
16E_1990,1380,4,interior,MLD2,1622.98763
16E_1990,1380,5,interior,MLD2,681.85399
16E_1990,1380,6,interior,MLD2,14.90117
16E_1990,1380,7,interior,MLD2,16.24275
16E_1990,1380,8,interior,MLD2,16.40687
16E_1990,1380,9,interior,MLD2,17.88629
16E_1990,1380,10,interior,MLD2,29.45680
16E_1990,1380,11,interior,MLD2,55.18065
16E_1990,1380,12,interior,MLD2,148.52688
16E_1990,1381,1,labsea,a_ice,0.28948
16E_1990,1381,2,labsea,a_ice,0.34228
16E_1990,1381,3,labsea,a_ice,0.32658
16E_1990,1381,4,labsea,a_ice,0.27752
16E_1990,1381,5,labsea,a_ice,0.18719
16E_1990,1381,6,labsea,a_ice,0.12976
16E_1990,1381,7,labsea,a_ice,0.04161
16E_1990,1381,8,labsea,a_ice,0.00240
16E_1990,1381,9,labsea,a_ice,0.00000
16E_1990,1381,10,labsea,a_ice,0.00000
16E_1990,1381,11,labsea,a_ice,0.00994
16E_1990,1381,12,labsea,a_ice,0.10943
16E_1990,1381,1,interior,a_ice,0.11280
16E_1990,1381,2,interior,a_ice,0.17316
16E_1990,1381,3,interior,a_ice,0.15277
16E_1990,1381,4,interior,a_ice,0.13875
16E_1990,1381,5,interior,a_ice,0.04645
16E_1990,1381,6,interior,a_ice,0.00809
16E_1990,1381,7,interior,a_ice,0.00058
16E_1990,1381,8,interior,a_ice,0.00000
16E_1990,1381,9,interior,a_ice,0.00000
16E_1990,1381,10,interior,a_ice,0.00000
16E_1990,1381,11,interior,a_ice,0.00000
16E_1990,1381,12,interior,a_ice,0.02157
16E_1990,1381,1,labsea,MLD2,819.86077
16E_1990,1381,2,labsea,MLD2,1199.72458
16E_1990,1381,3,labsea,MLD2,1129.84790
16E_1990,1381,4,labsea,MLD2,752.67922
16E_1990,1381,5,labsea,MLD2,314.70267
16E_1990,1381,6,labsea,MLD2,16.19947
16E_1990,1381,7,labsea,MLD2,13.57176
16E_1990,1381,8,labsea,MLD2,13.11753
16E_1990,1381,9,labsea,MLD2,19.05401
16E_1990,1381,10,labsea,MLD2,26.50580
16E_1990,1381,11,labsea,MLD2,39.98514
16E_1990,1381,12,labsea,MLD2,156.49125
16E_1990,1381,1,interior,MLD2,1348.79405
16E_1990,1381,2,interior,MLD2,1819.02009
16E_1990,1381,3,interior,MLD2,1748.24421
16E_1990,1381,4,interior,MLD2,1126.95209
16E_1990,1381,5,interior,MLD2,476.68138
16E_1990,1381,6,interior,MLD2,20.31216
16E_1990,1381,7,interior,MLD2,16.48148
16E_1990,1381,8,interior,MLD2,14.47725
16E_1990,1381,9,interior,MLD2,21.50366
16E_1990,1381,10,interior,MLD2,29.31048
16E_1990,1381,11,interior,MLD2,43.81172
16E_1990,1381,12,interior,MLD2,194.12655
16E_1990,1382,1,labsea,a_ice,0.23016
16E_1990,1382,2,labsea,a_ice,0.24459
16E_1990,1382,3,labsea,a_ice,0.27534
16E_1990,1382,4,labsea,a_ice,0.25283
16E_1990,1382,5,labsea,a_ice,0.21139
16E_1990,1382,6,labsea,a_ice,0.18179
16E_1990,1382,7,labsea,a_ice,0.06403
16E_1990,1382,8,labsea,a_ice,0.00177
16E_1990,1382,9,labsea,a_ice,0.00000
16E_1990,1382,10,labsea,a_ice,0.00008
16E_1990,1382,11,labsea,a_ice,0.01361
16E_1990,1382,12,labsea,a_ice,0.10620
16E_1990,1382,1,interior,a_ice,0.05254
16E_1990,1382,2,interior,a_ice,0.07261
16E_1990,1382,3,interior,a_ice,0.08641
16E_1990,1382,4,interior,a_ice,0.07925
16E_1990,1382,5,interior,a_ice,0.04317
16E_1990,1382,6,interior,a_ice,0.02773
16E_1990,1382,7,interior,a_ice,0.00178
16E_1990,1382,8,interior,a_ice,0.00002
16E_1990,1382,9,interior,a_ice,0.00000
16E_1990,1382,10,interior,a_ice,0.00000
16E_1990,1382,11,interior,a_ice,0.00000
16E_1990,1382,12,interior,a_ice,0.00838
16E_1990,1382,1,labsea,MLD2,881.61297
16E_1990,1382,2,labsea,MLD2,1215.07818
16E_1990,1382,3,labsea,MLD2,1138.18613
16E_1990,1382,4,labsea,MLD2,975.56589
16E_1990,1382,5,labsea,MLD2,625.07799
16E_1990,1382,6,labsea,MLD2,59.25492
16E_1990,1382,7,labsea,MLD2,13.18491
16E_1990,1382,8,labsea,MLD2,14.51281
16E_1990,1382,9,labsea,MLD2,19.75301
16E_1990,1382,10,labsea,MLD2,28.06922
16E_1990,1382,11,labsea,MLD2,44.91745
16E_1990,1382,12,labsea,MLD2,121.22236
16E_1990,1382,1,interior,MLD2,1443.32910
16E_1990,1382,2,interior,MLD2,1917.55849
16E_1990,1382,3,interior,MLD2,1745.37007
16E_1990,1382,4,interior,MLD2,1512.33022
16E_1990,1382,5,interior,MLD2,1013.21514
16E_1990,1382,6,interior,MLD2,108.43305
16E_1990,1382,7,interior,MLD2,15.75371
16E_1990,1382,8,interior,MLD2,16.19738
16E_1990,1382,9,interior,MLD2,22.25235
16E_1990,1382,10,interior,MLD2,32.44189
16E_1990,1382,11,interior,MLD2,53.92497
16E_1990,1382,12,interior,MLD2,184.25996
16E_1990,1383,1,labsea,a_ice,0.24975
16E_1990,1383,2,labsea,a_ice,0.26286
16E_1990,1383,3,labsea,a_ice,0.29740
16E_1990,1383,4,labsea,a_ice,0.28387
16E_1990,1383,5,labsea,a_ice,0.24240
16E_1990,1383,6,labsea,a_ice,0.12122
16E_1990,1383,7,labsea,a_ice,0.03281
16E_1990,1383,8,labsea,a_ice,0.00079
16E_1990,1383,9,labsea,a_ice,0.00000
16E_1990,1383,10,labsea,a_ice,0.00000
16E_1990,1383,11,labsea,a_ice,0.01741
16E_1990,1383,12,labsea,a_ice,0.11468
16E_1990,1383,1,interior,a_ice,0.08115
16E_1990,1383,2,interior,a_ice,0.05973
16E_1990,1383,3,interior,a_ice,0.12387
16E_1990,1383,4,interior,a_ice,0.10650
16E_1990,1383,5,interior,a_ice,0.08725
16E_1990,1383,6,interior,a_ice,0.00933
16E_1990,1383,7,interior,a_ice,0.00000
16E_1990,1383,8,interior,a_ice,0.00000
16E_1990,1383,9,interior,a_ice,0.00000
16E_1990,1383,10,interior,a_ice,0.00000
16E_1990,1383,11,interior,a_ice,0.00001
16E_1990,1383,12,interior,a_ice,0.01411
16E_1990,1383,1,labsea,MLD2,732.14728
16E_1990,1383,2,labsea,MLD2,1199.91209
16E_1990,1383,3,labsea,MLD2,1349.86521
16E_1990,1383,4,labsea,MLD2,1262.33884
16E_1990,1383,5,labsea,MLD2,518.29588
16E_1990,1383,6,labsea,MLD2,18.76365
16E_1990,1383,7,labsea,MLD2,11.14179
16E_1990,1383,8,labsea,MLD2,12.17163
16E_1990,1383,9,labsea,MLD2,19.44250
16E_1990,1383,10,labsea,MLD2,24.70434
16E_1990,1383,11,labsea,MLD2,39.77053
16E_1990,1383,12,labsea,MLD2,197.89666
16E_1990,1383,1,interior,MLD2,1469.38433
16E_1990,1383,2,interior,MLD2,2088.50080
16E_1990,1383,3,interior,MLD2,2088.59677
16E_1990,1383,4,interior,MLD2,1933.27470
16E_1990,1383,5,interior,MLD2,951.59076
16E_1990,1383,6,interior,MLD2,25.29282
16E_1990,1383,7,interior,MLD2,13.44190
16E_1990,1383,8,interior,MLD2,13.72741
16E_1990,1383,9,interior,MLD2,22.66628
16E_1990,1383,10,interior,MLD2,27.55200
16E_1990,1383,11,interior,MLD2,41.21713
16E_1990,1383,12,interior,MLD2,239.20808
16E_1990,1384,1,labsea,a_ice,0.23283
16E_1990,1384,2,labsea,a_ice,0.25143
16E_1990,1384,3,labsea,a_ice,0.24970
16E_1990,1384,4,labsea,a_ice,0.23403
16E_1990,1384,5,labsea,a_ice,0.17132
16E_1990,1384,6,labsea,a_ice,0.09361
16E_1990,1384,7,labsea,a_ice,0.02617
16E_1990,1384,8,labsea,a_ice,0.00323
16E_1990,1384,9,labsea,a_ice,0.00000
16E_1990,1384,10,labsea,a_ice,0.00129
16E_1990,1384,11,labsea,a_ice,0.01219
16E_1990,1384,12,labsea,a_ice,0.05612
16E_1990,1384,1,interior,a_ice,0.06574
16E_1990,1384,2,interior,a_ice,0.07722
16E_1990,1384,3,interior,a_ice,0.07417
16E_1990,1384,4,interior,a_ice,0.09052
16E_1990,1384,5,interior,a_ice,0.05547
16E_1990,1384,6,interior,a_ice,0.00237
16E_1990,1384,7,interior,a_ice,0.00000
16E_1990,1384,8,interior,a_ice,0.00000
16E_1990,1384,9,interior,a_ice,0.00000
16E_1990,1384,10,interior,a_ice,0.00000
16E_1990,1384,11,interior,a_ice,0.00000
16E_1990,1384,12,interior,a_ice,0.00094
16E_1990,1384,1,labsea,MLD2,937.41857
16E_1990,1384,2,labsea,MLD2,1261.40727
16E_1990,1384,3,labsea,MLD2,1308.58518
16E_1990,1384,4,labsea,MLD2,1136.36515
16E_1990,1384,5,labsea,MLD2,227.87140
16E_1990,1384,6,labsea,MLD2,16.65712
16E_1990,1384,7,labsea,MLD2,13.46457
16E_1990,1384,8,labsea,MLD2,14.48912
16E_1990,1384,9,labsea,MLD2,21.31652
16E_1990,1384,10,labsea,MLD2,31.48671
16E_1990,1384,11,labsea,MLD2,42.48954
16E_1990,1384,12,labsea,MLD2,81.67701
16E_1990,1384,1,interior,MLD2,1306.25757
16E_1990,1384,2,interior,MLD2,1908.27023
16E_1990,1384,3,interior,MLD2,2016.77048
16E_1990,1384,4,interior,MLD2,1825.99725
16E_1990,1384,5,interior,MLD2,348.28158
16E_1990,1384,6,interior,MLD2,20.82196
16E_1990,1384,7,interior,MLD2,15.68165
16E_1990,1384,8,interior,MLD2,16.22740
16E_1990,1384,9,interior,MLD2,24.76765
16E_1990,1384,10,interior,MLD2,36.46536
16E_1990,1384,11,interior,MLD2,51.06125
16E_1990,1384,12,interior,MLD2,125.35886
16E_1990,1385,1,labsea,a_ice,0.15112
16E_1990,1385,2,labsea,a_ice,0.24950
16E_1990,1385,3,labsea,a_ice,0.25282
16E_1990,1385,4,labsea,a_ice,0.21158
16E_1990,1385,5,labsea,a_ice,0.20663
16E_1990,1385,6,labsea,a_ice,0.10237
16E_1990,1385,7,labsea,a_ice,0.01341
16E_1990,1385,8,labsea,a_ice,0.00000
16E_1990,1385,9,labsea,a_ice,0.00000
16E_1990,1385,10,labsea,a_ice,0.00107
16E_1990,1385,11,labsea,a_ice,0.01825
16E_1990,1385,12,labsea,a_ice,0.11655
16E_1990,1385,1,interior,a_ice,0.03008
16E_1990,1385,2,interior,a_ice,0.06200
16E_1990,1385,3,interior,a_ice,0.08832
16E_1990,1385,4,interior,a_ice,0.04501
16E_1990,1385,5,interior,a_ice,0.04177
16E_1990,1385,6,interior,a_ice,0.02603
16E_1990,1385,7,interior,a_ice,0.00077
16E_1990,1385,8,interior,a_ice,0.00000
16E_1990,1385,9,interior,a_ice,0.00000
16E_1990,1385,10,interior,a_ice,0.00000
16E_1990,1385,11,interior,a_ice,0.00000
16E_1990,1385,12,interior,a_ice,0.02083
16E_1990,1385,1,labsea,MLD2,349.14202
16E_1990,1385,2,labsea,MLD2,1305.55431
16E_1990,1385,3,labsea,MLD2,1286.24123
16E_1990,1385,4,labsea,MLD2,959.62134
16E_1990,1385,5,labsea,MLD2,496.63353
16E_1990,1385,6,labsea,MLD2,13.12026
16E_1990,1385,7,labsea,MLD2,12.87253
16E_1990,1385,8,labsea,MLD2,13.71823
16E_1990,1385,9,labsea,MLD2,18.72341
16E_1990,1385,10,labsea,MLD2,24.86179
16E_1990,1385,11,labsea,MLD2,33.72423
16E_1990,1385,12,labsea,MLD2,93.45099
16E_1990,1385,1,interior,MLD2,582.68646
16E_1990,1385,2,interior,MLD2,2071.00445
16E_1990,1385,3,interior,MLD2,1870.45066
16E_1990,1385,4,interior,MLD2,1546.94916
16E_1990,1385,5,interior,MLD2,883.85355
16E_1990,1385,6,interior,MLD2,14.67547
16E_1990,1385,7,interior,MLD2,14.56408
16E_1990,1385,8,interior,MLD2,15.26449
16E_1990,1385,9,interior,MLD2,20.02272
16E_1990,1385,10,interior,MLD2,25.98395
16E_1990,1385,11,interior,MLD2,36.84367
16E_1990,1385,12,interior,MLD2,133.80504
16E_1990,1386,1,labsea,a_ice,0.30946
16E_1990,1386,2,labsea,a_ice,0.31952
16E_1990,1386,3,labsea,a_ice,0.30844
16E_1990,1386,4,labsea,a_ice,0.26180
16E_1990,1386,5,labsea,a_ice,0.24135
16E_1990,1386,6,labsea,a_ice,0.13422
16E_1990,1386,7,labsea,a_ice,0.03259
16E_1990,1386,8,labsea,a_ice,0.00005
16E_1990,1386,9,labsea,a_ice,0.00000
16E_1990,1386,10,labsea,a_ice,0.00001
16E_1990,1386,11,labsea,a_ice,0.01577
16E_1990,1386,12,labsea,a_ice,0.05851
16E_1990,1386,1,interior,a_ice,0.13049
16E_1990,1386,2,interior,a_ice,0.11398
16E_1990,1386,3,interior,a_ice,0.09486
16E_1990,1386,4,interior,a_ice,0.07165
16E_1990,1386,5,interior,a_ice,0.08174
16E_1990,1386,6,interior,a_ice,0.03042
16E_1990,1386,7,interior,a_ice,0.00006
16E_1990,1386,8,interior,a_ice,0.00000
16E_1990,1386,9,interior,a_ice,0.00000
16E_1990,1386,10,interior,a_ice,0.00000
16E_1990,1386,11,interior,a_ice,0.00000
16E_1990,1386,12,interior,a_ice,0.00370
16E_1990,1386,1,labsea,MLD2,1008.54586
16E_1990,1386,2,labsea,MLD2,1373.60785
16E_1990,1386,3,labsea,MLD2,1383.20056
16E_1990,1386,4,labsea,MLD2,1193.48302
16E_1990,1386,5,labsea,MLD2,533.75499
16E_1990,1386,6,labsea,MLD2,17.74787
16E_1990,1386,7,labsea,MLD2,15.00193
16E_1990,1386,8,labsea,MLD2,13.09579
16E_1990,1386,9,labsea,MLD2,17.92900
16E_1990,1386,10,labsea,MLD2,24.56180
16E_1990,1386,11,labsea,MLD2,37.49734
16E_1990,1386,12,labsea,MLD2,162.80992
16E_1990,1386,1,interior,MLD2,1749.25667
16E_1990,1386,2,interior,MLD2,2085.36046
16E_1990,1386,3,interior,MLD2,2014.04478
16E_1990,1386,4,interior,MLD2,1780.61728
16E_1990,1386,5,interior,MLD2,812.89176
16E_1990,1386,6,interior,MLD2,21.66918
16E_1990,1386,7,interior,MLD2,17.51704
16E_1990,1386,8,interior,MLD2,14.37843
16E_1990,1386,9,interior,MLD2,20.69631
16E_1990,1386,10,interior,MLD2,26.13453
16E_1990,1386,11,interior,MLD2,39.83662
16E_1990,1386,12,interior,MLD2,223.26713
16E_1990,1387,1,labsea,a_ice,0.25708
16E_1990,1387,2,labsea,a_ice,0.29679
16E_1990,1387,3,labsea,a_ice,0.32939
16E_1990,1387,4,labsea,a_ice,0.29137
16E_1990,1387,5,labsea,a_ice,0.21601
16E_1990,1387,6,labsea,a_ice,0.13637
16E_1990,1387,7,labsea,a_ice,0.02659
16E_1990,1387,8,labsea,a_ice,0.00000
16E_1990,1387,9,labsea,a_ice,0.00000
16E_1990,1387,10,labsea,a_ice,0.00000
16E_1990,1387,11,labsea,a_ice,0.00914
16E_1990,1387,12,labsea,a_ice,0.17438
16E_1990,1387,1,interior,a_ice,0.07401
16E_1990,1387,2,interior,a_ice,0.09950
16E_1990,1387,3,interior,a_ice,0.13881
16E_1990,1387,4,interior,a_ice,0.10947
16E_1990,1387,5,interior,a_ice,0.04873
16E_1990,1387,6,interior,a_ice,0.03554
16E_1990,1387,7,interior,a_ice,0.00013
16E_1990,1387,8,interior,a_ice,0.00000
16E_1990,1387,9,interior,a_ice,0.00000
16E_1990,1387,10,interior,a_ice,0.00000
16E_1990,1387,11,interior,a_ice,0.00010
16E_1990,1387,12,interior,a_ice,0.06139
16E_1990,1387,1,labsea,MLD2,1160.34291
16E_1990,1387,2,labsea,MLD2,1382.73697
16E_1990,1387,3,labsea,MLD2,1428.62197
16E_1990,1387,4,labsea,MLD2,1057.59361
16E_1990,1387,5,labsea,MLD2,100.34350
16E_1990,1387,6,labsea,MLD2,18.89556
16E_1990,1387,7,labsea,MLD2,13.40731
16E_1990,1387,8,labsea,MLD2,15.72784
16E_1990,1387,9,labsea,MLD2,20.79632
16E_1990,1387,10,labsea,MLD2,28.39999
16E_1990,1387,11,labsea,MLD2,37.40264
16E_1990,1387,12,labsea,MLD2,259.67017
16E_1990,1387,1,interior,MLD2,1854.05435
16E_1990,1387,2,interior,MLD2,1977.77880
16E_1990,1387,3,interior,MLD2,2098.62782
16E_1990,1387,4,interior,MLD2,1503.46260
16E_1990,1387,5,interior,MLD2,119.38807
16E_1990,1387,6,interior,MLD2,22.99902
16E_1990,1387,7,interior,MLD2,15.82916
16E_1990,1387,8,interior,MLD2,17.10009
16E_1990,1387,9,interior,MLD2,22.86837
16E_1990,1387,10,interior,MLD2,31.24507
16E_1990,1387,11,interior,MLD2,41.77993
16E_1990,1387,12,interior,MLD2,340.51032
16E_1990,1388,1,labsea,a_ice,0.28851
16E_1990,1388,2,labsea,a_ice,0.32260
16E_1990,1388,3,labsea,a_ice,0.26231
16E_1990,1388,4,labsea,a_ice,0.25702
16E_1990,1388,5,labsea,a_ice,0.20392
16E_1990,1388,6,labsea,a_ice,0.12248
16E_1990,1388,7,labsea,a_ice,0.03745
16E_1990,1388,8,labsea,a_ice,0.00004
16E_1990,1388,9,labsea,a_ice,0.00000
16E_1990,1388,10,labsea,a_ice,0.00008
16E_1990,1388,11,labsea,a_ice,0.01104
16E_1990,1388,12,labsea,a_ice,0.12840
16E_1990,1388,1,interior,a_ice,0.12615
16E_1990,1388,2,interior,a_ice,0.10479
16E_1990,1388,3,interior,a_ice,0.05201
16E_1990,1388,4,interior,a_ice,0.08248
16E_1990,1388,5,interior,a_ice,0.03310
16E_1990,1388,6,interior,a_ice,0.01401
16E_1990,1388,7,interior,a_ice,0.00725
16E_1990,1388,8,interior,a_ice,0.00000
16E_1990,1388,9,interior,a_ice,0.00000
16E_1990,1388,10,interior,a_ice,0.00000
16E_1990,1388,11,interior,a_ice,0.00000
16E_1990,1388,12,interior,a_ice,0.03341
16E_1990,1388,1,labsea,MLD2,978.39711
16E_1990,1388,2,labsea,MLD2,1209.18295
16E_1990,1388,3,labsea,MLD2,1287.72056
16E_1990,1388,4,labsea,MLD2,1062.35628
16E_1990,1388,5,labsea,MLD2,216.43497
16E_1990,1388,6,labsea,MLD2,21.39865
16E_1990,1388,7,labsea,MLD2,13.07377
16E_1990,1388,8,labsea,MLD2,14.18884
16E_1990,1388,9,labsea,MLD2,17.14635
16E_1990,1388,10,labsea,MLD2,27.66978
16E_1990,1388,11,labsea,MLD2,42.39346
16E_1990,1388,12,labsea,MLD2,171.89698
16E_1990,1388,1,interior,MLD2,1537.47941
16E_1990,1388,2,interior,MLD2,1820.59211
16E_1990,1388,3,interior,MLD2,2115.11655
16E_1990,1388,4,interior,MLD2,1836.07642
16E_1990,1388,5,interior,MLD2,486.01592
16E_1990,1388,6,interior,MLD2,25.29677
16E_1990,1388,7,interior,MLD2,14.59231
16E_1990,1388,8,interior,MLD2,15.83263
16E_1990,1388,9,interior,MLD2,18.50430
16E_1990,1388,10,interior,MLD2,30.91672
16E_1990,1388,11,interior,MLD2,47.08506
16E_1990,1388,12,interior,MLD2,309.69844
16E_1990,1389,1,labsea,a_ice,0.24411
16E_1990,1389,2,labsea,a_ice,0.24243
16E_1990,1389,3,labsea,a_ice,0.30688
16E_1990,1389,4,labsea,a_ice,0.31722
16E_1990,1389,5,labsea,a_ice,0.23936
16E_1990,1389,6,labsea,a_ice,0.11320
16E_1990,1389,7,labsea,a_ice,0.00557
16E_1990,1389,8,labsea,a_ice,0.00000
16E_1990,1389,9,labsea,a_ice,0.00000
16E_1990,1389,10,labsea,a_ice,0.00000
16E_1990,1389,11,labsea,a_ice,0.00000
16E_1990,1389,12,labsea,a_ice,0.03583
16E_1990,1389,1,interior,a_ice,0.09001
16E_1990,1389,2,interior,a_ice,0.05521
16E_1990,1389,3,interior,a_ice,0.14530
16E_1990,1389,4,interior,a_ice,0.14892
16E_1990,1389,5,interior,a_ice,0.06294
16E_1990,1389,6,interior,a_ice,0.02016
16E_1990,1389,7,interior,a_ice,0.00056
16E_1990,1389,8,interior,a_ice,0.00000
16E_1990,1389,9,interior,a_ice,0.00000
16E_1990,1389,10,interior,a_ice,0.00000
16E_1990,1389,11,interior,a_ice,0.00000
16E_1990,1389,12,interior,a_ice,0.00032
16E_1990,1389,1,labsea,MLD2,1264.87871
16E_1990,1389,2,labsea,MLD2,1536.03388
16E_1990,1389,3,labsea,MLD2,1511.50274
16E_1990,1389,4,labsea,MLD2,1359.25776
16E_1990,1389,5,labsea,MLD2,331.68551
16E_1990,1389,6,labsea,MLD2,16.76692
16E_1990,1389,7,labsea,MLD2,14.63220
16E_1990,1389,8,labsea,MLD2,13.90217
16E_1990,1389,9,labsea,MLD2,15.04201
16E_1990,1389,10,labsea,MLD2,22.00446
16E_1990,1389,11,labsea,MLD2,38.44860
16E_1990,1389,12,labsea,MLD2,106.97092
16E_1990,1389,1,interior,MLD2,2027.09971
16E_1990,1389,2,interior,MLD2,2312.75689
16E_1990,1389,3,interior,MLD2,2226.41607
16E_1990,1389,4,interior,MLD2,1962.84786
16E_1990,1389,5,interior,MLD2,642.21358
16E_1990,1389,6,interior,MLD2,19.33552
16E_1990,1389,7,interior,MLD2,16.81731
16E_1990,1389,8,interior,MLD2,15.49365
16E_1990,1389,9,interior,MLD2,16.28449
16E_1990,1389,10,interior,MLD2,23.88508
16E_1990,1389,11,interior,MLD2,42.64036
16E_1990,1389,12,interior,MLD2,155.93646
16E_1990,1390,1,labsea,a_ice,0.17958
16E_1990,1390,2,labsea,a_ice,0.21955
16E_1990,1390,3,labsea,a_ice,0.22595
16E_1990,1390,4,labsea,a_ice,0.22664
16E_1990,1390,5,labsea,a_ice,0.20323
16E_1990,1390,6,labsea,a_ice,0.08262
16E_1990,1390,7,labsea,a_ice,0.00193
16E_1990,1390,8,labsea,a_ice,0.00000
16E_1990,1390,9,labsea,a_ice,0.00000
16E_1990,1390,10,labsea,a_ice,0.00000
16E_1990,1390,11,labsea,a_ice,0.00412
16E_1990,1390,12,labsea,a_ice,0.07877
16E_1990,1390,1,interior,a_ice,0.04737
16E_1990,1390,2,interior,a_ice,0.03535
16E_1990,1390,3,interior,a_ice,0.04696
16E_1990,1390,4,interior,a_ice,0.04704
16E_1990,1390,5,interior,a_ice,0.05110
16E_1990,1390,6,interior,a_ice,0.01084
16E_1990,1390,7,interior,a_ice,0.00000
16E_1990,1390,8,interior,a_ice,0.00000
16E_1990,1390,9,interior,a_ice,0.00000
16E_1990,1390,10,interior,a_ice,0.00000
16E_1990,1390,11,interior,a_ice,0.00000
16E_1990,1390,12,interior,a_ice,0.00310
16E_1990,1390,1,labsea,MLD2,961.21106
16E_1990,1390,2,labsea,MLD2,1402.32415
16E_1990,1390,3,labsea,MLD2,1450.20054
16E_1990,1390,4,labsea,MLD2,1213.39694
16E_1990,1390,5,labsea,MLD2,479.16888
16E_1990,1390,6,labsea,MLD2,11.84799
16E_1990,1390,7,labsea,MLD2,11.70979
16E_1990,1390,8,labsea,MLD2,13.54417
16E_1990,1390,9,labsea,MLD2,19.20793
16E_1990,1390,10,labsea,MLD2,26.69564
16E_1990,1390,11,labsea,MLD2,39.38215
16E_1990,1390,12,labsea,MLD2,90.94571
16E_1990,1390,1,interior,MLD2,1725.58171
16E_1990,1390,2,interior,MLD2,2293.84501
16E_1990,1390,3,interior,MLD2,2189.62871
16E_1990,1390,4,interior,MLD2,1727.69729
16E_1990,1390,5,interior,MLD2,639.49823
16E_1990,1390,6,interior,MLD2,12.32251
16E_1990,1390,7,interior,MLD2,12.97096
16E_1990,1390,8,interior,MLD2,14.68605
16E_1990,1390,9,interior,MLD2,20.58856
16E_1990,1390,10,interior,MLD2,29.65242
16E_1990,1390,11,interior,MLD2,45.80874
16E_1990,1390,12,interior,MLD2,151.61241
16E_1990,1391,1,labsea,a_ice,0.19811
16E_1990,1391,2,labsea,a_ice,0.25709
16E_1990,1391,3,labsea,a_ice,0.27353
16E_1990,1391,4,labsea,a_ice,0.23278
16E_1990,1391,5,labsea,a_ice,0.15238
16E_1990,1391,6,labsea,a_ice,0.09197
16E_1990,1391,7,labsea,a_ice,0.02398
16E_1990,1391,8,labsea,a_ice,0.00038
16E_1990,1391,9,labsea,a_ice,0.00000
16E_1990,1391,10,labsea,a_ice,0.00000
16E_1990,1391,11,labsea,a_ice,0.00588
16E_1990,1391,12,labsea,a_ice,0.04789
16E_1990,1391,1,interior,a_ice,0.04858
16E_1990,1391,2,interior,a_ice,0.11718
16E_1990,1391,3,interior,a_ice,0.11771
16E_1990,1391,4,interior,a_ice,0.08145
16E_1990,1391,5,interior,a_ice,0.02338
16E_1990,1391,6,interior,a_ice,0.00107
16E_1990,1391,7,interior,a_ice,0.00001
16E_1990,1391,8,interior,a_ice,0.00000
16E_1990,1391,9,interior,a_ice,0.00000
16E_1990,1391,10,interior,a_ice,0.00000
16E_1990,1391,11,interior,a_ice,0.00000
16E_1990,1391,12,interior,a_ice,0.00709
16E_1990,1391,1,labsea,MLD2,908.58909
16E_1990,1391,2,labsea,MLD2,1289.14826
16E_1990,1391,3,labsea,MLD2,1251.12501
16E_1990,1391,4,labsea,MLD2,856.82211
16E_1990,1391,5,labsea,MLD2,114.62754
16E_1990,1391,6,labsea,MLD2,20.30656
16E_1990,1391,7,labsea,MLD2,14.47549
16E_1990,1391,8,labsea,MLD2,15.19689
16E_1990,1391,9,labsea,MLD2,19.51170
16E_1990,1391,10,labsea,MLD2,28.64209
16E_1990,1391,11,labsea,MLD2,58.56144
16E_1990,1391,12,labsea,MLD2,117.54988
16E_1990,1391,1,interior,MLD2,1421.79898
16E_1990,1391,2,interior,MLD2,1826.69987
16E_1990,1391,3,interior,MLD2,1852.85843
16E_1990,1391,4,interior,MLD2,1355.19752
16E_1990,1391,5,interior,MLD2,208.56115
16E_1990,1391,6,interior,MLD2,24.98354
16E_1990,1391,7,interior,MLD2,16.63346
16E_1990,1391,8,interior,MLD2,18.37225
16E_1990,1391,9,interior,MLD2,22.04246
16E_1990,1391,10,interior,MLD2,31.54081
16E_1990,1391,11,interior,MLD2,77.11856
16E_1990,1391,12,interior,MLD2,183.01920
16E_1990,1392,1,labsea,a_ice,0.17692
16E_1990,1392,2,labsea,a_ice,0.21192
16E_1990,1392,3,labsea,a_ice,0.23204
16E_1990,1392,4,labsea,a_ice,0.22783
16E_1990,1392,5,labsea,a_ice,0.18053
16E_1990,1392,6,labsea,a_ice,0.08953
16E_1990,1392,7,labsea,a_ice,0.00769
16E_1990,1392,8,labsea,a_ice,0.00000
16E_1990,1392,9,labsea,a_ice,0.00000
16E_1990,1392,10,labsea,a_ice,0.00000
16E_1990,1392,11,labsea,a_ice,0.00001
16E_1990,1392,12,labsea,a_ice,0.05795
16E_1990,1392,1,interior,a_ice,0.04069
16E_1990,1392,2,interior,a_ice,0.04084
16E_1990,1392,3,interior,a_ice,0.05351
16E_1990,1392,4,interior,a_ice,0.04641
16E_1990,1392,5,interior,a_ice,0.04060
16E_1990,1392,6,interior,a_ice,0.01062
16E_1990,1392,7,interior,a_ice,0.00003
16E_1990,1392,8,interior,a_ice,0.00000
16E_1990,1392,9,interior,a_ice,0.00000
16E_1990,1392,10,interior,a_ice,0.00000
16E_1990,1392,11,interior,a_ice,0.00000
16E_1990,1392,12,interior,a_ice,0.00726
16E_1990,1392,1,labsea,MLD2,621.13469
16E_1990,1392,2,labsea,MLD2,1031.63838
16E_1990,1392,3,labsea,MLD2,1056.60631
16E_1990,1392,4,labsea,MLD2,905.89802
16E_1990,1392,5,labsea,MLD2,336.37324
16E_1990,1392,6,labsea,MLD2,16.19207
16E_1990,1392,7,labsea,MLD2,13.02573
16E_1990,1392,8,labsea,MLD2,14.15354
16E_1990,1392,9,labsea,MLD2,19.12220
16E_1990,1392,10,labsea,MLD2,27.43988
16E_1990,1392,11,labsea,MLD2,45.99084
16E_1990,1392,12,labsea,MLD2,255.57828
16E_1990,1392,1,interior,MLD2,1244.53313
16E_1990,1392,2,interior,MLD2,1763.52567
16E_1990,1392,3,interior,MLD2,1702.46554
16E_1990,1392,4,interior,MLD2,1429.63440
16E_1990,1392,5,interior,MLD2,652.69516
16E_1990,1392,6,interior,MLD2,19.91418
16E_1990,1392,7,interior,MLD2,15.09190
16E_1990,1392,8,interior,MLD2,16.19738
16E_1990,1392,9,interior,MLD2,20.25948
16E_1990,1392,10,interior,MLD2,30.82312
16E_1990,1392,11,interior,MLD2,56.99611
16E_1990,1392,12,interior,MLD2,373.76462
16E_1990,1393,1,labsea,a_ice,0.21466
16E_1990,1393,2,labsea,a_ice,0.23483
16E_1990,1393,3,labsea,a_ice,0.24507
16E_1990,1393,4,labsea,a_ice,0.21198
16E_1990,1393,5,labsea,a_ice,0.18100
16E_1990,1393,6,labsea,a_ice,0.09283
16E_1990,1393,7,labsea,a_ice,0.00998
16E_1990,1393,8,labsea,a_ice,0.00001
16E_1990,1393,9,labsea,a_ice,0.00000
16E_1990,1393,10,labsea,a_ice,0.00015
16E_1990,1393,11,labsea,a_ice,0.01118
16E_1990,1393,12,labsea,a_ice,0.06176
16E_1990,1393,1,interior,a_ice,0.06046
16E_1990,1393,2,interior,a_ice,0.06463
16E_1990,1393,3,interior,a_ice,0.08378
16E_1990,1393,4,interior,a_ice,0.04613
16E_1990,1393,5,interior,a_ice,0.04800
16E_1990,1393,6,interior,a_ice,0.03082
16E_1990,1393,7,interior,a_ice,0.00009
16E_1990,1393,8,interior,a_ice,0.00000
16E_1990,1393,9,interior,a_ice,0.00000
16E_1990,1393,10,interior,a_ice,0.00000
16E_1990,1393,11,interior,a_ice,0.00000
16E_1990,1393,12,interior,a_ice,0.00019
16E_1990,1393,1,labsea,MLD2,1071.06587
16E_1990,1393,2,labsea,MLD2,1344.91813
16E_1990,1393,3,labsea,MLD2,1402.51586
16E_1990,1393,4,labsea,MLD2,1102.98349
16E_1990,1393,5,labsea,MLD2,412.26181
16E_1990,1393,6,labsea,MLD2,15.61409
16E_1990,1393,7,labsea,MLD2,12.25941
16E_1990,1393,8,labsea,MLD2,15.15470
16E_1990,1393,9,labsea,MLD2,15.86564
16E_1990,1393,10,labsea,MLD2,27.94200
16E_1990,1393,11,labsea,MLD2,52.09486
16E_1990,1393,12,labsea,MLD2,174.12596
16E_1990,1393,1,interior,MLD2,1692.46654
16E_1990,1393,2,interior,MLD2,2038.03652
16E_1990,1393,3,interior,MLD2,2123.10898
16E_1990,1393,4,interior,MLD2,1718.38884
16E_1990,1393,5,interior,MLD2,828.11854
16E_1990,1393,6,interior,MLD2,19.19332
16E_1990,1393,7,interior,MLD2,14.48316
16E_1990,1393,8,interior,MLD2,18.79899
16E_1990,1393,9,interior,MLD2,19.12416
16E_1990,1393,10,interior,MLD2,32.08879
16E_1990,1393,11,interior,MLD2,59.94511
16E_1990,1393,12,interior,MLD2,277.75170
16E_1990,1394,1,labsea,a_ice,0.13611
16E_1990,1394,2,labsea,a_ice,0.27639
16E_1990,1394,3,labsea,a_ice,0.29135
16E_1990,1394,4,labsea,a_ice,0.25983
16E_1990,1394,5,labsea,a_ice,0.18341
16E_1990,1394,6,labsea,a_ice,0.09950
16E_1990,1394,7,labsea,a_ice,0.00433
16E_1990,1394,8,labsea,a_ice,0.00000
16E_1990,1394,9,labsea,a_ice,0.00000
16E_1990,1394,10,labsea,a_ice,0.00000
16E_1990,1394,11,labsea,a_ice,0.00684
16E_1990,1394,12,labsea,a_ice,0.09282
16E_1990,1394,1,interior,a_ice,0.00910
16E_1990,1394,2,interior,a_ice,0.13354
16E_1990,1394,3,interior,a_ice,0.13548
16E_1990,1394,4,interior,a_ice,0.13654
16E_1990,1394,5,interior,a_ice,0.04552
16E_1990,1394,6,interior,a_ice,0.04218
16E_1990,1394,7,interior,a_ice,0.00025
16E_1990,1394,8,interior,a_ice,0.00000
16E_1990,1394,9,interior,a_ice,0.00000
16E_1990,1394,10,interior,a_ice,0.00000
16E_1990,1394,11,interior,a_ice,0.00000
16E_1990,1394,12,interior,a_ice,0.00709
16E_1990,1394,1,labsea,MLD2,776.02367
16E_1990,1394,2,labsea,MLD2,1405.94455
16E_1990,1394,3,labsea,MLD2,1454.19262
16E_1990,1394,4,labsea,MLD2,1274.10776
16E_1990,1394,5,labsea,MLD2,258.04542
16E_1990,1394,6,labsea,MLD2,11.91258
16E_1990,1394,7,labsea,MLD2,9.39330
16E_1990,1394,8,labsea,MLD2,12.56376
16E_1990,1394,9,labsea,MLD2,18.40982
16E_1990,1394,10,labsea,MLD2,28.82050
16E_1990,1394,11,labsea,MLD2,42.69708
16E_1990,1394,12,labsea,MLD2,136.37298
16E_1990,1394,1,interior,MLD2,1311.38278
16E_1990,1394,2,interior,MLD2,2105.41158
16E_1990,1394,3,interior,MLD2,2069.68580
16E_1990,1394,4,interior,MLD2,1819.43240
16E_1990,1394,5,interior,MLD2,475.62007
16E_1990,1394,6,interior,MLD2,14.29236
16E_1990,1394,7,interior,MLD2,9.73111
16E_1990,1394,8,interior,MLD2,13.92298
16E_1990,1394,9,interior,MLD2,19.84366
16E_1990,1394,10,interior,MLD2,33.92697
16E_1990,1394,11,interior,MLD2,53.34190
16E_1990,1394,12,interior,MLD2,231.16187
16E_1990,1395,1,labsea,a_ice,0.21878
16E_1990,1395,2,labsea,a_ice,0.27628
16E_1990,1395,3,labsea,a_ice,0.40763
16E_1990,1395,4,labsea,a_ice,0.34341
16E_1990,1395,5,labsea,a_ice,0.22332
16E_1990,1395,6,labsea,a_ice,0.07295
16E_1990,1395,7,labsea,a_ice,0.01116
16E_1990,1395,8,labsea,a_ice,0.00000
16E_1990,1395,9,labsea,a_ice,0.00000
16E_1990,1395,10,labsea,a_ice,0.00000
16E_1990,1395,11,labsea,a_ice,0.00982
16E_1990,1395,12,labsea,a_ice,0.13730
16E_1990,1395,1,interior,a_ice,0.05118
16E_1990,1395,2,interior,a_ice,0.11534
16E_1990,1395,3,interior,a_ice,0.35096
16E_1990,1395,4,interior,a_ice,0.27002
16E_1990,1395,5,interior,a_ice,0.07018
16E_1990,1395,6,interior,a_ice,0.01725
16E_1990,1395,7,interior,a_ice,0.00000
16E_1990,1395,8,interior,a_ice,0.00000
16E_1990,1395,9,interior,a_ice,0.00000
16E_1990,1395,10,interior,a_ice,0.00000
16E_1990,1395,11,interior,a_ice,0.00000
16E_1990,1395,12,interior,a_ice,0.03908
16E_1990,1395,1,labsea,MLD2,987.73439
16E_1990,1395,2,labsea,MLD2,1244.45077
16E_1990,1395,3,labsea,MLD2,1025.92485
16E_1990,1395,4,labsea,MLD2,701.76385
16E_1990,1395,5,labsea,MLD2,125.40417
16E_1990,1395,6,labsea,MLD2,12.63635
16E_1990,1395,7,labsea,MLD2,13.65900
16E_1990,1395,8,labsea,MLD2,11.93313
16E_1990,1395,9,labsea,MLD2,15.61003
16E_1990,1395,10,labsea,MLD2,24.05127
16E_1990,1395,11,labsea,MLD2,30.61808
16E_1990,1395,12,labsea,MLD2,189.44763
16E_1990,1395,1,interior,MLD2,1279.46831
16E_1990,1395,2,interior,MLD2,1621.45175
16E_1990,1395,3,interior,MLD2,1141.30390
16E_1990,1395,4,interior,MLD2,608.49943
16E_1990,1395,5,interior,MLD2,123.68873
16E_1990,1395,6,interior,MLD2,13.85010
16E_1990,1395,7,interior,MLD2,14.69465
16E_1990,1395,8,interior,MLD2,13.25661
16E_1990,1395,9,interior,MLD2,16.40213
16E_1990,1395,10,interior,MLD2,26.03596
16E_1990,1395,11,interior,MLD2,32.97204
16E_1990,1395,12,interior,MLD2,287.65624
16E_1990,1396,1,labsea,a_ice,0.20401
16E_1990,1396,2,labsea,a_ice,0.30125
16E_1990,1396,3,labsea,a_ice,0.28350
16E_1990,1396,4,labsea,a_ice,0.21151
16E_1990,1396,5,labsea,a_ice,0.16769
16E_1990,1396,6,labsea,a_ice,0.07363
16E_1990,1396,7,labsea,a_ice,0.02164
16E_1990,1396,8,labsea,a_ice,0.00122
16E_1990,1396,9,labsea,a_ice,0.00000
16E_1990,1396,10,labsea,a_ice,0.00086
16E_1990,1396,11,labsea,a_ice,0.01999
16E_1990,1396,12,labsea,a_ice,0.10093
16E_1990,1396,1,interior,a_ice,0.05525
16E_1990,1396,2,interior,a_ice,0.09650
16E_1990,1396,3,interior,a_ice,0.09312
16E_1990,1396,4,interior,a_ice,0.07811
16E_1990,1396,5,interior,a_ice,0.04440
16E_1990,1396,6,interior,a_ice,0.01779
16E_1990,1396,7,interior,a_ice,0.00000
16E_1990,1396,8,interior,a_ice,0.00000
16E_1990,1396,9,interior,a_ice,0.00000
16E_1990,1396,10,interior,a_ice,0.00000
16E_1990,1396,11,interior,a_ice,0.00000
16E_1990,1396,12,interior,a_ice,0.00610
16E_1990,1396,1,labsea,MLD2,728.37751
16E_1990,1396,2,labsea,MLD2,1079.93417
16E_1990,1396,3,labsea,MLD2,1077.84099
16E_1990,1396,4,labsea,MLD2,658.33967
16E_1990,1396,5,labsea,MLD2,247.16482
16E_1990,1396,6,labsea,MLD2,16.21863
16E_1990,1396,7,labsea,MLD2,13.33134
16E_1990,1396,8,labsea,MLD2,13.15157
16E_1990,1396,9,labsea,MLD2,16.64718
16E_1990,1396,10,labsea,MLD2,25.82000
16E_1990,1396,11,labsea,MLD2,37.76241
16E_1990,1396,12,labsea,MLD2,89.37713
16E_1990,1396,1,interior,MLD2,1340.32188
16E_1990,1396,2,interior,MLD2,2039.62397
16E_1990,1396,3,interior,MLD2,1815.14030
16E_1990,1396,4,interior,MLD2,1126.37634
16E_1990,1396,5,interior,MLD2,422.19275
16E_1990,1396,6,interior,MLD2,19.35215
16E_1990,1396,7,interior,MLD2,15.37783
16E_1990,1396,8,interior,MLD2,14.70695
16E_1990,1396,9,interior,MLD2,17.08763
16E_1990,1396,10,interior,MLD2,29.36346
16E_1990,1396,11,interior,MLD2,46.90056
16E_1990,1396,12,interior,MLD2,154.88586
16E_1990,1397,1,labsea,a_ice,0.24114
16E_1990,1397,2,labsea,a_ice,0.27692
16E_1990,1397,3,labsea,a_ice,0.28293
16E_1990,1397,4,labsea,a_ice,0.27806
16E_1990,1397,5,labsea,a_ice,0.23019
16E_1990,1397,6,labsea,a_ice,0.10676
16E_1990,1397,7,labsea,a_ice,0.02817
16E_1990,1397,8,labsea,a_ice,0.00060
16E_1990,1397,9,labsea,a_ice,0.00000
16E_1990,1397,10,labsea,a_ice,0.00000
16E_1990,1397,11,labsea,a_ice,0.00376
16E_1990,1397,12,labsea,a_ice,0.06638
16E_1990,1397,1,interior,a_ice,0.11880
16E_1990,1397,2,interior,a_ice,0.11039
16E_1990,1397,3,interior,a_ice,0.11273
16E_1990,1397,4,interior,a_ice,0.11326
16E_1990,1397,5,interior,a_ice,0.05840
16E_1990,1397,6,interior,a_ice,0.00714
16E_1990,1397,7,interior,a_ice,0.00000
16E_1990,1397,8,interior,a_ice,0.00000
16E_1990,1397,9,interior,a_ice,0.00000
16E_1990,1397,10,interior,a_ice,0.00000
16E_1990,1397,11,interior,a_ice,0.00000
16E_1990,1397,12,interior,a_ice,0.00319
16E_1990,1397,1,labsea,MLD2,579.43768
16E_1990,1397,2,labsea,MLD2,1144.92301
16E_1990,1397,3,labsea,MLD2,1201.14134
16E_1990,1397,4,labsea,MLD2,1006.46302
16E_1990,1397,5,labsea,MLD2,454.50803
16E_1990,1397,6,labsea,MLD2,14.61325
16E_1990,1397,7,labsea,MLD2,12.77612
16E_1990,1397,8,labsea,MLD2,12.42011
16E_1990,1397,9,labsea,MLD2,16.42159
16E_1990,1397,10,labsea,MLD2,25.16618
16E_1990,1397,11,labsea,MLD2,36.22614
16E_1990,1397,12,labsea,MLD2,146.08789
16E_1990,1397,1,interior,MLD2,1125.72369
16E_1990,1397,2,interior,MLD2,2109.48907
16E_1990,1397,3,interior,MLD2,1921.45990
16E_1990,1397,4,interior,MLD2,1781.79066
16E_1990,1397,5,interior,MLD2,889.12288
16E_1990,1397,6,interior,MLD2,17.35821
16E_1990,1397,7,interior,MLD2,14.53729
16E_1990,1397,8,interior,MLD2,14.28976
16E_1990,1397,9,interior,MLD2,18.99949
16E_1990,1397,10,interior,MLD2,28.48534
16E_1990,1397,11,interior,MLD2,42.91853
16E_1990,1397,12,interior,MLD2,263.11738
16E_1990,1398,1,labsea,a_ice,0.23261
16E_1990,1398,2,labsea,a_ice,0.26086
16E_1990,1398,3,labsea,a_ice,0.29348
16E_1990,1398,4,labsea,a_ice,0.23738
16E_1990,1398,5,labsea,a_ice,0.15794
16E_1990,1398,6,labsea,a_ice,0.06453
16E_1990,1398,7,labsea,a_ice,0.00330
16E_1990,1398,8,labsea,a_ice,0.00000
16E_1990,1398,9,labsea,a_ice,0.00000
16E_1990,1398,10,labsea,a_ice,0.00000
16E_1990,1398,11,labsea,a_ice,0.00606
16E_1990,1398,12,labsea,a_ice,0.11748
16E_1990,1398,1,interior,a_ice,0.07668
16E_1990,1398,2,interior,a_ice,0.09266
16E_1990,1398,3,interior,a_ice,0.10967
16E_1990,1398,4,interior,a_ice,0.07155
16E_1990,1398,5,interior,a_ice,0.08020
16E_1990,1398,6,interior,a_ice,0.04090
16E_1990,1398,7,interior,a_ice,0.00057
16E_1990,1398,8,interior,a_ice,0.00000
16E_1990,1398,9,interior,a_ice,0.00000
16E_1990,1398,10,interior,a_ice,0.00000
16E_1990,1398,11,interior,a_ice,0.00000
16E_1990,1398,12,interior,a_ice,0.01241
16E_1990,1398,1,labsea,MLD2,1065.77312
16E_1990,1398,2,labsea,MLD2,1352.79320
16E_1990,1398,3,labsea,MLD2,1275.76081
16E_1990,1398,4,labsea,MLD2,996.46538
16E_1990,1398,5,labsea,MLD2,175.00715
16E_1990,1398,6,labsea,MLD2,11.20285
16E_1990,1398,7,labsea,MLD2,9.89906
16E_1990,1398,8,labsea,MLD2,13.34317
16E_1990,1398,9,labsea,MLD2,18.88095
16E_1990,1398,10,labsea,MLD2,24.25430
16E_1990,1398,11,labsea,MLD2,43.05676
16E_1990,1398,12,labsea,MLD2,198.63282
16E_1990,1398,1,interior,MLD2,1752.69833
16E_1990,1398,2,interior,MLD2,1987.91368
16E_1990,1398,3,interior,MLD2,1870.37623
16E_1990,1398,4,interior,MLD2,1461.14092
16E_1990,1398,5,interior,MLD2,255.02812
16E_1990,1398,6,interior,MLD2,12.09489
16E_1990,1398,7,interior,MLD2,10.54169
16E_1990,1398,8,interior,MLD2,13.81237
16E_1990,1398,9,interior,MLD2,19.86298
16E_1990,1398,10,interior,MLD2,28.12809
16E_1990,1398,11,interior,MLD2,47.35906
16E_1990,1398,12,interior,MLD2,215.96064
16E_1990,1399,1,labsea,a_ice,0.26056
16E_1990,1399,2,labsea,a_ice,0.31377
16E_1990,1399,3,labsea,a_ice,0.32036
16E_1990,1399,4,labsea,a_ice,0.31258
16E_1990,1399,5,labsea,a_ice,0.26536
16E_1990,1399,6,labsea,a_ice,0.14129
16E_1990,1399,7,labsea,a_ice,0.02461
16E_1990,1399,8,labsea,a_ice,0.00072
16E_1990,1399,9,labsea,a_ice,0.00000
16E_1990,1399,10,labsea,a_ice,0.00000
16E_1990,1399,11,labsea,a_ice,0.01542
16E_1990,1399,12,labsea,a_ice,0.09999
16E_1990,1399,1,interior,a_ice,0.09872
16E_1990,1399,2,interior,a_ice,0.16410
16E_1990,1399,3,interior,a_ice,0.14709
16E_1990,1399,4,interior,a_ice,0.12376
16E_1990,1399,5,interior,a_ice,0.09365
16E_1990,1399,6,interior,a_ice,0.02586
16E_1990,1399,7,interior,a_ice,0.00013
16E_1990,1399,8,interior,a_ice,0.00000
16E_1990,1399,9,interior,a_ice,0.00000
16E_1990,1399,10,interior,a_ice,0.00000
16E_1990,1399,11,interior,a_ice,0.00000
16E_1990,1399,12,interior,a_ice,0.00325
16E_1990,1399,1,labsea,MLD2,704.11970
16E_1990,1399,2,labsea,MLD2,1041.02820
16E_1990,1399,3,labsea,MLD2,1005.22541
16E_1990,1399,4,labsea,MLD2,961.81033
16E_1990,1399,5,labsea,MLD2,339.41167
16E_1990,1399,6,labsea,MLD2,16.83141
16E_1990,1399,7,labsea,MLD2,17.32981
16E_1990,1399,8,labsea,MLD2,14.69510
16E_1990,1399,9,labsea,MLD2,18.90733
16E_1990,1399,10,labsea,MLD2,29.80822
16E_1990,1399,11,labsea,MLD2,54.75064
16E_1990,1399,12,labsea,MLD2,101.74208
16E_1990,1399,1,interior,MLD2,999.20491
16E_1990,1399,2,interior,MLD2,1655.05273
16E_1990,1399,3,interior,MLD2,1579.96671
16E_1990,1399,4,interior,MLD2,1509.88234
16E_1990,1399,5,interior,MLD2,528.81812
16E_1990,1399,6,interior,MLD2,20.77350
16E_1990,1399,7,interior,MLD2,21.09268
16E_1990,1399,8,interior,MLD2,16.05058
16E_1990,1399,9,interior,MLD2,19.08653
16E_1990,1399,10,interior,MLD2,30.02119
16E_1990,1399,11,interior,MLD2,58.56126
16E_1990,1399,12,interior,MLD2,145.20873
16E_1990,1400,1,labsea,a_ice,0.21271
16E_1990,1400,2,labsea,a_ice,0.29099
16E_1990,1400,3,labsea,a_ice,0.26236
16E_1990,1400,4,labsea,a_ice,0.24599
16E_1990,1400,5,labsea,a_ice,0.19614
16E_1990,1400,6,labsea,a_ice,0.10366
16E_1990,1400,7,labsea,a_ice,0.00986
16E_1990,1400,8,labsea,a_ice,0.00000
16E_1990,1400,9,labsea,a_ice,0.00000
16E_1990,1400,10,labsea,a_ice,0.00000
16E_1990,1400,11,labsea,a_ice,0.00192
16E_1990,1400,12,labsea,a_ice,0.08858
16E_1990,1400,1,interior,a_ice,0.04543
16E_1990,1400,2,interior,a_ice,0.13314
16E_1990,1400,3,interior,a_ice,0.09593
16E_1990,1400,4,interior,a_ice,0.08805
16E_1990,1400,5,interior,a_ice,0.05742
16E_1990,1400,6,interior,a_ice,0.01804
16E_1990,1400,7,interior,a_ice,0.00000
16E_1990,1400,8,interior,a_ice,0.00000
16E_1990,1400,9,interior,a_ice,0.00000
16E_1990,1400,10,interior,a_ice,0.00000
16E_1990,1400,11,interior,a_ice,0.00000
16E_1990,1400,12,interior,a_ice,0.00807
16E_1990,1400,1,labsea,MLD2,413.92782
16E_1990,1400,2,labsea,MLD2,1091.26429
16E_1990,1400,3,labsea,MLD2,970.96377
16E_1990,1400,4,labsea,MLD2,754.26475
16E_1990,1400,5,labsea,MLD2,249.08319
16E_1990,1400,6,labsea,MLD2,16.66797
16E_1990,1400,7,labsea,MLD2,14.64356
16E_1990,1400,8,labsea,MLD2,14.04719
16E_1990,1400,9,labsea,MLD2,16.64531
16E_1990,1400,10,labsea,MLD2,28.40077
16E_1990,1400,11,labsea,MLD2,40.52672
16E_1990,1400,12,labsea,MLD2,110.65745
16E_1990,1400,1,interior,MLD2,719.83424
16E_1990,1400,2,interior,MLD2,1828.47551
16E_1990,1400,3,interior,MLD2,1633.28515
16E_1990,1400,4,interior,MLD2,1390.52746
16E_1990,1400,5,interior,MLD2,456.69579
16E_1990,1400,6,interior,MLD2,18.93537
16E_1990,1400,7,interior,MLD2,16.37043
16E_1990,1400,8,interior,MLD2,15.59466
16E_1990,1400,9,interior,MLD2,17.86419
16E_1990,1400,10,interior,MLD2,32.30289
16E_1990,1400,11,interior,MLD2,46.52104
16E_1990,1400,12,interior,MLD2,155.42937
16E_1990,1401,1,labsea,a_ice,0.17844
16E_1990,1401,2,labsea,a_ice,0.22565
16E_1990,1401,3,labsea,a_ice,0.22612
16E_1990,1401,4,labsea,a_ice,0.21368
16E_1990,1401,5,labsea,a_ice,0.17000
16E_1990,1401,6,labsea,a_ice,0.08860
16E_1990,1401,7,labsea,a_ice,0.02848
16E_1990,1401,8,labsea,a_ice,0.00214
16E_1990,1401,9,labsea,a_ice,0.00000
16E_1990,1401,10,labsea,a_ice,0.00000
16E_1990,1401,11,labsea,a_ice,0.00326
16E_1990,1401,12,labsea,a_ice,0.04385
16E_1990,1401,1,interior,a_ice,0.03779
16E_1990,1401,2,interior,a_ice,0.07403
16E_1990,1401,3,interior,a_ice,0.06094
16E_1990,1401,4,interior,a_ice,0.07336
16E_1990,1401,5,interior,a_ice,0.04973
16E_1990,1401,6,interior,a_ice,0.03142
16E_1990,1401,7,interior,a_ice,0.00000
16E_1990,1401,8,interior,a_ice,0.00000
16E_1990,1401,9,interior,a_ice,0.00000
16E_1990,1401,10,interior,a_ice,0.00000
16E_1990,1401,11,interior,a_ice,0.00000
16E_1990,1401,12,interior,a_ice,0.00010
16E_1990,1401,1,labsea,MLD2,373.76382
16E_1990,1401,2,labsea,MLD2,788.49534
16E_1990,1401,3,labsea,MLD2,897.35146
16E_1990,1401,4,labsea,MLD2,842.30355
16E_1990,1401,5,labsea,MLD2,209.10451
16E_1990,1401,6,labsea,MLD2,20.34822
16E_1990,1401,7,labsea,MLD2,12.21985
16E_1990,1401,8,labsea,MLD2,12.51822
16E_1990,1401,9,labsea,MLD2,16.57289
16E_1990,1401,10,labsea,MLD2,24.22016
16E_1990,1401,11,labsea,MLD2,40.25626
16E_1990,1401,12,labsea,MLD2,73.40429
16E_1990,1401,1,interior,MLD2,601.75115
16E_1990,1401,2,interior,MLD2,1293.40710
16E_1990,1401,3,interior,MLD2,1487.72812
16E_1990,1401,4,interior,MLD2,1393.80350
16E_1990,1401,5,interior,MLD2,530.61708
16E_1990,1401,6,interior,MLD2,30.76440
16E_1990,1401,7,interior,MLD2,14.20392
16E_1990,1401,8,interior,MLD2,14.14517
16E_1990,1401,9,interior,MLD2,20.13911
16E_1990,1401,10,interior,MLD2,28.56522
16E_1990,1401,11,interior,MLD2,50.07326
16E_1990,1401,12,interior,MLD2,111.43381
16E_1990,1402,1,labsea,a_ice,0.14079
16E_1990,1402,2,labsea,a_ice,0.22346
16E_1990,1402,3,labsea,a_ice,0.20741
16E_1990,1402,4,labsea,a_ice,0.22804
16E_1990,1402,5,labsea,a_ice,0.19826
16E_1990,1402,6,labsea,a_ice,0.14086
16E_1990,1402,7,labsea,a_ice,0.03343
16E_1990,1402,8,labsea,a_ice,0.00245
16E_1990,1402,9,labsea,a_ice,0.00000
16E_1990,1402,10,labsea,a_ice,0.00000
16E_1990,1402,11,labsea,a_ice,0.00376
16E_1990,1402,12,labsea,a_ice,0.06639
16E_1990,1402,1,interior,a_ice,0.01227
16E_1990,1402,2,interior,a_ice,0.06284
16E_1990,1402,3,interior,a_ice,0.04144
16E_1990,1402,4,interior,a_ice,0.04540
16E_1990,1402,5,interior,a_ice,0.02065
16E_1990,1402,6,interior,a_ice,0.02124
16E_1990,1402,7,interior,a_ice,0.00037
16E_1990,1402,8,interior,a_ice,0.00000
16E_1990,1402,9,interior,a_ice,0.00000
16E_1990,1402,10,interior,a_ice,0.00000
16E_1990,1402,11,interior,a_ice,0.00000
16E_1990,1402,12,interior,a_ice,0.00314
16E_1990,1402,1,labsea,MLD2,207.51890
16E_1990,1402,2,labsea,MLD2,896.00302
16E_1990,1402,3,labsea,MLD2,869.05468
16E_1990,1402,4,labsea,MLD2,860.76428
16E_1990,1402,5,labsea,MLD2,275.16196
16E_1990,1402,6,labsea,MLD2,19.46748
16E_1990,1402,7,labsea,MLD2,11.25386
16E_1990,1402,8,labsea,MLD2,13.24982
16E_1990,1402,9,labsea,MLD2,17.58450
16E_1990,1402,10,labsea,MLD2,26.74184
16E_1990,1402,11,labsea,MLD2,38.57810
16E_1990,1402,12,labsea,MLD2,71.21098
16E_1990,1402,1,interior,MLD2,372.99895
16E_1990,1402,2,interior,MLD2,1502.50059
16E_1990,1402,3,interior,MLD2,1393.68154
16E_1990,1402,4,interior,MLD2,1376.91584
16E_1990,1402,5,interior,MLD2,652.00966
16E_1990,1402,6,interior,MLD2,33.17128
16E_1990,1402,7,interior,MLD2,12.25631
16E_1990,1402,8,interior,MLD2,15.33759
16E_1990,1402,9,interior,MLD2,18.24562
16E_1990,1402,10,interior,MLD2,29.16380
16E_1990,1402,11,interior,MLD2,45.79806
16E_1990,1402,12,interior,MLD2,106.13677
16E_1990,1403,1,labsea,a_ice,0.23028
16E_1990,1403,2,labsea,a_ice,0.29952
16E_1990,1403,3,labsea,a_ice,0.31817
16E_1990,1403,4,labsea,a_ice,0.24749
16E_1990,1403,5,labsea,a_ice,0.22583
16E_1990,1403,6,labsea,a_ice,0.13721
16E_1990,1403,7,labsea,a_ice,0.03615
16E_1990,1403,8,labsea,a_ice,0.00551
16E_1990,1403,9,labsea,a_ice,0.00000
16E_1990,1403,10,labsea,a_ice,0.00007
16E_1990,1403,11,labsea,a_ice,0.01464
16E_1990,1403,12,labsea,a_ice,0.12100
16E_1990,1403,1,interior,a_ice,0.05861
16E_1990,1403,2,interior,a_ice,0.14295
16E_1990,1403,3,interior,a_ice,0.15636
16E_1990,1403,4,interior,a_ice,0.07308
16E_1990,1403,5,interior,a_ice,0.06417
16E_1990,1403,6,interior,a_ice,0.05916
16E_1990,1403,7,interior,a_ice,0.00152
16E_1990,1403,8,interior,a_ice,0.00000
16E_1990,1403,9,interior,a_ice,0.00000
16E_1990,1403,10,interior,a_ice,0.00000
16E_1990,1403,11,interior,a_ice,0.00000
16E_1990,1403,12,interior,a_ice,0.01597
16E_1990,1403,1,labsea,MLD2,349.42316
16E_1990,1403,2,labsea,MLD2,994.38509
16E_1990,1403,3,labsea,MLD2,1027.82742
16E_1990,1403,4,labsea,MLD2,721.87820
16E_1990,1403,5,labsea,MLD2,252.63047
16E_1990,1403,6,labsea,MLD2,16.69708
16E_1990,1403,7,labsea,MLD2,15.10635
16E_1990,1403,8,labsea,MLD2,12.39222
16E_1990,1403,9,labsea,MLD2,17.39044
16E_1990,1403,10,labsea,MLD2,24.95745
16E_1990,1403,11,labsea,MLD2,47.01540
16E_1990,1403,12,labsea,MLD2,200.56320
16E_1990,1403,1,interior,MLD2,640.01407
16E_1990,1403,2,interior,MLD2,1564.86450
16E_1990,1403,3,interior,MLD2,1415.98109
16E_1990,1403,4,interior,MLD2,773.65549
16E_1990,1403,5,interior,MLD2,243.99145
16E_1990,1403,6,interior,MLD2,15.54753
16E_1990,1403,7,interior,MLD2,15.02199
16E_1990,1403,8,interior,MLD2,13.25556
16E_1990,1403,9,interior,MLD2,16.48793
16E_1990,1403,10,interior,MLD2,23.40574
16E_1990,1403,11,interior,MLD2,60.06922
16E_1990,1403,12,interior,MLD2,351.75744
16E_1990,1404,1,labsea,a_ice,0.21573
16E_1990,1404,2,labsea,a_ice,0.27516
16E_1990,1404,3,labsea,a_ice,0.34023
16E_1990,1404,4,labsea,a_ice,0.28863
16E_1990,1404,5,labsea,a_ice,0.23990
16E_1990,1404,6,labsea,a_ice,0.14281
16E_1990,1404,7,labsea,a_ice,0.02319
16E_1990,1404,8,labsea,a_ice,0.00000
16E_1990,1404,9,labsea,a_ice,0.00000
16E_1990,1404,10,labsea,a_ice,0.00000
16E_1990,1404,11,labsea,a_ice,0.00403
16E_1990,1404,12,labsea,a_ice,0.13452
16E_1990,1404,1,interior,a_ice,0.04588
16E_1990,1404,2,interior,a_ice,0.09001
16E_1990,1404,3,interior,a_ice,0.17096
16E_1990,1404,4,interior,a_ice,0.09581
16E_1990,1404,5,interior,a_ice,0.04180
16E_1990,1404,6,interior,a_ice,0.04646
16E_1990,1404,7,interior,a_ice,0.00021
16E_1990,1404,8,interior,a_ice,0.00000
16E_1990,1404,9,interior,a_ice,0.00000
16E_1990,1404,10,interior,a_ice,0.00000
16E_1990,1404,11,interior,a_ice,0.00000
16E_1990,1404,12,interior,a_ice,0.03535
16E_1990,1404,1,labsea,MLD2,796.65294
16E_1990,1404,2,labsea,MLD2,1242.96033
16E_1990,1404,3,labsea,MLD2,1198.77188
16E_1990,1404,4,labsea,MLD2,908.23708
16E_1990,1404,5,labsea,MLD2,353.06454
16E_1990,1404,6,labsea,MLD2,15.53608
16E_1990,1404,7,labsea,MLD2,12.00804
16E_1990,1404,8,labsea,MLD2,13.44721
16E_1990,1404,9,labsea,MLD2,17.87176
16E_1990,1404,10,labsea,MLD2,23.79876
16E_1990,1404,11,labsea,MLD2,39.56072
16E_1990,1404,12,labsea,MLD2,119.28424
16E_1990,1404,1,interior,MLD2,1429.67238
16E_1990,1404,2,interior,MLD2,1847.95781
16E_1990,1404,3,interior,MLD2,1725.29447
16E_1990,1404,4,interior,MLD2,1270.26880
16E_1990,1404,5,interior,MLD2,638.90735
16E_1990,1404,6,interior,MLD2,19.68201
16E_1990,1404,7,interior,MLD2,13.80923
16E_1990,1404,8,interior,MLD2,15.16809
16E_1990,1404,9,interior,MLD2,18.24366
16E_1990,1404,10,interior,MLD2,25.16303
16E_1990,1404,11,interior,MLD2,44.52967
16E_1990,1404,12,interior,MLD2,143.42089
16E_1990,1405,1,labsea,a_ice,0.27759
16E_1990,1405,2,labsea,a_ice,0.27614
16E_1990,1405,3,labsea,a_ice,0.28693
16E_1990,1405,4,labsea,a_ice,0.26242
16E_1990,1405,5,labsea,a_ice,0.21666
16E_1990,1405,6,labsea,a_ice,0.10399
16E_1990,1405,7,labsea,a_ice,0.01773
16E_1990,1405,8,labsea,a_ice,0.00000
16E_1990,1405,9,labsea,a_ice,0.00000
16E_1990,1405,10,labsea,a_ice,0.00002
16E_1990,1405,11,labsea,a_ice,0.01562
16E_1990,1405,12,labsea,a_ice,0.14238
16E_1990,1405,1,interior,a_ice,0.12752
16E_1990,1405,2,interior,a_ice,0.08175
16E_1990,1405,3,interior,a_ice,0.09814
16E_1990,1405,4,interior,a_ice,0.06996
16E_1990,1405,5,interior,a_ice,0.11757
16E_1990,1405,6,interior,a_ice,0.00883
16E_1990,1405,7,interior,a_ice,0.00000
16E_1990,1405,8,interior,a_ice,0.00000
16E_1990,1405,9,interior,a_ice,0.00000
16E_1990,1405,10,interior,a_ice,0.00000
16E_1990,1405,11,interior,a_ice,0.00000
16E_1990,1405,12,interior,a_ice,0.03356
16E_1990,1405,1,labsea,MLD2,888.10523
16E_1990,1405,2,labsea,MLD2,1136.52381
16E_1990,1405,3,labsea,MLD2,1147.24430
16E_1990,1405,4,labsea,MLD2,1055.62839
16E_1990,1405,5,labsea,MLD2,634.65642
16E_1990,1405,6,labsea,MLD2,21.23077
16E_1990,1405,7,labsea,MLD2,13.39078
16E_1990,1405,8,labsea,MLD2,14.85962
16E_1990,1405,9,labsea,MLD2,18.91779
16E_1990,1405,10,labsea,MLD2,27.80559
16E_1990,1405,11,labsea,MLD2,50.33894
16E_1990,1405,12,labsea,MLD2,563.16621
16E_1990,1405,1,interior,MLD2,1365.34943
16E_1990,1405,2,interior,MLD2,1662.57772
16E_1990,1405,3,interior,MLD2,1488.96158
16E_1990,1405,4,interior,MLD2,1357.30075
16E_1990,1405,5,interior,MLD2,773.37789
16E_1990,1405,6,interior,MLD2,21.82584
16E_1990,1405,7,interior,MLD2,15.55308
16E_1990,1405,8,interior,MLD2,16.79525
16E_1990,1405,9,interior,MLD2,20.83681
16E_1990,1405,10,interior,MLD2,32.58011
16E_1990,1405,11,interior,MLD2,59.49257
16E_1990,1405,12,interior,MLD2,957.59056
16E_1990,1406,1,labsea,a_ice,0.27805
16E_1990,1406,2,labsea,a_ice,0.31366
16E_1990,1406,3,labsea,a_ice,0.32937
16E_1990,1406,4,labsea,a_ice,0.29687
16E_1990,1406,5,labsea,a_ice,0.25010
16E_1990,1406,6,labsea,a_ice,0.08468
16E_1990,1406,7,labsea,a_ice,0.00966
16E_1990,1406,8,labsea,a_ice,0.00000
16E_1990,1406,9,labsea,a_ice,0.00000
16E_1990,1406,10,labsea,a_ice,0.00000
16E_1990,1406,11,labsea,a_ice,0.02184
16E_1990,1406,12,labsea,a_ice,0.10386
16E_1990,1406,1,interior,a_ice,0.09306
16E_1990,1406,2,interior,a_ice,0.13181
16E_1990,1406,3,interior,a_ice,0.16800
16E_1990,1406,4,interior,a_ice,0.11409
16E_1990,1406,5,interior,a_ice,0.12574
16E_1990,1406,6,interior,a_ice,0.02317
16E_1990,1406,7,interior,a_ice,0.00010
16E_1990,1406,8,interior,a_ice,0.00000
16E_1990,1406,9,interior,a_ice,0.00000
16E_1990,1406,10,interior,a_ice,0.00000
16E_1990,1406,11,interior,a_ice,0.00000
16E_1990,1406,12,interior,a_ice,0.00768
16E_1990,1406,1,labsea,MLD2,1281.02809
16E_1990,1406,2,labsea,MLD2,1458.90072
16E_1990,1406,3,labsea,MLD2,1363.43841
16E_1990,1406,4,labsea,MLD2,1222.88014
16E_1990,1406,5,labsea,MLD2,444.38024
16E_1990,1406,6,labsea,MLD2,16.33826
16E_1990,1406,7,labsea,MLD2,10.40925
16E_1990,1406,8,labsea,MLD2,10.06090
16E_1990,1406,9,labsea,MLD2,15.68811
16E_1990,1406,10,labsea,MLD2,23.27927
16E_1990,1406,11,labsea,MLD2,35.18261
16E_1990,1406,12,labsea,MLD2,83.60549
16E_1990,1406,1,interior,MLD2,2062.62945
16E_1990,1406,2,interior,MLD2,2125.49577
16E_1990,1406,3,interior,MLD2,1996.48318
16E_1990,1406,4,interior,MLD2,1923.99415
16E_1990,1406,5,interior,MLD2,716.96480
16E_1990,1406,6,interior,MLD2,19.92885
16E_1990,1406,7,interior,MLD2,11.01315
16E_1990,1406,8,interior,MLD2,10.72236
16E_1990,1406,9,interior,MLD2,16.14295
16E_1990,1406,10,interior,MLD2,21.88743
16E_1990,1406,11,interior,MLD2,39.83234
16E_1990,1406,12,interior,MLD2,71.84344
16E_1990,1407,1,labsea,a_ice,0.29215
16E_1990,1407,2,labsea,a_ice,0.31185
16E_1990,1407,3,labsea,a_ice,0.34316
16E_1990,1407,4,labsea,a_ice,0.30815
16E_1990,1407,5,labsea,a_ice,0.26120
16E_1990,1407,6,labsea,a_ice,0.14473
16E_1990,1407,7,labsea,a_ice,0.01698
16E_1990,1407,8,labsea,a_ice,0.00000
16E_1990,1407,9,labsea,a_ice,0.00000
16E_1990,1407,10,labsea,a_ice,0.00000
16E_1990,1407,11,labsea,a_ice,0.01885
16E_1990,1407,12,labsea,a_ice,0.12158
16E_1990,1407,1,interior,a_ice,0.12399
16E_1990,1407,2,interior,a_ice,0.12265
16E_1990,1407,3,interior,a_ice,0.16461
16E_1990,1407,4,interior,a_ice,0.12813
16E_1990,1407,5,interior,a_ice,0.11420
16E_1990,1407,6,interior,a_ice,0.02201
16E_1990,1407,7,interior,a_ice,0.00094
16E_1990,1407,8,interior,a_ice,0.00000
16E_1990,1407,9,interior,a_ice,0.00000
16E_1990,1407,10,interior,a_ice,0.00000
16E_1990,1407,11,interior,a_ice,0.00000
16E_1990,1407,12,interior,a_ice,0.01368
16E_1990,1407,1,labsea,MLD2,863.47582
16E_1990,1407,2,labsea,MLD2,1205.57462
16E_1990,1407,3,labsea,MLD2,1167.70765
16E_1990,1407,4,labsea,MLD2,915.78630
16E_1990,1407,5,labsea,MLD2,522.46612
16E_1990,1407,6,labsea,MLD2,15.15820
16E_1990,1407,7,labsea,MLD2,13.57029
16E_1990,1407,8,labsea,MLD2,14.47536
16E_1990,1407,9,labsea,MLD2,18.11994
16E_1990,1407,10,labsea,MLD2,20.91894
16E_1990,1407,11,labsea,MLD2,36.29304
16E_1990,1407,12,labsea,MLD2,267.16580
16E_1990,1407,1,interior,MLD2,1359.31535
16E_1990,1407,2,interior,MLD2,2047.32327
16E_1990,1407,3,interior,MLD2,1794.50438
16E_1990,1407,4,interior,MLD2,1164.62840
16E_1990,1407,5,interior,MLD2,610.78726
16E_1990,1407,6,interior,MLD2,18.68204
16E_1990,1407,7,interior,MLD2,15.38127
16E_1990,1407,8,interior,MLD2,15.57176
16E_1990,1407,9,interior,MLD2,18.55272
16E_1990,1407,10,interior,MLD2,23.29810
16E_1990,1407,11,interior,MLD2,36.19972
16E_1990,1407,12,interior,MLD2,297.38377
16E_1990,1408,1,labsea,a_ice,0.27084
16E_1990,1408,2,labsea,a_ice,0.35274
16E_1990,1408,3,labsea,a_ice,0.35952
16E_1990,1408,4,labsea,a_ice,0.31510
16E_1990,1408,5,labsea,a_ice,0.24578
16E_1990,1408,6,labsea,a_ice,0.14136
16E_1990,1408,7,labsea,a_ice,0.02066
16E_1990,1408,8,labsea,a_ice,0.00000
16E_1990,1408,9,labsea,a_ice,0.00000
16E_1990,1408,10,labsea,a_ice,0.00000
16E_1990,1408,11,labsea,a_ice,0.01829
16E_1990,1408,12,labsea,a_ice,0.10612
16E_1990,1408,1,interior,a_ice,0.10587
16E_1990,1408,2,interior,a_ice,0.17350
16E_1990,1408,3,interior,a_ice,0.15305
16E_1990,1408,4,interior,a_ice,0.11450
16E_1990,1408,5,interior,a_ice,0.07350
16E_1990,1408,6,interior,a_ice,0.05188
16E_1990,1408,7,interior,a_ice,0.00104
16E_1990,1408,8,interior,a_ice,0.00000
16E_1990,1408,9,interior,a_ice,0.00000
16E_1990,1408,10,interior,a_ice,0.00000
16E_1990,1408,11,interior,a_ice,0.00000
16E_1990,1408,12,interior,a_ice,0.00729
16E_1990,1408,1,labsea,MLD2,918.87080
16E_1990,1408,2,labsea,MLD2,1170.43160
16E_1990,1408,3,labsea,MLD2,1086.81446
16E_1990,1408,4,labsea,MLD2,825.23575
16E_1990,1408,5,labsea,MLD2,100.13520
16E_1990,1408,6,labsea,MLD2,15.10266
16E_1990,1408,7,labsea,MLD2,12.34716
16E_1990,1408,8,labsea,MLD2,14.75751
16E_1990,1408,9,labsea,MLD2,19.22481
16E_1990,1408,10,labsea,MLD2,24.68868
16E_1990,1408,11,labsea,MLD2,37.24486
16E_1990,1408,12,labsea,MLD2,95.21525
16E_1990,1408,1,interior,MLD2,1617.18659
16E_1990,1408,2,interior,MLD2,1992.98150
16E_1990,1408,3,interior,MLD2,1714.38162
16E_1990,1408,4,interior,MLD2,1326.01585
16E_1990,1408,5,interior,MLD2,252.70296
16E_1990,1408,6,interior,MLD2,17.49299
16E_1990,1408,7,interior,MLD2,13.18229
16E_1990,1408,8,interior,MLD2,15.35568
16E_1990,1408,9,interior,MLD2,18.24843
16E_1990,1408,10,interior,MLD2,23.20454
16E_1990,1408,11,interior,MLD2,36.63422
16E_1990,1408,12,interior,MLD2,83.48845
16E_1990,1409,1,labsea,a_ice,0.24959
16E_1990,1409,2,labsea,a_ice,0.31724
16E_1990,1409,3,labsea,a_ice,0.34173
16E_1990,1409,4,labsea,a_ice,0.29473
16E_1990,1409,5,labsea,a_ice,0.25230
16E_1990,1409,6,labsea,a_ice,0.16439
16E_1990,1409,7,labsea,a_ice,0.04095
16E_1990,1409,8,labsea,a_ice,0.00026
16E_1990,1409,9,labsea,a_ice,0.00000
16E_1990,1409,10,labsea,a_ice,0.00118
16E_1990,1409,11,labsea,a_ice,0.05977
16E_1990,1409,12,labsea,a_ice,0.21136
16E_1990,1409,1,interior,a_ice,0.08709
16E_1990,1409,2,interior,a_ice,0.12002
16E_1990,1409,3,interior,a_ice,0.15471
16E_1990,1409,4,interior,a_ice,0.10221
16E_1990,1409,5,interior,a_ice,0.05755
16E_1990,1409,6,interior,a_ice,0.00754
16E_1990,1409,7,interior,a_ice,0.00128
16E_1990,1409,8,interior,a_ice,0.00000
16E_1990,1409,9,interior,a_ice,0.00000
16E_1990,1409,10,interior,a_ice,0.00000
16E_1990,1409,11,interior,a_ice,0.00158
16E_1990,1409,12,interior,a_ice,0.06284
16E_1990,1409,1,labsea,MLD2,696.23054
16E_1990,1409,2,labsea,MLD2,1236.60978
16E_1990,1409,3,labsea,MLD2,1055.19472
16E_1990,1409,4,labsea,MLD2,748.37483
16E_1990,1409,5,labsea,MLD2,221.33317
16E_1990,1409,6,labsea,MLD2,15.16544
16E_1990,1409,7,labsea,MLD2,10.88871
16E_1990,1409,8,labsea,MLD2,13.26880
16E_1990,1409,9,labsea,MLD2,15.62664
16E_1990,1409,10,labsea,MLD2,30.04832
16E_1990,1409,11,labsea,MLD2,86.10600
16E_1990,1409,12,labsea,MLD2,449.33548
16E_1990,1409,1,interior,MLD2,832.46543
16E_1990,1409,2,interior,MLD2,1946.99818
16E_1990,1409,3,interior,MLD2,1587.14187
16E_1990,1409,4,interior,MLD2,1163.47649
16E_1990,1409,5,interior,MLD2,300.75010
16E_1990,1409,6,interior,MLD2,17.24158
16E_1990,1409,7,interior,MLD2,12.39962
16E_1990,1409,8,interior,MLD2,15.14521
16E_1990,1409,9,interior,MLD2,16.96664
16E_1990,1409,10,interior,MLD2,32.79023
16E_1990,1409,11,interior,MLD2,106.39386
16E_1990,1409,12,interior,MLD2,677.13051
16E_1990,1410,1,labsea,a_ice,0.27121
16E_1990,1410,2,labsea,a_ice,0.30261
16E_1990,1410,3,labsea,a_ice,0.28357
16E_1990,1410,4,labsea,a_ice,0.27445
16E_1990,1410,5,labsea,a_ice,0.22470
16E_1990,1410,6,labsea,a_ice,0.10488
16E_1990,1410,7,labsea,a_ice,0.00274
16E_1990,1410,8,labsea,a_ice,0.00000
16E_1990,1410,9,labsea,a_ice,0.00000
16E_1990,1410,10,labsea,a_ice,0.00000
16E_1990,1410,11,labsea,a_ice,0.00863
16E_1990,1410,12,labsea,a_ice,0.08813
16E_1990,1410,1,interior,a_ice,0.11263
16E_1990,1410,2,interior,a_ice,0.13054
16E_1990,1410,3,interior,a_ice,0.09718
16E_1990,1410,4,interior,a_ice,0.11508
16E_1990,1410,5,interior,a_ice,0.07464
16E_1990,1410,6,interior,a_ice,0.01307
16E_1990,1410,7,interior,a_ice,0.00000
16E_1990,1410,8,interior,a_ice,0.00000
16E_1990,1410,9,interior,a_ice,0.00000
16E_1990,1410,10,interior,a_ice,0.00000
16E_1990,1410,11,interior,a_ice,0.00000
16E_1990,1410,12,interior,a_ice,0.00912
16E_1990,1410,1,labsea,MLD2,1005.11711
16E_1990,1410,2,labsea,MLD2,1074.04922
16E_1990,1410,3,labsea,MLD2,1123.26018
16E_1990,1410,4,labsea,MLD2,1047.34462
16E_1990,1410,5,labsea,MLD2,269.56771
16E_1990,1410,6,labsea,MLD2,14.75715
16E_1990,1410,7,labsea,MLD2,14.48984
16E_1990,1410,8,labsea,MLD2,12.91288
16E_1990,1410,9,labsea,MLD2,20.55572
16E_1990,1410,10,labsea,MLD2,29.33374
16E_1990,1410,11,labsea,MLD2,56.22789
16E_1990,1410,12,labsea,MLD2,107.49250
16E_1990,1410,1,interior,MLD2,1730.57815
16E_1990,1410,2,interior,MLD2,1651.11213
16E_1990,1410,3,interior,MLD2,1816.26276
16E_1990,1410,4,interior,MLD2,1663.43223
16E_1990,1410,5,interior,MLD2,481.03406
16E_1990,1410,6,interior,MLD2,17.29880
16E_1990,1410,7,interior,MLD2,17.48703
16E_1990,1410,8,interior,MLD2,13.95277
16E_1990,1410,9,interior,MLD2,23.64468
16E_1990,1410,10,interior,MLD2,34.42807
16E_1990,1410,11,interior,MLD2,69.18448
16E_1990,1410,12,interior,MLD2,169.36647
16E_1990,1411,1,labsea,a_ice,0.23484
16E_1990,1411,2,labsea,a_ice,0.25728
16E_1990,1411,3,labsea,a_ice,0.27640
16E_1990,1411,4,labsea,a_ice,0.26415
16E_1990,1411,5,labsea,a_ice,0.19991
16E_1990,1411,6,labsea,a_ice,0.11237
16E_1990,1411,7,labsea,a_ice,0.02775
16E_1990,1411,8,labsea,a_ice,0.00172
16E_1990,1411,9,labsea,a_ice,0.00000
16E_1990,1411,10,labsea,a_ice,0.00000
16E_1990,1411,11,labsea,a_ice,0.01342
16E_1990,1411,12,labsea,a_ice,0.12153
16E_1990,1411,1,interior,a_ice,0.06342
16E_1990,1411,2,interior,a_ice,0.06344
16E_1990,1411,3,interior,a_ice,0.10930
16E_1990,1411,4,interior,a_ice,0.15957
16E_1990,1411,5,interior,a_ice,0.05279
16E_1990,1411,6,interior,a_ice,0.00346
16E_1990,1411,7,interior,a_ice,0.00007
16E_1990,1411,8,interior,a_ice,0.00000
16E_1990,1411,9,interior,a_ice,0.00000
16E_1990,1411,10,interior,a_ice,0.00000
16E_1990,1411,11,interior,a_ice,0.00005
16E_1990,1411,12,interior,a_ice,0.01726
16E_1990,1411,1,labsea,MLD2,971.49756
16E_1990,1411,2,labsea,MLD2,1376.58925
16E_1990,1411,3,labsea,MLD2,1301.16492
16E_1990,1411,4,labsea,MLD2,1076.73979
16E_1990,1411,5,labsea,MLD2,322.31981
16E_1990,1411,6,labsea,MLD2,16.18123
16E_1990,1411,7,labsea,MLD2,14.96795
16E_1990,1411,8,labsea,MLD2,15.91886
16E_1990,1411,9,labsea,MLD2,18.96701
16E_1990,1411,10,labsea,MLD2,29.55559
16E_1990,1411,11,labsea,MLD2,55.48374
16E_1990,1411,12,labsea,MLD2,111.46845
16E_1990,1411,1,interior,MLD2,1627.21080
16E_1990,1411,2,interior,MLD2,1992.58165
16E_1990,1411,3,interior,MLD2,1865.95481
16E_1990,1411,4,interior,MLD2,1534.16234
16E_1990,1411,5,interior,MLD2,396.15176
16E_1990,1411,6,interior,MLD2,19.16356
16E_1990,1411,7,interior,MLD2,17.77023
16E_1990,1411,8,interior,MLD2,18.60265
16E_1990,1411,9,interior,MLD2,23.31579
16E_1990,1411,10,interior,MLD2,33.65077
16E_1990,1411,11,interior,MLD2,65.00084
16E_1990,1411,12,interior,MLD2,157.72656
16E_1990,1412,1,labsea,a_ice,0.23482
16E_1990,1412,2,labsea,a_ice,0.24702
16E_1990,1412,3,labsea,a_ice,0.26433
16E_1990,1412,4,labsea,a_ice,0.23754
16E_1990,1412,5,labsea,a_ice,0.20273
16E_1990,1412,6,labsea,a_ice,0.12240
16E_1990,1412,7,labsea,a_ice,0.02774
16E_1990,1412,8,labsea,a_ice,0.00416
16E_1990,1412,9,labsea,a_ice,0.00000
16E_1990,1412,10,labsea,a_ice,0.00012
16E_1990,1412,11,labsea,a_ice,0.00907
16E_1990,1412,12,labsea,a_ice,0.09217
16E_1990,1412,1,interior,a_ice,0.07273
16E_1990,1412,2,interior,a_ice,0.07144
16E_1990,1412,3,interior,a_ice,0.08825
16E_1990,1412,4,interior,a_ice,0.05200
16E_1990,1412,5,interior,a_ice,0.05550
16E_1990,1412,6,interior,a_ice,0.03031
16E_1990,1412,7,interior,a_ice,0.00098
16E_1990,1412,8,interior,a_ice,0.00000
16E_1990,1412,9,interior,a_ice,0.00000
16E_1990,1412,10,interior,a_ice,0.00000
16E_1990,1412,11,interior,a_ice,0.00000
16E_1990,1412,12,interior,a_ice,0.01254
16E_1990,1412,1,labsea,MLD2,824.55448
16E_1990,1412,2,labsea,MLD2,1334.59631
16E_1990,1412,3,labsea,MLD2,1301.65089
16E_1990,1412,4,labsea,MLD2,1027.41531
16E_1990,1412,5,labsea,MLD2,234.11554
16E_1990,1412,6,labsea,MLD2,24.96395
16E_1990,1412,7,labsea,MLD2,14.29312
16E_1990,1412,8,labsea,MLD2,13.27039
16E_1990,1412,9,labsea,MLD2,21.59471
16E_1990,1412,10,labsea,MLD2,29.81004
16E_1990,1412,11,labsea,MLD2,44.64449
16E_1990,1412,12,labsea,MLD2,129.86771
16E_1990,1412,1,interior,MLD2,1238.25375
16E_1990,1412,2,interior,MLD2,1899.94523
16E_1990,1412,3,interior,MLD2,1881.75397
16E_1990,1412,4,interior,MLD2,1548.13288
16E_1990,1412,5,interior,MLD2,258.62880
16E_1990,1412,6,interior,MLD2,33.54680
16E_1990,1412,7,interior,MLD2,15.61841
16E_1990,1412,8,interior,MLD2,13.65109
16E_1990,1412,9,interior,MLD2,23.18307
16E_1990,1412,10,interior,MLD2,31.24822
16E_1990,1412,11,interior,MLD2,50.19259
16E_1990,1412,12,interior,MLD2,186.67898
16E_1990,1413,1,labsea,a_ice,0.17253
16E_1990,1413,2,labsea,a_ice,0.26806
16E_1990,1413,3,labsea,a_ice,0.28463
16E_1990,1413,4,labsea,a_ice,0.24001
16E_1990,1413,5,labsea,a_ice,0.18802
16E_1990,1413,6,labsea,a_ice,0.06796
16E_1990,1413,7,labsea,a_ice,0.00966
16E_1990,1413,8,labsea,a_ice,0.00000
16E_1990,1413,9,labsea,a_ice,0.00000
16E_1990,1413,10,labsea,a_ice,0.00000
16E_1990,1413,11,labsea,a_ice,0.01028
16E_1990,1413,12,labsea,a_ice,0.08360
16E_1990,1413,1,interior,a_ice,0.01581
16E_1990,1413,2,interior,a_ice,0.11047
16E_1990,1413,3,interior,a_ice,0.11840
16E_1990,1413,4,interior,a_ice,0.07500
16E_1990,1413,5,interior,a_ice,0.07070
16E_1990,1413,6,interior,a_ice,0.02601
16E_1990,1413,7,interior,a_ice,0.00000
16E_1990,1413,8,interior,a_ice,0.00000
16E_1990,1413,9,interior,a_ice,0.00000
16E_1990,1413,10,interior,a_ice,0.00000
16E_1990,1413,11,interior,a_ice,0.00000
16E_1990,1413,12,interior,a_ice,0.00112
16E_1990,1413,1,labsea,MLD2,683.97592
16E_1990,1413,2,labsea,MLD2,1330.00053
16E_1990,1413,3,labsea,MLD2,1261.05894
16E_1990,1413,4,labsea,MLD2,1079.57190
16E_1990,1413,5,labsea,MLD2,491.68138
16E_1990,1413,6,labsea,MLD2,15.90369
16E_1990,1413,7,labsea,MLD2,12.81410
16E_1990,1413,8,labsea,MLD2,12.27041
16E_1990,1413,9,labsea,MLD2,14.95265
16E_1990,1413,10,labsea,MLD2,24.60202
16E_1990,1413,11,labsea,MLD2,36.18714
16E_1990,1413,12,labsea,MLD2,66.80090
16E_1990,1413,1,interior,MLD2,1279.05196
16E_1990,1413,2,interior,MLD2,2066.26601
16E_1990,1413,3,interior,MLD2,1933.05413
16E_1990,1413,4,interior,MLD2,1749.48244
16E_1990,1413,5,interior,MLD2,838.23999
16E_1990,1413,6,interior,MLD2,20.30784
16E_1990,1413,7,interior,MLD2,14.91333
16E_1990,1413,8,interior,MLD2,13.58964
16E_1990,1413,9,interior,MLD2,16.50669
16E_1990,1413,10,interior,MLD2,26.31493
16E_1990,1413,11,interior,MLD2,39.47333
16E_1990,1413,12,interior,MLD2,93.18083
16E_1990,1414,1,labsea,a_ice,0.21304
16E_1990,1414,2,labsea,a_ice,0.24453
16E_1990,1414,3,labsea,a_ice,0.26409
16E_1990,1414,4,labsea,a_ice,0.27632
16E_1990,1414,5,labsea,a_ice,0.17667
16E_1990,1414,6,labsea,a_ice,0.06715
16E_1990,1414,7,labsea,a_ice,0.01729
16E_1990,1414,8,labsea,a_ice,0.00185
16E_1990,1414,9,labsea,a_ice,0.00000
16E_1990,1414,10,labsea,a_ice,0.00001
16E_1990,1414,11,labsea,a_ice,0.01322
16E_1990,1414,12,labsea,a_ice,0.08922
16E_1990,1414,1,interior,a_ice,0.05324
16E_1990,1414,2,interior,a_ice,0.09349
16E_1990,1414,3,interior,a_ice,0.11821
16E_1990,1414,4,interior,a_ice,0.11917
16E_1990,1414,5,interior,a_ice,0.03714
16E_1990,1414,6,interior,a_ice,0.00133
16E_1990,1414,7,interior,a_ice,0.00000
16E_1990,1414,8,interior,a_ice,0.00000
16E_1990,1414,9,interior,a_ice,0.00000
16E_1990,1414,10,interior,a_ice,0.00000
16E_1990,1414,11,interior,a_ice,0.00000
16E_1990,1414,12,interior,a_ice,0.00155
16E_1990,1414,1,labsea,MLD2,705.37130
16E_1990,1414,2,labsea,MLD2,1105.53744
16E_1990,1414,3,labsea,MLD2,966.35924
16E_1990,1414,4,labsea,MLD2,761.71421
16E_1990,1414,5,labsea,MLD2,218.69425
16E_1990,1414,6,labsea,MLD2,14.29393
16E_1990,1414,7,labsea,MLD2,12.40330
16E_1990,1414,8,labsea,MLD2,12.78916
16E_1990,1414,9,labsea,MLD2,16.96550
16E_1990,1414,10,labsea,MLD2,23.76349
16E_1990,1414,11,labsea,MLD2,45.41204
16E_1990,1414,12,labsea,MLD2,94.43333
16E_1990,1414,1,interior,MLD2,1032.94878
16E_1990,1414,2,interior,MLD2,1560.50036
16E_1990,1414,3,interior,MLD2,1318.56233
16E_1990,1414,4,interior,MLD2,874.80762
16E_1990,1414,5,interior,MLD2,254.47117
16E_1990,1414,6,interior,MLD2,15.10241
16E_1990,1414,7,interior,MLD2,13.30918
16E_1990,1414,8,interior,MLD2,14.56299
16E_1990,1414,9,interior,MLD2,18.88373
16E_1990,1414,10,interior,MLD2,26.49494
16E_1990,1414,11,interior,MLD2,47.13228
16E_1990,1414,12,interior,MLD2,119.34785
16E_1990,1415,1,labsea,a_ice,0.24674
16E_1990,1415,2,labsea,a_ice,0.29404
16E_1990,1415,3,labsea,a_ice,0.30482
16E_1990,1415,4,labsea,a_ice,0.26734
16E_1990,1415,5,labsea,a_ice,0.22222
16E_1990,1415,6,labsea,a_ice,0.12735
16E_1990,1415,7,labsea,a_ice,0.02613
16E_1990,1415,8,labsea,a_ice,0.00001
16E_1990,1415,9,labsea,a_ice,0.00000
16E_1990,1415,10,labsea,a_ice,0.00005
16E_1990,1415,11,labsea,a_ice,0.02958
16E_1990,1415,12,labsea,a_ice,0.12778
16E_1990,1415,1,interior,a_ice,0.08604
16E_1990,1415,2,interior,a_ice,0.10607
16E_1990,1415,3,interior,a_ice,0.12622
16E_1990,1415,4,interior,a_ice,0.10397
16E_1990,1415,5,interior,a_ice,0.05003
16E_1990,1415,6,interior,a_ice,0.00719
16E_1990,1415,7,interior,a_ice,0.00070
16E_1990,1415,8,interior,a_ice,0.00000
16E_1990,1415,9,interior,a_ice,0.00000
16E_1990,1415,10,interior,a_ice,0.00000
16E_1990,1415,11,interior,a_ice,0.00010
16E_1990,1415,12,interior,a_ice,0.01982
16E_1990,1415,1,labsea,MLD2,352.65943
16E_1990,1415,2,labsea,MLD2,788.55958
16E_1990,1415,3,labsea,MLD2,832.26280
16E_1990,1415,4,labsea,MLD2,518.33299
16E_1990,1415,5,labsea,MLD2,170.85349
16E_1990,1415,6,labsea,MLD2,17.54582
16E_1990,1415,7,labsea,MLD2,12.41871
16E_1990,1415,8,labsea,MLD2,13.44880
16E_1990,1415,9,labsea,MLD2,15.65254
16E_1990,1415,10,labsea,MLD2,24.99966
16E_1990,1415,11,labsea,MLD2,47.14795
16E_1990,1415,12,labsea,MLD2,79.77540
16E_1990,1415,1,interior,MLD2,482.12767
16E_1990,1415,2,interior,MLD2,1343.05092
16E_1990,1415,3,interior,MLD2,1386.42161
16E_1990,1415,4,interior,MLD2,838.08255
16E_1990,1415,5,interior,MLD2,382.21976
16E_1990,1415,6,interior,MLD2,22.69088
16E_1990,1415,7,interior,MLD2,13.67779
16E_1990,1415,8,interior,MLD2,15.39439
16E_1990,1415,9,interior,MLD2,16.55054
16E_1990,1415,10,interior,MLD2,26.39521
16E_1990,1415,11,interior,MLD2,53.07535
16E_1990,1415,12,interior,MLD2,102.33480
16E_1990,1416,1,labsea,a_ice,0.24353
16E_1990,1416,2,labsea,a_ice,0.27280
16E_1990,1416,3,labsea,a_ice,0.31744
16E_1990,1416,4,labsea,a_ice,0.24974
16E_1990,1416,5,labsea,a_ice,0.17667
16E_1990,1416,6,labsea,a_ice,0.11979
16E_1990,1416,7,labsea,a_ice,0.03463
16E_1990,1416,8,labsea,a_ice,0.00310
16E_1990,1416,9,labsea,a_ice,0.00000
16E_1990,1416,10,labsea,a_ice,0.00023
16E_1990,1416,11,labsea,a_ice,0.02748
16E_1990,1416,12,labsea,a_ice,0.12765
16E_1990,1416,1,interior,a_ice,0.08139
16E_1990,1416,2,interior,a_ice,0.11124
16E_1990,1416,3,interior,a_ice,0.14358
16E_1990,1416,4,interior,a_ice,0.10194
16E_1990,1416,5,interior,a_ice,0.03579
16E_1990,1416,6,interior,a_ice,0.02351
16E_1990,1416,7,interior,a_ice,0.00047
16E_1990,1416,8,interior,a_ice,0.00000
16E_1990,1416,9,interior,a_ice,0.00000
16E_1990,1416,10,interior,a_ice,0.00000
16E_1990,1416,11,interior,a_ice,0.00000
16E_1990,1416,12,interior,a_ice,0.00948
16E_1990,1416,1,labsea,MLD2,209.47477
16E_1990,1416,2,labsea,MLD2,726.55220
16E_1990,1416,3,labsea,MLD2,1026.96903
16E_1990,1416,4,labsea,MLD2,851.23121
16E_1990,1416,5,labsea,MLD2,79.33559
16E_1990,1416,6,labsea,MLD2,15.91977
16E_1990,1416,7,labsea,MLD2,14.41738
16E_1990,1416,8,labsea,MLD2,12.82358
16E_1990,1416,9,labsea,MLD2,19.85844
16E_1990,1416,10,labsea,MLD2,26.51144
16E_1990,1416,11,labsea,MLD2,47.92288
16E_1990,1416,12,labsea,MLD2,221.65781
16E_1990,1416,1,interior,MLD2,219.23223
16E_1990,1416,2,interior,MLD2,1026.44313
16E_1990,1416,3,interior,MLD2,1459.53189
16E_1990,1416,4,interior,MLD2,1234.01112
16E_1990,1416,5,interior,MLD2,117.27690
16E_1990,1416,6,interior,MLD2,21.01378
16E_1990,1416,7,interior,MLD2,17.77551
16E_1990,1416,8,interior,MLD2,14.50865
16E_1990,1416,9,interior,MLD2,22.10338
16E_1990,1416,10,interior,MLD2,31.14775
16E_1990,1416,11,interior,MLD2,56.49961
16E_1990,1416,12,interior,MLD2,421.38479
16E_1990,1417,1,labsea,a_ice,0.25168
16E_1990,1417,2,labsea,a_ice,0.31381
16E_1990,1417,3,labsea,a_ice,0.28988
16E_1990,1417,4,labsea,a_ice,0.28620
16E_1990,1417,5,labsea,a_ice,0.23944
16E_1990,1417,6,labsea,a_ice,0.13306
16E_1990,1417,7,labsea,a_ice,0.01828
16E_1990,1417,8,labsea,a_ice,0.00002
16E_1990,1417,9,labsea,a_ice,0.00000
16E_1990,1417,10,labsea,a_ice,0.00003
16E_1990,1417,11,labsea,a_ice,0.03240
16E_1990,1417,12,labsea,a_ice,0.13295
16E_1990,1417,1,interior,a_ice,0.08013
16E_1990,1417,2,interior,a_ice,0.13022
16E_1990,1417,3,interior,a_ice,0.09977
16E_1990,1417,4,interior,a_ice,0.10555
16E_1990,1417,5,interior,a_ice,0.08617
16E_1990,1417,6,interior,a_ice,0.01431
16E_1990,1417,7,interior,a_ice,0.00039
16E_1990,1417,8,interior,a_ice,0.00000
16E_1990,1417,9,interior,a_ice,0.00000
16E_1990,1417,10,interior,a_ice,0.00000
16E_1990,1417,11,interior,a_ice,0.00000
16E_1990,1417,12,interior,a_ice,0.01700
16E_1990,1417,1,labsea,MLD2,995.22250
16E_1990,1417,2,labsea,MLD2,1242.17037
16E_1990,1417,3,labsea,MLD2,1203.66438
16E_1990,1417,4,labsea,MLD2,986.65612
16E_1990,1417,5,labsea,MLD2,383.72238
16E_1990,1417,6,labsea,MLD2,16.23983
16E_1990,1417,7,labsea,MLD2,14.70260
16E_1990,1417,8,labsea,MLD2,15.24320
16E_1990,1417,9,labsea,MLD2,18.35576
16E_1990,1417,10,labsea,MLD2,27.85202
16E_1990,1417,11,labsea,MLD2,55.99495
16E_1990,1417,12,labsea,MLD2,152.82634
16E_1990,1417,1,interior,MLD2,1715.05781
16E_1990,1417,2,interior,MLD2,1925.17172
16E_1990,1417,3,interior,MLD2,1815.80714
16E_1990,1417,4,interior,MLD2,1408.34843
16E_1990,1417,5,interior,MLD2,625.05040
16E_1990,1417,6,interior,MLD2,20.52462
16E_1990,1417,7,interior,MLD2,17.59267
16E_1990,1417,8,interior,MLD2,17.08614
16E_1990,1417,9,interior,MLD2,19.91669
16E_1990,1417,10,interior,MLD2,29.99095
16E_1990,1417,11,interior,MLD2,73.16954
16E_1990,1417,12,interior,MLD2,229.60734
16E_1990,1418,1,labsea,a_ice,0.24483
16E_1990,1418,2,labsea,a_ice,0.30527
16E_1990,1418,3,labsea,a_ice,0.30431
16E_1990,1418,4,labsea,a_ice,0.29654
16E_1990,1418,5,labsea,a_ice,0.19769
16E_1990,1418,6,labsea,a_ice,0.11119
16E_1990,1418,7,labsea,a_ice,0.01166
16E_1990,1418,8,labsea,a_ice,0.00000
16E_1990,1418,9,labsea,a_ice,0.00000
16E_1990,1418,10,labsea,a_ice,0.00002
16E_1990,1418,11,labsea,a_ice,0.02086
16E_1990,1418,12,labsea,a_ice,0.17701
16E_1990,1418,1,interior,a_ice,0.07780
16E_1990,1418,2,interior,a_ice,0.11471
16E_1990,1418,3,interior,a_ice,0.11636
16E_1990,1418,4,interior,a_ice,0.12200
16E_1990,1418,5,interior,a_ice,0.05994
16E_1990,1418,6,interior,a_ice,0.00091
16E_1990,1418,7,interior,a_ice,0.00007
16E_1990,1418,8,interior,a_ice,0.00000
16E_1990,1418,9,interior,a_ice,0.00000
16E_1990,1418,10,interior,a_ice,0.00000
16E_1990,1418,11,interior,a_ice,0.00011
16E_1990,1418,12,interior,a_ice,0.03895
16E_1990,1418,1,labsea,MLD2,816.60504
16E_1990,1418,2,labsea,MLD2,1214.47659
16E_1990,1418,3,labsea,MLD2,1338.52706
16E_1990,1418,4,labsea,MLD2,1152.03754
16E_1990,1418,5,labsea,MLD2,300.03729
16E_1990,1418,6,labsea,MLD2,16.16245
16E_1990,1418,7,labsea,MLD2,12.48981
16E_1990,1418,8,labsea,MLD2,13.07453
16E_1990,1418,9,labsea,MLD2,19.29970
16E_1990,1418,10,labsea,MLD2,30.65155
16E_1990,1418,11,labsea,MLD2,50.39100
16E_1990,1418,12,labsea,MLD2,322.51505
16E_1990,1418,1,interior,MLD2,1327.44423
16E_1990,1418,2,interior,MLD2,1767.62595
16E_1990,1418,3,interior,MLD2,1888.23095
16E_1990,1418,4,interior,MLD2,1653.33403
16E_1990,1418,5,interior,MLD2,526.22121
16E_1990,1418,6,interior,MLD2,17.68458
16E_1990,1418,7,interior,MLD2,14.71991
16E_1990,1418,8,interior,MLD2,14.69041
16E_1990,1418,9,interior,MLD2,21.75123
16E_1990,1418,10,interior,MLD2,33.30565
16E_1990,1418,11,interior,MLD2,64.70540
16E_1990,1418,12,interior,MLD2,387.87405
16E_1990,1419,1,labsea,a_ice,0.29008
16E_1990,1419,2,labsea,a_ice,0.30957
16E_1990,1419,3,labsea,a_ice,0.30288
16E_1990,1419,4,labsea,a_ice,0.27735
16E_1990,1419,5,labsea,a_ice,0.23177
16E_1990,1419,6,labsea,a_ice,0.11924
16E_1990,1419,7,labsea,a_ice,0.00811
16E_1990,1419,8,labsea,a_ice,0.00000
16E_1990,1419,9,labsea,a_ice,0.00000
16E_1990,1419,10,labsea,a_ice,0.00000
16E_1990,1419,11,labsea,a_ice,0.02261
16E_1990,1419,12,labsea,a_ice,0.15130
16E_1990,1419,1,interior,a_ice,0.10613
16E_1990,1419,2,interior,a_ice,0.10267
16E_1990,1419,3,interior,a_ice,0.11840
16E_1990,1419,4,interior,a_ice,0.07116
16E_1990,1419,5,interior,a_ice,0.06587
16E_1990,1419,6,interior,a_ice,0.03040
16E_1990,1419,7,interior,a_ice,0.00107
16E_1990,1419,8,interior,a_ice,0.00000
16E_1990,1419,9,interior,a_ice,0.00000
16E_1990,1419,10,interior,a_ice,0.00000
16E_1990,1419,11,interior,a_ice,0.00000
16E_1990,1419,12,interior,a_ice,0.03588
16E_1990,1419,1,labsea,MLD2,963.34883
16E_1990,1419,2,labsea,MLD2,1142.42554
16E_1990,1419,3,labsea,MLD2,1108.06583
16E_1990,1419,4,labsea,MLD2,922.41225
16E_1990,1419,5,labsea,MLD2,363.49884
16E_1990,1419,6,labsea,MLD2,13.31707
16E_1990,1419,7,labsea,MLD2,11.86347
16E_1990,1419,8,labsea,MLD2,15.18357
16E_1990,1419,9,labsea,MLD2,23.18662
16E_1990,1419,10,labsea,MLD2,26.72304
16E_1990,1419,11,labsea,MLD2,41.53902
16E_1990,1419,12,labsea,MLD2,139.47135
16E_1990,1419,1,interior,MLD2,1264.04891
16E_1990,1419,2,interior,MLD2,1627.53689
16E_1990,1419,3,interior,MLD2,1567.99240
16E_1990,1419,4,interior,MLD2,1445.42140
16E_1990,1419,5,interior,MLD2,592.09168
16E_1990,1419,6,interior,MLD2,14.99460
16E_1990,1419,7,interior,MLD2,13.21694
16E_1990,1419,8,interior,MLD2,16.59723
16E_1990,1419,9,interior,MLD2,23.83893
16E_1990,1419,10,interior,MLD2,27.78322
16E_1990,1419,11,interior,MLD2,40.03946
16E_1990,1419,12,interior,MLD2,123.75443
