CM33_SPIN,1350,1,labsea,a_ice,0.22320
CM33_SPIN,1350,2,labsea,a_ice,0.34360
CM33_SPIN,1350,3,labsea,a_ice,0.37651
CM33_SPIN,1350,4,labsea,a_ice,0.33641
CM33_SPIN,1350,5,labsea,a_ice,0.29107
CM33_SPIN,1350,6,labsea,a_ice,0.18338
CM33_SPIN,1350,7,labsea,a_ice,0.05324
CM33_SPIN,1350,8,labsea,a_ice,0.01324
CM33_SPIN,1350,9,labsea,a_ice,0.00850
CM33_SPIN,1350,10,labsea,a_ice,0.02460
CM33_SPIN,1350,11,labsea,a_ice,0.12133
CM33_SPIN,1350,12,labsea,a_ice,0.18323
CM33_SPIN,1350,1,interior,a_ice,0.04819
CM33_SPIN,1350,2,interior,a_ice,0.26283
CM33_SPIN,1350,3,interior,a_ice,0.29016
CM33_SPIN,1350,4,interior,a_ice,0.17622
CM33_SPIN,1350,5,interior,a_ice,0.09973
CM33_SPIN,1350,6,interior,a_ice,0.05372
CM33_SPIN,1350,7,interior,a_ice,0.00305
CM33_SPIN,1350,8,interior,a_ice,0.00000
CM33_SPIN,1350,9,interior,a_ice,0.00000
CM33_SPIN,1350,10,interior,a_ice,0.00000
CM33_SPIN,1350,11,interior,a_ice,0.01322
CM33_SPIN,1350,12,interior,a_ice,0.03086
CM33_SPIN,1350,1,labsea,MLD2,650.11929
CM33_SPIN,1350,2,labsea,MLD2,1072.72071
CM33_SPIN,1350,3,labsea,MLD2,1108.94441
CM33_SPIN,1350,4,labsea,MLD2,1142.11196
CM33_SPIN,1350,5,labsea,MLD2,1076.80056
CM33_SPIN,1350,6,labsea,MLD2,169.19943
CM33_SPIN,1350,7,labsea,MLD2,11.81835
CM33_SPIN,1350,8,labsea,MLD2,21.16376
CM33_SPIN,1350,9,labsea,MLD2,30.19912
CM33_SPIN,1350,10,labsea,MLD2,46.16475
CM33_SPIN,1350,11,labsea,MLD2,494.53158
CM33_SPIN,1350,12,labsea,MLD2,1031.89856
CM33_SPIN,1350,1,interior,MLD2,1179.71846
CM33_SPIN,1350,2,interior,MLD2,1675.75967
CM33_SPIN,1350,3,interior,MLD2,1576.70457
CM33_SPIN,1350,4,interior,MLD2,1927.10071
CM33_SPIN,1350,5,interior,MLD2,2074.47430
CM33_SPIN,1350,6,interior,MLD2,421.56450
CM33_SPIN,1350,7,interior,MLD2,13.37580
CM33_SPIN,1350,8,interior,MLD2,26.07693
CM33_SPIN,1350,9,interior,MLD2,34.97677
CM33_SPIN,1350,10,interior,MLD2,66.57305
CM33_SPIN,1350,11,interior,MLD2,1137.48618
CM33_SPIN,1350,12,interior,MLD2,2171.37524
CM33_SPIN,1351,1,labsea,a_ice,0.18573
CM33_SPIN,1351,2,labsea,a_ice,0.24054
CM33_SPIN,1351,3,labsea,a_ice,0.26013
CM33_SPIN,1351,4,labsea,a_ice,0.22992
CM33_SPIN,1351,5,labsea,a_ice,0.21845
CM33_SPIN,1351,6,labsea,a_ice,0.10891
CM33_SPIN,1351,7,labsea,a_ice,0.04904
CM33_SPIN,1351,8,labsea,a_ice,0.01080
CM33_SPIN,1351,9,labsea,a_ice,0.00118
CM33_SPIN,1351,10,labsea,a_ice,0.00959
CM33_SPIN,1351,11,labsea,a_ice,0.05933
CM33_SPIN,1351,12,labsea,a_ice,0.17288
CM33_SPIN,1351,1,interior,a_ice,0.03001
CM33_SPIN,1351,2,interior,a_ice,0.06778
CM33_SPIN,1351,3,interior,a_ice,0.06284
CM33_SPIN,1351,4,interior,a_ice,0.10622
CM33_SPIN,1351,5,interior,a_ice,0.08907
CM33_SPIN,1351,6,interior,a_ice,0.03182
CM33_SPIN,1351,7,interior,a_ice,0.00309
CM33_SPIN,1351,8,interior,a_ice,0.00000
CM33_SPIN,1351,9,interior,a_ice,0.00000
CM33_SPIN,1351,10,interior,a_ice,0.00000
CM33_SPIN,1351,11,interior,a_ice,0.00014
CM33_SPIN,1351,12,interior,a_ice,0.03605
CM33_SPIN,1351,1,labsea,MLD2,1145.65997
CM33_SPIN,1351,2,labsea,MLD2,1251.59070
CM33_SPIN,1351,3,labsea,MLD2,1353.97272
CM33_SPIN,1351,4,labsea,MLD2,1116.89026
CM33_SPIN,1351,5,labsea,MLD2,859.92347
CM33_SPIN,1351,6,labsea,MLD2,88.57275
CM33_SPIN,1351,7,labsea,MLD2,15.54347
CM33_SPIN,1351,8,labsea,MLD2,18.03805
CM33_SPIN,1351,9,labsea,MLD2,21.34004
CM33_SPIN,1351,10,labsea,MLD2,33.53714
CM33_SPIN,1351,11,labsea,MLD2,71.80582
CM33_SPIN,1351,12,labsea,MLD2,575.50695
CM33_SPIN,1351,1,interior,MLD2,2310.12408
CM33_SPIN,1351,2,interior,MLD2,2417.71317
CM33_SPIN,1351,3,interior,MLD2,2550.33999
CM33_SPIN,1351,4,interior,MLD2,2237.94303
CM33_SPIN,1351,5,interior,MLD2,1965.85221
CM33_SPIN,1351,6,interior,MLD2,221.04113
CM33_SPIN,1351,7,interior,MLD2,18.91165
CM33_SPIN,1351,8,interior,MLD2,19.52590
CM33_SPIN,1351,9,interior,MLD2,23.62964
CM33_SPIN,1351,10,interior,MLD2,36.04192
CM33_SPIN,1351,11,interior,MLD2,79.17870
CM33_SPIN,1351,12,interior,MLD2,1235.98812
CM33_SPIN,1352,1,labsea,a_ice,0.20054
CM33_SPIN,1352,2,labsea,a_ice,0.23398
CM33_SPIN,1352,3,labsea,a_ice,0.29588
CM33_SPIN,1352,4,labsea,a_ice,0.28339
CM33_SPIN,1352,5,labsea,a_ice,0.27151
CM33_SPIN,1352,6,labsea,a_ice,0.18560
CM33_SPIN,1352,7,labsea,a_ice,0.06127
CM33_SPIN,1352,8,labsea,a_ice,0.00185
CM33_SPIN,1352,9,labsea,a_ice,0.00012
CM33_SPIN,1352,10,labsea,a_ice,0.01867
CM33_SPIN,1352,11,labsea,a_ice,0.10532
CM33_SPIN,1352,12,labsea,a_ice,0.27552
CM33_SPIN,1352,1,interior,a_ice,0.03179
CM33_SPIN,1352,2,interior,a_ice,0.03394
CM33_SPIN,1352,3,interior,a_ice,0.08283
CM33_SPIN,1352,4,interior,a_ice,0.10875
CM33_SPIN,1352,5,interior,a_ice,0.12751
CM33_SPIN,1352,6,interior,a_ice,0.04337
CM33_SPIN,1352,7,interior,a_ice,0.01057
CM33_SPIN,1352,8,interior,a_ice,0.00012
CM33_SPIN,1352,9,interior,a_ice,0.00000
CM33_SPIN,1352,10,interior,a_ice,0.00000
CM33_SPIN,1352,11,interior,a_ice,0.00701
CM33_SPIN,1352,12,interior,a_ice,0.13916
CM33_SPIN,1352,1,labsea,MLD2,981.78506
CM33_SPIN,1352,2,labsea,MLD2,1044.79811
CM33_SPIN,1352,3,labsea,MLD2,1066.11961
CM33_SPIN,1352,4,labsea,MLD2,985.38000
CM33_SPIN,1352,5,labsea,MLD2,671.05981
CM33_SPIN,1352,6,labsea,MLD2,79.03030
CM33_SPIN,1352,7,labsea,MLD2,15.62721
CM33_SPIN,1352,8,labsea,MLD2,12.87453
CM33_SPIN,1352,9,labsea,MLD2,22.21000
CM33_SPIN,1352,10,labsea,MLD2,36.93189
CM33_SPIN,1352,11,labsea,MLD2,238.74291
CM33_SPIN,1352,12,labsea,MLD2,691.07202
CM33_SPIN,1352,1,interior,MLD2,2045.83521
CM33_SPIN,1352,2,interior,MLD2,2205.74267
CM33_SPIN,1352,3,interior,MLD2,2074.84424
CM33_SPIN,1352,4,interior,MLD2,1813.58856
CM33_SPIN,1352,5,interior,MLD2,1440.91372
CM33_SPIN,1352,6,interior,MLD2,211.04416
CM33_SPIN,1352,7,interior,MLD2,18.43731
CM33_SPIN,1352,8,interior,MLD2,14.50457
CM33_SPIN,1352,9,interior,MLD2,24.41475
CM33_SPIN,1352,10,interior,MLD2,40.22072
CM33_SPIN,1352,11,interior,MLD2,454.80814
CM33_SPIN,1352,12,interior,MLD2,1378.91708
CM33_SPIN,1353,1,labsea,a_ice,0.43706
CM33_SPIN,1353,2,labsea,a_ice,0.46101
CM33_SPIN,1353,3,labsea,a_ice,0.41225
CM33_SPIN,1353,4,labsea,a_ice,0.40254
CM33_SPIN,1353,5,labsea,a_ice,0.29235
CM33_SPIN,1353,6,labsea,a_ice,0.15922
CM33_SPIN,1353,7,labsea,a_ice,0.05480
CM33_SPIN,1353,8,labsea,a_ice,0.00326
CM33_SPIN,1353,9,labsea,a_ice,0.00000
CM33_SPIN,1353,10,labsea,a_ice,0.01661
CM33_SPIN,1353,11,labsea,a_ice,0.09712
CM33_SPIN,1353,12,labsea,a_ice,0.22247
CM33_SPIN,1353,1,interior,a_ice,0.25224
CM33_SPIN,1353,2,interior,a_ice,0.22657
CM33_SPIN,1353,3,interior,a_ice,0.20152
CM33_SPIN,1353,4,interior,a_ice,0.20529
CM33_SPIN,1353,5,interior,a_ice,0.13879
CM33_SPIN,1353,6,interior,a_ice,0.02165
CM33_SPIN,1353,7,interior,a_ice,0.00107
CM33_SPIN,1353,8,interior,a_ice,0.00000
CM33_SPIN,1353,9,interior,a_ice,0.00000
CM33_SPIN,1353,10,interior,a_ice,0.00000
CM33_SPIN,1353,11,interior,a_ice,0.00445
CM33_SPIN,1353,12,interior,a_ice,0.04630
CM33_SPIN,1353,1,labsea,MLD2,935.16074
CM33_SPIN,1353,2,labsea,MLD2,1108.94684
CM33_SPIN,1353,3,labsea,MLD2,1145.35871
CM33_SPIN,1353,4,labsea,MLD2,957.32926
CM33_SPIN,1353,5,labsea,MLD2,214.27658
CM33_SPIN,1353,6,labsea,MLD2,14.94002
CM33_SPIN,1353,7,labsea,MLD2,12.63427
CM33_SPIN,1353,8,labsea,MLD2,12.79873
CM33_SPIN,1353,9,labsea,MLD2,18.68244
CM33_SPIN,1353,10,labsea,MLD2,29.82871
CM33_SPIN,1353,11,labsea,MLD2,40.73369
CM33_SPIN,1353,12,labsea,MLD2,79.79428
CM33_SPIN,1353,1,interior,MLD2,1617.64888
CM33_SPIN,1353,2,interior,MLD2,1916.10027
CM33_SPIN,1353,3,interior,MLD2,1879.16354
CM33_SPIN,1353,4,interior,MLD2,1576.20733
CM33_SPIN,1353,5,interior,MLD2,339.80132
CM33_SPIN,1353,6,interior,MLD2,18.37736
CM33_SPIN,1353,7,interior,MLD2,13.78665
CM33_SPIN,1353,8,interior,MLD2,14.57545
CM33_SPIN,1353,9,interior,MLD2,19.97460
CM33_SPIN,1353,10,interior,MLD2,31.74784
CM33_SPIN,1353,11,interior,MLD2,40.40236
CM33_SPIN,1353,12,interior,MLD2,54.50638
CM33_SPIN,1354,1,labsea,a_ice,0.31647
CM33_SPIN,1354,2,labsea,a_ice,0.38987
CM33_SPIN,1354,3,labsea,a_ice,0.39043
CM33_SPIN,1354,4,labsea,a_ice,0.34819
CM33_SPIN,1354,5,labsea,a_ice,0.30345
CM33_SPIN,1354,6,labsea,a_ice,0.23125
CM33_SPIN,1354,7,labsea,a_ice,0.10124
CM33_SPIN,1354,8,labsea,a_ice,0.02763
CM33_SPIN,1354,9,labsea,a_ice,0.00787
CM33_SPIN,1354,10,labsea,a_ice,0.01205
CM33_SPIN,1354,11,labsea,a_ice,0.11680
CM33_SPIN,1354,12,labsea,a_ice,0.25088
CM33_SPIN,1354,1,interior,a_ice,0.11794
CM33_SPIN,1354,2,interior,a_ice,0.18479
CM33_SPIN,1354,3,interior,a_ice,0.19797
CM33_SPIN,1354,4,interior,a_ice,0.14823
CM33_SPIN,1354,5,interior,a_ice,0.10602
CM33_SPIN,1354,6,interior,a_ice,0.05476
CM33_SPIN,1354,7,interior,a_ice,0.01479
CM33_SPIN,1354,8,interior,a_ice,0.00038
CM33_SPIN,1354,9,interior,a_ice,0.00000
CM33_SPIN,1354,10,interior,a_ice,0.00000
CM33_SPIN,1354,11,interior,a_ice,0.01250
CM33_SPIN,1354,12,interior,a_ice,0.07969
CM33_SPIN,1354,1,labsea,MLD2,532.19966
CM33_SPIN,1354,2,labsea,MLD2,1082.68712
CM33_SPIN,1354,3,labsea,MLD2,1196.91876
CM33_SPIN,1354,4,labsea,MLD2,1074.68930
CM33_SPIN,1354,5,labsea,MLD2,503.88845
CM33_SPIN,1354,6,labsea,MLD2,18.60892
CM33_SPIN,1354,7,labsea,MLD2,15.25192
CM33_SPIN,1354,8,labsea,MLD2,16.49826
CM33_SPIN,1354,9,labsea,MLD2,21.16253
CM33_SPIN,1354,10,labsea,MLD2,35.03819
CM33_SPIN,1354,11,labsea,MLD2,348.49856
CM33_SPIN,1354,12,labsea,MLD2,1412.13666
CM33_SPIN,1354,1,interior,MLD2,997.13243
CM33_SPIN,1354,2,interior,MLD2,1903.85241
CM33_SPIN,1354,3,interior,MLD2,1869.65454
CM33_SPIN,1354,4,interior,MLD2,1604.34245
CM33_SPIN,1354,5,interior,MLD2,938.50817
CM33_SPIN,1354,6,interior,MLD2,22.60852
CM33_SPIN,1354,7,interior,MLD2,17.96523
CM33_SPIN,1354,8,interior,MLD2,17.47053
CM33_SPIN,1354,9,interior,MLD2,20.90312
CM33_SPIN,1354,10,interior,MLD2,36.67510
CM33_SPIN,1354,11,interior,MLD2,806.62816
CM33_SPIN,1354,12,interior,MLD2,2379.48631
CM33_SPIN,1355,1,labsea,a_ice,0.33852
CM33_SPIN,1355,2,labsea,a_ice,0.36197
CM33_SPIN,1355,3,labsea,a_ice,0.31485
CM33_SPIN,1355,4,labsea,a_ice,0.30529
CM33_SPIN,1355,5,labsea,a_ice,0.31059
CM33_SPIN,1355,6,labsea,a_ice,0.22628
CM33_SPIN,1355,7,labsea,a_ice,0.09113
CM33_SPIN,1355,8,labsea,a_ice,0.03085
CM33_SPIN,1355,9,labsea,a_ice,0.01083
CM33_SPIN,1355,10,labsea,a_ice,0.01424
CM33_SPIN,1355,11,labsea,a_ice,0.08376
CM33_SPIN,1355,12,labsea,a_ice,0.22474
CM33_SPIN,1355,1,interior,a_ice,0.15298
CM33_SPIN,1355,2,interior,a_ice,0.14465
CM33_SPIN,1355,3,interior,a_ice,0.08517
CM33_SPIN,1355,4,interior,a_ice,0.10625
CM33_SPIN,1355,5,interior,a_ice,0.19702
CM33_SPIN,1355,6,interior,a_ice,0.09360
CM33_SPIN,1355,7,interior,a_ice,0.01514
CM33_SPIN,1355,8,interior,a_ice,0.00000
CM33_SPIN,1355,9,interior,a_ice,0.00000
CM33_SPIN,1355,10,interior,a_ice,0.00000
CM33_SPIN,1355,11,interior,a_ice,0.00128
CM33_SPIN,1355,12,interior,a_ice,0.04782
CM33_SPIN,1355,1,labsea,MLD2,1397.21496
CM33_SPIN,1355,2,labsea,MLD2,1385.31416
CM33_SPIN,1355,3,labsea,MLD2,1223.54527
CM33_SPIN,1355,4,labsea,MLD2,952.84960
CM33_SPIN,1355,5,labsea,MLD2,429.48413
CM33_SPIN,1355,6,labsea,MLD2,44.22368
CM33_SPIN,1355,7,labsea,MLD2,13.35977
CM33_SPIN,1355,8,labsea,MLD2,13.68215
CM33_SPIN,1355,9,labsea,MLD2,16.44825
CM33_SPIN,1355,10,labsea,MLD2,33.43644
CM33_SPIN,1355,11,labsea,MLD2,153.35314
CM33_SPIN,1355,12,labsea,MLD2,847.96925
CM33_SPIN,1355,1,interior,MLD2,2152.71099
CM33_SPIN,1355,2,interior,MLD2,2211.95378
CM33_SPIN,1355,3,interior,MLD2,1867.52906
CM33_SPIN,1355,4,interior,MLD2,1471.13958
CM33_SPIN,1355,5,interior,MLD2,702.78228
CM33_SPIN,1355,6,interior,MLD2,107.59835
CM33_SPIN,1355,7,interior,MLD2,17.14108
CM33_SPIN,1355,8,interior,MLD2,16.27034
CM33_SPIN,1355,9,interior,MLD2,18.22652
CM33_SPIN,1355,10,interior,MLD2,33.50691
CM33_SPIN,1355,11,interior,MLD2,179.72013
CM33_SPIN,1355,12,interior,MLD2,1840.48527
CM33_SPIN,1356,1,labsea,a_ice,0.33974
CM33_SPIN,1356,2,labsea,a_ice,0.36747
CM33_SPIN,1356,3,labsea,a_ice,0.43292
CM33_SPIN,1356,4,labsea,a_ice,0.46567
CM33_SPIN,1356,5,labsea,a_ice,0.40068
CM33_SPIN,1356,6,labsea,a_ice,0.24359
CM33_SPIN,1356,7,labsea,a_ice,0.09311
CM33_SPIN,1356,8,labsea,a_ice,0.03123
CM33_SPIN,1356,9,labsea,a_ice,0.01834
CM33_SPIN,1356,10,labsea,a_ice,0.03291
CM33_SPIN,1356,11,labsea,a_ice,0.09811
CM33_SPIN,1356,12,labsea,a_ice,0.22701
CM33_SPIN,1356,1,interior,a_ice,0.12746
CM33_SPIN,1356,2,interior,a_ice,0.14310
CM33_SPIN,1356,3,interior,a_ice,0.25500
CM33_SPIN,1356,4,interior,a_ice,0.50698
CM33_SPIN,1356,5,interior,a_ice,0.37572
CM33_SPIN,1356,6,interior,a_ice,0.09260
CM33_SPIN,1356,7,interior,a_ice,0.01530
CM33_SPIN,1356,8,interior,a_ice,0.00000
CM33_SPIN,1356,9,interior,a_ice,0.00000
CM33_SPIN,1356,10,interior,a_ice,0.00000
CM33_SPIN,1356,11,interior,a_ice,0.00025
CM33_SPIN,1356,12,interior,a_ice,0.08064
CM33_SPIN,1356,1,labsea,MLD2,1168.78081
CM33_SPIN,1356,2,labsea,MLD2,1265.91884
CM33_SPIN,1356,3,labsea,MLD2,1167.32526
CM33_SPIN,1356,4,labsea,MLD2,902.13216
CM33_SPIN,1356,5,labsea,MLD2,491.02072
CM33_SPIN,1356,6,labsea,MLD2,25.14459
CM33_SPIN,1356,7,labsea,MLD2,13.55778
CM33_SPIN,1356,8,labsea,MLD2,15.92595
CM33_SPIN,1356,9,labsea,MLD2,18.71493
CM33_SPIN,1356,10,labsea,MLD2,26.03900
CM33_SPIN,1356,11,labsea,MLD2,60.56092
CM33_SPIN,1356,12,labsea,MLD2,767.27344
CM33_SPIN,1356,1,interior,MLD2,2293.29258
CM33_SPIN,1356,2,interior,MLD2,2212.58559
CM33_SPIN,1356,3,interior,MLD2,1734.00682
CM33_SPIN,1356,4,interior,MLD2,789.70981
CM33_SPIN,1356,5,interior,MLD2,130.62142
CM33_SPIN,1356,6,interior,MLD2,16.66939
CM33_SPIN,1356,7,interior,MLD2,14.81755
CM33_SPIN,1356,8,interior,MLD2,16.60054
CM33_SPIN,1356,9,interior,MLD2,18.20367
CM33_SPIN,1356,10,interior,MLD2,25.59999
CM33_SPIN,1356,11,interior,MLD2,41.79648
CM33_SPIN,1356,12,interior,MLD2,1227.68426
CM33_SPIN,1357,1,labsea,a_ice,0.32509
CM33_SPIN,1357,2,labsea,a_ice,0.38163
CM33_SPIN,1357,3,labsea,a_ice,0.41367
CM33_SPIN,1357,4,labsea,a_ice,0.34024
CM33_SPIN,1357,5,labsea,a_ice,0.28241
CM33_SPIN,1357,6,labsea,a_ice,0.20048
CM33_SPIN,1357,7,labsea,a_ice,0.08045
CM33_SPIN,1357,8,labsea,a_ice,0.01342
CM33_SPIN,1357,9,labsea,a_ice,0.00118
CM33_SPIN,1357,10,labsea,a_ice,0.00840
CM33_SPIN,1357,11,labsea,a_ice,0.09630
CM33_SPIN,1357,12,labsea,a_ice,0.19407
CM33_SPIN,1357,1,interior,a_ice,0.12957
CM33_SPIN,1357,2,interior,a_ice,0.16612
CM33_SPIN,1357,3,interior,a_ice,0.22774
CM33_SPIN,1357,4,interior,a_ice,0.18020
CM33_SPIN,1357,5,interior,a_ice,0.11166
CM33_SPIN,1357,6,interior,a_ice,0.06596
CM33_SPIN,1357,7,interior,a_ice,0.02054
CM33_SPIN,1357,8,interior,a_ice,0.00007
CM33_SPIN,1357,9,interior,a_ice,0.00000
CM33_SPIN,1357,10,interior,a_ice,0.00000
CM33_SPIN,1357,11,interior,a_ice,0.00923
CM33_SPIN,1357,12,interior,a_ice,0.05665
CM33_SPIN,1357,1,labsea,MLD2,1425.74986
CM33_SPIN,1357,2,labsea,MLD2,1494.25244
CM33_SPIN,1357,3,labsea,MLD2,1192.70059
CM33_SPIN,1357,4,labsea,MLD2,844.09256
CM33_SPIN,1357,5,labsea,MLD2,330.80565
CM33_SPIN,1357,6,labsea,MLD2,18.61602
CM33_SPIN,1357,7,labsea,MLD2,13.05567
CM33_SPIN,1357,8,labsea,MLD2,14.50932
CM33_SPIN,1357,9,labsea,MLD2,19.27754
CM33_SPIN,1357,10,labsea,MLD2,30.27039
CM33_SPIN,1357,11,labsea,MLD2,111.79937
CM33_SPIN,1357,12,labsea,MLD2,646.44316
CM33_SPIN,1357,1,interior,MLD2,2340.75456
CM33_SPIN,1357,2,interior,MLD2,2295.04620
CM33_SPIN,1357,3,interior,MLD2,1682.92791
CM33_SPIN,1357,4,interior,MLD2,1185.57747
CM33_SPIN,1357,5,interior,MLD2,531.78699
CM33_SPIN,1357,6,interior,MLD2,19.27006
CM33_SPIN,1357,7,interior,MLD2,15.67885
CM33_SPIN,1357,8,interior,MLD2,17.06985
CM33_SPIN,1357,9,interior,MLD2,21.05133
CM33_SPIN,1357,10,interior,MLD2,32.53854
CM33_SPIN,1357,11,interior,MLD2,107.82034
CM33_SPIN,1357,12,interior,MLD2,1300.79660
CM33_SPIN,1358,1,labsea,a_ice,0.29963
CM33_SPIN,1358,2,labsea,a_ice,0.32499
CM33_SPIN,1358,3,labsea,a_ice,0.29635
CM33_SPIN,1358,4,labsea,a_ice,0.28784
CM33_SPIN,1358,5,labsea,a_ice,0.27483
CM33_SPIN,1358,6,labsea,a_ice,0.14718
CM33_SPIN,1358,7,labsea,a_ice,0.04975
CM33_SPIN,1358,8,labsea,a_ice,0.00809
CM33_SPIN,1358,9,labsea,a_ice,0.00119
CM33_SPIN,1358,10,labsea,a_ice,0.01340
CM33_SPIN,1358,11,labsea,a_ice,0.10376
CM33_SPIN,1358,12,labsea,a_ice,0.21077
CM33_SPIN,1358,1,interior,a_ice,0.13208
CM33_SPIN,1358,2,interior,a_ice,0.10986
CM33_SPIN,1358,3,interior,a_ice,0.05826
CM33_SPIN,1358,4,interior,a_ice,0.06479
CM33_SPIN,1358,5,interior,a_ice,0.07435
CM33_SPIN,1358,6,interior,a_ice,0.04679
CM33_SPIN,1358,7,interior,a_ice,0.00085
CM33_SPIN,1358,8,interior,a_ice,0.00000
CM33_SPIN,1358,9,interior,a_ice,0.00000
CM33_SPIN,1358,10,interior,a_ice,0.00004
CM33_SPIN,1358,11,interior,a_ice,0.00471
CM33_SPIN,1358,12,interior,a_ice,0.02133
CM33_SPIN,1358,1,labsea,MLD2,1373.37142
CM33_SPIN,1358,2,labsea,MLD2,1539.11703
CM33_SPIN,1358,3,labsea,MLD2,1455.72144
CM33_SPIN,1358,4,labsea,MLD2,1260.86906
CM33_SPIN,1358,5,labsea,MLD2,459.62118
CM33_SPIN,1358,6,labsea,MLD2,14.16490
CM33_SPIN,1358,7,labsea,MLD2,12.90028
CM33_SPIN,1358,8,labsea,MLD2,13.41901
CM33_SPIN,1358,9,labsea,MLD2,22.40893
CM33_SPIN,1358,10,labsea,MLD2,31.58178
CM33_SPIN,1358,11,labsea,MLD2,133.76683
CM33_SPIN,1358,12,labsea,MLD2,963.24874
CM33_SPIN,1358,1,interior,MLD2,2398.21946
CM33_SPIN,1358,2,interior,MLD2,2413.64671
CM33_SPIN,1358,3,interior,MLD2,2474.56561
CM33_SPIN,1358,4,interior,MLD2,2230.22373
CM33_SPIN,1358,5,interior,MLD2,1082.51466
CM33_SPIN,1358,6,interior,MLD2,18.28466
CM33_SPIN,1358,7,interior,MLD2,15.39481
CM33_SPIN,1358,8,interior,MLD2,15.21578
CM33_SPIN,1358,9,interior,MLD2,25.21736
CM33_SPIN,1358,10,interior,MLD2,35.63012
CM33_SPIN,1358,11,interior,MLD2,179.16289
CM33_SPIN,1358,12,interior,MLD2,2036.51849
CM33_SPIN,1359,1,labsea,a_ice,0.26680
CM33_SPIN,1359,2,labsea,a_ice,0.29667
CM33_SPIN,1359,3,labsea,a_ice,0.30360
CM33_SPIN,1359,4,labsea,a_ice,0.29745
CM33_SPIN,1359,5,labsea,a_ice,0.22535
CM33_SPIN,1359,6,labsea,a_ice,0.14092
CM33_SPIN,1359,7,labsea,a_ice,0.04476
CM33_SPIN,1359,8,labsea,a_ice,0.01011
CM33_SPIN,1359,9,labsea,a_ice,0.00113
CM33_SPIN,1359,10,labsea,a_ice,0.01071
CM33_SPIN,1359,11,labsea,a_ice,0.10087
CM33_SPIN,1359,12,labsea,a_ice,0.27937
CM33_SPIN,1359,1,interior,a_ice,0.05261
CM33_SPIN,1359,2,interior,a_ice,0.07123
CM33_SPIN,1359,3,interior,a_ice,0.14970
CM33_SPIN,1359,4,interior,a_ice,0.11125
CM33_SPIN,1359,5,interior,a_ice,0.04771
CM33_SPIN,1359,6,interior,a_ice,0.02781
CM33_SPIN,1359,7,interior,a_ice,0.00266
CM33_SPIN,1359,8,interior,a_ice,0.00000
CM33_SPIN,1359,9,interior,a_ice,0.00000
CM33_SPIN,1359,10,interior,a_ice,0.00026
CM33_SPIN,1359,11,interior,a_ice,0.00837
CM33_SPIN,1359,12,interior,a_ice,0.08556
CM33_SPIN,1359,1,labsea,MLD2,1449.58822
CM33_SPIN,1359,2,labsea,MLD2,1514.43558
CM33_SPIN,1359,3,labsea,MLD2,1359.58139
CM33_SPIN,1359,4,labsea,MLD2,1147.87975
CM33_SPIN,1359,5,labsea,MLD2,667.70846
CM33_SPIN,1359,6,labsea,MLD2,21.66233
CM33_SPIN,1359,7,labsea,MLD2,12.25951
CM33_SPIN,1359,8,labsea,MLD2,13.39665
CM33_SPIN,1359,9,labsea,MLD2,17.38868
CM33_SPIN,1359,10,labsea,MLD2,26.74319
CM33_SPIN,1359,11,labsea,MLD2,163.50616
CM33_SPIN,1359,12,labsea,MLD2,1050.11378
CM33_SPIN,1359,1,interior,MLD2,2584.45453
CM33_SPIN,1359,2,interior,MLD2,2505.24792
CM33_SPIN,1359,3,interior,MLD2,2123.20503
CM33_SPIN,1359,4,interior,MLD2,1998.74099
CM33_SPIN,1359,5,interior,MLD2,1495.77238
CM33_SPIN,1359,6,interior,MLD2,43.65356
CM33_SPIN,1359,7,interior,MLD2,14.53923
CM33_SPIN,1359,8,interior,MLD2,15.69549
CM33_SPIN,1359,9,interior,MLD2,17.68621
CM33_SPIN,1359,10,interior,MLD2,29.36452
CM33_SPIN,1359,11,interior,MLD2,350.19637
CM33_SPIN,1359,12,interior,MLD2,2059.72660
CM33_SPIN,1360,1,labsea,a_ice,0.38274
CM33_SPIN,1360,2,labsea,a_ice,0.39307
CM33_SPIN,1360,3,labsea,a_ice,0.45095
CM33_SPIN,1360,4,labsea,a_ice,0.43161
CM33_SPIN,1360,5,labsea,a_ice,0.33938
CM33_SPIN,1360,6,labsea,a_ice,0.24544
CM33_SPIN,1360,7,labsea,a_ice,0.09270
CM33_SPIN,1360,8,labsea,a_ice,0.01706
CM33_SPIN,1360,9,labsea,a_ice,0.00308
CM33_SPIN,1360,10,labsea,a_ice,0.00663
CM33_SPIN,1360,11,labsea,a_ice,0.06742
CM33_SPIN,1360,12,labsea,a_ice,0.14251
CM33_SPIN,1360,1,interior,a_ice,0.19729
CM33_SPIN,1360,2,interior,a_ice,0.20439
CM33_SPIN,1360,3,interior,a_ice,0.33768
CM33_SPIN,1360,4,interior,a_ice,0.33969
CM33_SPIN,1360,5,interior,a_ice,0.21761
CM33_SPIN,1360,6,interior,a_ice,0.06916
CM33_SPIN,1360,7,interior,a_ice,0.03221
CM33_SPIN,1360,8,interior,a_ice,0.00166
CM33_SPIN,1360,9,interior,a_ice,0.00000
CM33_SPIN,1360,10,interior,a_ice,0.00000
CM33_SPIN,1360,11,interior,a_ice,0.00000
CM33_SPIN,1360,12,interior,a_ice,0.01361
CM33_SPIN,1360,1,labsea,MLD2,1316.82608
CM33_SPIN,1360,2,labsea,MLD2,1311.96043
CM33_SPIN,1360,3,labsea,MLD2,1196.72792
CM33_SPIN,1360,4,labsea,MLD2,883.99657
CM33_SPIN,1360,5,labsea,MLD2,714.18334
CM33_SPIN,1360,6,labsea,MLD2,86.77531
CM33_SPIN,1360,7,labsea,MLD2,14.18662
CM33_SPIN,1360,8,labsea,MLD2,12.96971
CM33_SPIN,1360,9,labsea,MLD2,18.09771
CM33_SPIN,1360,10,labsea,MLD2,30.40782
CM33_SPIN,1360,11,labsea,MLD2,167.08816
CM33_SPIN,1360,12,labsea,MLD2,568.34088
CM33_SPIN,1360,1,interior,MLD2,1985.47557
CM33_SPIN,1360,2,interior,MLD2,1838.72241
CM33_SPIN,1360,3,interior,MLD2,1541.41383
CM33_SPIN,1360,4,interior,MLD2,1068.70292
CM33_SPIN,1360,5,interior,MLD2,831.47590
CM33_SPIN,1360,6,interior,MLD2,123.17683
CM33_SPIN,1360,7,interior,MLD2,16.89224
CM33_SPIN,1360,8,interior,MLD2,15.47621
CM33_SPIN,1360,9,interior,MLD2,20.30326
CM33_SPIN,1360,10,interior,MLD2,28.64744
CM33_SPIN,1360,11,interior,MLD2,144.66892
CM33_SPIN,1360,12,interior,MLD2,756.74825
CM33_SPIN,1361,1,labsea,a_ice,0.23047
CM33_SPIN,1361,2,labsea,a_ice,0.32444
CM33_SPIN,1361,3,labsea,a_ice,0.32948
CM33_SPIN,1361,4,labsea,a_ice,0.27855
CM33_SPIN,1361,5,labsea,a_ice,0.18236
CM33_SPIN,1361,6,labsea,a_ice,0.08604
CM33_SPIN,1361,7,labsea,a_ice,0.03256
CM33_SPIN,1361,8,labsea,a_ice,0.00893
CM33_SPIN,1361,9,labsea,a_ice,0.00031
CM33_SPIN,1361,10,labsea,a_ice,0.00522
CM33_SPIN,1361,11,labsea,a_ice,0.03837
CM33_SPIN,1361,12,labsea,a_ice,0.20691
CM33_SPIN,1361,1,interior,a_ice,0.07220
CM33_SPIN,1361,2,interior,a_ice,0.12765
CM33_SPIN,1361,3,interior,a_ice,0.12495
CM33_SPIN,1361,4,interior,a_ice,0.07651
CM33_SPIN,1361,5,interior,a_ice,0.04839
CM33_SPIN,1361,6,interior,a_ice,0.01225
CM33_SPIN,1361,7,interior,a_ice,0.00017
CM33_SPIN,1361,8,interior,a_ice,0.00000
CM33_SPIN,1361,9,interior,a_ice,0.00000
CM33_SPIN,1361,10,interior,a_ice,0.00000
CM33_SPIN,1361,11,interior,a_ice,0.00051
CM33_SPIN,1361,12,interior,a_ice,0.05336
CM33_SPIN,1361,1,labsea,MLD2,1188.45483
CM33_SPIN,1361,2,labsea,MLD2,1327.17031
CM33_SPIN,1361,3,labsea,MLD2,1305.03198
CM33_SPIN,1361,4,labsea,MLD2,1011.40231
CM33_SPIN,1361,5,labsea,MLD2,471.13545
CM33_SPIN,1361,6,labsea,MLD2,18.98420
CM33_SPIN,1361,7,labsea,MLD2,14.43597
CM33_SPIN,1361,8,labsea,MLD2,14.67937
CM33_SPIN,1361,9,labsea,MLD2,21.70873
CM33_SPIN,1361,10,labsea,MLD2,27.08610
CM33_SPIN,1361,11,labsea,MLD2,36.35790
CM33_SPIN,1361,12,labsea,MLD2,510.86029
CM33_SPIN,1361,1,interior,MLD2,2035.56517
CM33_SPIN,1361,2,interior,MLD2,2193.83665
CM33_SPIN,1361,3,interior,MLD2,2234.50531
CM33_SPIN,1361,4,interior,MLD2,1913.57972
CM33_SPIN,1361,5,interior,MLD2,1180.00159
CM33_SPIN,1361,6,interior,MLD2,23.21338
CM33_SPIN,1361,7,interior,MLD2,18.45228
CM33_SPIN,1361,8,interior,MLD2,16.93776
CM33_SPIN,1361,9,interior,MLD2,26.16800
CM33_SPIN,1361,10,interior,MLD2,30.25794
CM33_SPIN,1361,11,interior,MLD2,44.53402
CM33_SPIN,1361,12,interior,MLD2,998.56426
CM33_SPIN,1362,1,labsea,a_ice,0.28550
CM33_SPIN,1362,2,labsea,a_ice,0.28504
CM33_SPIN,1362,3,labsea,a_ice,0.35784
CM33_SPIN,1362,4,labsea,a_ice,0.36058
CM33_SPIN,1362,5,labsea,a_ice,0.28676
CM33_SPIN,1362,6,labsea,a_ice,0.18122
CM33_SPIN,1362,7,labsea,a_ice,0.06560
CM33_SPIN,1362,8,labsea,a_ice,0.02445
CM33_SPIN,1362,9,labsea,a_ice,0.01459
CM33_SPIN,1362,10,labsea,a_ice,0.03720
CM33_SPIN,1362,11,labsea,a_ice,0.11590
CM33_SPIN,1362,12,labsea,a_ice,0.27832
CM33_SPIN,1362,1,interior,a_ice,0.12141
CM33_SPIN,1362,2,interior,a_ice,0.04660
CM33_SPIN,1362,3,interior,a_ice,0.16586
CM33_SPIN,1362,4,interior,a_ice,0.16423
CM33_SPIN,1362,5,interior,a_ice,0.11146
CM33_SPIN,1362,6,interior,a_ice,0.03084
CM33_SPIN,1362,7,interior,a_ice,0.00483
CM33_SPIN,1362,8,interior,a_ice,0.00000
CM33_SPIN,1362,9,interior,a_ice,0.00000
CM33_SPIN,1362,10,interior,a_ice,0.00000
CM33_SPIN,1362,11,interior,a_ice,0.00842
CM33_SPIN,1362,12,interior,a_ice,0.11205
CM33_SPIN,1362,1,labsea,MLD2,1241.77836
CM33_SPIN,1362,2,labsea,MLD2,1529.78023
CM33_SPIN,1362,3,labsea,MLD2,1380.36781
CM33_SPIN,1362,4,labsea,MLD2,1237.18382
CM33_SPIN,1362,5,labsea,MLD2,994.38651
CM33_SPIN,1362,6,labsea,MLD2,145.25627
CM33_SPIN,1362,7,labsea,MLD2,14.13259
CM33_SPIN,1362,8,labsea,MLD2,15.80719
CM33_SPIN,1362,9,labsea,MLD2,23.89768
CM33_SPIN,1362,10,labsea,MLD2,42.73063
CM33_SPIN,1362,11,labsea,MLD2,376.59517
CM33_SPIN,1362,12,labsea,MLD2,964.18645
CM33_SPIN,1362,1,interior,MLD2,2192.19737
CM33_SPIN,1362,2,interior,MLD2,2474.86059
CM33_SPIN,1362,3,interior,MLD2,2039.28622
CM33_SPIN,1362,4,interior,MLD2,1914.54064
CM33_SPIN,1362,5,interior,MLD2,1462.62818
CM33_SPIN,1362,6,interior,MLD2,201.36752
CM33_SPIN,1362,7,interior,MLD2,18.40044
CM33_SPIN,1362,8,interior,MLD2,18.59492
CM33_SPIN,1362,9,interior,MLD2,25.50100
CM33_SPIN,1362,10,interior,MLD2,70.77841
CM33_SPIN,1362,11,interior,MLD2,859.05824
CM33_SPIN,1362,12,interior,MLD2,1832.17197
CM33_SPIN,1363,1,labsea,a_ice,0.38526
CM33_SPIN,1363,2,labsea,a_ice,0.51209
CM33_SPIN,1363,3,labsea,a_ice,0.53014
CM33_SPIN,1363,4,labsea,a_ice,0.43157
CM33_SPIN,1363,5,labsea,a_ice,0.32483
CM33_SPIN,1363,6,labsea,a_ice,0.22699
CM33_SPIN,1363,7,labsea,a_ice,0.09436
CM33_SPIN,1363,8,labsea,a_ice,0.01994
CM33_SPIN,1363,9,labsea,a_ice,0.00183
CM33_SPIN,1363,10,labsea,a_ice,0.01635
CM33_SPIN,1363,11,labsea,a_ice,0.10402
CM33_SPIN,1363,12,labsea,a_ice,0.23258
CM33_SPIN,1363,1,interior,a_ice,0.27139
CM33_SPIN,1363,2,interior,a_ice,0.40712
CM33_SPIN,1363,3,interior,a_ice,0.38051
CM33_SPIN,1363,4,interior,a_ice,0.28183
CM33_SPIN,1363,5,interior,a_ice,0.16978
CM33_SPIN,1363,6,interior,a_ice,0.05477
CM33_SPIN,1363,7,interior,a_ice,0.02004
CM33_SPIN,1363,8,interior,a_ice,0.00046
CM33_SPIN,1363,9,interior,a_ice,0.00000
CM33_SPIN,1363,10,interior,a_ice,0.00000
CM33_SPIN,1363,11,interior,a_ice,0.00467
CM33_SPIN,1363,12,interior,a_ice,0.06913
CM33_SPIN,1363,1,labsea,MLD2,1034.48244
CM33_SPIN,1363,2,labsea,MLD2,926.09450
CM33_SPIN,1363,3,labsea,MLD2,667.30846
CM33_SPIN,1363,4,labsea,MLD2,479.45690
CM33_SPIN,1363,5,labsea,MLD2,265.91134
CM33_SPIN,1363,6,labsea,MLD2,22.62434
CM33_SPIN,1363,7,labsea,MLD2,12.61696
CM33_SPIN,1363,8,labsea,MLD2,13.88111
CM33_SPIN,1363,9,labsea,MLD2,19.34769
CM33_SPIN,1363,10,labsea,MLD2,26.65430
CM33_SPIN,1363,11,labsea,MLD2,66.64976
CM33_SPIN,1363,12,labsea,MLD2,679.03677
CM33_SPIN,1363,1,interior,MLD2,1469.06723
CM33_SPIN,1363,2,interior,MLD2,1244.61259
CM33_SPIN,1363,3,interior,MLD2,1234.69418
CM33_SPIN,1363,4,interior,MLD2,932.73229
CM33_SPIN,1363,5,interior,MLD2,464.99181
CM33_SPIN,1363,6,interior,MLD2,34.15457
CM33_SPIN,1363,7,interior,MLD2,14.88824
CM33_SPIN,1363,8,interior,MLD2,17.01689
CM33_SPIN,1363,9,interior,MLD2,22.63182
CM33_SPIN,1363,10,interior,MLD2,27.14169
CM33_SPIN,1363,11,interior,MLD2,41.94344
CM33_SPIN,1363,12,interior,MLD2,921.31368
CM33_SPIN,1364,1,labsea,a_ice,0.34511
CM33_SPIN,1364,2,labsea,a_ice,0.36712
CM33_SPIN,1364,3,labsea,a_ice,0.31975
CM33_SPIN,1364,4,labsea,a_ice,0.33590
CM33_SPIN,1364,5,labsea,a_ice,0.28493
CM33_SPIN,1364,6,labsea,a_ice,0.20377
CM33_SPIN,1364,7,labsea,a_ice,0.07329
CM33_SPIN,1364,8,labsea,a_ice,0.02140
CM33_SPIN,1364,9,labsea,a_ice,0.00321
CM33_SPIN,1364,10,labsea,a_ice,0.00921
CM33_SPIN,1364,11,labsea,a_ice,0.09558
CM33_SPIN,1364,12,labsea,a_ice,0.20254
CM33_SPIN,1364,1,interior,a_ice,0.15912
CM33_SPIN,1364,2,interior,a_ice,0.16272
CM33_SPIN,1364,3,interior,a_ice,0.08739
CM33_SPIN,1364,4,interior,a_ice,0.12239
CM33_SPIN,1364,5,interior,a_ice,0.10862
CM33_SPIN,1364,6,interior,a_ice,0.03663
CM33_SPIN,1364,7,interior,a_ice,0.00648
CM33_SPIN,1364,8,interior,a_ice,0.00000
CM33_SPIN,1364,9,interior,a_ice,0.00000
CM33_SPIN,1364,10,interior,a_ice,0.00000
CM33_SPIN,1364,11,interior,a_ice,0.00100
CM33_SPIN,1364,12,interior,a_ice,0.02195
CM33_SPIN,1364,1,labsea,MLD2,1367.87466
CM33_SPIN,1364,2,labsea,MLD2,1455.56222
CM33_SPIN,1364,3,labsea,MLD2,1494.59067
CM33_SPIN,1364,4,labsea,MLD2,1289.23370
CM33_SPIN,1364,5,labsea,MLD2,595.49147
CM33_SPIN,1364,6,labsea,MLD2,70.39733
CM33_SPIN,1364,7,labsea,MLD2,12.26114
CM33_SPIN,1364,8,labsea,MLD2,12.26259
CM33_SPIN,1364,9,labsea,MLD2,21.66276
CM33_SPIN,1364,10,labsea,MLD2,30.77053
CM33_SPIN,1364,11,labsea,MLD2,200.44243
CM33_SPIN,1364,12,labsea,MLD2,1048.18550
CM33_SPIN,1364,1,interior,MLD2,2037.84098
CM33_SPIN,1364,2,interior,MLD2,2098.26415
CM33_SPIN,1364,3,interior,MLD2,2334.86306
CM33_SPIN,1364,4,interior,MLD2,1963.00418
CM33_SPIN,1364,5,interior,MLD2,1323.23113
CM33_SPIN,1364,6,interior,MLD2,204.39738
CM33_SPIN,1364,7,interior,MLD2,14.61705
CM33_SPIN,1364,8,interior,MLD2,13.68767
CM33_SPIN,1364,9,interior,MLD2,23.49248
CM33_SPIN,1364,10,interior,MLD2,35.63363
CM33_SPIN,1364,11,interior,MLD2,424.43678
CM33_SPIN,1364,12,interior,MLD2,1984.11532
CM33_SPIN,1365,1,labsea,a_ice,0.25608
CM33_SPIN,1365,2,labsea,a_ice,0.38272
CM33_SPIN,1365,3,labsea,a_ice,0.38926
CM33_SPIN,1365,4,labsea,a_ice,0.35906
CM33_SPIN,1365,5,labsea,a_ice,0.30665
CM33_SPIN,1365,6,labsea,a_ice,0.19278
CM33_SPIN,1365,7,labsea,a_ice,0.06101
CM33_SPIN,1365,8,labsea,a_ice,0.01511
CM33_SPIN,1365,9,labsea,a_ice,0.00229
CM33_SPIN,1365,10,labsea,a_ice,0.01619
CM33_SPIN,1365,11,labsea,a_ice,0.06013
CM33_SPIN,1365,12,labsea,a_ice,0.13748
CM33_SPIN,1365,1,interior,a_ice,0.05540
CM33_SPIN,1365,2,interior,a_ice,0.16203
CM33_SPIN,1365,3,interior,a_ice,0.16947
CM33_SPIN,1365,4,interior,a_ice,0.20786
CM33_SPIN,1365,5,interior,a_ice,0.08744
CM33_SPIN,1365,6,interior,a_ice,0.07937
CM33_SPIN,1365,7,interior,a_ice,0.02544
CM33_SPIN,1365,8,interior,a_ice,0.00000
CM33_SPIN,1365,9,interior,a_ice,0.00000
CM33_SPIN,1365,10,interior,a_ice,0.00065
CM33_SPIN,1365,11,interior,a_ice,0.00194
CM33_SPIN,1365,12,interior,a_ice,0.02212
CM33_SPIN,1365,1,labsea,MLD2,1527.09013
CM33_SPIN,1365,2,labsea,MLD2,1450.66228
CM33_SPIN,1365,3,labsea,MLD2,1305.06425
CM33_SPIN,1365,4,labsea,MLD2,1189.56337
CM33_SPIN,1365,5,labsea,MLD2,592.57809
CM33_SPIN,1365,6,labsea,MLD2,22.36009
CM33_SPIN,1365,7,labsea,MLD2,9.99800
CM33_SPIN,1365,8,labsea,MLD2,12.87804
CM33_SPIN,1365,9,labsea,MLD2,18.51740
CM33_SPIN,1365,10,labsea,MLD2,31.74269
CM33_SPIN,1365,11,labsea,MLD2,54.90824
CM33_SPIN,1365,12,labsea,MLD2,396.57904
CM33_SPIN,1365,1,interior,MLD2,2512.62534
CM33_SPIN,1365,2,interior,MLD2,2260.83560
CM33_SPIN,1365,3,interior,MLD2,2045.72218
CM33_SPIN,1365,4,interior,MLD2,1793.50544
CM33_SPIN,1365,5,interior,MLD2,1320.84984
CM33_SPIN,1365,6,interior,MLD2,40.92412
CM33_SPIN,1365,7,interior,MLD2,10.49689
CM33_SPIN,1365,8,interior,MLD2,14.63732
CM33_SPIN,1365,9,interior,MLD2,21.21772
CM33_SPIN,1365,10,interior,MLD2,38.03780
CM33_SPIN,1365,11,interior,MLD2,88.00845
CM33_SPIN,1365,12,interior,MLD2,768.21890
CM33_SPIN,1366,1,labsea,a_ice,0.30294
CM33_SPIN,1366,2,labsea,a_ice,0.35795
CM33_SPIN,1366,3,labsea,a_ice,0.37254
CM33_SPIN,1366,4,labsea,a_ice,0.28745
CM33_SPIN,1366,5,labsea,a_ice,0.24608
CM33_SPIN,1366,6,labsea,a_ice,0.17265
CM33_SPIN,1366,7,labsea,a_ice,0.05447
CM33_SPIN,1366,8,labsea,a_ice,0.00095
CM33_SPIN,1366,9,labsea,a_ice,0.00000
CM33_SPIN,1366,10,labsea,a_ice,0.00005
CM33_SPIN,1366,11,labsea,a_ice,0.02835
CM33_SPIN,1366,12,labsea,a_ice,0.17689
CM33_SPIN,1366,1,interior,a_ice,0.09805
CM33_SPIN,1366,2,interior,a_ice,0.17777
CM33_SPIN,1366,3,interior,a_ice,0.17049
CM33_SPIN,1366,4,interior,a_ice,0.12106
CM33_SPIN,1366,5,interior,a_ice,0.06575
CM33_SPIN,1366,6,interior,a_ice,0.05654
CM33_SPIN,1366,7,interior,a_ice,0.00964
CM33_SPIN,1366,8,interior,a_ice,0.00000
CM33_SPIN,1366,9,interior,a_ice,0.00000
CM33_SPIN,1366,10,interior,a_ice,0.00000
CM33_SPIN,1366,11,interior,a_ice,0.00024
CM33_SPIN,1366,12,interior,a_ice,0.02006
CM33_SPIN,1366,1,labsea,MLD2,1354.60583
CM33_SPIN,1366,2,labsea,MLD2,1459.72299
CM33_SPIN,1366,3,labsea,MLD2,1324.85025
CM33_SPIN,1366,4,labsea,MLD2,1256.05467
CM33_SPIN,1366,5,labsea,MLD2,760.89991
CM33_SPIN,1366,6,labsea,MLD2,46.75788
CM33_SPIN,1366,7,labsea,MLD2,12.38283
CM33_SPIN,1366,8,labsea,MLD2,13.11885
CM33_SPIN,1366,9,labsea,MLD2,22.97680
CM33_SPIN,1366,10,labsea,MLD2,36.18673
CM33_SPIN,1366,11,labsea,MLD2,104.53835
CM33_SPIN,1366,12,labsea,MLD2,1374.07433
CM33_SPIN,1366,1,interior,MLD2,2298.03107
CM33_SPIN,1366,2,interior,MLD2,2237.79202
CM33_SPIN,1366,3,interior,MLD2,2047.50757
CM33_SPIN,1366,4,interior,MLD2,1915.41348
CM33_SPIN,1366,5,interior,MLD2,1278.51492
CM33_SPIN,1366,6,interior,MLD2,112.87380
CM33_SPIN,1366,7,interior,MLD2,13.57445
CM33_SPIN,1366,8,interior,MLD2,14.54612
CM33_SPIN,1366,9,interior,MLD2,24.01364
CM33_SPIN,1366,10,interior,MLD2,37.51105
CM33_SPIN,1366,11,interior,MLD2,119.20532
CM33_SPIN,1366,12,interior,MLD2,2279.62476
CM33_SPIN,1367,1,labsea,a_ice,0.25224
CM33_SPIN,1367,2,labsea,a_ice,0.28026
CM33_SPIN,1367,3,labsea,a_ice,0.34999
CM33_SPIN,1367,4,labsea,a_ice,0.34788
CM33_SPIN,1367,5,labsea,a_ice,0.26424
CM33_SPIN,1367,6,labsea,a_ice,0.17154
CM33_SPIN,1367,7,labsea,a_ice,0.06983
CM33_SPIN,1367,8,labsea,a_ice,0.02474
CM33_SPIN,1367,9,labsea,a_ice,0.00377
CM33_SPIN,1367,10,labsea,a_ice,0.00588
CM33_SPIN,1367,11,labsea,a_ice,0.03935
CM33_SPIN,1367,12,labsea,a_ice,0.18403
CM33_SPIN,1367,1,interior,a_ice,0.06199
CM33_SPIN,1367,2,interior,a_ice,0.08995
CM33_SPIN,1367,3,interior,a_ice,0.21493
CM33_SPIN,1367,4,interior,a_ice,0.18713
CM33_SPIN,1367,5,interior,a_ice,0.06503
CM33_SPIN,1367,6,interior,a_ice,0.03009
CM33_SPIN,1367,7,interior,a_ice,0.00364
CM33_SPIN,1367,8,interior,a_ice,0.00000
CM33_SPIN,1367,9,interior,a_ice,0.00000
CM33_SPIN,1367,10,interior,a_ice,0.00000
CM33_SPIN,1367,11,interior,a_ice,0.00004
CM33_SPIN,1367,12,interior,a_ice,0.03838
CM33_SPIN,1367,1,labsea,MLD2,1672.49802
CM33_SPIN,1367,2,labsea,MLD2,1605.66530
CM33_SPIN,1367,3,labsea,MLD2,1459.47218
CM33_SPIN,1367,4,labsea,MLD2,1351.65998
CM33_SPIN,1367,5,labsea,MLD2,878.66761
CM33_SPIN,1367,6,labsea,MLD2,80.19010
CM33_SPIN,1367,7,labsea,MLD2,13.05463
CM33_SPIN,1367,8,labsea,MLD2,14.67995
CM33_SPIN,1367,9,labsea,MLD2,21.19430
CM33_SPIN,1367,10,labsea,MLD2,33.86448
CM33_SPIN,1367,11,labsea,MLD2,173.71598
CM33_SPIN,1367,12,labsea,MLD2,1467.99524
CM33_SPIN,1367,1,interior,MLD2,2554.50689
CM33_SPIN,1367,2,interior,MLD2,2430.24894
CM33_SPIN,1367,3,interior,MLD2,2031.90855
CM33_SPIN,1367,4,interior,MLD2,1887.61820
CM33_SPIN,1367,5,interior,MLD2,1531.44614
CM33_SPIN,1367,6,interior,MLD2,227.75849
CM33_SPIN,1367,7,interior,MLD2,15.49851
CM33_SPIN,1367,8,interior,MLD2,17.45079
CM33_SPIN,1367,9,interior,MLD2,23.02543
CM33_SPIN,1367,10,interior,MLD2,32.95581
CM33_SPIN,1367,11,interior,MLD2,282.22808
CM33_SPIN,1367,12,interior,MLD2,2455.02032
CM33_SPIN,1368,1,labsea,a_ice,0.25456
CM33_SPIN,1368,2,labsea,a_ice,0.27705
CM33_SPIN,1368,3,labsea,a_ice,0.33492
CM33_SPIN,1368,4,labsea,a_ice,0.30824
CM33_SPIN,1368,5,labsea,a_ice,0.24933
CM33_SPIN,1368,6,labsea,a_ice,0.11318
CM33_SPIN,1368,7,labsea,a_ice,0.02897
CM33_SPIN,1368,8,labsea,a_ice,0.00265
CM33_SPIN,1368,9,labsea,a_ice,0.00063
CM33_SPIN,1368,10,labsea,a_ice,0.01403
CM33_SPIN,1368,11,labsea,a_ice,0.11349
CM33_SPIN,1368,12,labsea,a_ice,0.24513
CM33_SPIN,1368,1,interior,a_ice,0.07202
CM33_SPIN,1368,2,interior,a_ice,0.06497
CM33_SPIN,1368,3,interior,a_ice,0.16306
CM33_SPIN,1368,4,interior,a_ice,0.17484
CM33_SPIN,1368,5,interior,a_ice,0.07046
CM33_SPIN,1368,6,interior,a_ice,0.04314
CM33_SPIN,1368,7,interior,a_ice,0.00350
CM33_SPIN,1368,8,interior,a_ice,0.00000
CM33_SPIN,1368,9,interior,a_ice,0.00000
CM33_SPIN,1368,10,interior,a_ice,0.00000
CM33_SPIN,1368,11,interior,a_ice,0.01045
CM33_SPIN,1368,12,interior,a_ice,0.11956
CM33_SPIN,1368,1,labsea,MLD2,1641.90562
CM33_SPIN,1368,2,labsea,MLD2,1585.97570
CM33_SPIN,1368,3,labsea,MLD2,1442.07003
CM33_SPIN,1368,4,labsea,MLD2,1326.79279
CM33_SPIN,1368,5,labsea,MLD2,935.48112
CM33_SPIN,1368,6,labsea,MLD2,138.66888
CM33_SPIN,1368,7,labsea,MLD2,14.88697
CM33_SPIN,1368,8,labsea,MLD2,15.47539
CM33_SPIN,1368,9,labsea,MLD2,20.87857
CM33_SPIN,1368,10,labsea,MLD2,34.23748
CM33_SPIN,1368,11,labsea,MLD2,606.80665
CM33_SPIN,1368,12,labsea,MLD2,1424.64838
CM33_SPIN,1368,1,interior,MLD2,2538.36977
CM33_SPIN,1368,2,interior,MLD2,2477.15283
CM33_SPIN,1368,3,interior,MLD2,2151.22618
CM33_SPIN,1368,4,interior,MLD2,1979.27797
CM33_SPIN,1368,5,interior,MLD2,1921.69736
CM33_SPIN,1368,6,interior,MLD2,419.50999
CM33_SPIN,1368,7,interior,MLD2,18.21653
CM33_SPIN,1368,8,interior,MLD2,17.00637
CM33_SPIN,1368,9,interior,MLD2,23.30667
CM33_SPIN,1368,10,interior,MLD2,41.29748
CM33_SPIN,1368,11,interior,MLD2,1322.91418
CM33_SPIN,1368,12,interior,MLD2,2392.27601
CM33_SPIN,1369,1,labsea,a_ice,0.28839
CM33_SPIN,1369,2,labsea,a_ice,0.39059
CM33_SPIN,1369,3,labsea,a_ice,0.36627
CM33_SPIN,1369,4,labsea,a_ice,0.32382
CM33_SPIN,1369,5,labsea,a_ice,0.23142
CM33_SPIN,1369,6,labsea,a_ice,0.11972
CM33_SPIN,1369,7,labsea,a_ice,0.05391
CM33_SPIN,1369,8,labsea,a_ice,0.02173
CM33_SPIN,1369,9,labsea,a_ice,0.00370
CM33_SPIN,1369,10,labsea,a_ice,0.00641
CM33_SPIN,1369,11,labsea,a_ice,0.05745
CM33_SPIN,1369,12,labsea,a_ice,0.17288
CM33_SPIN,1369,1,interior,a_ice,0.06858
CM33_SPIN,1369,2,interior,a_ice,0.17556
CM33_SPIN,1369,3,interior,a_ice,0.17713
CM33_SPIN,1369,4,interior,a_ice,0.14968
CM33_SPIN,1369,5,interior,a_ice,0.10862
CM33_SPIN,1369,6,interior,a_ice,0.03175
CM33_SPIN,1369,7,interior,a_ice,0.00069
CM33_SPIN,1369,8,interior,a_ice,0.00000
CM33_SPIN,1369,9,interior,a_ice,0.00000
CM33_SPIN,1369,10,interior,a_ice,0.00000
CM33_SPIN,1369,11,interior,a_ice,0.00002
CM33_SPIN,1369,12,interior,a_ice,0.04775
CM33_SPIN,1369,1,labsea,MLD2,1477.30438
CM33_SPIN,1369,2,labsea,MLD2,1443.98590
CM33_SPIN,1369,3,labsea,MLD2,1374.61630
CM33_SPIN,1369,4,labsea,MLD2,1223.69412
CM33_SPIN,1369,5,labsea,MLD2,738.68875
CM33_SPIN,1369,6,labsea,MLD2,77.62789
CM33_SPIN,1369,7,labsea,MLD2,15.84966
CM33_SPIN,1369,8,labsea,MLD2,13.55929
CM33_SPIN,1369,9,labsea,MLD2,20.59512
CM33_SPIN,1369,10,labsea,MLD2,30.18854
CM33_SPIN,1369,11,labsea,MLD2,141.25785
CM33_SPIN,1369,12,labsea,MLD2,978.19175
CM33_SPIN,1369,1,interior,MLD2,2450.32404
CM33_SPIN,1369,2,interior,MLD2,2215.97411
CM33_SPIN,1369,3,interior,MLD2,1940.51392
CM33_SPIN,1369,4,interior,MLD2,1656.56315
CM33_SPIN,1369,5,interior,MLD2,1310.76059
CM33_SPIN,1369,6,interior,MLD2,208.28614
CM33_SPIN,1369,7,interior,MLD2,17.79281
CM33_SPIN,1369,8,interior,MLD2,15.60415
CM33_SPIN,1369,9,interior,MLD2,21.98161
CM33_SPIN,1369,10,interior,MLD2,32.41474
CM33_SPIN,1369,11,interior,MLD2,240.19887
CM33_SPIN,1369,12,interior,MLD2,2048.92665
CM33_SPIN,1370,1,labsea,a_ice,0.24070
CM33_SPIN,1370,2,labsea,a_ice,0.27107
CM33_SPIN,1370,3,labsea,a_ice,0.30969
CM33_SPIN,1370,4,labsea,a_ice,0.29386
CM33_SPIN,1370,5,labsea,a_ice,0.26489
CM33_SPIN,1370,6,labsea,a_ice,0.17431
CM33_SPIN,1370,7,labsea,a_ice,0.09431
CM33_SPIN,1370,8,labsea,a_ice,0.01663
CM33_SPIN,1370,9,labsea,a_ice,0.00272
CM33_SPIN,1370,10,labsea,a_ice,0.01779
CM33_SPIN,1370,11,labsea,a_ice,0.14465
CM33_SPIN,1370,12,labsea,a_ice,0.24738
CM33_SPIN,1370,1,interior,a_ice,0.05361
CM33_SPIN,1370,2,interior,a_ice,0.05706
CM33_SPIN,1370,3,interior,a_ice,0.09121
CM33_SPIN,1370,4,interior,a_ice,0.10428
CM33_SPIN,1370,5,interior,a_ice,0.05992
CM33_SPIN,1370,6,interior,a_ice,0.05569
CM33_SPIN,1370,7,interior,a_ice,0.00879
CM33_SPIN,1370,8,interior,a_ice,0.00003
CM33_SPIN,1370,9,interior,a_ice,0.00000
CM33_SPIN,1370,10,interior,a_ice,0.00001
CM33_SPIN,1370,11,interior,a_ice,0.01582
CM33_SPIN,1370,12,interior,a_ice,0.07443
CM33_SPIN,1370,1,labsea,MLD2,1482.61939
CM33_SPIN,1370,2,labsea,MLD2,1598.17114
CM33_SPIN,1370,3,labsea,MLD2,1550.26927
CM33_SPIN,1370,4,labsea,MLD2,1484.77653
CM33_SPIN,1370,5,labsea,MLD2,1211.17777
CM33_SPIN,1370,6,labsea,MLD2,223.07988
CM33_SPIN,1370,7,labsea,MLD2,15.76183
CM33_SPIN,1370,8,labsea,MLD2,20.21771
CM33_SPIN,1370,9,labsea,MLD2,26.48071
CM33_SPIN,1370,10,labsea,MLD2,138.66826
CM33_SPIN,1370,11,labsea,MLD2,900.58782
CM33_SPIN,1370,12,labsea,MLD2,1527.43219
CM33_SPIN,1370,1,interior,MLD2,2600.93290
CM33_SPIN,1370,2,interior,MLD2,2536.42695
CM33_SPIN,1370,3,interior,MLD2,2400.98029
CM33_SPIN,1370,4,interior,MLD2,2365.89861
CM33_SPIN,1370,5,interior,MLD2,2302.12743
CM33_SPIN,1370,6,interior,MLD2,645.59336
CM33_SPIN,1370,7,interior,MLD2,19.11316
CM33_SPIN,1370,8,interior,MLD2,22.27111
CM33_SPIN,1370,9,interior,MLD2,29.42997
CM33_SPIN,1370,10,interior,MLD2,313.67727
CM33_SPIN,1370,11,interior,MLD2,2100.66034
CM33_SPIN,1370,12,interior,MLD2,2473.83223
CM33_SPIN,1371,1,labsea,a_ice,0.31495
CM33_SPIN,1371,2,labsea,a_ice,0.39837
CM33_SPIN,1371,3,labsea,a_ice,0.44633
CM33_SPIN,1371,4,labsea,a_ice,0.40566
CM33_SPIN,1371,5,labsea,a_ice,0.30690
CM33_SPIN,1371,6,labsea,a_ice,0.22301
CM33_SPIN,1371,7,labsea,a_ice,0.09653
CM33_SPIN,1371,8,labsea,a_ice,0.01598
CM33_SPIN,1371,9,labsea,a_ice,0.00255
CM33_SPIN,1371,10,labsea,a_ice,0.02450
CM33_SPIN,1371,11,labsea,a_ice,0.16606
CM33_SPIN,1371,12,labsea,a_ice,0.30215
CM33_SPIN,1371,1,interior,a_ice,0.10463
CM33_SPIN,1371,2,interior,a_ice,0.23407
CM33_SPIN,1371,3,interior,a_ice,0.24735
CM33_SPIN,1371,4,interior,a_ice,0.26042
CM33_SPIN,1371,5,interior,a_ice,0.12700
CM33_SPIN,1371,6,interior,a_ice,0.04312
CM33_SPIN,1371,7,interior,a_ice,0.02956
CM33_SPIN,1371,8,interior,a_ice,0.00000
CM33_SPIN,1371,9,interior,a_ice,0.00000
CM33_SPIN,1371,10,interior,a_ice,0.00000
CM33_SPIN,1371,11,interior,a_ice,0.05128
CM33_SPIN,1371,12,interior,a_ice,0.12413
CM33_SPIN,1371,1,labsea,MLD2,1544.84206
CM33_SPIN,1371,2,labsea,MLD2,1445.35893
CM33_SPIN,1371,3,labsea,MLD2,1239.20322
CM33_SPIN,1371,4,labsea,MLD2,897.83786
CM33_SPIN,1371,5,labsea,MLD2,290.14784
CM33_SPIN,1371,6,labsea,MLD2,22.12408
CM33_SPIN,1371,7,labsea,MLD2,14.84163
CM33_SPIN,1371,8,labsea,MLD2,13.10755
CM33_SPIN,1371,9,labsea,MLD2,16.27747
CM33_SPIN,1371,10,labsea,MLD2,29.89178
CM33_SPIN,1371,11,labsea,MLD2,244.85866
CM33_SPIN,1371,12,labsea,MLD2,1181.69607
CM33_SPIN,1371,1,interior,MLD2,2375.68211
CM33_SPIN,1371,2,interior,MLD2,2114.49304
CM33_SPIN,1371,3,interior,MLD2,1908.19734
CM33_SPIN,1371,4,interior,MLD2,1435.94845
CM33_SPIN,1371,5,interior,MLD2,615.45240
CM33_SPIN,1371,6,interior,MLD2,37.77431
CM33_SPIN,1371,7,interior,MLD2,18.32419
CM33_SPIN,1371,8,interior,MLD2,15.36991
CM33_SPIN,1371,9,interior,MLD2,18.34572
CM33_SPIN,1371,10,interior,MLD2,31.51258
CM33_SPIN,1371,11,interior,MLD2,226.98228
CM33_SPIN,1371,12,interior,MLD2,1788.79899
CM33_SPIN,1372,1,labsea,a_ice,0.37734
CM33_SPIN,1372,2,labsea,a_ice,0.41359
CM33_SPIN,1372,3,labsea,a_ice,0.44681
CM33_SPIN,1372,4,labsea,a_ice,0.40629
CM33_SPIN,1372,5,labsea,a_ice,0.29888
CM33_SPIN,1372,6,labsea,a_ice,0.18990
CM33_SPIN,1372,7,labsea,a_ice,0.05563
CM33_SPIN,1372,8,labsea,a_ice,0.00686
CM33_SPIN,1372,9,labsea,a_ice,0.00332
CM33_SPIN,1372,10,labsea,a_ice,0.02036
CM33_SPIN,1372,11,labsea,a_ice,0.11004
CM33_SPIN,1372,12,labsea,a_ice,0.22388
CM33_SPIN,1372,1,interior,a_ice,0.14744
CM33_SPIN,1372,2,interior,a_ice,0.26369
CM33_SPIN,1372,3,interior,a_ice,0.30732
CM33_SPIN,1372,4,interior,a_ice,0.27269
CM33_SPIN,1372,5,interior,a_ice,0.10553
CM33_SPIN,1372,6,interior,a_ice,0.08438
CM33_SPIN,1372,7,interior,a_ice,0.01337
CM33_SPIN,1372,8,interior,a_ice,0.00015
CM33_SPIN,1372,9,interior,a_ice,0.00000
CM33_SPIN,1372,10,interior,a_ice,0.00012
CM33_SPIN,1372,11,interior,a_ice,0.01393
CM33_SPIN,1372,12,interior,a_ice,0.05781
CM33_SPIN,1372,1,labsea,MLD2,1445.46893
CM33_SPIN,1372,2,labsea,MLD2,1299.77840
CM33_SPIN,1372,3,labsea,MLD2,1244.08292
CM33_SPIN,1372,4,labsea,MLD2,1064.25882
CM33_SPIN,1372,5,labsea,MLD2,477.85829
CM33_SPIN,1372,6,labsea,MLD2,50.47443
CM33_SPIN,1372,7,labsea,MLD2,14.21726
CM33_SPIN,1372,8,labsea,MLD2,16.31174
CM33_SPIN,1372,9,labsea,MLD2,24.40945
CM33_SPIN,1372,10,labsea,MLD2,38.16334
CM33_SPIN,1372,11,labsea,MLD2,295.87151
CM33_SPIN,1372,12,labsea,MLD2,1400.53974
CM33_SPIN,1372,1,interior,MLD2,2306.27533
CM33_SPIN,1372,2,interior,MLD2,1967.28449
CM33_SPIN,1372,3,interior,MLD2,1778.95493
CM33_SPIN,1372,4,interior,MLD2,1396.40169
CM33_SPIN,1372,5,interior,MLD2,802.16873
CM33_SPIN,1372,6,interior,MLD2,110.81443
CM33_SPIN,1372,7,interior,MLD2,16.29150
CM33_SPIN,1372,8,interior,MLD2,18.94811
CM33_SPIN,1372,9,interior,MLD2,26.70033
CM33_SPIN,1372,10,interior,MLD2,41.06860
CM33_SPIN,1372,11,interior,MLD2,643.93783
CM33_SPIN,1372,12,interior,MLD2,2359.95061
CM33_SPIN,1373,1,labsea,a_ice,0.31502
CM33_SPIN,1373,2,labsea,a_ice,0.40596
CM33_SPIN,1373,3,labsea,a_ice,0.45960
CM33_SPIN,1373,4,labsea,a_ice,0.41617
CM33_SPIN,1373,5,labsea,a_ice,0.28474
CM33_SPIN,1373,6,labsea,a_ice,0.18074
CM33_SPIN,1373,7,labsea,a_ice,0.07618
CM33_SPIN,1373,8,labsea,a_ice,0.01929
CM33_SPIN,1373,9,labsea,a_ice,0.00444
CM33_SPIN,1373,10,labsea,a_ice,0.00894
CM33_SPIN,1373,11,labsea,a_ice,0.09831
CM33_SPIN,1373,12,labsea,a_ice,0.22076
CM33_SPIN,1373,1,interior,a_ice,0.10199
CM33_SPIN,1373,2,interior,a_ice,0.29227
CM33_SPIN,1373,3,interior,a_ice,0.44934
CM33_SPIN,1373,4,interior,a_ice,0.35092
CM33_SPIN,1373,5,interior,a_ice,0.10342
CM33_SPIN,1373,6,interior,a_ice,0.02855
CM33_SPIN,1373,7,interior,a_ice,0.00988
CM33_SPIN,1373,8,interior,a_ice,0.00000
CM33_SPIN,1373,9,interior,a_ice,0.00000
CM33_SPIN,1373,10,interior,a_ice,0.00000
CM33_SPIN,1373,11,interior,a_ice,0.00151
CM33_SPIN,1373,12,interior,a_ice,0.04398
CM33_SPIN,1373,1,labsea,MLD2,1534.81586
CM33_SPIN,1373,2,labsea,MLD2,1359.46093
CM33_SPIN,1373,3,labsea,MLD2,1109.23570
CM33_SPIN,1373,4,labsea,MLD2,990.42146
CM33_SPIN,1373,5,labsea,MLD2,435.46925
CM33_SPIN,1373,6,labsea,MLD2,15.94042
CM33_SPIN,1373,7,labsea,MLD2,12.40109
CM33_SPIN,1373,8,labsea,MLD2,15.16080
CM33_SPIN,1373,9,labsea,MLD2,20.66585
CM33_SPIN,1373,10,labsea,MLD2,33.20632
CM33_SPIN,1373,11,labsea,MLD2,219.83161
CM33_SPIN,1373,12,labsea,MLD2,1282.42639
CM33_SPIN,1373,1,interior,MLD2,2433.20784
CM33_SPIN,1373,2,interior,MLD2,1832.10913
CM33_SPIN,1373,3,interior,MLD2,1128.71598
CM33_SPIN,1373,4,interior,MLD2,977.91301
CM33_SPIN,1373,5,interior,MLD2,393.79572
CM33_SPIN,1373,6,interior,MLD2,16.01958
CM33_SPIN,1373,7,interior,MLD2,13.93255
CM33_SPIN,1373,8,interior,MLD2,17.14131
CM33_SPIN,1373,9,interior,MLD2,23.74682
CM33_SPIN,1373,10,interior,MLD2,33.42656
CM33_SPIN,1373,11,interior,MLD2,184.27063
CM33_SPIN,1373,12,interior,MLD2,2155.29696
CM33_SPIN,1374,1,labsea,a_ice,0.32437
CM33_SPIN,1374,2,labsea,a_ice,0.36535
CM33_SPIN,1374,3,labsea,a_ice,0.42349
CM33_SPIN,1374,4,labsea,a_ice,0.42660
CM33_SPIN,1374,5,labsea,a_ice,0.34233
CM33_SPIN,1374,6,labsea,a_ice,0.19963
CM33_SPIN,1374,7,labsea,a_ice,0.06733
CM33_SPIN,1374,8,labsea,a_ice,0.01424
CM33_SPIN,1374,9,labsea,a_ice,0.00318
CM33_SPIN,1374,10,labsea,a_ice,0.00687
CM33_SPIN,1374,11,labsea,a_ice,0.07082
CM33_SPIN,1374,12,labsea,a_ice,0.14335
CM33_SPIN,1374,1,interior,a_ice,0.17606
CM33_SPIN,1374,2,interior,a_ice,0.13490
CM33_SPIN,1374,3,interior,a_ice,0.25893
CM33_SPIN,1374,4,interior,a_ice,0.33472
CM33_SPIN,1374,5,interior,a_ice,0.13310
CM33_SPIN,1374,6,interior,a_ice,0.05375
CM33_SPIN,1374,7,interior,a_ice,0.01765
CM33_SPIN,1374,8,interior,a_ice,0.00033
CM33_SPIN,1374,9,interior,a_ice,0.00000
CM33_SPIN,1374,10,interior,a_ice,0.00000
CM33_SPIN,1374,11,interior,a_ice,0.00050
CM33_SPIN,1374,12,interior,a_ice,0.00498
CM33_SPIN,1374,1,labsea,MLD2,1556.03308
CM33_SPIN,1374,2,labsea,MLD2,1458.18331
CM33_SPIN,1374,3,labsea,MLD2,1325.59946
CM33_SPIN,1374,4,labsea,MLD2,1088.56732
CM33_SPIN,1374,5,labsea,MLD2,747.94822
CM33_SPIN,1374,6,labsea,MLD2,62.08067
CM33_SPIN,1374,7,labsea,MLD2,15.27476
CM33_SPIN,1374,8,labsea,MLD2,15.63452
CM33_SPIN,1374,9,labsea,MLD2,19.35179
CM33_SPIN,1374,10,labsea,MLD2,32.33827
CM33_SPIN,1374,11,labsea,MLD2,230.46216
CM33_SPIN,1374,12,labsea,MLD2,1036.43922
CM33_SPIN,1374,1,interior,MLD2,2265.23690
CM33_SPIN,1374,2,interior,MLD2,2342.66477
CM33_SPIN,1374,3,interior,MLD2,1968.95343
CM33_SPIN,1374,4,interior,MLD2,1374.65929
CM33_SPIN,1374,5,interior,MLD2,1159.12258
CM33_SPIN,1374,6,interior,MLD2,147.79348
CM33_SPIN,1374,7,interior,MLD2,18.62511
CM33_SPIN,1374,8,interior,MLD2,18.63318
CM33_SPIN,1374,9,interior,MLD2,19.72325
CM33_SPIN,1374,10,interior,MLD2,31.46594
CM33_SPIN,1374,11,interior,MLD2,456.59603
CM33_SPIN,1374,12,interior,MLD2,2060.24431
CM33_SPIN,1375,1,labsea,a_ice,0.20435
CM33_SPIN,1375,2,labsea,a_ice,0.30050
CM33_SPIN,1375,3,labsea,a_ice,0.30850
CM33_SPIN,1375,4,labsea,a_ice,0.26348
CM33_SPIN,1375,5,labsea,a_ice,0.21647
CM33_SPIN,1375,6,labsea,a_ice,0.13194
CM33_SPIN,1375,7,labsea,a_ice,0.04971
CM33_SPIN,1375,8,labsea,a_ice,0.01470
CM33_SPIN,1375,9,labsea,a_ice,0.00444
CM33_SPIN,1375,10,labsea,a_ice,0.02978
CM33_SPIN,1375,11,labsea,a_ice,0.09996
CM33_SPIN,1375,12,labsea,a_ice,0.16239
CM33_SPIN,1375,1,interior,a_ice,0.04716
CM33_SPIN,1375,2,interior,a_ice,0.10910
CM33_SPIN,1375,3,interior,a_ice,0.11532
CM33_SPIN,1375,4,interior,a_ice,0.10912
CM33_SPIN,1375,5,interior,a_ice,0.04901
CM33_SPIN,1375,6,interior,a_ice,0.01395
CM33_SPIN,1375,7,interior,a_ice,0.00271
CM33_SPIN,1375,8,interior,a_ice,0.00000
CM33_SPIN,1375,9,interior,a_ice,0.00000
CM33_SPIN,1375,10,interior,a_ice,0.00028
CM33_SPIN,1375,11,interior,a_ice,0.00232
CM33_SPIN,1375,12,interior,a_ice,0.03784
CM33_SPIN,1375,1,labsea,MLD2,1562.81173
CM33_SPIN,1375,2,labsea,MLD2,1529.79303
CM33_SPIN,1375,3,labsea,MLD2,1481.29672
CM33_SPIN,1375,4,labsea,MLD2,1561.28276
CM33_SPIN,1375,5,labsea,MLD2,1036.37181
CM33_SPIN,1375,6,labsea,MLD2,17.61030
CM33_SPIN,1375,7,labsea,MLD2,16.06568
CM33_SPIN,1375,8,labsea,MLD2,17.08411
CM33_SPIN,1375,9,labsea,MLD2,30.15503
CM33_SPIN,1375,10,labsea,MLD2,107.26118
CM33_SPIN,1375,11,labsea,MLD2,679.50303
CM33_SPIN,1375,12,labsea,MLD2,1133.61458
CM33_SPIN,1375,1,interior,MLD2,2567.90034
CM33_SPIN,1375,2,interior,MLD2,2337.68288
CM33_SPIN,1375,3,interior,MLD2,2235.15360
CM33_SPIN,1375,4,interior,MLD2,2307.02863
CM33_SPIN,1375,5,interior,MLD2,1810.83051
CM33_SPIN,1375,6,interior,MLD2,19.66948
CM33_SPIN,1375,7,interior,MLD2,17.93856
CM33_SPIN,1375,8,interior,MLD2,19.45594
CM33_SPIN,1375,9,interior,MLD2,31.35627
CM33_SPIN,1375,10,interior,MLD2,286.17441
CM33_SPIN,1375,11,interior,MLD2,1829.79265
CM33_SPIN,1375,12,interior,MLD2,2367.30560
CM33_SPIN,1376,1,labsea,a_ice,0.23905
CM33_SPIN,1376,2,labsea,a_ice,0.30938
CM33_SPIN,1376,3,labsea,a_ice,0.27689
CM33_SPIN,1376,4,labsea,a_ice,0.26340
CM33_SPIN,1376,5,labsea,a_ice,0.23707
CM33_SPIN,1376,6,labsea,a_ice,0.16497
CM33_SPIN,1376,7,labsea,a_ice,0.05264
CM33_SPIN,1376,8,labsea,a_ice,0.00792
CM33_SPIN,1376,9,labsea,a_ice,0.00002
CM33_SPIN,1376,10,labsea,a_ice,0.01503
CM33_SPIN,1376,11,labsea,a_ice,0.08078
CM33_SPIN,1376,12,labsea,a_ice,0.17725
CM33_SPIN,1376,1,interior,a_ice,0.06554
CM33_SPIN,1376,2,interior,a_ice,0.09292
CM33_SPIN,1376,3,interior,a_ice,0.05937
CM33_SPIN,1376,4,interior,a_ice,0.06595
CM33_SPIN,1376,5,interior,a_ice,0.04801
CM33_SPIN,1376,6,interior,a_ice,0.01936
CM33_SPIN,1376,7,interior,a_ice,0.00852
CM33_SPIN,1376,8,interior,a_ice,0.00000
CM33_SPIN,1376,9,interior,a_ice,0.00000
CM33_SPIN,1376,10,interior,a_ice,0.00000
CM33_SPIN,1376,11,interior,a_ice,0.00105
CM33_SPIN,1376,12,interior,a_ice,0.01868
CM33_SPIN,1376,1,labsea,MLD2,1637.97027
CM33_SPIN,1376,2,labsea,MLD2,1637.03437
CM33_SPIN,1376,3,labsea,MLD2,1613.33272
CM33_SPIN,1376,4,labsea,MLD2,1552.24215
CM33_SPIN,1376,5,labsea,MLD2,1071.50219
CM33_SPIN,1376,6,labsea,MLD2,50.46862
CM33_SPIN,1376,7,labsea,MLD2,13.66192
CM33_SPIN,1376,8,labsea,MLD2,17.71215
CM33_SPIN,1376,9,labsea,MLD2,25.04923
CM33_SPIN,1376,10,labsea,MLD2,45.48317
CM33_SPIN,1376,11,labsea,MLD2,741.74076
CM33_SPIN,1376,12,labsea,MLD2,1676.91090
CM33_SPIN,1376,1,interior,MLD2,2613.35696
CM33_SPIN,1376,2,interior,MLD2,2524.46830
CM33_SPIN,1376,3,interior,MLD2,2514.43934
CM33_SPIN,1376,4,interior,MLD2,2443.96632
CM33_SPIN,1376,5,interior,MLD2,2008.35428
CM33_SPIN,1376,6,interior,MLD2,128.97672
CM33_SPIN,1376,7,interior,MLD2,16.06323
CM33_SPIN,1376,8,interior,MLD2,22.04040
CM33_SPIN,1376,9,interior,MLD2,28.66552
CM33_SPIN,1376,10,interior,MLD2,55.30839
CM33_SPIN,1376,11,interior,MLD2,1561.90659
CM33_SPIN,1376,12,interior,MLD2,2648.87834
CM33_SPIN,1377,1,labsea,a_ice,0.22517
CM33_SPIN,1377,2,labsea,a_ice,0.25908
CM33_SPIN,1377,3,labsea,a_ice,0.30607
CM33_SPIN,1377,4,labsea,a_ice,0.28271
CM33_SPIN,1377,5,labsea,a_ice,0.22050
CM33_SPIN,1377,6,labsea,a_ice,0.13104
CM33_SPIN,1377,7,labsea,a_ice,0.01330
CM33_SPIN,1377,8,labsea,a_ice,0.00010
CM33_SPIN,1377,9,labsea,a_ice,0.00000
CM33_SPIN,1377,10,labsea,a_ice,0.01558
CM33_SPIN,1377,11,labsea,a_ice,0.09881
CM33_SPIN,1377,12,labsea,a_ice,0.16445
CM33_SPIN,1377,1,interior,a_ice,0.05144
CM33_SPIN,1377,2,interior,a_ice,0.05731
CM33_SPIN,1377,3,interior,a_ice,0.12191
CM33_SPIN,1377,4,interior,a_ice,0.06873
CM33_SPIN,1377,5,interior,a_ice,0.08787
CM33_SPIN,1377,6,interior,a_ice,0.03569
CM33_SPIN,1377,7,interior,a_ice,0.01011
CM33_SPIN,1377,8,interior,a_ice,0.00000
CM33_SPIN,1377,9,interior,a_ice,0.00000
CM33_SPIN,1377,10,interior,a_ice,0.00000
CM33_SPIN,1377,11,interior,a_ice,0.00331
CM33_SPIN,1377,12,interior,a_ice,0.02556
CM33_SPIN,1377,1,labsea,MLD2,1623.03588
CM33_SPIN,1377,2,labsea,MLD2,1560.47855
CM33_SPIN,1377,3,labsea,MLD2,1494.37119
CM33_SPIN,1377,4,labsea,MLD2,1454.58491
CM33_SPIN,1377,5,labsea,MLD2,1299.14881
CM33_SPIN,1377,6,labsea,MLD2,44.51148
CM33_SPIN,1377,7,labsea,MLD2,16.40341
CM33_SPIN,1377,8,labsea,MLD2,16.33452
CM33_SPIN,1377,9,labsea,MLD2,26.51831
CM33_SPIN,1377,10,labsea,MLD2,72.05320
CM33_SPIN,1377,11,labsea,MLD2,631.75634
CM33_SPIN,1377,12,labsea,MLD2,1533.68287
CM33_SPIN,1377,1,interior,MLD2,2498.16809
CM33_SPIN,1377,2,interior,MLD2,2432.96213
CM33_SPIN,1377,3,interior,MLD2,2285.05464
CM33_SPIN,1377,4,interior,MLD2,2361.48211
CM33_SPIN,1377,5,interior,MLD2,2096.49550
CM33_SPIN,1377,6,interior,MLD2,44.33146
CM33_SPIN,1377,7,interior,MLD2,19.99850
CM33_SPIN,1377,8,interior,MLD2,18.64636
CM33_SPIN,1377,9,interior,MLD2,28.71932
CM33_SPIN,1377,10,interior,MLD2,154.45655
CM33_SPIN,1377,11,interior,MLD2,1531.07145
CM33_SPIN,1377,12,interior,MLD2,2686.75231
CM33_SPIN,1378,1,labsea,a_ice,0.19064
CM33_SPIN,1378,2,labsea,a_ice,0.25139
CM33_SPIN,1378,3,labsea,a_ice,0.22833
CM33_SPIN,1378,4,labsea,a_ice,0.21100
CM33_SPIN,1378,5,labsea,a_ice,0.17938
CM33_SPIN,1378,6,labsea,a_ice,0.11429
CM33_SPIN,1378,7,labsea,a_ice,0.06408
CM33_SPIN,1378,8,labsea,a_ice,0.02106
CM33_SPIN,1378,9,labsea,a_ice,0.00240
CM33_SPIN,1378,10,labsea,a_ice,0.01933
CM33_SPIN,1378,11,labsea,a_ice,0.07852
CM33_SPIN,1378,12,labsea,a_ice,0.22114
CM33_SPIN,1378,1,interior,a_ice,0.04661
CM33_SPIN,1378,2,interior,a_ice,0.07797
CM33_SPIN,1378,3,interior,a_ice,0.04964
CM33_SPIN,1378,4,interior,a_ice,0.03598
CM33_SPIN,1378,5,interior,a_ice,0.04946
CM33_SPIN,1378,6,interior,a_ice,0.01277
CM33_SPIN,1378,7,interior,a_ice,0.00449
CM33_SPIN,1378,8,interior,a_ice,0.00000
CM33_SPIN,1378,9,interior,a_ice,0.00000
CM33_SPIN,1378,10,interior,a_ice,0.00000
CM33_SPIN,1378,11,interior,a_ice,0.00302
CM33_SPIN,1378,12,interior,a_ice,0.05762
CM33_SPIN,1378,1,labsea,MLD2,1745.93969
CM33_SPIN,1378,2,labsea,MLD2,1684.50332
CM33_SPIN,1378,3,labsea,MLD2,1625.58029
CM33_SPIN,1378,4,labsea,MLD2,1365.97805
CM33_SPIN,1378,5,labsea,MLD2,843.27490
CM33_SPIN,1378,6,labsea,MLD2,33.72682
CM33_SPIN,1378,7,labsea,MLD2,17.02364
CM33_SPIN,1378,8,labsea,MLD2,16.56263
CM33_SPIN,1378,9,labsea,MLD2,21.41428
CM33_SPIN,1378,10,labsea,MLD2,33.16378
CM33_SPIN,1378,11,labsea,MLD2,341.19546
CM33_SPIN,1378,12,labsea,MLD2,1597.89709
CM33_SPIN,1378,1,interior,MLD2,2679.50012
CM33_SPIN,1378,2,interior,MLD2,2554.92900
CM33_SPIN,1378,3,interior,MLD2,2534.09386
CM33_SPIN,1378,4,interior,MLD2,2027.69606
CM33_SPIN,1378,5,interior,MLD2,1386.83248
CM33_SPIN,1378,6,interior,MLD2,77.91528
CM33_SPIN,1378,7,interior,MLD2,21.74644
CM33_SPIN,1378,8,interior,MLD2,21.11427
CM33_SPIN,1378,9,interior,MLD2,26.41025
CM33_SPIN,1378,10,interior,MLD2,36.64012
CM33_SPIN,1378,11,interior,MLD2,701.94415
CM33_SPIN,1378,12,interior,MLD2,2592.36978
CM33_SPIN,1379,1,labsea,a_ice,0.27883
CM33_SPIN,1379,2,labsea,a_ice,0.33915
CM33_SPIN,1379,3,labsea,a_ice,0.32688
CM33_SPIN,1379,4,labsea,a_ice,0.28072
CM33_SPIN,1379,5,labsea,a_ice,0.24117
CM33_SPIN,1379,6,labsea,a_ice,0.18918
CM33_SPIN,1379,7,labsea,a_ice,0.06843
CM33_SPIN,1379,8,labsea,a_ice,0.01403
CM33_SPIN,1379,9,labsea,a_ice,0.00288
CM33_SPIN,1379,10,labsea,a_ice,0.00022
CM33_SPIN,1379,11,labsea,a_ice,0.05256
CM33_SPIN,1379,12,labsea,a_ice,0.15844
CM33_SPIN,1379,1,interior,a_ice,0.08031
CM33_SPIN,1379,2,interior,a_ice,0.07630
CM33_SPIN,1379,3,interior,a_ice,0.08694
CM33_SPIN,1379,4,interior,a_ice,0.09732
CM33_SPIN,1379,5,interior,a_ice,0.07095
CM33_SPIN,1379,6,interior,a_ice,0.02620
CM33_SPIN,1379,7,interior,a_ice,0.02059
CM33_SPIN,1379,8,interior,a_ice,0.00004
CM33_SPIN,1379,9,interior,a_ice,0.00000
CM33_SPIN,1379,10,interior,a_ice,0.00000
CM33_SPIN,1379,11,interior,a_ice,0.00380
CM33_SPIN,1379,12,interior,a_ice,0.01750
CM33_SPIN,1379,1,labsea,MLD2,1681.03968
CM33_SPIN,1379,2,labsea,MLD2,1608.76256
CM33_SPIN,1379,3,labsea,MLD2,1576.76125
CM33_SPIN,1379,4,labsea,MLD2,1496.07440
CM33_SPIN,1379,5,labsea,MLD2,1321.31441
CM33_SPIN,1379,6,labsea,MLD2,182.14950
CM33_SPIN,1379,7,labsea,MLD2,13.93104
CM33_SPIN,1379,8,labsea,MLD2,14.76115
CM33_SPIN,1379,9,labsea,MLD2,22.57792
CM33_SPIN,1379,10,labsea,MLD2,38.52844
CM33_SPIN,1379,11,labsea,MLD2,720.03216
CM33_SPIN,1379,12,labsea,MLD2,1708.60589
CM33_SPIN,1379,1,interior,MLD2,2564.88101
CM33_SPIN,1379,2,interior,MLD2,2559.75851
CM33_SPIN,1379,3,interior,MLD2,2503.24991
CM33_SPIN,1379,4,interior,MLD2,2300.67493
CM33_SPIN,1379,5,interior,MLD2,2363.36479
CM33_SPIN,1379,6,interior,MLD2,510.03268
CM33_SPIN,1379,7,interior,MLD2,15.28756
CM33_SPIN,1379,8,interior,MLD2,16.91736
CM33_SPIN,1379,9,interior,MLD2,25.51901
CM33_SPIN,1379,10,interior,MLD2,40.49515
CM33_SPIN,1379,11,interior,MLD2,1584.72748
CM33_SPIN,1379,12,interior,MLD2,2709.22771
CM33_SPIN,1380,1,labsea,a_ice,0.21088
CM33_SPIN,1380,2,labsea,a_ice,0.22257
CM33_SPIN,1380,3,labsea,a_ice,0.24862
CM33_SPIN,1380,4,labsea,a_ice,0.19683
CM33_SPIN,1380,5,labsea,a_ice,0.17418
CM33_SPIN,1380,6,labsea,a_ice,0.10990
CM33_SPIN,1380,7,labsea,a_ice,0.04189
CM33_SPIN,1380,8,labsea,a_ice,0.01956
CM33_SPIN,1380,9,labsea,a_ice,0.00423
CM33_SPIN,1380,10,labsea,a_ice,0.01043
CM33_SPIN,1380,11,labsea,a_ice,0.08578
CM33_SPIN,1380,12,labsea,a_ice,0.14323
CM33_SPIN,1380,1,interior,a_ice,0.04168
CM33_SPIN,1380,2,interior,a_ice,0.05385
CM33_SPIN,1380,3,interior,a_ice,0.07667
CM33_SPIN,1380,4,interior,a_ice,0.05686
CM33_SPIN,1380,5,interior,a_ice,0.02651
CM33_SPIN,1380,6,interior,a_ice,0.01395
CM33_SPIN,1380,7,interior,a_ice,0.00039
CM33_SPIN,1380,8,interior,a_ice,0.00000
CM33_SPIN,1380,9,interior,a_ice,0.00000
CM33_SPIN,1380,10,interior,a_ice,0.00000
CM33_SPIN,1380,11,interior,a_ice,0.00093
CM33_SPIN,1380,12,interior,a_ice,0.00272
CM33_SPIN,1380,1,labsea,MLD2,1738.43892
CM33_SPIN,1380,2,labsea,MLD2,1731.31239
CM33_SPIN,1380,3,labsea,MLD2,1598.99005
CM33_SPIN,1380,4,labsea,MLD2,1531.20565
CM33_SPIN,1380,5,labsea,MLD2,1107.11264
CM33_SPIN,1380,6,labsea,MLD2,47.08891
CM33_SPIN,1380,7,labsea,MLD2,12.96572
CM33_SPIN,1380,8,labsea,MLD2,18.49897
CM33_SPIN,1380,9,labsea,MLD2,25.38170
CM33_SPIN,1380,10,labsea,MLD2,40.81952
CM33_SPIN,1380,11,labsea,MLD2,817.82026
CM33_SPIN,1380,12,labsea,MLD2,1676.76539
CM33_SPIN,1380,1,interior,MLD2,2661.41177
CM33_SPIN,1380,2,interior,MLD2,2640.09684
CM33_SPIN,1380,3,interior,MLD2,2424.60353
CM33_SPIN,1380,4,interior,MLD2,2410.64624
CM33_SPIN,1380,5,interior,MLD2,2000.55549
CM33_SPIN,1380,6,interior,MLD2,106.43157
CM33_SPIN,1380,7,interior,MLD2,13.19768
CM33_SPIN,1380,8,interior,MLD2,20.18449
CM33_SPIN,1380,9,interior,MLD2,28.39192
CM33_SPIN,1380,10,interior,MLD2,45.11514
CM33_SPIN,1380,11,interior,MLD2,1779.53578
CM33_SPIN,1380,12,interior,MLD2,2711.67519
CM33_SPIN,1381,1,labsea,a_ice,0.18053
CM33_SPIN,1381,2,labsea,a_ice,0.18110
CM33_SPIN,1381,3,labsea,a_ice,0.15268
CM33_SPIN,1381,4,labsea,a_ice,0.14969
CM33_SPIN,1381,5,labsea,a_ice,0.16541
CM33_SPIN,1381,6,labsea,a_ice,0.10872
CM33_SPIN,1381,7,labsea,a_ice,0.04330
CM33_SPIN,1381,8,labsea,a_ice,0.00827
CM33_SPIN,1381,9,labsea,a_ice,0.00001
CM33_SPIN,1381,10,labsea,a_ice,0.00247
CM33_SPIN,1381,11,labsea,a_ice,0.05497
CM33_SPIN,1381,12,labsea,a_ice,0.14503
CM33_SPIN,1381,1,interior,a_ice,0.02950
CM33_SPIN,1381,2,interior,a_ice,0.02640
CM33_SPIN,1381,3,interior,a_ice,0.01672
CM33_SPIN,1381,4,interior,a_ice,0.02417
CM33_SPIN,1381,5,interior,a_ice,0.03155
CM33_SPIN,1381,6,interior,a_ice,0.00941
CM33_SPIN,1381,7,interior,a_ice,0.00162
CM33_SPIN,1381,8,interior,a_ice,0.00000
CM33_SPIN,1381,9,interior,a_ice,0.00000
CM33_SPIN,1381,10,interior,a_ice,0.00000
CM33_SPIN,1381,11,interior,a_ice,0.00012
CM33_SPIN,1381,12,interior,a_ice,0.01359
CM33_SPIN,1381,1,labsea,MLD2,1805.64475
CM33_SPIN,1381,2,labsea,MLD2,1844.56517
CM33_SPIN,1381,3,labsea,MLD2,1807.73267
CM33_SPIN,1381,4,labsea,MLD2,1756.22396
CM33_SPIN,1381,5,labsea,MLD2,1432.05776
CM33_SPIN,1381,6,labsea,MLD2,46.44938
CM33_SPIN,1381,7,labsea,MLD2,13.71445
CM33_SPIN,1381,8,labsea,MLD2,14.67917
CM33_SPIN,1381,9,labsea,MLD2,21.75380
CM33_SPIN,1381,10,labsea,MLD2,78.81152
CM33_SPIN,1381,11,labsea,MLD2,851.74525
CM33_SPIN,1381,12,labsea,MLD2,1674.70483
CM33_SPIN,1381,1,interior,MLD2,2701.26232
CM33_SPIN,1381,2,interior,MLD2,2712.61823
CM33_SPIN,1381,3,interior,MLD2,2700.81684
CM33_SPIN,1381,4,interior,MLD2,2621.50464
CM33_SPIN,1381,5,interior,MLD2,2534.51152
CM33_SPIN,1381,6,interior,MLD2,111.23985
CM33_SPIN,1381,7,interior,MLD2,14.45986
CM33_SPIN,1381,8,interior,MLD2,16.76739
CM33_SPIN,1381,9,interior,MLD2,24.25943
CM33_SPIN,1381,10,interior,MLD2,146.19205
CM33_SPIN,1381,11,interior,MLD2,1996.62645
CM33_SPIN,1381,12,interior,MLD2,2701.01752
CM33_SPIN,1382,1,labsea,a_ice,0.17178
CM33_SPIN,1382,2,labsea,a_ice,0.22555
CM33_SPIN,1382,3,labsea,a_ice,0.28590
CM33_SPIN,1382,4,labsea,a_ice,0.31114
CM33_SPIN,1382,5,labsea,a_ice,0.25363
CM33_SPIN,1382,6,labsea,a_ice,0.11947
CM33_SPIN,1382,7,labsea,a_ice,0.02061
CM33_SPIN,1382,8,labsea,a_ice,0.00033
CM33_SPIN,1382,9,labsea,a_ice,0.00000
CM33_SPIN,1382,10,labsea,a_ice,0.00002
CM33_SPIN,1382,11,labsea,a_ice,0.01735
CM33_SPIN,1382,12,labsea,a_ice,0.09120
CM33_SPIN,1382,1,interior,a_ice,0.01324
CM33_SPIN,1382,2,interior,a_ice,0.04063
CM33_SPIN,1382,3,interior,a_ice,0.12569
CM33_SPIN,1382,4,interior,a_ice,0.11971
CM33_SPIN,1382,5,interior,a_ice,0.05744
CM33_SPIN,1382,6,interior,a_ice,0.04175
CM33_SPIN,1382,7,interior,a_ice,0.00032
CM33_SPIN,1382,8,interior,a_ice,0.00000
CM33_SPIN,1382,9,interior,a_ice,0.00000
CM33_SPIN,1382,10,interior,a_ice,0.00000
CM33_SPIN,1382,11,interior,a_ice,0.00000
CM33_SPIN,1382,12,interior,a_ice,0.00403
CM33_SPIN,1382,1,labsea,MLD2,1805.54468
CM33_SPIN,1382,2,labsea,MLD2,1645.74459
CM33_SPIN,1382,3,labsea,MLD2,1487.21471
CM33_SPIN,1382,4,labsea,MLD2,1476.85476
CM33_SPIN,1382,5,labsea,MLD2,981.30133
CM33_SPIN,1382,6,labsea,MLD2,51.08475
CM33_SPIN,1382,7,labsea,MLD2,16.57375
CM33_SPIN,1382,8,labsea,MLD2,15.04125
CM33_SPIN,1382,9,labsea,MLD2,27.16222
CM33_SPIN,1382,10,labsea,MLD2,37.83346
CM33_SPIN,1382,11,labsea,MLD2,207.27184
CM33_SPIN,1382,12,labsea,MLD2,1238.03647
CM33_SPIN,1382,1,interior,MLD2,2715.31633
CM33_SPIN,1382,2,interior,MLD2,2496.27341
CM33_SPIN,1382,3,interior,MLD2,2117.74050
CM33_SPIN,1382,4,interior,MLD2,2247.06975
CM33_SPIN,1382,5,interior,MLD2,1993.99954
CM33_SPIN,1382,6,interior,MLD2,140.57607
CM33_SPIN,1382,7,interior,MLD2,20.32850
CM33_SPIN,1382,8,interior,MLD2,17.18664
CM33_SPIN,1382,9,interior,MLD2,27.59381
CM33_SPIN,1382,10,interior,MLD2,36.01009
CM33_SPIN,1382,11,interior,MLD2,458.73632
CM33_SPIN,1382,12,interior,MLD2,2436.83795
CM33_SPIN,1383,1,labsea,a_ice,0.18304
CM33_SPIN,1383,2,labsea,a_ice,0.21341
CM33_SPIN,1383,3,labsea,a_ice,0.21770
CM33_SPIN,1383,4,labsea,a_ice,0.19460
CM33_SPIN,1383,5,labsea,a_ice,0.18329
CM33_SPIN,1383,6,labsea,a_ice,0.12677
CM33_SPIN,1383,7,labsea,a_ice,0.03020
CM33_SPIN,1383,8,labsea,a_ice,0.00176
CM33_SPIN,1383,9,labsea,a_ice,0.00000
CM33_SPIN,1383,10,labsea,a_ice,0.00117
CM33_SPIN,1383,11,labsea,a_ice,0.04326
CM33_SPIN,1383,12,labsea,a_ice,0.12394
CM33_SPIN,1383,1,interior,a_ice,0.02260
CM33_SPIN,1383,2,interior,a_ice,0.03578
CM33_SPIN,1383,3,interior,a_ice,0.03884
CM33_SPIN,1383,4,interior,a_ice,0.03076
CM33_SPIN,1383,5,interior,a_ice,0.02840
CM33_SPIN,1383,6,interior,a_ice,0.01490
CM33_SPIN,1383,7,interior,a_ice,0.00186
CM33_SPIN,1383,8,interior,a_ice,0.00000
CM33_SPIN,1383,9,interior,a_ice,0.00000
CM33_SPIN,1383,10,interior,a_ice,0.00000
CM33_SPIN,1383,11,interior,a_ice,0.00019
CM33_SPIN,1383,12,interior,a_ice,0.00982
CM33_SPIN,1383,1,labsea,MLD2,1785.41810
CM33_SPIN,1383,2,labsea,MLD2,1754.25404
CM33_SPIN,1383,3,labsea,MLD2,1575.61396
CM33_SPIN,1383,4,labsea,MLD2,1449.00117
CM33_SPIN,1383,5,labsea,MLD2,933.14717
CM33_SPIN,1383,6,labsea,MLD2,54.65208
CM33_SPIN,1383,7,labsea,MLD2,13.86492
CM33_SPIN,1383,8,labsea,MLD2,16.95127
CM33_SPIN,1383,9,labsea,MLD2,25.08507
CM33_SPIN,1383,10,labsea,MLD2,49.01508
CM33_SPIN,1383,11,labsea,MLD2,384.16559
CM33_SPIN,1383,12,labsea,MLD2,1338.37672
CM33_SPIN,1383,1,interior,MLD2,2710.77041
CM33_SPIN,1383,2,interior,MLD2,2626.94402
CM33_SPIN,1383,3,interior,MLD2,2399.13428
CM33_SPIN,1383,4,interior,MLD2,2150.27233
CM33_SPIN,1383,5,interior,MLD2,1740.13827
CM33_SPIN,1383,6,interior,MLD2,145.36607
CM33_SPIN,1383,7,interior,MLD2,15.36502
CM33_SPIN,1383,8,interior,MLD2,18.17217
CM33_SPIN,1383,9,interior,MLD2,27.29649
CM33_SPIN,1383,10,interior,MLD2,58.77680
CM33_SPIN,1383,11,interior,MLD2,925.04261
CM33_SPIN,1383,12,interior,MLD2,2511.30439
CM33_SPIN,1384,1,labsea,a_ice,0.18300
CM33_SPIN,1384,2,labsea,a_ice,0.19327
CM33_SPIN,1384,3,labsea,a_ice,0.20836
CM33_SPIN,1384,4,labsea,a_ice,0.20944
CM33_SPIN,1384,5,labsea,a_ice,0.16384
CM33_SPIN,1384,6,labsea,a_ice,0.08819
CM33_SPIN,1384,7,labsea,a_ice,0.03754
CM33_SPIN,1384,8,labsea,a_ice,0.00887
CM33_SPIN,1384,9,labsea,a_ice,0.00006
CM33_SPIN,1384,10,labsea,a_ice,0.00551
CM33_SPIN,1384,11,labsea,a_ice,0.08810
CM33_SPIN,1384,12,labsea,a_ice,0.27169
CM33_SPIN,1384,1,interior,a_ice,0.03598
CM33_SPIN,1384,2,interior,a_ice,0.03761
CM33_SPIN,1384,3,interior,a_ice,0.06241
CM33_SPIN,1384,4,interior,a_ice,0.04688
CM33_SPIN,1384,5,interior,a_ice,0.02981
CM33_SPIN,1384,6,interior,a_ice,0.00433
CM33_SPIN,1384,7,interior,a_ice,0.00001
CM33_SPIN,1384,8,interior,a_ice,0.00000
CM33_SPIN,1384,9,interior,a_ice,0.00000
CM33_SPIN,1384,10,interior,a_ice,0.00001
CM33_SPIN,1384,11,interior,a_ice,0.00144
CM33_SPIN,1384,12,interior,a_ice,0.16126
CM33_SPIN,1384,1,labsea,MLD2,1790.56465
CM33_SPIN,1384,2,labsea,MLD2,1783.43228
CM33_SPIN,1384,3,labsea,MLD2,1740.95880
CM33_SPIN,1384,4,labsea,MLD2,1649.14714
CM33_SPIN,1384,5,labsea,MLD2,1198.42774
CM33_SPIN,1384,6,labsea,MLD2,59.04794
CM33_SPIN,1384,7,labsea,MLD2,17.24306
CM33_SPIN,1384,8,labsea,MLD2,17.49023
CM33_SPIN,1384,9,labsea,MLD2,27.63346
CM33_SPIN,1384,10,labsea,MLD2,54.35296
CM33_SPIN,1384,11,labsea,MLD2,633.44374
CM33_SPIN,1384,12,labsea,MLD2,1399.39370
CM33_SPIN,1384,1,interior,MLD2,2674.22277
CM33_SPIN,1384,2,interior,MLD2,2667.94672
CM33_SPIN,1384,3,interior,MLD2,2615.58402
CM33_SPIN,1384,4,interior,MLD2,2543.44525
CM33_SPIN,1384,5,interior,MLD2,2112.95913
CM33_SPIN,1384,6,interior,MLD2,142.66376
CM33_SPIN,1384,7,interior,MLD2,19.92387
CM33_SPIN,1384,8,interior,MLD2,19.39517
CM33_SPIN,1384,9,interior,MLD2,32.38536
CM33_SPIN,1384,10,interior,MLD2,98.93155
CM33_SPIN,1384,11,interior,MLD2,1407.67208
CM33_SPIN,1384,12,interior,MLD2,2078.38045
CM33_SPIN,1385,1,labsea,a_ice,0.35646
CM33_SPIN,1385,2,labsea,a_ice,0.33919
CM33_SPIN,1385,3,labsea,a_ice,0.24736
CM33_SPIN,1385,4,labsea,a_ice,0.25513
CM33_SPIN,1385,5,labsea,a_ice,0.18175
CM33_SPIN,1385,6,labsea,a_ice,0.10526
CM33_SPIN,1385,7,labsea,a_ice,0.04472
CM33_SPIN,1385,8,labsea,a_ice,0.00763
CM33_SPIN,1385,9,labsea,a_ice,0.00155
CM33_SPIN,1385,10,labsea,a_ice,0.01616
CM33_SPIN,1385,11,labsea,a_ice,0.09346
CM33_SPIN,1385,12,labsea,a_ice,0.13418
CM33_SPIN,1385,1,interior,a_ice,0.17384
CM33_SPIN,1385,2,interior,a_ice,0.21222
CM33_SPIN,1385,3,interior,a_ice,0.03467
CM33_SPIN,1385,4,interior,a_ice,0.04917
CM33_SPIN,1385,5,interior,a_ice,0.03790
CM33_SPIN,1385,6,interior,a_ice,0.03784
CM33_SPIN,1385,7,interior,a_ice,0.00139
CM33_SPIN,1385,8,interior,a_ice,0.00000
CM33_SPIN,1385,9,interior,a_ice,0.00000
CM33_SPIN,1385,10,interior,a_ice,0.00000
CM33_SPIN,1385,11,interior,a_ice,0.00186
CM33_SPIN,1385,12,interior,a_ice,0.00438
CM33_SPIN,1385,1,labsea,MLD2,1339.00469
CM33_SPIN,1385,2,labsea,MLD2,1477.40882
CM33_SPIN,1385,3,labsea,MLD2,1641.55501
CM33_SPIN,1385,4,labsea,MLD2,1693.39488
CM33_SPIN,1385,5,labsea,MLD2,1458.31679
CM33_SPIN,1385,6,labsea,MLD2,300.90852
CM33_SPIN,1385,7,labsea,MLD2,17.58899
CM33_SPIN,1385,8,labsea,MLD2,17.68991
CM33_SPIN,1385,9,labsea,MLD2,27.99167
CM33_SPIN,1385,10,labsea,MLD2,140.66012
CM33_SPIN,1385,11,labsea,MLD2,1283.25079
CM33_SPIN,1385,12,labsea,MLD2,1815.50724
CM33_SPIN,1385,1,interior,MLD2,2038.87616
CM33_SPIN,1385,2,interior,MLD2,2039.30779
CM33_SPIN,1385,3,interior,MLD2,2586.96592
CM33_SPIN,1385,4,interior,MLD2,2634.50866
CM33_SPIN,1385,5,interior,MLD2,2457.48263
CM33_SPIN,1385,6,interior,MLD2,772.68490
CM33_SPIN,1385,7,interior,MLD2,20.40297
CM33_SPIN,1385,8,interior,MLD2,19.35259
CM33_SPIN,1385,9,interior,MLD2,32.62449
CM33_SPIN,1385,10,interior,MLD2,322.02630
CM33_SPIN,1385,11,interior,MLD2,2468.35761
CM33_SPIN,1385,12,interior,MLD2,2726.36508
CM33_SPIN,1386,1,labsea,a_ice,0.19159
CM33_SPIN,1386,2,labsea,a_ice,0.26262
CM33_SPIN,1386,3,labsea,a_ice,0.23079
CM33_SPIN,1386,4,labsea,a_ice,0.20006
CM33_SPIN,1386,5,labsea,a_ice,0.20414
CM33_SPIN,1386,6,labsea,a_ice,0.14374
CM33_SPIN,1386,7,labsea,a_ice,0.05368
CM33_SPIN,1386,8,labsea,a_ice,0.01223
CM33_SPIN,1386,9,labsea,a_ice,0.00088
CM33_SPIN,1386,10,labsea,a_ice,0.00454
CM33_SPIN,1386,11,labsea,a_ice,0.06785
CM33_SPIN,1386,12,labsea,a_ice,0.16033
CM33_SPIN,1386,1,interior,a_ice,0.03187
CM33_SPIN,1386,2,interior,a_ice,0.09440
CM33_SPIN,1386,3,interior,a_ice,0.04522
CM33_SPIN,1386,4,interior,a_ice,0.03270
CM33_SPIN,1386,5,interior,a_ice,0.03810
CM33_SPIN,1386,6,interior,a_ice,0.02297
CM33_SPIN,1386,7,interior,a_ice,0.00419
CM33_SPIN,1386,8,interior,a_ice,0.00000
CM33_SPIN,1386,9,interior,a_ice,0.00000
CM33_SPIN,1386,10,interior,a_ice,0.00000
CM33_SPIN,1386,11,interior,a_ice,0.00009
CM33_SPIN,1386,12,interior,a_ice,0.02536
CM33_SPIN,1386,1,labsea,MLD2,1816.85802
CM33_SPIN,1386,2,labsea,MLD2,1722.34976
CM33_SPIN,1386,3,labsea,MLD2,1690.01939
CM33_SPIN,1386,4,labsea,MLD2,1501.76573
CM33_SPIN,1386,5,labsea,MLD2,915.16535
CM33_SPIN,1386,6,labsea,MLD2,83.97981
CM33_SPIN,1386,7,labsea,MLD2,14.86584
CM33_SPIN,1386,8,labsea,MLD2,15.92776
CM33_SPIN,1386,9,labsea,MLD2,21.93072
CM33_SPIN,1386,10,labsea,MLD2,33.17058
CM33_SPIN,1386,11,labsea,MLD2,453.79171
CM33_SPIN,1386,12,labsea,MLD2,1487.74040
CM33_SPIN,1386,1,interior,MLD2,2693.18968
CM33_SPIN,1386,2,interior,MLD2,2572.48850
CM33_SPIN,1386,3,interior,MLD2,2604.22437
CM33_SPIN,1386,4,interior,MLD2,2456.78008
CM33_SPIN,1386,5,interior,MLD2,2067.39642
CM33_SPIN,1386,6,interior,MLD2,237.93525
CM33_SPIN,1386,7,interior,MLD2,17.54646
CM33_SPIN,1386,8,interior,MLD2,17.77591
CM33_SPIN,1386,9,interior,MLD2,22.57554
CM33_SPIN,1386,10,interior,MLD2,33.65863
CM33_SPIN,1386,11,interior,MLD2,990.45038
CM33_SPIN,1386,12,interior,MLD2,2584.68053
CM33_SPIN,1387,1,labsea,a_ice,0.24679
CM33_SPIN,1387,2,labsea,a_ice,0.24610
CM33_SPIN,1387,3,labsea,a_ice,0.27970
CM33_SPIN,1387,4,labsea,a_ice,0.24941
CM33_SPIN,1387,5,labsea,a_ice,0.19279
CM33_SPIN,1387,6,labsea,a_ice,0.09366
CM33_SPIN,1387,7,labsea,a_ice,0.02210
CM33_SPIN,1387,8,labsea,a_ice,0.00132
CM33_SPIN,1387,9,labsea,a_ice,0.00000
CM33_SPIN,1387,10,labsea,a_ice,0.00125
CM33_SPIN,1387,11,labsea,a_ice,0.03973
CM33_SPIN,1387,12,labsea,a_ice,0.13213
CM33_SPIN,1387,1,interior,a_ice,0.08311
CM33_SPIN,1387,2,interior,a_ice,0.05119
CM33_SPIN,1387,3,interior,a_ice,0.10469
CM33_SPIN,1387,4,interior,a_ice,0.05415
CM33_SPIN,1387,5,interior,a_ice,0.06011
CM33_SPIN,1387,6,interior,a_ice,0.01762
CM33_SPIN,1387,7,interior,a_ice,0.00010
CM33_SPIN,1387,8,interior,a_ice,0.00000
CM33_SPIN,1387,9,interior,a_ice,0.00000
CM33_SPIN,1387,10,interior,a_ice,0.00000
CM33_SPIN,1387,11,interior,a_ice,0.00067
CM33_SPIN,1387,12,interior,a_ice,0.01058
CM33_SPIN,1387,1,labsea,MLD2,1783.57200
CM33_SPIN,1387,2,labsea,MLD2,1801.64457
CM33_SPIN,1387,3,labsea,MLD2,1692.55734
CM33_SPIN,1387,4,labsea,MLD2,1504.16584
CM33_SPIN,1387,5,labsea,MLD2,655.29631
CM33_SPIN,1387,6,labsea,MLD2,13.33425
CM33_SPIN,1387,7,labsea,MLD2,13.19413
CM33_SPIN,1387,8,labsea,MLD2,15.09937
CM33_SPIN,1387,9,labsea,MLD2,24.13537
CM33_SPIN,1387,10,labsea,MLD2,38.66711
CM33_SPIN,1387,11,labsea,MLD2,543.59485
CM33_SPIN,1387,12,labsea,MLD2,1600.42575
CM33_SPIN,1387,1,interior,MLD2,2612.96438
CM33_SPIN,1387,2,interior,MLD2,2686.63136
CM33_SPIN,1387,3,interior,MLD2,2528.35533
CM33_SPIN,1387,4,interior,MLD2,2327.46051
CM33_SPIN,1387,5,interior,MLD2,1088.94635
CM33_SPIN,1387,6,interior,MLD2,17.06097
CM33_SPIN,1387,7,interior,MLD2,15.56812
CM33_SPIN,1387,8,interior,MLD2,16.28224
CM33_SPIN,1387,9,interior,MLD2,22.93630
CM33_SPIN,1387,10,interior,MLD2,39.13951
CM33_SPIN,1387,11,interior,MLD2,1187.82091
CM33_SPIN,1387,12,interior,MLD2,2693.01856
CM33_SPIN,1388,1,labsea,a_ice,0.18705
CM33_SPIN,1388,2,labsea,a_ice,0.25174
CM33_SPIN,1388,3,labsea,a_ice,0.23599
CM33_SPIN,1388,4,labsea,a_ice,0.22242
CM33_SPIN,1388,5,labsea,a_ice,0.15553
CM33_SPIN,1388,6,labsea,a_ice,0.08805
CM33_SPIN,1388,7,labsea,a_ice,0.02727
CM33_SPIN,1388,8,labsea,a_ice,0.00004
CM33_SPIN,1388,9,labsea,a_ice,0.00000
CM33_SPIN,1388,10,labsea,a_ice,0.00002
CM33_SPIN,1388,11,labsea,a_ice,0.03643
CM33_SPIN,1388,12,labsea,a_ice,0.11598
CM33_SPIN,1388,1,interior,a_ice,0.03357
CM33_SPIN,1388,2,interior,a_ice,0.05692
CM33_SPIN,1388,3,interior,a_ice,0.07504
CM33_SPIN,1388,4,interior,a_ice,0.03650
CM33_SPIN,1388,5,interior,a_ice,0.01660
CM33_SPIN,1388,6,interior,a_ice,0.00156
CM33_SPIN,1388,7,interior,a_ice,0.00000
CM33_SPIN,1388,8,interior,a_ice,0.00000
CM33_SPIN,1388,9,interior,a_ice,0.00000
CM33_SPIN,1388,10,interior,a_ice,0.00000
CM33_SPIN,1388,11,interior,a_ice,0.00018
CM33_SPIN,1388,12,interior,a_ice,0.00978
CM33_SPIN,1388,1,labsea,MLD2,1741.24433
CM33_SPIN,1388,2,labsea,MLD2,1704.28116
CM33_SPIN,1388,3,labsea,MLD2,1615.95623
CM33_SPIN,1388,4,labsea,MLD2,1693.26798
CM33_SPIN,1388,5,labsea,MLD2,485.50716
CM33_SPIN,1388,6,labsea,MLD2,15.16960
CM33_SPIN,1388,7,labsea,MLD2,10.57683
CM33_SPIN,1388,8,labsea,MLD2,13.80293
CM33_SPIN,1388,9,labsea,MLD2,19.61885
CM33_SPIN,1388,10,labsea,MLD2,31.87142
CM33_SPIN,1388,11,labsea,MLD2,339.85705
CM33_SPIN,1388,12,labsea,MLD2,1485.10133
CM33_SPIN,1388,1,interior,MLD2,2674.91779
CM33_SPIN,1388,2,interior,MLD2,2615.09479
CM33_SPIN,1388,3,interior,MLD2,2484.69542
CM33_SPIN,1388,4,interior,MLD2,2597.30262
CM33_SPIN,1388,5,interior,MLD2,1045.08388
CM33_SPIN,1388,6,interior,MLD2,18.82090
CM33_SPIN,1388,7,interior,MLD2,10.87015
CM33_SPIN,1388,8,interior,MLD2,16.79869
CM33_SPIN,1388,9,interior,MLD2,24.23772
CM33_SPIN,1388,10,interior,MLD2,37.34814
CM33_SPIN,1388,11,interior,MLD2,720.73793
CM33_SPIN,1388,12,interior,MLD2,2652.46898
CM33_SPIN,1389,1,labsea,a_ice,0.23009
CM33_SPIN,1389,2,labsea,a_ice,0.28384
CM33_SPIN,1389,3,labsea,a_ice,0.26148
CM33_SPIN,1389,4,labsea,a_ice,0.27338
CM33_SPIN,1389,5,labsea,a_ice,0.26474
CM33_SPIN,1389,6,labsea,a_ice,0.22397
CM33_SPIN,1389,7,labsea,a_ice,0.10266
CM33_SPIN,1389,8,labsea,a_ice,0.01809
CM33_SPIN,1389,9,labsea,a_ice,0.00000
CM33_SPIN,1389,10,labsea,a_ice,0.00298
CM33_SPIN,1389,11,labsea,a_ice,0.07877
CM33_SPIN,1389,12,labsea,a_ice,0.18406
CM33_SPIN,1389,1,interior,a_ice,0.04615
CM33_SPIN,1389,2,interior,a_ice,0.13229
CM33_SPIN,1389,3,interior,a_ice,0.06533
CM33_SPIN,1389,4,interior,a_ice,0.11379
CM33_SPIN,1389,5,interior,a_ice,0.10510
CM33_SPIN,1389,6,interior,a_ice,0.03407
CM33_SPIN,1389,7,interior,a_ice,0.03144
CM33_SPIN,1389,8,interior,a_ice,0.00143
CM33_SPIN,1389,9,interior,a_ice,0.00000
CM33_SPIN,1389,10,interior,a_ice,0.00000
CM33_SPIN,1389,11,interior,a_ice,0.00340
CM33_SPIN,1389,12,interior,a_ice,0.02369
CM33_SPIN,1389,1,labsea,MLD2,1603.89723
CM33_SPIN,1389,2,labsea,MLD2,1550.52246
CM33_SPIN,1389,3,labsea,MLD2,1475.43659
CM33_SPIN,1389,4,labsea,MLD2,1333.95419
CM33_SPIN,1389,5,labsea,MLD2,1206.42274
CM33_SPIN,1389,6,labsea,MLD2,289.39941
CM33_SPIN,1389,7,labsea,MLD2,15.08883
CM33_SPIN,1389,8,labsea,MLD2,13.47012
CM33_SPIN,1389,9,labsea,MLD2,18.63618
CM33_SPIN,1389,10,labsea,MLD2,28.27541
CM33_SPIN,1389,11,labsea,MLD2,147.50479
CM33_SPIN,1389,12,labsea,MLD2,1504.35868
CM33_SPIN,1389,1,interior,MLD2,2467.81574
CM33_SPIN,1389,2,interior,MLD2,2386.86067
CM33_SPIN,1389,3,interior,MLD2,2390.69322
CM33_SPIN,1389,4,interior,MLD2,1893.85355
CM33_SPIN,1389,5,interior,MLD2,1653.94297
CM33_SPIN,1389,6,interior,MLD2,388.67099
CM33_SPIN,1389,7,interior,MLD2,17.67760
CM33_SPIN,1389,8,interior,MLD2,16.35999
CM33_SPIN,1389,9,interior,MLD2,22.00792
CM33_SPIN,1389,10,interior,MLD2,30.41914
CM33_SPIN,1389,11,interior,MLD2,300.13699
CM33_SPIN,1389,12,interior,MLD2,2495.75844
CM33_SPIN,1390,1,labsea,a_ice,0.17781
CM33_SPIN,1390,2,labsea,a_ice,0.17967
CM33_SPIN,1390,3,labsea,a_ice,0.22693
CM33_SPIN,1390,4,labsea,a_ice,0.21684
CM33_SPIN,1390,5,labsea,a_ice,0.20265
CM33_SPIN,1390,6,labsea,a_ice,0.10339
CM33_SPIN,1390,7,labsea,a_ice,0.03476
CM33_SPIN,1390,8,labsea,a_ice,0.00259
CM33_SPIN,1390,9,labsea,a_ice,0.00000
CM33_SPIN,1390,10,labsea,a_ice,0.00034
CM33_SPIN,1390,11,labsea,a_ice,0.03137
CM33_SPIN,1390,12,labsea,a_ice,0.15465
CM33_SPIN,1390,1,interior,a_ice,0.02774
CM33_SPIN,1390,2,interior,a_ice,0.01119
CM33_SPIN,1390,3,interior,a_ice,0.05013
CM33_SPIN,1390,4,interior,a_ice,0.03405
CM33_SPIN,1390,5,interior,a_ice,0.03094
CM33_SPIN,1390,6,interior,a_ice,0.00534
CM33_SPIN,1390,7,interior,a_ice,0.00493
CM33_SPIN,1390,8,interior,a_ice,0.00000
CM33_SPIN,1390,9,interior,a_ice,0.00000
CM33_SPIN,1390,10,interior,a_ice,0.00000
CM33_SPIN,1390,11,interior,a_ice,0.00136
CM33_SPIN,1390,12,interior,a_ice,0.01797
CM33_SPIN,1390,1,labsea,MLD2,1752.46004
CM33_SPIN,1390,2,labsea,MLD2,1787.10024
CM33_SPIN,1390,3,labsea,MLD2,1665.32731
CM33_SPIN,1390,4,labsea,MLD2,1634.32525
CM33_SPIN,1390,5,labsea,MLD2,811.34727
CM33_SPIN,1390,6,labsea,MLD2,18.77822
CM33_SPIN,1390,7,labsea,MLD2,14.73637
CM33_SPIN,1390,8,labsea,MLD2,15.87338
CM33_SPIN,1390,9,labsea,MLD2,22.89949
CM33_SPIN,1390,10,labsea,MLD2,34.18483
CM33_SPIN,1390,11,labsea,MLD2,338.41483
CM33_SPIN,1390,12,labsea,MLD2,1557.07825
CM33_SPIN,1390,1,interior,MLD2,2682.08707
CM33_SPIN,1390,2,interior,MLD2,2695.77024
CM33_SPIN,1390,3,interior,MLD2,2479.48489
CM33_SPIN,1390,4,interior,MLD2,2549.36735
CM33_SPIN,1390,5,interior,MLD2,1366.93079
CM33_SPIN,1390,6,interior,MLD2,22.67238
CM33_SPIN,1390,7,interior,MLD2,17.00250
CM33_SPIN,1390,8,interior,MLD2,17.58111
CM33_SPIN,1390,9,interior,MLD2,24.71551
CM33_SPIN,1390,10,interior,MLD2,37.44308
CM33_SPIN,1390,11,interior,MLD2,781.55611
CM33_SPIN,1390,12,interior,MLD2,2661.95148
CM33_SPIN,1391,1,labsea,a_ice,0.22017
CM33_SPIN,1391,2,labsea,a_ice,0.26338
CM33_SPIN,1391,3,labsea,a_ice,0.26370
CM33_SPIN,1391,4,labsea,a_ice,0.22814
CM33_SPIN,1391,5,labsea,a_ice,0.22142
CM33_SPIN,1391,6,labsea,a_ice,0.17282
CM33_SPIN,1391,7,labsea,a_ice,0.07158
CM33_SPIN,1391,8,labsea,a_ice,0.01786
CM33_SPIN,1391,9,labsea,a_ice,0.00420
CM33_SPIN,1391,10,labsea,a_ice,0.01467
CM33_SPIN,1391,11,labsea,a_ice,0.07661
CM33_SPIN,1391,12,labsea,a_ice,0.15566
CM33_SPIN,1391,1,interior,a_ice,0.05923
CM33_SPIN,1391,2,interior,a_ice,0.07310
CM33_SPIN,1391,3,interior,a_ice,0.09908
CM33_SPIN,1391,4,interior,a_ice,0.02065
CM33_SPIN,1391,5,interior,a_ice,0.01869
CM33_SPIN,1391,6,interior,a_ice,0.04312
CM33_SPIN,1391,7,interior,a_ice,0.01079
CM33_SPIN,1391,8,interior,a_ice,0.00000
CM33_SPIN,1391,9,interior,a_ice,0.00000
CM33_SPIN,1391,10,interior,a_ice,0.00000
CM33_SPIN,1391,11,interior,a_ice,0.00088
CM33_SPIN,1391,12,interior,a_ice,0.02580
CM33_SPIN,1391,1,labsea,MLD2,1747.12268
CM33_SPIN,1391,2,labsea,MLD2,1698.90554
CM33_SPIN,1391,3,labsea,MLD2,1606.95237
CM33_SPIN,1391,4,labsea,MLD2,1571.11672
CM33_SPIN,1391,5,labsea,MLD2,1353.01405
CM33_SPIN,1391,6,labsea,MLD2,138.63972
CM33_SPIN,1391,7,labsea,MLD2,17.06396
CM33_SPIN,1391,8,labsea,MLD2,15.01751
CM33_SPIN,1391,9,labsea,MLD2,23.56855
CM33_SPIN,1391,10,labsea,MLD2,135.17197
CM33_SPIN,1391,11,labsea,MLD2,1036.77191
CM33_SPIN,1391,12,labsea,MLD2,1696.32735
CM33_SPIN,1391,1,interior,MLD2,2647.82744
CM33_SPIN,1391,2,interior,MLD2,2587.79226
CM33_SPIN,1391,3,interior,MLD2,2438.99055
CM33_SPIN,1391,4,interior,MLD2,2627.54626
CM33_SPIN,1391,5,interior,MLD2,2389.37402
CM33_SPIN,1391,6,interior,MLD2,439.23967
CM33_SPIN,1391,7,interior,MLD2,19.15983
CM33_SPIN,1391,8,interior,MLD2,16.32018
CM33_SPIN,1391,9,interior,MLD2,23.93175
CM33_SPIN,1391,10,interior,MLD2,365.68672
CM33_SPIN,1391,11,interior,MLD2,2189.76309
CM33_SPIN,1391,12,interior,MLD2,2685.02404
CM33_SPIN,1392,1,labsea,a_ice,0.22292
CM33_SPIN,1392,2,labsea,a_ice,0.24054
CM33_SPIN,1392,3,labsea,a_ice,0.25546
CM33_SPIN,1392,4,labsea,a_ice,0.24807
CM33_SPIN,1392,5,labsea,a_ice,0.19027
CM33_SPIN,1392,6,labsea,a_ice,0.13386
CM33_SPIN,1392,7,labsea,a_ice,0.04620
CM33_SPIN,1392,8,labsea,a_ice,0.01456
CM33_SPIN,1392,9,labsea,a_ice,0.00139
CM33_SPIN,1392,10,labsea,a_ice,0.02843
CM33_SPIN,1392,11,labsea,a_ice,0.06213
CM33_SPIN,1392,12,labsea,a_ice,0.17972
CM33_SPIN,1392,1,interior,a_ice,0.05776
CM33_SPIN,1392,2,interior,a_ice,0.08245
CM33_SPIN,1392,3,interior,a_ice,0.10282
CM33_SPIN,1392,4,interior,a_ice,0.04843
CM33_SPIN,1392,5,interior,a_ice,0.01946
CM33_SPIN,1392,6,interior,a_ice,0.02144
CM33_SPIN,1392,7,interior,a_ice,0.00205
CM33_SPIN,1392,8,interior,a_ice,0.00000
CM33_SPIN,1392,9,interior,a_ice,0.00000
CM33_SPIN,1392,10,interior,a_ice,0.00000
CM33_SPIN,1392,11,interior,a_ice,0.00086
CM33_SPIN,1392,12,interior,a_ice,0.04627
CM33_SPIN,1392,1,labsea,MLD2,1704.23703
CM33_SPIN,1392,2,labsea,MLD2,1683.60952
CM33_SPIN,1392,3,labsea,MLD2,1649.40513
CM33_SPIN,1392,4,labsea,MLD2,1559.38546
CM33_SPIN,1392,5,labsea,MLD2,1247.26114
CM33_SPIN,1392,6,labsea,MLD2,135.42706
CM33_SPIN,1392,7,labsea,MLD2,12.23526
CM33_SPIN,1392,8,labsea,MLD2,13.87677
CM33_SPIN,1392,9,labsea,MLD2,24.48631
CM33_SPIN,1392,10,labsea,MLD2,39.19950
CM33_SPIN,1392,11,labsea,MLD2,155.13011
CM33_SPIN,1392,12,labsea,MLD2,1519.33081
CM33_SPIN,1392,1,interior,MLD2,2595.85640
CM33_SPIN,1392,2,interior,MLD2,2565.12996
CM33_SPIN,1392,3,interior,MLD2,2507.97743
CM33_SPIN,1392,4,interior,MLD2,2568.30891
CM33_SPIN,1392,5,interior,MLD2,2112.53885
CM33_SPIN,1392,6,interior,MLD2,387.37134
CM33_SPIN,1392,7,interior,MLD2,14.53476
CM33_SPIN,1392,8,interior,MLD2,16.02170
CM33_SPIN,1392,9,interior,MLD2,28.00879
CM33_SPIN,1392,10,interior,MLD2,43.77912
CM33_SPIN,1392,11,interior,MLD2,192.92931
CM33_SPIN,1392,12,interior,MLD2,2507.09167
CM33_SPIN,1393,1,labsea,a_ice,0.21872
CM33_SPIN,1393,2,labsea,a_ice,0.23655
CM33_SPIN,1393,3,labsea,a_ice,0.22726
CM33_SPIN,1393,4,labsea,a_ice,0.21635
CM33_SPIN,1393,5,labsea,a_ice,0.17355
CM33_SPIN,1393,6,labsea,a_ice,0.07893
CM33_SPIN,1393,7,labsea,a_ice,0.03034
CM33_SPIN,1393,8,labsea,a_ice,0.00286
CM33_SPIN,1393,9,labsea,a_ice,0.00001
CM33_SPIN,1393,10,labsea,a_ice,0.00086
CM33_SPIN,1393,11,labsea,a_ice,0.04466
CM33_SPIN,1393,12,labsea,a_ice,0.14621
CM33_SPIN,1393,1,interior,a_ice,0.06492
CM33_SPIN,1393,2,interior,a_ice,0.04923
CM33_SPIN,1393,3,interior,a_ice,0.03848
CM33_SPIN,1393,4,interior,a_ice,0.03577
CM33_SPIN,1393,5,interior,a_ice,0.03711
CM33_SPIN,1393,6,interior,a_ice,0.00438
CM33_SPIN,1393,7,interior,a_ice,0.00001
CM33_SPIN,1393,8,interior,a_ice,0.00000
CM33_SPIN,1393,9,interior,a_ice,0.00000
CM33_SPIN,1393,10,interior,a_ice,0.00000
CM33_SPIN,1393,11,interior,a_ice,0.00061
CM33_SPIN,1393,12,interior,a_ice,0.03372
CM33_SPIN,1393,1,labsea,MLD2,1754.52222
CM33_SPIN,1393,2,labsea,MLD2,1688.20032
CM33_SPIN,1393,3,labsea,MLD2,1635.69661
CM33_SPIN,1393,4,labsea,MLD2,1646.44452
CM33_SPIN,1393,5,labsea,MLD2,714.04526
CM33_SPIN,1393,6,labsea,MLD2,18.42019
CM33_SPIN,1393,7,labsea,MLD2,11.58547
CM33_SPIN,1393,8,labsea,MLD2,13.40733
CM33_SPIN,1393,9,labsea,MLD2,26.44140
CM33_SPIN,1393,10,labsea,MLD2,34.47027
CM33_SPIN,1393,11,labsea,MLD2,738.56131
CM33_SPIN,1393,12,labsea,MLD2,1627.88485
CM33_SPIN,1393,1,interior,MLD2,2636.91775
CM33_SPIN,1393,2,interior,MLD2,2628.37961
CM33_SPIN,1393,3,interior,MLD2,2603.52358
CM33_SPIN,1393,4,interior,MLD2,2578.21471
CM33_SPIN,1393,5,interior,MLD2,1344.49319
CM33_SPIN,1393,6,interior,MLD2,22.63746
CM33_SPIN,1393,7,interior,MLD2,12.41495
CM33_SPIN,1393,8,interior,MLD2,13.24144
CM33_SPIN,1393,9,interior,MLD2,26.54421
CM33_SPIN,1393,10,interior,MLD2,36.84542
CM33_SPIN,1393,11,interior,MLD2,1399.21132
CM33_SPIN,1393,12,interior,MLD2,2640.82463
CM33_SPIN,1394,1,labsea,a_ice,0.23409
CM33_SPIN,1394,2,labsea,a_ice,0.24848
CM33_SPIN,1394,3,labsea,a_ice,0.28060
CM33_SPIN,1394,4,labsea,a_ice,0.27617
CM33_SPIN,1394,5,labsea,a_ice,0.22745
CM33_SPIN,1394,6,labsea,a_ice,0.14801
CM33_SPIN,1394,7,labsea,a_ice,0.06107
CM33_SPIN,1394,8,labsea,a_ice,0.00893
CM33_SPIN,1394,9,labsea,a_ice,0.00115
CM33_SPIN,1394,10,labsea,a_ice,0.00065
CM33_SPIN,1394,11,labsea,a_ice,0.04885
CM33_SPIN,1394,12,labsea,a_ice,0.14611
CM33_SPIN,1394,1,interior,a_ice,0.07522
CM33_SPIN,1394,2,interior,a_ice,0.06093
CM33_SPIN,1394,3,interior,a_ice,0.09246
CM33_SPIN,1394,4,interior,a_ice,0.11189
CM33_SPIN,1394,5,interior,a_ice,0.03447
CM33_SPIN,1394,6,interior,a_ice,0.01353
CM33_SPIN,1394,7,interior,a_ice,0.00771
CM33_SPIN,1394,8,interior,a_ice,0.00000
CM33_SPIN,1394,9,interior,a_ice,0.00000
CM33_SPIN,1394,10,interior,a_ice,0.00000
CM33_SPIN,1394,11,interior,a_ice,0.00100
CM33_SPIN,1394,12,interior,a_ice,0.01419
CM33_SPIN,1394,1,labsea,MLD2,1698.29504
CM33_SPIN,1394,2,labsea,MLD2,1624.67435
CM33_SPIN,1394,3,labsea,MLD2,1524.28544
CM33_SPIN,1394,4,labsea,MLD2,1271.57125
CM33_SPIN,1394,5,labsea,MLD2,977.08674
CM33_SPIN,1394,6,labsea,MLD2,21.10265
CM33_SPIN,1394,7,labsea,MLD2,14.35012
CM33_SPIN,1394,8,labsea,MLD2,18.70820
CM33_SPIN,1394,9,labsea,MLD2,25.93171
CM33_SPIN,1394,10,labsea,MLD2,38.49997
CM33_SPIN,1394,11,labsea,MLD2,452.68784
CM33_SPIN,1394,12,labsea,MLD2,1663.40912
CM33_SPIN,1394,1,interior,MLD2,2572.70172
CM33_SPIN,1394,2,interior,MLD2,2532.04266
CM33_SPIN,1394,3,interior,MLD2,2413.53045
CM33_SPIN,1394,4,interior,MLD2,1909.85922
CM33_SPIN,1394,5,interior,MLD2,1639.79689
CM33_SPIN,1394,6,interior,MLD2,25.36563
CM33_SPIN,1394,7,interior,MLD2,17.10517
CM33_SPIN,1394,8,interior,MLD2,22.46651
CM33_SPIN,1394,9,interior,MLD2,30.91192
CM33_SPIN,1394,10,interior,MLD2,41.36220
CM33_SPIN,1394,11,interior,MLD2,995.43704
CM33_SPIN,1394,12,interior,MLD2,2713.35963
CM33_SPIN,1395,1,labsea,a_ice,0.18088
CM33_SPIN,1395,2,labsea,a_ice,0.21429
CM33_SPIN,1395,3,labsea,a_ice,0.18876
CM33_SPIN,1395,4,labsea,a_ice,0.18966
CM33_SPIN,1395,5,labsea,a_ice,0.15046
CM33_SPIN,1395,6,labsea,a_ice,0.08832
CM33_SPIN,1395,7,labsea,a_ice,0.03668
CM33_SPIN,1395,8,labsea,a_ice,0.00953
CM33_SPIN,1395,9,labsea,a_ice,0.00025
CM33_SPIN,1395,10,labsea,a_ice,0.00083
CM33_SPIN,1395,11,labsea,a_ice,0.03290
CM33_SPIN,1395,12,labsea,a_ice,0.16384
CM33_SPIN,1395,1,interior,a_ice,0.03216
CM33_SPIN,1395,2,interior,a_ice,0.04744
CM33_SPIN,1395,3,interior,a_ice,0.04019
CM33_SPIN,1395,4,interior,a_ice,0.03536
CM33_SPIN,1395,5,interior,a_ice,0.03222
CM33_SPIN,1395,6,interior,a_ice,0.00566
CM33_SPIN,1395,7,interior,a_ice,0.00000
CM33_SPIN,1395,8,interior,a_ice,0.00000
CM33_SPIN,1395,9,interior,a_ice,0.00000
CM33_SPIN,1395,10,interior,a_ice,0.00000
CM33_SPIN,1395,11,interior,a_ice,0.00017
CM33_SPIN,1395,12,interior,a_ice,0.02990
CM33_SPIN,1395,1,labsea,MLD2,1782.21076
CM33_SPIN,1395,2,labsea,MLD2,1725.42300
CM33_SPIN,1395,3,labsea,MLD2,1705.34757
CM33_SPIN,1395,4,labsea,MLD2,1520.85970
CM33_SPIN,1395,5,labsea,MLD2,1145.86849
CM33_SPIN,1395,6,labsea,MLD2,27.71592
CM33_SPIN,1395,7,labsea,MLD2,13.22125
CM33_SPIN,1395,8,labsea,MLD2,13.30098
CM33_SPIN,1395,9,labsea,MLD2,20.32811
CM33_SPIN,1395,10,labsea,MLD2,34.72310
CM33_SPIN,1395,11,labsea,MLD2,309.67441
CM33_SPIN,1395,12,labsea,MLD2,1515.81795
CM33_SPIN,1395,1,interior,MLD2,2678.27871
CM33_SPIN,1395,2,interior,MLD2,2618.62448
CM33_SPIN,1395,3,interior,MLD2,2562.35489
CM33_SPIN,1395,4,interior,MLD2,2307.10094
CM33_SPIN,1395,5,interior,MLD2,1908.02372
CM33_SPIN,1395,6,interior,MLD2,62.14623
CM33_SPIN,1395,7,interior,MLD2,14.03681
CM33_SPIN,1395,8,interior,MLD2,15.36510
CM33_SPIN,1395,9,interior,MLD2,24.33051
CM33_SPIN,1395,10,interior,MLD2,36.37095
CM33_SPIN,1395,11,interior,MLD2,687.18964
CM33_SPIN,1395,12,interior,MLD2,2462.46602
CM33_SPIN,1396,1,labsea,a_ice,0.25699
CM33_SPIN,1396,2,labsea,a_ice,0.29849
CM33_SPIN,1396,3,labsea,a_ice,0.37170
CM33_SPIN,1396,4,labsea,a_ice,0.30701
CM33_SPIN,1396,5,labsea,a_ice,0.20201
CM33_SPIN,1396,6,labsea,a_ice,0.10931
CM33_SPIN,1396,7,labsea,a_ice,0.03207
CM33_SPIN,1396,8,labsea,a_ice,0.00023
CM33_SPIN,1396,9,labsea,a_ice,0.00002
CM33_SPIN,1396,10,labsea,a_ice,0.00292
CM33_SPIN,1396,11,labsea,a_ice,0.04286
CM33_SPIN,1396,12,labsea,a_ice,0.13224
CM33_SPIN,1396,1,interior,a_ice,0.08258
CM33_SPIN,1396,2,interior,a_ice,0.10503
CM33_SPIN,1396,3,interior,a_ice,0.23208
CM33_SPIN,1396,4,interior,a_ice,0.13864
CM33_SPIN,1396,5,interior,a_ice,0.03087
CM33_SPIN,1396,6,interior,a_ice,0.00492
CM33_SPIN,1396,7,interior,a_ice,0.00338
CM33_SPIN,1396,8,interior,a_ice,0.00000
CM33_SPIN,1396,9,interior,a_ice,0.00000
CM33_SPIN,1396,10,interior,a_ice,0.00000
CM33_SPIN,1396,11,interior,a_ice,0.00000
CM33_SPIN,1396,12,interior,a_ice,0.01398
CM33_SPIN,1396,1,labsea,MLD2,1681.90340
CM33_SPIN,1396,2,labsea,MLD2,1558.74340
CM33_SPIN,1396,3,labsea,MLD2,1095.12432
CM33_SPIN,1396,4,labsea,MLD2,919.83597
CM33_SPIN,1396,5,labsea,MLD2,386.02820
CM33_SPIN,1396,6,labsea,MLD2,18.41617
CM33_SPIN,1396,7,labsea,MLD2,10.67197
CM33_SPIN,1396,8,labsea,MLD2,11.95928
CM33_SPIN,1396,9,labsea,MLD2,22.56796
CM33_SPIN,1396,10,labsea,MLD2,36.54822
CM33_SPIN,1396,11,labsea,MLD2,183.72829
CM33_SPIN,1396,12,labsea,MLD2,1047.64302
CM33_SPIN,1396,1,interior,MLD2,2559.25040
CM33_SPIN,1396,2,interior,MLD2,2423.63902
CM33_SPIN,1396,3,interior,MLD2,1666.99592
CM33_SPIN,1396,4,interior,MLD2,1412.87961
CM33_SPIN,1396,5,interior,MLD2,676.51659
CM33_SPIN,1396,6,interior,MLD2,26.92643
CM33_SPIN,1396,7,interior,MLD2,12.06253
CM33_SPIN,1396,8,interior,MLD2,14.36805
CM33_SPIN,1396,9,interior,MLD2,22.68087
CM33_SPIN,1396,10,interior,MLD2,37.33655
CM33_SPIN,1396,11,interior,MLD2,340.45075
CM33_SPIN,1396,12,interior,MLD2,1845.08607
CM33_SPIN,1397,1,labsea,a_ice,0.20439
CM33_SPIN,1397,2,labsea,a_ice,0.27088
CM33_SPIN,1397,3,labsea,a_ice,0.32883
CM33_SPIN,1397,4,labsea,a_ice,0.33922
CM33_SPIN,1397,5,labsea,a_ice,0.27428
CM33_SPIN,1397,6,labsea,a_ice,0.18354
CM33_SPIN,1397,7,labsea,a_ice,0.04692
CM33_SPIN,1397,8,labsea,a_ice,0.00010
CM33_SPIN,1397,9,labsea,a_ice,0.00000
CM33_SPIN,1397,10,labsea,a_ice,0.00010
CM33_SPIN,1397,11,labsea,a_ice,0.07154
CM33_SPIN,1397,12,labsea,a_ice,0.18969
CM33_SPIN,1397,1,interior,a_ice,0.04425
CM33_SPIN,1397,2,interior,a_ice,0.08947
CM33_SPIN,1397,3,interior,a_ice,0.18098
CM33_SPIN,1397,4,interior,a_ice,0.16774
CM33_SPIN,1397,5,interior,a_ice,0.07882
CM33_SPIN,1397,6,interior,a_ice,0.04232
CM33_SPIN,1397,7,interior,a_ice,0.00274
CM33_SPIN,1397,8,interior,a_ice,0.00000
CM33_SPIN,1397,9,interior,a_ice,0.00000
CM33_SPIN,1397,10,interior,a_ice,0.00000
CM33_SPIN,1397,11,interior,a_ice,0.01336
CM33_SPIN,1397,12,interior,a_ice,0.03581
CM33_SPIN,1397,1,labsea,MLD2,1630.81370
CM33_SPIN,1397,2,labsea,MLD2,1459.71130
CM33_SPIN,1397,3,labsea,MLD2,1429.79267
CM33_SPIN,1397,4,labsea,MLD2,1369.74974
CM33_SPIN,1397,5,labsea,MLD2,1267.10180
CM33_SPIN,1397,6,labsea,MLD2,254.10899
CM33_SPIN,1397,7,labsea,MLD2,10.52904
CM33_SPIN,1397,8,labsea,MLD2,13.22202
CM33_SPIN,1397,9,labsea,MLD2,24.60139
CM33_SPIN,1397,10,labsea,MLD2,35.37279
CM33_SPIN,1397,11,labsea,MLD2,505.73034
CM33_SPIN,1397,12,labsea,MLD2,1607.20231
CM33_SPIN,1397,1,interior,MLD2,2553.41591
CM33_SPIN,1397,2,interior,MLD2,2164.36892
CM33_SPIN,1397,3,interior,MLD2,2010.45613
CM33_SPIN,1397,4,interior,MLD2,2021.67415
CM33_SPIN,1397,5,interior,MLD2,1913.72692
CM33_SPIN,1397,6,interior,MLD2,338.73017
CM33_SPIN,1397,7,interior,MLD2,11.47565
CM33_SPIN,1397,8,interior,MLD2,14.52258
CM33_SPIN,1397,9,interior,MLD2,24.98482
CM33_SPIN,1397,10,interior,MLD2,37.07580
CM33_SPIN,1397,11,interior,MLD2,1133.69984
CM33_SPIN,1397,12,interior,MLD2,2616.98415
CM33_SPIN,1398,1,labsea,a_ice,0.23128
CM33_SPIN,1398,2,labsea,a_ice,0.29152
CM33_SPIN,1398,3,labsea,a_ice,0.33822
CM33_SPIN,1398,4,labsea,a_ice,0.32730
CM33_SPIN,1398,5,labsea,a_ice,0.29199
CM33_SPIN,1398,6,labsea,a_ice,0.18831
CM33_SPIN,1398,7,labsea,a_ice,0.08890
CM33_SPIN,1398,8,labsea,a_ice,0.01841
CM33_SPIN,1398,9,labsea,a_ice,0.00216
CM33_SPIN,1398,10,labsea,a_ice,0.00100
CM33_SPIN,1398,11,labsea,a_ice,0.05597
CM33_SPIN,1398,12,labsea,a_ice,0.15485
CM33_SPIN,1398,1,interior,a_ice,0.06207
CM33_SPIN,1398,2,interior,a_ice,0.08920
CM33_SPIN,1398,3,interior,a_ice,0.07898
CM33_SPIN,1398,4,interior,a_ice,0.10667
CM33_SPIN,1398,5,interior,a_ice,0.13706
CM33_SPIN,1398,6,interior,a_ice,0.04855
CM33_SPIN,1398,7,interior,a_ice,0.01857
CM33_SPIN,1398,8,interior,a_ice,0.00026
CM33_SPIN,1398,9,interior,a_ice,0.00000
CM33_SPIN,1398,10,interior,a_ice,0.00000
CM33_SPIN,1398,11,interior,a_ice,0.00150
CM33_SPIN,1398,12,interior,a_ice,0.02873
CM33_SPIN,1398,1,labsea,MLD2,1709.50969
CM33_SPIN,1398,2,labsea,MLD2,1576.66877
CM33_SPIN,1398,3,labsea,MLD2,1486.29549
CM33_SPIN,1398,4,labsea,MLD2,1218.04188
CM33_SPIN,1398,5,labsea,MLD2,453.85268
CM33_SPIN,1398,6,labsea,MLD2,15.29068
CM33_SPIN,1398,7,labsea,MLD2,12.59346
CM33_SPIN,1398,8,labsea,MLD2,15.53030
CM33_SPIN,1398,9,labsea,MLD2,20.55511
CM33_SPIN,1398,10,labsea,MLD2,31.39094
CM33_SPIN,1398,11,labsea,MLD2,572.60469
CM33_SPIN,1398,12,labsea,MLD2,1540.52014
CM33_SPIN,1398,1,interior,MLD2,2607.47209
CM33_SPIN,1398,2,interior,MLD2,2476.57732
CM33_SPIN,1398,3,interior,MLD2,2479.92085
CM33_SPIN,1398,4,interior,MLD2,2010.08503
CM33_SPIN,1398,5,interior,MLD2,928.26190
CM33_SPIN,1398,6,interior,MLD2,20.11057
CM33_SPIN,1398,7,interior,MLD2,14.49636
CM33_SPIN,1398,8,interior,MLD2,17.35410
CM33_SPIN,1398,9,interior,MLD2,20.81002
CM33_SPIN,1398,10,interior,MLD2,31.93323
CM33_SPIN,1398,11,interior,MLD2,1202.47146
CM33_SPIN,1398,12,interior,MLD2,2669.21370
CM33_SPIN,1399,1,labsea,a_ice,0.21394
CM33_SPIN,1399,2,labsea,a_ice,0.25032
CM33_SPIN,1399,3,labsea,a_ice,0.30196
CM33_SPIN,1399,4,labsea,a_ice,0.30114
CM33_SPIN,1399,5,labsea,a_ice,0.18281
CM33_SPIN,1399,6,labsea,a_ice,0.10556
CM33_SPIN,1399,7,labsea,a_ice,0.03017
CM33_SPIN,1399,8,labsea,a_ice,0.00548
CM33_SPIN,1399,9,labsea,a_ice,0.00010
CM33_SPIN,1399,10,labsea,a_ice,0.01485
CM33_SPIN,1399,11,labsea,a_ice,0.07621
CM33_SPIN,1399,12,labsea,a_ice,0.16091
CM33_SPIN,1399,1,interior,a_ice,0.05805
CM33_SPIN,1399,2,interior,a_ice,0.08156
CM33_SPIN,1399,3,interior,a_ice,0.09616
CM33_SPIN,1399,4,interior,a_ice,0.09744
CM33_SPIN,1399,5,interior,a_ice,0.02996
CM33_SPIN,1399,6,interior,a_ice,0.01672
CM33_SPIN,1399,7,interior,a_ice,0.00052
CM33_SPIN,1399,8,interior,a_ice,0.00000
CM33_SPIN,1399,9,interior,a_ice,0.00000
CM33_SPIN,1399,10,interior,a_ice,0.00000
CM33_SPIN,1399,11,interior,a_ice,0.00066
CM33_SPIN,1399,12,interior,a_ice,0.01598
CM33_SPIN,1399,1,labsea,MLD2,1764.32037
CM33_SPIN,1399,2,labsea,MLD2,1661.23192
CM33_SPIN,1399,3,labsea,MLD2,1485.06639
CM33_SPIN,1399,4,labsea,MLD2,1224.66817
CM33_SPIN,1399,5,labsea,MLD2,287.79509
CM33_SPIN,1399,6,labsea,MLD2,21.10799
CM33_SPIN,1399,7,labsea,MLD2,15.29366
CM33_SPIN,1399,8,labsea,MLD2,15.13018
CM33_SPIN,1399,9,labsea,MLD2,25.12220
CM33_SPIN,1399,10,labsea,MLD2,65.55824
CM33_SPIN,1399,11,labsea,MLD2,892.23713
CM33_SPIN,1399,12,labsea,MLD2,1598.61061
CM33_SPIN,1399,1,interior,MLD2,2651.35412
CM33_SPIN,1399,2,interior,MLD2,2537.04954
CM33_SPIN,1399,3,interior,MLD2,2421.93880
CM33_SPIN,1399,4,interior,MLD2,2081.69188
CM33_SPIN,1399,5,interior,MLD2,686.70523
CM33_SPIN,1399,6,interior,MLD2,27.04374
CM33_SPIN,1399,7,interior,MLD2,17.80508
CM33_SPIN,1399,8,interior,MLD2,16.88978
CM33_SPIN,1399,9,interior,MLD2,24.57887
CM33_SPIN,1399,10,interior,MLD2,66.82782
CM33_SPIN,1399,11,interior,MLD2,1963.55100
CM33_SPIN,1399,12,interior,MLD2,2679.03377
CM33_SPIN,1400,1,labsea,a_ice,0.18978
CM33_SPIN,1400,2,labsea,a_ice,0.22376
CM33_SPIN,1400,3,labsea,a_ice,0.23363
CM33_SPIN,1400,4,labsea,a_ice,0.25170
CM33_SPIN,1400,5,labsea,a_ice,0.19900
CM33_SPIN,1400,6,labsea,a_ice,0.14525
CM33_SPIN,1400,7,labsea,a_ice,0.04837
CM33_SPIN,1400,8,labsea,a_ice,0.01377
CM33_SPIN,1400,9,labsea,a_ice,0.00378
CM33_SPIN,1400,10,labsea,a_ice,0.00838
CM33_SPIN,1400,11,labsea,a_ice,0.08191
CM33_SPIN,1400,12,labsea,a_ice,0.17224
CM33_SPIN,1400,1,interior,a_ice,0.02716
CM33_SPIN,1400,2,interior,a_ice,0.04709
CM33_SPIN,1400,3,interior,a_ice,0.03380
CM33_SPIN,1400,4,interior,a_ice,0.05657
CM33_SPIN,1400,5,interior,a_ice,0.02963
CM33_SPIN,1400,6,interior,a_ice,0.02297
CM33_SPIN,1400,7,interior,a_ice,0.00647
CM33_SPIN,1400,8,interior,a_ice,0.00000
CM33_SPIN,1400,9,interior,a_ice,0.00000
CM33_SPIN,1400,10,interior,a_ice,0.00000
CM33_SPIN,1400,11,interior,a_ice,0.00262
CM33_SPIN,1400,12,interior,a_ice,0.03288
CM33_SPIN,1400,1,labsea,MLD2,1795.86386
CM33_SPIN,1400,2,labsea,MLD2,1733.76119
CM33_SPIN,1400,3,labsea,MLD2,1673.28112
CM33_SPIN,1400,4,labsea,MLD2,1602.24100
CM33_SPIN,1400,5,labsea,MLD2,1173.84745
CM33_SPIN,1400,6,labsea,MLD2,207.84546
CM33_SPIN,1400,7,labsea,MLD2,12.38197
CM33_SPIN,1400,8,labsea,MLD2,17.09930
CM33_SPIN,1400,9,labsea,MLD2,21.76985
CM33_SPIN,1400,10,labsea,MLD2,36.90154
CM33_SPIN,1400,11,labsea,MLD2,684.77394
CM33_SPIN,1400,12,labsea,MLD2,1702.00664
CM33_SPIN,1400,1,interior,MLD2,2692.86986
CM33_SPIN,1400,2,interior,MLD2,2621.42697
CM33_SPIN,1400,3,interior,MLD2,2580.15110
CM33_SPIN,1400,4,interior,MLD2,2487.94440
CM33_SPIN,1400,5,interior,MLD2,2273.43077
CM33_SPIN,1400,6,interior,MLD2,656.85430
CM33_SPIN,1400,7,interior,MLD2,14.20685
CM33_SPIN,1400,8,interior,MLD2,19.30615
CM33_SPIN,1400,9,interior,MLD2,22.20542
CM33_SPIN,1400,10,interior,MLD2,42.25293
CM33_SPIN,1400,11,interior,MLD2,1527.32056
CM33_SPIN,1400,12,interior,MLD2,2666.23153
CM33_SPIN,1401,1,labsea,a_ice,0.24089
CM33_SPIN,1401,2,labsea,a_ice,0.24583
CM33_SPIN,1401,3,labsea,a_ice,0.19972
CM33_SPIN,1401,4,labsea,a_ice,0.18613
CM33_SPIN,1401,5,labsea,a_ice,0.15707
CM33_SPIN,1401,6,labsea,a_ice,0.09833
CM33_SPIN,1401,7,labsea,a_ice,0.03204
CM33_SPIN,1401,8,labsea,a_ice,0.00196
CM33_SPIN,1401,9,labsea,a_ice,0.00002
CM33_SPIN,1401,10,labsea,a_ice,0.00593
CM33_SPIN,1401,11,labsea,a_ice,0.07461
CM33_SPIN,1401,12,labsea,a_ice,0.15511
CM33_SPIN,1401,1,interior,a_ice,0.07697
CM33_SPIN,1401,2,interior,a_ice,0.05762
CM33_SPIN,1401,3,interior,a_ice,0.02312
CM33_SPIN,1401,4,interior,a_ice,0.01866
CM33_SPIN,1401,5,interior,a_ice,0.01102
CM33_SPIN,1401,6,interior,a_ice,0.00693
CM33_SPIN,1401,7,interior,a_ice,0.00275
CM33_SPIN,1401,8,interior,a_ice,0.00000
CM33_SPIN,1401,9,interior,a_ice,0.00000
CM33_SPIN,1401,10,interior,a_ice,0.00000
CM33_SPIN,1401,11,interior,a_ice,0.00268
CM33_SPIN,1401,12,interior,a_ice,0.02440
CM33_SPIN,1401,1,labsea,MLD2,1665.51963
CM33_SPIN,1401,2,labsea,MLD2,1632.77277
CM33_SPIN,1401,3,labsea,MLD2,1676.77438
CM33_SPIN,1401,4,labsea,MLD2,1681.40457
CM33_SPIN,1401,5,labsea,MLD2,1014.01945
CM33_SPIN,1401,6,labsea,MLD2,42.77602
CM33_SPIN,1401,7,labsea,MLD2,21.38530
CM33_SPIN,1401,8,labsea,MLD2,19.38193
CM33_SPIN,1401,9,labsea,MLD2,27.04195
CM33_SPIN,1401,10,labsea,MLD2,53.05056
CM33_SPIN,1401,11,labsea,MLD2,709.41562
CM33_SPIN,1401,12,labsea,MLD2,1466.04783
CM33_SPIN,1401,1,interior,MLD2,2581.48635
CM33_SPIN,1401,2,interior,MLD2,2570.33581
CM33_SPIN,1401,3,interior,MLD2,2601.29353
CM33_SPIN,1401,4,interior,MLD2,2664.27579
CM33_SPIN,1401,5,interior,MLD2,1914.07936
CM33_SPIN,1401,6,interior,MLD2,87.63348
CM33_SPIN,1401,7,interior,MLD2,26.26638
CM33_SPIN,1401,8,interior,MLD2,23.03207
CM33_SPIN,1401,9,interior,MLD2,29.18591
CM33_SPIN,1401,10,interior,MLD2,75.40107
CM33_SPIN,1401,11,interior,MLD2,1683.82759
CM33_SPIN,1401,12,interior,MLD2,2570.80685
CM33_SPIN,1402,1,labsea,a_ice,0.18637
CM33_SPIN,1402,2,labsea,a_ice,0.19461
CM33_SPIN,1402,3,labsea,a_ice,0.19124
CM33_SPIN,1402,4,labsea,a_ice,0.18448
CM33_SPIN,1402,5,labsea,a_ice,0.16332
CM33_SPIN,1402,6,labsea,a_ice,0.09582
CM33_SPIN,1402,7,labsea,a_ice,0.02670
CM33_SPIN,1402,8,labsea,a_ice,0.00373
CM33_SPIN,1402,9,labsea,a_ice,0.00016
CM33_SPIN,1402,10,labsea,a_ice,0.00032
CM33_SPIN,1402,11,labsea,a_ice,0.03552
CM33_SPIN,1402,12,labsea,a_ice,0.15435
CM33_SPIN,1402,1,interior,a_ice,0.01469
CM33_SPIN,1402,2,interior,a_ice,0.02001
CM33_SPIN,1402,3,interior,a_ice,0.01614
CM33_SPIN,1402,4,interior,a_ice,0.01869
CM33_SPIN,1402,5,interior,a_ice,0.01260
CM33_SPIN,1402,6,interior,a_ice,0.01313
CM33_SPIN,1402,7,interior,a_ice,0.00003
CM33_SPIN,1402,8,interior,a_ice,0.00000
CM33_SPIN,1402,9,interior,a_ice,0.00000
CM33_SPIN,1402,10,interior,a_ice,0.00000
CM33_SPIN,1402,11,interior,a_ice,0.00001
CM33_SPIN,1402,12,interior,a_ice,0.01073
CM33_SPIN,1402,1,labsea,MLD2,1649.04266
CM33_SPIN,1402,2,labsea,MLD2,1750.57396
CM33_SPIN,1402,3,labsea,MLD2,1772.86932
CM33_SPIN,1402,4,labsea,MLD2,1591.88650
CM33_SPIN,1402,5,labsea,MLD2,577.09976
CM33_SPIN,1402,6,labsea,MLD2,21.72129
CM33_SPIN,1402,7,labsea,MLD2,15.03740
CM33_SPIN,1402,8,labsea,MLD2,15.19363
CM33_SPIN,1402,9,labsea,MLD2,25.01991
CM33_SPIN,1402,10,labsea,MLD2,38.52953
CM33_SPIN,1402,11,labsea,MLD2,451.81990
CM33_SPIN,1402,12,labsea,MLD2,1600.85837
CM33_SPIN,1402,1,interior,MLD2,2660.66330
CM33_SPIN,1402,2,interior,MLD2,2668.70561
CM33_SPIN,1402,3,interior,MLD2,2668.21476
CM33_SPIN,1402,4,interior,MLD2,2447.88944
CM33_SPIN,1402,5,interior,MLD2,1503.12319
CM33_SPIN,1402,6,interior,MLD2,27.06607
CM33_SPIN,1402,7,interior,MLD2,15.52689
CM33_SPIN,1402,8,interior,MLD2,16.81488
CM33_SPIN,1402,9,interior,MLD2,26.70567
CM33_SPIN,1402,10,interior,MLD2,43.02800
CM33_SPIN,1402,11,interior,MLD2,1125.42283
CM33_SPIN,1402,12,interior,MLD2,2663.02037
CM33_SPIN,1403,1,labsea,a_ice,0.18422
CM33_SPIN,1403,2,labsea,a_ice,0.19080
CM33_SPIN,1403,3,labsea,a_ice,0.18043
CM33_SPIN,1403,4,labsea,a_ice,0.18596
CM33_SPIN,1403,5,labsea,a_ice,0.14644
CM33_SPIN,1403,6,labsea,a_ice,0.07588
CM33_SPIN,1403,7,labsea,a_ice,0.02537
CM33_SPIN,1403,8,labsea,a_ice,0.00248
CM33_SPIN,1403,9,labsea,a_ice,0.00016
CM33_SPIN,1403,10,labsea,a_ice,0.00593
CM33_SPIN,1403,11,labsea,a_ice,0.06241
CM33_SPIN,1403,12,labsea,a_ice,0.13223
CM33_SPIN,1403,1,interior,a_ice,0.02857
CM33_SPIN,1403,2,interior,a_ice,0.01581
CM33_SPIN,1403,3,interior,a_ice,0.02567
CM33_SPIN,1403,4,interior,a_ice,0.01861
CM33_SPIN,1403,5,interior,a_ice,0.01100
CM33_SPIN,1403,6,interior,a_ice,0.00450
CM33_SPIN,1403,7,interior,a_ice,0.00001
CM33_SPIN,1403,8,interior,a_ice,0.00000
CM33_SPIN,1403,9,interior,a_ice,0.00000
CM33_SPIN,1403,10,interior,a_ice,0.00000
CM33_SPIN,1403,11,interior,a_ice,0.00030
CM33_SPIN,1403,12,interior,a_ice,0.01153
CM33_SPIN,1403,1,labsea,MLD2,1763.12231
CM33_SPIN,1403,2,labsea,MLD2,1741.70179
CM33_SPIN,1403,3,labsea,MLD2,1784.26540
CM33_SPIN,1403,4,labsea,MLD2,1726.64831
CM33_SPIN,1403,5,labsea,MLD2,778.97996
CM33_SPIN,1403,6,labsea,MLD2,19.91798
CM33_SPIN,1403,7,labsea,MLD2,12.98665
CM33_SPIN,1403,8,labsea,MLD2,18.96897
CM33_SPIN,1403,9,labsea,MLD2,23.92843
CM33_SPIN,1403,10,labsea,MLD2,79.14563
CM33_SPIN,1403,11,labsea,MLD2,872.54029
CM33_SPIN,1403,12,labsea,MLD2,1723.98486
CM33_SPIN,1403,1,interior,MLD2,2674.09116
CM33_SPIN,1403,2,interior,MLD2,2665.49143
CM33_SPIN,1403,3,interior,MLD2,2706.64099
CM33_SPIN,1403,4,interior,MLD2,2625.66070
CM33_SPIN,1403,5,interior,MLD2,1338.25128
CM33_SPIN,1403,6,interior,MLD2,23.51669
CM33_SPIN,1403,7,interior,MLD2,14.14686
CM33_SPIN,1403,8,interior,MLD2,21.05394
CM33_SPIN,1403,9,interior,MLD2,26.89288
CM33_SPIN,1403,10,interior,MLD2,179.71422
CM33_SPIN,1403,11,interior,MLD2,2022.71174
CM33_SPIN,1403,12,interior,MLD2,2685.39690
CM33_SPIN,1404,1,labsea,a_ice,0.20924
CM33_SPIN,1404,2,labsea,a_ice,0.24189
CM33_SPIN,1404,3,labsea,a_ice,0.23972
CM33_SPIN,1404,4,labsea,a_ice,0.23897
CM33_SPIN,1404,5,labsea,a_ice,0.18340
CM33_SPIN,1404,6,labsea,a_ice,0.09226
CM33_SPIN,1404,7,labsea,a_ice,0.03652
CM33_SPIN,1404,8,labsea,a_ice,0.00418
CM33_SPIN,1404,9,labsea,a_ice,0.00003
CM33_SPIN,1404,10,labsea,a_ice,0.00854
CM33_SPIN,1404,11,labsea,a_ice,0.09917
CM33_SPIN,1404,12,labsea,a_ice,0.22119
CM33_SPIN,1404,1,interior,a_ice,0.04400
CM33_SPIN,1404,2,interior,a_ice,0.05966
CM33_SPIN,1404,3,interior,a_ice,0.05992
CM33_SPIN,1404,4,interior,a_ice,0.07003
CM33_SPIN,1404,5,interior,a_ice,0.05183
CM33_SPIN,1404,6,interior,a_ice,0.00314
CM33_SPIN,1404,7,interior,a_ice,0.00009
CM33_SPIN,1404,8,interior,a_ice,0.00001
CM33_SPIN,1404,9,interior,a_ice,0.00000
CM33_SPIN,1404,10,interior,a_ice,0.00000
CM33_SPIN,1404,11,interior,a_ice,0.00090
CM33_SPIN,1404,12,interior,a_ice,0.06118
CM33_SPIN,1404,1,labsea,MLD2,1742.70309
CM33_SPIN,1404,2,labsea,MLD2,1708.76744
CM33_SPIN,1404,3,labsea,MLD2,1515.96734
CM33_SPIN,1404,4,labsea,MLD2,1462.61183
CM33_SPIN,1404,5,labsea,MLD2,347.36143
CM33_SPIN,1404,6,labsea,MLD2,16.76852
CM33_SPIN,1404,7,labsea,MLD2,15.29609
CM33_SPIN,1404,8,labsea,MLD2,15.23170
CM33_SPIN,1404,9,labsea,MLD2,23.80532
CM33_SPIN,1404,10,labsea,MLD2,83.39497
CM33_SPIN,1404,11,labsea,MLD2,825.33065
CM33_SPIN,1404,12,labsea,MLD2,1464.15708
CM33_SPIN,1404,1,interior,MLD2,2638.51495
CM33_SPIN,1404,2,interior,MLD2,2599.79145
CM33_SPIN,1404,3,interior,MLD2,2256.48982
CM33_SPIN,1404,4,interior,MLD2,2253.02336
CM33_SPIN,1404,5,interior,MLD2,693.52849
CM33_SPIN,1404,6,interior,MLD2,21.36574
CM33_SPIN,1404,7,interior,MLD2,18.64478
CM33_SPIN,1404,8,interior,MLD2,17.38953
CM33_SPIN,1404,9,interior,MLD2,27.53303
CM33_SPIN,1404,10,interior,MLD2,184.75133
CM33_SPIN,1404,11,interior,MLD2,1586.35084
CM33_SPIN,1404,12,interior,MLD2,2233.79223
CM33_SPIN,1405,1,labsea,a_ice,0.29281
CM33_SPIN,1405,2,labsea,a_ice,0.32913
CM33_SPIN,1405,3,labsea,a_ice,0.34925
CM33_SPIN,1405,4,labsea,a_ice,0.30403
CM33_SPIN,1405,5,labsea,a_ice,0.28685
CM33_SPIN,1405,6,labsea,a_ice,0.17311
CM33_SPIN,1405,7,labsea,a_ice,0.04459
CM33_SPIN,1405,8,labsea,a_ice,0.00010
CM33_SPIN,1405,9,labsea,a_ice,0.00000
CM33_SPIN,1405,10,labsea,a_ice,0.00000
CM33_SPIN,1405,11,labsea,a_ice,0.02290
CM33_SPIN,1405,12,labsea,a_ice,0.14317
CM33_SPIN,1405,1,interior,a_ice,0.09708
CM33_SPIN,1405,2,interior,a_ice,0.11122
CM33_SPIN,1405,3,interior,a_ice,0.13907
CM33_SPIN,1405,4,interior,a_ice,0.15459
CM33_SPIN,1405,5,interior,a_ice,0.08859
CM33_SPIN,1405,6,interior,a_ice,0.03220
CM33_SPIN,1405,7,interior,a_ice,0.00283
CM33_SPIN,1405,8,interior,a_ice,0.00000
CM33_SPIN,1405,9,interior,a_ice,0.00000
CM33_SPIN,1405,10,interior,a_ice,0.00000
CM33_SPIN,1405,11,interior,a_ice,0.00020
CM33_SPIN,1405,12,interior,a_ice,0.00965
CM33_SPIN,1405,1,labsea,MLD2,1536.72796
CM33_SPIN,1405,2,labsea,MLD2,1595.16754
CM33_SPIN,1405,3,labsea,MLD2,1560.99487
CM33_SPIN,1405,4,labsea,MLD2,1473.99647
CM33_SPIN,1405,5,labsea,MLD2,995.16986
CM33_SPIN,1405,6,labsea,MLD2,16.57873
CM33_SPIN,1405,7,labsea,MLD2,14.04986
CM33_SPIN,1405,8,labsea,MLD2,15.23459
CM33_SPIN,1405,9,labsea,MLD2,25.63571
CM33_SPIN,1405,10,labsea,MLD2,36.83734
CM33_SPIN,1405,11,labsea,MLD2,470.63698
CM33_SPIN,1405,12,labsea,MLD2,1665.16510
CM33_SPIN,1405,1,interior,MLD2,2429.19676
CM33_SPIN,1405,2,interior,MLD2,2434.79272
CM33_SPIN,1405,3,interior,MLD2,2369.06962
CM33_SPIN,1405,4,interior,MLD2,2159.46918
CM33_SPIN,1405,5,interior,MLD2,1476.58770
CM33_SPIN,1405,6,interior,MLD2,18.45617
CM33_SPIN,1405,7,interior,MLD2,15.81333
CM33_SPIN,1405,8,interior,MLD2,17.02089
CM33_SPIN,1405,9,interior,MLD2,29.52019
CM33_SPIN,1405,10,interior,MLD2,38.95787
CM33_SPIN,1405,11,interior,MLD2,1157.10644
CM33_SPIN,1405,12,interior,MLD2,2729.57285
CM33_SPIN,1406,1,labsea,a_ice,0.17774
CM33_SPIN,1406,2,labsea,a_ice,0.18508
CM33_SPIN,1406,3,labsea,a_ice,0.17821
CM33_SPIN,1406,4,labsea,a_ice,0.18038
CM33_SPIN,1406,5,labsea,a_ice,0.14856
CM33_SPIN,1406,6,labsea,a_ice,0.09542
CM33_SPIN,1406,7,labsea,a_ice,0.03883
CM33_SPIN,1406,8,labsea,a_ice,0.00909
CM33_SPIN,1406,9,labsea,a_ice,0.00063
CM33_SPIN,1406,10,labsea,a_ice,0.00964
CM33_SPIN,1406,11,labsea,a_ice,0.09219
CM33_SPIN,1406,12,labsea,a_ice,0.20601
CM33_SPIN,1406,1,interior,a_ice,0.03112
CM33_SPIN,1406,2,interior,a_ice,0.01925
CM33_SPIN,1406,3,interior,a_ice,0.01582
CM33_SPIN,1406,4,interior,a_ice,0.02646
CM33_SPIN,1406,5,interior,a_ice,0.04297
CM33_SPIN,1406,6,interior,a_ice,0.01130
CM33_SPIN,1406,7,interior,a_ice,0.00030
CM33_SPIN,1406,8,interior,a_ice,0.00000
CM33_SPIN,1406,9,interior,a_ice,0.00000
CM33_SPIN,1406,10,interior,a_ice,0.00000
CM33_SPIN,1406,11,interior,a_ice,0.00286
CM33_SPIN,1406,12,interior,a_ice,0.03184
CM33_SPIN,1406,1,labsea,MLD2,1822.13419
CM33_SPIN,1406,2,labsea,MLD2,1836.80888
CM33_SPIN,1406,3,labsea,MLD2,1801.13746
CM33_SPIN,1406,4,labsea,MLD2,1661.20333
CM33_SPIN,1406,5,labsea,MLD2,1547.39740
CM33_SPIN,1406,6,labsea,MLD2,297.26895
CM33_SPIN,1406,7,labsea,MLD2,18.82790
CM33_SPIN,1406,8,labsea,MLD2,21.61114
CM33_SPIN,1406,9,labsea,MLD2,27.16344
CM33_SPIN,1406,10,labsea,MLD2,35.17760
CM33_SPIN,1406,11,labsea,MLD2,501.52501
CM33_SPIN,1406,12,labsea,MLD2,1475.14306
CM33_SPIN,1406,1,interior,MLD2,2691.69723
CM33_SPIN,1406,2,interior,MLD2,2726.44167
CM33_SPIN,1406,3,interior,MLD2,2700.02174
CM33_SPIN,1406,4,interior,MLD2,2571.92977
CM33_SPIN,1406,5,interior,MLD2,2544.15390
CM33_SPIN,1406,6,interior,MLD2,804.43915
CM33_SPIN,1406,7,interior,MLD2,23.47947
CM33_SPIN,1406,8,interior,MLD2,26.23964
CM33_SPIN,1406,9,interior,MLD2,32.56580
CM33_SPIN,1406,10,interior,MLD2,38.26478
CM33_SPIN,1406,11,interior,MLD2,1276.41425
CM33_SPIN,1406,12,interior,MLD2,2614.35134
CM33_SPIN,1407,1,labsea,a_ice,0.30496
CM33_SPIN,1407,2,labsea,a_ice,0.34544
CM33_SPIN,1407,3,labsea,a_ice,0.34041
CM33_SPIN,1407,4,labsea,a_ice,0.29702
CM33_SPIN,1407,5,labsea,a_ice,0.23346
CM33_SPIN,1407,6,labsea,a_ice,0.15796
CM33_SPIN,1407,7,labsea,a_ice,0.05993
CM33_SPIN,1407,8,labsea,a_ice,0.01477
CM33_SPIN,1407,9,labsea,a_ice,0.00060
CM33_SPIN,1407,10,labsea,a_ice,0.01622
CM33_SPIN,1407,11,labsea,a_ice,0.12884
CM33_SPIN,1407,12,labsea,a_ice,0.29357
CM33_SPIN,1407,1,interior,a_ice,0.11695
CM33_SPIN,1407,2,interior,a_ice,0.15747
CM33_SPIN,1407,3,interior,a_ice,0.11543
CM33_SPIN,1407,4,interior,a_ice,0.06723
CM33_SPIN,1407,5,interior,a_ice,0.06524
CM33_SPIN,1407,6,interior,a_ice,0.01942
CM33_SPIN,1407,7,interior,a_ice,0.00342
CM33_SPIN,1407,8,interior,a_ice,0.00000
CM33_SPIN,1407,9,interior,a_ice,0.00000
CM33_SPIN,1407,10,interior,a_ice,0.00000
CM33_SPIN,1407,11,interior,a_ice,0.01634
CM33_SPIN,1407,12,interior,a_ice,0.10827
CM33_SPIN,1407,1,labsea,MLD2,1556.90245
CM33_SPIN,1407,2,labsea,MLD2,1487.50775
CM33_SPIN,1407,3,labsea,MLD2,1464.99953
CM33_SPIN,1407,4,labsea,MLD2,1453.97456
CM33_SPIN,1407,5,labsea,MLD2,1095.69450
CM33_SPIN,1407,6,labsea,MLD2,42.05269
CM33_SPIN,1407,7,labsea,MLD2,12.82032
CM33_SPIN,1407,8,labsea,MLD2,14.85252
CM33_SPIN,1407,9,labsea,MLD2,24.39373
CM33_SPIN,1407,10,labsea,MLD2,119.67833
CM33_SPIN,1407,11,labsea,MLD2,884.90427
CM33_SPIN,1407,12,labsea,MLD2,1474.37321
CM33_SPIN,1407,1,interior,MLD2,2369.32507
CM33_SPIN,1407,2,interior,MLD2,2266.25222
CM33_SPIN,1407,3,interior,MLD2,2402.77771
CM33_SPIN,1407,4,interior,MLD2,2475.34660
CM33_SPIN,1407,5,interior,MLD2,2023.56433
CM33_SPIN,1407,6,interior,MLD2,111.69126
CM33_SPIN,1407,7,interior,MLD2,14.68387
CM33_SPIN,1407,8,interior,MLD2,16.63456
CM33_SPIN,1407,9,interior,MLD2,29.07469
CM33_SPIN,1407,10,interior,MLD2,347.86738
CM33_SPIN,1407,11,interior,MLD2,2090.73183
CM33_SPIN,1407,12,interior,MLD2,2434.37116
CM33_SPIN,1408,1,labsea,a_ice,0.40915
CM33_SPIN,1408,2,labsea,a_ice,0.51066
CM33_SPIN,1408,3,labsea,a_ice,0.43319
CM33_SPIN,1408,4,labsea,a_ice,0.37336
CM33_SPIN,1408,5,labsea,a_ice,0.26463
CM33_SPIN,1408,6,labsea,a_ice,0.17256
CM33_SPIN,1408,7,labsea,a_ice,0.07090
CM33_SPIN,1408,8,labsea,a_ice,0.01971
CM33_SPIN,1408,9,labsea,a_ice,0.01060
CM33_SPIN,1408,10,labsea,a_ice,0.03571
CM33_SPIN,1408,11,labsea,a_ice,0.10505
CM33_SPIN,1408,12,labsea,a_ice,0.20798
CM33_SPIN,1408,1,interior,a_ice,0.25600
CM33_SPIN,1408,2,interior,a_ice,0.43365
CM33_SPIN,1408,3,interior,a_ice,0.26514
CM33_SPIN,1408,4,interior,a_ice,0.21556
CM33_SPIN,1408,5,interior,a_ice,0.08239
CM33_SPIN,1408,6,interior,a_ice,0.02537
CM33_SPIN,1408,7,interior,a_ice,0.01019
CM33_SPIN,1408,8,interior,a_ice,0.00000
CM33_SPIN,1408,9,interior,a_ice,0.00000
CM33_SPIN,1408,10,interior,a_ice,0.00000
CM33_SPIN,1408,11,interior,a_ice,0.00298
CM33_SPIN,1408,12,interior,a_ice,0.06089
CM33_SPIN,1408,1,labsea,MLD2,1353.18178
CM33_SPIN,1408,2,labsea,MLD2,1150.56020
CM33_SPIN,1408,3,labsea,MLD2,1160.00814
CM33_SPIN,1408,4,labsea,MLD2,1098.17301
CM33_SPIN,1408,5,labsea,MLD2,879.76234
CM33_SPIN,1408,6,labsea,MLD2,61.49264
CM33_SPIN,1408,7,labsea,MLD2,14.42397
CM33_SPIN,1408,8,labsea,MLD2,14.08107
CM33_SPIN,1408,9,labsea,MLD2,18.71738
CM33_SPIN,1408,10,labsea,MLD2,36.32336
CM33_SPIN,1408,11,labsea,MLD2,604.98891
CM33_SPIN,1408,12,labsea,MLD2,1609.64377
CM33_SPIN,1408,1,interior,MLD2,1952.76324
CM33_SPIN,1408,2,interior,MLD2,1468.40779
CM33_SPIN,1408,3,interior,MLD2,1784.06216
CM33_SPIN,1408,4,interior,MLD2,1709.97472
CM33_SPIN,1408,5,interior,MLD2,1458.20997
CM33_SPIN,1408,6,interior,MLD2,133.99409
CM33_SPIN,1408,7,interior,MLD2,16.41511
CM33_SPIN,1408,8,interior,MLD2,15.97666
CM33_SPIN,1408,9,interior,MLD2,20.55961
CM33_SPIN,1408,10,interior,MLD2,36.09253
CM33_SPIN,1408,11,interior,MLD2,1132.08851
CM33_SPIN,1408,12,interior,MLD2,2623.53932
CM33_SPIN,1409,1,labsea,a_ice,0.21901
CM33_SPIN,1409,2,labsea,a_ice,0.21815
CM33_SPIN,1409,3,labsea,a_ice,0.24531
CM33_SPIN,1409,4,labsea,a_ice,0.20906
CM33_SPIN,1409,5,labsea,a_ice,0.17219
CM33_SPIN,1409,6,labsea,a_ice,0.07317
CM33_SPIN,1409,7,labsea,a_ice,0.02441
CM33_SPIN,1409,8,labsea,a_ice,0.00358
CM33_SPIN,1409,9,labsea,a_ice,0.00000
CM33_SPIN,1409,10,labsea,a_ice,0.00764
CM33_SPIN,1409,11,labsea,a_ice,0.05228
CM33_SPIN,1409,12,labsea,a_ice,0.15308
CM33_SPIN,1409,1,interior,a_ice,0.06205
CM33_SPIN,1409,2,interior,a_ice,0.05592
CM33_SPIN,1409,3,interior,a_ice,0.06247
CM33_SPIN,1409,4,interior,a_ice,0.04191
CM33_SPIN,1409,5,interior,a_ice,0.04859
CM33_SPIN,1409,6,interior,a_ice,0.00637
CM33_SPIN,1409,7,interior,a_ice,0.00046
CM33_SPIN,1409,8,interior,a_ice,0.00000
CM33_SPIN,1409,9,interior,a_ice,0.00000
CM33_SPIN,1409,10,interior,a_ice,0.00000
CM33_SPIN,1409,11,interior,a_ice,0.00004
CM33_SPIN,1409,12,interior,a_ice,0.02150
CM33_SPIN,1409,1,labsea,MLD2,1750.67259
CM33_SPIN,1409,2,labsea,MLD2,1774.08164
CM33_SPIN,1409,3,labsea,MLD2,1634.37351
CM33_SPIN,1409,4,labsea,MLD2,1473.63601
CM33_SPIN,1409,5,labsea,MLD2,469.80899
CM33_SPIN,1409,6,labsea,MLD2,16.36473
CM33_SPIN,1409,7,labsea,MLD2,13.68503
CM33_SPIN,1409,8,labsea,MLD2,13.31753
CM33_SPIN,1409,9,labsea,MLD2,23.73396
CM33_SPIN,1409,10,labsea,MLD2,37.43514
CM33_SPIN,1409,11,labsea,MLD2,356.80653
CM33_SPIN,1409,12,labsea,MLD2,1608.18134
CM33_SPIN,1409,1,interior,MLD2,2613.24794
CM33_SPIN,1409,2,interior,MLD2,2646.77983
CM33_SPIN,1409,3,interior,MLD2,2467.87515
CM33_SPIN,1409,4,interior,MLD2,2351.96334
CM33_SPIN,1409,5,interior,MLD2,1027.34258
CM33_SPIN,1409,6,interior,MLD2,22.23454
CM33_SPIN,1409,7,interior,MLD2,17.65754
CM33_SPIN,1409,8,interior,MLD2,15.08727
CM33_SPIN,1409,9,interior,MLD2,24.70208
CM33_SPIN,1409,10,interior,MLD2,45.01969
CM33_SPIN,1409,11,interior,MLD2,778.22543
CM33_SPIN,1409,12,interior,MLD2,2662.99426
CM33_SPIN,1410,1,labsea,a_ice,0.22903
CM33_SPIN,1410,2,labsea,a_ice,0.25787
CM33_SPIN,1410,3,labsea,a_ice,0.23544
CM33_SPIN,1410,4,labsea,a_ice,0.23087
CM33_SPIN,1410,5,labsea,a_ice,0.20197
CM33_SPIN,1410,6,labsea,a_ice,0.14190
CM33_SPIN,1410,7,labsea,a_ice,0.04268
CM33_SPIN,1410,8,labsea,a_ice,0.00259
CM33_SPIN,1410,9,labsea,a_ice,0.00000
CM33_SPIN,1410,10,labsea,a_ice,0.00041
CM33_SPIN,1410,11,labsea,a_ice,0.06523
CM33_SPIN,1410,12,labsea,a_ice,0.15746
CM33_SPIN,1410,1,interior,a_ice,0.07983
CM33_SPIN,1410,2,interior,a_ice,0.09069
CM33_SPIN,1410,3,interior,a_ice,0.06734
CM33_SPIN,1410,4,interior,a_ice,0.04349
CM33_SPIN,1410,5,interior,a_ice,0.02704
CM33_SPIN,1410,6,interior,a_ice,0.01674
CM33_SPIN,1410,7,interior,a_ice,0.00330
CM33_SPIN,1410,8,interior,a_ice,0.00000
CM33_SPIN,1410,9,interior,a_ice,0.00000
CM33_SPIN,1410,10,interior,a_ice,0.00000
CM33_SPIN,1410,11,interior,a_ice,0.00447
CM33_SPIN,1410,12,interior,a_ice,0.02316
CM33_SPIN,1410,1,labsea,MLD2,1749.71879
CM33_SPIN,1410,2,labsea,MLD2,1717.38134
CM33_SPIN,1410,3,labsea,MLD2,1686.41969
CM33_SPIN,1410,4,labsea,MLD2,1627.10062
CM33_SPIN,1410,5,labsea,MLD2,1248.98565
CM33_SPIN,1410,6,labsea,MLD2,21.25972
CM33_SPIN,1410,7,labsea,MLD2,12.83333
CM33_SPIN,1410,8,labsea,MLD2,14.60178
CM33_SPIN,1410,9,labsea,MLD2,22.86010
CM33_SPIN,1410,10,labsea,MLD2,36.36363
CM33_SPIN,1410,11,labsea,MLD2,678.16107
CM33_SPIN,1410,12,labsea,MLD2,1653.24701
CM33_SPIN,1410,1,interior,MLD2,2601.93610
CM33_SPIN,1410,2,interior,MLD2,2565.83412
CM33_SPIN,1410,3,interior,MLD2,2531.34363
CM33_SPIN,1410,4,interior,MLD2,2554.23128
CM33_SPIN,1410,5,interior,MLD2,2049.62249
CM33_SPIN,1410,6,interior,MLD2,19.90257
CM33_SPIN,1410,7,interior,MLD2,13.77491
CM33_SPIN,1410,8,interior,MLD2,16.31013
CM33_SPIN,1410,9,interior,MLD2,24.04625
CM33_SPIN,1410,10,interior,MLD2,37.97532
CM33_SPIN,1410,11,interior,MLD2,1328.12357
CM33_SPIN,1410,12,interior,MLD2,2624.45971
CM33_SPIN,1411,1,labsea,a_ice,0.24958
CM33_SPIN,1411,2,labsea,a_ice,0.26269
CM33_SPIN,1411,3,labsea,a_ice,0.29913
CM33_SPIN,1411,4,labsea,a_ice,0.26970
CM33_SPIN,1411,5,labsea,a_ice,0.21778
CM33_SPIN,1411,6,labsea,a_ice,0.15079
CM33_SPIN,1411,7,labsea,a_ice,0.03755
CM33_SPIN,1411,8,labsea,a_ice,0.00437
CM33_SPIN,1411,9,labsea,a_ice,0.00010
CM33_SPIN,1411,10,labsea,a_ice,0.00236
CM33_SPIN,1411,11,labsea,a_ice,0.04323
CM33_SPIN,1411,12,labsea,a_ice,0.13811
CM33_SPIN,1411,1,interior,a_ice,0.06749
CM33_SPIN,1411,2,interior,a_ice,0.06575
CM33_SPIN,1411,3,interior,a_ice,0.09646
CM33_SPIN,1411,4,interior,a_ice,0.08243
CM33_SPIN,1411,5,interior,a_ice,0.05327
CM33_SPIN,1411,6,interior,a_ice,0.03276
CM33_SPIN,1411,7,interior,a_ice,0.00763
CM33_SPIN,1411,8,interior,a_ice,0.00000
CM33_SPIN,1411,9,interior,a_ice,0.00000
CM33_SPIN,1411,10,interior,a_ice,0.00000
CM33_SPIN,1411,11,interior,a_ice,0.00142
CM33_SPIN,1411,12,interior,a_ice,0.01146
CM33_SPIN,1411,1,labsea,MLD2,1636.09405
CM33_SPIN,1411,2,labsea,MLD2,1562.89462
CM33_SPIN,1411,3,labsea,MLD2,1411.86042
CM33_SPIN,1411,4,labsea,MLD2,1377.26405
CM33_SPIN,1411,5,labsea,MLD2,1012.40538
CM33_SPIN,1411,6,labsea,MLD2,43.92943
CM33_SPIN,1411,7,labsea,MLD2,13.01659
CM33_SPIN,1411,8,labsea,MLD2,15.12175
CM33_SPIN,1411,9,labsea,MLD2,21.97425
CM33_SPIN,1411,10,labsea,MLD2,68.42912
CM33_SPIN,1411,11,labsea,MLD2,726.99171
CM33_SPIN,1411,12,labsea,MLD2,1627.32803
CM33_SPIN,1411,1,interior,MLD2,2555.81226
CM33_SPIN,1411,2,interior,MLD2,2514.24589
CM33_SPIN,1411,3,interior,MLD2,2098.01865
CM33_SPIN,1411,4,interior,MLD2,2136.14014
CM33_SPIN,1411,5,interior,MLD2,2180.59647
CM33_SPIN,1411,6,interior,MLD2,112.68696
CM33_SPIN,1411,7,interior,MLD2,15.54645
CM33_SPIN,1411,8,interior,MLD2,17.89606
CM33_SPIN,1411,9,interior,MLD2,24.08317
CM33_SPIN,1411,10,interior,MLD2,127.67606
CM33_SPIN,1411,11,interior,MLD2,1332.04805
CM33_SPIN,1411,12,interior,MLD2,2587.04827
CM33_SPIN,1412,1,labsea,a_ice,0.15839
CM33_SPIN,1412,2,labsea,a_ice,0.15986
CM33_SPIN,1412,3,labsea,a_ice,0.19031
CM33_SPIN,1412,4,labsea,a_ice,0.19476
CM33_SPIN,1412,5,labsea,a_ice,0.18252
CM33_SPIN,1412,6,labsea,a_ice,0.08737
CM33_SPIN,1412,7,labsea,a_ice,0.02445
CM33_SPIN,1412,8,labsea,a_ice,0.00030
CM33_SPIN,1412,9,labsea,a_ice,0.00000
CM33_SPIN,1412,10,labsea,a_ice,0.00159
CM33_SPIN,1412,11,labsea,a_ice,0.02725
CM33_SPIN,1412,12,labsea,a_ice,0.14177
CM33_SPIN,1412,1,interior,a_ice,0.01175
CM33_SPIN,1412,2,interior,a_ice,0.02598
CM33_SPIN,1412,3,interior,a_ice,0.05333
CM33_SPIN,1412,4,interior,a_ice,0.02849
CM33_SPIN,1412,5,interior,a_ice,0.02203
CM33_SPIN,1412,6,interior,a_ice,0.00521
CM33_SPIN,1412,7,interior,a_ice,0.00000
CM33_SPIN,1412,8,interior,a_ice,0.00000
CM33_SPIN,1412,9,interior,a_ice,0.00000
CM33_SPIN,1412,10,interior,a_ice,0.00000
CM33_SPIN,1412,11,interior,a_ice,0.00000
CM33_SPIN,1412,12,interior,a_ice,0.01154
CM33_SPIN,1412,1,labsea,MLD2,1783.81229
CM33_SPIN,1412,2,labsea,MLD2,1813.03679
CM33_SPIN,1412,3,labsea,MLD2,1797.07951
CM33_SPIN,1412,4,labsea,MLD2,1636.17335
CM33_SPIN,1412,5,labsea,MLD2,981.98644
CM33_SPIN,1412,6,labsea,MLD2,28.52407
CM33_SPIN,1412,7,labsea,MLD2,13.59667
CM33_SPIN,1412,8,labsea,MLD2,14.07738
CM33_SPIN,1412,9,labsea,MLD2,23.03312
CM33_SPIN,1412,10,labsea,MLD2,37.09642
CM33_SPIN,1412,11,labsea,MLD2,223.75897
CM33_SPIN,1412,12,labsea,MLD2,1388.14380
CM33_SPIN,1412,1,interior,MLD2,2696.19035
CM33_SPIN,1412,2,interior,MLD2,2696.37333
CM33_SPIN,1412,3,interior,MLD2,2656.92623
CM33_SPIN,1412,4,interior,MLD2,2557.91954
CM33_SPIN,1412,5,interior,MLD2,2078.16278
CM33_SPIN,1412,6,interior,MLD2,61.51558
CM33_SPIN,1412,7,interior,MLD2,15.02653
CM33_SPIN,1412,8,interior,MLD2,15.74299
CM33_SPIN,1412,9,interior,MLD2,25.41018
CM33_SPIN,1412,10,interior,MLD2,34.99344
CM33_SPIN,1412,11,interior,MLD2,625.30985
CM33_SPIN,1412,12,interior,MLD2,2551.13157
CM33_SPIN,1413,1,labsea,a_ice,0.19884
CM33_SPIN,1413,2,labsea,a_ice,0.19609
CM33_SPIN,1413,3,labsea,a_ice,0.21479
CM33_SPIN,1413,4,labsea,a_ice,0.23798
CM33_SPIN,1413,5,labsea,a_ice,0.14445
CM33_SPIN,1413,6,labsea,a_ice,0.07883
CM33_SPIN,1413,7,labsea,a_ice,0.01949
CM33_SPIN,1413,8,labsea,a_ice,0.00035
CM33_SPIN,1413,9,labsea,a_ice,0.00020
CM33_SPIN,1413,10,labsea,a_ice,0.00506
CM33_SPIN,1413,11,labsea,a_ice,0.07607
CM33_SPIN,1413,12,labsea,a_ice,0.25742
CM33_SPIN,1413,1,interior,a_ice,0.03990
CM33_SPIN,1413,2,interior,a_ice,0.03618
CM33_SPIN,1413,3,interior,a_ice,0.04912
CM33_SPIN,1413,4,interior,a_ice,0.04620
CM33_SPIN,1413,5,interior,a_ice,0.01613
CM33_SPIN,1413,6,interior,a_ice,0.00091
CM33_SPIN,1413,7,interior,a_ice,0.00008
CM33_SPIN,1413,8,interior,a_ice,0.00000
CM33_SPIN,1413,9,interior,a_ice,0.00000
CM33_SPIN,1413,10,interior,a_ice,0.00000
CM33_SPIN,1413,11,interior,a_ice,0.00178
CM33_SPIN,1413,12,interior,a_ice,0.09676
CM33_SPIN,1413,1,labsea,MLD2,1736.59652
CM33_SPIN,1413,2,labsea,MLD2,1794.87929
CM33_SPIN,1413,3,labsea,MLD2,1697.10437
CM33_SPIN,1413,4,labsea,MLD2,1618.30484
CM33_SPIN,1413,5,labsea,MLD2,765.90732
CM33_SPIN,1413,6,labsea,MLD2,17.89212
CM33_SPIN,1413,7,labsea,MLD2,11.53350
CM33_SPIN,1413,8,labsea,MLD2,15.45362
CM33_SPIN,1413,9,labsea,MLD2,25.73947
CM33_SPIN,1413,10,labsea,MLD2,65.43984
CM33_SPIN,1413,11,labsea,MLD2,775.51396
CM33_SPIN,1413,12,labsea,MLD2,1485.42327
CM33_SPIN,1413,1,interior,MLD2,2657.28426
CM33_SPIN,1413,2,interior,MLD2,2690.04542
CM33_SPIN,1413,3,interior,MLD2,2605.35564
CM33_SPIN,1413,4,interior,MLD2,2556.53886
CM33_SPIN,1413,5,interior,MLD2,1250.30417
CM33_SPIN,1413,6,interior,MLD2,20.43534
CM33_SPIN,1413,7,interior,MLD2,13.05913
CM33_SPIN,1413,8,interior,MLD2,17.18633
CM33_SPIN,1413,9,interior,MLD2,27.78262
CM33_SPIN,1413,10,interior,MLD2,147.39782
CM33_SPIN,1413,11,interior,MLD2,1689.75262
CM33_SPIN,1413,12,interior,MLD2,2340.63675
CM33_SPIN,1414,1,labsea,a_ice,0.41031
CM33_SPIN,1414,2,labsea,a_ice,0.35902
CM33_SPIN,1414,3,labsea,a_ice,0.31823
CM33_SPIN,1414,4,labsea,a_ice,0.26424
CM33_SPIN,1414,5,labsea,a_ice,0.18911
CM33_SPIN,1414,6,labsea,a_ice,0.09328
CM33_SPIN,1414,7,labsea,a_ice,0.03979
CM33_SPIN,1414,8,labsea,a_ice,0.00461
CM33_SPIN,1414,9,labsea,a_ice,0.00160
CM33_SPIN,1414,10,labsea,a_ice,0.00824
CM33_SPIN,1414,11,labsea,a_ice,0.08618
CM33_SPIN,1414,12,labsea,a_ice,0.18992
CM33_SPIN,1414,1,interior,a_ice,0.32748
CM33_SPIN,1414,2,interior,a_ice,0.25404
CM33_SPIN,1414,3,interior,a_ice,0.18841
CM33_SPIN,1414,4,interior,a_ice,0.07062
CM33_SPIN,1414,5,interior,a_ice,0.01597
CM33_SPIN,1414,6,interior,a_ice,0.01201
CM33_SPIN,1414,7,interior,a_ice,0.00007
CM33_SPIN,1414,8,interior,a_ice,0.00000
CM33_SPIN,1414,9,interior,a_ice,0.00002
CM33_SPIN,1414,10,interior,a_ice,0.00219
CM33_SPIN,1414,11,interior,a_ice,0.00193
CM33_SPIN,1414,12,interior,a_ice,0.02889
CM33_SPIN,1414,1,labsea,MLD2,1315.17249
CM33_SPIN,1414,2,labsea,MLD2,1454.60188
CM33_SPIN,1414,3,labsea,MLD2,1521.89945
CM33_SPIN,1414,4,labsea,MLD2,1491.42960
CM33_SPIN,1414,5,labsea,MLD2,588.51240
CM33_SPIN,1414,6,labsea,MLD2,22.21701
CM33_SPIN,1414,7,labsea,MLD2,13.88987
CM33_SPIN,1414,8,labsea,MLD2,15.63531
CM33_SPIN,1414,9,labsea,MLD2,22.23283
CM33_SPIN,1414,10,labsea,MLD2,35.63904
CM33_SPIN,1414,11,labsea,MLD2,560.28529
CM33_SPIN,1414,12,labsea,MLD2,1579.60551
CM33_SPIN,1414,1,interior,MLD2,1715.25627
CM33_SPIN,1414,2,interior,MLD2,1970.84830
CM33_SPIN,1414,3,interior,MLD2,2164.55126
CM33_SPIN,1414,4,interior,MLD2,2205.22478
CM33_SPIN,1414,5,interior,MLD2,867.77688
CM33_SPIN,1414,6,interior,MLD2,30.60930
CM33_SPIN,1414,7,interior,MLD2,15.21305
CM33_SPIN,1414,8,interior,MLD2,17.62425
CM33_SPIN,1414,9,interior,MLD2,27.12320
CM33_SPIN,1414,10,interior,MLD2,39.00814
CM33_SPIN,1414,11,interior,MLD2,1324.23081
CM33_SPIN,1414,12,interior,MLD2,2567.84978
CM33_SPIN,1415,1,labsea,a_ice,0.29919
CM33_SPIN,1415,2,labsea,a_ice,0.39843
CM33_SPIN,1415,3,labsea,a_ice,0.37889
CM33_SPIN,1415,4,labsea,a_ice,0.38373
CM33_SPIN,1415,5,labsea,a_ice,0.30007
CM33_SPIN,1415,6,labsea,a_ice,0.17742
CM33_SPIN,1415,7,labsea,a_ice,0.03651
CM33_SPIN,1415,8,labsea,a_ice,0.00199
CM33_SPIN,1415,9,labsea,a_ice,0.00000
CM33_SPIN,1415,10,labsea,a_ice,0.00000
CM33_SPIN,1415,11,labsea,a_ice,0.03906
CM33_SPIN,1415,12,labsea,a_ice,0.11157
CM33_SPIN,1415,1,interior,a_ice,0.10846
CM33_SPIN,1415,2,interior,a_ice,0.22933
CM33_SPIN,1415,3,interior,a_ice,0.25282
CM33_SPIN,1415,4,interior,a_ice,0.20531
CM33_SPIN,1415,5,interior,a_ice,0.09950
CM33_SPIN,1415,6,interior,a_ice,0.04327
CM33_SPIN,1415,7,interior,a_ice,0.00473
CM33_SPIN,1415,8,interior,a_ice,0.00000
CM33_SPIN,1415,9,interior,a_ice,0.00000
CM33_SPIN,1415,10,interior,a_ice,0.00000
CM33_SPIN,1415,11,interior,a_ice,0.00122
CM33_SPIN,1415,12,interior,a_ice,0.00507
CM33_SPIN,1415,1,labsea,MLD2,1548.15884
CM33_SPIN,1415,2,labsea,MLD2,1346.15588
CM33_SPIN,1415,3,labsea,MLD2,1265.76340
CM33_SPIN,1415,4,labsea,MLD2,1269.78733
CM33_SPIN,1415,5,labsea,MLD2,1030.19335
CM33_SPIN,1415,6,labsea,MLD2,21.78664
CM33_SPIN,1415,7,labsea,MLD2,12.53124
CM33_SPIN,1415,8,labsea,MLD2,16.37987
CM33_SPIN,1415,9,labsea,MLD2,22.99014
CM33_SPIN,1415,10,labsea,MLD2,37.11986
CM33_SPIN,1415,11,labsea,MLD2,477.25501
CM33_SPIN,1415,12,labsea,MLD2,1609.31369
CM33_SPIN,1415,1,interior,MLD2,2402.02108
CM33_SPIN,1415,2,interior,MLD2,1990.64030
CM33_SPIN,1415,3,interior,MLD2,1707.24912
CM33_SPIN,1415,4,interior,MLD2,1826.59971
CM33_SPIN,1415,5,interior,MLD2,1778.66930
CM33_SPIN,1415,6,interior,MLD2,24.51706
CM33_SPIN,1415,7,interior,MLD2,14.10421
CM33_SPIN,1415,8,interior,MLD2,18.38874
CM33_SPIN,1415,9,interior,MLD2,24.61269
CM33_SPIN,1415,10,interior,MLD2,39.43316
CM33_SPIN,1415,11,interior,MLD2,1126.38778
CM33_SPIN,1415,12,interior,MLD2,2697.11304
CM33_SPIN,1416,1,labsea,a_ice,0.17102
CM33_SPIN,1416,2,labsea,a_ice,0.19523
CM33_SPIN,1416,3,labsea,a_ice,0.26001
CM33_SPIN,1416,4,labsea,a_ice,0.27831
CM33_SPIN,1416,5,labsea,a_ice,0.21324
CM33_SPIN,1416,6,labsea,a_ice,0.14498
CM33_SPIN,1416,7,labsea,a_ice,0.03372
CM33_SPIN,1416,8,labsea,a_ice,0.00092
CM33_SPIN,1416,9,labsea,a_ice,0.00009
CM33_SPIN,1416,10,labsea,a_ice,0.00143
CM33_SPIN,1416,11,labsea,a_ice,0.04794
CM33_SPIN,1416,12,labsea,a_ice,0.19227
CM33_SPIN,1416,1,interior,a_ice,0.02780
CM33_SPIN,1416,2,interior,a_ice,0.03538
CM33_SPIN,1416,3,interior,a_ice,0.06820
CM33_SPIN,1416,4,interior,a_ice,0.06703
CM33_SPIN,1416,5,interior,a_ice,0.06306
CM33_SPIN,1416,6,interior,a_ice,0.02564
CM33_SPIN,1416,7,interior,a_ice,0.00777
CM33_SPIN,1416,8,interior,a_ice,0.00000
CM33_SPIN,1416,9,interior,a_ice,0.00000
CM33_SPIN,1416,10,interior,a_ice,0.00000
CM33_SPIN,1416,11,interior,a_ice,0.00075
CM33_SPIN,1416,12,interior,a_ice,0.03324
CM33_SPIN,1416,1,labsea,MLD2,1803.45299
CM33_SPIN,1416,2,labsea,MLD2,1794.47234
CM33_SPIN,1416,3,labsea,MLD2,1614.18887
CM33_SPIN,1416,4,labsea,MLD2,1401.85561
CM33_SPIN,1416,5,labsea,MLD2,989.33793
CM33_SPIN,1416,6,labsea,MLD2,90.08773
CM33_SPIN,1416,7,labsea,MLD2,20.27477
CM33_SPIN,1416,8,labsea,MLD2,16.67257
CM33_SPIN,1416,9,labsea,MLD2,24.70022
CM33_SPIN,1416,10,labsea,MLD2,36.35686
CM33_SPIN,1416,11,labsea,MLD2,682.73148
CM33_SPIN,1416,12,labsea,MLD2,1689.06387
CM33_SPIN,1416,1,interior,MLD2,2704.91187
CM33_SPIN,1416,2,interior,MLD2,2668.12965
CM33_SPIN,1416,3,interior,MLD2,2528.93026
CM33_SPIN,1416,4,interior,MLD2,2365.13553
CM33_SPIN,1416,5,interior,MLD2,1769.83335
CM33_SPIN,1416,6,interior,MLD2,267.39568
CM33_SPIN,1416,7,interior,MLD2,26.03967
CM33_SPIN,1416,8,interior,MLD2,20.02437
CM33_SPIN,1416,9,interior,MLD2,28.32023
CM33_SPIN,1416,10,interior,MLD2,40.21358
CM33_SPIN,1416,11,interior,MLD2,1427.75117
CM33_SPIN,1416,12,interior,MLD2,2662.39592
CM33_SPIN,1417,1,labsea,a_ice,0.25816
CM33_SPIN,1417,2,labsea,a_ice,0.28579
CM33_SPIN,1417,3,labsea,a_ice,0.31653
CM33_SPIN,1417,4,labsea,a_ice,0.30857
CM33_SPIN,1417,5,labsea,a_ice,0.20696
CM33_SPIN,1417,6,labsea,a_ice,0.13168
CM33_SPIN,1417,7,labsea,a_ice,0.04386
CM33_SPIN,1417,8,labsea,a_ice,0.00475
CM33_SPIN,1417,9,labsea,a_ice,0.00001
CM33_SPIN,1417,10,labsea,a_ice,0.00903
CM33_SPIN,1417,11,labsea,a_ice,0.05788
CM33_SPIN,1417,12,labsea,a_ice,0.23023
CM33_SPIN,1417,1,interior,a_ice,0.05733
CM33_SPIN,1417,2,interior,a_ice,0.07394
CM33_SPIN,1417,3,interior,a_ice,0.15083
CM33_SPIN,1417,4,interior,a_ice,0.09743
CM33_SPIN,1417,5,interior,a_ice,0.03839
CM33_SPIN,1417,6,interior,a_ice,0.02282
CM33_SPIN,1417,7,interior,a_ice,0.00228
CM33_SPIN,1417,8,interior,a_ice,0.00000
CM33_SPIN,1417,9,interior,a_ice,0.00000
CM33_SPIN,1417,10,interior,a_ice,0.00001
CM33_SPIN,1417,11,interior,a_ice,0.00016
CM33_SPIN,1417,12,interior,a_ice,0.04494
CM33_SPIN,1417,1,labsea,MLD2,1675.84928
CM33_SPIN,1417,2,labsea,MLD2,1640.71717
CM33_SPIN,1417,3,labsea,MLD2,1602.64307
CM33_SPIN,1417,4,labsea,MLD2,1516.36952
CM33_SPIN,1417,5,labsea,MLD2,799.23718
CM33_SPIN,1417,6,labsea,MLD2,39.64590
CM33_SPIN,1417,7,labsea,MLD2,12.40639
CM33_SPIN,1417,8,labsea,MLD2,14.66266
CM33_SPIN,1417,9,labsea,MLD2,21.34007
CM33_SPIN,1417,10,labsea,MLD2,51.14536
CM33_SPIN,1417,11,labsea,MLD2,499.64832
CM33_SPIN,1417,12,labsea,MLD2,1471.63876
CM33_SPIN,1417,1,interior,MLD2,2561.23259
CM33_SPIN,1417,2,interior,MLD2,2532.69357
CM33_SPIN,1417,3,interior,MLD2,2347.35743
CM33_SPIN,1417,4,interior,MLD2,2400.09264
CM33_SPIN,1417,5,interior,MLD2,1617.21845
CM33_SPIN,1417,6,interior,MLD2,99.29551
CM33_SPIN,1417,7,interior,MLD2,14.76187
CM33_SPIN,1417,8,interior,MLD2,17.01059
CM33_SPIN,1417,9,interior,MLD2,24.35747
CM33_SPIN,1417,10,interior,MLD2,92.83774
CM33_SPIN,1417,11,interior,MLD2,1106.03152
CM33_SPIN,1417,12,interior,MLD2,2471.19061
CM33_SPIN,1418,1,labsea,a_ice,0.36616
CM33_SPIN,1418,2,labsea,a_ice,0.43784
CM33_SPIN,1418,3,labsea,a_ice,0.38117
CM33_SPIN,1418,4,labsea,a_ice,0.34070
CM33_SPIN,1418,5,labsea,a_ice,0.26047
CM33_SPIN,1418,6,labsea,a_ice,0.15533
CM33_SPIN,1418,7,labsea,a_ice,0.06342
CM33_SPIN,1418,8,labsea,a_ice,0.00805
CM33_SPIN,1418,9,labsea,a_ice,0.00013
CM33_SPIN,1418,10,labsea,a_ice,0.00710
CM33_SPIN,1418,11,labsea,a_ice,0.05550
CM33_SPIN,1418,12,labsea,a_ice,0.17919
CM33_SPIN,1418,1,interior,a_ice,0.25875
CM33_SPIN,1418,2,interior,a_ice,0.37636
CM33_SPIN,1418,3,interior,a_ice,0.24730
CM33_SPIN,1418,4,interior,a_ice,0.12757
CM33_SPIN,1418,5,interior,a_ice,0.06344
CM33_SPIN,1418,6,interior,a_ice,0.02776
CM33_SPIN,1418,7,interior,a_ice,0.01079
CM33_SPIN,1418,8,interior,a_ice,0.00000
CM33_SPIN,1418,9,interior,a_ice,0.00000
CM33_SPIN,1418,10,interior,a_ice,0.00000
CM33_SPIN,1418,11,interior,a_ice,0.00114
CM33_SPIN,1418,12,interior,a_ice,0.03591
CM33_SPIN,1418,1,labsea,MLD2,1269.24701
CM33_SPIN,1418,2,labsea,MLD2,1096.25921
CM33_SPIN,1418,3,labsea,MLD2,1220.35884
CM33_SPIN,1418,4,labsea,MLD2,1284.78878
CM33_SPIN,1418,5,labsea,MLD2,854.63704
CM33_SPIN,1418,6,labsea,MLD2,87.66236
CM33_SPIN,1418,7,labsea,MLD2,18.20280
CM33_SPIN,1418,8,labsea,MLD2,17.46155
CM33_SPIN,1418,9,labsea,MLD2,21.47086
CM33_SPIN,1418,10,labsea,MLD2,47.91186
CM33_SPIN,1418,11,labsea,MLD2,534.75750
CM33_SPIN,1418,12,labsea,MLD2,1577.52641
CM33_SPIN,1418,1,interior,MLD2,1663.92156
CM33_SPIN,1418,2,interior,MLD2,1431.81590
CM33_SPIN,1418,3,interior,MLD2,1705.45365
CM33_SPIN,1418,4,interior,MLD2,2000.27784
CM33_SPIN,1418,5,interior,MLD2,1856.70077
CM33_SPIN,1418,6,interior,MLD2,264.85895
CM33_SPIN,1418,7,interior,MLD2,22.68541
CM33_SPIN,1418,8,interior,MLD2,19.62796
CM33_SPIN,1418,9,interior,MLD2,22.42506
CM33_SPIN,1418,10,interior,MLD2,68.14279
CM33_SPIN,1418,11,interior,MLD2,1152.69341
CM33_SPIN,1418,12,interior,MLD2,2623.01351
CM33_SPIN,1419,1,labsea,a_ice,0.22954
CM33_SPIN,1419,2,labsea,a_ice,0.22771
CM33_SPIN,1419,3,labsea,a_ice,0.23357
CM33_SPIN,1419,4,labsea,a_ice,0.23697
CM33_SPIN,1419,5,labsea,a_ice,0.16993
CM33_SPIN,1419,6,labsea,a_ice,0.08120
CM33_SPIN,1419,7,labsea,a_ice,0.02894
CM33_SPIN,1419,8,labsea,a_ice,0.00841
CM33_SPIN,1419,9,labsea,a_ice,0.00041
CM33_SPIN,1419,10,labsea,a_ice,0.00470
CM33_SPIN,1419,11,labsea,a_ice,0.06103
CM33_SPIN,1419,12,labsea,a_ice,0.16607
CM33_SPIN,1419,1,interior,a_ice,0.06380
CM33_SPIN,1419,2,interior,a_ice,0.03570
CM33_SPIN,1419,3,interior,a_ice,0.05073
CM33_SPIN,1419,4,interior,a_ice,0.06145
CM33_SPIN,1419,5,interior,a_ice,0.01193
CM33_SPIN,1419,6,interior,a_ice,0.00912
CM33_SPIN,1419,7,interior,a_ice,0.00000
CM33_SPIN,1419,8,interior,a_ice,0.00000
CM33_SPIN,1419,9,interior,a_ice,0.00000
CM33_SPIN,1419,10,interior,a_ice,0.00000
CM33_SPIN,1419,11,interior,a_ice,0.00054
CM33_SPIN,1419,12,interior,a_ice,0.02729
CM33_SPIN,1419,1,labsea,MLD2,1695.29282
CM33_SPIN,1419,2,labsea,MLD2,1766.19640
CM33_SPIN,1419,3,labsea,MLD2,1748.78732
CM33_SPIN,1419,4,labsea,MLD2,1716.91070
CM33_SPIN,1419,5,labsea,MLD2,715.22136
CM33_SPIN,1419,6,labsea,MLD2,17.46279
CM33_SPIN,1419,7,labsea,MLD2,14.63346
CM33_SPIN,1419,8,labsea,MLD2,17.14253
CM33_SPIN,1419,9,labsea,MLD2,22.47953
CM33_SPIN,1419,10,labsea,MLD2,36.68949
CM33_SPIN,1419,11,labsea,MLD2,332.83473
CM33_SPIN,1419,12,labsea,MLD2,1303.64698
CM33_SPIN,1419,1,interior,MLD2,2573.48571
CM33_SPIN,1419,2,interior,MLD2,2689.93438
CM33_SPIN,1419,3,interior,MLD2,2638.05761
CM33_SPIN,1419,4,interior,MLD2,2613.48369
CM33_SPIN,1419,5,interior,MLD2,1441.12626
CM33_SPIN,1419,6,interior,MLD2,22.25034
CM33_SPIN,1419,7,interior,MLD2,16.72552
CM33_SPIN,1419,8,interior,MLD2,19.02916
CM33_SPIN,1419,9,interior,MLD2,24.07896
CM33_SPIN,1419,10,interior,MLD2,42.14794
CM33_SPIN,1419,11,interior,MLD2,850.66799
CM33_SPIN,1419,12,interior,MLD2,2511.89164
CM33_SPIN,1420,1,labsea,a_ice,0.20276
CM33_SPIN,1420,2,labsea,a_ice,0.17504
CM33_SPIN,1420,3,labsea,a_ice,0.19944
CM33_SPIN,1420,4,labsea,a_ice,0.21108
CM33_SPIN,1420,5,labsea,a_ice,0.14416
CM33_SPIN,1420,6,labsea,a_ice,0.09129
CM33_SPIN,1420,7,labsea,a_ice,0.02258
CM33_SPIN,1420,8,labsea,a_ice,0.00137
CM33_SPIN,1420,9,labsea,a_ice,0.00018
CM33_SPIN,1420,10,labsea,a_ice,0.00032
CM33_SPIN,1420,11,labsea,a_ice,0.06787
CM33_SPIN,1420,12,labsea,a_ice,0.15399
CM33_SPIN,1420,1,interior,a_ice,0.03964
CM33_SPIN,1420,2,interior,a_ice,0.01255
CM33_SPIN,1420,3,interior,a_ice,0.04756
CM33_SPIN,1420,4,interior,a_ice,0.02964
CM33_SPIN,1420,5,interior,a_ice,0.01676
CM33_SPIN,1420,6,interior,a_ice,0.01906
CM33_SPIN,1420,7,interior,a_ice,0.00029
CM33_SPIN,1420,8,interior,a_ice,0.00000
CM33_SPIN,1420,9,interior,a_ice,0.00000
CM33_SPIN,1420,10,interior,a_ice,0.00000
CM33_SPIN,1420,11,interior,a_ice,0.00202
CM33_SPIN,1420,12,interior,a_ice,0.02696
CM33_SPIN,1420,1,labsea,MLD2,1691.56894
CM33_SPIN,1420,2,labsea,MLD2,1750.55710
CM33_SPIN,1420,3,labsea,MLD2,1723.09693
CM33_SPIN,1420,4,labsea,MLD2,1703.82544
CM33_SPIN,1420,5,labsea,MLD2,1278.94392
CM33_SPIN,1420,6,labsea,MLD2,48.91582
CM33_SPIN,1420,7,labsea,MLD2,14.50147
CM33_SPIN,1420,8,labsea,MLD2,20.34437
CM33_SPIN,1420,9,labsea,MLD2,25.51587
CM33_SPIN,1420,10,labsea,MLD2,32.60488
CM33_SPIN,1420,11,labsea,MLD2,661.74573
CM33_SPIN,1420,12,labsea,MLD2,1601.17679
CM33_SPIN,1420,1,interior,MLD2,2625.77354
CM33_SPIN,1420,2,interior,MLD2,2690.76090
CM33_SPIN,1420,3,interior,MLD2,2631.88845
CM33_SPIN,1420,4,interior,MLD2,2644.48466
CM33_SPIN,1420,5,interior,MLD2,2275.52175
CM33_SPIN,1420,6,interior,MLD2,131.78967
CM33_SPIN,1420,7,interior,MLD2,16.29981
CM33_SPIN,1420,8,interior,MLD2,22.97266
CM33_SPIN,1420,9,interior,MLD2,29.48855
CM33_SPIN,1420,10,interior,MLD2,37.88899
CM33_SPIN,1420,11,interior,MLD2,1436.09124
CM33_SPIN,1420,12,interior,MLD2,2636.63682
CM33_SPIN,1421,1,labsea,a_ice,0.21034
CM33_SPIN,1421,2,labsea,a_ice,0.20944
CM33_SPIN,1421,3,labsea,a_ice,0.23445
CM33_SPIN,1421,4,labsea,a_ice,0.22085
CM33_SPIN,1421,5,labsea,a_ice,0.20067
CM33_SPIN,1421,6,labsea,a_ice,0.12669
CM33_SPIN,1421,7,labsea,a_ice,0.02172
CM33_SPIN,1421,8,labsea,a_ice,0.00008
CM33_SPIN,1421,9,labsea,a_ice,0.00008
CM33_SPIN,1421,10,labsea,a_ice,0.00228
CM33_SPIN,1421,11,labsea,a_ice,0.04690
CM33_SPIN,1421,12,labsea,a_ice,0.17019
CM33_SPIN,1421,1,interior,a_ice,0.03801
CM33_SPIN,1421,2,interior,a_ice,0.03188
CM33_SPIN,1421,3,interior,a_ice,0.04876
CM33_SPIN,1421,4,interior,a_ice,0.06247
CM33_SPIN,1421,5,interior,a_ice,0.03725
CM33_SPIN,1421,6,interior,a_ice,0.01038
CM33_SPIN,1421,7,interior,a_ice,0.00129
CM33_SPIN,1421,8,interior,a_ice,0.00000
CM33_SPIN,1421,9,interior,a_ice,0.00000
CM33_SPIN,1421,10,interior,a_ice,0.00000
CM33_SPIN,1421,11,interior,a_ice,0.00024
CM33_SPIN,1421,12,interior,a_ice,0.01099
CM33_SPIN,1421,1,labsea,MLD2,1671.40561
CM33_SPIN,1421,2,labsea,MLD2,1693.64957
CM33_SPIN,1421,3,labsea,MLD2,1570.25130
CM33_SPIN,1421,4,labsea,MLD2,1305.66634
CM33_SPIN,1421,5,labsea,MLD2,659.93434
CM33_SPIN,1421,6,labsea,MLD2,24.67421
CM33_SPIN,1421,7,labsea,MLD2,13.04273
CM33_SPIN,1421,8,labsea,MLD2,15.01326
CM33_SPIN,1421,9,labsea,MLD2,25.24908
CM33_SPIN,1421,10,labsea,MLD2,58.98257
CM33_SPIN,1421,11,labsea,MLD2,845.66922
CM33_SPIN,1421,12,labsea,MLD2,1640.96276
CM33_SPIN,1421,1,interior,MLD2,2591.79048
CM33_SPIN,1421,2,interior,MLD2,2609.18045
CM33_SPIN,1421,3,interior,MLD2,2507.17948
CM33_SPIN,1421,4,interior,MLD2,2183.29263
CM33_SPIN,1421,5,interior,MLD2,1330.41570
CM33_SPIN,1421,6,interior,MLD2,45.27497
CM33_SPIN,1421,7,interior,MLD2,15.34676
CM33_SPIN,1421,8,interior,MLD2,18.15001
CM33_SPIN,1421,9,interior,MLD2,28.00074
CM33_SPIN,1421,10,interior,MLD2,106.88993
CM33_SPIN,1421,11,interior,MLD2,1831.36275
CM33_SPIN,1421,12,interior,MLD2,2663.96971
CM33_SPIN,1422,1,labsea,a_ice,0.23544
CM33_SPIN,1422,2,labsea,a_ice,0.30493
CM33_SPIN,1422,3,labsea,a_ice,0.36459
CM33_SPIN,1422,4,labsea,a_ice,0.35296
CM33_SPIN,1422,5,labsea,a_ice,0.25975
CM33_SPIN,1422,6,labsea,a_ice,0.13471
CM33_SPIN,1422,7,labsea,a_ice,0.04283
CM33_SPIN,1422,8,labsea,a_ice,0.00691
CM33_SPIN,1422,9,labsea,a_ice,0.00037
CM33_SPIN,1422,10,labsea,a_ice,0.01522
CM33_SPIN,1422,11,labsea,a_ice,0.06887
CM33_SPIN,1422,12,labsea,a_ice,0.15690
CM33_SPIN,1422,1,interior,a_ice,0.02974
CM33_SPIN,1422,2,interior,a_ice,0.13195
CM33_SPIN,1422,3,interior,a_ice,0.26426
CM33_SPIN,1422,4,interior,a_ice,0.23255
CM33_SPIN,1422,5,interior,a_ice,0.05242
CM33_SPIN,1422,6,interior,a_ice,0.01747
CM33_SPIN,1422,7,interior,a_ice,0.00061
CM33_SPIN,1422,8,interior,a_ice,0.00000
CM33_SPIN,1422,9,interior,a_ice,0.00000
CM33_SPIN,1422,10,interior,a_ice,0.00000
CM33_SPIN,1422,11,interior,a_ice,0.00071
CM33_SPIN,1422,12,interior,a_ice,0.00825
CM33_SPIN,1422,1,labsea,MLD2,1654.26508
CM33_SPIN,1422,2,labsea,MLD2,1542.70717
CM33_SPIN,1422,3,labsea,MLD2,1424.57453
CM33_SPIN,1422,4,labsea,MLD2,1300.43802
CM33_SPIN,1422,5,labsea,MLD2,876.91349
CM33_SPIN,1422,6,labsea,MLD2,23.31945
CM33_SPIN,1422,7,labsea,MLD2,13.33141
CM33_SPIN,1422,8,labsea,MLD2,16.04179
CM33_SPIN,1422,9,labsea,MLD2,24.41659
CM33_SPIN,1422,10,labsea,MLD2,50.58280
CM33_SPIN,1422,11,labsea,MLD2,544.38020
CM33_SPIN,1422,12,labsea,MLD2,1503.24058
CM33_SPIN,1422,1,interior,MLD2,2608.00121
CM33_SPIN,1422,2,interior,MLD2,2287.41585
CM33_SPIN,1422,3,interior,MLD2,1916.67871
CM33_SPIN,1422,4,interior,MLD2,1884.59691
CM33_SPIN,1422,5,interior,MLD2,1660.47139
CM33_SPIN,1422,6,interior,MLD2,44.34001
CM33_SPIN,1422,7,interior,MLD2,15.33337
CM33_SPIN,1422,8,interior,MLD2,18.61154
CM33_SPIN,1422,9,interior,MLD2,28.40908
CM33_SPIN,1422,10,interior,MLD2,73.69553
CM33_SPIN,1422,11,interior,MLD2,1244.09327
CM33_SPIN,1422,12,interior,MLD2,2559.53869
CM33_SPIN,1423,1,labsea,a_ice,0.22317
CM33_SPIN,1423,2,labsea,a_ice,0.29160
CM33_SPIN,1423,3,labsea,a_ice,0.27071
CM33_SPIN,1423,4,labsea,a_ice,0.24957
CM33_SPIN,1423,5,labsea,a_ice,0.17852
CM33_SPIN,1423,6,labsea,a_ice,0.09425
CM33_SPIN,1423,7,labsea,a_ice,0.03738
CM33_SPIN,1423,8,labsea,a_ice,0.01620
CM33_SPIN,1423,9,labsea,a_ice,0.00865
CM33_SPIN,1423,10,labsea,a_ice,0.04105
CM33_SPIN,1423,11,labsea,a_ice,0.08284
CM33_SPIN,1423,12,labsea,a_ice,0.20546
CM33_SPIN,1423,1,interior,a_ice,0.03962
CM33_SPIN,1423,2,interior,a_ice,0.06565
CM33_SPIN,1423,3,interior,a_ice,0.05151
CM33_SPIN,1423,4,interior,a_ice,0.07587
CM33_SPIN,1423,5,interior,a_ice,0.04022
CM33_SPIN,1423,6,interior,a_ice,0.00232
CM33_SPIN,1423,7,interior,a_ice,0.00060
CM33_SPIN,1423,8,interior,a_ice,0.00000
CM33_SPIN,1423,9,interior,a_ice,0.00000
CM33_SPIN,1423,10,interior,a_ice,0.00000
CM33_SPIN,1423,11,interior,a_ice,0.00106
CM33_SPIN,1423,12,interior,a_ice,0.04772
CM33_SPIN,1423,1,labsea,MLD2,1665.55239
CM33_SPIN,1423,2,labsea,MLD2,1645.45746
CM33_SPIN,1423,3,labsea,MLD2,1597.80181
CM33_SPIN,1423,4,labsea,MLD2,1429.89227
CM33_SPIN,1423,5,labsea,MLD2,576.28309
CM33_SPIN,1423,6,labsea,MLD2,22.07739
CM33_SPIN,1423,7,labsea,MLD2,14.42683
CM33_SPIN,1423,8,labsea,MLD2,17.44149
CM33_SPIN,1423,9,labsea,MLD2,25.94079
CM33_SPIN,1423,10,labsea,MLD2,61.13190
CM33_SPIN,1423,11,labsea,MLD2,478.32692
CM33_SPIN,1423,12,labsea,MLD2,1465.18099
CM33_SPIN,1423,1,interior,MLD2,2615.11282
CM33_SPIN,1423,2,interior,MLD2,2608.45836
CM33_SPIN,1423,3,interior,MLD2,2614.17791
CM33_SPIN,1423,4,interior,MLD2,2357.61704
CM33_SPIN,1423,5,interior,MLD2,993.89393
CM33_SPIN,1423,6,interior,MLD2,27.64954
CM33_SPIN,1423,7,interior,MLD2,15.68365
CM33_SPIN,1423,8,interior,MLD2,19.98125
CM33_SPIN,1423,9,interior,MLD2,30.71360
CM33_SPIN,1423,10,interior,MLD2,117.77281
CM33_SPIN,1423,11,interior,MLD2,1236.76447
CM33_SPIN,1423,12,interior,MLD2,2388.40409
CM33_SPIN,1424,1,labsea,a_ice,0.26379
CM33_SPIN,1424,2,labsea,a_ice,0.37544
CM33_SPIN,1424,3,labsea,a_ice,0.37790
CM33_SPIN,1424,4,labsea,a_ice,0.24505
CM33_SPIN,1424,5,labsea,a_ice,0.19611
CM33_SPIN,1424,6,labsea,a_ice,0.10813
CM33_SPIN,1424,7,labsea,a_ice,0.03500
CM33_SPIN,1424,8,labsea,a_ice,0.00480
CM33_SPIN,1424,9,labsea,a_ice,0.00101
CM33_SPIN,1424,10,labsea,a_ice,0.00003
CM33_SPIN,1424,11,labsea,a_ice,0.02035
CM33_SPIN,1424,12,labsea,a_ice,0.10078
CM33_SPIN,1424,1,interior,a_ice,0.05947
CM33_SPIN,1424,2,interior,a_ice,0.20737
CM33_SPIN,1424,3,interior,a_ice,0.21379
CM33_SPIN,1424,4,interior,a_ice,0.04488
CM33_SPIN,1424,5,interior,a_ice,0.03981
CM33_SPIN,1424,6,interior,a_ice,0.01528
CM33_SPIN,1424,7,interior,a_ice,0.00654
CM33_SPIN,1424,8,interior,a_ice,0.00000
CM33_SPIN,1424,9,interior,a_ice,0.00000
CM33_SPIN,1424,10,interior,a_ice,0.00000
CM33_SPIN,1424,11,interior,a_ice,0.00058
CM33_SPIN,1424,12,interior,a_ice,0.00286
CM33_SPIN,1424,1,labsea,MLD2,1612.04271
CM33_SPIN,1424,2,labsea,MLD2,1387.66568
CM33_SPIN,1424,3,labsea,MLD2,1303.13938
CM33_SPIN,1424,4,labsea,MLD2,1279.59237
CM33_SPIN,1424,5,labsea,MLD2,803.41099
CM33_SPIN,1424,6,labsea,MLD2,48.41098
CM33_SPIN,1424,7,labsea,MLD2,15.91703
CM33_SPIN,1424,8,labsea,MLD2,17.77352
CM33_SPIN,1424,9,labsea,MLD2,23.51798
CM33_SPIN,1424,10,labsea,MLD2,32.91043
CM33_SPIN,1424,11,labsea,MLD2,199.46074
CM33_SPIN,1424,12,labsea,MLD2,1218.04512
CM33_SPIN,1424,1,interior,MLD2,2533.47578
CM33_SPIN,1424,2,interior,MLD2,2030.95350
CM33_SPIN,1424,3,interior,MLD2,1892.44095
CM33_SPIN,1424,4,interior,MLD2,1929.13434
CM33_SPIN,1424,5,interior,MLD2,1435.63110
CM33_SPIN,1424,6,interior,MLD2,84.18449
CM33_SPIN,1424,7,interior,MLD2,16.92337
CM33_SPIN,1424,8,interior,MLD2,18.60372
CM33_SPIN,1424,9,interior,MLD2,23.13695
CM33_SPIN,1424,10,interior,MLD2,35.42391
CM33_SPIN,1424,11,interior,MLD2,449.84737
CM33_SPIN,1424,12,interior,MLD2,2496.97272
CM33_SPIN,1425,1,labsea,a_ice,0.17701
CM33_SPIN,1425,2,labsea,a_ice,0.22590
CM33_SPIN,1425,3,labsea,a_ice,0.22633
CM33_SPIN,1425,4,labsea,a_ice,0.19244
CM33_SPIN,1425,5,labsea,a_ice,0.15713
CM33_SPIN,1425,6,labsea,a_ice,0.09008
CM33_SPIN,1425,7,labsea,a_ice,0.02353
CM33_SPIN,1425,8,labsea,a_ice,0.00256
CM33_SPIN,1425,9,labsea,a_ice,0.00006
CM33_SPIN,1425,10,labsea,a_ice,0.00725
CM33_SPIN,1425,11,labsea,a_ice,0.07506
CM33_SPIN,1425,12,labsea,a_ice,0.14808
CM33_SPIN,1425,1,interior,a_ice,0.01757
CM33_SPIN,1425,2,interior,a_ice,0.06447
CM33_SPIN,1425,3,interior,a_ice,0.03800
CM33_SPIN,1425,4,interior,a_ice,0.06626
CM33_SPIN,1425,5,interior,a_ice,0.01779
CM33_SPIN,1425,6,interior,a_ice,0.00388
CM33_SPIN,1425,7,interior,a_ice,0.00004
CM33_SPIN,1425,8,interior,a_ice,0.00000
CM33_SPIN,1425,9,interior,a_ice,0.00000
CM33_SPIN,1425,10,interior,a_ice,0.00003
CM33_SPIN,1425,11,interior,a_ice,0.00209
CM33_SPIN,1425,12,interior,a_ice,0.02403
CM33_SPIN,1425,1,labsea,MLD2,1622.90581
CM33_SPIN,1425,2,labsea,MLD2,1592.08682
CM33_SPIN,1425,3,labsea,MLD2,1621.27018
CM33_SPIN,1425,4,labsea,MLD2,1678.18003
CM33_SPIN,1425,5,labsea,MLD2,1176.99280
CM33_SPIN,1425,6,labsea,MLD2,69.78311
CM33_SPIN,1425,7,labsea,MLD2,16.39355
CM33_SPIN,1425,8,labsea,MLD2,17.06184
CM33_SPIN,1425,9,labsea,MLD2,26.16152
CM33_SPIN,1425,10,labsea,MLD2,171.87119
CM33_SPIN,1425,11,labsea,MLD2,722.91137
CM33_SPIN,1425,12,labsea,MLD2,1368.58244
CM33_SPIN,1425,1,interior,MLD2,2654.62620
CM33_SPIN,1425,2,interior,MLD2,2483.20909
CM33_SPIN,1425,3,interior,MLD2,2596.73085
CM33_SPIN,1425,4,interior,MLD2,2565.61288
CM33_SPIN,1425,5,interior,MLD2,2011.75225
CM33_SPIN,1425,6,interior,MLD2,143.52174
CM33_SPIN,1425,7,interior,MLD2,18.23837
CM33_SPIN,1425,8,interior,MLD2,18.15916
CM33_SPIN,1425,9,interior,MLD2,29.34706
CM33_SPIN,1425,10,interior,MLD2,491.96979
CM33_SPIN,1425,11,interior,MLD2,1925.21564
CM33_SPIN,1425,12,interior,MLD2,2531.54881
CM33_SPIN,1426,1,labsea,a_ice,0.21749
CM33_SPIN,1426,2,labsea,a_ice,0.28683
CM33_SPIN,1426,3,labsea,a_ice,0.28051
CM33_SPIN,1426,4,labsea,a_ice,0.24115
CM33_SPIN,1426,5,labsea,a_ice,0.17104
CM33_SPIN,1426,6,labsea,a_ice,0.10852
CM33_SPIN,1426,7,labsea,a_ice,0.03428
CM33_SPIN,1426,8,labsea,a_ice,0.00462
CM33_SPIN,1426,9,labsea,a_ice,0.00008
CM33_SPIN,1426,10,labsea,a_ice,0.00272
CM33_SPIN,1426,11,labsea,a_ice,0.05157
CM33_SPIN,1426,12,labsea,a_ice,0.16045
CM33_SPIN,1426,1,interior,a_ice,0.03837
CM33_SPIN,1426,2,interior,a_ice,0.07012
CM33_SPIN,1426,3,interior,a_ice,0.12349
CM33_SPIN,1426,4,interior,a_ice,0.06366
CM33_SPIN,1426,5,interior,a_ice,0.05712
CM33_SPIN,1426,6,interior,a_ice,0.01229
CM33_SPIN,1426,7,interior,a_ice,0.00001
CM33_SPIN,1426,8,interior,a_ice,0.00000
CM33_SPIN,1426,9,interior,a_ice,0.00000
CM33_SPIN,1426,10,interior,a_ice,0.00000
CM33_SPIN,1426,11,interior,a_ice,0.00040
CM33_SPIN,1426,12,interior,a_ice,0.02756
CM33_SPIN,1426,1,labsea,MLD2,1584.35432
CM33_SPIN,1426,2,labsea,MLD2,1562.98083
CM33_SPIN,1426,3,labsea,MLD2,1434.00880
CM33_SPIN,1426,4,labsea,MLD2,1432.52855
CM33_SPIN,1426,5,labsea,MLD2,1292.69862
CM33_SPIN,1426,6,labsea,MLD2,64.18741
CM33_SPIN,1426,7,labsea,MLD2,13.67854
CM33_SPIN,1426,8,labsea,MLD2,16.09954
CM33_SPIN,1426,9,labsea,MLD2,22.99666
CM33_SPIN,1426,10,labsea,MLD2,42.04081
CM33_SPIN,1426,11,labsea,MLD2,396.85664
CM33_SPIN,1426,12,labsea,MLD2,1293.57699
CM33_SPIN,1426,1,interior,MLD2,2503.34448
CM33_SPIN,1426,2,interior,MLD2,2438.45996
CM33_SPIN,1426,3,interior,MLD2,2130.67998
CM33_SPIN,1426,4,interior,MLD2,2351.21006
CM33_SPIN,1426,5,interior,MLD2,2282.87892
CM33_SPIN,1426,6,interior,MLD2,169.32617
CM33_SPIN,1426,7,interior,MLD2,14.90980
CM33_SPIN,1426,8,interior,MLD2,18.09015
CM33_SPIN,1426,9,interior,MLD2,27.83180
CM33_SPIN,1426,10,interior,MLD2,68.18955
CM33_SPIN,1426,11,interior,MLD2,1078.56946
CM33_SPIN,1426,12,interior,MLD2,2475.75349
CM33_SPIN,1427,1,labsea,a_ice,0.18155
CM33_SPIN,1427,2,labsea,a_ice,0.20922
CM33_SPIN,1427,3,labsea,a_ice,0.26121
CM33_SPIN,1427,4,labsea,a_ice,0.22497
CM33_SPIN,1427,5,labsea,a_ice,0.18028
CM33_SPIN,1427,6,labsea,a_ice,0.11404
CM33_SPIN,1427,7,labsea,a_ice,0.03950
CM33_SPIN,1427,8,labsea,a_ice,0.00611
CM33_SPIN,1427,9,labsea,a_ice,0.00031
CM33_SPIN,1427,10,labsea,a_ice,0.00023
CM33_SPIN,1427,11,labsea,a_ice,0.04587
CM33_SPIN,1427,12,labsea,a_ice,0.12552
CM33_SPIN,1427,1,interior,a_ice,0.02852
CM33_SPIN,1427,2,interior,a_ice,0.06363
CM33_SPIN,1427,3,interior,a_ice,0.10971
CM33_SPIN,1427,4,interior,a_ice,0.06663
CM33_SPIN,1427,5,interior,a_ice,0.05077
CM33_SPIN,1427,6,interior,a_ice,0.01941
CM33_SPIN,1427,7,interior,a_ice,0.00253
CM33_SPIN,1427,8,interior,a_ice,0.00000
CM33_SPIN,1427,9,interior,a_ice,0.00000
CM33_SPIN,1427,10,interior,a_ice,0.00000
CM33_SPIN,1427,11,interior,a_ice,0.00003
CM33_SPIN,1427,12,interior,a_ice,0.00324
CM33_SPIN,1427,1,labsea,MLD2,1718.26230
CM33_SPIN,1427,2,labsea,MLD2,1789.71956
CM33_SPIN,1427,3,labsea,MLD2,1673.56546
CM33_SPIN,1427,4,labsea,MLD2,1716.77536
CM33_SPIN,1427,5,labsea,MLD2,1385.64665
CM33_SPIN,1427,6,labsea,MLD2,118.58859
CM33_SPIN,1427,7,labsea,MLD2,13.26881
CM33_SPIN,1427,8,labsea,MLD2,13.71569
CM33_SPIN,1427,9,labsea,MLD2,20.35742
CM33_SPIN,1427,10,labsea,MLD2,32.00821
CM33_SPIN,1427,11,labsea,MLD2,494.65365
CM33_SPIN,1427,12,labsea,MLD2,1419.06967
CM33_SPIN,1427,1,interior,MLD2,2672.99243
CM33_SPIN,1427,2,interior,MLD2,2643.83111
CM33_SPIN,1427,3,interior,MLD2,2491.83706
CM33_SPIN,1427,4,interior,MLD2,2590.56001
CM33_SPIN,1427,5,interior,MLD2,2300.75173
CM33_SPIN,1427,6,interior,MLD2,359.48140
CM33_SPIN,1427,7,interior,MLD2,16.25968
CM33_SPIN,1427,8,interior,MLD2,16.45247
CM33_SPIN,1427,9,interior,MLD2,23.39479
CM33_SPIN,1427,10,interior,MLD2,38.19177
CM33_SPIN,1427,11,interior,MLD2,1151.88822
CM33_SPIN,1427,12,interior,MLD2,2655.80190
CM33_SPIN,1428,1,labsea,a_ice,0.18807
CM33_SPIN,1428,2,labsea,a_ice,0.22049
CM33_SPIN,1428,3,labsea,a_ice,0.22002
CM33_SPIN,1428,4,labsea,a_ice,0.22240
CM33_SPIN,1428,5,labsea,a_ice,0.19434
CM33_SPIN,1428,6,labsea,a_ice,0.13084
CM33_SPIN,1428,7,labsea,a_ice,0.03841
CM33_SPIN,1428,8,labsea,a_ice,0.00114
CM33_SPIN,1428,9,labsea,a_ice,0.00000
CM33_SPIN,1428,10,labsea,a_ice,0.00346
CM33_SPIN,1428,11,labsea,a_ice,0.05613
CM33_SPIN,1428,12,labsea,a_ice,0.15675
CM33_SPIN,1428,1,interior,a_ice,0.01936
CM33_SPIN,1428,2,interior,a_ice,0.04940
CM33_SPIN,1428,3,interior,a_ice,0.03591
CM33_SPIN,1428,4,interior,a_ice,0.02777
CM33_SPIN,1428,5,interior,a_ice,0.02788
CM33_SPIN,1428,6,interior,a_ice,0.02261
CM33_SPIN,1428,7,interior,a_ice,0.00819
CM33_SPIN,1428,8,interior,a_ice,0.00000
CM33_SPIN,1428,9,interior,a_ice,0.00000
CM33_SPIN,1428,10,interior,a_ice,0.00000
CM33_SPIN,1428,11,interior,a_ice,0.00022
CM33_SPIN,1428,12,interior,a_ice,0.01593
CM33_SPIN,1428,1,labsea,MLD2,1775.04238
CM33_SPIN,1428,2,labsea,MLD2,1773.15945
CM33_SPIN,1428,3,labsea,MLD2,1626.97891
CM33_SPIN,1428,4,labsea,MLD2,1530.27997
CM33_SPIN,1428,5,labsea,MLD2,1216.78066
CM33_SPIN,1428,6,labsea,MLD2,47.59569
CM33_SPIN,1428,7,labsea,MLD2,15.47036
CM33_SPIN,1428,8,labsea,MLD2,14.20092
CM33_SPIN,1428,9,labsea,MLD2,19.08402
CM33_SPIN,1428,10,labsea,MLD2,54.40019
CM33_SPIN,1428,11,labsea,MLD2,727.86453
CM33_SPIN,1428,12,labsea,MLD2,1535.33740
CM33_SPIN,1428,1,interior,MLD2,2704.83958
CM33_SPIN,1428,2,interior,MLD2,2645.33551
CM33_SPIN,1428,3,interior,MLD2,2461.38836
CM33_SPIN,1428,4,interior,MLD2,2304.06491
CM33_SPIN,1428,5,interior,MLD2,2050.36223
CM33_SPIN,1428,6,interior,MLD2,123.37022
CM33_SPIN,1428,7,interior,MLD2,18.51682
CM33_SPIN,1428,8,interior,MLD2,16.60100
CM33_SPIN,1428,9,interior,MLD2,21.39633
CM33_SPIN,1428,10,interior,MLD2,114.76947
CM33_SPIN,1428,11,interior,MLD2,1671.18171
CM33_SPIN,1428,12,interior,MLD2,2679.10885
CM33_SPIN,1429,1,labsea,a_ice,0.22310
CM33_SPIN,1429,2,labsea,a_ice,0.22812
CM33_SPIN,1429,3,labsea,a_ice,0.23238
CM33_SPIN,1429,4,labsea,a_ice,0.19823
CM33_SPIN,1429,5,labsea,a_ice,0.16219
CM33_SPIN,1429,6,labsea,a_ice,0.08418
CM33_SPIN,1429,7,labsea,a_ice,0.02134
CM33_SPIN,1429,8,labsea,a_ice,0.00441
CM33_SPIN,1429,9,labsea,a_ice,0.00065
CM33_SPIN,1429,10,labsea,a_ice,0.01444
CM33_SPIN,1429,11,labsea,a_ice,0.08015
CM33_SPIN,1429,12,labsea,a_ice,0.17151
CM33_SPIN,1429,1,interior,a_ice,0.05305
CM33_SPIN,1429,2,interior,a_ice,0.04747
CM33_SPIN,1429,3,interior,a_ice,0.05410
CM33_SPIN,1429,4,interior,a_ice,0.03673
CM33_SPIN,1429,5,interior,a_ice,0.02627
CM33_SPIN,1429,6,interior,a_ice,0.02718
CM33_SPIN,1429,7,interior,a_ice,0.00021
CM33_SPIN,1429,8,interior,a_ice,0.00000
CM33_SPIN,1429,9,interior,a_ice,0.00000
CM33_SPIN,1429,10,interior,a_ice,0.00000
CM33_SPIN,1429,11,interior,a_ice,0.00013
CM33_SPIN,1429,12,interior,a_ice,0.03293
CM33_SPIN,1429,1,labsea,MLD2,1753.92122
CM33_SPIN,1429,2,labsea,MLD2,1648.45287
CM33_SPIN,1429,3,labsea,MLD2,1647.11530
CM33_SPIN,1429,4,labsea,MLD2,1665.28885
CM33_SPIN,1429,5,labsea,MLD2,1009.74399
CM33_SPIN,1429,6,labsea,MLD2,20.20043
CM33_SPIN,1429,7,labsea,MLD2,15.67039
CM33_SPIN,1429,8,labsea,MLD2,16.68121
CM33_SPIN,1429,9,labsea,MLD2,25.34868
CM33_SPIN,1429,10,labsea,MLD2,47.73553
CM33_SPIN,1429,11,labsea,MLD2,919.83338
CM33_SPIN,1429,12,labsea,MLD2,1628.04165
CM33_SPIN,1429,1,interior,MLD2,2645.62891
CM33_SPIN,1429,2,interior,MLD2,2532.82688
CM33_SPIN,1429,3,interior,MLD2,2515.62384
CM33_SPIN,1429,4,interior,MLD2,2583.17355
CM33_SPIN,1429,5,interior,MLD2,1862.48169
CM33_SPIN,1429,6,interior,MLD2,25.68692
CM33_SPIN,1429,7,interior,MLD2,18.85714
CM33_SPIN,1429,8,interior,MLD2,18.57119
CM33_SPIN,1429,9,interior,MLD2,28.20195
CM33_SPIN,1429,10,interior,MLD2,74.30478
CM33_SPIN,1429,11,interior,MLD2,1949.00745
CM33_SPIN,1429,12,interior,MLD2,2659.18119
CM33_SPIN,1430,1,labsea,a_ice,0.22937
CM33_SPIN,1430,2,labsea,a_ice,0.26586
CM33_SPIN,1430,3,labsea,a_ice,0.26535
CM33_SPIN,1430,4,labsea,a_ice,0.27508
CM33_SPIN,1430,5,labsea,a_ice,0.23172
CM33_SPIN,1430,6,labsea,a_ice,0.15050
CM33_SPIN,1430,7,labsea,a_ice,0.04400
CM33_SPIN,1430,8,labsea,a_ice,0.00457
CM33_SPIN,1430,9,labsea,a_ice,0.00018
CM33_SPIN,1430,10,labsea,a_ice,0.00009
CM33_SPIN,1430,11,labsea,a_ice,0.03244
CM33_SPIN,1430,12,labsea,a_ice,0.08583
CM33_SPIN,1430,1,interior,a_ice,0.03555
CM33_SPIN,1430,2,interior,a_ice,0.05757
CM33_SPIN,1430,3,interior,a_ice,0.05569
CM33_SPIN,1430,4,interior,a_ice,0.07127
CM33_SPIN,1430,5,interior,a_ice,0.06745
CM33_SPIN,1430,6,interior,a_ice,0.03583
CM33_SPIN,1430,7,interior,a_ice,0.00712
CM33_SPIN,1430,8,interior,a_ice,0.00000
CM33_SPIN,1430,9,interior,a_ice,0.00000
CM33_SPIN,1430,10,interior,a_ice,0.00000
CM33_SPIN,1430,11,interior,a_ice,0.00001
CM33_SPIN,1430,12,interior,a_ice,0.00280
CM33_SPIN,1430,1,labsea,MLD2,1709.20561
CM33_SPIN,1430,2,labsea,MLD2,1672.73565
CM33_SPIN,1430,3,labsea,MLD2,1633.88871
CM33_SPIN,1430,4,labsea,MLD2,1573.19676
CM33_SPIN,1430,5,labsea,MLD2,1106.69168
CM33_SPIN,1430,6,labsea,MLD2,36.35053
CM33_SPIN,1430,7,labsea,MLD2,17.24201
CM33_SPIN,1430,8,labsea,MLD2,19.34607
CM33_SPIN,1430,9,labsea,MLD2,25.78405
CM33_SPIN,1430,10,labsea,MLD2,45.87079
CM33_SPIN,1430,11,labsea,MLD2,538.93112
CM33_SPIN,1430,12,labsea,MLD2,1377.85470
CM33_SPIN,1430,1,interior,MLD2,2659.15419
CM33_SPIN,1430,2,interior,MLD2,2599.98255
CM33_SPIN,1430,3,interior,MLD2,2537.08129
CM33_SPIN,1430,4,interior,MLD2,2439.07582
CM33_SPIN,1430,5,interior,MLD2,1823.59333
CM33_SPIN,1430,6,interior,MLD2,66.91118
CM33_SPIN,1430,7,interior,MLD2,20.56706
CM33_SPIN,1430,8,interior,MLD2,20.63544
CM33_SPIN,1430,9,interior,MLD2,27.73429
CM33_SPIN,1430,10,interior,MLD2,44.90213
CM33_SPIN,1430,11,interior,MLD2,1259.76229
CM33_SPIN,1430,12,interior,MLD2,2502.11787
CM33_SPIN,1431,1,labsea,a_ice,0.18053
CM33_SPIN,1431,2,labsea,a_ice,0.22727
CM33_SPIN,1431,3,labsea,a_ice,0.23059
CM33_SPIN,1431,4,labsea,a_ice,0.28170
CM33_SPIN,1431,5,labsea,a_ice,0.23389
CM33_SPIN,1431,6,labsea,a_ice,0.13225
CM33_SPIN,1431,7,labsea,a_ice,0.04137
CM33_SPIN,1431,8,labsea,a_ice,0.00588
CM33_SPIN,1431,9,labsea,a_ice,0.00015
CM33_SPIN,1431,10,labsea,a_ice,0.00110
CM33_SPIN,1431,11,labsea,a_ice,0.05485
CM33_SPIN,1431,12,labsea,a_ice,0.12205
CM33_SPIN,1431,1,interior,a_ice,0.02037
CM33_SPIN,1431,2,interior,a_ice,0.05551
CM33_SPIN,1431,3,interior,a_ice,0.07003
CM33_SPIN,1431,4,interior,a_ice,0.11695
CM33_SPIN,1431,5,interior,a_ice,0.03308
CM33_SPIN,1431,6,interior,a_ice,0.00671
CM33_SPIN,1431,7,interior,a_ice,0.00022
CM33_SPIN,1431,8,interior,a_ice,0.00000
CM33_SPIN,1431,9,interior,a_ice,0.00000
CM33_SPIN,1431,10,interior,a_ice,0.00000
CM33_SPIN,1431,11,interior,a_ice,0.00062
CM33_SPIN,1431,12,interior,a_ice,0.00574
CM33_SPIN,1431,1,labsea,MLD2,1689.63381
CM33_SPIN,1431,2,labsea,MLD2,1536.77443
CM33_SPIN,1431,3,labsea,MLD2,1260.54192
CM33_SPIN,1431,4,labsea,MLD2,1215.91687
CM33_SPIN,1431,5,labsea,MLD2,942.00001
CM33_SPIN,1431,6,labsea,MLD2,23.94520
CM33_SPIN,1431,7,labsea,MLD2,14.05745
CM33_SPIN,1431,8,labsea,MLD2,14.03929
CM33_SPIN,1431,9,labsea,MLD2,20.41856
CM33_SPIN,1431,10,labsea,MLD2,41.84772
CM33_SPIN,1431,11,labsea,MLD2,882.94785
CM33_SPIN,1431,12,labsea,MLD2,1762.85070
CM33_SPIN,1431,1,interior,MLD2,2626.35533
CM33_SPIN,1431,2,interior,MLD2,2432.14390
CM33_SPIN,1431,3,interior,MLD2,1904.01300
CM33_SPIN,1431,4,interior,MLD2,1743.20913
CM33_SPIN,1431,5,interior,MLD2,1441.85326
CM33_SPIN,1431,6,interior,MLD2,37.96982
CM33_SPIN,1431,7,interior,MLD2,16.31831
CM33_SPIN,1431,8,interior,MLD2,15.51394
CM33_SPIN,1431,9,interior,MLD2,20.88897
CM33_SPIN,1431,10,interior,MLD2,44.24692
CM33_SPIN,1431,11,interior,MLD2,1872.39112
CM33_SPIN,1431,12,interior,MLD2,2720.52888
CM33_SPIN,1432,1,labsea,a_ice,0.17486
CM33_SPIN,1432,2,labsea,a_ice,0.24557
CM33_SPIN,1432,3,labsea,a_ice,0.24513
CM33_SPIN,1432,4,labsea,a_ice,0.26910
CM33_SPIN,1432,5,labsea,a_ice,0.16795
CM33_SPIN,1432,6,labsea,a_ice,0.11630
CM33_SPIN,1432,7,labsea,a_ice,0.06158
CM33_SPIN,1432,8,labsea,a_ice,0.01107
CM33_SPIN,1432,9,labsea,a_ice,0.00005
CM33_SPIN,1432,10,labsea,a_ice,0.00464
CM33_SPIN,1432,11,labsea,a_ice,0.05165
CM33_SPIN,1432,12,labsea,a_ice,0.18673
CM33_SPIN,1432,1,interior,a_ice,0.01821
CM33_SPIN,1432,2,interior,a_ice,0.07108
CM33_SPIN,1432,3,interior,a_ice,0.06560
CM33_SPIN,1432,4,interior,a_ice,0.06456
CM33_SPIN,1432,5,interior,a_ice,0.05767
CM33_SPIN,1432,6,interior,a_ice,0.02031
CM33_SPIN,1432,7,interior,a_ice,0.00338
CM33_SPIN,1432,8,interior,a_ice,0.00000
CM33_SPIN,1432,9,interior,a_ice,0.00000
CM33_SPIN,1432,10,interior,a_ice,0.00000
CM33_SPIN,1432,11,interior,a_ice,0.00118
CM33_SPIN,1432,12,interior,a_ice,0.03294
CM33_SPIN,1432,1,labsea,MLD2,1784.96217
CM33_SPIN,1432,2,labsea,MLD2,1614.76303
CM33_SPIN,1432,3,labsea,MLD2,1588.45532
CM33_SPIN,1432,4,labsea,MLD2,1409.95852
CM33_SPIN,1432,5,labsea,MLD2,880.09101
CM33_SPIN,1432,6,labsea,MLD2,169.20873
CM33_SPIN,1432,7,labsea,MLD2,15.69814
CM33_SPIN,1432,8,labsea,MLD2,14.07138
CM33_SPIN,1432,9,labsea,MLD2,20.42182
CM33_SPIN,1432,10,labsea,MLD2,31.41450
CM33_SPIN,1432,11,labsea,MLD2,281.26688
CM33_SPIN,1432,12,labsea,MLD2,1400.04914
CM33_SPIN,1432,1,interior,MLD2,2701.08636
CM33_SPIN,1432,2,interior,MLD2,2470.43517
CM33_SPIN,1432,3,interior,MLD2,2490.59242
CM33_SPIN,1432,4,interior,MLD2,2425.66385
CM33_SPIN,1432,5,interior,MLD2,1791.58155
CM33_SPIN,1432,6,interior,MLD2,432.04938
CM33_SPIN,1432,7,interior,MLD2,18.49710
CM33_SPIN,1432,8,interior,MLD2,15.64296
CM33_SPIN,1432,9,interior,MLD2,20.64464
CM33_SPIN,1432,10,interior,MLD2,33.33622
CM33_SPIN,1432,11,interior,MLD2,457.72217
CM33_SPIN,1432,12,interior,MLD2,2413.55545
CM33_SPIN,1433,1,labsea,a_ice,0.26948
CM33_SPIN,1433,2,labsea,a_ice,0.29991
CM33_SPIN,1433,3,labsea,a_ice,0.32817
CM33_SPIN,1433,4,labsea,a_ice,0.23902
CM33_SPIN,1433,5,labsea,a_ice,0.20594
CM33_SPIN,1433,6,labsea,a_ice,0.14445
CM33_SPIN,1433,7,labsea,a_ice,0.05354
CM33_SPIN,1433,8,labsea,a_ice,0.00710
CM33_SPIN,1433,9,labsea,a_ice,0.00014
CM33_SPIN,1433,10,labsea,a_ice,0.00857
CM33_SPIN,1433,11,labsea,a_ice,0.11856
CM33_SPIN,1433,12,labsea,a_ice,0.30375
CM33_SPIN,1433,1,interior,a_ice,0.07111
CM33_SPIN,1433,2,interior,a_ice,0.11605
CM33_SPIN,1433,3,interior,a_ice,0.11095
CM33_SPIN,1433,4,interior,a_ice,0.04090
CM33_SPIN,1433,5,interior,a_ice,0.02463
CM33_SPIN,1433,6,interior,a_ice,0.03523
CM33_SPIN,1433,7,interior,a_ice,0.00590
CM33_SPIN,1433,8,interior,a_ice,0.00000
CM33_SPIN,1433,9,interior,a_ice,0.00000
CM33_SPIN,1433,10,interior,a_ice,0.00006
CM33_SPIN,1433,11,interior,a_ice,0.01127
CM33_SPIN,1433,12,interior,a_ice,0.17637
CM33_SPIN,1433,1,labsea,MLD2,1570.27066
CM33_SPIN,1433,2,labsea,MLD2,1545.22977
CM33_SPIN,1433,3,labsea,MLD2,1528.60173
CM33_SPIN,1433,4,labsea,MLD2,1456.73704
CM33_SPIN,1433,5,labsea,MLD2,823.27957
CM33_SPIN,1433,6,labsea,MLD2,63.71351
CM33_SPIN,1433,7,labsea,MLD2,13.83119
CM33_SPIN,1433,8,labsea,MLD2,16.54636
CM33_SPIN,1433,9,labsea,MLD2,25.99880
CM33_SPIN,1433,10,labsea,MLD2,39.58844
CM33_SPIN,1433,11,labsea,MLD2,957.00029
CM33_SPIN,1433,12,labsea,MLD2,1344.92220
CM33_SPIN,1433,1,interior,MLD2,2388.35771
CM33_SPIN,1433,2,interior,MLD2,2375.02076
CM33_SPIN,1433,3,interior,MLD2,2407.28107
CM33_SPIN,1433,4,interior,MLD2,2279.67270
CM33_SPIN,1433,5,interior,MLD2,1605.20785
CM33_SPIN,1433,6,interior,MLD2,148.31034
CM33_SPIN,1433,7,interior,MLD2,17.99764
CM33_SPIN,1433,8,interior,MLD2,18.65909
CM33_SPIN,1433,9,interior,MLD2,28.51737
CM33_SPIN,1433,10,interior,MLD2,47.21843
CM33_SPIN,1433,11,interior,MLD2,1719.74839
CM33_SPIN,1433,12,interior,MLD2,1869.39441
CM33_SPIN,1434,1,labsea,a_ice,0.43997
CM33_SPIN,1434,2,labsea,a_ice,0.44816
CM33_SPIN,1434,3,labsea,a_ice,0.27129
CM33_SPIN,1434,4,labsea,a_ice,0.23519
CM33_SPIN,1434,5,labsea,a_ice,0.19065
CM33_SPIN,1434,6,labsea,a_ice,0.13073
CM33_SPIN,1434,7,labsea,a_ice,0.05210
CM33_SPIN,1434,8,labsea,a_ice,0.00300
CM33_SPIN,1434,9,labsea,a_ice,0.00000
CM33_SPIN,1434,10,labsea,a_ice,0.00461
CM33_SPIN,1434,11,labsea,a_ice,0.12501
CM33_SPIN,1434,12,labsea,a_ice,0.18181
CM33_SPIN,1434,1,interior,a_ice,0.51200
CM33_SPIN,1434,2,interior,a_ice,0.48684
CM33_SPIN,1434,3,interior,a_ice,0.08692
CM33_SPIN,1434,4,interior,a_ice,0.10411
CM33_SPIN,1434,5,interior,a_ice,0.04444
CM33_SPIN,1434,6,interior,a_ice,0.02753
CM33_SPIN,1434,7,interior,a_ice,0.00453
CM33_SPIN,1434,8,interior,a_ice,0.00000
CM33_SPIN,1434,9,interior,a_ice,0.00000
CM33_SPIN,1434,10,interior,a_ice,0.00003
CM33_SPIN,1434,11,interior,a_ice,0.01819
CM33_SPIN,1434,12,interior,a_ice,0.03239
CM33_SPIN,1434,1,labsea,MLD2,983.71795
CM33_SPIN,1434,2,labsea,MLD2,902.69749
CM33_SPIN,1434,3,labsea,MLD2,951.57210
CM33_SPIN,1434,4,labsea,MLD2,1034.31796
CM33_SPIN,1434,5,labsea,MLD2,348.59889
CM33_SPIN,1434,6,labsea,MLD2,23.59212
CM33_SPIN,1434,7,labsea,MLD2,13.77377
CM33_SPIN,1434,8,labsea,MLD2,14.87801
CM33_SPIN,1434,9,labsea,MLD2,18.79226
CM33_SPIN,1434,10,labsea,MLD2,36.96873
CM33_SPIN,1434,11,labsea,MLD2,939.88849
CM33_SPIN,1434,12,labsea,MLD2,1717.77440
CM33_SPIN,1434,1,interior,MLD2,953.10526
CM33_SPIN,1434,2,interior,MLD2,690.79094
CM33_SPIN,1434,3,interior,MLD2,888.69515
CM33_SPIN,1434,4,interior,MLD2,1343.55918
CM33_SPIN,1434,5,interior,MLD2,667.31622
CM33_SPIN,1434,6,interior,MLD2,29.47455
CM33_SPIN,1434,7,interior,MLD2,16.17015
CM33_SPIN,1434,8,interior,MLD2,18.25789
CM33_SPIN,1434,9,interior,MLD2,22.90091
CM33_SPIN,1434,10,interior,MLD2,38.79811
CM33_SPIN,1434,11,interior,MLD2,1739.69618
CM33_SPIN,1434,12,interior,MLD2,2679.76892
CM33_SPIN,1435,1,labsea,a_ice,0.20918
CM33_SPIN,1435,2,labsea,a_ice,0.21553
CM33_SPIN,1435,3,labsea,a_ice,0.22109
CM33_SPIN,1435,4,labsea,a_ice,0.21804
CM33_SPIN,1435,5,labsea,a_ice,0.16506
CM33_SPIN,1435,6,labsea,a_ice,0.12428
CM33_SPIN,1435,7,labsea,a_ice,0.06086
CM33_SPIN,1435,8,labsea,a_ice,0.02527
CM33_SPIN,1435,9,labsea,a_ice,0.01244
CM33_SPIN,1435,10,labsea,a_ice,0.01723
CM33_SPIN,1435,11,labsea,a_ice,0.07554
CM33_SPIN,1435,12,labsea,a_ice,0.15213
CM33_SPIN,1435,1,interior,a_ice,0.04816
CM33_SPIN,1435,2,interior,a_ice,0.05341
CM33_SPIN,1435,3,interior,a_ice,0.03925
CM33_SPIN,1435,4,interior,a_ice,0.05021
CM33_SPIN,1435,5,interior,a_ice,0.03583
CM33_SPIN,1435,6,interior,a_ice,0.00943
CM33_SPIN,1435,7,interior,a_ice,0.00639
CM33_SPIN,1435,8,interior,a_ice,0.00000
CM33_SPIN,1435,9,interior,a_ice,0.00000
CM33_SPIN,1435,10,interior,a_ice,0.00000
CM33_SPIN,1435,11,interior,a_ice,0.00048
CM33_SPIN,1435,12,interior,a_ice,0.01735
CM33_SPIN,1435,1,labsea,MLD2,1680.51215
CM33_SPIN,1435,2,labsea,MLD2,1686.56282
CM33_SPIN,1435,3,labsea,MLD2,1750.15561
CM33_SPIN,1435,4,labsea,MLD2,1697.91883
CM33_SPIN,1435,5,labsea,MLD2,1196.01052
CM33_SPIN,1435,6,labsea,MLD2,118.97899
CM33_SPIN,1435,7,labsea,MLD2,15.24967
CM33_SPIN,1435,8,labsea,MLD2,15.17689
CM33_SPIN,1435,9,labsea,MLD2,24.23503
CM33_SPIN,1435,10,labsea,MLD2,38.23922
CM33_SPIN,1435,11,labsea,MLD2,340.41386
CM33_SPIN,1435,12,labsea,MLD2,1335.78497
CM33_SPIN,1435,1,interior,MLD2,2549.81057
CM33_SPIN,1435,2,interior,MLD2,2597.38164
CM33_SPIN,1435,3,interior,MLD2,2664.64110
CM33_SPIN,1435,4,interior,MLD2,2609.76024
CM33_SPIN,1435,5,interior,MLD2,2402.54100
CM33_SPIN,1435,6,interior,MLD2,328.49634
CM33_SPIN,1435,7,interior,MLD2,18.19640
CM33_SPIN,1435,8,interior,MLD2,16.37928
CM33_SPIN,1435,9,interior,MLD2,28.24200
CM33_SPIN,1435,10,interior,MLD2,51.23521
CM33_SPIN,1435,11,interior,MLD2,905.13531
CM33_SPIN,1435,12,interior,MLD2,2314.49106
CM33_SPIN,1436,1,labsea,a_ice,0.17920
CM33_SPIN,1436,2,labsea,a_ice,0.18483
CM33_SPIN,1436,3,labsea,a_ice,0.17788
CM33_SPIN,1436,4,labsea,a_ice,0.18483
CM33_SPIN,1436,5,labsea,a_ice,0.14879
CM33_SPIN,1436,6,labsea,a_ice,0.08265
CM33_SPIN,1436,7,labsea,a_ice,0.02852
CM33_SPIN,1436,8,labsea,a_ice,0.00324
CM33_SPIN,1436,9,labsea,a_ice,0.00010
CM33_SPIN,1436,10,labsea,a_ice,0.01209
CM33_SPIN,1436,11,labsea,a_ice,0.10518
CM33_SPIN,1436,12,labsea,a_ice,0.23866
CM33_SPIN,1436,1,interior,a_ice,0.03950
CM33_SPIN,1436,2,interior,a_ice,0.03741
CM33_SPIN,1436,3,interior,a_ice,0.01929
CM33_SPIN,1436,4,interior,a_ice,0.02745
CM33_SPIN,1436,5,interior,a_ice,0.01052
CM33_SPIN,1436,6,interior,a_ice,0.01239
CM33_SPIN,1436,7,interior,a_ice,0.00000
CM33_SPIN,1436,8,interior,a_ice,0.00000
CM33_SPIN,1436,9,interior,a_ice,0.00000
CM33_SPIN,1436,10,interior,a_ice,0.00000
CM33_SPIN,1436,11,interior,a_ice,0.00612
CM33_SPIN,1436,12,interior,a_ice,0.05838
CM33_SPIN,1436,1,labsea,MLD2,1657.75983
CM33_SPIN,1436,2,labsea,MLD2,1642.93100
CM33_SPIN,1436,3,labsea,MLD2,1753.04341
CM33_SPIN,1436,4,labsea,MLD2,1685.97738
CM33_SPIN,1436,5,labsea,MLD2,1316.01087
CM33_SPIN,1436,6,labsea,MLD2,167.81178
CM33_SPIN,1436,7,labsea,MLD2,15.94952
CM33_SPIN,1436,8,labsea,MLD2,17.52648
CM33_SPIN,1436,9,labsea,MLD2,22.86445
CM33_SPIN,1436,10,labsea,MLD2,139.65647
CM33_SPIN,1436,11,labsea,MLD2,1010.70831
CM33_SPIN,1436,12,labsea,MLD2,1471.14584
CM33_SPIN,1436,1,interior,MLD2,2551.83200
CM33_SPIN,1436,2,interior,MLD2,2591.97717
CM33_SPIN,1436,3,interior,MLD2,2672.87785
CM33_SPIN,1436,4,interior,MLD2,2607.39090
CM33_SPIN,1436,5,interior,MLD2,2378.96503
CM33_SPIN,1436,6,interior,MLD2,506.20715
CM33_SPIN,1436,7,interior,MLD2,18.56230
CM33_SPIN,1436,8,interior,MLD2,19.10583
CM33_SPIN,1436,9,interior,MLD2,24.97973
CM33_SPIN,1436,10,interior,MLD2,353.02215
CM33_SPIN,1436,11,interior,MLD2,2091.72573
CM33_SPIN,1436,12,interior,MLD2,2438.64828
CM33_SPIN,1437,1,labsea,a_ice,0.32418
CM33_SPIN,1437,2,labsea,a_ice,0.36351
CM33_SPIN,1437,3,labsea,a_ice,0.36372
CM33_SPIN,1437,4,labsea,a_ice,0.31265
CM33_SPIN,1437,5,labsea,a_ice,0.19986
CM33_SPIN,1437,6,labsea,a_ice,0.15279
CM33_SPIN,1437,7,labsea,a_ice,0.04635
CM33_SPIN,1437,8,labsea,a_ice,0.00451
CM33_SPIN,1437,9,labsea,a_ice,0.00014
CM33_SPIN,1437,10,labsea,a_ice,0.00940
CM33_SPIN,1437,11,labsea,a_ice,0.07773
CM33_SPIN,1437,12,labsea,a_ice,0.22947
CM33_SPIN,1437,1,interior,a_ice,0.13232
CM33_SPIN,1437,2,interior,a_ice,0.09571
CM33_SPIN,1437,3,interior,a_ice,0.15014
CM33_SPIN,1437,4,interior,a_ice,0.09876
CM33_SPIN,1437,5,interior,a_ice,0.03090
CM33_SPIN,1437,6,interior,a_ice,0.04492
CM33_SPIN,1437,7,interior,a_ice,0.01212
CM33_SPIN,1437,8,interior,a_ice,0.00032
CM33_SPIN,1437,9,interior,a_ice,0.00000
CM33_SPIN,1437,10,interior,a_ice,0.00000
CM33_SPIN,1437,11,interior,a_ice,0.00341
CM33_SPIN,1437,12,interior,a_ice,0.05841
CM33_SPIN,1437,1,labsea,MLD2,1516.31902
CM33_SPIN,1437,2,labsea,MLD2,1525.61587
CM33_SPIN,1437,3,labsea,MLD2,1411.49919
CM33_SPIN,1437,4,labsea,MLD2,1257.53875
CM33_SPIN,1437,5,labsea,MLD2,439.38930
CM33_SPIN,1437,6,labsea,MLD2,90.73513
CM33_SPIN,1437,7,labsea,MLD2,11.81842
CM33_SPIN,1437,8,labsea,MLD2,15.62797
CM33_SPIN,1437,9,labsea,MLD2,21.84625
CM33_SPIN,1437,10,labsea,MLD2,44.17504
CM33_SPIN,1437,11,labsea,MLD2,443.83411
CM33_SPIN,1437,12,labsea,MLD2,1442.96976
CM33_SPIN,1437,1,interior,MLD2,2418.05048
CM33_SPIN,1437,2,interior,MLD2,2475.68364
CM33_SPIN,1437,3,interior,MLD2,2226.25000
CM33_SPIN,1437,4,interior,MLD2,2251.63676
CM33_SPIN,1437,5,interior,MLD2,1290.17189
CM33_SPIN,1437,6,interior,MLD2,277.53239
CM33_SPIN,1437,7,interior,MLD2,13.94904
CM33_SPIN,1437,8,interior,MLD2,17.93768
CM33_SPIN,1437,9,interior,MLD2,24.67406
CM33_SPIN,1437,10,interior,MLD2,45.35716
CM33_SPIN,1437,11,interior,MLD2,886.67736
CM33_SPIN,1437,12,interior,MLD2,2415.04333
CM33_SPIN,1438,1,labsea,a_ice,0.28284
CM33_SPIN,1438,2,labsea,a_ice,0.31176
CM33_SPIN,1438,3,labsea,a_ice,0.26944
CM33_SPIN,1438,4,labsea,a_ice,0.20776
CM33_SPIN,1438,5,labsea,a_ice,0.17029
CM33_SPIN,1438,6,labsea,a_ice,0.12162
CM33_SPIN,1438,7,labsea,a_ice,0.04326
CM33_SPIN,1438,8,labsea,a_ice,0.01186
CM33_SPIN,1438,9,labsea,a_ice,0.00365
CM33_SPIN,1438,10,labsea,a_ice,0.03469
CM33_SPIN,1438,11,labsea,a_ice,0.10291
CM33_SPIN,1438,12,labsea,a_ice,0.17134
CM33_SPIN,1438,1,interior,a_ice,0.07241
CM33_SPIN,1438,2,interior,a_ice,0.16793
CM33_SPIN,1438,3,interior,a_ice,0.08164
CM33_SPIN,1438,4,interior,a_ice,0.06934
CM33_SPIN,1438,5,interior,a_ice,0.05442
CM33_SPIN,1438,6,interior,a_ice,0.02218
CM33_SPIN,1438,7,interior,a_ice,0.00684
CM33_SPIN,1438,8,interior,a_ice,0.00000
CM33_SPIN,1438,9,interior,a_ice,0.00000
CM33_SPIN,1438,10,interior,a_ice,0.00000
CM33_SPIN,1438,11,interior,a_ice,0.00105
CM33_SPIN,1438,12,interior,a_ice,0.03059
CM33_SPIN,1438,1,labsea,MLD2,1585.76342
CM33_SPIN,1438,2,labsea,MLD2,1486.03727
CM33_SPIN,1438,3,labsea,MLD2,1524.25571
CM33_SPIN,1438,4,labsea,MLD2,1472.05554
CM33_SPIN,1438,5,labsea,MLD2,1010.61192
CM33_SPIN,1438,6,labsea,MLD2,117.37060
CM33_SPIN,1438,7,labsea,MLD2,14.48738
CM33_SPIN,1438,8,labsea,MLD2,17.57335
CM33_SPIN,1438,9,labsea,MLD2,25.97587
CM33_SPIN,1438,10,labsea,MLD2,208.79136
CM33_SPIN,1438,11,labsea,MLD2,870.24221
CM33_SPIN,1438,12,labsea,MLD2,1600.01716
CM33_SPIN,1438,1,interior,MLD2,2484.78757
CM33_SPIN,1438,2,interior,MLD2,2195.16716
CM33_SPIN,1438,3,interior,MLD2,2370.88482
CM33_SPIN,1438,4,interior,MLD2,2339.32757
CM33_SPIN,1438,5,interior,MLD2,1983.36314
CM33_SPIN,1438,6,interior,MLD2,369.30060
CM33_SPIN,1438,7,interior,MLD2,16.59040
CM33_SPIN,1438,8,interior,MLD2,19.53326
CM33_SPIN,1438,9,interior,MLD2,29.52389
CM33_SPIN,1438,10,interior,MLD2,589.75578
CM33_SPIN,1438,11,interior,MLD2,2041.12470
CM33_SPIN,1438,12,interior,MLD2,2623.93992
CM33_SPIN,1439,1,labsea,a_ice,0.22942
CM33_SPIN,1439,2,labsea,a_ice,0.24401
CM33_SPIN,1439,3,labsea,a_ice,0.24516
CM33_SPIN,1439,4,labsea,a_ice,0.22342
CM33_SPIN,1439,5,labsea,a_ice,0.18518
CM33_SPIN,1439,6,labsea,a_ice,0.13925
CM33_SPIN,1439,7,labsea,a_ice,0.04527
CM33_SPIN,1439,8,labsea,a_ice,0.00240
CM33_SPIN,1439,9,labsea,a_ice,0.00008
CM33_SPIN,1439,10,labsea,a_ice,0.00126
CM33_SPIN,1439,11,labsea,a_ice,0.04874
CM33_SPIN,1439,12,labsea,a_ice,0.15928
CM33_SPIN,1439,1,interior,a_ice,0.06482
CM33_SPIN,1439,2,interior,a_ice,0.06192
CM33_SPIN,1439,3,interior,a_ice,0.04047
CM33_SPIN,1439,4,interior,a_ice,0.03004
CM33_SPIN,1439,5,interior,a_ice,0.04597
CM33_SPIN,1439,6,interior,a_ice,0.03955
CM33_SPIN,1439,7,interior,a_ice,0.01210
CM33_SPIN,1439,8,interior,a_ice,0.00025
CM33_SPIN,1439,9,interior,a_ice,0.00000
CM33_SPIN,1439,10,interior,a_ice,0.00000
CM33_SPIN,1439,11,interior,a_ice,0.00139
CM33_SPIN,1439,12,interior,a_ice,0.01521
CM33_SPIN,1439,1,labsea,MLD2,1689.16706
CM33_SPIN,1439,2,labsea,MLD2,1688.89124
CM33_SPIN,1439,3,labsea,MLD2,1669.69852
CM33_SPIN,1439,4,labsea,MLD2,1597.49969
CM33_SPIN,1439,5,labsea,MLD2,1308.42862
CM33_SPIN,1439,6,labsea,MLD2,113.60731
CM33_SPIN,1439,7,labsea,MLD2,13.29916
CM33_SPIN,1439,8,labsea,MLD2,13.98119
CM33_SPIN,1439,9,labsea,MLD2,24.46964
CM33_SPIN,1439,10,labsea,MLD2,62.05080
CM33_SPIN,1439,11,labsea,MLD2,478.91615
CM33_SPIN,1439,12,labsea,MLD2,1596.19811
CM33_SPIN,1439,1,interior,MLD2,2589.32877
CM33_SPIN,1439,2,interior,MLD2,2556.42241
CM33_SPIN,1439,3,interior,MLD2,2531.67144
CM33_SPIN,1439,4,interior,MLD2,2492.08640
CM33_SPIN,1439,5,interior,MLD2,2124.91059
CM33_SPIN,1439,6,interior,MLD2,326.96002
CM33_SPIN,1439,7,interior,MLD2,16.35637
CM33_SPIN,1439,8,interior,MLD2,16.10311
CM33_SPIN,1439,9,interior,MLD2,27.30290
CM33_SPIN,1439,10,interior,MLD2,129.28264
CM33_SPIN,1439,11,interior,MLD2,1198.35787
CM33_SPIN,1439,12,interior,MLD2,2627.43668
CM33_SPIN,1440,1,labsea,a_ice,0.24173
CM33_SPIN,1440,2,labsea,a_ice,0.26188
CM33_SPIN,1440,3,labsea,a_ice,0.25741
CM33_SPIN,1440,4,labsea,a_ice,0.23955
CM33_SPIN,1440,5,labsea,a_ice,0.17694
CM33_SPIN,1440,6,labsea,a_ice,0.11790
CM33_SPIN,1440,7,labsea,a_ice,0.04393
CM33_SPIN,1440,8,labsea,a_ice,0.02301
CM33_SPIN,1440,9,labsea,a_ice,0.01758
CM33_SPIN,1440,10,labsea,a_ice,0.02354
CM33_SPIN,1440,11,labsea,a_ice,0.05768
CM33_SPIN,1440,12,labsea,a_ice,0.14242
CM33_SPIN,1440,1,interior,a_ice,0.05309
CM33_SPIN,1440,2,interior,a_ice,0.06262
CM33_SPIN,1440,3,interior,a_ice,0.05576
CM33_SPIN,1440,4,interior,a_ice,0.04929
CM33_SPIN,1440,5,interior,a_ice,0.01495
CM33_SPIN,1440,6,interior,a_ice,0.02306
CM33_SPIN,1440,7,interior,a_ice,0.00138
CM33_SPIN,1440,8,interior,a_ice,0.00000
CM33_SPIN,1440,9,interior,a_ice,0.00000
CM33_SPIN,1440,10,interior,a_ice,0.00000
CM33_SPIN,1440,11,interior,a_ice,0.00000
CM33_SPIN,1440,12,interior,a_ice,0.01494
CM33_SPIN,1440,1,labsea,MLD2,1725.22524
CM33_SPIN,1440,2,labsea,MLD2,1662.67212
CM33_SPIN,1440,3,labsea,MLD2,1579.18223
CM33_SPIN,1440,4,labsea,MLD2,1525.36971
CM33_SPIN,1440,5,labsea,MLD2,719.50410
CM33_SPIN,1440,6,labsea,MLD2,17.94880
CM33_SPIN,1440,7,labsea,MLD2,13.40554
CM33_SPIN,1440,8,labsea,MLD2,16.50395
CM33_SPIN,1440,9,labsea,MLD2,26.38082
CM33_SPIN,1440,10,labsea,MLD2,67.44549
CM33_SPIN,1440,11,labsea,MLD2,430.93480
CM33_SPIN,1440,12,labsea,MLD2,1426.38558
CM33_SPIN,1440,1,interior,MLD2,2630.26806
CM33_SPIN,1440,2,interior,MLD2,2555.72299
CM33_SPIN,1440,3,interior,MLD2,2558.09904
CM33_SPIN,1440,4,interior,MLD2,2464.97276
CM33_SPIN,1440,5,interior,MLD2,1381.74486
CM33_SPIN,1440,6,interior,MLD2,23.11903
CM33_SPIN,1440,7,interior,MLD2,15.88230
CM33_SPIN,1440,8,interior,MLD2,19.14218
CM33_SPIN,1440,9,interior,MLD2,29.66021
CM33_SPIN,1440,10,interior,MLD2,142.78568
CM33_SPIN,1440,11,interior,MLD2,1177.44944
CM33_SPIN,1440,12,interior,MLD2,2530.96139
CM33_SPIN,1441,1,labsea,a_ice,0.22001
CM33_SPIN,1441,2,labsea,a_ice,0.27788
CM33_SPIN,1441,3,labsea,a_ice,0.27039
CM33_SPIN,1441,4,labsea,a_ice,0.26259
CM33_SPIN,1441,5,labsea,a_ice,0.22260
CM33_SPIN,1441,6,labsea,a_ice,0.13310
CM33_SPIN,1441,7,labsea,a_ice,0.05925
CM33_SPIN,1441,8,labsea,a_ice,0.01848
CM33_SPIN,1441,9,labsea,a_ice,0.00507
CM33_SPIN,1441,10,labsea,a_ice,0.00644
CM33_SPIN,1441,11,labsea,a_ice,0.08007
CM33_SPIN,1441,12,labsea,a_ice,0.16869
CM33_SPIN,1441,1,interior,a_ice,0.04094
CM33_SPIN,1441,2,interior,a_ice,0.11467
CM33_SPIN,1441,3,interior,a_ice,0.06600
CM33_SPIN,1441,4,interior,a_ice,0.06790
CM33_SPIN,1441,5,interior,a_ice,0.06451
CM33_SPIN,1441,6,interior,a_ice,0.02980
CM33_SPIN,1441,7,interior,a_ice,0.00237
CM33_SPIN,1441,8,interior,a_ice,0.00000
CM33_SPIN,1441,9,interior,a_ice,0.00000
CM33_SPIN,1441,10,interior,a_ice,0.00000
CM33_SPIN,1441,11,interior,a_ice,0.00285
CM33_SPIN,1441,12,interior,a_ice,0.01821
CM33_SPIN,1441,1,labsea,MLD2,1681.86820
CM33_SPIN,1441,2,labsea,MLD2,1642.65813
CM33_SPIN,1441,3,labsea,MLD2,1660.78592
CM33_SPIN,1441,4,labsea,MLD2,1564.64983
CM33_SPIN,1441,5,labsea,MLD2,1174.09957
CM33_SPIN,1441,6,labsea,MLD2,222.93306
CM33_SPIN,1441,7,labsea,MLD2,15.30955
CM33_SPIN,1441,8,labsea,MLD2,16.93001
CM33_SPIN,1441,9,labsea,MLD2,25.62988
CM33_SPIN,1441,10,labsea,MLD2,119.60592
CM33_SPIN,1441,11,labsea,MLD2,1270.44514
CM33_SPIN,1441,12,labsea,MLD2,1681.42620
CM33_SPIN,1441,1,interior,MLD2,2613.75047
CM33_SPIN,1441,2,interior,MLD2,2443.70271
CM33_SPIN,1441,3,interior,MLD2,2565.38887
CM33_SPIN,1441,4,interior,MLD2,2450.64590
CM33_SPIN,1441,5,interior,MLD2,2169.10778
CM33_SPIN,1441,6,interior,MLD2,600.06866
CM33_SPIN,1441,7,interior,MLD2,17.73715
CM33_SPIN,1441,8,interior,MLD2,19.06579
CM33_SPIN,1441,9,interior,MLD2,26.35211
CM33_SPIN,1441,10,interior,MLD2,200.13631
CM33_SPIN,1441,11,interior,MLD2,2380.15090
CM33_SPIN,1441,12,interior,MLD2,2624.97835
CM33_SPIN,1442,1,labsea,a_ice,0.19183
CM33_SPIN,1442,2,labsea,a_ice,0.24953
CM33_SPIN,1442,3,labsea,a_ice,0.26214
CM33_SPIN,1442,4,labsea,a_ice,0.25069
CM33_SPIN,1442,5,labsea,a_ice,0.23291
CM33_SPIN,1442,6,labsea,a_ice,0.13676
CM33_SPIN,1442,7,labsea,a_ice,0.03450
CM33_SPIN,1442,8,labsea,a_ice,0.00282
CM33_SPIN,1442,9,labsea,a_ice,0.00000
CM33_SPIN,1442,10,labsea,a_ice,0.00731
CM33_SPIN,1442,11,labsea,a_ice,0.08226
CM33_SPIN,1442,12,labsea,a_ice,0.15482
CM33_SPIN,1442,1,interior,a_ice,0.01860
CM33_SPIN,1442,2,interior,a_ice,0.05983
CM33_SPIN,1442,3,interior,a_ice,0.06847
CM33_SPIN,1442,4,interior,a_ice,0.07022
CM33_SPIN,1442,5,interior,a_ice,0.05856
CM33_SPIN,1442,6,interior,a_ice,0.00549
CM33_SPIN,1442,7,interior,a_ice,0.00179
CM33_SPIN,1442,8,interior,a_ice,0.00000
CM33_SPIN,1442,9,interior,a_ice,0.00000
CM33_SPIN,1442,10,interior,a_ice,0.00002
CM33_SPIN,1442,11,interior,a_ice,0.00565
CM33_SPIN,1442,12,interior,a_ice,0.00750
CM33_SPIN,1442,1,labsea,MLD2,1684.31894
CM33_SPIN,1442,2,labsea,MLD2,1674.30461
CM33_SPIN,1442,3,labsea,MLD2,1659.72346
CM33_SPIN,1442,4,labsea,MLD2,1548.46184
CM33_SPIN,1442,5,labsea,MLD2,697.88164
CM33_SPIN,1442,6,labsea,MLD2,19.45437
CM33_SPIN,1442,7,labsea,MLD2,16.97222
CM33_SPIN,1442,8,labsea,MLD2,15.77739
CM33_SPIN,1442,9,labsea,MLD2,19.34224
CM33_SPIN,1442,10,labsea,MLD2,112.12908
CM33_SPIN,1442,11,labsea,MLD2,992.95145
CM33_SPIN,1442,12,labsea,MLD2,1644.05562
CM33_SPIN,1442,1,interior,MLD2,2568.74629
CM33_SPIN,1442,2,interior,MLD2,2596.63475
CM33_SPIN,1442,3,interior,MLD2,2566.97378
CM33_SPIN,1442,4,interior,MLD2,2503.20042
CM33_SPIN,1442,5,interior,MLD2,1115.26734
CM33_SPIN,1442,6,interior,MLD2,23.26934
CM33_SPIN,1442,7,interior,MLD2,20.45595
CM33_SPIN,1442,8,interior,MLD2,18.37940
CM33_SPIN,1442,9,interior,MLD2,22.74915
CM33_SPIN,1442,10,interior,MLD2,248.22584
CM33_SPIN,1442,11,interior,MLD2,1984.10495
CM33_SPIN,1442,12,interior,MLD2,2618.87979
CM33_SPIN,1443,1,labsea,a_ice,0.20397
CM33_SPIN,1443,2,labsea,a_ice,0.23600
CM33_SPIN,1443,3,labsea,a_ice,0.19215
CM33_SPIN,1443,4,labsea,a_ice,0.17629
CM33_SPIN,1443,5,labsea,a_ice,0.15100
CM33_SPIN,1443,6,labsea,a_ice,0.08853
CM33_SPIN,1443,7,labsea,a_ice,0.04340
CM33_SPIN,1443,8,labsea,a_ice,0.01217
CM33_SPIN,1443,9,labsea,a_ice,0.00246
CM33_SPIN,1443,10,labsea,a_ice,0.01882
CM33_SPIN,1443,11,labsea,a_ice,0.08043
CM33_SPIN,1443,12,labsea,a_ice,0.14340
CM33_SPIN,1443,1,interior,a_ice,0.04429
CM33_SPIN,1443,2,interior,a_ice,0.05937
CM33_SPIN,1443,3,interior,a_ice,0.02464
CM33_SPIN,1443,4,interior,a_ice,0.01723
CM33_SPIN,1443,5,interior,a_ice,0.03645
CM33_SPIN,1443,6,interior,a_ice,0.00833
CM33_SPIN,1443,7,interior,a_ice,0.00003
CM33_SPIN,1443,8,interior,a_ice,0.00000
CM33_SPIN,1443,9,interior,a_ice,0.00000
CM33_SPIN,1443,10,interior,a_ice,0.00000
CM33_SPIN,1443,11,interior,a_ice,0.00283
CM33_SPIN,1443,12,interior,a_ice,0.01348
CM33_SPIN,1443,1,labsea,MLD2,1715.39010
CM33_SPIN,1443,2,labsea,MLD2,1688.03027
CM33_SPIN,1443,3,labsea,MLD2,1803.70344
CM33_SPIN,1443,4,labsea,MLD2,1764.54737
CM33_SPIN,1443,5,labsea,MLD2,1535.44713
CM33_SPIN,1443,6,labsea,MLD2,120.19838
CM33_SPIN,1443,7,labsea,MLD2,14.70847
CM33_SPIN,1443,8,labsea,MLD2,14.93242
CM33_SPIN,1443,9,labsea,MLD2,28.93555
CM33_SPIN,1443,10,labsea,MLD2,51.70689
CM33_SPIN,1443,11,labsea,MLD2,635.71126
CM33_SPIN,1443,12,labsea,MLD2,1388.69565
CM33_SPIN,1443,1,interior,MLD2,2630.94649
CM33_SPIN,1443,2,interior,MLD2,2583.36747
CM33_SPIN,1443,3,interior,MLD2,2705.76858
CM33_SPIN,1443,4,interior,MLD2,2693.39125
CM33_SPIN,1443,5,interior,MLD2,2509.12429
CM33_SPIN,1443,6,interior,MLD2,341.89084
CM33_SPIN,1443,7,interior,MLD2,18.27512
CM33_SPIN,1443,8,interior,MLD2,17.39640
CM33_SPIN,1443,9,interior,MLD2,33.77693
CM33_SPIN,1443,10,interior,MLD2,79.21143
CM33_SPIN,1443,11,interior,MLD2,1427.85812
CM33_SPIN,1443,12,interior,MLD2,2590.08271
CM33_SPIN,1444,1,labsea,a_ice,0.27146
CM33_SPIN,1444,2,labsea,a_ice,0.34143
CM33_SPIN,1444,3,labsea,a_ice,0.34039
CM33_SPIN,1444,4,labsea,a_ice,0.28093
CM33_SPIN,1444,5,labsea,a_ice,0.23465
CM33_SPIN,1444,6,labsea,a_ice,0.15826
CM33_SPIN,1444,7,labsea,a_ice,0.05970
CM33_SPIN,1444,8,labsea,a_ice,0.01323
CM33_SPIN,1444,9,labsea,a_ice,0.00265
CM33_SPIN,1444,10,labsea,a_ice,0.00863
CM33_SPIN,1444,11,labsea,a_ice,0.05381
CM33_SPIN,1444,12,labsea,a_ice,0.17335
CM33_SPIN,1444,1,interior,a_ice,0.07538
CM33_SPIN,1444,2,interior,a_ice,0.25725
CM33_SPIN,1444,3,interior,a_ice,0.21252
CM33_SPIN,1444,4,interior,a_ice,0.07356
CM33_SPIN,1444,5,interior,a_ice,0.04424
CM33_SPIN,1444,6,interior,a_ice,0.03058
CM33_SPIN,1444,7,interior,a_ice,0.00349
CM33_SPIN,1444,8,interior,a_ice,0.00000
CM33_SPIN,1444,9,interior,a_ice,0.00000
CM33_SPIN,1444,10,interior,a_ice,0.00000
CM33_SPIN,1444,11,interior,a_ice,0.00034
CM33_SPIN,1444,12,interior,a_ice,0.02728
CM33_SPIN,1444,1,labsea,MLD2,1529.00516
CM33_SPIN,1444,2,labsea,MLD2,1326.04530
CM33_SPIN,1444,3,labsea,MLD2,1361.57184
CM33_SPIN,1444,4,labsea,MLD2,1266.63438
CM33_SPIN,1444,5,labsea,MLD2,904.57947
CM33_SPIN,1444,6,labsea,MLD2,68.94337
CM33_SPIN,1444,7,labsea,MLD2,12.08403
CM33_SPIN,1444,8,labsea,MLD2,15.18911
CM33_SPIN,1444,9,labsea,MLD2,25.31569
CM33_SPIN,1444,10,labsea,MLD2,39.79147
CM33_SPIN,1444,11,labsea,MLD2,339.78740
CM33_SPIN,1444,12,labsea,MLD2,1613.21826
CM33_SPIN,1444,1,interior,MLD2,2323.67413
CM33_SPIN,1444,2,interior,MLD2,1717.23288
CM33_SPIN,1444,3,interior,MLD2,1941.52446
CM33_SPIN,1444,4,interior,MLD2,2027.99495
CM33_SPIN,1444,5,interior,MLD2,1535.79229
CM33_SPIN,1444,6,interior,MLD2,205.10700
CM33_SPIN,1444,7,interior,MLD2,12.56345
CM33_SPIN,1444,8,interior,MLD2,15.71304
CM33_SPIN,1444,9,interior,MLD2,27.71129
CM33_SPIN,1444,10,interior,MLD2,45.06085
CM33_SPIN,1444,11,interior,MLD2,818.38180
CM33_SPIN,1444,12,interior,MLD2,2635.84607
CM33_SPIN,1445,1,labsea,a_ice,0.22566
CM33_SPIN,1445,2,labsea,a_ice,0.29301
CM33_SPIN,1445,3,labsea,a_ice,0.37612
CM33_SPIN,1445,4,labsea,a_ice,0.35209
CM33_SPIN,1445,5,labsea,a_ice,0.24512
CM33_SPIN,1445,6,labsea,a_ice,0.14503
CM33_SPIN,1445,7,labsea,a_ice,0.03113
CM33_SPIN,1445,8,labsea,a_ice,0.00033
CM33_SPIN,1445,9,labsea,a_ice,0.00000
CM33_SPIN,1445,10,labsea,a_ice,0.00084
CM33_SPIN,1445,11,labsea,a_ice,0.05664
CM33_SPIN,1445,12,labsea,a_ice,0.18751
CM33_SPIN,1445,1,interior,a_ice,0.05007
CM33_SPIN,1445,2,interior,a_ice,0.09324
CM33_SPIN,1445,3,interior,a_ice,0.18488
CM33_SPIN,1445,4,interior,a_ice,0.17075
CM33_SPIN,1445,5,interior,a_ice,0.08633
CM33_SPIN,1445,6,interior,a_ice,0.02007
CM33_SPIN,1445,7,interior,a_ice,0.00013
CM33_SPIN,1445,8,interior,a_ice,0.00000
CM33_SPIN,1445,9,interior,a_ice,0.00000
CM33_SPIN,1445,10,interior,a_ice,0.00000
CM33_SPIN,1445,11,interior,a_ice,0.00014
CM33_SPIN,1445,12,interior,a_ice,0.03070
CM33_SPIN,1445,1,labsea,MLD2,1748.43311
CM33_SPIN,1445,2,labsea,MLD2,1591.89646
CM33_SPIN,1445,3,labsea,MLD2,1382.69125
CM33_SPIN,1445,4,labsea,MLD2,1133.45095
CM33_SPIN,1445,5,labsea,MLD2,456.41054
CM33_SPIN,1445,6,labsea,MLD2,12.07972
CM33_SPIN,1445,7,labsea,MLD2,10.64486
CM33_SPIN,1445,8,labsea,MLD2,14.09626
CM33_SPIN,1445,9,labsea,MLD2,19.31178
CM33_SPIN,1445,10,labsea,MLD2,36.14634
CM33_SPIN,1445,11,labsea,MLD2,804.29539
CM33_SPIN,1445,12,labsea,MLD2,1641.13639
CM33_SPIN,1445,1,interior,MLD2,2658.61368
CM33_SPIN,1445,2,interior,MLD2,2500.50119
CM33_SPIN,1445,3,interior,MLD2,2119.64317
CM33_SPIN,1445,4,interior,MLD2,1763.74588
CM33_SPIN,1445,5,interior,MLD2,760.78372
CM33_SPIN,1445,6,interior,MLD2,13.71131
CM33_SPIN,1445,7,interior,MLD2,11.27932
CM33_SPIN,1445,8,interior,MLD2,15.88628
CM33_SPIN,1445,9,interior,MLD2,18.55495
CM33_SPIN,1445,10,interior,MLD2,32.51500
CM33_SPIN,1445,11,interior,MLD2,1329.54281
CM33_SPIN,1445,12,interior,MLD2,2595.26003
CM33_SPIN,1446,1,labsea,a_ice,0.22990
CM33_SPIN,1446,2,labsea,a_ice,0.29134
CM33_SPIN,1446,3,labsea,a_ice,0.34279
CM33_SPIN,1446,4,labsea,a_ice,0.27690
CM33_SPIN,1446,5,labsea,a_ice,0.22487
CM33_SPIN,1446,6,labsea,a_ice,0.15135
CM33_SPIN,1446,7,labsea,a_ice,0.06099
CM33_SPIN,1446,8,labsea,a_ice,0.00880
CM33_SPIN,1446,9,labsea,a_ice,0.00193
CM33_SPIN,1446,10,labsea,a_ice,0.00385
CM33_SPIN,1446,11,labsea,a_ice,0.10029
CM33_SPIN,1446,12,labsea,a_ice,0.19884
CM33_SPIN,1446,1,interior,a_ice,0.06097
CM33_SPIN,1446,2,interior,a_ice,0.14466
CM33_SPIN,1446,3,interior,a_ice,0.18602
CM33_SPIN,1446,4,interior,a_ice,0.04723
CM33_SPIN,1446,5,interior,a_ice,0.05250
CM33_SPIN,1446,6,interior,a_ice,0.02848
CM33_SPIN,1446,7,interior,a_ice,0.01749
CM33_SPIN,1446,8,interior,a_ice,0.00000
CM33_SPIN,1446,9,interior,a_ice,0.00000
CM33_SPIN,1446,10,interior,a_ice,0.00000
CM33_SPIN,1446,11,interior,a_ice,0.00679
CM33_SPIN,1446,12,interior,a_ice,0.03132
CM33_SPIN,1446,1,labsea,MLD2,1465.84880
CM33_SPIN,1446,2,labsea,MLD2,1465.30344
CM33_SPIN,1446,3,labsea,MLD2,1491.89759
CM33_SPIN,1446,4,labsea,MLD2,1429.23638
CM33_SPIN,1446,5,labsea,MLD2,1091.61094
CM33_SPIN,1446,6,labsea,MLD2,60.86735
CM33_SPIN,1446,7,labsea,MLD2,14.17111
CM33_SPIN,1446,8,labsea,MLD2,14.37313
CM33_SPIN,1446,9,labsea,MLD2,22.90813
CM33_SPIN,1446,10,labsea,MLD2,37.59324
CM33_SPIN,1446,11,labsea,MLD2,656.21425
CM33_SPIN,1446,12,labsea,MLD2,1588.39315
CM33_SPIN,1446,1,interior,MLD2,2164.50001
CM33_SPIN,1446,2,interior,MLD2,2106.72113
CM33_SPIN,1446,3,interior,MLD2,2196.42482
CM33_SPIN,1446,4,interior,MLD2,2391.41305
CM33_SPIN,1446,5,interior,MLD2,2165.34223
CM33_SPIN,1446,6,interior,MLD2,161.47318
CM33_SPIN,1446,7,interior,MLD2,17.67949
CM33_SPIN,1446,8,interior,MLD2,17.11452
CM33_SPIN,1446,9,interior,MLD2,26.08201
CM33_SPIN,1446,10,interior,MLD2,45.98057
CM33_SPIN,1446,11,interior,MLD2,1386.45233
CM33_SPIN,1446,12,interior,MLD2,2598.34585
CM33_SPIN,1447,1,labsea,a_ice,0.27700
CM33_SPIN,1447,2,labsea,a_ice,0.27002
CM33_SPIN,1447,3,labsea,a_ice,0.24298
CM33_SPIN,1447,4,labsea,a_ice,0.28061
CM33_SPIN,1447,5,labsea,a_ice,0.24996
CM33_SPIN,1447,6,labsea,a_ice,0.15532
CM33_SPIN,1447,7,labsea,a_ice,0.06610
CM33_SPIN,1447,8,labsea,a_ice,0.02724
CM33_SPIN,1447,9,labsea,a_ice,0.01472
CM33_SPIN,1447,10,labsea,a_ice,0.01149
CM33_SPIN,1447,11,labsea,a_ice,0.05798
CM33_SPIN,1447,12,labsea,a_ice,0.15030
CM33_SPIN,1447,1,interior,a_ice,0.09815
CM33_SPIN,1447,2,interior,a_ice,0.05939
CM33_SPIN,1447,3,interior,a_ice,0.04148
CM33_SPIN,1447,4,interior,a_ice,0.06757
CM33_SPIN,1447,5,interior,a_ice,0.07592
CM33_SPIN,1447,6,interior,a_ice,0.04238
CM33_SPIN,1447,7,interior,a_ice,0.00262
CM33_SPIN,1447,8,interior,a_ice,0.00000
CM33_SPIN,1447,9,interior,a_ice,0.00000
CM33_SPIN,1447,10,interior,a_ice,0.00000
CM33_SPIN,1447,11,interior,a_ice,0.00098
CM33_SPIN,1447,12,interior,a_ice,0.01450
CM33_SPIN,1447,1,labsea,MLD2,1602.53358
CM33_SPIN,1447,2,labsea,MLD2,1640.06474
CM33_SPIN,1447,3,labsea,MLD2,1664.35432
CM33_SPIN,1447,4,labsea,MLD2,1580.29974
CM33_SPIN,1447,5,labsea,MLD2,1304.39868
CM33_SPIN,1447,6,labsea,MLD2,78.95209
CM33_SPIN,1447,7,labsea,MLD2,17.54507
CM33_SPIN,1447,8,labsea,MLD2,16.49989
CM33_SPIN,1447,9,labsea,MLD2,21.14256
CM33_SPIN,1447,10,labsea,MLD2,39.38485
CM33_SPIN,1447,11,labsea,MLD2,524.82950
CM33_SPIN,1447,12,labsea,MLD2,1582.93041
CM33_SPIN,1447,1,interior,MLD2,2413.38636
CM33_SPIN,1447,2,interior,MLD2,2574.28951
CM33_SPIN,1447,3,interior,MLD2,2611.04458
CM33_SPIN,1447,4,interior,MLD2,2479.89403
CM33_SPIN,1447,5,interior,MLD2,2117.07475
CM33_SPIN,1447,6,interior,MLD2,217.90745
CM33_SPIN,1447,7,interior,MLD2,20.93838
CM33_SPIN,1447,8,interior,MLD2,18.33551
CM33_SPIN,1447,9,interior,MLD2,23.22659
CM33_SPIN,1447,10,interior,MLD2,35.55608
CM33_SPIN,1447,11,interior,MLD2,1135.19833
CM33_SPIN,1447,12,interior,MLD2,2633.72208
CM33_SPIN,1448,1,labsea,a_ice,0.20284
CM33_SPIN,1448,2,labsea,a_ice,0.25438
CM33_SPIN,1448,3,labsea,a_ice,0.28801
CM33_SPIN,1448,4,labsea,a_ice,0.26565
CM33_SPIN,1448,5,labsea,a_ice,0.21265
CM33_SPIN,1448,6,labsea,a_ice,0.15290
CM33_SPIN,1448,7,labsea,a_ice,0.03702
CM33_SPIN,1448,8,labsea,a_ice,0.00047
CM33_SPIN,1448,9,labsea,a_ice,0.00000
CM33_SPIN,1448,10,labsea,a_ice,0.01338
CM33_SPIN,1448,11,labsea,a_ice,0.07730
CM33_SPIN,1448,12,labsea,a_ice,0.20145
CM33_SPIN,1448,1,interior,a_ice,0.04466
CM33_SPIN,1448,2,interior,a_ice,0.03458
CM33_SPIN,1448,3,interior,a_ice,0.11224
CM33_SPIN,1448,4,interior,a_ice,0.12645
CM33_SPIN,1448,5,interior,a_ice,0.03352
CM33_SPIN,1448,6,interior,a_ice,0.02349
CM33_SPIN,1448,7,interior,a_ice,0.00386
CM33_SPIN,1448,8,interior,a_ice,0.00000
CM33_SPIN,1448,9,interior,a_ice,0.00000
CM33_SPIN,1448,10,interior,a_ice,0.00002
CM33_SPIN,1448,11,interior,a_ice,0.00523
CM33_SPIN,1448,12,interior,a_ice,0.03527
CM33_SPIN,1448,1,labsea,MLD2,1681.87577
CM33_SPIN,1448,2,labsea,MLD2,1615.76457
CM33_SPIN,1448,3,labsea,MLD2,1517.75794
CM33_SPIN,1448,4,labsea,MLD2,1355.63380
CM33_SPIN,1448,5,labsea,MLD2,714.16387
CM33_SPIN,1448,6,labsea,MLD2,28.42504
CM33_SPIN,1448,7,labsea,MLD2,12.71944
CM33_SPIN,1448,8,labsea,MLD2,13.77462
CM33_SPIN,1448,9,labsea,MLD2,23.01471
CM33_SPIN,1448,10,labsea,MLD2,41.35250
CM33_SPIN,1448,11,labsea,MLD2,258.30763
CM33_SPIN,1448,12,labsea,MLD2,1540.52586
CM33_SPIN,1448,1,interior,MLD2,2606.35935
CM33_SPIN,1448,2,interior,MLD2,2560.55914
CM33_SPIN,1448,3,interior,MLD2,2294.96924
CM33_SPIN,1448,4,interior,MLD2,2219.63875
CM33_SPIN,1448,5,interior,MLD2,1401.69271
CM33_SPIN,1448,6,interior,MLD2,57.01780
CM33_SPIN,1448,7,interior,MLD2,13.85568
CM33_SPIN,1448,8,interior,MLD2,16.00836
CM33_SPIN,1448,9,interior,MLD2,25.45479
CM33_SPIN,1448,10,interior,MLD2,46.54777
CM33_SPIN,1448,11,interior,MLD2,330.09723
CM33_SPIN,1448,12,interior,MLD2,2502.15764
CM33_SPIN,1449,1,labsea,a_ice,0.23303
CM33_SPIN,1449,2,labsea,a_ice,0.23970
CM33_SPIN,1449,3,labsea,a_ice,0.23347
CM33_SPIN,1449,4,labsea,a_ice,0.24036
CM33_SPIN,1449,5,labsea,a_ice,0.19884
CM33_SPIN,1449,6,labsea,a_ice,0.13123
CM33_SPIN,1449,7,labsea,a_ice,0.04852
CM33_SPIN,1449,8,labsea,a_ice,0.00644
CM33_SPIN,1449,9,labsea,a_ice,0.00003
CM33_SPIN,1449,10,labsea,a_ice,0.00175
CM33_SPIN,1449,11,labsea,a_ice,0.05361
CM33_SPIN,1449,12,labsea,a_ice,0.16021
CM33_SPIN,1449,1,interior,a_ice,0.07700
CM33_SPIN,1449,2,interior,a_ice,0.07281
CM33_SPIN,1449,3,interior,a_ice,0.03038
CM33_SPIN,1449,4,interior,a_ice,0.02579
CM33_SPIN,1449,5,interior,a_ice,0.03194
CM33_SPIN,1449,6,interior,a_ice,0.03292
CM33_SPIN,1449,7,interior,a_ice,0.00639
CM33_SPIN,1449,8,interior,a_ice,0.00000
CM33_SPIN,1449,9,interior,a_ice,0.00000
CM33_SPIN,1449,10,interior,a_ice,0.00000
CM33_SPIN,1449,11,interior,a_ice,0.00060
CM33_SPIN,1449,12,interior,a_ice,0.02941
CM33_SPIN,1449,1,labsea,MLD2,1736.84527
CM33_SPIN,1449,2,labsea,MLD2,1669.16240
CM33_SPIN,1449,3,labsea,MLD2,1691.21566
CM33_SPIN,1449,4,labsea,MLD2,1573.53073
CM33_SPIN,1449,5,labsea,MLD2,734.99782
CM33_SPIN,1449,6,labsea,MLD2,53.35711
CM33_SPIN,1449,7,labsea,MLD2,13.16426
CM33_SPIN,1449,8,labsea,MLD2,14.61970
CM33_SPIN,1449,9,labsea,MLD2,19.27938
CM33_SPIN,1449,10,labsea,MLD2,29.69313
CM33_SPIN,1449,11,labsea,MLD2,414.17607
CM33_SPIN,1449,12,labsea,MLD2,1450.37668
CM33_SPIN,1449,1,interior,MLD2,2611.32168
CM33_SPIN,1449,2,interior,MLD2,2522.37045
CM33_SPIN,1449,3,interior,MLD2,2652.09438
CM33_SPIN,1449,4,interior,MLD2,2450.61322
CM33_SPIN,1449,5,interior,MLD2,1789.13502
CM33_SPIN,1449,6,interior,MLD2,134.66076
CM33_SPIN,1449,7,interior,MLD2,15.14609
CM33_SPIN,1449,8,interior,MLD2,16.92865
CM33_SPIN,1449,9,interior,MLD2,21.26950
CM33_SPIN,1449,10,interior,MLD2,31.92780
CM33_SPIN,1449,11,interior,MLD2,1010.12716
CM33_SPIN,1449,12,interior,MLD2,2551.13265
CM33_SPIN,1450,1,labsea,a_ice,0.20281
CM33_SPIN,1450,2,labsea,a_ice,0.21371
CM33_SPIN,1450,3,labsea,a_ice,0.18572
CM33_SPIN,1450,4,labsea,a_ice,0.18093
CM33_SPIN,1450,5,labsea,a_ice,0.15431
CM33_SPIN,1450,6,labsea,a_ice,0.11485
CM33_SPIN,1450,7,labsea,a_ice,0.02840
CM33_SPIN,1450,8,labsea,a_ice,0.00139
CM33_SPIN,1450,9,labsea,a_ice,0.00057
CM33_SPIN,1450,10,labsea,a_ice,0.00145
CM33_SPIN,1450,11,labsea,a_ice,0.02200
CM33_SPIN,1450,12,labsea,a_ice,0.14170
CM33_SPIN,1450,1,interior,a_ice,0.06135
CM33_SPIN,1450,2,interior,a_ice,0.04719
CM33_SPIN,1450,3,interior,a_ice,0.01644
CM33_SPIN,1450,4,interior,a_ice,0.03719
CM33_SPIN,1450,5,interior,a_ice,0.02875
CM33_SPIN,1450,6,interior,a_ice,0.00518
CM33_SPIN,1450,7,interior,a_ice,0.00069
CM33_SPIN,1450,8,interior,a_ice,0.00001
CM33_SPIN,1450,9,interior,a_ice,0.00000
CM33_SPIN,1450,10,interior,a_ice,0.00004
CM33_SPIN,1450,11,interior,a_ice,0.00110
CM33_SPIN,1450,12,interior,a_ice,0.03076
CM33_SPIN,1450,1,labsea,MLD2,1735.29131
CM33_SPIN,1450,2,labsea,MLD2,1776.05316
CM33_SPIN,1450,3,labsea,MLD2,1760.95925
CM33_SPIN,1450,4,labsea,MLD2,1692.99771
CM33_SPIN,1450,5,labsea,MLD2,1343.18906
CM33_SPIN,1450,6,labsea,MLD2,65.23385
CM33_SPIN,1450,7,labsea,MLD2,10.73358
CM33_SPIN,1450,8,labsea,MLD2,14.30990
CM33_SPIN,1450,9,labsea,MLD2,23.18813
CM33_SPIN,1450,10,labsea,MLD2,33.04166
CM33_SPIN,1450,11,labsea,MLD2,318.26818
CM33_SPIN,1450,12,labsea,MLD2,1419.89198
CM33_SPIN,1450,1,interior,MLD2,2634.07398
CM33_SPIN,1450,2,interior,MLD2,2666.46130
CM33_SPIN,1450,3,interior,MLD2,2685.38482
CM33_SPIN,1450,4,interior,MLD2,2558.37039
CM33_SPIN,1450,5,interior,MLD2,2266.20683
CM33_SPIN,1450,6,interior,MLD2,198.55934
CM33_SPIN,1450,7,interior,MLD2,12.46627
CM33_SPIN,1450,8,interior,MLD2,16.43612
CM33_SPIN,1450,9,interior,MLD2,27.39195
CM33_SPIN,1450,10,interior,MLD2,35.52872
CM33_SPIN,1450,11,interior,MLD2,792.10426
CM33_SPIN,1450,12,interior,MLD2,2568.74591
CM33_SPIN,1451,1,labsea,a_ice,0.23732
CM33_SPIN,1451,2,labsea,a_ice,0.26908
CM33_SPIN,1451,3,labsea,a_ice,0.28548
CM33_SPIN,1451,4,labsea,a_ice,0.30873
CM33_SPIN,1451,5,labsea,a_ice,0.23956
CM33_SPIN,1451,6,labsea,a_ice,0.15134
CM33_SPIN,1451,7,labsea,a_ice,0.05251
CM33_SPIN,1451,8,labsea,a_ice,0.00761
CM33_SPIN,1451,9,labsea,a_ice,0.00065
CM33_SPIN,1451,10,labsea,a_ice,0.02207
CM33_SPIN,1451,11,labsea,a_ice,0.05429
CM33_SPIN,1451,12,labsea,a_ice,0.13366
CM33_SPIN,1451,1,interior,a_ice,0.04592
CM33_SPIN,1451,2,interior,a_ice,0.05745
CM33_SPIN,1451,3,interior,a_ice,0.06181
CM33_SPIN,1451,4,interior,a_ice,0.11866
CM33_SPIN,1451,5,interior,a_ice,0.05114
CM33_SPIN,1451,6,interior,a_ice,0.01246
CM33_SPIN,1451,7,interior,a_ice,0.00239
CM33_SPIN,1451,8,interior,a_ice,0.00000
CM33_SPIN,1451,9,interior,a_ice,0.00000
CM33_SPIN,1451,10,interior,a_ice,0.00000
CM33_SPIN,1451,11,interior,a_ice,0.00000
CM33_SPIN,1451,12,interior,a_ice,0.00726
CM33_SPIN,1451,1,labsea,MLD2,1669.26761
CM33_SPIN,1451,2,labsea,MLD2,1588.87529
CM33_SPIN,1451,3,labsea,MLD2,1407.69210
CM33_SPIN,1451,4,labsea,MLD2,1246.04003
CM33_SPIN,1451,5,labsea,MLD2,557.89424
CM33_SPIN,1451,6,labsea,MLD2,23.93678
CM33_SPIN,1451,7,labsea,MLD2,16.78624
CM33_SPIN,1451,8,labsea,MLD2,16.45145
CM33_SPIN,1451,9,labsea,MLD2,21.79268
CM33_SPIN,1451,10,labsea,MLD2,64.59412
CM33_SPIN,1451,11,labsea,MLD2,447.37771
CM33_SPIN,1451,12,labsea,MLD2,1312.02059
CM33_SPIN,1451,1,interior,MLD2,2641.22420
CM33_SPIN,1451,2,interior,MLD2,2577.06135
CM33_SPIN,1451,3,interior,MLD2,2432.59031
CM33_SPIN,1451,4,interior,MLD2,1828.30244
CM33_SPIN,1451,5,interior,MLD2,854.49540
CM33_SPIN,1451,6,interior,MLD2,26.89610
CM33_SPIN,1451,7,interior,MLD2,17.26356
CM33_SPIN,1451,8,interior,MLD2,18.90727
CM33_SPIN,1451,9,interior,MLD2,23.80715
CM33_SPIN,1451,10,interior,MLD2,144.51484
CM33_SPIN,1451,11,interior,MLD2,985.78782
CM33_SPIN,1451,12,interior,MLD2,2642.36426
CM33_SPIN,1452,1,labsea,a_ice,0.22113
CM33_SPIN,1452,2,labsea,a_ice,0.24647
CM33_SPIN,1452,3,labsea,a_ice,0.25061
CM33_SPIN,1452,4,labsea,a_ice,0.22171
CM33_SPIN,1452,5,labsea,a_ice,0.17377
CM33_SPIN,1452,6,labsea,a_ice,0.07049
CM33_SPIN,1452,7,labsea,a_ice,0.01775
CM33_SPIN,1452,8,labsea,a_ice,0.00005
CM33_SPIN,1452,9,labsea,a_ice,0.00000
CM33_SPIN,1452,10,labsea,a_ice,0.00032
CM33_SPIN,1452,11,labsea,a_ice,0.03244
CM33_SPIN,1452,12,labsea,a_ice,0.11694
CM33_SPIN,1452,1,interior,a_ice,0.05151
CM33_SPIN,1452,2,interior,a_ice,0.05659
CM33_SPIN,1452,3,interior,a_ice,0.04192
CM33_SPIN,1452,4,interior,a_ice,0.04173
CM33_SPIN,1452,5,interior,a_ice,0.06043
CM33_SPIN,1452,6,interior,a_ice,0.00857
CM33_SPIN,1452,7,interior,a_ice,0.00001
CM33_SPIN,1452,8,interior,a_ice,0.00000
CM33_SPIN,1452,9,interior,a_ice,0.00000
CM33_SPIN,1452,10,interior,a_ice,0.00000
CM33_SPIN,1452,11,interior,a_ice,0.00075
CM33_SPIN,1452,12,interior,a_ice,0.01423
CM33_SPIN,1452,1,labsea,MLD2,1648.66425
CM33_SPIN,1452,2,labsea,MLD2,1717.36635
CM33_SPIN,1452,3,labsea,MLD2,1643.56911
CM33_SPIN,1452,4,labsea,MLD2,1488.45918
CM33_SPIN,1452,5,labsea,MLD2,635.06721
CM33_SPIN,1452,6,labsea,MLD2,16.04280
CM33_SPIN,1452,7,labsea,MLD2,15.35936
CM33_SPIN,1452,8,labsea,MLD2,17.90438
CM33_SPIN,1452,9,labsea,MLD2,27.62872
CM33_SPIN,1452,10,labsea,MLD2,38.93856
CM33_SPIN,1452,11,labsea,MLD2,292.71918
CM33_SPIN,1452,12,labsea,MLD2,1310.38139
CM33_SPIN,1452,1,interior,MLD2,2618.73805
CM33_SPIN,1452,2,interior,MLD2,2603.33755
CM33_SPIN,1452,3,interior,MLD2,2561.62182
CM33_SPIN,1452,4,interior,MLD2,2246.22385
CM33_SPIN,1452,5,interior,MLD2,1125.60762
CM33_SPIN,1452,6,interior,MLD2,17.24346
CM33_SPIN,1452,7,interior,MLD2,16.14810
CM33_SPIN,1452,8,interior,MLD2,18.23052
CM33_SPIN,1452,9,interior,MLD2,27.50581
CM33_SPIN,1452,10,interior,MLD2,39.48007
CM33_SPIN,1452,11,interior,MLD2,699.55384
CM33_SPIN,1452,12,interior,MLD2,2434.05923
CM33_SPIN,1453,1,labsea,a_ice,0.16819
CM33_SPIN,1453,2,labsea,a_ice,0.17853
CM33_SPIN,1453,3,labsea,a_ice,0.24504
CM33_SPIN,1453,4,labsea,a_ice,0.20209
CM33_SPIN,1453,5,labsea,a_ice,0.17491
CM33_SPIN,1453,6,labsea,a_ice,0.10414
CM33_SPIN,1453,7,labsea,a_ice,0.04581
CM33_SPIN,1453,8,labsea,a_ice,0.00263
CM33_SPIN,1453,9,labsea,a_ice,0.00000
CM33_SPIN,1453,10,labsea,a_ice,0.00825
CM33_SPIN,1453,11,labsea,a_ice,0.08477
CM33_SPIN,1453,12,labsea,a_ice,0.19498
CM33_SPIN,1453,1,interior,a_ice,0.02556
CM33_SPIN,1453,2,interior,a_ice,0.04428
CM33_SPIN,1453,3,interior,a_ice,0.06685
CM33_SPIN,1453,4,interior,a_ice,0.04507
CM33_SPIN,1453,5,interior,a_ice,0.06083
CM33_SPIN,1453,6,interior,a_ice,0.02886
CM33_SPIN,1453,7,interior,a_ice,0.00682
CM33_SPIN,1453,8,interior,a_ice,0.00000
CM33_SPIN,1453,9,interior,a_ice,0.00000
CM33_SPIN,1453,10,interior,a_ice,0.00000
CM33_SPIN,1453,11,interior,a_ice,0.00349
CM33_SPIN,1453,12,interior,a_ice,0.02302
CM33_SPIN,1453,1,labsea,MLD2,1700.97925
CM33_SPIN,1453,2,labsea,MLD2,1758.31363
CM33_SPIN,1453,3,labsea,MLD2,1630.28821
CM33_SPIN,1453,4,labsea,MLD2,1561.28837
CM33_SPIN,1453,5,labsea,MLD2,1237.03650
CM33_SPIN,1453,6,labsea,MLD2,211.94926
CM33_SPIN,1453,7,labsea,MLD2,17.08682
CM33_SPIN,1453,8,labsea,MLD2,17.08949
CM33_SPIN,1453,9,labsea,MLD2,26.75898
CM33_SPIN,1453,10,labsea,MLD2,63.35329
CM33_SPIN,1453,11,labsea,MLD2,593.72315
CM33_SPIN,1453,12,labsea,MLD2,1327.78634
CM33_SPIN,1453,1,interior,MLD2,2608.11263
CM33_SPIN,1453,2,interior,MLD2,2667.34115
CM33_SPIN,1453,3,interior,MLD2,2558.09157
CM33_SPIN,1453,4,interior,MLD2,2474.33884
CM33_SPIN,1453,5,interior,MLD2,2025.02159
CM33_SPIN,1453,6,interior,MLD2,534.45955
CM33_SPIN,1453,7,interior,MLD2,21.07634
CM33_SPIN,1453,8,interior,MLD2,22.72494
CM33_SPIN,1453,9,interior,MLD2,30.83325
CM33_SPIN,1453,10,interior,MLD2,119.64444
CM33_SPIN,1453,11,interior,MLD2,1334.66668
CM33_SPIN,1453,12,interior,MLD2,2516.49361
CM33_SPIN,1454,1,labsea,a_ice,0.29398
CM33_SPIN,1454,2,labsea,a_ice,0.31140
CM33_SPIN,1454,3,labsea,a_ice,0.31697
CM33_SPIN,1454,4,labsea,a_ice,0.33059
CM33_SPIN,1454,5,labsea,a_ice,0.27930
CM33_SPIN,1454,6,labsea,a_ice,0.22227
CM33_SPIN,1454,7,labsea,a_ice,0.09513
CM33_SPIN,1454,8,labsea,a_ice,0.02214
CM33_SPIN,1454,9,labsea,a_ice,0.00251
CM33_SPIN,1454,10,labsea,a_ice,0.01480
CM33_SPIN,1454,11,labsea,a_ice,0.14845
CM33_SPIN,1454,12,labsea,a_ice,0.19760
CM33_SPIN,1454,1,interior,a_ice,0.10196
CM33_SPIN,1454,2,interior,a_ice,0.08226
CM33_SPIN,1454,3,interior,a_ice,0.10448
CM33_SPIN,1454,4,interior,a_ice,0.11452
CM33_SPIN,1454,5,interior,a_ice,0.11391
CM33_SPIN,1454,6,interior,a_ice,0.04240
CM33_SPIN,1454,7,interior,a_ice,0.02186
CM33_SPIN,1454,8,interior,a_ice,0.00040
CM33_SPIN,1454,9,interior,a_ice,0.00000
CM33_SPIN,1454,10,interior,a_ice,0.00006
CM33_SPIN,1454,11,interior,a_ice,0.02512
CM33_SPIN,1454,12,interior,a_ice,0.04750
CM33_SPIN,1454,1,labsea,MLD2,1661.49203
CM33_SPIN,1454,2,labsea,MLD2,1626.16064
CM33_SPIN,1454,3,labsea,MLD2,1428.01878
CM33_SPIN,1454,4,labsea,MLD2,1139.16017
CM33_SPIN,1454,5,labsea,MLD2,1007.05161
CM33_SPIN,1454,6,labsea,MLD2,50.41255
CM33_SPIN,1454,7,labsea,MLD2,12.79889
CM33_SPIN,1454,8,labsea,MLD2,16.64014
CM33_SPIN,1454,9,labsea,MLD2,25.14885
CM33_SPIN,1454,10,labsea,MLD2,65.45955
CM33_SPIN,1454,11,labsea,MLD2,1108.52530
CM33_SPIN,1454,12,labsea,MLD2,1739.61521
CM33_SPIN,1454,1,interior,MLD2,2536.70288
CM33_SPIN,1454,2,interior,MLD2,2557.16854
CM33_SPIN,1454,3,interior,MLD2,2361.20396
CM33_SPIN,1454,4,interior,MLD2,1676.45041
CM33_SPIN,1454,5,interior,MLD2,1188.22461
CM33_SPIN,1454,6,interior,MLD2,85.78330
CM33_SPIN,1454,7,interior,MLD2,14.35533
CM33_SPIN,1454,8,interior,MLD2,18.10668
CM33_SPIN,1454,9,interior,MLD2,27.88026
CM33_SPIN,1454,10,interior,MLD2,105.12838
CM33_SPIN,1454,11,interior,MLD2,2100.23025
CM33_SPIN,1454,12,interior,MLD2,2659.05291
CM33_SPIN,1455,1,labsea,a_ice,0.22395
CM33_SPIN,1455,2,labsea,a_ice,0.28215
CM33_SPIN,1455,3,labsea,a_ice,0.27384
CM33_SPIN,1455,4,labsea,a_ice,0.25744
CM33_SPIN,1455,5,labsea,a_ice,0.23518
CM33_SPIN,1455,6,labsea,a_ice,0.15673
CM33_SPIN,1455,7,labsea,a_ice,0.06630
CM33_SPIN,1455,8,labsea,a_ice,0.01750
CM33_SPIN,1455,9,labsea,a_ice,0.00362
CM33_SPIN,1455,10,labsea,a_ice,0.01824
CM33_SPIN,1455,11,labsea,a_ice,0.07247
CM33_SPIN,1455,12,labsea,a_ice,0.17828
CM33_SPIN,1455,1,interior,a_ice,0.06637
CM33_SPIN,1455,2,interior,a_ice,0.07403
CM33_SPIN,1455,3,interior,a_ice,0.10840
CM33_SPIN,1455,4,interior,a_ice,0.06362
CM33_SPIN,1455,5,interior,a_ice,0.06615
CM33_SPIN,1455,6,interior,a_ice,0.02446
CM33_SPIN,1455,7,interior,a_ice,0.00303
CM33_SPIN,1455,8,interior,a_ice,0.00004
CM33_SPIN,1455,9,interior,a_ice,0.00000
CM33_SPIN,1455,10,interior,a_ice,0.00000
CM33_SPIN,1455,11,interior,a_ice,0.00115
CM33_SPIN,1455,12,interior,a_ice,0.03622
CM33_SPIN,1455,1,labsea,MLD2,1770.80157
CM33_SPIN,1455,2,labsea,MLD2,1598.99150
CM33_SPIN,1455,3,labsea,MLD2,1490.95573
CM33_SPIN,1455,4,labsea,MLD2,1305.63262
CM33_SPIN,1455,5,labsea,MLD2,898.16366
CM33_SPIN,1455,6,labsea,MLD2,18.48459
CM33_SPIN,1455,7,labsea,MLD2,17.64970
CM33_SPIN,1455,8,labsea,MLD2,19.60514
CM33_SPIN,1455,9,labsea,MLD2,23.68200
CM33_SPIN,1455,10,labsea,MLD2,54.45798
CM33_SPIN,1455,11,labsea,MLD2,653.95172
CM33_SPIN,1455,12,labsea,MLD2,1664.60796
CM33_SPIN,1455,1,interior,MLD2,2625.59316
CM33_SPIN,1455,2,interior,MLD2,2449.74205
CM33_SPIN,1455,3,interior,MLD2,2333.86629
CM33_SPIN,1455,4,interior,MLD2,2038.38739
CM33_SPIN,1455,5,interior,MLD2,1487.77557
CM33_SPIN,1455,6,interior,MLD2,22.49026
CM33_SPIN,1455,7,interior,MLD2,18.48326
CM33_SPIN,1455,8,interior,MLD2,22.77743
CM33_SPIN,1455,9,interior,MLD2,26.87235
CM33_SPIN,1455,10,interior,MLD2,85.11704
CM33_SPIN,1455,11,interior,MLD2,1451.58697
CM33_SPIN,1455,12,interior,MLD2,2621.73487
CM33_SPIN,1456,1,labsea,a_ice,0.22738
CM33_SPIN,1456,2,labsea,a_ice,0.26111
CM33_SPIN,1456,3,labsea,a_ice,0.29925
CM33_SPIN,1456,4,labsea,a_ice,0.25963
CM33_SPIN,1456,5,labsea,a_ice,0.20453
CM33_SPIN,1456,6,labsea,a_ice,0.14937
CM33_SPIN,1456,7,labsea,a_ice,0.06721
CM33_SPIN,1456,8,labsea,a_ice,0.02206
CM33_SPIN,1456,9,labsea,a_ice,0.00402
CM33_SPIN,1456,10,labsea,a_ice,0.00091
CM33_SPIN,1456,11,labsea,a_ice,0.06604
CM33_SPIN,1456,12,labsea,a_ice,0.17761
CM33_SPIN,1456,1,interior,a_ice,0.05164
CM33_SPIN,1456,2,interior,a_ice,0.08616
CM33_SPIN,1456,3,interior,a_ice,0.14196
CM33_SPIN,1456,4,interior,a_ice,0.08774
CM33_SPIN,1456,5,interior,a_ice,0.03048
CM33_SPIN,1456,6,interior,a_ice,0.02069
CM33_SPIN,1456,7,interior,a_ice,0.00276
CM33_SPIN,1456,8,interior,a_ice,0.00000
CM33_SPIN,1456,9,interior,a_ice,0.00000
CM33_SPIN,1456,10,interior,a_ice,0.00000
CM33_SPIN,1456,11,interior,a_ice,0.00383
CM33_SPIN,1456,12,interior,a_ice,0.03561
CM33_SPIN,1456,1,labsea,MLD2,1536.56963
CM33_SPIN,1456,2,labsea,MLD2,1528.37997
CM33_SPIN,1456,3,labsea,MLD2,1609.09535
CM33_SPIN,1456,4,labsea,MLD2,1354.77082
CM33_SPIN,1456,5,labsea,MLD2,654.54707
CM33_SPIN,1456,6,labsea,MLD2,146.26685
CM33_SPIN,1456,7,labsea,MLD2,14.15697
CM33_SPIN,1456,8,labsea,MLD2,16.35371
CM33_SPIN,1456,9,labsea,MLD2,22.80008
CM33_SPIN,1456,10,labsea,MLD2,34.08270
CM33_SPIN,1456,11,labsea,MLD2,527.03465
CM33_SPIN,1456,12,labsea,MLD2,1616.54530
CM33_SPIN,1456,1,interior,MLD2,2459.25981
CM33_SPIN,1456,2,interior,MLD2,2338.71468
CM33_SPIN,1456,3,interior,MLD2,2391.57579
CM33_SPIN,1456,4,interior,MLD2,2153.72122
CM33_SPIN,1456,5,interior,MLD2,1705.47970
CM33_SPIN,1456,6,interior,MLD2,449.77723
CM33_SPIN,1456,7,interior,MLD2,16.94268
CM33_SPIN,1456,8,interior,MLD2,17.00945
CM33_SPIN,1456,9,interior,MLD2,21.46929
CM33_SPIN,1456,10,interior,MLD2,33.88537
CM33_SPIN,1456,11,interior,MLD2,1186.93590
CM33_SPIN,1456,12,interior,MLD2,2563.42542
CM33_SPIN,1457,1,labsea,a_ice,0.17510
CM33_SPIN,1457,2,labsea,a_ice,0.20699
CM33_SPIN,1457,3,labsea,a_ice,0.17741
CM33_SPIN,1457,4,labsea,a_ice,0.18731
CM33_SPIN,1457,5,labsea,a_ice,0.12506
CM33_SPIN,1457,6,labsea,a_ice,0.09485
CM33_SPIN,1457,7,labsea,a_ice,0.03901
CM33_SPIN,1457,8,labsea,a_ice,0.00519
CM33_SPIN,1457,9,labsea,a_ice,0.00004
CM33_SPIN,1457,10,labsea,a_ice,0.00466
CM33_SPIN,1457,11,labsea,a_ice,0.06666
CM33_SPIN,1457,12,labsea,a_ice,0.13809
CM33_SPIN,1457,1,interior,a_ice,0.02882
CM33_SPIN,1457,2,interior,a_ice,0.05048
CM33_SPIN,1457,3,interior,a_ice,0.01883
CM33_SPIN,1457,4,interior,a_ice,0.01905
CM33_SPIN,1457,5,interior,a_ice,0.01195
CM33_SPIN,1457,6,interior,a_ice,0.00732
CM33_SPIN,1457,7,interior,a_ice,0.00092
CM33_SPIN,1457,8,interior,a_ice,0.00000
CM33_SPIN,1457,9,interior,a_ice,0.00000
CM33_SPIN,1457,10,interior,a_ice,0.00000
CM33_SPIN,1457,11,interior,a_ice,0.00160
CM33_SPIN,1457,12,interior,a_ice,0.02262
CM33_SPIN,1457,1,labsea,MLD2,1693.63779
CM33_SPIN,1457,2,labsea,MLD2,1660.30778
CM33_SPIN,1457,3,labsea,MLD2,1730.58046
CM33_SPIN,1457,4,labsea,MLD2,1692.48394
CM33_SPIN,1457,5,labsea,MLD2,1068.13479
CM33_SPIN,1457,6,labsea,MLD2,287.23335
CM33_SPIN,1457,7,labsea,MLD2,17.73576
CM33_SPIN,1457,8,labsea,MLD2,15.75824
CM33_SPIN,1457,9,labsea,MLD2,18.42903
CM33_SPIN,1457,10,labsea,MLD2,43.43010
CM33_SPIN,1457,11,labsea,MLD2,547.42233
CM33_SPIN,1457,12,labsea,MLD2,1317.97286
CM33_SPIN,1457,1,interior,MLD2,2615.63596
CM33_SPIN,1457,2,interior,MLD2,2597.51444
CM33_SPIN,1457,3,interior,MLD2,2679.41186
CM33_SPIN,1457,4,interior,MLD2,2664.46708
CM33_SPIN,1457,5,interior,MLD2,2161.76868
CM33_SPIN,1457,6,interior,MLD2,904.37299
CM33_SPIN,1457,7,interior,MLD2,22.04605
CM33_SPIN,1457,8,interior,MLD2,18.47172
CM33_SPIN,1457,9,interior,MLD2,21.10664
CM33_SPIN,1457,10,interior,MLD2,69.40972
CM33_SPIN,1457,11,interior,MLD2,1418.75694
CM33_SPIN,1457,12,interior,MLD2,2550.19432
CM33_SPIN,1458,1,labsea,a_ice,0.17838
CM33_SPIN,1458,2,labsea,a_ice,0.20374
CM33_SPIN,1458,3,labsea,a_ice,0.23963
CM33_SPIN,1458,4,labsea,a_ice,0.23952
CM33_SPIN,1458,5,labsea,a_ice,0.19491
CM33_SPIN,1458,6,labsea,a_ice,0.09902
CM33_SPIN,1458,7,labsea,a_ice,0.03189
CM33_SPIN,1458,8,labsea,a_ice,0.00048
CM33_SPIN,1458,9,labsea,a_ice,0.00000
CM33_SPIN,1458,10,labsea,a_ice,0.00485
CM33_SPIN,1458,11,labsea,a_ice,0.07973
CM33_SPIN,1458,12,labsea,a_ice,0.22388
CM33_SPIN,1458,1,interior,a_ice,0.03194
CM33_SPIN,1458,2,interior,a_ice,0.04363
CM33_SPIN,1458,3,interior,a_ice,0.06169
CM33_SPIN,1458,4,interior,a_ice,0.03155
CM33_SPIN,1458,5,interior,a_ice,0.04537
CM33_SPIN,1458,6,interior,a_ice,0.02585
CM33_SPIN,1458,7,interior,a_ice,0.00381
CM33_SPIN,1458,8,interior,a_ice,0.00000
CM33_SPIN,1458,9,interior,a_ice,0.00000
CM33_SPIN,1458,10,interior,a_ice,0.00001
CM33_SPIN,1458,11,interior,a_ice,0.01065
CM33_SPIN,1458,12,interior,a_ice,0.04329
CM33_SPIN,1458,1,labsea,MLD2,1710.90822
CM33_SPIN,1458,2,labsea,MLD2,1749.96865
CM33_SPIN,1458,3,labsea,MLD2,1600.14779
CM33_SPIN,1458,4,labsea,MLD2,1486.51582
CM33_SPIN,1458,5,labsea,MLD2,815.72214
CM33_SPIN,1458,6,labsea,MLD2,102.75558
CM33_SPIN,1458,7,labsea,MLD2,14.16938
CM33_SPIN,1458,8,labsea,MLD2,15.52400
CM33_SPIN,1458,9,labsea,MLD2,23.71966
CM33_SPIN,1458,10,labsea,MLD2,39.21464
CM33_SPIN,1458,11,labsea,MLD2,522.15495
CM33_SPIN,1458,12,labsea,MLD2,1172.28029
CM33_SPIN,1458,1,interior,MLD2,2644.51606
CM33_SPIN,1458,2,interior,MLD2,2661.98480
CM33_SPIN,1458,3,interior,MLD2,2479.28779
CM33_SPIN,1458,4,interior,MLD2,2468.25734
CM33_SPIN,1458,5,interior,MLD2,2145.33595
CM33_SPIN,1458,6,interior,MLD2,315.73047
CM33_SPIN,1458,7,interior,MLD2,16.47927
CM33_SPIN,1458,8,interior,MLD2,16.88463
CM33_SPIN,1458,9,interior,MLD2,24.02292
CM33_SPIN,1458,10,interior,MLD2,45.34772
CM33_SPIN,1458,11,interior,MLD2,1030.29912
CM33_SPIN,1458,12,interior,MLD2,2089.55437
CM33_SPIN,1459,1,labsea,a_ice,0.34156
CM33_SPIN,1459,2,labsea,a_ice,0.39620
CM33_SPIN,1459,3,labsea,a_ice,0.37580
CM33_SPIN,1459,4,labsea,a_ice,0.27987
CM33_SPIN,1459,5,labsea,a_ice,0.24618
CM33_SPIN,1459,6,labsea,a_ice,0.17305
CM33_SPIN,1459,7,labsea,a_ice,0.06791
CM33_SPIN,1459,8,labsea,a_ice,0.00927
CM33_SPIN,1459,9,labsea,a_ice,0.00320
CM33_SPIN,1459,10,labsea,a_ice,0.01024
CM33_SPIN,1459,11,labsea,a_ice,0.08002
CM33_SPIN,1459,12,labsea,a_ice,0.19012
CM33_SPIN,1459,1,interior,a_ice,0.20504
CM33_SPIN,1459,2,interior,a_ice,0.28346
CM33_SPIN,1459,3,interior,a_ice,0.19243
CM33_SPIN,1459,4,interior,a_ice,0.08058
CM33_SPIN,1459,5,interior,a_ice,0.07346
CM33_SPIN,1459,6,interior,a_ice,0.06411
CM33_SPIN,1459,7,interior,a_ice,0.01834
CM33_SPIN,1459,8,interior,a_ice,0.00027
CM33_SPIN,1459,9,interior,a_ice,0.00000
CM33_SPIN,1459,10,interior,a_ice,0.00000
CM33_SPIN,1459,11,interior,a_ice,0.00130
CM33_SPIN,1459,12,interior,a_ice,0.01991
CM33_SPIN,1459,1,labsea,MLD2,1444.31903
CM33_SPIN,1459,2,labsea,MLD2,1282.81949
CM33_SPIN,1459,3,labsea,MLD2,1239.78067
CM33_SPIN,1459,4,labsea,MLD2,1425.38242
CM33_SPIN,1459,5,labsea,MLD2,1332.53031
CM33_SPIN,1459,6,labsea,MLD2,41.99085
CM33_SPIN,1459,7,labsea,MLD2,12.69048
CM33_SPIN,1459,8,labsea,MLD2,17.32404
CM33_SPIN,1459,9,labsea,MLD2,26.90476
CM33_SPIN,1459,10,labsea,MLD2,89.08400
CM33_SPIN,1459,11,labsea,MLD2,935.42697
CM33_SPIN,1459,12,labsea,MLD2,1659.16107
CM33_SPIN,1459,1,interior,MLD2,2114.19747
CM33_SPIN,1459,2,interior,MLD2,1767.63796
CM33_SPIN,1459,3,interior,MLD2,1999.63749
CM33_SPIN,1459,4,interior,MLD2,2163.12390
CM33_SPIN,1459,5,interior,MLD2,1888.18781
CM33_SPIN,1459,6,interior,MLD2,98.97660
CM33_SPIN,1459,7,interior,MLD2,14.62065
CM33_SPIN,1459,8,interior,MLD2,20.07127
CM33_SPIN,1459,9,interior,MLD2,31.60992
CM33_SPIN,1459,10,interior,MLD2,188.23464
CM33_SPIN,1459,11,interior,MLD2,1889.26552
CM33_SPIN,1459,12,interior,MLD2,2657.03135
CM33_SPIN,1460,1,labsea,a_ice,0.22429
CM33_SPIN,1460,2,labsea,a_ice,0.23033
CM33_SPIN,1460,3,labsea,a_ice,0.26738
CM33_SPIN,1460,4,labsea,a_ice,0.30212
CM33_SPIN,1460,5,labsea,a_ice,0.24242
CM33_SPIN,1460,6,labsea,a_ice,0.15682
CM33_SPIN,1460,7,labsea,a_ice,0.04943
CM33_SPIN,1460,8,labsea,a_ice,0.00842
CM33_SPIN,1460,9,labsea,a_ice,0.00036
CM33_SPIN,1460,10,labsea,a_ice,0.00614
CM33_SPIN,1460,11,labsea,a_ice,0.08914
CM33_SPIN,1460,12,labsea,a_ice,0.15921
CM33_SPIN,1460,1,interior,a_ice,0.03784
CM33_SPIN,1460,2,interior,a_ice,0.04426
CM33_SPIN,1460,3,interior,a_ice,0.05983
CM33_SPIN,1460,4,interior,a_ice,0.06802
CM33_SPIN,1460,5,interior,a_ice,0.09047
CM33_SPIN,1460,6,interior,a_ice,0.03191
CM33_SPIN,1460,7,interior,a_ice,0.00301
CM33_SPIN,1460,8,interior,a_ice,0.00000
CM33_SPIN,1460,9,interior,a_ice,0.00000
CM33_SPIN,1460,10,interior,a_ice,0.00000
CM33_SPIN,1460,11,interior,a_ice,0.00245
CM33_SPIN,1460,12,interior,a_ice,0.02243
CM33_SPIN,1460,1,labsea,MLD2,1708.37880
CM33_SPIN,1460,2,labsea,MLD2,1740.85089
CM33_SPIN,1460,3,labsea,MLD2,1665.41847
CM33_SPIN,1460,4,labsea,MLD2,1516.19078
CM33_SPIN,1460,5,labsea,MLD2,1166.19069
CM33_SPIN,1460,6,labsea,MLD2,100.14025
CM33_SPIN,1460,7,labsea,MLD2,16.85238
CM33_SPIN,1460,8,labsea,MLD2,15.67656
CM33_SPIN,1460,9,labsea,MLD2,19.98590
CM33_SPIN,1460,10,labsea,MLD2,71.37315
CM33_SPIN,1460,11,labsea,MLD2,1080.03305
CM33_SPIN,1460,12,labsea,MLD2,1431.74930
CM33_SPIN,1460,1,interior,MLD2,2660.03685
CM33_SPIN,1460,2,interior,MLD2,2651.11881
CM33_SPIN,1460,3,interior,MLD2,2597.08729
CM33_SPIN,1460,4,interior,MLD2,2428.49786
CM33_SPIN,1460,5,interior,MLD2,1957.97387
CM33_SPIN,1460,6,interior,MLD2,318.47257
CM33_SPIN,1460,7,interior,MLD2,19.44994
CM33_SPIN,1460,8,interior,MLD2,17.27981
CM33_SPIN,1460,9,interior,MLD2,21.16266
CM33_SPIN,1460,10,interior,MLD2,142.62518
CM33_SPIN,1460,11,interior,MLD2,2379.43337
CM33_SPIN,1460,12,interior,MLD2,2588.83832
CM33_SPIN,1461,1,labsea,a_ice,0.24407
CM33_SPIN,1461,2,labsea,a_ice,0.31085
CM33_SPIN,1461,3,labsea,a_ice,0.37021
CM33_SPIN,1461,4,labsea,a_ice,0.36372
CM33_SPIN,1461,5,labsea,a_ice,0.27342
CM33_SPIN,1461,6,labsea,a_ice,0.18616
CM33_SPIN,1461,7,labsea,a_ice,0.07197
CM33_SPIN,1461,8,labsea,a_ice,0.01440
CM33_SPIN,1461,9,labsea,a_ice,0.00218
CM33_SPIN,1461,10,labsea,a_ice,0.01746
CM33_SPIN,1461,11,labsea,a_ice,0.09620
CM33_SPIN,1461,12,labsea,a_ice,0.21604
CM33_SPIN,1461,1,interior,a_ice,0.08424
CM33_SPIN,1461,2,interior,a_ice,0.12966
CM33_SPIN,1461,3,interior,a_ice,0.18938
CM33_SPIN,1461,4,interior,a_ice,0.30204
CM33_SPIN,1461,5,interior,a_ice,0.07232
CM33_SPIN,1461,6,interior,a_ice,0.02968
CM33_SPIN,1461,7,interior,a_ice,0.00162
CM33_SPIN,1461,8,interior,a_ice,0.00000
CM33_SPIN,1461,9,interior,a_ice,0.00000
CM33_SPIN,1461,10,interior,a_ice,0.00000
CM33_SPIN,1461,11,interior,a_ice,0.01046
CM33_SPIN,1461,12,interior,a_ice,0.04833
CM33_SPIN,1461,1,labsea,MLD2,1428.73443
CM33_SPIN,1461,2,labsea,MLD2,1442.14003
CM33_SPIN,1461,3,labsea,MLD2,1287.86684
CM33_SPIN,1461,4,labsea,MLD2,951.18775
CM33_SPIN,1461,5,labsea,MLD2,537.89795
CM33_SPIN,1461,6,labsea,MLD2,17.05670
CM33_SPIN,1461,7,labsea,MLD2,15.33407
CM33_SPIN,1461,8,labsea,MLD2,14.19664
CM33_SPIN,1461,9,labsea,MLD2,22.95511
CM33_SPIN,1461,10,labsea,MLD2,33.68009
CM33_SPIN,1461,11,labsea,MLD2,204.26190
CM33_SPIN,1461,12,labsea,MLD2,1352.71197
CM33_SPIN,1461,1,interior,MLD2,2155.24918
CM33_SPIN,1461,2,interior,MLD2,2209.61832
CM33_SPIN,1461,3,interior,MLD2,1705.09525
CM33_SPIN,1461,4,interior,MLD2,1009.37173
CM33_SPIN,1461,5,interior,MLD2,602.31623
CM33_SPIN,1461,6,interior,MLD2,19.11526
CM33_SPIN,1461,7,interior,MLD2,17.59020
CM33_SPIN,1461,8,interior,MLD2,15.90630
CM33_SPIN,1461,9,interior,MLD2,26.43685
CM33_SPIN,1461,10,interior,MLD2,37.31252
CM33_SPIN,1461,11,interior,MLD2,309.51792
CM33_SPIN,1461,12,interior,MLD2,2402.64754
CM33_SPIN,1462,1,labsea,a_ice,0.29711
CM33_SPIN,1462,2,labsea,a_ice,0.34045
CM33_SPIN,1462,3,labsea,a_ice,0.37439
CM33_SPIN,1462,4,labsea,a_ice,0.39005
CM33_SPIN,1462,5,labsea,a_ice,0.29002
CM33_SPIN,1462,6,labsea,a_ice,0.15505
CM33_SPIN,1462,7,labsea,a_ice,0.06116
CM33_SPIN,1462,8,labsea,a_ice,0.00816
CM33_SPIN,1462,9,labsea,a_ice,0.00032
CM33_SPIN,1462,10,labsea,a_ice,0.00039
CM33_SPIN,1462,11,labsea,a_ice,0.02198
CM33_SPIN,1462,12,labsea,a_ice,0.11036
CM33_SPIN,1462,1,interior,a_ice,0.09815
CM33_SPIN,1462,2,interior,a_ice,0.13201
CM33_SPIN,1462,3,interior,a_ice,0.22440
CM33_SPIN,1462,4,interior,a_ice,0.29581
CM33_SPIN,1462,5,interior,a_ice,0.11609
CM33_SPIN,1462,6,interior,a_ice,0.04025
CM33_SPIN,1462,7,interior,a_ice,0.00194
CM33_SPIN,1462,8,interior,a_ice,0.00003
CM33_SPIN,1462,9,interior,a_ice,0.00000
CM33_SPIN,1462,10,interior,a_ice,0.00000
CM33_SPIN,1462,11,interior,a_ice,0.00009
CM33_SPIN,1462,12,interior,a_ice,0.01190
CM33_SPIN,1462,1,labsea,MLD2,1524.51500
CM33_SPIN,1462,2,labsea,MLD2,1401.53529
CM33_SPIN,1462,3,labsea,MLD2,1183.88185
CM33_SPIN,1462,4,labsea,MLD2,1059.63697
CM33_SPIN,1462,5,labsea,MLD2,549.54802
CM33_SPIN,1462,6,labsea,MLD2,20.01388
CM33_SPIN,1462,7,labsea,MLD2,18.44089
CM33_SPIN,1462,8,labsea,MLD2,16.22488
CM33_SPIN,1462,9,labsea,MLD2,23.37949
CM33_SPIN,1462,10,labsea,MLD2,36.82575
CM33_SPIN,1462,11,labsea,MLD2,213.48914
CM33_SPIN,1462,12,labsea,MLD2,1097.25895
CM33_SPIN,1462,1,interior,MLD2,2384.58975
CM33_SPIN,1462,2,interior,MLD2,2253.81248
CM33_SPIN,1462,3,interior,MLD2,1814.20420
CM33_SPIN,1462,4,interior,MLD2,1296.65198
CM33_SPIN,1462,5,interior,MLD2,608.26616
CM33_SPIN,1462,6,interior,MLD2,22.94076
CM33_SPIN,1462,7,interior,MLD2,20.91635
CM33_SPIN,1462,8,interior,MLD2,18.53282
CM33_SPIN,1462,9,interior,MLD2,25.16140
CM33_SPIN,1462,10,interior,MLD2,39.23318
CM33_SPIN,1462,11,interior,MLD2,382.05454
CM33_SPIN,1462,12,interior,MLD2,2083.25048
CM33_SPIN,1463,1,labsea,a_ice,0.17952
CM33_SPIN,1463,2,labsea,a_ice,0.22396
CM33_SPIN,1463,3,labsea,a_ice,0.26006
CM33_SPIN,1463,4,labsea,a_ice,0.25334
CM33_SPIN,1463,5,labsea,a_ice,0.23249
CM33_SPIN,1463,6,labsea,a_ice,0.15323
CM33_SPIN,1463,7,labsea,a_ice,0.05036
CM33_SPIN,1463,8,labsea,a_ice,0.00181
CM33_SPIN,1463,9,labsea,a_ice,0.00020
CM33_SPIN,1463,10,labsea,a_ice,0.00089
CM33_SPIN,1463,11,labsea,a_ice,0.06416
CM33_SPIN,1463,12,labsea,a_ice,0.16307
CM33_SPIN,1463,1,interior,a_ice,0.02608
CM33_SPIN,1463,2,interior,a_ice,0.03312
CM33_SPIN,1463,3,interior,a_ice,0.06171
CM33_SPIN,1463,4,interior,a_ice,0.04821
CM33_SPIN,1463,5,interior,a_ice,0.08922
CM33_SPIN,1463,6,interior,a_ice,0.01613
CM33_SPIN,1463,7,interior,a_ice,0.00371
CM33_SPIN,1463,8,interior,a_ice,0.00000
CM33_SPIN,1463,9,interior,a_ice,0.00000
CM33_SPIN,1463,10,interior,a_ice,0.00000
CM33_SPIN,1463,11,interior,a_ice,0.00086
CM33_SPIN,1463,12,interior,a_ice,0.02456
CM33_SPIN,1463,1,labsea,MLD2,1754.36557
CM33_SPIN,1463,2,labsea,MLD2,1739.21449
CM33_SPIN,1463,3,labsea,MLD2,1568.58435
CM33_SPIN,1463,4,labsea,MLD2,1354.99503
CM33_SPIN,1463,5,labsea,MLD2,725.74452
CM33_SPIN,1463,6,labsea,MLD2,48.17854
CM33_SPIN,1463,7,labsea,MLD2,11.37922
CM33_SPIN,1463,8,labsea,MLD2,13.39038
CM33_SPIN,1463,9,labsea,MLD2,19.69720
CM33_SPIN,1463,10,labsea,MLD2,26.54964
CM33_SPIN,1463,11,labsea,MLD2,138.23637
CM33_SPIN,1463,12,labsea,MLD2,1160.52884
CM33_SPIN,1463,1,interior,MLD2,2682.55101
CM33_SPIN,1463,2,interior,MLD2,2670.47170
CM33_SPIN,1463,3,interior,MLD2,2505.68622
CM33_SPIN,1463,4,interior,MLD2,2260.61138
CM33_SPIN,1463,5,interior,MLD2,1440.35360
CM33_SPIN,1463,6,interior,MLD2,128.31310
CM33_SPIN,1463,7,interior,MLD2,12.62110
CM33_SPIN,1463,8,interior,MLD2,15.44998
CM33_SPIN,1463,9,interior,MLD2,20.01397
CM33_SPIN,1463,10,interior,MLD2,26.21831
CM33_SPIN,1463,11,interior,MLD2,266.80436
CM33_SPIN,1463,12,interior,MLD2,2238.34792
CM33_SPIN,1464,1,labsea,a_ice,0.23824
CM33_SPIN,1464,2,labsea,a_ice,0.28021
CM33_SPIN,1464,3,labsea,a_ice,0.26920
CM33_SPIN,1464,4,labsea,a_ice,0.30860
CM33_SPIN,1464,5,labsea,a_ice,0.21765
CM33_SPIN,1464,6,labsea,a_ice,0.08696
CM33_SPIN,1464,7,labsea,a_ice,0.03007
CM33_SPIN,1464,8,labsea,a_ice,0.00288
CM33_SPIN,1464,9,labsea,a_ice,0.00064
CM33_SPIN,1464,10,labsea,a_ice,0.01353
CM33_SPIN,1464,11,labsea,a_ice,0.05386
CM33_SPIN,1464,12,labsea,a_ice,0.15976
CM33_SPIN,1464,1,interior,a_ice,0.06051
CM33_SPIN,1464,2,interior,a_ice,0.04981
CM33_SPIN,1464,3,interior,a_ice,0.06536
CM33_SPIN,1464,4,interior,a_ice,0.10544
CM33_SPIN,1464,5,interior,a_ice,0.05137
CM33_SPIN,1464,6,interior,a_ice,0.00595
CM33_SPIN,1464,7,interior,a_ice,0.00000
CM33_SPIN,1464,8,interior,a_ice,0.00000
CM33_SPIN,1464,9,interior,a_ice,0.00000
CM33_SPIN,1464,10,interior,a_ice,0.00000
CM33_SPIN,1464,11,interior,a_ice,0.00011
CM33_SPIN,1464,12,interior,a_ice,0.01067
CM33_SPIN,1464,1,labsea,MLD2,1652.16586
CM33_SPIN,1464,2,labsea,MLD2,1588.76304
CM33_SPIN,1464,3,labsea,MLD2,1583.91555
CM33_SPIN,1464,4,labsea,MLD2,1455.14784
CM33_SPIN,1464,5,labsea,MLD2,424.59021
CM33_SPIN,1464,6,labsea,MLD2,21.73093
CM33_SPIN,1464,7,labsea,MLD2,14.07046
CM33_SPIN,1464,8,labsea,MLD2,15.38146
CM33_SPIN,1464,9,labsea,MLD2,23.05853
CM33_SPIN,1464,10,labsea,MLD2,33.98328
CM33_SPIN,1464,11,labsea,MLD2,365.28812
CM33_SPIN,1464,12,labsea,MLD2,1388.76785
CM33_SPIN,1464,1,interior,MLD2,2547.31279
CM33_SPIN,1464,2,interior,MLD2,2476.09364
CM33_SPIN,1464,3,interior,MLD2,2490.96420
CM33_SPIN,1464,4,interior,MLD2,2368.84758
CM33_SPIN,1464,5,interior,MLD2,1125.25223
CM33_SPIN,1464,6,interior,MLD2,34.03175
CM33_SPIN,1464,7,interior,MLD2,16.70131
CM33_SPIN,1464,8,interior,MLD2,17.68487
CM33_SPIN,1464,9,interior,MLD2,24.65098
CM33_SPIN,1464,10,interior,MLD2,38.24047
CM33_SPIN,1464,11,interior,MLD2,886.40255
CM33_SPIN,1464,12,interior,MLD2,2384.16671
CM33_SPIN,1465,1,labsea,a_ice,0.25135
CM33_SPIN,1465,2,labsea,a_ice,0.37541
CM33_SPIN,1465,3,labsea,a_ice,0.37590
CM33_SPIN,1465,4,labsea,a_ice,0.23495
CM33_SPIN,1465,5,labsea,a_ice,0.18302
CM33_SPIN,1465,6,labsea,a_ice,0.10556
CM33_SPIN,1465,7,labsea,a_ice,0.02595
CM33_SPIN,1465,8,labsea,a_ice,0.00363
CM33_SPIN,1465,9,labsea,a_ice,0.00156
CM33_SPIN,1465,10,labsea,a_ice,0.00325
CM33_SPIN,1465,11,labsea,a_ice,0.06153
CM33_SPIN,1465,12,labsea,a_ice,0.16241
CM33_SPIN,1465,1,interior,a_ice,0.05802
CM33_SPIN,1465,2,interior,a_ice,0.25511
CM33_SPIN,1465,3,interior,a_ice,0.30071
CM33_SPIN,1465,4,interior,a_ice,0.07701
CM33_SPIN,1465,5,interior,a_ice,0.05388
CM33_SPIN,1465,6,interior,a_ice,0.00768
CM33_SPIN,1465,7,interior,a_ice,0.00268
CM33_SPIN,1465,8,interior,a_ice,0.00000
CM33_SPIN,1465,9,interior,a_ice,0.00000
CM33_SPIN,1465,10,interior,a_ice,0.00001
CM33_SPIN,1465,11,interior,a_ice,0.00014
CM33_SPIN,1465,12,interior,a_ice,0.02024
CM33_SPIN,1465,1,labsea,MLD2,1566.01280
CM33_SPIN,1465,2,labsea,MLD2,1338.51316
CM33_SPIN,1465,3,labsea,MLD2,1203.23914
CM33_SPIN,1465,4,labsea,MLD2,1126.52431
CM33_SPIN,1465,5,labsea,MLD2,739.25150
CM33_SPIN,1465,6,labsea,MLD2,24.21584
CM33_SPIN,1465,7,labsea,MLD2,16.10436
CM33_SPIN,1465,8,labsea,MLD2,15.62173
CM33_SPIN,1465,9,labsea,MLD2,20.83922
CM33_SPIN,1465,10,labsea,MLD2,27.71916
CM33_SPIN,1465,11,labsea,MLD2,192.15341
CM33_SPIN,1465,12,labsea,MLD2,1217.78785
CM33_SPIN,1465,1,interior,MLD2,2459.97657
CM33_SPIN,1465,2,interior,MLD2,1828.32513
CM33_SPIN,1465,3,interior,MLD2,1498.89130
CM33_SPIN,1465,4,interior,MLD2,1700.43349
CM33_SPIN,1465,5,interior,MLD2,1397.23058
CM33_SPIN,1465,6,interior,MLD2,25.94789
CM33_SPIN,1465,7,interior,MLD2,17.68591
CM33_SPIN,1465,8,interior,MLD2,18.19490
CM33_SPIN,1465,9,interior,MLD2,24.89455
CM33_SPIN,1465,10,interior,MLD2,30.62515
CM33_SPIN,1465,11,interior,MLD2,484.16048
CM33_SPIN,1465,12,interior,MLD2,2269.06132
CM33_SPIN,1466,1,labsea,a_ice,0.19599
CM33_SPIN,1466,2,labsea,a_ice,0.21402
CM33_SPIN,1466,3,labsea,a_ice,0.26943
CM33_SPIN,1466,4,labsea,a_ice,0.25141
CM33_SPIN,1466,5,labsea,a_ice,0.19764
CM33_SPIN,1466,6,labsea,a_ice,0.09416
CM33_SPIN,1466,7,labsea,a_ice,0.01536
CM33_SPIN,1466,8,labsea,a_ice,0.00202
CM33_SPIN,1466,9,labsea,a_ice,0.00003
CM33_SPIN,1466,10,labsea,a_ice,0.00350
CM33_SPIN,1466,11,labsea,a_ice,0.08273
CM33_SPIN,1466,12,labsea,a_ice,0.22419
CM33_SPIN,1466,1,interior,a_ice,0.03018
CM33_SPIN,1466,2,interior,a_ice,0.04989
CM33_SPIN,1466,3,interior,a_ice,0.05863
CM33_SPIN,1466,4,interior,a_ice,0.05935
CM33_SPIN,1466,5,interior,a_ice,0.06788
CM33_SPIN,1466,6,interior,a_ice,0.02994
CM33_SPIN,1466,7,interior,a_ice,0.00119
CM33_SPIN,1466,8,interior,a_ice,0.00000
CM33_SPIN,1466,9,interior,a_ice,0.00000
CM33_SPIN,1466,10,interior,a_ice,0.00000
CM33_SPIN,1466,11,interior,a_ice,0.00063
CM33_SPIN,1466,12,interior,a_ice,0.09450
CM33_SPIN,1466,1,labsea,MLD2,1682.34129
CM33_SPIN,1466,2,labsea,MLD2,1607.55200
CM33_SPIN,1466,3,labsea,MLD2,1628.75973
CM33_SPIN,1466,4,labsea,MLD2,1449.95696
CM33_SPIN,1466,5,labsea,MLD2,583.33790
CM33_SPIN,1466,6,labsea,MLD2,17.70216
CM33_SPIN,1466,7,labsea,MLD2,13.64768
CM33_SPIN,1466,8,labsea,MLD2,14.32492
CM33_SPIN,1466,9,labsea,MLD2,21.16113
CM33_SPIN,1466,10,labsea,MLD2,32.81502
CM33_SPIN,1466,11,labsea,MLD2,287.54311
CM33_SPIN,1466,12,labsea,MLD2,1272.94389
CM33_SPIN,1466,1,interior,MLD2,2637.18981
CM33_SPIN,1466,2,interior,MLD2,2517.86319
CM33_SPIN,1466,3,interior,MLD2,2599.06496
CM33_SPIN,1466,4,interior,MLD2,2284.30922
CM33_SPIN,1466,5,interior,MLD2,1012.03996
CM33_SPIN,1466,6,interior,MLD2,25.25244
CM33_SPIN,1466,7,interior,MLD2,16.46894
CM33_SPIN,1466,8,interior,MLD2,16.78840
CM33_SPIN,1466,9,interior,MLD2,23.14760
CM33_SPIN,1466,10,interior,MLD2,35.37527
CM33_SPIN,1466,11,interior,MLD2,634.05663
CM33_SPIN,1466,12,interior,MLD2,2311.12560
CM33_SPIN,1467,1,labsea,a_ice,0.25614
CM33_SPIN,1467,2,labsea,a_ice,0.29129
CM33_SPIN,1467,3,labsea,a_ice,0.33690
CM33_SPIN,1467,4,labsea,a_ice,0.26052
CM33_SPIN,1467,5,labsea,a_ice,0.20563
CM33_SPIN,1467,6,labsea,a_ice,0.13525
CM33_SPIN,1467,7,labsea,a_ice,0.05569
CM33_SPIN,1467,8,labsea,a_ice,0.01649
CM33_SPIN,1467,9,labsea,a_ice,0.00493
CM33_SPIN,1467,10,labsea,a_ice,0.03105
CM33_SPIN,1467,11,labsea,a_ice,0.09994
CM33_SPIN,1467,12,labsea,a_ice,0.17818
CM33_SPIN,1467,1,interior,a_ice,0.07244
CM33_SPIN,1467,2,interior,a_ice,0.09130
CM33_SPIN,1467,3,interior,a_ice,0.10021
CM33_SPIN,1467,4,interior,a_ice,0.05787
CM33_SPIN,1467,5,interior,a_ice,0.05270
CM33_SPIN,1467,6,interior,a_ice,0.02337
CM33_SPIN,1467,7,interior,a_ice,0.00169
CM33_SPIN,1467,8,interior,a_ice,0.00000
CM33_SPIN,1467,9,interior,a_ice,0.00000
CM33_SPIN,1467,10,interior,a_ice,0.00000
CM33_SPIN,1467,11,interior,a_ice,0.00273
CM33_SPIN,1467,12,interior,a_ice,0.03639
CM33_SPIN,1467,1,labsea,MLD2,1703.20569
CM33_SPIN,1467,2,labsea,MLD2,1617.55671
CM33_SPIN,1467,3,labsea,MLD2,1543.00308
CM33_SPIN,1467,4,labsea,MLD2,1550.27469
CM33_SPIN,1467,5,labsea,MLD2,783.12792
CM33_SPIN,1467,6,labsea,MLD2,43.29911
CM33_SPIN,1467,7,labsea,MLD2,15.66216
CM33_SPIN,1467,8,labsea,MLD2,14.97176
CM33_SPIN,1467,9,labsea,MLD2,22.24045
CM33_SPIN,1467,10,labsea,MLD2,49.19270
CM33_SPIN,1467,11,labsea,MLD2,946.69803
CM33_SPIN,1467,12,labsea,MLD2,1656.44375
CM33_SPIN,1467,1,interior,MLD2,2603.81821
CM33_SPIN,1467,2,interior,MLD2,2474.48614
CM33_SPIN,1467,3,interior,MLD2,2471.29952
CM33_SPIN,1467,4,interior,MLD2,2535.34736
CM33_SPIN,1467,5,interior,MLD2,1436.21810
CM33_SPIN,1467,6,interior,MLD2,113.69815
CM33_SPIN,1467,7,interior,MLD2,20.12796
CM33_SPIN,1467,8,interior,MLD2,17.84961
CM33_SPIN,1467,9,interior,MLD2,24.48100
CM33_SPIN,1467,10,interior,MLD2,81.80398
CM33_SPIN,1467,11,interior,MLD2,1849.80895
CM33_SPIN,1467,12,interior,MLD2,2613.77563
CM33_SPIN,1468,1,labsea,a_ice,0.22733
CM33_SPIN,1468,2,labsea,a_ice,0.33215
CM33_SPIN,1468,3,labsea,a_ice,0.32570
CM33_SPIN,1468,4,labsea,a_ice,0.34132
CM33_SPIN,1468,5,labsea,a_ice,0.28282
CM33_SPIN,1468,6,labsea,a_ice,0.18273
CM33_SPIN,1468,7,labsea,a_ice,0.05030
CM33_SPIN,1468,8,labsea,a_ice,0.00151
CM33_SPIN,1468,9,labsea,a_ice,0.00000
CM33_SPIN,1468,10,labsea,a_ice,0.00033
CM33_SPIN,1468,11,labsea,a_ice,0.07107
CM33_SPIN,1468,12,labsea,a_ice,0.17173
CM33_SPIN,1468,1,interior,a_ice,0.07751
CM33_SPIN,1468,2,interior,a_ice,0.16404
CM33_SPIN,1468,3,interior,a_ice,0.10565
CM33_SPIN,1468,4,interior,a_ice,0.14127
CM33_SPIN,1468,5,interior,a_ice,0.14181
CM33_SPIN,1468,6,interior,a_ice,0.03234
CM33_SPIN,1468,7,interior,a_ice,0.00837
CM33_SPIN,1468,8,interior,a_ice,0.00000
CM33_SPIN,1468,9,interior,a_ice,0.00000
CM33_SPIN,1468,10,interior,a_ice,0.00000
CM33_SPIN,1468,11,interior,a_ice,0.00063
CM33_SPIN,1468,12,interior,a_ice,0.01380
CM33_SPIN,1468,1,labsea,MLD2,1720.36068
CM33_SPIN,1468,2,labsea,MLD2,1573.60841
CM33_SPIN,1468,3,labsea,MLD2,1522.30208
CM33_SPIN,1468,4,labsea,MLD2,1336.82571
CM33_SPIN,1468,5,labsea,MLD2,746.24488
CM33_SPIN,1468,6,labsea,MLD2,19.41196
CM33_SPIN,1468,7,labsea,MLD2,15.67149
CM33_SPIN,1468,8,labsea,MLD2,14.17383
CM33_SPIN,1468,9,labsea,MLD2,18.47262
CM33_SPIN,1468,10,labsea,MLD2,43.17504
CM33_SPIN,1468,11,labsea,MLD2,1007.95204
CM33_SPIN,1468,12,labsea,MLD2,1706.87345
CM33_SPIN,1468,1,interior,MLD2,2584.84413
CM33_SPIN,1468,2,interior,MLD2,2316.19685
CM33_SPIN,1468,3,interior,MLD2,2363.36191
CM33_SPIN,1468,4,interior,MLD2,2039.57185
CM33_SPIN,1468,5,interior,MLD2,1232.65593
CM33_SPIN,1468,6,interior,MLD2,23.74723
CM33_SPIN,1468,7,interior,MLD2,17.27444
CM33_SPIN,1468,8,interior,MLD2,16.64326
CM33_SPIN,1468,9,interior,MLD2,20.03430
CM33_SPIN,1468,10,interior,MLD2,51.76247
CM33_SPIN,1468,11,interior,MLD2,1853.08927
CM33_SPIN,1468,12,interior,MLD2,2681.13029
CM33_SPIN,1469,1,labsea,a_ice,0.21541
CM33_SPIN,1469,2,labsea,a_ice,0.32531
CM33_SPIN,1469,3,labsea,a_ice,0.30826
CM33_SPIN,1469,4,labsea,a_ice,0.27900
CM33_SPIN,1469,5,labsea,a_ice,0.24861
CM33_SPIN,1469,6,labsea,a_ice,0.15735
CM33_SPIN,1469,7,labsea,a_ice,0.04144
CM33_SPIN,1469,8,labsea,a_ice,0.00190
CM33_SPIN,1469,9,labsea,a_ice,0.00002
CM33_SPIN,1469,10,labsea,a_ice,0.00312
CM33_SPIN,1469,11,labsea,a_ice,0.06434
CM33_SPIN,1469,12,labsea,a_ice,0.17455
CM33_SPIN,1469,1,interior,a_ice,0.06514
CM33_SPIN,1469,2,interior,a_ice,0.12720
CM33_SPIN,1469,3,interior,a_ice,0.08534
CM33_SPIN,1469,4,interior,a_ice,0.14880
CM33_SPIN,1469,5,interior,a_ice,0.09808
CM33_SPIN,1469,6,interior,a_ice,0.01530
CM33_SPIN,1469,7,interior,a_ice,0.00853
CM33_SPIN,1469,8,interior,a_ice,0.00000
CM33_SPIN,1469,9,interior,a_ice,0.00000
CM33_SPIN,1469,10,interior,a_ice,0.00000
CM33_SPIN,1469,11,interior,a_ice,0.00039
CM33_SPIN,1469,12,interior,a_ice,0.03437
CM33_SPIN,1469,1,labsea,MLD2,1708.73658
CM33_SPIN,1469,2,labsea,MLD2,1570.40536
CM33_SPIN,1469,3,labsea,MLD2,1395.30837
CM33_SPIN,1469,4,labsea,MLD2,1188.57805
CM33_SPIN,1469,5,labsea,MLD2,580.35170
CM33_SPIN,1469,6,labsea,MLD2,20.11836
CM33_SPIN,1469,7,labsea,MLD2,12.77475
CM33_SPIN,1469,8,labsea,MLD2,13.21504
CM33_SPIN,1469,9,labsea,MLD2,18.77711
CM33_SPIN,1469,10,labsea,MLD2,37.57913
CM33_SPIN,1469,11,labsea,MLD2,447.97894
CM33_SPIN,1469,12,labsea,MLD2,1500.35605
CM33_SPIN,1469,1,interior,MLD2,2589.85007
CM33_SPIN,1469,2,interior,MLD2,2452.92987
CM33_SPIN,1469,3,interior,MLD2,2270.73284
CM33_SPIN,1469,4,interior,MLD2,1759.99115
CM33_SPIN,1469,5,interior,MLD2,855.08353
CM33_SPIN,1469,6,interior,MLD2,33.44723
CM33_SPIN,1469,7,interior,MLD2,14.51036
CM33_SPIN,1469,8,interior,MLD2,15.67815
CM33_SPIN,1469,9,interior,MLD2,21.43110
CM33_SPIN,1469,10,interior,MLD2,40.15659
CM33_SPIN,1469,11,interior,MLD2,1220.54609
CM33_SPIN,1469,12,interior,MLD2,2625.58568
CM33_SPIN,1470,1,labsea,a_ice,0.21501
CM33_SPIN,1470,2,labsea,a_ice,0.26854
CM33_SPIN,1470,3,labsea,a_ice,0.22330
CM33_SPIN,1470,4,labsea,a_ice,0.23242
CM33_SPIN,1470,5,labsea,a_ice,0.24120
CM33_SPIN,1470,6,labsea,a_ice,0.14792
CM33_SPIN,1470,7,labsea,a_ice,0.05350
CM33_SPIN,1470,8,labsea,a_ice,0.00979
CM33_SPIN,1470,9,labsea,a_ice,0.00137
CM33_SPIN,1470,10,labsea,a_ice,0.00252
CM33_SPIN,1470,11,labsea,a_ice,0.02623
CM33_SPIN,1470,12,labsea,a_ice,0.14537
CM33_SPIN,1470,1,interior,a_ice,0.04259
CM33_SPIN,1470,2,interior,a_ice,0.07066
CM33_SPIN,1470,3,interior,a_ice,0.06504
CM33_SPIN,1470,4,interior,a_ice,0.07440
CM33_SPIN,1470,5,interior,a_ice,0.06056
CM33_SPIN,1470,6,interior,a_ice,0.01640
CM33_SPIN,1470,7,interior,a_ice,0.00800
CM33_SPIN,1470,8,interior,a_ice,0.00000
CM33_SPIN,1470,9,interior,a_ice,0.00000
CM33_SPIN,1470,10,interior,a_ice,0.00000
CM33_SPIN,1470,11,interior,a_ice,0.00020
CM33_SPIN,1470,12,interior,a_ice,0.01129
CM33_SPIN,1470,1,labsea,MLD2,1708.18655
CM33_SPIN,1470,2,labsea,MLD2,1604.87092
CM33_SPIN,1470,3,labsea,MLD2,1395.00065
CM33_SPIN,1470,4,labsea,MLD2,1244.63451
CM33_SPIN,1470,5,labsea,MLD2,756.22870
CM33_SPIN,1470,6,labsea,MLD2,13.98938
CM33_SPIN,1470,7,labsea,MLD2,13.54315
CM33_SPIN,1470,8,labsea,MLD2,14.35020
CM33_SPIN,1470,9,labsea,MLD2,20.98736
CM33_SPIN,1470,10,labsea,MLD2,35.83241
CM33_SPIN,1470,11,labsea,MLD2,119.26337
CM33_SPIN,1470,12,labsea,MLD2,907.10023
CM33_SPIN,1470,1,interior,MLD2,2626.58966
CM33_SPIN,1470,2,interior,MLD2,2553.21684
CM33_SPIN,1470,3,interior,MLD2,2360.84081
CM33_SPIN,1470,4,interior,MLD2,2081.86750
CM33_SPIN,1470,5,interior,MLD2,1206.51340
CM33_SPIN,1470,6,interior,MLD2,17.37215
CM33_SPIN,1470,7,interior,MLD2,15.08023
CM33_SPIN,1470,8,interior,MLD2,16.79798
CM33_SPIN,1470,9,interior,MLD2,23.98796
CM33_SPIN,1470,10,interior,MLD2,34.38547
CM33_SPIN,1470,11,interior,MLD2,90.25945
CM33_SPIN,1470,12,interior,MLD2,1835.37652
CM33_SPIN,1471,1,labsea,a_ice,0.19624
CM33_SPIN,1471,2,labsea,a_ice,0.22431
CM33_SPIN,1471,3,labsea,a_ice,0.21360
CM33_SPIN,1471,4,labsea,a_ice,0.23899
CM33_SPIN,1471,5,labsea,a_ice,0.21809
CM33_SPIN,1471,6,labsea,a_ice,0.15985
CM33_SPIN,1471,7,labsea,a_ice,0.06606
CM33_SPIN,1471,8,labsea,a_ice,0.01324
CM33_SPIN,1471,9,labsea,a_ice,0.00015
CM33_SPIN,1471,10,labsea,a_ice,0.00213
CM33_SPIN,1471,11,labsea,a_ice,0.01825
CM33_SPIN,1471,12,labsea,a_ice,0.08102
CM33_SPIN,1471,1,interior,a_ice,0.02535
CM33_SPIN,1471,2,interior,a_ice,0.04603
CM33_SPIN,1471,3,interior,a_ice,0.03378
CM33_SPIN,1471,4,interior,a_ice,0.04340
CM33_SPIN,1471,5,interior,a_ice,0.05690
CM33_SPIN,1471,6,interior,a_ice,0.03650
CM33_SPIN,1471,7,interior,a_ice,0.01221
CM33_SPIN,1471,8,interior,a_ice,0.00003
CM33_SPIN,1471,9,interior,a_ice,0.00000
CM33_SPIN,1471,10,interior,a_ice,0.00000
CM33_SPIN,1471,11,interior,a_ice,0.00002
CM33_SPIN,1471,12,interior,a_ice,0.00147
CM33_SPIN,1471,1,labsea,MLD2,1637.59525
CM33_SPIN,1471,2,labsea,MLD2,1725.11706
CM33_SPIN,1471,3,labsea,MLD2,1632.50940
CM33_SPIN,1471,4,labsea,MLD2,1493.07894
CM33_SPIN,1471,5,labsea,MLD2,897.16586
CM33_SPIN,1471,6,labsea,MLD2,59.16414
CM33_SPIN,1471,7,labsea,MLD2,17.33192
CM33_SPIN,1471,8,labsea,MLD2,12.83791
CM33_SPIN,1471,9,labsea,MLD2,19.19113
CM33_SPIN,1471,10,labsea,MLD2,31.94280
CM33_SPIN,1471,11,labsea,MLD2,134.63262
CM33_SPIN,1471,12,labsea,MLD2,1137.93962
CM33_SPIN,1471,1,interior,MLD2,2625.72209
CM33_SPIN,1471,2,interior,MLD2,2642.67557
CM33_SPIN,1471,3,interior,MLD2,2574.67631
CM33_SPIN,1471,4,interior,MLD2,2393.28059
CM33_SPIN,1471,5,interior,MLD2,1689.58500
CM33_SPIN,1471,6,interior,MLD2,161.51552
CM33_SPIN,1471,7,interior,MLD2,19.85874
CM33_SPIN,1471,8,interior,MLD2,14.18553
CM33_SPIN,1471,9,interior,MLD2,24.17074
CM33_SPIN,1471,10,interior,MLD2,39.06306
CM33_SPIN,1471,11,interior,MLD2,256.96672
CM33_SPIN,1471,12,interior,MLD2,2182.56265
CM33_SPIN,1472,1,labsea,a_ice,0.17129
CM33_SPIN,1472,2,labsea,a_ice,0.20420
CM33_SPIN,1472,3,labsea,a_ice,0.18337
CM33_SPIN,1472,4,labsea,a_ice,0.15225
CM33_SPIN,1472,5,labsea,a_ice,0.14453
CM33_SPIN,1472,6,labsea,a_ice,0.08994
CM33_SPIN,1472,7,labsea,a_ice,0.02582
CM33_SPIN,1472,8,labsea,a_ice,0.00280
CM33_SPIN,1472,9,labsea,a_ice,0.00002
CM33_SPIN,1472,10,labsea,a_ice,0.02216
CM33_SPIN,1472,11,labsea,a_ice,0.06906
CM33_SPIN,1472,12,labsea,a_ice,0.16121
CM33_SPIN,1472,1,interior,a_ice,0.02282
CM33_SPIN,1472,2,interior,a_ice,0.03238
CM33_SPIN,1472,3,interior,a_ice,0.04206
CM33_SPIN,1472,4,interior,a_ice,0.01198
CM33_SPIN,1472,5,interior,a_ice,0.00904
CM33_SPIN,1472,6,interior,a_ice,0.00714
CM33_SPIN,1472,7,interior,a_ice,0.00005
CM33_SPIN,1472,8,interior,a_ice,0.00000
CM33_SPIN,1472,9,interior,a_ice,0.00000
CM33_SPIN,1472,10,interior,a_ice,0.00000
CM33_SPIN,1472,11,interior,a_ice,0.00004
CM33_SPIN,1472,12,interior,a_ice,0.01414
CM33_SPIN,1472,1,labsea,MLD2,1672.58113
CM33_SPIN,1472,2,labsea,MLD2,1752.83518
CM33_SPIN,1472,3,labsea,MLD2,1751.81149
CM33_SPIN,1472,4,labsea,MLD2,1743.34896
CM33_SPIN,1472,5,labsea,MLD2,1154.66626
CM33_SPIN,1472,6,labsea,MLD2,80.30212
CM33_SPIN,1472,7,labsea,MLD2,17.14540
CM33_SPIN,1472,8,labsea,MLD2,21.62787
CM33_SPIN,1472,9,labsea,MLD2,25.84624
CM33_SPIN,1472,10,labsea,MLD2,113.25510
CM33_SPIN,1472,11,labsea,MLD2,634.91255
CM33_SPIN,1472,12,labsea,MLD2,1318.24372
CM33_SPIN,1472,1,interior,MLD2,2588.11116
CM33_SPIN,1472,2,interior,MLD2,2670.46475
CM33_SPIN,1472,3,interior,MLD2,2644.88223
CM33_SPIN,1472,4,interior,MLD2,2683.91176
CM33_SPIN,1472,5,interior,MLD2,2383.05902
CM33_SPIN,1472,6,interior,MLD2,221.67279
CM33_SPIN,1472,7,interior,MLD2,18.65349
CM33_SPIN,1472,8,interior,MLD2,24.18216
CM33_SPIN,1472,9,interior,MLD2,29.16895
CM33_SPIN,1472,10,interior,MLD2,269.90066
CM33_SPIN,1472,11,interior,MLD2,1548.11078
CM33_SPIN,1472,12,interior,MLD2,2534.50650
CM33_SPIN,1473,1,labsea,a_ice,0.19627
CM33_SPIN,1473,2,labsea,a_ice,0.26417
CM33_SPIN,1473,3,labsea,a_ice,0.28573
CM33_SPIN,1473,4,labsea,a_ice,0.25323
CM33_SPIN,1473,5,labsea,a_ice,0.18020
CM33_SPIN,1473,6,labsea,a_ice,0.09898
CM33_SPIN,1473,7,labsea,a_ice,0.02740
CM33_SPIN,1473,8,labsea,a_ice,0.00379
CM33_SPIN,1473,9,labsea,a_ice,0.00011
CM33_SPIN,1473,10,labsea,a_ice,0.00210
CM33_SPIN,1473,11,labsea,a_ice,0.07575
CM33_SPIN,1473,12,labsea,a_ice,0.30405
CM33_SPIN,1473,1,interior,a_ice,0.02806
CM33_SPIN,1473,2,interior,a_ice,0.09032
CM33_SPIN,1473,3,interior,a_ice,0.05644
CM33_SPIN,1473,4,interior,a_ice,0.08932
CM33_SPIN,1473,5,interior,a_ice,0.06941
CM33_SPIN,1473,6,interior,a_ice,0.01717
CM33_SPIN,1473,7,interior,a_ice,0.00001
CM33_SPIN,1473,8,interior,a_ice,0.00000
CM33_SPIN,1473,9,interior,a_ice,0.00000
CM33_SPIN,1473,10,interior,a_ice,0.00000
CM33_SPIN,1473,11,interior,a_ice,0.00383
CM33_SPIN,1473,12,interior,a_ice,0.16175
CM33_SPIN,1473,1,labsea,MLD2,1698.97277
CM33_SPIN,1473,2,labsea,MLD2,1637.51524
CM33_SPIN,1473,3,labsea,MLD2,1633.66894
CM33_SPIN,1473,4,labsea,MLD2,1548.38462
CM33_SPIN,1473,5,labsea,MLD2,657.27146
CM33_SPIN,1473,6,labsea,MLD2,15.02842
CM33_SPIN,1473,7,labsea,MLD2,14.36273
CM33_SPIN,1473,8,labsea,MLD2,16.14013
CM33_SPIN,1473,9,labsea,MLD2,20.71640
CM33_SPIN,1473,10,labsea,MLD2,28.51645
CM33_SPIN,1473,11,labsea,MLD2,431.79853
CM33_SPIN,1473,12,labsea,MLD2,1278.85122
CM33_SPIN,1473,1,interior,MLD2,2666.55377
CM33_SPIN,1473,2,interior,MLD2,2503.20399
CM33_SPIN,1473,3,interior,MLD2,2564.03524
CM33_SPIN,1473,4,interior,MLD2,2382.90010
CM33_SPIN,1473,5,interior,MLD2,1341.48449
CM33_SPIN,1473,6,interior,MLD2,17.08265
CM33_SPIN,1473,7,interior,MLD2,15.91852
CM33_SPIN,1473,8,interior,MLD2,19.11947
CM33_SPIN,1473,9,interior,MLD2,24.94922
CM33_SPIN,1473,10,interior,MLD2,33.26714
CM33_SPIN,1473,11,interior,MLD2,1016.17034
CM33_SPIN,1473,12,interior,MLD2,2037.68146
CM33_SPIN,1474,1,labsea,a_ice,0.37294
CM33_SPIN,1474,2,labsea,a_ice,0.36472
CM33_SPIN,1474,3,labsea,a_ice,0.30667
CM33_SPIN,1474,4,labsea,a_ice,0.29638
CM33_SPIN,1474,5,labsea,a_ice,0.24643
CM33_SPIN,1474,6,labsea,a_ice,0.14864
CM33_SPIN,1474,7,labsea,a_ice,0.03932
CM33_SPIN,1474,8,labsea,a_ice,0.00533
CM33_SPIN,1474,9,labsea,a_ice,0.00002
CM33_SPIN,1474,10,labsea,a_ice,0.02056
CM33_SPIN,1474,11,labsea,a_ice,0.07829
CM33_SPIN,1474,12,labsea,a_ice,0.19859
CM33_SPIN,1474,1,interior,a_ice,0.25704
CM33_SPIN,1474,2,interior,a_ice,0.17281
CM33_SPIN,1474,3,interior,a_ice,0.12534
CM33_SPIN,1474,4,interior,a_ice,0.08322
CM33_SPIN,1474,5,interior,a_ice,0.04543
CM33_SPIN,1474,6,interior,a_ice,0.03208
CM33_SPIN,1474,7,interior,a_ice,0.00263
CM33_SPIN,1474,8,interior,a_ice,0.00000
CM33_SPIN,1474,9,interior,a_ice,0.00000
CM33_SPIN,1474,10,interior,a_ice,0.00000
CM33_SPIN,1474,11,interior,a_ice,0.00252
CM33_SPIN,1474,12,interior,a_ice,0.05087
CM33_SPIN,1474,1,labsea,MLD2,1419.78880
CM33_SPIN,1474,2,labsea,MLD2,1382.20868
CM33_SPIN,1474,3,labsea,MLD2,1493.38361
CM33_SPIN,1474,4,labsea,MLD2,1345.89147
CM33_SPIN,1474,5,labsea,MLD2,522.58506
CM33_SPIN,1474,6,labsea,MLD2,19.47956
CM33_SPIN,1474,7,labsea,MLD2,17.19965
CM33_SPIN,1474,8,labsea,MLD2,16.19404
CM33_SPIN,1474,9,labsea,MLD2,21.79580
CM33_SPIN,1474,10,labsea,MLD2,36.98038
CM33_SPIN,1474,11,labsea,MLD2,619.37992
CM33_SPIN,1474,12,labsea,MLD2,1446.25177
CM33_SPIN,1474,1,interior,MLD2,2058.37945
CM33_SPIN,1474,2,interior,MLD2,2031.11628
CM33_SPIN,1474,3,interior,MLD2,2261.04821
CM33_SPIN,1474,4,interior,MLD2,2313.36770
CM33_SPIN,1474,5,interior,MLD2,1223.25460
CM33_SPIN,1474,6,interior,MLD2,23.73553
CM33_SPIN,1474,7,interior,MLD2,20.04410
CM33_SPIN,1474,8,interior,MLD2,19.78332
CM33_SPIN,1474,9,interior,MLD2,24.85043
CM33_SPIN,1474,10,interior,MLD2,39.70530
CM33_SPIN,1474,11,interior,MLD2,1625.52604
CM33_SPIN,1474,12,interior,MLD2,2543.45568
CM33_SPIN,1475,1,labsea,a_ice,0.26154
CM33_SPIN,1475,2,labsea,a_ice,0.25233
CM33_SPIN,1475,3,labsea,a_ice,0.28896
CM33_SPIN,1475,4,labsea,a_ice,0.31086
CM33_SPIN,1475,5,labsea,a_ice,0.25327
CM33_SPIN,1475,6,labsea,a_ice,0.16085
CM33_SPIN,1475,7,labsea,a_ice,0.06344
CM33_SPIN,1475,8,labsea,a_ice,0.01633
CM33_SPIN,1475,9,labsea,a_ice,0.00355
CM33_SPIN,1475,10,labsea,a_ice,0.00231
CM33_SPIN,1475,11,labsea,a_ice,0.04113
CM33_SPIN,1475,12,labsea,a_ice,0.14462
CM33_SPIN,1475,1,interior,a_ice,0.06504
CM33_SPIN,1475,2,interior,a_ice,0.06275
CM33_SPIN,1475,3,interior,a_ice,0.08671
CM33_SPIN,1475,4,interior,a_ice,0.07420
CM33_SPIN,1475,5,interior,a_ice,0.06050
CM33_SPIN,1475,6,interior,a_ice,0.04425
CM33_SPIN,1475,7,interior,a_ice,0.00729
CM33_SPIN,1475,8,interior,a_ice,0.00000
CM33_SPIN,1475,9,interior,a_ice,0.00000
CM33_SPIN,1475,10,interior,a_ice,0.00000
CM33_SPIN,1475,11,interior,a_ice,0.00002
CM33_SPIN,1475,12,interior,a_ice,0.00888
CM33_SPIN,1475,1,labsea,MLD2,1488.95074
CM33_SPIN,1475,2,labsea,MLD2,1544.73762
CM33_SPIN,1475,3,labsea,MLD2,1515.85665
CM33_SPIN,1475,4,labsea,MLD2,1433.55092
CM33_SPIN,1475,5,labsea,MLD2,1204.54058
CM33_SPIN,1475,6,labsea,MLD2,188.43140
CM33_SPIN,1475,7,labsea,MLD2,18.48858
CM33_SPIN,1475,8,labsea,MLD2,17.85040
CM33_SPIN,1475,9,labsea,MLD2,24.24212
CM33_SPIN,1475,10,labsea,MLD2,31.30070
CM33_SPIN,1475,11,labsea,MLD2,275.57064
CM33_SPIN,1475,12,labsea,MLD2,1393.18776
CM33_SPIN,1475,1,interior,MLD2,2487.09946
CM33_SPIN,1475,2,interior,MLD2,2570.72612
CM33_SPIN,1475,3,interior,MLD2,2431.51298
CM33_SPIN,1475,4,interior,MLD2,2283.67745
CM33_SPIN,1475,5,interior,MLD2,2034.79141
CM33_SPIN,1475,6,interior,MLD2,500.40523
CM33_SPIN,1475,7,interior,MLD2,25.17020
CM33_SPIN,1475,8,interior,MLD2,21.63496
CM33_SPIN,1475,9,interior,MLD2,29.99273
CM33_SPIN,1475,10,interior,MLD2,37.79521
CM33_SPIN,1475,11,interior,MLD2,598.30679
CM33_SPIN,1475,12,interior,MLD2,2556.75847
CM33_SPIN,1476,1,labsea,a_ice,0.21480
CM33_SPIN,1476,2,labsea,a_ice,0.23245
CM33_SPIN,1476,3,labsea,a_ice,0.21295
CM33_SPIN,1476,4,labsea,a_ice,0.21691
CM33_SPIN,1476,5,labsea,a_ice,0.14338
CM33_SPIN,1476,6,labsea,a_ice,0.09664
CM33_SPIN,1476,7,labsea,a_ice,0.03842
CM33_SPIN,1476,8,labsea,a_ice,0.00361
CM33_SPIN,1476,9,labsea,a_ice,0.00000
CM33_SPIN,1476,10,labsea,a_ice,0.00995
CM33_SPIN,1476,11,labsea,a_ice,0.04508
CM33_SPIN,1476,12,labsea,a_ice,0.13153
CM33_SPIN,1476,1,interior,a_ice,0.04933
CM33_SPIN,1476,2,interior,a_ice,0.05624
CM33_SPIN,1476,3,interior,a_ice,0.05123
CM33_SPIN,1476,4,interior,a_ice,0.04769
CM33_SPIN,1476,5,interior,a_ice,0.03173
CM33_SPIN,1476,6,interior,a_ice,0.00866
CM33_SPIN,1476,7,interior,a_ice,0.00244
CM33_SPIN,1476,8,interior,a_ice,0.00000
CM33_SPIN,1476,9,interior,a_ice,0.00000
CM33_SPIN,1476,10,interior,a_ice,0.00000
CM33_SPIN,1476,11,interior,a_ice,0.00000
CM33_SPIN,1476,12,interior,a_ice,0.00711
CM33_SPIN,1476,1,labsea,MLD2,1757.67435
CM33_SPIN,1476,2,labsea,MLD2,1738.49097
CM33_SPIN,1476,3,labsea,MLD2,1733.11108
CM33_SPIN,1476,4,labsea,MLD2,1573.31365
CM33_SPIN,1476,5,labsea,MLD2,1099.47706
CM33_SPIN,1476,6,labsea,MLD2,76.43161
CM33_SPIN,1476,7,labsea,MLD2,15.00506
CM33_SPIN,1476,8,labsea,MLD2,17.12720
CM33_SPIN,1476,9,labsea,MLD2,20.44641
CM33_SPIN,1476,10,labsea,MLD2,76.04591
CM33_SPIN,1476,11,labsea,MLD2,645.54063
CM33_SPIN,1476,12,labsea,MLD2,1600.48503
CM33_SPIN,1476,1,interior,MLD2,2662.12651
CM33_SPIN,1476,2,interior,MLD2,2626.58616
CM33_SPIN,1476,3,interior,MLD2,2614.90552
CM33_SPIN,1476,4,interior,MLD2,2496.40001
CM33_SPIN,1476,5,interior,MLD2,2145.72438
CM33_SPIN,1476,6,interior,MLD2,222.29551
CM33_SPIN,1476,7,interior,MLD2,18.07871
CM33_SPIN,1476,8,interior,MLD2,19.57678
CM33_SPIN,1476,9,interior,MLD2,23.62558
CM33_SPIN,1476,10,interior,MLD2,152.85395
CM33_SPIN,1476,11,interior,MLD2,1306.88501
CM33_SPIN,1476,12,interior,MLD2,2626.95047
CM33_SPIN,1477,1,labsea,a_ice,0.22460
CM33_SPIN,1477,2,labsea,a_ice,0.28037
CM33_SPIN,1477,3,labsea,a_ice,0.26139
CM33_SPIN,1477,4,labsea,a_ice,0.26011
CM33_SPIN,1477,5,labsea,a_ice,0.21705
CM33_SPIN,1477,6,labsea,a_ice,0.14774
CM33_SPIN,1477,7,labsea,a_ice,0.05495
CM33_SPIN,1477,8,labsea,a_ice,0.00377
CM33_SPIN,1477,9,labsea,a_ice,0.00000
CM33_SPIN,1477,10,labsea,a_ice,0.01020
CM33_SPIN,1477,11,labsea,a_ice,0.06617
CM33_SPIN,1477,12,labsea,a_ice,0.17469
CM33_SPIN,1477,1,interior,a_ice,0.06714
CM33_SPIN,1477,2,interior,a_ice,0.12138
CM33_SPIN,1477,3,interior,a_ice,0.06946
CM33_SPIN,1477,4,interior,a_ice,0.04114
CM33_SPIN,1477,5,interior,a_ice,0.03790
CM33_SPIN,1477,6,interior,a_ice,0.03088
CM33_SPIN,1477,7,interior,a_ice,0.01137
CM33_SPIN,1477,8,interior,a_ice,0.00029
CM33_SPIN,1477,9,interior,a_ice,0.00000
CM33_SPIN,1477,10,interior,a_ice,0.00000
CM33_SPIN,1477,11,interior,a_ice,0.00096
CM33_SPIN,1477,12,interior,a_ice,0.02633
CM33_SPIN,1477,1,labsea,MLD2,1737.13183
CM33_SPIN,1477,2,labsea,MLD2,1641.49256
CM33_SPIN,1477,3,labsea,MLD2,1500.21708
CM33_SPIN,1477,4,labsea,MLD2,1415.46953
CM33_SPIN,1477,5,labsea,MLD2,508.59930
CM33_SPIN,1477,6,labsea,MLD2,53.65235
CM33_SPIN,1477,7,labsea,MLD2,15.31544
CM33_SPIN,1477,8,labsea,MLD2,14.67219
CM33_SPIN,1477,9,labsea,MLD2,22.70003
CM33_SPIN,1477,10,labsea,MLD2,43.69910
CM33_SPIN,1477,11,labsea,MLD2,584.02053
CM33_SPIN,1477,12,labsea,MLD2,1715.56569
CM33_SPIN,1477,1,interior,MLD2,2601.02308
CM33_SPIN,1477,2,interior,MLD2,2431.19091
CM33_SPIN,1477,3,interior,MLD2,2466.54476
CM33_SPIN,1477,4,interior,MLD2,2412.89876
CM33_SPIN,1477,5,interior,MLD2,1281.92157
CM33_SPIN,1477,6,interior,MLD2,132.13501
CM33_SPIN,1477,7,interior,MLD2,19.06543
CM33_SPIN,1477,8,interior,MLD2,17.14579
CM33_SPIN,1477,9,interior,MLD2,25.20398
CM33_SPIN,1477,10,interior,MLD2,53.42399
CM33_SPIN,1477,11,interior,MLD2,1182.51653
CM33_SPIN,1477,12,interior,MLD2,2659.33651
CM33_SPIN,1478,1,labsea,a_ice,0.25725
CM33_SPIN,1478,2,labsea,a_ice,0.28225
CM33_SPIN,1478,3,labsea,a_ice,0.26795
CM33_SPIN,1478,4,labsea,a_ice,0.30123
CM33_SPIN,1478,5,labsea,a_ice,0.24068
CM33_SPIN,1478,6,labsea,a_ice,0.15558
CM33_SPIN,1478,7,labsea,a_ice,0.05191
CM33_SPIN,1478,8,labsea,a_ice,0.01370
CM33_SPIN,1478,9,labsea,a_ice,0.00271
CM33_SPIN,1478,10,labsea,a_ice,0.00059
CM33_SPIN,1478,11,labsea,a_ice,0.05148
CM33_SPIN,1478,12,labsea,a_ice,0.17445
CM33_SPIN,1478,1,interior,a_ice,0.06726
CM33_SPIN,1478,2,interior,a_ice,0.09470
CM33_SPIN,1478,3,interior,a_ice,0.07994
CM33_SPIN,1478,4,interior,a_ice,0.07042
CM33_SPIN,1478,5,interior,a_ice,0.06842
CM33_SPIN,1478,6,interior,a_ice,0.02641
CM33_SPIN,1478,7,interior,a_ice,0.00196
CM33_SPIN,1478,8,interior,a_ice,0.00000
CM33_SPIN,1478,9,interior,a_ice,0.00000
CM33_SPIN,1478,10,interior,a_ice,0.00000
CM33_SPIN,1478,11,interior,a_ice,0.00053
CM33_SPIN,1478,12,interior,a_ice,0.02713
CM33_SPIN,1478,1,labsea,MLD2,1645.82975
CM33_SPIN,1478,2,labsea,MLD2,1599.69656
CM33_SPIN,1478,3,labsea,MLD2,1641.42930
CM33_SPIN,1478,4,labsea,MLD2,1530.02442
CM33_SPIN,1478,5,labsea,MLD2,1363.28623
CM33_SPIN,1478,6,labsea,MLD2,84.07554
CM33_SPIN,1478,7,labsea,MLD2,13.65324
CM33_SPIN,1478,8,labsea,MLD2,13.98998
CM33_SPIN,1478,9,labsea,MLD2,21.53299
CM33_SPIN,1478,10,labsea,MLD2,30.58749
CM33_SPIN,1478,11,labsea,MLD2,424.67418
CM33_SPIN,1478,12,labsea,MLD2,1611.92611
CM33_SPIN,1478,1,interior,MLD2,2564.00997
CM33_SPIN,1478,2,interior,MLD2,2464.70661
CM33_SPIN,1478,3,interior,MLD2,2518.51858
CM33_SPIN,1478,4,interior,MLD2,2440.94905
CM33_SPIN,1478,5,interior,MLD2,2176.07602
CM33_SPIN,1478,6,interior,MLD2,85.38576
CM33_SPIN,1478,7,interior,MLD2,15.64064
CM33_SPIN,1478,8,interior,MLD2,16.62624
CM33_SPIN,1478,9,interior,MLD2,25.55411
CM33_SPIN,1478,10,interior,MLD2,31.38589
CM33_SPIN,1478,11,interior,MLD2,995.41521
CM33_SPIN,1478,12,interior,MLD2,2573.89538
CM33_SPIN,1479,1,labsea,a_ice,0.25486
CM33_SPIN,1479,2,labsea,a_ice,0.27240
CM33_SPIN,1479,3,labsea,a_ice,0.29380
CM33_SPIN,1479,4,labsea,a_ice,0.30521
CM33_SPIN,1479,5,labsea,a_ice,0.25385
CM33_SPIN,1479,6,labsea,a_ice,0.16916
CM33_SPIN,1479,7,labsea,a_ice,0.06580
CM33_SPIN,1479,8,labsea,a_ice,0.02568
CM33_SPIN,1479,9,labsea,a_ice,0.00909
CM33_SPIN,1479,10,labsea,a_ice,0.03056
CM33_SPIN,1479,11,labsea,a_ice,0.10830
CM33_SPIN,1479,12,labsea,a_ice,0.17997
CM33_SPIN,1479,1,interior,a_ice,0.10509
CM33_SPIN,1479,2,interior,a_ice,0.06756
CM33_SPIN,1479,3,interior,a_ice,0.10739
CM33_SPIN,1479,4,interior,a_ice,0.07779
CM33_SPIN,1479,5,interior,a_ice,0.05251
CM33_SPIN,1479,6,interior,a_ice,0.03061
CM33_SPIN,1479,7,interior,a_ice,0.00601
CM33_SPIN,1479,8,interior,a_ice,0.00000
CM33_SPIN,1479,9,interior,a_ice,0.00000
CM33_SPIN,1479,10,interior,a_ice,0.00000
CM33_SPIN,1479,11,interior,a_ice,0.00242
CM33_SPIN,1479,12,interior,a_ice,0.03344
CM33_SPIN,1479,1,labsea,MLD2,1608.03030
CM33_SPIN,1479,2,labsea,MLD2,1567.44377
CM33_SPIN,1479,3,labsea,MLD2,1581.56006
CM33_SPIN,1479,4,labsea,MLD2,1472.85494
CM33_SPIN,1479,5,labsea,MLD2,939.23737
CM33_SPIN,1479,6,labsea,MLD2,24.47894
CM33_SPIN,1479,7,labsea,MLD2,14.02814
CM33_SPIN,1479,8,labsea,MLD2,17.13266
CM33_SPIN,1479,9,labsea,MLD2,24.95955
CM33_SPIN,1479,10,labsea,MLD2,55.40383
CM33_SPIN,1479,11,labsea,MLD2,674.47412
CM33_SPIN,1479,12,labsea,MLD2,1558.11824
CM33_SPIN,1479,1,interior,MLD2,2431.44006
CM33_SPIN,1479,2,interior,MLD2,2552.75745
CM33_SPIN,1479,3,interior,MLD2,2434.10032
CM33_SPIN,1479,4,interior,MLD2,2411.47504
CM33_SPIN,1479,5,interior,MLD2,1530.26994
CM33_SPIN,1479,6,interior,MLD2,34.57468
CM33_SPIN,1479,7,interior,MLD2,16.06062
CM33_SPIN,1479,8,interior,MLD2,19.75042
CM33_SPIN,1479,9,interior,MLD2,31.52425
CM33_SPIN,1479,10,interior,MLD2,96.20094
CM33_SPIN,1479,11,interior,MLD2,1522.08603
CM33_SPIN,1479,12,interior,MLD2,2643.36086
CM33_SPIN,1480,1,labsea,a_ice,0.22242
CM33_SPIN,1480,2,labsea,a_ice,0.24772
CM33_SPIN,1480,3,labsea,a_ice,0.22456
CM33_SPIN,1480,4,labsea,a_ice,0.18458
CM33_SPIN,1480,5,labsea,a_ice,0.15692
CM33_SPIN,1480,6,labsea,a_ice,0.09769
CM33_SPIN,1480,7,labsea,a_ice,0.03298
CM33_SPIN,1480,8,labsea,a_ice,0.00595
CM33_SPIN,1480,9,labsea,a_ice,0.00013
CM33_SPIN,1480,10,labsea,a_ice,0.00570
CM33_SPIN,1480,11,labsea,a_ice,0.04892
CM33_SPIN,1480,12,labsea,a_ice,0.16744
CM33_SPIN,1480,1,interior,a_ice,0.05269
CM33_SPIN,1480,2,interior,a_ice,0.04952
CM33_SPIN,1480,3,interior,a_ice,0.06443
CM33_SPIN,1480,4,interior,a_ice,0.05587
CM33_SPIN,1480,5,interior,a_ice,0.01754
CM33_SPIN,1480,6,interior,a_ice,0.00455
CM33_SPIN,1480,7,interior,a_ice,0.00012
CM33_SPIN,1480,8,interior,a_ice,0.00000
CM33_SPIN,1480,9,interior,a_ice,0.00000
CM33_SPIN,1480,10,interior,a_ice,0.00000
CM33_SPIN,1480,11,interior,a_ice,0.00061
CM33_SPIN,1480,12,interior,a_ice,0.01553
CM33_SPIN,1480,1,labsea,MLD2,1656.26969
CM33_SPIN,1480,2,labsea,MLD2,1616.45656
CM33_SPIN,1480,3,labsea,MLD2,1694.24926
CM33_SPIN,1480,4,labsea,MLD2,1422.10011
CM33_SPIN,1480,5,labsea,MLD2,490.66760
CM33_SPIN,1480,6,labsea,MLD2,33.17763
CM33_SPIN,1480,7,labsea,MLD2,14.14986
CM33_SPIN,1480,8,labsea,MLD2,15.92692
CM33_SPIN,1480,9,labsea,MLD2,22.93320
CM33_SPIN,1480,10,labsea,MLD2,40.64672
CM33_SPIN,1480,11,labsea,MLD2,467.63711
CM33_SPIN,1480,12,labsea,MLD2,1470.34313
CM33_SPIN,1480,1,interior,MLD2,2578.70490
CM33_SPIN,1480,2,interior,MLD2,2488.28589
CM33_SPIN,1480,3,interior,MLD2,2573.11322
CM33_SPIN,1480,4,interior,MLD2,2246.98503
CM33_SPIN,1480,5,interior,MLD2,1084.49631
CM33_SPIN,1480,6,interior,MLD2,57.71332
CM33_SPIN,1480,7,interior,MLD2,17.28742
CM33_SPIN,1480,8,interior,MLD2,17.74250
CM33_SPIN,1480,9,interior,MLD2,21.65672
CM33_SPIN,1480,10,interior,MLD2,41.05403
CM33_SPIN,1480,11,interior,MLD2,1132.80537
CM33_SPIN,1480,12,interior,MLD2,2521.83530
CM33_SPIN,1481,1,labsea,a_ice,0.24476
CM33_SPIN,1481,2,labsea,a_ice,0.23788
CM33_SPIN,1481,3,labsea,a_ice,0.26175
CM33_SPIN,1481,4,labsea,a_ice,0.25438
CM33_SPIN,1481,5,labsea,a_ice,0.21760
CM33_SPIN,1481,6,labsea,a_ice,0.14265
CM33_SPIN,1481,7,labsea,a_ice,0.06107
CM33_SPIN,1481,8,labsea,a_ice,0.01800
CM33_SPIN,1481,9,labsea,a_ice,0.00316
CM33_SPIN,1481,10,labsea,a_ice,0.01104
CM33_SPIN,1481,11,labsea,a_ice,0.07144
CM33_SPIN,1481,12,labsea,a_ice,0.13865
CM33_SPIN,1481,1,interior,a_ice,0.06665
CM33_SPIN,1481,2,interior,a_ice,0.02315
CM33_SPIN,1481,3,interior,a_ice,0.03723
CM33_SPIN,1481,4,interior,a_ice,0.06512
CM33_SPIN,1481,5,interior,a_ice,0.04911
CM33_SPIN,1481,6,interior,a_ice,0.00981
CM33_SPIN,1481,7,interior,a_ice,0.00074
CM33_SPIN,1481,8,interior,a_ice,0.00000
CM33_SPIN,1481,9,interior,a_ice,0.00000
CM33_SPIN,1481,10,interior,a_ice,0.00000
CM33_SPIN,1481,11,interior,a_ice,0.00046
CM33_SPIN,1481,12,interior,a_ice,0.00561
CM33_SPIN,1481,1,labsea,MLD2,1533.35862
CM33_SPIN,1481,2,labsea,MLD2,1569.43578
CM33_SPIN,1481,3,labsea,MLD2,1531.44298
CM33_SPIN,1481,4,labsea,MLD2,1498.07297
CM33_SPIN,1481,5,labsea,MLD2,859.43292
CM33_SPIN,1481,6,labsea,MLD2,94.42261
CM33_SPIN,1481,7,labsea,MLD2,15.97902
CM33_SPIN,1481,8,labsea,MLD2,15.72362
CM33_SPIN,1481,9,labsea,MLD2,20.77950
CM33_SPIN,1481,10,labsea,MLD2,35.75334
CM33_SPIN,1481,11,labsea,MLD2,658.66964
CM33_SPIN,1481,12,labsea,MLD2,1425.00440
CM33_SPIN,1481,1,interior,MLD2,2466.47577
CM33_SPIN,1481,2,interior,MLD2,2610.55634
CM33_SPIN,1481,3,interior,MLD2,2544.67836
CM33_SPIN,1481,4,interior,MLD2,2467.55866
CM33_SPIN,1481,5,interior,MLD2,1662.72743
CM33_SPIN,1481,6,interior,MLD2,294.14577
CM33_SPIN,1481,7,interior,MLD2,21.61757
CM33_SPIN,1481,8,interior,MLD2,21.20051
CM33_SPIN,1481,9,interior,MLD2,26.58248
CM33_SPIN,1481,10,interior,MLD2,42.36335
CM33_SPIN,1481,11,interior,MLD2,1438.02561
CM33_SPIN,1481,12,interior,MLD2,2653.93848
CM33_SPIN,1482,1,labsea,a_ice,0.18531
CM33_SPIN,1482,2,labsea,a_ice,0.25708
CM33_SPIN,1482,3,labsea,a_ice,0.23874
CM33_SPIN,1482,4,labsea,a_ice,0.23487
CM33_SPIN,1482,5,labsea,a_ice,0.16308
CM33_SPIN,1482,6,labsea,a_ice,0.09204
CM33_SPIN,1482,7,labsea,a_ice,0.02758
CM33_SPIN,1482,8,labsea,a_ice,0.00437
CM33_SPIN,1482,9,labsea,a_ice,0.00017
CM33_SPIN,1482,10,labsea,a_ice,0.00904
CM33_SPIN,1482,11,labsea,a_ice,0.08757
CM33_SPIN,1482,12,labsea,a_ice,0.32179
CM33_SPIN,1482,1,interior,a_ice,0.04552
CM33_SPIN,1482,2,interior,a_ice,0.05873
CM33_SPIN,1482,3,interior,a_ice,0.05422
CM33_SPIN,1482,4,interior,a_ice,0.04921
CM33_SPIN,1482,5,interior,a_ice,0.01475
CM33_SPIN,1482,6,interior,a_ice,0.01017
CM33_SPIN,1482,7,interior,a_ice,0.00097
CM33_SPIN,1482,8,interior,a_ice,0.00000
CM33_SPIN,1482,9,interior,a_ice,0.00000
CM33_SPIN,1482,10,interior,a_ice,0.00147
CM33_SPIN,1482,11,interior,a_ice,0.00738
CM33_SPIN,1482,12,interior,a_ice,0.21394
CM33_SPIN,1482,1,labsea,MLD2,1571.80897
CM33_SPIN,1482,2,labsea,MLD2,1566.12469
CM33_SPIN,1482,3,labsea,MLD2,1600.67750
CM33_SPIN,1482,4,labsea,MLD2,1426.16959
CM33_SPIN,1482,5,labsea,MLD2,375.55846
CM33_SPIN,1482,6,labsea,MLD2,25.20664
CM33_SPIN,1482,7,labsea,MLD2,12.99808
CM33_SPIN,1482,8,labsea,MLD2,15.10765
CM33_SPIN,1482,9,labsea,MLD2,19.04212
CM33_SPIN,1482,10,labsea,MLD2,25.85814
CM33_SPIN,1482,11,labsea,MLD2,148.41239
CM33_SPIN,1482,12,labsea,MLD2,925.40958
CM33_SPIN,1482,1,interior,MLD2,2572.52888
CM33_SPIN,1482,2,interior,MLD2,2513.79464
CM33_SPIN,1482,3,interior,MLD2,2553.70666
CM33_SPIN,1482,4,interior,MLD2,2494.30453
CM33_SPIN,1482,5,interior,MLD2,1027.61079
CM33_SPIN,1482,6,interior,MLD2,42.95933
CM33_SPIN,1482,7,interior,MLD2,15.43782
CM33_SPIN,1482,8,interior,MLD2,17.97493
CM33_SPIN,1482,9,interior,MLD2,23.52064
CM33_SPIN,1482,10,interior,MLD2,31.94348
CM33_SPIN,1482,11,interior,MLD2,386.50035
CM33_SPIN,1482,12,interior,MLD2,1739.99428
CM33_SPIN,1483,1,labsea,a_ice,0.28772
CM33_SPIN,1483,2,labsea,a_ice,0.28229
CM33_SPIN,1483,3,labsea,a_ice,0.25002
CM33_SPIN,1483,4,labsea,a_ice,0.22122
CM33_SPIN,1483,5,labsea,a_ice,0.14865
CM33_SPIN,1483,6,labsea,a_ice,0.09844
CM33_SPIN,1483,7,labsea,a_ice,0.03482
CM33_SPIN,1483,8,labsea,a_ice,0.00654
CM33_SPIN,1483,9,labsea,a_ice,0.00299
CM33_SPIN,1483,10,labsea,a_ice,0.00895
CM33_SPIN,1483,11,labsea,a_ice,0.06109
CM33_SPIN,1483,12,labsea,a_ice,0.17145
CM33_SPIN,1483,1,interior,a_ice,0.14051
CM33_SPIN,1483,2,interior,a_ice,0.11709
CM33_SPIN,1483,3,interior,a_ice,0.02934
CM33_SPIN,1483,4,interior,a_ice,0.03022
CM33_SPIN,1483,5,interior,a_ice,0.04954
CM33_SPIN,1483,6,interior,a_ice,0.00920
CM33_SPIN,1483,7,interior,a_ice,0.00391
CM33_SPIN,1483,8,interior,a_ice,0.00000
CM33_SPIN,1483,9,interior,a_ice,0.00000
CM33_SPIN,1483,10,interior,a_ice,0.00089
CM33_SPIN,1483,11,interior,a_ice,0.00051
CM33_SPIN,1483,12,interior,a_ice,0.01360
CM33_SPIN,1483,1,labsea,MLD2,1430.14822
CM33_SPIN,1483,2,labsea,MLD2,1582.94803
CM33_SPIN,1483,3,labsea,MLD2,1715.46594
CM33_SPIN,1483,4,labsea,MLD2,1678.70691
CM33_SPIN,1483,5,labsea,MLD2,894.92582
CM33_SPIN,1483,6,labsea,MLD2,82.17405
CM33_SPIN,1483,7,labsea,MLD2,14.86324
CM33_SPIN,1483,8,labsea,MLD2,16.68689
CM33_SPIN,1483,9,labsea,MLD2,23.62221
CM33_SPIN,1483,10,labsea,MLD2,30.52854
CM33_SPIN,1483,11,labsea,MLD2,331.61872
CM33_SPIN,1483,12,labsea,MLD2,1400.88356
CM33_SPIN,1483,1,interior,MLD2,2045.25706
CM33_SPIN,1483,2,interior,MLD2,2362.39129
CM33_SPIN,1483,3,interior,MLD2,2662.15032
CM33_SPIN,1483,4,interior,MLD2,2623.40427
CM33_SPIN,1483,5,interior,MLD2,1679.12370
CM33_SPIN,1483,6,interior,MLD2,231.76534
CM33_SPIN,1483,7,interior,MLD2,17.43760
CM33_SPIN,1483,8,interior,MLD2,18.57698
CM33_SPIN,1483,9,interior,MLD2,29.64066
CM33_SPIN,1483,10,interior,MLD2,39.22123
CM33_SPIN,1483,11,interior,MLD2,905.65416
CM33_SPIN,1483,12,interior,MLD2,2559.67798
CM33_SPIN,1484,1,labsea,a_ice,0.23300
CM33_SPIN,1484,2,labsea,a_ice,0.26033
CM33_SPIN,1484,3,labsea,a_ice,0.26374
CM33_SPIN,1484,4,labsea,a_ice,0.23995
CM33_SPIN,1484,5,labsea,a_ice,0.18240
CM33_SPIN,1484,6,labsea,a_ice,0.08252
CM33_SPIN,1484,7,labsea,a_ice,0.02447
CM33_SPIN,1484,8,labsea,a_ice,0.00094
CM33_SPIN,1484,9,labsea,a_ice,0.00000
CM33_SPIN,1484,10,labsea,a_ice,0.01413
CM33_SPIN,1484,11,labsea,a_ice,0.05924
CM33_SPIN,1484,12,labsea,a_ice,0.15450
CM33_SPIN,1484,1,interior,a_ice,0.05281
CM33_SPIN,1484,2,interior,a_ice,0.08334
CM33_SPIN,1484,3,interior,a_ice,0.07296
CM33_SPIN,1484,4,interior,a_ice,0.06752
CM33_SPIN,1484,5,interior,a_ice,0.03787
CM33_SPIN,1484,6,interior,a_ice,0.00277
CM33_SPIN,1484,7,interior,a_ice,0.00000
CM33_SPIN,1484,8,interior,a_ice,0.00000
CM33_SPIN,1484,9,interior,a_ice,0.00000
CM33_SPIN,1484,10,interior,a_ice,0.00000
CM33_SPIN,1484,11,interior,a_ice,0.00180
CM33_SPIN,1484,12,interior,a_ice,0.02547
CM33_SPIN,1484,1,labsea,MLD2,1705.94627
CM33_SPIN,1484,2,labsea,MLD2,1685.50077
CM33_SPIN,1484,3,labsea,MLD2,1674.91707
CM33_SPIN,1484,4,labsea,MLD2,1620.89394
CM33_SPIN,1484,5,labsea,MLD2,1177.77617
CM33_SPIN,1484,6,labsea,MLD2,16.81442
CM33_SPIN,1484,7,labsea,MLD2,14.87992
CM33_SPIN,1484,8,labsea,MLD2,16.25176
CM33_SPIN,1484,9,labsea,MLD2,24.91884
CM33_SPIN,1484,10,labsea,MLD2,81.62990
CM33_SPIN,1484,11,labsea,MLD2,707.04429
CM33_SPIN,1484,12,labsea,MLD2,1659.34791
CM33_SPIN,1484,1,interior,MLD2,2606.63553
CM33_SPIN,1484,2,interior,MLD2,2540.20752
CM33_SPIN,1484,3,interior,MLD2,2554.68727
CM33_SPIN,1484,4,interior,MLD2,2513.55311
CM33_SPIN,1484,5,interior,MLD2,2086.74312
CM33_SPIN,1484,6,interior,MLD2,20.63237
CM33_SPIN,1484,7,interior,MLD2,17.94513
CM33_SPIN,1484,8,interior,MLD2,18.63133
CM33_SPIN,1484,9,interior,MLD2,30.52273
CM33_SPIN,1484,10,interior,MLD2,196.04920
CM33_SPIN,1484,11,interior,MLD2,1678.75128
CM33_SPIN,1484,12,interior,MLD2,2582.11561
CM33_SPIN,1485,1,labsea,a_ice,0.23543
CM33_SPIN,1485,2,labsea,a_ice,0.25811
CM33_SPIN,1485,3,labsea,a_ice,0.25668
CM33_SPIN,1485,4,labsea,a_ice,0.21989
CM33_SPIN,1485,5,labsea,a_ice,0.13276
CM33_SPIN,1485,6,labsea,a_ice,0.10790
CM33_SPIN,1485,7,labsea,a_ice,0.03740
CM33_SPIN,1485,8,labsea,a_ice,0.00782
CM33_SPIN,1485,9,labsea,a_ice,0.00091
CM33_SPIN,1485,10,labsea,a_ice,0.01288
CM33_SPIN,1485,11,labsea,a_ice,0.08358
CM33_SPIN,1485,12,labsea,a_ice,0.17892
CM33_SPIN,1485,1,interior,a_ice,0.04574
CM33_SPIN,1485,2,interior,a_ice,0.08756
CM33_SPIN,1485,3,interior,a_ice,0.06265
CM33_SPIN,1485,4,interior,a_ice,0.05647
CM33_SPIN,1485,5,interior,a_ice,0.02720
CM33_SPIN,1485,6,interior,a_ice,0.01157
CM33_SPIN,1485,7,interior,a_ice,0.00044
CM33_SPIN,1485,8,interior,a_ice,0.00000
CM33_SPIN,1485,9,interior,a_ice,0.00000
CM33_SPIN,1485,10,interior,a_ice,0.00000
CM33_SPIN,1485,11,interior,a_ice,0.00383
CM33_SPIN,1485,12,interior,a_ice,0.02277
CM33_SPIN,1485,1,labsea,MLD2,1778.46318
CM33_SPIN,1485,2,labsea,MLD2,1723.61884
CM33_SPIN,1485,3,labsea,MLD2,1598.32964
CM33_SPIN,1485,4,labsea,MLD2,1533.34486
CM33_SPIN,1485,5,labsea,MLD2,1324.11096
CM33_SPIN,1485,6,labsea,MLD2,183.98713
CM33_SPIN,1485,7,labsea,MLD2,16.41111
CM33_SPIN,1485,8,labsea,MLD2,18.57016
CM33_SPIN,1485,9,labsea,MLD2,26.11563
CM33_SPIN,1485,10,labsea,MLD2,107.75945
CM33_SPIN,1485,11,labsea,MLD2,1188.67081
CM33_SPIN,1485,12,labsea,MLD2,1765.05213
CM33_SPIN,1485,1,interior,MLD2,2687.71794
CM33_SPIN,1485,2,interior,MLD2,2566.64984
CM33_SPIN,1485,3,interior,MLD2,2448.93579
CM33_SPIN,1485,4,interior,MLD2,2251.03918
CM33_SPIN,1485,5,interior,MLD2,2079.56289
CM33_SPIN,1485,6,interior,MLD2,351.22338
CM33_SPIN,1485,7,interior,MLD2,18.72504
CM33_SPIN,1485,8,interior,MLD2,19.26935
CM33_SPIN,1485,9,interior,MLD2,29.38170
CM33_SPIN,1485,10,interior,MLD2,229.04919
CM33_SPIN,1485,11,interior,MLD2,2308.49389
CM33_SPIN,1485,12,interior,MLD2,2676.99317
CM33_SPIN,1486,1,labsea,a_ice,0.20369
CM33_SPIN,1486,2,labsea,a_ice,0.22390
CM33_SPIN,1486,3,labsea,a_ice,0.23596
CM33_SPIN,1486,4,labsea,a_ice,0.25284
CM33_SPIN,1486,5,labsea,a_ice,0.21351
CM33_SPIN,1486,6,labsea,a_ice,0.13111
CM33_SPIN,1486,7,labsea,a_ice,0.04503
CM33_SPIN,1486,8,labsea,a_ice,0.00121
CM33_SPIN,1486,9,labsea,a_ice,0.00001
CM33_SPIN,1486,10,labsea,a_ice,0.00725
CM33_SPIN,1486,11,labsea,a_ice,0.08145
CM33_SPIN,1486,12,labsea,a_ice,0.16938
CM33_SPIN,1486,1,interior,a_ice,0.04772
CM33_SPIN,1486,2,interior,a_ice,0.05842
CM33_SPIN,1486,3,interior,a_ice,0.07049
CM33_SPIN,1486,4,interior,a_ice,0.06293
CM33_SPIN,1486,5,interior,a_ice,0.03911
CM33_SPIN,1486,6,interior,a_ice,0.03934
CM33_SPIN,1486,7,interior,a_ice,0.00536
CM33_SPIN,1486,8,interior,a_ice,0.00000
CM33_SPIN,1486,9,interior,a_ice,0.00000
CM33_SPIN,1486,10,interior,a_ice,0.00000
CM33_SPIN,1486,11,interior,a_ice,0.01438
CM33_SPIN,1486,12,interior,a_ice,0.01929
CM33_SPIN,1486,1,labsea,MLD2,1794.28289
CM33_SPIN,1486,2,labsea,MLD2,1757.62381
CM33_SPIN,1486,3,labsea,MLD2,1651.21137
CM33_SPIN,1486,4,labsea,MLD2,1641.84348
CM33_SPIN,1486,5,labsea,MLD2,1078.50922
CM33_SPIN,1486,6,labsea,MLD2,35.09727
CM33_SPIN,1486,7,labsea,MLD2,16.79492
CM33_SPIN,1486,8,labsea,MLD2,17.11290
CM33_SPIN,1486,9,labsea,MLD2,23.38100
CM33_SPIN,1486,10,labsea,MLD2,53.53211
CM33_SPIN,1486,11,labsea,MLD2,568.28784
CM33_SPIN,1486,12,labsea,MLD2,1750.63523
CM33_SPIN,1486,1,interior,MLD2,2671.73296
CM33_SPIN,1486,2,interior,MLD2,2615.96251
CM33_SPIN,1486,3,interior,MLD2,2465.25715
CM33_SPIN,1486,4,interior,MLD2,2554.48953
CM33_SPIN,1486,5,interior,MLD2,1999.16362
CM33_SPIN,1486,6,interior,MLD2,82.22445
CM33_SPIN,1486,7,interior,MLD2,23.65101
CM33_SPIN,1486,8,interior,MLD2,20.22956
CM33_SPIN,1486,9,interior,MLD2,27.92412
CM33_SPIN,1486,10,interior,MLD2,101.25057
CM33_SPIN,1486,11,interior,MLD2,1087.12576
CM33_SPIN,1486,12,interior,MLD2,2668.87259
CM33_SPIN,1487,1,labsea,a_ice,0.22338
CM33_SPIN,1487,2,labsea,a_ice,0.23339
CM33_SPIN,1487,3,labsea,a_ice,0.23219
CM33_SPIN,1487,4,labsea,a_ice,0.21816
CM33_SPIN,1487,5,labsea,a_ice,0.17613
CM33_SPIN,1487,6,labsea,a_ice,0.10148
CM33_SPIN,1487,7,labsea,a_ice,0.03370
CM33_SPIN,1487,8,labsea,a_ice,0.00411
CM33_SPIN,1487,9,labsea,a_ice,0.00000
CM33_SPIN,1487,10,labsea,a_ice,0.00284
CM33_SPIN,1487,11,labsea,a_ice,0.04859
CM33_SPIN,1487,12,labsea,a_ice,0.18440
CM33_SPIN,1487,1,interior,a_ice,0.04586
CM33_SPIN,1487,2,interior,a_ice,0.05732
CM33_SPIN,1487,3,interior,a_ice,0.04914
CM33_SPIN,1487,4,interior,a_ice,0.02688
CM33_SPIN,1487,5,interior,a_ice,0.02185
CM33_SPIN,1487,6,interior,a_ice,0.00925
CM33_SPIN,1487,7,interior,a_ice,0.00028
CM33_SPIN,1487,8,interior,a_ice,0.00000
CM33_SPIN,1487,9,interior,a_ice,0.00000
CM33_SPIN,1487,10,interior,a_ice,0.00000
CM33_SPIN,1487,11,interior,a_ice,0.00189
CM33_SPIN,1487,12,interior,a_ice,0.02525
CM33_SPIN,1487,1,labsea,MLD2,1799.14720
CM33_SPIN,1487,2,labsea,MLD2,1713.19900
CM33_SPIN,1487,3,labsea,MLD2,1687.53924
CM33_SPIN,1487,4,labsea,MLD2,1541.41547
CM33_SPIN,1487,5,labsea,MLD2,913.78224
CM33_SPIN,1487,6,labsea,MLD2,25.56955
CM33_SPIN,1487,7,labsea,MLD2,14.29876
CM33_SPIN,1487,8,labsea,MLD2,16.25936
CM33_SPIN,1487,9,labsea,MLD2,25.01519
CM33_SPIN,1487,10,labsea,MLD2,45.53217
CM33_SPIN,1487,11,labsea,MLD2,768.76496
CM33_SPIN,1487,12,labsea,MLD2,1656.42084
CM33_SPIN,1487,1,interior,MLD2,2685.61807
CM33_SPIN,1487,2,interior,MLD2,2603.09034
CM33_SPIN,1487,3,interior,MLD2,2594.09853
CM33_SPIN,1487,4,interior,MLD2,2507.71438
CM33_SPIN,1487,5,interior,MLD2,1793.23638
CM33_SPIN,1487,6,interior,MLD2,30.89772
CM33_SPIN,1487,7,interior,MLD2,14.71002
CM33_SPIN,1487,8,interior,MLD2,18.63283
CM33_SPIN,1487,9,interior,MLD2,26.83476
CM33_SPIN,1487,10,interior,MLD2,50.17936
CM33_SPIN,1487,11,interior,MLD2,1579.11686
CM33_SPIN,1487,12,interior,MLD2,2643.41460
CM33_SPIN,1488,1,labsea,a_ice,0.21125
CM33_SPIN,1488,2,labsea,a_ice,0.26183
CM33_SPIN,1488,3,labsea,a_ice,0.29234
CM33_SPIN,1488,4,labsea,a_ice,0.30569
CM33_SPIN,1488,5,labsea,a_ice,0.25743
CM33_SPIN,1488,6,labsea,a_ice,0.15348
CM33_SPIN,1488,7,labsea,a_ice,0.06240
CM33_SPIN,1488,8,labsea,a_ice,0.00844
CM33_SPIN,1488,9,labsea,a_ice,0.00002
CM33_SPIN,1488,10,labsea,a_ice,0.00118
CM33_SPIN,1488,11,labsea,a_ice,0.05498
CM33_SPIN,1488,12,labsea,a_ice,0.17704
CM33_SPIN,1488,1,interior,a_ice,0.03829
CM33_SPIN,1488,2,interior,a_ice,0.06797
CM33_SPIN,1488,3,interior,a_ice,0.10268
CM33_SPIN,1488,4,interior,a_ice,0.15167
CM33_SPIN,1488,5,interior,a_ice,0.06331
CM33_SPIN,1488,6,interior,a_ice,0.01494
CM33_SPIN,1488,7,interior,a_ice,0.00163
CM33_SPIN,1488,8,interior,a_ice,0.00012
CM33_SPIN,1488,9,interior,a_ice,0.00000
CM33_SPIN,1488,10,interior,a_ice,0.00000
CM33_SPIN,1488,11,interior,a_ice,0.00084
CM33_SPIN,1488,12,interior,a_ice,0.02171
CM33_SPIN,1488,1,labsea,MLD2,1689.62731
CM33_SPIN,1488,2,labsea,MLD2,1460.97509
CM33_SPIN,1488,3,labsea,MLD2,1432.68588
CM33_SPIN,1488,4,labsea,MLD2,1291.84710
CM33_SPIN,1488,5,labsea,MLD2,614.61203
CM33_SPIN,1488,6,labsea,MLD2,23.36460
CM33_SPIN,1488,7,labsea,MLD2,14.33564
CM33_SPIN,1488,8,labsea,MLD2,15.78947
CM33_SPIN,1488,9,labsea,MLD2,25.64156
CM33_SPIN,1488,10,labsea,MLD2,40.02136
CM33_SPIN,1488,11,labsea,MLD2,349.22062
CM33_SPIN,1488,12,labsea,MLD2,1603.02787
CM33_SPIN,1488,1,interior,MLD2,2611.16163
CM33_SPIN,1488,2,interior,MLD2,2340.79628
CM33_SPIN,1488,3,interior,MLD2,2118.75143
CM33_SPIN,1488,4,interior,MLD2,1756.54040
CM33_SPIN,1488,5,interior,MLD2,859.78022
CM33_SPIN,1488,6,interior,MLD2,42.31989
CM33_SPIN,1488,7,interior,MLD2,17.63818
CM33_SPIN,1488,8,interior,MLD2,18.85476
CM33_SPIN,1488,9,interior,MLD2,29.85268
CM33_SPIN,1488,10,interior,MLD2,43.54258
CM33_SPIN,1488,11,interior,MLD2,751.73297
CM33_SPIN,1488,12,interior,MLD2,2654.16077
CM33_SPIN,1489,1,labsea,a_ice,0.23927
CM33_SPIN,1489,2,labsea,a_ice,0.30833
CM33_SPIN,1489,3,labsea,a_ice,0.33352
CM33_SPIN,1489,4,labsea,a_ice,0.28843
CM33_SPIN,1489,5,labsea,a_ice,0.19207
CM33_SPIN,1489,6,labsea,a_ice,0.10928
CM33_SPIN,1489,7,labsea,a_ice,0.03534
CM33_SPIN,1489,8,labsea,a_ice,0.00380
CM33_SPIN,1489,9,labsea,a_ice,0.00014
CM33_SPIN,1489,10,labsea,a_ice,0.00239
CM33_SPIN,1489,11,labsea,a_ice,0.07085
CM33_SPIN,1489,12,labsea,a_ice,0.15871
CM33_SPIN,1489,1,interior,a_ice,0.07870
CM33_SPIN,1489,2,interior,a_ice,0.11023
CM33_SPIN,1489,3,interior,a_ice,0.10641
CM33_SPIN,1489,4,interior,a_ice,0.13032
CM33_SPIN,1489,5,interior,a_ice,0.02759
CM33_SPIN,1489,6,interior,a_ice,0.01647
CM33_SPIN,1489,7,interior,a_ice,0.00024
CM33_SPIN,1489,8,interior,a_ice,0.00000
CM33_SPIN,1489,9,interior,a_ice,0.00000
CM33_SPIN,1489,10,interior,a_ice,0.00000
CM33_SPIN,1489,11,interior,a_ice,0.00240
CM33_SPIN,1489,12,interior,a_ice,0.02260
CM33_SPIN,1489,1,labsea,MLD2,1676.86168
CM33_SPIN,1489,2,labsea,MLD2,1516.19189
CM33_SPIN,1489,3,labsea,MLD2,1410.90283
CM33_SPIN,1489,4,labsea,MLD2,1097.98381
CM33_SPIN,1489,5,labsea,MLD2,357.99681
CM33_SPIN,1489,6,labsea,MLD2,20.89500
CM33_SPIN,1489,7,labsea,MLD2,14.69373
CM33_SPIN,1489,8,labsea,MLD2,14.59473
CM33_SPIN,1489,9,labsea,MLD2,20.98739
CM33_SPIN,1489,10,labsea,MLD2,31.54999
CM33_SPIN,1489,11,labsea,MLD2,339.29873
CM33_SPIN,1489,12,labsea,MLD2,1571.43031
CM33_SPIN,1489,1,interior,MLD2,2538.08116
CM33_SPIN,1489,2,interior,MLD2,2388.14947
CM33_SPIN,1489,3,interior,MLD2,2310.33429
CM33_SPIN,1489,4,interior,MLD2,1545.10019
CM33_SPIN,1489,5,interior,MLD2,590.90359
CM33_SPIN,1489,6,interior,MLD2,28.96115
CM33_SPIN,1489,7,interior,MLD2,16.62126
CM33_SPIN,1489,8,interior,MLD2,16.74979
CM33_SPIN,1489,9,interior,MLD2,22.51044
CM33_SPIN,1489,10,interior,MLD2,33.42276
CM33_SPIN,1489,11,interior,MLD2,687.76747
CM33_SPIN,1489,12,interior,MLD2,2599.14342
CM33_SPIN,1490,1,labsea,a_ice,0.22823
CM33_SPIN,1490,2,labsea,a_ice,0.22549
CM33_SPIN,1490,3,labsea,a_ice,0.24153
CM33_SPIN,1490,4,labsea,a_ice,0.22280
CM33_SPIN,1490,5,labsea,a_ice,0.20413
CM33_SPIN,1490,6,labsea,a_ice,0.17283
CM33_SPIN,1490,7,labsea,a_ice,0.07198
CM33_SPIN,1490,8,labsea,a_ice,0.01456
CM33_SPIN,1490,9,labsea,a_ice,0.00052
CM33_SPIN,1490,10,labsea,a_ice,0.01026
CM33_SPIN,1490,11,labsea,a_ice,0.07059
CM33_SPIN,1490,12,labsea,a_ice,0.17992
CM33_SPIN,1490,1,interior,a_ice,0.04559
CM33_SPIN,1490,2,interior,a_ice,0.05904
CM33_SPIN,1490,3,interior,a_ice,0.06896
CM33_SPIN,1490,4,interior,a_ice,0.06435
CM33_SPIN,1490,5,interior,a_ice,0.03779
CM33_SPIN,1490,6,interior,a_ice,0.03537
CM33_SPIN,1490,7,interior,a_ice,0.01075
CM33_SPIN,1490,8,interior,a_ice,0.00000
CM33_SPIN,1490,9,interior,a_ice,0.00000
CM33_SPIN,1490,10,interior,a_ice,0.00000
CM33_SPIN,1490,11,interior,a_ice,0.00139
CM33_SPIN,1490,12,interior,a_ice,0.05281
CM33_SPIN,1490,1,labsea,MLD2,1694.28836
CM33_SPIN,1490,2,labsea,MLD2,1714.56833
CM33_SPIN,1490,3,labsea,MLD2,1626.18965
CM33_SPIN,1490,4,labsea,MLD2,1452.15285
CM33_SPIN,1490,5,labsea,MLD2,1055.68301
CM33_SPIN,1490,6,labsea,MLD2,26.76372
CM33_SPIN,1490,7,labsea,MLD2,10.93954
CM33_SPIN,1490,8,labsea,MLD2,11.70390
CM33_SPIN,1490,9,labsea,MLD2,19.75425
CM33_SPIN,1490,10,labsea,MLD2,34.12653
CM33_SPIN,1490,11,labsea,MLD2,470.08638
CM33_SPIN,1490,12,labsea,MLD2,1456.14504
CM33_SPIN,1490,1,interior,MLD2,2602.64615
CM33_SPIN,1490,2,interior,MLD2,2577.94574
CM33_SPIN,1490,3,interior,MLD2,2474.45237
CM33_SPIN,1490,4,interior,MLD2,2215.01793
CM33_SPIN,1490,5,interior,MLD2,1543.66646
CM33_SPIN,1490,6,interior,MLD2,62.62890
CM33_SPIN,1490,7,interior,MLD2,11.78682
CM33_SPIN,1490,8,interior,MLD2,13.00954
CM33_SPIN,1490,9,interior,MLD2,21.70824
CM33_SPIN,1490,10,interior,MLD2,41.14426
CM33_SPIN,1490,11,interior,MLD2,1059.90775
CM33_SPIN,1490,12,interior,MLD2,2490.02990
CM33_SPIN,1491,1,labsea,a_ice,0.25925
CM33_SPIN,1491,2,labsea,a_ice,0.28232
CM33_SPIN,1491,3,labsea,a_ice,0.28293
CM33_SPIN,1491,4,labsea,a_ice,0.27596
CM33_SPIN,1491,5,labsea,a_ice,0.22760
CM33_SPIN,1491,6,labsea,a_ice,0.12938
CM33_SPIN,1491,7,labsea,a_ice,0.05176
CM33_SPIN,1491,8,labsea,a_ice,0.01481
CM33_SPIN,1491,9,labsea,a_ice,0.00226
CM33_SPIN,1491,10,labsea,a_ice,0.00726
CM33_SPIN,1491,11,labsea,a_ice,0.08691
CM33_SPIN,1491,12,labsea,a_ice,0.17918
CM33_SPIN,1491,1,interior,a_ice,0.09208
CM33_SPIN,1491,2,interior,a_ice,0.09217
CM33_SPIN,1491,3,interior,a_ice,0.06241
CM33_SPIN,1491,4,interior,a_ice,0.11457
CM33_SPIN,1491,5,interior,a_ice,0.06941
CM33_SPIN,1491,6,interior,a_ice,0.04115
CM33_SPIN,1491,7,interior,a_ice,0.00907
CM33_SPIN,1491,8,interior,a_ice,0.00000
CM33_SPIN,1491,9,interior,a_ice,0.00000
CM33_SPIN,1491,10,interior,a_ice,0.00000
CM33_SPIN,1491,11,interior,a_ice,0.00464
CM33_SPIN,1491,12,interior,a_ice,0.03542
CM33_SPIN,1491,1,labsea,MLD2,1705.29624
CM33_SPIN,1491,2,labsea,MLD2,1686.08822
CM33_SPIN,1491,3,labsea,MLD2,1583.91328
CM33_SPIN,1491,4,labsea,MLD2,1253.05658
CM33_SPIN,1491,5,labsea,MLD2,695.34007
CM33_SPIN,1491,6,labsea,MLD2,22.27617
CM33_SPIN,1491,7,labsea,MLD2,14.20851
CM33_SPIN,1491,8,labsea,MLD2,16.91414
CM33_SPIN,1491,9,labsea,MLD2,23.10533
CM33_SPIN,1491,10,labsea,MLD2,45.11457
CM33_SPIN,1491,11,labsea,MLD2,878.99432
CM33_SPIN,1491,12,labsea,MLD2,1483.26413
CM33_SPIN,1491,1,interior,MLD2,2572.95330
CM33_SPIN,1491,2,interior,MLD2,2533.01495
CM33_SPIN,1491,3,interior,MLD2,2539.01348
CM33_SPIN,1491,4,interior,MLD2,1730.19013
CM33_SPIN,1491,5,interior,MLD2,914.79099
CM33_SPIN,1491,6,interior,MLD2,28.82861
CM33_SPIN,1491,7,interior,MLD2,15.32632
CM33_SPIN,1491,8,interior,MLD2,17.02117
CM33_SPIN,1491,9,interior,MLD2,23.17425
CM33_SPIN,1491,10,interior,MLD2,48.86967
CM33_SPIN,1491,11,interior,MLD2,1827.47647
CM33_SPIN,1491,12,interior,MLD2,2524.20274
CM33_SPIN,1492,1,labsea,a_ice,0.21545
CM33_SPIN,1492,2,labsea,a_ice,0.23841
CM33_SPIN,1492,3,labsea,a_ice,0.23516
CM33_SPIN,1492,4,labsea,a_ice,0.22762
CM33_SPIN,1492,5,labsea,a_ice,0.22277
CM33_SPIN,1492,6,labsea,a_ice,0.10822
CM33_SPIN,1492,7,labsea,a_ice,0.02400
CM33_SPIN,1492,8,labsea,a_ice,0.00106
CM33_SPIN,1492,9,labsea,a_ice,0.00004
CM33_SPIN,1492,10,labsea,a_ice,0.00019
CM33_SPIN,1492,11,labsea,a_ice,0.05198
CM33_SPIN,1492,12,labsea,a_ice,0.18040
CM33_SPIN,1492,1,interior,a_ice,0.05101
CM33_SPIN,1492,2,interior,a_ice,0.05316
CM33_SPIN,1492,3,interior,a_ice,0.03843
CM33_SPIN,1492,4,interior,a_ice,0.02855
CM33_SPIN,1492,5,interior,a_ice,0.08616
CM33_SPIN,1492,6,interior,a_ice,0.03572
CM33_SPIN,1492,7,interior,a_ice,0.00015
CM33_SPIN,1492,8,interior,a_ice,0.00000
CM33_SPIN,1492,9,interior,a_ice,0.00000
CM33_SPIN,1492,10,interior,a_ice,0.00000
CM33_SPIN,1492,11,interior,a_ice,0.00068
CM33_SPIN,1492,12,interior,a_ice,0.01511
CM33_SPIN,1492,1,labsea,MLD2,1659.57087
CM33_SPIN,1492,2,labsea,MLD2,1715.04002
CM33_SPIN,1492,3,labsea,MLD2,1673.76002
CM33_SPIN,1492,4,labsea,MLD2,1548.90516
CM33_SPIN,1492,5,labsea,MLD2,909.92001
CM33_SPIN,1492,6,labsea,MLD2,12.10047
CM33_SPIN,1492,7,labsea,MLD2,13.32970
CM33_SPIN,1492,8,labsea,MLD2,14.46428
CM33_SPIN,1492,9,labsea,MLD2,18.88199
CM33_SPIN,1492,10,labsea,MLD2,33.93227
CM33_SPIN,1492,11,labsea,MLD2,612.63460
CM33_SPIN,1492,12,labsea,MLD2,1606.98780
CM33_SPIN,1492,1,interior,MLD2,2616.64248
CM33_SPIN,1492,2,interior,MLD2,2625.57261
CM33_SPIN,1492,3,interior,MLD2,2586.12816
CM33_SPIN,1492,4,interior,MLD2,2553.43568
CM33_SPIN,1492,5,interior,MLD2,1587.08429
CM33_SPIN,1492,6,interior,MLD2,14.10012
CM33_SPIN,1492,7,interior,MLD2,16.10117
CM33_SPIN,1492,8,interior,MLD2,16.80487
CM33_SPIN,1492,9,interior,MLD2,21.65989
CM33_SPIN,1492,10,interior,MLD2,37.80888
CM33_SPIN,1492,11,interior,MLD2,1243.63375
CM33_SPIN,1492,12,interior,MLD2,2632.78310
CM33_SPIN,1493,1,labsea,a_ice,0.26775
CM33_SPIN,1493,2,labsea,a_ice,0.28382
CM33_SPIN,1493,3,labsea,a_ice,0.32112
CM33_SPIN,1493,4,labsea,a_ice,0.33172
CM33_SPIN,1493,5,labsea,a_ice,0.27141
CM33_SPIN,1493,6,labsea,a_ice,0.14829
CM33_SPIN,1493,7,labsea,a_ice,0.04071
CM33_SPIN,1493,8,labsea,a_ice,0.00320
CM33_SPIN,1493,9,labsea,a_ice,0.00186
CM33_SPIN,1493,10,labsea,a_ice,0.00609
CM33_SPIN,1493,11,labsea,a_ice,0.09832
CM33_SPIN,1493,12,labsea,a_ice,0.25201
CM33_SPIN,1493,1,interior,a_ice,0.08181
CM33_SPIN,1493,2,interior,a_ice,0.08351
CM33_SPIN,1493,3,interior,a_ice,0.17651
CM33_SPIN,1493,4,interior,a_ice,0.22267
CM33_SPIN,1493,5,interior,a_ice,0.11405
CM33_SPIN,1493,6,interior,a_ice,0.01770
CM33_SPIN,1493,7,interior,a_ice,0.00434
CM33_SPIN,1493,8,interior,a_ice,0.00000
CM33_SPIN,1493,9,interior,a_ice,0.00015
CM33_SPIN,1493,10,interior,a_ice,0.00028
CM33_SPIN,1493,11,interior,a_ice,0.00946
CM33_SPIN,1493,12,interior,a_ice,0.08214
CM33_SPIN,1493,1,labsea,MLD2,1549.54511
CM33_SPIN,1493,2,labsea,MLD2,1467.99726
CM33_SPIN,1493,3,labsea,MLD2,1306.55296
CM33_SPIN,1493,4,labsea,MLD2,1106.58215
CM33_SPIN,1493,5,labsea,MLD2,634.81079
CM33_SPIN,1493,6,labsea,MLD2,21.49086
CM33_SPIN,1493,7,labsea,MLD2,14.03105
CM33_SPIN,1493,8,labsea,MLD2,20.36046
CM33_SPIN,1493,9,labsea,MLD2,24.96788
CM33_SPIN,1493,10,labsea,MLD2,34.82180
CM33_SPIN,1493,11,labsea,MLD2,462.46779
CM33_SPIN,1493,12,labsea,MLD2,1370.39633
CM33_SPIN,1493,1,interior,MLD2,2424.16412
CM33_SPIN,1493,2,interior,MLD2,2367.22802
CM33_SPIN,1493,3,interior,MLD2,1891.41438
CM33_SPIN,1493,4,interior,MLD2,1548.47086
CM33_SPIN,1493,5,interior,MLD2,940.92292
CM33_SPIN,1493,6,interior,MLD2,31.78543
CM33_SPIN,1493,7,interior,MLD2,15.64958
CM33_SPIN,1493,8,interior,MLD2,21.84702
CM33_SPIN,1493,9,interior,MLD2,25.82441
CM33_SPIN,1493,10,interior,MLD2,37.29277
CM33_SPIN,1493,11,interior,MLD2,1028.00909
CM33_SPIN,1493,12,interior,MLD2,2180.23893
CM33_SPIN,1494,1,labsea,a_ice,0.34181
CM33_SPIN,1494,2,labsea,a_ice,0.35232
CM33_SPIN,1494,3,labsea,a_ice,0.43218
CM33_SPIN,1494,4,labsea,a_ice,0.38897
CM33_SPIN,1494,5,labsea,a_ice,0.26327
CM33_SPIN,1494,6,labsea,a_ice,0.10717
CM33_SPIN,1494,7,labsea,a_ice,0.02806
CM33_SPIN,1494,8,labsea,a_ice,0.00540
CM33_SPIN,1494,9,labsea,a_ice,0.00083
CM33_SPIN,1494,10,labsea,a_ice,0.00730
CM33_SPIN,1494,11,labsea,a_ice,0.06684
CM33_SPIN,1494,12,labsea,a_ice,0.15480
CM33_SPIN,1494,1,interior,a_ice,0.18313
CM33_SPIN,1494,2,interior,a_ice,0.20956
CM33_SPIN,1494,3,interior,a_ice,0.34086
CM33_SPIN,1494,4,interior,a_ice,0.37527
CM33_SPIN,1494,5,interior,a_ice,0.17690
CM33_SPIN,1494,6,interior,a_ice,0.02991
CM33_SPIN,1494,7,interior,a_ice,0.00235
CM33_SPIN,1494,8,interior,a_ice,0.00000
CM33_SPIN,1494,9,interior,a_ice,0.00000
CM33_SPIN,1494,10,interior,a_ice,0.00000
CM33_SPIN,1494,11,interior,a_ice,0.00082
CM33_SPIN,1494,12,interior,a_ice,0.01242
CM33_SPIN,1494,1,labsea,MLD2,1400.83591
CM33_SPIN,1494,2,labsea,MLD2,1102.96709
CM33_SPIN,1494,3,labsea,MLD2,1017.05297
CM33_SPIN,1494,4,labsea,MLD2,625.26736
CM33_SPIN,1494,5,labsea,MLD2,237.40762
CM33_SPIN,1494,6,labsea,MLD2,18.58063
CM33_SPIN,1494,7,labsea,MLD2,14.67796
CM33_SPIN,1494,8,labsea,MLD2,17.05407
CM33_SPIN,1494,9,labsea,MLD2,25.70137
CM33_SPIN,1494,10,labsea,MLD2,37.78498
CM33_SPIN,1494,11,labsea,MLD2,137.70111
CM33_SPIN,1494,12,labsea,MLD2,1187.24677
CM33_SPIN,1494,1,interior,MLD2,2153.69694
CM33_SPIN,1494,2,interior,MLD2,1802.05280
CM33_SPIN,1494,3,interior,MLD2,1361.75539
CM33_SPIN,1494,4,interior,MLD2,635.89591
CM33_SPIN,1494,5,interior,MLD2,307.83495
CM33_SPIN,1494,6,interior,MLD2,20.25568
CM33_SPIN,1494,7,interior,MLD2,15.49108
CM33_SPIN,1494,8,interior,MLD2,17.02044
CM33_SPIN,1494,9,interior,MLD2,24.80059
CM33_SPIN,1494,10,interior,MLD2,36.34474
CM33_SPIN,1494,11,interior,MLD2,160.51008
CM33_SPIN,1494,12,interior,MLD2,2106.13290
CM33_SPIN,1495,1,labsea,a_ice,0.23495
CM33_SPIN,1495,2,labsea,a_ice,0.26674
CM33_SPIN,1495,3,labsea,a_ice,0.30122
CM33_SPIN,1495,4,labsea,a_ice,0.30099
CM33_SPIN,1495,5,labsea,a_ice,0.21686
CM33_SPIN,1495,6,labsea,a_ice,0.13769
CM33_SPIN,1495,7,labsea,a_ice,0.05975
CM33_SPIN,1495,8,labsea,a_ice,0.01949
CM33_SPIN,1495,9,labsea,a_ice,0.00924
CM33_SPIN,1495,10,labsea,a_ice,0.02355
CM33_SPIN,1495,11,labsea,a_ice,0.06490
CM33_SPIN,1495,12,labsea,a_ice,0.15904
CM33_SPIN,1495,1,interior,a_ice,0.06330
CM33_SPIN,1495,2,interior,a_ice,0.07518
CM33_SPIN,1495,3,interior,a_ice,0.10132
CM33_SPIN,1495,4,interior,a_ice,0.09448
CM33_SPIN,1495,5,interior,a_ice,0.04444
CM33_SPIN,1495,6,interior,a_ice,0.03168
CM33_SPIN,1495,7,interior,a_ice,0.00204
CM33_SPIN,1495,8,interior,a_ice,0.00000
CM33_SPIN,1495,9,interior,a_ice,0.00000
CM33_SPIN,1495,10,interior,a_ice,0.00000
CM33_SPIN,1495,11,interior,a_ice,0.00222
CM33_SPIN,1495,12,interior,a_ice,0.02354
CM33_SPIN,1495,1,labsea,MLD2,1719.45307
CM33_SPIN,1495,2,labsea,MLD2,1651.35259
CM33_SPIN,1495,3,labsea,MLD2,1504.16900
CM33_SPIN,1495,4,labsea,MLD2,1410.63900
CM33_SPIN,1495,5,labsea,MLD2,644.30115
CM33_SPIN,1495,6,labsea,MLD2,19.27520
CM33_SPIN,1495,7,labsea,MLD2,13.91415
CM33_SPIN,1495,8,labsea,MLD2,16.18827
CM33_SPIN,1495,9,labsea,MLD2,24.41090
CM33_SPIN,1495,10,labsea,MLD2,55.93319
CM33_SPIN,1495,11,labsea,MLD2,565.73440
CM33_SPIN,1495,12,labsea,MLD2,1591.79785
CM33_SPIN,1495,1,interior,MLD2,2648.18650
CM33_SPIN,1495,2,interior,MLD2,2508.72593
CM33_SPIN,1495,3,interior,MLD2,2256.56064
CM33_SPIN,1495,4,interior,MLD2,2250.86619
CM33_SPIN,1495,5,interior,MLD2,1423.65359
CM33_SPIN,1495,6,interior,MLD2,27.81709
CM33_SPIN,1495,7,interior,MLD2,14.80374
CM33_SPIN,1495,8,interior,MLD2,18.40543
CM33_SPIN,1495,9,interior,MLD2,28.58284
CM33_SPIN,1495,10,interior,MLD2,67.98970
CM33_SPIN,1495,11,interior,MLD2,1281.39095
CM33_SPIN,1495,12,interior,MLD2,2582.85439
CM33_SPIN,1496,1,labsea,a_ice,0.22444
CM33_SPIN,1496,2,labsea,a_ice,0.29907
CM33_SPIN,1496,3,labsea,a_ice,0.26609
CM33_SPIN,1496,4,labsea,a_ice,0.21766
CM33_SPIN,1496,5,labsea,a_ice,0.15719
CM33_SPIN,1496,6,labsea,a_ice,0.08750
CM33_SPIN,1496,7,labsea,a_ice,0.04172
CM33_SPIN,1496,8,labsea,a_ice,0.00922
CM33_SPIN,1496,9,labsea,a_ice,0.00223
CM33_SPIN,1496,10,labsea,a_ice,0.00714
CM33_SPIN,1496,11,labsea,a_ice,0.09568
CM33_SPIN,1496,12,labsea,a_ice,0.14920
CM33_SPIN,1496,1,interior,a_ice,0.08558
CM33_SPIN,1496,2,interior,a_ice,0.15686
CM33_SPIN,1496,3,interior,a_ice,0.08867
CM33_SPIN,1496,4,interior,a_ice,0.03797
CM33_SPIN,1496,5,interior,a_ice,0.02241
CM33_SPIN,1496,6,interior,a_ice,0.00425
CM33_SPIN,1496,7,interior,a_ice,0.00000
CM33_SPIN,1496,8,interior,a_ice,0.00000
CM33_SPIN,1496,9,interior,a_ice,0.00000
CM33_SPIN,1496,10,interior,a_ice,0.00000
CM33_SPIN,1496,11,interior,a_ice,0.00460
CM33_SPIN,1496,12,interior,a_ice,0.01839
CM33_SPIN,1496,1,labsea,MLD2,1686.43828
CM33_SPIN,1496,2,labsea,MLD2,1570.35566
CM33_SPIN,1496,3,labsea,MLD2,1574.45098
CM33_SPIN,1496,4,labsea,MLD2,1633.36027
CM33_SPIN,1496,5,labsea,MLD2,1174.06808
CM33_SPIN,1496,6,labsea,MLD2,17.37451
CM33_SPIN,1496,7,labsea,MLD2,14.65105
CM33_SPIN,1496,8,labsea,MLD2,14.39853
CM33_SPIN,1496,9,labsea,MLD2,27.79167
CM33_SPIN,1496,10,labsea,MLD2,74.76644
CM33_SPIN,1496,11,labsea,MLD2,938.07957
CM33_SPIN,1496,12,labsea,MLD2,1663.08072
CM33_SPIN,1496,1,interior,MLD2,2564.22045
CM33_SPIN,1496,2,interior,MLD2,2366.96660
CM33_SPIN,1496,3,interior,MLD2,2499.80525
CM33_SPIN,1496,4,interior,MLD2,2578.36412
CM33_SPIN,1496,5,interior,MLD2,1855.12954
CM33_SPIN,1496,6,interior,MLD2,19.79656
CM33_SPIN,1496,7,interior,MLD2,16.12736
CM33_SPIN,1496,8,interior,MLD2,16.02823
CM33_SPIN,1496,9,interior,MLD2,32.62532
CM33_SPIN,1496,10,interior,MLD2,168.81827
CM33_SPIN,1496,11,interior,MLD2,1932.09167
CM33_SPIN,1496,12,interior,MLD2,2609.60592
CM33_SPIN,1497,1,labsea,a_ice,0.19338
CM33_SPIN,1497,2,labsea,a_ice,0.21570
CM33_SPIN,1497,3,labsea,a_ice,0.21841
CM33_SPIN,1497,4,labsea,a_ice,0.20946
CM33_SPIN,1497,5,labsea,a_ice,0.17936
CM33_SPIN,1497,6,labsea,a_ice,0.10703
CM33_SPIN,1497,7,labsea,a_ice,0.05466
CM33_SPIN,1497,8,labsea,a_ice,0.01479
CM33_SPIN,1497,9,labsea,a_ice,0.00212
CM33_SPIN,1497,10,labsea,a_ice,0.02134
CM33_SPIN,1497,11,labsea,a_ice,0.09246
CM33_SPIN,1497,12,labsea,a_ice,0.20152
CM33_SPIN,1497,1,interior,a_ice,0.04271
CM33_SPIN,1497,2,interior,a_ice,0.05042
CM33_SPIN,1497,3,interior,a_ice,0.02789
CM33_SPIN,1497,4,interior,a_ice,0.01736
CM33_SPIN,1497,5,interior,a_ice,0.01324
CM33_SPIN,1497,6,interior,a_ice,0.00247
CM33_SPIN,1497,7,interior,a_ice,0.00153
CM33_SPIN,1497,8,interior,a_ice,0.00000
CM33_SPIN,1497,9,interior,a_ice,0.00000
CM33_SPIN,1497,10,interior,a_ice,0.00000
CM33_SPIN,1497,11,interior,a_ice,0.00525
CM33_SPIN,1497,12,interior,a_ice,0.02435
CM33_SPIN,1497,1,labsea,MLD2,1715.68311
CM33_SPIN,1497,2,labsea,MLD2,1668.08002
CM33_SPIN,1497,3,labsea,MLD2,1575.64197
CM33_SPIN,1497,4,labsea,MLD2,1507.73416
CM33_SPIN,1497,5,labsea,MLD2,555.51238
CM33_SPIN,1497,6,labsea,MLD2,23.90504
CM33_SPIN,1497,7,labsea,MLD2,18.13739
CM33_SPIN,1497,8,labsea,MLD2,20.01104
CM33_SPIN,1497,9,labsea,MLD2,27.20095
CM33_SPIN,1497,10,labsea,MLD2,67.39959
CM33_SPIN,1497,11,labsea,MLD2,1028.30547
CM33_SPIN,1497,12,labsea,MLD2,1656.69492
CM33_SPIN,1497,1,interior,MLD2,2621.57947
CM33_SPIN,1497,2,interior,MLD2,2615.77498
CM33_SPIN,1497,3,interior,MLD2,2633.47004
CM33_SPIN,1497,4,interior,MLD2,2516.02315
CM33_SPIN,1497,5,interior,MLD2,1182.30578
CM33_SPIN,1497,6,interior,MLD2,33.02540
CM33_SPIN,1497,7,interior,MLD2,21.67209
CM33_SPIN,1497,8,interior,MLD2,23.20611
CM33_SPIN,1497,9,interior,MLD2,33.77330
CM33_SPIN,1497,10,interior,MLD2,127.49027
CM33_SPIN,1497,11,interior,MLD2,1975.07252
CM33_SPIN,1497,12,interior,MLD2,2650.46785
CM33_SPIN,1498,1,labsea,a_ice,0.21917
CM33_SPIN,1498,2,labsea,a_ice,0.27516
CM33_SPIN,1498,3,labsea,a_ice,0.27929
CM33_SPIN,1498,4,labsea,a_ice,0.26879
CM33_SPIN,1498,5,labsea,a_ice,0.24469
CM33_SPIN,1498,6,labsea,a_ice,0.16527
CM33_SPIN,1498,7,labsea,a_ice,0.03915
CM33_SPIN,1498,8,labsea,a_ice,0.00233
CM33_SPIN,1498,9,labsea,a_ice,0.00019
CM33_SPIN,1498,10,labsea,a_ice,0.00643
CM33_SPIN,1498,11,labsea,a_ice,0.10812
CM33_SPIN,1498,12,labsea,a_ice,0.24116
CM33_SPIN,1498,1,interior,a_ice,0.06269
CM33_SPIN,1498,2,interior,a_ice,0.08515
CM33_SPIN,1498,3,interior,a_ice,0.08303
CM33_SPIN,1498,4,interior,a_ice,0.05995
CM33_SPIN,1498,5,interior,a_ice,0.09288
CM33_SPIN,1498,6,interior,a_ice,0.08505
CM33_SPIN,1498,7,interior,a_ice,0.00152
CM33_SPIN,1498,8,interior,a_ice,0.00000
CM33_SPIN,1498,9,interior,a_ice,0.00000
CM33_SPIN,1498,10,interior,a_ice,0.00000
CM33_SPIN,1498,11,interior,a_ice,0.01094
CM33_SPIN,1498,12,interior,a_ice,0.09440
CM33_SPIN,1498,1,labsea,MLD2,1670.27719
CM33_SPIN,1498,2,labsea,MLD2,1576.12401
CM33_SPIN,1498,3,labsea,MLD2,1476.89349
CM33_SPIN,1498,4,labsea,MLD2,1455.36589
CM33_SPIN,1498,5,labsea,MLD2,1087.46949
CM33_SPIN,1498,6,labsea,MLD2,189.37516
CM33_SPIN,1498,7,labsea,MLD2,14.01724
CM33_SPIN,1498,8,labsea,MLD2,16.45557
CM33_SPIN,1498,9,labsea,MLD2,27.12706
CM33_SPIN,1498,10,labsea,MLD2,40.07270
CM33_SPIN,1498,11,labsea,MLD2,903.93429
CM33_SPIN,1498,12,labsea,MLD2,1477.07740
CM33_SPIN,1498,1,interior,MLD2,2569.02935
CM33_SPIN,1498,2,interior,MLD2,2442.16851
CM33_SPIN,1498,3,interior,MLD2,2287.36471
CM33_SPIN,1498,4,interior,MLD2,2244.07368
CM33_SPIN,1498,5,interior,MLD2,1892.08939
CM33_SPIN,1498,6,interior,MLD2,617.84229
CM33_SPIN,1498,7,interior,MLD2,16.79995
CM33_SPIN,1498,8,interior,MLD2,19.64381
CM33_SPIN,1498,9,interior,MLD2,30.33555
CM33_SPIN,1498,10,interior,MLD2,50.43261
CM33_SPIN,1498,11,interior,MLD2,1764.21776
CM33_SPIN,1498,12,interior,MLD2,2337.83924
CM33_SPIN,1499,1,labsea,a_ice,0.32581
CM33_SPIN,1499,2,labsea,a_ice,0.40225
CM33_SPIN,1499,3,labsea,a_ice,0.43867
CM33_SPIN,1499,4,labsea,a_ice,0.37156
CM33_SPIN,1499,5,labsea,a_ice,0.29958
CM33_SPIN,1499,6,labsea,a_ice,0.13476
CM33_SPIN,1499,7,labsea,a_ice,0.04487
CM33_SPIN,1499,8,labsea,a_ice,0.01067
CM33_SPIN,1499,9,labsea,a_ice,0.00300
CM33_SPIN,1499,10,labsea,a_ice,0.01213
CM33_SPIN,1499,11,labsea,a_ice,0.05897
CM33_SPIN,1499,12,labsea,a_ice,0.16505
CM33_SPIN,1499,1,interior,a_ice,0.12315
CM33_SPIN,1499,2,interior,a_ice,0.16581
CM33_SPIN,1499,3,interior,a_ice,0.29691
CM33_SPIN,1499,4,interior,a_ice,0.25207
CM33_SPIN,1499,5,interior,a_ice,0.15583
CM33_SPIN,1499,6,interior,a_ice,0.03094
CM33_SPIN,1499,7,interior,a_ice,0.00001
CM33_SPIN,1499,8,interior,a_ice,0.00000
CM33_SPIN,1499,9,interior,a_ice,0.00000
CM33_SPIN,1499,10,interior,a_ice,0.00000
CM33_SPIN,1499,11,interior,a_ice,0.00067
CM33_SPIN,1499,12,interior,a_ice,0.02186
CM33_SPIN,1499,1,labsea,MLD2,1550.91213
CM33_SPIN,1499,2,labsea,MLD2,1394.30910
CM33_SPIN,1499,3,labsea,MLD2,907.04885
CM33_SPIN,1499,4,labsea,MLD2,561.02172
CM33_SPIN,1499,5,labsea,MLD2,218.51993
CM33_SPIN,1499,6,labsea,MLD2,14.46613
CM33_SPIN,1499,7,labsea,MLD2,11.07742
CM33_SPIN,1499,8,labsea,MLD2,14.12810
CM33_SPIN,1499,9,labsea,MLD2,21.85231
CM33_SPIN,1499,10,labsea,MLD2,45.74676
CM33_SPIN,1499,11,labsea,MLD2,601.40952
CM33_SPIN,1499,12,labsea,MLD2,1443.84340
CM33_SPIN,1499,1,interior,MLD2,2466.49276
CM33_SPIN,1499,2,interior,MLD2,2254.43934
CM33_SPIN,1499,3,interior,MLD2,1459.77255
CM33_SPIN,1499,4,interior,MLD2,783.20223
CM33_SPIN,1499,5,interior,MLD2,229.29477
CM33_SPIN,1499,6,interior,MLD2,15.96318
CM33_SPIN,1499,7,interior,MLD2,11.55533
CM33_SPIN,1499,8,interior,MLD2,14.28989
CM33_SPIN,1499,9,interior,MLD2,21.59692
CM33_SPIN,1499,10,interior,MLD2,40.66913
CM33_SPIN,1499,11,interior,MLD2,747.75474
CM33_SPIN,1499,12,interior,MLD2,2217.18130
CM33_SPIN,1500,1,labsea,a_ice,0.32553
CM33_SPIN,1500,2,labsea,a_ice,0.41523
CM33_SPIN,1500,3,labsea,a_ice,0.41206
CM33_SPIN,1500,4,labsea,a_ice,0.39998
CM33_SPIN,1500,5,labsea,a_ice,0.28950
CM33_SPIN,1500,6,labsea,a_ice,0.18830
CM33_SPIN,1500,7,labsea,a_ice,0.06816
CM33_SPIN,1500,8,labsea,a_ice,0.01149
CM33_SPIN,1500,9,labsea,a_ice,0.00167
CM33_SPIN,1500,10,labsea,a_ice,0.00046
CM33_SPIN,1500,11,labsea,a_ice,0.04744
CM33_SPIN,1500,12,labsea,a_ice,0.16520
CM33_SPIN,1500,1,interior,a_ice,0.17008
CM33_SPIN,1500,2,interior,a_ice,0.29364
CM33_SPIN,1500,3,interior,a_ice,0.32411
CM33_SPIN,1500,4,interior,a_ice,0.25695
CM33_SPIN,1500,5,interior,a_ice,0.08727
CM33_SPIN,1500,6,interior,a_ice,0.02047
CM33_SPIN,1500,7,interior,a_ice,0.02457
CM33_SPIN,1500,8,interior,a_ice,0.00000
CM33_SPIN,1500,9,interior,a_ice,0.00000
CM33_SPIN,1500,10,interior,a_ice,0.00000
CM33_SPIN,1500,11,interior,a_ice,0.00384
CM33_SPIN,1500,12,interior,a_ice,0.02259
CM33_SPIN,1500,1,labsea,MLD2,1386.87380
CM33_SPIN,1500,2,labsea,MLD2,1228.10808
CM33_SPIN,1500,3,labsea,MLD2,939.09139
CM33_SPIN,1500,4,labsea,MLD2,905.78685
CM33_SPIN,1500,5,labsea,MLD2,617.30776
CM33_SPIN,1500,6,labsea,MLD2,45.40039
CM33_SPIN,1500,7,labsea,MLD2,13.85656
CM33_SPIN,1500,8,labsea,MLD2,13.35975
CM33_SPIN,1500,9,labsea,MLD2,22.35351
CM33_SPIN,1500,10,labsea,MLD2,36.04313
CM33_SPIN,1500,11,labsea,MLD2,391.57152
CM33_SPIN,1500,12,labsea,MLD2,1500.48631
CM33_SPIN,1500,1,interior,MLD2,2112.59298
CM33_SPIN,1500,2,interior,MLD2,1791.43274
CM33_SPIN,1500,3,interior,MLD2,1391.68105
CM33_SPIN,1500,4,interior,MLD2,1331.53385
CM33_SPIN,1500,5,interior,MLD2,992.04017
CM33_SPIN,1500,6,interior,MLD2,95.08221
CM33_SPIN,1500,7,interior,MLD2,16.04500
CM33_SPIN,1500,8,interior,MLD2,14.22946
CM33_SPIN,1500,9,interior,MLD2,22.24522
CM33_SPIN,1500,10,interior,MLD2,33.21258
CM33_SPIN,1500,11,interior,MLD2,762.92190
CM33_SPIN,1500,12,interior,MLD2,2600.29895
CM33_SPIN,1501,1,labsea,a_ice,0.22548
CM33_SPIN,1501,2,labsea,a_ice,0.28398
CM33_SPIN,1501,3,labsea,a_ice,0.32686
CM33_SPIN,1501,4,labsea,a_ice,0.31865
CM33_SPIN,1501,5,labsea,a_ice,0.27033
CM33_SPIN,1501,6,labsea,a_ice,0.20054
CM33_SPIN,1501,7,labsea,a_ice,0.09395
CM33_SPIN,1501,8,labsea,a_ice,0.02404
CM33_SPIN,1501,9,labsea,a_ice,0.00617
CM33_SPIN,1501,10,labsea,a_ice,0.00543
CM33_SPIN,1501,11,labsea,a_ice,0.05945
CM33_SPIN,1501,12,labsea,a_ice,0.17875
CM33_SPIN,1501,1,interior,a_ice,0.05116
CM33_SPIN,1501,2,interior,a_ice,0.10149
CM33_SPIN,1501,3,interior,a_ice,0.09713
CM33_SPIN,1501,4,interior,a_ice,0.11429
CM33_SPIN,1501,5,interior,a_ice,0.09205
CM33_SPIN,1501,6,interior,a_ice,0.04668
CM33_SPIN,1501,7,interior,a_ice,0.02403
CM33_SPIN,1501,8,interior,a_ice,0.00009
CM33_SPIN,1501,9,interior,a_ice,0.00000
CM33_SPIN,1501,10,interior,a_ice,0.00000
CM33_SPIN,1501,11,interior,a_ice,0.00374
CM33_SPIN,1501,12,interior,a_ice,0.04700
CM33_SPIN,1501,1,labsea,MLD2,1691.17956
CM33_SPIN,1501,2,labsea,MLD2,1592.70512
CM33_SPIN,1501,3,labsea,MLD2,1492.64668
CM33_SPIN,1501,4,labsea,MLD2,1488.44310
CM33_SPIN,1501,5,labsea,MLD2,1066.93970
CM33_SPIN,1501,6,labsea,MLD2,230.84067
CM33_SPIN,1501,7,labsea,MLD2,14.55274
CM33_SPIN,1501,8,labsea,MLD2,13.09577
CM33_SPIN,1501,9,labsea,MLD2,19.26893
CM33_SPIN,1501,10,labsea,MLD2,32.50968
CM33_SPIN,1501,11,labsea,MLD2,335.68909
CM33_SPIN,1501,12,labsea,MLD2,1580.59448
CM33_SPIN,1501,1,interior,MLD2,2637.97156
CM33_SPIN,1501,2,interior,MLD2,2475.23017
CM33_SPIN,1501,3,interior,MLD2,2341.79346
CM33_SPIN,1501,4,interior,MLD2,2274.59942
CM33_SPIN,1501,5,interior,MLD2,2072.36472
CM33_SPIN,1501,6,interior,MLD2,641.13246
CM33_SPIN,1501,7,interior,MLD2,16.64380
CM33_SPIN,1501,8,interior,MLD2,14.57656
CM33_SPIN,1501,9,interior,MLD2,21.43385
CM33_SPIN,1501,10,interior,MLD2,33.00998
CM33_SPIN,1501,11,interior,MLD2,657.53864
CM33_SPIN,1501,12,interior,MLD2,2617.19535
CM33_SPIN,1502,1,labsea,a_ice,0.23833
CM33_SPIN,1502,2,labsea,a_ice,0.22657
CM33_SPIN,1502,3,labsea,a_ice,0.25338
CM33_SPIN,1502,4,labsea,a_ice,0.25410
CM33_SPIN,1502,5,labsea,a_ice,0.22813
CM33_SPIN,1502,6,labsea,a_ice,0.15540
CM33_SPIN,1502,7,labsea,a_ice,0.05514
CM33_SPIN,1502,8,labsea,a_ice,0.00335
CM33_SPIN,1502,9,labsea,a_ice,0.00000
CM33_SPIN,1502,10,labsea,a_ice,0.00355
CM33_SPIN,1502,11,labsea,a_ice,0.09541
CM33_SPIN,1502,12,labsea,a_ice,0.20937
CM33_SPIN,1502,1,interior,a_ice,0.08355
CM33_SPIN,1502,2,interior,a_ice,0.04459
CM33_SPIN,1502,3,interior,a_ice,0.06673
CM33_SPIN,1502,4,interior,a_ice,0.09737
CM33_SPIN,1502,5,interior,a_ice,0.06731
CM33_SPIN,1502,6,interior,a_ice,0.02220
CM33_SPIN,1502,7,interior,a_ice,0.01225
CM33_SPIN,1502,8,interior,a_ice,0.00002
CM33_SPIN,1502,9,interior,a_ice,0.00000
CM33_SPIN,1502,10,interior,a_ice,0.00000
CM33_SPIN,1502,11,interior,a_ice,0.00444
CM33_SPIN,1502,12,interior,a_ice,0.04606
CM33_SPIN,1502,1,labsea,MLD2,1515.37968
CM33_SPIN,1502,2,labsea,MLD2,1546.97215
CM33_SPIN,1502,3,labsea,MLD2,1462.36756
CM33_SPIN,1502,4,labsea,MLD2,1374.06574
CM33_SPIN,1502,5,labsea,MLD2,1234.05774
CM33_SPIN,1502,6,labsea,MLD2,53.81819
CM33_SPIN,1502,7,labsea,MLD2,14.94909
CM33_SPIN,1502,8,labsea,MLD2,14.26174
CM33_SPIN,1502,9,labsea,MLD2,20.96535
CM33_SPIN,1502,10,labsea,MLD2,35.65377
CM33_SPIN,1502,11,labsea,MLD2,798.65062
CM33_SPIN,1502,12,labsea,MLD2,1614.95099
CM33_SPIN,1502,1,interior,MLD2,2427.80814
CM33_SPIN,1502,2,interior,MLD2,2502.26203
CM33_SPIN,1502,3,interior,MLD2,2279.11297
CM33_SPIN,1502,4,interior,MLD2,2025.17818
CM33_SPIN,1502,5,interior,MLD2,1912.33895
CM33_SPIN,1502,6,interior,MLD2,103.82339
CM33_SPIN,1502,7,interior,MLD2,18.30090
CM33_SPIN,1502,8,interior,MLD2,16.69004
CM33_SPIN,1502,9,interior,MLD2,22.98103
CM33_SPIN,1502,10,interior,MLD2,41.09193
CM33_SPIN,1502,11,interior,MLD2,1766.11502
CM33_SPIN,1502,12,interior,MLD2,2585.55773
CM33_SPIN,1503,1,labsea,a_ice,0.24280
CM33_SPIN,1503,2,labsea,a_ice,0.27200
CM33_SPIN,1503,3,labsea,a_ice,0.36293
CM33_SPIN,1503,4,labsea,a_ice,0.33168
CM33_SPIN,1503,5,labsea,a_ice,0.29669
CM33_SPIN,1503,6,labsea,a_ice,0.15354
CM33_SPIN,1503,7,labsea,a_ice,0.04582
CM33_SPIN,1503,8,labsea,a_ice,0.00252
CM33_SPIN,1503,9,labsea,a_ice,0.00006
CM33_SPIN,1503,10,labsea,a_ice,0.00414
CM33_SPIN,1503,11,labsea,a_ice,0.11835
CM33_SPIN,1503,12,labsea,a_ice,0.24903
CM33_SPIN,1503,1,interior,a_ice,0.05728
CM33_SPIN,1503,2,interior,a_ice,0.05489
CM33_SPIN,1503,3,interior,a_ice,0.19924
CM33_SPIN,1503,4,interior,a_ice,0.21398
CM33_SPIN,1503,5,interior,a_ice,0.19865
CM33_SPIN,1503,6,interior,a_ice,0.03005
CM33_SPIN,1503,7,interior,a_ice,0.00638
CM33_SPIN,1503,8,interior,a_ice,0.00000
CM33_SPIN,1503,9,interior,a_ice,0.00000
CM33_SPIN,1503,10,interior,a_ice,0.00000
CM33_SPIN,1503,11,interior,a_ice,0.00295
CM33_SPIN,1503,12,interior,a_ice,0.08516
CM33_SPIN,1503,1,labsea,MLD2,1673.23237
CM33_SPIN,1503,2,labsea,MLD2,1624.40012
CM33_SPIN,1503,3,labsea,MLD2,1274.97707
CM33_SPIN,1503,4,labsea,MLD2,1200.39787
CM33_SPIN,1503,5,labsea,MLD2,959.37749
CM33_SPIN,1503,6,labsea,MLD2,48.35329
CM33_SPIN,1503,7,labsea,MLD2,13.22021
CM33_SPIN,1503,8,labsea,MLD2,14.84884
CM33_SPIN,1503,9,labsea,MLD2,21.22801
CM33_SPIN,1503,10,labsea,MLD2,28.44624
CM33_SPIN,1503,11,labsea,MLD2,207.26960
CM33_SPIN,1503,12,labsea,MLD2,1119.71506
CM33_SPIN,1503,1,interior,MLD2,2589.38793
CM33_SPIN,1503,2,interior,MLD2,2532.94604
CM33_SPIN,1503,3,interior,MLD2,1891.26435
CM33_SPIN,1503,4,interior,MLD2,1574.91642
CM33_SPIN,1503,5,interior,MLD2,1322.17361
CM33_SPIN,1503,6,interior,MLD2,102.09476
CM33_SPIN,1503,7,interior,MLD2,14.93804
CM33_SPIN,1503,8,interior,MLD2,16.97412
CM33_SPIN,1503,9,interior,MLD2,22.46384
CM33_SPIN,1503,10,interior,MLD2,29.86563
CM33_SPIN,1503,11,interior,MLD2,446.29157
CM33_SPIN,1503,12,interior,MLD2,2249.79236
CM33_SPIN,1504,1,labsea,a_ice,0.32025
CM33_SPIN,1504,2,labsea,a_ice,0.33003
CM33_SPIN,1504,3,labsea,a_ice,0.32291
CM33_SPIN,1504,4,labsea,a_ice,0.28817
CM33_SPIN,1504,5,labsea,a_ice,0.27745
CM33_SPIN,1504,6,labsea,a_ice,0.19978
CM33_SPIN,1504,7,labsea,a_ice,0.10067
CM33_SPIN,1504,8,labsea,a_ice,0.03256
CM33_SPIN,1504,9,labsea,a_ice,0.01531
CM33_SPIN,1504,10,labsea,a_ice,0.04148
CM33_SPIN,1504,11,labsea,a_ice,0.11777
CM33_SPIN,1504,12,labsea,a_ice,0.23778
CM33_SPIN,1504,1,interior,a_ice,0.12777
CM33_SPIN,1504,2,interior,a_ice,0.11473
CM33_SPIN,1504,3,interior,a_ice,0.07284
CM33_SPIN,1504,4,interior,a_ice,0.10016
CM33_SPIN,1504,5,interior,a_ice,0.09143
CM33_SPIN,1504,6,interior,a_ice,0.03969
CM33_SPIN,1504,7,interior,a_ice,0.00959
CM33_SPIN,1504,8,interior,a_ice,0.00149
CM33_SPIN,1504,9,interior,a_ice,0.00000
CM33_SPIN,1504,10,interior,a_ice,0.00000
CM33_SPIN,1504,11,interior,a_ice,0.00606
CM33_SPIN,1504,12,interior,a_ice,0.07770
CM33_SPIN,1504,1,labsea,MLD2,1589.99026
CM33_SPIN,1504,2,labsea,MLD2,1586.01438
CM33_SPIN,1504,3,labsea,MLD2,1542.71340
CM33_SPIN,1504,4,labsea,MLD2,1320.76086
CM33_SPIN,1504,5,labsea,MLD2,938.59658
CM33_SPIN,1504,6,labsea,MLD2,140.42908
CM33_SPIN,1504,7,labsea,MLD2,17.18215
CM33_SPIN,1504,8,labsea,MLD2,17.84611
CM33_SPIN,1504,9,labsea,MLD2,23.06999
CM33_SPIN,1504,10,labsea,MLD2,42.42486
CM33_SPIN,1504,11,labsea,MLD2,617.81820
CM33_SPIN,1504,12,labsea,MLD2,1572.13514
CM33_SPIN,1504,1,interior,MLD2,2454.96485
CM33_SPIN,1504,2,interior,MLD2,2447.90925
CM33_SPIN,1504,3,interior,MLD2,2448.63349
CM33_SPIN,1504,4,interior,MLD2,1979.31671
CM33_SPIN,1504,5,interior,MLD2,1448.69624
CM33_SPIN,1504,6,interior,MLD2,432.62761
CM33_SPIN,1504,7,interior,MLD2,18.67636
CM33_SPIN,1504,8,interior,MLD2,21.89266
CM33_SPIN,1504,9,interior,MLD2,29.15638
CM33_SPIN,1504,10,interior,MLD2,44.07913
CM33_SPIN,1504,11,interior,MLD2,1408.44571
CM33_SPIN,1504,12,interior,MLD2,2454.45072
CM33_SPIN,1505,1,labsea,a_ice,0.27431
CM33_SPIN,1505,2,labsea,a_ice,0.25221
CM33_SPIN,1505,3,labsea,a_ice,0.24462
CM33_SPIN,1505,4,labsea,a_ice,0.24657
CM33_SPIN,1505,5,labsea,a_ice,0.18845
CM33_SPIN,1505,6,labsea,a_ice,0.13577
CM33_SPIN,1505,7,labsea,a_ice,0.06446
CM33_SPIN,1505,8,labsea,a_ice,0.02104
CM33_SPIN,1505,9,labsea,a_ice,0.01060
CM33_SPIN,1505,10,labsea,a_ice,0.02378
CM33_SPIN,1505,11,labsea,a_ice,0.07198
CM33_SPIN,1505,12,labsea,a_ice,0.16114
CM33_SPIN,1505,1,interior,a_ice,0.10886
CM33_SPIN,1505,2,interior,a_ice,0.05827
CM33_SPIN,1505,3,interior,a_ice,0.05862
CM33_SPIN,1505,4,interior,a_ice,0.04122
CM33_SPIN,1505,5,interior,a_ice,0.05122
CM33_SPIN,1505,6,interior,a_ice,0.01793
CM33_SPIN,1505,7,interior,a_ice,0.00314
CM33_SPIN,1505,8,interior,a_ice,0.00000
CM33_SPIN,1505,9,interior,a_ice,0.00000
CM33_SPIN,1505,10,interior,a_ice,0.00000
CM33_SPIN,1505,11,interior,a_ice,0.00178
CM33_SPIN,1505,12,interior,a_ice,0.01952
CM33_SPIN,1505,1,labsea,MLD2,1612.76569
CM33_SPIN,1505,2,labsea,MLD2,1688.18426
CM33_SPIN,1505,3,labsea,MLD2,1726.19605
CM33_SPIN,1505,4,labsea,MLD2,1709.57658
CM33_SPIN,1505,5,labsea,MLD2,966.33451
CM33_SPIN,1505,6,labsea,MLD2,46.62640
CM33_SPIN,1505,7,labsea,MLD2,17.19521
CM33_SPIN,1505,8,labsea,MLD2,17.94087
CM33_SPIN,1505,9,labsea,MLD2,29.88532
CM33_SPIN,1505,10,labsea,MLD2,66.42171
CM33_SPIN,1505,11,labsea,MLD2,693.42544
CM33_SPIN,1505,12,labsea,MLD2,1506.63387
CM33_SPIN,1505,1,interior,MLD2,2465.00106
CM33_SPIN,1505,2,interior,MLD2,2604.12765
CM33_SPIN,1505,3,interior,MLD2,2624.35223
CM33_SPIN,1505,4,interior,MLD2,2632.96155
CM33_SPIN,1505,5,interior,MLD2,1571.55232
CM33_SPIN,1505,6,interior,MLD2,104.49437
CM33_SPIN,1505,7,interior,MLD2,20.29691
CM33_SPIN,1505,8,interior,MLD2,19.68333
CM33_SPIN,1505,9,interior,MLD2,32.80218
CM33_SPIN,1505,10,interior,MLD2,100.09691
CM33_SPIN,1505,11,interior,MLD2,1732.59937
CM33_SPIN,1505,12,interior,MLD2,2643.66807
CM33_SPIN,1506,1,labsea,a_ice,0.16860
CM33_SPIN,1506,2,labsea,a_ice,0.18724
CM33_SPIN,1506,3,labsea,a_ice,0.18259
CM33_SPIN,1506,4,labsea,a_ice,0.15892
CM33_SPIN,1506,5,labsea,a_ice,0.13683
CM33_SPIN,1506,6,labsea,a_ice,0.09164
CM33_SPIN,1506,7,labsea,a_ice,0.04748
CM33_SPIN,1506,8,labsea,a_ice,0.01106
CM33_SPIN,1506,9,labsea,a_ice,0.00078
CM33_SPIN,1506,10,labsea,a_ice,0.00623
CM33_SPIN,1506,11,labsea,a_ice,0.08558
CM33_SPIN,1506,12,labsea,a_ice,0.18513
CM33_SPIN,1506,1,interior,a_ice,0.03467
CM33_SPIN,1506,2,interior,a_ice,0.03381
CM33_SPIN,1506,3,interior,a_ice,0.02958
CM33_SPIN,1506,4,interior,a_ice,0.03079
CM33_SPIN,1506,5,interior,a_ice,0.02219
CM33_SPIN,1506,6,interior,a_ice,0.01462
CM33_SPIN,1506,7,interior,a_ice,0.00129
CM33_SPIN,1506,8,interior,a_ice,0.00006
CM33_SPIN,1506,9,interior,a_ice,0.00000
CM33_SPIN,1506,10,interior,a_ice,0.00000
CM33_SPIN,1506,11,interior,a_ice,0.00330
CM33_SPIN,1506,12,interior,a_ice,0.03985
CM33_SPIN,1506,1,labsea,MLD2,1790.95611
CM33_SPIN,1506,2,labsea,MLD2,1794.89035
CM33_SPIN,1506,3,labsea,MLD2,1786.52781
CM33_SPIN,1506,4,labsea,MLD2,1631.79237
CM33_SPIN,1506,5,labsea,MLD2,869.65435
CM33_SPIN,1506,6,labsea,MLD2,49.08301
CM33_SPIN,1506,7,labsea,MLD2,14.92490
CM33_SPIN,1506,8,labsea,MLD2,13.48768
CM33_SPIN,1506,9,labsea,MLD2,21.30330
CM33_SPIN,1506,10,labsea,MLD2,36.84508
CM33_SPIN,1506,11,labsea,MLD2,466.39067
CM33_SPIN,1506,12,labsea,MLD2,1446.36698
CM33_SPIN,1506,1,interior,MLD2,2685.50237
CM33_SPIN,1506,2,interior,MLD2,2692.90826
CM33_SPIN,1506,3,interior,MLD2,2689.32908
CM33_SPIN,1506,4,interior,MLD2,2570.26316
CM33_SPIN,1506,5,interior,MLD2,1820.10198
CM33_SPIN,1506,6,interior,MLD2,119.55907
CM33_SPIN,1506,7,interior,MLD2,18.55186
CM33_SPIN,1506,8,interior,MLD2,15.55310
CM33_SPIN,1506,9,interior,MLD2,24.73689
CM33_SPIN,1506,10,interior,MLD2,39.30053
CM33_SPIN,1506,11,interior,MLD2,1109.44373
CM33_SPIN,1506,12,interior,MLD2,2535.82034
CM33_SPIN,1507,1,labsea,a_ice,0.21651
CM33_SPIN,1507,2,labsea,a_ice,0.25591
CM33_SPIN,1507,3,labsea,a_ice,0.24950
CM33_SPIN,1507,4,labsea,a_ice,0.24477
CM33_SPIN,1507,5,labsea,a_ice,0.21848
CM33_SPIN,1507,6,labsea,a_ice,0.16464
CM33_SPIN,1507,7,labsea,a_ice,0.08726
CM33_SPIN,1507,8,labsea,a_ice,0.02793
CM33_SPIN,1507,9,labsea,a_ice,0.01149
CM33_SPIN,1507,10,labsea,a_ice,0.01054
CM33_SPIN,1507,11,labsea,a_ice,0.04747
CM33_SPIN,1507,12,labsea,a_ice,0.14242
CM33_SPIN,1507,1,interior,a_ice,0.03757
CM33_SPIN,1507,2,interior,a_ice,0.04900
CM33_SPIN,1507,3,interior,a_ice,0.04325
CM33_SPIN,1507,4,interior,a_ice,0.05209
CM33_SPIN,1507,5,interior,a_ice,0.03201
CM33_SPIN,1507,6,interior,a_ice,0.01254
CM33_SPIN,1507,7,interior,a_ice,0.01616
CM33_SPIN,1507,8,interior,a_ice,0.00008
CM33_SPIN,1507,9,interior,a_ice,0.00000
CM33_SPIN,1507,10,interior,a_ice,0.00000
CM33_SPIN,1507,11,interior,a_ice,0.00000
CM33_SPIN,1507,12,interior,a_ice,0.01741
CM33_SPIN,1507,1,labsea,MLD2,1668.22995
CM33_SPIN,1507,2,labsea,MLD2,1646.44069
CM33_SPIN,1507,3,labsea,MLD2,1689.03946
CM33_SPIN,1507,4,labsea,MLD2,1669.95266
CM33_SPIN,1507,5,labsea,MLD2,959.50692
CM33_SPIN,1507,6,labsea,MLD2,24.94665
CM33_SPIN,1507,7,labsea,MLD2,15.14361
CM33_SPIN,1507,8,labsea,MLD2,16.39545
CM33_SPIN,1507,9,labsea,MLD2,23.84895
CM33_SPIN,1507,10,labsea,MLD2,33.44627
CM33_SPIN,1507,11,labsea,MLD2,332.65123
CM33_SPIN,1507,12,labsea,MLD2,1178.14056
CM33_SPIN,1507,1,interior,MLD2,2652.36091
CM33_SPIN,1507,2,interior,MLD2,2578.83345
CM33_SPIN,1507,3,interior,MLD2,2627.35265
CM33_SPIN,1507,4,interior,MLD2,2573.86709
CM33_SPIN,1507,5,interior,MLD2,1630.45278
CM33_SPIN,1507,6,interior,MLD2,41.37239
CM33_SPIN,1507,7,interior,MLD2,17.84566
CM33_SPIN,1507,8,interior,MLD2,18.41819
CM33_SPIN,1507,9,interior,MLD2,24.21202
CM33_SPIN,1507,10,interior,MLD2,35.36951
CM33_SPIN,1507,11,interior,MLD2,899.75348
CM33_SPIN,1507,12,interior,MLD2,2340.42096
CM33_SPIN,1508,1,labsea,a_ice,0.22094
CM33_SPIN,1508,2,labsea,a_ice,0.23361
CM33_SPIN,1508,3,labsea,a_ice,0.27789
CM33_SPIN,1508,4,labsea,a_ice,0.20902
CM33_SPIN,1508,5,labsea,a_ice,0.17101
CM33_SPIN,1508,6,labsea,a_ice,0.11047
CM33_SPIN,1508,7,labsea,a_ice,0.02557
CM33_SPIN,1508,8,labsea,a_ice,0.00054
CM33_SPIN,1508,9,labsea,a_ice,0.00001
CM33_SPIN,1508,10,labsea,a_ice,0.00085
CM33_SPIN,1508,11,labsea,a_ice,0.06251
CM33_SPIN,1508,12,labsea,a_ice,0.16419
CM33_SPIN,1508,1,interior,a_ice,0.04410
CM33_SPIN,1508,2,interior,a_ice,0.06133
CM33_SPIN,1508,3,interior,a_ice,0.12117
CM33_SPIN,1508,4,interior,a_ice,0.05541
CM33_SPIN,1508,5,interior,a_ice,0.02978
CM33_SPIN,1508,6,interior,a_ice,0.00898
CM33_SPIN,1508,7,interior,a_ice,0.00066
CM33_SPIN,1508,8,interior,a_ice,0.00000
CM33_SPIN,1508,9,interior,a_ice,0.00000
CM33_SPIN,1508,10,interior,a_ice,0.00000
CM33_SPIN,1508,11,interior,a_ice,0.00121
CM33_SPIN,1508,12,interior,a_ice,0.03029
CM33_SPIN,1508,1,labsea,MLD2,1569.20819
CM33_SPIN,1508,2,labsea,MLD2,1494.96151
CM33_SPIN,1508,3,labsea,MLD2,1508.59751
CM33_SPIN,1508,4,labsea,MLD2,1092.97745
CM33_SPIN,1508,5,labsea,MLD2,284.28409
CM33_SPIN,1508,6,labsea,MLD2,43.48839
CM33_SPIN,1508,7,labsea,MLD2,11.67000
CM33_SPIN,1508,8,labsea,MLD2,13.86886
CM33_SPIN,1508,9,labsea,MLD2,20.93148
CM33_SPIN,1508,10,labsea,MLD2,31.62787
CM33_SPIN,1508,11,labsea,MLD2,338.64610
CM33_SPIN,1508,12,labsea,MLD2,1254.40361
CM33_SPIN,1508,1,interior,MLD2,2480.89051
CM33_SPIN,1508,2,interior,MLD2,2362.42629
CM33_SPIN,1508,3,interior,MLD2,2337.81551
CM33_SPIN,1508,4,interior,MLD2,2055.38786
CM33_SPIN,1508,5,interior,MLD2,856.89312
CM33_SPIN,1508,6,interior,MLD2,112.46912
CM33_SPIN,1508,7,interior,MLD2,13.15949
CM33_SPIN,1508,8,interior,MLD2,15.52045
CM33_SPIN,1508,9,interior,MLD2,23.35343
CM33_SPIN,1508,10,interior,MLD2,36.38955
CM33_SPIN,1508,11,interior,MLD2,893.99418
CM33_SPIN,1508,12,interior,MLD2,2504.16522
CM33_SPIN,1509,1,labsea,a_ice,0.20594
CM33_SPIN,1509,2,labsea,a_ice,0.24158
CM33_SPIN,1509,3,labsea,a_ice,0.25127
CM33_SPIN,1509,4,labsea,a_ice,0.23148
CM33_SPIN,1509,5,labsea,a_ice,0.18893
CM33_SPIN,1509,6,labsea,a_ice,0.13063
CM33_SPIN,1509,7,labsea,a_ice,0.05473
CM33_SPIN,1509,8,labsea,a_ice,0.01938
CM33_SPIN,1509,9,labsea,a_ice,0.00284
CM33_SPIN,1509,10,labsea,a_ice,0.02256
CM33_SPIN,1509,11,labsea,a_ice,0.10151
CM33_SPIN,1509,12,labsea,a_ice,0.20427
CM33_SPIN,1509,1,interior,a_ice,0.03475
CM33_SPIN,1509,2,interior,a_ice,0.03773
CM33_SPIN,1509,3,interior,a_ice,0.04888
CM33_SPIN,1509,4,interior,a_ice,0.02865
CM33_SPIN,1509,5,interior,a_ice,0.01950
CM33_SPIN,1509,6,interior,a_ice,0.02848
CM33_SPIN,1509,7,interior,a_ice,0.01236
CM33_SPIN,1509,8,interior,a_ice,0.00000
CM33_SPIN,1509,9,interior,a_ice,0.00000
CM33_SPIN,1509,10,interior,a_ice,0.00000
CM33_SPIN,1509,11,interior,a_ice,0.00856
CM33_SPIN,1509,12,interior,a_ice,0.06711
CM33_SPIN,1509,1,labsea,MLD2,1727.87044
CM33_SPIN,1509,2,labsea,MLD2,1667.91479
CM33_SPIN,1509,3,labsea,MLD2,1647.28884
CM33_SPIN,1509,4,labsea,MLD2,1564.67750
CM33_SPIN,1509,5,labsea,MLD2,924.24748
CM33_SPIN,1509,6,labsea,MLD2,97.60581
CM33_SPIN,1509,7,labsea,MLD2,13.90079
CM33_SPIN,1509,8,labsea,MLD2,13.59423
CM33_SPIN,1509,9,labsea,MLD2,24.55466
CM33_SPIN,1509,10,labsea,MLD2,89.92787
CM33_SPIN,1509,11,labsea,MLD2,817.55488
CM33_SPIN,1509,12,labsea,MLD2,1469.87682
CM33_SPIN,1509,1,interior,MLD2,2667.87265
CM33_SPIN,1509,2,interior,MLD2,2630.26554
CM33_SPIN,1509,3,interior,MLD2,2574.14037
CM33_SPIN,1509,4,interior,MLD2,2587.60410
CM33_SPIN,1509,5,interior,MLD2,2128.39138
CM33_SPIN,1509,6,interior,MLD2,299.51564
CM33_SPIN,1509,7,interior,MLD2,17.17966
CM33_SPIN,1509,8,interior,MLD2,15.38321
CM33_SPIN,1509,9,interior,MLD2,25.45959
CM33_SPIN,1509,10,interior,MLD2,209.26238
CM33_SPIN,1509,11,interior,MLD2,2125.94437
CM33_SPIN,1509,12,interior,MLD2,2543.47274
CM33_SPIN,1510,1,labsea,a_ice,0.24510
CM33_SPIN,1510,2,labsea,a_ice,0.23820
CM33_SPIN,1510,3,labsea,a_ice,0.22069
CM33_SPIN,1510,4,labsea,a_ice,0.19447
CM33_SPIN,1510,5,labsea,a_ice,0.16086
CM33_SPIN,1510,6,labsea,a_ice,0.12794
CM33_SPIN,1510,7,labsea,a_ice,0.06551
CM33_SPIN,1510,8,labsea,a_ice,0.02057
CM33_SPIN,1510,9,labsea,a_ice,0.00566
CM33_SPIN,1510,10,labsea,a_ice,0.01459
CM33_SPIN,1510,11,labsea,a_ice,0.07203
CM33_SPIN,1510,12,labsea,a_ice,0.18635
CM33_SPIN,1510,1,interior,a_ice,0.10020
CM33_SPIN,1510,2,interior,a_ice,0.05963
CM33_SPIN,1510,3,interior,a_ice,0.04806
CM33_SPIN,1510,4,interior,a_ice,0.01877
CM33_SPIN,1510,5,interior,a_ice,0.01507
CM33_SPIN,1510,6,interior,a_ice,0.00604
CM33_SPIN,1510,7,interior,a_ice,0.00079
CM33_SPIN,1510,8,interior,a_ice,0.00000
CM33_SPIN,1510,9,interior,a_ice,0.00000
CM33_SPIN,1510,10,interior,a_ice,0.00000
CM33_SPIN,1510,11,interior,a_ice,0.00095
CM33_SPIN,1510,12,interior,a_ice,0.03791
CM33_SPIN,1510,1,labsea,MLD2,1632.16706
CM33_SPIN,1510,2,labsea,MLD2,1670.16433
CM33_SPIN,1510,3,labsea,MLD2,1666.86638
CM33_SPIN,1510,4,labsea,MLD2,1640.78107
CM33_SPIN,1510,5,labsea,MLD2,1195.19208
CM33_SPIN,1510,6,labsea,MLD2,193.99980
CM33_SPIN,1510,7,labsea,MLD2,13.89928
CM33_SPIN,1510,8,labsea,MLD2,16.69200
CM33_SPIN,1510,9,labsea,MLD2,19.67019
CM33_SPIN,1510,10,labsea,MLD2,31.78712
CM33_SPIN,1510,11,labsea,MLD2,271.69135
CM33_SPIN,1510,12,labsea,MLD2,1452.09203
CM33_SPIN,1510,1,interior,MLD2,2453.69069
CM33_SPIN,1510,2,interior,MLD2,2542.15037
CM33_SPIN,1510,3,interior,MLD2,2603.87853
CM33_SPIN,1510,4,interior,MLD2,2669.85112
CM33_SPIN,1510,5,interior,MLD2,2335.71024
CM33_SPIN,1510,6,interior,MLD2,626.58143
CM33_SPIN,1510,7,interior,MLD2,16.11243
CM33_SPIN,1510,8,interior,MLD2,19.12740
CM33_SPIN,1510,9,interior,MLD2,24.25780
CM33_SPIN,1510,10,interior,MLD2,38.61031
CM33_SPIN,1510,11,interior,MLD2,799.77885
CM33_SPIN,1510,12,interior,MLD2,2504.20497
CM33_SPIN,1511,1,labsea,a_ice,0.26562
CM33_SPIN,1511,2,labsea,a_ice,0.34626
CM33_SPIN,1511,3,labsea,a_ice,0.31649
CM33_SPIN,1511,4,labsea,a_ice,0.30981
CM33_SPIN,1511,5,labsea,a_ice,0.24428
CM33_SPIN,1511,6,labsea,a_ice,0.11565
CM33_SPIN,1511,7,labsea,a_ice,0.01039
CM33_SPIN,1511,8,labsea,a_ice,0.00000
CM33_SPIN,1511,9,labsea,a_ice,0.00000
CM33_SPIN,1511,10,labsea,a_ice,0.00176
CM33_SPIN,1511,11,labsea,a_ice,0.07140
CM33_SPIN,1511,12,labsea,a_ice,0.19267
CM33_SPIN,1511,1,interior,a_ice,0.08625
CM33_SPIN,1511,2,interior,a_ice,0.17605
CM33_SPIN,1511,3,interior,a_ice,0.12431
CM33_SPIN,1511,4,interior,a_ice,0.09294
CM33_SPIN,1511,5,interior,a_ice,0.08686
CM33_SPIN,1511,6,interior,a_ice,0.02299
CM33_SPIN,1511,7,interior,a_ice,0.00011
CM33_SPIN,1511,8,interior,a_ice,0.00000
CM33_SPIN,1511,9,interior,a_ice,0.00000
CM33_SPIN,1511,10,interior,a_ice,0.00000
CM33_SPIN,1511,11,interior,a_ice,0.00267
CM33_SPIN,1511,12,interior,a_ice,0.03390
CM33_SPIN,1511,1,labsea,MLD2,1589.21096
CM33_SPIN,1511,2,labsea,MLD2,1448.55960
CM33_SPIN,1511,3,labsea,MLD2,1486.18300
CM33_SPIN,1511,4,labsea,MLD2,1362.70353
CM33_SPIN,1511,5,labsea,MLD2,754.13534
CM33_SPIN,1511,6,labsea,MLD2,77.05653
CM33_SPIN,1511,7,labsea,MLD2,14.87716
CM33_SPIN,1511,8,labsea,MLD2,13.78959
CM33_SPIN,1511,9,labsea,MLD2,26.23325
CM33_SPIN,1511,10,labsea,MLD2,77.90003
CM33_SPIN,1511,11,labsea,MLD2,913.18229
CM33_SPIN,1511,12,labsea,MLD2,1578.34558
CM33_SPIN,1511,1,interior,MLD2,2465.56913
CM33_SPIN,1511,2,interior,MLD2,2055.46711
CM33_SPIN,1511,3,interior,MLD2,2222.92734
CM33_SPIN,1511,4,interior,MLD2,2200.64533
CM33_SPIN,1511,5,interior,MLD2,1435.52293
CM33_SPIN,1511,6,interior,MLD2,221.36798
CM33_SPIN,1511,7,interior,MLD2,18.39415
CM33_SPIN,1511,8,interior,MLD2,14.85049
CM33_SPIN,1511,9,interior,MLD2,28.98315
CM33_SPIN,1511,10,interior,MLD2,155.66588
CM33_SPIN,1511,11,interior,MLD2,2096.52026
CM33_SPIN,1511,12,interior,MLD2,2584.02227
CM33_SPIN,1512,1,labsea,a_ice,0.27755
CM33_SPIN,1512,2,labsea,a_ice,0.32723
CM33_SPIN,1512,3,labsea,a_ice,0.30188
CM33_SPIN,1512,4,labsea,a_ice,0.27592
CM33_SPIN,1512,5,labsea,a_ice,0.25280
CM33_SPIN,1512,6,labsea,a_ice,0.17803
CM33_SPIN,1512,7,labsea,a_ice,0.04929
CM33_SPIN,1512,8,labsea,a_ice,0.00808
CM33_SPIN,1512,9,labsea,a_ice,0.00161
CM33_SPIN,1512,10,labsea,a_ice,0.00888
CM33_SPIN,1512,11,labsea,a_ice,0.07389
CM33_SPIN,1512,12,labsea,a_ice,0.16799
CM33_SPIN,1512,1,interior,a_ice,0.07736
CM33_SPIN,1512,2,interior,a_ice,0.07362
CM33_SPIN,1512,3,interior,a_ice,0.13294
CM33_SPIN,1512,4,interior,a_ice,0.10338
CM33_SPIN,1512,5,interior,a_ice,0.07420
CM33_SPIN,1512,6,interior,a_ice,0.02220
CM33_SPIN,1512,7,interior,a_ice,0.00340
CM33_SPIN,1512,8,interior,a_ice,0.00000
CM33_SPIN,1512,9,interior,a_ice,0.00000
CM33_SPIN,1512,10,interior,a_ice,0.00000
CM33_SPIN,1512,11,interior,a_ice,0.00657
CM33_SPIN,1512,12,interior,a_ice,0.02756
CM33_SPIN,1512,1,labsea,MLD2,1650.55568
CM33_SPIN,1512,2,labsea,MLD2,1557.63610
CM33_SPIN,1512,3,labsea,MLD2,1457.42779
CM33_SPIN,1512,4,labsea,MLD2,1547.51922
CM33_SPIN,1512,5,labsea,MLD2,1123.10874
CM33_SPIN,1512,6,labsea,MLD2,36.01452
CM33_SPIN,1512,7,labsea,MLD2,15.09399
CM33_SPIN,1512,8,labsea,MLD2,19.21232
CM33_SPIN,1512,9,labsea,MLD2,24.01078
CM33_SPIN,1512,10,labsea,MLD2,39.41016
CM33_SPIN,1512,11,labsea,MLD2,660.37804
CM33_SPIN,1512,12,labsea,MLD2,1644.10532
CM33_SPIN,1512,1,interior,MLD2,2563.06354
CM33_SPIN,1512,2,interior,MLD2,2505.48612
CM33_SPIN,1512,3,interior,MLD2,2105.99372
CM33_SPIN,1512,4,interior,MLD2,2334.75988
CM33_SPIN,1512,5,interior,MLD2,2174.39123
CM33_SPIN,1512,6,interior,MLD2,90.40746
CM33_SPIN,1512,7,interior,MLD2,16.70878
CM33_SPIN,1512,8,interior,MLD2,21.34568
CM33_SPIN,1512,9,interior,MLD2,28.00359
CM33_SPIN,1512,10,interior,MLD2,42.36844
CM33_SPIN,1512,11,interior,MLD2,1410.47034
CM33_SPIN,1512,12,interior,MLD2,2567.04567
CM33_SPIN,1513,1,labsea,a_ice,0.22594
CM33_SPIN,1513,2,labsea,a_ice,0.30600
CM33_SPIN,1513,3,labsea,a_ice,0.28401
CM33_SPIN,1513,4,labsea,a_ice,0.27962
CM33_SPIN,1513,5,labsea,a_ice,0.22927
CM33_SPIN,1513,6,labsea,a_ice,0.14583
CM33_SPIN,1513,7,labsea,a_ice,0.04219
CM33_SPIN,1513,8,labsea,a_ice,0.00387
CM33_SPIN,1513,9,labsea,a_ice,0.00001
CM33_SPIN,1513,10,labsea,a_ice,0.00943
CM33_SPIN,1513,11,labsea,a_ice,0.06785
CM33_SPIN,1513,12,labsea,a_ice,0.15601
CM33_SPIN,1513,1,interior,a_ice,0.05938
CM33_SPIN,1513,2,interior,a_ice,0.09949
CM33_SPIN,1513,3,interior,a_ice,0.06685
CM33_SPIN,1513,4,interior,a_ice,0.11942
CM33_SPIN,1513,5,interior,a_ice,0.05073
CM33_SPIN,1513,6,interior,a_ice,0.01194
CM33_SPIN,1513,7,interior,a_ice,0.00159
CM33_SPIN,1513,8,interior,a_ice,0.00000
CM33_SPIN,1513,9,interior,a_ice,0.00000
CM33_SPIN,1513,10,interior,a_ice,0.00000
CM33_SPIN,1513,11,interior,a_ice,0.00050
CM33_SPIN,1513,12,interior,a_ice,0.01305
CM33_SPIN,1513,1,labsea,MLD2,1735.90425
CM33_SPIN,1513,2,labsea,MLD2,1640.10886
CM33_SPIN,1513,3,labsea,MLD2,1551.71612
CM33_SPIN,1513,4,labsea,MLD2,1573.26806
CM33_SPIN,1513,5,labsea,MLD2,904.89518
CM33_SPIN,1513,6,labsea,MLD2,52.28213
CM33_SPIN,1513,7,labsea,MLD2,17.56266
CM33_SPIN,1513,8,labsea,MLD2,14.94534
CM33_SPIN,1513,9,labsea,MLD2,25.94784
CM33_SPIN,1513,10,labsea,MLD2,78.70690
CM33_SPIN,1513,11,labsea,MLD2,692.93949
CM33_SPIN,1513,12,labsea,MLD2,1594.22094
CM33_SPIN,1513,1,interior,MLD2,2620.75283
CM33_SPIN,1513,2,interior,MLD2,2499.79984
CM33_SPIN,1513,3,interior,MLD2,2391.43738
CM33_SPIN,1513,4,interior,MLD2,2385.66100
CM33_SPIN,1513,5,interior,MLD2,1982.04814
CM33_SPIN,1513,6,interior,MLD2,118.46904
CM33_SPIN,1513,7,interior,MLD2,20.41373
CM33_SPIN,1513,8,interior,MLD2,18.25614
CM33_SPIN,1513,9,interior,MLD2,30.54200
CM33_SPIN,1513,10,interior,MLD2,167.22944
CM33_SPIN,1513,11,interior,MLD2,1455.85163
CM33_SPIN,1513,12,interior,MLD2,2664.42471
CM33_SPIN,1514,1,labsea,a_ice,0.20116
CM33_SPIN,1514,2,labsea,a_ice,0.22620
CM33_SPIN,1514,3,labsea,a_ice,0.25902
CM33_SPIN,1514,4,labsea,a_ice,0.21741
CM33_SPIN,1514,5,labsea,a_ice,0.17167
CM33_SPIN,1514,6,labsea,a_ice,0.12626
CM33_SPIN,1514,7,labsea,a_ice,0.05261
CM33_SPIN,1514,8,labsea,a_ice,0.01383
CM33_SPIN,1514,9,labsea,a_ice,0.00082
CM33_SPIN,1514,10,labsea,a_ice,0.01061
CM33_SPIN,1514,11,labsea,a_ice,0.09464
CM33_SPIN,1514,12,labsea,a_ice,0.15821
CM33_SPIN,1514,1,interior,a_ice,0.04372
CM33_SPIN,1514,2,interior,a_ice,0.04960
CM33_SPIN,1514,3,interior,a_ice,0.10133
CM33_SPIN,1514,4,interior,a_ice,0.05865
CM33_SPIN,1514,5,interior,a_ice,0.01969
CM33_SPIN,1514,6,interior,a_ice,0.00461
CM33_SPIN,1514,7,interior,a_ice,0.00032
CM33_SPIN,1514,8,interior,a_ice,0.00000
CM33_SPIN,1514,9,interior,a_ice,0.00000
CM33_SPIN,1514,10,interior,a_ice,0.00000
CM33_SPIN,1514,11,interior,a_ice,0.00215
CM33_SPIN,1514,12,interior,a_ice,0.01602
CM33_SPIN,1514,1,labsea,MLD2,1754.90706
CM33_SPIN,1514,2,labsea,MLD2,1757.79895
CM33_SPIN,1514,3,labsea,MLD2,1659.34903
CM33_SPIN,1514,4,labsea,MLD2,1651.98683
CM33_SPIN,1514,5,labsea,MLD2,1237.90185
CM33_SPIN,1514,6,labsea,MLD2,25.97516
CM33_SPIN,1514,7,labsea,MLD2,16.22324
CM33_SPIN,1514,8,labsea,MLD2,16.55165
CM33_SPIN,1514,9,labsea,MLD2,23.24337
CM33_SPIN,1514,10,labsea,MLD2,112.65407
CM33_SPIN,1514,11,labsea,MLD2,1151.22493
CM33_SPIN,1514,12,labsea,MLD2,1648.50773
CM33_SPIN,1514,1,interior,MLD2,2627.69913
CM33_SPIN,1514,2,interior,MLD2,2632.82767
CM33_SPIN,1514,3,interior,MLD2,2458.68195
CM33_SPIN,1514,4,interior,MLD2,2581.89260
CM33_SPIN,1514,5,interior,MLD2,2125.82000
CM33_SPIN,1514,6,interior,MLD2,25.09145
CM33_SPIN,1514,7,interior,MLD2,16.55794
CM33_SPIN,1514,8,interior,MLD2,17.31868
CM33_SPIN,1514,9,interior,MLD2,22.78341
CM33_SPIN,1514,10,interior,MLD2,256.51865
CM33_SPIN,1514,11,interior,MLD2,2264.59190
CM33_SPIN,1514,12,interior,MLD2,2611.27738
CM33_SPIN,1515,1,labsea,a_ice,0.23359
CM33_SPIN,1515,2,labsea,a_ice,0.24860
CM33_SPIN,1515,3,labsea,a_ice,0.30479
CM33_SPIN,1515,4,labsea,a_ice,0.30230
CM33_SPIN,1515,5,labsea,a_ice,0.22501
CM33_SPIN,1515,6,labsea,a_ice,0.12810
CM33_SPIN,1515,7,labsea,a_ice,0.03310
CM33_SPIN,1515,8,labsea,a_ice,0.00013
CM33_SPIN,1515,9,labsea,a_ice,0.00000
CM33_SPIN,1515,10,labsea,a_ice,0.00859
CM33_SPIN,1515,11,labsea,a_ice,0.09001
CM33_SPIN,1515,12,labsea,a_ice,0.16553
CM33_SPIN,1515,1,interior,a_ice,0.05931
CM33_SPIN,1515,2,interior,a_ice,0.06586
CM33_SPIN,1515,3,interior,a_ice,0.13101
CM33_SPIN,1515,4,interior,a_ice,0.12601
CM33_SPIN,1515,5,interior,a_ice,0.10095
CM33_SPIN,1515,6,interior,a_ice,0.01695
CM33_SPIN,1515,7,interior,a_ice,0.00082
CM33_SPIN,1515,8,interior,a_ice,0.00000
CM33_SPIN,1515,9,interior,a_ice,0.00000
CM33_SPIN,1515,10,interior,a_ice,0.00000
CM33_SPIN,1515,11,interior,a_ice,0.00592
CM33_SPIN,1515,12,interior,a_ice,0.02898
CM33_SPIN,1515,1,labsea,MLD2,1647.06904
CM33_SPIN,1515,2,labsea,MLD2,1553.87838
CM33_SPIN,1515,3,labsea,MLD2,1411.78958
CM33_SPIN,1515,4,labsea,MLD2,1303.14717
CM33_SPIN,1515,5,labsea,MLD2,728.80445
CM33_SPIN,1515,6,labsea,MLD2,19.83597
CM33_SPIN,1515,7,labsea,MLD2,12.02235
CM33_SPIN,1515,8,labsea,MLD2,13.72168
CM33_SPIN,1515,9,labsea,MLD2,22.22081
CM33_SPIN,1515,10,labsea,MLD2,35.71052
CM33_SPIN,1515,11,labsea,MLD2,399.90876
CM33_SPIN,1515,12,labsea,MLD2,1577.79842
CM33_SPIN,1515,1,interior,MLD2,2539.35033
CM33_SPIN,1515,2,interior,MLD2,2375.79467
CM33_SPIN,1515,3,interior,MLD2,2128.09596
CM33_SPIN,1515,4,interior,MLD2,2002.69411
CM33_SPIN,1515,5,interior,MLD2,1353.56915
CM33_SPIN,1515,6,interior,MLD2,32.76462
CM33_SPIN,1515,7,interior,MLD2,13.73752
CM33_SPIN,1515,8,interior,MLD2,15.53231
CM33_SPIN,1515,9,interior,MLD2,24.90563
CM33_SPIN,1515,10,interior,MLD2,38.59227
CM33_SPIN,1515,11,interior,MLD2,760.10963
CM33_SPIN,1515,12,interior,MLD2,2533.98343
CM33_SPIN,1516,1,labsea,a_ice,0.25319
CM33_SPIN,1516,2,labsea,a_ice,0.29850
CM33_SPIN,1516,3,labsea,a_ice,0.31460
CM33_SPIN,1516,4,labsea,a_ice,0.27428
CM33_SPIN,1516,5,labsea,a_ice,0.23819
CM33_SPIN,1516,6,labsea,a_ice,0.15393
CM33_SPIN,1516,7,labsea,a_ice,0.07101
CM33_SPIN,1516,8,labsea,a_ice,0.01871
CM33_SPIN,1516,9,labsea,a_ice,0.00764
CM33_SPIN,1516,10,labsea,a_ice,0.03494
CM33_SPIN,1516,11,labsea,a_ice,0.11833
CM33_SPIN,1516,12,labsea,a_ice,0.19167
CM33_SPIN,1516,1,interior,a_ice,0.05779
CM33_SPIN,1516,2,interior,a_ice,0.09434
CM33_SPIN,1516,3,interior,a_ice,0.12912
CM33_SPIN,1516,4,interior,a_ice,0.07030
CM33_SPIN,1516,5,interior,a_ice,0.04917
CM33_SPIN,1516,6,interior,a_ice,0.02967
CM33_SPIN,1516,7,interior,a_ice,0.00770
CM33_SPIN,1516,8,interior,a_ice,0.00006
CM33_SPIN,1516,9,interior,a_ice,0.00000
CM33_SPIN,1516,10,interior,a_ice,0.00000
CM33_SPIN,1516,11,interior,a_ice,0.00710
CM33_SPIN,1516,12,interior,a_ice,0.04475
CM33_SPIN,1516,1,labsea,MLD2,1693.09641
CM33_SPIN,1516,2,labsea,MLD2,1594.61954
CM33_SPIN,1516,3,labsea,MLD2,1467.10554
CM33_SPIN,1516,4,labsea,MLD2,1423.21690
CM33_SPIN,1516,5,labsea,MLD2,869.50965
CM33_SPIN,1516,6,labsea,MLD2,120.55257
CM33_SPIN,1516,7,labsea,MLD2,14.87061
CM33_SPIN,1516,8,labsea,MLD2,15.29138
CM33_SPIN,1516,9,labsea,MLD2,25.54603
CM33_SPIN,1516,10,labsea,MLD2,149.05135
CM33_SPIN,1516,11,labsea,MLD2,1014.50686
CM33_SPIN,1516,12,labsea,MLD2,1561.36160
CM33_SPIN,1516,1,interior,MLD2,2598.37343
CM33_SPIN,1516,2,interior,MLD2,2481.77904
CM33_SPIN,1516,3,interior,MLD2,2330.46154
CM33_SPIN,1516,4,interior,MLD2,2302.48089
CM33_SPIN,1516,5,interior,MLD2,1995.79831
CM33_SPIN,1516,6,interior,MLD2,349.44469
CM33_SPIN,1516,7,interior,MLD2,16.31406
CM33_SPIN,1516,8,interior,MLD2,18.10276
CM33_SPIN,1516,9,interior,MLD2,28.54498
CM33_SPIN,1516,10,interior,MLD2,341.63905
CM33_SPIN,1516,11,interior,MLD2,2151.31665
CM33_SPIN,1516,12,interior,MLD2,2615.26440
CM33_SPIN,1517,1,labsea,a_ice,0.24731
CM33_SPIN,1517,2,labsea,a_ice,0.33213
CM33_SPIN,1517,3,labsea,a_ice,0.35421
CM33_SPIN,1517,4,labsea,a_ice,0.29541
CM33_SPIN,1517,5,labsea,a_ice,0.26321
CM33_SPIN,1517,6,labsea,a_ice,0.16199
CM33_SPIN,1517,7,labsea,a_ice,0.07413
CM33_SPIN,1517,8,labsea,a_ice,0.02314
CM33_SPIN,1517,9,labsea,a_ice,0.00711
CM33_SPIN,1517,10,labsea,a_ice,0.03195
CM33_SPIN,1517,11,labsea,a_ice,0.10957
CM33_SPIN,1517,12,labsea,a_ice,0.17314
CM33_SPIN,1517,1,interior,a_ice,0.06832
CM33_SPIN,1517,2,interior,a_ice,0.10970
CM33_SPIN,1517,3,interior,a_ice,0.18647
CM33_SPIN,1517,4,interior,a_ice,0.22585
CM33_SPIN,1517,5,interior,a_ice,0.08472
CM33_SPIN,1517,6,interior,a_ice,0.01742
CM33_SPIN,1517,7,interior,a_ice,0.01594
CM33_SPIN,1517,8,interior,a_ice,0.00000
CM33_SPIN,1517,9,interior,a_ice,0.00000
CM33_SPIN,1517,10,interior,a_ice,0.00000
CM33_SPIN,1517,11,interior,a_ice,0.00871
CM33_SPIN,1517,12,interior,a_ice,0.01626
CM33_SPIN,1517,1,labsea,MLD2,1696.61314
CM33_SPIN,1517,2,labsea,MLD2,1408.00608
CM33_SPIN,1517,3,labsea,MLD2,1179.19798
CM33_SPIN,1517,4,labsea,MLD2,1067.30231
CM33_SPIN,1517,5,labsea,MLD2,739.35601
CM33_SPIN,1517,6,labsea,MLD2,34.66747
CM33_SPIN,1517,7,labsea,MLD2,13.34279
CM33_SPIN,1517,8,labsea,MLD2,17.70674
CM33_SPIN,1517,9,labsea,MLD2,23.84448
CM33_SPIN,1517,10,labsea,MLD2,45.71992
CM33_SPIN,1517,11,labsea,MLD2,787.95193
CM33_SPIN,1517,12,labsea,MLD2,1646.71363
CM33_SPIN,1517,1,interior,MLD2,2591.60978
CM33_SPIN,1517,2,interior,MLD2,2213.69033
CM33_SPIN,1517,3,interior,MLD2,1593.37102
CM33_SPIN,1517,4,interior,MLD2,1183.42919
CM33_SPIN,1517,5,interior,MLD2,1051.41813
CM33_SPIN,1517,6,interior,MLD2,80.96843
CM33_SPIN,1517,7,interior,MLD2,14.47545
CM33_SPIN,1517,8,interior,MLD2,20.42948
CM33_SPIN,1517,9,interior,MLD2,28.05532
CM33_SPIN,1517,10,interior,MLD2,57.56194
CM33_SPIN,1517,11,interior,MLD2,1616.89815
CM33_SPIN,1517,12,interior,MLD2,2643.98040
CM33_SPIN,1518,1,labsea,a_ice,0.23057
CM33_SPIN,1518,2,labsea,a_ice,0.28078
CM33_SPIN,1518,3,labsea,a_ice,0.30636
CM33_SPIN,1518,4,labsea,a_ice,0.30465
CM33_SPIN,1518,5,labsea,a_ice,0.30436
CM33_SPIN,1518,6,labsea,a_ice,0.19647
CM33_SPIN,1518,7,labsea,a_ice,0.06082
CM33_SPIN,1518,8,labsea,a_ice,0.00609
CM33_SPIN,1518,9,labsea,a_ice,0.00000
CM33_SPIN,1518,10,labsea,a_ice,0.00532
CM33_SPIN,1518,11,labsea,a_ice,0.06062
CM33_SPIN,1518,12,labsea,a_ice,0.16107
CM33_SPIN,1518,1,interior,a_ice,0.08604
CM33_SPIN,1518,2,interior,a_ice,0.08356
CM33_SPIN,1518,3,interior,a_ice,0.15350
CM33_SPIN,1518,4,interior,a_ice,0.18968
CM33_SPIN,1518,5,interior,a_ice,0.13685
CM33_SPIN,1518,6,interior,a_ice,0.05096
CM33_SPIN,1518,7,interior,a_ice,0.02146
CM33_SPIN,1518,8,interior,a_ice,0.00000
CM33_SPIN,1518,9,interior,a_ice,0.00000
CM33_SPIN,1518,10,interior,a_ice,0.00000
CM33_SPIN,1518,11,interior,a_ice,0.00081
CM33_SPIN,1518,12,interior,a_ice,0.02230
CM33_SPIN,1518,1,labsea,MLD2,1695.33697
CM33_SPIN,1518,2,labsea,MLD2,1555.13415
CM33_SPIN,1518,3,labsea,MLD2,1269.42975
CM33_SPIN,1518,4,labsea,MLD2,1190.51190
CM33_SPIN,1518,5,labsea,MLD2,603.51511
CM33_SPIN,1518,6,labsea,MLD2,17.60073
CM33_SPIN,1518,7,labsea,MLD2,11.48052
CM33_SPIN,1518,8,labsea,MLD2,12.19751
CM33_SPIN,1518,9,labsea,MLD2,21.26681
CM33_SPIN,1518,10,labsea,MLD2,42.63787
CM33_SPIN,1518,11,labsea,MLD2,509.91507
CM33_SPIN,1518,12,labsea,MLD2,1607.25713
CM33_SPIN,1518,1,interior,MLD2,2562.29148
CM33_SPIN,1518,2,interior,MLD2,2448.99311
CM33_SPIN,1518,3,interior,MLD2,1835.21851
CM33_SPIN,1518,4,interior,MLD2,1569.27683
CM33_SPIN,1518,5,interior,MLD2,770.23572
CM33_SPIN,1518,6,interior,MLD2,21.26697
CM33_SPIN,1518,7,interior,MLD2,12.18046
CM33_SPIN,1518,8,interior,MLD2,13.13941
CM33_SPIN,1518,9,interior,MLD2,22.83532
CM33_SPIN,1518,10,interior,MLD2,52.66662
CM33_SPIN,1518,11,interior,MLD2,1160.34253
CM33_SPIN,1518,12,interior,MLD2,2622.85656
CM33_SPIN,1519,1,labsea,a_ice,0.23231
CM33_SPIN,1519,2,labsea,a_ice,0.24012
CM33_SPIN,1519,3,labsea,a_ice,0.25073
CM33_SPIN,1519,4,labsea,a_ice,0.23743
CM33_SPIN,1519,5,labsea,a_ice,0.19100
CM33_SPIN,1519,6,labsea,a_ice,0.11958
CM33_SPIN,1519,7,labsea,a_ice,0.03119
CM33_SPIN,1519,8,labsea,a_ice,0.00292
CM33_SPIN,1519,9,labsea,a_ice,0.00000
CM33_SPIN,1519,10,labsea,a_ice,0.00343
CM33_SPIN,1519,11,labsea,a_ice,0.05002
CM33_SPIN,1519,12,labsea,a_ice,0.12835
CM33_SPIN,1519,1,interior,a_ice,0.06216
CM33_SPIN,1519,2,interior,a_ice,0.05431
CM33_SPIN,1519,3,interior,a_ice,0.07294
CM33_SPIN,1519,4,interior,a_ice,0.04076
CM33_SPIN,1519,5,interior,a_ice,0.02674
CM33_SPIN,1519,6,interior,a_ice,0.00596
CM33_SPIN,1519,7,interior,a_ice,0.00014
CM33_SPIN,1519,8,interior,a_ice,0.00000
CM33_SPIN,1519,9,interior,a_ice,0.00000
CM33_SPIN,1519,10,interior,a_ice,0.00000
CM33_SPIN,1519,11,interior,a_ice,0.00000
CM33_SPIN,1519,12,interior,a_ice,0.00594
CM33_SPIN,1519,1,labsea,MLD2,1558.07266
CM33_SPIN,1519,2,labsea,MLD2,1602.14929
CM33_SPIN,1519,3,labsea,MLD2,1651.24090
CM33_SPIN,1519,4,labsea,MLD2,1474.58503
CM33_SPIN,1519,5,labsea,MLD2,275.60168
CM33_SPIN,1519,6,labsea,MLD2,18.28628
CM33_SPIN,1519,7,labsea,MLD2,14.71428
CM33_SPIN,1519,8,labsea,MLD2,14.70599
CM33_SPIN,1519,9,labsea,MLD2,20.73541
CM33_SPIN,1519,10,labsea,MLD2,36.49965
CM33_SPIN,1519,11,labsea,MLD2,237.76283
CM33_SPIN,1519,12,labsea,MLD2,1267.05719
CM33_SPIN,1519,1,interior,MLD2,2407.73343
CM33_SPIN,1519,2,interior,MLD2,2454.73086
CM33_SPIN,1519,3,interior,MLD2,2493.81400
CM33_SPIN,1519,4,interior,MLD2,2456.64914
CM33_SPIN,1519,5,interior,MLD2,620.48136
CM33_SPIN,1519,6,interior,MLD2,24.08602
CM33_SPIN,1519,7,interior,MLD2,16.83005
CM33_SPIN,1519,8,interior,MLD2,17.60976
CM33_SPIN,1519,9,interior,MLD2,24.42557
CM33_SPIN,1519,10,interior,MLD2,42.55226
CM33_SPIN,1519,11,interior,MLD2,499.93611
CM33_SPIN,1519,12,interior,MLD2,2280.53090
CM33_SPIN,1520,1,labsea,a_ice,0.20049
CM33_SPIN,1520,2,labsea,a_ice,0.23099
CM33_SPIN,1520,3,labsea,a_ice,0.24100
CM33_SPIN,1520,4,labsea,a_ice,0.18921
CM33_SPIN,1520,5,labsea,a_ice,0.19561
CM33_SPIN,1520,6,labsea,a_ice,0.15092
CM33_SPIN,1520,7,labsea,a_ice,0.03760
CM33_SPIN,1520,8,labsea,a_ice,0.00025
CM33_SPIN,1520,9,labsea,a_ice,0.00000
CM33_SPIN,1520,10,labsea,a_ice,0.00000
CM33_SPIN,1520,11,labsea,a_ice,0.02349
CM33_SPIN,1520,12,labsea,a_ice,0.13638
CM33_SPIN,1520,1,interior,a_ice,0.03419
CM33_SPIN,1520,2,interior,a_ice,0.04896
CM33_SPIN,1520,3,interior,a_ice,0.04429
CM33_SPIN,1520,4,interior,a_ice,0.03091
CM33_SPIN,1520,5,interior,a_ice,0.05396
CM33_SPIN,1520,6,interior,a_ice,0.02364
CM33_SPIN,1520,7,interior,a_ice,0.00780
CM33_SPIN,1520,8,interior,a_ice,0.00000
CM33_SPIN,1520,9,interior,a_ice,0.00000
CM33_SPIN,1520,10,interior,a_ice,0.00000
CM33_SPIN,1520,11,interior,a_ice,0.00023
CM33_SPIN,1520,12,interior,a_ice,0.01187
CM33_SPIN,1520,1,labsea,MLD2,1734.31022
CM33_SPIN,1520,2,labsea,MLD2,1721.70041
CM33_SPIN,1520,3,labsea,MLD2,1706.43845
CM33_SPIN,1520,4,labsea,MLD2,1700.34141
CM33_SPIN,1520,5,labsea,MLD2,1458.93794
CM33_SPIN,1520,6,labsea,MLD2,64.43049
CM33_SPIN,1520,7,labsea,MLD2,12.13366
CM33_SPIN,1520,8,labsea,MLD2,16.03694
CM33_SPIN,1520,9,labsea,MLD2,26.34066
CM33_SPIN,1520,10,labsea,MLD2,76.69766
CM33_SPIN,1520,11,labsea,MLD2,513.32129
CM33_SPIN,1520,12,labsea,MLD2,1470.13604
CM33_SPIN,1520,1,interior,MLD2,2621.12153
CM33_SPIN,1520,2,interior,MLD2,2626.92452
CM33_SPIN,1520,3,interior,MLD2,2625.72590
CM33_SPIN,1520,4,interior,MLD2,2611.98026
CM33_SPIN,1520,5,interior,MLD2,2369.61978
CM33_SPIN,1520,6,interior,MLD2,159.79675
CM33_SPIN,1520,7,interior,MLD2,13.42298
CM33_SPIN,1520,8,interior,MLD2,19.06660
CM33_SPIN,1520,9,interior,MLD2,28.75704
CM33_SPIN,1520,10,interior,MLD2,130.73278
CM33_SPIN,1520,11,interior,MLD2,1157.48325
CM33_SPIN,1520,12,interior,MLD2,2653.16184
CM33_SPIN,1521,1,labsea,a_ice,0.19370
CM33_SPIN,1521,2,labsea,a_ice,0.25115
CM33_SPIN,1521,3,labsea,a_ice,0.26692
CM33_SPIN,1521,4,labsea,a_ice,0.26587
CM33_SPIN,1521,5,labsea,a_ice,0.21787
CM33_SPIN,1521,6,labsea,a_ice,0.12211
CM33_SPIN,1521,7,labsea,a_ice,0.03332
CM33_SPIN,1521,8,labsea,a_ice,0.00463
CM33_SPIN,1521,9,labsea,a_ice,0.00004
CM33_SPIN,1521,10,labsea,a_ice,0.00095
CM33_SPIN,1521,11,labsea,a_ice,0.04398
CM33_SPIN,1521,12,labsea,a_ice,0.15285
CM33_SPIN,1521,1,interior,a_ice,0.03518
CM33_SPIN,1521,2,interior,a_ice,0.07566
CM33_SPIN,1521,3,interior,a_ice,0.07520
CM33_SPIN,1521,4,interior,a_ice,0.06289
CM33_SPIN,1521,5,interior,a_ice,0.04597
CM33_SPIN,1521,6,interior,a_ice,0.05295
CM33_SPIN,1521,7,interior,a_ice,0.00486
CM33_SPIN,1521,8,interior,a_ice,0.00000
CM33_SPIN,1521,9,interior,a_ice,0.00000
CM33_SPIN,1521,10,interior,a_ice,0.00000
CM33_SPIN,1521,11,interior,a_ice,0.00046
CM33_SPIN,1521,12,interior,a_ice,0.01499
CM33_SPIN,1521,1,labsea,MLD2,1672.52726
CM33_SPIN,1521,2,labsea,MLD2,1652.54732
CM33_SPIN,1521,3,labsea,MLD2,1533.61157
CM33_SPIN,1521,4,labsea,MLD2,1367.77077
CM33_SPIN,1521,5,labsea,MLD2,1235.92132
CM33_SPIN,1521,6,labsea,MLD2,86.39086
CM33_SPIN,1521,7,labsea,MLD2,13.20295
CM33_SPIN,1521,8,labsea,MLD2,15.98744
CM33_SPIN,1521,9,labsea,MLD2,20.29339
CM33_SPIN,1521,10,labsea,MLD2,35.09015
CM33_SPIN,1521,11,labsea,MLD2,309.41875
CM33_SPIN,1521,12,labsea,MLD2,1385.65974
CM33_SPIN,1521,1,interior,MLD2,2614.11624
CM33_SPIN,1521,2,interior,MLD2,2566.71512
CM33_SPIN,1521,3,interior,MLD2,2494.21213
CM33_SPIN,1521,4,interior,MLD2,2278.08936
CM33_SPIN,1521,5,interior,MLD2,2066.07752
CM33_SPIN,1521,6,interior,MLD2,252.63416
CM33_SPIN,1521,7,interior,MLD2,15.81786
CM33_SPIN,1521,8,interior,MLD2,17.86437
CM33_SPIN,1521,9,interior,MLD2,21.16369
CM33_SPIN,1521,10,interior,MLD2,35.54869
CM33_SPIN,1521,11,interior,MLD2,675.77086
CM33_SPIN,1521,12,interior,MLD2,2661.84299
CM33_SPIN,1522,1,labsea,a_ice,0.22640
CM33_SPIN,1522,2,labsea,a_ice,0.28040
CM33_SPIN,1522,3,labsea,a_ice,0.26996
CM33_SPIN,1522,4,labsea,a_ice,0.21427
CM33_SPIN,1522,5,labsea,a_ice,0.15953
CM33_SPIN,1522,6,labsea,a_ice,0.11415
CM33_SPIN,1522,7,labsea,a_ice,0.04392
CM33_SPIN,1522,8,labsea,a_ice,0.00741
CM33_SPIN,1522,9,labsea,a_ice,0.00070
CM33_SPIN,1522,10,labsea,a_ice,0.02168
CM33_SPIN,1522,11,labsea,a_ice,0.05377
CM33_SPIN,1522,12,labsea,a_ice,0.14912
CM33_SPIN,1522,1,interior,a_ice,0.05324
CM33_SPIN,1522,2,interior,a_ice,0.10449
CM33_SPIN,1522,3,interior,a_ice,0.08089
CM33_SPIN,1522,4,interior,a_ice,0.04314
CM33_SPIN,1522,5,interior,a_ice,0.01047
CM33_SPIN,1522,6,interior,a_ice,0.00455
CM33_SPIN,1522,7,interior,a_ice,0.00028
CM33_SPIN,1522,8,interior,a_ice,0.00000
CM33_SPIN,1522,9,interior,a_ice,0.00000
CM33_SPIN,1522,10,interior,a_ice,0.00000
CM33_SPIN,1522,11,interior,a_ice,0.00090
CM33_SPIN,1522,12,interior,a_ice,0.01496
CM33_SPIN,1522,1,labsea,MLD2,1764.96833
CM33_SPIN,1522,2,labsea,MLD2,1692.08606
CM33_SPIN,1522,3,labsea,MLD2,1656.03075
CM33_SPIN,1522,4,labsea,MLD2,1572.96519
CM33_SPIN,1522,5,labsea,MLD2,1297.31711
CM33_SPIN,1522,6,labsea,MLD2,47.02833
CM33_SPIN,1522,7,labsea,MLD2,14.64884
CM33_SPIN,1522,8,labsea,MLD2,14.51033
CM33_SPIN,1522,9,labsea,MLD2,20.21122
CM33_SPIN,1522,10,labsea,MLD2,75.23154
CM33_SPIN,1522,11,labsea,MLD2,551.10107
CM33_SPIN,1522,12,labsea,MLD2,1121.96340
CM33_SPIN,1522,1,interior,MLD2,2676.45870
CM33_SPIN,1522,2,interior,MLD2,2536.27484
CM33_SPIN,1522,3,interior,MLD2,2574.14162
CM33_SPIN,1522,4,interior,MLD2,2507.44206
CM33_SPIN,1522,5,interior,MLD2,2318.44236
CM33_SPIN,1522,6,interior,MLD2,65.73848
CM33_SPIN,1522,7,interior,MLD2,17.48388
CM33_SPIN,1522,8,interior,MLD2,17.50451
CM33_SPIN,1522,9,interior,MLD2,22.50971
CM33_SPIN,1522,10,interior,MLD2,160.72891
CM33_SPIN,1522,11,interior,MLD2,1366.53899
CM33_SPIN,1522,12,interior,MLD2,2524.84081
CM33_SPIN,1523,1,labsea,a_ice,0.21857
CM33_SPIN,1523,2,labsea,a_ice,0.22823
CM33_SPIN,1523,3,labsea,a_ice,0.25556
CM33_SPIN,1523,4,labsea,a_ice,0.24561
CM33_SPIN,1523,5,labsea,a_ice,0.19649
CM33_SPIN,1523,6,labsea,a_ice,0.10535
CM33_SPIN,1523,7,labsea,a_ice,0.03978
CM33_SPIN,1523,8,labsea,a_ice,0.00726
CM33_SPIN,1523,9,labsea,a_ice,0.00019
CM33_SPIN,1523,10,labsea,a_ice,0.00455
CM33_SPIN,1523,11,labsea,a_ice,0.08452
CM33_SPIN,1523,12,labsea,a_ice,0.20793
CM33_SPIN,1523,1,interior,a_ice,0.03823
CM33_SPIN,1523,2,interior,a_ice,0.05228
CM33_SPIN,1523,3,interior,a_ice,0.06142
CM33_SPIN,1523,4,interior,a_ice,0.05234
CM33_SPIN,1523,5,interior,a_ice,0.02911
CM33_SPIN,1523,6,interior,a_ice,0.01548
CM33_SPIN,1523,7,interior,a_ice,0.00084
CM33_SPIN,1523,8,interior,a_ice,0.00000
CM33_SPIN,1523,9,interior,a_ice,0.00000
CM33_SPIN,1523,10,interior,a_ice,0.00000
CM33_SPIN,1523,11,interior,a_ice,0.00154
CM33_SPIN,1523,12,interior,a_ice,0.05745
CM33_SPIN,1523,1,labsea,MLD2,1629.14417
CM33_SPIN,1523,2,labsea,MLD2,1728.61619
CM33_SPIN,1523,3,labsea,MLD2,1603.20472
CM33_SPIN,1523,4,labsea,MLD2,1400.54813
CM33_SPIN,1523,5,labsea,MLD2,472.79746
CM33_SPIN,1523,6,labsea,MLD2,16.33731
CM33_SPIN,1523,7,labsea,MLD2,12.73741
CM33_SPIN,1523,8,labsea,MLD2,14.71261
CM33_SPIN,1523,9,labsea,MLD2,19.39006
CM33_SPIN,1523,10,labsea,MLD2,30.02056
CM33_SPIN,1523,11,labsea,MLD2,514.50251
CM33_SPIN,1523,12,labsea,MLD2,1500.36330
CM33_SPIN,1523,1,interior,MLD2,2621.70200
CM33_SPIN,1523,2,interior,MLD2,2641.94753
CM33_SPIN,1523,3,interior,MLD2,2547.23084
CM33_SPIN,1523,4,interior,MLD2,2405.97652
CM33_SPIN,1523,5,interior,MLD2,962.47433
CM33_SPIN,1523,6,interior,MLD2,19.35184
CM33_SPIN,1523,7,interior,MLD2,13.95738
CM33_SPIN,1523,8,interior,MLD2,16.59632
CM33_SPIN,1523,9,interior,MLD2,21.48608
CM33_SPIN,1523,10,interior,MLD2,34.90318
CM33_SPIN,1523,11,interior,MLD2,1341.80285
CM33_SPIN,1523,12,interior,MLD2,2527.95195
CM33_SPIN,1524,1,labsea,a_ice,0.21005
CM33_SPIN,1524,2,labsea,a_ice,0.26344
CM33_SPIN,1524,3,labsea,a_ice,0.19557
CM33_SPIN,1524,4,labsea,a_ice,0.14506
CM33_SPIN,1524,5,labsea,a_ice,0.15002
CM33_SPIN,1524,6,labsea,a_ice,0.08605
CM33_SPIN,1524,7,labsea,a_ice,0.01964
CM33_SPIN,1524,8,labsea,a_ice,0.00125
CM33_SPIN,1524,9,labsea,a_ice,0.00009
CM33_SPIN,1524,10,labsea,a_ice,0.00062
CM33_SPIN,1524,11,labsea,a_ice,0.04682
CM33_SPIN,1524,12,labsea,a_ice,0.15770
CM33_SPIN,1524,1,interior,a_ice,0.02986
CM33_SPIN,1524,2,interior,a_ice,0.07965
CM33_SPIN,1524,3,interior,a_ice,0.05006
CM33_SPIN,1524,4,interior,a_ice,0.01549
CM33_SPIN,1524,5,interior,a_ice,0.00746
CM33_SPIN,1524,6,interior,a_ice,0.00435
CM33_SPIN,1524,7,interior,a_ice,0.00000
CM33_SPIN,1524,8,interior,a_ice,0.00000
CM33_SPIN,1524,9,interior,a_ice,0.00000
CM33_SPIN,1524,10,interior,a_ice,0.00000
CM33_SPIN,1524,11,interior,a_ice,0.00074
CM33_SPIN,1524,12,interior,a_ice,0.02359
CM33_SPIN,1524,1,labsea,MLD2,1664.03336
CM33_SPIN,1524,2,labsea,MLD2,1689.31644
CM33_SPIN,1524,3,labsea,MLD2,1705.25371
CM33_SPIN,1524,4,labsea,MLD2,1553.63760
CM33_SPIN,1524,5,labsea,MLD2,592.47095
CM33_SPIN,1524,6,labsea,MLD2,18.55294
CM33_SPIN,1524,7,labsea,MLD2,14.45395
CM33_SPIN,1524,8,labsea,MLD2,14.81149
CM33_SPIN,1524,9,labsea,MLD2,22.45124
CM33_SPIN,1524,10,labsea,MLD2,33.86985
CM33_SPIN,1524,11,labsea,MLD2,171.29626
CM33_SPIN,1524,12,labsea,MLD2,1302.34561
CM33_SPIN,1524,1,interior,MLD2,2626.00478
CM33_SPIN,1524,2,interior,MLD2,2552.48948
CM33_SPIN,1524,3,interior,MLD2,2594.07386
CM33_SPIN,1524,4,interior,MLD2,2396.06309
CM33_SPIN,1524,5,interior,MLD2,1228.41398
CM33_SPIN,1524,6,interior,MLD2,21.76065
CM33_SPIN,1524,7,interior,MLD2,16.35726
CM33_SPIN,1524,8,interior,MLD2,16.63070
CM33_SPIN,1524,9,interior,MLD2,24.52793
CM33_SPIN,1524,10,interior,MLD2,38.48350
CM33_SPIN,1524,11,interior,MLD2,383.72110
CM33_SPIN,1524,12,interior,MLD2,2349.58469
CM33_SPIN,1525,1,labsea,a_ice,0.18802
CM33_SPIN,1525,2,labsea,a_ice,0.22690
CM33_SPIN,1525,3,labsea,a_ice,0.24209
CM33_SPIN,1525,4,labsea,a_ice,0.27905
CM33_SPIN,1525,5,labsea,a_ice,0.23566
CM33_SPIN,1525,6,labsea,a_ice,0.13089
CM33_SPIN,1525,7,labsea,a_ice,0.04277
CM33_SPIN,1525,8,labsea,a_ice,0.00962
CM33_SPIN,1525,9,labsea,a_ice,0.00288
CM33_SPIN,1525,10,labsea,a_ice,0.00082
CM33_SPIN,1525,11,labsea,a_ice,0.08755
CM33_SPIN,1525,12,labsea,a_ice,0.19307
CM33_SPIN,1525,1,interior,a_ice,0.02870
CM33_SPIN,1525,2,interior,a_ice,0.04574
CM33_SPIN,1525,3,interior,a_ice,0.04865
CM33_SPIN,1525,4,interior,a_ice,0.10354
CM33_SPIN,1525,5,interior,a_ice,0.04902
CM33_SPIN,1525,6,interior,a_ice,0.01433
CM33_SPIN,1525,7,interior,a_ice,0.00028
CM33_SPIN,1525,8,interior,a_ice,0.00000
CM33_SPIN,1525,9,interior,a_ice,0.00000
CM33_SPIN,1525,10,interior,a_ice,0.00000
CM33_SPIN,1525,11,interior,a_ice,0.00429
CM33_SPIN,1525,12,interior,a_ice,0.04607
CM33_SPIN,1525,1,labsea,MLD2,1677.99162
CM33_SPIN,1525,2,labsea,MLD2,1646.89568
CM33_SPIN,1525,3,labsea,MLD2,1659.94526
CM33_SPIN,1525,4,labsea,MLD2,1416.57561
CM33_SPIN,1525,5,labsea,MLD2,839.32326
CM33_SPIN,1525,6,labsea,MLD2,23.13718
CM33_SPIN,1525,7,labsea,MLD2,13.17314
CM33_SPIN,1525,8,labsea,MLD2,15.63398
CM33_SPIN,1525,9,labsea,MLD2,23.12242
CM33_SPIN,1525,10,labsea,MLD2,48.28983
CM33_SPIN,1525,11,labsea,MLD2,848.71949
CM33_SPIN,1525,12,labsea,MLD2,1523.85676
CM33_SPIN,1525,1,interior,MLD2,2649.28193
CM33_SPIN,1525,2,interior,MLD2,2619.00964
CM33_SPIN,1525,3,interior,MLD2,2630.52217
CM33_SPIN,1525,4,interior,MLD2,2276.37814
CM33_SPIN,1525,5,interior,MLD2,1684.83613
CM33_SPIN,1525,6,interior,MLD2,40.68954
CM33_SPIN,1525,7,interior,MLD2,14.66660
CM33_SPIN,1525,8,interior,MLD2,17.32609
CM33_SPIN,1525,9,interior,MLD2,26.43026
CM33_SPIN,1525,10,interior,MLD2,68.96661
CM33_SPIN,1525,11,interior,MLD2,1857.78579
CM33_SPIN,1525,12,interior,MLD2,2536.60149
CM33_SPIN,1526,1,labsea,a_ice,0.24792
CM33_SPIN,1526,2,labsea,a_ice,0.26342
CM33_SPIN,1526,3,labsea,a_ice,0.27825
CM33_SPIN,1526,4,labsea,a_ice,0.21711
CM33_SPIN,1526,5,labsea,a_ice,0.21193
CM33_SPIN,1526,6,labsea,a_ice,0.07121
CM33_SPIN,1526,7,labsea,a_ice,0.02369
CM33_SPIN,1526,8,labsea,a_ice,0.00177
CM33_SPIN,1526,9,labsea,a_ice,0.00003
CM33_SPIN,1526,10,labsea,a_ice,0.00598
CM33_SPIN,1526,11,labsea,a_ice,0.07874
CM33_SPIN,1526,12,labsea,a_ice,0.15266
CM33_SPIN,1526,1,interior,a_ice,0.05875
CM33_SPIN,1526,2,interior,a_ice,0.09782
CM33_SPIN,1526,3,interior,a_ice,0.09895
CM33_SPIN,1526,4,interior,a_ice,0.02787
CM33_SPIN,1526,5,interior,a_ice,0.10540
CM33_SPIN,1526,6,interior,a_ice,0.01857
CM33_SPIN,1526,7,interior,a_ice,0.00000
CM33_SPIN,1526,8,interior,a_ice,0.00000
CM33_SPIN,1526,9,interior,a_ice,0.00000
CM33_SPIN,1526,10,interior,a_ice,0.00000
CM33_SPIN,1526,11,interior,a_ice,0.00386
CM33_SPIN,1526,12,interior,a_ice,0.04083
CM33_SPIN,1526,1,labsea,MLD2,1737.42424
CM33_SPIN,1526,2,labsea,MLD2,1694.36145
CM33_SPIN,1526,3,labsea,MLD2,1643.07658
CM33_SPIN,1526,4,labsea,MLD2,1602.89346
CM33_SPIN,1526,5,labsea,MLD2,1173.78636
CM33_SPIN,1526,6,labsea,MLD2,33.59744
CM33_SPIN,1526,7,labsea,MLD2,18.13537
CM33_SPIN,1526,8,labsea,MLD2,15.13506
CM33_SPIN,1526,9,labsea,MLD2,24.71013
CM33_SPIN,1526,10,labsea,MLD2,45.45717
CM33_SPIN,1526,11,labsea,MLD2,543.11977
CM33_SPIN,1526,12,labsea,MLD2,1589.75260
CM33_SPIN,1526,1,interior,MLD2,2647.34386
CM33_SPIN,1526,2,interior,MLD2,2531.78303
CM33_SPIN,1526,3,interior,MLD2,2475.38516
CM33_SPIN,1526,4,interior,MLD2,2539.32379
CM33_SPIN,1526,5,interior,MLD2,1886.42563
CM33_SPIN,1526,6,interior,MLD2,80.16944
CM33_SPIN,1526,7,interior,MLD2,19.85206
CM33_SPIN,1526,8,interior,MLD2,16.50097
CM33_SPIN,1526,9,interior,MLD2,26.71226
CM33_SPIN,1526,10,interior,MLD2,60.97958
CM33_SPIN,1526,11,interior,MLD2,1062.34473
CM33_SPIN,1526,12,interior,MLD2,2610.14655
CM33_SPIN,1527,1,labsea,a_ice,0.20042
CM33_SPIN,1527,2,labsea,a_ice,0.20053
CM33_SPIN,1527,3,labsea,a_ice,0.17901
CM33_SPIN,1527,4,labsea,a_ice,0.17260
CM33_SPIN,1527,5,labsea,a_ice,0.14542
CM33_SPIN,1527,6,labsea,a_ice,0.08277
CM33_SPIN,1527,7,labsea,a_ice,0.02670
CM33_SPIN,1527,8,labsea,a_ice,0.00298
CM33_SPIN,1527,9,labsea,a_ice,0.00637
CM33_SPIN,1527,10,labsea,a_ice,0.01883
CM33_SPIN,1527,11,labsea,a_ice,0.09636
CM33_SPIN,1527,12,labsea,a_ice,0.19028
CM33_SPIN,1527,1,interior,a_ice,0.03922
CM33_SPIN,1527,2,interior,a_ice,0.05925
CM33_SPIN,1527,3,interior,a_ice,0.01918
CM33_SPIN,1527,4,interior,a_ice,0.03239
CM33_SPIN,1527,5,interior,a_ice,0.03351
CM33_SPIN,1527,6,interior,a_ice,0.00562
CM33_SPIN,1527,7,interior,a_ice,0.00048
CM33_SPIN,1527,8,interior,a_ice,0.00000
CM33_SPIN,1527,9,interior,a_ice,0.00000
CM33_SPIN,1527,10,interior,a_ice,0.00000
CM33_SPIN,1527,11,interior,a_ice,0.00247
CM33_SPIN,1527,12,interior,a_ice,0.03606
CM33_SPIN,1527,1,labsea,MLD2,1809.99309
CM33_SPIN,1527,2,labsea,MLD2,1761.21525
CM33_SPIN,1527,3,labsea,MLD2,1773.53849
CM33_SPIN,1527,4,labsea,MLD2,1788.51611
CM33_SPIN,1527,5,labsea,MLD2,1174.49891
CM33_SPIN,1527,6,labsea,MLD2,120.16351
CM33_SPIN,1527,7,labsea,MLD2,14.59415
CM33_SPIN,1527,8,labsea,MLD2,16.62192
CM33_SPIN,1527,9,labsea,MLD2,25.79485
CM33_SPIN,1527,10,labsea,MLD2,56.22352
CM33_SPIN,1527,11,labsea,MLD2,916.03486
CM33_SPIN,1527,12,labsea,MLD2,1609.59297
CM33_SPIN,1527,1,interior,MLD2,2687.70881
CM33_SPIN,1527,2,interior,MLD2,2601.57746
CM33_SPIN,1527,3,interior,MLD2,2683.29897
CM33_SPIN,1527,4,interior,MLD2,2678.25168
CM33_SPIN,1527,5,interior,MLD2,2080.48083
CM33_SPIN,1527,6,interior,MLD2,350.37853
CM33_SPIN,1527,7,interior,MLD2,16.51687
CM33_SPIN,1527,8,interior,MLD2,19.15454
CM33_SPIN,1527,9,interior,MLD2,28.77005
CM33_SPIN,1527,10,interior,MLD2,105.58519
CM33_SPIN,1527,11,interior,MLD2,2016.11798
CM33_SPIN,1527,12,interior,MLD2,2631.62681
CM33_SPIN,1528,1,labsea,a_ice,0.24737
CM33_SPIN,1528,2,labsea,a_ice,0.23163
CM33_SPIN,1528,3,labsea,a_ice,0.21285
CM33_SPIN,1528,4,labsea,a_ice,0.23544
CM33_SPIN,1528,5,labsea,a_ice,0.18923
CM33_SPIN,1528,6,labsea,a_ice,0.12999
CM33_SPIN,1528,7,labsea,a_ice,0.06158
CM33_SPIN,1528,8,labsea,a_ice,0.01081
CM33_SPIN,1528,9,labsea,a_ice,0.00030
CM33_SPIN,1528,10,labsea,a_ice,0.00421
CM33_SPIN,1528,11,labsea,a_ice,0.08363
CM33_SPIN,1528,12,labsea,a_ice,0.16636
CM33_SPIN,1528,1,interior,a_ice,0.08687
CM33_SPIN,1528,2,interior,a_ice,0.11677
CM33_SPIN,1528,3,interior,a_ice,0.08363
CM33_SPIN,1528,4,interior,a_ice,0.05856
CM33_SPIN,1528,5,interior,a_ice,0.02997
CM33_SPIN,1528,6,interior,a_ice,0.00988
CM33_SPIN,1528,7,interior,a_ice,0.00119
CM33_SPIN,1528,8,interior,a_ice,0.00000
CM33_SPIN,1528,9,interior,a_ice,0.00000
CM33_SPIN,1528,10,interior,a_ice,0.00000
CM33_SPIN,1528,11,interior,a_ice,0.00225
CM33_SPIN,1528,12,interior,a_ice,0.02815
CM33_SPIN,1528,1,labsea,MLD2,1679.57144
CM33_SPIN,1528,2,labsea,MLD2,1620.38412
CM33_SPIN,1528,3,labsea,MLD2,1383.71028
CM33_SPIN,1528,4,labsea,MLD2,1452.35915
CM33_SPIN,1528,5,labsea,MLD2,1006.97608
CM33_SPIN,1528,6,labsea,MLD2,18.44347
CM33_SPIN,1528,7,labsea,MLD2,15.74643
CM33_SPIN,1528,8,labsea,MLD2,16.53460
CM33_SPIN,1528,9,labsea,MLD2,24.65163
CM33_SPIN,1528,10,labsea,MLD2,40.03470
CM33_SPIN,1528,11,labsea,MLD2,503.18839
CM33_SPIN,1528,12,labsea,MLD2,1479.49519
CM33_SPIN,1528,1,interior,MLD2,2505.91744
CM33_SPIN,1528,2,interior,MLD2,2336.35705
CM33_SPIN,1528,3,interior,MLD2,1836.24140
CM33_SPIN,1528,4,interior,MLD2,2165.73786
CM33_SPIN,1528,5,interior,MLD2,1793.02913
CM33_SPIN,1528,6,interior,MLD2,24.82655
CM33_SPIN,1528,7,interior,MLD2,17.70083
CM33_SPIN,1528,8,interior,MLD2,19.21878
CM33_SPIN,1528,9,interior,MLD2,28.67208
CM33_SPIN,1528,10,interior,MLD2,37.73420
CM33_SPIN,1528,11,interior,MLD2,980.38197
CM33_SPIN,1528,12,interior,MLD2,2514.48935
CM33_SPIN,1529,1,labsea,a_ice,0.20450
CM33_SPIN,1529,2,labsea,a_ice,0.21739
CM33_SPIN,1529,3,labsea,a_ice,0.19417
CM33_SPIN,1529,4,labsea,a_ice,0.20470
CM33_SPIN,1529,5,labsea,a_ice,0.19966
CM33_SPIN,1529,6,labsea,a_ice,0.07742
CM33_SPIN,1529,7,labsea,a_ice,0.01710
CM33_SPIN,1529,8,labsea,a_ice,0.00128
CM33_SPIN,1529,9,labsea,a_ice,0.00001
CM33_SPIN,1529,10,labsea,a_ice,0.00390
CM33_SPIN,1529,11,labsea,a_ice,0.03109
CM33_SPIN,1529,12,labsea,a_ice,0.14555
CM33_SPIN,1529,1,interior,a_ice,0.03414
CM33_SPIN,1529,2,interior,a_ice,0.02764
CM33_SPIN,1529,3,interior,a_ice,0.02107
CM33_SPIN,1529,4,interior,a_ice,0.03787
CM33_SPIN,1529,5,interior,a_ice,0.09977
CM33_SPIN,1529,6,interior,a_ice,0.03469
CM33_SPIN,1529,7,interior,a_ice,0.00000
CM33_SPIN,1529,8,interior,a_ice,0.00000
CM33_SPIN,1529,9,interior,a_ice,0.00000
CM33_SPIN,1529,10,interior,a_ice,0.00000
CM33_SPIN,1529,11,interior,a_ice,0.00016
CM33_SPIN,1529,12,interior,a_ice,0.02516
CM33_SPIN,1529,1,labsea,MLD2,1819.29058
CM33_SPIN,1529,2,labsea,MLD2,1796.10132
CM33_SPIN,1529,3,labsea,MLD2,1815.76484
CM33_SPIN,1529,4,labsea,MLD2,1673.34076
CM33_SPIN,1529,5,labsea,MLD2,1137.35329
CM33_SPIN,1529,6,labsea,MLD2,44.21416
CM33_SPIN,1529,7,labsea,MLD2,12.90846
CM33_SPIN,1529,8,labsea,MLD2,13.53949
CM33_SPIN,1529,9,labsea,MLD2,23.54806
CM33_SPIN,1529,10,labsea,MLD2,37.17078
CM33_SPIN,1529,11,labsea,MLD2,248.97063
CM33_SPIN,1529,12,labsea,MLD2,1488.25183
CM33_SPIN,1529,1,interior,MLD2,2694.25622
CM33_SPIN,1529,2,interior,MLD2,2697.62653
CM33_SPIN,1529,3,interior,MLD2,2707.81970
CM33_SPIN,1529,4,interior,MLD2,2548.05611
CM33_SPIN,1529,5,interior,MLD2,1936.16117
CM33_SPIN,1529,6,interior,MLD2,125.17150
CM33_SPIN,1529,7,interior,MLD2,13.94341
CM33_SPIN,1529,8,interior,MLD2,14.41655
CM33_SPIN,1529,9,interior,MLD2,23.00503
CM33_SPIN,1529,10,interior,MLD2,39.25778
CM33_SPIN,1529,11,interior,MLD2,486.61803
CM33_SPIN,1529,12,interior,MLD2,2399.98981
CM33_SPIN,1530,1,labsea,a_ice,0.19162
CM33_SPIN,1530,2,labsea,a_ice,0.21559
CM33_SPIN,1530,3,labsea,a_ice,0.24190
CM33_SPIN,1530,4,labsea,a_ice,0.22773
CM33_SPIN,1530,5,labsea,a_ice,0.18126
CM33_SPIN,1530,6,labsea,a_ice,0.10091
CM33_SPIN,1530,7,labsea,a_ice,0.02959
CM33_SPIN,1530,8,labsea,a_ice,0.00642
CM33_SPIN,1530,9,labsea,a_ice,0.00046
CM33_SPIN,1530,10,labsea,a_ice,0.00885
CM33_SPIN,1530,11,labsea,a_ice,0.07970
CM33_SPIN,1530,12,labsea,a_ice,0.15769
CM33_SPIN,1530,1,interior,a_ice,0.03784
CM33_SPIN,1530,2,interior,a_ice,0.04541
CM33_SPIN,1530,3,interior,a_ice,0.06075
CM33_SPIN,1530,4,interior,a_ice,0.03463
CM33_SPIN,1530,5,interior,a_ice,0.03969
CM33_SPIN,1530,6,interior,a_ice,0.03393
CM33_SPIN,1530,7,interior,a_ice,0.00050
CM33_SPIN,1530,8,interior,a_ice,0.00000
CM33_SPIN,1530,9,interior,a_ice,0.00000
CM33_SPIN,1530,10,interior,a_ice,0.00000
CM33_SPIN,1530,11,interior,a_ice,0.00037
CM33_SPIN,1530,12,interior,a_ice,0.02695
CM33_SPIN,1530,1,labsea,MLD2,1755.34452
CM33_SPIN,1530,2,labsea,MLD2,1681.80774
CM33_SPIN,1530,3,labsea,MLD2,1644.16290
CM33_SPIN,1530,4,labsea,MLD2,1539.86075
CM33_SPIN,1530,5,labsea,MLD2,1190.34404
CM33_SPIN,1530,6,labsea,MLD2,96.52813
CM33_SPIN,1530,7,labsea,MLD2,13.75089
CM33_SPIN,1530,8,labsea,MLD2,21.02039
CM33_SPIN,1530,9,labsea,MLD2,25.56534
CM33_SPIN,1530,10,labsea,MLD2,103.80805
CM33_SPIN,1530,11,labsea,MLD2,635.56767
CM33_SPIN,1530,12,labsea,MLD2,1510.77905
CM33_SPIN,1530,1,interior,MLD2,2643.50462
CM33_SPIN,1530,2,interior,MLD2,2565.32544
CM33_SPIN,1530,3,interior,MLD2,2540.04721
CM33_SPIN,1530,4,interior,MLD2,2443.79434
CM33_SPIN,1530,5,interior,MLD2,2229.11747
CM33_SPIN,1530,6,interior,MLD2,243.14949
CM33_SPIN,1530,7,interior,MLD2,15.67181
CM33_SPIN,1530,8,interior,MLD2,24.75129
CM33_SPIN,1530,9,interior,MLD2,28.73497
CM33_SPIN,1530,10,interior,MLD2,251.00589
CM33_SPIN,1530,11,interior,MLD2,1469.86771
CM33_SPIN,1530,12,interior,MLD2,2506.85993
CM33_SPIN,1531,1,labsea,a_ice,0.20161
CM33_SPIN,1531,2,labsea,a_ice,0.24989
CM33_SPIN,1531,3,labsea,a_ice,0.30153
CM33_SPIN,1531,4,labsea,a_ice,0.19183
CM33_SPIN,1531,5,labsea,a_ice,0.14587
CM33_SPIN,1531,6,labsea,a_ice,0.09360
CM33_SPIN,1531,7,labsea,a_ice,0.02957
CM33_SPIN,1531,8,labsea,a_ice,0.00146
CM33_SPIN,1531,9,labsea,a_ice,0.00002
CM33_SPIN,1531,10,labsea,a_ice,0.01675
CM33_SPIN,1531,11,labsea,a_ice,0.10884
CM33_SPIN,1531,12,labsea,a_ice,0.16563
CM33_SPIN,1531,1,interior,a_ice,0.05556
CM33_SPIN,1531,2,interior,a_ice,0.09254
CM33_SPIN,1531,3,interior,a_ice,0.16069
CM33_SPIN,1531,4,interior,a_ice,0.03815
CM33_SPIN,1531,5,interior,a_ice,0.03694
CM33_SPIN,1531,6,interior,a_ice,0.00674
CM33_SPIN,1531,7,interior,a_ice,0.00257
CM33_SPIN,1531,8,interior,a_ice,0.00000
CM33_SPIN,1531,9,interior,a_ice,0.00000
CM33_SPIN,1531,10,interior,a_ice,0.00000
CM33_SPIN,1531,11,interior,a_ice,0.00751
CM33_SPIN,1531,12,interior,a_ice,0.01906
CM33_SPIN,1531,1,labsea,MLD2,1763.88209
CM33_SPIN,1531,2,labsea,MLD2,1638.13156
CM33_SPIN,1531,3,labsea,MLD2,1551.72156
CM33_SPIN,1531,4,labsea,MLD2,1742.54998
CM33_SPIN,1531,5,labsea,MLD2,1161.30692
CM33_SPIN,1531,6,labsea,MLD2,59.21660
CM33_SPIN,1531,7,labsea,MLD2,18.63041
CM33_SPIN,1531,8,labsea,MLD2,18.85358
CM33_SPIN,1531,9,labsea,MLD2,27.93241
CM33_SPIN,1531,10,labsea,MLD2,129.70803
CM33_SPIN,1531,11,labsea,MLD2,918.36539
CM33_SPIN,1531,12,labsea,MLD2,1334.69045
CM33_SPIN,1531,1,interior,MLD2,2641.25770
CM33_SPIN,1531,2,interior,MLD2,2464.05110
CM33_SPIN,1531,3,interior,MLD2,2262.55242
CM33_SPIN,1531,4,interior,MLD2,2653.23009
CM33_SPIN,1531,5,interior,MLD2,2054.93347
CM33_SPIN,1531,6,interior,MLD2,135.84198
CM33_SPIN,1531,7,interior,MLD2,22.29224
CM33_SPIN,1531,8,interior,MLD2,19.96739
CM33_SPIN,1531,9,interior,MLD2,27.78506
CM33_SPIN,1531,10,interior,MLD2,282.91182
CM33_SPIN,1531,11,interior,MLD2,2131.47409
CM33_SPIN,1531,12,interior,MLD2,2628.14501
CM33_SPIN,1532,1,labsea,a_ice,0.18666
CM33_SPIN,1532,2,labsea,a_ice,0.21720
CM33_SPIN,1532,3,labsea,a_ice,0.20149
CM33_SPIN,1532,4,labsea,a_ice,0.15145
CM33_SPIN,1532,5,labsea,a_ice,0.14683
CM33_SPIN,1532,6,labsea,a_ice,0.08060
CM33_SPIN,1532,7,labsea,a_ice,0.02428
CM33_SPIN,1532,8,labsea,a_ice,0.00145
CM33_SPIN,1532,9,labsea,a_ice,0.00001
CM33_SPIN,1532,10,labsea,a_ice,0.00191
CM33_SPIN,1532,11,labsea,a_ice,0.05685
CM33_SPIN,1532,12,labsea,a_ice,0.15154
CM33_SPIN,1532,1,interior,a_ice,0.02608
CM33_SPIN,1532,2,interior,a_ice,0.04641
CM33_SPIN,1532,3,interior,a_ice,0.02264
CM33_SPIN,1532,4,interior,a_ice,0.01621
CM33_SPIN,1532,5,interior,a_ice,0.02228
CM33_SPIN,1532,6,interior,a_ice,0.00989
CM33_SPIN,1532,7,interior,a_ice,0.00000
CM33_SPIN,1532,8,interior,a_ice,0.00000
CM33_SPIN,1532,9,interior,a_ice,0.00000
CM33_SPIN,1532,10,interior,a_ice,0.00000
CM33_SPIN,1532,11,interior,a_ice,0.00109
CM33_SPIN,1532,12,interior,a_ice,0.01165
CM33_SPIN,1532,1,labsea,MLD2,1750.14674
CM33_SPIN,1532,2,labsea,MLD2,1711.59734
CM33_SPIN,1532,3,labsea,MLD2,1668.67234
CM33_SPIN,1532,4,labsea,MLD2,1670.20734
CM33_SPIN,1532,5,labsea,MLD2,1559.77427
CM33_SPIN,1532,6,labsea,MLD2,102.70666
CM33_SPIN,1532,7,labsea,MLD2,14.15043
CM33_SPIN,1532,8,labsea,MLD2,16.87872
CM33_SPIN,1532,9,labsea,MLD2,24.58297
CM33_SPIN,1532,10,labsea,MLD2,109.66700
CM33_SPIN,1532,11,labsea,MLD2,708.47957
CM33_SPIN,1532,12,labsea,MLD2,1750.21888
CM33_SPIN,1532,1,interior,MLD2,2701.10204
CM33_SPIN,1532,2,interior,MLD2,2596.79211
CM33_SPIN,1532,3,interior,MLD2,2555.21602
CM33_SPIN,1532,4,interior,MLD2,2574.44655
CM33_SPIN,1532,5,interior,MLD2,2539.27471
CM33_SPIN,1532,6,interior,MLD2,254.75150
CM33_SPIN,1532,7,interior,MLD2,16.58731
CM33_SPIN,1532,8,interior,MLD2,18.80666
CM33_SPIN,1532,9,interior,MLD2,26.49190
CM33_SPIN,1532,10,interior,MLD2,285.40430
CM33_SPIN,1532,11,interior,MLD2,1695.39920
CM33_SPIN,1532,12,interior,MLD2,2701.82578
CM33_SPIN,1533,1,labsea,a_ice,0.19524
CM33_SPIN,1533,2,labsea,a_ice,0.20697
CM33_SPIN,1533,3,labsea,a_ice,0.20983
CM33_SPIN,1533,4,labsea,a_ice,0.20697
CM33_SPIN,1533,5,labsea,a_ice,0.16017
CM33_SPIN,1533,6,labsea,a_ice,0.11132
CM33_SPIN,1533,7,labsea,a_ice,0.04281
CM33_SPIN,1533,8,labsea,a_ice,0.00749
CM33_SPIN,1533,9,labsea,a_ice,0.00009
CM33_SPIN,1533,10,labsea,a_ice,0.00001
CM33_SPIN,1533,11,labsea,a_ice,0.02716
CM33_SPIN,1533,12,labsea,a_ice,0.08323
CM33_SPIN,1533,1,interior,a_ice,0.03559
CM33_SPIN,1533,2,interior,a_ice,0.04606
CM33_SPIN,1533,3,interior,a_ice,0.03386
CM33_SPIN,1533,4,interior,a_ice,0.03311
CM33_SPIN,1533,5,interior,a_ice,0.01185
CM33_SPIN,1533,6,interior,a_ice,0.00531
CM33_SPIN,1533,7,interior,a_ice,0.00131
CM33_SPIN,1533,8,interior,a_ice,0.00000
CM33_SPIN,1533,9,interior,a_ice,0.00000
CM33_SPIN,1533,10,interior,a_ice,0.00000
CM33_SPIN,1533,11,interior,a_ice,0.00000
CM33_SPIN,1533,12,interior,a_ice,0.00670
CM33_SPIN,1533,1,labsea,MLD2,1783.15676
CM33_SPIN,1533,2,labsea,MLD2,1795.80842
CM33_SPIN,1533,3,labsea,MLD2,1800.47936
CM33_SPIN,1533,4,labsea,MLD2,1647.49367
CM33_SPIN,1533,5,labsea,MLD2,1097.69472
CM33_SPIN,1533,6,labsea,MLD2,56.46498
CM33_SPIN,1533,7,labsea,MLD2,15.50693
CM33_SPIN,1533,8,labsea,MLD2,17.83801
CM33_SPIN,1533,9,labsea,MLD2,22.40726
CM33_SPIN,1533,10,labsea,MLD2,29.94530
CM33_SPIN,1533,11,labsea,MLD2,189.69018
CM33_SPIN,1533,12,labsea,MLD2,995.14211
CM33_SPIN,1533,1,interior,MLD2,2664.83223
CM33_SPIN,1533,2,interior,MLD2,2663.92134
CM33_SPIN,1533,3,interior,MLD2,2695.24340
CM33_SPIN,1533,4,interior,MLD2,2484.44743
CM33_SPIN,1533,5,interior,MLD2,2167.54012
CM33_SPIN,1533,6,interior,MLD2,140.84969
CM33_SPIN,1533,7,interior,MLD2,17.62077
CM33_SPIN,1533,8,interior,MLD2,19.53820
CM33_SPIN,1533,9,interior,MLD2,22.42178
CM33_SPIN,1533,10,interior,MLD2,31.17723
CM33_SPIN,1533,11,interior,MLD2,442.93326
CM33_SPIN,1533,12,interior,MLD2,2029.48137
CM33_SPIN,1534,1,labsea,a_ice,0.15366
CM33_SPIN,1534,2,labsea,a_ice,0.20603
CM33_SPIN,1534,3,labsea,a_ice,0.21881
CM33_SPIN,1534,4,labsea,a_ice,0.18201
CM33_SPIN,1534,5,labsea,a_ice,0.16115
CM33_SPIN,1534,6,labsea,a_ice,0.11412
CM33_SPIN,1534,7,labsea,a_ice,0.04617
CM33_SPIN,1534,8,labsea,a_ice,0.00723
CM33_SPIN,1534,9,labsea,a_ice,0.00001
CM33_SPIN,1534,10,labsea,a_ice,0.00080
CM33_SPIN,1534,11,labsea,a_ice,0.06958
CM33_SPIN,1534,12,labsea,a_ice,0.16815
CM33_SPIN,1534,1,interior,a_ice,0.02187
CM33_SPIN,1534,2,interior,a_ice,0.04991
CM33_SPIN,1534,3,interior,a_ice,0.05628
CM33_SPIN,1534,4,interior,a_ice,0.03618
CM33_SPIN,1534,5,interior,a_ice,0.01870
CM33_SPIN,1534,6,interior,a_ice,0.01075
CM33_SPIN,1534,7,interior,a_ice,0.00097
CM33_SPIN,1534,8,interior,a_ice,0.00002
CM33_SPIN,1534,9,interior,a_ice,0.00000
CM33_SPIN,1534,10,interior,a_ice,0.00000
CM33_SPIN,1534,11,interior,a_ice,0.00311
CM33_SPIN,1534,12,interior,a_ice,0.01921
CM33_SPIN,1534,1,labsea,MLD2,1795.04246
CM33_SPIN,1534,2,labsea,MLD2,1806.25169
CM33_SPIN,1534,3,labsea,MLD2,1760.87985
CM33_SPIN,1534,4,labsea,MLD2,1695.97106
CM33_SPIN,1534,5,labsea,MLD2,1186.37346
CM33_SPIN,1534,6,labsea,MLD2,180.47762
CM33_SPIN,1534,7,labsea,MLD2,15.45826
CM33_SPIN,1534,8,labsea,MLD2,14.26948
CM33_SPIN,1534,9,labsea,MLD2,22.05818
CM33_SPIN,1534,10,labsea,MLD2,67.14649
CM33_SPIN,1534,11,labsea,MLD2,1051.78421
CM33_SPIN,1534,12,labsea,MLD2,1670.50982
CM33_SPIN,1534,1,interior,MLD2,2698.20445
CM33_SPIN,1534,2,interior,MLD2,2670.01923
CM33_SPIN,1534,3,interior,MLD2,2636.64304
CM33_SPIN,1534,4,interior,MLD2,2578.50992
CM33_SPIN,1534,5,interior,MLD2,2292.87322
CM33_SPIN,1534,6,interior,MLD2,541.73943
CM33_SPIN,1534,7,interior,MLD2,17.01459
CM33_SPIN,1534,8,interior,MLD2,16.18934
CM33_SPIN,1534,9,interior,MLD2,23.37759
CM33_SPIN,1534,10,interior,MLD2,89.41118
CM33_SPIN,1534,11,interior,MLD2,2135.70682
CM33_SPIN,1534,12,interior,MLD2,2687.89924
CM33_SPIN,1535,1,labsea,a_ice,0.23236
CM33_SPIN,1535,2,labsea,a_ice,0.23642
CM33_SPIN,1535,3,labsea,a_ice,0.29503
CM33_SPIN,1535,4,labsea,a_ice,0.30258
CM33_SPIN,1535,5,labsea,a_ice,0.23934
CM33_SPIN,1535,6,labsea,a_ice,0.13406
CM33_SPIN,1535,7,labsea,a_ice,0.03085
CM33_SPIN,1535,8,labsea,a_ice,0.00260
CM33_SPIN,1535,9,labsea,a_ice,0.00013
CM33_SPIN,1535,10,labsea,a_ice,0.00066
CM33_SPIN,1535,11,labsea,a_ice,0.04103
CM33_SPIN,1535,12,labsea,a_ice,0.15157
CM33_SPIN,1535,1,interior,a_ice,0.04873
CM33_SPIN,1535,2,interior,a_ice,0.04757
CM33_SPIN,1535,3,interior,a_ice,0.08539
CM33_SPIN,1535,4,interior,a_ice,0.08745
CM33_SPIN,1535,5,interior,a_ice,0.09371
CM33_SPIN,1535,6,interior,a_ice,0.02553
CM33_SPIN,1535,7,interior,a_ice,0.00092
CM33_SPIN,1535,8,interior,a_ice,0.00000
CM33_SPIN,1535,9,interior,a_ice,0.00000
CM33_SPIN,1535,10,interior,a_ice,0.00000
CM33_SPIN,1535,11,interior,a_ice,0.00415
CM33_SPIN,1535,12,interior,a_ice,0.03190
CM33_SPIN,1535,1,labsea,MLD2,1711.55886
CM33_SPIN,1535,2,labsea,MLD2,1767.27251
CM33_SPIN,1535,3,labsea,MLD2,1591.64697
CM33_SPIN,1535,4,labsea,MLD2,1337.49349
CM33_SPIN,1535,5,labsea,MLD2,662.60628
CM33_SPIN,1535,6,labsea,MLD2,59.02522
CM33_SPIN,1535,7,labsea,MLD2,13.13168
CM33_SPIN,1535,8,labsea,MLD2,14.48604
CM33_SPIN,1535,9,labsea,MLD2,19.84311
CM33_SPIN,1535,10,labsea,MLD2,34.17821
CM33_SPIN,1535,11,labsea,MLD2,347.35991
CM33_SPIN,1535,12,labsea,MLD2,1217.78704
CM33_SPIN,1535,1,interior,MLD2,2637.80837
CM33_SPIN,1535,2,interior,MLD2,2666.42103
CM33_SPIN,1535,3,interior,MLD2,2502.89506
CM33_SPIN,1535,4,interior,MLD2,2125.64033
CM33_SPIN,1535,5,interior,MLD2,1486.59663
CM33_SPIN,1535,6,interior,MLD2,174.19925
CM33_SPIN,1535,7,interior,MLD2,14.94832
CM33_SPIN,1535,8,interior,MLD2,15.62686
CM33_SPIN,1535,9,interior,MLD2,19.85581
CM33_SPIN,1535,10,interior,MLD2,35.33840
CM33_SPIN,1535,11,interior,MLD2,864.58920
CM33_SPIN,1535,12,interior,MLD2,2439.46157
CM33_SPIN,1536,1,labsea,a_ice,0.21017
CM33_SPIN,1536,2,labsea,a_ice,0.26995
CM33_SPIN,1536,3,labsea,a_ice,0.28176
CM33_SPIN,1536,4,labsea,a_ice,0.21591
CM33_SPIN,1536,5,labsea,a_ice,0.16831
CM33_SPIN,1536,6,labsea,a_ice,0.09646
CM33_SPIN,1536,7,labsea,a_ice,0.01911
CM33_SPIN,1536,8,labsea,a_ice,0.00044
CM33_SPIN,1536,9,labsea,a_ice,0.00000
CM33_SPIN,1536,10,labsea,a_ice,0.00836
CM33_SPIN,1536,11,labsea,a_ice,0.08111
CM33_SPIN,1536,12,labsea,a_ice,0.16014
CM33_SPIN,1536,1,interior,a_ice,0.02491
CM33_SPIN,1536,2,interior,a_ice,0.07479
CM33_SPIN,1536,3,interior,a_ice,0.09999
CM33_SPIN,1536,4,interior,a_ice,0.02436
CM33_SPIN,1536,5,interior,a_ice,0.04753
CM33_SPIN,1536,6,interior,a_ice,0.00493
CM33_SPIN,1536,7,interior,a_ice,0.00007
CM33_SPIN,1536,8,interior,a_ice,0.00000
CM33_SPIN,1536,9,interior,a_ice,0.00000
CM33_SPIN,1536,10,interior,a_ice,0.00000
CM33_SPIN,1536,11,interior,a_ice,0.00136
CM33_SPIN,1536,12,interior,a_ice,0.01893
CM33_SPIN,1536,1,labsea,MLD2,1735.80132
CM33_SPIN,1536,2,labsea,MLD2,1706.65648
CM33_SPIN,1536,3,labsea,MLD2,1664.83392
CM33_SPIN,1536,4,labsea,MLD2,1668.14332
CM33_SPIN,1536,5,labsea,MLD2,1036.22275
CM33_SPIN,1536,6,labsea,MLD2,15.51796
CM33_SPIN,1536,7,labsea,MLD2,11.53126
CM33_SPIN,1536,8,labsea,MLD2,15.65034
CM33_SPIN,1536,9,labsea,MLD2,22.31411
CM33_SPIN,1536,10,labsea,MLD2,74.35925
CM33_SPIN,1536,11,labsea,MLD2,1019.23000
CM33_SPIN,1536,12,labsea,MLD2,1712.10284
CM33_SPIN,1536,1,interior,MLD2,2690.93987
CM33_SPIN,1536,2,interior,MLD2,2599.69441
CM33_SPIN,1536,3,interior,MLD2,2473.86282
CM33_SPIN,1536,4,interior,MLD2,2636.30049
CM33_SPIN,1536,5,interior,MLD2,1708.24085
CM33_SPIN,1536,6,interior,MLD2,18.80767
CM33_SPIN,1536,7,interior,MLD2,13.11844
CM33_SPIN,1536,8,interior,MLD2,16.22985
CM33_SPIN,1536,9,interior,MLD2,22.10487
CM33_SPIN,1536,10,interior,MLD2,144.65065
CM33_SPIN,1536,11,interior,MLD2,2080.87318
CM33_SPIN,1536,12,interior,MLD2,2673.83576
CM33_SPIN,1537,1,labsea,a_ice,0.19861
CM33_SPIN,1537,2,labsea,a_ice,0.28161
CM33_SPIN,1537,3,labsea,a_ice,0.27429
CM33_SPIN,1537,4,labsea,a_ice,0.23131
CM33_SPIN,1537,5,labsea,a_ice,0.19243
CM33_SPIN,1537,6,labsea,a_ice,0.13564
CM33_SPIN,1537,7,labsea,a_ice,0.05997
CM33_SPIN,1537,8,labsea,a_ice,0.00647
CM33_SPIN,1537,9,labsea,a_ice,0.00003
CM33_SPIN,1537,10,labsea,a_ice,0.00572
CM33_SPIN,1537,11,labsea,a_ice,0.04824
CM33_SPIN,1537,12,labsea,a_ice,0.16637
CM33_SPIN,1537,1,interior,a_ice,0.05159
CM33_SPIN,1537,2,interior,a_ice,0.11405
CM33_SPIN,1537,3,interior,a_ice,0.05689
CM33_SPIN,1537,4,interior,a_ice,0.03672
CM33_SPIN,1537,5,interior,a_ice,0.04974
CM33_SPIN,1537,6,interior,a_ice,0.02075
CM33_SPIN,1537,7,interior,a_ice,0.00774
CM33_SPIN,1537,8,interior,a_ice,0.00007
CM33_SPIN,1537,9,interior,a_ice,0.00000
CM33_SPIN,1537,10,interior,a_ice,0.00000
CM33_SPIN,1537,11,interior,a_ice,0.00005
CM33_SPIN,1537,12,interior,a_ice,0.04666
CM33_SPIN,1537,1,labsea,MLD2,1675.79259
CM33_SPIN,1537,2,labsea,MLD2,1647.26843
CM33_SPIN,1537,3,labsea,MLD2,1559.45372
CM33_SPIN,1537,4,labsea,MLD2,1578.67995
CM33_SPIN,1537,5,labsea,MLD2,791.41964
CM33_SPIN,1537,6,labsea,MLD2,30.01972
CM33_SPIN,1537,7,labsea,MLD2,16.97821
CM33_SPIN,1537,8,labsea,MLD2,16.23793
CM33_SPIN,1537,9,labsea,MLD2,22.92950
CM33_SPIN,1537,10,labsea,MLD2,34.50950
CM33_SPIN,1537,11,labsea,MLD2,334.08783
CM33_SPIN,1537,12,labsea,MLD2,1678.97410
CM33_SPIN,1537,1,interior,MLD2,2529.58219
CM33_SPIN,1537,2,interior,MLD2,2484.11572
CM33_SPIN,1537,3,interior,MLD2,2558.44866
CM33_SPIN,1537,4,interior,MLD2,2464.37632
CM33_SPIN,1537,5,interior,MLD2,1752.90143
CM33_SPIN,1537,6,interior,MLD2,61.41981
CM33_SPIN,1537,7,interior,MLD2,20.84146
CM33_SPIN,1537,8,interior,MLD2,19.71605
CM33_SPIN,1537,9,interior,MLD2,24.88993
CM33_SPIN,1537,10,interior,MLD2,34.50849
CM33_SPIN,1537,11,interior,MLD2,441.42637
CM33_SPIN,1537,12,interior,MLD2,2564.72425
CM33_SPIN,1538,1,labsea,a_ice,0.22666
CM33_SPIN,1538,2,labsea,a_ice,0.25867
CM33_SPIN,1538,3,labsea,a_ice,0.26528
CM33_SPIN,1538,4,labsea,a_ice,0.26518
CM33_SPIN,1538,5,labsea,a_ice,0.20317
CM33_SPIN,1538,6,labsea,a_ice,0.11255
CM33_SPIN,1538,7,labsea,a_ice,0.04726
CM33_SPIN,1538,8,labsea,a_ice,0.00428
CM33_SPIN,1538,9,labsea,a_ice,0.00001
CM33_SPIN,1538,10,labsea,a_ice,0.00313
CM33_SPIN,1538,11,labsea,a_ice,0.06093
CM33_SPIN,1538,12,labsea,a_ice,0.12728
CM33_SPIN,1538,1,interior,a_ice,0.05049
CM33_SPIN,1538,2,interior,a_ice,0.08196
CM33_SPIN,1538,3,interior,a_ice,0.08730
CM33_SPIN,1538,4,interior,a_ice,0.12272
CM33_SPIN,1538,5,interior,a_ice,0.04580
CM33_SPIN,1538,6,interior,a_ice,0.02688
CM33_SPIN,1538,7,interior,a_ice,0.00245
CM33_SPIN,1538,8,interior,a_ice,0.00000
CM33_SPIN,1538,9,interior,a_ice,0.00000
CM33_SPIN,1538,10,interior,a_ice,0.00000
CM33_SPIN,1538,11,interior,a_ice,0.00010
CM33_SPIN,1538,12,interior,a_ice,0.01236
CM33_SPIN,1538,1,labsea,MLD2,1777.86211
CM33_SPIN,1538,2,labsea,MLD2,1766.98871
CM33_SPIN,1538,3,labsea,MLD2,1692.17712
CM33_SPIN,1538,4,labsea,MLD2,1520.32909
CM33_SPIN,1538,5,labsea,MLD2,797.62204
CM33_SPIN,1538,6,labsea,MLD2,32.98566
CM33_SPIN,1538,7,labsea,MLD2,13.73823
CM33_SPIN,1538,8,labsea,MLD2,13.37894
CM33_SPIN,1538,9,labsea,MLD2,19.88861
CM33_SPIN,1538,10,labsea,MLD2,32.56782
CM33_SPIN,1538,11,labsea,MLD2,750.44401
CM33_SPIN,1538,12,labsea,MLD2,1585.13459
CM33_SPIN,1538,1,interior,MLD2,2640.90405
CM33_SPIN,1538,2,interior,MLD2,2624.34718
CM33_SPIN,1538,3,interior,MLD2,2508.41773
CM33_SPIN,1538,4,interior,MLD2,2280.40115
CM33_SPIN,1538,5,interior,MLD2,1621.66850
CM33_SPIN,1538,6,interior,MLD2,67.91676
CM33_SPIN,1538,7,interior,MLD2,16.06755
CM33_SPIN,1538,8,interior,MLD2,15.63877
CM33_SPIN,1538,9,interior,MLD2,21.02057
CM33_SPIN,1538,10,interior,MLD2,37.10830
CM33_SPIN,1538,11,interior,MLD2,1659.53376
CM33_SPIN,1538,12,interior,MLD2,2665.07933
CM33_SPIN,1539,1,labsea,a_ice,0.17535
CM33_SPIN,1539,2,labsea,a_ice,0.21928
CM33_SPIN,1539,3,labsea,a_ice,0.25995
CM33_SPIN,1539,4,labsea,a_ice,0.28175
CM33_SPIN,1539,5,labsea,a_ice,0.24253
CM33_SPIN,1539,6,labsea,a_ice,0.09249
CM33_SPIN,1539,7,labsea,a_ice,0.00870
CM33_SPIN,1539,8,labsea,a_ice,0.00004
CM33_SPIN,1539,9,labsea,a_ice,0.00000
CM33_SPIN,1539,10,labsea,a_ice,0.00008
CM33_SPIN,1539,11,labsea,a_ice,0.03410
CM33_SPIN,1539,12,labsea,a_ice,0.16236
CM33_SPIN,1539,1,interior,a_ice,0.02687
CM33_SPIN,1539,2,interior,a_ice,0.05227
CM33_SPIN,1539,3,interior,a_ice,0.08735
CM33_SPIN,1539,4,interior,a_ice,0.20072
CM33_SPIN,1539,5,interior,a_ice,0.09398
CM33_SPIN,1539,6,interior,a_ice,0.00447
CM33_SPIN,1539,7,interior,a_ice,0.00000
CM33_SPIN,1539,8,interior,a_ice,0.00000
CM33_SPIN,1539,9,interior,a_ice,0.00000
CM33_SPIN,1539,10,interior,a_ice,0.00000
CM33_SPIN,1539,11,interior,a_ice,0.00092
CM33_SPIN,1539,12,interior,a_ice,0.01523
CM33_SPIN,1539,1,labsea,MLD2,1804.25032
CM33_SPIN,1539,2,labsea,MLD2,1673.60401
CM33_SPIN,1539,3,labsea,MLD2,1331.41347
CM33_SPIN,1539,4,labsea,MLD2,962.66416
CM33_SPIN,1539,5,labsea,MLD2,335.64446
CM33_SPIN,1539,6,labsea,MLD2,14.06029
CM33_SPIN,1539,7,labsea,MLD2,11.88407
CM33_SPIN,1539,8,labsea,MLD2,16.00042
CM33_SPIN,1539,9,labsea,MLD2,26.49745
CM33_SPIN,1539,10,labsea,MLD2,39.20777
CM33_SPIN,1539,11,labsea,MLD2,470.30286
CM33_SPIN,1539,12,labsea,MLD2,1553.20647
CM33_SPIN,1539,1,interior,MLD2,2686.70524
CM33_SPIN,1539,2,interior,MLD2,2535.61264
CM33_SPIN,1539,3,interior,MLD2,2111.14130
CM33_SPIN,1539,4,interior,MLD2,1020.14389
CM33_SPIN,1539,5,interior,MLD2,147.57039
CM33_SPIN,1539,6,interior,MLD2,16.55615
CM33_SPIN,1539,7,interior,MLD2,12.51140
CM33_SPIN,1539,8,interior,MLD2,17.01470
CM33_SPIN,1539,9,interior,MLD2,26.53723
CM33_SPIN,1539,10,interior,MLD2,41.76299
CM33_SPIN,1539,11,interior,MLD2,824.48847
CM33_SPIN,1539,12,interior,MLD2,2519.08130
CM33_SPIN,1540,1,labsea,a_ice,0.21209
CM33_SPIN,1540,2,labsea,a_ice,0.23036
CM33_SPIN,1540,3,labsea,a_ice,0.22234
CM33_SPIN,1540,4,labsea,a_ice,0.22078
CM33_SPIN,1540,5,labsea,a_ice,0.16273
CM33_SPIN,1540,6,labsea,a_ice,0.09582
CM33_SPIN,1540,7,labsea,a_ice,0.03744
CM33_SPIN,1540,8,labsea,a_ice,0.00256
CM33_SPIN,1540,9,labsea,a_ice,0.00000
CM33_SPIN,1540,10,labsea,a_ice,0.00711
CM33_SPIN,1540,11,labsea,a_ice,0.07286
CM33_SPIN,1540,12,labsea,a_ice,0.15153
CM33_SPIN,1540,1,interior,a_ice,0.07069
CM33_SPIN,1540,2,interior,a_ice,0.05855
CM33_SPIN,1540,3,interior,a_ice,0.05829
CM33_SPIN,1540,4,interior,a_ice,0.04560
CM33_SPIN,1540,5,interior,a_ice,0.03273
CM33_SPIN,1540,6,interior,a_ice,0.00752
CM33_SPIN,1540,7,interior,a_ice,0.00004
CM33_SPIN,1540,8,interior,a_ice,0.00000
CM33_SPIN,1540,9,interior,a_ice,0.00000
CM33_SPIN,1540,10,interior,a_ice,0.00000
CM33_SPIN,1540,11,interior,a_ice,0.00089
CM33_SPIN,1540,12,interior,a_ice,0.01708
CM33_SPIN,1540,1,labsea,MLD2,1603.47747
CM33_SPIN,1540,2,labsea,MLD2,1656.85418
CM33_SPIN,1540,3,labsea,MLD2,1722.47063
CM33_SPIN,1540,4,labsea,MLD2,1641.63020
CM33_SPIN,1540,5,labsea,MLD2,933.57881
CM33_SPIN,1540,6,labsea,MLD2,44.26713
CM33_SPIN,1540,7,labsea,MLD2,14.60679
CM33_SPIN,1540,8,labsea,MLD2,14.86423
CM33_SPIN,1540,9,labsea,MLD2,24.31338
CM33_SPIN,1540,10,labsea,MLD2,44.28312
CM33_SPIN,1540,11,labsea,MLD2,875.09454
CM33_SPIN,1540,12,labsea,MLD2,1560.01134
CM33_SPIN,1540,1,interior,MLD2,2486.08952
CM33_SPIN,1540,2,interior,MLD2,2556.38819
CM33_SPIN,1540,3,interior,MLD2,2609.26338
CM33_SPIN,1540,4,interior,MLD2,2537.11945
CM33_SPIN,1540,5,interior,MLD2,1600.17030
CM33_SPIN,1540,6,interior,MLD2,114.24524
CM33_SPIN,1540,7,interior,MLD2,16.85266
CM33_SPIN,1540,8,interior,MLD2,16.91585
CM33_SPIN,1540,9,interior,MLD2,27.72546
CM33_SPIN,1540,10,interior,MLD2,58.14631
CM33_SPIN,1540,11,interior,MLD2,1894.23962
CM33_SPIN,1540,12,interior,MLD2,2651.88628
CM33_SPIN,1541,1,labsea,a_ice,0.21489
CM33_SPIN,1541,2,labsea,a_ice,0.27421
CM33_SPIN,1541,3,labsea,a_ice,0.26247
CM33_SPIN,1541,4,labsea,a_ice,0.23261
CM33_SPIN,1541,5,labsea,a_ice,0.23027
CM33_SPIN,1541,6,labsea,a_ice,0.17744
CM33_SPIN,1541,7,labsea,a_ice,0.08000
CM33_SPIN,1541,8,labsea,a_ice,0.01699
CM33_SPIN,1541,9,labsea,a_ice,0.00342
CM33_SPIN,1541,10,labsea,a_ice,0.02012
CM33_SPIN,1541,11,labsea,a_ice,0.05633
CM33_SPIN,1541,12,labsea,a_ice,0.17616
CM33_SPIN,1541,1,interior,a_ice,0.05773
CM33_SPIN,1541,2,interior,a_ice,0.08140
CM33_SPIN,1541,3,interior,a_ice,0.05182
CM33_SPIN,1541,4,interior,a_ice,0.03519
CM33_SPIN,1541,5,interior,a_ice,0.03825
CM33_SPIN,1541,6,interior,a_ice,0.02064
CM33_SPIN,1541,7,interior,a_ice,0.01901
CM33_SPIN,1541,8,interior,a_ice,0.00015
CM33_SPIN,1541,9,interior,a_ice,0.00000
CM33_SPIN,1541,10,interior,a_ice,0.00000
CM33_SPIN,1541,11,interior,a_ice,0.00006
CM33_SPIN,1541,12,interior,a_ice,0.02881
CM33_SPIN,1541,1,labsea,MLD2,1724.39413
CM33_SPIN,1541,2,labsea,MLD2,1603.74982
CM33_SPIN,1541,3,labsea,MLD2,1587.92531
CM33_SPIN,1541,4,labsea,MLD2,1611.79123
CM33_SPIN,1541,5,labsea,MLD2,1240.14422
CM33_SPIN,1541,6,labsea,MLD2,81.49699
CM33_SPIN,1541,7,labsea,MLD2,18.25112
CM33_SPIN,1541,8,labsea,MLD2,15.65263
CM33_SPIN,1541,9,labsea,MLD2,20.63425
CM33_SPIN,1541,10,labsea,MLD2,36.66838
CM33_SPIN,1541,11,labsea,MLD2,377.01918
CM33_SPIN,1541,12,labsea,MLD2,1478.41802
CM33_SPIN,1541,1,interior,MLD2,2630.27646
CM33_SPIN,1541,2,interior,MLD2,2476.66973
CM33_SPIN,1541,3,interior,MLD2,2496.88952
CM33_SPIN,1541,4,interior,MLD2,2524.01124
CM33_SPIN,1541,5,interior,MLD2,2297.33401
CM33_SPIN,1541,6,interior,MLD2,242.30421
CM33_SPIN,1541,7,interior,MLD2,25.96619
CM33_SPIN,1541,8,interior,MLD2,19.12243
CM33_SPIN,1541,9,interior,MLD2,24.10227
CM33_SPIN,1541,10,interior,MLD2,42.19832
CM33_SPIN,1541,11,interior,MLD2,964.73853
CM33_SPIN,1541,12,interior,MLD2,2509.29520
CM33_SPIN,1542,1,labsea,a_ice,0.23389
CM33_SPIN,1542,2,labsea,a_ice,0.29218
CM33_SPIN,1542,3,labsea,a_ice,0.32374
CM33_SPIN,1542,4,labsea,a_ice,0.30780
CM33_SPIN,1542,5,labsea,a_ice,0.23481
CM33_SPIN,1542,6,labsea,a_ice,0.15694
CM33_SPIN,1542,7,labsea,a_ice,0.07251
CM33_SPIN,1542,8,labsea,a_ice,0.01634
CM33_SPIN,1542,9,labsea,a_ice,0.00678
CM33_SPIN,1542,10,labsea,a_ice,0.03956
CM33_SPIN,1542,11,labsea,a_ice,0.11901
CM33_SPIN,1542,12,labsea,a_ice,0.21804
CM33_SPIN,1542,1,interior,a_ice,0.06941
CM33_SPIN,1542,2,interior,a_ice,0.07543
CM33_SPIN,1542,3,interior,a_ice,0.09978
CM33_SPIN,1542,4,interior,a_ice,0.11371
CM33_SPIN,1542,5,interior,a_ice,0.03793
CM33_SPIN,1542,6,interior,a_ice,0.01635
CM33_SPIN,1542,7,interior,a_ice,0.00366
CM33_SPIN,1542,8,interior,a_ice,0.00000
CM33_SPIN,1542,9,interior,a_ice,0.00000
CM33_SPIN,1542,10,interior,a_ice,0.00000
CM33_SPIN,1542,11,interior,a_ice,0.00428
CM33_SPIN,1542,12,interior,a_ice,0.04515
CM33_SPIN,1542,1,labsea,MLD2,1618.78096
CM33_SPIN,1542,2,labsea,MLD2,1532.96694
CM33_SPIN,1542,3,labsea,MLD2,1490.18565
CM33_SPIN,1542,4,labsea,MLD2,1424.11007
CM33_SPIN,1542,5,labsea,MLD2,1194.41818
CM33_SPIN,1542,6,labsea,MLD2,186.73912
CM33_SPIN,1542,7,labsea,MLD2,15.11106
CM33_SPIN,1542,8,labsea,MLD2,15.94052
CM33_SPIN,1542,9,labsea,MLD2,25.32501
CM33_SPIN,1542,10,labsea,MLD2,106.88641
CM33_SPIN,1542,11,labsea,MLD2,1075.90467
CM33_SPIN,1542,12,labsea,MLD2,1641.40463
CM33_SPIN,1542,1,interior,MLD2,2550.17820
CM33_SPIN,1542,2,interior,MLD2,2492.40893
CM33_SPIN,1542,3,interior,MLD2,2430.83516
CM33_SPIN,1542,4,interior,MLD2,2273.76065
CM33_SPIN,1542,5,interior,MLD2,2181.42807
CM33_SPIN,1542,6,interior,MLD2,373.34854
CM33_SPIN,1542,7,interior,MLD2,17.87055
CM33_SPIN,1542,8,interior,MLD2,19.11504
CM33_SPIN,1542,9,interior,MLD2,28.95442
CM33_SPIN,1542,10,interior,MLD2,254.50957
CM33_SPIN,1542,11,interior,MLD2,2122.82855
CM33_SPIN,1542,12,interior,MLD2,2654.49012
CM33_SPIN,1543,1,labsea,a_ice,0.27584
CM33_SPIN,1543,2,labsea,a_ice,0.30243
CM33_SPIN,1543,3,labsea,a_ice,0.34676
CM33_SPIN,1543,4,labsea,a_ice,0.33741
CM33_SPIN,1543,5,labsea,a_ice,0.28452
CM33_SPIN,1543,6,labsea,a_ice,0.18699
CM33_SPIN,1543,7,labsea,a_ice,0.06468
CM33_SPIN,1543,8,labsea,a_ice,0.00771
CM33_SPIN,1543,9,labsea,a_ice,0.00010
CM33_SPIN,1543,10,labsea,a_ice,0.00233
CM33_SPIN,1543,11,labsea,a_ice,0.04554
CM33_SPIN,1543,12,labsea,a_ice,0.12989
CM33_SPIN,1543,1,interior,a_ice,0.11516
CM33_SPIN,1543,2,interior,a_ice,0.08735
CM33_SPIN,1543,3,interior,a_ice,0.15555
CM33_SPIN,1543,4,interior,a_ice,0.19550
CM33_SPIN,1543,5,interior,a_ice,0.13072
CM33_SPIN,1543,6,interior,a_ice,0.04674
CM33_SPIN,1543,7,interior,a_ice,0.00732
CM33_SPIN,1543,8,interior,a_ice,0.00000
CM33_SPIN,1543,9,interior,a_ice,0.00000
CM33_SPIN,1543,10,interior,a_ice,0.00004
CM33_SPIN,1543,11,interior,a_ice,0.00074
CM33_SPIN,1543,12,interior,a_ice,0.01198
CM33_SPIN,1543,1,labsea,MLD2,1641.93434
CM33_SPIN,1543,2,labsea,MLD2,1648.18786
CM33_SPIN,1543,3,labsea,MLD2,1385.74007
CM33_SPIN,1543,4,labsea,MLD2,1264.48789
CM33_SPIN,1543,5,labsea,MLD2,617.39395
CM33_SPIN,1543,6,labsea,MLD2,45.26838
CM33_SPIN,1543,7,labsea,MLD2,13.64295
CM33_SPIN,1543,8,labsea,MLD2,14.96517
CM33_SPIN,1543,9,labsea,MLD2,23.41271
CM33_SPIN,1543,10,labsea,MLD2,37.30835
CM33_SPIN,1543,11,labsea,MLD2,264.63302
CM33_SPIN,1543,12,labsea,MLD2,1500.63758
CM33_SPIN,1543,1,interior,MLD2,2488.47052
CM33_SPIN,1543,2,interior,MLD2,2534.57820
CM33_SPIN,1543,3,interior,MLD2,2119.56377
CM33_SPIN,1543,4,interior,MLD2,1708.77432
CM33_SPIN,1543,5,interior,MLD2,973.91917
CM33_SPIN,1543,6,interior,MLD2,120.58473
CM33_SPIN,1543,7,interior,MLD2,14.84188
CM33_SPIN,1543,8,interior,MLD2,16.40848
CM33_SPIN,1543,9,interior,MLD2,25.82339
CM33_SPIN,1543,10,interior,MLD2,39.66290
CM33_SPIN,1543,11,interior,MLD2,583.81157
CM33_SPIN,1543,12,interior,MLD2,2547.76581
CM33_SPIN,1544,1,labsea,a_ice,0.18739
CM33_SPIN,1544,2,labsea,a_ice,0.25753
CM33_SPIN,1544,3,labsea,a_ice,0.32821
CM33_SPIN,1544,4,labsea,a_ice,0.28831
CM33_SPIN,1544,5,labsea,a_ice,0.25040
CM33_SPIN,1544,6,labsea,a_ice,0.15120
CM33_SPIN,1544,7,labsea,a_ice,0.04470
CM33_SPIN,1544,8,labsea,a_ice,0.00237
CM33_SPIN,1544,9,labsea,a_ice,0.00002
CM33_SPIN,1544,10,labsea,a_ice,0.00159
CM33_SPIN,1544,11,labsea,a_ice,0.03888
CM33_SPIN,1544,12,labsea,a_ice,0.12025
CM33_SPIN,1544,1,interior,a_ice,0.02684
CM33_SPIN,1544,2,interior,a_ice,0.04838
CM33_SPIN,1544,3,interior,a_ice,0.11635
CM33_SPIN,1544,4,interior,a_ice,0.15850
CM33_SPIN,1544,5,interior,a_ice,0.07781
CM33_SPIN,1544,6,interior,a_ice,0.04045
CM33_SPIN,1544,7,interior,a_ice,0.01539
CM33_SPIN,1544,8,interior,a_ice,0.00001
CM33_SPIN,1544,9,interior,a_ice,0.00000
CM33_SPIN,1544,10,interior,a_ice,0.00000
CM33_SPIN,1544,11,interior,a_ice,0.00000
CM33_SPIN,1544,12,interior,a_ice,0.00055
CM33_SPIN,1544,1,labsea,MLD2,1749.08835
CM33_SPIN,1544,2,labsea,MLD2,1676.09900
CM33_SPIN,1544,3,labsea,MLD2,1499.87912
CM33_SPIN,1544,4,labsea,MLD2,1334.23535
CM33_SPIN,1544,5,labsea,MLD2,1102.54252
CM33_SPIN,1544,6,labsea,MLD2,146.34343
CM33_SPIN,1544,7,labsea,MLD2,16.06935
CM33_SPIN,1544,8,labsea,MLD2,14.29722
CM33_SPIN,1544,9,labsea,MLD2,26.04216
CM33_SPIN,1544,10,labsea,MLD2,39.52805
CM33_SPIN,1544,11,labsea,MLD2,357.00758
CM33_SPIN,1544,12,labsea,MLD2,1197.11788
CM33_SPIN,1544,1,interior,MLD2,2658.46669
CM33_SPIN,1544,2,interior,MLD2,2568.19458
CM33_SPIN,1544,3,interior,MLD2,2310.76998
CM33_SPIN,1544,4,interior,MLD2,1910.57679
CM33_SPIN,1544,5,interior,MLD2,1701.47398
CM33_SPIN,1544,6,interior,MLD2,250.36709
CM33_SPIN,1544,7,interior,MLD2,19.01594
CM33_SPIN,1544,8,interior,MLD2,16.94751
CM33_SPIN,1544,9,interior,MLD2,29.55691
CM33_SPIN,1544,10,interior,MLD2,52.86234
CM33_SPIN,1544,11,interior,MLD2,908.58630
CM33_SPIN,1544,12,interior,MLD2,2560.52820
CM33_SPIN,1545,1,labsea,a_ice,0.17529
CM33_SPIN,1545,2,labsea,a_ice,0.20715
CM33_SPIN,1545,3,labsea,a_ice,0.21586
CM33_SPIN,1545,4,labsea,a_ice,0.18547
CM33_SPIN,1545,5,labsea,a_ice,0.13935
CM33_SPIN,1545,6,labsea,a_ice,0.08534
CM33_SPIN,1545,7,labsea,a_ice,0.03546
CM33_SPIN,1545,8,labsea,a_ice,0.00600
CM33_SPIN,1545,9,labsea,a_ice,0.00155
CM33_SPIN,1545,10,labsea,a_ice,0.00302
CM33_SPIN,1545,11,labsea,a_ice,0.11835
CM33_SPIN,1545,12,labsea,a_ice,0.32027
CM33_SPIN,1545,1,interior,a_ice,0.03430
CM33_SPIN,1545,2,interior,a_ice,0.05954
CM33_SPIN,1545,3,interior,a_ice,0.04376
CM33_SPIN,1545,4,interior,a_ice,0.01955
CM33_SPIN,1545,5,interior,a_ice,0.01002
CM33_SPIN,1545,6,interior,a_ice,0.00914
CM33_SPIN,1545,7,interior,a_ice,0.00010
CM33_SPIN,1545,8,interior,a_ice,0.00000
CM33_SPIN,1545,9,interior,a_ice,0.00000
CM33_SPIN,1545,10,interior,a_ice,0.00003
CM33_SPIN,1545,11,interior,a_ice,0.00912
CM33_SPIN,1545,12,interior,a_ice,0.17278
CM33_SPIN,1545,1,labsea,MLD2,1614.94226
CM33_SPIN,1545,2,labsea,MLD2,1701.94263
CM33_SPIN,1545,3,labsea,MLD2,1675.42157
CM33_SPIN,1545,4,labsea,MLD2,1621.21606
CM33_SPIN,1545,5,labsea,MLD2,719.50259
CM33_SPIN,1545,6,labsea,MLD2,28.55802
CM33_SPIN,1545,7,labsea,MLD2,15.02853
CM33_SPIN,1545,8,labsea,MLD2,15.37982
CM33_SPIN,1545,9,labsea,MLD2,23.17707
CM33_SPIN,1545,10,labsea,MLD2,41.17099
CM33_SPIN,1545,11,labsea,MLD2,756.34767
CM33_SPIN,1545,12,labsea,MLD2,1379.62740
CM33_SPIN,1545,1,interior,MLD2,2642.13264
CM33_SPIN,1545,2,interior,MLD2,2616.98087
CM33_SPIN,1545,3,interior,MLD2,2599.25611
CM33_SPIN,1545,4,interior,MLD2,2576.22720
CM33_SPIN,1545,5,interior,MLD2,1462.45828
CM33_SPIN,1545,6,interior,MLD2,38.38295
CM33_SPIN,1545,7,interior,MLD2,18.67846
CM33_SPIN,1545,8,interior,MLD2,17.20107
CM33_SPIN,1545,9,interior,MLD2,26.68270
CM33_SPIN,1545,10,interior,MLD2,64.62660
CM33_SPIN,1545,11,interior,MLD2,1492.55344
CM33_SPIN,1545,12,interior,MLD2,2062.28298
CM33_SPIN,1546,1,labsea,a_ice,0.38918
CM33_SPIN,1546,2,labsea,a_ice,0.45423
CM33_SPIN,1546,3,labsea,a_ice,0.37449
CM33_SPIN,1546,4,labsea,a_ice,0.31755
CM33_SPIN,1546,5,labsea,a_ice,0.24075
CM33_SPIN,1546,6,labsea,a_ice,0.11674
CM33_SPIN,1546,7,labsea,a_ice,0.04378
CM33_SPIN,1546,8,labsea,a_ice,0.01086
CM33_SPIN,1546,9,labsea,a_ice,0.00060
CM33_SPIN,1546,10,labsea,a_ice,0.01392
CM33_SPIN,1546,11,labsea,a_ice,0.06819
CM33_SPIN,1546,12,labsea,a_ice,0.14418
CM33_SPIN,1546,1,interior,a_ice,0.28132
CM33_SPIN,1546,2,interior,a_ice,0.34879
CM33_SPIN,1546,3,interior,a_ice,0.16646
CM33_SPIN,1546,4,interior,a_ice,0.15766
CM33_SPIN,1546,5,interior,a_ice,0.05722
CM33_SPIN,1546,6,interior,a_ice,0.03013
CM33_SPIN,1546,7,interior,a_ice,0.00146
CM33_SPIN,1546,8,interior,a_ice,0.00000
CM33_SPIN,1546,9,interior,a_ice,0.00000
CM33_SPIN,1546,10,interior,a_ice,0.00000
CM33_SPIN,1546,11,interior,a_ice,0.00105
CM33_SPIN,1546,12,interior,a_ice,0.01390
CM33_SPIN,1546,1,labsea,MLD2,1368.69428
CM33_SPIN,1546,2,labsea,MLD2,1281.90859
CM33_SPIN,1546,3,labsea,MLD2,1223.42387
CM33_SPIN,1546,4,labsea,MLD2,1002.15780
CM33_SPIN,1546,5,labsea,MLD2,351.65441
CM33_SPIN,1546,6,labsea,MLD2,54.45946
CM33_SPIN,1546,7,labsea,MLD2,16.73209
CM33_SPIN,1546,8,labsea,MLD2,18.26843
CM33_SPIN,1546,9,labsea,MLD2,26.98571
CM33_SPIN,1546,10,labsea,MLD2,122.31736
CM33_SPIN,1546,11,labsea,MLD2,796.40941
CM33_SPIN,1546,12,labsea,MLD2,1544.48695
CM33_SPIN,1546,1,interior,MLD2,1925.64600
CM33_SPIN,1546,2,interior,MLD2,1774.41131
CM33_SPIN,1546,3,interior,MLD2,2076.57825
CM33_SPIN,1546,4,interior,MLD2,1694.62228
CM33_SPIN,1546,5,interior,MLD2,771.78621
CM33_SPIN,1546,6,interior,MLD2,127.29823
CM33_SPIN,1546,7,interior,MLD2,17.59654
CM33_SPIN,1546,8,interior,MLD2,19.31649
CM33_SPIN,1546,9,interior,MLD2,26.71904
CM33_SPIN,1546,10,interior,MLD2,292.58423
CM33_SPIN,1546,11,interior,MLD2,1858.59574
CM33_SPIN,1546,12,interior,MLD2,2643.15635
CM33_SPIN,1547,1,labsea,a_ice,0.19714
CM33_SPIN,1547,2,labsea,a_ice,0.25295
CM33_SPIN,1547,3,labsea,a_ice,0.24933
CM33_SPIN,1547,4,labsea,a_ice,0.25845
CM33_SPIN,1547,5,labsea,a_ice,0.22664
CM33_SPIN,1547,6,labsea,a_ice,0.16524
CM33_SPIN,1547,7,labsea,a_ice,0.05618
CM33_SPIN,1547,8,labsea,a_ice,0.01017
CM33_SPIN,1547,9,labsea,a_ice,0.00028
CM33_SPIN,1547,10,labsea,a_ice,0.00116
CM33_SPIN,1547,11,labsea,a_ice,0.04536
CM33_SPIN,1547,12,labsea,a_ice,0.13802
CM33_SPIN,1547,1,interior,a_ice,0.04183
CM33_SPIN,1547,2,interior,a_ice,0.07184
CM33_SPIN,1547,3,interior,a_ice,0.06034
CM33_SPIN,1547,4,interior,a_ice,0.04022
CM33_SPIN,1547,5,interior,a_ice,0.06762
CM33_SPIN,1547,6,interior,a_ice,0.04151
CM33_SPIN,1547,7,interior,a_ice,0.00266
CM33_SPIN,1547,8,interior,a_ice,0.00000
CM33_SPIN,1547,9,interior,a_ice,0.00000
CM33_SPIN,1547,10,interior,a_ice,0.00000
CM33_SPIN,1547,11,interior,a_ice,0.00013
CM33_SPIN,1547,12,interior,a_ice,0.01691
CM33_SPIN,1547,1,labsea,MLD2,1709.71271
CM33_SPIN,1547,2,labsea,MLD2,1667.18767
CM33_SPIN,1547,3,labsea,MLD2,1597.76309
CM33_SPIN,1547,4,labsea,MLD2,1588.35139
CM33_SPIN,1547,5,labsea,MLD2,880.06930
CM33_SPIN,1547,6,labsea,MLD2,58.96003
CM33_SPIN,1547,7,labsea,MLD2,13.50466
CM33_SPIN,1547,8,labsea,MLD2,17.65166
CM33_SPIN,1547,9,labsea,MLD2,19.69910
CM33_SPIN,1547,10,labsea,MLD2,34.38010
CM33_SPIN,1547,11,labsea,MLD2,464.85130
CM33_SPIN,1547,12,labsea,MLD2,1466.06290
CM33_SPIN,1547,1,interior,MLD2,2628.85364
CM33_SPIN,1547,2,interior,MLD2,2557.05073
CM33_SPIN,1547,3,interior,MLD2,2528.93629
CM33_SPIN,1547,4,interior,MLD2,2525.89271
CM33_SPIN,1547,5,interior,MLD2,1632.46307
CM33_SPIN,1547,6,interior,MLD2,162.01045
CM33_SPIN,1547,7,interior,MLD2,14.05179
CM33_SPIN,1547,8,interior,MLD2,18.43102
CM33_SPIN,1547,9,interior,MLD2,20.54490
CM33_SPIN,1547,10,interior,MLD2,36.24089
CM33_SPIN,1547,11,interior,MLD2,1196.28329
CM33_SPIN,1547,12,interior,MLD2,2538.11191
CM33_SPIN,1548,1,labsea,a_ice,0.19791
CM33_SPIN,1548,2,labsea,a_ice,0.20001
CM33_SPIN,1548,3,labsea,a_ice,0.19937
CM33_SPIN,1548,4,labsea,a_ice,0.18019
CM33_SPIN,1548,5,labsea,a_ice,0.14794
CM33_SPIN,1548,6,labsea,a_ice,0.07315
CM33_SPIN,1548,7,labsea,a_ice,0.02303
CM33_SPIN,1548,8,labsea,a_ice,0.00150
CM33_SPIN,1548,9,labsea,a_ice,0.00000
CM33_SPIN,1548,10,labsea,a_ice,0.00413
CM33_SPIN,1548,11,labsea,a_ice,0.04286
CM33_SPIN,1548,12,labsea,a_ice,0.13234
CM33_SPIN,1548,1,interior,a_ice,0.04143
CM33_SPIN,1548,2,interior,a_ice,0.03399
CM33_SPIN,1548,3,interior,a_ice,0.02935
CM33_SPIN,1548,4,interior,a_ice,0.02674
CM33_SPIN,1548,5,interior,a_ice,0.01385
CM33_SPIN,1548,6,interior,a_ice,0.00419
CM33_SPIN,1548,7,interior,a_ice,0.00000
CM33_SPIN,1548,8,interior,a_ice,0.00000
CM33_SPIN,1548,9,interior,a_ice,0.00000
CM33_SPIN,1548,10,interior,a_ice,0.00000
CM33_SPIN,1548,11,interior,a_ice,0.00030
CM33_SPIN,1548,12,interior,a_ice,0.01324
CM33_SPIN,1548,1,labsea,MLD2,1708.70207
CM33_SPIN,1548,2,labsea,MLD2,1699.46354
CM33_SPIN,1548,3,labsea,MLD2,1698.36335
CM33_SPIN,1548,4,labsea,MLD2,1612.43874
CM33_SPIN,1548,5,labsea,MLD2,734.99812
CM33_SPIN,1548,6,labsea,MLD2,18.28139
CM33_SPIN,1548,7,labsea,MLD2,15.79890
CM33_SPIN,1548,8,labsea,MLD2,16.04052
CM33_SPIN,1548,9,labsea,MLD2,21.58078
CM33_SPIN,1548,10,labsea,MLD2,40.96700
CM33_SPIN,1548,11,labsea,MLD2,273.13384
CM33_SPIN,1548,12,labsea,MLD2,1396.77025
CM33_SPIN,1548,1,interior,MLD2,2657.08740
CM33_SPIN,1548,2,interior,MLD2,2627.71357
CM33_SPIN,1548,3,interior,MLD2,2636.38681
CM33_SPIN,1548,4,interior,MLD2,2639.09720
CM33_SPIN,1548,5,interior,MLD2,1759.04341
CM33_SPIN,1548,6,interior,MLD2,21.07121
CM33_SPIN,1548,7,interior,MLD2,16.61709
CM33_SPIN,1548,8,interior,MLD2,16.91693
CM33_SPIN,1548,9,interior,MLD2,21.40620
CM33_SPIN,1548,10,interior,MLD2,46.76762
CM33_SPIN,1548,11,interior,MLD2,689.26323
CM33_SPIN,1548,12,interior,MLD2,2368.03589
CM33_SPIN,1549,1,labsea,a_ice,0.16185
CM33_SPIN,1549,2,labsea,a_ice,0.19704
CM33_SPIN,1549,3,labsea,a_ice,0.19322
CM33_SPIN,1549,4,labsea,a_ice,0.20869
CM33_SPIN,1549,5,labsea,a_ice,0.18688
CM33_SPIN,1549,6,labsea,a_ice,0.10187
CM33_SPIN,1549,7,labsea,a_ice,0.03067
CM33_SPIN,1549,8,labsea,a_ice,0.00265
CM33_SPIN,1549,9,labsea,a_ice,0.00000
CM33_SPIN,1549,10,labsea,a_ice,0.00130
CM33_SPIN,1549,11,labsea,a_ice,0.03542
CM33_SPIN,1549,12,labsea,a_ice,0.15138
CM33_SPIN,1549,1,interior,a_ice,0.02128
CM33_SPIN,1549,2,interior,a_ice,0.04048
CM33_SPIN,1549,3,interior,a_ice,0.06622
CM33_SPIN,1549,4,interior,a_ice,0.03546
CM33_SPIN,1549,5,interior,a_ice,0.02850
CM33_SPIN,1549,6,interior,a_ice,0.01255
CM33_SPIN,1549,7,interior,a_ice,0.00161
CM33_SPIN,1549,8,interior,a_ice,0.00000
CM33_SPIN,1549,9,interior,a_ice,0.00000
CM33_SPIN,1549,10,interior,a_ice,0.00000
CM33_SPIN,1549,11,interior,a_ice,0.00044
CM33_SPIN,1549,12,interior,a_ice,0.01547
CM33_SPIN,1549,1,labsea,MLD2,1635.15045
CM33_SPIN,1549,2,labsea,MLD2,1738.13159
CM33_SPIN,1549,3,labsea,MLD2,1702.88362
CM33_SPIN,1549,4,labsea,MLD2,1600.67283
CM33_SPIN,1549,5,labsea,MLD2,1078.34355
CM33_SPIN,1549,6,labsea,MLD2,117.67249
CM33_SPIN,1549,7,labsea,MLD2,10.65487
CM33_SPIN,1549,8,labsea,MLD2,15.09735
CM33_SPIN,1549,9,labsea,MLD2,23.44336
CM33_SPIN,1549,10,labsea,MLD2,106.67870
CM33_SPIN,1549,11,labsea,MLD2,788.10107
CM33_SPIN,1549,12,labsea,MLD2,1598.86190
CM33_SPIN,1549,1,interior,MLD2,2535.06609
CM33_SPIN,1549,2,interior,MLD2,2660.80796
CM33_SPIN,1549,3,interior,MLD2,2592.96712
CM33_SPIN,1549,4,interior,MLD2,2546.82514
CM33_SPIN,1549,5,interior,MLD2,1926.73523
CM33_SPIN,1549,6,interior,MLD2,360.42299
CM33_SPIN,1549,7,interior,MLD2,11.61903
CM33_SPIN,1549,8,interior,MLD2,16.47515
CM33_SPIN,1549,9,interior,MLD2,24.74287
CM33_SPIN,1549,10,interior,MLD2,279.73673
CM33_SPIN,1549,11,interior,MLD2,1873.21129
CM33_SPIN,1549,12,interior,MLD2,2644.99581
CM33_SPIN,1550,1,labsea,a_ice,0.21226
CM33_SPIN,1550,2,labsea,a_ice,0.26730
CM33_SPIN,1550,3,labsea,a_ice,0.28658
CM33_SPIN,1550,4,labsea,a_ice,0.26785
CM33_SPIN,1550,5,labsea,a_ice,0.22629
CM33_SPIN,1550,6,labsea,a_ice,0.14438
CM33_SPIN,1550,7,labsea,a_ice,0.05400
CM33_SPIN,1550,8,labsea,a_ice,0.00802
CM33_SPIN,1550,9,labsea,a_ice,0.00065
CM33_SPIN,1550,10,labsea,a_ice,0.00868
CM33_SPIN,1550,11,labsea,a_ice,0.09276
CM33_SPIN,1550,12,labsea,a_ice,0.23534
CM33_SPIN,1550,1,interior,a_ice,0.04311
CM33_SPIN,1550,2,interior,a_ice,0.09670
CM33_SPIN,1550,3,interior,a_ice,0.13405
CM33_SPIN,1550,4,interior,a_ice,0.09483
CM33_SPIN,1550,5,interior,a_ice,0.05276
CM33_SPIN,1550,6,interior,a_ice,0.02037
CM33_SPIN,1550,7,interior,a_ice,0.00400
CM33_SPIN,1550,8,interior,a_ice,0.00000
CM33_SPIN,1550,9,interior,a_ice,0.00000
CM33_SPIN,1550,10,interior,a_ice,0.00000
CM33_SPIN,1550,11,interior,a_ice,0.00848
CM33_SPIN,1550,12,interior,a_ice,0.06437
CM33_SPIN,1550,1,labsea,MLD2,1743.45262
CM33_SPIN,1550,2,labsea,MLD2,1572.17626
CM33_SPIN,1550,3,labsea,MLD2,1336.98480
CM33_SPIN,1550,4,labsea,MLD2,1360.70328
CM33_SPIN,1550,5,labsea,MLD2,760.14564
CM33_SPIN,1550,6,labsea,MLD2,30.85922
CM33_SPIN,1550,7,labsea,MLD2,11.98203
CM33_SPIN,1550,8,labsea,MLD2,16.41409
CM33_SPIN,1550,9,labsea,MLD2,20.28380
CM33_SPIN,1550,10,labsea,MLD2,56.91390
CM33_SPIN,1550,11,labsea,MLD2,829.65001
CM33_SPIN,1550,12,labsea,MLD2,1478.46508
CM33_SPIN,1550,1,interior,MLD2,2664.23990
CM33_SPIN,1550,2,interior,MLD2,2418.92578
CM33_SPIN,1550,3,interior,MLD2,1833.67345
CM33_SPIN,1550,4,interior,MLD2,1824.43771
CM33_SPIN,1550,5,interior,MLD2,1333.97148
CM33_SPIN,1550,6,interior,MLD2,59.36674
CM33_SPIN,1550,7,interior,MLD2,12.75442
CM33_SPIN,1550,8,interior,MLD2,17.06956
CM33_SPIN,1550,9,interior,MLD2,22.09453
CM33_SPIN,1550,10,interior,MLD2,97.04090
CM33_SPIN,1550,11,interior,MLD2,1680.94085
CM33_SPIN,1550,12,interior,MLD2,2390.46112
CM33_SPIN,1551,1,labsea,a_ice,0.34308
CM33_SPIN,1551,2,labsea,a_ice,0.39066
CM33_SPIN,1551,3,labsea,a_ice,0.35540
CM33_SPIN,1551,4,labsea,a_ice,0.32523
CM33_SPIN,1551,5,labsea,a_ice,0.31587
CM33_SPIN,1551,6,labsea,a_ice,0.17713
CM33_SPIN,1551,7,labsea,a_ice,0.05305
CM33_SPIN,1551,8,labsea,a_ice,0.00734
CM33_SPIN,1551,9,labsea,a_ice,0.00056
CM33_SPIN,1551,10,labsea,a_ice,0.00472
CM33_SPIN,1551,11,labsea,a_ice,0.07591
CM33_SPIN,1551,12,labsea,a_ice,0.17512
CM33_SPIN,1551,1,interior,a_ice,0.20216
CM33_SPIN,1551,2,interior,a_ice,0.19205
CM33_SPIN,1551,3,interior,a_ice,0.16773
CM33_SPIN,1551,4,interior,a_ice,0.18551
CM33_SPIN,1551,5,interior,a_ice,0.17047
CM33_SPIN,1551,6,interior,a_ice,0.04594
CM33_SPIN,1551,7,interior,a_ice,0.00007
CM33_SPIN,1551,8,interior,a_ice,0.00000
CM33_SPIN,1551,9,interior,a_ice,0.00000
CM33_SPIN,1551,10,interior,a_ice,0.00010
CM33_SPIN,1551,11,interior,a_ice,0.00523
CM33_SPIN,1551,12,interior,a_ice,0.02321
CM33_SPIN,1551,1,labsea,MLD2,1468.61986
CM33_SPIN,1551,2,labsea,MLD2,1419.83251
CM33_SPIN,1551,3,labsea,MLD2,1211.07571
CM33_SPIN,1551,4,labsea,MLD2,1122.18334
CM33_SPIN,1551,5,labsea,MLD2,836.59170
CM33_SPIN,1551,6,labsea,MLD2,13.07796
CM33_SPIN,1551,7,labsea,MLD2,14.16456
CM33_SPIN,1551,8,labsea,MLD2,17.46433
CM33_SPIN,1551,9,labsea,MLD2,21.35288
CM33_SPIN,1551,10,labsea,MLD2,43.02042
CM33_SPIN,1551,11,labsea,MLD2,650.22707
CM33_SPIN,1551,12,labsea,MLD2,1598.36043
CM33_SPIN,1551,1,interior,MLD2,2182.49059
CM33_SPIN,1551,2,interior,MLD2,2227.00300
CM33_SPIN,1551,3,interior,MLD2,2011.80982
CM33_SPIN,1551,4,interior,MLD2,1627.99641
CM33_SPIN,1551,5,interior,MLD2,1089.90989
CM33_SPIN,1551,6,interior,MLD2,13.72052
CM33_SPIN,1551,7,interior,MLD2,14.77144
CM33_SPIN,1551,8,interior,MLD2,17.36911
CM33_SPIN,1551,9,interior,MLD2,20.70426
CM33_SPIN,1551,10,interior,MLD2,54.37330
CM33_SPIN,1551,11,interior,MLD2,1449.28955
CM33_SPIN,1551,12,interior,MLD2,2664.91037
CM33_SPIN,1552,1,labsea,a_ice,0.22680
CM33_SPIN,1552,2,labsea,a_ice,0.28692
CM33_SPIN,1552,3,labsea,a_ice,0.32573
CM33_SPIN,1552,4,labsea,a_ice,0.28124
CM33_SPIN,1552,5,labsea,a_ice,0.24964
CM33_SPIN,1552,6,labsea,a_ice,0.15065
CM33_SPIN,1552,7,labsea,a_ice,0.03688
CM33_SPIN,1552,8,labsea,a_ice,0.00380
CM33_SPIN,1552,9,labsea,a_ice,0.00002
CM33_SPIN,1552,10,labsea,a_ice,0.00841
CM33_SPIN,1552,11,labsea,a_ice,0.09629
CM33_SPIN,1552,12,labsea,a_ice,0.27019
CM33_SPIN,1552,1,interior,a_ice,0.04502
CM33_SPIN,1552,2,interior,a_ice,0.08416
CM33_SPIN,1552,3,interior,a_ice,0.12855
CM33_SPIN,1552,4,interior,a_ice,0.08708
CM33_SPIN,1552,5,interior,a_ice,0.09322
CM33_SPIN,1552,6,interior,a_ice,0.03021
CM33_SPIN,1552,7,interior,a_ice,0.01067
CM33_SPIN,1552,8,interior,a_ice,0.00000
CM33_SPIN,1552,9,interior,a_ice,0.00000
CM33_SPIN,1552,10,interior,a_ice,0.00001
CM33_SPIN,1552,11,interior,a_ice,0.01336
CM33_SPIN,1552,12,interior,a_ice,0.07828
CM33_SPIN,1552,1,labsea,MLD2,1768.70490
CM33_SPIN,1552,2,labsea,MLD2,1703.85101
CM33_SPIN,1552,3,labsea,MLD2,1586.11426
CM33_SPIN,1552,4,labsea,MLD2,1472.38177
CM33_SPIN,1552,5,labsea,MLD2,1080.95830
CM33_SPIN,1552,6,labsea,MLD2,87.57561
CM33_SPIN,1552,7,labsea,MLD2,15.36327
CM33_SPIN,1552,8,labsea,MLD2,14.19911
CM33_SPIN,1552,9,labsea,MLD2,21.79060
CM33_SPIN,1552,10,labsea,MLD2,35.41424
CM33_SPIN,1552,11,labsea,MLD2,397.21833
CM33_SPIN,1552,12,labsea,MLD2,1323.33667
CM33_SPIN,1552,1,interior,MLD2,2683.74401
CM33_SPIN,1552,2,interior,MLD2,2588.55819
CM33_SPIN,1552,3,interior,MLD2,2410.86140
CM33_SPIN,1552,4,interior,MLD2,2385.73242
CM33_SPIN,1552,5,interior,MLD2,2017.84877
CM33_SPIN,1552,6,interior,MLD2,275.84230
CM33_SPIN,1552,7,interior,MLD2,19.03780
CM33_SPIN,1552,8,interior,MLD2,16.38119
CM33_SPIN,1552,9,interior,MLD2,24.57378
CM33_SPIN,1552,10,interior,MLD2,41.21564
CM33_SPIN,1552,11,interior,MLD2,918.04535
CM33_SPIN,1552,12,interior,MLD2,2215.13456
CM33_SPIN,1553,1,labsea,a_ice,0.31589
CM33_SPIN,1553,2,labsea,a_ice,0.29053
CM33_SPIN,1553,3,labsea,a_ice,0.31433
CM33_SPIN,1553,4,labsea,a_ice,0.28563
CM33_SPIN,1553,5,labsea,a_ice,0.22030
CM33_SPIN,1553,6,labsea,a_ice,0.14311
CM33_SPIN,1553,7,labsea,a_ice,0.03369
CM33_SPIN,1553,8,labsea,a_ice,0.00283
CM33_SPIN,1553,9,labsea,a_ice,0.00000
CM33_SPIN,1553,10,labsea,a_ice,0.01185
CM33_SPIN,1553,11,labsea,a_ice,0.07306
CM33_SPIN,1553,12,labsea,a_ice,0.14260
CM33_SPIN,1553,1,interior,a_ice,0.16446
CM33_SPIN,1553,2,interior,a_ice,0.07892
CM33_SPIN,1553,3,interior,a_ice,0.09372
CM33_SPIN,1553,4,interior,a_ice,0.12330
CM33_SPIN,1553,5,interior,a_ice,0.09729
CM33_SPIN,1553,6,interior,a_ice,0.01631
CM33_SPIN,1553,7,interior,a_ice,0.00057
CM33_SPIN,1553,8,interior,a_ice,0.00000
CM33_SPIN,1553,9,interior,a_ice,0.00000
CM33_SPIN,1553,10,interior,a_ice,0.00000
CM33_SPIN,1553,11,interior,a_ice,0.00007
CM33_SPIN,1553,12,interior,a_ice,0.00626
CM33_SPIN,1553,1,labsea,MLD2,1525.39882
CM33_SPIN,1553,2,labsea,MLD2,1606.33968
CM33_SPIN,1553,3,labsea,MLD2,1480.39787
CM33_SPIN,1553,4,labsea,MLD2,1255.20780
CM33_SPIN,1553,5,labsea,MLD2,773.37567
CM33_SPIN,1553,6,labsea,MLD2,26.03701
CM33_SPIN,1553,7,labsea,MLD2,12.84502
CM33_SPIN,1553,8,labsea,MLD2,15.15882
CM33_SPIN,1553,9,labsea,MLD2,25.69564
CM33_SPIN,1553,10,labsea,MLD2,39.73719
CM33_SPIN,1553,11,labsea,MLD2,574.93301
CM33_SPIN,1553,12,labsea,MLD2,1653.02063
CM33_SPIN,1553,1,interior,MLD2,2231.55653
CM33_SPIN,1553,2,interior,MLD2,2548.78351
CM33_SPIN,1553,3,interior,MLD2,2316.99806
CM33_SPIN,1553,4,interior,MLD2,1624.80039
CM33_SPIN,1553,5,interior,MLD2,1157.27862
CM33_SPIN,1553,6,interior,MLD2,47.17663
CM33_SPIN,1553,7,interior,MLD2,14.83253
CM33_SPIN,1553,8,interior,MLD2,17.02717
CM33_SPIN,1553,9,interior,MLD2,28.89437
CM33_SPIN,1553,10,interior,MLD2,44.68575
CM33_SPIN,1553,11,interior,MLD2,1370.47898
CM33_SPIN,1553,12,interior,MLD2,2661.45165
CM33_SPIN,1554,1,labsea,a_ice,0.20112
CM33_SPIN,1554,2,labsea,a_ice,0.28272
CM33_SPIN,1554,3,labsea,a_ice,0.24598
CM33_SPIN,1554,4,labsea,a_ice,0.20813
CM33_SPIN,1554,5,labsea,a_ice,0.15521
CM33_SPIN,1554,6,labsea,a_ice,0.08720
CM33_SPIN,1554,7,labsea,a_ice,0.01226
CM33_SPIN,1554,8,labsea,a_ice,0.00003
CM33_SPIN,1554,9,labsea,a_ice,0.00000
CM33_SPIN,1554,10,labsea,a_ice,0.00418
CM33_SPIN,1554,11,labsea,a_ice,0.06923
CM33_SPIN,1554,12,labsea,a_ice,0.17542
CM33_SPIN,1554,1,interior,a_ice,0.06044
CM33_SPIN,1554,2,interior,a_ice,0.11426
CM33_SPIN,1554,3,interior,a_ice,0.07239
CM33_SPIN,1554,4,interior,a_ice,0.03940
CM33_SPIN,1554,5,interior,a_ice,0.02868
CM33_SPIN,1554,6,interior,a_ice,0.02351
CM33_SPIN,1554,7,interior,a_ice,0.00001
CM33_SPIN,1554,8,interior,a_ice,0.00000
CM33_SPIN,1554,9,interior,a_ice,0.00000
CM33_SPIN,1554,10,interior,a_ice,0.00000
CM33_SPIN,1554,11,interior,a_ice,0.00141
CM33_SPIN,1554,12,interior,a_ice,0.03280
CM33_SPIN,1554,1,labsea,MLD2,1729.98796
CM33_SPIN,1554,2,labsea,MLD2,1653.35264
CM33_SPIN,1554,3,labsea,MLD2,1619.09432
CM33_SPIN,1554,4,labsea,MLD2,1643.50793
CM33_SPIN,1554,5,labsea,MLD2,1345.39341
CM33_SPIN,1554,6,labsea,MLD2,114.29223
CM33_SPIN,1554,7,labsea,MLD2,11.99906
CM33_SPIN,1554,8,labsea,MLD2,12.36116
CM33_SPIN,1554,9,labsea,MLD2,19.65419
CM33_SPIN,1554,10,labsea,MLD2,38.81260
CM33_SPIN,1554,11,labsea,MLD2,777.18386
CM33_SPIN,1554,12,labsea,MLD2,1590.54111
CM33_SPIN,1554,1,interior,MLD2,2611.99950
CM33_SPIN,1554,2,interior,MLD2,2504.96124
CM33_SPIN,1554,3,interior,MLD2,2550.96396
CM33_SPIN,1554,4,interior,MLD2,2597.65934
CM33_SPIN,1554,5,interior,MLD2,2393.19239
CM33_SPIN,1554,6,interior,MLD2,329.28534
CM33_SPIN,1554,7,interior,MLD2,13.70852
CM33_SPIN,1554,8,interior,MLD2,13.79362
CM33_SPIN,1554,9,interior,MLD2,21.25294
CM33_SPIN,1554,10,interior,MLD2,50.61312
CM33_SPIN,1554,11,interior,MLD2,1759.83181
CM33_SPIN,1554,12,interior,MLD2,2588.71827
CM33_SPIN,1555,1,labsea,a_ice,0.22465
CM33_SPIN,1555,2,labsea,a_ice,0.23542
CM33_SPIN,1555,3,labsea,a_ice,0.21925
CM33_SPIN,1555,4,labsea,a_ice,0.21659
CM33_SPIN,1555,5,labsea,a_ice,0.16155
CM33_SPIN,1555,6,labsea,a_ice,0.06512
CM33_SPIN,1555,7,labsea,a_ice,0.03259
CM33_SPIN,1555,8,labsea,a_ice,0.00492
CM33_SPIN,1555,9,labsea,a_ice,0.00263
CM33_SPIN,1555,10,labsea,a_ice,0.01557
CM33_SPIN,1555,11,labsea,a_ice,0.06179
CM33_SPIN,1555,12,labsea,a_ice,0.13582
CM33_SPIN,1555,1,interior,a_ice,0.04299
CM33_SPIN,1555,2,interior,a_ice,0.07384
CM33_SPIN,1555,3,interior,a_ice,0.04016
CM33_SPIN,1555,4,interior,a_ice,0.06138
CM33_SPIN,1555,5,interior,a_ice,0.05409
CM33_SPIN,1555,6,interior,a_ice,0.00324
CM33_SPIN,1555,7,interior,a_ice,0.00000
CM33_SPIN,1555,8,interior,a_ice,0.00000
CM33_SPIN,1555,9,interior,a_ice,0.00000
CM33_SPIN,1555,10,interior,a_ice,0.00000
CM33_SPIN,1555,11,interior,a_ice,0.00014
CM33_SPIN,1555,12,interior,a_ice,0.01369
CM33_SPIN,1555,1,labsea,MLD2,1609.45370
CM33_SPIN,1555,2,labsea,MLD2,1617.71705
CM33_SPIN,1555,3,labsea,MLD2,1675.45460
CM33_SPIN,1555,4,labsea,MLD2,1617.67085
CM33_SPIN,1555,5,labsea,MLD2,1229.74295
CM33_SPIN,1555,6,labsea,MLD2,107.90039
CM33_SPIN,1555,7,labsea,MLD2,15.22830
CM33_SPIN,1555,8,labsea,MLD2,15.07950
CM33_SPIN,1555,9,labsea,MLD2,25.14280
CM33_SPIN,1555,10,labsea,MLD2,40.04211
CM33_SPIN,1555,11,labsea,MLD2,693.05689
CM33_SPIN,1555,12,labsea,MLD2,1569.42686
CM33_SPIN,1555,1,interior,MLD2,2564.22549
CM33_SPIN,1555,2,interior,MLD2,2525.01540
CM33_SPIN,1555,3,interior,MLD2,2630.51978
CM33_SPIN,1555,4,interior,MLD2,2560.57542
CM33_SPIN,1555,5,interior,MLD2,2140.94030
CM33_SPIN,1555,6,interior,MLD2,283.22316
CM33_SPIN,1555,7,interior,MLD2,17.53477
CM33_SPIN,1555,8,interior,MLD2,17.00769
CM33_SPIN,1555,9,interior,MLD2,27.81081
CM33_SPIN,1555,10,interior,MLD2,39.87611
CM33_SPIN,1555,11,interior,MLD2,1456.31441
CM33_SPIN,1555,12,interior,MLD2,2554.77851
CM33_SPIN,1556,1,labsea,a_ice,0.20822
CM33_SPIN,1556,2,labsea,a_ice,0.22575
CM33_SPIN,1556,3,labsea,a_ice,0.18210
CM33_SPIN,1556,4,labsea,a_ice,0.15914
CM33_SPIN,1556,5,labsea,a_ice,0.11966
CM33_SPIN,1556,6,labsea,a_ice,0.05247
CM33_SPIN,1556,7,labsea,a_ice,0.00763
CM33_SPIN,1556,8,labsea,a_ice,0.00009
CM33_SPIN,1556,9,labsea,a_ice,0.00000
CM33_SPIN,1556,10,labsea,a_ice,0.00737
CM33_SPIN,1556,11,labsea,a_ice,0.09941
CM33_SPIN,1556,12,labsea,a_ice,0.22327
CM33_SPIN,1556,1,interior,a_ice,0.06079
CM33_SPIN,1556,2,interior,a_ice,0.05389
CM33_SPIN,1556,3,interior,a_ice,0.04105
CM33_SPIN,1556,4,interior,a_ice,0.03189
CM33_SPIN,1556,5,interior,a_ice,0.01231
CM33_SPIN,1556,6,interior,a_ice,0.00058
CM33_SPIN,1556,7,interior,a_ice,0.00000
CM33_SPIN,1556,8,interior,a_ice,0.00000
CM33_SPIN,1556,9,interior,a_ice,0.00000
CM33_SPIN,1556,10,interior,a_ice,0.00002
CM33_SPIN,1556,11,interior,a_ice,0.00156
CM33_SPIN,1556,12,interior,a_ice,0.05893
CM33_SPIN,1556,1,labsea,MLD2,1666.48719
CM33_SPIN,1556,2,labsea,MLD2,1678.73764
CM33_SPIN,1556,3,labsea,MLD2,1680.67771
CM33_SPIN,1556,4,labsea,MLD2,1632.15684
CM33_SPIN,1556,5,labsea,MLD2,865.61980
CM33_SPIN,1556,6,labsea,MLD2,20.22272
CM33_SPIN,1556,7,labsea,MLD2,17.92258
CM33_SPIN,1556,8,labsea,MLD2,21.37959
CM33_SPIN,1556,9,labsea,MLD2,27.67381
CM33_SPIN,1556,10,labsea,MLD2,73.66302
CM33_SPIN,1556,11,labsea,MLD2,820.66431
CM33_SPIN,1556,12,labsea,MLD2,1453.00238
CM33_SPIN,1556,1,interior,MLD2,2581.89548
CM33_SPIN,1556,2,interior,MLD2,2633.29232
CM33_SPIN,1556,3,interior,MLD2,2624.17203
CM33_SPIN,1556,4,interior,MLD2,2571.97639
CM33_SPIN,1556,5,interior,MLD2,1850.02076
CM33_SPIN,1556,6,interior,MLD2,29.04857
CM33_SPIN,1556,7,interior,MLD2,20.13875
CM33_SPIN,1556,8,interior,MLD2,27.81803
CM33_SPIN,1556,9,interior,MLD2,32.72025
CM33_SPIN,1556,10,interior,MLD2,146.66770
CM33_SPIN,1556,11,interior,MLD2,1667.34421
CM33_SPIN,1556,12,interior,MLD2,2409.74113
CM33_SPIN,1557,1,labsea,a_ice,0.28955
CM33_SPIN,1557,2,labsea,a_ice,0.25110
CM33_SPIN,1557,3,labsea,a_ice,0.25345
CM33_SPIN,1557,4,labsea,a_ice,0.25128
CM33_SPIN,1557,5,labsea,a_ice,0.22341
CM33_SPIN,1557,6,labsea,a_ice,0.15245
CM33_SPIN,1557,7,labsea,a_ice,0.05608
CM33_SPIN,1557,8,labsea,a_ice,0.01144
CM33_SPIN,1557,9,labsea,a_ice,0.00096
CM33_SPIN,1557,10,labsea,a_ice,0.01495
CM33_SPIN,1557,11,labsea,a_ice,0.09918
CM33_SPIN,1557,12,labsea,a_ice,0.27576
CM33_SPIN,1557,1,interior,a_ice,0.12818
CM33_SPIN,1557,2,interior,a_ice,0.05419
CM33_SPIN,1557,3,interior,a_ice,0.02644
CM33_SPIN,1557,4,interior,a_ice,0.05229
CM33_SPIN,1557,5,interior,a_ice,0.05829
CM33_SPIN,1557,6,interior,a_ice,0.02317
CM33_SPIN,1557,7,interior,a_ice,0.00143
CM33_SPIN,1557,8,interior,a_ice,0.00000
CM33_SPIN,1557,9,interior,a_ice,0.00000
CM33_SPIN,1557,10,interior,a_ice,0.00096
CM33_SPIN,1557,11,interior,a_ice,0.00537
CM33_SPIN,1557,12,interior,a_ice,0.05689
CM33_SPIN,1557,1,labsea,MLD2,1564.49329
CM33_SPIN,1557,2,labsea,MLD2,1576.19530
CM33_SPIN,1557,3,labsea,MLD2,1612.90004
CM33_SPIN,1557,4,labsea,MLD2,1551.56405
CM33_SPIN,1557,5,labsea,MLD2,1236.31935
CM33_SPIN,1557,6,labsea,MLD2,126.14692
CM33_SPIN,1557,7,labsea,MLD2,12.45960
CM33_SPIN,1557,8,labsea,MLD2,15.86369
CM33_SPIN,1557,9,labsea,MLD2,22.94188
CM33_SPIN,1557,10,labsea,MLD2,38.17530
CM33_SPIN,1557,11,labsea,MLD2,549.67194
CM33_SPIN,1557,12,labsea,MLD2,1234.29008
CM33_SPIN,1557,1,interior,MLD2,2411.69245
CM33_SPIN,1557,2,interior,MLD2,2496.14637
CM33_SPIN,1557,3,interior,MLD2,2594.82539
CM33_SPIN,1557,4,interior,MLD2,2455.00897
CM33_SPIN,1557,5,interior,MLD2,2243.18971
CM33_SPIN,1557,6,interior,MLD2,382.44280
CM33_SPIN,1557,7,interior,MLD2,14.89378
CM33_SPIN,1557,8,interior,MLD2,19.48805
CM33_SPIN,1557,9,interior,MLD2,28.59040
CM33_SPIN,1557,10,interior,MLD2,49.47117
CM33_SPIN,1557,11,interior,MLD2,1412.01512
CM33_SPIN,1557,12,interior,MLD2,2424.58911
CM33_SPIN,1558,1,labsea,a_ice,0.35734
CM33_SPIN,1558,2,labsea,a_ice,0.44975
CM33_SPIN,1558,3,labsea,a_ice,0.47953
CM33_SPIN,1558,4,labsea,a_ice,0.40771
CM33_SPIN,1558,5,labsea,a_ice,0.30429
CM33_SPIN,1558,6,labsea,a_ice,0.12918
CM33_SPIN,1558,7,labsea,a_ice,0.01809
CM33_SPIN,1558,8,labsea,a_ice,0.00004
CM33_SPIN,1558,9,labsea,a_ice,0.00010
CM33_SPIN,1558,10,labsea,a_ice,0.01183
CM33_SPIN,1558,11,labsea,a_ice,0.05109
CM33_SPIN,1558,12,labsea,a_ice,0.18365
CM33_SPIN,1558,1,interior,a_ice,0.18575
CM33_SPIN,1558,2,interior,a_ice,0.30593
CM33_SPIN,1558,3,interior,a_ice,0.34762
CM33_SPIN,1558,4,interior,a_ice,0.31920
CM33_SPIN,1558,5,interior,a_ice,0.13535
CM33_SPIN,1558,6,interior,a_ice,0.02812
CM33_SPIN,1558,7,interior,a_ice,0.00021
CM33_SPIN,1558,8,interior,a_ice,0.00000
CM33_SPIN,1558,9,interior,a_ice,0.00000
CM33_SPIN,1558,10,interior,a_ice,0.00000
CM33_SPIN,1558,11,interior,a_ice,0.00046
CM33_SPIN,1558,12,interior,a_ice,0.04976
CM33_SPIN,1558,1,labsea,MLD2,1376.17173
CM33_SPIN,1558,2,labsea,MLD2,1280.62699
CM33_SPIN,1558,3,labsea,MLD2,1138.72559
CM33_SPIN,1558,4,labsea,MLD2,895.25932
CM33_SPIN,1558,5,labsea,MLD2,492.28461
CM33_SPIN,1558,6,labsea,MLD2,12.82275
CM33_SPIN,1558,7,labsea,MLD2,13.30976
CM33_SPIN,1558,8,labsea,MLD2,15.14948
CM33_SPIN,1558,9,labsea,MLD2,24.30674
CM33_SPIN,1558,10,labsea,MLD2,39.07906
CM33_SPIN,1558,11,labsea,MLD2,250.68600
CM33_SPIN,1558,12,labsea,MLD2,1484.32174
CM33_SPIN,1558,1,interior,MLD2,2059.93077
CM33_SPIN,1558,2,interior,MLD2,1822.22615
CM33_SPIN,1558,3,interior,MLD2,1641.07783
CM33_SPIN,1558,4,interior,MLD2,971.97572
CM33_SPIN,1558,5,interior,MLD2,447.69044
CM33_SPIN,1558,6,interior,MLD2,16.01128
CM33_SPIN,1558,7,interior,MLD2,14.61422
CM33_SPIN,1558,8,interior,MLD2,15.68296
CM33_SPIN,1558,9,interior,MLD2,25.72714
CM33_SPIN,1558,10,interior,MLD2,40.99219
CM33_SPIN,1558,11,interior,MLD2,330.00663
CM33_SPIN,1558,12,interior,MLD2,2277.99746
CM33_SPIN,1559,1,labsea,a_ice,0.19576
CM33_SPIN,1559,2,labsea,a_ice,0.20015
CM33_SPIN,1559,3,labsea,a_ice,0.26498
CM33_SPIN,1559,4,labsea,a_ice,0.21905
CM33_SPIN,1559,5,labsea,a_ice,0.19150
CM33_SPIN,1559,6,labsea,a_ice,0.11478
CM33_SPIN,1559,7,labsea,a_ice,0.03966
CM33_SPIN,1559,8,labsea,a_ice,0.00209
CM33_SPIN,1559,9,labsea,a_ice,0.00000
CM33_SPIN,1559,10,labsea,a_ice,0.00159
CM33_SPIN,1559,11,labsea,a_ice,0.04971
CM33_SPIN,1559,12,labsea,a_ice,0.15841
CM33_SPIN,1559,1,interior,a_ice,0.04931
CM33_SPIN,1559,2,interior,a_ice,0.04142
CM33_SPIN,1559,3,interior,a_ice,0.09797
CM33_SPIN,1559,4,interior,a_ice,0.06379
CM33_SPIN,1559,5,interior,a_ice,0.02844
CM33_SPIN,1559,6,interior,a_ice,0.01377
CM33_SPIN,1559,7,interior,a_ice,0.00095
CM33_SPIN,1559,8,interior,a_ice,0.00000
CM33_SPIN,1559,9,interior,a_ice,0.00000
CM33_SPIN,1559,10,interior,a_ice,0.00008
CM33_SPIN,1559,11,interior,a_ice,0.00140
CM33_SPIN,1559,12,interior,a_ice,0.01416
CM33_SPIN,1559,1,labsea,MLD2,1742.03832
CM33_SPIN,1559,2,labsea,MLD2,1759.21342
CM33_SPIN,1559,3,labsea,MLD2,1552.28811
CM33_SPIN,1559,4,labsea,MLD2,1271.77057
CM33_SPIN,1559,5,labsea,MLD2,1082.83380
CM33_SPIN,1559,6,labsea,MLD2,53.42398
CM33_SPIN,1559,7,labsea,MLD2,12.79437
CM33_SPIN,1559,8,labsea,MLD2,14.75659
CM33_SPIN,1559,9,labsea,MLD2,20.80076
CM33_SPIN,1559,10,labsea,MLD2,41.93554
CM33_SPIN,1559,11,labsea,MLD2,634.50791
CM33_SPIN,1559,12,labsea,MLD2,1586.66182
CM33_SPIN,1559,1,interior,MLD2,2637.14311
CM33_SPIN,1559,2,interior,MLD2,2651.40723
CM33_SPIN,1559,3,interior,MLD2,2475.25896
CM33_SPIN,1559,4,interior,MLD2,2196.78276
CM33_SPIN,1559,5,interior,MLD2,1800.41681
CM33_SPIN,1559,6,interior,MLD2,137.68385
CM33_SPIN,1559,7,interior,MLD2,14.73292
CM33_SPIN,1559,8,interior,MLD2,16.79236
CM33_SPIN,1559,9,interior,MLD2,20.59251
CM33_SPIN,1559,10,interior,MLD2,67.33981
CM33_SPIN,1559,11,interior,MLD2,1617.19730
CM33_SPIN,1559,12,interior,MLD2,2638.76802
CM33_SPIN,1560,1,labsea,a_ice,0.26763
CM33_SPIN,1560,2,labsea,a_ice,0.31259
CM33_SPIN,1560,3,labsea,a_ice,0.30067
CM33_SPIN,1560,4,labsea,a_ice,0.33200
CM33_SPIN,1560,5,labsea,a_ice,0.27172
CM33_SPIN,1560,6,labsea,a_ice,0.14492
CM33_SPIN,1560,7,labsea,a_ice,0.04497
CM33_SPIN,1560,8,labsea,a_ice,0.01204
CM33_SPIN,1560,9,labsea,a_ice,0.00078
CM33_SPIN,1560,10,labsea,a_ice,0.00035
CM33_SPIN,1560,11,labsea,a_ice,0.04273
CM33_SPIN,1560,12,labsea,a_ice,0.14998
CM33_SPIN,1560,1,interior,a_ice,0.07052
CM33_SPIN,1560,2,interior,a_ice,0.11301
CM33_SPIN,1560,3,interior,a_ice,0.10284
CM33_SPIN,1560,4,interior,a_ice,0.14058
CM33_SPIN,1560,5,interior,a_ice,0.09301
CM33_SPIN,1560,6,interior,a_ice,0.02849
CM33_SPIN,1560,7,interior,a_ice,0.00041
CM33_SPIN,1560,8,interior,a_ice,0.00000
CM33_SPIN,1560,9,interior,a_ice,0.00000
CM33_SPIN,1560,10,interior,a_ice,0.00000
CM33_SPIN,1560,11,interior,a_ice,0.00075
CM33_SPIN,1560,12,interior,a_ice,0.01849
CM33_SPIN,1560,1,labsea,MLD2,1598.79766
CM33_SPIN,1560,2,labsea,MLD2,1494.46675
CM33_SPIN,1560,3,labsea,MLD2,1371.21385
CM33_SPIN,1560,4,labsea,MLD2,1214.14075
CM33_SPIN,1560,5,labsea,MLD2,488.98673
CM33_SPIN,1560,6,labsea,MLD2,14.35962
CM33_SPIN,1560,7,labsea,MLD2,13.36447
CM33_SPIN,1560,8,labsea,MLD2,15.63054
CM33_SPIN,1560,9,labsea,MLD2,22.93950
CM33_SPIN,1560,10,labsea,MLD2,31.04392
CM33_SPIN,1560,11,labsea,MLD2,303.31238
CM33_SPIN,1560,12,labsea,MLD2,1679.61727
CM33_SPIN,1560,1,interior,MLD2,2517.00743
CM33_SPIN,1560,2,interior,MLD2,2436.83690
CM33_SPIN,1560,3,interior,MLD2,2231.27424
CM33_SPIN,1560,4,interior,MLD2,1925.26385
CM33_SPIN,1560,5,interior,MLD2,836.92400
CM33_SPIN,1560,6,interior,MLD2,16.34571
CM33_SPIN,1560,7,interior,MLD2,14.35437
CM33_SPIN,1560,8,interior,MLD2,17.19224
CM33_SPIN,1560,9,interior,MLD2,24.26263
CM33_SPIN,1560,10,interior,MLD2,32.87738
CM33_SPIN,1560,11,interior,MLD2,586.60604
CM33_SPIN,1560,12,interior,MLD2,2665.57235
CM33_SPIN,1561,1,labsea,a_ice,0.19091
CM33_SPIN,1561,2,labsea,a_ice,0.20326
CM33_SPIN,1561,3,labsea,a_ice,0.26738
CM33_SPIN,1561,4,labsea,a_ice,0.26967
CM33_SPIN,1561,5,labsea,a_ice,0.25285
CM33_SPIN,1561,6,labsea,a_ice,0.20025
CM33_SPIN,1561,7,labsea,a_ice,0.08867
CM33_SPIN,1561,8,labsea,a_ice,0.02087
CM33_SPIN,1561,9,labsea,a_ice,0.01602
CM33_SPIN,1561,10,labsea,a_ice,0.03572
CM33_SPIN,1561,11,labsea,a_ice,0.11797
CM33_SPIN,1561,12,labsea,a_ice,0.19732
CM33_SPIN,1561,1,interior,a_ice,0.04482
CM33_SPIN,1561,2,interior,a_ice,0.03485
CM33_SPIN,1561,3,interior,a_ice,0.07713
CM33_SPIN,1561,4,interior,a_ice,0.07272
CM33_SPIN,1561,5,interior,a_ice,0.07514
CM33_SPIN,1561,6,interior,a_ice,0.02876
CM33_SPIN,1561,7,interior,a_ice,0.01234
CM33_SPIN,1561,8,interior,a_ice,0.00004
CM33_SPIN,1561,9,interior,a_ice,0.00000
CM33_SPIN,1561,10,interior,a_ice,0.00000
CM33_SPIN,1561,11,interior,a_ice,0.00596
CM33_SPIN,1561,12,interior,a_ice,0.04301
CM33_SPIN,1561,1,labsea,MLD2,1750.75111
CM33_SPIN,1561,2,labsea,MLD2,1717.03950
CM33_SPIN,1561,3,labsea,MLD2,1532.01759
CM33_SPIN,1561,4,labsea,MLD2,1190.40133
CM33_SPIN,1561,5,labsea,MLD2,965.64667
CM33_SPIN,1561,6,labsea,MLD2,39.02566
CM33_SPIN,1561,7,labsea,MLD2,13.95572
CM33_SPIN,1561,8,labsea,MLD2,15.40594
CM33_SPIN,1561,9,labsea,MLD2,22.21681
CM33_SPIN,1561,10,labsea,MLD2,44.93804
CM33_SPIN,1561,11,labsea,MLD2,906.98094
CM33_SPIN,1561,12,labsea,MLD2,1657.76791
CM33_SPIN,1561,1,interior,MLD2,2651.97843
CM33_SPIN,1561,2,interior,MLD2,2651.25820
CM33_SPIN,1561,3,interior,MLD2,2386.49373
CM33_SPIN,1561,4,interior,MLD2,1848.49730
CM33_SPIN,1561,5,interior,MLD2,1425.69041
CM33_SPIN,1561,6,interior,MLD2,91.49489
CM33_SPIN,1561,7,interior,MLD2,15.70312
CM33_SPIN,1561,8,interior,MLD2,18.55775
CM33_SPIN,1561,9,interior,MLD2,25.64237
CM33_SPIN,1561,10,interior,MLD2,48.14947
CM33_SPIN,1561,11,interior,MLD2,1765.87593
CM33_SPIN,1561,12,interior,MLD2,2642.36835
CM33_SPIN,1562,1,labsea,a_ice,0.20750
CM33_SPIN,1562,2,labsea,a_ice,0.29129
CM33_SPIN,1562,3,labsea,a_ice,0.34610
CM33_SPIN,1562,4,labsea,a_ice,0.29146
CM33_SPIN,1562,5,labsea,a_ice,0.21949
CM33_SPIN,1562,6,labsea,a_ice,0.14541
CM33_SPIN,1562,7,labsea,a_ice,0.06650
CM33_SPIN,1562,8,labsea,a_ice,0.01448
CM33_SPIN,1562,9,labsea,a_ice,0.00196
CM33_SPIN,1562,10,labsea,a_ice,0.00167
CM33_SPIN,1562,11,labsea,a_ice,0.08442
CM33_SPIN,1562,12,labsea,a_ice,0.17112
CM33_SPIN,1562,1,interior,a_ice,0.03531
CM33_SPIN,1562,2,interior,a_ice,0.09285
CM33_SPIN,1562,3,interior,a_ice,0.17563
CM33_SPIN,1562,4,interior,a_ice,0.08912
CM33_SPIN,1562,5,interior,a_ice,0.06136
CM33_SPIN,1562,6,interior,a_ice,0.03686
CM33_SPIN,1562,7,interior,a_ice,0.00674
CM33_SPIN,1562,8,interior,a_ice,0.00003
CM33_SPIN,1562,9,interior,a_ice,0.00000
CM33_SPIN,1562,10,interior,a_ice,0.00000
CM33_SPIN,1562,11,interior,a_ice,0.00499
CM33_SPIN,1562,12,interior,a_ice,0.03583
CM33_SPIN,1562,1,labsea,MLD2,1689.42771
CM33_SPIN,1562,2,labsea,MLD2,1571.10823
CM33_SPIN,1562,3,labsea,MLD2,1439.99540
CM33_SPIN,1562,4,labsea,MLD2,1459.95555
CM33_SPIN,1562,5,labsea,MLD2,1455.79693
CM33_SPIN,1562,6,labsea,MLD2,171.21170
CM33_SPIN,1562,7,labsea,MLD2,13.57043
CM33_SPIN,1562,8,labsea,MLD2,13.35256
CM33_SPIN,1562,9,labsea,MLD2,31.67186
CM33_SPIN,1562,10,labsea,MLD2,39.61491
CM33_SPIN,1562,11,labsea,MLD2,829.70647
CM33_SPIN,1562,12,labsea,MLD2,1702.00622
CM33_SPIN,1562,1,interior,MLD2,2641.79230
CM33_SPIN,1562,2,interior,MLD2,2509.37802
CM33_SPIN,1562,3,interior,MLD2,2130.13165
CM33_SPIN,1562,4,interior,MLD2,2203.72595
CM33_SPIN,1562,5,interior,MLD2,2270.80329
CM33_SPIN,1562,6,interior,MLD2,402.41625
CM33_SPIN,1562,7,interior,MLD2,16.64761
CM33_SPIN,1562,8,interior,MLD2,14.83558
CM33_SPIN,1562,9,interior,MLD2,33.82646
CM33_SPIN,1562,10,interior,MLD2,42.82910
CM33_SPIN,1562,11,interior,MLD2,1869.31459
CM33_SPIN,1562,12,interior,MLD2,2645.82382
CM33_SPIN,1563,1,labsea,a_ice,0.17187
CM33_SPIN,1563,2,labsea,a_ice,0.21307
CM33_SPIN,1563,3,labsea,a_ice,0.22618
CM33_SPIN,1563,4,labsea,a_ice,0.21989
CM33_SPIN,1563,5,labsea,a_ice,0.13682
CM33_SPIN,1563,6,labsea,a_ice,0.07556
CM33_SPIN,1563,7,labsea,a_ice,0.02434
CM33_SPIN,1563,8,labsea,a_ice,0.00009
CM33_SPIN,1563,9,labsea,a_ice,0.00000
CM33_SPIN,1563,10,labsea,a_ice,0.00756
CM33_SPIN,1563,11,labsea,a_ice,0.08029
CM33_SPIN,1563,12,labsea,a_ice,0.18063
CM33_SPIN,1563,1,interior,a_ice,0.02203
CM33_SPIN,1563,2,interior,a_ice,0.04049
CM33_SPIN,1563,3,interior,a_ice,0.09178
CM33_SPIN,1563,4,interior,a_ice,0.06809
CM33_SPIN,1563,5,interior,a_ice,0.02742
CM33_SPIN,1563,6,interior,a_ice,0.00347
CM33_SPIN,1563,7,interior,a_ice,0.00000
CM33_SPIN,1563,8,interior,a_ice,0.00000
CM33_SPIN,1563,9,interior,a_ice,0.00000
CM33_SPIN,1563,10,interior,a_ice,0.00000
CM33_SPIN,1563,11,interior,a_ice,0.00607
CM33_SPIN,1563,12,interior,a_ice,0.02996
CM33_SPIN,1563,1,labsea,MLD2,1713.94995
CM33_SPIN,1563,2,labsea,MLD2,1735.17592
CM33_SPIN,1563,3,labsea,MLD2,1552.05628
CM33_SPIN,1563,4,labsea,MLD2,1327.32089
CM33_SPIN,1563,5,labsea,MLD2,771.45165
CM33_SPIN,1563,6,labsea,MLD2,56.33796
CM33_SPIN,1563,7,labsea,MLD2,20.72273
CM33_SPIN,1563,8,labsea,MLD2,15.81320
CM33_SPIN,1563,9,labsea,MLD2,21.62698
CM33_SPIN,1563,10,labsea,MLD2,51.66575
CM33_SPIN,1563,11,labsea,MLD2,878.04844
CM33_SPIN,1563,12,labsea,MLD2,1701.00205
CM33_SPIN,1563,1,interior,MLD2,2645.49589
CM33_SPIN,1563,2,interior,MLD2,2661.36977
CM33_SPIN,1563,3,interior,MLD2,2425.57821
CM33_SPIN,1563,4,interior,MLD2,2254.08905
CM33_SPIN,1563,5,interior,MLD2,1564.74055
CM33_SPIN,1563,6,interior,MLD2,149.41446
CM33_SPIN,1563,7,interior,MLD2,25.76780
CM33_SPIN,1563,8,interior,MLD2,18.99777
CM33_SPIN,1563,9,interior,MLD2,24.55009
CM33_SPIN,1563,10,interior,MLD2,68.21224
CM33_SPIN,1563,11,interior,MLD2,1872.76694
CM33_SPIN,1563,12,interior,MLD2,2665.50088
CM33_SPIN,1564,1,labsea,a_ice,0.21565
CM33_SPIN,1564,2,labsea,a_ice,0.24639
CM33_SPIN,1564,3,labsea,a_ice,0.22477
CM33_SPIN,1564,4,labsea,a_ice,0.21871
CM33_SPIN,1564,5,labsea,a_ice,0.15805
CM33_SPIN,1564,6,labsea,a_ice,0.07979
CM33_SPIN,1564,7,labsea,a_ice,0.03828
CM33_SPIN,1564,8,labsea,a_ice,0.01145
CM33_SPIN,1564,9,labsea,a_ice,0.00508
CM33_SPIN,1564,10,labsea,a_ice,0.03083
CM33_SPIN,1564,11,labsea,a_ice,0.09777
CM33_SPIN,1564,12,labsea,a_ice,0.20654
CM33_SPIN,1564,1,interior,a_ice,0.04127
CM33_SPIN,1564,2,interior,a_ice,0.09849
CM33_SPIN,1564,3,interior,a_ice,0.05725
CM33_SPIN,1564,4,interior,a_ice,0.04837
CM33_SPIN,1564,5,interior,a_ice,0.01843
CM33_SPIN,1564,6,interior,a_ice,0.00485
CM33_SPIN,1564,7,interior,a_ice,0.00000
CM33_SPIN,1564,8,interior,a_ice,0.00000
CM33_SPIN,1564,9,interior,a_ice,0.00000
CM33_SPIN,1564,10,interior,a_ice,0.00000
CM33_SPIN,1564,11,interior,a_ice,0.00258
CM33_SPIN,1564,12,interior,a_ice,0.04012
CM33_SPIN,1564,1,labsea,MLD2,1727.75980
CM33_SPIN,1564,2,labsea,MLD2,1699.96782
CM33_SPIN,1564,3,labsea,MLD2,1712.13855
CM33_SPIN,1564,4,labsea,MLD2,1705.32761
CM33_SPIN,1564,5,labsea,MLD2,912.43935
CM33_SPIN,1564,6,labsea,MLD2,19.88946
CM33_SPIN,1564,7,labsea,MLD2,18.85646
CM33_SPIN,1564,8,labsea,MLD2,16.62351
CM33_SPIN,1564,9,labsea,MLD2,25.28181
CM33_SPIN,1564,10,labsea,MLD2,209.95449
CM33_SPIN,1564,11,labsea,MLD2,1081.75365
CM33_SPIN,1564,12,labsea,MLD2,1610.90529
CM33_SPIN,1564,1,interior,MLD2,2644.55581
CM33_SPIN,1564,2,interior,MLD2,2514.95339
CM33_SPIN,1564,3,interior,MLD2,2551.30283
CM33_SPIN,1564,4,interior,MLD2,2610.65951
CM33_SPIN,1564,5,interior,MLD2,1838.38331
CM33_SPIN,1564,6,interior,MLD2,28.25152
CM33_SPIN,1564,7,interior,MLD2,21.28834
CM33_SPIN,1564,8,interior,MLD2,17.59788
CM33_SPIN,1564,9,interior,MLD2,23.87311
CM33_SPIN,1564,10,interior,MLD2,540.04138
CM33_SPIN,1564,11,interior,MLD2,2284.01896
CM33_SPIN,1564,12,interior,MLD2,2578.39594
CM33_SPIN,1565,1,labsea,a_ice,0.27022
CM33_SPIN,1565,2,labsea,a_ice,0.31004
CM33_SPIN,1565,3,labsea,a_ice,0.35971
CM33_SPIN,1565,4,labsea,a_ice,0.31353
CM33_SPIN,1565,5,labsea,a_ice,0.24985
CM33_SPIN,1565,6,labsea,a_ice,0.13661
CM33_SPIN,1565,7,labsea,a_ice,0.03946
CM33_SPIN,1565,8,labsea,a_ice,0.00175
CM33_SPIN,1565,9,labsea,a_ice,0.00000
CM33_SPIN,1565,10,labsea,a_ice,0.00013
CM33_SPIN,1565,11,labsea,a_ice,0.00782
CM33_SPIN,1565,12,labsea,a_ice,0.08983
CM33_SPIN,1565,1,interior,a_ice,0.06330
CM33_SPIN,1565,2,interior,a_ice,0.07694
CM33_SPIN,1565,3,interior,a_ice,0.17108
CM33_SPIN,1565,4,interior,a_ice,0.10465
CM33_SPIN,1565,5,interior,a_ice,0.08959
CM33_SPIN,1565,6,interior,a_ice,0.03965
CM33_SPIN,1565,7,interior,a_ice,0.00249
CM33_SPIN,1565,8,interior,a_ice,0.00000
CM33_SPIN,1565,9,interior,a_ice,0.00000
CM33_SPIN,1565,10,interior,a_ice,0.00000
CM33_SPIN,1565,11,interior,a_ice,0.00001
CM33_SPIN,1565,12,interior,a_ice,0.00736
CM33_SPIN,1565,1,labsea,MLD2,1588.21125
CM33_SPIN,1565,2,labsea,MLD2,1604.71394
CM33_SPIN,1565,3,labsea,MLD2,1430.48240
CM33_SPIN,1565,4,labsea,MLD2,1178.52296
CM33_SPIN,1565,5,labsea,MLD2,774.11752
CM33_SPIN,1565,6,labsea,MLD2,67.58016
CM33_SPIN,1565,7,labsea,MLD2,14.27793
CM33_SPIN,1565,8,labsea,MLD2,15.07665
CM33_SPIN,1565,9,labsea,MLD2,18.83399
CM33_SPIN,1565,10,labsea,MLD2,31.26166
CM33_SPIN,1565,11,labsea,MLD2,213.35277
CM33_SPIN,1565,12,labsea,MLD2,1075.08485
CM33_SPIN,1565,1,interior,MLD2,2525.39581
CM33_SPIN,1565,2,interior,MLD2,2541.62355
CM33_SPIN,1565,3,interior,MLD2,2199.92697
CM33_SPIN,1565,4,interior,MLD2,1925.12009
CM33_SPIN,1565,5,interior,MLD2,1459.98485
CM33_SPIN,1565,6,interior,MLD2,196.08123
CM33_SPIN,1565,7,interior,MLD2,16.13323
CM33_SPIN,1565,8,interior,MLD2,17.46833
CM33_SPIN,1565,9,interior,MLD2,18.99791
CM33_SPIN,1565,10,interior,MLD2,32.58773
CM33_SPIN,1565,11,interior,MLD2,466.70082
CM33_SPIN,1565,12,interior,MLD2,2195.68786
CM33_SPIN,1566,1,labsea,a_ice,0.16656
CM33_SPIN,1566,2,labsea,a_ice,0.16919
CM33_SPIN,1566,3,labsea,a_ice,0.19385
CM33_SPIN,1566,4,labsea,a_ice,0.18837
CM33_SPIN,1566,5,labsea,a_ice,0.14262
CM33_SPIN,1566,6,labsea,a_ice,0.06443
CM33_SPIN,1566,7,labsea,a_ice,0.02145
CM33_SPIN,1566,8,labsea,a_ice,0.00509
CM33_SPIN,1566,9,labsea,a_ice,0.00060
CM33_SPIN,1566,10,labsea,a_ice,0.01002
CM33_SPIN,1566,11,labsea,a_ice,0.07380
CM33_SPIN,1566,12,labsea,a_ice,0.18609
CM33_SPIN,1566,1,interior,a_ice,0.02266
CM33_SPIN,1566,2,interior,a_ice,0.02215
CM33_SPIN,1566,3,interior,a_ice,0.04718
CM33_SPIN,1566,4,interior,a_ice,0.05267
CM33_SPIN,1566,5,interior,a_ice,0.01793
CM33_SPIN,1566,6,interior,a_ice,0.00802
CM33_SPIN,1566,7,interior,a_ice,0.00001
CM33_SPIN,1566,8,interior,a_ice,0.00000
CM33_SPIN,1566,9,interior,a_ice,0.00000
CM33_SPIN,1566,10,interior,a_ice,0.00034
CM33_SPIN,1566,11,interior,a_ice,0.00021
CM33_SPIN,1566,12,interior,a_ice,0.02709
CM33_SPIN,1566,1,labsea,MLD2,1742.96869
CM33_SPIN,1566,2,labsea,MLD2,1812.60111
CM33_SPIN,1566,3,labsea,MLD2,1728.89335
CM33_SPIN,1566,4,labsea,MLD2,1597.52854
CM33_SPIN,1566,5,labsea,MLD2,1274.86088
CM33_SPIN,1566,6,labsea,MLD2,30.67122
CM33_SPIN,1566,7,labsea,MLD2,13.92594
CM33_SPIN,1566,8,labsea,MLD2,16.64136
CM33_SPIN,1566,9,labsea,MLD2,31.25592
CM33_SPIN,1566,10,labsea,MLD2,92.70698
CM33_SPIN,1566,11,labsea,MLD2,831.48236
CM33_SPIN,1566,12,labsea,MLD2,1606.08675
CM33_SPIN,1566,1,interior,MLD2,2673.51787
CM33_SPIN,1566,2,interior,MLD2,2717.11748
CM33_SPIN,1566,3,interior,MLD2,2626.36288
CM33_SPIN,1566,4,interior,MLD2,2581.33376
CM33_SPIN,1566,5,interior,MLD2,2355.28701
CM33_SPIN,1566,6,interior,MLD2,59.40303
CM33_SPIN,1566,7,interior,MLD2,15.18022
CM33_SPIN,1566,8,interior,MLD2,19.45178
CM33_SPIN,1566,9,interior,MLD2,32.11721
CM33_SPIN,1566,10,interior,MLD2,214.23169
CM33_SPIN,1566,11,interior,MLD2,1880.73706
CM33_SPIN,1566,12,interior,MLD2,2592.22736
CM33_SPIN,1567,1,labsea,a_ice,0.20141
CM33_SPIN,1567,2,labsea,a_ice,0.23154
CM33_SPIN,1567,3,labsea,a_ice,0.26063
CM33_SPIN,1567,4,labsea,a_ice,0.26469
CM33_SPIN,1567,5,labsea,a_ice,0.20236
CM33_SPIN,1567,6,labsea,a_ice,0.09972
CM33_SPIN,1567,7,labsea,a_ice,0.02952
CM33_SPIN,1567,8,labsea,a_ice,0.00372
CM33_SPIN,1567,9,labsea,a_ice,0.00000
CM33_SPIN,1567,10,labsea,a_ice,0.00001
CM33_SPIN,1567,11,labsea,a_ice,0.02448
CM33_SPIN,1567,12,labsea,a_ice,0.11365
CM33_SPIN,1567,1,interior,a_ice,0.04944
CM33_SPIN,1567,2,interior,a_ice,0.06598
CM33_SPIN,1567,3,interior,a_ice,0.12920
CM33_SPIN,1567,4,interior,a_ice,0.09632
CM33_SPIN,1567,5,interior,a_ice,0.04751
CM33_SPIN,1567,6,interior,a_ice,0.02932
CM33_SPIN,1567,7,interior,a_ice,0.00001
CM33_SPIN,1567,8,interior,a_ice,0.00000
CM33_SPIN,1567,9,interior,a_ice,0.00000
CM33_SPIN,1567,10,interior,a_ice,0.00000
CM33_SPIN,1567,11,interior,a_ice,0.00000
CM33_SPIN,1567,12,interior,a_ice,0.00435
CM33_SPIN,1567,1,labsea,MLD2,1672.14664
CM33_SPIN,1567,2,labsea,MLD2,1741.07626
CM33_SPIN,1567,3,labsea,MLD2,1612.27416
CM33_SPIN,1567,4,labsea,MLD2,1482.92481
CM33_SPIN,1567,5,labsea,MLD2,984.10756
CM33_SPIN,1567,6,labsea,MLD2,27.17437
CM33_SPIN,1567,7,labsea,MLD2,14.40477
CM33_SPIN,1567,8,labsea,MLD2,15.79766
CM33_SPIN,1567,9,labsea,MLD2,23.26463
CM33_SPIN,1567,10,labsea,MLD2,36.67370
CM33_SPIN,1567,11,labsea,MLD2,95.85395
CM33_SPIN,1567,12,labsea,MLD2,944.40765
CM33_SPIN,1567,1,interior,MLD2,2577.83443
CM33_SPIN,1567,2,interior,MLD2,2641.64473
CM33_SPIN,1567,3,interior,MLD2,2398.82429
CM33_SPIN,1567,4,interior,MLD2,2273.86330
CM33_SPIN,1567,5,interior,MLD2,1824.69798
CM33_SPIN,1567,6,interior,MLD2,50.63853
CM33_SPIN,1567,7,interior,MLD2,16.15035
CM33_SPIN,1567,8,interior,MLD2,17.34932
CM33_SPIN,1567,9,interior,MLD2,26.50620
CM33_SPIN,1567,10,interior,MLD2,37.60557
CM33_SPIN,1567,11,interior,MLD2,135.12695
CM33_SPIN,1567,12,interior,MLD2,1994.17094
CM33_SPIN,1568,1,labsea,a_ice,0.15458
CM33_SPIN,1568,2,labsea,a_ice,0.20016
CM33_SPIN,1568,3,labsea,a_ice,0.23634
CM33_SPIN,1568,4,labsea,a_ice,0.24374
CM33_SPIN,1568,5,labsea,a_ice,0.20102
CM33_SPIN,1568,6,labsea,a_ice,0.09078
CM33_SPIN,1568,7,labsea,a_ice,0.02596
CM33_SPIN,1568,8,labsea,a_ice,0.00080
CM33_SPIN,1568,9,labsea,a_ice,0.00004
CM33_SPIN,1568,10,labsea,a_ice,0.00142
CM33_SPIN,1568,11,labsea,a_ice,0.02938
CM33_SPIN,1568,12,labsea,a_ice,0.14275
CM33_SPIN,1568,1,interior,a_ice,0.01160
CM33_SPIN,1568,2,interior,a_ice,0.03200
CM33_SPIN,1568,3,interior,a_ice,0.07698
CM33_SPIN,1568,4,interior,a_ice,0.05637
CM33_SPIN,1568,5,interior,a_ice,0.03205
CM33_SPIN,1568,6,interior,a_ice,0.02627
CM33_SPIN,1568,7,interior,a_ice,0.00160
CM33_SPIN,1568,8,interior,a_ice,0.00000
CM33_SPIN,1568,9,interior,a_ice,0.00000
CM33_SPIN,1568,10,interior,a_ice,0.00000
CM33_SPIN,1568,11,interior,a_ice,0.00010
CM33_SPIN,1568,12,interior,a_ice,0.00473
CM33_SPIN,1568,1,labsea,MLD2,1624.29136
CM33_SPIN,1568,2,labsea,MLD2,1669.33660
CM33_SPIN,1568,3,labsea,MLD2,1640.84974
CM33_SPIN,1568,4,labsea,MLD2,1500.76069
CM33_SPIN,1568,5,labsea,MLD2,904.02449
CM33_SPIN,1568,6,labsea,MLD2,105.15413
CM33_SPIN,1568,7,labsea,MLD2,13.59437
CM33_SPIN,1568,8,labsea,MLD2,13.91705
CM33_SPIN,1568,9,labsea,MLD2,22.22367
CM33_SPIN,1568,10,labsea,MLD2,36.72034
CM33_SPIN,1568,11,labsea,MLD2,174.64758
CM33_SPIN,1568,12,labsea,MLD2,1458.95309
CM33_SPIN,1568,1,interior,MLD2,2670.80086
CM33_SPIN,1568,2,interior,MLD2,2617.22449
CM33_SPIN,1568,3,interior,MLD2,2562.30432
CM33_SPIN,1568,4,interior,MLD2,2449.68040
CM33_SPIN,1568,5,interior,MLD2,1821.63539
CM33_SPIN,1568,6,interior,MLD2,292.16601
CM33_SPIN,1568,7,interior,MLD2,13.60679
CM33_SPIN,1568,8,interior,MLD2,15.65506
CM33_SPIN,1568,9,interior,MLD2,24.87491
CM33_SPIN,1568,10,interior,MLD2,39.17088
CM33_SPIN,1568,11,interior,MLD2,303.02239
CM33_SPIN,1568,12,interior,MLD2,2511.90464
CM33_SPIN,1569,1,labsea,a_ice,0.18232
CM33_SPIN,1569,2,labsea,a_ice,0.18846
CM33_SPIN,1569,3,labsea,a_ice,0.24191
CM33_SPIN,1569,4,labsea,a_ice,0.24580
CM33_SPIN,1569,5,labsea,a_ice,0.18079
CM33_SPIN,1569,6,labsea,a_ice,0.09922
CM33_SPIN,1569,7,labsea,a_ice,0.02373
CM33_SPIN,1569,8,labsea,a_ice,0.00080
CM33_SPIN,1569,9,labsea,a_ice,0.00000
CM33_SPIN,1569,10,labsea,a_ice,0.00809
CM33_SPIN,1569,11,labsea,a_ice,0.08372
CM33_SPIN,1569,12,labsea,a_ice,0.16284
CM33_SPIN,1569,1,interior,a_ice,0.01262
CM33_SPIN,1569,2,interior,a_ice,0.01760
CM33_SPIN,1569,3,interior,a_ice,0.04354
CM33_SPIN,1569,4,interior,a_ice,0.05932
CM33_SPIN,1569,5,interior,a_ice,0.09435
CM33_SPIN,1569,6,interior,a_ice,0.00279
CM33_SPIN,1569,7,interior,a_ice,0.00000
CM33_SPIN,1569,8,interior,a_ice,0.00000
CM33_SPIN,1569,9,interior,a_ice,0.00000
CM33_SPIN,1569,10,interior,a_ice,0.00000
CM33_SPIN,1569,11,interior,a_ice,0.00117
CM33_SPIN,1569,12,interior,a_ice,0.02587
CM33_SPIN,1569,1,labsea,MLD2,1657.11471
CM33_SPIN,1569,2,labsea,MLD2,1725.55505
CM33_SPIN,1569,3,labsea,MLD2,1681.67767
CM33_SPIN,1569,4,labsea,MLD2,1489.82649
CM33_SPIN,1569,5,labsea,MLD2,1011.89026
CM33_SPIN,1569,6,labsea,MLD2,55.87178
CM33_SPIN,1569,7,labsea,MLD2,13.85334
CM33_SPIN,1569,8,labsea,MLD2,15.04513
CM33_SPIN,1569,9,labsea,MLD2,20.98899
CM33_SPIN,1569,10,labsea,MLD2,57.62340
CM33_SPIN,1569,11,labsea,MLD2,491.68071
CM33_SPIN,1569,12,labsea,MLD2,1474.34893
CM33_SPIN,1569,1,interior,MLD2,2585.08477
CM33_SPIN,1569,2,interior,MLD2,2637.09555
CM33_SPIN,1569,3,interior,MLD2,2605.02883
CM33_SPIN,1569,4,interior,MLD2,2286.20249
CM33_SPIN,1569,5,interior,MLD2,1818.96582
CM33_SPIN,1569,6,interior,MLD2,116.18602
CM33_SPIN,1569,7,interior,MLD2,15.35554
CM33_SPIN,1569,8,interior,MLD2,17.65007
CM33_SPIN,1569,9,interior,MLD2,24.00616
CM33_SPIN,1569,10,interior,MLD2,93.70473
CM33_SPIN,1569,11,interior,MLD2,1279.15752
CM33_SPIN,1569,12,interior,MLD2,2578.29647
CM33_SPIN,1570,1,labsea,a_ice,0.21350
CM33_SPIN,1570,2,labsea,a_ice,0.29131
CM33_SPIN,1570,3,labsea,a_ice,0.29707
CM33_SPIN,1570,4,labsea,a_ice,0.22989
CM33_SPIN,1570,5,labsea,a_ice,0.20042
CM33_SPIN,1570,6,labsea,a_ice,0.09517
CM33_SPIN,1570,7,labsea,a_ice,0.01905
CM33_SPIN,1570,8,labsea,a_ice,0.00331
CM33_SPIN,1570,9,labsea,a_ice,0.00017
CM33_SPIN,1570,10,labsea,a_ice,0.00155
CM33_SPIN,1570,11,labsea,a_ice,0.04850
CM33_SPIN,1570,12,labsea,a_ice,0.20483
CM33_SPIN,1570,1,interior,a_ice,0.04926
CM33_SPIN,1570,2,interior,a_ice,0.08615
CM33_SPIN,1570,3,interior,a_ice,0.12093
CM33_SPIN,1570,4,interior,a_ice,0.06027
CM33_SPIN,1570,5,interior,a_ice,0.04193
CM33_SPIN,1570,6,interior,a_ice,0.01703
CM33_SPIN,1570,7,interior,a_ice,0.00010
CM33_SPIN,1570,8,interior,a_ice,0.00000
CM33_SPIN,1570,9,interior,a_ice,0.00000
CM33_SPIN,1570,10,interior,a_ice,0.00000
CM33_SPIN,1570,11,interior,a_ice,0.00013
CM33_SPIN,1570,12,interior,a_ice,0.02949
CM33_SPIN,1570,1,labsea,MLD2,1708.98148
CM33_SPIN,1570,2,labsea,MLD2,1651.37844
CM33_SPIN,1570,3,labsea,MLD2,1563.05927
CM33_SPIN,1570,4,labsea,MLD2,1534.44004
CM33_SPIN,1570,5,labsea,MLD2,842.67944
CM33_SPIN,1570,6,labsea,MLD2,14.27914
CM33_SPIN,1570,7,labsea,MLD2,11.05061
CM33_SPIN,1570,8,labsea,MLD2,15.26620
CM33_SPIN,1570,9,labsea,MLD2,22.13940
CM33_SPIN,1570,10,labsea,MLD2,30.76222
CM33_SPIN,1570,11,labsea,MLD2,606.61015
CM33_SPIN,1570,12,labsea,MLD2,1620.15091
CM33_SPIN,1570,1,interior,MLD2,2608.54799
CM33_SPIN,1570,2,interior,MLD2,2544.01437
CM33_SPIN,1570,3,interior,MLD2,2362.29062
CM33_SPIN,1570,4,interior,MLD2,2476.33547
CM33_SPIN,1570,5,interior,MLD2,1707.29614
CM33_SPIN,1570,6,interior,MLD2,15.98323
CM33_SPIN,1570,7,interior,MLD2,11.18782
CM33_SPIN,1570,8,interior,MLD2,16.51176
CM33_SPIN,1570,9,interior,MLD2,24.68209
CM33_SPIN,1570,10,interior,MLD2,35.08372
CM33_SPIN,1570,11,interior,MLD2,1442.25181
CM33_SPIN,1570,12,interior,MLD2,2646.47006
CM33_SPIN,1571,1,labsea,a_ice,0.27373
CM33_SPIN,1571,2,labsea,a_ice,0.26372
CM33_SPIN,1571,3,labsea,a_ice,0.31043
CM33_SPIN,1571,4,labsea,a_ice,0.33684
CM33_SPIN,1571,5,labsea,a_ice,0.30872
CM33_SPIN,1571,6,labsea,a_ice,0.18592
CM33_SPIN,1571,7,labsea,a_ice,0.07070
CM33_SPIN,1571,8,labsea,a_ice,0.01039
CM33_SPIN,1571,9,labsea,a_ice,0.00443
CM33_SPIN,1571,10,labsea,a_ice,0.02674
CM33_SPIN,1571,11,labsea,a_ice,0.09890
CM33_SPIN,1571,12,labsea,a_ice,0.18403
CM33_SPIN,1571,1,interior,a_ice,0.09338
CM33_SPIN,1571,2,interior,a_ice,0.07432
CM33_SPIN,1571,3,interior,a_ice,0.09441
CM33_SPIN,1571,4,interior,a_ice,0.14258
CM33_SPIN,1571,5,interior,a_ice,0.15164
CM33_SPIN,1571,6,interior,a_ice,0.05938
CM33_SPIN,1571,7,interior,a_ice,0.00510
CM33_SPIN,1571,8,interior,a_ice,0.00001
CM33_SPIN,1571,9,interior,a_ice,0.00000
CM33_SPIN,1571,10,interior,a_ice,0.00000
CM33_SPIN,1571,11,interior,a_ice,0.00514
CM33_SPIN,1571,12,interior,a_ice,0.02334
CM33_SPIN,1571,1,labsea,MLD2,1596.87210
CM33_SPIN,1571,2,labsea,MLD2,1598.42363
CM33_SPIN,1571,3,labsea,MLD2,1518.18382
CM33_SPIN,1571,4,labsea,MLD2,1275.84595
CM33_SPIN,1571,5,labsea,MLD2,903.77649
CM33_SPIN,1571,6,labsea,MLD2,30.18627
CM33_SPIN,1571,7,labsea,MLD2,12.23984
CM33_SPIN,1571,8,labsea,MLD2,13.68080
CM33_SPIN,1571,9,labsea,MLD2,18.72722
CM33_SPIN,1571,10,labsea,MLD2,29.32877
CM33_SPIN,1571,11,labsea,MLD2,538.37468
CM33_SPIN,1571,12,labsea,MLD2,1451.36999
CM33_SPIN,1571,1,interior,MLD2,2393.40751
CM33_SPIN,1571,2,interior,MLD2,2491.52613
CM33_SPIN,1571,3,interior,MLD2,2417.13404
CM33_SPIN,1571,4,interior,MLD2,2014.76873
CM33_SPIN,1571,5,interior,MLD2,1516.42465
CM33_SPIN,1571,6,interior,MLD2,69.46566
CM33_SPIN,1571,7,interior,MLD2,13.84007
CM33_SPIN,1571,8,interior,MLD2,15.10475
CM33_SPIN,1571,9,interior,MLD2,20.57739
CM33_SPIN,1571,10,interior,MLD2,33.17629
CM33_SPIN,1571,11,interior,MLD2,1421.44391
CM33_SPIN,1571,12,interior,MLD2,2614.63062
CM33_SPIN,1572,1,labsea,a_ice,0.19168
CM33_SPIN,1572,2,labsea,a_ice,0.21492
CM33_SPIN,1572,3,labsea,a_ice,0.23205
CM33_SPIN,1572,4,labsea,a_ice,0.22959
CM33_SPIN,1572,5,labsea,a_ice,0.20466
CM33_SPIN,1572,6,labsea,a_ice,0.12948
CM33_SPIN,1572,7,labsea,a_ice,0.04160
CM33_SPIN,1572,8,labsea,a_ice,0.01010
CM33_SPIN,1572,9,labsea,a_ice,0.00000
CM33_SPIN,1572,10,labsea,a_ice,0.00387
CM33_SPIN,1572,11,labsea,a_ice,0.04694
CM33_SPIN,1572,12,labsea,a_ice,0.16471
CM33_SPIN,1572,1,interior,a_ice,0.02297
CM33_SPIN,1572,2,interior,a_ice,0.03553
CM33_SPIN,1572,3,interior,a_ice,0.02796
CM33_SPIN,1572,4,interior,a_ice,0.06297
CM33_SPIN,1572,5,interior,a_ice,0.07081
CM33_SPIN,1572,6,interior,a_ice,0.01054
CM33_SPIN,1572,7,interior,a_ice,0.00042
CM33_SPIN,1572,8,interior,a_ice,0.00000
CM33_SPIN,1572,9,interior,a_ice,0.00000
CM33_SPIN,1572,10,interior,a_ice,0.00000
CM33_SPIN,1572,11,interior,a_ice,0.00063
CM33_SPIN,1572,12,interior,a_ice,0.02448
CM33_SPIN,1572,1,labsea,MLD2,1684.25658
CM33_SPIN,1572,2,labsea,MLD2,1669.29329
CM33_SPIN,1572,3,labsea,MLD2,1592.46777
CM33_SPIN,1572,4,labsea,MLD2,1493.67711
CM33_SPIN,1572,5,labsea,MLD2,818.42023
CM33_SPIN,1572,6,labsea,MLD2,23.18386
CM33_SPIN,1572,7,labsea,MLD2,11.81573
CM33_SPIN,1572,8,labsea,MLD2,13.44494
CM33_SPIN,1572,9,labsea,MLD2,23.54724
CM33_SPIN,1572,10,labsea,MLD2,35.19811
CM33_SPIN,1572,11,labsea,MLD2,205.62385
CM33_SPIN,1572,12,labsea,MLD2,1335.40240
CM33_SPIN,1572,1,interior,MLD2,2658.83160
CM33_SPIN,1572,2,interior,MLD2,2605.01711
CM33_SPIN,1572,3,interior,MLD2,2469.81376
CM33_SPIN,1572,4,interior,MLD2,2222.52215
CM33_SPIN,1572,5,interior,MLD2,1682.05004
CM33_SPIN,1572,6,interior,MLD2,46.81522
CM33_SPIN,1572,7,interior,MLD2,12.60084
CM33_SPIN,1572,8,interior,MLD2,14.28754
CM33_SPIN,1572,9,interior,MLD2,25.17741
CM33_SPIN,1572,10,interior,MLD2,40.02177
CM33_SPIN,1572,11,interior,MLD2,529.62019
CM33_SPIN,1572,12,interior,MLD2,2473.32356
CM33_SPIN,1573,1,labsea,a_ice,0.22061
CM33_SPIN,1573,2,labsea,a_ice,0.19004
CM33_SPIN,1573,3,labsea,a_ice,0.18499
CM33_SPIN,1573,4,labsea,a_ice,0.19597
CM33_SPIN,1573,5,labsea,a_ice,0.16114
CM33_SPIN,1573,6,labsea,a_ice,0.05795
CM33_SPIN,1573,7,labsea,a_ice,0.00686
CM33_SPIN,1573,8,labsea,a_ice,0.00002
CM33_SPIN,1573,9,labsea,a_ice,0.00000
CM33_SPIN,1573,10,labsea,a_ice,0.01170
CM33_SPIN,1573,11,labsea,a_ice,0.11408
CM33_SPIN,1573,12,labsea,a_ice,0.25431
CM33_SPIN,1573,1,interior,a_ice,0.06347
CM33_SPIN,1573,2,interior,a_ice,0.02461
CM33_SPIN,1573,3,interior,a_ice,0.04163
CM33_SPIN,1573,4,interior,a_ice,0.05068
CM33_SPIN,1573,5,interior,a_ice,0.03156
CM33_SPIN,1573,6,interior,a_ice,0.00521
CM33_SPIN,1573,7,interior,a_ice,0.00000
CM33_SPIN,1573,8,interior,a_ice,0.00000
CM33_SPIN,1573,9,interior,a_ice,0.00000
CM33_SPIN,1573,10,interior,a_ice,0.00008
CM33_SPIN,1573,11,interior,a_ice,0.00317
CM33_SPIN,1573,12,interior,a_ice,0.06160
CM33_SPIN,1573,1,labsea,MLD2,1725.02521
CM33_SPIN,1573,2,labsea,MLD2,1701.87649
CM33_SPIN,1573,3,labsea,MLD2,1602.67260
CM33_SPIN,1573,4,labsea,MLD2,1545.60578
CM33_SPIN,1573,5,labsea,MLD2,493.57309
CM33_SPIN,1573,6,labsea,MLD2,17.54596
CM33_SPIN,1573,7,labsea,MLD2,10.71815
CM33_SPIN,1573,8,labsea,MLD2,14.08343
CM33_SPIN,1573,9,labsea,MLD2,22.52976
CM33_SPIN,1573,10,labsea,MLD2,36.77854
CM33_SPIN,1573,11,labsea,MLD2,644.42857
CM33_SPIN,1573,12,labsea,MLD2,1467.96836
CM33_SPIN,1573,1,interior,MLD2,2610.94614
CM33_SPIN,1573,2,interior,MLD2,2599.59379
CM33_SPIN,1573,3,interior,MLD2,2430.62866
CM33_SPIN,1573,4,interior,MLD2,2428.58914
CM33_SPIN,1573,5,interior,MLD2,1116.73254
CM33_SPIN,1573,6,interior,MLD2,22.76703
CM33_SPIN,1573,7,interior,MLD2,11.92166
CM33_SPIN,1573,8,interior,MLD2,15.87309
CM33_SPIN,1573,9,interior,MLD2,23.66435
CM33_SPIN,1573,10,interior,MLD2,49.94956
CM33_SPIN,1573,11,interior,MLD2,1560.58155
CM33_SPIN,1573,12,interior,MLD2,2483.89996
CM33_SPIN,1574,1,labsea,a_ice,0.32295
CM33_SPIN,1574,2,labsea,a_ice,0.33629
CM33_SPIN,1574,3,labsea,a_ice,0.35495
CM33_SPIN,1574,4,labsea,a_ice,0.36906
CM33_SPIN,1574,5,labsea,a_ice,0.30429
CM33_SPIN,1574,6,labsea,a_ice,0.20175
CM33_SPIN,1574,7,labsea,a_ice,0.07474
CM33_SPIN,1574,8,labsea,a_ice,0.02260
CM33_SPIN,1574,9,labsea,a_ice,0.01698
CM33_SPIN,1574,10,labsea,a_ice,0.02569
CM33_SPIN,1574,11,labsea,a_ice,0.08628
CM33_SPIN,1574,12,labsea,a_ice,0.16431
CM33_SPIN,1574,1,interior,a_ice,0.13313
CM33_SPIN,1574,2,interior,a_ice,0.10033
CM33_SPIN,1574,3,interior,a_ice,0.16993
CM33_SPIN,1574,4,interior,a_ice,0.14906
CM33_SPIN,1574,5,interior,a_ice,0.16005
CM33_SPIN,1574,6,interior,a_ice,0.04082
CM33_SPIN,1574,7,interior,a_ice,0.00566
CM33_SPIN,1574,8,interior,a_ice,0.00000
CM33_SPIN,1574,9,interior,a_ice,0.00000
CM33_SPIN,1574,10,interior,a_ice,0.00000
CM33_SPIN,1574,11,interior,a_ice,0.00057
CM33_SPIN,1574,12,interior,a_ice,0.02729
CM33_SPIN,1574,1,labsea,MLD2,1517.64417
CM33_SPIN,1574,2,labsea,MLD2,1480.84245
CM33_SPIN,1574,3,labsea,MLD2,1554.51340
CM33_SPIN,1574,4,labsea,MLD2,1345.76670
CM33_SPIN,1574,5,labsea,MLD2,786.42687
CM33_SPIN,1574,6,labsea,MLD2,58.50757
CM33_SPIN,1574,7,labsea,MLD2,11.58397
CM33_SPIN,1574,8,labsea,MLD2,15.62652
CM33_SPIN,1574,9,labsea,MLD2,26.43860
CM33_SPIN,1574,10,labsea,MLD2,34.23476
CM33_SPIN,1574,11,labsea,MLD2,587.95279
CM33_SPIN,1574,12,labsea,MLD2,1593.72764
CM33_SPIN,1574,1,interior,MLD2,2329.53212
CM33_SPIN,1574,2,interior,MLD2,2351.17562
CM33_SPIN,1574,3,interior,MLD2,2310.98163
CM33_SPIN,1574,4,interior,MLD2,2056.60496
CM33_SPIN,1574,5,interior,MLD2,1240.77625
CM33_SPIN,1574,6,interior,MLD2,169.94897
CM33_SPIN,1574,7,interior,MLD2,13.17379
CM33_SPIN,1574,8,interior,MLD2,16.05280
CM33_SPIN,1574,9,interior,MLD2,28.68990
CM33_SPIN,1574,10,interior,MLD2,38.29562
CM33_SPIN,1574,11,interior,MLD2,1473.00691
CM33_SPIN,1574,12,interior,MLD2,2631.18816
CM33_SPIN,1575,1,labsea,a_ice,0.20784
CM33_SPIN,1575,2,labsea,a_ice,0.31703
CM33_SPIN,1575,3,labsea,a_ice,0.34457
CM33_SPIN,1575,4,labsea,a_ice,0.28179
CM33_SPIN,1575,5,labsea,a_ice,0.26119
CM33_SPIN,1575,6,labsea,a_ice,0.15913
CM33_SPIN,1575,7,labsea,a_ice,0.06115
CM33_SPIN,1575,8,labsea,a_ice,0.00274
CM33_SPIN,1575,9,labsea,a_ice,0.00000
CM33_SPIN,1575,10,labsea,a_ice,0.01088
CM33_SPIN,1575,11,labsea,a_ice,0.10149
CM33_SPIN,1575,12,labsea,a_ice,0.18076
CM33_SPIN,1575,1,interior,a_ice,0.05015
CM33_SPIN,1575,2,interior,a_ice,0.11679
CM33_SPIN,1575,3,interior,a_ice,0.13774
CM33_SPIN,1575,4,interior,a_ice,0.09327
CM33_SPIN,1575,5,interior,a_ice,0.05271
CM33_SPIN,1575,6,interior,a_ice,0.02870
CM33_SPIN,1575,7,interior,a_ice,0.00308
CM33_SPIN,1575,8,interior,a_ice,0.00006
CM33_SPIN,1575,9,interior,a_ice,0.00000
CM33_SPIN,1575,10,interior,a_ice,0.00000
CM33_SPIN,1575,11,interior,a_ice,0.00647
CM33_SPIN,1575,12,interior,a_ice,0.03030
CM33_SPIN,1575,1,labsea,MLD2,1728.11841
CM33_SPIN,1575,2,labsea,MLD2,1614.55310
CM33_SPIN,1575,3,labsea,MLD2,1571.18611
CM33_SPIN,1575,4,labsea,MLD2,1417.08189
CM33_SPIN,1575,5,labsea,MLD2,770.36933
CM33_SPIN,1575,6,labsea,MLD2,26.94323
CM33_SPIN,1575,7,labsea,MLD2,12.18449
CM33_SPIN,1575,8,labsea,MLD2,16.34066
CM33_SPIN,1575,9,labsea,MLD2,25.70837
CM33_SPIN,1575,10,labsea,MLD2,49.75738
CM33_SPIN,1575,11,labsea,MLD2,738.54454
CM33_SPIN,1575,12,labsea,MLD2,1565.14167
CM33_SPIN,1575,1,interior,MLD2,2651.99042
CM33_SPIN,1575,2,interior,MLD2,2471.29111
CM33_SPIN,1575,3,interior,MLD2,2387.48229
CM33_SPIN,1575,4,interior,MLD2,2288.65613
CM33_SPIN,1575,5,interior,MLD2,1951.81186
CM33_SPIN,1575,6,interior,MLD2,61.48633
CM33_SPIN,1575,7,interior,MLD2,13.92816
CM33_SPIN,1575,8,interior,MLD2,19.60982
CM33_SPIN,1575,9,interior,MLD2,28.93057
CM33_SPIN,1575,10,interior,MLD2,72.75827
CM33_SPIN,1575,11,interior,MLD2,1750.17700
CM33_SPIN,1575,12,interior,MLD2,2624.10871
CM33_SPIN,1576,1,labsea,a_ice,0.21150
CM33_SPIN,1576,2,labsea,a_ice,0.23954
CM33_SPIN,1576,3,labsea,a_ice,0.23080
CM33_SPIN,1576,4,labsea,a_ice,0.20676
CM33_SPIN,1576,5,labsea,a_ice,0.15596
CM33_SPIN,1576,6,labsea,a_ice,0.10636
CM33_SPIN,1576,7,labsea,a_ice,0.03832
CM33_SPIN,1576,8,labsea,a_ice,0.00539
CM33_SPIN,1576,9,labsea,a_ice,0.00020
CM33_SPIN,1576,10,labsea,a_ice,0.00660
CM33_SPIN,1576,11,labsea,a_ice,0.09354
CM33_SPIN,1576,12,labsea,a_ice,0.15396
CM33_SPIN,1576,1,interior,a_ice,0.05689
CM33_SPIN,1576,2,interior,a_ice,0.06040
CM33_SPIN,1576,3,interior,a_ice,0.07980
CM33_SPIN,1576,4,interior,a_ice,0.04710
CM33_SPIN,1576,5,interior,a_ice,0.01649
CM33_SPIN,1576,6,interior,a_ice,0.00926
CM33_SPIN,1576,7,interior,a_ice,0.00082
CM33_SPIN,1576,8,interior,a_ice,0.00000
CM33_SPIN,1576,9,interior,a_ice,0.00000
CM33_SPIN,1576,10,interior,a_ice,0.00000
CM33_SPIN,1576,11,interior,a_ice,0.00194
CM33_SPIN,1576,12,interior,a_ice,0.02004
CM33_SPIN,1576,1,labsea,MLD2,1750.70109
CM33_SPIN,1576,2,labsea,MLD2,1743.57600
CM33_SPIN,1576,3,labsea,MLD2,1714.43911
CM33_SPIN,1576,4,labsea,MLD2,1642.93557
CM33_SPIN,1576,5,labsea,MLD2,869.19317
CM33_SPIN,1576,6,labsea,MLD2,29.62458
CM33_SPIN,1576,7,labsea,MLD2,15.23819
CM33_SPIN,1576,8,labsea,MLD2,16.79408
CM33_SPIN,1576,9,labsea,MLD2,25.86433
CM33_SPIN,1576,10,labsea,MLD2,74.96620
CM33_SPIN,1576,11,labsea,MLD2,720.63578
CM33_SPIN,1576,12,labsea,MLD2,1284.46608
CM33_SPIN,1576,1,interior,MLD2,2612.72849
CM33_SPIN,1576,2,interior,MLD2,2635.58875
CM33_SPIN,1576,3,interior,MLD2,2583.99372
CM33_SPIN,1576,4,interior,MLD2,2544.84540
CM33_SPIN,1576,5,interior,MLD2,1636.51825
CM33_SPIN,1576,6,interior,MLD2,50.19475
CM33_SPIN,1576,7,interior,MLD2,19.59272
CM33_SPIN,1576,8,interior,MLD2,19.40261
CM33_SPIN,1576,9,interior,MLD2,29.23658
CM33_SPIN,1576,10,interior,MLD2,161.09647
CM33_SPIN,1576,11,interior,MLD2,1673.19618
CM33_SPIN,1576,12,interior,MLD2,2568.83697
CM33_SPIN,1577,1,labsea,a_ice,0.21192
CM33_SPIN,1577,2,labsea,a_ice,0.27441
CM33_SPIN,1577,3,labsea,a_ice,0.35591
CM33_SPIN,1577,4,labsea,a_ice,0.35123
CM33_SPIN,1577,5,labsea,a_ice,0.26454
CM33_SPIN,1577,6,labsea,a_ice,0.12533
CM33_SPIN,1577,7,labsea,a_ice,0.04480
CM33_SPIN,1577,8,labsea,a_ice,0.00553
CM33_SPIN,1577,9,labsea,a_ice,0.00014
CM33_SPIN,1577,10,labsea,a_ice,0.00234
CM33_SPIN,1577,11,labsea,a_ice,0.05145
CM33_SPIN,1577,12,labsea,a_ice,0.13978
CM33_SPIN,1577,1,interior,a_ice,0.03015
CM33_SPIN,1577,2,interior,a_ice,0.06595
CM33_SPIN,1577,3,interior,a_ice,0.18953
CM33_SPIN,1577,4,interior,a_ice,0.28168
CM33_SPIN,1577,5,interior,a_ice,0.12608
CM33_SPIN,1577,6,interior,a_ice,0.01459
CM33_SPIN,1577,7,interior,a_ice,0.00027
CM33_SPIN,1577,8,interior,a_ice,0.00000
CM33_SPIN,1577,9,interior,a_ice,0.00000
CM33_SPIN,1577,10,interior,a_ice,0.00000
CM33_SPIN,1577,11,interior,a_ice,0.00008
CM33_SPIN,1577,12,interior,a_ice,0.01407
CM33_SPIN,1577,1,labsea,MLD2,1714.64538
CM33_SPIN,1577,2,labsea,MLD2,1593.89604
CM33_SPIN,1577,3,labsea,MLD2,1229.44582
CM33_SPIN,1577,4,labsea,MLD2,1094.40170
CM33_SPIN,1577,5,labsea,MLD2,527.38886
CM33_SPIN,1577,6,labsea,MLD2,22.21642
CM33_SPIN,1577,7,labsea,MLD2,12.96851
CM33_SPIN,1577,8,labsea,MLD2,16.04462
CM33_SPIN,1577,9,labsea,MLD2,21.71043
CM33_SPIN,1577,10,labsea,MLD2,40.63039
CM33_SPIN,1577,11,labsea,MLD2,600.32252
CM33_SPIN,1577,12,labsea,MLD2,1577.05421
CM33_SPIN,1577,1,interior,MLD2,2673.04618
CM33_SPIN,1577,2,interior,MLD2,2491.03166
CM33_SPIN,1577,3,interior,MLD2,1821.79402
CM33_SPIN,1577,4,interior,MLD2,1212.77061
CM33_SPIN,1577,5,interior,MLD2,601.64047
CM33_SPIN,1577,6,interior,MLD2,16.82001
CM33_SPIN,1577,7,interior,MLD2,13.73639
CM33_SPIN,1577,8,interior,MLD2,17.39856
CM33_SPIN,1577,9,interior,MLD2,22.25671
CM33_SPIN,1577,10,interior,MLD2,41.66406
CM33_SPIN,1577,11,interior,MLD2,1192.12105
CM33_SPIN,1577,12,interior,MLD2,2634.90367
CM33_SPIN,1578,1,labsea,a_ice,0.19197
CM33_SPIN,1578,2,labsea,a_ice,0.23506
CM33_SPIN,1578,3,labsea,a_ice,0.23938
CM33_SPIN,1578,4,labsea,a_ice,0.23427
CM33_SPIN,1578,5,labsea,a_ice,0.17290
CM33_SPIN,1578,6,labsea,a_ice,0.08813
CM33_SPIN,1578,7,labsea,a_ice,0.02833
CM33_SPIN,1578,8,labsea,a_ice,0.00559
CM33_SPIN,1578,9,labsea,a_ice,0.00140
CM33_SPIN,1578,10,labsea,a_ice,0.00543
CM33_SPIN,1578,11,labsea,a_ice,0.08131
CM33_SPIN,1578,12,labsea,a_ice,0.23550
CM33_SPIN,1578,1,interior,a_ice,0.02030
CM33_SPIN,1578,2,interior,a_ice,0.03507
CM33_SPIN,1578,3,interior,a_ice,0.06187
CM33_SPIN,1578,4,interior,a_ice,0.04741
CM33_SPIN,1578,5,interior,a_ice,0.02967
CM33_SPIN,1578,6,interior,a_ice,0.00125
CM33_SPIN,1578,7,interior,a_ice,0.00000
CM33_SPIN,1578,8,interior,a_ice,0.00000
CM33_SPIN,1578,9,interior,a_ice,0.00000
CM33_SPIN,1578,10,interior,a_ice,0.00017
CM33_SPIN,1578,11,interior,a_ice,0.00174
CM33_SPIN,1578,12,interior,a_ice,0.05763
CM33_SPIN,1578,1,labsea,MLD2,1748.30314
CM33_SPIN,1578,2,labsea,MLD2,1658.43702
CM33_SPIN,1578,3,labsea,MLD2,1615.83201
CM33_SPIN,1578,4,labsea,MLD2,1443.87995
CM33_SPIN,1578,5,labsea,MLD2,898.84799
CM33_SPIN,1578,6,labsea,MLD2,15.02577
CM33_SPIN,1578,7,labsea,MLD2,14.51726
CM33_SPIN,1578,8,labsea,MLD2,16.26200
CM33_SPIN,1578,9,labsea,MLD2,21.65497
CM33_SPIN,1578,10,labsea,MLD2,31.84628
CM33_SPIN,1578,11,labsea,MLD2,685.85278
CM33_SPIN,1578,12,labsea,MLD2,1385.79535
CM33_SPIN,1578,1,interior,MLD2,2652.80406
CM33_SPIN,1578,2,interior,MLD2,2616.22259
CM33_SPIN,1578,3,interior,MLD2,2536.56103
CM33_SPIN,1578,4,interior,MLD2,2217.54932
CM33_SPIN,1578,5,interior,MLD2,1518.08371
CM33_SPIN,1578,6,interior,MLD2,17.74583
CM33_SPIN,1578,7,interior,MLD2,15.61934
CM33_SPIN,1578,8,interior,MLD2,17.36724
CM33_SPIN,1578,9,interior,MLD2,22.89789
CM33_SPIN,1578,10,interior,MLD2,35.88851
CM33_SPIN,1578,11,interior,MLD2,1476.87903
CM33_SPIN,1578,12,interior,MLD2,2336.88796
CM33_SPIN,1579,1,labsea,a_ice,0.34604
CM33_SPIN,1579,2,labsea,a_ice,0.40535
CM33_SPIN,1579,3,labsea,a_ice,0.35904
CM33_SPIN,1579,4,labsea,a_ice,0.30148
CM33_SPIN,1579,5,labsea,a_ice,0.20281
CM33_SPIN,1579,6,labsea,a_ice,0.09507
CM33_SPIN,1579,7,labsea,a_ice,0.04347
CM33_SPIN,1579,8,labsea,a_ice,0.01211
CM33_SPIN,1579,9,labsea,a_ice,0.00946
CM33_SPIN,1579,10,labsea,a_ice,0.02042
CM33_SPIN,1579,11,labsea,a_ice,0.07445
CM33_SPIN,1579,12,labsea,a_ice,0.21835
CM33_SPIN,1579,1,interior,a_ice,0.19912
CM33_SPIN,1579,2,interior,a_ice,0.22823
CM33_SPIN,1579,3,interior,a_ice,0.20980
CM33_SPIN,1579,4,interior,a_ice,0.18489
CM33_SPIN,1579,5,interior,a_ice,0.04662
CM33_SPIN,1579,6,interior,a_ice,0.00850
CM33_SPIN,1579,7,interior,a_ice,0.00000
CM33_SPIN,1579,8,interior,a_ice,0.00000
CM33_SPIN,1579,9,interior,a_ice,0.00000
CM33_SPIN,1579,10,interior,a_ice,0.00011
CM33_SPIN,1579,11,interior,a_ice,0.00197
CM33_SPIN,1579,12,interior,a_ice,0.03983
CM33_SPIN,1579,1,labsea,MLD2,1517.35211
CM33_SPIN,1579,2,labsea,MLD2,1412.53867
CM33_SPIN,1579,3,labsea,MLD2,1415.99328
CM33_SPIN,1579,4,labsea,MLD2,1138.43829
CM33_SPIN,1579,5,labsea,MLD2,510.82074
CM33_SPIN,1579,6,labsea,MLD2,66.60348
CM33_SPIN,1579,7,labsea,MLD2,14.72194
CM33_SPIN,1579,8,labsea,MLD2,12.53024
CM33_SPIN,1579,9,labsea,MLD2,20.60346
CM33_SPIN,1579,10,labsea,MLD2,39.17495
CM33_SPIN,1579,11,labsea,MLD2,504.12903
CM33_SPIN,1579,12,labsea,MLD2,1320.69818
CM33_SPIN,1579,1,interior,MLD2,2180.45747
CM33_SPIN,1579,2,interior,MLD2,2020.79741
CM33_SPIN,1579,3,interior,MLD2,2118.88251
CM33_SPIN,1579,4,interior,MLD2,1697.44276
CM33_SPIN,1579,5,interior,MLD2,1009.95990
CM33_SPIN,1579,6,interior,MLD2,173.11676
CM33_SPIN,1579,7,interior,MLD2,18.19813
CM33_SPIN,1579,8,interior,MLD2,14.48914
CM33_SPIN,1579,9,interior,MLD2,23.33369
CM33_SPIN,1579,10,interior,MLD2,44.56532
CM33_SPIN,1579,11,interior,MLD2,1146.34872
CM33_SPIN,1579,12,interior,MLD2,2341.03212
CM33_SPIN,1580,1,labsea,a_ice,0.29166
CM33_SPIN,1580,2,labsea,a_ice,0.29902
CM33_SPIN,1580,3,labsea,a_ice,0.27488
CM33_SPIN,1580,4,labsea,a_ice,0.27481
CM33_SPIN,1580,5,labsea,a_ice,0.24486
CM33_SPIN,1580,6,labsea,a_ice,0.16021
CM33_SPIN,1580,7,labsea,a_ice,0.04768
CM33_SPIN,1580,8,labsea,a_ice,0.00394
CM33_SPIN,1580,9,labsea,a_ice,0.00000
CM33_SPIN,1580,10,labsea,a_ice,0.00058
CM33_SPIN,1580,11,labsea,a_ice,0.07312
CM33_SPIN,1580,12,labsea,a_ice,0.16831
CM33_SPIN,1580,1,interior,a_ice,0.11756
CM33_SPIN,1580,2,interior,a_ice,0.11861
CM33_SPIN,1580,3,interior,a_ice,0.09645
CM33_SPIN,1580,4,interior,a_ice,0.14032
CM33_SPIN,1580,5,interior,a_ice,0.06311
CM33_SPIN,1580,6,interior,a_ice,0.02869
CM33_SPIN,1580,7,interior,a_ice,0.00532
CM33_SPIN,1580,8,interior,a_ice,0.00000
CM33_SPIN,1580,9,interior,a_ice,0.00000
CM33_SPIN,1580,10,interior,a_ice,0.00000
CM33_SPIN,1580,11,interior,a_ice,0.00155
CM33_SPIN,1580,12,interior,a_ice,0.02240
CM33_SPIN,1580,1,labsea,MLD2,1538.77402
CM33_SPIN,1580,2,labsea,MLD2,1450.39671
CM33_SPIN,1580,3,labsea,MLD2,1408.07858
CM33_SPIN,1580,4,labsea,MLD2,1276.32554
CM33_SPIN,1580,5,labsea,MLD2,745.98180
CM33_SPIN,1580,6,labsea,MLD2,183.08947
CM33_SPIN,1580,7,labsea,MLD2,16.93090
CM33_SPIN,1580,8,labsea,MLD2,16.33127
CM33_SPIN,1580,9,labsea,MLD2,23.11781
CM33_SPIN,1580,10,labsea,MLD2,34.90694
CM33_SPIN,1580,11,labsea,MLD2,636.59381
CM33_SPIN,1580,12,labsea,MLD2,1628.59367
CM33_SPIN,1580,1,interior,MLD2,2363.49378
CM33_SPIN,1580,2,interior,MLD2,2177.57269
CM33_SPIN,1580,3,interior,MLD2,1967.47363
CM33_SPIN,1580,4,interior,MLD2,1687.37527
CM33_SPIN,1580,5,interior,MLD2,1645.27666
CM33_SPIN,1580,6,interior,MLD2,550.31933
CM33_SPIN,1580,7,interior,MLD2,19.73269
CM33_SPIN,1580,8,interior,MLD2,18.56694
CM33_SPIN,1580,9,interior,MLD2,26.33353
CM33_SPIN,1580,10,interior,MLD2,35.83922
CM33_SPIN,1580,11,interior,MLD2,1465.62565
CM33_SPIN,1580,12,interior,MLD2,2651.89549
CM33_SPIN,1581,1,labsea,a_ice,0.20284
CM33_SPIN,1581,2,labsea,a_ice,0.24897
CM33_SPIN,1581,3,labsea,a_ice,0.33792
CM33_SPIN,1581,4,labsea,a_ice,0.34548
CM33_SPIN,1581,5,labsea,a_ice,0.26732
CM33_SPIN,1581,6,labsea,a_ice,0.15891
CM33_SPIN,1581,7,labsea,a_ice,0.03712
CM33_SPIN,1581,8,labsea,a_ice,0.00503
CM33_SPIN,1581,9,labsea,a_ice,0.00001
CM33_SPIN,1581,10,labsea,a_ice,0.00036
CM33_SPIN,1581,11,labsea,a_ice,0.01559
CM33_SPIN,1581,12,labsea,a_ice,0.12377
CM33_SPIN,1581,1,interior,a_ice,0.04718
CM33_SPIN,1581,2,interior,a_ice,0.06778
CM33_SPIN,1581,3,interior,a_ice,0.15292
CM33_SPIN,1581,4,interior,a_ice,0.18624
CM33_SPIN,1581,5,interior,a_ice,0.08049
CM33_SPIN,1581,6,interior,a_ice,0.02585
CM33_SPIN,1581,7,interior,a_ice,0.00205
CM33_SPIN,1581,8,interior,a_ice,0.00000
CM33_SPIN,1581,9,interior,a_ice,0.00000
CM33_SPIN,1581,10,interior,a_ice,0.00000
CM33_SPIN,1581,11,interior,a_ice,0.00000
CM33_SPIN,1581,12,interior,a_ice,0.00682
CM33_SPIN,1581,1,labsea,MLD2,1628.20349
CM33_SPIN,1581,2,labsea,MLD2,1570.60933
CM33_SPIN,1581,3,labsea,MLD2,1481.81616
CM33_SPIN,1581,4,labsea,MLD2,1385.99587
CM33_SPIN,1581,5,labsea,MLD2,1181.52060
CM33_SPIN,1581,6,labsea,MLD2,66.64856
CM33_SPIN,1581,7,labsea,MLD2,14.75504
CM33_SPIN,1581,8,labsea,MLD2,14.33607
CM33_SPIN,1581,9,labsea,MLD2,20.24943
CM33_SPIN,1581,10,labsea,MLD2,34.30487
CM33_SPIN,1581,11,labsea,MLD2,407.48363
CM33_SPIN,1581,12,labsea,MLD2,1314.88802
CM33_SPIN,1581,1,interior,MLD2,2515.67974
CM33_SPIN,1581,2,interior,MLD2,2443.16913
CM33_SPIN,1581,3,interior,MLD2,2258.75106
CM33_SPIN,1581,4,interior,MLD2,2078.65366
CM33_SPIN,1581,5,interior,MLD2,2049.32128
CM33_SPIN,1581,6,interior,MLD2,179.74481
CM33_SPIN,1581,7,interior,MLD2,17.07172
CM33_SPIN,1581,8,interior,MLD2,17.65287
CM33_SPIN,1581,9,interior,MLD2,24.21239
CM33_SPIN,1581,10,interior,MLD2,35.51760
CM33_SPIN,1581,11,interior,MLD2,916.04978
CM33_SPIN,1581,12,interior,MLD2,2545.18297
CM33_SPIN,1582,1,labsea,a_ice,0.23634
CM33_SPIN,1582,2,labsea,a_ice,0.28477
CM33_SPIN,1582,3,labsea,a_ice,0.28478
CM33_SPIN,1582,4,labsea,a_ice,0.30651
CM33_SPIN,1582,5,labsea,a_ice,0.27871
CM33_SPIN,1582,6,labsea,a_ice,0.17057
CM33_SPIN,1582,7,labsea,a_ice,0.05251
CM33_SPIN,1582,8,labsea,a_ice,0.01408
CM33_SPIN,1582,9,labsea,a_ice,0.00505
CM33_SPIN,1582,10,labsea,a_ice,0.01062
CM33_SPIN,1582,11,labsea,a_ice,0.05839
CM33_SPIN,1582,12,labsea,a_ice,0.19929
CM33_SPIN,1582,1,interior,a_ice,0.03195
CM33_SPIN,1582,2,interior,a_ice,0.05422
CM33_SPIN,1582,3,interior,a_ice,0.07763
CM33_SPIN,1582,4,interior,a_ice,0.08291
CM33_SPIN,1582,5,interior,a_ice,0.05857
CM33_SPIN,1582,6,interior,a_ice,0.02819
CM33_SPIN,1582,7,interior,a_ice,0.00106
CM33_SPIN,1582,8,interior,a_ice,0.00000
CM33_SPIN,1582,9,interior,a_ice,0.00000
CM33_SPIN,1582,10,interior,a_ice,0.00000
CM33_SPIN,1582,11,interior,a_ice,0.00502
CM33_SPIN,1582,12,interior,a_ice,0.04398
CM33_SPIN,1582,1,labsea,MLD2,1685.50945
CM33_SPIN,1582,2,labsea,MLD2,1639.86301
CM33_SPIN,1582,3,labsea,MLD2,1494.68721
CM33_SPIN,1582,4,labsea,MLD2,1340.76162
CM33_SPIN,1582,5,labsea,MLD2,850.56525
CM33_SPIN,1582,6,labsea,MLD2,20.80568
CM33_SPIN,1582,7,labsea,MLD2,12.23435
CM33_SPIN,1582,8,labsea,MLD2,12.69073
CM33_SPIN,1582,9,labsea,MLD2,22.84706
CM33_SPIN,1582,10,labsea,MLD2,88.58046
CM33_SPIN,1582,11,labsea,MLD2,843.93288
CM33_SPIN,1582,12,labsea,MLD2,1665.79378
CM33_SPIN,1582,1,interior,MLD2,2635.62611
CM33_SPIN,1582,2,interior,MLD2,2607.16335
CM33_SPIN,1582,3,interior,MLD2,2475.57242
CM33_SPIN,1582,4,interior,MLD2,2323.81055
CM33_SPIN,1582,5,interior,MLD2,1340.21303
CM33_SPIN,1582,6,interior,MLD2,24.88131
CM33_SPIN,1582,7,interior,MLD2,14.59318
CM33_SPIN,1582,8,interior,MLD2,14.74805
CM33_SPIN,1582,9,interior,MLD2,24.27350
CM33_SPIN,1582,10,interior,MLD2,214.19132
CM33_SPIN,1582,11,interior,MLD2,1847.47001
CM33_SPIN,1582,12,interior,MLD2,2629.94634
CM33_SPIN,1583,1,labsea,a_ice,0.25517
CM33_SPIN,1583,2,labsea,a_ice,0.30110
CM33_SPIN,1583,3,labsea,a_ice,0.31627
CM33_SPIN,1583,4,labsea,a_ice,0.29768
CM33_SPIN,1583,5,labsea,a_ice,0.28353
CM33_SPIN,1583,6,labsea,a_ice,0.21387
CM33_SPIN,1583,7,labsea,a_ice,0.09839
CM33_SPIN,1583,8,labsea,a_ice,0.01903
CM33_SPIN,1583,9,labsea,a_ice,0.00293
CM33_SPIN,1583,10,labsea,a_ice,0.00667
CM33_SPIN,1583,11,labsea,a_ice,0.12714
CM33_SPIN,1583,12,labsea,a_ice,0.26392
CM33_SPIN,1583,1,interior,a_ice,0.10250
CM33_SPIN,1583,2,interior,a_ice,0.08473
CM33_SPIN,1583,3,interior,a_ice,0.07425
CM33_SPIN,1583,4,interior,a_ice,0.09693
CM33_SPIN,1583,5,interior,a_ice,0.10169
CM33_SPIN,1583,6,interior,a_ice,0.06746
CM33_SPIN,1583,7,interior,a_ice,0.00424
CM33_SPIN,1583,8,interior,a_ice,0.00002
CM33_SPIN,1583,9,interior,a_ice,0.00000
CM33_SPIN,1583,10,interior,a_ice,0.00000
CM33_SPIN,1583,11,interior,a_ice,0.01698
CM33_SPIN,1583,12,interior,a_ice,0.09885
CM33_SPIN,1583,1,labsea,MLD2,1626.80162
CM33_SPIN,1583,2,labsea,MLD2,1465.51593
CM33_SPIN,1583,3,labsea,MLD2,1379.80509
CM33_SPIN,1583,4,labsea,MLD2,1381.30651
CM33_SPIN,1583,5,labsea,MLD2,1140.73568
CM33_SPIN,1583,6,labsea,MLD2,306.64714
CM33_SPIN,1583,7,labsea,MLD2,12.91411
CM33_SPIN,1583,8,labsea,MLD2,15.34804
CM33_SPIN,1583,9,labsea,MLD2,23.76407
CM33_SPIN,1583,10,labsea,MLD2,38.90456
CM33_SPIN,1583,11,labsea,MLD2,779.14076
CM33_SPIN,1583,12,labsea,MLD2,1335.37348
CM33_SPIN,1583,1,interior,MLD2,2493.82858
CM33_SPIN,1583,2,interior,MLD2,2489.48244
CM33_SPIN,1583,3,interior,MLD2,2291.53385
CM33_SPIN,1583,4,interior,MLD2,2049.43323
CM33_SPIN,1583,5,interior,MLD2,1484.44938
CM33_SPIN,1583,6,interior,MLD2,667.39672
CM33_SPIN,1583,7,interior,MLD2,14.40539
CM33_SPIN,1583,8,interior,MLD2,17.42122
CM33_SPIN,1583,9,interior,MLD2,27.39041
CM33_SPIN,1583,10,interior,MLD2,43.65069
CM33_SPIN,1583,11,interior,MLD2,1358.69557
CM33_SPIN,1583,12,interior,MLD2,2012.65276
CM33_SPIN,1584,1,labsea,a_ice,0.41810
CM33_SPIN,1584,2,labsea,a_ice,0.51302
CM33_SPIN,1584,3,labsea,a_ice,0.55002
CM33_SPIN,1584,4,labsea,a_ice,0.49478
CM33_SPIN,1584,5,labsea,a_ice,0.37182
CM33_SPIN,1584,6,labsea,a_ice,0.21465
CM33_SPIN,1584,7,labsea,a_ice,0.07930
CM33_SPIN,1584,8,labsea,a_ice,0.00973
CM33_SPIN,1584,9,labsea,a_ice,0.00063
CM33_SPIN,1584,10,labsea,a_ice,0.01094
CM33_SPIN,1584,11,labsea,a_ice,0.08066
CM33_SPIN,1584,12,labsea,a_ice,0.18570
CM33_SPIN,1584,1,interior,a_ice,0.31387
CM33_SPIN,1584,2,interior,a_ice,0.47044
CM33_SPIN,1584,3,interior,a_ice,0.56350
CM33_SPIN,1584,4,interior,a_ice,0.53191
CM33_SPIN,1584,5,interior,a_ice,0.28841
CM33_SPIN,1584,6,interior,a_ice,0.05781
CM33_SPIN,1584,7,interior,a_ice,0.00871
CM33_SPIN,1584,8,interior,a_ice,0.00027
CM33_SPIN,1584,9,interior,a_ice,0.00000
CM33_SPIN,1584,10,interior,a_ice,0.00000
CM33_SPIN,1584,11,interior,a_ice,0.00208
CM33_SPIN,1584,12,interior,a_ice,0.03387
CM33_SPIN,1584,1,labsea,MLD2,1124.95308
CM33_SPIN,1584,2,labsea,MLD2,820.42919
CM33_SPIN,1584,3,labsea,MLD2,706.71921
CM33_SPIN,1584,4,labsea,MLD2,753.68266
CM33_SPIN,1584,5,labsea,MLD2,384.68765
CM33_SPIN,1584,6,labsea,MLD2,18.00837
CM33_SPIN,1584,7,labsea,MLD2,16.88009
CM33_SPIN,1584,8,labsea,MLD2,13.83326
CM33_SPIN,1584,9,labsea,MLD2,20.35931
CM33_SPIN,1584,10,labsea,MLD2,29.00942
CM33_SPIN,1584,11,labsea,MLD2,114.54511
CM33_SPIN,1584,12,labsea,MLD2,1312.43123
CM33_SPIN,1584,1,interior,MLD2,1647.51950
CM33_SPIN,1584,2,interior,MLD2,1099.32408
CM33_SPIN,1584,3,interior,MLD2,739.38765
CM33_SPIN,1584,4,interior,MLD2,491.66686
CM33_SPIN,1584,5,interior,MLD2,128.89300
CM33_SPIN,1584,6,interior,MLD2,18.43999
CM33_SPIN,1584,7,interior,MLD2,16.58421
CM33_SPIN,1584,8,interior,MLD2,15.55642
CM33_SPIN,1584,9,interior,MLD2,21.91861
CM33_SPIN,1584,10,interior,MLD2,30.98761
CM33_SPIN,1584,11,interior,MLD2,176.74650
CM33_SPIN,1584,12,interior,MLD2,2126.40712
CM33_SPIN,1585,1,labsea,a_ice,0.25291
CM33_SPIN,1585,2,labsea,a_ice,0.29005
CM33_SPIN,1585,3,labsea,a_ice,0.30668
CM33_SPIN,1585,4,labsea,a_ice,0.29536
CM33_SPIN,1585,5,labsea,a_ice,0.20305
CM33_SPIN,1585,6,labsea,a_ice,0.08448
CM33_SPIN,1585,7,labsea,a_ice,0.04018
CM33_SPIN,1585,8,labsea,a_ice,0.01079
CM33_SPIN,1585,9,labsea,a_ice,0.00354
CM33_SPIN,1585,10,labsea,a_ice,0.01955
CM33_SPIN,1585,11,labsea,a_ice,0.05302
CM33_SPIN,1585,12,labsea,a_ice,0.16623
CM33_SPIN,1585,1,interior,a_ice,0.06981
CM33_SPIN,1585,2,interior,a_ice,0.09726
CM33_SPIN,1585,3,interior,a_ice,0.08194
CM33_SPIN,1585,4,interior,a_ice,0.10959
CM33_SPIN,1585,5,interior,a_ice,0.07438
CM33_SPIN,1585,6,interior,a_ice,0.00301
CM33_SPIN,1585,7,interior,a_ice,0.00107
CM33_SPIN,1585,8,interior,a_ice,0.00000
CM33_SPIN,1585,9,interior,a_ice,0.00000
CM33_SPIN,1585,10,interior,a_ice,0.00000
CM33_SPIN,1585,11,interior,a_ice,0.00019
CM33_SPIN,1585,12,interior,a_ice,0.02756
CM33_SPIN,1585,1,labsea,MLD2,1633.63766
CM33_SPIN,1585,2,labsea,MLD2,1588.75126
CM33_SPIN,1585,3,labsea,MLD2,1467.55051
CM33_SPIN,1585,4,labsea,MLD2,1407.21654
CM33_SPIN,1585,5,labsea,MLD2,467.85561
CM33_SPIN,1585,6,labsea,MLD2,17.73467
CM33_SPIN,1585,7,labsea,MLD2,15.93443
CM33_SPIN,1585,8,labsea,MLD2,18.27661
CM33_SPIN,1585,9,labsea,MLD2,27.93223
CM33_SPIN,1585,10,labsea,MLD2,52.30305
CM33_SPIN,1585,11,labsea,MLD2,400.67457
CM33_SPIN,1585,12,labsea,MLD2,1594.76782
CM33_SPIN,1585,1,interior,MLD2,2575.21752
CM33_SPIN,1585,2,interior,MLD2,2508.53298
CM33_SPIN,1585,3,interior,MLD2,2368.35737
CM33_SPIN,1585,4,interior,MLD2,2147.54856
CM33_SPIN,1585,5,interior,MLD2,683.41140
CM33_SPIN,1585,6,interior,MLD2,21.98894
CM33_SPIN,1585,7,interior,MLD2,16.09495
CM33_SPIN,1585,8,interior,MLD2,18.55091
CM33_SPIN,1585,9,interior,MLD2,28.66035
CM33_SPIN,1585,10,interior,MLD2,61.95148
CM33_SPIN,1585,11,interior,MLD2,971.94875
CM33_SPIN,1585,12,interior,MLD2,2623.83892
CM33_SPIN,1586,1,labsea,a_ice,0.22241
CM33_SPIN,1586,2,labsea,a_ice,0.26445
CM33_SPIN,1586,3,labsea,a_ice,0.24754
CM33_SPIN,1586,4,labsea,a_ice,0.23885
CM33_SPIN,1586,5,labsea,a_ice,0.19974
CM33_SPIN,1586,6,labsea,a_ice,0.12930
CM33_SPIN,1586,7,labsea,a_ice,0.02306
CM33_SPIN,1586,8,labsea,a_ice,0.00104
CM33_SPIN,1586,9,labsea,a_ice,0.00000
CM33_SPIN,1586,10,labsea,a_ice,0.00634
CM33_SPIN,1586,11,labsea,a_ice,0.08810
CM33_SPIN,1586,12,labsea,a_ice,0.15312
CM33_SPIN,1586,1,interior,a_ice,0.05539
CM33_SPIN,1586,2,interior,a_ice,0.08430
CM33_SPIN,1586,3,interior,a_ice,0.06411
CM33_SPIN,1586,4,interior,a_ice,0.03772
CM33_SPIN,1586,5,interior,a_ice,0.03355
CM33_SPIN,1586,6,interior,a_ice,0.03727
CM33_SPIN,1586,7,interior,a_ice,0.00294
CM33_SPIN,1586,8,interior,a_ice,0.00000
CM33_SPIN,1586,9,interior,a_ice,0.00000
CM33_SPIN,1586,10,interior,a_ice,0.00000
CM33_SPIN,1586,11,interior,a_ice,0.00224
CM33_SPIN,1586,12,interior,a_ice,0.01023
CM33_SPIN,1586,1,labsea,MLD2,1744.26019
CM33_SPIN,1586,2,labsea,MLD2,1618.73862
CM33_SPIN,1586,3,labsea,MLD2,1559.60767
CM33_SPIN,1586,4,labsea,MLD2,1539.15657
CM33_SPIN,1586,5,labsea,MLD2,806.30733
CM33_SPIN,1586,6,labsea,MLD2,72.14912
CM33_SPIN,1586,7,labsea,MLD2,15.80855
CM33_SPIN,1586,8,labsea,MLD2,16.57647
CM33_SPIN,1586,9,labsea,MLD2,28.02540
CM33_SPIN,1586,10,labsea,MLD2,72.94299
CM33_SPIN,1586,11,labsea,MLD2,611.25088
CM33_SPIN,1586,12,labsea,MLD2,1226.84405
CM33_SPIN,1586,1,interior,MLD2,2638.18671
CM33_SPIN,1586,2,interior,MLD2,2461.19429
CM33_SPIN,1586,3,interior,MLD2,2355.94688
CM33_SPIN,1586,4,interior,MLD2,2368.15966
CM33_SPIN,1586,5,interior,MLD2,1463.93916
CM33_SPIN,1586,6,interior,MLD2,205.94892
CM33_SPIN,1586,7,interior,MLD2,18.26732
CM33_SPIN,1586,8,interior,MLD2,21.07900
CM33_SPIN,1586,9,interior,MLD2,32.40352
CM33_SPIN,1586,10,interior,MLD2,154.99440
CM33_SPIN,1586,11,interior,MLD2,1563.03489
CM33_SPIN,1586,12,interior,MLD2,2414.44813
CM33_SPIN,1587,1,labsea,a_ice,0.24045
CM33_SPIN,1587,2,labsea,a_ice,0.23034
CM33_SPIN,1587,3,labsea,a_ice,0.21164
CM33_SPIN,1587,4,labsea,a_ice,0.20622
CM33_SPIN,1587,5,labsea,a_ice,0.16712
CM33_SPIN,1587,6,labsea,a_ice,0.07432
CM33_SPIN,1587,7,labsea,a_ice,0.01065
CM33_SPIN,1587,8,labsea,a_ice,0.00005
CM33_SPIN,1587,9,labsea,a_ice,0.00000
CM33_SPIN,1587,10,labsea,a_ice,0.00556
CM33_SPIN,1587,11,labsea,a_ice,0.07749
CM33_SPIN,1587,12,labsea,a_ice,0.21578
CM33_SPIN,1587,1,interior,a_ice,0.08229
CM33_SPIN,1587,2,interior,a_ice,0.05780
CM33_SPIN,1587,3,interior,a_ice,0.03377
CM33_SPIN,1587,4,interior,a_ice,0.04486
CM33_SPIN,1587,5,interior,a_ice,0.05328
CM33_SPIN,1587,6,interior,a_ice,0.01458
CM33_SPIN,1587,7,interior,a_ice,0.00000
CM33_SPIN,1587,8,interior,a_ice,0.00000
CM33_SPIN,1587,9,interior,a_ice,0.00000
CM33_SPIN,1587,10,interior,a_ice,0.00000
CM33_SPIN,1587,11,interior,a_ice,0.00143
CM33_SPIN,1587,12,interior,a_ice,0.03264
CM33_SPIN,1587,1,labsea,MLD2,1657.70196
CM33_SPIN,1587,2,labsea,MLD2,1677.69521
CM33_SPIN,1587,3,labsea,MLD2,1710.47144
CM33_SPIN,1587,4,labsea,MLD2,1679.56841
CM33_SPIN,1587,5,labsea,MLD2,1151.07106
CM33_SPIN,1587,6,labsea,MLD2,102.00142
CM33_SPIN,1587,7,labsea,MLD2,18.05911
CM33_SPIN,1587,8,labsea,MLD2,16.58008
CM33_SPIN,1587,9,labsea,MLD2,31.39561
CM33_SPIN,1587,10,labsea,MLD2,165.91696
CM33_SPIN,1587,11,labsea,MLD2,1005.84611
CM33_SPIN,1587,12,labsea,MLD2,1505.19445
CM33_SPIN,1587,1,interior,MLD2,2559.61654
CM33_SPIN,1587,2,interior,MLD2,2586.82623
CM33_SPIN,1587,3,interior,MLD2,2645.02654
CM33_SPIN,1587,4,interior,MLD2,2615.05934
CM33_SPIN,1587,5,interior,MLD2,2036.90200
CM33_SPIN,1587,6,interior,MLD2,255.57083
CM33_SPIN,1587,7,interior,MLD2,21.46853
CM33_SPIN,1587,8,interior,MLD2,20.62574
CM33_SPIN,1587,9,interior,MLD2,35.17003
CM33_SPIN,1587,10,interior,MLD2,389.17426
CM33_SPIN,1587,11,interior,MLD2,1932.38531
CM33_SPIN,1587,12,interior,MLD2,2473.97448
CM33_SPIN,1588,1,labsea,a_ice,0.31639
CM33_SPIN,1588,2,labsea,a_ice,0.34698
CM33_SPIN,1588,3,labsea,a_ice,0.40420
CM33_SPIN,1588,4,labsea,a_ice,0.37346
CM33_SPIN,1588,5,labsea,a_ice,0.25004
CM33_SPIN,1588,6,labsea,a_ice,0.16146
CM33_SPIN,1588,7,labsea,a_ice,0.07903
CM33_SPIN,1588,8,labsea,a_ice,0.01548
CM33_SPIN,1588,9,labsea,a_ice,0.00127
CM33_SPIN,1588,10,labsea,a_ice,0.01055
CM33_SPIN,1588,11,labsea,a_ice,0.05853
CM33_SPIN,1588,12,labsea,a_ice,0.14962
CM33_SPIN,1588,1,interior,a_ice,0.09573
CM33_SPIN,1588,2,interior,a_ice,0.17549
CM33_SPIN,1588,3,interior,a_ice,0.23405
CM33_SPIN,1588,4,interior,a_ice,0.22394
CM33_SPIN,1588,5,interior,a_ice,0.04983
CM33_SPIN,1588,6,interior,a_ice,0.02679
CM33_SPIN,1588,7,interior,a_ice,0.01565
CM33_SPIN,1588,8,interior,a_ice,0.00030
CM33_SPIN,1588,9,interior,a_ice,0.00000
CM33_SPIN,1588,10,interior,a_ice,0.00000
CM33_SPIN,1588,11,interior,a_ice,0.00135
CM33_SPIN,1588,12,interior,a_ice,0.01957
CM33_SPIN,1588,1,labsea,MLD2,1432.86089
CM33_SPIN,1588,2,labsea,MLD2,1349.41561
CM33_SPIN,1588,3,labsea,MLD2,1344.48628
CM33_SPIN,1588,4,labsea,MLD2,1268.51574
CM33_SPIN,1588,5,labsea,MLD2,790.33605
CM33_SPIN,1588,6,labsea,MLD2,24.67108
CM33_SPIN,1588,7,labsea,MLD2,14.67711
CM33_SPIN,1588,8,labsea,MLD2,14.75719
CM33_SPIN,1588,9,labsea,MLD2,22.96115
CM33_SPIN,1588,10,labsea,MLD2,36.27252
CM33_SPIN,1588,11,labsea,MLD2,224.03160
CM33_SPIN,1588,12,labsea,MLD2,1457.23350
CM33_SPIN,1588,1,interior,MLD2,2334.60456
CM33_SPIN,1588,2,interior,MLD2,2021.51322
CM33_SPIN,1588,3,interior,MLD2,1927.22995
CM33_SPIN,1588,4,interior,MLD2,1739.30549
CM33_SPIN,1588,5,interior,MLD2,1001.84422
CM33_SPIN,1588,6,interior,MLD2,29.36505
CM33_SPIN,1588,7,interior,MLD2,16.64612
CM33_SPIN,1588,8,interior,MLD2,17.01197
CM33_SPIN,1588,9,interior,MLD2,26.16320
CM33_SPIN,1588,10,interior,MLD2,38.61861
CM33_SPIN,1588,11,interior,MLD2,529.00063
CM33_SPIN,1588,12,interior,MLD2,2469.51296
CM33_SPIN,1589,1,labsea,a_ice,0.23322
CM33_SPIN,1589,2,labsea,a_ice,0.31026
CM33_SPIN,1589,3,labsea,a_ice,0.37127
CM33_SPIN,1589,4,labsea,a_ice,0.34371
CM33_SPIN,1589,5,labsea,a_ice,0.23947
CM33_SPIN,1589,6,labsea,a_ice,0.12980
CM33_SPIN,1589,7,labsea,a_ice,0.02771
CM33_SPIN,1589,8,labsea,a_ice,0.00180
CM33_SPIN,1589,9,labsea,a_ice,0.00000
CM33_SPIN,1589,10,labsea,a_ice,0.00269
CM33_SPIN,1589,11,labsea,a_ice,0.09319
CM33_SPIN,1589,12,labsea,a_ice,0.20001
CM33_SPIN,1589,1,interior,a_ice,0.05837
CM33_SPIN,1589,2,interior,a_ice,0.14009
CM33_SPIN,1589,3,interior,a_ice,0.22845
CM33_SPIN,1589,4,interior,a_ice,0.15881
CM33_SPIN,1589,5,interior,a_ice,0.03091
CM33_SPIN,1589,6,interior,a_ice,0.01534
CM33_SPIN,1589,7,interior,a_ice,0.00040
CM33_SPIN,1589,8,interior,a_ice,0.00000
CM33_SPIN,1589,9,interior,a_ice,0.00000
CM33_SPIN,1589,10,interior,a_ice,0.00000
CM33_SPIN,1589,11,interior,a_ice,0.00286
CM33_SPIN,1589,12,interior,a_ice,0.04085
CM33_SPIN,1589,1,labsea,MLD2,1733.82164
CM33_SPIN,1589,2,labsea,MLD2,1569.81738
CM33_SPIN,1589,3,labsea,MLD2,1360.80771
CM33_SPIN,1589,4,labsea,MLD2,1394.83321
CM33_SPIN,1589,5,labsea,MLD2,896.27882
CM33_SPIN,1589,6,labsea,MLD2,42.68305
CM33_SPIN,1589,7,labsea,MLD2,14.64761
CM33_SPIN,1589,8,labsea,MLD2,15.70733
CM33_SPIN,1589,9,labsea,MLD2,25.44318
CM33_SPIN,1589,10,labsea,MLD2,41.63022
CM33_SPIN,1589,11,labsea,MLD2,784.76948
CM33_SPIN,1589,12,labsea,MLD2,1625.62794
CM33_SPIN,1589,1,interior,MLD2,2643.04892
CM33_SPIN,1589,2,interior,MLD2,2367.21825
CM33_SPIN,1589,3,interior,MLD2,1935.18189
CM33_SPIN,1589,4,interior,MLD2,2107.19272
CM33_SPIN,1589,5,interior,MLD2,1616.42750
CM33_SPIN,1589,6,interior,MLD2,94.59547
CM33_SPIN,1589,7,interior,MLD2,17.17246
CM33_SPIN,1589,8,interior,MLD2,17.74697
CM33_SPIN,1589,9,interior,MLD2,29.11632
CM33_SPIN,1589,10,interior,MLD2,54.95951
CM33_SPIN,1589,11,interior,MLD2,1664.03755
CM33_SPIN,1589,12,interior,MLD2,2616.75948
CM33_SPIN,1590,1,labsea,a_ice,0.23104
CM33_SPIN,1590,2,labsea,a_ice,0.19742
CM33_SPIN,1590,3,labsea,a_ice,0.22828
CM33_SPIN,1590,4,labsea,a_ice,0.20931
CM33_SPIN,1590,5,labsea,a_ice,0.18754
CM33_SPIN,1590,6,labsea,a_ice,0.13915
CM33_SPIN,1590,7,labsea,a_ice,0.04744
CM33_SPIN,1590,8,labsea,a_ice,0.00548
CM33_SPIN,1590,9,labsea,a_ice,0.00004
CM33_SPIN,1590,10,labsea,a_ice,0.00052
CM33_SPIN,1590,11,labsea,a_ice,0.02605
CM33_SPIN,1590,12,labsea,a_ice,0.17945
CM33_SPIN,1590,1,interior,a_ice,0.06368
CM33_SPIN,1590,2,interior,a_ice,0.02390
CM33_SPIN,1590,3,interior,a_ice,0.06037
CM33_SPIN,1590,4,interior,a_ice,0.02541
CM33_SPIN,1590,5,interior,a_ice,0.02478
CM33_SPIN,1590,6,interior,a_ice,0.01052
CM33_SPIN,1590,7,interior,a_ice,0.00527
CM33_SPIN,1590,8,interior,a_ice,0.00000
CM33_SPIN,1590,9,interior,a_ice,0.00000
CM33_SPIN,1590,10,interior,a_ice,0.00000
CM33_SPIN,1590,11,interior,a_ice,0.00001
CM33_SPIN,1590,12,interior,a_ice,0.02101
CM33_SPIN,1590,1,labsea,MLD2,1703.27758
CM33_SPIN,1590,2,labsea,MLD2,1772.71174
CM33_SPIN,1590,3,labsea,MLD2,1720.14051
CM33_SPIN,1590,4,labsea,MLD2,1701.97038
CM33_SPIN,1590,5,labsea,MLD2,1253.99672
CM33_SPIN,1590,6,labsea,MLD2,80.62225
CM33_SPIN,1590,7,labsea,MLD2,12.58818
CM33_SPIN,1590,8,labsea,MLD2,14.19391
CM33_SPIN,1590,9,labsea,MLD2,20.60933
CM33_SPIN,1590,10,labsea,MLD2,32.21969
CM33_SPIN,1590,11,labsea,MLD2,87.44725
CM33_SPIN,1590,12,labsea,MLD2,1007.54065
CM33_SPIN,1590,1,interior,MLD2,2602.28538
CM33_SPIN,1590,2,interior,MLD2,2667.53928
CM33_SPIN,1590,3,interior,MLD2,2594.99595
CM33_SPIN,1590,4,interior,MLD2,2665.73172
CM33_SPIN,1590,5,interior,MLD2,2317.19255
CM33_SPIN,1590,6,interior,MLD2,221.66031
CM33_SPIN,1590,7,interior,MLD2,13.83788
CM33_SPIN,1590,8,interior,MLD2,16.40772
CM33_SPIN,1590,9,interior,MLD2,23.47603
CM33_SPIN,1590,10,interior,MLD2,35.34347
CM33_SPIN,1590,11,interior,MLD2,154.56640
CM33_SPIN,1590,12,interior,MLD2,2186.08887
CM33_SPIN,1591,1,labsea,a_ice,0.30809
CM33_SPIN,1591,2,labsea,a_ice,0.47339
CM33_SPIN,1591,3,labsea,a_ice,0.44160
CM33_SPIN,1591,4,labsea,a_ice,0.40203
CM33_SPIN,1591,5,labsea,a_ice,0.31953
CM33_SPIN,1591,6,labsea,a_ice,0.20858
CM33_SPIN,1591,7,labsea,a_ice,0.07741
CM33_SPIN,1591,8,labsea,a_ice,0.01747
CM33_SPIN,1591,9,labsea,a_ice,0.00717
CM33_SPIN,1591,10,labsea,a_ice,0.02974
CM33_SPIN,1591,11,labsea,a_ice,0.14342
CM33_SPIN,1591,12,labsea,a_ice,0.22138
CM33_SPIN,1591,1,interior,a_ice,0.11631
CM33_SPIN,1591,2,interior,a_ice,0.34581
CM33_SPIN,1591,3,interior,a_ice,0.30485
CM33_SPIN,1591,4,interior,a_ice,0.26088
CM33_SPIN,1591,5,interior,a_ice,0.17266
CM33_SPIN,1591,6,interior,a_ice,0.04620
CM33_SPIN,1591,7,interior,a_ice,0.01252
CM33_SPIN,1591,8,interior,a_ice,0.00023
CM33_SPIN,1591,9,interior,a_ice,0.00000
CM33_SPIN,1591,10,interior,a_ice,0.00039
CM33_SPIN,1591,11,interior,a_ice,0.01892
CM33_SPIN,1591,12,interior,a_ice,0.04544
CM33_SPIN,1591,1,labsea,MLD2,1459.38273
CM33_SPIN,1591,2,labsea,MLD2,1181.81858
CM33_SPIN,1591,3,labsea,MLD2,980.71528
CM33_SPIN,1591,4,labsea,MLD2,688.89934
CM33_SPIN,1591,5,labsea,MLD2,372.86582
CM33_SPIN,1591,6,labsea,MLD2,16.30404
CM33_SPIN,1591,7,labsea,MLD2,13.13822
CM33_SPIN,1591,8,labsea,MLD2,16.38910
CM33_SPIN,1591,9,labsea,MLD2,25.77354
CM33_SPIN,1591,10,labsea,MLD2,116.05898
CM33_SPIN,1591,11,labsea,MLD2,1288.00352
CM33_SPIN,1591,12,labsea,MLD2,1693.07176
CM33_SPIN,1591,1,interior,MLD2,2362.54381
CM33_SPIN,1591,2,interior,MLD2,1731.76896
CM33_SPIN,1591,3,interior,MLD2,1486.73899
CM33_SPIN,1591,4,interior,MLD2,1054.63252
CM33_SPIN,1591,5,interior,MLD2,639.96740
CM33_SPIN,1591,6,interior,MLD2,17.63886
CM33_SPIN,1591,7,interior,MLD2,15.21952
CM33_SPIN,1591,8,interior,MLD2,17.54577
CM33_SPIN,1591,9,interior,MLD2,27.62469
CM33_SPIN,1591,10,interior,MLD2,172.20021
CM33_SPIN,1591,11,interior,MLD2,2251.69558
CM33_SPIN,1591,12,interior,MLD2,2650.93954
CM33_SPIN,1592,1,labsea,a_ice,0.26923
CM33_SPIN,1592,2,labsea,a_ice,0.31777
CM33_SPIN,1592,3,labsea,a_ice,0.38721
CM33_SPIN,1592,4,labsea,a_ice,0.36490
CM33_SPIN,1592,5,labsea,a_ice,0.28325
CM33_SPIN,1592,6,labsea,a_ice,0.14687
CM33_SPIN,1592,7,labsea,a_ice,0.03517
CM33_SPIN,1592,8,labsea,a_ice,0.00052
CM33_SPIN,1592,9,labsea,a_ice,0.00000
CM33_SPIN,1592,10,labsea,a_ice,0.00167
CM33_SPIN,1592,11,labsea,a_ice,0.06770
CM33_SPIN,1592,12,labsea,a_ice,0.19358
CM33_SPIN,1592,1,interior,a_ice,0.07720
CM33_SPIN,1592,2,interior,a_ice,0.12553
CM33_SPIN,1592,3,interior,a_ice,0.21328
CM33_SPIN,1592,4,interior,a_ice,0.22726
CM33_SPIN,1592,5,interior,a_ice,0.11141
CM33_SPIN,1592,6,interior,a_ice,0.04024
CM33_SPIN,1592,7,interior,a_ice,0.00028
CM33_SPIN,1592,8,interior,a_ice,0.00000
CM33_SPIN,1592,9,interior,a_ice,0.00000
CM33_SPIN,1592,10,interior,a_ice,0.00000
CM33_SPIN,1592,11,interior,a_ice,0.00134
CM33_SPIN,1592,12,interior,a_ice,0.02556
CM33_SPIN,1592,1,labsea,MLD2,1694.52458
CM33_SPIN,1592,2,labsea,MLD2,1574.65179
CM33_SPIN,1592,3,labsea,MLD2,1330.23395
CM33_SPIN,1592,4,labsea,MLD2,1223.00047
CM33_SPIN,1592,5,labsea,MLD2,621.69719
CM33_SPIN,1592,6,labsea,MLD2,18.63263
CM33_SPIN,1592,7,labsea,MLD2,11.40647
CM33_SPIN,1592,8,labsea,MLD2,13.98548
CM33_SPIN,1592,9,labsea,MLD2,21.71732
CM33_SPIN,1592,10,labsea,MLD2,32.75111
CM33_SPIN,1592,11,labsea,MLD2,400.88656
CM33_SPIN,1592,12,labsea,MLD2,1568.67782
CM33_SPIN,1592,1,interior,MLD2,2590.36112
CM33_SPIN,1592,2,interior,MLD2,2418.46406
CM33_SPIN,1592,3,interior,MLD2,1988.43179
CM33_SPIN,1592,4,interior,MLD2,1589.42657
CM33_SPIN,1592,5,interior,MLD2,1076.84195
CM33_SPIN,1592,6,interior,MLD2,30.86363
CM33_SPIN,1592,7,interior,MLD2,12.57209
CM33_SPIN,1592,8,interior,MLD2,15.60604
CM33_SPIN,1592,9,interior,MLD2,24.02194
CM33_SPIN,1592,10,interior,MLD2,35.66701
CM33_SPIN,1592,11,interior,MLD2,848.09244
CM33_SPIN,1592,12,interior,MLD2,2599.25755
CM33_SPIN,1593,1,labsea,a_ice,0.30447
CM33_SPIN,1593,2,labsea,a_ice,0.32456
CM33_SPIN,1593,3,labsea,a_ice,0.32398
CM33_SPIN,1593,4,labsea,a_ice,0.31966
CM33_SPIN,1593,5,labsea,a_ice,0.28992
CM33_SPIN,1593,6,labsea,a_ice,0.19998
CM33_SPIN,1593,7,labsea,a_ice,0.06633
CM33_SPIN,1593,8,labsea,a_ice,0.01782
CM33_SPIN,1593,9,labsea,a_ice,0.00664
CM33_SPIN,1593,10,labsea,a_ice,0.02371
CM33_SPIN,1593,11,labsea,a_ice,0.09409
CM33_SPIN,1593,12,labsea,a_ice,0.21793
CM33_SPIN,1593,1,interior,a_ice,0.09004
CM33_SPIN,1593,2,interior,a_ice,0.11697
CM33_SPIN,1593,3,interior,a_ice,0.09114
CM33_SPIN,1593,4,interior,a_ice,0.11923
CM33_SPIN,1593,5,interior,a_ice,0.12738
CM33_SPIN,1593,6,interior,a_ice,0.04716
CM33_SPIN,1593,7,interior,a_ice,0.00589
CM33_SPIN,1593,8,interior,a_ice,0.00000
CM33_SPIN,1593,9,interior,a_ice,0.00000
CM33_SPIN,1593,10,interior,a_ice,0.00016
CM33_SPIN,1593,11,interior,a_ice,0.00475
CM33_SPIN,1593,12,interior,a_ice,0.02461
CM33_SPIN,1593,1,labsea,MLD2,1523.07600
CM33_SPIN,1593,2,labsea,MLD2,1461.46902
CM33_SPIN,1593,3,labsea,MLD2,1456.62643
CM33_SPIN,1593,4,labsea,MLD2,1304.06927
CM33_SPIN,1593,5,labsea,MLD2,712.31667
CM33_SPIN,1593,6,labsea,MLD2,22.68483
CM33_SPIN,1593,7,labsea,MLD2,17.16893
CM33_SPIN,1593,8,labsea,MLD2,16.58575
CM33_SPIN,1593,9,labsea,MLD2,25.76806
CM33_SPIN,1593,10,labsea,MLD2,42.77664
CM33_SPIN,1593,11,labsea,MLD2,734.78480
CM33_SPIN,1593,12,labsea,MLD2,1576.24764
CM33_SPIN,1593,1,interior,MLD2,2471.36269
CM33_SPIN,1593,2,interior,MLD2,2367.04035
CM33_SPIN,1593,3,interior,MLD2,2446.71785
CM33_SPIN,1593,4,interior,MLD2,2078.36489
CM33_SPIN,1593,5,interior,MLD2,1309.87766
CM33_SPIN,1593,6,interior,MLD2,41.10891
CM33_SPIN,1593,7,interior,MLD2,20.83294
CM33_SPIN,1593,8,interior,MLD2,19.12628
CM33_SPIN,1593,9,interior,MLD2,28.11202
CM33_SPIN,1593,10,interior,MLD2,53.16643
CM33_SPIN,1593,11,interior,MLD2,1743.77846
CM33_SPIN,1593,12,interior,MLD2,2573.06202
CM33_SPIN,1594,1,labsea,a_ice,0.29047
CM33_SPIN,1594,2,labsea,a_ice,0.39332
CM33_SPIN,1594,3,labsea,a_ice,0.45367
CM33_SPIN,1594,4,labsea,a_ice,0.41742
CM33_SPIN,1594,5,labsea,a_ice,0.33840
CM33_SPIN,1594,6,labsea,a_ice,0.20930
CM33_SPIN,1594,7,labsea,a_ice,0.06758
CM33_SPIN,1594,8,labsea,a_ice,0.00303
CM33_SPIN,1594,9,labsea,a_ice,0.00021
CM33_SPIN,1594,10,labsea,a_ice,0.00537
CM33_SPIN,1594,11,labsea,a_ice,0.05548
CM33_SPIN,1594,12,labsea,a_ice,0.14231
CM33_SPIN,1594,1,interior,a_ice,0.08431
CM33_SPIN,1594,2,interior,a_ice,0.22895
CM33_SPIN,1594,3,interior,a_ice,0.36030
CM33_SPIN,1594,4,interior,a_ice,0.36062
CM33_SPIN,1594,5,interior,a_ice,0.25859
CM33_SPIN,1594,6,interior,a_ice,0.09025
CM33_SPIN,1594,7,interior,a_ice,0.01303
CM33_SPIN,1594,8,interior,a_ice,0.00043
CM33_SPIN,1594,9,interior,a_ice,0.00000
CM33_SPIN,1594,10,interior,a_ice,0.00000
CM33_SPIN,1594,11,interior,a_ice,0.00054
CM33_SPIN,1594,12,interior,a_ice,0.01170
CM33_SPIN,1594,1,labsea,MLD2,1634.01625
CM33_SPIN,1594,2,labsea,MLD2,1333.81000
CM33_SPIN,1594,3,labsea,MLD2,995.49413
CM33_SPIN,1594,4,labsea,MLD2,912.30530
CM33_SPIN,1594,5,labsea,MLD2,814.66001
CM33_SPIN,1594,6,labsea,MLD2,77.48544
CM33_SPIN,1594,7,labsea,MLD2,14.12958
CM33_SPIN,1594,8,labsea,MLD2,13.48732
CM33_SPIN,1594,9,labsea,MLD2,22.44481
CM33_SPIN,1594,10,labsea,MLD2,34.43631
CM33_SPIN,1594,11,labsea,MLD2,93.33497
CM33_SPIN,1594,12,labsea,MLD2,1033.90098
CM33_SPIN,1594,1,interior,MLD2,2545.06393
CM33_SPIN,1594,2,interior,MLD2,2043.95467
CM33_SPIN,1594,3,interior,MLD2,1319.70985
CM33_SPIN,1594,4,interior,MLD2,901.73470
CM33_SPIN,1594,5,interior,MLD2,912.38979
CM33_SPIN,1594,6,interior,MLD2,143.64814
CM33_SPIN,1594,7,interior,MLD2,15.73718
CM33_SPIN,1594,8,interior,MLD2,15.64521
CM33_SPIN,1594,9,interior,MLD2,23.88522
CM33_SPIN,1594,10,interior,MLD2,35.41500
CM33_SPIN,1594,11,interior,MLD2,123.68131
CM33_SPIN,1594,12,interior,MLD2,1596.02149
CM33_SPIN,1595,1,labsea,a_ice,0.25257
CM33_SPIN,1595,2,labsea,a_ice,0.29415
CM33_SPIN,1595,3,labsea,a_ice,0.27903
CM33_SPIN,1595,4,labsea,a_ice,0.25746
CM33_SPIN,1595,5,labsea,a_ice,0.19064
CM33_SPIN,1595,6,labsea,a_ice,0.10771
CM33_SPIN,1595,7,labsea,a_ice,0.03105
CM33_SPIN,1595,8,labsea,a_ice,0.01174
CM33_SPIN,1595,9,labsea,a_ice,0.00605
CM33_SPIN,1595,10,labsea,a_ice,0.00636
CM33_SPIN,1595,11,labsea,a_ice,0.04483
CM33_SPIN,1595,12,labsea,a_ice,0.23684
CM33_SPIN,1595,1,interior,a_ice,0.06929
CM33_SPIN,1595,2,interior,a_ice,0.12403
CM33_SPIN,1595,3,interior,a_ice,0.10324
CM33_SPIN,1595,4,interior,a_ice,0.07024
CM33_SPIN,1595,5,interior,a_ice,0.05147
CM33_SPIN,1595,6,interior,a_ice,0.03589
CM33_SPIN,1595,7,interior,a_ice,0.00318
CM33_SPIN,1595,8,interior,a_ice,0.00001
CM33_SPIN,1595,9,interior,a_ice,0.00000
CM33_SPIN,1595,10,interior,a_ice,0.00000
CM33_SPIN,1595,11,interior,a_ice,0.00374
CM33_SPIN,1595,12,interior,a_ice,0.07475
CM33_SPIN,1595,1,labsea,MLD2,1649.19598
CM33_SPIN,1595,2,labsea,MLD2,1559.52777
CM33_SPIN,1595,3,labsea,MLD2,1468.32046
CM33_SPIN,1595,4,labsea,MLD2,1443.62478
CM33_SPIN,1595,5,labsea,MLD2,660.84505
CM33_SPIN,1595,6,labsea,MLD2,57.04092
CM33_SPIN,1595,7,labsea,MLD2,13.41548
CM33_SPIN,1595,8,labsea,MLD2,17.52118
CM33_SPIN,1595,9,labsea,MLD2,20.55236
CM33_SPIN,1595,10,labsea,MLD2,30.38812
CM33_SPIN,1595,11,labsea,MLD2,248.46256
CM33_SPIN,1595,12,labsea,MLD2,1371.80201
CM33_SPIN,1595,1,interior,MLD2,2546.57061
CM33_SPIN,1595,2,interior,MLD2,2369.16943
CM33_SPIN,1595,3,interior,MLD2,2348.82931
CM33_SPIN,1595,4,interior,MLD2,2316.91163
CM33_SPIN,1595,5,interior,MLD2,1349.69096
CM33_SPIN,1595,6,interior,MLD2,154.49234
CM33_SPIN,1595,7,interior,MLD2,15.52653
CM33_SPIN,1595,8,interior,MLD2,19.80972
CM33_SPIN,1595,9,interior,MLD2,24.56791
CM33_SPIN,1595,10,interior,MLD2,34.85623
CM33_SPIN,1595,11,interior,MLD2,519.35904
CM33_SPIN,1595,12,interior,MLD2,2282.37037
CM33_SPIN,1596,1,labsea,a_ice,0.38666
CM33_SPIN,1596,2,labsea,a_ice,0.42786
CM33_SPIN,1596,3,labsea,a_ice,0.47971
CM33_SPIN,1596,4,labsea,a_ice,0.49617
CM33_SPIN,1596,5,labsea,a_ice,0.44353
CM33_SPIN,1596,6,labsea,a_ice,0.28277
CM33_SPIN,1596,7,labsea,a_ice,0.12943
CM33_SPIN,1596,8,labsea,a_ice,0.02853
CM33_SPIN,1596,9,labsea,a_ice,0.00716
CM33_SPIN,1596,10,labsea,a_ice,0.00389
CM33_SPIN,1596,11,labsea,a_ice,0.09942
CM33_SPIN,1596,12,labsea,a_ice,0.21984
CM33_SPIN,1596,1,interior,a_ice,0.31106
CM33_SPIN,1596,2,interior,a_ice,0.35241
CM33_SPIN,1596,3,interior,a_ice,0.40720
CM33_SPIN,1596,4,interior,a_ice,0.47818
CM33_SPIN,1596,5,interior,a_ice,0.44219
CM33_SPIN,1596,6,interior,a_ice,0.11201
CM33_SPIN,1596,7,interior,a_ice,0.01530
CM33_SPIN,1596,8,interior,a_ice,0.00266
CM33_SPIN,1596,9,interior,a_ice,0.00004
CM33_SPIN,1596,10,interior,a_ice,0.00000
CM33_SPIN,1596,11,interior,a_ice,0.01058
CM33_SPIN,1596,12,interior,a_ice,0.06976
CM33_SPIN,1596,1,labsea,MLD2,1085.91997
CM33_SPIN,1596,2,labsea,MLD2,955.66429
CM33_SPIN,1596,3,labsea,MLD2,987.90002
CM33_SPIN,1596,4,labsea,MLD2,982.91206
CM33_SPIN,1596,5,labsea,MLD2,583.92162
CM33_SPIN,1596,6,labsea,MLD2,78.81374
CM33_SPIN,1596,7,labsea,MLD2,13.86919
CM33_SPIN,1596,8,labsea,MLD2,12.75767
CM33_SPIN,1596,9,labsea,MLD2,20.72907
CM33_SPIN,1596,10,labsea,MLD2,31.68851
CM33_SPIN,1596,11,labsea,MLD2,467.13208
CM33_SPIN,1596,12,labsea,MLD2,1565.62740
CM33_SPIN,1596,1,interior,MLD2,1476.56886
CM33_SPIN,1596,2,interior,MLD2,1140.00739
CM33_SPIN,1596,3,interior,MLD2,1080.15137
CM33_SPIN,1596,4,interior,MLD2,1023.40308
CM33_SPIN,1596,5,interior,MLD2,253.46163
CM33_SPIN,1596,6,interior,MLD2,15.77099
CM33_SPIN,1596,7,interior,MLD2,13.76450
CM33_SPIN,1596,8,interior,MLD2,13.76151
CM33_SPIN,1596,9,interior,MLD2,21.77741
CM33_SPIN,1596,10,interior,MLD2,31.60404
CM33_SPIN,1596,11,interior,MLD2,651.01025
CM33_SPIN,1596,12,interior,MLD2,2440.07376
CM33_SPIN,1597,1,labsea,a_ice,0.20167
CM33_SPIN,1597,2,labsea,a_ice,0.20323
CM33_SPIN,1597,3,labsea,a_ice,0.20813
CM33_SPIN,1597,4,labsea,a_ice,0.21742
CM33_SPIN,1597,5,labsea,a_ice,0.22135
CM33_SPIN,1597,6,labsea,a_ice,0.13788
CM33_SPIN,1597,7,labsea,a_ice,0.04046
CM33_SPIN,1597,8,labsea,a_ice,0.00241
CM33_SPIN,1597,9,labsea,a_ice,0.00029
CM33_SPIN,1597,10,labsea,a_ice,0.01438
CM33_SPIN,1597,11,labsea,a_ice,0.07568
CM33_SPIN,1597,12,labsea,a_ice,0.23883
CM33_SPIN,1597,1,interior,a_ice,0.02607
CM33_SPIN,1597,2,interior,a_ice,0.02031
CM33_SPIN,1597,3,interior,a_ice,0.02346
CM33_SPIN,1597,4,interior,a_ice,0.04279
CM33_SPIN,1597,5,interior,a_ice,0.05022
CM33_SPIN,1597,6,interior,a_ice,0.02495
CM33_SPIN,1597,7,interior,a_ice,0.00096
CM33_SPIN,1597,8,interior,a_ice,0.00000
CM33_SPIN,1597,9,interior,a_ice,0.00000
CM33_SPIN,1597,10,interior,a_ice,0.00071
CM33_SPIN,1597,11,interior,a_ice,0.00198
CM33_SPIN,1597,12,interior,a_ice,0.03948
CM33_SPIN,1597,1,labsea,MLD2,1703.58651
CM33_SPIN,1597,2,labsea,MLD2,1745.46811
CM33_SPIN,1597,3,labsea,MLD2,1696.91394
CM33_SPIN,1597,4,labsea,MLD2,1555.44648
CM33_SPIN,1597,5,labsea,MLD2,1108.73154
CM33_SPIN,1597,6,labsea,MLD2,48.77826
CM33_SPIN,1597,7,labsea,MLD2,15.46323
CM33_SPIN,1597,8,labsea,MLD2,16.26467
CM33_SPIN,1597,9,labsea,MLD2,23.56374
CM33_SPIN,1597,10,labsea,MLD2,72.30567
CM33_SPIN,1597,11,labsea,MLD2,365.76089
CM33_SPIN,1597,12,labsea,MLD2,1254.55314
CM33_SPIN,1597,1,interior,MLD2,2641.95587
CM33_SPIN,1597,2,interior,MLD2,2699.13752
CM33_SPIN,1597,3,interior,MLD2,2651.88687
CM33_SPIN,1597,4,interior,MLD2,2415.40039
CM33_SPIN,1597,5,interior,MLD2,1734.91211
CM33_SPIN,1597,6,interior,MLD2,120.26431
CM33_SPIN,1597,7,interior,MLD2,17.72980
CM33_SPIN,1597,8,interior,MLD2,18.25355
CM33_SPIN,1597,9,interior,MLD2,27.52014
CM33_SPIN,1597,10,interior,MLD2,165.55928
CM33_SPIN,1597,11,interior,MLD2,1033.01097
CM33_SPIN,1597,12,interior,MLD2,2352.32645
CM33_SPIN,1598,1,labsea,a_ice,0.33863
CM33_SPIN,1598,2,labsea,a_ice,0.39481
CM33_SPIN,1598,3,labsea,a_ice,0.33190
CM33_SPIN,1598,4,labsea,a_ice,0.26585
CM33_SPIN,1598,5,labsea,a_ice,0.22272
CM33_SPIN,1598,6,labsea,a_ice,0.16122
CM33_SPIN,1598,7,labsea,a_ice,0.06632
CM33_SPIN,1598,8,labsea,a_ice,0.00990
CM33_SPIN,1598,9,labsea,a_ice,0.00014
CM33_SPIN,1598,10,labsea,a_ice,0.00526
CM33_SPIN,1598,11,labsea,a_ice,0.07516
CM33_SPIN,1598,12,labsea,a_ice,0.18543
CM33_SPIN,1598,1,interior,a_ice,0.20100
CM33_SPIN,1598,2,interior,a_ice,0.32177
CM33_SPIN,1598,3,interior,a_ice,0.24610
CM33_SPIN,1598,4,interior,a_ice,0.07378
CM33_SPIN,1598,5,interior,a_ice,0.02650
CM33_SPIN,1598,6,interior,a_ice,0.02053
CM33_SPIN,1598,7,interior,a_ice,0.00328
CM33_SPIN,1598,8,interior,a_ice,0.00000
CM33_SPIN,1598,9,interior,a_ice,0.00000
CM33_SPIN,1598,10,interior,a_ice,0.00000
CM33_SPIN,1598,11,interior,a_ice,0.00023
CM33_SPIN,1598,12,interior,a_ice,0.02806
CM33_SPIN,1598,1,labsea,MLD2,1298.36441
CM33_SPIN,1598,2,labsea,MLD2,1114.72296
CM33_SPIN,1598,3,labsea,MLD2,1153.91713
CM33_SPIN,1598,4,labsea,MLD2,1215.64460
CM33_SPIN,1598,5,labsea,MLD2,898.53766
CM33_SPIN,1598,6,labsea,MLD2,29.24669
CM33_SPIN,1598,7,labsea,MLD2,12.14834
CM33_SPIN,1598,8,labsea,MLD2,14.10996
CM33_SPIN,1598,9,labsea,MLD2,23.61007
CM33_SPIN,1598,10,labsea,MLD2,64.50372
CM33_SPIN,1598,11,labsea,MLD2,768.48216
CM33_SPIN,1598,12,labsea,MLD2,1557.79997
CM33_SPIN,1598,1,interior,MLD2,2034.96057
CM33_SPIN,1598,2,interior,MLD2,1520.32586
CM33_SPIN,1598,3,interior,MLD2,1322.92357
CM33_SPIN,1598,4,interior,MLD2,1645.33452
CM33_SPIN,1598,5,interior,MLD2,1576.26558
CM33_SPIN,1598,6,interior,MLD2,72.34324
CM33_SPIN,1598,7,interior,MLD2,13.78980
CM33_SPIN,1598,8,interior,MLD2,16.27167
CM33_SPIN,1598,9,interior,MLD2,24.93591
CM33_SPIN,1598,10,interior,MLD2,113.99605
CM33_SPIN,1598,11,interior,MLD2,1738.56436
CM33_SPIN,1598,12,interior,MLD2,2606.33580
CM33_SPIN,1599,1,labsea,a_ice,0.23275
CM33_SPIN,1599,2,labsea,a_ice,0.30180
CM33_SPIN,1599,3,labsea,a_ice,0.28872
CM33_SPIN,1599,4,labsea,a_ice,0.32740
CM33_SPIN,1599,5,labsea,a_ice,0.25312
CM33_SPIN,1599,6,labsea,a_ice,0.12586
CM33_SPIN,1599,7,labsea,a_ice,0.04627
CM33_SPIN,1599,8,labsea,a_ice,0.00659
CM33_SPIN,1599,9,labsea,a_ice,0.00019
CM33_SPIN,1599,10,labsea,a_ice,0.00727
CM33_SPIN,1599,11,labsea,a_ice,0.05825
CM33_SPIN,1599,12,labsea,a_ice,0.18291
CM33_SPIN,1599,1,interior,a_ice,0.04657
CM33_SPIN,1599,2,interior,a_ice,0.13373
CM33_SPIN,1599,3,interior,a_ice,0.09295
CM33_SPIN,1599,4,interior,a_ice,0.17931
CM33_SPIN,1599,5,interior,a_ice,0.12150
CM33_SPIN,1599,6,interior,a_ice,0.04996
CM33_SPIN,1599,7,interior,a_ice,0.00323
CM33_SPIN,1599,8,interior,a_ice,0.00000
CM33_SPIN,1599,9,interior,a_ice,0.00000
CM33_SPIN,1599,10,interior,a_ice,0.00000
CM33_SPIN,1599,11,interior,a_ice,0.00025
CM33_SPIN,1599,12,interior,a_ice,0.02290
CM33_SPIN,1599,1,labsea,MLD2,1710.12914
CM33_SPIN,1599,2,labsea,MLD2,1402.62677
CM33_SPIN,1599,3,labsea,MLD2,1368.13127
CM33_SPIN,1599,4,labsea,MLD2,1294.51047
CM33_SPIN,1599,5,labsea,MLD2,901.85352
CM33_SPIN,1599,6,labsea,MLD2,271.04364
CM33_SPIN,1599,7,labsea,MLD2,16.81046
CM33_SPIN,1599,8,labsea,MLD2,17.07546
CM33_SPIN,1599,9,labsea,MLD2,21.08213
CM33_SPIN,1599,10,labsea,MLD2,39.97331
CM33_SPIN,1599,11,labsea,MLD2,596.73082
CM33_SPIN,1599,12,labsea,MLD2,1512.59506
CM33_SPIN,1599,1,interior,MLD2,2647.13126
CM33_SPIN,1599,2,interior,MLD2,2115.45836
CM33_SPIN,1599,3,interior,MLD2,2096.18444
CM33_SPIN,1599,4,interior,MLD2,1798.46967
CM33_SPIN,1599,5,interior,MLD2,1425.00978
CM33_SPIN,1599,6,interior,MLD2,540.72835
CM33_SPIN,1599,7,interior,MLD2,19.82365
CM33_SPIN,1599,8,interior,MLD2,19.38204
CM33_SPIN,1599,9,interior,MLD2,23.41879
CM33_SPIN,1599,10,interior,MLD2,49.61293
CM33_SPIN,1599,11,interior,MLD2,1333.87128
CM33_SPIN,1599,12,interior,MLD2,2587.48717
CM33_SPIN,1600,1,labsea,a_ice,0.28888
CM33_SPIN,1600,2,labsea,a_ice,0.35225
CM33_SPIN,1600,3,labsea,a_ice,0.33466
CM33_SPIN,1600,4,labsea,a_ice,0.29945
CM33_SPIN,1600,5,labsea,a_ice,0.22481
CM33_SPIN,1600,6,labsea,a_ice,0.13993
CM33_SPIN,1600,7,labsea,a_ice,0.06968
CM33_SPIN,1600,8,labsea,a_ice,0.02322
CM33_SPIN,1600,9,labsea,a_ice,0.00849
CM33_SPIN,1600,10,labsea,a_ice,0.02557
CM33_SPIN,1600,11,labsea,a_ice,0.07403
CM33_SPIN,1600,12,labsea,a_ice,0.17514
CM33_SPIN,1600,1,interior,a_ice,0.06801
CM33_SPIN,1600,2,interior,a_ice,0.11880
CM33_SPIN,1600,3,interior,a_ice,0.12371
CM33_SPIN,1600,4,interior,a_ice,0.12661
CM33_SPIN,1600,5,interior,a_ice,0.08662
CM33_SPIN,1600,6,interior,a_ice,0.03122
CM33_SPIN,1600,7,interior,a_ice,0.00156
CM33_SPIN,1600,8,interior,a_ice,0.00000
CM33_SPIN,1600,9,interior,a_ice,0.00000
CM33_SPIN,1600,10,interior,a_ice,0.00003
CM33_SPIN,1600,11,interior,a_ice,0.00219
CM33_SPIN,1600,12,interior,a_ice,0.05365
CM33_SPIN,1600,1,labsea,MLD2,1604.11066
CM33_SPIN,1600,2,labsea,MLD2,1533.38108
CM33_SPIN,1600,3,labsea,MLD2,1456.31696
CM33_SPIN,1600,4,labsea,MLD2,1257.77686
CM33_SPIN,1600,5,labsea,MLD2,1006.44880
CM33_SPIN,1600,6,labsea,MLD2,118.64621
CM33_SPIN,1600,7,labsea,MLD2,13.96828
CM33_SPIN,1600,8,labsea,MLD2,18.92473
CM33_SPIN,1600,9,labsea,MLD2,25.37595
CM33_SPIN,1600,10,labsea,MLD2,46.42073
CM33_SPIN,1600,11,labsea,MLD2,822.76681
CM33_SPIN,1600,12,labsea,MLD2,1419.81135
CM33_SPIN,1600,1,interior,MLD2,2570.52986
CM33_SPIN,1600,2,interior,MLD2,2419.90558
CM33_SPIN,1600,3,interior,MLD2,2311.71041
CM33_SPIN,1600,4,interior,MLD2,2068.17646
CM33_SPIN,1600,5,interior,MLD2,1809.34079
CM33_SPIN,1600,6,interior,MLD2,358.61490
CM33_SPIN,1600,7,interior,MLD2,15.77198
CM33_SPIN,1600,8,interior,MLD2,22.21355
CM33_SPIN,1600,9,interior,MLD2,30.05857
CM33_SPIN,1600,10,interior,MLD2,68.07081
CM33_SPIN,1600,11,interior,MLD2,1839.65771
CM33_SPIN,1600,12,interior,MLD2,2477.30301
CM33_SPIN,1601,1,labsea,a_ice,0.28502
CM33_SPIN,1601,2,labsea,a_ice,0.31607
CM33_SPIN,1601,3,labsea,a_ice,0.26556
CM33_SPIN,1601,4,labsea,a_ice,0.21045
CM33_SPIN,1601,5,labsea,a_ice,0.15777
CM33_SPIN,1601,6,labsea,a_ice,0.11177
CM33_SPIN,1601,7,labsea,a_ice,0.03302
CM33_SPIN,1601,8,labsea,a_ice,0.00070
CM33_SPIN,1601,9,labsea,a_ice,0.00002
CM33_SPIN,1601,10,labsea,a_ice,0.01036
CM33_SPIN,1601,11,labsea,a_ice,0.10634
CM33_SPIN,1601,12,labsea,a_ice,0.24735
CM33_SPIN,1601,1,interior,a_ice,0.08874
CM33_SPIN,1601,2,interior,a_ice,0.14596
CM33_SPIN,1601,3,interior,a_ice,0.15181
CM33_SPIN,1601,4,interior,a_ice,0.05429
CM33_SPIN,1601,5,interior,a_ice,0.03028
CM33_SPIN,1601,6,interior,a_ice,0.00787
CM33_SPIN,1601,7,interior,a_ice,0.00191
CM33_SPIN,1601,8,interior,a_ice,0.00000
CM33_SPIN,1601,9,interior,a_ice,0.00000
CM33_SPIN,1601,10,interior,a_ice,0.00000
CM33_SPIN,1601,11,interior,a_ice,0.00501
CM33_SPIN,1601,12,interior,a_ice,0.06229
CM33_SPIN,1601,1,labsea,MLD2,1533.50807
CM33_SPIN,1601,2,labsea,MLD2,1510.40393
CM33_SPIN,1601,3,labsea,MLD2,1412.74854
CM33_SPIN,1601,4,labsea,MLD2,1277.78642
CM33_SPIN,1601,5,labsea,MLD2,517.48565
CM33_SPIN,1601,6,labsea,MLD2,21.39214
CM33_SPIN,1601,7,labsea,MLD2,12.32720
CM33_SPIN,1601,8,labsea,MLD2,16.27901
CM33_SPIN,1601,9,labsea,MLD2,23.63443
CM33_SPIN,1601,10,labsea,MLD2,84.84001
CM33_SPIN,1601,11,labsea,MLD2,695.72794
CM33_SPIN,1601,12,labsea,MLD2,1471.44576
CM33_SPIN,1601,1,interior,MLD2,2441.86657
CM33_SPIN,1601,2,interior,MLD2,2298.28077
CM33_SPIN,1601,3,interior,MLD2,2135.64782
CM33_SPIN,1601,4,interior,MLD2,1962.32939
CM33_SPIN,1601,5,interior,MLD2,1069.59805
CM33_SPIN,1601,6,interior,MLD2,26.25508
CM33_SPIN,1601,7,interior,MLD2,12.99576
CM33_SPIN,1601,8,interior,MLD2,17.00158
CM33_SPIN,1601,9,interior,MLD2,26.40910
CM33_SPIN,1601,10,interior,MLD2,191.79484
CM33_SPIN,1601,11,interior,MLD2,1598.88177
CM33_SPIN,1601,12,interior,MLD2,2333.10615
CM33_SPIN,1602,1,labsea,a_ice,0.29570
CM33_SPIN,1602,2,labsea,a_ice,0.41469
CM33_SPIN,1602,3,labsea,a_ice,0.37975
CM33_SPIN,1602,4,labsea,a_ice,0.27398
CM33_SPIN,1602,5,labsea,a_ice,0.25746
CM33_SPIN,1602,6,labsea,a_ice,0.17669
CM33_SPIN,1602,7,labsea,a_ice,0.06038
CM33_SPIN,1602,8,labsea,a_ice,0.00539
CM33_SPIN,1602,9,labsea,a_ice,0.00028
CM33_SPIN,1602,10,labsea,a_ice,0.00091
CM33_SPIN,1602,11,labsea,a_ice,0.04573
CM33_SPIN,1602,12,labsea,a_ice,0.16432
CM33_SPIN,1602,1,interior,a_ice,0.08518
CM33_SPIN,1602,2,interior,a_ice,0.21976
CM33_SPIN,1602,3,interior,a_ice,0.23496
CM33_SPIN,1602,4,interior,a_ice,0.09444
CM33_SPIN,1602,5,interior,a_ice,0.11635
CM33_SPIN,1602,6,interior,a_ice,0.03024
CM33_SPIN,1602,7,interior,a_ice,0.00207
CM33_SPIN,1602,8,interior,a_ice,0.00000
CM33_SPIN,1602,9,interior,a_ice,0.00000
CM33_SPIN,1602,10,interior,a_ice,0.00000
CM33_SPIN,1602,11,interior,a_ice,0.00135
CM33_SPIN,1602,12,interior,a_ice,0.02210
CM33_SPIN,1602,1,labsea,MLD2,1626.27450
CM33_SPIN,1602,2,labsea,MLD2,1338.60981
CM33_SPIN,1602,3,labsea,MLD2,1275.50989
CM33_SPIN,1602,4,labsea,MLD2,1299.07694
CM33_SPIN,1602,5,labsea,MLD2,919.65640
CM33_SPIN,1602,6,labsea,MLD2,41.23617
CM33_SPIN,1602,7,labsea,MLD2,11.87952
CM33_SPIN,1602,8,labsea,MLD2,13.31910
CM33_SPIN,1602,9,labsea,MLD2,20.16874
CM33_SPIN,1602,10,labsea,MLD2,41.18774
CM33_SPIN,1602,11,labsea,MLD2,605.60971
CM33_SPIN,1602,12,labsea,MLD2,1684.80759
CM33_SPIN,1602,1,interior,MLD2,2501.11302
CM33_SPIN,1602,2,interior,MLD2,2046.35069
CM33_SPIN,1602,3,interior,MLD2,1705.88750
CM33_SPIN,1602,4,interior,MLD2,1715.72506
CM33_SPIN,1602,5,interior,MLD2,1413.92514
CM33_SPIN,1602,6,interior,MLD2,105.45200
CM33_SPIN,1602,7,interior,MLD2,12.48448
CM33_SPIN,1602,8,interior,MLD2,15.43906
CM33_SPIN,1602,9,interior,MLD2,22.06644
CM33_SPIN,1602,10,interior,MLD2,37.52098
CM33_SPIN,1602,11,interior,MLD2,1174.47461
CM33_SPIN,1602,12,interior,MLD2,2613.81228
CM33_SPIN,1603,1,labsea,a_ice,0.24772
CM33_SPIN,1603,2,labsea,a_ice,0.33062
CM33_SPIN,1603,3,labsea,a_ice,0.39796
CM33_SPIN,1603,4,labsea,a_ice,0.30922
CM33_SPIN,1603,5,labsea,a_ice,0.20778
CM33_SPIN,1603,6,labsea,a_ice,0.15264
CM33_SPIN,1603,7,labsea,a_ice,0.07043
CM33_SPIN,1603,8,labsea,a_ice,0.01062
CM33_SPIN,1603,9,labsea,a_ice,0.00128
CM33_SPIN,1603,10,labsea,a_ice,0.00991
CM33_SPIN,1603,11,labsea,a_ice,0.09771
CM33_SPIN,1603,12,labsea,a_ice,0.23944
CM33_SPIN,1603,1,interior,a_ice,0.06583
CM33_SPIN,1603,2,interior,a_ice,0.12521
CM33_SPIN,1603,3,interior,a_ice,0.17846
CM33_SPIN,1603,4,interior,a_ice,0.09275
CM33_SPIN,1603,5,interior,a_ice,0.03979
CM33_SPIN,1603,6,interior,a_ice,0.02010
CM33_SPIN,1603,7,interior,a_ice,0.00759
CM33_SPIN,1603,8,interior,a_ice,0.00002
CM33_SPIN,1603,9,interior,a_ice,0.00000
CM33_SPIN,1603,10,interior,a_ice,0.00000
CM33_SPIN,1603,11,interior,a_ice,0.00393
CM33_SPIN,1603,12,interior,a_ice,0.06243
CM33_SPIN,1603,1,labsea,MLD2,1555.62533
CM33_SPIN,1603,2,labsea,MLD2,1516.58447
CM33_SPIN,1603,3,labsea,MLD2,1284.45934
CM33_SPIN,1603,4,labsea,MLD2,1228.92111
CM33_SPIN,1603,5,labsea,MLD2,595.83912
CM33_SPIN,1603,6,labsea,MLD2,26.20334
CM33_SPIN,1603,7,labsea,MLD2,13.80658
CM33_SPIN,1603,8,labsea,MLD2,14.80435
CM33_SPIN,1603,9,labsea,MLD2,23.37151
CM33_SPIN,1603,10,labsea,MLD2,58.96509
CM33_SPIN,1603,11,labsea,MLD2,448.51233
CM33_SPIN,1603,12,labsea,MLD2,1226.48088
CM33_SPIN,1603,1,interior,MLD2,2546.21231
CM33_SPIN,1603,2,interior,MLD2,2437.71364
CM33_SPIN,1603,3,interior,MLD2,2142.76026
CM33_SPIN,1603,4,interior,MLD2,2039.55649
CM33_SPIN,1603,5,interior,MLD2,1085.78946
CM33_SPIN,1603,6,interior,MLD2,45.05386
CM33_SPIN,1603,7,interior,MLD2,16.88312
CM33_SPIN,1603,8,interior,MLD2,18.15377
CM33_SPIN,1603,9,interior,MLD2,28.13680
CM33_SPIN,1603,10,interior,MLD2,99.67729
CM33_SPIN,1603,11,interior,MLD2,872.26641
CM33_SPIN,1603,12,interior,MLD2,1967.90144
CM33_SPIN,1604,1,labsea,a_ice,0.27452
CM33_SPIN,1604,2,labsea,a_ice,0.27375
CM33_SPIN,1604,3,labsea,a_ice,0.26509
CM33_SPIN,1604,4,labsea,a_ice,0.20639
CM33_SPIN,1604,5,labsea,a_ice,0.17124
CM33_SPIN,1604,6,labsea,a_ice,0.12385
CM33_SPIN,1604,7,labsea,a_ice,0.05450
CM33_SPIN,1604,8,labsea,a_ice,0.00852
CM33_SPIN,1604,9,labsea,a_ice,0.00128
CM33_SPIN,1604,10,labsea,a_ice,0.01900
CM33_SPIN,1604,11,labsea,a_ice,0.04995
CM33_SPIN,1604,12,labsea,a_ice,0.16041
CM33_SPIN,1604,1,interior,a_ice,0.09136
CM33_SPIN,1604,2,interior,a_ice,0.10282
CM33_SPIN,1604,3,interior,a_ice,0.06668
CM33_SPIN,1604,4,interior,a_ice,0.02545
CM33_SPIN,1604,5,interior,a_ice,0.01796
CM33_SPIN,1604,6,interior,a_ice,0.00752
CM33_SPIN,1604,7,interior,a_ice,0.00079
CM33_SPIN,1604,8,interior,a_ice,0.00000
CM33_SPIN,1604,9,interior,a_ice,0.00000
CM33_SPIN,1604,10,interior,a_ice,0.00000
CM33_SPIN,1604,11,interior,a_ice,0.00081
CM33_SPIN,1604,12,interior,a_ice,0.02652
CM33_SPIN,1604,1,labsea,MLD2,1587.07116
CM33_SPIN,1604,2,labsea,MLD2,1644.58614
CM33_SPIN,1604,3,labsea,MLD2,1594.81518
CM33_SPIN,1604,4,labsea,MLD2,1594.50315
CM33_SPIN,1604,5,labsea,MLD2,971.62042
CM33_SPIN,1604,6,labsea,MLD2,85.59633
CM33_SPIN,1604,7,labsea,MLD2,18.28964
CM33_SPIN,1604,8,labsea,MLD2,16.99031
CM33_SPIN,1604,9,labsea,MLD2,24.09262
CM33_SPIN,1604,10,labsea,MLD2,42.02538
CM33_SPIN,1604,11,labsea,MLD2,244.48480
CM33_SPIN,1604,12,labsea,MLD2,1391.66730
CM33_SPIN,1604,1,interior,MLD2,2469.54177
CM33_SPIN,1604,2,interior,MLD2,2477.48068
CM33_SPIN,1604,3,interior,MLD2,2520.48359
CM33_SPIN,1604,4,interior,MLD2,2594.47214
CM33_SPIN,1604,5,interior,MLD2,2047.17516
CM33_SPIN,1604,6,interior,MLD2,193.90368
CM33_SPIN,1604,7,interior,MLD2,20.53033
CM33_SPIN,1604,8,interior,MLD2,18.84017
CM33_SPIN,1604,9,interior,MLD2,27.28861
CM33_SPIN,1604,10,interior,MLD2,52.44236
CM33_SPIN,1604,11,interior,MLD2,609.31487
CM33_SPIN,1604,12,interior,MLD2,2482.09521
CM33_SPIN,1605,1,labsea,a_ice,0.23168
CM33_SPIN,1605,2,labsea,a_ice,0.22322
CM33_SPIN,1605,3,labsea,a_ice,0.17689
CM33_SPIN,1605,4,labsea,a_ice,0.18962
CM33_SPIN,1605,5,labsea,a_ice,0.14542
CM33_SPIN,1605,6,labsea,a_ice,0.09052
CM33_SPIN,1605,7,labsea,a_ice,0.01718
CM33_SPIN,1605,8,labsea,a_ice,0.00084
CM33_SPIN,1605,9,labsea,a_ice,0.00000
CM33_SPIN,1605,10,labsea,a_ice,0.01446
CM33_SPIN,1605,11,labsea,a_ice,0.09966
CM33_SPIN,1605,12,labsea,a_ice,0.19525
CM33_SPIN,1605,1,interior,a_ice,0.06732
CM33_SPIN,1605,2,interior,a_ice,0.04807
CM33_SPIN,1605,3,interior,a_ice,0.01573
CM33_SPIN,1605,4,interior,a_ice,0.01987
CM33_SPIN,1605,5,interior,a_ice,0.01295
CM33_SPIN,1605,6,interior,a_ice,0.00644
CM33_SPIN,1605,7,interior,a_ice,0.00009
CM33_SPIN,1605,8,interior,a_ice,0.00000
CM33_SPIN,1605,9,interior,a_ice,0.00000
CM33_SPIN,1605,10,interior,a_ice,0.00000
CM33_SPIN,1605,11,interior,a_ice,0.00116
CM33_SPIN,1605,12,interior,a_ice,0.02154
CM33_SPIN,1605,1,labsea,MLD2,1615.92903
CM33_SPIN,1605,2,labsea,MLD2,1616.85294
CM33_SPIN,1605,3,labsea,MLD2,1729.65681
CM33_SPIN,1605,4,labsea,MLD2,1695.85711
CM33_SPIN,1605,5,labsea,MLD2,1187.57971
CM33_SPIN,1605,6,labsea,MLD2,37.25670
CM33_SPIN,1605,7,labsea,MLD2,15.50986
CM33_SPIN,1605,8,labsea,MLD2,22.40298
CM33_SPIN,1605,9,labsea,MLD2,29.99441
CM33_SPIN,1605,10,labsea,MLD2,168.44178
CM33_SPIN,1605,11,labsea,MLD2,839.39839
CM33_SPIN,1605,12,labsea,MLD2,1614.51460
CM33_SPIN,1605,1,interior,MLD2,2552.78084
CM33_SPIN,1605,2,interior,MLD2,2489.82762
CM33_SPIN,1605,3,interior,MLD2,2633.96487
CM33_SPIN,1605,4,interior,MLD2,2646.35846
CM33_SPIN,1605,5,interior,MLD2,2321.95594
CM33_SPIN,1605,6,interior,MLD2,78.49541
CM33_SPIN,1605,7,interior,MLD2,19.12467
CM33_SPIN,1605,8,interior,MLD2,28.89525
CM33_SPIN,1605,9,interior,MLD2,34.76861
CM33_SPIN,1605,10,interior,MLD2,447.11391
CM33_SPIN,1605,11,interior,MLD2,1959.98445
CM33_SPIN,1605,12,interior,MLD2,2643.07089
CM33_SPIN,1606,1,labsea,a_ice,0.22036
CM33_SPIN,1606,2,labsea,a_ice,0.24825
CM33_SPIN,1606,3,labsea,a_ice,0.29694
CM33_SPIN,1606,4,labsea,a_ice,0.29170
CM33_SPIN,1606,5,labsea,a_ice,0.24919
CM33_SPIN,1606,6,labsea,a_ice,0.15864
CM33_SPIN,1606,7,labsea,a_ice,0.06528
CM33_SPIN,1606,8,labsea,a_ice,0.00600
CM33_SPIN,1606,9,labsea,a_ice,0.00014
CM33_SPIN,1606,10,labsea,a_ice,0.00709
CM33_SPIN,1606,11,labsea,a_ice,0.14026
CM33_SPIN,1606,12,labsea,a_ice,0.21236
CM33_SPIN,1606,1,interior,a_ice,0.04865
CM33_SPIN,1606,2,interior,a_ice,0.08938
CM33_SPIN,1606,3,interior,a_ice,0.10681
CM33_SPIN,1606,4,interior,a_ice,0.09106
CM33_SPIN,1606,5,interior,a_ice,0.08258
CM33_SPIN,1606,6,interior,a_ice,0.02453
CM33_SPIN,1606,7,interior,a_ice,0.00984
CM33_SPIN,1606,8,interior,a_ice,0.00003
CM33_SPIN,1606,9,interior,a_ice,0.00000
CM33_SPIN,1606,10,interior,a_ice,0.00000
CM33_SPIN,1606,11,interior,a_ice,0.02008
CM33_SPIN,1606,12,interior,a_ice,0.03146
CM33_SPIN,1606,1,labsea,MLD2,1645.31136
CM33_SPIN,1606,2,labsea,MLD2,1524.30751
CM33_SPIN,1606,3,labsea,MLD2,1534.11079
CM33_SPIN,1606,4,labsea,MLD2,1458.08930
CM33_SPIN,1606,5,labsea,MLD2,1214.28616
CM33_SPIN,1606,6,labsea,MLD2,126.45447
CM33_SPIN,1606,7,labsea,MLD2,15.33261
CM33_SPIN,1606,8,labsea,MLD2,15.20616
CM33_SPIN,1606,9,labsea,MLD2,20.59028
CM33_SPIN,1606,10,labsea,MLD2,65.44318
CM33_SPIN,1606,11,labsea,MLD2,785.25078
CM33_SPIN,1606,12,labsea,MLD2,1591.13017
CM33_SPIN,1606,1,interior,MLD2,2427.60561
CM33_SPIN,1606,2,interior,MLD2,2149.64987
CM33_SPIN,1606,3,interior,MLD2,2340.55205
CM33_SPIN,1606,4,interior,MLD2,2236.00454
CM33_SPIN,1606,5,interior,MLD2,2126.58568
CM33_SPIN,1606,6,interior,MLD2,310.88321
CM33_SPIN,1606,7,interior,MLD2,20.09295
CM33_SPIN,1606,8,interior,MLD2,18.67393
CM33_SPIN,1606,9,interior,MLD2,23.24488
CM33_SPIN,1606,10,interior,MLD2,132.42111
CM33_SPIN,1606,11,interior,MLD2,1745.45842
CM33_SPIN,1606,12,interior,MLD2,2532.98322
CM33_SPIN,1607,1,labsea,a_ice,0.25217
CM33_SPIN,1607,2,labsea,a_ice,0.34448
CM33_SPIN,1607,3,labsea,a_ice,0.35868
CM33_SPIN,1607,4,labsea,a_ice,0.27586
CM33_SPIN,1607,5,labsea,a_ice,0.21352
CM33_SPIN,1607,6,labsea,a_ice,0.15982
CM33_SPIN,1607,7,labsea,a_ice,0.07109
CM33_SPIN,1607,8,labsea,a_ice,0.01590
CM33_SPIN,1607,9,labsea,a_ice,0.00168
CM33_SPIN,1607,10,labsea,a_ice,0.00160
CM33_SPIN,1607,11,labsea,a_ice,0.05039
CM33_SPIN,1607,12,labsea,a_ice,0.13959
CM33_SPIN,1607,1,interior,a_ice,0.07233
CM33_SPIN,1607,2,interior,a_ice,0.14681
CM33_SPIN,1607,3,interior,a_ice,0.11880
CM33_SPIN,1607,4,interior,a_ice,0.05120
CM33_SPIN,1607,5,interior,a_ice,0.05388
CM33_SPIN,1607,6,interior,a_ice,0.02890
CM33_SPIN,1607,7,interior,a_ice,0.00130
CM33_SPIN,1607,8,interior,a_ice,0.00000
CM33_SPIN,1607,9,interior,a_ice,0.00000
CM33_SPIN,1607,10,interior,a_ice,0.00000
CM33_SPIN,1607,11,interior,a_ice,0.00140
CM33_SPIN,1607,12,interior,a_ice,0.00909
CM33_SPIN,1607,1,labsea,MLD2,1662.90004
CM33_SPIN,1607,2,labsea,MLD2,1602.01640
CM33_SPIN,1607,3,labsea,MLD2,1455.55102
CM33_SPIN,1607,4,labsea,MLD2,1274.26537
CM33_SPIN,1607,5,labsea,MLD2,600.39546
CM33_SPIN,1607,6,labsea,MLD2,69.07233
CM33_SPIN,1607,7,labsea,MLD2,16.36411
CM33_SPIN,1607,8,labsea,MLD2,13.27666
CM33_SPIN,1607,9,labsea,MLD2,21.43042
CM33_SPIN,1607,10,labsea,MLD2,28.80260
CM33_SPIN,1607,11,labsea,MLD2,238.97251
CM33_SPIN,1607,12,labsea,MLD2,1211.60323
CM33_SPIN,1607,1,interior,MLD2,2513.99474
CM33_SPIN,1607,2,interior,MLD2,2399.47413
CM33_SPIN,1607,3,interior,MLD2,2350.96088
CM33_SPIN,1607,4,interior,MLD2,2253.71641
CM33_SPIN,1607,5,interior,MLD2,1461.99493
CM33_SPIN,1607,6,interior,MLD2,197.12360
CM33_SPIN,1607,7,interior,MLD2,18.95139
CM33_SPIN,1607,8,interior,MLD2,15.33717
CM33_SPIN,1607,9,interior,MLD2,23.11431
CM33_SPIN,1607,10,interior,MLD2,32.03194
CM33_SPIN,1607,11,interior,MLD2,606.76552
CM33_SPIN,1607,12,interior,MLD2,2414.85130
CM33_SPIN,1608,1,labsea,a_ice,0.25541
CM33_SPIN,1608,2,labsea,a_ice,0.25084
CM33_SPIN,1608,3,labsea,a_ice,0.24135
CM33_SPIN,1608,4,labsea,a_ice,0.22962
CM33_SPIN,1608,5,labsea,a_ice,0.19340
CM33_SPIN,1608,6,labsea,a_ice,0.10240
CM33_SPIN,1608,7,labsea,a_ice,0.03636
CM33_SPIN,1608,8,labsea,a_ice,0.00724
CM33_SPIN,1608,9,labsea,a_ice,0.00019
CM33_SPIN,1608,10,labsea,a_ice,0.00155
CM33_SPIN,1608,11,labsea,a_ice,0.06911
CM33_SPIN,1608,12,labsea,a_ice,0.17382
CM33_SPIN,1608,1,interior,a_ice,0.07322
CM33_SPIN,1608,2,interior,a_ice,0.06397
CM33_SPIN,1608,3,interior,a_ice,0.04611
CM33_SPIN,1608,4,interior,a_ice,0.05422
CM33_SPIN,1608,5,interior,a_ice,0.06406
CM33_SPIN,1608,6,interior,a_ice,0.00961
CM33_SPIN,1608,7,interior,a_ice,0.00038
CM33_SPIN,1608,8,interior,a_ice,0.00002
CM33_SPIN,1608,9,interior,a_ice,0.00000
CM33_SPIN,1608,10,interior,a_ice,0.00000
CM33_SPIN,1608,11,interior,a_ice,0.00039
CM33_SPIN,1608,12,interior,a_ice,0.03254
CM33_SPIN,1608,1,labsea,MLD2,1664.05459
CM33_SPIN,1608,2,labsea,MLD2,1674.10852
CM33_SPIN,1608,3,labsea,MLD2,1598.38844
CM33_SPIN,1608,4,labsea,MLD2,1509.56523
CM33_SPIN,1608,5,labsea,MLD2,702.88751
CM33_SPIN,1608,6,labsea,MLD2,18.18360
CM33_SPIN,1608,7,labsea,MLD2,14.17604
CM33_SPIN,1608,8,labsea,MLD2,15.46852
CM33_SPIN,1608,9,labsea,MLD2,21.82105
CM33_SPIN,1608,10,labsea,MLD2,49.37899
CM33_SPIN,1608,11,labsea,MLD2,573.95086
CM33_SPIN,1608,12,labsea,MLD2,1558.44335
CM33_SPIN,1608,1,interior,MLD2,2563.64470
CM33_SPIN,1608,2,interior,MLD2,2601.21009
CM33_SPIN,1608,3,interior,MLD2,2490.17416
CM33_SPIN,1608,4,interior,MLD2,2266.93201
CM33_SPIN,1608,5,interior,MLD2,1006.62609
CM33_SPIN,1608,6,interior,MLD2,19.69700
CM33_SPIN,1608,7,interior,MLD2,16.89841
CM33_SPIN,1608,8,interior,MLD2,17.27890
CM33_SPIN,1608,9,interior,MLD2,24.21196
CM33_SPIN,1608,10,interior,MLD2,80.60088
CM33_SPIN,1608,11,interior,MLD2,1364.97153
CM33_SPIN,1608,12,interior,MLD2,2628.91829
CM33_SPIN,1609,1,labsea,a_ice,0.24301
CM33_SPIN,1609,2,labsea,a_ice,0.23047
CM33_SPIN,1609,3,labsea,a_ice,0.24624
CM33_SPIN,1609,4,labsea,a_ice,0.27509
CM33_SPIN,1609,5,labsea,a_ice,0.20587
CM33_SPIN,1609,6,labsea,a_ice,0.11598
CM33_SPIN,1609,7,labsea,a_ice,0.03037
CM33_SPIN,1609,8,labsea,a_ice,0.00162
CM33_SPIN,1609,9,labsea,a_ice,0.00006
CM33_SPIN,1609,10,labsea,a_ice,0.00226
CM33_SPIN,1609,11,labsea,a_ice,0.04013
CM33_SPIN,1609,12,labsea,a_ice,0.15058
CM33_SPIN,1609,1,interior,a_ice,0.06739
CM33_SPIN,1609,2,interior,a_ice,0.05365
CM33_SPIN,1609,3,interior,a_ice,0.05348
CM33_SPIN,1609,4,interior,a_ice,0.06752
CM33_SPIN,1609,5,interior,a_ice,0.07127
CM33_SPIN,1609,6,interior,a_ice,0.01665
CM33_SPIN,1609,7,interior,a_ice,0.00196
CM33_SPIN,1609,8,interior,a_ice,0.00000
CM33_SPIN,1609,9,interior,a_ice,0.00000
CM33_SPIN,1609,10,interior,a_ice,0.00000
CM33_SPIN,1609,11,interior,a_ice,0.00017
CM33_SPIN,1609,12,interior,a_ice,0.00994
CM33_SPIN,1609,1,labsea,MLD2,1586.25106
CM33_SPIN,1609,2,labsea,MLD2,1724.12117
CM33_SPIN,1609,3,labsea,MLD2,1655.82352
CM33_SPIN,1609,4,labsea,MLD2,1424.71367
CM33_SPIN,1609,5,labsea,MLD2,781.14587
CM33_SPIN,1609,6,labsea,MLD2,17.20286
CM33_SPIN,1609,7,labsea,MLD2,14.51398
CM33_SPIN,1609,8,labsea,MLD2,15.69464
CM33_SPIN,1609,9,labsea,MLD2,21.96451
CM33_SPIN,1609,10,labsea,MLD2,37.77699
CM33_SPIN,1609,11,labsea,MLD2,455.13750
CM33_SPIN,1609,12,labsea,MLD2,1545.75133
CM33_SPIN,1609,1,interior,MLD2,2530.25924
CM33_SPIN,1609,2,interior,MLD2,2608.76946
CM33_SPIN,1609,3,interior,MLD2,2528.28156
CM33_SPIN,1609,4,interior,MLD2,2287.66523
CM33_SPIN,1609,5,interior,MLD2,1337.79013
CM33_SPIN,1609,6,interior,MLD2,22.60829
CM33_SPIN,1609,7,interior,MLD2,16.09582
CM33_SPIN,1609,8,interior,MLD2,17.47540
CM33_SPIN,1609,9,interior,MLD2,24.45063
CM33_SPIN,1609,10,interior,MLD2,44.94023
CM33_SPIN,1609,11,interior,MLD2,1094.94837
CM33_SPIN,1609,12,interior,MLD2,2671.53649
CM33_SPIN,1610,1,labsea,a_ice,0.20017
CM33_SPIN,1610,2,labsea,a_ice,0.26841
CM33_SPIN,1610,3,labsea,a_ice,0.28862
CM33_SPIN,1610,4,labsea,a_ice,0.28767
CM33_SPIN,1610,5,labsea,a_ice,0.27589
CM33_SPIN,1610,6,labsea,a_ice,0.19973
CM33_SPIN,1610,7,labsea,a_ice,0.07147
CM33_SPIN,1610,8,labsea,a_ice,0.02164
CM33_SPIN,1610,9,labsea,a_ice,0.01040
CM33_SPIN,1610,10,labsea,a_ice,0.01084
CM33_SPIN,1610,11,labsea,a_ice,0.09164
CM33_SPIN,1610,12,labsea,a_ice,0.17868
CM33_SPIN,1610,1,interior,a_ice,0.03847
CM33_SPIN,1610,2,interior,a_ice,0.07166
CM33_SPIN,1610,3,interior,a_ice,0.08843
CM33_SPIN,1610,4,interior,a_ice,0.06695
CM33_SPIN,1610,5,interior,a_ice,0.10897
CM33_SPIN,1610,6,interior,a_ice,0.02369
CM33_SPIN,1610,7,interior,a_ice,0.00519
CM33_SPIN,1610,8,interior,a_ice,0.00001
CM33_SPIN,1610,9,interior,a_ice,0.00000
CM33_SPIN,1610,10,interior,a_ice,0.00000
CM33_SPIN,1610,11,interior,a_ice,0.00067
CM33_SPIN,1610,12,interior,a_ice,0.03242
CM33_SPIN,1610,1,labsea,MLD2,1773.94732
CM33_SPIN,1610,2,labsea,MLD2,1719.34625
CM33_SPIN,1610,3,labsea,MLD2,1562.48934
CM33_SPIN,1610,4,labsea,MLD2,1401.16940
CM33_SPIN,1610,5,labsea,MLD2,1116.24050
CM33_SPIN,1610,6,labsea,MLD2,50.97605
CM33_SPIN,1610,7,labsea,MLD2,15.38499
CM33_SPIN,1610,8,labsea,MLD2,19.30029
CM33_SPIN,1610,9,labsea,MLD2,25.20577
CM33_SPIN,1610,10,labsea,MLD2,35.36281
CM33_SPIN,1610,11,labsea,MLD2,487.67812
CM33_SPIN,1610,12,labsea,MLD2,1629.77374
CM33_SPIN,1610,1,interior,MLD2,2667.82287
CM33_SPIN,1610,2,interior,MLD2,2606.26301
CM33_SPIN,1610,3,interior,MLD2,2472.65050
CM33_SPIN,1610,4,interior,MLD2,2218.59888
CM33_SPIN,1610,5,interior,MLD2,1775.43710
CM33_SPIN,1610,6,interior,MLD2,124.74224
CM33_SPIN,1610,7,interior,MLD2,18.32283
CM33_SPIN,1610,8,interior,MLD2,24.32202
CM33_SPIN,1610,9,interior,MLD2,30.53567
CM33_SPIN,1610,10,interior,MLD2,42.04721
CM33_SPIN,1610,11,interior,MLD2,1090.87705
CM33_SPIN,1610,12,interior,MLD2,2641.70822
CM33_SPIN,1611,1,labsea,a_ice,0.23841
CM33_SPIN,1611,2,labsea,a_ice,0.28311
CM33_SPIN,1611,3,labsea,a_ice,0.26048
CM33_SPIN,1611,4,labsea,a_ice,0.24650
CM33_SPIN,1611,5,labsea,a_ice,0.23215
CM33_SPIN,1611,6,labsea,a_ice,0.13871
CM33_SPIN,1611,7,labsea,a_ice,0.04225
CM33_SPIN,1611,8,labsea,a_ice,0.00136
CM33_SPIN,1611,9,labsea,a_ice,0.00000
CM33_SPIN,1611,10,labsea,a_ice,0.02002
CM33_SPIN,1611,11,labsea,a_ice,0.13002
CM33_SPIN,1611,12,labsea,a_ice,0.29115
CM33_SPIN,1611,1,interior,a_ice,0.06384
CM33_SPIN,1611,2,interior,a_ice,0.07065
CM33_SPIN,1611,3,interior,a_ice,0.05205
CM33_SPIN,1611,4,interior,a_ice,0.08008
CM33_SPIN,1611,5,interior,a_ice,0.04338
CM33_SPIN,1611,6,interior,a_ice,0.01944
CM33_SPIN,1611,7,interior,a_ice,0.00033
CM33_SPIN,1611,8,interior,a_ice,0.00000
CM33_SPIN,1611,9,interior,a_ice,0.00000
CM33_SPIN,1611,10,interior,a_ice,0.00000
CM33_SPIN,1611,11,interior,a_ice,0.02297
CM33_SPIN,1611,12,interior,a_ice,0.16810
CM33_SPIN,1611,1,labsea,MLD2,1699.74170
CM33_SPIN,1611,2,labsea,MLD2,1628.37141
CM33_SPIN,1611,3,labsea,MLD2,1541.67742
CM33_SPIN,1611,4,labsea,MLD2,1360.89266
CM33_SPIN,1611,5,labsea,MLD2,1081.48367
CM33_SPIN,1611,6,labsea,MLD2,85.74239
CM33_SPIN,1611,7,labsea,MLD2,14.45408
CM33_SPIN,1611,8,labsea,MLD2,14.10064
CM33_SPIN,1611,9,labsea,MLD2,20.10017
CM33_SPIN,1611,10,labsea,MLD2,34.98826
CM33_SPIN,1611,11,labsea,MLD2,707.79567
CM33_SPIN,1611,12,labsea,MLD2,1516.55669
CM33_SPIN,1611,1,interior,MLD2,2602.20362
CM33_SPIN,1611,2,interior,MLD2,2544.22767
CM33_SPIN,1611,3,interior,MLD2,2441.46002
CM33_SPIN,1611,4,interior,MLD2,2261.74677
CM33_SPIN,1611,5,interior,MLD2,1774.11360
CM33_SPIN,1611,6,interior,MLD2,200.54775
CM33_SPIN,1611,7,interior,MLD2,16.17595
CM33_SPIN,1611,8,interior,MLD2,16.40928
CM33_SPIN,1611,9,interior,MLD2,23.13240
CM33_SPIN,1611,10,interior,MLD2,40.29302
CM33_SPIN,1611,11,interior,MLD2,1408.31989
CM33_SPIN,1611,12,interior,MLD2,2283.79589
CM33_SPIN,1612,1,labsea,a_ice,0.27160
CM33_SPIN,1612,2,labsea,a_ice,0.30232
CM33_SPIN,1612,3,labsea,a_ice,0.33930
CM33_SPIN,1612,4,labsea,a_ice,0.31862
CM33_SPIN,1612,5,labsea,a_ice,0.25127
CM33_SPIN,1612,6,labsea,a_ice,0.13476
CM33_SPIN,1612,7,labsea,a_ice,0.05681
CM33_SPIN,1612,8,labsea,a_ice,0.02241
CM33_SPIN,1612,9,labsea,a_ice,0.00345
CM33_SPIN,1612,10,labsea,a_ice,0.02013
CM33_SPIN,1612,11,labsea,a_ice,0.10735
CM33_SPIN,1612,12,labsea,a_ice,0.21469
CM33_SPIN,1612,1,interior,a_ice,0.07751
CM33_SPIN,1612,2,interior,a_ice,0.11554
CM33_SPIN,1612,3,interior,a_ice,0.17464
CM33_SPIN,1612,4,interior,a_ice,0.22476
CM33_SPIN,1612,5,interior,a_ice,0.11345
CM33_SPIN,1612,6,interior,a_ice,0.02743
CM33_SPIN,1612,7,interior,a_ice,0.00086
CM33_SPIN,1612,8,interior,a_ice,0.00000
CM33_SPIN,1612,9,interior,a_ice,0.00000
CM33_SPIN,1612,10,interior,a_ice,0.00000
CM33_SPIN,1612,11,interior,a_ice,0.00425
CM33_SPIN,1612,12,interior,a_ice,0.02517
CM33_SPIN,1612,1,labsea,MLD2,1652.12800
CM33_SPIN,1612,2,labsea,MLD2,1602.72802
CM33_SPIN,1612,3,labsea,MLD2,1312.04741
CM33_SPIN,1612,4,labsea,MLD2,977.03725
CM33_SPIN,1612,5,labsea,MLD2,667.60075
CM33_SPIN,1612,6,labsea,MLD2,31.14310
CM33_SPIN,1612,7,labsea,MLD2,14.21369
CM33_SPIN,1612,8,labsea,MLD2,14.24392
CM33_SPIN,1612,9,labsea,MLD2,20.36853
CM33_SPIN,1612,10,labsea,MLD2,31.47026
CM33_SPIN,1612,11,labsea,MLD2,413.73851
CM33_SPIN,1612,12,labsea,MLD2,1488.55134
CM33_SPIN,1612,1,interior,MLD2,2528.15716
CM33_SPIN,1612,2,interior,MLD2,2455.41770
CM33_SPIN,1612,3,interior,MLD2,1920.42762
CM33_SPIN,1612,4,interior,MLD2,1072.56889
CM33_SPIN,1612,5,interior,MLD2,639.33595
CM33_SPIN,1612,6,interior,MLD2,42.75031
CM33_SPIN,1612,7,interior,MLD2,16.50348
CM33_SPIN,1612,8,interior,MLD2,16.79237
CM33_SPIN,1612,9,interior,MLD2,22.44942
CM33_SPIN,1612,10,interior,MLD2,34.33680
CM33_SPIN,1612,11,interior,MLD2,786.49278
CM33_SPIN,1612,12,interior,MLD2,2540.13833
CM33_SPIN,1613,1,labsea,a_ice,0.26742
CM33_SPIN,1613,2,labsea,a_ice,0.31448
CM33_SPIN,1613,3,labsea,a_ice,0.31344
CM33_SPIN,1613,4,labsea,a_ice,0.24397
CM33_SPIN,1613,5,labsea,a_ice,0.21024
CM33_SPIN,1613,6,labsea,a_ice,0.13527
CM33_SPIN,1613,7,labsea,a_ice,0.06431
CM33_SPIN,1613,8,labsea,a_ice,0.02545
CM33_SPIN,1613,9,labsea,a_ice,0.02425
CM33_SPIN,1613,10,labsea,a_ice,0.03636
CM33_SPIN,1613,11,labsea,a_ice,0.06255
CM33_SPIN,1613,12,labsea,a_ice,0.14352
CM33_SPIN,1613,1,interior,a_ice,0.08967
CM33_SPIN,1613,2,interior,a_ice,0.11961
CM33_SPIN,1613,3,interior,a_ice,0.12085
CM33_SPIN,1613,4,interior,a_ice,0.09385
CM33_SPIN,1613,5,interior,a_ice,0.03687
CM33_SPIN,1613,6,interior,a_ice,0.02483
CM33_SPIN,1613,7,interior,a_ice,0.00094
CM33_SPIN,1613,8,interior,a_ice,0.00000
CM33_SPIN,1613,9,interior,a_ice,0.00000
CM33_SPIN,1613,10,interior,a_ice,0.00000
CM33_SPIN,1613,11,interior,a_ice,0.00014
CM33_SPIN,1613,12,interior,a_ice,0.01284
CM33_SPIN,1613,1,labsea,MLD2,1600.28487
CM33_SPIN,1613,2,labsea,MLD2,1419.14056
CM33_SPIN,1613,3,labsea,MLD2,1516.02198
CM33_SPIN,1613,4,labsea,MLD2,1542.42478
CM33_SPIN,1613,5,labsea,MLD2,989.29583
CM33_SPIN,1613,6,labsea,MLD2,92.06075
CM33_SPIN,1613,7,labsea,MLD2,13.31833
CM33_SPIN,1613,8,labsea,MLD2,15.57418
CM33_SPIN,1613,9,labsea,MLD2,25.89891
CM33_SPIN,1613,10,labsea,MLD2,64.19900
CM33_SPIN,1613,11,labsea,MLD2,865.17488
CM33_SPIN,1613,12,labsea,MLD2,1719.60607
CM33_SPIN,1613,1,interior,MLD2,2435.80040
CM33_SPIN,1613,2,interior,MLD2,2147.45585
CM33_SPIN,1613,3,interior,MLD2,2237.78666
CM33_SPIN,1613,4,interior,MLD2,2348.05500
CM33_SPIN,1613,5,interior,MLD2,1984.38910
CM33_SPIN,1613,6,interior,MLD2,249.48361
CM33_SPIN,1613,7,interior,MLD2,16.16886
CM33_SPIN,1613,8,interior,MLD2,17.31576
CM33_SPIN,1613,9,interior,MLD2,25.43349
CM33_SPIN,1613,10,interior,MLD2,116.02094
CM33_SPIN,1613,11,interior,MLD2,1842.05198
CM33_SPIN,1613,12,interior,MLD2,2692.05014
CM33_SPIN,1614,1,labsea,a_ice,0.23322
CM33_SPIN,1614,2,labsea,a_ice,0.23650
CM33_SPIN,1614,3,labsea,a_ice,0.20470
CM33_SPIN,1614,4,labsea,a_ice,0.20858
CM33_SPIN,1614,5,labsea,a_ice,0.14471
CM33_SPIN,1614,6,labsea,a_ice,0.08615
CM33_SPIN,1614,7,labsea,a_ice,0.03084
CM33_SPIN,1614,8,labsea,a_ice,0.00282
CM33_SPIN,1614,9,labsea,a_ice,0.00002
CM33_SPIN,1614,10,labsea,a_ice,0.00790
CM33_SPIN,1614,11,labsea,a_ice,0.07668
CM33_SPIN,1614,12,labsea,a_ice,0.16603
CM33_SPIN,1614,1,interior,a_ice,0.09843
CM33_SPIN,1614,2,interior,a_ice,0.07620
CM33_SPIN,1614,3,interior,a_ice,0.03973
CM33_SPIN,1614,4,interior,a_ice,0.04981
CM33_SPIN,1614,5,interior,a_ice,0.02133
CM33_SPIN,1614,6,interior,a_ice,0.00989
CM33_SPIN,1614,7,interior,a_ice,0.00003
CM33_SPIN,1614,8,interior,a_ice,0.00000
CM33_SPIN,1614,9,interior,a_ice,0.00000
CM33_SPIN,1614,10,interior,a_ice,0.00000
CM33_SPIN,1614,11,interior,a_ice,0.00083
CM33_SPIN,1614,12,interior,a_ice,0.00994
CM33_SPIN,1614,1,labsea,MLD2,1762.76111
CM33_SPIN,1614,2,labsea,MLD2,1769.44179
CM33_SPIN,1614,3,labsea,MLD2,1793.32262
CM33_SPIN,1614,4,labsea,MLD2,1618.63394
CM33_SPIN,1614,5,labsea,MLD2,976.47394
CM33_SPIN,1614,6,labsea,MLD2,69.02237
CM33_SPIN,1614,7,labsea,MLD2,15.17712
CM33_SPIN,1614,8,labsea,MLD2,15.25351
CM33_SPIN,1614,9,labsea,MLD2,24.00837
CM33_SPIN,1614,10,labsea,MLD2,34.09470
CM33_SPIN,1614,11,labsea,MLD2,386.63242
CM33_SPIN,1614,12,labsea,MLD2,1650.50615
CM33_SPIN,1614,1,interior,MLD2,2565.91231
CM33_SPIN,1614,2,interior,MLD2,2605.05505
CM33_SPIN,1614,3,interior,MLD2,2676.07382
CM33_SPIN,1614,4,interior,MLD2,2563.64212
CM33_SPIN,1614,5,interior,MLD2,2118.80073
CM33_SPIN,1614,6,interior,MLD2,183.93044
CM33_SPIN,1614,7,interior,MLD2,17.43005
CM33_SPIN,1614,8,interior,MLD2,17.06757
CM33_SPIN,1614,9,interior,MLD2,27.95756
CM33_SPIN,1614,10,interior,MLD2,40.30319
CM33_SPIN,1614,11,interior,MLD2,755.69157
CM33_SPIN,1614,12,interior,MLD2,2673.39945
CM33_SPIN,1615,1,labsea,a_ice,0.27589
CM33_SPIN,1615,2,labsea,a_ice,0.30864
CM33_SPIN,1615,3,labsea,a_ice,0.25100
CM33_SPIN,1615,4,labsea,a_ice,0.24864
CM33_SPIN,1615,5,labsea,a_ice,0.19264
CM33_SPIN,1615,6,labsea,a_ice,0.12147
CM33_SPIN,1615,7,labsea,a_ice,0.04227
CM33_SPIN,1615,8,labsea,a_ice,0.00698
CM33_SPIN,1615,9,labsea,a_ice,0.00031
CM33_SPIN,1615,10,labsea,a_ice,0.00232
CM33_SPIN,1615,11,labsea,a_ice,0.04988
CM33_SPIN,1615,12,labsea,a_ice,0.13415
CM33_SPIN,1615,1,interior,a_ice,0.13470
CM33_SPIN,1615,2,interior,a_ice,0.16287
CM33_SPIN,1615,3,interior,a_ice,0.04201
CM33_SPIN,1615,4,interior,a_ice,0.04511
CM33_SPIN,1615,5,interior,a_ice,0.08176
CM33_SPIN,1615,6,interior,a_ice,0.02966
CM33_SPIN,1615,7,interior,a_ice,0.00765
CM33_SPIN,1615,8,interior,a_ice,0.00000
CM33_SPIN,1615,9,interior,a_ice,0.00000
CM33_SPIN,1615,10,interior,a_ice,0.00000
CM33_SPIN,1615,11,interior,a_ice,0.00033
CM33_SPIN,1615,12,interior,a_ice,0.01694
CM33_SPIN,1615,1,labsea,MLD2,1567.57203
CM33_SPIN,1615,2,labsea,MLD2,1348.11787
CM33_SPIN,1615,3,labsea,MLD2,1498.38605
CM33_SPIN,1615,4,labsea,MLD2,1339.99374
CM33_SPIN,1615,5,labsea,MLD2,631.85420
CM33_SPIN,1615,6,labsea,MLD2,79.30007
CM33_SPIN,1615,7,labsea,MLD2,14.26387
CM33_SPIN,1615,8,labsea,MLD2,16.01238
CM33_SPIN,1615,9,labsea,MLD2,24.09869
CM33_SPIN,1615,10,labsea,MLD2,39.09909
CM33_SPIN,1615,11,labsea,MLD2,485.31721
CM33_SPIN,1615,12,labsea,MLD2,1545.67666
CM33_SPIN,1615,1,interior,MLD2,2320.64272
CM33_SPIN,1615,2,interior,MLD2,2101.96811
CM33_SPIN,1615,3,interior,MLD2,2612.67332
CM33_SPIN,1615,4,interior,MLD2,2169.51959
CM33_SPIN,1615,5,interior,MLD2,1368.52215
CM33_SPIN,1615,6,interior,MLD2,231.31791
CM33_SPIN,1615,7,interior,MLD2,18.32970
CM33_SPIN,1615,8,interior,MLD2,19.14470
CM33_SPIN,1615,9,interior,MLD2,27.62467
CM33_SPIN,1615,10,interior,MLD2,41.99208
CM33_SPIN,1615,11,interior,MLD2,1046.86190
CM33_SPIN,1615,12,interior,MLD2,2656.00017
CM33_SPIN,1616,1,labsea,a_ice,0.17594
CM33_SPIN,1616,2,labsea,a_ice,0.19910
CM33_SPIN,1616,3,labsea,a_ice,0.21008
CM33_SPIN,1616,4,labsea,a_ice,0.21525
CM33_SPIN,1616,5,labsea,a_ice,0.19241
CM33_SPIN,1616,6,labsea,a_ice,0.12017
CM33_SPIN,1616,7,labsea,a_ice,0.04326
CM33_SPIN,1616,8,labsea,a_ice,0.01122
CM33_SPIN,1616,9,labsea,a_ice,0.00020
CM33_SPIN,1616,10,labsea,a_ice,0.00409
CM33_SPIN,1616,11,labsea,a_ice,0.07452
CM33_SPIN,1616,12,labsea,a_ice,0.17197
CM33_SPIN,1616,1,interior,a_ice,0.02385
CM33_SPIN,1616,2,interior,a_ice,0.03831
CM33_SPIN,1616,3,interior,a_ice,0.03781
CM33_SPIN,1616,4,interior,a_ice,0.04740
CM33_SPIN,1616,5,interior,a_ice,0.05391
CM33_SPIN,1616,6,interior,a_ice,0.01798
CM33_SPIN,1616,7,interior,a_ice,0.00060
CM33_SPIN,1616,8,interior,a_ice,0.00000
CM33_SPIN,1616,9,interior,a_ice,0.00000
CM33_SPIN,1616,10,interior,a_ice,0.00000
CM33_SPIN,1616,11,interior,a_ice,0.00220
CM33_SPIN,1616,12,interior,a_ice,0.03170
CM33_SPIN,1616,1,labsea,MLD2,1741.37900
CM33_SPIN,1616,2,labsea,MLD2,1742.32437
CM33_SPIN,1616,3,labsea,MLD2,1763.28581
CM33_SPIN,1616,4,labsea,MLD2,1587.41887
CM33_SPIN,1616,5,labsea,MLD2,1267.73939
CM33_SPIN,1616,6,labsea,MLD2,54.58111
CM33_SPIN,1616,7,labsea,MLD2,12.12626
CM33_SPIN,1616,8,labsea,MLD2,13.16199
CM33_SPIN,1616,9,labsea,MLD2,23.76134
CM33_SPIN,1616,10,labsea,MLD2,43.79527
CM33_SPIN,1616,11,labsea,MLD2,708.16251
CM33_SPIN,1616,12,labsea,MLD2,1566.33706
CM33_SPIN,1616,1,interior,MLD2,2660.45368
CM33_SPIN,1616,2,interior,MLD2,2647.33920
CM33_SPIN,1616,3,interior,MLD2,2663.10918
CM33_SPIN,1616,4,interior,MLD2,2386.23238
CM33_SPIN,1616,5,interior,MLD2,1995.98147
CM33_SPIN,1616,6,interior,MLD2,134.67680
CM33_SPIN,1616,7,interior,MLD2,15.12541
CM33_SPIN,1616,8,interior,MLD2,14.67703
CM33_SPIN,1616,9,interior,MLD2,25.03078
CM33_SPIN,1616,10,interior,MLD2,65.16296
CM33_SPIN,1616,11,interior,MLD2,1666.35322
CM33_SPIN,1616,12,interior,MLD2,2584.34589
CM33_SPIN,1617,1,labsea,a_ice,0.23582
CM33_SPIN,1617,2,labsea,a_ice,0.20786
CM33_SPIN,1617,3,labsea,a_ice,0.22865
CM33_SPIN,1617,4,labsea,a_ice,0.23534
CM33_SPIN,1617,5,labsea,a_ice,0.16525
CM33_SPIN,1617,6,labsea,a_ice,0.08064
CM33_SPIN,1617,7,labsea,a_ice,0.01092
CM33_SPIN,1617,8,labsea,a_ice,0.00006
CM33_SPIN,1617,9,labsea,a_ice,0.00000
CM33_SPIN,1617,10,labsea,a_ice,0.00000
CM33_SPIN,1617,11,labsea,a_ice,0.04740
CM33_SPIN,1617,12,labsea,a_ice,0.14133
CM33_SPIN,1617,1,interior,a_ice,0.05562
CM33_SPIN,1617,2,interior,a_ice,0.03227
CM33_SPIN,1617,3,interior,a_ice,0.05917
CM33_SPIN,1617,4,interior,a_ice,0.06792
CM33_SPIN,1617,5,interior,a_ice,0.02465
CM33_SPIN,1617,6,interior,a_ice,0.00358
CM33_SPIN,1617,7,interior,a_ice,0.00000
CM33_SPIN,1617,8,interior,a_ice,0.00000
CM33_SPIN,1617,9,interior,a_ice,0.00000
CM33_SPIN,1617,10,interior,a_ice,0.00000
CM33_SPIN,1617,11,interior,a_ice,0.00000
CM33_SPIN,1617,12,interior,a_ice,0.02061
CM33_SPIN,1617,1,labsea,MLD2,1623.41148
CM33_SPIN,1617,2,labsea,MLD2,1706.30603
CM33_SPIN,1617,3,labsea,MLD2,1668.84333
CM33_SPIN,1617,4,labsea,MLD2,1596.75938
CM33_SPIN,1617,5,labsea,MLD2,528.13953
CM33_SPIN,1617,6,labsea,MLD2,19.08571
CM33_SPIN,1617,7,labsea,MLD2,14.44197
CM33_SPIN,1617,8,labsea,MLD2,18.76653
CM33_SPIN,1617,9,labsea,MLD2,24.63871
CM33_SPIN,1617,10,labsea,MLD2,33.57776
CM33_SPIN,1617,11,labsea,MLD2,400.18774
CM33_SPIN,1617,12,labsea,MLD2,1174.62309
CM33_SPIN,1617,1,interior,MLD2,2569.97584
CM33_SPIN,1617,2,interior,MLD2,2656.24569
CM33_SPIN,1617,3,interior,MLD2,2565.57967
CM33_SPIN,1617,4,interior,MLD2,2549.90589
CM33_SPIN,1617,5,interior,MLD2,1149.43110
CM33_SPIN,1617,6,interior,MLD2,26.19247
CM33_SPIN,1617,7,interior,MLD2,17.45370
CM33_SPIN,1617,8,interior,MLD2,21.55620
CM33_SPIN,1617,9,interior,MLD2,26.39985
CM33_SPIN,1617,10,interior,MLD2,34.92193
CM33_SPIN,1617,11,interior,MLD2,1042.30669
CM33_SPIN,1617,12,interior,MLD2,2385.87817
CM33_SPIN,1618,1,labsea,a_ice,0.21504
CM33_SPIN,1618,2,labsea,a_ice,0.31131
CM33_SPIN,1618,3,labsea,a_ice,0.31443
CM33_SPIN,1618,4,labsea,a_ice,0.25058
CM33_SPIN,1618,5,labsea,a_ice,0.21346
CM33_SPIN,1618,6,labsea,a_ice,0.13856
CM33_SPIN,1618,7,labsea,a_ice,0.03276
CM33_SPIN,1618,8,labsea,a_ice,0.00271
CM33_SPIN,1618,9,labsea,a_ice,0.00004
CM33_SPIN,1618,10,labsea,a_ice,0.00165
CM33_SPIN,1618,11,labsea,a_ice,0.02659
CM33_SPIN,1618,12,labsea,a_ice,0.09877
CM33_SPIN,1618,1,interior,a_ice,0.04113
CM33_SPIN,1618,2,interior,a_ice,0.15234
CM33_SPIN,1618,3,interior,a_ice,0.08593
CM33_SPIN,1618,4,interior,a_ice,0.03821
CM33_SPIN,1618,5,interior,a_ice,0.04005
CM33_SPIN,1618,6,interior,a_ice,0.02693
CM33_SPIN,1618,7,interior,a_ice,0.00276
CM33_SPIN,1618,8,interior,a_ice,0.00000
CM33_SPIN,1618,9,interior,a_ice,0.00000
CM33_SPIN,1618,10,interior,a_ice,0.00000
CM33_SPIN,1618,11,interior,a_ice,0.00010
CM33_SPIN,1618,12,interior,a_ice,0.00631
CM33_SPIN,1618,1,labsea,MLD2,1656.83734
CM33_SPIN,1618,2,labsea,MLD2,1559.41459
CM33_SPIN,1618,3,labsea,MLD2,1545.08968
CM33_SPIN,1618,4,labsea,MLD2,1531.02769
CM33_SPIN,1618,5,labsea,MLD2,1281.26226
CM33_SPIN,1618,6,labsea,MLD2,120.76479
CM33_SPIN,1618,7,labsea,MLD2,13.08561
CM33_SPIN,1618,8,labsea,MLD2,14.40694
CM33_SPIN,1618,9,labsea,MLD2,18.81966
CM33_SPIN,1618,10,labsea,MLD2,32.85349
CM33_SPIN,1618,11,labsea,MLD2,77.04071
CM33_SPIN,1618,12,labsea,MLD2,665.49721
CM33_SPIN,1618,1,interior,MLD2,2620.18866
CM33_SPIN,1618,2,interior,MLD2,2348.61512
CM33_SPIN,1618,3,interior,MLD2,2484.44818
CM33_SPIN,1618,4,interior,MLD2,2531.34107
CM33_SPIN,1618,5,interior,MLD2,2260.15555
CM33_SPIN,1618,6,interior,MLD2,276.43990
CM33_SPIN,1618,7,interior,MLD2,17.01084
CM33_SPIN,1618,8,interior,MLD2,15.67224
CM33_SPIN,1618,9,interior,MLD2,20.24290
CM33_SPIN,1618,10,interior,MLD2,36.31762
CM33_SPIN,1618,11,interior,MLD2,79.47149
CM33_SPIN,1618,12,interior,MLD2,1374.89924
CM33_SPIN,1619,1,labsea,a_ice,0.18705
CM33_SPIN,1619,2,labsea,a_ice,0.22454
CM33_SPIN,1619,3,labsea,a_ice,0.22810
CM33_SPIN,1619,4,labsea,a_ice,0.20656
CM33_SPIN,1619,5,labsea,a_ice,0.14579
CM33_SPIN,1619,6,labsea,a_ice,0.08479
CM33_SPIN,1619,7,labsea,a_ice,0.02014
CM33_SPIN,1619,8,labsea,a_ice,0.00029
CM33_SPIN,1619,9,labsea,a_ice,0.00000
CM33_SPIN,1619,10,labsea,a_ice,0.00322
CM33_SPIN,1619,11,labsea,a_ice,0.05685
CM33_SPIN,1619,12,labsea,a_ice,0.14280
CM33_SPIN,1619,1,interior,a_ice,0.03084
CM33_SPIN,1619,2,interior,a_ice,0.06601
CM33_SPIN,1619,3,interior,a_ice,0.05713
CM33_SPIN,1619,4,interior,a_ice,0.01335
CM33_SPIN,1619,5,interior,a_ice,0.01234
CM33_SPIN,1619,6,interior,a_ice,0.00635
CM33_SPIN,1619,7,interior,a_ice,0.00071
CM33_SPIN,1619,8,interior,a_ice,0.00000
CM33_SPIN,1619,9,interior,a_ice,0.00000
CM33_SPIN,1619,10,interior,a_ice,0.00000
CM33_SPIN,1619,11,interior,a_ice,0.00208
CM33_SPIN,1619,12,interior,a_ice,0.01532
CM33_SPIN,1619,1,labsea,MLD2,1722.81586
CM33_SPIN,1619,2,labsea,MLD2,1652.80800
CM33_SPIN,1619,3,labsea,MLD2,1586.78626
CM33_SPIN,1619,4,labsea,MLD2,1519.99059
CM33_SPIN,1619,5,labsea,MLD2,1037.53876
CM33_SPIN,1619,6,labsea,MLD2,18.84766
CM33_SPIN,1619,7,labsea,MLD2,14.61140
CM33_SPIN,1619,8,labsea,MLD2,16.77943
CM33_SPIN,1619,9,labsea,MLD2,23.98442
CM33_SPIN,1619,10,labsea,MLD2,56.65188
CM33_SPIN,1619,11,labsea,MLD2,711.65577
CM33_SPIN,1619,12,labsea,MLD2,1290.06265
CM33_SPIN,1619,1,interior,MLD2,2703.52151
CM33_SPIN,1619,2,interior,MLD2,2592.88002
CM33_SPIN,1619,3,interior,MLD2,2470.18246
CM33_SPIN,1619,4,interior,MLD2,2520.80357
CM33_SPIN,1619,5,interior,MLD2,1876.30374
CM33_SPIN,1619,6,interior,MLD2,28.41628
CM33_SPIN,1619,7,interior,MLD2,17.58133
CM33_SPIN,1619,8,interior,MLD2,22.09219
CM33_SPIN,1619,9,interior,MLD2,27.70448
CM33_SPIN,1619,10,interior,MLD2,98.66311
CM33_SPIN,1619,11,interior,MLD2,1473.81403
CM33_SPIN,1619,12,interior,MLD2,2175.28925
CM33_SPIN,1620,1,labsea,a_ice,0.19673
CM33_SPIN,1620,2,labsea,a_ice,0.22569
CM33_SPIN,1620,3,labsea,a_ice,0.23321
CM33_SPIN,1620,4,labsea,a_ice,0.23402
CM33_SPIN,1620,5,labsea,a_ice,0.18948
CM33_SPIN,1620,6,labsea,a_ice,0.08984
CM33_SPIN,1620,7,labsea,a_ice,0.03841
CM33_SPIN,1620,8,labsea,a_ice,0.01148
CM33_SPIN,1620,9,labsea,a_ice,0.00224
CM33_SPIN,1620,10,labsea,a_ice,0.01410
CM33_SPIN,1620,11,labsea,a_ice,0.05226
CM33_SPIN,1620,12,labsea,a_ice,0.15574
CM33_SPIN,1620,1,interior,a_ice,0.03578
CM33_SPIN,1620,2,interior,a_ice,0.04000
CM33_SPIN,1620,3,interior,a_ice,0.03705
CM33_SPIN,1620,4,interior,a_ice,0.07901
CM33_SPIN,1620,5,interior,a_ice,0.07694
CM33_SPIN,1620,6,interior,a_ice,0.01741
CM33_SPIN,1620,7,interior,a_ice,0.00000
CM33_SPIN,1620,8,interior,a_ice,0.00000
CM33_SPIN,1620,9,interior,a_ice,0.00000
CM33_SPIN,1620,10,interior,a_ice,0.00000
CM33_SPIN,1620,11,interior,a_ice,0.00000
CM33_SPIN,1620,12,interior,a_ice,0.01510
CM33_SPIN,1620,1,labsea,MLD2,1706.19367
CM33_SPIN,1620,2,labsea,MLD2,1735.37611
CM33_SPIN,1620,3,labsea,MLD2,1710.90159
CM33_SPIN,1620,4,labsea,MLD2,1619.46571
CM33_SPIN,1620,5,labsea,MLD2,977.74081
CM33_SPIN,1620,6,labsea,MLD2,69.92010
CM33_SPIN,1620,7,labsea,MLD2,14.88652
CM33_SPIN,1620,8,labsea,MLD2,17.81981
CM33_SPIN,1620,9,labsea,MLD2,26.26528
CM33_SPIN,1620,10,labsea,MLD2,50.14704
CM33_SPIN,1620,11,labsea,MLD2,655.94195
CM33_SPIN,1620,12,labsea,MLD2,1620.05354
CM33_SPIN,1620,1,interior,MLD2,2652.25472
CM33_SPIN,1620,2,interior,MLD2,2668.16733
CM33_SPIN,1620,3,interior,MLD2,2656.98757
CM33_SPIN,1620,4,interior,MLD2,2482.49550
CM33_SPIN,1620,5,interior,MLD2,2079.41569
CM33_SPIN,1620,6,interior,MLD2,191.67752
CM33_SPIN,1620,7,interior,MLD2,17.10370
CM33_SPIN,1620,8,interior,MLD2,18.38872
CM33_SPIN,1620,9,interior,MLD2,28.94959
CM33_SPIN,1620,10,interior,MLD2,62.32393
CM33_SPIN,1620,11,interior,MLD2,1510.34752
CM33_SPIN,1620,12,interior,MLD2,2663.65686
CM33_SPIN,1621,1,labsea,a_ice,0.21488
CM33_SPIN,1621,2,labsea,a_ice,0.26103
CM33_SPIN,1621,3,labsea,a_ice,0.24875
CM33_SPIN,1621,4,labsea,a_ice,0.21158
CM33_SPIN,1621,5,labsea,a_ice,0.18595
CM33_SPIN,1621,6,labsea,a_ice,0.10590
CM33_SPIN,1621,7,labsea,a_ice,0.01288
CM33_SPIN,1621,8,labsea,a_ice,0.00000
CM33_SPIN,1621,9,labsea,a_ice,0.00000
CM33_SPIN,1621,10,labsea,a_ice,0.00299
CM33_SPIN,1621,11,labsea,a_ice,0.04837
CM33_SPIN,1621,12,labsea,a_ice,0.15519
CM33_SPIN,1621,1,interior,a_ice,0.07465
CM33_SPIN,1621,2,interior,a_ice,0.09510
CM33_SPIN,1621,3,interior,a_ice,0.06162
CM33_SPIN,1621,4,interior,a_ice,0.05039
CM33_SPIN,1621,5,interior,a_ice,0.04336
CM33_SPIN,1621,6,interior,a_ice,0.02258
CM33_SPIN,1621,7,interior,a_ice,0.00122
CM33_SPIN,1621,8,interior,a_ice,0.00000
CM33_SPIN,1621,9,interior,a_ice,0.00000
CM33_SPIN,1621,10,interior,a_ice,0.00000
CM33_SPIN,1621,11,interior,a_ice,0.00010
CM33_SPIN,1621,12,interior,a_ice,0.02540
CM33_SPIN,1621,1,labsea,MLD2,1682.53039
CM33_SPIN,1621,2,labsea,MLD2,1704.07494
CM33_SPIN,1621,3,labsea,MLD2,1556.80552
CM33_SPIN,1621,4,labsea,MLD2,1485.09997
CM33_SPIN,1621,5,labsea,MLD2,1284.70736
CM33_SPIN,1621,6,labsea,MLD2,20.46509
CM33_SPIN,1621,7,labsea,MLD2,11.42107
CM33_SPIN,1621,8,labsea,MLD2,13.94355
CM33_SPIN,1621,9,labsea,MLD2,20.68356
CM33_SPIN,1621,10,labsea,MLD2,46.89852
CM33_SPIN,1621,11,labsea,MLD2,671.89957
CM33_SPIN,1621,12,labsea,MLD2,1713.92976
CM33_SPIN,1621,1,interior,MLD2,2580.77070
CM33_SPIN,1621,2,interior,MLD2,2562.11802
CM33_SPIN,1621,3,interior,MLD2,2395.33604
CM33_SPIN,1621,4,interior,MLD2,2379.53220
CM33_SPIN,1621,5,interior,MLD2,2265.84864
CM33_SPIN,1621,6,interior,MLD2,41.99560
CM33_SPIN,1621,7,interior,MLD2,13.03315
CM33_SPIN,1621,8,interior,MLD2,15.80641
CM33_SPIN,1621,9,interior,MLD2,23.00650
CM33_SPIN,1621,10,interior,MLD2,69.70263
CM33_SPIN,1621,11,interior,MLD2,1380.17690
CM33_SPIN,1621,12,interior,MLD2,2685.64502
CM33_SPIN,1622,1,labsea,a_ice,0.22946
CM33_SPIN,1622,2,labsea,a_ice,0.33710
CM33_SPIN,1622,3,labsea,a_ice,0.40351
CM33_SPIN,1622,4,labsea,a_ice,0.37610
CM33_SPIN,1622,5,labsea,a_ice,0.29127
CM33_SPIN,1622,6,labsea,a_ice,0.13519
CM33_SPIN,1622,7,labsea,a_ice,0.01972
CM33_SPIN,1622,8,labsea,a_ice,0.00068
CM33_SPIN,1622,9,labsea,a_ice,0.00155
CM33_SPIN,1622,10,labsea,a_ice,0.02365
CM33_SPIN,1622,11,labsea,a_ice,0.11312
CM33_SPIN,1622,12,labsea,a_ice,0.24255
CM33_SPIN,1622,1,interior,a_ice,0.06591
CM33_SPIN,1622,2,interior,a_ice,0.15184
CM33_SPIN,1622,3,interior,a_ice,0.21681
CM33_SPIN,1622,4,interior,a_ice,0.22386
CM33_SPIN,1622,5,interior,a_ice,0.18307
CM33_SPIN,1622,6,interior,a_ice,0.05402
CM33_SPIN,1622,7,interior,a_ice,0.00000
CM33_SPIN,1622,8,interior,a_ice,0.00000
CM33_SPIN,1622,9,interior,a_ice,0.00000
CM33_SPIN,1622,10,interior,a_ice,0.00000
CM33_SPIN,1622,11,interior,a_ice,0.01340
CM33_SPIN,1622,12,interior,a_ice,0.09619
CM33_SPIN,1622,1,labsea,MLD2,1667.33817
CM33_SPIN,1622,2,labsea,MLD2,1472.01815
CM33_SPIN,1622,3,labsea,MLD2,1241.13171
CM33_SPIN,1622,4,labsea,MLD2,1107.11558
CM33_SPIN,1622,5,labsea,MLD2,526.88269
CM33_SPIN,1622,6,labsea,MLD2,19.31172
CM33_SPIN,1622,7,labsea,MLD2,15.50457
CM33_SPIN,1622,8,labsea,MLD2,12.75265
CM33_SPIN,1622,9,labsea,MLD2,20.92601
CM33_SPIN,1622,10,labsea,MLD2,34.22501
CM33_SPIN,1622,11,labsea,MLD2,629.40271
CM33_SPIN,1622,12,labsea,MLD2,1584.93951
CM33_SPIN,1622,1,interior,MLD2,2560.38451
CM33_SPIN,1622,2,interior,MLD2,2319.72891
CM33_SPIN,1622,3,interior,MLD2,1956.87191
CM33_SPIN,1622,4,interior,MLD2,1763.13092
CM33_SPIN,1622,5,interior,MLD2,1154.01137
CM33_SPIN,1622,6,interior,MLD2,33.41961
CM33_SPIN,1622,7,interior,MLD2,16.36818
CM33_SPIN,1622,8,interior,MLD2,14.54131
CM33_SPIN,1622,9,interior,MLD2,23.23723
CM33_SPIN,1622,10,interior,MLD2,34.86441
CM33_SPIN,1622,11,interior,MLD2,1176.07949
CM33_SPIN,1622,12,interior,MLD2,2455.42641
CM33_SPIN,1623,1,labsea,a_ice,0.39382
CM33_SPIN,1623,2,labsea,a_ice,0.47777
CM33_SPIN,1623,3,labsea,a_ice,0.55877
CM33_SPIN,1623,4,labsea,a_ice,0.51519
CM33_SPIN,1623,5,labsea,a_ice,0.38070
CM33_SPIN,1623,6,labsea,a_ice,0.24084
CM33_SPIN,1623,7,labsea,a_ice,0.10247
CM33_SPIN,1623,8,labsea,a_ice,0.01289
CM33_SPIN,1623,9,labsea,a_ice,0.00025
CM33_SPIN,1623,10,labsea,a_ice,0.01418
CM33_SPIN,1623,11,labsea,a_ice,0.07114
CM33_SPIN,1623,12,labsea,a_ice,0.19172
CM33_SPIN,1623,1,interior,a_ice,0.27035
CM33_SPIN,1623,2,interior,a_ice,0.41809
CM33_SPIN,1623,3,interior,a_ice,0.57776
CM33_SPIN,1623,4,interior,a_ice,0.58728
CM33_SPIN,1623,5,interior,a_ice,0.39912
CM33_SPIN,1623,6,interior,a_ice,0.09050
CM33_SPIN,1623,7,interior,a_ice,0.01683
CM33_SPIN,1623,8,interior,a_ice,0.00053
CM33_SPIN,1623,9,interior,a_ice,0.00000
CM33_SPIN,1623,10,interior,a_ice,0.00000
CM33_SPIN,1623,11,interior,a_ice,0.00119
CM33_SPIN,1623,12,interior,a_ice,0.06326
CM33_SPIN,1623,1,labsea,MLD2,1242.55762
CM33_SPIN,1623,2,labsea,MLD2,1043.20078
CM33_SPIN,1623,3,labsea,MLD2,945.69934
CM33_SPIN,1623,4,labsea,MLD2,708.04596
CM33_SPIN,1623,5,labsea,MLD2,409.05298
CM33_SPIN,1623,6,labsea,MLD2,26.87070
CM33_SPIN,1623,7,labsea,MLD2,13.38584
CM33_SPIN,1623,8,labsea,MLD2,12.89913
CM33_SPIN,1623,9,labsea,MLD2,19.71256
CM33_SPIN,1623,10,labsea,MLD2,37.00686
CM33_SPIN,1623,11,labsea,MLD2,374.31242
CM33_SPIN,1623,12,labsea,MLD2,664.91585
CM33_SPIN,1623,1,interior,MLD2,1809.65752
CM33_SPIN,1623,2,interior,MLD2,1227.70981
CM33_SPIN,1623,3,interior,MLD2,968.87683
CM33_SPIN,1623,4,interior,MLD2,473.22895
CM33_SPIN,1623,5,interior,MLD2,70.06196
CM33_SPIN,1623,6,interior,MLD2,14.21848
CM33_SPIN,1623,7,interior,MLD2,14.39707
CM33_SPIN,1623,8,interior,MLD2,14.24779
CM33_SPIN,1623,9,interior,MLD2,19.64392
CM33_SPIN,1623,10,interior,MLD2,29.99593
CM33_SPIN,1623,11,interior,MLD2,277.60569
CM33_SPIN,1623,12,interior,MLD2,578.29809
CM33_SPIN,1624,1,labsea,a_ice,0.33416
CM33_SPIN,1624,2,labsea,a_ice,0.39991
CM33_SPIN,1624,3,labsea,a_ice,0.33581
CM33_SPIN,1624,4,labsea,a_ice,0.23261
CM33_SPIN,1624,5,labsea,a_ice,0.19340
CM33_SPIN,1624,6,labsea,a_ice,0.13342
CM33_SPIN,1624,7,labsea,a_ice,0.06041
CM33_SPIN,1624,8,labsea,a_ice,0.00461
CM33_SPIN,1624,9,labsea,a_ice,0.00000
CM33_SPIN,1624,10,labsea,a_ice,0.00013
CM33_SPIN,1624,11,labsea,a_ice,0.05111
CM33_SPIN,1624,12,labsea,a_ice,0.15244
CM33_SPIN,1624,1,interior,a_ice,0.18585
CM33_SPIN,1624,2,interior,a_ice,0.18744
CM33_SPIN,1624,3,interior,a_ice,0.14521
CM33_SPIN,1624,4,interior,a_ice,0.04877
CM33_SPIN,1624,5,interior,a_ice,0.01784
CM33_SPIN,1624,6,interior,a_ice,0.01022
CM33_SPIN,1624,7,interior,a_ice,0.00325
CM33_SPIN,1624,8,interior,a_ice,0.00000
CM33_SPIN,1624,9,interior,a_ice,0.00000
CM33_SPIN,1624,10,interior,a_ice,0.00000
CM33_SPIN,1624,11,interior,a_ice,0.00000
CM33_SPIN,1624,12,interior,a_ice,0.02410
CM33_SPIN,1624,1,labsea,MLD2,1344.85742
CM33_SPIN,1624,2,labsea,MLD2,1342.71235
CM33_SPIN,1624,3,labsea,MLD2,1439.85495
CM33_SPIN,1624,4,labsea,MLD2,1638.10739
CM33_SPIN,1624,5,labsea,MLD2,614.21247
CM33_SPIN,1624,6,labsea,MLD2,18.51191
CM33_SPIN,1624,7,labsea,MLD2,12.05002
CM33_SPIN,1624,8,labsea,MLD2,14.20094
CM33_SPIN,1624,9,labsea,MLD2,21.38149
CM33_SPIN,1624,10,labsea,MLD2,29.87772
CM33_SPIN,1624,11,labsea,MLD2,325.48803
CM33_SPIN,1624,12,labsea,MLD2,1253.51037
CM33_SPIN,1624,1,interior,MLD2,1740.17163
CM33_SPIN,1624,2,interior,MLD2,1988.17758
CM33_SPIN,1624,3,interior,MLD2,2242.88906
CM33_SPIN,1624,4,interior,MLD2,2591.47904
CM33_SPIN,1624,5,interior,MLD2,1160.20857
CM33_SPIN,1624,6,interior,MLD2,22.43644
CM33_SPIN,1624,7,interior,MLD2,13.50736
CM33_SPIN,1624,8,interior,MLD2,16.43196
CM33_SPIN,1624,9,interior,MLD2,23.93213
CM33_SPIN,1624,10,interior,MLD2,33.55830
CM33_SPIN,1624,11,interior,MLD2,882.56848
CM33_SPIN,1624,12,interior,MLD2,2493.58311
CM33_SPIN,1625,1,labsea,a_ice,0.24009
CM33_SPIN,1625,2,labsea,a_ice,0.29137
CM33_SPIN,1625,3,labsea,a_ice,0.26940
CM33_SPIN,1625,4,labsea,a_ice,0.23450
CM33_SPIN,1625,5,labsea,a_ice,0.18844
CM33_SPIN,1625,6,labsea,a_ice,0.13681
CM33_SPIN,1625,7,labsea,a_ice,0.05847
CM33_SPIN,1625,8,labsea,a_ice,0.02072
CM33_SPIN,1625,9,labsea,a_ice,0.02049
CM33_SPIN,1625,10,labsea,a_ice,0.02604
CM33_SPIN,1625,11,labsea,a_ice,0.07328
CM33_SPIN,1625,12,labsea,a_ice,0.15698
CM33_SPIN,1625,1,interior,a_ice,0.07092
CM33_SPIN,1625,2,interior,a_ice,0.08025
CM33_SPIN,1625,3,interior,a_ice,0.10412
CM33_SPIN,1625,4,interior,a_ice,0.05740
CM33_SPIN,1625,5,interior,a_ice,0.04306
CM33_SPIN,1625,6,interior,a_ice,0.01781
CM33_SPIN,1625,7,interior,a_ice,0.00650
CM33_SPIN,1625,8,interior,a_ice,0.00000
CM33_SPIN,1625,9,interior,a_ice,0.00000
CM33_SPIN,1625,10,interior,a_ice,0.00000
CM33_SPIN,1625,11,interior,a_ice,0.00036
CM33_SPIN,1625,12,interior,a_ice,0.01252
CM33_SPIN,1625,1,labsea,MLD2,1559.88645
CM33_SPIN,1625,2,labsea,MLD2,1648.24425
CM33_SPIN,1625,3,labsea,MLD2,1647.74376
CM33_SPIN,1625,4,labsea,MLD2,1639.22476
CM33_SPIN,1625,5,labsea,MLD2,1427.11863
CM33_SPIN,1625,6,labsea,MLD2,92.36241
CM33_SPIN,1625,7,labsea,MLD2,16.28499
CM33_SPIN,1625,8,labsea,MLD2,16.64678
CM33_SPIN,1625,9,labsea,MLD2,22.18065
CM33_SPIN,1625,10,labsea,MLD2,47.87341
CM33_SPIN,1625,11,labsea,MLD2,644.38078
CM33_SPIN,1625,12,labsea,MLD2,1376.94030
CM33_SPIN,1625,1,interior,MLD2,2512.04707
CM33_SPIN,1625,2,interior,MLD2,2582.81142
CM33_SPIN,1625,3,interior,MLD2,2463.00798
CM33_SPIN,1625,4,interior,MLD2,2580.63102
CM33_SPIN,1625,5,interior,MLD2,2266.48124
CM33_SPIN,1625,6,interior,MLD2,211.46022
CM33_SPIN,1625,7,interior,MLD2,19.16142
CM33_SPIN,1625,8,interior,MLD2,18.50255
CM33_SPIN,1625,9,interior,MLD2,25.49772
CM33_SPIN,1625,10,interior,MLD2,72.53716
CM33_SPIN,1625,11,interior,MLD2,1562.33467
CM33_SPIN,1625,12,interior,MLD2,2485.04885
CM33_SPIN,1626,1,labsea,a_ice,0.19489
CM33_SPIN,1626,2,labsea,a_ice,0.20020
CM33_SPIN,1626,3,labsea,a_ice,0.18373
CM33_SPIN,1626,4,labsea,a_ice,0.16655
CM33_SPIN,1626,5,labsea,a_ice,0.16017
CM33_SPIN,1626,6,labsea,a_ice,0.10109
CM33_SPIN,1626,7,labsea,a_ice,0.03885
CM33_SPIN,1626,8,labsea,a_ice,0.00588
CM33_SPIN,1626,9,labsea,a_ice,0.00052
CM33_SPIN,1626,10,labsea,a_ice,0.00520
CM33_SPIN,1626,11,labsea,a_ice,0.05518
CM33_SPIN,1626,12,labsea,a_ice,0.12362
CM33_SPIN,1626,1,interior,a_ice,0.02340
CM33_SPIN,1626,2,interior,a_ice,0.01751
CM33_SPIN,1626,3,interior,a_ice,0.01061
CM33_SPIN,1626,4,interior,a_ice,0.01591
CM33_SPIN,1626,5,interior,a_ice,0.03713
CM33_SPIN,1626,6,interior,a_ice,0.01615
CM33_SPIN,1626,7,interior,a_ice,0.00011
CM33_SPIN,1626,8,interior,a_ice,0.00000
CM33_SPIN,1626,9,interior,a_ice,0.00000
CM33_SPIN,1626,10,interior,a_ice,0.00024
CM33_SPIN,1626,11,interior,a_ice,0.00013
CM33_SPIN,1626,12,interior,a_ice,0.03360
CM33_SPIN,1626,1,labsea,MLD2,1703.32251
CM33_SPIN,1626,2,labsea,MLD2,1738.53065
CM33_SPIN,1626,3,labsea,MLD2,1715.60506
CM33_SPIN,1626,4,labsea,MLD2,1529.95579
CM33_SPIN,1626,5,labsea,MLD2,997.98444
CM33_SPIN,1626,6,labsea,MLD2,31.22812
CM33_SPIN,1626,7,labsea,MLD2,11.71092
CM33_SPIN,1626,8,labsea,MLD2,14.88371
CM33_SPIN,1626,9,labsea,MLD2,22.51956
CM33_SPIN,1626,10,labsea,MLD2,44.39167
CM33_SPIN,1626,11,labsea,MLD2,450.22378
CM33_SPIN,1626,12,labsea,MLD2,917.16113
CM33_SPIN,1626,1,interior,MLD2,2647.57197
CM33_SPIN,1626,2,interior,MLD2,2700.54680
CM33_SPIN,1626,3,interior,MLD2,2670.02213
CM33_SPIN,1626,4,interior,MLD2,2474.14564
CM33_SPIN,1626,5,interior,MLD2,1801.06199
CM33_SPIN,1626,6,interior,MLD2,70.38051
CM33_SPIN,1626,7,interior,MLD2,13.55842
CM33_SPIN,1626,8,interior,MLD2,16.79144
CM33_SPIN,1626,9,interior,MLD2,27.12588
CM33_SPIN,1626,10,interior,MLD2,72.94269
CM33_SPIN,1626,11,interior,MLD2,1252.69180
CM33_SPIN,1626,12,interior,MLD2,2173.64530
CM33_SPIN,1627,1,labsea,a_ice,0.24553
CM33_SPIN,1627,2,labsea,a_ice,0.25021
CM33_SPIN,1627,3,labsea,a_ice,0.22093
CM33_SPIN,1627,4,labsea,a_ice,0.20241
CM33_SPIN,1627,5,labsea,a_ice,0.18933
CM33_SPIN,1627,6,labsea,a_ice,0.14433
CM33_SPIN,1627,7,labsea,a_ice,0.03500
CM33_SPIN,1627,8,labsea,a_ice,0.00064
CM33_SPIN,1627,9,labsea,a_ice,0.00000
CM33_SPIN,1627,10,labsea,a_ice,0.00601
CM33_SPIN,1627,11,labsea,a_ice,0.06348
CM33_SPIN,1627,12,labsea,a_ice,0.17346
CM33_SPIN,1627,1,interior,a_ice,0.06766
CM33_SPIN,1627,2,interior,a_ice,0.04712
CM33_SPIN,1627,3,interior,a_ice,0.02669
CM33_SPIN,1627,4,interior,a_ice,0.03168
CM33_SPIN,1627,5,interior,a_ice,0.02955
CM33_SPIN,1627,6,interior,a_ice,0.02949
CM33_SPIN,1627,7,interior,a_ice,0.00907
CM33_SPIN,1627,8,interior,a_ice,0.00008
CM33_SPIN,1627,9,interior,a_ice,0.00000
CM33_SPIN,1627,10,interior,a_ice,0.00000
CM33_SPIN,1627,11,interior,a_ice,0.00141
CM33_SPIN,1627,12,interior,a_ice,0.04459
CM33_SPIN,1627,1,labsea,MLD2,1679.24699
CM33_SPIN,1627,2,labsea,MLD2,1703.30042
CM33_SPIN,1627,3,labsea,MLD2,1638.14424
CM33_SPIN,1627,4,labsea,MLD2,1524.26833
CM33_SPIN,1627,5,labsea,MLD2,1106.40718
CM33_SPIN,1627,6,labsea,MLD2,209.43631
CM33_SPIN,1627,7,labsea,MLD2,15.01659
CM33_SPIN,1627,8,labsea,MLD2,13.75527
CM33_SPIN,1627,9,labsea,MLD2,20.19575
CM33_SPIN,1627,10,labsea,MLD2,31.49262
CM33_SPIN,1627,11,labsea,MLD2,157.35014
CM33_SPIN,1627,12,labsea,MLD2,1285.16441
CM33_SPIN,1627,1,interior,MLD2,2615.04353
CM33_SPIN,1627,2,interior,MLD2,2659.03823
CM33_SPIN,1627,3,interior,MLD2,2632.13620
CM33_SPIN,1627,4,interior,MLD2,2567.44070
CM33_SPIN,1627,5,interior,MLD2,2038.60711
CM33_SPIN,1627,6,interior,MLD2,689.74923
CM33_SPIN,1627,7,interior,MLD2,18.24714
CM33_SPIN,1627,8,interior,MLD2,15.51921
CM33_SPIN,1627,9,interior,MLD2,20.45107
CM33_SPIN,1627,10,interior,MLD2,32.29556
CM33_SPIN,1627,11,interior,MLD2,253.96542
CM33_SPIN,1627,12,interior,MLD2,2344.18565
CM33_SPIN,1628,1,labsea,a_ice,0.21400
CM33_SPIN,1628,2,labsea,a_ice,0.22905
CM33_SPIN,1628,3,labsea,a_ice,0.25596
CM33_SPIN,1628,4,labsea,a_ice,0.24023
CM33_SPIN,1628,5,labsea,a_ice,0.18373
CM33_SPIN,1628,6,labsea,a_ice,0.13476
CM33_SPIN,1628,7,labsea,a_ice,0.05400
CM33_SPIN,1628,8,labsea,a_ice,0.01112
CM33_SPIN,1628,9,labsea,a_ice,0.00040
CM33_SPIN,1628,10,labsea,a_ice,0.00210
CM33_SPIN,1628,11,labsea,a_ice,0.03451
CM33_SPIN,1628,12,labsea,a_ice,0.14605
CM33_SPIN,1628,1,interior,a_ice,0.04135
CM33_SPIN,1628,2,interior,a_ice,0.05390
CM33_SPIN,1628,3,interior,a_ice,0.06893
CM33_SPIN,1628,4,interior,a_ice,0.04001
CM33_SPIN,1628,5,interior,a_ice,0.06862
CM33_SPIN,1628,6,interior,a_ice,0.01599
CM33_SPIN,1628,7,interior,a_ice,0.00889
CM33_SPIN,1628,8,interior,a_ice,0.00007
CM33_SPIN,1628,9,interior,a_ice,0.00000
CM33_SPIN,1628,10,interior,a_ice,0.00000
CM33_SPIN,1628,11,interior,a_ice,0.00028
CM33_SPIN,1628,12,interior,a_ice,0.00940
CM33_SPIN,1628,1,labsea,MLD2,1818.96154
CM33_SPIN,1628,2,labsea,MLD2,1772.48345
CM33_SPIN,1628,3,labsea,MLD2,1659.39878
CM33_SPIN,1628,4,labsea,MLD2,1583.96360
CM33_SPIN,1628,5,labsea,MLD2,1208.55130
CM33_SPIN,1628,6,labsea,MLD2,178.55144
CM33_SPIN,1628,7,labsea,MLD2,14.09906
CM33_SPIN,1628,8,labsea,MLD2,16.73757
CM33_SPIN,1628,9,labsea,MLD2,22.42607
CM33_SPIN,1628,10,labsea,MLD2,31.12275
CM33_SPIN,1628,11,labsea,MLD2,192.13715
CM33_SPIN,1628,12,labsea,MLD2,1281.32745
CM33_SPIN,1628,1,interior,MLD2,2694.23615
CM33_SPIN,1628,2,interior,MLD2,2657.71642
CM33_SPIN,1628,3,interior,MLD2,2577.71730
CM33_SPIN,1628,4,interior,MLD2,2547.29495
CM33_SPIN,1628,5,interior,MLD2,2167.98024
CM33_SPIN,1628,6,interior,MLD2,590.65066
CM33_SPIN,1628,7,interior,MLD2,16.59693
CM33_SPIN,1628,8,interior,MLD2,20.04692
CM33_SPIN,1628,9,interior,MLD2,26.61717
CM33_SPIN,1628,10,interior,MLD2,34.61173
CM33_SPIN,1628,11,interior,MLD2,483.48615
CM33_SPIN,1628,12,interior,MLD2,2461.23299
CM33_SPIN,1629,1,labsea,a_ice,0.20305
CM33_SPIN,1629,2,labsea,a_ice,0.25563
CM33_SPIN,1629,3,labsea,a_ice,0.31926
CM33_SPIN,1629,4,labsea,a_ice,0.33941
CM33_SPIN,1629,5,labsea,a_ice,0.27047
CM33_SPIN,1629,6,labsea,a_ice,0.15334
CM33_SPIN,1629,7,labsea,a_ice,0.03299
CM33_SPIN,1629,8,labsea,a_ice,0.00169
CM33_SPIN,1629,9,labsea,a_ice,0.00000
CM33_SPIN,1629,10,labsea,a_ice,0.00466
CM33_SPIN,1629,11,labsea,a_ice,0.08389
CM33_SPIN,1629,12,labsea,a_ice,0.16423
CM33_SPIN,1629,1,interior,a_ice,0.02554
CM33_SPIN,1629,2,interior,a_ice,0.08110
CM33_SPIN,1629,3,interior,a_ice,0.10460
CM33_SPIN,1629,4,interior,a_ice,0.11648
CM33_SPIN,1629,5,interior,a_ice,0.09571
CM33_SPIN,1629,6,interior,a_ice,0.04254
CM33_SPIN,1629,7,interior,a_ice,0.00183
CM33_SPIN,1629,8,interior,a_ice,0.00000
CM33_SPIN,1629,9,interior,a_ice,0.00000
CM33_SPIN,1629,10,interior,a_ice,0.00000
CM33_SPIN,1629,11,interior,a_ice,0.00287
CM33_SPIN,1629,12,interior,a_ice,0.01862
CM33_SPIN,1629,1,labsea,MLD2,1721.13809
CM33_SPIN,1629,2,labsea,MLD2,1702.35816
CM33_SPIN,1629,3,labsea,MLD2,1545.32967
CM33_SPIN,1629,4,labsea,MLD2,1256.64696
CM33_SPIN,1629,5,labsea,MLD2,899.15740
CM33_SPIN,1629,6,labsea,MLD2,73.64987
CM33_SPIN,1629,7,labsea,MLD2,13.27679
CM33_SPIN,1629,8,labsea,MLD2,13.73067
CM33_SPIN,1629,9,labsea,MLD2,21.95277
CM33_SPIN,1629,10,labsea,MLD2,38.40199
CM33_SPIN,1629,11,labsea,MLD2,836.22469
CM33_SPIN,1629,12,labsea,MLD2,1518.56129
CM33_SPIN,1629,1,interior,MLD2,2710.46320
CM33_SPIN,1629,2,interior,MLD2,2574.08581
CM33_SPIN,1629,3,interior,MLD2,2462.39241
CM33_SPIN,1629,4,interior,MLD2,2045.36941
CM33_SPIN,1629,5,interior,MLD2,1036.77422
CM33_SPIN,1629,6,interior,MLD2,114.91195
CM33_SPIN,1629,7,interior,MLD2,13.98113
CM33_SPIN,1629,8,interior,MLD2,15.42277
CM33_SPIN,1629,9,interior,MLD2,21.68158
CM33_SPIN,1629,10,interior,MLD2,35.28234
CM33_SPIN,1629,11,interior,MLD2,1396.56817
CM33_SPIN,1629,12,interior,MLD2,2278.26884
CM33_SPIN,1630,1,labsea,a_ice,0.23380
CM33_SPIN,1630,2,labsea,a_ice,0.23466
CM33_SPIN,1630,3,labsea,a_ice,0.30368
CM33_SPIN,1630,4,labsea,a_ice,0.30315
CM33_SPIN,1630,5,labsea,a_ice,0.25028
CM33_SPIN,1630,6,labsea,a_ice,0.17924
CM33_SPIN,1630,7,labsea,a_ice,0.06043
CM33_SPIN,1630,8,labsea,a_ice,0.00650
CM33_SPIN,1630,9,labsea,a_ice,0.00054
CM33_SPIN,1630,10,labsea,a_ice,0.00644
CM33_SPIN,1630,11,labsea,a_ice,0.05524
CM33_SPIN,1630,12,labsea,a_ice,0.16737
CM33_SPIN,1630,1,interior,a_ice,0.05376
CM33_SPIN,1630,2,interior,a_ice,0.02964
CM33_SPIN,1630,3,interior,a_ice,0.09111
CM33_SPIN,1630,4,interior,a_ice,0.10858
CM33_SPIN,1630,5,interior,a_ice,0.08133
CM33_SPIN,1630,6,interior,a_ice,0.03732
CM33_SPIN,1630,7,interior,a_ice,0.00913
CM33_SPIN,1630,8,interior,a_ice,0.00000
CM33_SPIN,1630,9,interior,a_ice,0.00000
CM33_SPIN,1630,10,interior,a_ice,0.00000
CM33_SPIN,1630,11,interior,a_ice,0.00034
CM33_SPIN,1630,12,interior,a_ice,0.02844
CM33_SPIN,1630,1,labsea,MLD2,1675.91962
CM33_SPIN,1630,2,labsea,MLD2,1772.92752
CM33_SPIN,1630,3,labsea,MLD2,1599.10613
CM33_SPIN,1630,4,labsea,MLD2,1420.24645
CM33_SPIN,1630,5,labsea,MLD2,580.66385
CM33_SPIN,1630,6,labsea,MLD2,20.02612
CM33_SPIN,1630,7,labsea,MLD2,13.92810
CM33_SPIN,1630,8,labsea,MLD2,15.19321
CM33_SPIN,1630,9,labsea,MLD2,19.76495
CM33_SPIN,1630,10,labsea,MLD2,32.02003
CM33_SPIN,1630,11,labsea,MLD2,135.78464
CM33_SPIN,1630,12,labsea,MLD2,1546.12406
CM33_SPIN,1630,1,interior,MLD2,2499.64373
CM33_SPIN,1630,2,interior,MLD2,2710.20862
CM33_SPIN,1630,3,interior,MLD2,2457.22993
CM33_SPIN,1630,4,interior,MLD2,2302.10017
CM33_SPIN,1630,5,interior,MLD2,1269.04729
CM33_SPIN,1630,6,interior,MLD2,29.55054
CM33_SPIN,1630,7,interior,MLD2,16.05958
CM33_SPIN,1630,8,interior,MLD2,17.72521
CM33_SPIN,1630,9,interior,MLD2,23.65405
CM33_SPIN,1630,10,interior,MLD2,34.84521
CM33_SPIN,1630,11,interior,MLD2,184.02519
CM33_SPIN,1630,12,interior,MLD2,2435.08335
CM33_SPIN,1631,1,labsea,a_ice,0.21268
CM33_SPIN,1631,2,labsea,a_ice,0.24769
CM33_SPIN,1631,3,labsea,a_ice,0.25580
CM33_SPIN,1631,4,labsea,a_ice,0.23794
CM33_SPIN,1631,5,labsea,a_ice,0.20152
CM33_SPIN,1631,6,labsea,a_ice,0.11163
CM33_SPIN,1631,7,labsea,a_ice,0.02988
CM33_SPIN,1631,8,labsea,a_ice,0.00726
CM33_SPIN,1631,9,labsea,a_ice,0.00009
CM33_SPIN,1631,10,labsea,a_ice,0.00403
CM33_SPIN,1631,11,labsea,a_ice,0.04815
CM33_SPIN,1631,12,labsea,a_ice,0.11149
CM33_SPIN,1631,1,interior,a_ice,0.04637
CM33_SPIN,1631,2,interior,a_ice,0.06337
CM33_SPIN,1631,3,interior,a_ice,0.07815
CM33_SPIN,1631,4,interior,a_ice,0.04387
CM33_SPIN,1631,5,interior,a_ice,0.03520
CM33_SPIN,1631,6,interior,a_ice,0.01302
CM33_SPIN,1631,7,interior,a_ice,0.00026
CM33_SPIN,1631,8,interior,a_ice,0.00000
CM33_SPIN,1631,9,interior,a_ice,0.00000
CM33_SPIN,1631,10,interior,a_ice,0.00000
CM33_SPIN,1631,11,interior,a_ice,0.00057
CM33_SPIN,1631,12,interior,a_ice,0.01470
CM33_SPIN,1631,1,labsea,MLD2,1746.66916
CM33_SPIN,1631,2,labsea,MLD2,1612.25647
CM33_SPIN,1631,3,labsea,MLD2,1644.82311
CM33_SPIN,1631,4,labsea,MLD2,1635.69735
CM33_SPIN,1631,5,labsea,MLD2,870.03639
CM33_SPIN,1631,6,labsea,MLD2,31.43048
CM33_SPIN,1631,7,labsea,MLD2,14.36946
CM33_SPIN,1631,8,labsea,MLD2,15.31342
CM33_SPIN,1631,9,labsea,MLD2,22.51849
CM33_SPIN,1631,10,labsea,MLD2,35.81181
CM33_SPIN,1631,11,labsea,MLD2,509.85561
CM33_SPIN,1631,12,labsea,MLD2,1198.24111
CM33_SPIN,1631,1,interior,MLD2,2635.51851
CM33_SPIN,1631,2,interior,MLD2,2467.58176
CM33_SPIN,1631,3,interior,MLD2,2497.14648
CM33_SPIN,1631,4,interior,MLD2,2591.91776
CM33_SPIN,1631,5,interior,MLD2,1826.22284
CM33_SPIN,1631,6,interior,MLD2,69.16536
CM33_SPIN,1631,7,interior,MLD2,17.10583
CM33_SPIN,1631,8,interior,MLD2,17.13014
CM33_SPIN,1631,9,interior,MLD2,25.12532
CM33_SPIN,1631,10,interior,MLD2,40.40146
CM33_SPIN,1631,11,interior,MLD2,1305.48509
CM33_SPIN,1631,12,interior,MLD2,2531.97429
CM33_SPIN,1632,1,labsea,a_ice,0.13387
CM33_SPIN,1632,2,labsea,a_ice,0.17790
CM33_SPIN,1632,3,labsea,a_ice,0.23611
CM33_SPIN,1632,4,labsea,a_ice,0.21257
CM33_SPIN,1632,5,labsea,a_ice,0.18277
CM33_SPIN,1632,6,labsea,a_ice,0.11660
CM33_SPIN,1632,7,labsea,a_ice,0.04949
CM33_SPIN,1632,8,labsea,a_ice,0.00617
CM33_SPIN,1632,9,labsea,a_ice,0.00016
CM33_SPIN,1632,10,labsea,a_ice,0.00419
CM33_SPIN,1632,11,labsea,a_ice,0.05981
CM33_SPIN,1632,12,labsea,a_ice,0.16888
CM33_SPIN,1632,1,interior,a_ice,0.00698
CM33_SPIN,1632,2,interior,a_ice,0.03524
CM33_SPIN,1632,3,interior,a_ice,0.05274
CM33_SPIN,1632,4,interior,a_ice,0.02419
CM33_SPIN,1632,5,interior,a_ice,0.01337
CM33_SPIN,1632,6,interior,a_ice,0.00088
CM33_SPIN,1632,7,interior,a_ice,0.00118
CM33_SPIN,1632,8,interior,a_ice,0.00000
CM33_SPIN,1632,9,interior,a_ice,0.00000
CM33_SPIN,1632,10,interior,a_ice,0.00000
CM33_SPIN,1632,11,interior,a_ice,0.00223
CM33_SPIN,1632,12,interior,a_ice,0.02408
CM33_SPIN,1632,1,labsea,MLD2,1593.89037
CM33_SPIN,1632,2,labsea,MLD2,1664.11581
CM33_SPIN,1632,3,labsea,MLD2,1477.36171
CM33_SPIN,1632,4,labsea,MLD2,1422.44580
CM33_SPIN,1632,5,labsea,MLD2,965.70473
CM33_SPIN,1632,6,labsea,MLD2,26.18801
CM33_SPIN,1632,7,labsea,MLD2,15.67337
CM33_SPIN,1632,8,labsea,MLD2,15.42257
CM33_SPIN,1632,9,labsea,MLD2,23.53457
CM33_SPIN,1632,10,labsea,MLD2,59.50243
CM33_SPIN,1632,11,labsea,MLD2,597.12535
CM33_SPIN,1632,12,labsea,MLD2,1673.71443
CM33_SPIN,1632,1,interior,MLD2,2642.94370
CM33_SPIN,1632,2,interior,MLD2,2560.43195
CM33_SPIN,1632,3,interior,MLD2,2399.69618
CM33_SPIN,1632,4,interior,MLD2,2294.97259
CM33_SPIN,1632,5,interior,MLD2,1453.02331
CM33_SPIN,1632,6,interior,MLD2,39.68474
CM33_SPIN,1632,7,interior,MLD2,17.33054
CM33_SPIN,1632,8,interior,MLD2,17.56357
CM33_SPIN,1632,9,interior,MLD2,23.97520
CM33_SPIN,1632,10,interior,MLD2,101.70411
CM33_SPIN,1632,11,interior,MLD2,1440.58421
CM33_SPIN,1632,12,interior,MLD2,2654.25935
CM33_SPIN,1633,1,labsea,a_ice,0.17829
CM33_SPIN,1633,2,labsea,a_ice,0.19018
CM33_SPIN,1633,3,labsea,a_ice,0.17887
CM33_SPIN,1633,4,labsea,a_ice,0.16154
CM33_SPIN,1633,5,labsea,a_ice,0.13663
CM33_SPIN,1633,6,labsea,a_ice,0.09158
CM33_SPIN,1633,7,labsea,a_ice,0.03654
CM33_SPIN,1633,8,labsea,a_ice,0.00712
CM33_SPIN,1633,9,labsea,a_ice,0.00000
CM33_SPIN,1633,10,labsea,a_ice,0.00285
CM33_SPIN,1633,11,labsea,a_ice,0.04971
CM33_SPIN,1633,12,labsea,a_ice,0.15072
CM33_SPIN,1633,1,interior,a_ice,0.03054
CM33_SPIN,1633,2,interior,a_ice,0.04290
CM33_SPIN,1633,3,interior,a_ice,0.03190
CM33_SPIN,1633,4,interior,a_ice,0.01207
CM33_SPIN,1633,5,interior,a_ice,0.00662
CM33_SPIN,1633,6,interior,a_ice,0.00200
CM33_SPIN,1633,7,interior,a_ice,0.00000
CM33_SPIN,1633,8,interior,a_ice,0.00000
CM33_SPIN,1633,9,interior,a_ice,0.00000
CM33_SPIN,1633,10,interior,a_ice,0.00000
CM33_SPIN,1633,11,interior,a_ice,0.00041
CM33_SPIN,1633,12,interior,a_ice,0.00765
CM33_SPIN,1633,1,labsea,MLD2,1788.25694
CM33_SPIN,1633,2,labsea,MLD2,1772.39755
CM33_SPIN,1633,3,labsea,MLD2,1711.17292
CM33_SPIN,1633,4,labsea,MLD2,1512.21870
CM33_SPIN,1633,5,labsea,MLD2,627.98437
CM33_SPIN,1633,6,labsea,MLD2,141.50106
CM33_SPIN,1633,7,labsea,MLD2,14.36447
CM33_SPIN,1633,8,labsea,MLD2,16.51871
CM33_SPIN,1633,9,labsea,MLD2,23.24326
CM33_SPIN,1633,10,labsea,MLD2,35.14674
CM33_SPIN,1633,11,labsea,MLD2,315.48726
CM33_SPIN,1633,12,labsea,MLD2,1207.24795
CM33_SPIN,1633,1,interior,MLD2,2689.58999
CM33_SPIN,1633,2,interior,MLD2,2648.75364
CM33_SPIN,1633,3,interior,MLD2,2604.16435
CM33_SPIN,1633,4,interior,MLD2,2614.29123
CM33_SPIN,1633,5,interior,MLD2,1778.04920
CM33_SPIN,1633,6,interior,MLD2,404.97129
CM33_SPIN,1633,7,interior,MLD2,14.64693
CM33_SPIN,1633,8,interior,MLD2,18.14096
CM33_SPIN,1633,9,interior,MLD2,23.19472
CM33_SPIN,1633,10,interior,MLD2,41.45449
CM33_SPIN,1633,11,interior,MLD2,850.15394
CM33_SPIN,1633,12,interior,MLD2,2378.88424
CM33_SPIN,1634,1,labsea,a_ice,0.18766
CM33_SPIN,1634,2,labsea,a_ice,0.20309
CM33_SPIN,1634,3,labsea,a_ice,0.21384
CM33_SPIN,1634,4,labsea,a_ice,0.25576
CM33_SPIN,1634,5,labsea,a_ice,0.19881
CM33_SPIN,1634,6,labsea,a_ice,0.12062
CM33_SPIN,1634,7,labsea,a_ice,0.04940
CM33_SPIN,1634,8,labsea,a_ice,0.00761
CM33_SPIN,1634,9,labsea,a_ice,0.00182
CM33_SPIN,1634,10,labsea,a_ice,0.03392
CM33_SPIN,1634,11,labsea,a_ice,0.07281
CM33_SPIN,1634,12,labsea,a_ice,0.23747
CM33_SPIN,1634,1,interior,a_ice,0.01740
CM33_SPIN,1634,2,interior,a_ice,0.02879
CM33_SPIN,1634,3,interior,a_ice,0.02248
CM33_SPIN,1634,4,interior,a_ice,0.06448
CM33_SPIN,1634,5,interior,a_ice,0.05606
CM33_SPIN,1634,6,interior,a_ice,0.00689
CM33_SPIN,1634,7,interior,a_ice,0.00058
CM33_SPIN,1634,8,interior,a_ice,0.00000
CM33_SPIN,1634,9,interior,a_ice,0.00000
CM33_SPIN,1634,10,interior,a_ice,0.00001
CM33_SPIN,1634,11,interior,a_ice,0.00309
CM33_SPIN,1634,12,interior,a_ice,0.05430
CM33_SPIN,1634,1,labsea,MLD2,1642.36425
CM33_SPIN,1634,2,labsea,MLD2,1700.42254
CM33_SPIN,1634,3,labsea,MLD2,1638.75215
CM33_SPIN,1634,4,labsea,MLD2,1598.04587
CM33_SPIN,1634,5,labsea,MLD2,932.60285
CM33_SPIN,1634,6,labsea,MLD2,71.00040
CM33_SPIN,1634,7,labsea,MLD2,12.03569
CM33_SPIN,1634,8,labsea,MLD2,14.56656
CM33_SPIN,1634,9,labsea,MLD2,25.09495
CM33_SPIN,1634,10,labsea,MLD2,69.45078
CM33_SPIN,1634,11,labsea,MLD2,672.99363
CM33_SPIN,1634,12,labsea,MLD2,1517.07379
CM33_SPIN,1634,1,interior,MLD2,2572.89089
CM33_SPIN,1634,2,interior,MLD2,2646.31719
CM33_SPIN,1634,3,interior,MLD2,2531.31573
CM33_SPIN,1634,4,interior,MLD2,2414.51271
CM33_SPIN,1634,5,interior,MLD2,1751.38776
CM33_SPIN,1634,6,interior,MLD2,205.83333
CM33_SPIN,1634,7,interior,MLD2,13.36954
CM33_SPIN,1634,8,interior,MLD2,16.37967
CM33_SPIN,1634,9,interior,MLD2,28.24289
CM33_SPIN,1634,10,interior,MLD2,152.44597
CM33_SPIN,1634,11,interior,MLD2,1635.01587
CM33_SPIN,1634,12,interior,MLD2,2425.74513
CM33_SPIN,1635,1,labsea,a_ice,0.33103
CM33_SPIN,1635,2,labsea,a_ice,0.43419
CM33_SPIN,1635,3,labsea,a_ice,0.43504
CM33_SPIN,1635,4,labsea,a_ice,0.37612
CM33_SPIN,1635,5,labsea,a_ice,0.28038
CM33_SPIN,1635,6,labsea,a_ice,0.16553
CM33_SPIN,1635,7,labsea,a_ice,0.04659
CM33_SPIN,1635,8,labsea,a_ice,0.00384
CM33_SPIN,1635,9,labsea,a_ice,0.00000
CM33_SPIN,1635,10,labsea,a_ice,0.00621
CM33_SPIN,1635,11,labsea,a_ice,0.06023
CM33_SPIN,1635,12,labsea,a_ice,0.18591
CM33_SPIN,1635,1,interior,a_ice,0.18943
CM33_SPIN,1635,2,interior,a_ice,0.34378
CM33_SPIN,1635,3,interior,a_ice,0.28502
CM33_SPIN,1635,4,interior,a_ice,0.25539
CM33_SPIN,1635,5,interior,a_ice,0.14485
CM33_SPIN,1635,6,interior,a_ice,0.02393
CM33_SPIN,1635,7,interior,a_ice,0.00699
CM33_SPIN,1635,8,interior,a_ice,0.00000
CM33_SPIN,1635,9,interior,a_ice,0.00000
CM33_SPIN,1635,10,interior,a_ice,0.00000
CM33_SPIN,1635,11,interior,a_ice,0.00012
CM33_SPIN,1635,12,interior,a_ice,0.03687
CM33_SPIN,1635,1,labsea,MLD2,1477.42387
CM33_SPIN,1635,2,labsea,MLD2,1235.27012
CM33_SPIN,1635,3,labsea,MLD2,1163.23901
CM33_SPIN,1635,4,labsea,MLD2,1051.46765
CM33_SPIN,1635,5,labsea,MLD2,259.87852
CM33_SPIN,1635,6,labsea,MLD2,15.62474
CM33_SPIN,1635,7,labsea,MLD2,11.50001
CM33_SPIN,1635,8,labsea,MLD2,12.00143
CM33_SPIN,1635,9,labsea,MLD2,17.03158
CM33_SPIN,1635,10,labsea,MLD2,27.47641
CM33_SPIN,1635,11,labsea,MLD2,142.90709
CM33_SPIN,1635,12,labsea,MLD2,1243.17526
CM33_SPIN,1635,1,interior,MLD2,2208.66056
CM33_SPIN,1635,2,interior,MLD2,1660.63645
CM33_SPIN,1635,3,interior,MLD2,1758.65660
CM33_SPIN,1635,4,interior,MLD2,1379.41695
CM33_SPIN,1635,5,interior,MLD2,278.60286
CM33_SPIN,1635,6,interior,MLD2,16.85353
CM33_SPIN,1635,7,interior,MLD2,12.35597
CM33_SPIN,1635,8,interior,MLD2,13.49459
CM33_SPIN,1635,9,interior,MLD2,19.41325
CM33_SPIN,1635,10,interior,MLD2,29.01564
CM33_SPIN,1635,11,interior,MLD2,88.23607
CM33_SPIN,1635,12,interior,MLD2,1933.13990
CM33_SPIN,1636,1,labsea,a_ice,0.23984
CM33_SPIN,1636,2,labsea,a_ice,0.29868
CM33_SPIN,1636,3,labsea,a_ice,0.34113
CM33_SPIN,1636,4,labsea,a_ice,0.30875
CM33_SPIN,1636,5,labsea,a_ice,0.24567
CM33_SPIN,1636,6,labsea,a_ice,0.18162
CM33_SPIN,1636,7,labsea,a_ice,0.08842
CM33_SPIN,1636,8,labsea,a_ice,0.03356
CM33_SPIN,1636,9,labsea,a_ice,0.02474
CM33_SPIN,1636,10,labsea,a_ice,0.04455
CM33_SPIN,1636,11,labsea,a_ice,0.12111
CM33_SPIN,1636,12,labsea,a_ice,0.23981
CM33_SPIN,1636,1,interior,a_ice,0.05581
CM33_SPIN,1636,2,interior,a_ice,0.11753
CM33_SPIN,1636,3,interior,a_ice,0.11575
CM33_SPIN,1636,4,interior,a_ice,0.11574
CM33_SPIN,1636,5,interior,a_ice,0.08000
CM33_SPIN,1636,6,interior,a_ice,0.03845
CM33_SPIN,1636,7,interior,a_ice,0.00511
CM33_SPIN,1636,8,interior,a_ice,0.00000
CM33_SPIN,1636,9,interior,a_ice,0.00000
CM33_SPIN,1636,10,interior,a_ice,0.00000
CM33_SPIN,1636,11,interior,a_ice,0.01193
CM33_SPIN,1636,12,interior,a_ice,0.10580
CM33_SPIN,1636,1,labsea,MLD2,1720.64286
CM33_SPIN,1636,2,labsea,MLD2,1671.45355
CM33_SPIN,1636,3,labsea,MLD2,1505.40655
CM33_SPIN,1636,4,labsea,MLD2,1316.86732
CM33_SPIN,1636,5,labsea,MLD2,942.31330
CM33_SPIN,1636,6,labsea,MLD2,135.92527
CM33_SPIN,1636,7,labsea,MLD2,15.02467
CM33_SPIN,1636,8,labsea,MLD2,20.25699
CM33_SPIN,1636,9,labsea,MLD2,21.84110
CM33_SPIN,1636,10,labsea,MLD2,37.63610
CM33_SPIN,1636,11,labsea,MLD2,799.70935
CM33_SPIN,1636,12,labsea,MLD2,1598.08372
CM33_SPIN,1636,1,interior,MLD2,2596.76001
CM33_SPIN,1636,2,interior,MLD2,2497.60006
CM33_SPIN,1636,3,interior,MLD2,2375.01522
CM33_SPIN,1636,4,interior,MLD2,2176.20766
CM33_SPIN,1636,5,interior,MLD2,1603.54484
CM33_SPIN,1636,6,interior,MLD2,423.28918
CM33_SPIN,1636,7,interior,MLD2,17.12042
CM33_SPIN,1636,8,interior,MLD2,23.59851
CM33_SPIN,1636,9,interior,MLD2,26.72288
CM33_SPIN,1636,10,interior,MLD2,43.32644
CM33_SPIN,1636,11,interior,MLD2,1606.97620
CM33_SPIN,1636,12,interior,MLD2,2475.61268
CM33_SPIN,1637,1,labsea,a_ice,0.25832
CM33_SPIN,1637,2,labsea,a_ice,0.26717
CM33_SPIN,1637,3,labsea,a_ice,0.26485
CM33_SPIN,1637,4,labsea,a_ice,0.23804
CM33_SPIN,1637,5,labsea,a_ice,0.18847
CM33_SPIN,1637,6,labsea,a_ice,0.10564
CM33_SPIN,1637,7,labsea,a_ice,0.04993
CM33_SPIN,1637,8,labsea,a_ice,0.00531
CM33_SPIN,1637,9,labsea,a_ice,0.00000
CM33_SPIN,1637,10,labsea,a_ice,0.00928
CM33_SPIN,1637,11,labsea,a_ice,0.09446
CM33_SPIN,1637,12,labsea,a_ice,0.16252
CM33_SPIN,1637,1,interior,a_ice,0.07379
CM33_SPIN,1637,2,interior,a_ice,0.04239
CM33_SPIN,1637,3,interior,a_ice,0.05162
CM33_SPIN,1637,4,interior,a_ice,0.07466
CM33_SPIN,1637,5,interior,a_ice,0.04959
CM33_SPIN,1637,6,interior,a_ice,0.01554
CM33_SPIN,1637,7,interior,a_ice,0.00545
CM33_SPIN,1637,8,interior,a_ice,0.00000
CM33_SPIN,1637,9,interior,a_ice,0.00000
CM33_SPIN,1637,10,interior,a_ice,0.00000
CM33_SPIN,1637,11,interior,a_ice,0.00272
CM33_SPIN,1637,12,interior,a_ice,0.02149
CM33_SPIN,1637,1,labsea,MLD2,1662.71022
CM33_SPIN,1637,2,labsea,MLD2,1713.76713
CM33_SPIN,1637,3,labsea,MLD2,1674.23470
CM33_SPIN,1637,4,labsea,MLD2,1629.40699
CM33_SPIN,1637,5,labsea,MLD2,1384.36898
CM33_SPIN,1637,6,labsea,MLD2,292.15048
CM33_SPIN,1637,7,labsea,MLD2,13.36216
CM33_SPIN,1637,8,labsea,MLD2,14.66852
CM33_SPIN,1637,9,labsea,MLD2,25.23786
CM33_SPIN,1637,10,labsea,MLD2,50.50809
CM33_SPIN,1637,11,labsea,MLD2,747.45750
CM33_SPIN,1637,12,labsea,MLD2,1669.36651
CM33_SPIN,1637,1,interior,MLD2,2530.09425
CM33_SPIN,1637,2,interior,MLD2,2658.05484
CM33_SPIN,1637,3,interior,MLD2,2589.80235
CM33_SPIN,1637,4,interior,MLD2,2501.18974
CM33_SPIN,1637,5,interior,MLD2,2415.18052
CM33_SPIN,1637,6,interior,MLD2,802.09350
CM33_SPIN,1637,7,interior,MLD2,16.46387
CM33_SPIN,1637,8,interior,MLD2,16.29193
CM33_SPIN,1637,9,interior,MLD2,30.27468
CM33_SPIN,1637,10,interior,MLD2,76.01015
CM33_SPIN,1637,11,interior,MLD2,1567.85559
CM33_SPIN,1637,12,interior,MLD2,2637.59288
CM33_SPIN,1638,1,labsea,a_ice,0.22870
CM33_SPIN,1638,2,labsea,a_ice,0.27282
CM33_SPIN,1638,3,labsea,a_ice,0.26298
CM33_SPIN,1638,4,labsea,a_ice,0.26804
CM33_SPIN,1638,5,labsea,a_ice,0.21039
CM33_SPIN,1638,6,labsea,a_ice,0.12081
CM33_SPIN,1638,7,labsea,a_ice,0.03892
CM33_SPIN,1638,8,labsea,a_ice,0.00549
CM33_SPIN,1638,9,labsea,a_ice,0.00025
CM33_SPIN,1638,10,labsea,a_ice,0.00034
CM33_SPIN,1638,11,labsea,a_ice,0.08180
CM33_SPIN,1638,12,labsea,a_ice,0.18799
CM33_SPIN,1638,1,interior,a_ice,0.06370
CM33_SPIN,1638,2,interior,a_ice,0.10323
CM33_SPIN,1638,3,interior,a_ice,0.10985
CM33_SPIN,1638,4,interior,a_ice,0.10590
CM33_SPIN,1638,5,interior,a_ice,0.05394
CM33_SPIN,1638,6,interior,a_ice,0.02357
CM33_SPIN,1638,7,interior,a_ice,0.00066
CM33_SPIN,1638,8,interior,a_ice,0.00000
CM33_SPIN,1638,9,interior,a_ice,0.00000
CM33_SPIN,1638,10,interior,a_ice,0.00000
CM33_SPIN,1638,11,interior,a_ice,0.00665
CM33_SPIN,1638,12,interior,a_ice,0.04332
CM33_SPIN,1638,1,labsea,MLD2,1662.11750
CM33_SPIN,1638,2,labsea,MLD2,1488.70738
CM33_SPIN,1638,3,labsea,MLD2,1469.16807
CM33_SPIN,1638,4,labsea,MLD2,1533.44440
CM33_SPIN,1638,5,labsea,MLD2,1313.94261
CM33_SPIN,1638,6,labsea,MLD2,94.20125
CM33_SPIN,1638,7,labsea,MLD2,13.38843
CM33_SPIN,1638,8,labsea,MLD2,15.81666
CM33_SPIN,1638,9,labsea,MLD2,22.62850
CM33_SPIN,1638,10,labsea,MLD2,28.85162
CM33_SPIN,1638,11,labsea,MLD2,473.63292
CM33_SPIN,1638,12,labsea,MLD2,1264.05247
CM33_SPIN,1638,1,interior,MLD2,2580.63080
CM33_SPIN,1638,2,interior,MLD2,2390.72892
CM33_SPIN,1638,3,interior,MLD2,2178.59874
CM33_SPIN,1638,4,interior,MLD2,2339.69738
CM33_SPIN,1638,5,interior,MLD2,2164.45476
CM33_SPIN,1638,6,interior,MLD2,250.35593
CM33_SPIN,1638,7,interior,MLD2,15.73237
CM33_SPIN,1638,8,interior,MLD2,17.24135
CM33_SPIN,1638,9,interior,MLD2,25.17898
CM33_SPIN,1638,10,interior,MLD2,33.59432
CM33_SPIN,1638,11,interior,MLD2,1271.72419
CM33_SPIN,1638,12,interior,MLD2,2509.79304
CM33_SPIN,1639,1,labsea,a_ice,0.23051
CM33_SPIN,1639,2,labsea,a_ice,0.27708
CM33_SPIN,1639,3,labsea,a_ice,0.30021
CM33_SPIN,1639,4,labsea,a_ice,0.32618
CM33_SPIN,1639,5,labsea,a_ice,0.22429
CM33_SPIN,1639,6,labsea,a_ice,0.14647
CM33_SPIN,1639,7,labsea,a_ice,0.07036
CM33_SPIN,1639,8,labsea,a_ice,0.00474
CM33_SPIN,1639,9,labsea,a_ice,0.00000
CM33_SPIN,1639,10,labsea,a_ice,0.00632
CM33_SPIN,1639,11,labsea,a_ice,0.11731
CM33_SPIN,1639,12,labsea,a_ice,0.21495
CM33_SPIN,1639,1,interior,a_ice,0.05001
CM33_SPIN,1639,2,interior,a_ice,0.06134
CM33_SPIN,1639,3,interior,a_ice,0.12074
CM33_SPIN,1639,4,interior,a_ice,0.22370
CM33_SPIN,1639,5,interior,a_ice,0.08275
CM33_SPIN,1639,6,interior,a_ice,0.01458
CM33_SPIN,1639,7,interior,a_ice,0.02066
CM33_SPIN,1639,8,interior,a_ice,0.00000
CM33_SPIN,1639,9,interior,a_ice,0.00000
CM33_SPIN,1639,10,interior,a_ice,0.00000
CM33_SPIN,1639,11,interior,a_ice,0.00372
CM33_SPIN,1639,12,interior,a_ice,0.03039
CM33_SPIN,1639,1,labsea,MLD2,1675.18161
CM33_SPIN,1639,2,labsea,MLD2,1569.07553
CM33_SPIN,1639,3,labsea,MLD2,1397.45938
CM33_SPIN,1639,4,labsea,MLD2,1230.37521
CM33_SPIN,1639,5,labsea,MLD2,413.36948
CM33_SPIN,1639,6,labsea,MLD2,25.51343
CM33_SPIN,1639,7,labsea,MLD2,12.27807
CM33_SPIN,1639,8,labsea,MLD2,13.75531
CM33_SPIN,1639,9,labsea,MLD2,18.03762
CM33_SPIN,1639,10,labsea,MLD2,30.76109
CM33_SPIN,1639,11,labsea,MLD2,445.47316
CM33_SPIN,1639,12,labsea,MLD2,1356.61027
CM33_SPIN,1639,1,interior,MLD2,2594.62848
CM33_SPIN,1639,2,interior,MLD2,2439.26496
CM33_SPIN,1639,3,interior,MLD2,2041.85448
CM33_SPIN,1639,4,interior,MLD2,1605.32399
CM33_SPIN,1639,5,interior,MLD2,873.10447
CM33_SPIN,1639,6,interior,MLD2,43.57434
CM33_SPIN,1639,7,interior,MLD2,13.45891
CM33_SPIN,1639,8,interior,MLD2,15.32066
CM33_SPIN,1639,9,interior,MLD2,19.58175
CM33_SPIN,1639,10,interior,MLD2,33.10765
CM33_SPIN,1639,11,interior,MLD2,1117.34736
CM33_SPIN,1639,12,interior,MLD2,2422.48422
CM33_SPIN,1640,1,labsea,a_ice,0.29906
CM33_SPIN,1640,2,labsea,a_ice,0.36497
CM33_SPIN,1640,3,labsea,a_ice,0.40383
CM33_SPIN,1640,4,labsea,a_ice,0.35015
CM33_SPIN,1640,5,labsea,a_ice,0.24894
CM33_SPIN,1640,6,labsea,a_ice,0.12837
CM33_SPIN,1640,7,labsea,a_ice,0.02472
CM33_SPIN,1640,8,labsea,a_ice,0.00026
CM33_SPIN,1640,9,labsea,a_ice,0.00000
CM33_SPIN,1640,10,labsea,a_ice,0.00713
CM33_SPIN,1640,11,labsea,a_ice,0.05736
CM33_SPIN,1640,12,labsea,a_ice,0.12839
CM33_SPIN,1640,1,interior,a_ice,0.10453
CM33_SPIN,1640,2,interior,a_ice,0.12219
CM33_SPIN,1640,3,interior,a_ice,0.23265
CM33_SPIN,1640,4,interior,a_ice,0.20340
CM33_SPIN,1640,5,interior,a_ice,0.06520
CM33_SPIN,1640,6,interior,a_ice,0.03205
CM33_SPIN,1640,7,interior,a_ice,0.00478
CM33_SPIN,1640,8,interior,a_ice,0.00000
CM33_SPIN,1640,9,interior,a_ice,0.00000
CM33_SPIN,1640,10,interior,a_ice,0.00000
CM33_SPIN,1640,11,interior,a_ice,0.00057
CM33_SPIN,1640,12,interior,a_ice,0.00548
CM33_SPIN,1640,1,labsea,MLD2,1547.27116
CM33_SPIN,1640,2,labsea,MLD2,1394.92124
CM33_SPIN,1640,3,labsea,MLD2,1170.52290
CM33_SPIN,1640,4,labsea,MLD2,1162.70557
CM33_SPIN,1640,5,labsea,MLD2,532.12482
CM33_SPIN,1640,6,labsea,MLD2,20.68565
CM33_SPIN,1640,7,labsea,MLD2,15.92055
CM33_SPIN,1640,8,labsea,MLD2,14.89656
CM33_SPIN,1640,9,labsea,MLD2,26.10255
CM33_SPIN,1640,10,labsea,MLD2,151.67562
CM33_SPIN,1640,11,labsea,MLD2,980.25960
CM33_SPIN,1640,12,labsea,MLD2,1492.95886
CM33_SPIN,1640,1,interior,MLD2,2410.64010
CM33_SPIN,1640,2,interior,MLD2,2348.93888
CM33_SPIN,1640,3,interior,MLD2,1643.55606
CM33_SPIN,1640,4,interior,MLD2,1503.64524
CM33_SPIN,1640,5,interior,MLD2,928.91602
CM33_SPIN,1640,6,interior,MLD2,26.56694
CM33_SPIN,1640,7,interior,MLD2,18.11556
CM33_SPIN,1640,8,interior,MLD2,16.49316
CM33_SPIN,1640,9,interior,MLD2,24.02426
CM33_SPIN,1640,10,interior,MLD2,343.97920
CM33_SPIN,1640,11,interior,MLD2,1996.96321
CM33_SPIN,1640,12,interior,MLD2,2560.97592
CM33_SPIN,1641,1,labsea,a_ice,0.20478
CM33_SPIN,1641,2,labsea,a_ice,0.19648
CM33_SPIN,1641,3,labsea,a_ice,0.25322
CM33_SPIN,1641,4,labsea,a_ice,0.30684
CM33_SPIN,1641,5,labsea,a_ice,0.27072
CM33_SPIN,1641,6,labsea,a_ice,0.13932
CM33_SPIN,1641,7,labsea,a_ice,0.04565
CM33_SPIN,1641,8,labsea,a_ice,0.00784
CM33_SPIN,1641,9,labsea,a_ice,0.00005
CM33_SPIN,1641,10,labsea,a_ice,0.00208
CM33_SPIN,1641,11,labsea,a_ice,0.05982
CM33_SPIN,1641,12,labsea,a_ice,0.18093
CM33_SPIN,1641,1,interior,a_ice,0.02226
CM33_SPIN,1641,2,interior,a_ice,0.02699
CM33_SPIN,1641,3,interior,a_ice,0.05195
CM33_SPIN,1641,4,interior,a_ice,0.16727
CM33_SPIN,1641,5,interior,a_ice,0.11067
CM33_SPIN,1641,6,interior,a_ice,0.05078
CM33_SPIN,1641,7,interior,a_ice,0.00653
CM33_SPIN,1641,8,interior,a_ice,0.00030
CM33_SPIN,1641,9,interior,a_ice,0.00000
CM33_SPIN,1641,10,interior,a_ice,0.00000
CM33_SPIN,1641,11,interior,a_ice,0.00023
CM33_SPIN,1641,12,interior,a_ice,0.01619
CM33_SPIN,1641,1,labsea,MLD2,1640.42614
CM33_SPIN,1641,2,labsea,MLD2,1628.95638
CM33_SPIN,1641,3,labsea,MLD2,1476.08190
CM33_SPIN,1641,4,labsea,MLD2,1278.54359
CM33_SPIN,1641,5,labsea,MLD2,637.97482
CM33_SPIN,1641,6,labsea,MLD2,56.10072
CM33_SPIN,1641,7,labsea,MLD2,14.07635
CM33_SPIN,1641,8,labsea,MLD2,13.82157
CM33_SPIN,1641,9,labsea,MLD2,23.10291
CM33_SPIN,1641,10,labsea,MLD2,34.36591
CM33_SPIN,1641,11,labsea,MLD2,128.21124
CM33_SPIN,1641,12,labsea,MLD2,1310.82630
CM33_SPIN,1641,1,interior,MLD2,2593.90518
CM33_SPIN,1641,2,interior,MLD2,2577.68838
CM33_SPIN,1641,3,interior,MLD2,2326.27177
CM33_SPIN,1641,4,interior,MLD2,1877.05235
CM33_SPIN,1641,5,interior,MLD2,1223.01600
CM33_SPIN,1641,6,interior,MLD2,162.29849
CM33_SPIN,1641,7,interior,MLD2,16.58066
CM33_SPIN,1641,8,interior,MLD2,16.30238
CM33_SPIN,1641,9,interior,MLD2,27.25687
CM33_SPIN,1641,10,interior,MLD2,38.04537
CM33_SPIN,1641,11,interior,MLD2,171.50427
CM33_SPIN,1641,12,interior,MLD2,2273.00571
CM33_SPIN,1642,1,labsea,a_ice,0.27151
CM33_SPIN,1642,2,labsea,a_ice,0.32106
CM33_SPIN,1642,3,labsea,a_ice,0.37072
CM33_SPIN,1642,4,labsea,a_ice,0.31867
CM33_SPIN,1642,5,labsea,a_ice,0.24238
CM33_SPIN,1642,6,labsea,a_ice,0.11545
CM33_SPIN,1642,7,labsea,a_ice,0.05939
CM33_SPIN,1642,8,labsea,a_ice,0.01731
CM33_SPIN,1642,9,labsea,a_ice,0.01107
CM33_SPIN,1642,10,labsea,a_ice,0.01782
CM33_SPIN,1642,11,labsea,a_ice,0.05770
CM33_SPIN,1642,12,labsea,a_ice,0.12469
CM33_SPIN,1642,1,interior,a_ice,0.06156
CM33_SPIN,1642,2,interior,a_ice,0.17261
CM33_SPIN,1642,3,interior,a_ice,0.24288
CM33_SPIN,1642,4,interior,a_ice,0.13135
CM33_SPIN,1642,5,interior,a_ice,0.07318
CM33_SPIN,1642,6,interior,a_ice,0.00842
CM33_SPIN,1642,7,interior,a_ice,0.00036
CM33_SPIN,1642,8,interior,a_ice,0.00000
CM33_SPIN,1642,9,interior,a_ice,0.00000
CM33_SPIN,1642,10,interior,a_ice,0.00003
CM33_SPIN,1642,11,interior,a_ice,0.00032
CM33_SPIN,1642,12,interior,a_ice,0.00448
CM33_SPIN,1642,1,labsea,MLD2,1638.18281
CM33_SPIN,1642,2,labsea,MLD2,1473.25702
CM33_SPIN,1642,3,labsea,MLD2,1223.23641
CM33_SPIN,1642,4,labsea,MLD2,1214.28652
CM33_SPIN,1642,5,labsea,MLD2,273.56052
CM33_SPIN,1642,6,labsea,MLD2,13.60128
CM33_SPIN,1642,7,labsea,MLD2,12.57511
CM33_SPIN,1642,8,labsea,MLD2,13.67108
CM33_SPIN,1642,9,labsea,MLD2,22.19998
CM33_SPIN,1642,10,labsea,MLD2,35.90082
CM33_SPIN,1642,11,labsea,MLD2,419.11206
CM33_SPIN,1642,12,labsea,MLD2,1380.68922
CM33_SPIN,1642,1,interior,MLD2,2539.91867
CM33_SPIN,1642,2,interior,MLD2,2183.85124
CM33_SPIN,1642,3,interior,MLD2,1777.99791
CM33_SPIN,1642,4,interior,MLD2,1765.25632
CM33_SPIN,1642,5,interior,MLD2,344.85187
CM33_SPIN,1642,6,interior,MLD2,15.64192
CM33_SPIN,1642,7,interior,MLD2,13.77330
CM33_SPIN,1642,8,interior,MLD2,15.19725
CM33_SPIN,1642,9,interior,MLD2,23.81275
CM33_SPIN,1642,10,interior,MLD2,38.14953
CM33_SPIN,1642,11,interior,MLD2,1025.45277
CM33_SPIN,1642,12,interior,MLD2,2611.34843
CM33_SPIN,1643,1,labsea,a_ice,0.18256
CM33_SPIN,1643,2,labsea,a_ice,0.23840
CM33_SPIN,1643,3,labsea,a_ice,0.26857
CM33_SPIN,1643,4,labsea,a_ice,0.28619
CM33_SPIN,1643,5,labsea,a_ice,0.20725
CM33_SPIN,1643,6,labsea,a_ice,0.13555
CM33_SPIN,1643,7,labsea,a_ice,0.04564
CM33_SPIN,1643,8,labsea,a_ice,0.00481
CM33_SPIN,1643,9,labsea,a_ice,0.00000
CM33_SPIN,1643,10,labsea,a_ice,0.00068
CM33_SPIN,1643,11,labsea,a_ice,0.03792
CM33_SPIN,1643,12,labsea,a_ice,0.15288
CM33_SPIN,1643,1,interior,a_ice,0.01106
CM33_SPIN,1643,2,interior,a_ice,0.03944
CM33_SPIN,1643,3,interior,a_ice,0.05721
CM33_SPIN,1643,4,interior,a_ice,0.11487
CM33_SPIN,1643,5,interior,a_ice,0.07303
CM33_SPIN,1643,6,interior,a_ice,0.02883
CM33_SPIN,1643,7,interior,a_ice,0.00211
CM33_SPIN,1643,8,interior,a_ice,0.00000
CM33_SPIN,1643,9,interior,a_ice,0.00000
CM33_SPIN,1643,10,interior,a_ice,0.00000
CM33_SPIN,1643,11,interior,a_ice,0.00029
CM33_SPIN,1643,12,interior,a_ice,0.01272
CM33_SPIN,1643,1,labsea,MLD2,1677.07649
CM33_SPIN,1643,2,labsea,MLD2,1692.81363
CM33_SPIN,1643,3,labsea,MLD2,1645.16533
CM33_SPIN,1643,4,labsea,MLD2,1562.74212
CM33_SPIN,1643,5,labsea,MLD2,879.47983
CM33_SPIN,1643,6,labsea,MLD2,91.60762
CM33_SPIN,1643,7,labsea,MLD2,15.68376
CM33_SPIN,1643,8,labsea,MLD2,15.28950
CM33_SPIN,1643,9,labsea,MLD2,24.62143
CM33_SPIN,1643,10,labsea,MLD2,40.41820
CM33_SPIN,1643,11,labsea,MLD2,365.53122
CM33_SPIN,1643,12,labsea,MLD2,1282.70919
CM33_SPIN,1643,1,interior,MLD2,2666.43237
CM33_SPIN,1643,2,interior,MLD2,2615.97858
CM33_SPIN,1643,3,interior,MLD2,2570.21921
CM33_SPIN,1643,4,interior,MLD2,2419.76642
CM33_SPIN,1643,5,interior,MLD2,1525.04473
CM33_SPIN,1643,6,interior,MLD2,275.34034
CM33_SPIN,1643,7,interior,MLD2,17.48755
CM33_SPIN,1643,8,interior,MLD2,17.40379
CM33_SPIN,1643,9,interior,MLD2,29.30041
CM33_SPIN,1643,10,interior,MLD2,41.12485
CM33_SPIN,1643,11,interior,MLD2,867.38760
CM33_SPIN,1643,12,interior,MLD2,2555.94774
CM33_SPIN,1644,1,labsea,a_ice,0.22083
CM33_SPIN,1644,2,labsea,a_ice,0.28885
CM33_SPIN,1644,3,labsea,a_ice,0.29632
CM33_SPIN,1644,4,labsea,a_ice,0.23385
CM33_SPIN,1644,5,labsea,a_ice,0.15583
CM33_SPIN,1644,6,labsea,a_ice,0.08295
CM33_SPIN,1644,7,labsea,a_ice,0.02404
CM33_SPIN,1644,8,labsea,a_ice,0.00157
CM33_SPIN,1644,9,labsea,a_ice,0.00000
CM33_SPIN,1644,10,labsea,a_ice,0.00634
CM33_SPIN,1644,11,labsea,a_ice,0.06318
CM33_SPIN,1644,12,labsea,a_ice,0.11688
CM33_SPIN,1644,1,interior,a_ice,0.06030
CM33_SPIN,1644,2,interior,a_ice,0.07278
CM33_SPIN,1644,3,interior,a_ice,0.09344
CM33_SPIN,1644,4,interior,a_ice,0.04967
CM33_SPIN,1644,5,interior,a_ice,0.06671
CM33_SPIN,1644,6,interior,a_ice,0.00410
CM33_SPIN,1644,7,interior,a_ice,0.00003
CM33_SPIN,1644,8,interior,a_ice,0.00000
CM33_SPIN,1644,9,interior,a_ice,0.00000
CM33_SPIN,1644,10,interior,a_ice,0.00000
CM33_SPIN,1644,11,interior,a_ice,0.00077
CM33_SPIN,1644,12,interior,a_ice,0.01201
CM33_SPIN,1644,1,labsea,MLD2,1495.43346
CM33_SPIN,1644,2,labsea,MLD2,1631.94201
CM33_SPIN,1644,3,labsea,MLD2,1543.23782
CM33_SPIN,1644,4,labsea,MLD2,1590.65822
CM33_SPIN,1644,5,labsea,MLD2,704.03794
CM33_SPIN,1644,6,labsea,MLD2,34.32387
CM33_SPIN,1644,7,labsea,MLD2,16.22256
CM33_SPIN,1644,8,labsea,MLD2,16.89116
CM33_SPIN,1644,9,labsea,MLD2,27.58099
CM33_SPIN,1644,10,labsea,MLD2,61.06934
CM33_SPIN,1644,11,labsea,MLD2,641.18074
CM33_SPIN,1644,12,labsea,MLD2,1492.89486
CM33_SPIN,1644,1,interior,MLD2,2512.80062
CM33_SPIN,1644,2,interior,MLD2,2535.18489
CM33_SPIN,1644,3,interior,MLD2,2411.07013
CM33_SPIN,1644,4,interior,MLD2,2531.94924
CM33_SPIN,1644,5,interior,MLD2,1561.12191
CM33_SPIN,1644,6,interior,MLD2,58.70469
CM33_SPIN,1644,7,interior,MLD2,19.05044
CM33_SPIN,1644,8,interior,MLD2,18.24193
CM33_SPIN,1644,9,interior,MLD2,28.47643
CM33_SPIN,1644,10,interior,MLD2,101.54213
CM33_SPIN,1644,11,interior,MLD2,1491.42372
CM33_SPIN,1644,12,interior,MLD2,2397.04612
CM33_SPIN,1645,1,labsea,a_ice,0.18313
CM33_SPIN,1645,2,labsea,a_ice,0.21251
CM33_SPIN,1645,3,labsea,a_ice,0.21373
CM33_SPIN,1645,4,labsea,a_ice,0.18892
CM33_SPIN,1645,5,labsea,a_ice,0.14138
CM33_SPIN,1645,6,labsea,a_ice,0.06928
CM33_SPIN,1645,7,labsea,a_ice,0.01688
CM33_SPIN,1645,8,labsea,a_ice,0.00003
CM33_SPIN,1645,9,labsea,a_ice,0.00000
CM33_SPIN,1645,10,labsea,a_ice,0.00518
CM33_SPIN,1645,11,labsea,a_ice,0.10200
CM33_SPIN,1645,12,labsea,a_ice,0.23552
CM33_SPIN,1645,1,interior,a_ice,0.04195
CM33_SPIN,1645,2,interior,a_ice,0.03102
CM33_SPIN,1645,3,interior,a_ice,0.04853
CM33_SPIN,1645,4,interior,a_ice,0.04217
CM33_SPIN,1645,5,interior,a_ice,0.02530
CM33_SPIN,1645,6,interior,a_ice,0.00399
CM33_SPIN,1645,7,interior,a_ice,0.00000
CM33_SPIN,1645,8,interior,a_ice,0.00000
CM33_SPIN,1645,9,interior,a_ice,0.00000
CM33_SPIN,1645,10,interior,a_ice,0.00012
CM33_SPIN,1645,11,interior,a_ice,0.02508
CM33_SPIN,1645,12,interior,a_ice,0.05459
CM33_SPIN,1645,1,labsea,MLD2,1741.34570
CM33_SPIN,1645,2,labsea,MLD2,1754.97552
CM33_SPIN,1645,3,labsea,MLD2,1686.85194
CM33_SPIN,1645,4,labsea,MLD2,1609.98368
CM33_SPIN,1645,5,labsea,MLD2,806.92581
CM33_SPIN,1645,6,labsea,MLD2,30.77947
CM33_SPIN,1645,7,labsea,MLD2,14.29675
CM33_SPIN,1645,8,labsea,MLD2,16.70780
CM33_SPIN,1645,9,labsea,MLD2,22.69017
CM33_SPIN,1645,10,labsea,MLD2,90.26262
CM33_SPIN,1645,11,labsea,MLD2,616.97885
CM33_SPIN,1645,12,labsea,MLD2,1373.79192
CM33_SPIN,1645,1,interior,MLD2,2644.33390
CM33_SPIN,1645,2,interior,MLD2,2672.85570
CM33_SPIN,1645,3,interior,MLD2,2611.30668
CM33_SPIN,1645,4,interior,MLD2,2551.32732
CM33_SPIN,1645,5,interior,MLD2,1827.93113
CM33_SPIN,1645,6,interior,MLD2,53.95613
CM33_SPIN,1645,7,interior,MLD2,17.20332
CM33_SPIN,1645,8,interior,MLD2,18.02476
CM33_SPIN,1645,9,interior,MLD2,25.64263
CM33_SPIN,1645,10,interior,MLD2,231.02638
CM33_SPIN,1645,11,interior,MLD2,1412.52970
CM33_SPIN,1645,12,interior,MLD2,2302.22965
CM33_SPIN,1646,1,labsea,a_ice,0.30503
CM33_SPIN,1646,2,labsea,a_ice,0.28955
CM33_SPIN,1646,3,labsea,a_ice,0.33764
CM33_SPIN,1646,4,labsea,a_ice,0.32547
CM33_SPIN,1646,5,labsea,a_ice,0.17500
CM33_SPIN,1646,6,labsea,a_ice,0.09608
CM33_SPIN,1646,7,labsea,a_ice,0.03930
CM33_SPIN,1646,8,labsea,a_ice,0.00312
CM33_SPIN,1646,9,labsea,a_ice,0.00067
CM33_SPIN,1646,10,labsea,a_ice,0.01102
CM33_SPIN,1646,11,labsea,a_ice,0.08264
CM33_SPIN,1646,12,labsea,a_ice,0.17923
CM33_SPIN,1646,1,interior,a_ice,0.08253
CM33_SPIN,1646,2,interior,a_ice,0.11617
CM33_SPIN,1646,3,interior,a_ice,0.13900
CM33_SPIN,1646,4,interior,a_ice,0.13117
CM33_SPIN,1646,5,interior,a_ice,0.06047
CM33_SPIN,1646,6,interior,a_ice,0.01270
CM33_SPIN,1646,7,interior,a_ice,0.00671
CM33_SPIN,1646,8,interior,a_ice,0.00001
CM33_SPIN,1646,9,interior,a_ice,0.00000
CM33_SPIN,1646,10,interior,a_ice,0.00000
CM33_SPIN,1646,11,interior,a_ice,0.00175
CM33_SPIN,1646,12,interior,a_ice,0.03784
CM33_SPIN,1646,1,labsea,MLD2,1596.65493
CM33_SPIN,1646,2,labsea,MLD2,1455.23729
CM33_SPIN,1646,3,labsea,MLD2,1434.81629
CM33_SPIN,1646,4,labsea,MLD2,988.85898
CM33_SPIN,1646,5,labsea,MLD2,201.57957
CM33_SPIN,1646,6,labsea,MLD2,19.50849
CM33_SPIN,1646,7,labsea,MLD2,13.42596
CM33_SPIN,1646,8,labsea,MLD2,19.04228
CM33_SPIN,1646,9,labsea,MLD2,23.36753
CM33_SPIN,1646,10,labsea,MLD2,37.24322
CM33_SPIN,1646,11,labsea,MLD2,453.29059
CM33_SPIN,1646,12,labsea,MLD2,1641.03684
CM33_SPIN,1646,1,interior,MLD2,2507.46555
CM33_SPIN,1646,2,interior,MLD2,2165.72671
CM33_SPIN,1646,3,interior,MLD2,2305.30021
CM33_SPIN,1646,4,interior,MLD2,1536.43665
CM33_SPIN,1646,5,interior,MLD2,255.99357
CM33_SPIN,1646,6,interior,MLD2,21.55547
CM33_SPIN,1646,7,interior,MLD2,13.98987
CM33_SPIN,1646,8,interior,MLD2,20.76634
CM33_SPIN,1646,9,interior,MLD2,25.82318
CM33_SPIN,1646,10,interior,MLD2,39.51807
CM33_SPIN,1646,11,interior,MLD2,890.15542
CM33_SPIN,1646,12,interior,MLD2,2642.89634
CM33_SPIN,1647,1,labsea,a_ice,0.20423
CM33_SPIN,1647,2,labsea,a_ice,0.23654
CM33_SPIN,1647,3,labsea,a_ice,0.25261
CM33_SPIN,1647,4,labsea,a_ice,0.26479
CM33_SPIN,1647,5,labsea,a_ice,0.26229
CM33_SPIN,1647,6,labsea,a_ice,0.15876
CM33_SPIN,1647,7,labsea,a_ice,0.03991
CM33_SPIN,1647,8,labsea,a_ice,0.00572
CM33_SPIN,1647,9,labsea,a_ice,0.00025
CM33_SPIN,1647,10,labsea,a_ice,0.00262
CM33_SPIN,1647,11,labsea,a_ice,0.11158
CM33_SPIN,1647,12,labsea,a_ice,0.23271
CM33_SPIN,1647,1,interior,a_ice,0.05234
CM33_SPIN,1647,2,interior,a_ice,0.07974
CM33_SPIN,1647,3,interior,a_ice,0.06453
CM33_SPIN,1647,4,interior,a_ice,0.06141
CM33_SPIN,1647,5,interior,a_ice,0.07943
CM33_SPIN,1647,6,interior,a_ice,0.03467
CM33_SPIN,1647,7,interior,a_ice,0.00060
CM33_SPIN,1647,8,interior,a_ice,0.00000
CM33_SPIN,1647,9,interior,a_ice,0.00000
CM33_SPIN,1647,10,interior,a_ice,0.00007
CM33_SPIN,1647,11,interior,a_ice,0.01551
CM33_SPIN,1647,12,interior,a_ice,0.05369
CM33_SPIN,1647,1,labsea,MLD2,1719.17194
CM33_SPIN,1647,2,labsea,MLD2,1684.91741
CM33_SPIN,1647,3,labsea,MLD2,1575.08055
CM33_SPIN,1647,4,labsea,MLD2,1396.01080
CM33_SPIN,1647,5,labsea,MLD2,815.23159
CM33_SPIN,1647,6,labsea,MLD2,55.43055
CM33_SPIN,1647,7,labsea,MLD2,12.75513
CM33_SPIN,1647,8,labsea,MLD2,15.48380
CM33_SPIN,1647,9,labsea,MLD2,19.81324
CM33_SPIN,1647,10,labsea,MLD2,29.96478
CM33_SPIN,1647,11,labsea,MLD2,627.85662
CM33_SPIN,1647,12,labsea,MLD2,1308.65622
CM33_SPIN,1647,1,interior,MLD2,2640.66634
CM33_SPIN,1647,2,interior,MLD2,2559.24016
CM33_SPIN,1647,3,interior,MLD2,2528.82068
CM33_SPIN,1647,4,interior,MLD2,2198.32222
CM33_SPIN,1647,5,interior,MLD2,1384.29649
CM33_SPIN,1647,6,interior,MLD2,164.73542
CM33_SPIN,1647,7,interior,MLD2,14.36887
CM33_SPIN,1647,8,interior,MLD2,17.35193
CM33_SPIN,1647,9,interior,MLD2,20.81556
CM33_SPIN,1647,10,interior,MLD2,33.51432
CM33_SPIN,1647,11,interior,MLD2,1427.96964
CM33_SPIN,1647,12,interior,MLD2,2158.13504
CM33_SPIN,1648,1,labsea,a_ice,0.30186
CM33_SPIN,1648,2,labsea,a_ice,0.34162
CM33_SPIN,1648,3,labsea,a_ice,0.34680
CM33_SPIN,1648,4,labsea,a_ice,0.27039
CM33_SPIN,1648,5,labsea,a_ice,0.22002
CM33_SPIN,1648,6,labsea,a_ice,0.12022
CM33_SPIN,1648,7,labsea,a_ice,0.04990
CM33_SPIN,1648,8,labsea,a_ice,0.01600
CM33_SPIN,1648,9,labsea,a_ice,0.00261
CM33_SPIN,1648,10,labsea,a_ice,0.01780
CM33_SPIN,1648,11,labsea,a_ice,0.09258
CM33_SPIN,1648,12,labsea,a_ice,0.18314
CM33_SPIN,1648,1,interior,a_ice,0.13448
CM33_SPIN,1648,2,interior,a_ice,0.19375
CM33_SPIN,1648,3,interior,a_ice,0.17475
CM33_SPIN,1648,4,interior,a_ice,0.06716
CM33_SPIN,1648,5,interior,a_ice,0.04726
CM33_SPIN,1648,6,interior,a_ice,0.03310
CM33_SPIN,1648,7,interior,a_ice,0.00038
CM33_SPIN,1648,8,interior,a_ice,0.00000
CM33_SPIN,1648,9,interior,a_ice,0.00000
CM33_SPIN,1648,10,interior,a_ice,0.00000
CM33_SPIN,1648,11,interior,a_ice,0.00304
CM33_SPIN,1648,12,interior,a_ice,0.02129
CM33_SPIN,1648,1,labsea,MLD2,1408.05963
CM33_SPIN,1648,2,labsea,MLD2,1499.55365
CM33_SPIN,1648,3,labsea,MLD2,1477.46986
CM33_SPIN,1648,4,labsea,MLD2,1453.74451
CM33_SPIN,1648,5,labsea,MLD2,1384.97819
CM33_SPIN,1648,6,labsea,MLD2,130.29405
CM33_SPIN,1648,7,labsea,MLD2,12.04216
CM33_SPIN,1648,8,labsea,MLD2,15.23029
CM33_SPIN,1648,9,labsea,MLD2,28.18782
CM33_SPIN,1648,10,labsea,MLD2,88.02395
CM33_SPIN,1648,11,labsea,MLD2,715.01898
CM33_SPIN,1648,12,labsea,MLD2,1630.95534
CM33_SPIN,1648,1,interior,MLD2,2070.95484
CM33_SPIN,1648,2,interior,MLD2,2131.65993
CM33_SPIN,1648,3,interior,MLD2,2121.51406
CM33_SPIN,1648,4,interior,MLD2,2242.03718
CM33_SPIN,1648,5,interior,MLD2,2235.69235
CM33_SPIN,1648,6,interior,MLD2,308.75680
CM33_SPIN,1648,7,interior,MLD2,13.16350
CM33_SPIN,1648,8,interior,MLD2,16.08437
CM33_SPIN,1648,9,interior,MLD2,31.20583
CM33_SPIN,1648,10,interior,MLD2,204.66559
CM33_SPIN,1648,11,interior,MLD2,1765.87914
CM33_SPIN,1648,12,interior,MLD2,2628.18250
CM33_SPIN,1649,1,labsea,a_ice,0.21668
CM33_SPIN,1649,2,labsea,a_ice,0.25730
CM33_SPIN,1649,3,labsea,a_ice,0.28293
CM33_SPIN,1649,4,labsea,a_ice,0.26299
CM33_SPIN,1649,5,labsea,a_ice,0.20626
CM33_SPIN,1649,6,labsea,a_ice,0.12276
CM33_SPIN,1649,7,labsea,a_ice,0.03166
CM33_SPIN,1649,8,labsea,a_ice,0.00887
CM33_SPIN,1649,9,labsea,a_ice,0.00048
CM33_SPIN,1649,10,labsea,a_ice,0.01682
CM33_SPIN,1649,11,labsea,a_ice,0.09737
CM33_SPIN,1649,12,labsea,a_ice,0.17415
CM33_SPIN,1649,1,interior,a_ice,0.03846
CM33_SPIN,1649,2,interior,a_ice,0.06491
CM33_SPIN,1649,3,interior,a_ice,0.08010
CM33_SPIN,1649,4,interior,a_ice,0.08951
CM33_SPIN,1649,5,interior,a_ice,0.07374
CM33_SPIN,1649,6,interior,a_ice,0.01337
CM33_SPIN,1649,7,interior,a_ice,0.00028
CM33_SPIN,1649,8,interior,a_ice,0.00000
CM33_SPIN,1649,9,interior,a_ice,0.00000
CM33_SPIN,1649,10,interior,a_ice,0.00000
CM33_SPIN,1649,11,interior,a_ice,0.00314
CM33_SPIN,1649,12,interior,a_ice,0.01466
CM33_SPIN,1649,1,labsea,MLD2,1732.11399
CM33_SPIN,1649,2,labsea,MLD2,1627.16874
CM33_SPIN,1649,3,labsea,MLD2,1482.39567
CM33_SPIN,1649,4,labsea,MLD2,1275.84551
CM33_SPIN,1649,5,labsea,MLD2,350.74979
CM33_SPIN,1649,6,labsea,MLD2,14.29948
CM33_SPIN,1649,7,labsea,MLD2,12.58408
CM33_SPIN,1649,8,labsea,MLD2,16.74431
CM33_SPIN,1649,9,labsea,MLD2,22.89605
CM33_SPIN,1649,10,labsea,MLD2,45.48828
CM33_SPIN,1649,11,labsea,MLD2,633.08741
CM33_SPIN,1649,12,labsea,MLD2,1527.75317
CM33_SPIN,1649,1,interior,MLD2,2638.37646
CM33_SPIN,1649,2,interior,MLD2,2519.11007
CM33_SPIN,1649,3,interior,MLD2,2262.58817
CM33_SPIN,1649,4,interior,MLD2,1715.91713
CM33_SPIN,1649,5,interior,MLD2,619.33897
CM33_SPIN,1649,6,interior,MLD2,17.01161
CM33_SPIN,1649,7,interior,MLD2,13.15264
CM33_SPIN,1649,8,interior,MLD2,17.11461
CM33_SPIN,1649,9,interior,MLD2,23.54873
CM33_SPIN,1649,10,interior,MLD2,56.30850
CM33_SPIN,1649,11,interior,MLD2,1079.08831
CM33_SPIN,1649,12,interior,MLD2,2412.70192
CM33_SPIN,1650,1,labsea,a_ice,0.28692
CM33_SPIN,1650,2,labsea,a_ice,0.35234
CM33_SPIN,1650,3,labsea,a_ice,0.36616
CM33_SPIN,1650,4,labsea,a_ice,0.29208
CM33_SPIN,1650,5,labsea,a_ice,0.24369
CM33_SPIN,1650,6,labsea,a_ice,0.16781
CM33_SPIN,1650,7,labsea,a_ice,0.05422
CM33_SPIN,1650,8,labsea,a_ice,0.00258
CM33_SPIN,1650,9,labsea,a_ice,0.00028
CM33_SPIN,1650,10,labsea,a_ice,0.01216
CM33_SPIN,1650,11,labsea,a_ice,0.11631
CM33_SPIN,1650,12,labsea,a_ice,0.21685
CM33_SPIN,1650,1,interior,a_ice,0.05726
CM33_SPIN,1650,2,interior,a_ice,0.15292
CM33_SPIN,1650,3,interior,a_ice,0.15584
CM33_SPIN,1650,4,interior,a_ice,0.07967
CM33_SPIN,1650,5,interior,a_ice,0.06493
CM33_SPIN,1650,6,interior,a_ice,0.01842
CM33_SPIN,1650,7,interior,a_ice,0.00511
CM33_SPIN,1650,8,interior,a_ice,0.00002
CM33_SPIN,1650,9,interior,a_ice,0.00000
CM33_SPIN,1650,10,interior,a_ice,0.00000
CM33_SPIN,1650,11,interior,a_ice,0.02797
CM33_SPIN,1650,12,interior,a_ice,0.06598
CM33_SPIN,1650,1,labsea,MLD2,1573.97533
CM33_SPIN,1650,2,labsea,MLD2,1443.30753
CM33_SPIN,1650,3,labsea,MLD2,1274.40687
CM33_SPIN,1650,4,labsea,MLD2,1278.63850
CM33_SPIN,1650,5,labsea,MLD2,1023.29971
CM33_SPIN,1650,6,labsea,MLD2,54.44411
CM33_SPIN,1650,7,labsea,MLD2,15.02293
CM33_SPIN,1650,8,labsea,MLD2,17.15267
CM33_SPIN,1650,9,labsea,MLD2,26.03013
CM33_SPIN,1650,10,labsea,MLD2,87.82409
CM33_SPIN,1650,11,labsea,MLD2,600.78395
CM33_SPIN,1650,12,labsea,MLD2,1418.80606
CM33_SPIN,1650,1,interior,MLD2,2571.27252
CM33_SPIN,1650,2,interior,MLD2,2340.77413
CM33_SPIN,1650,3,interior,MLD2,2067.65047
CM33_SPIN,1650,4,interior,MLD2,2089.24397
CM33_SPIN,1650,5,interior,MLD2,1790.83659
CM33_SPIN,1650,6,interior,MLD2,151.45119
CM33_SPIN,1650,7,interior,MLD2,18.59723
CM33_SPIN,1650,8,interior,MLD2,21.44246
CM33_SPIN,1650,9,interior,MLD2,29.72256
CM33_SPIN,1650,10,interior,MLD2,224.24151
CM33_SPIN,1650,11,interior,MLD2,1628.77564
CM33_SPIN,1650,12,interior,MLD2,2521.83741
CM33_SPIN,1651,1,labsea,a_ice,0.24995
CM33_SPIN,1651,2,labsea,a_ice,0.30094
CM33_SPIN,1651,3,labsea,a_ice,0.27454
CM33_SPIN,1651,4,labsea,a_ice,0.21239
CM33_SPIN,1651,5,labsea,a_ice,0.17037
CM33_SPIN,1651,6,labsea,a_ice,0.08776
CM33_SPIN,1651,7,labsea,a_ice,0.03011
CM33_SPIN,1651,8,labsea,a_ice,0.00658
CM33_SPIN,1651,9,labsea,a_ice,0.00377
CM33_SPIN,1651,10,labsea,a_ice,0.00961
CM33_SPIN,1651,11,labsea,a_ice,0.05802
CM33_SPIN,1651,12,labsea,a_ice,0.17474
CM33_SPIN,1651,1,interior,a_ice,0.05128
CM33_SPIN,1651,2,interior,a_ice,0.10142
CM33_SPIN,1651,3,interior,a_ice,0.05305
CM33_SPIN,1651,4,interior,a_ice,0.03877
CM33_SPIN,1651,5,interior,a_ice,0.04678
CM33_SPIN,1651,6,interior,a_ice,0.01032
CM33_SPIN,1651,7,interior,a_ice,0.00039
CM33_SPIN,1651,8,interior,a_ice,0.00000
CM33_SPIN,1651,9,interior,a_ice,0.00000
CM33_SPIN,1651,10,interior,a_ice,0.00000
CM33_SPIN,1651,11,interior,a_ice,0.00068
CM33_SPIN,1651,12,interior,a_ice,0.02521
CM33_SPIN,1651,1,labsea,MLD2,1671.11169
CM33_SPIN,1651,2,labsea,MLD2,1635.27079
CM33_SPIN,1651,3,labsea,MLD2,1684.46165
CM33_SPIN,1651,4,labsea,MLD2,1698.93240
CM33_SPIN,1651,5,labsea,MLD2,967.85043
CM33_SPIN,1651,6,labsea,MLD2,18.07872
CM33_SPIN,1651,7,labsea,MLD2,13.49545
CM33_SPIN,1651,8,labsea,MLD2,16.32247
CM33_SPIN,1651,9,labsea,MLD2,25.95770
CM33_SPIN,1651,10,labsea,MLD2,36.33996
CM33_SPIN,1651,11,labsea,MLD2,223.41760
CM33_SPIN,1651,12,labsea,MLD2,961.81209
CM33_SPIN,1651,1,interior,MLD2,2632.95531
CM33_SPIN,1651,2,interior,MLD2,2506.15992
CM33_SPIN,1651,3,interior,MLD2,2631.48778
CM33_SPIN,1651,4,interior,MLD2,2645.14033
CM33_SPIN,1651,5,interior,MLD2,1603.28779
CM33_SPIN,1651,6,interior,MLD2,21.96093
CM33_SPIN,1651,7,interior,MLD2,15.25454
CM33_SPIN,1651,8,interior,MLD2,17.48301
CM33_SPIN,1651,9,interior,MLD2,30.06446
CM33_SPIN,1651,10,interior,MLD2,41.79145
CM33_SPIN,1651,11,interior,MLD2,637.41760
CM33_SPIN,1651,12,interior,MLD2,1989.64245
CM33_SPIN,1652,1,labsea,a_ice,0.24007
CM33_SPIN,1652,2,labsea,a_ice,0.24272
CM33_SPIN,1652,3,labsea,a_ice,0.21839
CM33_SPIN,1652,4,labsea,a_ice,0.22974
CM33_SPIN,1652,5,labsea,a_ice,0.20708
CM33_SPIN,1652,6,labsea,a_ice,0.08664
CM33_SPIN,1652,7,labsea,a_ice,0.02086
CM33_SPIN,1652,8,labsea,a_ice,0.00102
CM33_SPIN,1652,9,labsea,a_ice,0.00001
CM33_SPIN,1652,10,labsea,a_ice,0.01595
CM33_SPIN,1652,11,labsea,a_ice,0.11137
CM33_SPIN,1652,12,labsea,a_ice,0.20322
CM33_SPIN,1652,1,interior,a_ice,0.05478
CM33_SPIN,1652,2,interior,a_ice,0.05406
CM33_SPIN,1652,3,interior,a_ice,0.02905
CM33_SPIN,1652,4,interior,a_ice,0.07653
CM33_SPIN,1652,5,interior,a_ice,0.06133
CM33_SPIN,1652,6,interior,a_ice,0.01398
CM33_SPIN,1652,7,interior,a_ice,0.00024
CM33_SPIN,1652,8,interior,a_ice,0.00000
CM33_SPIN,1652,9,interior,a_ice,0.00000
CM33_SPIN,1652,10,interior,a_ice,0.00000
CM33_SPIN,1652,11,interior,a_ice,0.00395
CM33_SPIN,1652,12,interior,a_ice,0.03891
CM33_SPIN,1652,1,labsea,MLD2,1608.23110
CM33_SPIN,1652,2,labsea,MLD2,1629.78576
CM33_SPIN,1652,3,labsea,MLD2,1671.89847
CM33_SPIN,1652,4,labsea,MLD2,1531.24190
CM33_SPIN,1652,5,labsea,MLD2,782.59729
CM33_SPIN,1652,6,labsea,MLD2,14.03278
CM33_SPIN,1652,7,labsea,MLD2,15.35619
CM33_SPIN,1652,8,labsea,MLD2,15.58740
CM33_SPIN,1652,9,labsea,MLD2,22.88388
CM33_SPIN,1652,10,labsea,MLD2,86.34467
CM33_SPIN,1652,11,labsea,MLD2,686.39426
CM33_SPIN,1652,12,labsea,MLD2,1559.70378
CM33_SPIN,1652,1,interior,MLD2,2568.40705
CM33_SPIN,1652,2,interior,MLD2,2554.60583
CM33_SPIN,1652,3,interior,MLD2,2614.67495
CM33_SPIN,1652,4,interior,MLD2,2298.52605
CM33_SPIN,1652,5,interior,MLD2,1394.86405
CM33_SPIN,1652,6,interior,MLD2,15.38087
CM33_SPIN,1652,7,interior,MLD2,17.33490
CM33_SPIN,1652,8,interior,MLD2,17.75219
CM33_SPIN,1652,9,interior,MLD2,25.86996
CM33_SPIN,1652,10,interior,MLD2,201.58919
CM33_SPIN,1652,11,interior,MLD2,1740.31669
CM33_SPIN,1652,12,interior,MLD2,2627.56148
CM33_SPIN,1653,1,labsea,a_ice,0.24975
CM33_SPIN,1653,2,labsea,a_ice,0.29087
CM33_SPIN,1653,3,labsea,a_ice,0.36328
CM33_SPIN,1653,4,labsea,a_ice,0.28025
CM33_SPIN,1653,5,labsea,a_ice,0.23606
CM33_SPIN,1653,6,labsea,a_ice,0.15280
CM33_SPIN,1653,7,labsea,a_ice,0.06211
CM33_SPIN,1653,8,labsea,a_ice,0.02080
CM33_SPIN,1653,9,labsea,a_ice,0.00386
CM33_SPIN,1653,10,labsea,a_ice,0.00744
CM33_SPIN,1653,11,labsea,a_ice,0.05807
CM33_SPIN,1653,12,labsea,a_ice,0.15357
CM33_SPIN,1653,1,interior,a_ice,0.06869
CM33_SPIN,1653,2,interior,a_ice,0.10571
CM33_SPIN,1653,3,interior,a_ice,0.14911
CM33_SPIN,1653,4,interior,a_ice,0.19210
CM33_SPIN,1653,5,interior,a_ice,0.05343
CM33_SPIN,1653,6,interior,a_ice,0.01284
CM33_SPIN,1653,7,interior,a_ice,0.00202
CM33_SPIN,1653,8,interior,a_ice,0.00000
CM33_SPIN,1653,9,interior,a_ice,0.00000
CM33_SPIN,1653,10,interior,a_ice,0.00000
CM33_SPIN,1653,11,interior,a_ice,0.00373
CM33_SPIN,1653,12,interior,a_ice,0.02423
CM33_SPIN,1653,1,labsea,MLD2,1567.38566
CM33_SPIN,1653,2,labsea,MLD2,1552.65323
CM33_SPIN,1653,3,labsea,MLD2,1457.82258
CM33_SPIN,1653,4,labsea,MLD2,1165.54898
CM33_SPIN,1653,5,labsea,MLD2,575.65142
CM33_SPIN,1653,6,labsea,MLD2,19.73861
CM33_SPIN,1653,7,labsea,MLD2,12.61422
CM33_SPIN,1653,8,labsea,MLD2,15.74240
CM33_SPIN,1653,9,labsea,MLD2,22.14666
CM33_SPIN,1653,10,labsea,MLD2,37.23326
CM33_SPIN,1653,11,labsea,MLD2,573.92189
CM33_SPIN,1653,12,labsea,MLD2,1612.34125
CM33_SPIN,1653,1,interior,MLD2,2508.68041
CM33_SPIN,1653,2,interior,MLD2,2406.32397
CM33_SPIN,1653,3,interior,MLD2,2317.27803
CM33_SPIN,1653,4,interior,MLD2,1794.29489
CM33_SPIN,1653,5,interior,MLD2,1017.82059
CM33_SPIN,1653,6,interior,MLD2,24.10044
CM33_SPIN,1653,7,interior,MLD2,14.43625
CM33_SPIN,1653,8,interior,MLD2,17.89658
CM33_SPIN,1653,9,interior,MLD2,25.22885
CM33_SPIN,1653,10,interior,MLD2,43.46837
CM33_SPIN,1653,11,interior,MLD2,1338.32240
CM33_SPIN,1653,12,interior,MLD2,2607.97671
CM33_SPIN,1654,1,labsea,a_ice,0.20441
CM33_SPIN,1654,2,labsea,a_ice,0.24632
CM33_SPIN,1654,3,labsea,a_ice,0.27798
CM33_SPIN,1654,4,labsea,a_ice,0.35050
CM33_SPIN,1654,5,labsea,a_ice,0.24349
CM33_SPIN,1654,6,labsea,a_ice,0.11983
CM33_SPIN,1654,7,labsea,a_ice,0.01999
CM33_SPIN,1654,8,labsea,a_ice,0.00043
CM33_SPIN,1654,9,labsea,a_ice,0.00042
CM33_SPIN,1654,10,labsea,a_ice,0.01493
CM33_SPIN,1654,11,labsea,a_ice,0.05287
CM33_SPIN,1654,12,labsea,a_ice,0.15516
CM33_SPIN,1654,1,interior,a_ice,0.04362
CM33_SPIN,1654,2,interior,a_ice,0.06276
CM33_SPIN,1654,3,interior,a_ice,0.06413
CM33_SPIN,1654,4,interior,a_ice,0.17441
CM33_SPIN,1654,5,interior,a_ice,0.09754
CM33_SPIN,1654,6,interior,a_ice,0.01694
CM33_SPIN,1654,7,interior,a_ice,0.00000
CM33_SPIN,1654,8,interior,a_ice,0.00000
CM33_SPIN,1654,9,interior,a_ice,0.00000
CM33_SPIN,1654,10,interior,a_ice,0.00000
CM33_SPIN,1654,11,interior,a_ice,0.00009
CM33_SPIN,1654,12,interior,a_ice,0.01670
CM33_SPIN,1654,1,labsea,MLD2,1696.11563
CM33_SPIN,1654,2,labsea,MLD2,1515.84695
CM33_SPIN,1654,3,labsea,MLD2,1456.03323
CM33_SPIN,1654,4,labsea,MLD2,1189.48186
CM33_SPIN,1654,5,labsea,MLD2,471.89888
CM33_SPIN,1654,6,labsea,MLD2,13.83619
CM33_SPIN,1654,7,labsea,MLD2,15.47032
CM33_SPIN,1654,8,labsea,MLD2,15.18983
CM33_SPIN,1654,9,labsea,MLD2,21.44933
CM33_SPIN,1654,10,labsea,MLD2,56.46506
CM33_SPIN,1654,11,labsea,MLD2,563.58533
CM33_SPIN,1654,12,labsea,MLD2,1474.57121
CM33_SPIN,1654,1,interior,MLD2,2656.49463
CM33_SPIN,1654,2,interior,MLD2,2502.33185
CM33_SPIN,1654,3,interior,MLD2,2426.06227
CM33_SPIN,1654,4,interior,MLD2,1817.80902
CM33_SPIN,1654,5,interior,MLD2,758.62632
CM33_SPIN,1654,6,interior,MLD2,16.02988
CM33_SPIN,1654,7,interior,MLD2,17.53370
CM33_SPIN,1654,8,interior,MLD2,15.32554
CM33_SPIN,1654,9,interior,MLD2,23.30673
CM33_SPIN,1654,10,interior,MLD2,95.51031
CM33_SPIN,1654,11,interior,MLD2,1470.21697
CM33_SPIN,1654,12,interior,MLD2,2583.74575
CM33_SPIN,1655,1,labsea,a_ice,0.21194
CM33_SPIN,1655,2,labsea,a_ice,0.23289
CM33_SPIN,1655,3,labsea,a_ice,0.20066
CM33_SPIN,1655,4,labsea,a_ice,0.18292
CM33_SPIN,1655,5,labsea,a_ice,0.15301
CM33_SPIN,1655,6,labsea,a_ice,0.06418
CM33_SPIN,1655,7,labsea,a_ice,0.02153
CM33_SPIN,1655,8,labsea,a_ice,0.00446
CM33_SPIN,1655,9,labsea,a_ice,0.00039
CM33_SPIN,1655,10,labsea,a_ice,0.00594
CM33_SPIN,1655,11,labsea,a_ice,0.02653
CM33_SPIN,1655,12,labsea,a_ice,0.14094
CM33_SPIN,1655,1,interior,a_ice,0.06604
CM33_SPIN,1655,2,interior,a_ice,0.07194
CM33_SPIN,1655,3,interior,a_ice,0.03162
CM33_SPIN,1655,4,interior,a_ice,0.01382
CM33_SPIN,1655,5,interior,a_ice,0.02975
CM33_SPIN,1655,6,interior,a_ice,0.00832
CM33_SPIN,1655,7,interior,a_ice,0.00037
CM33_SPIN,1655,8,interior,a_ice,0.00000
CM33_SPIN,1655,9,interior,a_ice,0.00000
CM33_SPIN,1655,10,interior,a_ice,0.00016
CM33_SPIN,1655,11,interior,a_ice,0.00005
CM33_SPIN,1655,12,interior,a_ice,0.01982
CM33_SPIN,1655,1,labsea,MLD2,1687.16320
CM33_SPIN,1655,2,labsea,MLD2,1698.69452
CM33_SPIN,1655,3,labsea,MLD2,1656.52456
CM33_SPIN,1655,4,labsea,MLD2,1473.36552
CM33_SPIN,1655,5,labsea,MLD2,770.61106
CM33_SPIN,1655,6,labsea,MLD2,14.28514
CM33_SPIN,1655,7,labsea,MLD2,13.17091
CM33_SPIN,1655,8,labsea,MLD2,14.97192
CM33_SPIN,1655,9,labsea,MLD2,24.56297
CM33_SPIN,1655,10,labsea,MLD2,37.66965
CM33_SPIN,1655,11,labsea,MLD2,196.51075
CM33_SPIN,1655,12,labsea,MLD2,1128.69052
CM33_SPIN,1655,1,interior,MLD2,2592.85965
CM33_SPIN,1655,2,interior,MLD2,2609.99422
CM33_SPIN,1655,3,interior,MLD2,2603.98094
CM33_SPIN,1655,4,interior,MLD2,2599.80666
CM33_SPIN,1655,5,interior,MLD2,1727.79313
CM33_SPIN,1655,6,interior,MLD2,17.18989
CM33_SPIN,1655,7,interior,MLD2,15.06396
CM33_SPIN,1655,8,interior,MLD2,17.55796
CM33_SPIN,1655,9,interior,MLD2,29.50968
CM33_SPIN,1655,10,interior,MLD2,41.91484
CM33_SPIN,1655,11,interior,MLD2,470.75992
CM33_SPIN,1655,12,interior,MLD2,2251.17211
CM33_SPIN,1656,1,labsea,a_ice,0.19666
CM33_SPIN,1656,2,labsea,a_ice,0.19313
CM33_SPIN,1656,3,labsea,a_ice,0.20307
CM33_SPIN,1656,4,labsea,a_ice,0.19484
CM33_SPIN,1656,5,labsea,a_ice,0.14443
CM33_SPIN,1656,6,labsea,a_ice,0.07925
CM33_SPIN,1656,7,labsea,a_ice,0.03443
CM33_SPIN,1656,8,labsea,a_ice,0.00897
CM33_SPIN,1656,9,labsea,a_ice,0.00287
CM33_SPIN,1656,10,labsea,a_ice,0.02440
CM33_SPIN,1656,11,labsea,a_ice,0.12807
CM33_SPIN,1656,12,labsea,a_ice,0.30921
CM33_SPIN,1656,1,interior,a_ice,0.03647
CM33_SPIN,1656,2,interior,a_ice,0.02298
CM33_SPIN,1656,3,interior,a_ice,0.07288
CM33_SPIN,1656,4,interior,a_ice,0.06275
CM33_SPIN,1656,5,interior,a_ice,0.00926
CM33_SPIN,1656,6,interior,a_ice,0.00110
CM33_SPIN,1656,7,interior,a_ice,0.00027
CM33_SPIN,1656,8,interior,a_ice,0.00008
CM33_SPIN,1656,9,interior,a_ice,0.00000
CM33_SPIN,1656,10,interior,a_ice,0.00055
CM33_SPIN,1656,11,interior,a_ice,0.01625
CM33_SPIN,1656,12,interior,a_ice,0.13396
CM33_SPIN,1656,1,labsea,MLD2,1653.79690
CM33_SPIN,1656,2,labsea,MLD2,1693.55201
CM33_SPIN,1656,3,labsea,MLD2,1603.54490
CM33_SPIN,1656,4,labsea,MLD2,1501.33869
CM33_SPIN,1656,5,labsea,MLD2,830.32712
CM33_SPIN,1656,6,labsea,MLD2,22.92225
CM33_SPIN,1656,7,labsea,MLD2,18.73896
CM33_SPIN,1656,8,labsea,MLD2,16.83794
CM33_SPIN,1656,9,labsea,MLD2,26.49899
CM33_SPIN,1656,10,labsea,MLD2,145.62330
CM33_SPIN,1656,11,labsea,MLD2,598.84120
CM33_SPIN,1656,12,labsea,MLD2,1328.23931
CM33_SPIN,1656,1,interior,MLD2,2617.10040
CM33_SPIN,1656,2,interior,MLD2,2642.28136
CM33_SPIN,1656,3,interior,MLD2,2536.41883
CM33_SPIN,1656,4,interior,MLD2,2481.71509
CM33_SPIN,1656,5,interior,MLD2,1593.03439
CM33_SPIN,1656,6,interior,MLD2,25.28599
CM33_SPIN,1656,7,interior,MLD2,20.95098
CM33_SPIN,1656,8,interior,MLD2,18.22734
CM33_SPIN,1656,9,interior,MLD2,27.76315
CM33_SPIN,1656,10,interior,MLD2,357.48168
CM33_SPIN,1656,11,interior,MLD2,1531.90079
CM33_SPIN,1656,12,interior,MLD2,2149.78493
CM33_SPIN,1657,1,labsea,a_ice,0.41175
CM33_SPIN,1657,2,labsea,a_ice,0.46706
CM33_SPIN,1657,3,labsea,a_ice,0.56649
CM33_SPIN,1657,4,labsea,a_ice,0.50778
CM33_SPIN,1657,5,labsea,a_ice,0.38737
CM33_SPIN,1657,6,labsea,a_ice,0.27407
CM33_SPIN,1657,7,labsea,a_ice,0.14054
CM33_SPIN,1657,8,labsea,a_ice,0.04013
CM33_SPIN,1657,9,labsea,a_ice,0.00413
CM33_SPIN,1657,10,labsea,a_ice,0.03893
CM33_SPIN,1657,11,labsea,a_ice,0.17368
CM33_SPIN,1657,12,labsea,a_ice,0.34969
CM33_SPIN,1657,1,interior,a_ice,0.24104
CM33_SPIN,1657,2,interior,a_ice,0.23328
CM33_SPIN,1657,3,interior,a_ice,0.45449
CM33_SPIN,1657,4,interior,a_ice,0.45640
CM33_SPIN,1657,5,interior,a_ice,0.21670
CM33_SPIN,1657,6,interior,a_ice,0.15717
CM33_SPIN,1657,7,interior,a_ice,0.04002
CM33_SPIN,1657,8,interior,a_ice,0.00663
CM33_SPIN,1657,9,interior,a_ice,0.00000
CM33_SPIN,1657,10,interior,a_ice,0.00021
CM33_SPIN,1657,11,interior,a_ice,0.02044
CM33_SPIN,1657,12,interior,a_ice,0.25191
CM33_SPIN,1657,1,labsea,MLD2,1264.76207
CM33_SPIN,1657,2,labsea,MLD2,1089.77970
CM33_SPIN,1657,3,labsea,MLD2,661.79266
CM33_SPIN,1657,4,labsea,MLD2,349.23285
CM33_SPIN,1657,5,labsea,MLD2,38.78771
CM33_SPIN,1657,6,labsea,MLD2,18.08697
CM33_SPIN,1657,7,labsea,MLD2,16.17019
CM33_SPIN,1657,8,labsea,MLD2,13.06163
CM33_SPIN,1657,9,labsea,MLD2,17.80582
CM33_SPIN,1657,10,labsea,MLD2,26.26863
CM33_SPIN,1657,11,labsea,MLD2,174.60952
CM33_SPIN,1657,12,labsea,MLD2,1070.87270
CM33_SPIN,1657,1,interior,MLD2,2015.36827
CM33_SPIN,1657,2,interior,MLD2,1846.43587
CM33_SPIN,1657,3,interior,MLD2,985.37094
CM33_SPIN,1657,4,interior,MLD2,502.54904
CM33_SPIN,1657,5,interior,MLD2,66.58046
CM33_SPIN,1657,6,interior,MLD2,17.09569
CM33_SPIN,1657,7,interior,MLD2,18.13452
CM33_SPIN,1657,8,interior,MLD2,14.93505
CM33_SPIN,1657,9,interior,MLD2,19.08471
CM33_SPIN,1657,10,interior,MLD2,27.32812
CM33_SPIN,1657,11,interior,MLD2,218.65534
CM33_SPIN,1657,12,interior,MLD2,1436.92617
CM33_SPIN,1658,1,labsea,a_ice,0.45922
CM33_SPIN,1658,2,labsea,a_ice,0.43145
CM33_SPIN,1658,3,labsea,a_ice,0.31768
CM33_SPIN,1658,4,labsea,a_ice,0.33189
CM33_SPIN,1658,5,labsea,a_ice,0.27840
CM33_SPIN,1658,6,labsea,a_ice,0.14814
CM33_SPIN,1658,7,labsea,a_ice,0.05292
CM33_SPIN,1658,8,labsea,a_ice,0.00293
CM33_SPIN,1658,9,labsea,a_ice,0.00002
CM33_SPIN,1658,10,labsea,a_ice,0.00315
CM33_SPIN,1658,11,labsea,a_ice,0.09025
CM33_SPIN,1658,12,labsea,a_ice,0.21677
CM33_SPIN,1658,1,interior,a_ice,0.44685
CM33_SPIN,1658,2,interior,a_ice,0.34536
CM33_SPIN,1658,3,interior,a_ice,0.13243
CM33_SPIN,1658,4,interior,a_ice,0.16296
CM33_SPIN,1658,5,interior,a_ice,0.16335
CM33_SPIN,1658,6,interior,a_ice,0.03560
CM33_SPIN,1658,7,interior,a_ice,0.00485
CM33_SPIN,1658,8,interior,a_ice,0.00000
CM33_SPIN,1658,9,interior,a_ice,0.00000
CM33_SPIN,1658,10,interior,a_ice,0.00000
CM33_SPIN,1658,11,interior,a_ice,0.00228
CM33_SPIN,1658,12,interior,a_ice,0.04921
CM33_SPIN,1658,1,labsea,MLD2,1191.78230
CM33_SPIN,1658,2,labsea,MLD2,1296.20184
CM33_SPIN,1658,3,labsea,MLD2,1387.80135
CM33_SPIN,1658,4,labsea,MLD2,1280.34160
CM33_SPIN,1658,5,labsea,MLD2,185.50683
CM33_SPIN,1658,6,labsea,MLD2,13.62644
CM33_SPIN,1658,7,labsea,MLD2,13.92531
CM33_SPIN,1658,8,labsea,MLD2,13.56140
CM33_SPIN,1658,9,labsea,MLD2,18.99133
CM33_SPIN,1658,10,labsea,MLD2,32.56404
CM33_SPIN,1658,11,labsea,MLD2,217.47860
CM33_SPIN,1658,12,labsea,MLD2,1511.51492
CM33_SPIN,1658,1,interior,MLD2,1358.78775
CM33_SPIN,1658,2,interior,MLD2,1683.51183
CM33_SPIN,1658,3,interior,MLD2,2163.39531
CM33_SPIN,1658,4,interior,MLD2,1914.43989
CM33_SPIN,1658,5,interior,MLD2,304.03117
CM33_SPIN,1658,6,interior,MLD2,15.54704
CM33_SPIN,1658,7,interior,MLD2,17.13387
CM33_SPIN,1658,8,interior,MLD2,16.55985
CM33_SPIN,1658,9,interior,MLD2,21.18223
CM33_SPIN,1658,10,interior,MLD2,38.93121
CM33_SPIN,1658,11,interior,MLD2,442.50558
CM33_SPIN,1658,12,interior,MLD2,2601.37523
CM33_SPIN,1659,1,labsea,a_ice,0.27181
CM33_SPIN,1659,2,labsea,a_ice,0.31023
CM33_SPIN,1659,3,labsea,a_ice,0.33706
CM33_SPIN,1659,4,labsea,a_ice,0.31086
CM33_SPIN,1659,5,labsea,a_ice,0.22520
CM33_SPIN,1659,6,labsea,a_ice,0.18041
CM33_SPIN,1659,7,labsea,a_ice,0.07772
CM33_SPIN,1659,8,labsea,a_ice,0.01199
CM33_SPIN,1659,9,labsea,a_ice,0.00005
CM33_SPIN,1659,10,labsea,a_ice,0.00296
CM33_SPIN,1659,11,labsea,a_ice,0.09388
CM33_SPIN,1659,12,labsea,a_ice,0.17117
CM33_SPIN,1659,1,interior,a_ice,0.06383
CM33_SPIN,1659,2,interior,a_ice,0.10364
CM33_SPIN,1659,3,interior,a_ice,0.09023
CM33_SPIN,1659,4,interior,a_ice,0.11478
CM33_SPIN,1659,5,interior,a_ice,0.06717
CM33_SPIN,1659,6,interior,a_ice,0.02435
CM33_SPIN,1659,7,interior,a_ice,0.00442
CM33_SPIN,1659,8,interior,a_ice,0.00000
CM33_SPIN,1659,9,interior,a_ice,0.00000
CM33_SPIN,1659,10,interior,a_ice,0.00000
CM33_SPIN,1659,11,interior,a_ice,0.00285
CM33_SPIN,1659,12,interior,a_ice,0.01029
CM33_SPIN,1659,1,labsea,MLD2,1660.38184
CM33_SPIN,1659,2,labsea,MLD2,1536.11247
CM33_SPIN,1659,3,labsea,MLD2,1444.13971
CM33_SPIN,1659,4,labsea,MLD2,1320.73572
CM33_SPIN,1659,5,labsea,MLD2,719.68659
CM33_SPIN,1659,6,labsea,MLD2,91.15554
CM33_SPIN,1659,7,labsea,MLD2,12.86325
CM33_SPIN,1659,8,labsea,MLD2,17.34342
CM33_SPIN,1659,9,labsea,MLD2,27.05103
CM33_SPIN,1659,10,labsea,MLD2,35.71031
CM33_SPIN,1659,11,labsea,MLD2,763.37877
CM33_SPIN,1659,12,labsea,MLD2,1546.52011
CM33_SPIN,1659,1,interior,MLD2,2610.70390
CM33_SPIN,1659,2,interior,MLD2,2365.38459
CM33_SPIN,1659,3,interior,MLD2,2373.24202
CM33_SPIN,1659,4,interior,MLD2,2020.99604
CM33_SPIN,1659,5,interior,MLD2,1684.44465
CM33_SPIN,1659,6,interior,MLD2,281.81608
CM33_SPIN,1659,7,interior,MLD2,15.15002
CM33_SPIN,1659,8,interior,MLD2,20.98252
CM33_SPIN,1659,9,interior,MLD2,31.69136
CM33_SPIN,1659,10,interior,MLD2,39.53953
CM33_SPIN,1659,11,interior,MLD2,1707.30330
CM33_SPIN,1659,12,interior,MLD2,2646.19360
CM33_SPIN,1660,1,labsea,a_ice,0.21965
CM33_SPIN,1660,2,labsea,a_ice,0.25763
CM33_SPIN,1660,3,labsea,a_ice,0.27463
CM33_SPIN,1660,4,labsea,a_ice,0.21286
CM33_SPIN,1660,5,labsea,a_ice,0.17723
CM33_SPIN,1660,6,labsea,a_ice,0.11742
CM33_SPIN,1660,7,labsea,a_ice,0.03646
CM33_SPIN,1660,8,labsea,a_ice,0.00942
CM33_SPIN,1660,9,labsea,a_ice,0.00483
CM33_SPIN,1660,10,labsea,a_ice,0.01902
CM33_SPIN,1660,11,labsea,a_ice,0.06857
CM33_SPIN,1660,12,labsea,a_ice,0.16035
CM33_SPIN,1660,1,interior,a_ice,0.04580
CM33_SPIN,1660,2,interior,a_ice,0.05131
CM33_SPIN,1660,3,interior,a_ice,0.04423
CM33_SPIN,1660,4,interior,a_ice,0.04162
CM33_SPIN,1660,5,interior,a_ice,0.04736
CM33_SPIN,1660,6,interior,a_ice,0.01635
CM33_SPIN,1660,7,interior,a_ice,0.00103
CM33_SPIN,1660,8,interior,a_ice,0.00000
CM33_SPIN,1660,9,interior,a_ice,0.00000
CM33_SPIN,1660,10,interior,a_ice,0.00000
CM33_SPIN,1660,11,interior,a_ice,0.00402
CM33_SPIN,1660,12,interior,a_ice,0.02637
CM33_SPIN,1660,1,labsea,MLD2,1588.11492
CM33_SPIN,1660,2,labsea,MLD2,1577.86147
CM33_SPIN,1660,3,labsea,MLD2,1617.88099
CM33_SPIN,1660,4,labsea,MLD2,1567.87605
CM33_SPIN,1660,5,labsea,MLD2,841.38043
CM33_SPIN,1660,6,labsea,MLD2,36.79728
CM33_SPIN,1660,7,labsea,MLD2,12.27561
CM33_SPIN,1660,8,labsea,MLD2,15.83311
CM33_SPIN,1660,9,labsea,MLD2,25.45581
CM33_SPIN,1660,10,labsea,MLD2,75.61817
CM33_SPIN,1660,11,labsea,MLD2,530.24982
CM33_SPIN,1660,12,labsea,MLD2,1386.69431
CM33_SPIN,1660,1,interior,MLD2,2560.67313
CM33_SPIN,1660,2,interior,MLD2,2546.59461
CM33_SPIN,1660,3,interior,MLD2,2611.63527
CM33_SPIN,1660,4,interior,MLD2,2560.99489
CM33_SPIN,1660,5,interior,MLD2,1957.65469
CM33_SPIN,1660,6,interior,MLD2,86.29733
CM33_SPIN,1660,7,interior,MLD2,13.55878
CM33_SPIN,1660,8,interior,MLD2,17.42952
CM33_SPIN,1660,9,interior,MLD2,28.37885
CM33_SPIN,1660,10,interior,MLD2,143.33425
CM33_SPIN,1660,11,interior,MLD2,1328.98059
CM33_SPIN,1660,12,interior,MLD2,2405.07414
CM33_SPIN,1661,1,labsea,a_ice,0.21104
CM33_SPIN,1661,2,labsea,a_ice,0.26024
CM33_SPIN,1661,3,labsea,a_ice,0.28839
CM33_SPIN,1661,4,labsea,a_ice,0.29027
CM33_SPIN,1661,5,labsea,a_ice,0.22616
CM33_SPIN,1661,6,labsea,a_ice,0.11182
CM33_SPIN,1661,7,labsea,a_ice,0.04664
CM33_SPIN,1661,8,labsea,a_ice,0.01098
CM33_SPIN,1661,9,labsea,a_ice,0.00112
CM33_SPIN,1661,10,labsea,a_ice,0.00319
CM33_SPIN,1661,11,labsea,a_ice,0.06216
CM33_SPIN,1661,12,labsea,a_ice,0.15485
CM33_SPIN,1661,1,interior,a_ice,0.04537
CM33_SPIN,1661,2,interior,a_ice,0.07915
CM33_SPIN,1661,3,interior,a_ice,0.07767
CM33_SPIN,1661,4,interior,a_ice,0.10244
CM33_SPIN,1661,5,interior,a_ice,0.08007
CM33_SPIN,1661,6,interior,a_ice,0.03333
CM33_SPIN,1661,7,interior,a_ice,0.00018
CM33_SPIN,1661,8,interior,a_ice,0.00000
CM33_SPIN,1661,9,interior,a_ice,0.00000
CM33_SPIN,1661,10,interior,a_ice,0.00000
CM33_SPIN,1661,11,interior,a_ice,0.00214
CM33_SPIN,1661,12,interior,a_ice,0.01936
CM33_SPIN,1661,1,labsea,MLD2,1619.82249
CM33_SPIN,1661,2,labsea,MLD2,1517.21680
CM33_SPIN,1661,3,labsea,MLD2,1432.79144
CM33_SPIN,1661,4,labsea,MLD2,1341.16446
CM33_SPIN,1661,5,labsea,MLD2,870.20326
CM33_SPIN,1661,6,labsea,MLD2,154.26231
CM33_SPIN,1661,7,labsea,MLD2,14.73461
CM33_SPIN,1661,8,labsea,MLD2,18.05272
CM33_SPIN,1661,9,labsea,MLD2,25.77628
CM33_SPIN,1661,10,labsea,MLD2,35.18082
CM33_SPIN,1661,11,labsea,MLD2,328.36052
CM33_SPIN,1661,12,labsea,MLD2,1209.20464
CM33_SPIN,1661,1,interior,MLD2,2573.58834
CM33_SPIN,1661,2,interior,MLD2,2438.06837
CM33_SPIN,1661,3,interior,MLD2,2376.36163
CM33_SPIN,1661,4,interior,MLD2,2022.33333
CM33_SPIN,1661,5,interior,MLD2,1465.64639
CM33_SPIN,1661,6,interior,MLD2,304.64410
CM33_SPIN,1661,7,interior,MLD2,15.72258
CM33_SPIN,1661,8,interior,MLD2,20.67866
CM33_SPIN,1661,9,interior,MLD2,29.64739
CM33_SPIN,1661,10,interior,MLD2,43.89704
CM33_SPIN,1661,11,interior,MLD2,825.23562
CM33_SPIN,1661,12,interior,MLD2,2353.39079
CM33_SPIN,1662,1,labsea,a_ice,0.26410
CM33_SPIN,1662,2,labsea,a_ice,0.28206
CM33_SPIN,1662,3,labsea,a_ice,0.27726
CM33_SPIN,1662,4,labsea,a_ice,0.27504
CM33_SPIN,1662,5,labsea,a_ice,0.24812
CM33_SPIN,1662,6,labsea,a_ice,0.17522
CM33_SPIN,1662,7,labsea,a_ice,0.07507
CM33_SPIN,1662,8,labsea,a_ice,0.01560
CM33_SPIN,1662,9,labsea,a_ice,0.00071
CM33_SPIN,1662,10,labsea,a_ice,0.00595
CM33_SPIN,1662,11,labsea,a_ice,0.04129
CM33_SPIN,1662,12,labsea,a_ice,0.13822
CM33_SPIN,1662,1,interior,a_ice,0.04813
CM33_SPIN,1662,2,interior,a_ice,0.03883
CM33_SPIN,1662,3,interior,a_ice,0.06278
CM33_SPIN,1662,4,interior,a_ice,0.10310
CM33_SPIN,1662,5,interior,a_ice,0.07334
CM33_SPIN,1662,6,interior,a_ice,0.04302
CM33_SPIN,1662,7,interior,a_ice,0.00753
CM33_SPIN,1662,8,interior,a_ice,0.00000
CM33_SPIN,1662,9,interior,a_ice,0.00000
CM33_SPIN,1662,10,interior,a_ice,0.00000
CM33_SPIN,1662,11,interior,a_ice,0.00099
CM33_SPIN,1662,12,interior,a_ice,0.01715
CM33_SPIN,1662,1,labsea,MLD2,1542.46631
CM33_SPIN,1662,2,labsea,MLD2,1592.81525
CM33_SPIN,1662,3,labsea,MLD2,1505.01108
CM33_SPIN,1662,4,labsea,MLD2,1444.49959
CM33_SPIN,1662,5,labsea,MLD2,953.89117
CM33_SPIN,1662,6,labsea,MLD2,152.20625
CM33_SPIN,1662,7,labsea,MLD2,13.77188
CM33_SPIN,1662,8,labsea,MLD2,13.63858
CM33_SPIN,1662,9,labsea,MLD2,23.01687
CM33_SPIN,1662,10,labsea,MLD2,63.86841
CM33_SPIN,1662,11,labsea,MLD2,563.42796
CM33_SPIN,1662,12,labsea,MLD2,1517.70863
CM33_SPIN,1662,1,interior,MLD2,2518.45359
CM33_SPIN,1662,2,interior,MLD2,2543.21715
CM33_SPIN,1662,3,interior,MLD2,2323.67896
CM33_SPIN,1662,4,interior,MLD2,2184.94188
CM33_SPIN,1662,5,interior,MLD2,1751.44501
CM33_SPIN,1662,6,interior,MLD2,486.35936
CM33_SPIN,1662,7,interior,MLD2,16.87471
CM33_SPIN,1662,8,interior,MLD2,15.42488
CM33_SPIN,1662,9,interior,MLD2,23.40678
CM33_SPIN,1662,10,interior,MLD2,113.50883
CM33_SPIN,1662,11,interior,MLD2,1422.73530
CM33_SPIN,1662,12,interior,MLD2,2591.48723
CM33_SPIN,1663,1,labsea,a_ice,0.20792
CM33_SPIN,1663,2,labsea,a_ice,0.30995
CM33_SPIN,1663,3,labsea,a_ice,0.38799
CM33_SPIN,1663,4,labsea,a_ice,0.35038
CM33_SPIN,1663,5,labsea,a_ice,0.25053
CM33_SPIN,1663,6,labsea,a_ice,0.13456
CM33_SPIN,1663,7,labsea,a_ice,0.02947
CM33_SPIN,1663,8,labsea,a_ice,0.00267
CM33_SPIN,1663,9,labsea,a_ice,0.00030
CM33_SPIN,1663,10,labsea,a_ice,0.01022
CM33_SPIN,1663,11,labsea,a_ice,0.11014
CM33_SPIN,1663,12,labsea,a_ice,0.16503
CM33_SPIN,1663,1,interior,a_ice,0.03413
CM33_SPIN,1663,2,interior,a_ice,0.08211
CM33_SPIN,1663,3,interior,a_ice,0.28578
CM33_SPIN,1663,4,interior,a_ice,0.20763
CM33_SPIN,1663,5,interior,a_ice,0.07820
CM33_SPIN,1663,6,interior,a_ice,0.02769
CM33_SPIN,1663,7,interior,a_ice,0.00643
CM33_SPIN,1663,8,interior,a_ice,0.00000
CM33_SPIN,1663,9,interior,a_ice,0.00000
CM33_SPIN,1663,10,interior,a_ice,0.00000
CM33_SPIN,1663,11,interior,a_ice,0.00649
CM33_SPIN,1663,12,interior,a_ice,0.03083
CM33_SPIN,1663,1,labsea,MLD2,1612.67519
CM33_SPIN,1663,2,labsea,MLD2,1520.41102
CM33_SPIN,1663,3,labsea,MLD2,1176.52795
CM33_SPIN,1663,4,labsea,MLD2,1015.60817
CM33_SPIN,1663,5,labsea,MLD2,515.63451
CM33_SPIN,1663,6,labsea,MLD2,15.54800
CM33_SPIN,1663,7,labsea,MLD2,14.88605
CM33_SPIN,1663,8,labsea,MLD2,17.41962
CM33_SPIN,1663,9,labsea,MLD2,19.85103
CM33_SPIN,1663,10,labsea,MLD2,71.20167
CM33_SPIN,1663,11,labsea,MLD2,990.18174
CM33_SPIN,1663,12,labsea,MLD2,1633.45475
CM33_SPIN,1663,1,interior,MLD2,2598.79282
CM33_SPIN,1663,2,interior,MLD2,2428.42938
CM33_SPIN,1663,3,interior,MLD2,1699.15568
CM33_SPIN,1663,4,interior,MLD2,1585.61706
CM33_SPIN,1663,5,interior,MLD2,886.73379
CM33_SPIN,1663,6,interior,MLD2,17.57742
CM33_SPIN,1663,7,interior,MLD2,17.81892
CM33_SPIN,1663,8,interior,MLD2,20.48438
CM33_SPIN,1663,9,interior,MLD2,22.18364
CM33_SPIN,1663,10,interior,MLD2,164.91931
CM33_SPIN,1663,11,interior,MLD2,2088.67949
CM33_SPIN,1663,12,interior,MLD2,2648.39290
CM33_SPIN,1664,1,labsea,a_ice,0.22134
CM33_SPIN,1664,2,labsea,a_ice,0.29480
CM33_SPIN,1664,3,labsea,a_ice,0.34453
CM33_SPIN,1664,4,labsea,a_ice,0.29539
CM33_SPIN,1664,5,labsea,a_ice,0.25914
CM33_SPIN,1664,6,labsea,a_ice,0.15372
CM33_SPIN,1664,7,labsea,a_ice,0.03366
CM33_SPIN,1664,8,labsea,a_ice,0.00231
CM33_SPIN,1664,9,labsea,a_ice,0.00002
CM33_SPIN,1664,10,labsea,a_ice,0.00549
CM33_SPIN,1664,11,labsea,a_ice,0.10473
CM33_SPIN,1664,12,labsea,a_ice,0.19128
CM33_SPIN,1664,1,interior,a_ice,0.04297
CM33_SPIN,1664,2,interior,a_ice,0.10180
CM33_SPIN,1664,3,interior,a_ice,0.22708
CM33_SPIN,1664,4,interior,a_ice,0.09721
CM33_SPIN,1664,5,interior,a_ice,0.10705
CM33_SPIN,1664,6,interior,a_ice,0.05014
CM33_SPIN,1664,7,interior,a_ice,0.00267
CM33_SPIN,1664,8,interior,a_ice,0.00000
CM33_SPIN,1664,9,interior,a_ice,0.00000
CM33_SPIN,1664,10,interior,a_ice,0.00000
CM33_SPIN,1664,11,interior,a_ice,0.00614
CM33_SPIN,1664,12,interior,a_ice,0.04529
CM33_SPIN,1664,1,labsea,MLD2,1660.54656
CM33_SPIN,1664,2,labsea,MLD2,1506.06759
CM33_SPIN,1664,3,labsea,MLD2,1348.80033
CM33_SPIN,1664,4,labsea,MLD2,1422.85278
CM33_SPIN,1664,5,labsea,MLD2,1222.70988
CM33_SPIN,1664,6,labsea,MLD2,108.96189
CM33_SPIN,1664,7,labsea,MLD2,13.33463
CM33_SPIN,1664,8,labsea,MLD2,16.25680
CM33_SPIN,1664,9,labsea,MLD2,21.66381
CM33_SPIN,1664,10,labsea,MLD2,41.85075
CM33_SPIN,1664,11,labsea,MLD2,1250.42639
CM33_SPIN,1664,12,labsea,MLD2,1667.63665
CM33_SPIN,1664,1,interior,MLD2,2571.75568
CM33_SPIN,1664,2,interior,MLD2,2411.68908
CM33_SPIN,1664,3,interior,MLD2,1966.18684
CM33_SPIN,1664,4,interior,MLD2,2150.64437
CM33_SPIN,1664,5,interior,MLD2,2065.58582
CM33_SPIN,1664,6,interior,MLD2,305.85778
CM33_SPIN,1664,7,interior,MLD2,15.59172
CM33_SPIN,1664,8,interior,MLD2,18.79103
CM33_SPIN,1664,9,interior,MLD2,23.90733
CM33_SPIN,1664,10,interior,MLD2,46.44433
CM33_SPIN,1664,11,interior,MLD2,2278.64044
CM33_SPIN,1664,12,interior,MLD2,2653.98388
CM33_SPIN,1665,1,labsea,a_ice,0.19764
CM33_SPIN,1665,2,labsea,a_ice,0.27854
CM33_SPIN,1665,3,labsea,a_ice,0.26669
CM33_SPIN,1665,4,labsea,a_ice,0.19613
CM33_SPIN,1665,5,labsea,a_ice,0.17726
CM33_SPIN,1665,6,labsea,a_ice,0.12188
CM33_SPIN,1665,7,labsea,a_ice,0.03491
CM33_SPIN,1665,8,labsea,a_ice,0.00649
CM33_SPIN,1665,9,labsea,a_ice,0.00047
CM33_SPIN,1665,10,labsea,a_ice,0.00066
CM33_SPIN,1665,11,labsea,a_ice,0.01626
CM33_SPIN,1665,12,labsea,a_ice,0.14957
CM33_SPIN,1665,1,interior,a_ice,0.03585
CM33_SPIN,1665,2,interior,a_ice,0.12447
CM33_SPIN,1665,3,interior,a_ice,0.07670
CM33_SPIN,1665,4,interior,a_ice,0.03256
CM33_SPIN,1665,5,interior,a_ice,0.03318
CM33_SPIN,1665,6,interior,a_ice,0.02204
CM33_SPIN,1665,7,interior,a_ice,0.00678
CM33_SPIN,1665,8,interior,a_ice,0.00000
CM33_SPIN,1665,9,interior,a_ice,0.00000
CM33_SPIN,1665,10,interior,a_ice,0.00000
CM33_SPIN,1665,11,interior,a_ice,0.00027
CM33_SPIN,1665,12,interior,a_ice,0.01818
CM33_SPIN,1665,1,labsea,MLD2,1776.55218
CM33_SPIN,1665,2,labsea,MLD2,1686.99076
CM33_SPIN,1665,3,labsea,MLD2,1583.95819
CM33_SPIN,1665,4,labsea,MLD2,1540.57863
CM33_SPIN,1665,5,labsea,MLD2,1145.85581
CM33_SPIN,1665,6,labsea,MLD2,83.11074
CM33_SPIN,1665,7,labsea,MLD2,13.91503
CM33_SPIN,1665,8,labsea,MLD2,15.90778
CM33_SPIN,1665,9,labsea,MLD2,22.70229
CM33_SPIN,1665,10,labsea,MLD2,38.29823
CM33_SPIN,1665,11,labsea,MLD2,460.89400
CM33_SPIN,1665,12,labsea,MLD2,1628.13936
CM33_SPIN,1665,1,interior,MLD2,2681.57614
CM33_SPIN,1665,2,interior,MLD2,2495.05107
CM33_SPIN,1665,3,interior,MLD2,2443.28728
CM33_SPIN,1665,4,interior,MLD2,2464.60768
CM33_SPIN,1665,5,interior,MLD2,1730.22998
CM33_SPIN,1665,6,interior,MLD2,123.04125
CM33_SPIN,1665,7,interior,MLD2,16.77475
CM33_SPIN,1665,8,interior,MLD2,17.97841
CM33_SPIN,1665,9,interior,MLD2,23.51910
CM33_SPIN,1665,10,interior,MLD2,37.34482
CM33_SPIN,1665,11,interior,MLD2,982.65365
CM33_SPIN,1665,12,interior,MLD2,2659.10309
CM33_SPIN,1666,1,labsea,a_ice,0.17593
CM33_SPIN,1666,2,labsea,a_ice,0.23397
CM33_SPIN,1666,3,labsea,a_ice,0.26712
CM33_SPIN,1666,4,labsea,a_ice,0.25482
CM33_SPIN,1666,5,labsea,a_ice,0.21718
CM33_SPIN,1666,6,labsea,a_ice,0.13387
CM33_SPIN,1666,7,labsea,a_ice,0.04737
CM33_SPIN,1666,8,labsea,a_ice,0.01224
CM33_SPIN,1666,9,labsea,a_ice,0.00161
CM33_SPIN,1666,10,labsea,a_ice,0.00121
CM33_SPIN,1666,11,labsea,a_ice,0.05848
CM33_SPIN,1666,12,labsea,a_ice,0.20582
CM33_SPIN,1666,1,interior,a_ice,0.03816
CM33_SPIN,1666,2,interior,a_ice,0.04831
CM33_SPIN,1666,3,interior,a_ice,0.04966
CM33_SPIN,1666,4,interior,a_ice,0.07588
CM33_SPIN,1666,5,interior,a_ice,0.03438
CM33_SPIN,1666,6,interior,a_ice,0.01138
CM33_SPIN,1666,7,interior,a_ice,0.00024
CM33_SPIN,1666,8,interior,a_ice,0.00000
CM33_SPIN,1666,9,interior,a_ice,0.00000
CM33_SPIN,1666,10,interior,a_ice,0.00000
CM33_SPIN,1666,11,interior,a_ice,0.00264
CM33_SPIN,1666,12,interior,a_ice,0.06589
CM33_SPIN,1666,1,labsea,MLD2,1744.93425
CM33_SPIN,1666,2,labsea,MLD2,1754.44896
CM33_SPIN,1666,3,labsea,MLD2,1630.38265
CM33_SPIN,1666,4,labsea,MLD2,1480.10527
CM33_SPIN,1666,5,labsea,MLD2,950.76670
CM33_SPIN,1666,6,labsea,MLD2,29.42486
CM33_SPIN,1666,7,labsea,MLD2,18.08953
CM33_SPIN,1666,8,labsea,MLD2,19.84047
CM33_SPIN,1666,9,labsea,MLD2,22.24424
CM33_SPIN,1666,10,labsea,MLD2,33.53706
CM33_SPIN,1666,11,labsea,MLD2,672.67886
CM33_SPIN,1666,12,labsea,MLD2,1611.75834
CM33_SPIN,1666,1,interior,MLD2,2669.87988
CM33_SPIN,1666,2,interior,MLD2,2663.67778
CM33_SPIN,1666,3,interior,MLD2,2600.25704
CM33_SPIN,1666,4,interior,MLD2,2383.90698
CM33_SPIN,1666,5,interior,MLD2,1773.90521
CM33_SPIN,1666,6,interior,MLD2,53.98807
CM33_SPIN,1666,7,interior,MLD2,20.98375
CM33_SPIN,1666,8,interior,MLD2,24.67355
CM33_SPIN,1666,9,interior,MLD2,26.69632
CM33_SPIN,1666,10,interior,MLD2,36.96874
CM33_SPIN,1666,11,interior,MLD2,1429.59397
CM33_SPIN,1666,12,interior,MLD2,2535.25644
CM33_SPIN,1667,1,labsea,a_ice,0.26715
CM33_SPIN,1667,2,labsea,a_ice,0.34873
CM33_SPIN,1667,3,labsea,a_ice,0.36140
CM33_SPIN,1667,4,labsea,a_ice,0.39726
CM33_SPIN,1667,5,labsea,a_ice,0.26226
CM33_SPIN,1667,6,labsea,a_ice,0.10390
CM33_SPIN,1667,7,labsea,a_ice,0.03966
CM33_SPIN,1667,8,labsea,a_ice,0.00786
CM33_SPIN,1667,9,labsea,a_ice,0.00043
CM33_SPIN,1667,10,labsea,a_ice,0.01781
CM33_SPIN,1667,11,labsea,a_ice,0.17458
CM33_SPIN,1667,12,labsea,a_ice,0.31190
CM33_SPIN,1667,1,interior,a_ice,0.06532
CM33_SPIN,1667,2,interior,a_ice,0.12616
CM33_SPIN,1667,3,interior,a_ice,0.19846
CM33_SPIN,1667,4,interior,a_ice,0.24836
CM33_SPIN,1667,5,interior,a_ice,0.10188
CM33_SPIN,1667,6,interior,a_ice,0.00792
CM33_SPIN,1667,7,interior,a_ice,0.00000
CM33_SPIN,1667,8,interior,a_ice,0.00000
CM33_SPIN,1667,9,interior,a_ice,0.00000
CM33_SPIN,1667,10,interior,a_ice,0.00000
CM33_SPIN,1667,11,interior,a_ice,0.03603
CM33_SPIN,1667,12,interior,a_ice,0.11730
CM33_SPIN,1667,1,labsea,MLD2,1663.05902
CM33_SPIN,1667,2,labsea,MLD2,1574.80210
CM33_SPIN,1667,3,labsea,MLD2,1382.22216
CM33_SPIN,1667,4,labsea,MLD2,1077.02831
CM33_SPIN,1667,5,labsea,MLD2,324.65348
CM33_SPIN,1667,6,labsea,MLD2,11.50519
CM33_SPIN,1667,7,labsea,MLD2,13.27480
CM33_SPIN,1667,8,labsea,MLD2,14.65906
CM33_SPIN,1667,9,labsea,MLD2,20.29411
CM33_SPIN,1667,10,labsea,MLD2,29.92427
CM33_SPIN,1667,11,labsea,MLD2,556.41327
CM33_SPIN,1667,12,labsea,MLD2,1400.69562
CM33_SPIN,1667,1,interior,MLD2,2621.50425
CM33_SPIN,1667,2,interior,MLD2,2472.87873
CM33_SPIN,1667,3,interior,MLD2,2145.47279
CM33_SPIN,1667,4,interior,MLD2,1526.54002
CM33_SPIN,1667,5,interior,MLD2,466.08989
CM33_SPIN,1667,6,interior,MLD2,12.44564
CM33_SPIN,1667,7,interior,MLD2,14.38270
CM33_SPIN,1667,8,interior,MLD2,16.15341
CM33_SPIN,1667,9,interior,MLD2,23.16728
CM33_SPIN,1667,10,interior,MLD2,33.40186
CM33_SPIN,1667,11,interior,MLD2,1172.49815
CM33_SPIN,1667,12,interior,MLD2,2335.44690
CM33_SPIN,1668,1,labsea,a_ice,0.39680
CM33_SPIN,1668,2,labsea,a_ice,0.52225
CM33_SPIN,1668,3,labsea,a_ice,0.59635
CM33_SPIN,1668,4,labsea,a_ice,0.52102
CM33_SPIN,1668,5,labsea,a_ice,0.33296
CM33_SPIN,1668,6,labsea,a_ice,0.22704
CM33_SPIN,1668,7,labsea,a_ice,0.07860
CM33_SPIN,1668,8,labsea,a_ice,0.02757
CM33_SPIN,1668,9,labsea,a_ice,0.01580
CM33_SPIN,1668,10,labsea,a_ice,0.02453
CM33_SPIN,1668,11,labsea,a_ice,0.11133
CM33_SPIN,1668,12,labsea,a_ice,0.22981
CM33_SPIN,1668,1,interior,a_ice,0.19186
CM33_SPIN,1668,2,interior,a_ice,0.48514
CM33_SPIN,1668,3,interior,a_ice,0.67776
CM33_SPIN,1668,4,interior,a_ice,0.58739
CM33_SPIN,1668,5,interior,a_ice,0.21465
CM33_SPIN,1668,6,interior,a_ice,0.04917
CM33_SPIN,1668,7,interior,a_ice,0.01628
CM33_SPIN,1668,8,interior,a_ice,0.00067
CM33_SPIN,1668,9,interior,a_ice,0.00001
CM33_SPIN,1668,10,interior,a_ice,0.00130
CM33_SPIN,1668,11,interior,a_ice,0.00527
CM33_SPIN,1668,12,interior,a_ice,0.04382
CM33_SPIN,1668,1,labsea,MLD2,1268.82059
CM33_SPIN,1668,2,labsea,MLD2,883.24079
CM33_SPIN,1668,3,labsea,MLD2,798.69772
CM33_SPIN,1668,4,labsea,MLD2,552.92831
CM33_SPIN,1668,5,labsea,MLD2,486.30367
CM33_SPIN,1668,6,labsea,MLD2,37.35375
CM33_SPIN,1668,7,labsea,MLD2,13.37548
CM33_SPIN,1668,8,labsea,MLD2,11.89844
CM33_SPIN,1668,9,labsea,MLD2,18.70273
CM33_SPIN,1668,10,labsea,MLD2,30.87853
CM33_SPIN,1668,11,labsea,MLD2,214.54136
CM33_SPIN,1668,12,labsea,MLD2,1279.04777
CM33_SPIN,1668,1,interior,MLD2,2055.60961
CM33_SPIN,1668,2,interior,MLD2,1090.66127
CM33_SPIN,1668,3,interior,MLD2,653.19139
CM33_SPIN,1668,4,interior,MLD2,178.88891
CM33_SPIN,1668,5,interior,MLD2,45.82724
CM33_SPIN,1668,6,interior,MLD2,16.47802
CM33_SPIN,1668,7,interior,MLD2,15.64566
CM33_SPIN,1668,8,interior,MLD2,12.28500
CM33_SPIN,1668,9,interior,MLD2,19.65353
CM33_SPIN,1668,10,interior,MLD2,30.36352
CM33_SPIN,1668,11,interior,MLD2,308.91851
CM33_SPIN,1668,12,interior,MLD2,2021.28241
CM33_SPIN,1669,1,labsea,a_ice,0.32598
CM33_SPIN,1669,2,labsea,a_ice,0.31463
CM33_SPIN,1669,3,labsea,a_ice,0.32155
CM33_SPIN,1669,4,labsea,a_ice,0.30184
CM33_SPIN,1669,5,labsea,a_ice,0.25614
CM33_SPIN,1669,6,labsea,a_ice,0.13024
CM33_SPIN,1669,7,labsea,a_ice,0.02810
CM33_SPIN,1669,8,labsea,a_ice,0.00003
CM33_SPIN,1669,9,labsea,a_ice,0.00000
CM33_SPIN,1669,10,labsea,a_ice,0.00003
CM33_SPIN,1669,11,labsea,a_ice,0.01671
CM33_SPIN,1669,12,labsea,a_ice,0.10761
CM33_SPIN,1669,1,interior,a_ice,0.13017
CM33_SPIN,1669,2,interior,a_ice,0.12906
CM33_SPIN,1669,3,interior,a_ice,0.11123
CM33_SPIN,1669,4,interior,a_ice,0.08069
CM33_SPIN,1669,5,interior,a_ice,0.08851
CM33_SPIN,1669,6,interior,a_ice,0.05677
CM33_SPIN,1669,7,interior,a_ice,0.00030
CM33_SPIN,1669,8,interior,a_ice,0.00000
CM33_SPIN,1669,9,interior,a_ice,0.00000
CM33_SPIN,1669,10,interior,a_ice,0.00000
CM33_SPIN,1669,11,interior,a_ice,0.00007
CM33_SPIN,1669,12,interior,a_ice,0.00839
CM33_SPIN,1669,1,labsea,MLD2,1576.02601
CM33_SPIN,1669,2,labsea,MLD2,1571.45096
CM33_SPIN,1669,3,labsea,MLD2,1469.38645
CM33_SPIN,1669,4,labsea,MLD2,1158.37416
CM33_SPIN,1669,5,labsea,MLD2,586.78905
CM33_SPIN,1669,6,labsea,MLD2,17.61376
CM33_SPIN,1669,7,labsea,MLD2,12.57924
CM33_SPIN,1669,8,labsea,MLD2,12.96255
CM33_SPIN,1669,9,labsea,MLD2,23.49414
CM33_SPIN,1669,10,labsea,MLD2,41.59498
CM33_SPIN,1669,11,labsea,MLD2,167.12627
CM33_SPIN,1669,12,labsea,MLD2,1425.63398
CM33_SPIN,1669,1,interior,MLD2,2425.38215
CM33_SPIN,1669,2,interior,MLD2,2441.99683
CM33_SPIN,1669,3,interior,MLD2,2332.71245
CM33_SPIN,1669,4,interior,MLD2,1843.01143
CM33_SPIN,1669,5,interior,MLD2,904.91369
CM33_SPIN,1669,6,interior,MLD2,23.34768
CM33_SPIN,1669,7,interior,MLD2,12.94969
CM33_SPIN,1669,8,interior,MLD2,13.61478
CM33_SPIN,1669,9,interior,MLD2,24.89883
CM33_SPIN,1669,10,interior,MLD2,41.11389
CM33_SPIN,1669,11,interior,MLD2,300.63207
CM33_SPIN,1669,12,interior,MLD2,2428.94868
CM33_SPIN,1670,1,labsea,a_ice,0.17603
CM33_SPIN,1670,2,labsea,a_ice,0.19507
CM33_SPIN,1670,3,labsea,a_ice,0.21884
CM33_SPIN,1670,4,labsea,a_ice,0.17409
CM33_SPIN,1670,5,labsea,a_ice,0.15271
CM33_SPIN,1670,6,labsea,a_ice,0.09238
CM33_SPIN,1670,7,labsea,a_ice,0.03563
CM33_SPIN,1670,8,labsea,a_ice,0.00820
CM33_SPIN,1670,9,labsea,a_ice,0.00088
CM33_SPIN,1670,10,labsea,a_ice,0.00186
CM33_SPIN,1670,11,labsea,a_ice,0.04606
CM33_SPIN,1670,12,labsea,a_ice,0.15063
CM33_SPIN,1670,1,interior,a_ice,0.03008
CM33_SPIN,1670,2,interior,a_ice,0.04841
CM33_SPIN,1670,3,interior,a_ice,0.03535
CM33_SPIN,1670,4,interior,a_ice,0.03717
CM33_SPIN,1670,5,interior,a_ice,0.01850
CM33_SPIN,1670,6,interior,a_ice,0.01525
CM33_SPIN,1670,7,interior,a_ice,0.00002
CM33_SPIN,1670,8,interior,a_ice,0.00000
CM33_SPIN,1670,9,interior,a_ice,0.00000
CM33_SPIN,1670,10,interior,a_ice,0.00000
CM33_SPIN,1670,11,interior,a_ice,0.00087
CM33_SPIN,1670,12,interior,a_ice,0.01645
CM33_SPIN,1670,1,labsea,MLD2,1731.93557
CM33_SPIN,1670,2,labsea,MLD2,1744.11189
CM33_SPIN,1670,3,labsea,MLD2,1669.55247
CM33_SPIN,1670,4,labsea,MLD2,1397.77389
CM33_SPIN,1670,5,labsea,MLD2,589.20219
CM33_SPIN,1670,6,labsea,MLD2,33.43024
CM33_SPIN,1670,7,labsea,MLD2,16.65655
CM33_SPIN,1670,8,labsea,MLD2,16.76174
CM33_SPIN,1670,9,labsea,MLD2,22.75994
CM33_SPIN,1670,10,labsea,MLD2,30.88748
CM33_SPIN,1670,11,labsea,MLD2,191.48881
CM33_SPIN,1670,12,labsea,MLD2,1122.05674
CM33_SPIN,1670,1,interior,MLD2,2641.04409
CM33_SPIN,1670,2,interior,MLD2,2638.10365
CM33_SPIN,1670,3,interior,MLD2,2579.59372
CM33_SPIN,1670,4,interior,MLD2,2287.18065
CM33_SPIN,1670,5,interior,MLD2,1464.99641
CM33_SPIN,1670,6,interior,MLD2,39.58661
CM33_SPIN,1670,7,interior,MLD2,20.55543
CM33_SPIN,1670,8,interior,MLD2,19.29457
CM33_SPIN,1670,9,interior,MLD2,27.00944
CM33_SPIN,1670,10,interior,MLD2,37.05390
CM33_SPIN,1670,11,interior,MLD2,468.52462
CM33_SPIN,1670,12,interior,MLD2,2118.03427
CM33_SPIN,1671,1,labsea,a_ice,0.20267
CM33_SPIN,1671,2,labsea,a_ice,0.25731
CM33_SPIN,1671,3,labsea,a_ice,0.28920
CM33_SPIN,1671,4,labsea,a_ice,0.28040
CM33_SPIN,1671,5,labsea,a_ice,0.23856
CM33_SPIN,1671,6,labsea,a_ice,0.15368
CM33_SPIN,1671,7,labsea,a_ice,0.06041
CM33_SPIN,1671,8,labsea,a_ice,0.01333
CM33_SPIN,1671,9,labsea,a_ice,0.00299
CM33_SPIN,1671,10,labsea,a_ice,0.01054
CM33_SPIN,1671,11,labsea,a_ice,0.08638
CM33_SPIN,1671,12,labsea,a_ice,0.20271
CM33_SPIN,1671,1,interior,a_ice,0.03649
CM33_SPIN,1671,2,interior,a_ice,0.07249
CM33_SPIN,1671,3,interior,a_ice,0.09374
CM33_SPIN,1671,4,interior,a_ice,0.07338
CM33_SPIN,1671,5,interior,a_ice,0.07019
CM33_SPIN,1671,6,interior,a_ice,0.01298
CM33_SPIN,1671,7,interior,a_ice,0.00022
CM33_SPIN,1671,8,interior,a_ice,0.00000
CM33_SPIN,1671,9,interior,a_ice,0.00000
CM33_SPIN,1671,10,interior,a_ice,0.00000
CM33_SPIN,1671,11,interior,a_ice,0.00590
CM33_SPIN,1671,12,interior,a_ice,0.05853
CM33_SPIN,1671,1,labsea,MLD2,1684.39020
CM33_SPIN,1671,2,labsea,MLD2,1646.99017
CM33_SPIN,1671,3,labsea,MLD2,1472.95273
CM33_SPIN,1671,4,labsea,MLD2,1286.89823
CM33_SPIN,1671,5,labsea,MLD2,894.24365
CM33_SPIN,1671,6,labsea,MLD2,42.48924
CM33_SPIN,1671,7,labsea,MLD2,14.55469
CM33_SPIN,1671,8,labsea,MLD2,18.77415
CM33_SPIN,1671,9,labsea,MLD2,27.15817
CM33_SPIN,1671,10,labsea,MLD2,53.04798
CM33_SPIN,1671,11,labsea,MLD2,708.15952
CM33_SPIN,1671,12,labsea,MLD2,1620.34313
CM33_SPIN,1671,1,interior,MLD2,2591.98237
CM33_SPIN,1671,2,interior,MLD2,2558.56969
CM33_SPIN,1671,3,interior,MLD2,2289.15273
CM33_SPIN,1671,4,interior,MLD2,1902.41784
CM33_SPIN,1671,5,interior,MLD2,1491.95957
CM33_SPIN,1671,6,interior,MLD2,105.71891
CM33_SPIN,1671,7,interior,MLD2,16.58366
CM33_SPIN,1671,8,interior,MLD2,19.50562
CM33_SPIN,1671,9,interior,MLD2,28.76748
CM33_SPIN,1671,10,interior,MLD2,79.02181
CM33_SPIN,1671,11,interior,MLD2,1681.85661
CM33_SPIN,1671,12,interior,MLD2,2554.75652
CM33_SPIN,1672,1,labsea,a_ice,0.25135
CM33_SPIN,1672,2,labsea,a_ice,0.28115
CM33_SPIN,1672,3,labsea,a_ice,0.28881
CM33_SPIN,1672,4,labsea,a_ice,0.32891
CM33_SPIN,1672,5,labsea,a_ice,0.27580
CM33_SPIN,1672,6,labsea,a_ice,0.14902
CM33_SPIN,1672,7,labsea,a_ice,0.03621
CM33_SPIN,1672,8,labsea,a_ice,0.00003
CM33_SPIN,1672,9,labsea,a_ice,0.00000
CM33_SPIN,1672,10,labsea,a_ice,0.00048
CM33_SPIN,1672,11,labsea,a_ice,0.07099
CM33_SPIN,1672,12,labsea,a_ice,0.15677
CM33_SPIN,1672,1,interior,a_ice,0.08547
CM33_SPIN,1672,2,interior,a_ice,0.06165
CM33_SPIN,1672,3,interior,a_ice,0.08457
CM33_SPIN,1672,4,interior,a_ice,0.16580
CM33_SPIN,1672,5,interior,a_ice,0.09688
CM33_SPIN,1672,6,interior,a_ice,0.04278
CM33_SPIN,1672,7,interior,a_ice,0.01389
CM33_SPIN,1672,8,interior,a_ice,0.00000
CM33_SPIN,1672,9,interior,a_ice,0.00000
CM33_SPIN,1672,10,interior,a_ice,0.00000
CM33_SPIN,1672,11,interior,a_ice,0.00109
CM33_SPIN,1672,12,interior,a_ice,0.01757
CM33_SPIN,1672,1,labsea,MLD2,1619.49800
CM33_SPIN,1672,2,labsea,MLD2,1592.57151
CM33_SPIN,1672,3,labsea,MLD2,1478.53093
CM33_SPIN,1672,4,labsea,MLD2,1258.45680
CM33_SPIN,1672,5,labsea,MLD2,579.80810
CM33_SPIN,1672,6,labsea,MLD2,21.09172
CM33_SPIN,1672,7,labsea,MLD2,13.01803
CM33_SPIN,1672,8,labsea,MLD2,13.51120
CM33_SPIN,1672,9,labsea,MLD2,21.16241
CM33_SPIN,1672,10,labsea,MLD2,39.99666
CM33_SPIN,1672,11,labsea,MLD2,684.52050
CM33_SPIN,1672,12,labsea,MLD2,1635.00374
CM33_SPIN,1672,1,interior,MLD2,2494.12398
CM33_SPIN,1672,2,interior,MLD2,2506.75218
CM33_SPIN,1672,3,interior,MLD2,2249.19766
CM33_SPIN,1672,4,interior,MLD2,1899.56135
CM33_SPIN,1672,5,interior,MLD2,913.10974
CM33_SPIN,1672,6,interior,MLD2,24.59889
CM33_SPIN,1672,7,interior,MLD2,14.63781
CM33_SPIN,1672,8,interior,MLD2,15.38432
CM33_SPIN,1672,9,interior,MLD2,23.77516
CM33_SPIN,1672,10,interior,MLD2,39.29121
CM33_SPIN,1672,11,interior,MLD2,1301.43451
CM33_SPIN,1672,12,interior,MLD2,2627.43373
CM33_SPIN,1673,1,labsea,a_ice,0.21638
CM33_SPIN,1673,2,labsea,a_ice,0.29756
CM33_SPIN,1673,3,labsea,a_ice,0.31106
CM33_SPIN,1673,4,labsea,a_ice,0.29127
CM33_SPIN,1673,5,labsea,a_ice,0.26245
CM33_SPIN,1673,6,labsea,a_ice,0.18093
CM33_SPIN,1673,7,labsea,a_ice,0.08886
CM33_SPIN,1673,8,labsea,a_ice,0.00662
CM33_SPIN,1673,9,labsea,a_ice,0.00050
CM33_SPIN,1673,10,labsea,a_ice,0.00407
CM33_SPIN,1673,11,labsea,a_ice,0.10897
CM33_SPIN,1673,12,labsea,a_ice,0.17243
CM33_SPIN,1673,1,interior,a_ice,0.05257
CM33_SPIN,1673,2,interior,a_ice,0.10800
CM33_SPIN,1673,3,interior,a_ice,0.14399
CM33_SPIN,1673,4,interior,a_ice,0.08995
CM33_SPIN,1673,5,interior,a_ice,0.07122
CM33_SPIN,1673,6,interior,a_ice,0.03387
CM33_SPIN,1673,7,interior,a_ice,0.00798
CM33_SPIN,1673,8,interior,a_ice,0.00009
CM33_SPIN,1673,9,interior,a_ice,0.00000
CM33_SPIN,1673,10,interior,a_ice,0.00000
CM33_SPIN,1673,11,interior,a_ice,0.00986
CM33_SPIN,1673,12,interior,a_ice,0.03328
CM33_SPIN,1673,1,labsea,MLD2,1731.51112
CM33_SPIN,1673,2,labsea,MLD2,1530.03140
CM33_SPIN,1673,3,labsea,MLD2,1516.41623
CM33_SPIN,1673,4,labsea,MLD2,1158.79942
CM33_SPIN,1673,5,labsea,MLD2,745.76556
CM33_SPIN,1673,6,labsea,MLD2,32.23532
CM33_SPIN,1673,7,labsea,MLD2,13.99662
CM33_SPIN,1673,8,labsea,MLD2,14.51356
CM33_SPIN,1673,9,labsea,MLD2,23.40795
CM33_SPIN,1673,10,labsea,MLD2,41.27536
CM33_SPIN,1673,11,labsea,MLD2,799.34807
CM33_SPIN,1673,12,labsea,MLD2,1709.85780
CM33_SPIN,1673,1,interior,MLD2,2612.40283
CM33_SPIN,1673,2,interior,MLD2,2347.54481
CM33_SPIN,1673,3,interior,MLD2,2320.99017
CM33_SPIN,1673,4,interior,MLD2,1801.00334
CM33_SPIN,1673,5,interior,MLD2,1282.74899
CM33_SPIN,1673,6,interior,MLD2,66.14871
CM33_SPIN,1673,7,interior,MLD2,16.21523
CM33_SPIN,1673,8,interior,MLD2,17.47101
CM33_SPIN,1673,9,interior,MLD2,27.11853
CM33_SPIN,1673,10,interior,MLD2,46.20558
CM33_SPIN,1673,11,interior,MLD2,1607.23053
CM33_SPIN,1673,12,interior,MLD2,2663.69921
CM33_SPIN,1674,1,labsea,a_ice,0.23394
CM33_SPIN,1674,2,labsea,a_ice,0.26918
CM33_SPIN,1674,3,labsea,a_ice,0.28539
CM33_SPIN,1674,4,labsea,a_ice,0.32329
CM33_SPIN,1674,5,labsea,a_ice,0.28350
CM33_SPIN,1674,6,labsea,a_ice,0.14759
CM33_SPIN,1674,7,labsea,a_ice,0.03336
CM33_SPIN,1674,8,labsea,a_ice,0.00088
CM33_SPIN,1674,9,labsea,a_ice,0.00000
CM33_SPIN,1674,10,labsea,a_ice,0.02000
CM33_SPIN,1674,11,labsea,a_ice,0.10679
CM33_SPIN,1674,12,labsea,a_ice,0.19167
CM33_SPIN,1674,1,interior,a_ice,0.07700
CM33_SPIN,1674,2,interior,a_ice,0.08996
CM33_SPIN,1674,3,interior,a_ice,0.07658
CM33_SPIN,1674,4,interior,a_ice,0.10729
CM33_SPIN,1674,5,interior,a_ice,0.08072
CM33_SPIN,1674,6,interior,a_ice,0.02994
CM33_SPIN,1674,7,interior,a_ice,0.00335
CM33_SPIN,1674,8,interior,a_ice,0.00000
CM33_SPIN,1674,9,interior,a_ice,0.00000
CM33_SPIN,1674,10,interior,a_ice,0.00000
CM33_SPIN,1674,11,interior,a_ice,0.01081
CM33_SPIN,1674,12,interior,a_ice,0.04348
CM33_SPIN,1674,1,labsea,MLD2,1770.06453
CM33_SPIN,1674,2,labsea,MLD2,1635.79047
CM33_SPIN,1674,3,labsea,MLD2,1553.55551
CM33_SPIN,1674,4,labsea,MLD2,1475.19063
CM33_SPIN,1674,5,labsea,MLD2,988.21303
CM33_SPIN,1674,6,labsea,MLD2,13.60144
CM33_SPIN,1674,7,labsea,MLD2,13.43912
CM33_SPIN,1674,8,labsea,MLD2,15.36014
CM33_SPIN,1674,9,labsea,MLD2,21.72737
CM33_SPIN,1674,10,labsea,MLD2,37.76049
CM33_SPIN,1674,11,labsea,MLD2,928.28823
CM33_SPIN,1674,12,labsea,MLD2,1726.80193
CM33_SPIN,1674,1,interior,MLD2,2618.66265
CM33_SPIN,1674,2,interior,MLD2,2508.09258
CM33_SPIN,1674,3,interior,MLD2,2401.49237
CM33_SPIN,1674,4,interior,MLD2,2274.63950
CM33_SPIN,1674,5,interior,MLD2,1623.53082
CM33_SPIN,1674,6,interior,MLD2,16.49554
CM33_SPIN,1674,7,interior,MLD2,15.22194
CM33_SPIN,1674,8,interior,MLD2,17.48769
CM33_SPIN,1674,9,interior,MLD2,23.93071
CM33_SPIN,1674,10,interior,MLD2,40.66591
CM33_SPIN,1674,11,interior,MLD2,1731.82680
CM33_SPIN,1674,12,interior,MLD2,2630.26821
CM33_SPIN,1675,1,labsea,a_ice,0.26404
CM33_SPIN,1675,2,labsea,a_ice,0.27373
CM33_SPIN,1675,3,labsea,a_ice,0.26150
CM33_SPIN,1675,4,labsea,a_ice,0.23646
CM33_SPIN,1675,5,labsea,a_ice,0.19750
CM33_SPIN,1675,6,labsea,a_ice,0.12017
CM33_SPIN,1675,7,labsea,a_ice,0.05384
CM33_SPIN,1675,8,labsea,a_ice,0.02205
CM33_SPIN,1675,9,labsea,a_ice,0.00866
CM33_SPIN,1675,10,labsea,a_ice,0.03200
CM33_SPIN,1675,11,labsea,a_ice,0.10281
CM33_SPIN,1675,12,labsea,a_ice,0.17793
CM33_SPIN,1675,1,interior,a_ice,0.07922
CM33_SPIN,1675,2,interior,a_ice,0.10018
CM33_SPIN,1675,3,interior,a_ice,0.06392
CM33_SPIN,1675,4,interior,a_ice,0.05571
CM33_SPIN,1675,5,interior,a_ice,0.06753
CM33_SPIN,1675,6,interior,a_ice,0.01032
CM33_SPIN,1675,7,interior,a_ice,0.00101
CM33_SPIN,1675,8,interior,a_ice,0.00000
CM33_SPIN,1675,9,interior,a_ice,0.00000
CM33_SPIN,1675,10,interior,a_ice,0.00000
CM33_SPIN,1675,11,interior,a_ice,0.00997
CM33_SPIN,1675,12,interior,a_ice,0.03011
CM33_SPIN,1675,1,labsea,MLD2,1733.44171
CM33_SPIN,1675,2,labsea,MLD2,1694.76334
CM33_SPIN,1675,3,labsea,MLD2,1683.52987
CM33_SPIN,1675,4,labsea,MLD2,1508.56030
CM33_SPIN,1675,5,labsea,MLD2,1449.55421
CM33_SPIN,1675,6,labsea,MLD2,164.00201
CM33_SPIN,1675,7,labsea,MLD2,13.31767
CM33_SPIN,1675,8,labsea,MLD2,19.16890
CM33_SPIN,1675,9,labsea,MLD2,24.70016
CM33_SPIN,1675,10,labsea,MLD2,44.44073
CM33_SPIN,1675,11,labsea,MLD2,702.14788
CM33_SPIN,1675,12,labsea,MLD2,1456.38094
CM33_SPIN,1675,1,interior,MLD2,2616.91260
CM33_SPIN,1675,2,interior,MLD2,2529.73917
CM33_SPIN,1675,3,interior,MLD2,2572.09744
CM33_SPIN,1675,4,interior,MLD2,2243.46997
CM33_SPIN,1675,5,interior,MLD2,2119.71743
CM33_SPIN,1675,6,interior,MLD2,246.08208
CM33_SPIN,1675,7,interior,MLD2,15.34565
CM33_SPIN,1675,8,interior,MLD2,21.74217
CM33_SPIN,1675,9,interior,MLD2,27.44221
CM33_SPIN,1675,10,interior,MLD2,60.46182
CM33_SPIN,1675,11,interior,MLD2,1621.11567
CM33_SPIN,1675,12,interior,MLD2,2383.12669
CM33_SPIN,1676,1,labsea,a_ice,0.20263
CM33_SPIN,1676,2,labsea,a_ice,0.23516
CM33_SPIN,1676,3,labsea,a_ice,0.21964
CM33_SPIN,1676,4,labsea,a_ice,0.16873
CM33_SPIN,1676,5,labsea,a_ice,0.15282
CM33_SPIN,1676,6,labsea,a_ice,0.10758
CM33_SPIN,1676,7,labsea,a_ice,0.04536
CM33_SPIN,1676,8,labsea,a_ice,0.01210
CM33_SPIN,1676,9,labsea,a_ice,0.00844
CM33_SPIN,1676,10,labsea,a_ice,0.02640
CM33_SPIN,1676,11,labsea,a_ice,0.08406
CM33_SPIN,1676,12,labsea,a_ice,0.22040
CM33_SPIN,1676,1,interior,a_ice,0.03376
CM33_SPIN,1676,2,interior,a_ice,0.04750
CM33_SPIN,1676,3,interior,a_ice,0.02685
CM33_SPIN,1676,4,interior,a_ice,0.04556
CM33_SPIN,1676,5,interior,a_ice,0.01397
CM33_SPIN,1676,6,interior,a_ice,0.02793
CM33_SPIN,1676,7,interior,a_ice,0.01114
CM33_SPIN,1676,8,interior,a_ice,0.00000
CM33_SPIN,1676,9,interior,a_ice,0.00000
CM33_SPIN,1676,10,interior,a_ice,0.00000
CM33_SPIN,1676,11,interior,a_ice,0.00075
CM33_SPIN,1676,12,interior,a_ice,0.06191
CM33_SPIN,1676,1,labsea,MLD2,1623.12255
CM33_SPIN,1676,2,labsea,MLD2,1720.74263
CM33_SPIN,1676,3,labsea,MLD2,1667.93228
CM33_SPIN,1676,4,labsea,MLD2,1592.95285
CM33_SPIN,1676,5,labsea,MLD2,988.32033
CM33_SPIN,1676,6,labsea,MLD2,107.53852
CM33_SPIN,1676,7,labsea,MLD2,16.52750
CM33_SPIN,1676,8,labsea,MLD2,16.43194
CM33_SPIN,1676,9,labsea,MLD2,23.64112
CM33_SPIN,1676,10,labsea,MLD2,78.51850
CM33_SPIN,1676,11,labsea,MLD2,812.82445
CM33_SPIN,1676,12,labsea,MLD2,1539.63990
CM33_SPIN,1676,1,interior,MLD2,2542.16029
CM33_SPIN,1676,2,interior,MLD2,2607.77963
CM33_SPIN,1676,3,interior,MLD2,2510.90122
CM33_SPIN,1676,4,interior,MLD2,2372.08317
CM33_SPIN,1676,5,interior,MLD2,2011.65492
CM33_SPIN,1676,6,interior,MLD2,323.77149
CM33_SPIN,1676,7,interior,MLD2,20.43356
CM33_SPIN,1676,8,interior,MLD2,18.85960
CM33_SPIN,1676,9,interior,MLD2,26.61866
CM33_SPIN,1676,10,interior,MLD2,147.93661
CM33_SPIN,1676,11,interior,MLD2,1720.71674
CM33_SPIN,1676,12,interior,MLD2,2410.90471
CM33_SPIN,1677,1,labsea,a_ice,0.29434
CM33_SPIN,1677,2,labsea,a_ice,0.32213
CM33_SPIN,1677,3,labsea,a_ice,0.35954
CM33_SPIN,1677,4,labsea,a_ice,0.35010
CM33_SPIN,1677,5,labsea,a_ice,0.30870
CM33_SPIN,1677,6,labsea,a_ice,0.19485
CM33_SPIN,1677,7,labsea,a_ice,0.04407
CM33_SPIN,1677,8,labsea,a_ice,0.00335
CM33_SPIN,1677,9,labsea,a_ice,0.00006
CM33_SPIN,1677,10,labsea,a_ice,0.00808
CM33_SPIN,1677,11,labsea,a_ice,0.06798
CM33_SPIN,1677,12,labsea,a_ice,0.18799
CM33_SPIN,1677,1,interior,a_ice,0.12207
CM33_SPIN,1677,2,interior,a_ice,0.10537
CM33_SPIN,1677,3,interior,a_ice,0.18228
CM33_SPIN,1677,4,interior,a_ice,0.14745
CM33_SPIN,1677,5,interior,a_ice,0.14449
CM33_SPIN,1677,6,interior,a_ice,0.05007
CM33_SPIN,1677,7,interior,a_ice,0.01042
CM33_SPIN,1677,8,interior,a_ice,0.00000
CM33_SPIN,1677,9,interior,a_ice,0.00000
CM33_SPIN,1677,10,interior,a_ice,0.00000
CM33_SPIN,1677,11,interior,a_ice,0.00143
CM33_SPIN,1677,12,interior,a_ice,0.02033
CM33_SPIN,1677,1,labsea,MLD2,1496.66683
CM33_SPIN,1677,2,labsea,MLD2,1506.55871
CM33_SPIN,1677,3,labsea,MLD2,1357.32560
CM33_SPIN,1677,4,labsea,MLD2,1307.67095
CM33_SPIN,1677,5,labsea,MLD2,925.13983
CM33_SPIN,1677,6,labsea,MLD2,16.39217
CM33_SPIN,1677,7,labsea,MLD2,12.37240
CM33_SPIN,1677,8,labsea,MLD2,14.68154
CM33_SPIN,1677,9,labsea,MLD2,22.27341
CM33_SPIN,1677,10,labsea,MLD2,49.80252
CM33_SPIN,1677,11,labsea,MLD2,663.69673
CM33_SPIN,1677,12,labsea,MLD2,1546.19510
CM33_SPIN,1677,1,interior,MLD2,2235.45098
CM33_SPIN,1677,2,interior,MLD2,2140.97644
CM33_SPIN,1677,3,interior,MLD2,1930.22477
CM33_SPIN,1677,4,interior,MLD2,1884.83012
CM33_SPIN,1677,5,interior,MLD2,1159.27578
CM33_SPIN,1677,6,interior,MLD2,17.71323
CM33_SPIN,1677,7,interior,MLD2,14.49868
CM33_SPIN,1677,8,interior,MLD2,16.27717
CM33_SPIN,1677,9,interior,MLD2,24.46491
CM33_SPIN,1677,10,interior,MLD2,58.10174
CM33_SPIN,1677,11,interior,MLD2,1305.96675
CM33_SPIN,1677,12,interior,MLD2,2401.64550
CM33_SPIN,1678,1,labsea,a_ice,0.24597
CM33_SPIN,1678,2,labsea,a_ice,0.28813
CM33_SPIN,1678,3,labsea,a_ice,0.30397
CM33_SPIN,1678,4,labsea,a_ice,0.31201
CM33_SPIN,1678,5,labsea,a_ice,0.25204
CM33_SPIN,1678,6,labsea,a_ice,0.13107
CM33_SPIN,1678,7,labsea,a_ice,0.03528
CM33_SPIN,1678,8,labsea,a_ice,0.00351
CM33_SPIN,1678,9,labsea,a_ice,0.00011
CM33_SPIN,1678,10,labsea,a_ice,0.00165
CM33_SPIN,1678,11,labsea,a_ice,0.07147
CM33_SPIN,1678,12,labsea,a_ice,0.15319
CM33_SPIN,1678,1,interior,a_ice,0.05829
CM33_SPIN,1678,2,interior,a_ice,0.10429
CM33_SPIN,1678,3,interior,a_ice,0.13167
CM33_SPIN,1678,4,interior,a_ice,0.14322
CM33_SPIN,1678,5,interior,a_ice,0.14131
CM33_SPIN,1678,6,interior,a_ice,0.01101
CM33_SPIN,1678,7,interior,a_ice,0.00091
CM33_SPIN,1678,8,interior,a_ice,0.00000
CM33_SPIN,1678,9,interior,a_ice,0.00000
CM33_SPIN,1678,10,interior,a_ice,0.00000
CM33_SPIN,1678,11,interior,a_ice,0.00198
CM33_SPIN,1678,12,interior,a_ice,0.00915
CM33_SPIN,1678,1,labsea,MLD2,1693.31908
CM33_SPIN,1678,2,labsea,MLD2,1533.40382
CM33_SPIN,1678,3,labsea,MLD2,1381.93429
CM33_SPIN,1678,4,labsea,MLD2,1164.09915
CM33_SPIN,1678,5,labsea,MLD2,459.69103
CM33_SPIN,1678,6,labsea,MLD2,17.96102
CM33_SPIN,1678,7,labsea,MLD2,12.95034
CM33_SPIN,1678,8,labsea,MLD2,13.50730
CM33_SPIN,1678,9,labsea,MLD2,24.70871
CM33_SPIN,1678,10,labsea,MLD2,34.89447
CM33_SPIN,1678,11,labsea,MLD2,476.62516
CM33_SPIN,1678,12,labsea,MLD2,1461.95809
CM33_SPIN,1678,1,interior,MLD2,2555.83663
CM33_SPIN,1678,2,interior,MLD2,2330.99390
CM33_SPIN,1678,3,interior,MLD2,1980.05791
CM33_SPIN,1678,4,interior,MLD2,1504.90341
CM33_SPIN,1678,5,interior,MLD2,556.04120
CM33_SPIN,1678,6,interior,MLD2,21.23524
CM33_SPIN,1678,7,interior,MLD2,15.17811
CM33_SPIN,1678,8,interior,MLD2,15.42199
CM33_SPIN,1678,9,interior,MLD2,29.48263
CM33_SPIN,1678,10,interior,MLD2,37.97996
CM33_SPIN,1678,11,interior,MLD2,746.67860
CM33_SPIN,1678,12,interior,MLD2,2361.69989
CM33_SPIN,1679,1,labsea,a_ice,0.18322
CM33_SPIN,1679,2,labsea,a_ice,0.21511
CM33_SPIN,1679,3,labsea,a_ice,0.20994
CM33_SPIN,1679,4,labsea,a_ice,0.19712
CM33_SPIN,1679,5,labsea,a_ice,0.15615
CM33_SPIN,1679,6,labsea,a_ice,0.10566
CM33_SPIN,1679,7,labsea,a_ice,0.04208
CM33_SPIN,1679,8,labsea,a_ice,0.01219
CM33_SPIN,1679,9,labsea,a_ice,0.00138
CM33_SPIN,1679,10,labsea,a_ice,0.00681
CM33_SPIN,1679,11,labsea,a_ice,0.06580
CM33_SPIN,1679,12,labsea,a_ice,0.17808
CM33_SPIN,1679,1,interior,a_ice,0.01902
CM33_SPIN,1679,2,interior,a_ice,0.08426
CM33_SPIN,1679,3,interior,a_ice,0.04223
CM33_SPIN,1679,4,interior,a_ice,0.03933
CM33_SPIN,1679,5,interior,a_ice,0.01334
CM33_SPIN,1679,6,interior,a_ice,0.00576
CM33_SPIN,1679,7,interior,a_ice,0.00083
CM33_SPIN,1679,8,interior,a_ice,0.00000
CM33_SPIN,1679,9,interior,a_ice,0.00000
CM33_SPIN,1679,10,interior,a_ice,0.00000
CM33_SPIN,1679,11,interior,a_ice,0.00004
CM33_SPIN,1679,12,interior,a_ice,0.03005
CM33_SPIN,1679,1,labsea,MLD2,1736.38899
CM33_SPIN,1679,2,labsea,MLD2,1693.70146
CM33_SPIN,1679,3,labsea,MLD2,1743.29341
CM33_SPIN,1679,4,labsea,MLD2,1605.62020
CM33_SPIN,1679,5,labsea,MLD2,987.21791
CM33_SPIN,1679,6,labsea,MLD2,57.25760
CM33_SPIN,1679,7,labsea,MLD2,12.78273
CM33_SPIN,1679,8,labsea,MLD2,15.04645
CM33_SPIN,1679,9,labsea,MLD2,21.92527
CM33_SPIN,1679,10,labsea,MLD2,38.46567
CM33_SPIN,1679,11,labsea,MLD2,349.86033
CM33_SPIN,1679,12,labsea,MLD2,1430.34093
CM33_SPIN,1679,1,interior,MLD2,2579.77571
CM33_SPIN,1679,2,interior,MLD2,2480.95405
CM33_SPIN,1679,3,interior,MLD2,2636.11017
CM33_SPIN,1679,4,interior,MLD2,2545.79191
CM33_SPIN,1679,5,interior,MLD2,1933.33106
CM33_SPIN,1679,6,interior,MLD2,120.11352
CM33_SPIN,1679,7,interior,MLD2,15.14012
CM33_SPIN,1679,8,interior,MLD2,17.30334
CM33_SPIN,1679,9,interior,MLD2,25.25117
CM33_SPIN,1679,10,interior,MLD2,45.65751
CM33_SPIN,1679,11,interior,MLD2,685.24715
CM33_SPIN,1679,12,interior,MLD2,2276.55420
CM33_SPIN,1680,1,labsea,a_ice,0.20295
CM33_SPIN,1680,2,labsea,a_ice,0.21472
CM33_SPIN,1680,3,labsea,a_ice,0.23401
CM33_SPIN,1680,4,labsea,a_ice,0.27391
CM33_SPIN,1680,5,labsea,a_ice,0.19922
CM33_SPIN,1680,6,labsea,a_ice,0.11218
CM33_SPIN,1680,7,labsea,a_ice,0.04664
CM33_SPIN,1680,8,labsea,a_ice,0.01223
CM33_SPIN,1680,9,labsea,a_ice,0.00079
CM33_SPIN,1680,10,labsea,a_ice,0.01171
CM33_SPIN,1680,11,labsea,a_ice,0.07597
CM33_SPIN,1680,12,labsea,a_ice,0.17739
CM33_SPIN,1680,1,interior,a_ice,0.02760
CM33_SPIN,1680,2,interior,a_ice,0.04749
CM33_SPIN,1680,3,interior,a_ice,0.08348
CM33_SPIN,1680,4,interior,a_ice,0.14517
CM33_SPIN,1680,5,interior,a_ice,0.06052
CM33_SPIN,1680,6,interior,a_ice,0.01664
CM33_SPIN,1680,7,interior,a_ice,0.00121
CM33_SPIN,1680,8,interior,a_ice,0.00000
CM33_SPIN,1680,9,interior,a_ice,0.00000
CM33_SPIN,1680,10,interior,a_ice,0.00000
CM33_SPIN,1680,11,interior,a_ice,0.00271
CM33_SPIN,1680,12,interior,a_ice,0.02034
CM33_SPIN,1680,1,labsea,MLD2,1698.19080
CM33_SPIN,1680,2,labsea,MLD2,1717.01169
CM33_SPIN,1680,3,labsea,MLD2,1661.49413
CM33_SPIN,1680,4,labsea,MLD2,1363.63615
CM33_SPIN,1680,5,labsea,MLD2,205.61770
CM33_SPIN,1680,6,labsea,MLD2,19.51096
CM33_SPIN,1680,7,labsea,MLD2,15.04355
CM33_SPIN,1680,8,labsea,MLD2,13.22058
CM33_SPIN,1680,9,labsea,MLD2,20.46176
CM33_SPIN,1680,10,labsea,MLD2,32.23177
CM33_SPIN,1680,11,labsea,MLD2,107.55377
CM33_SPIN,1680,12,labsea,MLD2,1007.44301
CM33_SPIN,1680,1,interior,MLD2,2518.18602
CM33_SPIN,1680,2,interior,MLD2,2519.87939
CM33_SPIN,1680,3,interior,MLD2,2394.37045
CM33_SPIN,1680,4,interior,MLD2,2020.91745
CM33_SPIN,1680,5,interior,MLD2,478.40671
CM33_SPIN,1680,6,interior,MLD2,28.18889
CM33_SPIN,1680,7,interior,MLD2,17.86234
CM33_SPIN,1680,8,interior,MLD2,15.58952
CM33_SPIN,1680,9,interior,MLD2,20.66439
CM33_SPIN,1680,10,interior,MLD2,36.23396
CM33_SPIN,1680,11,interior,MLD2,141.69611
CM33_SPIN,1680,12,interior,MLD2,1780.42982
CM33_SPIN,1681,1,labsea,a_ice,0.27123
CM33_SPIN,1681,2,labsea,a_ice,0.29627
CM33_SPIN,1681,3,labsea,a_ice,0.37499
CM33_SPIN,1681,4,labsea,a_ice,0.29995
CM33_SPIN,1681,5,labsea,a_ice,0.24492
CM33_SPIN,1681,6,labsea,a_ice,0.17405
CM33_SPIN,1681,7,labsea,a_ice,0.08546
CM33_SPIN,1681,8,labsea,a_ice,0.01771
CM33_SPIN,1681,9,labsea,a_ice,0.00371
CM33_SPIN,1681,10,labsea,a_ice,0.01343
CM33_SPIN,1681,11,labsea,a_ice,0.11504
CM33_SPIN,1681,12,labsea,a_ice,0.21823
CM33_SPIN,1681,1,interior,a_ice,0.06104
CM33_SPIN,1681,2,interior,a_ice,0.09171
CM33_SPIN,1681,3,interior,a_ice,0.22543
CM33_SPIN,1681,4,interior,a_ice,0.09981
CM33_SPIN,1681,5,interior,a_ice,0.05304
CM33_SPIN,1681,6,interior,a_ice,0.03308
CM33_SPIN,1681,7,interior,a_ice,0.01580
CM33_SPIN,1681,8,interior,a_ice,0.00009
CM33_SPIN,1681,9,interior,a_ice,0.00000
CM33_SPIN,1681,10,interior,a_ice,0.00002
CM33_SPIN,1681,11,interior,a_ice,0.00310
CM33_SPIN,1681,12,interior,a_ice,0.04496
CM33_SPIN,1681,1,labsea,MLD2,1561.63526
CM33_SPIN,1681,2,labsea,MLD2,1571.16074
CM33_SPIN,1681,3,labsea,MLD2,1296.14261
CM33_SPIN,1681,4,labsea,MLD2,1276.03912
CM33_SPIN,1681,5,labsea,MLD2,1285.66745
CM33_SPIN,1681,6,labsea,MLD2,95.71101
CM33_SPIN,1681,7,labsea,MLD2,15.81963
CM33_SPIN,1681,8,labsea,MLD2,15.92998
CM33_SPIN,1681,9,labsea,MLD2,23.23265
CM33_SPIN,1681,10,labsea,MLD2,65.87286
CM33_SPIN,1681,11,labsea,MLD2,693.07351
CM33_SPIN,1681,12,labsea,MLD2,1421.56883
CM33_SPIN,1681,1,interior,MLD2,2344.06178
CM33_SPIN,1681,2,interior,MLD2,2343.91551
CM33_SPIN,1681,3,interior,MLD2,1627.38188
CM33_SPIN,1681,4,interior,MLD2,1568.96228
CM33_SPIN,1681,5,interior,MLD2,1832.01554
CM33_SPIN,1681,6,interior,MLD2,271.70639
CM33_SPIN,1681,7,interior,MLD2,18.77626
CM33_SPIN,1681,8,interior,MLD2,17.53697
CM33_SPIN,1681,9,interior,MLD2,27.30534
CM33_SPIN,1681,10,interior,MLD2,135.52400
CM33_SPIN,1681,11,interior,MLD2,1157.60976
CM33_SPIN,1681,12,interior,MLD2,2155.47783
CM33_SPIN,1682,1,labsea,a_ice,0.29726
CM33_SPIN,1682,2,labsea,a_ice,0.36877
CM33_SPIN,1682,3,labsea,a_ice,0.41282
CM33_SPIN,1682,4,labsea,a_ice,0.35732
CM33_SPIN,1682,5,labsea,a_ice,0.28327
CM33_SPIN,1682,6,labsea,a_ice,0.21874
CM33_SPIN,1682,7,labsea,a_ice,0.09542
CM33_SPIN,1682,8,labsea,a_ice,0.00883
CM33_SPIN,1682,9,labsea,a_ice,0.00027
CM33_SPIN,1682,10,labsea,a_ice,0.00212
CM33_SPIN,1682,11,labsea,a_ice,0.03755
CM33_SPIN,1682,12,labsea,a_ice,0.14095
CM33_SPIN,1682,1,interior,a_ice,0.10936
CM33_SPIN,1682,2,interior,a_ice,0.17802
CM33_SPIN,1682,3,interior,a_ice,0.27374
CM33_SPIN,1682,4,interior,a_ice,0.20457
CM33_SPIN,1682,5,interior,a_ice,0.10894
CM33_SPIN,1682,6,interior,a_ice,0.03423
CM33_SPIN,1682,7,interior,a_ice,0.02091
CM33_SPIN,1682,8,interior,a_ice,0.00000
CM33_SPIN,1682,9,interior,a_ice,0.00000
CM33_SPIN,1682,10,interior,a_ice,0.00000
CM33_SPIN,1682,11,interior,a_ice,0.00000
CM33_SPIN,1682,12,interior,a_ice,0.01752
CM33_SPIN,1682,1,labsea,MLD2,1464.01653
CM33_SPIN,1682,2,labsea,MLD2,1306.19094
CM33_SPIN,1682,3,labsea,MLD2,1282.24833
CM33_SPIN,1682,4,labsea,MLD2,1230.05859
CM33_SPIN,1682,5,labsea,MLD2,896.43592
CM33_SPIN,1682,6,labsea,MLD2,88.07685
CM33_SPIN,1682,7,labsea,MLD2,13.95611
CM33_SPIN,1682,8,labsea,MLD2,16.50645
CM33_SPIN,1682,9,labsea,MLD2,22.06057
CM33_SPIN,1682,10,labsea,MLD2,35.61588
CM33_SPIN,1682,11,labsea,MLD2,153.34496
CM33_SPIN,1682,12,labsea,MLD2,1006.01811
CM33_SPIN,1682,1,interior,MLD2,2119.90773
CM33_SPIN,1682,2,interior,MLD2,1633.75342
CM33_SPIN,1682,3,interior,MLD2,1546.23440
CM33_SPIN,1682,4,interior,MLD2,1585.11930
CM33_SPIN,1682,5,interior,MLD2,1128.21204
CM33_SPIN,1682,6,interior,MLD2,176.45990
CM33_SPIN,1682,7,interior,MLD2,16.92512
CM33_SPIN,1682,8,interior,MLD2,19.95652
CM33_SPIN,1682,9,interior,MLD2,25.70839
CM33_SPIN,1682,10,interior,MLD2,34.77000
CM33_SPIN,1682,11,interior,MLD2,204.06933
CM33_SPIN,1682,12,interior,MLD2,1929.33928
CM33_SPIN,1683,1,labsea,a_ice,0.25495
CM33_SPIN,1683,2,labsea,a_ice,0.36151
CM33_SPIN,1683,3,labsea,a_ice,0.39805
CM33_SPIN,1683,4,labsea,a_ice,0.35161
CM33_SPIN,1683,5,labsea,a_ice,0.26506
CM33_SPIN,1683,6,labsea,a_ice,0.18216
CM33_SPIN,1683,7,labsea,a_ice,0.07368
CM33_SPIN,1683,8,labsea,a_ice,0.01977
CM33_SPIN,1683,9,labsea,a_ice,0.00886
CM33_SPIN,1683,10,labsea,a_ice,0.03327
CM33_SPIN,1683,11,labsea,a_ice,0.12295
CM33_SPIN,1683,12,labsea,a_ice,0.19491
CM33_SPIN,1683,1,interior,a_ice,0.06846
CM33_SPIN,1683,2,interior,a_ice,0.22992
CM33_SPIN,1683,3,interior,a_ice,0.24689
CM33_SPIN,1683,4,interior,a_ice,0.17217
CM33_SPIN,1683,5,interior,a_ice,0.07348
CM33_SPIN,1683,6,interior,a_ice,0.01681
CM33_SPIN,1683,7,interior,a_ice,0.00308
CM33_SPIN,1683,8,interior,a_ice,0.00000
CM33_SPIN,1683,9,interior,a_ice,0.00000
CM33_SPIN,1683,10,interior,a_ice,0.00000
CM33_SPIN,1683,11,interior,a_ice,0.01491
CM33_SPIN,1683,12,interior,a_ice,0.02834
CM33_SPIN,1683,1,labsea,MLD2,1576.47220
CM33_SPIN,1683,2,labsea,MLD2,1350.01144
CM33_SPIN,1683,3,labsea,MLD2,1129.24133
CM33_SPIN,1683,4,labsea,MLD2,906.15320
CM33_SPIN,1683,5,labsea,MLD2,263.44834
CM33_SPIN,1683,6,labsea,MLD2,14.89490
CM33_SPIN,1683,7,labsea,MLD2,13.63106
CM33_SPIN,1683,8,labsea,MLD2,14.81777
CM33_SPIN,1683,9,labsea,MLD2,23.01929
CM33_SPIN,1683,10,labsea,MLD2,36.75707
CM33_SPIN,1683,11,labsea,MLD2,662.61853
CM33_SPIN,1683,12,labsea,MLD2,1483.26449
CM33_SPIN,1683,1,interior,MLD2,2477.76775
CM33_SPIN,1683,2,interior,MLD2,1869.83605
CM33_SPIN,1683,3,interior,MLD2,1625.87155
CM33_SPIN,1683,4,interior,MLD2,1096.63751
CM33_SPIN,1683,5,interior,MLD2,240.76477
CM33_SPIN,1683,6,interior,MLD2,16.51218
CM33_SPIN,1683,7,interior,MLD2,15.35481
CM33_SPIN,1683,8,interior,MLD2,16.04743
CM33_SPIN,1683,9,interior,MLD2,25.41719
CM33_SPIN,1683,10,interior,MLD2,40.14745
CM33_SPIN,1683,11,interior,MLD2,1366.45414
CM33_SPIN,1683,12,interior,MLD2,2548.61813
CM33_SPIN,1684,1,labsea,a_ice,0.28114
CM33_SPIN,1684,2,labsea,a_ice,0.33648
CM33_SPIN,1684,3,labsea,a_ice,0.28638
CM33_SPIN,1684,4,labsea,a_ice,0.28388
CM33_SPIN,1684,5,labsea,a_ice,0.25010
CM33_SPIN,1684,6,labsea,a_ice,0.18088
CM33_SPIN,1684,7,labsea,a_ice,0.07165
CM33_SPIN,1684,8,labsea,a_ice,0.01309
CM33_SPIN,1684,9,labsea,a_ice,0.00324
CM33_SPIN,1684,10,labsea,a_ice,0.01827
CM33_SPIN,1684,11,labsea,a_ice,0.10414
CM33_SPIN,1684,12,labsea,a_ice,0.16444
CM33_SPIN,1684,1,interior,a_ice,0.09850
CM33_SPIN,1684,2,interior,a_ice,0.14358
CM33_SPIN,1684,3,interior,a_ice,0.09525
CM33_SPIN,1684,4,interior,a_ice,0.07753
CM33_SPIN,1684,5,interior,a_ice,0.06029
CM33_SPIN,1684,6,interior,a_ice,0.02999
CM33_SPIN,1684,7,interior,a_ice,0.01738
CM33_SPIN,1684,8,interior,a_ice,0.00000
CM33_SPIN,1684,9,interior,a_ice,0.00000
CM33_SPIN,1684,10,interior,a_ice,0.00000
CM33_SPIN,1684,11,interior,a_ice,0.00813
CM33_SPIN,1684,12,interior,a_ice,0.01590
CM33_SPIN,1684,1,labsea,MLD2,1494.58031
CM33_SPIN,1684,2,labsea,MLD2,1300.57487
CM33_SPIN,1684,3,labsea,MLD2,1295.27253
CM33_SPIN,1684,4,labsea,MLD2,1346.34813
CM33_SPIN,1684,5,labsea,MLD2,978.75394
CM33_SPIN,1684,6,labsea,MLD2,68.45415
CM33_SPIN,1684,7,labsea,MLD2,20.73814
CM33_SPIN,1684,8,labsea,MLD2,16.84391
CM33_SPIN,1684,9,labsea,MLD2,28.22826
CM33_SPIN,1684,10,labsea,MLD2,220.70649
CM33_SPIN,1684,11,labsea,MLD2,1147.88085
CM33_SPIN,1684,12,labsea,MLD2,1632.17195
CM33_SPIN,1684,1,interior,MLD2,2336.62882
CM33_SPIN,1684,2,interior,MLD2,2033.96100
CM33_SPIN,1684,3,interior,MLD2,1866.20809
CM33_SPIN,1684,4,interior,MLD2,1848.23127
CM33_SPIN,1684,5,interior,MLD2,1434.85611
CM33_SPIN,1684,6,interior,MLD2,176.40408
CM33_SPIN,1684,7,interior,MLD2,24.24906
CM33_SPIN,1684,8,interior,MLD2,19.17256
CM33_SPIN,1684,9,interior,MLD2,32.69799
CM33_SPIN,1684,10,interior,MLD2,492.95939
CM33_SPIN,1684,11,interior,MLD2,2227.11223
CM33_SPIN,1684,12,interior,MLD2,2511.83543
CM33_SPIN,1685,1,labsea,a_ice,0.18031
CM33_SPIN,1685,2,labsea,a_ice,0.27624
CM33_SPIN,1685,3,labsea,a_ice,0.23946
CM33_SPIN,1685,4,labsea,a_ice,0.23151
CM33_SPIN,1685,5,labsea,a_ice,0.19878
CM33_SPIN,1685,6,labsea,a_ice,0.09373
CM33_SPIN,1685,7,labsea,a_ice,0.04747
CM33_SPIN,1685,8,labsea,a_ice,0.01123
CM33_SPIN,1685,9,labsea,a_ice,0.00172
CM33_SPIN,1685,10,labsea,a_ice,0.00912
CM33_SPIN,1685,11,labsea,a_ice,0.08649
CM33_SPIN,1685,12,labsea,a_ice,0.19038
CM33_SPIN,1685,1,interior,a_ice,0.03685
CM33_SPIN,1685,2,interior,a_ice,0.10841
CM33_SPIN,1685,3,interior,a_ice,0.04977
CM33_SPIN,1685,4,interior,a_ice,0.05899
CM33_SPIN,1685,5,interior,a_ice,0.04122
CM33_SPIN,1685,6,interior,a_ice,0.00226
CM33_SPIN,1685,7,interior,a_ice,0.00001
CM33_SPIN,1685,8,interior,a_ice,0.00000
CM33_SPIN,1685,9,interior,a_ice,0.00000
CM33_SPIN,1685,10,interior,a_ice,0.00000
CM33_SPIN,1685,11,interior,a_ice,0.00051
CM33_SPIN,1685,12,interior,a_ice,0.03026
CM33_SPIN,1685,1,labsea,MLD2,1733.16429
CM33_SPIN,1685,2,labsea,MLD2,1686.59525
CM33_SPIN,1685,3,labsea,MLD2,1699.60962
CM33_SPIN,1685,4,labsea,MLD2,1514.41378
CM33_SPIN,1685,5,labsea,MLD2,924.50564
CM33_SPIN,1685,6,labsea,MLD2,50.67002
CM33_SPIN,1685,7,labsea,MLD2,14.34693
CM33_SPIN,1685,8,labsea,MLD2,17.44607
CM33_SPIN,1685,9,labsea,MLD2,24.88976
CM33_SPIN,1685,10,labsea,MLD2,42.36549
CM33_SPIN,1685,11,labsea,MLD2,210.42226
CM33_SPIN,1685,12,labsea,MLD2,1207.86766
CM33_SPIN,1685,1,interior,MLD2,2596.94691
CM33_SPIN,1685,2,interior,MLD2,2477.42344
CM33_SPIN,1685,3,interior,MLD2,2620.43807
CM33_SPIN,1685,4,interior,MLD2,2424.43759
CM33_SPIN,1685,5,interior,MLD2,1630.82643
CM33_SPIN,1685,6,interior,MLD2,118.96357
CM33_SPIN,1685,7,interior,MLD2,17.42038
CM33_SPIN,1685,8,interior,MLD2,19.28134
CM33_SPIN,1685,9,interior,MLD2,28.42075
CM33_SPIN,1685,10,interior,MLD2,49.58900
CM33_SPIN,1685,11,interior,MLD2,509.32951
CM33_SPIN,1685,12,interior,MLD2,2288.02795
CM33_SPIN,1686,1,labsea,a_ice,0.25296
CM33_SPIN,1686,2,labsea,a_ice,0.30469
CM33_SPIN,1686,3,labsea,a_ice,0.24641
CM33_SPIN,1686,4,labsea,a_ice,0.19819
CM33_SPIN,1686,5,labsea,a_ice,0.18117
CM33_SPIN,1686,6,labsea,a_ice,0.12060
CM33_SPIN,1686,7,labsea,a_ice,0.04557
CM33_SPIN,1686,8,labsea,a_ice,0.00351
CM33_SPIN,1686,9,labsea,a_ice,0.00007
CM33_SPIN,1686,10,labsea,a_ice,0.00154
CM33_SPIN,1686,11,labsea,a_ice,0.04171
CM33_SPIN,1686,12,labsea,a_ice,0.12260
CM33_SPIN,1686,1,interior,a_ice,0.08810
CM33_SPIN,1686,2,interior,a_ice,0.12491
CM33_SPIN,1686,3,interior,a_ice,0.05507
CM33_SPIN,1686,4,interior,a_ice,0.02560
CM33_SPIN,1686,5,interior,a_ice,0.02570
CM33_SPIN,1686,6,interior,a_ice,0.00892
CM33_SPIN,1686,7,interior,a_ice,0.00836
CM33_SPIN,1686,8,interior,a_ice,0.00015
CM33_SPIN,1686,9,interior,a_ice,0.00000
CM33_SPIN,1686,10,interior,a_ice,0.00000
CM33_SPIN,1686,11,interior,a_ice,0.00001
CM33_SPIN,1686,12,interior,a_ice,0.00978
CM33_SPIN,1686,1,labsea,MLD2,1655.92383
CM33_SPIN,1686,2,labsea,MLD2,1575.48631
CM33_SPIN,1686,3,labsea,MLD2,1512.30045
CM33_SPIN,1686,4,labsea,MLD2,1595.37068
CM33_SPIN,1686,5,labsea,MLD2,923.19644
CM33_SPIN,1686,6,labsea,MLD2,34.49801
CM33_SPIN,1686,7,labsea,MLD2,14.16074
CM33_SPIN,1686,8,labsea,MLD2,16.79835
CM33_SPIN,1686,9,labsea,MLD2,24.98745
CM33_SPIN,1686,10,labsea,MLD2,44.88948
CM33_SPIN,1686,11,labsea,MLD2,231.71989
CM33_SPIN,1686,12,labsea,MLD2,813.97225
CM33_SPIN,1686,1,interior,MLD2,2495.84220
CM33_SPIN,1686,2,interior,MLD2,2374.56713
CM33_SPIN,1686,3,interior,MLD2,2459.38705
CM33_SPIN,1686,4,interior,MLD2,2526.35749
CM33_SPIN,1686,5,interior,MLD2,1854.70417
CM33_SPIN,1686,6,interior,MLD2,48.79097
CM33_SPIN,1686,7,interior,MLD2,15.04075
CM33_SPIN,1686,8,interior,MLD2,17.45617
CM33_SPIN,1686,9,interior,MLD2,27.08913
CM33_SPIN,1686,10,interior,MLD2,54.74111
CM33_SPIN,1686,11,interior,MLD2,556.31580
CM33_SPIN,1686,12,interior,MLD2,1706.48008
CM33_SPIN,1687,1,labsea,a_ice,0.18545
CM33_SPIN,1687,2,labsea,a_ice,0.20597
CM33_SPIN,1687,3,labsea,a_ice,0.28637
CM33_SPIN,1687,4,labsea,a_ice,0.26842
CM33_SPIN,1687,5,labsea,a_ice,0.19302
CM33_SPIN,1687,6,labsea,a_ice,0.13176
CM33_SPIN,1687,7,labsea,a_ice,0.05112
CM33_SPIN,1687,8,labsea,a_ice,0.00390
CM33_SPIN,1687,9,labsea,a_ice,0.00010
CM33_SPIN,1687,10,labsea,a_ice,0.00786
CM33_SPIN,1687,11,labsea,a_ice,0.11572
CM33_SPIN,1687,12,labsea,a_ice,0.20949
CM33_SPIN,1687,1,interior,a_ice,0.02674
CM33_SPIN,1687,2,interior,a_ice,0.03806
CM33_SPIN,1687,3,interior,a_ice,0.11738
CM33_SPIN,1687,4,interior,a_ice,0.16095
CM33_SPIN,1687,5,interior,a_ice,0.03410
CM33_SPIN,1687,6,interior,a_ice,0.02605
CM33_SPIN,1687,7,interior,a_ice,0.00921
CM33_SPIN,1687,8,interior,a_ice,0.00003
CM33_SPIN,1687,9,interior,a_ice,0.00000
CM33_SPIN,1687,10,interior,a_ice,0.00000
CM33_SPIN,1687,11,interior,a_ice,0.00248
CM33_SPIN,1687,12,interior,a_ice,0.05775
CM33_SPIN,1687,1,labsea,MLD2,1497.43646
CM33_SPIN,1687,2,labsea,MLD2,1422.51573
CM33_SPIN,1687,3,labsea,MLD2,1348.02110
CM33_SPIN,1687,4,labsea,MLD2,899.75493
CM33_SPIN,1687,5,labsea,MLD2,305.33664
CM33_SPIN,1687,6,labsea,MLD2,99.19475
CM33_SPIN,1687,7,labsea,MLD2,16.53299
CM33_SPIN,1687,8,labsea,MLD2,14.51270
CM33_SPIN,1687,9,labsea,MLD2,22.35044
CM33_SPIN,1687,10,labsea,MLD2,39.07677
CM33_SPIN,1687,11,labsea,MLD2,290.65686
CM33_SPIN,1687,12,labsea,MLD2,990.49340
CM33_SPIN,1687,1,interior,MLD2,2259.72495
CM33_SPIN,1687,2,interior,MLD2,2132.40830
CM33_SPIN,1687,3,interior,MLD2,1941.69608
CM33_SPIN,1687,4,interior,MLD2,1233.10740
CM33_SPIN,1687,5,interior,MLD2,660.02352
CM33_SPIN,1687,6,interior,MLD2,297.82201
CM33_SPIN,1687,7,interior,MLD2,21.49005
CM33_SPIN,1687,8,interior,MLD2,16.08635
CM33_SPIN,1687,9,interior,MLD2,23.99642
CM33_SPIN,1687,10,interior,MLD2,45.83036
CM33_SPIN,1687,11,interior,MLD2,744.55364
CM33_SPIN,1687,12,interior,MLD2,1777.80321
CM33_SPIN,1688,1,labsea,a_ice,0.22256
CM33_SPIN,1688,2,labsea,a_ice,0.26470
CM33_SPIN,1688,3,labsea,a_ice,0.28964
CM33_SPIN,1688,4,labsea,a_ice,0.28403
CM33_SPIN,1688,5,labsea,a_ice,0.23044
CM33_SPIN,1688,6,labsea,a_ice,0.09937
CM33_SPIN,1688,7,labsea,a_ice,0.02223
CM33_SPIN,1688,8,labsea,a_ice,0.00109
CM33_SPIN,1688,9,labsea,a_ice,0.00001
CM33_SPIN,1688,10,labsea,a_ice,0.01631
CM33_SPIN,1688,11,labsea,a_ice,0.06495
CM33_SPIN,1688,12,labsea,a_ice,0.14838
CM33_SPIN,1688,1,interior,a_ice,0.03641
CM33_SPIN,1688,2,interior,a_ice,0.08696
CM33_SPIN,1688,3,interior,a_ice,0.05886
CM33_SPIN,1688,4,interior,a_ice,0.09595
CM33_SPIN,1688,5,interior,a_ice,0.04240
CM33_SPIN,1688,6,interior,a_ice,0.00661
CM33_SPIN,1688,7,interior,a_ice,0.00005
CM33_SPIN,1688,8,interior,a_ice,0.00000
CM33_SPIN,1688,9,interior,a_ice,0.00000
CM33_SPIN,1688,10,interior,a_ice,0.00000
CM33_SPIN,1688,11,interior,a_ice,0.00075
CM33_SPIN,1688,12,interior,a_ice,0.01738
CM33_SPIN,1688,1,labsea,MLD2,1505.96691
CM33_SPIN,1688,2,labsea,MLD2,1538.69335
CM33_SPIN,1688,3,labsea,MLD2,1456.63954
CM33_SPIN,1688,4,labsea,MLD2,1417.67059
CM33_SPIN,1688,5,labsea,MLD2,557.24646
CM33_SPIN,1688,6,labsea,MLD2,19.17756
CM33_SPIN,1688,7,labsea,MLD2,14.72509
CM33_SPIN,1688,8,labsea,MLD2,15.51819
CM33_SPIN,1688,9,labsea,MLD2,23.22973
CM33_SPIN,1688,10,labsea,MLD2,103.95966
CM33_SPIN,1688,11,labsea,MLD2,677.68513
CM33_SPIN,1688,12,labsea,MLD2,1391.10753
CM33_SPIN,1688,1,interior,MLD2,2324.19397
CM33_SPIN,1688,2,interior,MLD2,2320.26626
CM33_SPIN,1688,3,interior,MLD2,2250.04073
CM33_SPIN,1688,4,interior,MLD2,2197.03264
CM33_SPIN,1688,5,interior,MLD2,1026.35800
CM33_SPIN,1688,6,interior,MLD2,26.51003
CM33_SPIN,1688,7,interior,MLD2,17.02995
CM33_SPIN,1688,8,interior,MLD2,16.94465
CM33_SPIN,1688,9,interior,MLD2,24.23357
CM33_SPIN,1688,10,interior,MLD2,259.11453
CM33_SPIN,1688,11,interior,MLD2,1535.87730
CM33_SPIN,1688,12,interior,MLD2,2369.86234
CM33_SPIN,1689,1,labsea,a_ice,0.19555
CM33_SPIN,1689,2,labsea,a_ice,0.23607
CM33_SPIN,1689,3,labsea,a_ice,0.23600
CM33_SPIN,1689,4,labsea,a_ice,0.18693
CM33_SPIN,1689,5,labsea,a_ice,0.14685
CM33_SPIN,1689,6,labsea,a_ice,0.10574
CM33_SPIN,1689,7,labsea,a_ice,0.03695
CM33_SPIN,1689,8,labsea,a_ice,0.00261
CM33_SPIN,1689,9,labsea,a_ice,0.00000
CM33_SPIN,1689,10,labsea,a_ice,0.00591
CM33_SPIN,1689,11,labsea,a_ice,0.07449
CM33_SPIN,1689,12,labsea,a_ice,0.16779
CM33_SPIN,1689,1,interior,a_ice,0.03542
CM33_SPIN,1689,2,interior,a_ice,0.05239
CM33_SPIN,1689,3,interior,a_ice,0.05686
CM33_SPIN,1689,4,interior,a_ice,0.05436
CM33_SPIN,1689,5,interior,a_ice,0.03575
CM33_SPIN,1689,6,interior,a_ice,0.01226
CM33_SPIN,1689,7,interior,a_ice,0.00151
CM33_SPIN,1689,8,interior,a_ice,0.00000
CM33_SPIN,1689,9,interior,a_ice,0.00000
CM33_SPIN,1689,10,interior,a_ice,0.00000
CM33_SPIN,1689,11,interior,a_ice,0.00019
CM33_SPIN,1689,12,interior,a_ice,0.02019
CM33_SPIN,1689,1,labsea,MLD2,1616.04858
CM33_SPIN,1689,2,labsea,MLD2,1648.11268
CM33_SPIN,1689,3,labsea,MLD2,1664.16794
CM33_SPIN,1689,4,labsea,MLD2,1570.09333
CM33_SPIN,1689,5,labsea,MLD2,814.70420
CM33_SPIN,1689,6,labsea,MLD2,129.25810
CM33_SPIN,1689,7,labsea,MLD2,13.00141
CM33_SPIN,1689,8,labsea,MLD2,14.59009
CM33_SPIN,1689,9,labsea,MLD2,19.81120
CM33_SPIN,1689,10,labsea,MLD2,39.17453
CM33_SPIN,1689,11,labsea,MLD2,451.70242
CM33_SPIN,1689,12,labsea,MLD2,1276.11287
CM33_SPIN,1689,1,interior,MLD2,2548.39523
CM33_SPIN,1689,2,interior,MLD2,2591.58799
CM33_SPIN,1689,3,interior,MLD2,2567.07678
CM33_SPIN,1689,4,interior,MLD2,2489.43907
CM33_SPIN,1689,5,interior,MLD2,1845.04319
CM33_SPIN,1689,6,interior,MLD2,397.17568
CM33_SPIN,1689,7,interior,MLD2,15.22667
CM33_SPIN,1689,8,interior,MLD2,16.17429
CM33_SPIN,1689,9,interior,MLD2,21.55523
CM33_SPIN,1689,10,interior,MLD2,54.16089
CM33_SPIN,1689,11,interior,MLD2,1175.78592
CM33_SPIN,1689,12,interior,MLD2,2422.81928
CM33_SPIN,1690,1,labsea,a_ice,0.22758
CM33_SPIN,1690,2,labsea,a_ice,0.33454
CM33_SPIN,1690,3,labsea,a_ice,0.34400
CM33_SPIN,1690,4,labsea,a_ice,0.30974
CM33_SPIN,1690,5,labsea,a_ice,0.24357
CM33_SPIN,1690,6,labsea,a_ice,0.13393
CM33_SPIN,1690,7,labsea,a_ice,0.05550
CM33_SPIN,1690,8,labsea,a_ice,0.00584
CM33_SPIN,1690,9,labsea,a_ice,0.00024
CM33_SPIN,1690,10,labsea,a_ice,0.01348
CM33_SPIN,1690,11,labsea,a_ice,0.04562
CM33_SPIN,1690,12,labsea,a_ice,0.14641
CM33_SPIN,1690,1,interior,a_ice,0.04864
CM33_SPIN,1690,2,interior,a_ice,0.12092
CM33_SPIN,1690,3,interior,a_ice,0.13122
CM33_SPIN,1690,4,interior,a_ice,0.11397
CM33_SPIN,1690,5,interior,a_ice,0.06638
CM33_SPIN,1690,6,interior,a_ice,0.02210
CM33_SPIN,1690,7,interior,a_ice,0.00107
CM33_SPIN,1690,8,interior,a_ice,0.00000
CM33_SPIN,1690,9,interior,a_ice,0.00000
CM33_SPIN,1690,10,interior,a_ice,0.00000
CM33_SPIN,1690,11,interior,a_ice,0.00006
CM33_SPIN,1690,12,interior,a_ice,0.02186
CM33_SPIN,1690,1,labsea,MLD2,1625.79820
CM33_SPIN,1690,2,labsea,MLD2,1464.17903
CM33_SPIN,1690,3,labsea,MLD2,1453.59143
CM33_SPIN,1690,4,labsea,MLD2,1369.43892
CM33_SPIN,1690,5,labsea,MLD2,960.51869
CM33_SPIN,1690,6,labsea,MLD2,51.67394
CM33_SPIN,1690,7,labsea,MLD2,13.92631
CM33_SPIN,1690,8,labsea,MLD2,14.31901
CM33_SPIN,1690,9,labsea,MLD2,21.93129
CM33_SPIN,1690,10,labsea,MLD2,52.21133
CM33_SPIN,1690,11,labsea,MLD2,262.33800
CM33_SPIN,1690,12,labsea,MLD2,1424.43353
CM33_SPIN,1690,1,interior,MLD2,2598.43803
CM33_SPIN,1690,2,interior,MLD2,2349.56509
CM33_SPIN,1690,3,interior,MLD2,2335.55464
CM33_SPIN,1690,4,interior,MLD2,2165.75967
CM33_SPIN,1690,5,interior,MLD2,1820.21110
CM33_SPIN,1690,6,interior,MLD2,145.13494
CM33_SPIN,1690,7,interior,MLD2,16.47519
CM33_SPIN,1690,8,interior,MLD2,16.85307
CM33_SPIN,1690,9,interior,MLD2,23.55975
CM33_SPIN,1690,10,interior,MLD2,88.93014
CM33_SPIN,1690,11,interior,MLD2,645.23221
CM33_SPIN,1690,12,interior,MLD2,2443.21073
CM33_SPIN,1691,1,labsea,a_ice,0.21895
CM33_SPIN,1691,2,labsea,a_ice,0.24224
CM33_SPIN,1691,3,labsea,a_ice,0.25047
CM33_SPIN,1691,4,labsea,a_ice,0.24878
CM33_SPIN,1691,5,labsea,a_ice,0.23308
CM33_SPIN,1691,6,labsea,a_ice,0.16157
CM33_SPIN,1691,7,labsea,a_ice,0.05902
CM33_SPIN,1691,8,labsea,a_ice,0.01073
CM33_SPIN,1691,9,labsea,a_ice,0.00001
CM33_SPIN,1691,10,labsea,a_ice,0.00400
CM33_SPIN,1691,11,labsea,a_ice,0.07947
CM33_SPIN,1691,12,labsea,a_ice,0.18043
CM33_SPIN,1691,1,interior,a_ice,0.06179
CM33_SPIN,1691,2,interior,a_ice,0.08697
CM33_SPIN,1691,3,interior,a_ice,0.05894
CM33_SPIN,1691,4,interior,a_ice,0.06297
CM33_SPIN,1691,5,interior,a_ice,0.06130
CM33_SPIN,1691,6,interior,a_ice,0.03883
CM33_SPIN,1691,7,interior,a_ice,0.00389
CM33_SPIN,1691,8,interior,a_ice,0.00000
CM33_SPIN,1691,9,interior,a_ice,0.00000
CM33_SPIN,1691,10,interior,a_ice,0.00000
CM33_SPIN,1691,11,interior,a_ice,0.00062
CM33_SPIN,1691,12,interior,a_ice,0.02432
CM33_SPIN,1691,1,labsea,MLD2,1755.30136
CM33_SPIN,1691,2,labsea,MLD2,1727.91493
CM33_SPIN,1691,3,labsea,MLD2,1617.92121
CM33_SPIN,1691,4,labsea,MLD2,1292.50042
CM33_SPIN,1691,5,labsea,MLD2,744.44777
CM33_SPIN,1691,6,labsea,MLD2,72.49689
CM33_SPIN,1691,7,labsea,MLD2,14.30582
CM33_SPIN,1691,8,labsea,MLD2,13.83458
CM33_SPIN,1691,9,labsea,MLD2,23.99110
CM33_SPIN,1691,10,labsea,MLD2,39.05995
CM33_SPIN,1691,11,labsea,MLD2,474.32283
CM33_SPIN,1691,12,labsea,MLD2,1458.71999
CM33_SPIN,1691,1,interior,MLD2,2631.98296
CM33_SPIN,1691,2,interior,MLD2,2578.49066
CM33_SPIN,1691,3,interior,MLD2,2578.74128
CM33_SPIN,1691,4,interior,MLD2,2168.47223
CM33_SPIN,1691,5,interior,MLD2,1437.50659
CM33_SPIN,1691,6,interior,MLD2,222.36631
CM33_SPIN,1691,7,interior,MLD2,17.54594
CM33_SPIN,1691,8,interior,MLD2,15.94764
CM33_SPIN,1691,9,interior,MLD2,29.36805
CM33_SPIN,1691,10,interior,MLD2,44.53885
CM33_SPIN,1691,11,interior,MLD2,1237.01212
CM33_SPIN,1691,12,interior,MLD2,2518.71430
CM33_SPIN,1692,1,labsea,a_ice,0.23843
CM33_SPIN,1692,2,labsea,a_ice,0.24585
CM33_SPIN,1692,3,labsea,a_ice,0.22698
CM33_SPIN,1692,4,labsea,a_ice,0.24093
CM33_SPIN,1692,5,labsea,a_ice,0.19098
CM33_SPIN,1692,6,labsea,a_ice,0.09733
CM33_SPIN,1692,7,labsea,a_ice,0.01910
CM33_SPIN,1692,8,labsea,a_ice,0.00053
CM33_SPIN,1692,9,labsea,a_ice,0.00000
CM33_SPIN,1692,10,labsea,a_ice,0.00172
CM33_SPIN,1692,11,labsea,a_ice,0.02731
CM33_SPIN,1692,12,labsea,a_ice,0.14278
CM33_SPIN,1692,1,interior,a_ice,0.07411
CM33_SPIN,1692,2,interior,a_ice,0.06706
CM33_SPIN,1692,3,interior,a_ice,0.03583
CM33_SPIN,1692,4,interior,a_ice,0.06270
CM33_SPIN,1692,5,interior,a_ice,0.04170
CM33_SPIN,1692,6,interior,a_ice,0.00920
CM33_SPIN,1692,7,interior,a_ice,0.00176
CM33_SPIN,1692,8,interior,a_ice,0.00000
CM33_SPIN,1692,9,interior,a_ice,0.00000
CM33_SPIN,1692,10,interior,a_ice,0.00000
CM33_SPIN,1692,11,interior,a_ice,0.00000
CM33_SPIN,1692,12,interior,a_ice,0.01483
CM33_SPIN,1692,1,labsea,MLD2,1610.13190
CM33_SPIN,1692,2,labsea,MLD2,1667.13973
CM33_SPIN,1692,3,labsea,MLD2,1661.63284
CM33_SPIN,1692,4,labsea,MLD2,1440.56343
CM33_SPIN,1692,5,labsea,MLD2,1166.71048
CM33_SPIN,1692,6,labsea,MLD2,19.36341
CM33_SPIN,1692,7,labsea,MLD2,13.93817
CM33_SPIN,1692,8,labsea,MLD2,15.39310
CM33_SPIN,1692,9,labsea,MLD2,21.97624
CM33_SPIN,1692,10,labsea,MLD2,32.51941
CM33_SPIN,1692,11,labsea,MLD2,151.73670
CM33_SPIN,1692,12,labsea,MLD2,1380.57335
CM33_SPIN,1692,1,interior,MLD2,2541.30195
CM33_SPIN,1692,2,interior,MLD2,2576.51572
CM33_SPIN,1692,3,interior,MLD2,2617.99195
CM33_SPIN,1692,4,interior,MLD2,2306.73268
CM33_SPIN,1692,5,interior,MLD2,2013.19479
CM33_SPIN,1692,6,interior,MLD2,19.29551
CM33_SPIN,1692,7,interior,MLD2,15.76839
CM33_SPIN,1692,8,interior,MLD2,17.46333
CM33_SPIN,1692,9,interior,MLD2,24.87432
CM33_SPIN,1692,10,interior,MLD2,36.98324
CM33_SPIN,1692,11,interior,MLD2,293.01778
CM33_SPIN,1692,12,interior,MLD2,2285.17397
CM33_SPIN,1693,1,labsea,a_ice,0.22411
CM33_SPIN,1693,2,labsea,a_ice,0.23795
CM33_SPIN,1693,3,labsea,a_ice,0.25211
CM33_SPIN,1693,4,labsea,a_ice,0.24769
CM33_SPIN,1693,5,labsea,a_ice,0.21221
CM33_SPIN,1693,6,labsea,a_ice,0.08803
CM33_SPIN,1693,7,labsea,a_ice,0.01993
CM33_SPIN,1693,8,labsea,a_ice,0.00093
CM33_SPIN,1693,9,labsea,a_ice,0.00080
CM33_SPIN,1693,10,labsea,a_ice,0.00076
CM33_SPIN,1693,11,labsea,a_ice,0.05513
CM33_SPIN,1693,12,labsea,a_ice,0.23587
CM33_SPIN,1693,1,interior,a_ice,0.05737
CM33_SPIN,1693,2,interior,a_ice,0.06280
CM33_SPIN,1693,3,interior,a_ice,0.06255
CM33_SPIN,1693,4,interior,a_ice,0.07561
CM33_SPIN,1693,5,interior,a_ice,0.04822
CM33_SPIN,1693,6,interior,a_ice,0.00662
CM33_SPIN,1693,7,interior,a_ice,0.00001
CM33_SPIN,1693,8,interior,a_ice,0.00000
CM33_SPIN,1693,9,interior,a_ice,0.00000
CM33_SPIN,1693,10,interior,a_ice,0.00000
CM33_SPIN,1693,11,interior,a_ice,0.00141
CM33_SPIN,1693,12,interior,a_ice,0.03887
CM33_SPIN,1693,1,labsea,MLD2,1704.98847
CM33_SPIN,1693,2,labsea,MLD2,1626.82420
CM33_SPIN,1693,3,labsea,MLD2,1483.70819
CM33_SPIN,1693,4,labsea,MLD2,1308.03409
CM33_SPIN,1693,5,labsea,MLD2,696.09084
CM33_SPIN,1693,6,labsea,MLD2,13.52311
CM33_SPIN,1693,7,labsea,MLD2,15.60059
CM33_SPIN,1693,8,labsea,MLD2,17.40550
CM33_SPIN,1693,9,labsea,MLD2,23.65302
CM33_SPIN,1693,10,labsea,MLD2,33.17212
CM33_SPIN,1693,11,labsea,MLD2,198.65468
CM33_SPIN,1693,12,labsea,MLD2,1066.15857
CM33_SPIN,1693,1,interior,MLD2,2614.36970
CM33_SPIN,1693,2,interior,MLD2,2591.48862
CM33_SPIN,1693,3,interior,MLD2,2436.98791
CM33_SPIN,1693,4,interior,MLD2,2200.30790
CM33_SPIN,1693,5,interior,MLD2,1334.07098
CM33_SPIN,1693,6,interior,MLD2,15.59953
CM33_SPIN,1693,7,interior,MLD2,17.26678
CM33_SPIN,1693,8,interior,MLD2,19.45695
CM33_SPIN,1693,9,interior,MLD2,26.67095
CM33_SPIN,1693,10,interior,MLD2,37.93400
CM33_SPIN,1693,11,interior,MLD2,520.81098
CM33_SPIN,1693,12,interior,MLD2,2098.07017
CM33_SPIN,1694,1,labsea,a_ice,0.24647
CM33_SPIN,1694,2,labsea,a_ice,0.32929
CM33_SPIN,1694,3,labsea,a_ice,0.29466
CM33_SPIN,1694,4,labsea,a_ice,0.24984
CM33_SPIN,1694,5,labsea,a_ice,0.20670
CM33_SPIN,1694,6,labsea,a_ice,0.13224
CM33_SPIN,1694,7,labsea,a_ice,0.04234
CM33_SPIN,1694,8,labsea,a_ice,0.00817
CM33_SPIN,1694,9,labsea,a_ice,0.00087
CM33_SPIN,1694,10,labsea,a_ice,0.00869
CM33_SPIN,1694,11,labsea,a_ice,0.13316
CM33_SPIN,1694,12,labsea,a_ice,0.21466
CM33_SPIN,1694,1,interior,a_ice,0.07571
CM33_SPIN,1694,2,interior,a_ice,0.12337
CM33_SPIN,1694,3,interior,a_ice,0.07812
CM33_SPIN,1694,4,interior,a_ice,0.04610
CM33_SPIN,1694,5,interior,a_ice,0.03972
CM33_SPIN,1694,6,interior,a_ice,0.02620
CM33_SPIN,1694,7,interior,a_ice,0.00379
CM33_SPIN,1694,8,interior,a_ice,0.00002
CM33_SPIN,1694,9,interior,a_ice,0.00000
CM33_SPIN,1694,10,interior,a_ice,0.00010
CM33_SPIN,1694,11,interior,a_ice,0.01155
CM33_SPIN,1694,12,interior,a_ice,0.06242
CM33_SPIN,1694,1,labsea,MLD2,1430.14782
CM33_SPIN,1694,2,labsea,MLD2,1547.91462
CM33_SPIN,1694,3,labsea,MLD2,1566.50320
CM33_SPIN,1694,4,labsea,MLD2,1384.11544
CM33_SPIN,1694,5,labsea,MLD2,913.94021
CM33_SPIN,1694,6,labsea,MLD2,146.82426
CM33_SPIN,1694,7,labsea,MLD2,14.25074
CM33_SPIN,1694,8,labsea,MLD2,13.53011
CM33_SPIN,1694,9,labsea,MLD2,22.67328
CM33_SPIN,1694,10,labsea,MLD2,46.29761
CM33_SPIN,1694,11,labsea,MLD2,763.55601
CM33_SPIN,1694,12,labsea,MLD2,1278.04507
CM33_SPIN,1694,1,interior,MLD2,2263.58354
CM33_SPIN,1694,2,interior,MLD2,2396.22430
CM33_SPIN,1694,3,interior,MLD2,2494.30252
CM33_SPIN,1694,4,interior,MLD2,2377.36125
CM33_SPIN,1694,5,interior,MLD2,1847.76186
CM33_SPIN,1694,6,interior,MLD2,452.51195
CM33_SPIN,1694,7,interior,MLD2,18.08533
CM33_SPIN,1694,8,interior,MLD2,16.17710
CM33_SPIN,1694,9,interior,MLD2,25.75930
CM33_SPIN,1694,10,interior,MLD2,70.64202
CM33_SPIN,1694,11,interior,MLD2,1557.74402
CM33_SPIN,1694,12,interior,MLD2,2292.02803
CM33_SPIN,1695,1,labsea,a_ice,0.25347
CM33_SPIN,1695,2,labsea,a_ice,0.30592
CM33_SPIN,1695,3,labsea,a_ice,0.23875
CM33_SPIN,1695,4,labsea,a_ice,0.21802
CM33_SPIN,1695,5,labsea,a_ice,0.17401
CM33_SPIN,1695,6,labsea,a_ice,0.10033
CM33_SPIN,1695,7,labsea,a_ice,0.03689
CM33_SPIN,1695,8,labsea,a_ice,0.00359
CM33_SPIN,1695,9,labsea,a_ice,0.00002
CM33_SPIN,1695,10,labsea,a_ice,0.00505
CM33_SPIN,1695,11,labsea,a_ice,0.09857
CM33_SPIN,1695,12,labsea,a_ice,0.17624
CM33_SPIN,1695,1,interior,a_ice,0.04715
CM33_SPIN,1695,2,interior,a_ice,0.12701
CM33_SPIN,1695,3,interior,a_ice,0.06918
CM33_SPIN,1695,4,interior,a_ice,0.03955
CM33_SPIN,1695,5,interior,a_ice,0.02198
CM33_SPIN,1695,6,interior,a_ice,0.00097
CM33_SPIN,1695,7,interior,a_ice,0.00016
CM33_SPIN,1695,8,interior,a_ice,0.00000
CM33_SPIN,1695,9,interior,a_ice,0.00000
CM33_SPIN,1695,10,interior,a_ice,0.00000
CM33_SPIN,1695,11,interior,a_ice,0.00750
CM33_SPIN,1695,12,interior,a_ice,0.02600
CM33_SPIN,1695,1,labsea,MLD2,1501.73601
CM33_SPIN,1695,2,labsea,MLD2,1397.61723
CM33_SPIN,1695,3,labsea,MLD2,1505.57193
CM33_SPIN,1695,4,labsea,MLD2,1552.57168
CM33_SPIN,1695,5,labsea,MLD2,576.17601
CM33_SPIN,1695,6,labsea,MLD2,19.09888
CM33_SPIN,1695,7,labsea,MLD2,14.97456
CM33_SPIN,1695,8,labsea,MLD2,18.50958
CM33_SPIN,1695,9,labsea,MLD2,25.65547
CM33_SPIN,1695,10,labsea,MLD2,54.18510
CM33_SPIN,1695,11,labsea,MLD2,717.69098
CM33_SPIN,1695,12,labsea,MLD2,1439.02733
CM33_SPIN,1695,1,interior,MLD2,2438.23606
CM33_SPIN,1695,2,interior,MLD2,2026.94424
CM33_SPIN,1695,3,interior,MLD2,2267.73799
CM33_SPIN,1695,4,interior,MLD2,2482.00533
CM33_SPIN,1695,5,interior,MLD2,1005.91377
CM33_SPIN,1695,6,interior,MLD2,20.16500
CM33_SPIN,1695,7,interior,MLD2,16.24407
CM33_SPIN,1695,8,interior,MLD2,19.87357
CM33_SPIN,1695,9,interior,MLD2,29.48917
CM33_SPIN,1695,10,interior,MLD2,77.28409
CM33_SPIN,1695,11,interior,MLD2,1402.74026
CM33_SPIN,1695,12,interior,MLD2,2217.74930
CM33_SPIN,1696,1,labsea,a_ice,0.25840
CM33_SPIN,1696,2,labsea,a_ice,0.25264
CM33_SPIN,1696,3,labsea,a_ice,0.26628
CM33_SPIN,1696,4,labsea,a_ice,0.20850
CM33_SPIN,1696,5,labsea,a_ice,0.13154
CM33_SPIN,1696,6,labsea,a_ice,0.06384
CM33_SPIN,1696,7,labsea,a_ice,0.03308
CM33_SPIN,1696,8,labsea,a_ice,0.00552
CM33_SPIN,1696,9,labsea,a_ice,0.00050
CM33_SPIN,1696,10,labsea,a_ice,0.02097
CM33_SPIN,1696,11,labsea,a_ice,0.11167
CM33_SPIN,1696,12,labsea,a_ice,0.20365
CM33_SPIN,1696,1,interior,a_ice,0.08265
CM33_SPIN,1696,2,interior,a_ice,0.04925
CM33_SPIN,1696,3,interior,a_ice,0.03781
CM33_SPIN,1696,4,interior,a_ice,0.03740
CM33_SPIN,1696,5,interior,a_ice,0.05678
CM33_SPIN,1696,6,interior,a_ice,0.00131
CM33_SPIN,1696,7,interior,a_ice,0.00000
CM33_SPIN,1696,8,interior,a_ice,0.00000
CM33_SPIN,1696,9,interior,a_ice,0.00000
CM33_SPIN,1696,10,interior,a_ice,0.00026
CM33_SPIN,1696,11,interior,a_ice,0.00397
CM33_SPIN,1696,12,interior,a_ice,0.04914
CM33_SPIN,1696,1,labsea,MLD2,1524.09236
CM33_SPIN,1696,2,labsea,MLD2,1560.60167
CM33_SPIN,1696,3,labsea,MLD2,1616.13642
CM33_SPIN,1696,4,labsea,MLD2,1505.99082
CM33_SPIN,1696,5,labsea,MLD2,336.01753
CM33_SPIN,1696,6,labsea,MLD2,18.17545
CM33_SPIN,1696,7,labsea,MLD2,18.59694
CM33_SPIN,1696,8,labsea,MLD2,17.42753
CM33_SPIN,1696,9,labsea,MLD2,24.31184
CM33_SPIN,1696,10,labsea,MLD2,58.54869
CM33_SPIN,1696,11,labsea,MLD2,673.96362
CM33_SPIN,1696,12,labsea,MLD2,1309.30935
CM33_SPIN,1696,1,interior,MLD2,2466.51247
CM33_SPIN,1696,2,interior,MLD2,2577.70317
CM33_SPIN,1696,3,interior,MLD2,2620.21742
CM33_SPIN,1696,4,interior,MLD2,2528.91225
CM33_SPIN,1696,5,interior,MLD2,830.19782
CM33_SPIN,1696,6,interior,MLD2,19.68747
CM33_SPIN,1696,7,interior,MLD2,20.28752
CM33_SPIN,1696,8,interior,MLD2,20.51911
CM33_SPIN,1696,9,interior,MLD2,28.40003
CM33_SPIN,1696,10,interior,MLD2,109.14044
CM33_SPIN,1696,11,interior,MLD2,1647.58935
CM33_SPIN,1696,12,interior,MLD2,2144.41752
CM33_SPIN,1697,1,labsea,a_ice,0.30061
CM33_SPIN,1697,2,labsea,a_ice,0.32690
CM33_SPIN,1697,3,labsea,a_ice,0.31552
CM33_SPIN,1697,4,labsea,a_ice,0.27727
CM33_SPIN,1697,5,labsea,a_ice,0.22124
CM33_SPIN,1697,6,labsea,a_ice,0.13903
CM33_SPIN,1697,7,labsea,a_ice,0.03978
CM33_SPIN,1697,8,labsea,a_ice,0.00350
CM33_SPIN,1697,9,labsea,a_ice,0.00021
CM33_SPIN,1697,10,labsea,a_ice,0.01952
CM33_SPIN,1697,11,labsea,a_ice,0.07937
CM33_SPIN,1697,12,labsea,a_ice,0.17768
CM33_SPIN,1697,1,interior,a_ice,0.12540
CM33_SPIN,1697,2,interior,a_ice,0.07413
CM33_SPIN,1697,3,interior,a_ice,0.09865
CM33_SPIN,1697,4,interior,a_ice,0.07120
CM33_SPIN,1697,5,interior,a_ice,0.04449
CM33_SPIN,1697,6,interior,a_ice,0.02690
CM33_SPIN,1697,7,interior,a_ice,0.00169
CM33_SPIN,1697,8,interior,a_ice,0.00000
CM33_SPIN,1697,9,interior,a_ice,0.00000
CM33_SPIN,1697,10,interior,a_ice,0.00000
CM33_SPIN,1697,11,interior,a_ice,0.00184
CM33_SPIN,1697,12,interior,a_ice,0.02137
CM33_SPIN,1697,1,labsea,MLD2,1410.30704
CM33_SPIN,1697,2,labsea,MLD2,1474.40187
CM33_SPIN,1697,3,labsea,MLD2,1535.95526
CM33_SPIN,1697,4,labsea,MLD2,1584.68639
CM33_SPIN,1697,5,labsea,MLD2,982.25387
CM33_SPIN,1697,6,labsea,MLD2,44.29267
CM33_SPIN,1697,7,labsea,MLD2,14.91228
CM33_SPIN,1697,8,labsea,MLD2,15.23960
CM33_SPIN,1697,9,labsea,MLD2,23.77907
CM33_SPIN,1697,10,labsea,MLD2,61.16140
CM33_SPIN,1697,11,labsea,MLD2,776.63814
CM33_SPIN,1697,12,labsea,MLD2,1609.82516
CM33_SPIN,1697,1,interior,MLD2,2209.93143
CM33_SPIN,1697,2,interior,MLD2,2375.76253
CM33_SPIN,1697,3,interior,MLD2,2378.16333
CM33_SPIN,1697,4,interior,MLD2,2491.28636
CM33_SPIN,1697,5,interior,MLD2,1643.46141
CM33_SPIN,1697,6,interior,MLD2,118.75927
CM33_SPIN,1697,7,interior,MLD2,16.83607
CM33_SPIN,1697,8,interior,MLD2,17.24410
CM33_SPIN,1697,9,interior,MLD2,25.51299
CM33_SPIN,1697,10,interior,MLD2,128.91676
CM33_SPIN,1697,11,interior,MLD2,1848.98637
CM33_SPIN,1697,12,interior,MLD2,2627.42490
CM33_SPIN,1698,1,labsea,a_ice,0.22046
CM33_SPIN,1698,2,labsea,a_ice,0.25426
CM33_SPIN,1698,3,labsea,a_ice,0.26547
CM33_SPIN,1698,4,labsea,a_ice,0.23574
CM33_SPIN,1698,5,labsea,a_ice,0.22125
CM33_SPIN,1698,6,labsea,a_ice,0.16000
CM33_SPIN,1698,7,labsea,a_ice,0.06897
CM33_SPIN,1698,8,labsea,a_ice,0.00514
CM33_SPIN,1698,9,labsea,a_ice,0.00005
CM33_SPIN,1698,10,labsea,a_ice,0.01506
CM33_SPIN,1698,11,labsea,a_ice,0.05857
CM33_SPIN,1698,12,labsea,a_ice,0.14802
CM33_SPIN,1698,1,interior,a_ice,0.05031
CM33_SPIN,1698,2,interior,a_ice,0.05989
CM33_SPIN,1698,3,interior,a_ice,0.04803
CM33_SPIN,1698,4,interior,a_ice,0.09360
CM33_SPIN,1698,5,interior,a_ice,0.03270
CM33_SPIN,1698,6,interior,a_ice,0.01328
CM33_SPIN,1698,7,interior,a_ice,0.00740
CM33_SPIN,1698,8,interior,a_ice,0.00000
CM33_SPIN,1698,9,interior,a_ice,0.00000
CM33_SPIN,1698,10,interior,a_ice,0.00000
CM33_SPIN,1698,11,interior,a_ice,0.00110
CM33_SPIN,1698,12,interior,a_ice,0.01550
CM33_SPIN,1698,1,labsea,MLD2,1676.06628
CM33_SPIN,1698,2,labsea,MLD2,1681.16097
CM33_SPIN,1698,3,labsea,MLD2,1547.40847
CM33_SPIN,1698,4,labsea,MLD2,1423.70236
CM33_SPIN,1698,5,labsea,MLD2,805.92911
CM33_SPIN,1698,6,labsea,MLD2,60.61763
CM33_SPIN,1698,7,labsea,MLD2,15.55897
CM33_SPIN,1698,8,labsea,MLD2,13.94379
CM33_SPIN,1698,9,labsea,MLD2,20.52348
CM33_SPIN,1698,10,labsea,MLD2,190.26328
CM33_SPIN,1698,11,labsea,MLD2,596.04068
CM33_SPIN,1698,12,labsea,MLD2,1563.63598
CM33_SPIN,1698,1,interior,MLD2,2637.86096
CM33_SPIN,1698,2,interior,MLD2,2631.53680
CM33_SPIN,1698,3,interior,MLD2,2513.06063
CM33_SPIN,1698,4,interior,MLD2,2345.45121
CM33_SPIN,1698,5,interior,MLD2,2061.54723
CM33_SPIN,1698,6,interior,MLD2,172.86627
CM33_SPIN,1698,7,interior,MLD2,17.79351
CM33_SPIN,1698,8,interior,MLD2,15.04773
CM33_SPIN,1698,9,interior,MLD2,22.62605
CM33_SPIN,1698,10,interior,MLD2,568.75528
CM33_SPIN,1698,11,interior,MLD2,1471.94201
CM33_SPIN,1698,12,interior,MLD2,2579.48933
CM33_SPIN,1699,1,labsea,a_ice,0.21190
CM33_SPIN,1699,2,labsea,a_ice,0.19496
CM33_SPIN,1699,3,labsea,a_ice,0.25936
CM33_SPIN,1699,4,labsea,a_ice,0.24663
CM33_SPIN,1699,5,labsea,a_ice,0.23073
CM33_SPIN,1699,6,labsea,a_ice,0.13308
CM33_SPIN,1699,7,labsea,a_ice,0.04829
CM33_SPIN,1699,8,labsea,a_ice,0.01448
CM33_SPIN,1699,9,labsea,a_ice,0.00318
CM33_SPIN,1699,10,labsea,a_ice,0.01015
CM33_SPIN,1699,11,labsea,a_ice,0.06302
CM33_SPIN,1699,12,labsea,a_ice,0.15275
CM33_SPIN,1699,1,interior,a_ice,0.02654
CM33_SPIN,1699,2,interior,a_ice,0.04109
CM33_SPIN,1699,3,interior,a_ice,0.09282
CM33_SPIN,1699,4,interior,a_ice,0.04978
CM33_SPIN,1699,5,interior,a_ice,0.04684
CM33_SPIN,1699,6,interior,a_ice,0.01230
CM33_SPIN,1699,7,interior,a_ice,0.00291
CM33_SPIN,1699,8,interior,a_ice,0.00000
CM33_SPIN,1699,9,interior,a_ice,0.00000
CM33_SPIN,1699,10,interior,a_ice,0.00000
CM33_SPIN,1699,11,interior,a_ice,0.00008
CM33_SPIN,1699,12,interior,a_ice,0.01490
CM33_SPIN,1699,1,labsea,MLD2,1678.32979
CM33_SPIN,1699,2,labsea,MLD2,1735.25676
CM33_SPIN,1699,3,labsea,MLD2,1592.10163
CM33_SPIN,1699,4,labsea,MLD2,1443.08264
CM33_SPIN,1699,5,labsea,MLD2,355.56352
CM33_SPIN,1699,6,labsea,MLD2,17.64169
CM33_SPIN,1699,7,labsea,MLD2,12.29469
CM33_SPIN,1699,8,labsea,MLD2,14.24465
CM33_SPIN,1699,9,labsea,MLD2,23.20068
CM33_SPIN,1699,10,labsea,MLD2,47.09101
CM33_SPIN,1699,11,labsea,MLD2,419.95364
CM33_SPIN,1699,12,labsea,MLD2,1257.09258
CM33_SPIN,1699,1,interior,MLD2,2646.30890
CM33_SPIN,1699,2,interior,MLD2,2654.66317
CM33_SPIN,1699,3,interior,MLD2,2490.67175
CM33_SPIN,1699,4,interior,MLD2,2394.84605
CM33_SPIN,1699,5,interior,MLD2,646.79392
CM33_SPIN,1699,6,interior,MLD2,19.95841
CM33_SPIN,1699,7,interior,MLD2,14.28145
CM33_SPIN,1699,8,interior,MLD2,15.71706
CM33_SPIN,1699,9,interior,MLD2,26.00958
CM33_SPIN,1699,10,interior,MLD2,54.01475
CM33_SPIN,1699,11,interior,MLD2,1080.57747
CM33_SPIN,1699,12,interior,MLD2,2474.15598
CM33_SPIN,1700,1,labsea,a_ice,0.19093
CM33_SPIN,1700,2,labsea,a_ice,0.24875
CM33_SPIN,1700,3,labsea,a_ice,0.29620
CM33_SPIN,1700,4,labsea,a_ice,0.27956
CM33_SPIN,1700,5,labsea,a_ice,0.18193
CM33_SPIN,1700,6,labsea,a_ice,0.08441
CM33_SPIN,1700,7,labsea,a_ice,0.02114
CM33_SPIN,1700,8,labsea,a_ice,0.00081
CM33_SPIN,1700,9,labsea,a_ice,0.00000
CM33_SPIN,1700,10,labsea,a_ice,0.00017
CM33_SPIN,1700,11,labsea,a_ice,0.03170
CM33_SPIN,1700,12,labsea,a_ice,0.14239
CM33_SPIN,1700,1,interior,a_ice,0.02038
CM33_SPIN,1700,2,interior,a_ice,0.06068
CM33_SPIN,1700,3,interior,a_ice,0.09703
CM33_SPIN,1700,4,interior,a_ice,0.06986
CM33_SPIN,1700,5,interior,a_ice,0.07071
CM33_SPIN,1700,6,interior,a_ice,0.00296
CM33_SPIN,1700,7,interior,a_ice,0.00000
CM33_SPIN,1700,8,interior,a_ice,0.00000
CM33_SPIN,1700,9,interior,a_ice,0.00000
CM33_SPIN,1700,10,interior,a_ice,0.00000
CM33_SPIN,1700,11,interior,a_ice,0.00057
CM33_SPIN,1700,12,interior,a_ice,0.00605
CM33_SPIN,1700,1,labsea,MLD2,1694.77690
CM33_SPIN,1700,2,labsea,MLD2,1716.15779
CM33_SPIN,1700,3,labsea,MLD2,1653.70064
CM33_SPIN,1700,4,labsea,MLD2,1498.07090
CM33_SPIN,1700,5,labsea,MLD2,454.41028
CM33_SPIN,1700,6,labsea,MLD2,21.95089
CM33_SPIN,1700,7,labsea,MLD2,17.15867
CM33_SPIN,1700,8,labsea,MLD2,17.09333
CM33_SPIN,1700,9,labsea,MLD2,22.39369
CM33_SPIN,1700,10,labsea,MLD2,35.81298
CM33_SPIN,1700,11,labsea,MLD2,319.82583
CM33_SPIN,1700,12,labsea,MLD2,1329.96530
CM33_SPIN,1700,1,interior,MLD2,2650.59084
CM33_SPIN,1700,2,interior,MLD2,2605.82319
CM33_SPIN,1700,3,interior,MLD2,2516.64554
CM33_SPIN,1700,4,interior,MLD2,2330.01249
CM33_SPIN,1700,5,interior,MLD2,744.59227
CM33_SPIN,1700,6,interior,MLD2,17.47856
CM33_SPIN,1700,7,interior,MLD2,17.47285
CM33_SPIN,1700,8,interior,MLD2,17.92248
CM33_SPIN,1700,9,interior,MLD2,21.98161
CM33_SPIN,1700,10,interior,MLD2,38.20571
CM33_SPIN,1700,11,interior,MLD2,765.61913
CM33_SPIN,1700,12,interior,MLD2,2545.71512
CM33_SPIN,1701,1,labsea,a_ice,0.23365
CM33_SPIN,1701,2,labsea,a_ice,0.32927
CM33_SPIN,1701,3,labsea,a_ice,0.39613
CM33_SPIN,1701,4,labsea,a_ice,0.34406
CM33_SPIN,1701,5,labsea,a_ice,0.24245
CM33_SPIN,1701,6,labsea,a_ice,0.16494
CM33_SPIN,1701,7,labsea,a_ice,0.04912
CM33_SPIN,1701,8,labsea,a_ice,0.01006
CM33_SPIN,1701,9,labsea,a_ice,0.00192
CM33_SPIN,1701,10,labsea,a_ice,0.00687
CM33_SPIN,1701,11,labsea,a_ice,0.08102
CM33_SPIN,1701,12,labsea,a_ice,0.20543
CM33_SPIN,1701,1,interior,a_ice,0.03168
CM33_SPIN,1701,2,interior,a_ice,0.12664
CM33_SPIN,1701,3,interior,a_ice,0.26138
CM33_SPIN,1701,4,interior,a_ice,0.23229
CM33_SPIN,1701,5,interior,a_ice,0.12903
CM33_SPIN,1701,6,interior,a_ice,0.01051
CM33_SPIN,1701,7,interior,a_ice,0.00655
CM33_SPIN,1701,8,interior,a_ice,0.00000
CM33_SPIN,1701,9,interior,a_ice,0.00000
CM33_SPIN,1701,10,interior,a_ice,0.00006
CM33_SPIN,1701,11,interior,a_ice,0.00510
CM33_SPIN,1701,12,interior,a_ice,0.05275
CM33_SPIN,1701,1,labsea,MLD2,1612.46512
CM33_SPIN,1701,2,labsea,MLD2,1466.17639
CM33_SPIN,1701,3,labsea,MLD2,1311.28048
CM33_SPIN,1701,4,labsea,MLD2,1291.08784
CM33_SPIN,1701,5,labsea,MLD2,1055.16602
CM33_SPIN,1701,6,labsea,MLD2,88.03580
CM33_SPIN,1701,7,labsea,MLD2,14.30587
CM33_SPIN,1701,8,labsea,MLD2,16.19528
CM33_SPIN,1701,9,labsea,MLD2,24.44676
CM33_SPIN,1701,10,labsea,MLD2,37.82870
CM33_SPIN,1701,11,labsea,MLD2,591.43562
CM33_SPIN,1701,12,labsea,MLD2,1591.52622
CM33_SPIN,1701,1,interior,MLD2,2603.74062
CM33_SPIN,1701,2,interior,MLD2,2241.01860
CM33_SPIN,1701,3,interior,MLD2,1818.50667
CM33_SPIN,1701,4,interior,MLD2,1719.09781
CM33_SPIN,1701,5,interior,MLD2,1630.46405
CM33_SPIN,1701,6,interior,MLD2,220.30005
CM33_SPIN,1701,7,interior,MLD2,16.28633
CM33_SPIN,1701,8,interior,MLD2,18.19135
CM33_SPIN,1701,9,interior,MLD2,28.29977
CM33_SPIN,1701,10,interior,MLD2,50.81101
CM33_SPIN,1701,11,interior,MLD2,1397.27425
CM33_SPIN,1701,12,interior,MLD2,2607.16828
CM33_SPIN,1702,1,labsea,a_ice,0.25162
CM33_SPIN,1702,2,labsea,a_ice,0.25986
CM33_SPIN,1702,3,labsea,a_ice,0.25451
CM33_SPIN,1702,4,labsea,a_ice,0.28997
CM33_SPIN,1702,5,labsea,a_ice,0.24464
CM33_SPIN,1702,6,labsea,a_ice,0.14174
CM33_SPIN,1702,7,labsea,a_ice,0.04843
CM33_SPIN,1702,8,labsea,a_ice,0.00752
CM33_SPIN,1702,9,labsea,a_ice,0.00002
CM33_SPIN,1702,10,labsea,a_ice,0.01592
CM33_SPIN,1702,11,labsea,a_ice,0.07975
CM33_SPIN,1702,12,labsea,a_ice,0.23700
CM33_SPIN,1702,1,interior,a_ice,0.06191
CM33_SPIN,1702,2,interior,a_ice,0.06568
CM33_SPIN,1702,3,interior,a_ice,0.03132
CM33_SPIN,1702,4,interior,a_ice,0.09387
CM33_SPIN,1702,5,interior,a_ice,0.05649
CM33_SPIN,1702,6,interior,a_ice,0.01472
CM33_SPIN,1702,7,interior,a_ice,0.00733
CM33_SPIN,1702,8,interior,a_ice,0.00000
CM33_SPIN,1702,9,interior,a_ice,0.00000
CM33_SPIN,1702,10,interior,a_ice,0.00004
CM33_SPIN,1702,11,interior,a_ice,0.00134
CM33_SPIN,1702,12,interior,a_ice,0.05517
CM33_SPIN,1702,1,labsea,MLD2,1708.42132
CM33_SPIN,1702,2,labsea,MLD2,1637.98925
CM33_SPIN,1702,3,labsea,MLD2,1676.41948
CM33_SPIN,1702,4,labsea,MLD2,1514.60441
CM33_SPIN,1702,5,labsea,MLD2,897.86965
CM33_SPIN,1702,6,labsea,MLD2,19.86488
CM33_SPIN,1702,7,labsea,MLD2,14.63497
CM33_SPIN,1702,8,labsea,MLD2,15.61056
CM33_SPIN,1702,9,labsea,MLD2,21.05049
CM33_SPIN,1702,10,labsea,MLD2,43.90125
CM33_SPIN,1702,11,labsea,MLD2,335.71265
CM33_SPIN,1702,12,labsea,MLD2,1017.38123
CM33_SPIN,1702,1,interior,MLD2,2616.32268
CM33_SPIN,1702,2,interior,MLD2,2543.60884
CM33_SPIN,1702,3,interior,MLD2,2645.41008
CM33_SPIN,1702,4,interior,MLD2,2430.93868
CM33_SPIN,1702,5,interior,MLD2,1720.73457
CM33_SPIN,1702,6,interior,MLD2,27.36908
CM33_SPIN,1702,7,interior,MLD2,17.06619
CM33_SPIN,1702,8,interior,MLD2,17.97889
CM33_SPIN,1702,9,interior,MLD2,23.38223
CM33_SPIN,1702,10,interior,MLD2,72.39077
CM33_SPIN,1702,11,interior,MLD2,931.81118
CM33_SPIN,1702,12,interior,MLD2,1855.05356
CM33_SPIN,1703,1,labsea,a_ice,0.26466
CM33_SPIN,1703,2,labsea,a_ice,0.28356
CM33_SPIN,1703,3,labsea,a_ice,0.24825
CM33_SPIN,1703,4,labsea,a_ice,0.25551
CM33_SPIN,1703,5,labsea,a_ice,0.21775
CM33_SPIN,1703,6,labsea,a_ice,0.13754
CM33_SPIN,1703,7,labsea,a_ice,0.05003
CM33_SPIN,1703,8,labsea,a_ice,0.01682
CM33_SPIN,1703,9,labsea,a_ice,0.00763
CM33_SPIN,1703,10,labsea,a_ice,0.02194
CM33_SPIN,1703,11,labsea,a_ice,0.06676
CM33_SPIN,1703,12,labsea,a_ice,0.16372
CM33_SPIN,1703,1,interior,a_ice,0.14494
CM33_SPIN,1703,2,interior,a_ice,0.07698
CM33_SPIN,1703,3,interior,a_ice,0.04926
CM33_SPIN,1703,4,interior,a_ice,0.06417
CM33_SPIN,1703,5,interior,a_ice,0.04630
CM33_SPIN,1703,6,interior,a_ice,0.01477
CM33_SPIN,1703,7,interior,a_ice,0.00219
CM33_SPIN,1703,8,interior,a_ice,0.00000
CM33_SPIN,1703,9,interior,a_ice,0.00000
CM33_SPIN,1703,10,interior,a_ice,0.00000
CM33_SPIN,1703,11,interior,a_ice,0.00070
CM33_SPIN,1703,12,interior,a_ice,0.01982
CM33_SPIN,1703,1,labsea,MLD2,1549.68119
CM33_SPIN,1703,2,labsea,MLD2,1594.09383
CM33_SPIN,1703,3,labsea,MLD2,1664.75145
CM33_SPIN,1703,4,labsea,MLD2,1587.29558
CM33_SPIN,1703,5,labsea,MLD2,1317.05874
CM33_SPIN,1703,6,labsea,MLD2,158.01778
CM33_SPIN,1703,7,labsea,MLD2,17.98332
CM33_SPIN,1703,8,labsea,MLD2,15.37248
CM33_SPIN,1703,9,labsea,MLD2,24.02132
CM33_SPIN,1703,10,labsea,MLD2,42.64718
CM33_SPIN,1703,11,labsea,MLD2,771.13218
CM33_SPIN,1703,12,labsea,MLD2,1716.81030
CM33_SPIN,1703,1,interior,MLD2,2239.50892
CM33_SPIN,1703,2,interior,MLD2,2473.44282
CM33_SPIN,1703,3,interior,MLD2,2568.34515
CM33_SPIN,1703,4,interior,MLD2,2484.45920
CM33_SPIN,1703,5,interior,MLD2,2230.83794
CM33_SPIN,1703,6,interior,MLD2,372.07159
CM33_SPIN,1703,7,interior,MLD2,22.00706
CM33_SPIN,1703,8,interior,MLD2,16.95631
CM33_SPIN,1703,9,interior,MLD2,26.40530
CM33_SPIN,1703,10,interior,MLD2,51.14677
CM33_SPIN,1703,11,interior,MLD2,1764.75343
CM33_SPIN,1703,12,interior,MLD2,2650.86528
CM33_SPIN,1704,1,labsea,a_ice,0.21692
CM33_SPIN,1704,2,labsea,a_ice,0.18174
CM33_SPIN,1704,3,labsea,a_ice,0.22228
CM33_SPIN,1704,4,labsea,a_ice,0.24428
CM33_SPIN,1704,5,labsea,a_ice,0.19757
CM33_SPIN,1704,6,labsea,a_ice,0.08941
CM33_SPIN,1704,7,labsea,a_ice,0.01778
CM33_SPIN,1704,8,labsea,a_ice,0.00042
CM33_SPIN,1704,9,labsea,a_ice,0.00000
CM33_SPIN,1704,10,labsea,a_ice,0.00154
CM33_SPIN,1704,11,labsea,a_ice,0.08079
CM33_SPIN,1704,12,labsea,a_ice,0.19677
CM33_SPIN,1704,1,interior,a_ice,0.05988
CM33_SPIN,1704,2,interior,a_ice,0.01458
CM33_SPIN,1704,3,interior,a_ice,0.02508
CM33_SPIN,1704,4,interior,a_ice,0.04527
CM33_SPIN,1704,5,interior,a_ice,0.08013
CM33_SPIN,1704,6,interior,a_ice,0.02086
CM33_SPIN,1704,7,interior,a_ice,0.00099
CM33_SPIN,1704,8,interior,a_ice,0.00000
CM33_SPIN,1704,9,interior,a_ice,0.00000
CM33_SPIN,1704,10,interior,a_ice,0.00000
CM33_SPIN,1704,11,interior,a_ice,0.00220
CM33_SPIN,1704,12,interior,a_ice,0.03706
CM33_SPIN,1704,1,labsea,MLD2,1651.83095
CM33_SPIN,1704,2,labsea,MLD2,1653.10768
CM33_SPIN,1704,3,labsea,MLD2,1701.08448
CM33_SPIN,1704,4,labsea,MLD2,1576.36450
CM33_SPIN,1704,5,labsea,MLD2,774.81308
CM33_SPIN,1704,6,labsea,MLD2,71.85751
CM33_SPIN,1704,7,labsea,MLD2,15.02239
CM33_SPIN,1704,8,labsea,MLD2,15.18233
CM33_SPIN,1704,9,labsea,MLD2,25.22308
CM33_SPIN,1704,10,labsea,MLD2,34.82636
CM33_SPIN,1704,11,labsea,MLD2,557.91084
CM33_SPIN,1704,12,labsea,MLD2,1640.88246
CM33_SPIN,1704,1,interior,MLD2,2525.94329
CM33_SPIN,1704,2,interior,MLD2,2621.03206
CM33_SPIN,1704,3,interior,MLD2,2639.82124
CM33_SPIN,1704,4,interior,MLD2,2408.01661
CM33_SPIN,1704,5,interior,MLD2,1612.88051
CM33_SPIN,1704,6,interior,MLD2,216.16483
CM33_SPIN,1704,7,interior,MLD2,18.62119
CM33_SPIN,1704,8,interior,MLD2,17.43221
CM33_SPIN,1704,9,interior,MLD2,29.07308
CM33_SPIN,1704,10,interior,MLD2,40.46850
CM33_SPIN,1704,11,interior,MLD2,1194.61518
CM33_SPIN,1704,12,interior,MLD2,2606.64804
CM33_SPIN,1705,1,labsea,a_ice,0.25723
CM33_SPIN,1705,2,labsea,a_ice,0.27202
CM33_SPIN,1705,3,labsea,a_ice,0.22264
CM33_SPIN,1705,4,labsea,a_ice,0.25834
CM33_SPIN,1705,5,labsea,a_ice,0.22560
CM33_SPIN,1705,6,labsea,a_ice,0.10719
CM33_SPIN,1705,7,labsea,a_ice,0.02984
CM33_SPIN,1705,8,labsea,a_ice,0.00700
CM33_SPIN,1705,9,labsea,a_ice,0.00002
CM33_SPIN,1705,10,labsea,a_ice,0.00039
CM33_SPIN,1705,11,labsea,a_ice,0.06796
CM33_SPIN,1705,12,labsea,a_ice,0.16235
CM33_SPIN,1705,1,interior,a_ice,0.08208
CM33_SPIN,1705,2,interior,a_ice,0.09412
CM33_SPIN,1705,3,interior,a_ice,0.03615
CM33_SPIN,1705,4,interior,a_ice,0.05061
CM33_SPIN,1705,5,interior,a_ice,0.09157
CM33_SPIN,1705,6,interior,a_ice,0.03064
CM33_SPIN,1705,7,interior,a_ice,0.00050
CM33_SPIN,1705,8,interior,a_ice,0.00000
CM33_SPIN,1705,9,interior,a_ice,0.00000
CM33_SPIN,1705,10,interior,a_ice,0.00000
CM33_SPIN,1705,11,interior,a_ice,0.00452
CM33_SPIN,1705,12,interior,a_ice,0.02444
CM33_SPIN,1705,1,labsea,MLD2,1637.65679
CM33_SPIN,1705,2,labsea,MLD2,1534.19931
CM33_SPIN,1705,3,labsea,MLD2,1604.57342
CM33_SPIN,1705,4,labsea,MLD2,1469.71338
CM33_SPIN,1705,5,labsea,MLD2,901.37493
CM33_SPIN,1705,6,labsea,MLD2,47.88855
CM33_SPIN,1705,7,labsea,MLD2,12.70799
CM33_SPIN,1705,8,labsea,MLD2,14.49812
CM33_SPIN,1705,9,labsea,MLD2,21.97588
CM33_SPIN,1705,10,labsea,MLD2,38.13428
CM33_SPIN,1705,11,labsea,MLD2,675.33892
CM33_SPIN,1705,12,labsea,MLD2,1455.91717
CM33_SPIN,1705,1,interior,MLD2,2558.72263
CM33_SPIN,1705,2,interior,MLD2,2363.25043
CM33_SPIN,1705,3,interior,MLD2,2587.86333
CM33_SPIN,1705,4,interior,MLD2,2436.35031
CM33_SPIN,1705,5,interior,MLD2,1693.15940
CM33_SPIN,1705,6,interior,MLD2,118.17664
CM33_SPIN,1705,7,interior,MLD2,13.34296
CM33_SPIN,1705,8,interior,MLD2,15.60098
CM33_SPIN,1705,9,interior,MLD2,22.79157
CM33_SPIN,1705,10,interior,MLD2,39.77800
CM33_SPIN,1705,11,interior,MLD2,1394.84286
CM33_SPIN,1705,12,interior,MLD2,2519.98417
CM33_SPIN,1706,1,labsea,a_ice,0.24228
CM33_SPIN,1706,2,labsea,a_ice,0.25424
CM33_SPIN,1706,3,labsea,a_ice,0.26207
CM33_SPIN,1706,4,labsea,a_ice,0.23385
CM33_SPIN,1706,5,labsea,a_ice,0.20579
CM33_SPIN,1706,6,labsea,a_ice,0.13216
CM33_SPIN,1706,7,labsea,a_ice,0.04092
CM33_SPIN,1706,8,labsea,a_ice,0.00397
CM33_SPIN,1706,9,labsea,a_ice,0.00000
CM33_SPIN,1706,10,labsea,a_ice,0.00562
CM33_SPIN,1706,11,labsea,a_ice,0.05131
CM33_SPIN,1706,12,labsea,a_ice,0.13087
CM33_SPIN,1706,1,interior,a_ice,0.06149
CM33_SPIN,1706,2,interior,a_ice,0.07244
CM33_SPIN,1706,3,interior,a_ice,0.08344
CM33_SPIN,1706,4,interior,a_ice,0.04219
CM33_SPIN,1706,5,interior,a_ice,0.02644
CM33_SPIN,1706,6,interior,a_ice,0.01299
CM33_SPIN,1706,7,interior,a_ice,0.00035
CM33_SPIN,1706,8,interior,a_ice,0.00000
CM33_SPIN,1706,9,interior,a_ice,0.00000
CM33_SPIN,1706,10,interior,a_ice,0.00000
CM33_SPIN,1706,11,interior,a_ice,0.00003
CM33_SPIN,1706,12,interior,a_ice,0.00799
CM33_SPIN,1706,1,labsea,MLD2,1601.16434
CM33_SPIN,1706,2,labsea,MLD2,1617.31551
CM33_SPIN,1706,3,labsea,MLD2,1626.69245
CM33_SPIN,1706,4,labsea,MLD2,1523.66223
CM33_SPIN,1706,5,labsea,MLD2,652.46351
CM33_SPIN,1706,6,labsea,MLD2,17.05333
CM33_SPIN,1706,7,labsea,MLD2,12.96892
CM33_SPIN,1706,8,labsea,MLD2,13.30963
CM33_SPIN,1706,9,labsea,MLD2,20.56864
CM33_SPIN,1706,10,labsea,MLD2,40.35683
CM33_SPIN,1706,11,labsea,MLD2,531.43333
CM33_SPIN,1706,12,labsea,MLD2,1423.04278
CM33_SPIN,1706,1,interior,MLD2,2541.85776
CM33_SPIN,1706,2,interior,MLD2,2513.04660
CM33_SPIN,1706,3,interior,MLD2,2497.76441
CM33_SPIN,1706,4,interior,MLD2,2392.73856
CM33_SPIN,1706,5,interior,MLD2,1518.12733
CM33_SPIN,1706,6,interior,MLD2,20.74966
CM33_SPIN,1706,7,interior,MLD2,15.42857
CM33_SPIN,1706,8,interior,MLD2,15.68771
CM33_SPIN,1706,9,interior,MLD2,23.35999
CM33_SPIN,1706,10,interior,MLD2,46.49894
CM33_SPIN,1706,11,interior,MLD2,1384.72152
CM33_SPIN,1706,12,interior,MLD2,2609.20809
CM33_SPIN,1707,1,labsea,a_ice,0.19140
CM33_SPIN,1707,2,labsea,a_ice,0.22778
CM33_SPIN,1707,3,labsea,a_ice,0.22848
CM33_SPIN,1707,4,labsea,a_ice,0.23942
CM33_SPIN,1707,5,labsea,a_ice,0.19102
CM33_SPIN,1707,6,labsea,a_ice,0.09116
CM33_SPIN,1707,7,labsea,a_ice,0.01980
CM33_SPIN,1707,8,labsea,a_ice,0.00028
CM33_SPIN,1707,9,labsea,a_ice,0.00000
CM33_SPIN,1707,10,labsea,a_ice,0.00162
CM33_SPIN,1707,11,labsea,a_ice,0.02385
CM33_SPIN,1707,12,labsea,a_ice,0.09401
CM33_SPIN,1707,1,interior,a_ice,0.03631
CM33_SPIN,1707,2,interior,a_ice,0.08806
CM33_SPIN,1707,3,interior,a_ice,0.07048
CM33_SPIN,1707,4,interior,a_ice,0.07013
CM33_SPIN,1707,5,interior,a_ice,0.03265
CM33_SPIN,1707,6,interior,a_ice,0.02244
CM33_SPIN,1707,7,interior,a_ice,0.00226
CM33_SPIN,1707,8,interior,a_ice,0.00000
CM33_SPIN,1707,9,interior,a_ice,0.00000
CM33_SPIN,1707,10,interior,a_ice,0.00000
CM33_SPIN,1707,11,interior,a_ice,0.00000
CM33_SPIN,1707,12,interior,a_ice,0.00617
CM33_SPIN,1707,1,labsea,MLD2,1733.17955
CM33_SPIN,1707,2,labsea,MLD2,1681.54232
CM33_SPIN,1707,3,labsea,MLD2,1672.82840
CM33_SPIN,1707,4,labsea,MLD2,1530.27937
CM33_SPIN,1707,5,labsea,MLD2,1100.13038
CM33_SPIN,1707,6,labsea,MLD2,57.64718
CM33_SPIN,1707,7,labsea,MLD2,15.74920
CM33_SPIN,1707,8,labsea,MLD2,16.01173
CM33_SPIN,1707,9,labsea,MLD2,24.51996
CM33_SPIN,1707,10,labsea,MLD2,37.24536
CM33_SPIN,1707,11,labsea,MLD2,407.55386
CM33_SPIN,1707,12,labsea,MLD2,1362.83628
CM33_SPIN,1707,1,interior,MLD2,2647.73062
CM33_SPIN,1707,2,interior,MLD2,2523.50687
CM33_SPIN,1707,3,interior,MLD2,2538.84370
CM33_SPIN,1707,4,interior,MLD2,2492.32590
CM33_SPIN,1707,5,interior,MLD2,2132.78735
CM33_SPIN,1707,6,interior,MLD2,157.50995
CM33_SPIN,1707,7,interior,MLD2,17.44940
CM33_SPIN,1707,8,interior,MLD2,18.45602
CM33_SPIN,1707,9,interior,MLD2,23.80938
CM33_SPIN,1707,10,interior,MLD2,33.81742
CM33_SPIN,1707,11,interior,MLD2,971.41770
CM33_SPIN,1707,12,interior,MLD2,2484.12691
CM33_SPIN,1708,1,labsea,a_ice,0.18352
CM33_SPIN,1708,2,labsea,a_ice,0.21330
CM33_SPIN,1708,3,labsea,a_ice,0.22606
CM33_SPIN,1708,4,labsea,a_ice,0.21107
CM33_SPIN,1708,5,labsea,a_ice,0.16279
CM33_SPIN,1708,6,labsea,a_ice,0.10884
CM33_SPIN,1708,7,labsea,a_ice,0.03480
CM33_SPIN,1708,8,labsea,a_ice,0.00502
CM33_SPIN,1708,9,labsea,a_ice,0.00000
CM33_SPIN,1708,10,labsea,a_ice,0.00003
CM33_SPIN,1708,11,labsea,a_ice,0.02912
CM33_SPIN,1708,12,labsea,a_ice,0.14535
CM33_SPIN,1708,1,interior,a_ice,0.03253
CM33_SPIN,1708,2,interior,a_ice,0.03444
CM33_SPIN,1708,3,interior,a_ice,0.04168
CM33_SPIN,1708,4,interior,a_ice,0.05785
CM33_SPIN,1708,5,interior,a_ice,0.01864
CM33_SPIN,1708,6,interior,a_ice,0.01649
CM33_SPIN,1708,7,interior,a_ice,0.00216
CM33_SPIN,1708,8,interior,a_ice,0.00000
CM33_SPIN,1708,9,interior,a_ice,0.00000
CM33_SPIN,1708,10,interior,a_ice,0.00000
CM33_SPIN,1708,11,interior,a_ice,0.00019
CM33_SPIN,1708,12,interior,a_ice,0.01141
CM33_SPIN,1708,1,labsea,MLD2,1765.42811
CM33_SPIN,1708,2,labsea,MLD2,1711.25258
CM33_SPIN,1708,3,labsea,MLD2,1496.24959
CM33_SPIN,1708,4,labsea,MLD2,1355.71205
CM33_SPIN,1708,5,labsea,MLD2,682.10368
CM33_SPIN,1708,6,labsea,MLD2,20.81258
CM33_SPIN,1708,7,labsea,MLD2,12.53911
CM33_SPIN,1708,8,labsea,MLD2,16.34598
CM33_SPIN,1708,9,labsea,MLD2,24.66230
CM33_SPIN,1708,10,labsea,MLD2,38.57461
CM33_SPIN,1708,11,labsea,MLD2,402.20277
CM33_SPIN,1708,12,labsea,MLD2,1532.30987
CM33_SPIN,1708,1,interior,MLD2,2675.98238
CM33_SPIN,1708,2,interior,MLD2,2658.77022
CM33_SPIN,1708,3,interior,MLD2,2424.03646
CM33_SPIN,1708,4,interior,MLD2,2015.48393
CM33_SPIN,1708,5,interior,MLD2,1121.17556
CM33_SPIN,1708,6,interior,MLD2,24.47374
CM33_SPIN,1708,7,interior,MLD2,13.16309
CM33_SPIN,1708,8,interior,MLD2,19.41546
CM33_SPIN,1708,9,interior,MLD2,28.41349
CM33_SPIN,1708,10,interior,MLD2,40.33684
CM33_SPIN,1708,11,interior,MLD2,845.37545
CM33_SPIN,1708,12,interior,MLD2,2657.41599
CM33_SPIN,1709,1,labsea,a_ice,0.26092
CM33_SPIN,1709,2,labsea,a_ice,0.34321
CM33_SPIN,1709,3,labsea,a_ice,0.34160
CM33_SPIN,1709,4,labsea,a_ice,0.38006
CM33_SPIN,1709,5,labsea,a_ice,0.32967
CM33_SPIN,1709,6,labsea,a_ice,0.16380
CM33_SPIN,1709,7,labsea,a_ice,0.05084
CM33_SPIN,1709,8,labsea,a_ice,0.00515
CM33_SPIN,1709,9,labsea,a_ice,0.00035
CM33_SPIN,1709,10,labsea,a_ice,0.02440
CM33_SPIN,1709,11,labsea,a_ice,0.13789
CM33_SPIN,1709,12,labsea,a_ice,0.32761
CM33_SPIN,1709,1,interior,a_ice,0.11548
CM33_SPIN,1709,2,interior,a_ice,0.15132
CM33_SPIN,1709,3,interior,a_ice,0.17357
CM33_SPIN,1709,4,interior,a_ice,0.21633
CM33_SPIN,1709,5,interior,a_ice,0.15926
CM33_SPIN,1709,6,interior,a_ice,0.02345
CM33_SPIN,1709,7,interior,a_ice,0.00497
CM33_SPIN,1709,8,interior,a_ice,0.00000
CM33_SPIN,1709,9,interior,a_ice,0.00000
CM33_SPIN,1709,10,interior,a_ice,0.00023
CM33_SPIN,1709,11,interior,a_ice,0.01504
CM33_SPIN,1709,12,interior,a_ice,0.17793
CM33_SPIN,1709,1,labsea,MLD2,1647.96799
CM33_SPIN,1709,2,labsea,MLD2,1421.70929
CM33_SPIN,1709,3,labsea,MLD2,1303.64911
CM33_SPIN,1709,4,labsea,MLD2,1313.76006
CM33_SPIN,1709,5,labsea,MLD2,1035.27777
CM33_SPIN,1709,6,labsea,MLD2,70.58338
CM33_SPIN,1709,7,labsea,MLD2,15.11954
CM33_SPIN,1709,8,labsea,MLD2,17.01780
CM33_SPIN,1709,9,labsea,MLD2,24.79182
CM33_SPIN,1709,10,labsea,MLD2,45.58051
CM33_SPIN,1709,11,labsea,MLD2,490.61256
CM33_SPIN,1709,12,labsea,MLD2,1217.42620
CM33_SPIN,1709,1,interior,MLD2,2472.32954
CM33_SPIN,1709,2,interior,MLD2,2268.01770
CM33_SPIN,1709,3,interior,MLD2,1991.77810
CM33_SPIN,1709,4,interior,MLD2,1845.02920
CM33_SPIN,1709,5,interior,MLD2,1454.67381
CM33_SPIN,1709,6,interior,MLD2,169.27715
CM33_SPIN,1709,7,interior,MLD2,17.82347
CM33_SPIN,1709,8,interior,MLD2,20.40879
CM33_SPIN,1709,9,interior,MLD2,29.83834
CM33_SPIN,1709,10,interior,MLD2,70.57762
CM33_SPIN,1709,11,interior,MLD2,1248.32369
CM33_SPIN,1709,12,interior,MLD2,1899.64844
CM33_SPIN,1710,1,labsea,a_ice,0.42925
CM33_SPIN,1710,2,labsea,a_ice,0.43773
CM33_SPIN,1710,3,labsea,a_ice,0.40552
CM33_SPIN,1710,4,labsea,a_ice,0.38887
CM33_SPIN,1710,5,labsea,a_ice,0.31903
CM33_SPIN,1710,6,labsea,a_ice,0.21405
CM33_SPIN,1710,7,labsea,a_ice,0.07115
CM33_SPIN,1710,8,labsea,a_ice,0.01435
CM33_SPIN,1710,9,labsea,a_ice,0.00437
CM33_SPIN,1710,10,labsea,a_ice,0.01396
CM33_SPIN,1710,11,labsea,a_ice,0.12370
CM33_SPIN,1710,12,labsea,a_ice,0.22806
CM33_SPIN,1710,1,interior,a_ice,0.35640
CM33_SPIN,1710,2,interior,a_ice,0.25971
CM33_SPIN,1710,3,interior,a_ice,0.27777
CM33_SPIN,1710,4,interior,a_ice,0.24896
CM33_SPIN,1710,5,interior,a_ice,0.14271
CM33_SPIN,1710,6,interior,a_ice,0.04616
CM33_SPIN,1710,7,interior,a_ice,0.01305
CM33_SPIN,1710,8,interior,a_ice,0.00023
CM33_SPIN,1710,9,interior,a_ice,0.00000
CM33_SPIN,1710,10,interior,a_ice,0.00000
CM33_SPIN,1710,11,interior,a_ice,0.02064
CM33_SPIN,1710,12,interior,a_ice,0.06867
CM33_SPIN,1710,1,labsea,MLD2,1200.87964
CM33_SPIN,1710,2,labsea,MLD2,1193.76530
CM33_SPIN,1710,3,labsea,MLD2,1160.80612
CM33_SPIN,1710,4,labsea,MLD2,1102.32880
CM33_SPIN,1710,5,labsea,MLD2,780.98915
CM33_SPIN,1710,6,labsea,MLD2,16.77658
CM33_SPIN,1710,7,labsea,MLD2,12.67302
CM33_SPIN,1710,8,labsea,MLD2,13.28727
CM33_SPIN,1710,9,labsea,MLD2,20.74152
CM33_SPIN,1710,10,labsea,MLD2,33.44942
CM33_SPIN,1710,11,labsea,MLD2,376.97745
CM33_SPIN,1710,12,labsea,MLD2,1393.22459
CM33_SPIN,1710,1,interior,MLD2,1625.23689
CM33_SPIN,1710,2,interior,MLD2,1779.60395
CM33_SPIN,1710,3,interior,MLD2,1722.77408
CM33_SPIN,1710,4,interior,MLD2,1649.71914
CM33_SPIN,1710,5,interior,MLD2,1163.83181
CM33_SPIN,1710,6,interior,MLD2,22.79157
CM33_SPIN,1710,7,interior,MLD2,15.10661
CM33_SPIN,1710,8,interior,MLD2,15.84045
CM33_SPIN,1710,9,interior,MLD2,21.87457
CM33_SPIN,1710,10,interior,MLD2,36.88292
CM33_SPIN,1710,11,interior,MLD2,697.97744
CM33_SPIN,1710,12,interior,MLD2,2561.57542
CM33_SPIN,1711,1,labsea,a_ice,0.28666
CM33_SPIN,1711,2,labsea,a_ice,0.40136
CM33_SPIN,1711,3,labsea,a_ice,0.36140
CM33_SPIN,1711,4,labsea,a_ice,0.27605
CM33_SPIN,1711,5,labsea,a_ice,0.21526
CM33_SPIN,1711,6,labsea,a_ice,0.10721
CM33_SPIN,1711,7,labsea,a_ice,0.03594
CM33_SPIN,1711,8,labsea,a_ice,0.00936
CM33_SPIN,1711,9,labsea,a_ice,0.00816
CM33_SPIN,1711,10,labsea,a_ice,0.01396
CM33_SPIN,1711,11,labsea,a_ice,0.06926
CM33_SPIN,1711,12,labsea,a_ice,0.22685
CM33_SPIN,1711,1,interior,a_ice,0.09123
CM33_SPIN,1711,2,interior,a_ice,0.21837
CM33_SPIN,1711,3,interior,a_ice,0.19470
CM33_SPIN,1711,4,interior,a_ice,0.10155
CM33_SPIN,1711,5,interior,a_ice,0.02688
CM33_SPIN,1711,6,interior,a_ice,0.02587
CM33_SPIN,1711,7,interior,a_ice,0.00090
CM33_SPIN,1711,8,interior,a_ice,0.00000
CM33_SPIN,1711,9,interior,a_ice,0.00000
CM33_SPIN,1711,10,interior,a_ice,0.00000
CM33_SPIN,1711,11,interior,a_ice,0.00027
CM33_SPIN,1711,12,interior,a_ice,0.07931
CM33_SPIN,1711,1,labsea,MLD2,1555.95816
CM33_SPIN,1711,2,labsea,MLD2,1297.20189
CM33_SPIN,1711,3,labsea,MLD2,1325.61781
CM33_SPIN,1711,4,labsea,MLD2,1445.57413
CM33_SPIN,1711,5,labsea,MLD2,538.98976
CM33_SPIN,1711,6,labsea,MLD2,16.12624
CM33_SPIN,1711,7,labsea,MLD2,16.52243
CM33_SPIN,1711,8,labsea,MLD2,14.83064
CM33_SPIN,1711,9,labsea,MLD2,21.71110
CM33_SPIN,1711,10,labsea,MLD2,32.72186
CM33_SPIN,1711,11,labsea,MLD2,425.12390
CM33_SPIN,1711,12,labsea,MLD2,1463.71434
CM33_SPIN,1711,1,interior,MLD2,2538.42309
CM33_SPIN,1711,2,interior,MLD2,2045.78169
CM33_SPIN,1711,3,interior,MLD2,1916.20699
CM33_SPIN,1711,4,interior,MLD2,2212.67937
CM33_SPIN,1711,5,interior,MLD2,985.44317
CM33_SPIN,1711,6,interior,MLD2,19.58502
CM33_SPIN,1711,7,interior,MLD2,20.53168
CM33_SPIN,1711,8,interior,MLD2,17.69666
CM33_SPIN,1711,9,interior,MLD2,24.11924
CM33_SPIN,1711,10,interior,MLD2,34.29859
CM33_SPIN,1711,11,interior,MLD2,1140.88269
CM33_SPIN,1711,12,interior,MLD2,2511.32315
CM33_SPIN,1712,1,labsea,a_ice,0.34885
CM33_SPIN,1712,2,labsea,a_ice,0.37620
CM33_SPIN,1712,3,labsea,a_ice,0.39531
CM33_SPIN,1712,4,labsea,a_ice,0.33174
CM33_SPIN,1712,5,labsea,a_ice,0.23477
CM33_SPIN,1712,6,labsea,a_ice,0.14677
CM33_SPIN,1712,7,labsea,a_ice,0.04317
CM33_SPIN,1712,8,labsea,a_ice,0.01079
CM33_SPIN,1712,9,labsea,a_ice,0.00044
CM33_SPIN,1712,10,labsea,a_ice,0.02467
CM33_SPIN,1712,11,labsea,a_ice,0.11107
CM33_SPIN,1712,12,labsea,a_ice,0.17475
CM33_SPIN,1712,1,interior,a_ice,0.14659
CM33_SPIN,1712,2,interior,a_ice,0.16182
CM33_SPIN,1712,3,interior,a_ice,0.21940
CM33_SPIN,1712,4,interior,a_ice,0.14478
CM33_SPIN,1712,5,interior,a_ice,0.08986
CM33_SPIN,1712,6,interior,a_ice,0.05310
CM33_SPIN,1712,7,interior,a_ice,0.00491
CM33_SPIN,1712,8,interior,a_ice,0.00000
CM33_SPIN,1712,9,interior,a_ice,0.00000
CM33_SPIN,1712,10,interior,a_ice,0.00002
CM33_SPIN,1712,11,interior,a_ice,0.01350
CM33_SPIN,1712,12,interior,a_ice,0.01847
CM33_SPIN,1712,1,labsea,MLD2,1378.91656
CM33_SPIN,1712,2,labsea,MLD2,1236.20947
CM33_SPIN,1712,3,labsea,MLD2,1390.94858
CM33_SPIN,1712,4,labsea,MLD2,1365.62489
CM33_SPIN,1712,5,labsea,MLD2,986.03597
CM33_SPIN,1712,6,labsea,MLD2,167.78181
CM33_SPIN,1712,7,labsea,MLD2,13.40974
CM33_SPIN,1712,8,labsea,MLD2,13.45308
CM33_SPIN,1712,9,labsea,MLD2,20.24457
CM33_SPIN,1712,10,labsea,MLD2,68.96204
CM33_SPIN,1712,11,labsea,MLD2,671.36965
CM33_SPIN,1712,12,labsea,MLD2,1536.81441
CM33_SPIN,1712,1,interior,MLD2,2223.54341
CM33_SPIN,1712,2,interior,MLD2,1876.55214
CM33_SPIN,1712,3,interior,MLD2,2006.79373
CM33_SPIN,1712,4,interior,MLD2,2083.99284
CM33_SPIN,1712,5,interior,MLD2,1837.22856
CM33_SPIN,1712,6,interior,MLD2,514.90008
CM33_SPIN,1712,7,interior,MLD2,15.88266
CM33_SPIN,1712,8,interior,MLD2,15.37781
CM33_SPIN,1712,9,interior,MLD2,19.84335
CM33_SPIN,1712,10,interior,MLD2,153.23315
CM33_SPIN,1712,11,interior,MLD2,1640.16344
CM33_SPIN,1712,12,interior,MLD2,2534.31822
CM33_SPIN,1713,1,labsea,a_ice,0.22831
CM33_SPIN,1713,2,labsea,a_ice,0.25806
CM33_SPIN,1713,3,labsea,a_ice,0.28409
CM33_SPIN,1713,4,labsea,a_ice,0.23863
CM33_SPIN,1713,5,labsea,a_ice,0.14810
CM33_SPIN,1713,6,labsea,a_ice,0.09802
CM33_SPIN,1713,7,labsea,a_ice,0.03381
CM33_SPIN,1713,8,labsea,a_ice,0.01034
CM33_SPIN,1713,9,labsea,a_ice,0.00116
CM33_SPIN,1713,10,labsea,a_ice,0.00843
CM33_SPIN,1713,11,labsea,a_ice,0.10018
CM33_SPIN,1713,12,labsea,a_ice,0.25967
CM33_SPIN,1713,1,interior,a_ice,0.05819
CM33_SPIN,1713,2,interior,a_ice,0.06866
CM33_SPIN,1713,3,interior,a_ice,0.08993
CM33_SPIN,1713,4,interior,a_ice,0.03912
CM33_SPIN,1713,5,interior,a_ice,0.05069
CM33_SPIN,1713,6,interior,a_ice,0.01255
CM33_SPIN,1713,7,interior,a_ice,0.00065
CM33_SPIN,1713,8,interior,a_ice,0.00000
CM33_SPIN,1713,9,interior,a_ice,0.00000
CM33_SPIN,1713,10,interior,a_ice,0.00000
CM33_SPIN,1713,11,interior,a_ice,0.00759
CM33_SPIN,1713,12,interior,a_ice,0.06732
CM33_SPIN,1713,1,labsea,MLD2,1564.82391
CM33_SPIN,1713,2,labsea,MLD2,1546.37334
CM33_SPIN,1713,3,labsea,MLD2,1302.04073
CM33_SPIN,1713,4,labsea,MLD2,1140.06706
CM33_SPIN,1713,5,labsea,MLD2,477.10834
CM33_SPIN,1713,6,labsea,MLD2,54.25068
CM33_SPIN,1713,7,labsea,MLD2,14.60973
CM33_SPIN,1713,8,labsea,MLD2,15.27516
CM33_SPIN,1713,9,labsea,MLD2,26.59773
CM33_SPIN,1713,10,labsea,MLD2,41.32804
CM33_SPIN,1713,11,labsea,MLD2,458.58165
CM33_SPIN,1713,12,labsea,MLD2,1211.40217
CM33_SPIN,1713,1,interior,MLD2,2420.56037
CM33_SPIN,1713,2,interior,MLD2,2510.23577
CM33_SPIN,1713,3,interior,MLD2,2230.61093
CM33_SPIN,1713,4,interior,MLD2,1815.03808
CM33_SPIN,1713,5,interior,MLD2,972.44304
CM33_SPIN,1713,6,interior,MLD2,133.83665
CM33_SPIN,1713,7,interior,MLD2,17.55709
CM33_SPIN,1713,8,interior,MLD2,18.37023
CM33_SPIN,1713,9,interior,MLD2,33.39235
CM33_SPIN,1713,10,interior,MLD2,54.99834
CM33_SPIN,1713,11,interior,MLD2,1103.49105
CM33_SPIN,1713,12,interior,MLD2,2183.73993
CM33_SPIN,1714,1,labsea,a_ice,0.32961
CM33_SPIN,1714,2,labsea,a_ice,0.39199
CM33_SPIN,1714,3,labsea,a_ice,0.34914
CM33_SPIN,1714,4,labsea,a_ice,0.40045
CM33_SPIN,1714,5,labsea,a_ice,0.28687
CM33_SPIN,1714,6,labsea,a_ice,0.12336
CM33_SPIN,1714,7,labsea,a_ice,0.04759
CM33_SPIN,1714,8,labsea,a_ice,0.00728
CM33_SPIN,1714,9,labsea,a_ice,0.00264
CM33_SPIN,1714,10,labsea,a_ice,0.01602
CM33_SPIN,1714,11,labsea,a_ice,0.04775
CM33_SPIN,1714,12,labsea,a_ice,0.17395
CM33_SPIN,1714,1,interior,a_ice,0.14911
CM33_SPIN,1714,2,interior,a_ice,0.28809
CM33_SPIN,1714,3,interior,a_ice,0.21513
CM33_SPIN,1714,4,interior,a_ice,0.26713
CM33_SPIN,1714,5,interior,a_ice,0.13879
CM33_SPIN,1714,6,interior,a_ice,0.02092
CM33_SPIN,1714,7,interior,a_ice,0.00005
CM33_SPIN,1714,8,interior,a_ice,0.00000
CM33_SPIN,1714,9,interior,a_ice,0.00000
CM33_SPIN,1714,10,interior,a_ice,0.00000
CM33_SPIN,1714,11,interior,a_ice,0.00201
CM33_SPIN,1714,12,interior,a_ice,0.03749
CM33_SPIN,1714,1,labsea,MLD2,1164.48548
CM33_SPIN,1714,2,labsea,MLD2,1248.75447
CM33_SPIN,1714,3,labsea,MLD2,1280.04245
CM33_SPIN,1714,4,labsea,MLD2,1206.04635
CM33_SPIN,1714,5,labsea,MLD2,336.85545
CM33_SPIN,1714,6,labsea,MLD2,17.15720
CM33_SPIN,1714,7,labsea,MLD2,12.36887
CM33_SPIN,1714,8,labsea,MLD2,14.07763
CM33_SPIN,1714,9,labsea,MLD2,22.44373
CM33_SPIN,1714,10,labsea,MLD2,35.99806
CM33_SPIN,1714,11,labsea,MLD2,155.14214
CM33_SPIN,1714,12,labsea,MLD2,1408.28832
CM33_SPIN,1714,1,interior,MLD2,1601.42326
CM33_SPIN,1714,2,interior,MLD2,1599.25630
CM33_SPIN,1714,3,interior,MLD2,1794.29466
CM33_SPIN,1714,4,interior,MLD2,1663.80579
CM33_SPIN,1714,5,interior,MLD2,683.26432
CM33_SPIN,1714,6,interior,MLD2,19.18256
CM33_SPIN,1714,7,interior,MLD2,12.45833
CM33_SPIN,1714,8,interior,MLD2,15.92551
CM33_SPIN,1714,9,interior,MLD2,23.28375
CM33_SPIN,1714,10,interior,MLD2,35.46831
CM33_SPIN,1714,11,interior,MLD2,171.56967
CM33_SPIN,1714,12,interior,MLD2,2275.59304
CM33_SPIN,1715,1,labsea,a_ice,0.21008
CM33_SPIN,1715,2,labsea,a_ice,0.23752
CM33_SPIN,1715,3,labsea,a_ice,0.23328
CM33_SPIN,1715,4,labsea,a_ice,0.25415
CM33_SPIN,1715,5,labsea,a_ice,0.25284
CM33_SPIN,1715,6,labsea,a_ice,0.14418
CM33_SPIN,1715,7,labsea,a_ice,0.05128
CM33_SPIN,1715,8,labsea,a_ice,0.00413
CM33_SPIN,1715,9,labsea,a_ice,0.00013
CM33_SPIN,1715,10,labsea,a_ice,0.01150
CM33_SPIN,1715,11,labsea,a_ice,0.06257
CM33_SPIN,1715,12,labsea,a_ice,0.16688
CM33_SPIN,1715,1,interior,a_ice,0.05553
CM33_SPIN,1715,2,interior,a_ice,0.06719
CM33_SPIN,1715,3,interior,a_ice,0.04339
CM33_SPIN,1715,4,interior,a_ice,0.10516
CM33_SPIN,1715,5,interior,a_ice,0.08584
CM33_SPIN,1715,6,interior,a_ice,0.00619
CM33_SPIN,1715,7,interior,a_ice,0.00143
CM33_SPIN,1715,8,interior,a_ice,0.00000
CM33_SPIN,1715,9,interior,a_ice,0.00000
CM33_SPIN,1715,10,interior,a_ice,0.00000
CM33_SPIN,1715,11,interior,a_ice,0.00002
CM33_SPIN,1715,12,interior,a_ice,0.02259
CM33_SPIN,1715,1,labsea,MLD2,1625.99291
CM33_SPIN,1715,2,labsea,MLD2,1539.38773
CM33_SPIN,1715,3,labsea,MLD2,1504.26151
CM33_SPIN,1715,4,labsea,MLD2,1332.34689
CM33_SPIN,1715,5,labsea,MLD2,935.25367
CM33_SPIN,1715,6,labsea,MLD2,25.96043
CM33_SPIN,1715,7,labsea,MLD2,16.40583
CM33_SPIN,1715,8,labsea,MLD2,14.39382
CM33_SPIN,1715,9,labsea,MLD2,20.08753
CM33_SPIN,1715,10,labsea,MLD2,35.28570
CM33_SPIN,1715,11,labsea,MLD2,346.18723
CM33_SPIN,1715,12,labsea,MLD2,1323.86321
CM33_SPIN,1715,1,interior,MLD2,2532.02952
CM33_SPIN,1715,2,interior,MLD2,2461.62967
CM33_SPIN,1715,3,interior,MLD2,2477.19949
CM33_SPIN,1715,4,interior,MLD2,2057.02575
CM33_SPIN,1715,5,interior,MLD2,1472.52844
CM33_SPIN,1715,6,interior,MLD2,51.95508
CM33_SPIN,1715,7,interior,MLD2,18.77357
CM33_SPIN,1715,8,interior,MLD2,16.31440
CM33_SPIN,1715,9,interior,MLD2,22.47401
CM33_SPIN,1715,10,interior,MLD2,39.00253
CM33_SPIN,1715,11,interior,MLD2,939.99950
CM33_SPIN,1715,12,interior,MLD2,2285.80454
CM33_SPIN,1716,1,labsea,a_ice,0.24098
CM33_SPIN,1716,2,labsea,a_ice,0.29610
CM33_SPIN,1716,3,labsea,a_ice,0.34564
CM33_SPIN,1716,4,labsea,a_ice,0.35368
CM33_SPIN,1716,5,labsea,a_ice,0.29587
CM33_SPIN,1716,6,labsea,a_ice,0.15469
CM33_SPIN,1716,7,labsea,a_ice,0.07271
CM33_SPIN,1716,8,labsea,a_ice,0.03082
CM33_SPIN,1716,9,labsea,a_ice,0.02158
CM33_SPIN,1716,10,labsea,a_ice,0.03469
CM33_SPIN,1716,11,labsea,a_ice,0.06415
CM33_SPIN,1716,12,labsea,a_ice,0.17177
CM33_SPIN,1716,1,interior,a_ice,0.09001
CM33_SPIN,1716,2,interior,a_ice,0.10730
CM33_SPIN,1716,3,interior,a_ice,0.10722
CM33_SPIN,1716,4,interior,a_ice,0.16269
CM33_SPIN,1716,5,interior,a_ice,0.13301
CM33_SPIN,1716,6,interior,a_ice,0.03011
CM33_SPIN,1716,7,interior,a_ice,0.00238
CM33_SPIN,1716,8,interior,a_ice,0.00006
CM33_SPIN,1716,9,interior,a_ice,0.00000
CM33_SPIN,1716,10,interior,a_ice,0.00000
CM33_SPIN,1716,11,interior,a_ice,0.00012
CM33_SPIN,1716,12,interior,a_ice,0.02657
CM33_SPIN,1716,1,labsea,MLD2,1662.58108
CM33_SPIN,1716,2,labsea,MLD2,1592.20780
CM33_SPIN,1716,3,labsea,MLD2,1350.99450
CM33_SPIN,1716,4,labsea,MLD2,1172.23951
CM33_SPIN,1716,5,labsea,MLD2,629.60551
CM33_SPIN,1716,6,labsea,MLD2,76.85374
CM33_SPIN,1716,7,labsea,MLD2,14.60918
CM33_SPIN,1716,8,labsea,MLD2,16.35177
CM33_SPIN,1716,9,labsea,MLD2,21.65093
CM33_SPIN,1716,10,labsea,MLD2,31.67931
CM33_SPIN,1716,11,labsea,MLD2,128.76856
CM33_SPIN,1716,12,labsea,MLD2,1204.16938
CM33_SPIN,1716,1,interior,MLD2,2522.87024
CM33_SPIN,1716,2,interior,MLD2,2463.49354
CM33_SPIN,1716,3,interior,MLD2,2251.77054
CM33_SPIN,1716,4,interior,MLD2,1853.68302
CM33_SPIN,1716,5,interior,MLD2,1152.16707
CM33_SPIN,1716,6,interior,MLD2,228.38799
CM33_SPIN,1716,7,interior,MLD2,17.37474
CM33_SPIN,1716,8,interior,MLD2,19.48192
CM33_SPIN,1716,9,interior,MLD2,23.55272
CM33_SPIN,1716,10,interior,MLD2,35.06545
CM33_SPIN,1716,11,interior,MLD2,316.57522
CM33_SPIN,1716,12,interior,MLD2,2393.52629
CM33_SPIN,1717,1,labsea,a_ice,0.22914
CM33_SPIN,1717,2,labsea,a_ice,0.30682
CM33_SPIN,1717,3,labsea,a_ice,0.33869
CM33_SPIN,1717,4,labsea,a_ice,0.30531
CM33_SPIN,1717,5,labsea,a_ice,0.24078
CM33_SPIN,1717,6,labsea,a_ice,0.18665
CM33_SPIN,1717,7,labsea,a_ice,0.07528
CM33_SPIN,1717,8,labsea,a_ice,0.01863
CM33_SPIN,1717,9,labsea,a_ice,0.00578
CM33_SPIN,1717,10,labsea,a_ice,0.03200
CM33_SPIN,1717,11,labsea,a_ice,0.10012
CM33_SPIN,1717,12,labsea,a_ice,0.25675
CM33_SPIN,1717,1,interior,a_ice,0.07112
CM33_SPIN,1717,2,interior,a_ice,0.10592
CM33_SPIN,1717,3,interior,a_ice,0.15316
CM33_SPIN,1717,4,interior,a_ice,0.10256
CM33_SPIN,1717,5,interior,a_ice,0.03496
CM33_SPIN,1717,6,interior,a_ice,0.03426
CM33_SPIN,1717,7,interior,a_ice,0.01153
CM33_SPIN,1717,8,interior,a_ice,0.00000
CM33_SPIN,1717,9,interior,a_ice,0.00000
CM33_SPIN,1717,10,interior,a_ice,0.00003
CM33_SPIN,1717,11,interior,a_ice,0.00650
CM33_SPIN,1717,12,interior,a_ice,0.05876
CM33_SPIN,1717,1,labsea,MLD2,1657.12077
CM33_SPIN,1717,2,labsea,MLD2,1620.10894
CM33_SPIN,1717,3,labsea,MLD2,1485.61841
CM33_SPIN,1717,4,labsea,MLD2,1376.16291
CM33_SPIN,1717,5,labsea,MLD2,606.45092
CM33_SPIN,1717,6,labsea,MLD2,173.97185
CM33_SPIN,1717,7,labsea,MLD2,15.34114
CM33_SPIN,1717,8,labsea,MLD2,14.43937
CM33_SPIN,1717,9,labsea,MLD2,21.87444
CM33_SPIN,1717,10,labsea,MLD2,67.78962
CM33_SPIN,1717,11,labsea,MLD2,519.81246
CM33_SPIN,1717,12,labsea,MLD2,1325.38807
CM33_SPIN,1717,1,interior,MLD2,2592.02498
CM33_SPIN,1717,2,interior,MLD2,2482.96463
CM33_SPIN,1717,3,interior,MLD2,2205.18003
CM33_SPIN,1717,4,interior,MLD2,2243.52932
CM33_SPIN,1717,5,interior,MLD2,1610.40260
CM33_SPIN,1717,6,interior,MLD2,576.37966
CM33_SPIN,1717,7,interior,MLD2,18.12744
CM33_SPIN,1717,8,interior,MLD2,14.89179
CM33_SPIN,1717,9,interior,MLD2,24.09278
CM33_SPIN,1717,10,interior,MLD2,149.33628
CM33_SPIN,1717,11,interior,MLD2,1424.03228
CM33_SPIN,1717,12,interior,MLD2,2361.61549
CM33_SPIN,1718,1,labsea,a_ice,0.35053
CM33_SPIN,1718,2,labsea,a_ice,0.45521
CM33_SPIN,1718,3,labsea,a_ice,0.47468
CM33_SPIN,1718,4,labsea,a_ice,0.45000
CM33_SPIN,1718,5,labsea,a_ice,0.37382
CM33_SPIN,1718,6,labsea,a_ice,0.19641
CM33_SPIN,1718,7,labsea,a_ice,0.05620
CM33_SPIN,1718,8,labsea,a_ice,0.00679
CM33_SPIN,1718,9,labsea,a_ice,0.00211
CM33_SPIN,1718,10,labsea,a_ice,0.00339
CM33_SPIN,1718,11,labsea,a_ice,0.06624
CM33_SPIN,1718,12,labsea,a_ice,0.17609
CM33_SPIN,1718,1,interior,a_ice,0.20938
CM33_SPIN,1718,2,interior,a_ice,0.37169
CM33_SPIN,1718,3,interior,a_ice,0.38415
CM33_SPIN,1718,4,interior,a_ice,0.36876
CM33_SPIN,1718,5,interior,a_ice,0.25625
CM33_SPIN,1718,6,interior,a_ice,0.09753
CM33_SPIN,1718,7,interior,a_ice,0.01875
CM33_SPIN,1718,8,interior,a_ice,0.00002
CM33_SPIN,1718,9,interior,a_ice,0.00000
CM33_SPIN,1718,10,interior,a_ice,0.00000
CM33_SPIN,1718,11,interior,a_ice,0.00208
CM33_SPIN,1718,12,interior,a_ice,0.02547
CM33_SPIN,1718,1,labsea,MLD2,1224.82841
CM33_SPIN,1718,2,labsea,MLD2,1224.52501
CM33_SPIN,1718,3,labsea,MLD2,1139.16437
CM33_SPIN,1718,4,labsea,MLD2,1091.74737
CM33_SPIN,1718,5,labsea,MLD2,640.09367
CM33_SPIN,1718,6,labsea,MLD2,17.41160
CM33_SPIN,1718,7,labsea,MLD2,13.56730
CM33_SPIN,1718,8,labsea,MLD2,15.14174
CM33_SPIN,1718,9,labsea,MLD2,23.47303
CM33_SPIN,1718,10,labsea,MLD2,28.88640
CM33_SPIN,1718,11,labsea,MLD2,68.38515
CM33_SPIN,1718,12,labsea,MLD2,1047.33979
CM33_SPIN,1718,1,interior,MLD2,1721.65055
CM33_SPIN,1718,2,interior,MLD2,1570.70116
CM33_SPIN,1718,3,interior,MLD2,1500.96174
CM33_SPIN,1718,4,interior,MLD2,1383.77328
CM33_SPIN,1718,5,interior,MLD2,604.97503
CM33_SPIN,1718,6,interior,MLD2,18.34415
CM33_SPIN,1718,7,interior,MLD2,13.53717
CM33_SPIN,1718,8,interior,MLD2,15.86505
CM33_SPIN,1718,9,interior,MLD2,21.95289
CM33_SPIN,1718,10,interior,MLD2,27.75124
CM33_SPIN,1718,11,interior,MLD2,73.40447
CM33_SPIN,1718,12,interior,MLD2,1625.26066
CM33_SPIN,1719,1,labsea,a_ice,0.23974
CM33_SPIN,1719,2,labsea,a_ice,0.27747
CM33_SPIN,1719,3,labsea,a_ice,0.31745
CM33_SPIN,1719,4,labsea,a_ice,0.30277
CM33_SPIN,1719,5,labsea,a_ice,0.24702
CM33_SPIN,1719,6,labsea,a_ice,0.16564
CM33_SPIN,1719,7,labsea,a_ice,0.04654
CM33_SPIN,1719,8,labsea,a_ice,0.00198
CM33_SPIN,1719,9,labsea,a_ice,0.00000
CM33_SPIN,1719,10,labsea,a_ice,0.00360
CM33_SPIN,1719,11,labsea,a_ice,0.06642
CM33_SPIN,1719,12,labsea,a_ice,0.17874
CM33_SPIN,1719,1,interior,a_ice,0.05610
CM33_SPIN,1719,2,interior,a_ice,0.07718
CM33_SPIN,1719,3,interior,a_ice,0.08429
CM33_SPIN,1719,4,interior,a_ice,0.13488
CM33_SPIN,1719,5,interior,a_ice,0.07917
CM33_SPIN,1719,6,interior,a_ice,0.05683
CM33_SPIN,1719,7,interior,a_ice,0.01553
CM33_SPIN,1719,8,interior,a_ice,0.00000
CM33_SPIN,1719,9,interior,a_ice,0.00000
CM33_SPIN,1719,10,interior,a_ice,0.00000
CM33_SPIN,1719,11,interior,a_ice,0.00052
CM33_SPIN,1719,12,interior,a_ice,0.03522
CM33_SPIN,1719,1,labsea,MLD2,1571.74282
CM33_SPIN,1719,2,labsea,MLD2,1602.64181
CM33_SPIN,1719,3,labsea,MLD2,1433.78690
CM33_SPIN,1719,4,labsea,MLD2,1359.60968
CM33_SPIN,1719,5,labsea,MLD2,1114.28007
CM33_SPIN,1719,6,labsea,MLD2,91.60555
CM33_SPIN,1719,7,labsea,MLD2,15.37499
CM33_SPIN,1719,8,labsea,MLD2,14.09712
CM33_SPIN,1719,9,labsea,MLD2,21.29933
CM33_SPIN,1719,10,labsea,MLD2,51.01479
CM33_SPIN,1719,11,labsea,MLD2,407.11583
CM33_SPIN,1719,12,labsea,MLD2,1454.95574
CM33_SPIN,1719,1,interior,MLD2,2507.40803
CM33_SPIN,1719,2,interior,MLD2,2536.54340
CM33_SPIN,1719,3,interior,MLD2,2346.79815
CM33_SPIN,1719,4,interior,MLD2,1968.50704
CM33_SPIN,1719,5,interior,MLD2,1715.21583
CM33_SPIN,1719,6,interior,MLD2,252.63814
CM33_SPIN,1719,7,interior,MLD2,16.56285
CM33_SPIN,1719,8,interior,MLD2,14.64901
CM33_SPIN,1719,9,interior,MLD2,20.21925
CM33_SPIN,1719,10,interior,MLD2,74.52500
CM33_SPIN,1719,11,interior,MLD2,1017.16276
CM33_SPIN,1719,12,interior,MLD2,2335.59554
CM33_SPIN,1720,1,labsea,a_ice,0.27051
CM33_SPIN,1720,2,labsea,a_ice,0.33866
CM33_SPIN,1720,3,labsea,a_ice,0.46772
CM33_SPIN,1720,4,labsea,a_ice,0.45420
CM33_SPIN,1720,5,labsea,a_ice,0.31370
CM33_SPIN,1720,6,labsea,a_ice,0.13881
CM33_SPIN,1720,7,labsea,a_ice,0.05949
CM33_SPIN,1720,8,labsea,a_ice,0.02066
CM33_SPIN,1720,9,labsea,a_ice,0.00674
CM33_SPIN,1720,10,labsea,a_ice,0.02977
CM33_SPIN,1720,11,labsea,a_ice,0.09818
CM33_SPIN,1720,12,labsea,a_ice,0.17506
CM33_SPIN,1720,1,interior,a_ice,0.10242
CM33_SPIN,1720,2,interior,a_ice,0.19565
CM33_SPIN,1720,3,interior,a_ice,0.35927
CM33_SPIN,1720,4,interior,a_ice,0.28642
CM33_SPIN,1720,5,interior,a_ice,0.12585
CM33_SPIN,1720,6,interior,a_ice,0.02049
CM33_SPIN,1720,7,interior,a_ice,0.00099
CM33_SPIN,1720,8,interior,a_ice,0.00000
CM33_SPIN,1720,9,interior,a_ice,0.00000
CM33_SPIN,1720,10,interior,a_ice,0.00000
CM33_SPIN,1720,11,interior,a_ice,0.00369
CM33_SPIN,1720,12,interior,a_ice,0.02636
CM33_SPIN,1720,1,labsea,MLD2,1554.25212
CM33_SPIN,1720,2,labsea,MLD2,1300.81318
CM33_SPIN,1720,3,labsea,MLD2,1074.52494
CM33_SPIN,1720,4,labsea,MLD2,966.17262
CM33_SPIN,1720,5,labsea,MLD2,400.44492
CM33_SPIN,1720,6,labsea,MLD2,16.58714
CM33_SPIN,1720,7,labsea,MLD2,13.34525
CM33_SPIN,1720,8,labsea,MLD2,14.40807
CM33_SPIN,1720,9,labsea,MLD2,17.75663
CM33_SPIN,1720,10,labsea,MLD2,35.59972
CM33_SPIN,1720,11,labsea,MLD2,476.87036
CM33_SPIN,1720,12,labsea,MLD2,1625.18595
CM33_SPIN,1720,1,interior,MLD2,2469.60372
CM33_SPIN,1720,2,interior,MLD2,1959.57508
CM33_SPIN,1720,3,interior,MLD2,1405.44453
CM33_SPIN,1720,4,interior,MLD2,1452.02633
CM33_SPIN,1720,5,interior,MLD2,696.49786
CM33_SPIN,1720,6,interior,MLD2,19.52012
CM33_SPIN,1720,7,interior,MLD2,16.02013
CM33_SPIN,1720,8,interior,MLD2,16.62305
CM33_SPIN,1720,9,interior,MLD2,18.42403
CM33_SPIN,1720,10,interior,MLD2,34.09409
CM33_SPIN,1720,11,interior,MLD2,1032.57967
CM33_SPIN,1720,12,interior,MLD2,2574.39408
CM33_SPIN,1721,1,labsea,a_ice,0.23359
CM33_SPIN,1721,2,labsea,a_ice,0.22340
CM33_SPIN,1721,3,labsea,a_ice,0.25906
CM33_SPIN,1721,4,labsea,a_ice,0.22873
CM33_SPIN,1721,5,labsea,a_ice,0.19815
CM33_SPIN,1721,6,labsea,a_ice,0.13079
CM33_SPIN,1721,7,labsea,a_ice,0.06697
CM33_SPIN,1721,8,labsea,a_ice,0.03241
CM33_SPIN,1721,9,labsea,a_ice,0.02174
CM33_SPIN,1721,10,labsea,a_ice,0.02842
CM33_SPIN,1721,11,labsea,a_ice,0.06836
CM33_SPIN,1721,12,labsea,a_ice,0.17930
CM33_SPIN,1721,1,interior,a_ice,0.05457
CM33_SPIN,1721,2,interior,a_ice,0.05414
CM33_SPIN,1721,3,interior,a_ice,0.07535
CM33_SPIN,1721,4,interior,a_ice,0.04161
CM33_SPIN,1721,5,interior,a_ice,0.06533
CM33_SPIN,1721,6,interior,a_ice,0.01345
CM33_SPIN,1721,7,interior,a_ice,0.00061
CM33_SPIN,1721,8,interior,a_ice,0.00000
CM33_SPIN,1721,9,interior,a_ice,0.00000
CM33_SPIN,1721,10,interior,a_ice,0.00000
CM33_SPIN,1721,11,interior,a_ice,0.00101
CM33_SPIN,1721,12,interior,a_ice,0.02770
CM33_SPIN,1721,1,labsea,MLD2,1680.63903
CM33_SPIN,1721,2,labsea,MLD2,1714.17834
CM33_SPIN,1721,3,labsea,MLD2,1605.37122
CM33_SPIN,1721,4,labsea,MLD2,1523.02616
CM33_SPIN,1721,5,labsea,MLD2,1362.99682
CM33_SPIN,1721,6,labsea,MLD2,239.49050
CM33_SPIN,1721,7,labsea,MLD2,14.00469
CM33_SPIN,1721,8,labsea,MLD2,18.29049
CM33_SPIN,1721,9,labsea,MLD2,23.55734
CM33_SPIN,1721,10,labsea,MLD2,29.58641
CM33_SPIN,1721,11,labsea,MLD2,240.11889
CM33_SPIN,1721,12,labsea,MLD2,1322.34665
CM33_SPIN,1721,1,interior,MLD2,2590.25586
CM33_SPIN,1721,2,interior,MLD2,2633.29651
CM33_SPIN,1721,3,interior,MLD2,2492.98668
CM33_SPIN,1721,4,interior,MLD2,2344.80564
CM33_SPIN,1721,5,interior,MLD2,2237.93653
CM33_SPIN,1721,6,interior,MLD2,686.50549
CM33_SPIN,1721,7,interior,MLD2,16.77136
CM33_SPIN,1721,8,interior,MLD2,20.81298
CM33_SPIN,1721,9,interior,MLD2,29.07627
CM33_SPIN,1721,10,interior,MLD2,36.70759
CM33_SPIN,1721,11,interior,MLD2,545.76677
CM33_SPIN,1721,12,interior,MLD2,2316.87587
CM33_SPIN,1722,1,labsea,a_ice,0.23611
CM33_SPIN,1722,2,labsea,a_ice,0.27185
CM33_SPIN,1722,3,labsea,a_ice,0.32379
CM33_SPIN,1722,4,labsea,a_ice,0.30719
CM33_SPIN,1722,5,labsea,a_ice,0.21827
CM33_SPIN,1722,6,labsea,a_ice,0.09138
CM33_SPIN,1722,7,labsea,a_ice,0.01809
CM33_SPIN,1722,8,labsea,a_ice,0.00083
CM33_SPIN,1722,9,labsea,a_ice,0.00005
CM33_SPIN,1722,10,labsea,a_ice,0.00842
CM33_SPIN,1722,11,labsea,a_ice,0.07039
CM33_SPIN,1722,12,labsea,a_ice,0.20242
CM33_SPIN,1722,1,interior,a_ice,0.06570
CM33_SPIN,1722,2,interior,a_ice,0.05155
CM33_SPIN,1722,3,interior,a_ice,0.12782
CM33_SPIN,1722,4,interior,a_ice,0.09128
CM33_SPIN,1722,5,interior,a_ice,0.09871
CM33_SPIN,1722,6,interior,a_ice,0.02142
CM33_SPIN,1722,7,interior,a_ice,0.00000
CM33_SPIN,1722,8,interior,a_ice,0.00000
CM33_SPIN,1722,9,interior,a_ice,0.00000
CM33_SPIN,1722,10,interior,a_ice,0.00000
CM33_SPIN,1722,11,interior,a_ice,0.00295
CM33_SPIN,1722,12,interior,a_ice,0.03193
CM33_SPIN,1722,1,labsea,MLD2,1678.72577
CM33_SPIN,1722,2,labsea,MLD2,1624.09130
CM33_SPIN,1722,3,labsea,MLD2,1542.54609
CM33_SPIN,1722,4,labsea,MLD2,1351.17023
CM33_SPIN,1722,5,labsea,MLD2,904.15614
CM33_SPIN,1722,6,labsea,MLD2,16.57300
CM33_SPIN,1722,7,labsea,MLD2,16.98704
CM33_SPIN,1722,8,labsea,MLD2,17.79733
CM33_SPIN,1722,9,labsea,MLD2,23.49973
CM33_SPIN,1722,10,labsea,MLD2,86.92391
CM33_SPIN,1722,11,labsea,MLD2,1024.23528
CM33_SPIN,1722,12,labsea,MLD2,1676.83724
CM33_SPIN,1722,1,interior,MLD2,2585.15062
CM33_SPIN,1722,2,interior,MLD2,2583.12407
CM33_SPIN,1722,3,interior,MLD2,2370.38224
CM33_SPIN,1722,4,interior,MLD2,2195.47792
CM33_SPIN,1722,5,interior,MLD2,1599.19719
CM33_SPIN,1722,6,interior,MLD2,18.92846
CM33_SPIN,1722,7,interior,MLD2,17.24782
CM33_SPIN,1722,8,interior,MLD2,17.36329
CM33_SPIN,1722,9,interior,MLD2,23.51950
CM33_SPIN,1722,10,interior,MLD2,179.08876
CM33_SPIN,1722,11,interior,MLD2,2199.63593
CM33_SPIN,1722,12,interior,MLD2,2636.78875
CM33_SPIN,1723,1,labsea,a_ice,0.27172
CM33_SPIN,1723,2,labsea,a_ice,0.34679
CM33_SPIN,1723,3,labsea,a_ice,0.29283
CM33_SPIN,1723,4,labsea,a_ice,0.26933
CM33_SPIN,1723,5,labsea,a_ice,0.22753
CM33_SPIN,1723,6,labsea,a_ice,0.12810
CM33_SPIN,1723,7,labsea,a_ice,0.02351
CM33_SPIN,1723,8,labsea,a_ice,0.00129
CM33_SPIN,1723,9,labsea,a_ice,0.00013
CM33_SPIN,1723,10,labsea,a_ice,0.00085
CM33_SPIN,1723,11,labsea,a_ice,0.04758
CM33_SPIN,1723,12,labsea,a_ice,0.20323
CM33_SPIN,1723,1,interior,a_ice,0.08831
CM33_SPIN,1723,2,interior,a_ice,0.11181
CM33_SPIN,1723,3,interior,a_ice,0.08750
CM33_SPIN,1723,4,interior,a_ice,0.08789
CM33_SPIN,1723,5,interior,a_ice,0.03708
CM33_SPIN,1723,6,interior,a_ice,0.04324
CM33_SPIN,1723,7,interior,a_ice,0.00202
CM33_SPIN,1723,8,interior,a_ice,0.00000
CM33_SPIN,1723,9,interior,a_ice,0.00000
CM33_SPIN,1723,10,interior,a_ice,0.00000
CM33_SPIN,1723,11,interior,a_ice,0.00098
CM33_SPIN,1723,12,interior,a_ice,0.03522
CM33_SPIN,1723,1,labsea,MLD2,1634.45929
CM33_SPIN,1723,2,labsea,MLD2,1573.95445
CM33_SPIN,1723,3,labsea,MLD2,1555.87971
CM33_SPIN,1723,4,labsea,MLD2,1628.82864
CM33_SPIN,1723,5,labsea,MLD2,691.26256
CM33_SPIN,1723,6,labsea,MLD2,18.57492
CM33_SPIN,1723,7,labsea,MLD2,15.07230
CM33_SPIN,1723,8,labsea,MLD2,17.63934
CM33_SPIN,1723,9,labsea,MLD2,23.75252
CM33_SPIN,1723,10,labsea,MLD2,75.32247
CM33_SPIN,1723,11,labsea,MLD2,428.03531
CM33_SPIN,1723,12,labsea,MLD2,932.76479
CM33_SPIN,1723,1,interior,MLD2,2501.40583
CM33_SPIN,1723,2,interior,MLD2,2445.97443
CM33_SPIN,1723,3,interior,MLD2,2392.10103
CM33_SPIN,1723,4,interior,MLD2,2471.25663
CM33_SPIN,1723,5,interior,MLD2,1413.91072
CM33_SPIN,1723,6,interior,MLD2,25.30868
CM33_SPIN,1723,7,interior,MLD2,16.93167
CM33_SPIN,1723,8,interior,MLD2,19.01916
CM33_SPIN,1723,9,interior,MLD2,27.35205
CM33_SPIN,1723,10,interior,MLD2,185.61199
CM33_SPIN,1723,11,interior,MLD2,1316.53098
CM33_SPIN,1723,12,interior,MLD2,2124.47057
CM33_SPIN,1724,1,labsea,a_ice,0.33954
CM33_SPIN,1724,2,labsea,a_ice,0.43863
CM33_SPIN,1724,3,labsea,a_ice,0.46423
CM33_SPIN,1724,4,labsea,a_ice,0.45871
CM33_SPIN,1724,5,labsea,a_ice,0.31430
CM33_SPIN,1724,6,labsea,a_ice,0.17797
CM33_SPIN,1724,7,labsea,a_ice,0.05731
CM33_SPIN,1724,8,labsea,a_ice,0.01321
CM33_SPIN,1724,9,labsea,a_ice,0.00168
CM33_SPIN,1724,10,labsea,a_ice,0.01535
CM33_SPIN,1724,11,labsea,a_ice,0.10385
CM33_SPIN,1724,12,labsea,a_ice,0.24006
CM33_SPIN,1724,1,interior,a_ice,0.12603
CM33_SPIN,1724,2,interior,a_ice,0.39428
CM33_SPIN,1724,3,interior,a_ice,0.42289
CM33_SPIN,1724,4,interior,a_ice,0.42108
CM33_SPIN,1724,5,interior,a_ice,0.17702
CM33_SPIN,1724,6,interior,a_ice,0.07048
CM33_SPIN,1724,7,interior,a_ice,0.00186
CM33_SPIN,1724,8,interior,a_ice,0.00000
CM33_SPIN,1724,9,interior,a_ice,0.00000
CM33_SPIN,1724,10,interior,a_ice,0.00000
CM33_SPIN,1724,11,interior,a_ice,0.00403
CM33_SPIN,1724,12,interior,a_ice,0.09902
CM33_SPIN,1724,1,labsea,MLD2,1310.35226
CM33_SPIN,1724,2,labsea,MLD2,1067.98511
CM33_SPIN,1724,3,labsea,MLD2,826.13216
CM33_SPIN,1724,4,labsea,MLD2,660.36561
CM33_SPIN,1724,5,labsea,MLD2,222.13741
CM33_SPIN,1724,6,labsea,MLD2,15.19774
CM33_SPIN,1724,7,labsea,MLD2,11.83278
CM33_SPIN,1724,8,labsea,MLD2,14.40502
CM33_SPIN,1724,9,labsea,MLD2,21.69945
CM33_SPIN,1724,10,labsea,MLD2,39.52393
CM33_SPIN,1724,11,labsea,MLD2,641.81112
CM33_SPIN,1724,12,labsea,MLD2,1497.08726
CM33_SPIN,1724,1,interior,MLD2,2238.56263
CM33_SPIN,1724,2,interior,MLD2,1409.94377
CM33_SPIN,1724,3,interior,MLD2,905.09201
CM33_SPIN,1724,4,interior,MLD2,794.20049
CM33_SPIN,1724,5,interior,MLD2,387.02807
CM33_SPIN,1724,6,interior,MLD2,15.90347
CM33_SPIN,1724,7,interior,MLD2,13.16938
CM33_SPIN,1724,8,interior,MLD2,15.92010
CM33_SPIN,1724,9,interior,MLD2,22.52285
CM33_SPIN,1724,10,interior,MLD2,39.62607
CM33_SPIN,1724,11,interior,MLD2,1001.04018
CM33_SPIN,1724,12,interior,MLD2,2331.71003
CM33_SPIN,1725,1,labsea,a_ice,0.27187
CM33_SPIN,1725,2,labsea,a_ice,0.29143
CM33_SPIN,1725,3,labsea,a_ice,0.33010
CM33_SPIN,1725,4,labsea,a_ice,0.40298
CM33_SPIN,1725,5,labsea,a_ice,0.31597
CM33_SPIN,1725,6,labsea,a_ice,0.20358
CM33_SPIN,1725,7,labsea,a_ice,0.09914
CM33_SPIN,1725,8,labsea,a_ice,0.02524
CM33_SPIN,1725,9,labsea,a_ice,0.00319
CM33_SPIN,1725,10,labsea,a_ice,0.01673
CM33_SPIN,1725,11,labsea,a_ice,0.07293
CM33_SPIN,1725,12,labsea,a_ice,0.15865
CM33_SPIN,1725,1,interior,a_ice,0.07594
CM33_SPIN,1725,2,interior,a_ice,0.08401
CM33_SPIN,1725,3,interior,a_ice,0.13138
CM33_SPIN,1725,4,interior,a_ice,0.27230
CM33_SPIN,1725,5,interior,a_ice,0.12658
CM33_SPIN,1725,6,interior,a_ice,0.03547
CM33_SPIN,1725,7,interior,a_ice,0.01186
CM33_SPIN,1725,8,interior,a_ice,0.00000
CM33_SPIN,1725,9,interior,a_ice,0.00000
CM33_SPIN,1725,10,interior,a_ice,0.00000
CM33_SPIN,1725,11,interior,a_ice,0.00006
CM33_SPIN,1725,12,interior,a_ice,0.02352
CM33_SPIN,1725,1,labsea,MLD2,1558.73172
CM33_SPIN,1725,2,labsea,MLD2,1527.77980
CM33_SPIN,1725,3,labsea,MLD2,1362.22347
CM33_SPIN,1725,4,labsea,MLD2,993.49160
CM33_SPIN,1725,5,labsea,MLD2,463.56621
CM33_SPIN,1725,6,labsea,MLD2,16.28626
CM33_SPIN,1725,7,labsea,MLD2,14.82766
CM33_SPIN,1725,8,labsea,MLD2,16.37405
CM33_SPIN,1725,9,labsea,MLD2,24.45254
CM33_SPIN,1725,10,labsea,MLD2,39.44283
CM33_SPIN,1725,11,labsea,MLD2,309.77790
CM33_SPIN,1725,12,labsea,MLD2,1180.62014
CM33_SPIN,1725,1,interior,MLD2,2370.16591
CM33_SPIN,1725,2,interior,MLD2,2414.14400
CM33_SPIN,1725,3,interior,MLD2,2218.64015
CM33_SPIN,1725,4,interior,MLD2,1387.71912
CM33_SPIN,1725,5,interior,MLD2,759.64117
CM33_SPIN,1725,6,interior,MLD2,18.89362
CM33_SPIN,1725,7,interior,MLD2,17.82000
CM33_SPIN,1725,8,interior,MLD2,18.97088
CM33_SPIN,1725,9,interior,MLD2,26.17817
CM33_SPIN,1725,10,interior,MLD2,42.96302
CM33_SPIN,1725,11,interior,MLD2,831.72968
CM33_SPIN,1725,12,interior,MLD2,2283.62040
CM33_SPIN,1726,1,labsea,a_ice,0.24533
CM33_SPIN,1726,2,labsea,a_ice,0.30421
CM33_SPIN,1726,3,labsea,a_ice,0.32091
CM33_SPIN,1726,4,labsea,a_ice,0.31144
CM33_SPIN,1726,5,labsea,a_ice,0.25867
CM33_SPIN,1726,6,labsea,a_ice,0.15206
CM33_SPIN,1726,7,labsea,a_ice,0.06380
CM33_SPIN,1726,8,labsea,a_ice,0.01721
CM33_SPIN,1726,9,labsea,a_ice,0.00728
CM33_SPIN,1726,10,labsea,a_ice,0.03778
CM33_SPIN,1726,11,labsea,a_ice,0.12286
CM33_SPIN,1726,12,labsea,a_ice,0.14868
CM33_SPIN,1726,1,interior,a_ice,0.07034
CM33_SPIN,1726,2,interior,a_ice,0.11663
CM33_SPIN,1726,3,interior,a_ice,0.07675
CM33_SPIN,1726,4,interior,a_ice,0.12310
CM33_SPIN,1726,5,interior,a_ice,0.09350
CM33_SPIN,1726,6,interior,a_ice,0.03535
CM33_SPIN,1726,7,interior,a_ice,0.00706
CM33_SPIN,1726,8,interior,a_ice,0.00000
CM33_SPIN,1726,9,interior,a_ice,0.00000
CM33_SPIN,1726,10,interior,a_ice,0.00000
CM33_SPIN,1726,11,interior,a_ice,0.00535
CM33_SPIN,1726,12,interior,a_ice,0.00393
CM33_SPIN,1726,1,labsea,MLD2,1679.86953
CM33_SPIN,1726,2,labsea,MLD2,1584.46788
CM33_SPIN,1726,3,labsea,MLD2,1536.33216
CM33_SPIN,1726,4,labsea,MLD2,1249.15566
CM33_SPIN,1726,5,labsea,MLD2,614.00106
CM33_SPIN,1726,6,labsea,MLD2,15.91905
CM33_SPIN,1726,7,labsea,MLD2,14.30331
CM33_SPIN,1726,8,labsea,MLD2,13.55016
CM33_SPIN,1726,9,labsea,MLD2,20.54455
CM33_SPIN,1726,10,labsea,MLD2,34.46679
CM33_SPIN,1726,11,labsea,MLD2,553.59559
CM33_SPIN,1726,12,labsea,MLD2,1269.75928
CM33_SPIN,1726,1,interior,MLD2,2554.05529
CM33_SPIN,1726,2,interior,MLD2,2400.25866
CM33_SPIN,1726,3,interior,MLD2,2448.19386
CM33_SPIN,1726,4,interior,MLD2,1721.23626
CM33_SPIN,1726,5,interior,MLD2,605.05027
CM33_SPIN,1726,6,interior,MLD2,16.56628
CM33_SPIN,1726,7,interior,MLD2,16.17801
CM33_SPIN,1726,8,interior,MLD2,16.16202
CM33_SPIN,1726,9,interior,MLD2,22.70617
CM33_SPIN,1726,10,interior,MLD2,40.95114
CM33_SPIN,1726,11,interior,MLD2,1181.85803
CM33_SPIN,1726,12,interior,MLD2,2333.12774
CM33_SPIN,1727,1,labsea,a_ice,0.20274
CM33_SPIN,1727,2,labsea,a_ice,0.21780
CM33_SPIN,1727,3,labsea,a_ice,0.23481
CM33_SPIN,1727,4,labsea,a_ice,0.23011
CM33_SPIN,1727,5,labsea,a_ice,0.19266
CM33_SPIN,1727,6,labsea,a_ice,0.11895
CM33_SPIN,1727,7,labsea,a_ice,0.03683
CM33_SPIN,1727,8,labsea,a_ice,0.00668
CM33_SPIN,1727,9,labsea,a_ice,0.00022
CM33_SPIN,1727,10,labsea,a_ice,0.00096
CM33_SPIN,1727,11,labsea,a_ice,0.05578
CM33_SPIN,1727,12,labsea,a_ice,0.17989
CM33_SPIN,1727,1,interior,a_ice,0.04216
CM33_SPIN,1727,2,interior,a_ice,0.04093
CM33_SPIN,1727,3,interior,a_ice,0.05454
CM33_SPIN,1727,4,interior,a_ice,0.06335
CM33_SPIN,1727,5,interior,a_ice,0.04397
CM33_SPIN,1727,6,interior,a_ice,0.04246
CM33_SPIN,1727,7,interior,a_ice,0.00391
CM33_SPIN,1727,8,interior,a_ice,0.00000
CM33_SPIN,1727,9,interior,a_ice,0.00000
CM33_SPIN,1727,10,interior,a_ice,0.00000
CM33_SPIN,1727,11,interior,a_ice,0.00039
CM33_SPIN,1727,12,interior,a_ice,0.04576
CM33_SPIN,1727,1,labsea,MLD2,1678.20403
CM33_SPIN,1727,2,labsea,MLD2,1665.66939
CM33_SPIN,1727,3,labsea,MLD2,1715.49801
CM33_SPIN,1727,4,labsea,MLD2,1561.88786
CM33_SPIN,1727,5,labsea,MLD2,1049.31632
CM33_SPIN,1727,6,labsea,MLD2,116.37450
CM33_SPIN,1727,7,labsea,MLD2,14.26757
CM33_SPIN,1727,8,labsea,MLD2,11.53654
CM33_SPIN,1727,9,labsea,MLD2,22.38327
CM33_SPIN,1727,10,labsea,MLD2,39.79990
CM33_SPIN,1727,11,labsea,MLD2,450.40948
CM33_SPIN,1727,12,labsea,MLD2,1548.69289
CM33_SPIN,1727,1,interior,MLD2,2621.39700
CM33_SPIN,1727,2,interior,MLD2,2561.58458
CM33_SPIN,1727,3,interior,MLD2,2605.55794
CM33_SPIN,1727,4,interior,MLD2,2496.61986
CM33_SPIN,1727,5,interior,MLD2,2189.37092
CM33_SPIN,1727,6,interior,MLD2,352.44677
CM33_SPIN,1727,7,interior,MLD2,15.77629
CM33_SPIN,1727,8,interior,MLD2,12.07929
CM33_SPIN,1727,9,interior,MLD2,24.25116
CM33_SPIN,1727,10,interior,MLD2,45.98116
CM33_SPIN,1727,11,interior,MLD2,1026.87318
CM33_SPIN,1727,12,interior,MLD2,2525.59817
CM33_SPIN,1728,1,labsea,a_ice,0.27584
CM33_SPIN,1728,2,labsea,a_ice,0.26755
CM33_SPIN,1728,3,labsea,a_ice,0.31170
CM33_SPIN,1728,4,labsea,a_ice,0.28611
CM33_SPIN,1728,5,labsea,a_ice,0.21762
CM33_SPIN,1728,6,labsea,a_ice,0.11382
CM33_SPIN,1728,7,labsea,a_ice,0.03657
CM33_SPIN,1728,8,labsea,a_ice,0.00594
CM33_SPIN,1728,9,labsea,a_ice,0.00039
CM33_SPIN,1728,10,labsea,a_ice,0.01038
CM33_SPIN,1728,11,labsea,a_ice,0.14639
CM33_SPIN,1728,12,labsea,a_ice,0.27586
CM33_SPIN,1728,1,interior,a_ice,0.08636
CM33_SPIN,1728,2,interior,a_ice,0.07218
CM33_SPIN,1728,3,interior,a_ice,0.07764
CM33_SPIN,1728,4,interior,a_ice,0.08920
CM33_SPIN,1728,5,interior,a_ice,0.05620
CM33_SPIN,1728,6,interior,a_ice,0.00878
CM33_SPIN,1728,7,interior,a_ice,0.00011
CM33_SPIN,1728,8,interior,a_ice,0.00000
CM33_SPIN,1728,9,interior,a_ice,0.00000
CM33_SPIN,1728,10,interior,a_ice,0.00000
CM33_SPIN,1728,11,interior,a_ice,0.02756
CM33_SPIN,1728,12,interior,a_ice,0.10817
CM33_SPIN,1728,1,labsea,MLD2,1585.66007
CM33_SPIN,1728,2,labsea,MLD2,1461.67237
CM33_SPIN,1728,3,labsea,MLD2,1434.08134
CM33_SPIN,1728,4,labsea,MLD2,1198.19301
CM33_SPIN,1728,5,labsea,MLD2,773.80478
CM33_SPIN,1728,6,labsea,MLD2,25.35399
CM33_SPIN,1728,7,labsea,MLD2,11.80360
CM33_SPIN,1728,8,labsea,MLD2,13.31947
CM33_SPIN,1728,9,labsea,MLD2,20.64885
CM33_SPIN,1728,10,labsea,MLD2,41.51816
CM33_SPIN,1728,11,labsea,MLD2,795.41902
CM33_SPIN,1728,12,labsea,MLD2,1364.53124
CM33_SPIN,1728,1,interior,MLD2,2519.67472
CM33_SPIN,1728,2,interior,MLD2,2360.59352
CM33_SPIN,1728,3,interior,MLD2,2421.48836
CM33_SPIN,1728,4,interior,MLD2,2028.81294
CM33_SPIN,1728,5,interior,MLD2,1512.18471
CM33_SPIN,1728,6,interior,MLD2,53.52674
CM33_SPIN,1728,7,interior,MLD2,12.54154
CM33_SPIN,1728,8,interior,MLD2,15.16236
CM33_SPIN,1728,9,interior,MLD2,23.28233
CM33_SPIN,1728,10,interior,MLD2,57.63211
CM33_SPIN,1728,11,interior,MLD2,1592.11188
CM33_SPIN,1728,12,interior,MLD2,2247.42213
CM33_SPIN,1729,1,labsea,a_ice,0.39051
CM33_SPIN,1729,2,labsea,a_ice,0.40448
CM33_SPIN,1729,3,labsea,a_ice,0.40539
CM33_SPIN,1729,4,labsea,a_ice,0.36406
CM33_SPIN,1729,5,labsea,a_ice,0.27406
CM33_SPIN,1729,6,labsea,a_ice,0.15369
CM33_SPIN,1729,7,labsea,a_ice,0.04063
CM33_SPIN,1729,8,labsea,a_ice,0.00139
CM33_SPIN,1729,9,labsea,a_ice,0.00011
CM33_SPIN,1729,10,labsea,a_ice,0.00151
CM33_SPIN,1729,11,labsea,a_ice,0.04792
CM33_SPIN,1729,12,labsea,a_ice,0.14798
CM33_SPIN,1729,1,interior,a_ice,0.25700
CM33_SPIN,1729,2,interior,a_ice,0.29414
CM33_SPIN,1729,3,interior,a_ice,0.32230
CM33_SPIN,1729,4,interior,a_ice,0.20962
CM33_SPIN,1729,5,interior,a_ice,0.07727
CM33_SPIN,1729,6,interior,a_ice,0.01855
CM33_SPIN,1729,7,interior,a_ice,0.00664
CM33_SPIN,1729,8,interior,a_ice,0.00000
CM33_SPIN,1729,9,interior,a_ice,0.00000
CM33_SPIN,1729,10,interior,a_ice,0.00000
CM33_SPIN,1729,11,interior,a_ice,0.00152
CM33_SPIN,1729,12,interior,a_ice,0.01309
CM33_SPIN,1729,1,labsea,MLD2,1240.03702
CM33_SPIN,1729,2,labsea,MLD2,1129.22194
CM33_SPIN,1729,3,labsea,MLD2,1224.89803
CM33_SPIN,1729,4,labsea,MLD2,1173.33891
CM33_SPIN,1729,5,labsea,MLD2,725.46255
CM33_SPIN,1729,6,labsea,MLD2,20.05460
CM33_SPIN,1729,7,labsea,MLD2,15.46428
CM33_SPIN,1729,8,labsea,MLD2,15.56281
CM33_SPIN,1729,9,labsea,MLD2,20.66539
CM33_SPIN,1729,10,labsea,MLD2,33.51487
CM33_SPIN,1729,11,labsea,MLD2,362.40554
CM33_SPIN,1729,12,labsea,MLD2,1452.71514
CM33_SPIN,1729,1,interior,MLD2,1845.74650
CM33_SPIN,1729,2,interior,MLD2,1578.53501
CM33_SPIN,1729,3,interior,MLD2,1662.38295
CM33_SPIN,1729,4,interior,MLD2,1817.37002
CM33_SPIN,1729,5,interior,MLD2,1550.57330
CM33_SPIN,1729,6,interior,MLD2,29.56940
CM33_SPIN,1729,7,interior,MLD2,18.65567
CM33_SPIN,1729,8,interior,MLD2,17.67300
CM33_SPIN,1729,9,interior,MLD2,22.48781
CM33_SPIN,1729,10,interior,MLD2,38.45117
CM33_SPIN,1729,11,interior,MLD2,803.61591
CM33_SPIN,1729,12,interior,MLD2,2674.32844
CM33_SPIN,1730,1,labsea,a_ice,0.16297
CM33_SPIN,1730,2,labsea,a_ice,0.23364
CM33_SPIN,1730,3,labsea,a_ice,0.25075
CM33_SPIN,1730,4,labsea,a_ice,0.28612
CM33_SPIN,1730,5,labsea,a_ice,0.24428
CM33_SPIN,1730,6,labsea,a_ice,0.13704
CM33_SPIN,1730,7,labsea,a_ice,0.04201
CM33_SPIN,1730,8,labsea,a_ice,0.00519
CM33_SPIN,1730,9,labsea,a_ice,0.00001
CM33_SPIN,1730,10,labsea,a_ice,0.00826
CM33_SPIN,1730,11,labsea,a_ice,0.09488
CM33_SPIN,1730,12,labsea,a_ice,0.25388
CM33_SPIN,1730,1,interior,a_ice,0.01498
CM33_SPIN,1730,2,interior,a_ice,0.06101
CM33_SPIN,1730,3,interior,a_ice,0.06054
CM33_SPIN,1730,4,interior,a_ice,0.11550
CM33_SPIN,1730,5,interior,a_ice,0.08970
CM33_SPIN,1730,6,interior,a_ice,0.01432
CM33_SPIN,1730,7,interior,a_ice,0.00004
CM33_SPIN,1730,8,interior,a_ice,0.00000
CM33_SPIN,1730,9,interior,a_ice,0.00000
CM33_SPIN,1730,10,interior,a_ice,0.00000
CM33_SPIN,1730,11,interior,a_ice,0.00231
CM33_SPIN,1730,12,interior,a_ice,0.08289
CM33_SPIN,1730,1,labsea,MLD2,1707.50765
CM33_SPIN,1730,2,labsea,MLD2,1736.18323
CM33_SPIN,1730,3,labsea,MLD2,1640.60368
CM33_SPIN,1730,4,labsea,MLD2,1284.16359
CM33_SPIN,1730,5,labsea,MLD2,676.25944
CM33_SPIN,1730,6,labsea,MLD2,28.68578
CM33_SPIN,1730,7,labsea,MLD2,14.71605
CM33_SPIN,1730,8,labsea,MLD2,15.72465
CM33_SPIN,1730,9,labsea,MLD2,22.88159
CM33_SPIN,1730,10,labsea,MLD2,33.09933
CM33_SPIN,1730,11,labsea,MLD2,455.09414
CM33_SPIN,1730,12,labsea,MLD2,1412.57295
CM33_SPIN,1730,1,interior,MLD2,2704.93631
CM33_SPIN,1730,2,interior,MLD2,2606.68623
CM33_SPIN,1730,3,interior,MLD2,2535.31388
CM33_SPIN,1730,4,interior,MLD2,1925.24909
CM33_SPIN,1730,5,interior,MLD2,1158.68535
CM33_SPIN,1730,6,interior,MLD2,61.05028
CM33_SPIN,1730,7,interior,MLD2,15.98071
CM33_SPIN,1730,8,interior,MLD2,18.04319
CM33_SPIN,1730,9,interior,MLD2,25.70957
CM33_SPIN,1730,10,interior,MLD2,36.13781
CM33_SPIN,1730,11,interior,MLD2,1075.78662
CM33_SPIN,1730,12,interior,MLD2,2467.09891
CM33_SPIN,1731,1,labsea,a_ice,0.28872
CM33_SPIN,1731,2,labsea,a_ice,0.31903
CM33_SPIN,1731,3,labsea,a_ice,0.37904
CM33_SPIN,1731,4,labsea,a_ice,0.39090
CM33_SPIN,1731,5,labsea,a_ice,0.30335
CM33_SPIN,1731,6,labsea,a_ice,0.16294
CM33_SPIN,1731,7,labsea,a_ice,0.03443
CM33_SPIN,1731,8,labsea,a_ice,0.00092
CM33_SPIN,1731,9,labsea,a_ice,0.00000
CM33_SPIN,1731,10,labsea,a_ice,0.00047
CM33_SPIN,1731,11,labsea,a_ice,0.02213
CM33_SPIN,1731,12,labsea,a_ice,0.15854
CM33_SPIN,1731,1,interior,a_ice,0.09406
CM33_SPIN,1731,2,interior,a_ice,0.06786
CM33_SPIN,1731,3,interior,a_ice,0.22528
CM33_SPIN,1731,4,interior,a_ice,0.20378
CM33_SPIN,1731,5,interior,a_ice,0.13468
CM33_SPIN,1731,6,interior,a_ice,0.03719
CM33_SPIN,1731,7,interior,a_ice,0.00047
CM33_SPIN,1731,8,interior,a_ice,0.00000
CM33_SPIN,1731,9,interior,a_ice,0.00000
CM33_SPIN,1731,10,interior,a_ice,0.00000
CM33_SPIN,1731,11,interior,a_ice,0.00003
CM33_SPIN,1731,12,interior,a_ice,0.03604
CM33_SPIN,1731,1,labsea,MLD2,1502.06958
CM33_SPIN,1731,2,labsea,MLD2,1611.69480
CM33_SPIN,1731,3,labsea,MLD2,1388.77843
CM33_SPIN,1731,4,labsea,MLD2,1086.53643
CM33_SPIN,1731,5,labsea,MLD2,397.92622
CM33_SPIN,1731,6,labsea,MLD2,14.69710
CM33_SPIN,1731,7,labsea,MLD2,11.03153
CM33_SPIN,1731,8,labsea,MLD2,12.45343
CM33_SPIN,1731,9,labsea,MLD2,20.85035
CM33_SPIN,1731,10,labsea,MLD2,32.97340
CM33_SPIN,1731,11,labsea,MLD2,75.27207
CM33_SPIN,1731,12,labsea,MLD2,1175.64746
CM33_SPIN,1731,1,interior,MLD2,2403.80488
CM33_SPIN,1731,2,interior,MLD2,2574.87170
CM33_SPIN,1731,3,interior,MLD2,1991.17617
CM33_SPIN,1731,4,interior,MLD2,1686.79018
CM33_SPIN,1731,5,interior,MLD2,508.55889
CM33_SPIN,1731,6,interior,MLD2,14.04681
CM33_SPIN,1731,7,interior,MLD2,11.69691
CM33_SPIN,1731,8,interior,MLD2,14.51755
CM33_SPIN,1731,9,interior,MLD2,21.63455
CM33_SPIN,1731,10,interior,MLD2,31.43373
CM33_SPIN,1731,11,interior,MLD2,67.34363
CM33_SPIN,1731,12,interior,MLD2,1848.36243
CM33_SPIN,1732,1,labsea,a_ice,0.26116
CM33_SPIN,1732,2,labsea,a_ice,0.28572
CM33_SPIN,1732,3,labsea,a_ice,0.26260
CM33_SPIN,1732,4,labsea,a_ice,0.27294
CM33_SPIN,1732,5,labsea,a_ice,0.18783
CM33_SPIN,1732,6,labsea,a_ice,0.10659
CM33_SPIN,1732,7,labsea,a_ice,0.01864
CM33_SPIN,1732,8,labsea,a_ice,0.00000
CM33_SPIN,1732,9,labsea,a_ice,0.00000
CM33_SPIN,1732,10,labsea,a_ice,0.00041
CM33_SPIN,1732,11,labsea,a_ice,0.03503
CM33_SPIN,1732,12,labsea,a_ice,0.13319
CM33_SPIN,1732,1,interior,a_ice,0.10083
CM33_SPIN,1732,2,interior,a_ice,0.12282
CM33_SPIN,1732,3,interior,a_ice,0.08840
CM33_SPIN,1732,4,interior,a_ice,0.07184
CM33_SPIN,1732,5,interior,a_ice,0.05416
CM33_SPIN,1732,6,interior,a_ice,0.01251
CM33_SPIN,1732,7,interior,a_ice,0.00991
CM33_SPIN,1732,8,interior,a_ice,0.00000
CM33_SPIN,1732,9,interior,a_ice,0.00000
CM33_SPIN,1732,10,interior,a_ice,0.00000
CM33_SPIN,1732,11,interior,a_ice,0.00012
CM33_SPIN,1732,12,interior,a_ice,0.01810
CM33_SPIN,1732,1,labsea,MLD2,1756.40022
CM33_SPIN,1732,2,labsea,MLD2,1670.89444
CM33_SPIN,1732,3,labsea,MLD2,1542.75241
CM33_SPIN,1732,4,labsea,MLD2,1519.78972
CM33_SPIN,1732,5,labsea,MLD2,914.60549
CM33_SPIN,1732,6,labsea,MLD2,32.41958
CM33_SPIN,1732,7,labsea,MLD2,15.08818
CM33_SPIN,1732,8,labsea,MLD2,17.76847
CM33_SPIN,1732,9,labsea,MLD2,26.64037
CM33_SPIN,1732,10,labsea,MLD2,41.97842
CM33_SPIN,1732,11,labsea,MLD2,204.16491
CM33_SPIN,1732,12,labsea,MLD2,1313.40347
CM33_SPIN,1732,1,interior,MLD2,2571.63836
CM33_SPIN,1732,2,interior,MLD2,2475.98832
CM33_SPIN,1732,3,interior,MLD2,2489.60226
CM33_SPIN,1732,4,interior,MLD2,2459.47216
CM33_SPIN,1732,5,interior,MLD2,1744.44843
CM33_SPIN,1732,6,interior,MLD2,65.68825
CM33_SPIN,1732,7,interior,MLD2,17.63494
CM33_SPIN,1732,8,interior,MLD2,20.11629
CM33_SPIN,1732,9,interior,MLD2,27.96933
CM33_SPIN,1732,10,interior,MLD2,41.09432
CM33_SPIN,1732,11,interior,MLD2,444.36213
CM33_SPIN,1732,12,interior,MLD2,2278.30022
CM33_SPIN,1733,1,labsea,a_ice,0.16304
CM33_SPIN,1733,2,labsea,a_ice,0.17599
CM33_SPIN,1733,3,labsea,a_ice,0.18263
CM33_SPIN,1733,4,labsea,a_ice,0.20078
CM33_SPIN,1733,5,labsea,a_ice,0.18147
CM33_SPIN,1733,6,labsea,a_ice,0.10225
CM33_SPIN,1733,7,labsea,a_ice,0.04452
CM33_SPIN,1733,8,labsea,a_ice,0.00774
CM33_SPIN,1733,9,labsea,a_ice,0.00021
CM33_SPIN,1733,10,labsea,a_ice,0.00046
CM33_SPIN,1733,11,labsea,a_ice,0.02899
CM33_SPIN,1733,12,labsea,a_ice,0.14314
CM33_SPIN,1733,1,interior,a_ice,0.01550
CM33_SPIN,1733,2,interior,a_ice,0.01881
CM33_SPIN,1733,3,interior,a_ice,0.03235
CM33_SPIN,1733,4,interior,a_ice,0.04141
CM33_SPIN,1733,5,interior,a_ice,0.02522
CM33_SPIN,1733,6,interior,a_ice,0.01046
CM33_SPIN,1733,7,interior,a_ice,0.00095
CM33_SPIN,1733,8,interior,a_ice,0.00000
CM33_SPIN,1733,9,interior,a_ice,0.00000
CM33_SPIN,1733,10,interior,a_ice,0.00000
CM33_SPIN,1733,11,interior,a_ice,0.00009
CM33_SPIN,1733,12,interior,a_ice,0.00976
CM33_SPIN,1733,1,labsea,MLD2,1813.02558
CM33_SPIN,1733,2,labsea,MLD2,1810.40662
CM33_SPIN,1733,3,labsea,MLD2,1788.96037
CM33_SPIN,1733,4,labsea,MLD2,1640.59695
CM33_SPIN,1733,5,labsea,MLD2,1388.83763
CM33_SPIN,1733,6,labsea,MLD2,83.70464
CM33_SPIN,1733,7,labsea,MLD2,14.84429
CM33_SPIN,1733,8,labsea,MLD2,16.52234
CM33_SPIN,1733,9,labsea,MLD2,23.51883
CM33_SPIN,1733,10,labsea,MLD2,41.24046
CM33_SPIN,1733,11,labsea,MLD2,314.85635
CM33_SPIN,1733,12,labsea,MLD2,1548.43931
CM33_SPIN,1733,1,interior,MLD2,2679.59490
CM33_SPIN,1733,2,interior,MLD2,2705.38278
CM33_SPIN,1733,3,interior,MLD2,2655.96298
CM33_SPIN,1733,4,interior,MLD2,2517.68996
CM33_SPIN,1733,5,interior,MLD2,2508.34861
CM33_SPIN,1733,6,interior,MLD2,187.37998
CM33_SPIN,1733,7,interior,MLD2,18.21000
CM33_SPIN,1733,8,interior,MLD2,19.76620
CM33_SPIN,1733,9,interior,MLD2,26.58247
CM33_SPIN,1733,10,interior,MLD2,54.28781
CM33_SPIN,1733,11,interior,MLD2,745.79090
CM33_SPIN,1733,12,interior,MLD2,2416.62745
CM33_SPIN,1734,1,labsea,a_ice,0.19174
CM33_SPIN,1734,2,labsea,a_ice,0.21029
CM33_SPIN,1734,3,labsea,a_ice,0.21994
CM33_SPIN,1734,4,labsea,a_ice,0.22493
CM33_SPIN,1734,5,labsea,a_ice,0.22083
CM33_SPIN,1734,6,labsea,a_ice,0.14389
CM33_SPIN,1734,7,labsea,a_ice,0.04342
CM33_SPIN,1734,8,labsea,a_ice,0.00988
CM33_SPIN,1734,9,labsea,a_ice,0.00042
CM33_SPIN,1734,10,labsea,a_ice,0.00494
CM33_SPIN,1734,11,labsea,a_ice,0.08996
CM33_SPIN,1734,12,labsea,a_ice,0.21720
CM33_SPIN,1734,1,interior,a_ice,0.02511
CM33_SPIN,1734,2,interior,a_ice,0.05043
CM33_SPIN,1734,3,interior,a_ice,0.04613
CM33_SPIN,1734,4,interior,a_ice,0.03811
CM33_SPIN,1734,5,interior,a_ice,0.05455
CM33_SPIN,1734,6,interior,a_ice,0.02848
CM33_SPIN,1734,7,interior,a_ice,0.00156
CM33_SPIN,1734,8,interior,a_ice,0.00000
CM33_SPIN,1734,9,interior,a_ice,0.00000
CM33_SPIN,1734,10,interior,a_ice,0.00000
CM33_SPIN,1734,11,interior,a_ice,0.00632
CM33_SPIN,1734,12,interior,a_ice,0.03330
CM33_SPIN,1734,1,labsea,MLD2,1728.70008
CM33_SPIN,1734,2,labsea,MLD2,1745.79458
CM33_SPIN,1734,3,labsea,MLD2,1595.52355
CM33_SPIN,1734,4,labsea,MLD2,1319.36441
CM33_SPIN,1734,5,labsea,MLD2,1084.98661
CM33_SPIN,1734,6,labsea,MLD2,67.32784
CM33_SPIN,1734,7,labsea,MLD2,16.48340
CM33_SPIN,1734,8,labsea,MLD2,18.18453
CM33_SPIN,1734,9,labsea,MLD2,21.87226
CM33_SPIN,1734,10,labsea,MLD2,36.12585
CM33_SPIN,1734,11,labsea,MLD2,625.51274
CM33_SPIN,1734,12,labsea,MLD2,1565.73387
CM33_SPIN,1734,1,interior,MLD2,2599.63990
CM33_SPIN,1734,2,interior,MLD2,2617.75674
CM33_SPIN,1734,3,interior,MLD2,2409.34135
CM33_SPIN,1734,4,interior,MLD2,1914.03190
CM33_SPIN,1734,5,interior,MLD2,1654.15851
CM33_SPIN,1734,6,interior,MLD2,130.42422
CM33_SPIN,1734,7,interior,MLD2,20.23341
CM33_SPIN,1734,8,interior,MLD2,21.16998
CM33_SPIN,1734,9,interior,MLD2,24.08042
CM33_SPIN,1734,10,interior,MLD2,45.73693
CM33_SPIN,1734,11,interior,MLD2,1289.35367
CM33_SPIN,1734,12,interior,MLD2,2427.91100
CM33_SPIN,1735,1,labsea,a_ice,0.27281
CM33_SPIN,1735,2,labsea,a_ice,0.33006
CM33_SPIN,1735,3,labsea,a_ice,0.27290
CM33_SPIN,1735,4,labsea,a_ice,0.26614
CM33_SPIN,1735,5,labsea,a_ice,0.22428
CM33_SPIN,1735,6,labsea,a_ice,0.14396
CM33_SPIN,1735,7,labsea,a_ice,0.07674
CM33_SPIN,1735,8,labsea,a_ice,0.03045
CM33_SPIN,1735,9,labsea,a_ice,0.01635
CM33_SPIN,1735,10,labsea,a_ice,0.01626
CM33_SPIN,1735,11,labsea,a_ice,0.06718
CM33_SPIN,1735,12,labsea,a_ice,0.20076
CM33_SPIN,1735,1,interior,a_ice,0.10151
CM33_SPIN,1735,2,interior,a_ice,0.15787
CM33_SPIN,1735,3,interior,a_ice,0.05285
CM33_SPIN,1735,4,interior,a_ice,0.04038
CM33_SPIN,1735,5,interior,a_ice,0.07031
CM33_SPIN,1735,6,interior,a_ice,0.04014
CM33_SPIN,1735,7,interior,a_ice,0.00131
CM33_SPIN,1735,8,interior,a_ice,0.00008
CM33_SPIN,1735,9,interior,a_ice,0.00000
CM33_SPIN,1735,10,interior,a_ice,0.00000
CM33_SPIN,1735,11,interior,a_ice,0.00281
CM33_SPIN,1735,12,interior,a_ice,0.02722
CM33_SPIN,1735,1,labsea,MLD2,1646.56482
CM33_SPIN,1735,2,labsea,MLD2,1513.86207
CM33_SPIN,1735,3,labsea,MLD2,1430.23061
CM33_SPIN,1735,4,labsea,MLD2,1490.09377
CM33_SPIN,1735,5,labsea,MLD2,815.59666
CM33_SPIN,1735,6,labsea,MLD2,46.01505
CM33_SPIN,1735,7,labsea,MLD2,14.11706
CM33_SPIN,1735,8,labsea,MLD2,12.77470
CM33_SPIN,1735,9,labsea,MLD2,19.07869
CM33_SPIN,1735,10,labsea,MLD2,33.82070
CM33_SPIN,1735,11,labsea,MLD2,277.29695
CM33_SPIN,1735,12,labsea,MLD2,1461.12943
CM33_SPIN,1735,1,interior,MLD2,2418.96580
CM33_SPIN,1735,2,interior,MLD2,2278.80742
CM33_SPIN,1735,3,interior,MLD2,2317.15877
CM33_SPIN,1735,4,interior,MLD2,2369.02634
CM33_SPIN,1735,5,interior,MLD2,1565.40639
CM33_SPIN,1735,6,interior,MLD2,121.77784
CM33_SPIN,1735,7,interior,MLD2,15.35246
CM33_SPIN,1735,8,interior,MLD2,14.93903
CM33_SPIN,1735,9,interior,MLD2,19.94954
CM33_SPIN,1735,10,interior,MLD2,32.87188
CM33_SPIN,1735,11,interior,MLD2,630.76011
CM33_SPIN,1735,12,interior,MLD2,2565.71224
CM33_SPIN,1736,1,labsea,a_ice,0.25409
CM33_SPIN,1736,2,labsea,a_ice,0.26411
CM33_SPIN,1736,3,labsea,a_ice,0.32003
CM33_SPIN,1736,4,labsea,a_ice,0.32834
CM33_SPIN,1736,5,labsea,a_ice,0.27566
CM33_SPIN,1736,6,labsea,a_ice,0.17934
CM33_SPIN,1736,7,labsea,a_ice,0.05878
CM33_SPIN,1736,8,labsea,a_ice,0.00315
CM33_SPIN,1736,9,labsea,a_ice,0.00000
CM33_SPIN,1736,10,labsea,a_ice,0.00847
CM33_SPIN,1736,11,labsea,a_ice,0.10997
CM33_SPIN,1736,12,labsea,a_ice,0.17423
CM33_SPIN,1736,1,interior,a_ice,0.06941
CM33_SPIN,1736,2,interior,a_ice,0.05306
CM33_SPIN,1736,3,interior,a_ice,0.10369
CM33_SPIN,1736,4,interior,a_ice,0.15172
CM33_SPIN,1736,5,interior,a_ice,0.07178
CM33_SPIN,1736,6,interior,a_ice,0.04116
CM33_SPIN,1736,7,interior,a_ice,0.00464
CM33_SPIN,1736,8,interior,a_ice,0.00000
CM33_SPIN,1736,9,interior,a_ice,0.00000
CM33_SPIN,1736,10,interior,a_ice,0.00000
CM33_SPIN,1736,11,interior,a_ice,0.00527
CM33_SPIN,1736,12,interior,a_ice,0.02454
CM33_SPIN,1736,1,labsea,MLD2,1518.11679
CM33_SPIN,1736,2,labsea,MLD2,1632.97533
CM33_SPIN,1736,3,labsea,MLD2,1515.02565
CM33_SPIN,1736,4,labsea,MLD2,1351.64216
CM33_SPIN,1736,5,labsea,MLD2,552.58532
CM33_SPIN,1736,6,labsea,MLD2,19.46757
CM33_SPIN,1736,7,labsea,MLD2,11.62133
CM33_SPIN,1736,8,labsea,MLD2,16.47032
CM33_SPIN,1736,9,labsea,MLD2,25.80630
CM33_SPIN,1736,10,labsea,MLD2,95.65552
CM33_SPIN,1736,11,labsea,MLD2,806.46106
CM33_SPIN,1736,12,labsea,MLD2,1542.55793
CM33_SPIN,1736,1,interior,MLD2,2373.97206
CM33_SPIN,1736,2,interior,MLD2,2563.12518
CM33_SPIN,1736,3,interior,MLD2,2324.82228
CM33_SPIN,1736,4,interior,MLD2,1910.72225
CM33_SPIN,1736,5,interior,MLD2,643.94842
CM33_SPIN,1736,6,interior,MLD2,23.77551
CM33_SPIN,1736,7,interior,MLD2,13.20192
CM33_SPIN,1736,8,interior,MLD2,18.65393
CM33_SPIN,1736,9,interior,MLD2,28.76371
CM33_SPIN,1736,10,interior,MLD2,207.26833
CM33_SPIN,1736,11,interior,MLD2,1808.13036
CM33_SPIN,1736,12,interior,MLD2,2503.71056
CM33_SPIN,1737,1,labsea,a_ice,0.20344
CM33_SPIN,1737,2,labsea,a_ice,0.27813
CM33_SPIN,1737,3,labsea,a_ice,0.28572
CM33_SPIN,1737,4,labsea,a_ice,0.24960
CM33_SPIN,1737,5,labsea,a_ice,0.21876
CM33_SPIN,1737,6,labsea,a_ice,0.12405
CM33_SPIN,1737,7,labsea,a_ice,0.04373
CM33_SPIN,1737,8,labsea,a_ice,0.00472
CM33_SPIN,1737,9,labsea,a_ice,0.00031
CM33_SPIN,1737,10,labsea,a_ice,0.00605
CM33_SPIN,1737,11,labsea,a_ice,0.08646
CM33_SPIN,1737,12,labsea,a_ice,0.17880
CM33_SPIN,1737,1,interior,a_ice,0.02830
CM33_SPIN,1737,2,interior,a_ice,0.07563
CM33_SPIN,1737,3,interior,a_ice,0.06639
CM33_SPIN,1737,4,interior,a_ice,0.06984
CM33_SPIN,1737,5,interior,a_ice,0.05670
CM33_SPIN,1737,6,interior,a_ice,0.00787
CM33_SPIN,1737,7,interior,a_ice,0.00465
CM33_SPIN,1737,8,interior,a_ice,0.00000
CM33_SPIN,1737,9,interior,a_ice,0.00000
CM33_SPIN,1737,10,interior,a_ice,0.00000
CM33_SPIN,1737,11,interior,a_ice,0.00530
CM33_SPIN,1737,12,interior,a_ice,0.04307
CM33_SPIN,1737,1,labsea,MLD2,1716.69760
CM33_SPIN,1737,2,labsea,MLD2,1656.75479
CM33_SPIN,1737,3,labsea,MLD2,1465.72646
CM33_SPIN,1737,4,labsea,MLD2,1524.29845
CM33_SPIN,1737,5,labsea,MLD2,1130.91349
CM33_SPIN,1737,6,labsea,MLD2,56.71792
CM33_SPIN,1737,7,labsea,MLD2,13.78453
CM33_SPIN,1737,8,labsea,MLD2,18.29105
CM33_SPIN,1737,9,labsea,MLD2,27.23949
CM33_SPIN,1737,10,labsea,MLD2,54.29787
CM33_SPIN,1737,11,labsea,MLD2,751.75892
CM33_SPIN,1737,12,labsea,MLD2,1627.70497
CM33_SPIN,1737,1,interior,MLD2,2618.55373
CM33_SPIN,1737,2,interior,MLD2,2557.16684
CM33_SPIN,1737,3,interior,MLD2,2423.44121
CM33_SPIN,1737,4,interior,MLD2,2436.27423
CM33_SPIN,1737,5,interior,MLD2,2094.88804
CM33_SPIN,1737,6,interior,MLD2,146.92829
CM33_SPIN,1737,7,interior,MLD2,16.30765
CM33_SPIN,1737,8,interior,MLD2,19.70803
CM33_SPIN,1737,9,interior,MLD2,29.00648
CM33_SPIN,1737,10,interior,MLD2,74.15465
CM33_SPIN,1737,11,interior,MLD2,1512.65022
CM33_SPIN,1737,12,interior,MLD2,2581.43791
CM33_SPIN,1738,1,labsea,a_ice,0.21183
CM33_SPIN,1738,2,labsea,a_ice,0.20485
CM33_SPIN,1738,3,labsea,a_ice,0.20317
CM33_SPIN,1738,4,labsea,a_ice,0.18924
CM33_SPIN,1738,5,labsea,a_ice,0.14246
CM33_SPIN,1738,6,labsea,a_ice,0.07635
CM33_SPIN,1738,7,labsea,a_ice,0.01787
CM33_SPIN,1738,8,labsea,a_ice,0.00118
CM33_SPIN,1738,9,labsea,a_ice,0.00000
CM33_SPIN,1738,10,labsea,a_ice,0.00002
CM33_SPIN,1738,11,labsea,a_ice,0.03569
CM33_SPIN,1738,12,labsea,a_ice,0.12091
CM33_SPIN,1738,1,interior,a_ice,0.05032
CM33_SPIN,1738,2,interior,a_ice,0.03168
CM33_SPIN,1738,3,interior,a_ice,0.04444
CM33_SPIN,1738,4,interior,a_ice,0.04366
CM33_SPIN,1738,5,interior,a_ice,0.02927
CM33_SPIN,1738,6,interior,a_ice,0.00570
CM33_SPIN,1738,7,interior,a_ice,0.00000
CM33_SPIN,1738,8,interior,a_ice,0.00000
CM33_SPIN,1738,9,interior,a_ice,0.00000
CM33_SPIN,1738,10,interior,a_ice,0.00000
CM33_SPIN,1738,11,interior,a_ice,0.00000
CM33_SPIN,1738,12,interior,a_ice,0.00283
CM33_SPIN,1738,1,labsea,MLD2,1764.13926
CM33_SPIN,1738,2,labsea,MLD2,1810.69373
CM33_SPIN,1738,3,labsea,MLD2,1754.26483
CM33_SPIN,1738,4,labsea,MLD2,1604.45234
CM33_SPIN,1738,5,labsea,MLD2,865.21083
CM33_SPIN,1738,6,labsea,MLD2,22.49496
CM33_SPIN,1738,7,labsea,MLD2,15.96461
CM33_SPIN,1738,8,labsea,MLD2,15.73307
CM33_SPIN,1738,9,labsea,MLD2,24.15440
CM33_SPIN,1738,10,labsea,MLD2,36.61882
CM33_SPIN,1738,11,labsea,MLD2,337.88681
CM33_SPIN,1738,12,labsea,MLD2,1196.40857
CM33_SPIN,1738,1,interior,MLD2,2647.25518
CM33_SPIN,1738,2,interior,MLD2,2693.80742
CM33_SPIN,1738,3,interior,MLD2,2634.18190
CM33_SPIN,1738,4,interior,MLD2,2502.69329
CM33_SPIN,1738,5,interior,MLD2,1572.04919
CM33_SPIN,1738,6,interior,MLD2,16.25198
CM33_SPIN,1738,7,interior,MLD2,17.77202
CM33_SPIN,1738,8,interior,MLD2,16.85214
CM33_SPIN,1738,9,interior,MLD2,27.10591
CM33_SPIN,1738,10,interior,MLD2,40.07847
CM33_SPIN,1738,11,interior,MLD2,924.56305
CM33_SPIN,1738,12,interior,MLD2,2467.69855
CM33_SPIN,1739,1,labsea,a_ice,0.20067
CM33_SPIN,1739,2,labsea,a_ice,0.22484
CM33_SPIN,1739,3,labsea,a_ice,0.21983
CM33_SPIN,1739,4,labsea,a_ice,0.20361
CM33_SPIN,1739,5,labsea,a_ice,0.14833
CM33_SPIN,1739,6,labsea,a_ice,0.09661
CM33_SPIN,1739,7,labsea,a_ice,0.01873
CM33_SPIN,1739,8,labsea,a_ice,0.00034
CM33_SPIN,1739,9,labsea,a_ice,0.00000
CM33_SPIN,1739,10,labsea,a_ice,0.00026
CM33_SPIN,1739,11,labsea,a_ice,0.03452
CM33_SPIN,1739,12,labsea,a_ice,0.12429
CM33_SPIN,1739,1,interior,a_ice,0.01767
CM33_SPIN,1739,2,interior,a_ice,0.04941
CM33_SPIN,1739,3,interior,a_ice,0.05078
CM33_SPIN,1739,4,interior,a_ice,0.04532
CM33_SPIN,1739,5,interior,a_ice,0.01965
CM33_SPIN,1739,6,interior,a_ice,0.00615
CM33_SPIN,1739,7,interior,a_ice,0.00064
CM33_SPIN,1739,8,interior,a_ice,0.00000
CM33_SPIN,1739,9,interior,a_ice,0.00000
CM33_SPIN,1739,10,interior,a_ice,0.00000
CM33_SPIN,1739,11,interior,a_ice,0.00003
CM33_SPIN,1739,12,interior,a_ice,0.00414
CM33_SPIN,1739,1,labsea,MLD2,1697.38681
CM33_SPIN,1739,2,labsea,MLD2,1684.37660
CM33_SPIN,1739,3,labsea,MLD2,1568.51728
CM33_SPIN,1739,4,labsea,MLD2,1514.22922
CM33_SPIN,1739,5,labsea,MLD2,875.83395
CM33_SPIN,1739,6,labsea,MLD2,120.95658
CM33_SPIN,1739,7,labsea,MLD2,13.43515
CM33_SPIN,1739,8,labsea,MLD2,19.55096
CM33_SPIN,1739,9,labsea,MLD2,27.69081
CM33_SPIN,1739,10,labsea,MLD2,34.82150
CM33_SPIN,1739,11,labsea,MLD2,181.51446
CM33_SPIN,1739,12,labsea,MLD2,1186.53470
CM33_SPIN,1739,1,interior,MLD2,2677.97047
CM33_SPIN,1739,2,interior,MLD2,2569.47265
CM33_SPIN,1739,3,interior,MLD2,2497.64298
CM33_SPIN,1739,4,interior,MLD2,2462.31743
CM33_SPIN,1739,5,interior,MLD2,1951.72306
CM33_SPIN,1739,6,interior,MLD2,346.59021
CM33_SPIN,1739,7,interior,MLD2,15.55408
CM33_SPIN,1739,8,interior,MLD2,22.24027
CM33_SPIN,1739,9,interior,MLD2,30.34345
CM33_SPIN,1739,10,interior,MLD2,35.61015
CM33_SPIN,1739,11,interior,MLD2,423.81320
CM33_SPIN,1739,12,interior,MLD2,2063.21750
CM33_SPIN,1740,1,labsea,a_ice,0.17933
CM33_SPIN,1740,2,labsea,a_ice,0.19403
CM33_SPIN,1740,3,labsea,a_ice,0.19322
CM33_SPIN,1740,4,labsea,a_ice,0.20399
CM33_SPIN,1740,5,labsea,a_ice,0.18623
CM33_SPIN,1740,6,labsea,a_ice,0.12841
CM33_SPIN,1740,7,labsea,a_ice,0.05710
CM33_SPIN,1740,8,labsea,a_ice,0.01507
CM33_SPIN,1740,9,labsea,a_ice,0.00083
CM33_SPIN,1740,10,labsea,a_ice,0.01023
CM33_SPIN,1740,11,labsea,a_ice,0.05348
CM33_SPIN,1740,12,labsea,a_ice,0.14737
CM33_SPIN,1740,1,interior,a_ice,0.03807
CM33_SPIN,1740,2,interior,a_ice,0.03596
CM33_SPIN,1740,3,interior,a_ice,0.03564
CM33_SPIN,1740,4,interior,a_ice,0.05140
CM33_SPIN,1740,5,interior,a_ice,0.01946
CM33_SPIN,1740,6,interior,a_ice,0.01777
CM33_SPIN,1740,7,interior,a_ice,0.00285
CM33_SPIN,1740,8,interior,a_ice,0.00000
CM33_SPIN,1740,9,interior,a_ice,0.00000
CM33_SPIN,1740,10,interior,a_ice,0.00000
CM33_SPIN,1740,11,interior,a_ice,0.00000
CM33_SPIN,1740,12,interior,a_ice,0.00991
CM33_SPIN,1740,1,labsea,MLD2,1535.31524
CM33_SPIN,1740,2,labsea,MLD2,1584.69334
CM33_SPIN,1740,3,labsea,MLD2,1656.48094
CM33_SPIN,1740,4,labsea,MLD2,1667.47844
CM33_SPIN,1740,5,labsea,MLD2,800.74065
CM33_SPIN,1740,6,labsea,MLD2,30.34172
CM33_SPIN,1740,7,labsea,MLD2,15.96606
CM33_SPIN,1740,8,labsea,MLD2,13.11411
CM33_SPIN,1740,9,labsea,MLD2,21.65485
CM33_SPIN,1740,10,labsea,MLD2,68.78057
CM33_SPIN,1740,11,labsea,MLD2,419.78316
CM33_SPIN,1740,12,labsea,MLD2,1309.03028
CM33_SPIN,1740,1,interior,MLD2,2442.62218
CM33_SPIN,1740,2,interior,MLD2,2516.79563
CM33_SPIN,1740,3,interior,MLD2,2598.09410
CM33_SPIN,1740,4,interior,MLD2,2616.03760
CM33_SPIN,1740,5,interior,MLD2,1417.57123
CM33_SPIN,1740,6,interior,MLD2,51.06601
CM33_SPIN,1740,7,interior,MLD2,19.53706
CM33_SPIN,1740,8,interior,MLD2,15.09371
CM33_SPIN,1740,9,interior,MLD2,24.32129
CM33_SPIN,1740,10,interior,MLD2,145.94274
CM33_SPIN,1740,11,interior,MLD2,1134.00756
CM33_SPIN,1740,12,interior,MLD2,2172.53014
CM33_SPIN,1741,1,labsea,a_ice,0.22975
CM33_SPIN,1741,2,labsea,a_ice,0.25321
CM33_SPIN,1741,3,labsea,a_ice,0.27619
CM33_SPIN,1741,4,labsea,a_ice,0.24490
CM33_SPIN,1741,5,labsea,a_ice,0.17643
CM33_SPIN,1741,6,labsea,a_ice,0.14551
CM33_SPIN,1741,7,labsea,a_ice,0.06236
CM33_SPIN,1741,8,labsea,a_ice,0.00286
CM33_SPIN,1741,9,labsea,a_ice,0.00000
CM33_SPIN,1741,10,labsea,a_ice,0.00658
CM33_SPIN,1741,11,labsea,a_ice,0.07461
CM33_SPIN,1741,12,labsea,a_ice,0.21133
CM33_SPIN,1741,1,interior,a_ice,0.07654
CM33_SPIN,1741,2,interior,a_ice,0.09243
CM33_SPIN,1741,3,interior,a_ice,0.06990
CM33_SPIN,1741,4,interior,a_ice,0.04990
CM33_SPIN,1741,5,interior,a_ice,0.03611
CM33_SPIN,1741,6,interior,a_ice,0.02955
CM33_SPIN,1741,7,interior,a_ice,0.01396
CM33_SPIN,1741,8,interior,a_ice,0.00001
CM33_SPIN,1741,9,interior,a_ice,0.00000
CM33_SPIN,1741,10,interior,a_ice,0.00000
CM33_SPIN,1741,11,interior,a_ice,0.00581
CM33_SPIN,1741,12,interior,a_ice,0.04808
CM33_SPIN,1741,1,labsea,MLD2,1634.63781
CM33_SPIN,1741,2,labsea,MLD2,1701.49097
CM33_SPIN,1741,3,labsea,MLD2,1625.63852
CM33_SPIN,1741,4,labsea,MLD2,1543.66825
CM33_SPIN,1741,5,labsea,MLD2,1142.14505
CM33_SPIN,1741,6,labsea,MLD2,324.63213
CM33_SPIN,1741,7,labsea,MLD2,15.13565
CM33_SPIN,1741,8,labsea,MLD2,14.77458
CM33_SPIN,1741,9,labsea,MLD2,22.47999
CM33_SPIN,1741,10,labsea,MLD2,106.85692
CM33_SPIN,1741,11,labsea,MLD2,1003.40234
CM33_SPIN,1741,12,labsea,MLD2,1532.12905
CM33_SPIN,1741,1,interior,MLD2,2501.65182
CM33_SPIN,1741,2,interior,MLD2,2567.69714
CM33_SPIN,1741,3,interior,MLD2,2551.07454
CM33_SPIN,1741,4,interior,MLD2,2450.57566
CM33_SPIN,1741,5,interior,MLD2,2253.28423
CM33_SPIN,1741,6,interior,MLD2,954.33261
CM33_SPIN,1741,7,interior,MLD2,18.66006
CM33_SPIN,1741,8,interior,MLD2,17.69802
CM33_SPIN,1741,9,interior,MLD2,23.56062
CM33_SPIN,1741,10,interior,MLD2,278.54473
CM33_SPIN,1741,11,interior,MLD2,2070.20748
CM33_SPIN,1741,12,interior,MLD2,2489.95630
CM33_SPIN,1742,1,labsea,a_ice,0.34994
CM33_SPIN,1742,2,labsea,a_ice,0.42324
CM33_SPIN,1742,3,labsea,a_ice,0.35238
CM33_SPIN,1742,4,labsea,a_ice,0.31172
CM33_SPIN,1742,5,labsea,a_ice,0.22395
CM33_SPIN,1742,6,labsea,a_ice,0.12284
CM33_SPIN,1742,7,labsea,a_ice,0.04556
CM33_SPIN,1742,8,labsea,a_ice,0.00352
CM33_SPIN,1742,9,labsea,a_ice,0.00000
CM33_SPIN,1742,10,labsea,a_ice,0.00584
CM33_SPIN,1742,11,labsea,a_ice,0.04124
CM33_SPIN,1742,12,labsea,a_ice,0.15162
CM33_SPIN,1742,1,interior,a_ice,0.17934
CM33_SPIN,1742,2,interior,a_ice,0.28183
CM33_SPIN,1742,3,interior,a_ice,0.23075
CM33_SPIN,1742,4,interior,a_ice,0.09370
CM33_SPIN,1742,5,interior,a_ice,0.04983
CM33_SPIN,1742,6,interior,a_ice,0.02091
CM33_SPIN,1742,7,interior,a_ice,0.00002
CM33_SPIN,1742,8,interior,a_ice,0.00000
CM33_SPIN,1742,9,interior,a_ice,0.00000
CM33_SPIN,1742,10,interior,a_ice,0.00000
CM33_SPIN,1742,11,interior,a_ice,0.00033
CM33_SPIN,1742,12,interior,a_ice,0.01613
CM33_SPIN,1742,1,labsea,MLD2,1305.15305
CM33_SPIN,1742,2,labsea,MLD2,1270.17837
CM33_SPIN,1742,3,labsea,MLD2,1361.47128
CM33_SPIN,1742,4,labsea,MLD2,1290.05480
CM33_SPIN,1742,5,labsea,MLD2,1153.75303
CM33_SPIN,1742,6,labsea,MLD2,17.92119
CM33_SPIN,1742,7,labsea,MLD2,14.07946
CM33_SPIN,1742,8,labsea,MLD2,14.89738
CM33_SPIN,1742,9,labsea,MLD2,19.99146
CM33_SPIN,1742,10,labsea,MLD2,32.16464
CM33_SPIN,1742,11,labsea,MLD2,142.33773
CM33_SPIN,1742,12,labsea,MLD2,1210.73533
CM33_SPIN,1742,1,interior,MLD2,2095.40237
CM33_SPIN,1742,2,interior,MLD2,1788.69996
CM33_SPIN,1742,3,interior,MLD2,1838.13899
CM33_SPIN,1742,4,interior,MLD2,1743.53427
CM33_SPIN,1742,5,interior,MLD2,1809.08945
CM33_SPIN,1742,6,interior,MLD2,19.61350
CM33_SPIN,1742,7,interior,MLD2,15.95360
CM33_SPIN,1742,8,interior,MLD2,17.91589
CM33_SPIN,1742,9,interior,MLD2,23.32958
CM33_SPIN,1742,10,interior,MLD2,39.20420
CM33_SPIN,1742,11,interior,MLD2,280.64948
CM33_SPIN,1742,12,interior,MLD2,2293.73874
CM33_SPIN,1743,1,labsea,a_ice,0.25216
CM33_SPIN,1743,2,labsea,a_ice,0.28248
CM33_SPIN,1743,3,labsea,a_ice,0.32398
CM33_SPIN,1743,4,labsea,a_ice,0.33775
CM33_SPIN,1743,5,labsea,a_ice,0.24576
CM33_SPIN,1743,6,labsea,a_ice,0.13456
CM33_SPIN,1743,7,labsea,a_ice,0.06708
CM33_SPIN,1743,8,labsea,a_ice,0.01312
CM33_SPIN,1743,9,labsea,a_ice,0.00065
CM33_SPIN,1743,10,labsea,a_ice,0.01243
CM33_SPIN,1743,11,labsea,a_ice,0.07472
CM33_SPIN,1743,12,labsea,a_ice,0.24924
CM33_SPIN,1743,1,interior,a_ice,0.08713
CM33_SPIN,1743,2,interior,a_ice,0.08132
CM33_SPIN,1743,3,interior,a_ice,0.14418
CM33_SPIN,1743,4,interior,a_ice,0.15977
CM33_SPIN,1743,5,interior,a_ice,0.05482
CM33_SPIN,1743,6,interior,a_ice,0.03549
CM33_SPIN,1743,7,interior,a_ice,0.00589
CM33_SPIN,1743,8,interior,a_ice,0.00053
CM33_SPIN,1743,9,interior,a_ice,0.00000
CM33_SPIN,1743,10,interior,a_ice,0.00000
CM33_SPIN,1743,11,interior,a_ice,0.00404
CM33_SPIN,1743,12,interior,a_ice,0.04732
CM33_SPIN,1743,1,labsea,MLD2,1664.30430
CM33_SPIN,1743,2,labsea,MLD2,1620.40733
CM33_SPIN,1743,3,labsea,MLD2,1410.76408
CM33_SPIN,1743,4,labsea,MLD2,1174.73609
CM33_SPIN,1743,5,labsea,MLD2,610.63490
CM33_SPIN,1743,6,labsea,MLD2,20.74483
CM33_SPIN,1743,7,labsea,MLD2,16.09942
CM33_SPIN,1743,8,labsea,MLD2,14.63100
CM33_SPIN,1743,9,labsea,MLD2,22.25529
CM33_SPIN,1743,10,labsea,MLD2,39.31739
CM33_SPIN,1743,11,labsea,MLD2,596.78984
CM33_SPIN,1743,12,labsea,MLD2,1475.17499
CM33_SPIN,1743,1,interior,MLD2,2509.83820
CM33_SPIN,1743,2,interior,MLD2,2539.60354
CM33_SPIN,1743,3,interior,MLD2,2192.05582
CM33_SPIN,1743,4,interior,MLD2,1853.23571
CM33_SPIN,1743,5,interior,MLD2,1065.30842
CM33_SPIN,1743,6,interior,MLD2,25.84366
CM33_SPIN,1743,7,interior,MLD2,17.86902
CM33_SPIN,1743,8,interior,MLD2,16.44697
CM33_SPIN,1743,9,interior,MLD2,24.61269
CM33_SPIN,1743,10,interior,MLD2,44.29329
CM33_SPIN,1743,11,interior,MLD2,1211.85099
CM33_SPIN,1743,12,interior,MLD2,2489.07074
CM33_SPIN,1744,1,labsea,a_ice,0.35444
CM33_SPIN,1744,2,labsea,a_ice,0.35511
CM33_SPIN,1744,3,labsea,a_ice,0.38791
CM33_SPIN,1744,4,labsea,a_ice,0.33902
CM33_SPIN,1744,5,labsea,a_ice,0.26822
CM33_SPIN,1744,6,labsea,a_ice,0.17568
CM33_SPIN,1744,7,labsea,a_ice,0.05686
CM33_SPIN,1744,8,labsea,a_ice,0.00861
CM33_SPIN,1744,9,labsea,a_ice,0.00242
CM33_SPIN,1744,10,labsea,a_ice,0.01188
CM33_SPIN,1744,11,labsea,a_ice,0.20322
CM33_SPIN,1744,12,labsea,a_ice,0.31495
CM33_SPIN,1744,1,interior,a_ice,0.15936
CM33_SPIN,1744,2,interior,a_ice,0.14993
CM33_SPIN,1744,3,interior,a_ice,0.15554
CM33_SPIN,1744,4,interior,a_ice,0.13245
CM33_SPIN,1744,5,interior,a_ice,0.05982
CM33_SPIN,1744,6,interior,a_ice,0.04386
CM33_SPIN,1744,7,interior,a_ice,0.00296
CM33_SPIN,1744,8,interior,a_ice,0.00000
CM33_SPIN,1744,9,interior,a_ice,0.00007
CM33_SPIN,1744,10,interior,a_ice,0.00024
CM33_SPIN,1744,11,interior,a_ice,0.04106
CM33_SPIN,1744,12,interior,a_ice,0.15590
CM33_SPIN,1744,1,labsea,MLD2,1521.85464
CM33_SPIN,1744,2,labsea,MLD2,1433.44912
CM33_SPIN,1744,3,labsea,MLD2,1212.34099
CM33_SPIN,1744,4,labsea,MLD2,921.61545
CM33_SPIN,1744,5,labsea,MLD2,464.40519
CM33_SPIN,1744,6,labsea,MLD2,18.36752
CM33_SPIN,1744,7,labsea,MLD2,12.58522
CM33_SPIN,1744,8,labsea,MLD2,12.29906
CM33_SPIN,1744,9,labsea,MLD2,20.73831
CM33_SPIN,1744,10,labsea,MLD2,49.60830
CM33_SPIN,1744,11,labsea,MLD2,825.30526
CM33_SPIN,1744,12,labsea,MLD2,1477.35842
CM33_SPIN,1744,1,interior,MLD2,2321.85433
CM33_SPIN,1744,2,interior,MLD2,2339.40524
CM33_SPIN,1744,3,interior,MLD2,1978.71256
CM33_SPIN,1744,4,interior,MLD2,1599.72548
CM33_SPIN,1744,5,interior,MLD2,1042.70952
CM33_SPIN,1744,6,interior,MLD2,30.96009
CM33_SPIN,1744,7,interior,MLD2,13.94609
CM33_SPIN,1744,8,interior,MLD2,13.19983
CM33_SPIN,1744,9,interior,MLD2,22.85710
CM33_SPIN,1744,10,interior,MLD2,86.65805
CM33_SPIN,1744,11,interior,MLD2,1990.68414
CM33_SPIN,1744,12,interior,MLD2,2318.57835
CM33_SPIN,1745,1,labsea,a_ice,0.34660
CM33_SPIN,1745,2,labsea,a_ice,0.33857
CM33_SPIN,1745,3,labsea,a_ice,0.32100
CM33_SPIN,1745,4,labsea,a_ice,0.26476
CM33_SPIN,1745,5,labsea,a_ice,0.17793
CM33_SPIN,1745,6,labsea,a_ice,0.10386
CM33_SPIN,1745,7,labsea,a_ice,0.04735
CM33_SPIN,1745,8,labsea,a_ice,0.00839
CM33_SPIN,1745,9,labsea,a_ice,0.00245
CM33_SPIN,1745,10,labsea,a_ice,0.00963
CM33_SPIN,1745,11,labsea,a_ice,0.05768
CM33_SPIN,1745,12,labsea,a_ice,0.15350
CM33_SPIN,1745,1,interior,a_ice,0.13077
CM33_SPIN,1745,2,interior,a_ice,0.15842
CM33_SPIN,1745,3,interior,a_ice,0.13539
CM33_SPIN,1745,4,interior,a_ice,0.06164
CM33_SPIN,1745,5,interior,a_ice,0.01933
CM33_SPIN,1745,6,interior,a_ice,0.01220
CM33_SPIN,1745,7,interior,a_ice,0.00923
CM33_SPIN,1745,8,interior,a_ice,0.00003
CM33_SPIN,1745,9,interior,a_ice,0.00000
CM33_SPIN,1745,10,interior,a_ice,0.00000
CM33_SPIN,1745,11,interior,a_ice,0.00208
CM33_SPIN,1745,12,interior,a_ice,0.02133
CM33_SPIN,1745,1,labsea,MLD2,1513.40478
CM33_SPIN,1745,2,labsea,MLD2,1534.38963
CM33_SPIN,1745,3,labsea,MLD2,1524.49919
CM33_SPIN,1745,4,labsea,MLD2,1544.79212
CM33_SPIN,1745,5,labsea,MLD2,1228.90079
CM33_SPIN,1745,6,labsea,MLD2,80.95018
CM33_SPIN,1745,7,labsea,MLD2,15.63510
CM33_SPIN,1745,8,labsea,MLD2,15.93831
CM33_SPIN,1745,9,labsea,MLD2,25.13078
CM33_SPIN,1745,10,labsea,MLD2,41.57057
CM33_SPIN,1745,11,labsea,MLD2,682.85017
CM33_SPIN,1745,12,labsea,MLD2,1641.49330
CM33_SPIN,1745,1,interior,MLD2,2316.67750
CM33_SPIN,1745,2,interior,MLD2,2306.53882
CM33_SPIN,1745,3,interior,MLD2,2324.59327
CM33_SPIN,1745,4,interior,MLD2,2509.75213
CM33_SPIN,1745,5,interior,MLD2,2361.43798
CM33_SPIN,1745,6,interior,MLD2,237.40074
CM33_SPIN,1745,7,interior,MLD2,17.40472
CM33_SPIN,1745,8,interior,MLD2,17.85339
CM33_SPIN,1745,9,interior,MLD2,28.40275
CM33_SPIN,1745,10,interior,MLD2,46.84154
CM33_SPIN,1745,11,interior,MLD2,1478.66951
CM33_SPIN,1745,12,interior,MLD2,2626.78488
CM33_SPIN,1746,1,labsea,a_ice,0.24557
CM33_SPIN,1746,2,labsea,a_ice,0.31083
CM33_SPIN,1746,3,labsea,a_ice,0.41431
CM33_SPIN,1746,4,labsea,a_ice,0.34189
CM33_SPIN,1746,5,labsea,a_ice,0.24747
CM33_SPIN,1746,6,labsea,a_ice,0.12601
CM33_SPIN,1746,7,labsea,a_ice,0.02783
CM33_SPIN,1746,8,labsea,a_ice,0.00320
CM33_SPIN,1746,9,labsea,a_ice,0.00009
CM33_SPIN,1746,10,labsea,a_ice,0.00418
CM33_SPIN,1746,11,labsea,a_ice,0.03869
CM33_SPIN,1746,12,labsea,a_ice,0.07278
CM33_SPIN,1746,1,interior,a_ice,0.07684
CM33_SPIN,1746,2,interior,a_ice,0.12605
CM33_SPIN,1746,3,interior,a_ice,0.26932
CM33_SPIN,1746,4,interior,a_ice,0.18136
CM33_SPIN,1746,5,interior,a_ice,0.11043
CM33_SPIN,1746,6,interior,a_ice,0.03304
CM33_SPIN,1746,7,interior,a_ice,0.00002
CM33_SPIN,1746,8,interior,a_ice,0.00000
CM33_SPIN,1746,9,interior,a_ice,0.00000
CM33_SPIN,1746,10,interior,a_ice,0.00000
CM33_SPIN,1746,11,interior,a_ice,0.00000
CM33_SPIN,1746,12,interior,a_ice,0.00188
CM33_SPIN,1746,1,labsea,MLD2,1503.41885
CM33_SPIN,1746,2,labsea,MLD2,1372.90557
CM33_SPIN,1746,3,labsea,MLD2,1333.44684
CM33_SPIN,1746,4,labsea,MLD2,1309.68876
CM33_SPIN,1746,5,labsea,MLD2,714.64145
CM33_SPIN,1746,6,labsea,MLD2,15.62362
CM33_SPIN,1746,7,labsea,MLD2,13.74506
CM33_SPIN,1746,8,labsea,MLD2,16.36876
CM33_SPIN,1746,9,labsea,MLD2,19.02728
CM33_SPIN,1746,10,labsea,MLD2,24.97619
CM33_SPIN,1746,11,labsea,MLD2,39.13167
CM33_SPIN,1746,12,labsea,MLD2,80.94614
CM33_SPIN,1746,1,interior,MLD2,2461.10142
CM33_SPIN,1746,2,interior,MLD2,2111.43107
CM33_SPIN,1746,3,interior,MLD2,1858.25728
CM33_SPIN,1746,4,interior,MLD2,1783.91519
CM33_SPIN,1746,5,interior,MLD2,1005.94045
CM33_SPIN,1746,6,interior,MLD2,17.77686
CM33_SPIN,1746,7,interior,MLD2,15.00549
CM33_SPIN,1746,8,interior,MLD2,17.93391
CM33_SPIN,1746,9,interior,MLD2,21.53894
CM33_SPIN,1746,10,interior,MLD2,30.09906
CM33_SPIN,1746,11,interior,MLD2,39.41733
CM33_SPIN,1746,12,interior,MLD2,86.01518
CM33_SPIN,1747,1,labsea,a_ice,0.19311
CM33_SPIN,1747,2,labsea,a_ice,0.21137
CM33_SPIN,1747,3,labsea,a_ice,0.26576
CM33_SPIN,1747,4,labsea,a_ice,0.23242
CM33_SPIN,1747,5,labsea,a_ice,0.16293
CM33_SPIN,1747,6,labsea,a_ice,0.09530
CM33_SPIN,1747,7,labsea,a_ice,0.02687
CM33_SPIN,1747,8,labsea,a_ice,0.00398
CM33_SPIN,1747,9,labsea,a_ice,0.00107
CM33_SPIN,1747,10,labsea,a_ice,0.00384
CM33_SPIN,1747,11,labsea,a_ice,0.07648
CM33_SPIN,1747,12,labsea,a_ice,0.28520
CM33_SPIN,1747,1,interior,a_ice,0.03272
CM33_SPIN,1747,2,interior,a_ice,0.04540
CM33_SPIN,1747,3,interior,a_ice,0.07473
CM33_SPIN,1747,4,interior,a_ice,0.06031
CM33_SPIN,1747,5,interior,a_ice,0.01939
CM33_SPIN,1747,6,interior,a_ice,0.00175
CM33_SPIN,1747,7,interior,a_ice,0.00008
CM33_SPIN,1747,8,interior,a_ice,0.00000
CM33_SPIN,1747,9,interior,a_ice,0.00000
CM33_SPIN,1747,10,interior,a_ice,0.00073
CM33_SPIN,1747,11,interior,a_ice,0.00116
CM33_SPIN,1747,12,interior,a_ice,0.12059
CM33_SPIN,1747,1,labsea,MLD2,1252.35956
CM33_SPIN,1747,2,labsea,MLD2,1713.68766
CM33_SPIN,1747,3,labsea,MLD2,1621.38166
CM33_SPIN,1747,4,labsea,MLD2,1347.66846
CM33_SPIN,1747,5,labsea,MLD2,523.09865
CM33_SPIN,1747,6,labsea,MLD2,16.70845
CM33_SPIN,1747,7,labsea,MLD2,12.52558
CM33_SPIN,1747,8,labsea,MLD2,14.49637
CM33_SPIN,1747,9,labsea,MLD2,19.51761
CM33_SPIN,1747,10,labsea,MLD2,30.80410
CM33_SPIN,1747,11,labsea,MLD2,442.85949
CM33_SPIN,1747,12,labsea,MLD2,1271.77331
CM33_SPIN,1747,1,interior,MLD2,2142.30166
CM33_SPIN,1747,2,interior,MLD2,2631.60725
CM33_SPIN,1747,3,interior,MLD2,2563.33425
CM33_SPIN,1747,4,interior,MLD2,2257.24976
CM33_SPIN,1747,5,interior,MLD2,1234.45305
CM33_SPIN,1747,6,interior,MLD2,20.79970
CM33_SPIN,1747,7,interior,MLD2,14.70090
CM33_SPIN,1747,8,interior,MLD2,17.41996
CM33_SPIN,1747,9,interior,MLD2,23.16024
CM33_SPIN,1747,10,interior,MLD2,34.22303
CM33_SPIN,1747,11,interior,MLD2,989.86366
CM33_SPIN,1747,12,interior,MLD2,2112.92095
CM33_SPIN,1748,1,labsea,a_ice,0.37836
CM33_SPIN,1748,2,labsea,a_ice,0.41331
CM33_SPIN,1748,3,labsea,a_ice,0.37479
CM33_SPIN,1748,4,labsea,a_ice,0.26660
CM33_SPIN,1748,5,labsea,a_ice,0.22012
CM33_SPIN,1748,6,labsea,a_ice,0.11019
CM33_SPIN,1748,7,labsea,a_ice,0.03068
CM33_SPIN,1748,8,labsea,a_ice,0.00243
CM33_SPIN,1748,9,labsea,a_ice,0.00325
CM33_SPIN,1748,10,labsea,a_ice,0.01490
CM33_SPIN,1748,11,labsea,a_ice,0.10415
CM33_SPIN,1748,12,labsea,a_ice,0.19111
CM33_SPIN,1748,1,interior,a_ice,0.19790
CM33_SPIN,1748,2,interior,a_ice,0.27858
CM33_SPIN,1748,3,interior,a_ice,0.22189
CM33_SPIN,1748,4,interior,a_ice,0.07995
CM33_SPIN,1748,5,interior,a_ice,0.05609
CM33_SPIN,1748,6,interior,a_ice,0.04120
CM33_SPIN,1748,7,interior,a_ice,0.00031
CM33_SPIN,1748,8,interior,a_ice,0.00000
CM33_SPIN,1748,9,interior,a_ice,0.00000
CM33_SPIN,1748,10,interior,a_ice,0.00000
CM33_SPIN,1748,11,interior,a_ice,0.00620
CM33_SPIN,1748,12,interior,a_ice,0.04943
CM33_SPIN,1748,1,labsea,MLD2,1429.11263
CM33_SPIN,1748,2,labsea,MLD2,1337.57450
CM33_SPIN,1748,3,labsea,MLD2,1321.70443
CM33_SPIN,1748,4,labsea,MLD2,1445.86700
CM33_SPIN,1748,5,labsea,MLD2,1099.03330
CM33_SPIN,1748,6,labsea,MLD2,93.94722
CM33_SPIN,1748,7,labsea,MLD2,16.27789
CM33_SPIN,1748,8,labsea,MLD2,19.14575
CM33_SPIN,1748,9,labsea,MLD2,28.35677
CM33_SPIN,1748,10,labsea,MLD2,38.55427
CM33_SPIN,1748,11,labsea,MLD2,670.56885
CM33_SPIN,1748,12,labsea,MLD2,1588.05623
CM33_SPIN,1748,1,interior,MLD2,2108.75300
CM33_SPIN,1748,2,interior,MLD2,1862.37188
CM33_SPIN,1748,3,interior,MLD2,1790.33406
CM33_SPIN,1748,4,interior,MLD2,2188.43487
CM33_SPIN,1748,5,interior,MLD2,1804.47295
CM33_SPIN,1748,6,interior,MLD2,264.78295
CM33_SPIN,1748,7,interior,MLD2,19.26693
CM33_SPIN,1748,8,interior,MLD2,21.43583
CM33_SPIN,1748,9,interior,MLD2,28.65085
CM33_SPIN,1748,10,interior,MLD2,42.79426
CM33_SPIN,1748,11,interior,MLD2,1649.52448
CM33_SPIN,1748,12,interior,MLD2,2584.96357
CM33_SPIN,1749,1,labsea,a_ice,0.21786
CM33_SPIN,1749,2,labsea,a_ice,0.21576
CM33_SPIN,1749,3,labsea,a_ice,0.25201
CM33_SPIN,1749,4,labsea,a_ice,0.29544
CM33_SPIN,1749,5,labsea,a_ice,0.23006
CM33_SPIN,1749,6,labsea,a_ice,0.11522
CM33_SPIN,1749,7,labsea,a_ice,0.04404
CM33_SPIN,1749,8,labsea,a_ice,0.01154
CM33_SPIN,1749,9,labsea,a_ice,0.00003
CM33_SPIN,1749,10,labsea,a_ice,0.01092
CM33_SPIN,1749,11,labsea,a_ice,0.07616
CM33_SPIN,1749,12,labsea,a_ice,0.19615
CM33_SPIN,1749,1,interior,a_ice,0.04862
CM33_SPIN,1749,2,interior,a_ice,0.04422
CM33_SPIN,1749,3,interior,a_ice,0.07628
CM33_SPIN,1749,4,interior,a_ice,0.10853
CM33_SPIN,1749,5,interior,a_ice,0.03512
CM33_SPIN,1749,6,interior,a_ice,0.01050
CM33_SPIN,1749,7,interior,a_ice,0.00002
CM33_SPIN,1749,8,interior,a_ice,0.00000
CM33_SPIN,1749,9,interior,a_ice,0.00000
CM33_SPIN,1749,10,interior,a_ice,0.00000
CM33_SPIN,1749,11,interior,a_ice,0.00051
CM33_SPIN,1749,12,interior,a_ice,0.03008
CM33_SPIN,1749,1,labsea,MLD2,1659.72138
CM33_SPIN,1749,2,labsea,MLD2,1545.56175
CM33_SPIN,1749,3,labsea,MLD2,1571.80049
CM33_SPIN,1749,4,labsea,MLD2,1391.49467
CM33_SPIN,1749,5,labsea,MLD2,823.79558
CM33_SPIN,1749,6,labsea,MLD2,13.15194
CM33_SPIN,1749,7,labsea,MLD2,12.84358
CM33_SPIN,1749,8,labsea,MLD2,13.84268
CM33_SPIN,1749,9,labsea,MLD2,22.35439
CM33_SPIN,1749,10,labsea,MLD2,40.29179
CM33_SPIN,1749,11,labsea,MLD2,451.85865
CM33_SPIN,1749,12,labsea,MLD2,1269.11915
CM33_SPIN,1749,1,interior,MLD2,2604.38178
CM33_SPIN,1749,2,interior,MLD2,2470.51809
CM33_SPIN,1749,3,interior,MLD2,2536.40989
CM33_SPIN,1749,4,interior,MLD2,2311.20557
CM33_SPIN,1749,5,interior,MLD2,1543.79717
CM33_SPIN,1749,6,interior,MLD2,14.94832
CM33_SPIN,1749,7,interior,MLD2,15.12557
CM33_SPIN,1749,8,interior,MLD2,16.09211
CM33_SPIN,1749,9,interior,MLD2,25.59130
CM33_SPIN,1749,10,interior,MLD2,50.42592
CM33_SPIN,1749,11,interior,MLD2,1132.90514
CM33_SPIN,1749,12,interior,MLD2,2308.01407
CM33_SPIN,1750,1,labsea,a_ice,0.24209
CM33_SPIN,1750,2,labsea,a_ice,0.26782
CM33_SPIN,1750,3,labsea,a_ice,0.28855
CM33_SPIN,1750,4,labsea,a_ice,0.27445
CM33_SPIN,1750,5,labsea,a_ice,0.21086
CM33_SPIN,1750,6,labsea,a_ice,0.14827
CM33_SPIN,1750,7,labsea,a_ice,0.04846
CM33_SPIN,1750,8,labsea,a_ice,0.00752
CM33_SPIN,1750,9,labsea,a_ice,0.00001
CM33_SPIN,1750,10,labsea,a_ice,0.02277
CM33_SPIN,1750,11,labsea,a_ice,0.11934
CM33_SPIN,1750,12,labsea,a_ice,0.17728
CM33_SPIN,1750,1,interior,a_ice,0.06598
CM33_SPIN,1750,2,interior,a_ice,0.09041
CM33_SPIN,1750,3,interior,a_ice,0.09004
CM33_SPIN,1750,4,interior,a_ice,0.04861
CM33_SPIN,1750,5,interior,a_ice,0.03939
CM33_SPIN,1750,6,interior,a_ice,0.02797
CM33_SPIN,1750,7,interior,a_ice,0.00301
CM33_SPIN,1750,8,interior,a_ice,0.00000
CM33_SPIN,1750,9,interior,a_ice,0.00000
CM33_SPIN,1750,10,interior,a_ice,0.00000
CM33_SPIN,1750,11,interior,a_ice,0.01262
CM33_SPIN,1750,12,interior,a_ice,0.03087
CM33_SPIN,1750,1,labsea,MLD2,1449.31666
CM33_SPIN,1750,2,labsea,MLD2,1577.71939
CM33_SPIN,1750,3,labsea,MLD2,1620.06953
CM33_SPIN,1750,4,labsea,MLD2,1613.88543
CM33_SPIN,1750,5,labsea,MLD2,1580.96257
CM33_SPIN,1750,6,labsea,MLD2,304.67955
CM33_SPIN,1750,7,labsea,MLD2,13.21655
CM33_SPIN,1750,8,labsea,MLD2,18.45970
CM33_SPIN,1750,9,labsea,MLD2,26.28612
CM33_SPIN,1750,10,labsea,MLD2,48.87438
CM33_SPIN,1750,11,labsea,MLD2,576.91146
CM33_SPIN,1750,12,labsea,MLD2,1448.85336
CM33_SPIN,1750,1,interior,MLD2,2231.16732
CM33_SPIN,1750,2,interior,MLD2,2439.86325
CM33_SPIN,1750,3,interior,MLD2,2487.82618
CM33_SPIN,1750,4,interior,MLD2,2517.01315
CM33_SPIN,1750,5,interior,MLD2,2502.31718
CM33_SPIN,1750,6,interior,MLD2,646.79372
CM33_SPIN,1750,7,interior,MLD2,16.25962
CM33_SPIN,1750,8,interior,MLD2,21.51663
CM33_SPIN,1750,9,interior,MLD2,29.28213
CM33_SPIN,1750,10,interior,MLD2,74.39183
CM33_SPIN,1750,11,interior,MLD2,1331.63944
CM33_SPIN,1750,12,interior,MLD2,2565.48162
CM33_SPIN,1751,1,labsea,a_ice,0.22049
CM33_SPIN,1751,2,labsea,a_ice,0.28822
CM33_SPIN,1751,3,labsea,a_ice,0.34628
CM33_SPIN,1751,4,labsea,a_ice,0.37040
CM33_SPIN,1751,5,labsea,a_ice,0.28485
CM33_SPIN,1751,6,labsea,a_ice,0.14726
CM33_SPIN,1751,7,labsea,a_ice,0.05127
CM33_SPIN,1751,8,labsea,a_ice,0.01000
CM33_SPIN,1751,9,labsea,a_ice,0.00054
CM33_SPIN,1751,10,labsea,a_ice,0.00540
CM33_SPIN,1751,11,labsea,a_ice,0.04553
CM33_SPIN,1751,12,labsea,a_ice,0.17806
CM33_SPIN,1751,1,interior,a_ice,0.05388
CM33_SPIN,1751,2,interior,a_ice,0.09557
CM33_SPIN,1751,3,interior,a_ice,0.17990
CM33_SPIN,1751,4,interior,a_ice,0.18754
CM33_SPIN,1751,5,interior,a_ice,0.09488
CM33_SPIN,1751,6,interior,a_ice,0.02090
CM33_SPIN,1751,7,interior,a_ice,0.00076
CM33_SPIN,1751,8,interior,a_ice,0.00000
CM33_SPIN,1751,9,interior,a_ice,0.00000
CM33_SPIN,1751,10,interior,a_ice,0.00016
CM33_SPIN,1751,11,interior,a_ice,0.00289
CM33_SPIN,1751,12,interior,a_ice,0.02732
CM33_SPIN,1751,1,labsea,MLD2,1673.82405
CM33_SPIN,1751,2,labsea,MLD2,1496.47832
CM33_SPIN,1751,3,labsea,MLD2,1313.79144
CM33_SPIN,1751,4,labsea,MLD2,1328.05673
CM33_SPIN,1751,5,labsea,MLD2,543.36920
CM33_SPIN,1751,6,labsea,MLD2,20.33628
CM33_SPIN,1751,7,labsea,MLD2,14.37814
CM33_SPIN,1751,8,labsea,MLD2,15.12695
CM33_SPIN,1751,9,labsea,MLD2,23.19852
CM33_SPIN,1751,10,labsea,MLD2,32.75454
CM33_SPIN,1751,11,labsea,MLD2,239.34275
CM33_SPIN,1751,12,labsea,MLD2,1005.89417
CM33_SPIN,1751,1,interior,MLD2,2573.50175
CM33_SPIN,1751,2,interior,MLD2,2239.37653
CM33_SPIN,1751,3,interior,MLD2,1715.44763
CM33_SPIN,1751,4,interior,MLD2,1989.61661
CM33_SPIN,1751,5,interior,MLD2,1079.17381
CM33_SPIN,1751,6,interior,MLD2,28.62412
CM33_SPIN,1751,7,interior,MLD2,15.95325
CM33_SPIN,1751,8,interior,MLD2,17.81632
CM33_SPIN,1751,9,interior,MLD2,26.82535
CM33_SPIN,1751,10,interior,MLD2,39.25440
CM33_SPIN,1751,11,interior,MLD2,625.20830
CM33_SPIN,1751,12,interior,MLD2,2329.73061
CM33_SPIN,1752,1,labsea,a_ice,0.23398
CM33_SPIN,1752,2,labsea,a_ice,0.26612
CM33_SPIN,1752,3,labsea,a_ice,0.24950
CM33_SPIN,1752,4,labsea,a_ice,0.24160
CM33_SPIN,1752,5,labsea,a_ice,0.19292
CM33_SPIN,1752,6,labsea,a_ice,0.10510
CM33_SPIN,1752,7,labsea,a_ice,0.03975
CM33_SPIN,1752,8,labsea,a_ice,0.00990
CM33_SPIN,1752,9,labsea,a_ice,0.00279
CM33_SPIN,1752,10,labsea,a_ice,0.01722
CM33_SPIN,1752,11,labsea,a_ice,0.09979
CM33_SPIN,1752,12,labsea,a_ice,0.20753
CM33_SPIN,1752,1,interior,a_ice,0.03588
CM33_SPIN,1752,2,interior,a_ice,0.05135
CM33_SPIN,1752,3,interior,a_ice,0.05699
CM33_SPIN,1752,4,interior,a_ice,0.09712
CM33_SPIN,1752,5,interior,a_ice,0.03137
CM33_SPIN,1752,6,interior,a_ice,0.01920
CM33_SPIN,1752,7,interior,a_ice,0.00148
CM33_SPIN,1752,8,interior,a_ice,0.00000
CM33_SPIN,1752,9,interior,a_ice,0.00000
CM33_SPIN,1752,10,interior,a_ice,0.00000
CM33_SPIN,1752,11,interior,a_ice,0.00286
CM33_SPIN,1752,12,interior,a_ice,0.02900
CM33_SPIN,1752,1,labsea,MLD2,1480.10507
CM33_SPIN,1752,2,labsea,MLD2,1651.78879
CM33_SPIN,1752,3,labsea,MLD2,1571.20933
CM33_SPIN,1752,4,labsea,MLD2,1451.37088
CM33_SPIN,1752,5,labsea,MLD2,586.96371
CM33_SPIN,1752,6,labsea,MLD2,131.79276
CM33_SPIN,1752,7,labsea,MLD2,12.27362
CM33_SPIN,1752,8,labsea,MLD2,20.01274
CM33_SPIN,1752,9,labsea,MLD2,26.26886
CM33_SPIN,1752,10,labsea,MLD2,60.12201
CM33_SPIN,1752,11,labsea,MLD2,671.68752
CM33_SPIN,1752,12,labsea,MLD2,1437.16764
CM33_SPIN,1752,1,interior,MLD2,2609.26839
CM33_SPIN,1752,2,interior,MLD2,2623.83195
CM33_SPIN,1752,3,interior,MLD2,2520.25604
CM33_SPIN,1752,4,interior,MLD2,2368.59883
CM33_SPIN,1752,5,interior,MLD2,1220.56173
CM33_SPIN,1752,6,interior,MLD2,363.79775
CM33_SPIN,1752,7,interior,MLD2,14.52597
CM33_SPIN,1752,8,interior,MLD2,22.23968
CM33_SPIN,1752,9,interior,MLD2,31.59242
CM33_SPIN,1752,10,interior,MLD2,113.91383
CM33_SPIN,1752,11,interior,MLD2,1607.38504
CM33_SPIN,1752,12,interior,MLD2,2543.07233
CM33_SPIN,1753,1,labsea,a_ice,0.26119
CM33_SPIN,1753,2,labsea,a_ice,0.28775
CM33_SPIN,1753,3,labsea,a_ice,0.27916
CM33_SPIN,1753,4,labsea,a_ice,0.24839
CM33_SPIN,1753,5,labsea,a_ice,0.19649
CM33_SPIN,1753,6,labsea,a_ice,0.12874
CM33_SPIN,1753,7,labsea,a_ice,0.02687
CM33_SPIN,1753,8,labsea,a_ice,0.00030
CM33_SPIN,1753,9,labsea,a_ice,0.00001
CM33_SPIN,1753,10,labsea,a_ice,0.00001
CM33_SPIN,1753,11,labsea,a_ice,0.03443
CM33_SPIN,1753,12,labsea,a_ice,0.14071
CM33_SPIN,1753,1,interior,a_ice,0.07018
CM33_SPIN,1753,2,interior,a_ice,0.08593
CM33_SPIN,1753,3,interior,a_ice,0.05554
CM33_SPIN,1753,4,interior,a_ice,0.03122
CM33_SPIN,1753,5,interior,a_ice,0.04005
CM33_SPIN,1753,6,interior,a_ice,0.01817
CM33_SPIN,1753,7,interior,a_ice,0.00418
CM33_SPIN,1753,8,interior,a_ice,0.00000
CM33_SPIN,1753,9,interior,a_ice,0.00000
CM33_SPIN,1753,10,interior,a_ice,0.00000
CM33_SPIN,1753,11,interior,a_ice,0.00002
CM33_SPIN,1753,12,interior,a_ice,0.01015
CM33_SPIN,1753,1,labsea,MLD2,1561.55129
CM33_SPIN,1753,2,labsea,MLD2,1648.66983
CM33_SPIN,1753,3,labsea,MLD2,1665.03323
CM33_SPIN,1753,4,labsea,MLD2,1661.79352
CM33_SPIN,1753,5,labsea,MLD2,1239.07640
CM33_SPIN,1753,6,labsea,MLD2,197.73303
CM33_SPIN,1753,7,labsea,MLD2,13.72866
CM33_SPIN,1753,8,labsea,MLD2,15.17229
CM33_SPIN,1753,9,labsea,MLD2,23.32013
CM33_SPIN,1753,10,labsea,MLD2,29.30250
CM33_SPIN,1753,11,labsea,MLD2,391.76015
CM33_SPIN,1753,12,labsea,MLD2,1207.65339
CM33_SPIN,1753,1,interior,MLD2,2433.64135
CM33_SPIN,1753,2,interior,MLD2,2530.46377
CM33_SPIN,1753,3,interior,MLD2,2621.27748
CM33_SPIN,1753,4,interior,MLD2,2653.52298
CM33_SPIN,1753,5,interior,MLD2,2323.36021
CM33_SPIN,1753,6,interior,MLD2,496.07701
CM33_SPIN,1753,7,interior,MLD2,17.08228
CM33_SPIN,1753,8,interior,MLD2,19.07150
CM33_SPIN,1753,9,interior,MLD2,27.24836
CM33_SPIN,1753,10,interior,MLD2,35.63975
CM33_SPIN,1753,11,interior,MLD2,1037.00675
CM33_SPIN,1753,12,interior,MLD2,2353.29099
CM33_SPIN,1754,1,labsea,a_ice,0.19405
CM33_SPIN,1754,2,labsea,a_ice,0.24820
CM33_SPIN,1754,3,labsea,a_ice,0.39061
CM33_SPIN,1754,4,labsea,a_ice,0.38056
CM33_SPIN,1754,5,labsea,a_ice,0.29383
CM33_SPIN,1754,6,labsea,a_ice,0.14505
CM33_SPIN,1754,7,labsea,a_ice,0.03338
CM33_SPIN,1754,8,labsea,a_ice,0.00133
CM33_SPIN,1754,9,labsea,a_ice,0.00416
CM33_SPIN,1754,10,labsea,a_ice,0.01328
CM33_SPIN,1754,11,labsea,a_ice,0.04723
CM33_SPIN,1754,12,labsea,a_ice,0.16703
CM33_SPIN,1754,1,interior,a_ice,0.01802
CM33_SPIN,1754,2,interior,a_ice,0.05465
CM33_SPIN,1754,3,interior,a_ice,0.26553
CM33_SPIN,1754,4,interior,a_ice,0.28714
CM33_SPIN,1754,5,interior,a_ice,0.10898
CM33_SPIN,1754,6,interior,a_ice,0.01851
CM33_SPIN,1754,7,interior,a_ice,0.00060
CM33_SPIN,1754,8,interior,a_ice,0.00000
CM33_SPIN,1754,9,interior,a_ice,0.00000
CM33_SPIN,1754,10,interior,a_ice,0.00000
CM33_SPIN,1754,11,interior,a_ice,0.00004
CM33_SPIN,1754,12,interior,a_ice,0.01838
CM33_SPIN,1754,1,labsea,MLD2,1604.47070
CM33_SPIN,1754,2,labsea,MLD2,1624.08342
CM33_SPIN,1754,3,labsea,MLD2,1443.14694
CM33_SPIN,1754,4,labsea,MLD2,1171.45337
CM33_SPIN,1754,5,labsea,MLD2,783.91558
CM33_SPIN,1754,6,labsea,MLD2,34.44235
CM33_SPIN,1754,7,labsea,MLD2,14.03319
CM33_SPIN,1754,8,labsea,MLD2,16.72382
CM33_SPIN,1754,9,labsea,MLD2,22.30287
CM33_SPIN,1754,10,labsea,MLD2,37.35257
CM33_SPIN,1754,11,labsea,MLD2,189.08035
CM33_SPIN,1754,12,labsea,MLD2,1025.11826
CM33_SPIN,1754,1,interior,MLD2,2582.81501
CM33_SPIN,1754,2,interior,MLD2,2533.33160
CM33_SPIN,1754,3,interior,MLD2,2009.83635
CM33_SPIN,1754,4,interior,MLD2,1504.76420
CM33_SPIN,1754,5,interior,MLD2,1196.04317
CM33_SPIN,1754,6,interior,MLD2,76.73866
CM33_SPIN,1754,7,interior,MLD2,15.77416
CM33_SPIN,1754,8,interior,MLD2,17.34902
CM33_SPIN,1754,9,interior,MLD2,20.99260
CM33_SPIN,1754,10,interior,MLD2,38.18017
CM33_SPIN,1754,11,interior,MLD2,453.75154
CM33_SPIN,1754,12,interior,MLD2,2012.08541
CM33_SPIN,1755,1,labsea,a_ice,0.21621
CM33_SPIN,1755,2,labsea,a_ice,0.26180
CM33_SPIN,1755,3,labsea,a_ice,0.23984
CM33_SPIN,1755,4,labsea,a_ice,0.20744
CM33_SPIN,1755,5,labsea,a_ice,0.17982
CM33_SPIN,1755,6,labsea,a_ice,0.11334
CM33_SPIN,1755,7,labsea,a_ice,0.04500
CM33_SPIN,1755,8,labsea,a_ice,0.00332
CM33_SPIN,1755,9,labsea,a_ice,0.00008
CM33_SPIN,1755,10,labsea,a_ice,0.00071
CM33_SPIN,1755,11,labsea,a_ice,0.08363
CM33_SPIN,1755,12,labsea,a_ice,0.17463
CM33_SPIN,1755,1,interior,a_ice,0.03805
CM33_SPIN,1755,2,interior,a_ice,0.07423
CM33_SPIN,1755,3,interior,a_ice,0.02654
CM33_SPIN,1755,4,interior,a_ice,0.01609
CM33_SPIN,1755,5,interior,a_ice,0.04468
CM33_SPIN,1755,6,interior,a_ice,0.02070
CM33_SPIN,1755,7,interior,a_ice,0.00111
CM33_SPIN,1755,8,interior,a_ice,0.00000
CM33_SPIN,1755,9,interior,a_ice,0.00000
CM33_SPIN,1755,10,interior,a_ice,0.00000
CM33_SPIN,1755,11,interior,a_ice,0.00609
CM33_SPIN,1755,12,interior,a_ice,0.02837
CM33_SPIN,1755,1,labsea,MLD2,1591.86121
CM33_SPIN,1755,2,labsea,MLD2,1662.14994
CM33_SPIN,1755,3,labsea,MLD2,1686.61988
CM33_SPIN,1755,4,labsea,MLD2,1663.60052
CM33_SPIN,1755,5,labsea,MLD2,1191.85393
CM33_SPIN,1755,6,labsea,MLD2,88.52521
CM33_SPIN,1755,7,labsea,MLD2,13.86915
CM33_SPIN,1755,8,labsea,MLD2,14.59619
CM33_SPIN,1755,9,labsea,MLD2,22.94300
CM33_SPIN,1755,10,labsea,MLD2,40.49074
CM33_SPIN,1755,11,labsea,MLD2,745.81631
CM33_SPIN,1755,12,labsea,MLD2,1437.88094
CM33_SPIN,1755,1,interior,MLD2,2448.60123
CM33_SPIN,1755,2,interior,MLD2,2557.12838
CM33_SPIN,1755,3,interior,MLD2,2641.73456
CM33_SPIN,1755,4,interior,MLD2,2649.04986
CM33_SPIN,1755,5,interior,MLD2,2246.20613
CM33_SPIN,1755,6,interior,MLD2,232.43438
CM33_SPIN,1755,7,interior,MLD2,15.72727
CM33_SPIN,1755,8,interior,MLD2,16.46167
CM33_SPIN,1755,9,interior,MLD2,26.20366
CM33_SPIN,1755,10,interior,MLD2,52.17108
CM33_SPIN,1755,11,interior,MLD2,1800.34650
CM33_SPIN,1755,12,interior,MLD2,2643.21410
CM33_SPIN,1756,1,labsea,a_ice,0.21582
CM33_SPIN,1756,2,labsea,a_ice,0.18462
CM33_SPIN,1756,3,labsea,a_ice,0.21205
CM33_SPIN,1756,4,labsea,a_ice,0.19554
CM33_SPIN,1756,5,labsea,a_ice,0.16346
CM33_SPIN,1756,6,labsea,a_ice,0.08889
CM33_SPIN,1756,7,labsea,a_ice,0.03398
CM33_SPIN,1756,8,labsea,a_ice,0.00143
CM33_SPIN,1756,9,labsea,a_ice,0.00000
CM33_SPIN,1756,10,labsea,a_ice,0.00009
CM33_SPIN,1756,11,labsea,a_ice,0.03099
CM33_SPIN,1756,12,labsea,a_ice,0.15228
CM33_SPIN,1756,1,interior,a_ice,0.04839
CM33_SPIN,1756,2,interior,a_ice,0.02539
CM33_SPIN,1756,3,interior,a_ice,0.04486
CM33_SPIN,1756,4,interior,a_ice,0.05617
CM33_SPIN,1756,5,interior,a_ice,0.02931
CM33_SPIN,1756,6,interior,a_ice,0.00926
CM33_SPIN,1756,7,interior,a_ice,0.00005
CM33_SPIN,1756,8,interior,a_ice,0.00000
CM33_SPIN,1756,9,interior,a_ice,0.00000
CM33_SPIN,1756,10,interior,a_ice,0.00000
CM33_SPIN,1756,11,interior,a_ice,0.00134
CM33_SPIN,1756,12,interior,a_ice,0.02461
CM33_SPIN,1756,1,labsea,MLD2,1672.79790
CM33_SPIN,1756,2,labsea,MLD2,1666.70870
CM33_SPIN,1756,3,labsea,MLD2,1709.18180
CM33_SPIN,1756,4,labsea,MLD2,1607.69223
CM33_SPIN,1756,5,labsea,MLD2,700.31576
CM33_SPIN,1756,6,labsea,MLD2,23.49636
CM33_SPIN,1756,7,labsea,MLD2,13.84057
CM33_SPIN,1756,8,labsea,MLD2,14.52841
CM33_SPIN,1756,9,labsea,MLD2,24.50941
CM33_SPIN,1756,10,labsea,MLD2,31.22635
CM33_SPIN,1756,11,labsea,MLD2,257.86738
CM33_SPIN,1756,12,labsea,MLD2,1498.35879
CM33_SPIN,1756,1,interior,MLD2,2620.97333
CM33_SPIN,1756,2,interior,MLD2,2566.07672
CM33_SPIN,1756,3,interior,MLD2,2615.12098
CM33_SPIN,1756,4,interior,MLD2,2489.30672
CM33_SPIN,1756,5,interior,MLD2,1163.70147
CM33_SPIN,1756,6,interior,MLD2,31.29500
CM33_SPIN,1756,7,interior,MLD2,15.62331
CM33_SPIN,1756,8,interior,MLD2,16.09824
CM33_SPIN,1756,9,interior,MLD2,27.49847
CM33_SPIN,1756,10,interior,MLD2,32.22447
CM33_SPIN,1756,11,interior,MLD2,623.73655
CM33_SPIN,1756,12,interior,MLD2,2618.30410
CM33_SPIN,1757,1,labsea,a_ice,0.18747
CM33_SPIN,1757,2,labsea,a_ice,0.20176
CM33_SPIN,1757,3,labsea,a_ice,0.23024
CM33_SPIN,1757,4,labsea,a_ice,0.28359
CM33_SPIN,1757,5,labsea,a_ice,0.23910
CM33_SPIN,1757,6,labsea,a_ice,0.13613
CM33_SPIN,1757,7,labsea,a_ice,0.03354
CM33_SPIN,1757,8,labsea,a_ice,0.00342
CM33_SPIN,1757,9,labsea,a_ice,0.00069
CM33_SPIN,1757,10,labsea,a_ice,0.02378
CM33_SPIN,1757,11,labsea,a_ice,0.15913
CM33_SPIN,1757,12,labsea,a_ice,0.27106
CM33_SPIN,1757,1,interior,a_ice,0.03289
CM33_SPIN,1757,2,interior,a_ice,0.03295
CM33_SPIN,1757,3,interior,a_ice,0.04166
CM33_SPIN,1757,4,interior,a_ice,0.09264
CM33_SPIN,1757,5,interior,a_ice,0.05169
CM33_SPIN,1757,6,interior,a_ice,0.01616
CM33_SPIN,1757,7,interior,a_ice,0.00009
CM33_SPIN,1757,8,interior,a_ice,0.00000
CM33_SPIN,1757,9,interior,a_ice,0.00000
CM33_SPIN,1757,10,interior,a_ice,0.00003
CM33_SPIN,1757,11,interior,a_ice,0.01613
CM33_SPIN,1757,12,interior,a_ice,0.05804
CM33_SPIN,1757,1,labsea,MLD2,1740.83123
CM33_SPIN,1757,2,labsea,MLD2,1662.10419
CM33_SPIN,1757,3,labsea,MLD2,1635.97037
CM33_SPIN,1757,4,labsea,MLD2,1446.41093
CM33_SPIN,1757,5,labsea,MLD2,851.29180
CM33_SPIN,1757,6,labsea,MLD2,15.87551
CM33_SPIN,1757,7,labsea,MLD2,15.10326
CM33_SPIN,1757,8,labsea,MLD2,13.68853
CM33_SPIN,1757,9,labsea,MLD2,21.78133
CM33_SPIN,1757,10,labsea,MLD2,161.87893
CM33_SPIN,1757,11,labsea,MLD2,1220.19184
CM33_SPIN,1757,12,labsea,MLD2,1622.34159
CM33_SPIN,1757,1,interior,MLD2,2638.53394
CM33_SPIN,1757,2,interior,MLD2,2523.32582
CM33_SPIN,1757,3,interior,MLD2,2552.09550
CM33_SPIN,1757,4,interior,MLD2,2219.63415
CM33_SPIN,1757,5,interior,MLD2,1529.61130
CM33_SPIN,1757,6,interior,MLD2,17.61800
CM33_SPIN,1757,7,interior,MLD2,18.14019
CM33_SPIN,1757,8,interior,MLD2,15.54375
CM33_SPIN,1757,9,interior,MLD2,23.83815
CM33_SPIN,1757,10,interior,MLD2,432.08223
CM33_SPIN,1757,11,interior,MLD2,2304.05552
CM33_SPIN,1757,12,interior,MLD2,2543.27912
CM33_SPIN,1758,1,labsea,a_ice,0.30728
CM33_SPIN,1758,2,labsea,a_ice,0.41003
CM33_SPIN,1758,3,labsea,a_ice,0.44988
CM33_SPIN,1758,4,labsea,a_ice,0.37846
CM33_SPIN,1758,5,labsea,a_ice,0.28001
CM33_SPIN,1758,6,labsea,a_ice,0.16566
CM33_SPIN,1758,7,labsea,a_ice,0.04392
CM33_SPIN,1758,8,labsea,a_ice,0.00791
CM33_SPIN,1758,9,labsea,a_ice,0.00034
CM33_SPIN,1758,10,labsea,a_ice,0.00101
CM33_SPIN,1758,11,labsea,a_ice,0.04655
CM33_SPIN,1758,12,labsea,a_ice,0.15890
CM33_SPIN,1758,1,interior,a_ice,0.08914
CM33_SPIN,1758,2,interior,a_ice,0.25088
CM33_SPIN,1758,3,interior,a_ice,0.41116
CM33_SPIN,1758,4,interior,a_ice,0.26419
CM33_SPIN,1758,5,interior,a_ice,0.13025
CM33_SPIN,1758,6,interior,a_ice,0.01952
CM33_SPIN,1758,7,interior,a_ice,0.00376
CM33_SPIN,1758,8,interior,a_ice,0.00000
CM33_SPIN,1758,9,interior,a_ice,0.00000
CM33_SPIN,1758,10,interior,a_ice,0.00000
CM33_SPIN,1758,11,interior,a_ice,0.00121
CM33_SPIN,1758,12,interior,a_ice,0.00726
CM33_SPIN,1758,1,labsea,MLD2,1552.96450
CM33_SPIN,1758,2,labsea,MLD2,1274.89599
CM33_SPIN,1758,3,labsea,MLD2,1221.33106
CM33_SPIN,1758,4,labsea,MLD2,1132.33470
CM33_SPIN,1758,5,labsea,MLD2,673.18650
CM33_SPIN,1758,6,labsea,MLD2,16.43681
CM33_SPIN,1758,7,labsea,MLD2,12.80895
CM33_SPIN,1758,8,labsea,MLD2,17.34049
CM33_SPIN,1758,9,labsea,MLD2,26.70487
CM33_SPIN,1758,10,labsea,MLD2,35.58236
CM33_SPIN,1758,11,labsea,MLD2,512.63268
CM33_SPIN,1758,12,labsea,MLD2,1292.96606
CM33_SPIN,1758,1,interior,MLD2,2452.79685
CM33_SPIN,1758,2,interior,MLD2,1816.53308
CM33_SPIN,1758,3,interior,MLD2,1372.01333
CM33_SPIN,1758,4,interior,MLD2,1311.16350
CM33_SPIN,1758,5,interior,MLD2,790.43519
CM33_SPIN,1758,6,interior,MLD2,18.24682
CM33_SPIN,1758,7,interior,MLD2,13.99295
CM33_SPIN,1758,8,interior,MLD2,18.87302
CM33_SPIN,1758,9,interior,MLD2,26.97725
CM33_SPIN,1758,10,interior,MLD2,38.63267
CM33_SPIN,1758,11,interior,MLD2,1213.57241
CM33_SPIN,1758,12,interior,MLD2,2672.42208
CM33_SPIN,1759,1,labsea,a_ice,0.25383
CM33_SPIN,1759,2,labsea,a_ice,0.28648
CM33_SPIN,1759,3,labsea,a_ice,0.25996
CM33_SPIN,1759,4,labsea,a_ice,0.27133
CM33_SPIN,1759,5,labsea,a_ice,0.24360
CM33_SPIN,1759,6,labsea,a_ice,0.15452
CM33_SPIN,1759,7,labsea,a_ice,0.04724
CM33_SPIN,1759,8,labsea,a_ice,0.00486
CM33_SPIN,1759,9,labsea,a_ice,0.00199
CM33_SPIN,1759,10,labsea,a_ice,0.01262
CM33_SPIN,1759,11,labsea,a_ice,0.05136
CM33_SPIN,1759,12,labsea,a_ice,0.13491
CM33_SPIN,1759,1,interior,a_ice,0.06581
CM33_SPIN,1759,2,interior,a_ice,0.08908
CM33_SPIN,1759,3,interior,a_ice,0.07506
CM33_SPIN,1759,4,interior,a_ice,0.09149
CM33_SPIN,1759,5,interior,a_ice,0.07183
CM33_SPIN,1759,6,interior,a_ice,0.02435
CM33_SPIN,1759,7,interior,a_ice,0.00753
CM33_SPIN,1759,8,interior,a_ice,0.00000
CM33_SPIN,1759,9,interior,a_ice,0.00000
CM33_SPIN,1759,10,interior,a_ice,0.00001
CM33_SPIN,1759,11,interior,a_ice,0.00149
CM33_SPIN,1759,12,interior,a_ice,0.01042
CM33_SPIN,1759,1,labsea,MLD2,1562.27237
CM33_SPIN,1759,2,labsea,MLD2,1476.56638
CM33_SPIN,1759,3,labsea,MLD2,1433.55622
CM33_SPIN,1759,4,labsea,MLD2,1471.07575
CM33_SPIN,1759,5,labsea,MLD2,1105.53450
CM33_SPIN,1759,6,labsea,MLD2,185.62407
CM33_SPIN,1759,7,labsea,MLD2,12.45565
CM33_SPIN,1759,8,labsea,MLD2,13.73928
CM33_SPIN,1759,9,labsea,MLD2,24.01462
CM33_SPIN,1759,10,labsea,MLD2,100.74947
CM33_SPIN,1759,11,labsea,MLD2,813.43360
CM33_SPIN,1759,12,labsea,MLD2,1567.09886
CM33_SPIN,1759,1,interior,MLD2,2521.88798
CM33_SPIN,1759,2,interior,MLD2,2277.19652
CM33_SPIN,1759,3,interior,MLD2,2213.00438
CM33_SPIN,1759,4,interior,MLD2,2237.21853
CM33_SPIN,1759,5,interior,MLD2,1770.98790
CM33_SPIN,1759,6,interior,MLD2,478.81371
CM33_SPIN,1759,7,interior,MLD2,14.21267
CM33_SPIN,1759,8,interior,MLD2,14.64271
CM33_SPIN,1759,9,interior,MLD2,25.67670
CM33_SPIN,1759,10,interior,MLD2,228.23591
CM33_SPIN,1759,11,interior,MLD2,2008.11385
CM33_SPIN,1759,12,interior,MLD2,2689.67932
CM33_SPIN,1760,1,labsea,a_ice,0.19198
CM33_SPIN,1760,2,labsea,a_ice,0.26877
CM33_SPIN,1760,3,labsea,a_ice,0.29277
CM33_SPIN,1760,4,labsea,a_ice,0.23195
CM33_SPIN,1760,5,labsea,a_ice,0.18044
CM33_SPIN,1760,6,labsea,a_ice,0.12258
CM33_SPIN,1760,7,labsea,a_ice,0.04558
CM33_SPIN,1760,8,labsea,a_ice,0.00637
CM33_SPIN,1760,9,labsea,a_ice,0.00055
CM33_SPIN,1760,10,labsea,a_ice,0.00446
CM33_SPIN,1760,11,labsea,a_ice,0.05179
CM33_SPIN,1760,12,labsea,a_ice,0.13088
CM33_SPIN,1760,1,interior,a_ice,0.02686
CM33_SPIN,1760,2,interior,a_ice,0.09163
CM33_SPIN,1760,3,interior,a_ice,0.09778
CM33_SPIN,1760,4,interior,a_ice,0.06118
CM33_SPIN,1760,5,interior,a_ice,0.04090
CM33_SPIN,1760,6,interior,a_ice,0.02584
CM33_SPIN,1760,7,interior,a_ice,0.00270
CM33_SPIN,1760,8,interior,a_ice,0.00000
CM33_SPIN,1760,9,interior,a_ice,0.00000
CM33_SPIN,1760,10,interior,a_ice,0.00000
CM33_SPIN,1760,11,interior,a_ice,0.00008
CM33_SPIN,1760,12,interior,a_ice,0.00998
CM33_SPIN,1760,1,labsea,MLD2,1770.86180
CM33_SPIN,1760,2,labsea,MLD2,1604.50723
CM33_SPIN,1760,3,labsea,MLD2,1403.28314
CM33_SPIN,1760,4,labsea,MLD2,1337.42852
CM33_SPIN,1760,5,labsea,MLD2,1077.66865
CM33_SPIN,1760,6,labsea,MLD2,66.21829
CM33_SPIN,1760,7,labsea,MLD2,14.97200
CM33_SPIN,1760,8,labsea,MLD2,13.64971
CM33_SPIN,1760,9,labsea,MLD2,22.03388
CM33_SPIN,1760,10,labsea,MLD2,42.61168
CM33_SPIN,1760,11,labsea,MLD2,502.53124
CM33_SPIN,1760,12,labsea,MLD2,1424.84866
CM33_SPIN,1760,1,interior,MLD2,2689.97638
CM33_SPIN,1760,2,interior,MLD2,2446.51242
CM33_SPIN,1760,3,interior,MLD2,2129.77803
CM33_SPIN,1760,4,interior,MLD2,2190.89001
CM33_SPIN,1760,5,interior,MLD2,1928.00837
CM33_SPIN,1760,6,interior,MLD2,168.83519
CM33_SPIN,1760,7,interior,MLD2,16.56576
CM33_SPIN,1760,8,interior,MLD2,15.46518
CM33_SPIN,1760,9,interior,MLD2,21.48264
CM33_SPIN,1760,10,interior,MLD2,47.11785
CM33_SPIN,1760,11,interior,MLD2,1294.60838
CM33_SPIN,1760,12,interior,MLD2,2545.21846
CM33_SPIN,1761,1,labsea,a_ice,0.18912
CM33_SPIN,1761,2,labsea,a_ice,0.22963
CM33_SPIN,1761,3,labsea,a_ice,0.29961
CM33_SPIN,1761,4,labsea,a_ice,0.27972
CM33_SPIN,1761,5,labsea,a_ice,0.22410
CM33_SPIN,1761,6,labsea,a_ice,0.14495
CM33_SPIN,1761,7,labsea,a_ice,0.04488
CM33_SPIN,1761,8,labsea,a_ice,0.00514
CM33_SPIN,1761,9,labsea,a_ice,0.00005
CM33_SPIN,1761,10,labsea,a_ice,0.00231
CM33_SPIN,1761,11,labsea,a_ice,0.02333
CM33_SPIN,1761,12,labsea,a_ice,0.12170
CM33_SPIN,1761,1,interior,a_ice,0.02684
CM33_SPIN,1761,2,interior,a_ice,0.06253
CM33_SPIN,1761,3,interior,a_ice,0.12867
CM33_SPIN,1761,4,interior,a_ice,0.11211
CM33_SPIN,1761,5,interior,a_ice,0.03916
CM33_SPIN,1761,6,interior,a_ice,0.01226
CM33_SPIN,1761,7,interior,a_ice,0.00137
CM33_SPIN,1761,8,interior,a_ice,0.00000
CM33_SPIN,1761,9,interior,a_ice,0.00000
CM33_SPIN,1761,10,interior,a_ice,0.00000
CM33_SPIN,1761,11,interior,a_ice,0.00016
CM33_SPIN,1761,12,interior,a_ice,0.01665
CM33_SPIN,1761,1,labsea,MLD2,1753.64795
CM33_SPIN,1761,2,labsea,MLD2,1713.36457
CM33_SPIN,1761,3,labsea,MLD2,1471.42622
CM33_SPIN,1761,4,labsea,MLD2,1409.23825
CM33_SPIN,1761,5,labsea,MLD2,1080.24488
CM33_SPIN,1761,6,labsea,MLD2,71.23045
CM33_SPIN,1761,7,labsea,MLD2,15.94928
CM33_SPIN,1761,8,labsea,MLD2,15.50305
CM33_SPIN,1761,9,labsea,MLD2,25.46824
CM33_SPIN,1761,10,labsea,MLD2,42.03018
CM33_SPIN,1761,11,labsea,MLD2,191.46631
CM33_SPIN,1761,12,labsea,MLD2,1339.40006
CM33_SPIN,1761,1,interior,MLD2,2662.80352
CM33_SPIN,1761,2,interior,MLD2,2598.05802
CM33_SPIN,1761,3,interior,MLD2,2226.13373
CM33_SPIN,1761,4,interior,MLD2,2021.70008
CM33_SPIN,1761,5,interior,MLD2,1780.56229
CM33_SPIN,1761,6,interior,MLD2,204.48955
CM33_SPIN,1761,7,interior,MLD2,17.45113
CM33_SPIN,1761,8,interior,MLD2,16.43944
CM33_SPIN,1761,9,interior,MLD2,25.47529
CM33_SPIN,1761,10,interior,MLD2,38.02539
CM33_SPIN,1761,11,interior,MLD2,388.82364
CM33_SPIN,1761,12,interior,MLD2,2354.95101
CM33_SPIN,1762,1,labsea,a_ice,0.15020
CM33_SPIN,1762,2,labsea,a_ice,0.18565
CM33_SPIN,1762,3,labsea,a_ice,0.17844
CM33_SPIN,1762,4,labsea,a_ice,0.15233
CM33_SPIN,1762,5,labsea,a_ice,0.12218
CM33_SPIN,1762,6,labsea,a_ice,0.08554
CM33_SPIN,1762,7,labsea,a_ice,0.04523
CM33_SPIN,1762,8,labsea,a_ice,0.01272
CM33_SPIN,1762,9,labsea,a_ice,0.00057
CM33_SPIN,1762,10,labsea,a_ice,0.00778
CM33_SPIN,1762,11,labsea,a_ice,0.13166
CM33_SPIN,1762,12,labsea,a_ice,0.27869
CM33_SPIN,1762,1,interior,a_ice,0.01417
CM33_SPIN,1762,2,interior,a_ice,0.03140
CM33_SPIN,1762,3,interior,a_ice,0.02573
CM33_SPIN,1762,4,interior,a_ice,0.00643
CM33_SPIN,1762,5,interior,a_ice,0.00896
CM33_SPIN,1762,6,interior,a_ice,0.00131
CM33_SPIN,1762,7,interior,a_ice,0.00001
CM33_SPIN,1762,8,interior,a_ice,0.00000
CM33_SPIN,1762,9,interior,a_ice,0.00000
CM33_SPIN,1762,10,interior,a_ice,0.00000
CM33_SPIN,1762,11,interior,a_ice,0.01350
CM33_SPIN,1762,12,interior,a_ice,0.08058
CM33_SPIN,1762,1,labsea,MLD2,1763.83440
CM33_SPIN,1762,2,labsea,MLD2,1673.21582
CM33_SPIN,1762,3,labsea,MLD2,1643.01375
CM33_SPIN,1762,4,labsea,MLD2,1657.80594
CM33_SPIN,1762,5,labsea,MLD2,1116.02666
CM33_SPIN,1762,6,labsea,MLD2,146.33996
CM33_SPIN,1762,7,labsea,MLD2,14.77058
CM33_SPIN,1762,8,labsea,MLD2,16.17319
CM33_SPIN,1762,9,labsea,MLD2,21.51985
CM33_SPIN,1762,10,labsea,MLD2,32.32210
CM33_SPIN,1762,11,labsea,MLD2,579.17092
CM33_SPIN,1762,12,labsea,MLD2,1503.14231
CM33_SPIN,1762,1,interior,MLD2,2652.81435
CM33_SPIN,1762,2,interior,MLD2,2538.94344
CM33_SPIN,1762,3,interior,MLD2,2550.49148
CM33_SPIN,1762,4,interior,MLD2,2614.04675
CM33_SPIN,1762,5,interior,MLD2,2295.16887
CM33_SPIN,1762,6,interior,MLD2,429.08888
CM33_SPIN,1762,7,interior,MLD2,17.18147
CM33_SPIN,1762,8,interior,MLD2,18.98729
CM33_SPIN,1762,9,interior,MLD2,28.23240
CM33_SPIN,1762,10,interior,MLD2,41.75830
CM33_SPIN,1762,11,interior,MLD2,1171.56523
CM33_SPIN,1762,12,interior,MLD2,2466.35065
CM33_SPIN,1763,1,labsea,a_ice,0.38854
CM33_SPIN,1763,2,labsea,a_ice,0.40359
CM33_SPIN,1763,3,labsea,a_ice,0.44943
CM33_SPIN,1763,4,labsea,a_ice,0.40415
CM33_SPIN,1763,5,labsea,a_ice,0.31258
CM33_SPIN,1763,6,labsea,a_ice,0.19236
CM33_SPIN,1763,7,labsea,a_ice,0.09506
CM33_SPIN,1763,8,labsea,a_ice,0.03154
CM33_SPIN,1763,9,labsea,a_ice,0.01305
CM33_SPIN,1763,10,labsea,a_ice,0.02568
CM33_SPIN,1763,11,labsea,a_ice,0.15438
CM33_SPIN,1763,12,labsea,a_ice,0.26247
CM33_SPIN,1763,1,interior,a_ice,0.21847
CM33_SPIN,1763,2,interior,a_ice,0.28028
CM33_SPIN,1763,3,interior,a_ice,0.33097
CM33_SPIN,1763,4,interior,a_ice,0.22324
CM33_SPIN,1763,5,interior,a_ice,0.09365
CM33_SPIN,1763,6,interior,a_ice,0.04877
CM33_SPIN,1763,7,interior,a_ice,0.00614
CM33_SPIN,1763,8,interior,a_ice,0.00005
CM33_SPIN,1763,9,interior,a_ice,0.00000
CM33_SPIN,1763,10,interior,a_ice,0.00053
CM33_SPIN,1763,11,interior,a_ice,0.02133
CM33_SPIN,1763,12,interior,a_ice,0.07160
CM33_SPIN,1763,1,labsea,MLD2,1368.50977
CM33_SPIN,1763,2,labsea,MLD2,1286.98388
CM33_SPIN,1763,3,labsea,MLD2,1162.99133
CM33_SPIN,1763,4,labsea,MLD2,1118.16135
CM33_SPIN,1763,5,labsea,MLD2,741.26860
CM33_SPIN,1763,6,labsea,MLD2,137.41826
CM33_SPIN,1763,7,labsea,MLD2,13.06630
CM33_SPIN,1763,8,labsea,MLD2,14.38396
CM33_SPIN,1763,9,labsea,MLD2,23.23463
CM33_SPIN,1763,10,labsea,MLD2,30.33100
CM33_SPIN,1763,11,labsea,MLD2,710.99299
CM33_SPIN,1763,12,labsea,MLD2,1567.29318
CM33_SPIN,1763,1,interior,MLD2,2035.65183
CM33_SPIN,1763,2,interior,MLD2,1885.45073
CM33_SPIN,1763,3,interior,MLD2,1622.43749
CM33_SPIN,1763,4,interior,MLD2,1708.31201
CM33_SPIN,1763,5,interior,MLD2,1303.70746
CM33_SPIN,1763,6,interior,MLD2,365.92495
CM33_SPIN,1763,7,interior,MLD2,15.25115
CM33_SPIN,1763,8,interior,MLD2,15.69782
CM33_SPIN,1763,9,interior,MLD2,25.28136
CM33_SPIN,1763,10,interior,MLD2,34.15597
CM33_SPIN,1763,11,interior,MLD2,1561.88727
CM33_SPIN,1763,12,interior,MLD2,2480.13602
CM33_SPIN,1764,1,labsea,a_ice,0.33250
CM33_SPIN,1764,2,labsea,a_ice,0.35535
CM33_SPIN,1764,3,labsea,a_ice,0.34400
CM33_SPIN,1764,4,labsea,a_ice,0.33578
CM33_SPIN,1764,5,labsea,a_ice,0.27330
CM33_SPIN,1764,6,labsea,a_ice,0.16223
CM33_SPIN,1764,7,labsea,a_ice,0.06831
CM33_SPIN,1764,8,labsea,a_ice,0.02362
CM33_SPIN,1764,9,labsea,a_ice,0.00747
CM33_SPIN,1764,10,labsea,a_ice,0.00913
CM33_SPIN,1764,11,labsea,a_ice,0.06206
CM33_SPIN,1764,12,labsea,a_ice,0.18253
CM33_SPIN,1764,1,interior,a_ice,0.11318
CM33_SPIN,1764,2,interior,a_ice,0.18481
CM33_SPIN,1764,3,interior,a_ice,0.11948
CM33_SPIN,1764,4,interior,a_ice,0.09512
CM33_SPIN,1764,5,interior,a_ice,0.06145
CM33_SPIN,1764,6,interior,a_ice,0.05480
CM33_SPIN,1764,7,interior,a_ice,0.00851
CM33_SPIN,1764,8,interior,a_ice,0.00000
CM33_SPIN,1764,9,interior,a_ice,0.00000
CM33_SPIN,1764,10,interior,a_ice,0.00000
CM33_SPIN,1764,11,interior,a_ice,0.00091
CM33_SPIN,1764,12,interior,a_ice,0.04712
CM33_SPIN,1764,1,labsea,MLD2,1555.39014
CM33_SPIN,1764,2,labsea,MLD2,1353.68246
CM33_SPIN,1764,3,labsea,MLD2,1499.64567
CM33_SPIN,1764,4,labsea,MLD2,1356.69643
CM33_SPIN,1764,5,labsea,MLD2,1154.84839
CM33_SPIN,1764,6,labsea,MLD2,186.96655
CM33_SPIN,1764,7,labsea,MLD2,14.40632
CM33_SPIN,1764,8,labsea,MLD2,14.54090
CM33_SPIN,1764,9,labsea,MLD2,19.48318
CM33_SPIN,1764,10,labsea,MLD2,37.85719
CM33_SPIN,1764,11,labsea,MLD2,550.07249
CM33_SPIN,1764,12,labsea,MLD2,1521.79004
CM33_SPIN,1764,1,interior,MLD2,2365.20547
CM33_SPIN,1764,2,interior,MLD2,1898.54399
CM33_SPIN,1764,3,interior,MLD2,2267.28297
CM33_SPIN,1764,4,interior,MLD2,2216.61634
CM33_SPIN,1764,5,interior,MLD2,2208.89812
CM33_SPIN,1764,6,interior,MLD2,593.92591
CM33_SPIN,1764,7,interior,MLD2,18.05663
CM33_SPIN,1764,8,interior,MLD2,17.66247
CM33_SPIN,1764,9,interior,MLD2,21.26746
CM33_SPIN,1764,10,interior,MLD2,38.06559
CM33_SPIN,1764,11,interior,MLD2,1238.14277
CM33_SPIN,1764,12,interior,MLD2,2615.49047
CM33_SPIN,1765,1,labsea,a_ice,0.25261
CM33_SPIN,1765,2,labsea,a_ice,0.25979
CM33_SPIN,1765,3,labsea,a_ice,0.29098
CM33_SPIN,1765,4,labsea,a_ice,0.26389
CM33_SPIN,1765,5,labsea,a_ice,0.23166
CM33_SPIN,1765,6,labsea,a_ice,0.13869
CM33_SPIN,1765,7,labsea,a_ice,0.03385
CM33_SPIN,1765,8,labsea,a_ice,0.00058
CM33_SPIN,1765,9,labsea,a_ice,0.00019
CM33_SPIN,1765,10,labsea,a_ice,0.00502
CM33_SPIN,1765,11,labsea,a_ice,0.06563
CM33_SPIN,1765,12,labsea,a_ice,0.18984
CM33_SPIN,1765,1,interior,a_ice,0.08590
CM33_SPIN,1765,2,interior,a_ice,0.04997
CM33_SPIN,1765,3,interior,a_ice,0.06053
CM33_SPIN,1765,4,interior,a_ice,0.07888
CM33_SPIN,1765,5,interior,a_ice,0.08819
CM33_SPIN,1765,6,interior,a_ice,0.01401
CM33_SPIN,1765,7,interior,a_ice,0.00285
CM33_SPIN,1765,8,interior,a_ice,0.00000
CM33_SPIN,1765,9,interior,a_ice,0.00000
CM33_SPIN,1765,10,interior,a_ice,0.00009
CM33_SPIN,1765,11,interior,a_ice,0.00076
CM33_SPIN,1765,12,interior,a_ice,0.03469
CM33_SPIN,1765,1,labsea,MLD2,1698.36018
CM33_SPIN,1765,2,labsea,MLD2,1606.39102
CM33_SPIN,1765,3,labsea,MLD2,1566.60072
CM33_SPIN,1765,4,labsea,MLD2,1453.98466
CM33_SPIN,1765,5,labsea,MLD2,1270.96755
CM33_SPIN,1765,6,labsea,MLD2,195.15888
CM33_SPIN,1765,7,labsea,MLD2,12.28791
CM33_SPIN,1765,8,labsea,MLD2,14.45038
CM33_SPIN,1765,9,labsea,MLD2,21.56290
CM33_SPIN,1765,10,labsea,MLD2,47.30320
CM33_SPIN,1765,11,labsea,MLD2,594.29693
CM33_SPIN,1765,12,labsea,MLD2,1531.58065
CM33_SPIN,1765,1,interior,MLD2,2538.45489
CM33_SPIN,1765,2,interior,MLD2,2542.37254
CM33_SPIN,1765,3,interior,MLD2,2485.77149
CM33_SPIN,1765,4,interior,MLD2,2195.19613
CM33_SPIN,1765,5,interior,MLD2,1984.86762
CM33_SPIN,1765,6,interior,MLD2,363.60473
CM33_SPIN,1765,7,interior,MLD2,15.17929
CM33_SPIN,1765,8,interior,MLD2,16.66731
CM33_SPIN,1765,9,interior,MLD2,22.21870
CM33_SPIN,1765,10,interior,MLD2,84.27858
CM33_SPIN,1765,11,interior,MLD2,1568.36934
CM33_SPIN,1765,12,interior,MLD2,2533.48588
CM33_SPIN,1766,1,labsea,a_ice,0.32572
CM33_SPIN,1766,2,labsea,a_ice,0.34852
CM33_SPIN,1766,3,labsea,a_ice,0.34501
CM33_SPIN,1766,4,labsea,a_ice,0.33430
CM33_SPIN,1766,5,labsea,a_ice,0.23872
CM33_SPIN,1766,6,labsea,a_ice,0.10224
CM33_SPIN,1766,7,labsea,a_ice,0.02500
CM33_SPIN,1766,8,labsea,a_ice,0.00359
CM33_SPIN,1766,9,labsea,a_ice,0.00000
CM33_SPIN,1766,10,labsea,a_ice,0.00677
CM33_SPIN,1766,11,labsea,a_ice,0.06006
CM33_SPIN,1766,12,labsea,a_ice,0.13666
CM33_SPIN,1766,1,interior,a_ice,0.13794
CM33_SPIN,1766,2,interior,a_ice,0.18833
CM33_SPIN,1766,3,interior,a_ice,0.12804
CM33_SPIN,1766,4,interior,a_ice,0.16499
CM33_SPIN,1766,5,interior,a_ice,0.12900
CM33_SPIN,1766,6,interior,a_ice,0.04252
CM33_SPIN,1766,7,interior,a_ice,0.00492
CM33_SPIN,1766,8,interior,a_ice,0.00003
CM33_SPIN,1766,9,interior,a_ice,0.00000
CM33_SPIN,1766,10,interior,a_ice,0.00001
CM33_SPIN,1766,11,interior,a_ice,0.00075
CM33_SPIN,1766,12,interior,a_ice,0.00825
CM33_SPIN,1766,1,labsea,MLD2,1387.09664
CM33_SPIN,1766,2,labsea,MLD2,1193.00510
CM33_SPIN,1766,3,labsea,MLD2,1355.87965
CM33_SPIN,1766,4,labsea,MLD2,1382.74174
CM33_SPIN,1766,5,labsea,MLD2,1061.72340
CM33_SPIN,1766,6,labsea,MLD2,16.04227
CM33_SPIN,1766,7,labsea,MLD2,14.99300
CM33_SPIN,1766,8,labsea,MLD2,16.28590
CM33_SPIN,1766,9,labsea,MLD2,24.28795
CM33_SPIN,1766,10,labsea,MLD2,86.41085
CM33_SPIN,1766,11,labsea,MLD2,680.99923
CM33_SPIN,1766,12,labsea,MLD2,1567.16510
CM33_SPIN,1766,1,interior,MLD2,2221.97085
CM33_SPIN,1766,2,interior,MLD2,1922.94106
CM33_SPIN,1766,3,interior,MLD2,2043.55564
CM33_SPIN,1766,4,interior,MLD2,1975.79608
CM33_SPIN,1766,5,interior,MLD2,1809.69842
CM33_SPIN,1766,6,interior,MLD2,18.55020
CM33_SPIN,1766,7,interior,MLD2,18.11963
CM33_SPIN,1766,8,interior,MLD2,18.33938
CM33_SPIN,1766,9,interior,MLD2,24.09917
CM33_SPIN,1766,10,interior,MLD2,187.02983
CM33_SPIN,1766,11,interior,MLD2,1457.50090
CM33_SPIN,1766,12,interior,MLD2,2603.58851
CM33_SPIN,1767,1,labsea,a_ice,0.21758
CM33_SPIN,1767,2,labsea,a_ice,0.34431
CM33_SPIN,1767,3,labsea,a_ice,0.31285
CM33_SPIN,1767,4,labsea,a_ice,0.23764
CM33_SPIN,1767,5,labsea,a_ice,0.19032
CM33_SPIN,1767,6,labsea,a_ice,0.11604
CM33_SPIN,1767,7,labsea,a_ice,0.03872
CM33_SPIN,1767,8,labsea,a_ice,0.00311
CM33_SPIN,1767,9,labsea,a_ice,0.00003
CM33_SPIN,1767,10,labsea,a_ice,0.00291
CM33_SPIN,1767,11,labsea,a_ice,0.07136
CM33_SPIN,1767,12,labsea,a_ice,0.17474
CM33_SPIN,1767,1,interior,a_ice,0.07933
CM33_SPIN,1767,2,interior,a_ice,0.20968
CM33_SPIN,1767,3,interior,a_ice,0.09277
CM33_SPIN,1767,4,interior,a_ice,0.03683
CM33_SPIN,1767,5,interior,a_ice,0.07535
CM33_SPIN,1767,6,interior,a_ice,0.01765
CM33_SPIN,1767,7,interior,a_ice,0.00010
CM33_SPIN,1767,8,interior,a_ice,0.00000
CM33_SPIN,1767,9,interior,a_ice,0.00000
CM33_SPIN,1767,10,interior,a_ice,0.00000
CM33_SPIN,1767,11,interior,a_ice,0.00297
CM33_SPIN,1767,12,interior,a_ice,0.01810
CM33_SPIN,1767,1,labsea,MLD2,1692.70877
CM33_SPIN,1767,2,labsea,MLD2,1471.19605
CM33_SPIN,1767,3,labsea,MLD2,1372.71408
CM33_SPIN,1767,4,labsea,MLD2,1257.70579
CM33_SPIN,1767,5,labsea,MLD2,857.09688
CM33_SPIN,1767,6,labsea,MLD2,56.85697
CM33_SPIN,1767,7,labsea,MLD2,12.83375
CM33_SPIN,1767,8,labsea,MLD2,11.87949
CM33_SPIN,1767,9,labsea,MLD2,20.59737
CM33_SPIN,1767,10,labsea,MLD2,27.25223
CM33_SPIN,1767,11,labsea,MLD2,518.24787
CM33_SPIN,1767,12,labsea,MLD2,1618.04123
CM33_SPIN,1767,1,interior,MLD2,2562.86830
CM33_SPIN,1767,2,interior,MLD2,2200.51834
CM33_SPIN,1767,3,interior,MLD2,2277.25671
CM33_SPIN,1767,4,interior,MLD2,2205.21487
CM33_SPIN,1767,5,interior,MLD2,1606.63437
CM33_SPIN,1767,6,interior,MLD2,158.59419
CM33_SPIN,1767,7,interior,MLD2,15.72114
CM33_SPIN,1767,8,interior,MLD2,13.84547
CM33_SPIN,1767,9,interior,MLD2,23.92617
CM33_SPIN,1767,10,interior,MLD2,27.67795
CM33_SPIN,1767,11,interior,MLD2,968.66623
CM33_SPIN,1767,12,interior,MLD2,2540.00505
CM33_SPIN,1768,1,labsea,a_ice,0.23823
CM33_SPIN,1768,2,labsea,a_ice,0.37160
CM33_SPIN,1768,3,labsea,a_ice,0.47194
CM33_SPIN,1768,4,labsea,a_ice,0.46341
CM33_SPIN,1768,5,labsea,a_ice,0.37966
CM33_SPIN,1768,6,labsea,a_ice,0.17343
CM33_SPIN,1768,7,labsea,a_ice,0.05359
CM33_SPIN,1768,8,labsea,a_ice,0.00717
CM33_SPIN,1768,9,labsea,a_ice,0.00035
CM33_SPIN,1768,10,labsea,a_ice,0.00661
CM33_SPIN,1768,11,labsea,a_ice,0.10173
CM33_SPIN,1768,12,labsea,a_ice,0.21561
CM33_SPIN,1768,1,interior,a_ice,0.06552
CM33_SPIN,1768,2,interior,a_ice,0.29181
CM33_SPIN,1768,3,interior,a_ice,0.41829
CM33_SPIN,1768,4,interior,a_ice,0.41770
CM33_SPIN,1768,5,interior,a_ice,0.29747
CM33_SPIN,1768,6,interior,a_ice,0.05535
CM33_SPIN,1768,7,interior,a_ice,0.00269
CM33_SPIN,1768,8,interior,a_ice,0.00000
CM33_SPIN,1768,9,interior,a_ice,0.00000
CM33_SPIN,1768,10,interior,a_ice,0.00000
CM33_SPIN,1768,11,interior,a_ice,0.00628
CM33_SPIN,1768,12,interior,a_ice,0.07160
CM33_SPIN,1768,1,labsea,MLD2,1486.86526
CM33_SPIN,1768,2,labsea,MLD2,1239.31839
CM33_SPIN,1768,3,labsea,MLD2,1061.56664
CM33_SPIN,1768,4,labsea,MLD2,843.63950
CM33_SPIN,1768,5,labsea,MLD2,323.55897
CM33_SPIN,1768,6,labsea,MLD2,15.76407
CM33_SPIN,1768,7,labsea,MLD2,12.54513
CM33_SPIN,1768,8,labsea,MLD2,16.95521
CM33_SPIN,1768,9,labsea,MLD2,24.49029
CM33_SPIN,1768,10,labsea,MLD2,36.29009
CM33_SPIN,1768,11,labsea,MLD2,581.78537
CM33_SPIN,1768,12,labsea,MLD2,1595.18733
CM33_SPIN,1768,1,interior,MLD2,2272.77650
CM33_SPIN,1768,2,interior,MLD2,1636.18852
CM33_SPIN,1768,3,interior,MLD2,1354.85686
CM33_SPIN,1768,4,interior,MLD2,906.13228
CM33_SPIN,1768,5,interior,MLD2,251.61578
CM33_SPIN,1768,6,interior,MLD2,16.58312
CM33_SPIN,1768,7,interior,MLD2,12.75632
CM33_SPIN,1768,8,interior,MLD2,17.75473
CM33_SPIN,1768,9,interior,MLD2,22.95162
CM33_SPIN,1768,10,interior,MLD2,32.27166
CM33_SPIN,1768,11,interior,MLD2,785.12412
CM33_SPIN,1768,12,interior,MLD2,2554.25516
CM33_SPIN,1769,1,labsea,a_ice,0.25525
CM33_SPIN,1769,2,labsea,a_ice,0.33200
CM33_SPIN,1769,3,labsea,a_ice,0.35775
CM33_SPIN,1769,4,labsea,a_ice,0.29642
CM33_SPIN,1769,5,labsea,a_ice,0.23696
CM33_SPIN,1769,6,labsea,a_ice,0.14705
CM33_SPIN,1769,7,labsea,a_ice,0.05060
CM33_SPIN,1769,8,labsea,a_ice,0.00835
CM33_SPIN,1769,9,labsea,a_ice,0.00054
CM33_SPIN,1769,10,labsea,a_ice,0.00052
CM33_SPIN,1769,11,labsea,a_ice,0.01448
CM33_SPIN,1769,12,labsea,a_ice,0.15190
CM33_SPIN,1769,1,interior,a_ice,0.06095
CM33_SPIN,1769,2,interior,a_ice,0.11900
CM33_SPIN,1769,3,interior,a_ice,0.12543
CM33_SPIN,1769,4,interior,a_ice,0.10502
CM33_SPIN,1769,5,interior,a_ice,0.05692
CM33_SPIN,1769,6,interior,a_ice,0.02102
CM33_SPIN,1769,7,interior,a_ice,0.00030
CM33_SPIN,1769,8,interior,a_ice,0.00000
CM33_SPIN,1769,9,interior,a_ice,0.00000
CM33_SPIN,1769,10,interior,a_ice,0.00000
CM33_SPIN,1769,11,interior,a_ice,0.00000
CM33_SPIN,1769,12,interior,a_ice,0.01609
CM33_SPIN,1769,1,labsea,MLD2,1585.45526
CM33_SPIN,1769,2,labsea,MLD2,1508.34479
CM33_SPIN,1769,3,labsea,MLD2,1408.01535
CM33_SPIN,1769,4,labsea,MLD2,1197.10379
CM33_SPIN,1769,5,labsea,MLD2,925.14255
CM33_SPIN,1769,6,labsea,MLD2,30.79770
CM33_SPIN,1769,7,labsea,MLD2,15.32933
CM33_SPIN,1769,8,labsea,MLD2,14.71805
CM33_SPIN,1769,9,labsea,MLD2,18.77175
CM33_SPIN,1769,10,labsea,MLD2,31.91843
CM33_SPIN,1769,11,labsea,MLD2,78.31759
CM33_SPIN,1769,12,labsea,MLD2,1205.09354
CM33_SPIN,1769,1,interior,MLD2,2564.64016
CM33_SPIN,1769,2,interior,MLD2,2393.78617
CM33_SPIN,1769,3,interior,MLD2,2277.99825
CM33_SPIN,1769,4,interior,MLD2,1932.45764
CM33_SPIN,1769,5,interior,MLD2,1708.39767
CM33_SPIN,1769,6,interior,MLD2,65.36777
CM33_SPIN,1769,7,interior,MLD2,17.33195
CM33_SPIN,1769,8,interior,MLD2,16.86569
CM33_SPIN,1769,9,interior,MLD2,20.92246
CM33_SPIN,1769,10,interior,MLD2,34.60171
CM33_SPIN,1769,11,interior,MLD2,133.80717
CM33_SPIN,1769,12,interior,MLD2,2393.24617
CM33_SPIN,1770,1,labsea,a_ice,0.19422
CM33_SPIN,1770,2,labsea,a_ice,0.27526
CM33_SPIN,1770,3,labsea,a_ice,0.35018
CM33_SPIN,1770,4,labsea,a_ice,0.34073
CM33_SPIN,1770,5,labsea,a_ice,0.29082
CM33_SPIN,1770,6,labsea,a_ice,0.17170
CM33_SPIN,1770,7,labsea,a_ice,0.04883
CM33_SPIN,1770,8,labsea,a_ice,0.00379
CM33_SPIN,1770,9,labsea,a_ice,0.00038
CM33_SPIN,1770,10,labsea,a_ice,0.00823
CM33_SPIN,1770,11,labsea,a_ice,0.03770
CM33_SPIN,1770,12,labsea,a_ice,0.13887
CM33_SPIN,1770,1,interior,a_ice,0.03772
CM33_SPIN,1770,2,interior,a_ice,0.06647
CM33_SPIN,1770,3,interior,a_ice,0.14057
CM33_SPIN,1770,4,interior,a_ice,0.17530
CM33_SPIN,1770,5,interior,a_ice,0.09246
CM33_SPIN,1770,6,interior,a_ice,0.04332
CM33_SPIN,1770,7,interior,a_ice,0.01084
CM33_SPIN,1770,8,interior,a_ice,0.00000
CM33_SPIN,1770,9,interior,a_ice,0.00000
CM33_SPIN,1770,10,interior,a_ice,0.00000
CM33_SPIN,1770,11,interior,a_ice,0.00005
CM33_SPIN,1770,12,interior,a_ice,0.01155
CM33_SPIN,1770,1,labsea,MLD2,1702.14040
CM33_SPIN,1770,2,labsea,MLD2,1598.44650
CM33_SPIN,1770,3,labsea,MLD2,1430.39167
CM33_SPIN,1770,4,labsea,MLD2,1391.31982
CM33_SPIN,1770,5,labsea,MLD2,812.88712
CM33_SPIN,1770,6,labsea,MLD2,60.51149
CM33_SPIN,1770,7,labsea,MLD2,15.15087
CM33_SPIN,1770,8,labsea,MLD2,13.58990
CM33_SPIN,1770,9,labsea,MLD2,23.48146
CM33_SPIN,1770,10,labsea,MLD2,35.04302
CM33_SPIN,1770,11,labsea,MLD2,147.43641
CM33_SPIN,1770,12,labsea,MLD2,1227.55417
CM33_SPIN,1770,1,interior,MLD2,2637.57710
CM33_SPIN,1770,2,interior,MLD2,2493.26920
CM33_SPIN,1770,3,interior,MLD2,2210.96211
CM33_SPIN,1770,4,interior,MLD2,2109.89780
CM33_SPIN,1770,5,interior,MLD2,1370.34417
CM33_SPIN,1770,6,interior,MLD2,159.13577
CM33_SPIN,1770,7,interior,MLD2,17.32044
CM33_SPIN,1770,8,interior,MLD2,16.18990
CM33_SPIN,1770,9,interior,MLD2,26.55550
CM33_SPIN,1770,10,interior,MLD2,38.84897
CM33_SPIN,1770,11,interior,MLD2,304.50522
CM33_SPIN,1770,12,interior,MLD2,2092.30252
CM33_SPIN,1771,1,labsea,a_ice,0.19884
CM33_SPIN,1771,2,labsea,a_ice,0.26952
CM33_SPIN,1771,3,labsea,a_ice,0.26273
CM33_SPIN,1771,4,labsea,a_ice,0.20543
CM33_SPIN,1771,5,labsea,a_ice,0.20623
CM33_SPIN,1771,6,labsea,a_ice,0.16849
CM33_SPIN,1771,7,labsea,a_ice,0.07442
CM33_SPIN,1771,8,labsea,a_ice,0.01088
CM33_SPIN,1771,9,labsea,a_ice,0.00165
CM33_SPIN,1771,10,labsea,a_ice,0.01201
CM33_SPIN,1771,11,labsea,a_ice,0.10375
CM33_SPIN,1771,12,labsea,a_ice,0.26555
CM33_SPIN,1771,1,interior,a_ice,0.03562
CM33_SPIN,1771,2,interior,a_ice,0.15562
CM33_SPIN,1771,3,interior,a_ice,0.06863
CM33_SPIN,1771,4,interior,a_ice,0.02532
CM33_SPIN,1771,5,interior,a_ice,0.02457
CM33_SPIN,1771,6,interior,a_ice,0.02489
CM33_SPIN,1771,7,interior,a_ice,0.00289
CM33_SPIN,1771,8,interior,a_ice,0.00011
CM33_SPIN,1771,9,interior,a_ice,0.00000
CM33_SPIN,1771,10,interior,a_ice,0.00011
CM33_SPIN,1771,11,interior,a_ice,0.01491
CM33_SPIN,1771,12,interior,a_ice,0.09340
CM33_SPIN,1771,1,labsea,MLD2,1685.69425
CM33_SPIN,1771,2,labsea,MLD2,1584.85758
CM33_SPIN,1771,3,labsea,MLD2,1548.77032
CM33_SPIN,1771,4,labsea,MLD2,1430.91722
CM33_SPIN,1771,5,labsea,MLD2,1215.36834
CM33_SPIN,1771,6,labsea,MLD2,158.78456
CM33_SPIN,1771,7,labsea,MLD2,11.64296
CM33_SPIN,1771,8,labsea,MLD2,16.77625
CM33_SPIN,1771,9,labsea,MLD2,24.67303
CM33_SPIN,1771,10,labsea,MLD2,116.39165
CM33_SPIN,1771,11,labsea,MLD2,825.41904
CM33_SPIN,1771,12,labsea,MLD2,1277.41960
CM33_SPIN,1771,1,interior,MLD2,2586.43628
CM33_SPIN,1771,2,interior,MLD2,2298.38823
CM33_SPIN,1771,3,interior,MLD2,2457.44582
CM33_SPIN,1771,4,interior,MLD2,2407.64700
CM33_SPIN,1771,5,interior,MLD2,2023.21951
CM33_SPIN,1771,6,interior,MLD2,424.02001
CM33_SPIN,1771,7,interior,MLD2,13.86176
CM33_SPIN,1771,8,interior,MLD2,19.08978
CM33_SPIN,1771,9,interior,MLD2,27.49183
CM33_SPIN,1771,10,interior,MLD2,290.15288
CM33_SPIN,1771,11,interior,MLD2,1672.73509
CM33_SPIN,1771,12,interior,MLD2,1987.50197
CM33_SPIN,1772,1,labsea,a_ice,0.32876
CM33_SPIN,1772,2,labsea,a_ice,0.31197
CM33_SPIN,1772,3,labsea,a_ice,0.35901
CM33_SPIN,1772,4,labsea,a_ice,0.36655
CM33_SPIN,1772,5,labsea,a_ice,0.30956
CM33_SPIN,1772,6,labsea,a_ice,0.12741
CM33_SPIN,1772,7,labsea,a_ice,0.02793
CM33_SPIN,1772,8,labsea,a_ice,0.00163
CM33_SPIN,1772,9,labsea,a_ice,0.00020
CM33_SPIN,1772,10,labsea,a_ice,0.00583
CM33_SPIN,1772,11,labsea,a_ice,0.05204
CM33_SPIN,1772,12,labsea,a_ice,0.17315
CM33_SPIN,1772,1,interior,a_ice,0.14593
CM33_SPIN,1772,2,interior,a_ice,0.08550
CM33_SPIN,1772,3,interior,a_ice,0.16525
CM33_SPIN,1772,4,interior,a_ice,0.25571
CM33_SPIN,1772,5,interior,a_ice,0.17471
CM33_SPIN,1772,6,interior,a_ice,0.03357
CM33_SPIN,1772,7,interior,a_ice,0.00041
CM33_SPIN,1772,8,interior,a_ice,0.00000
CM33_SPIN,1772,9,interior,a_ice,0.00000
CM33_SPIN,1772,10,interior,a_ice,0.00000
CM33_SPIN,1772,11,interior,a_ice,0.00071
CM33_SPIN,1772,12,interior,a_ice,0.02056
CM33_SPIN,1772,1,labsea,MLD2,1246.76379
CM33_SPIN,1772,2,labsea,MLD2,1521.58357
CM33_SPIN,1772,3,labsea,MLD2,1472.88309
CM33_SPIN,1772,4,labsea,MLD2,1185.82813
CM33_SPIN,1772,5,labsea,MLD2,682.85295
CM33_SPIN,1772,6,labsea,MLD2,16.10707
CM33_SPIN,1772,7,labsea,MLD2,12.39277
CM33_SPIN,1772,8,labsea,MLD2,12.61927
CM33_SPIN,1772,9,labsea,MLD2,19.34047
CM33_SPIN,1772,10,labsea,MLD2,28.33015
CM33_SPIN,1772,11,labsea,MLD2,95.93586
CM33_SPIN,1772,12,labsea,MLD2,1207.22788
CM33_SPIN,1772,1,interior,MLD2,1796.10722
CM33_SPIN,1772,2,interior,MLD2,2276.98692
CM33_SPIN,1772,3,interior,MLD2,2131.54122
CM33_SPIN,1772,4,interior,MLD2,1712.16484
CM33_SPIN,1772,5,interior,MLD2,722.72055
CM33_SPIN,1772,6,interior,MLD2,20.00365
CM33_SPIN,1772,7,interior,MLD2,14.87938
CM33_SPIN,1772,8,interior,MLD2,14.97426
CM33_SPIN,1772,9,interior,MLD2,21.78441
CM33_SPIN,1772,10,interior,MLD2,30.02318
CM33_SPIN,1772,11,interior,MLD2,107.37819
CM33_SPIN,1772,12,interior,MLD2,1899.53983
CM33_SPIN,1773,1,labsea,a_ice,0.21250
CM33_SPIN,1773,2,labsea,a_ice,0.26825
CM33_SPIN,1773,3,labsea,a_ice,0.27603
CM33_SPIN,1773,4,labsea,a_ice,0.24946
CM33_SPIN,1773,5,labsea,a_ice,0.18209
CM33_SPIN,1773,6,labsea,a_ice,0.09575
CM33_SPIN,1773,7,labsea,a_ice,0.03686
CM33_SPIN,1773,8,labsea,a_ice,0.00415
CM33_SPIN,1773,9,labsea,a_ice,0.00005
CM33_SPIN,1773,10,labsea,a_ice,0.00596
CM33_SPIN,1773,11,labsea,a_ice,0.05847
CM33_SPIN,1773,12,labsea,a_ice,0.15215
CM33_SPIN,1773,1,interior,a_ice,0.04492
CM33_SPIN,1773,2,interior,a_ice,0.09962
CM33_SPIN,1773,3,interior,a_ice,0.08356
CM33_SPIN,1773,4,interior,a_ice,0.13444
CM33_SPIN,1773,5,interior,a_ice,0.05714
CM33_SPIN,1773,6,interior,a_ice,0.00810
CM33_SPIN,1773,7,interior,a_ice,0.00034
CM33_SPIN,1773,8,interior,a_ice,0.00000
CM33_SPIN,1773,9,interior,a_ice,0.00000
CM33_SPIN,1773,10,interior,a_ice,0.00000
CM33_SPIN,1773,11,interior,a_ice,0.00002
CM33_SPIN,1773,12,interior,a_ice,0.01794
CM33_SPIN,1773,1,labsea,MLD2,1640.21035
CM33_SPIN,1773,2,labsea,MLD2,1457.45624
CM33_SPIN,1773,3,labsea,MLD2,1107.31614
CM33_SPIN,1773,4,labsea,MLD2,789.37724
CM33_SPIN,1773,5,labsea,MLD2,218.00351
CM33_SPIN,1773,6,labsea,MLD2,17.78373
CM33_SPIN,1773,7,labsea,MLD2,15.28323
CM33_SPIN,1773,8,labsea,MLD2,17.20668
CM33_SPIN,1773,9,labsea,MLD2,23.54538
CM33_SPIN,1773,10,labsea,MLD2,36.77278
CM33_SPIN,1773,11,labsea,MLD2,140.95982
CM33_SPIN,1773,12,labsea,MLD2,1417.38823
CM33_SPIN,1773,1,interior,MLD2,2563.73409
CM33_SPIN,1773,2,interior,MLD2,2325.87965
CM33_SPIN,1773,3,interior,MLD2,1622.44924
CM33_SPIN,1773,4,interior,MLD2,836.44085
CM33_SPIN,1773,5,interior,MLD2,304.84071
CM33_SPIN,1773,6,interior,MLD2,20.36752
CM33_SPIN,1773,7,interior,MLD2,17.09549
CM33_SPIN,1773,8,interior,MLD2,19.17651
CM33_SPIN,1773,9,interior,MLD2,25.65130
CM33_SPIN,1773,10,interior,MLD2,37.81757
CM33_SPIN,1773,11,interior,MLD2,249.47724
CM33_SPIN,1773,12,interior,MLD2,2514.81974
CM33_SPIN,1774,1,labsea,a_ice,0.24803
CM33_SPIN,1774,2,labsea,a_ice,0.24125
CM33_SPIN,1774,3,labsea,a_ice,0.30187
CM33_SPIN,1774,4,labsea,a_ice,0.28362
CM33_SPIN,1774,5,labsea,a_ice,0.22766
CM33_SPIN,1774,6,labsea,a_ice,0.14519
CM33_SPIN,1774,7,labsea,a_ice,0.05252
CM33_SPIN,1774,8,labsea,a_ice,0.00493
CM33_SPIN,1774,9,labsea,a_ice,0.00002
CM33_SPIN,1774,10,labsea,a_ice,0.00289
CM33_SPIN,1774,11,labsea,a_ice,0.05097
CM33_SPIN,1774,12,labsea,a_ice,0.13453
CM33_SPIN,1774,1,interior,a_ice,0.06197
CM33_SPIN,1774,2,interior,a_ice,0.05507
CM33_SPIN,1774,3,interior,a_ice,0.08817
CM33_SPIN,1774,4,interior,a_ice,0.11290
CM33_SPIN,1774,5,interior,a_ice,0.05132
CM33_SPIN,1774,6,interior,a_ice,0.04442
CM33_SPIN,1774,7,interior,a_ice,0.00458
CM33_SPIN,1774,8,interior,a_ice,0.00006
CM33_SPIN,1774,9,interior,a_ice,0.00000
CM33_SPIN,1774,10,interior,a_ice,0.00000
CM33_SPIN,1774,11,interior,a_ice,0.00005
CM33_SPIN,1774,12,interior,a_ice,0.01217
CM33_SPIN,1774,1,labsea,MLD2,1550.76801
CM33_SPIN,1774,2,labsea,MLD2,1623.16598
CM33_SPIN,1774,3,labsea,MLD2,1502.94920
CM33_SPIN,1774,4,labsea,MLD2,1331.90100
CM33_SPIN,1774,5,labsea,MLD2,838.21615
CM33_SPIN,1774,6,labsea,MLD2,84.78832
CM33_SPIN,1774,7,labsea,MLD2,14.70003
CM33_SPIN,1774,8,labsea,MLD2,11.53778
CM33_SPIN,1774,9,labsea,MLD2,19.58566
CM33_SPIN,1774,10,labsea,MLD2,35.87304
CM33_SPIN,1774,11,labsea,MLD2,458.11882
CM33_SPIN,1774,12,labsea,MLD2,1410.42930
CM33_SPIN,1774,1,interior,MLD2,2487.99142
CM33_SPIN,1774,2,interior,MLD2,2503.05898
CM33_SPIN,1774,3,interior,MLD2,2353.00664
CM33_SPIN,1774,4,interior,MLD2,2034.29822
CM33_SPIN,1774,5,interior,MLD2,1677.93019
CM33_SPIN,1774,6,interior,MLD2,242.38982
CM33_SPIN,1774,7,interior,MLD2,17.89886
CM33_SPIN,1774,8,interior,MLD2,13.89411
CM33_SPIN,1774,9,interior,MLD2,20.35450
CM33_SPIN,1774,10,interior,MLD2,35.83486
CM33_SPIN,1774,11,interior,MLD2,946.19717
CM33_SPIN,1774,12,interior,MLD2,2544.36090
CM33_SPIN,1775,1,labsea,a_ice,0.22043
CM33_SPIN,1775,2,labsea,a_ice,0.22209
CM33_SPIN,1775,3,labsea,a_ice,0.22219
CM33_SPIN,1775,4,labsea,a_ice,0.22689
CM33_SPIN,1775,5,labsea,a_ice,0.17881
CM33_SPIN,1775,6,labsea,a_ice,0.08679
CM33_SPIN,1775,7,labsea,a_ice,0.03268
CM33_SPIN,1775,8,labsea,a_ice,0.00992
CM33_SPIN,1775,9,labsea,a_ice,0.00712
CM33_SPIN,1775,10,labsea,a_ice,0.03423
CM33_SPIN,1775,11,labsea,a_ice,0.06906
CM33_SPIN,1775,12,labsea,a_ice,0.11429
CM33_SPIN,1775,1,interior,a_ice,0.05459
CM33_SPIN,1775,2,interior,a_ice,0.03642
CM33_SPIN,1775,3,interior,a_ice,0.03231
CM33_SPIN,1775,4,interior,a_ice,0.08638
CM33_SPIN,1775,5,interior,a_ice,0.02949
CM33_SPIN,1775,6,interior,a_ice,0.03970
CM33_SPIN,1775,7,interior,a_ice,0.00022
CM33_SPIN,1775,8,interior,a_ice,0.00000
CM33_SPIN,1775,9,interior,a_ice,0.00000
CM33_SPIN,1775,10,interior,a_ice,0.00000
CM33_SPIN,1775,11,interior,a_ice,0.00000
CM33_SPIN,1775,12,interior,a_ice,0.00867
CM33_SPIN,1775,1,labsea,MLD2,1689.74700
CM33_SPIN,1775,2,labsea,MLD2,1719.30512
CM33_SPIN,1775,3,labsea,MLD2,1658.13065
CM33_SPIN,1775,4,labsea,MLD2,1610.21133
CM33_SPIN,1775,5,labsea,MLD2,693.18386
CM33_SPIN,1775,6,labsea,MLD2,199.32245
CM33_SPIN,1775,7,labsea,MLD2,14.43497
CM33_SPIN,1775,8,labsea,MLD2,18.13651
CM33_SPIN,1775,9,labsea,MLD2,27.61566
CM33_SPIN,1775,10,labsea,MLD2,78.16366
CM33_SPIN,1775,11,labsea,MLD2,425.39256
CM33_SPIN,1775,12,labsea,MLD2,1167.47227
CM33_SPIN,1775,1,interior,MLD2,2610.70565
CM33_SPIN,1775,2,interior,MLD2,2591.27082
CM33_SPIN,1775,3,interior,MLD2,2542.49460
CM33_SPIN,1775,4,interior,MLD2,2444.25388
CM33_SPIN,1775,5,interior,MLD2,1521.21767
CM33_SPIN,1775,6,interior,MLD2,632.26947
CM33_SPIN,1775,7,interior,MLD2,16.60082
CM33_SPIN,1775,8,interior,MLD2,19.75524
CM33_SPIN,1775,9,interior,MLD2,28.97610
CM33_SPIN,1775,10,interior,MLD2,161.50251
CM33_SPIN,1775,11,interior,MLD2,1088.54186
CM33_SPIN,1775,12,interior,MLD2,2316.32234
CM33_SPIN,1776,1,labsea,a_ice,0.19495
CM33_SPIN,1776,2,labsea,a_ice,0.24700
CM33_SPIN,1776,3,labsea,a_ice,0.29724
CM33_SPIN,1776,4,labsea,a_ice,0.27878
CM33_SPIN,1776,5,labsea,a_ice,0.22134
CM33_SPIN,1776,6,labsea,a_ice,0.15782
CM33_SPIN,1776,7,labsea,a_ice,0.04472
CM33_SPIN,1776,8,labsea,a_ice,0.01004
CM33_SPIN,1776,9,labsea,a_ice,0.00209
CM33_SPIN,1776,10,labsea,a_ice,0.00653
CM33_SPIN,1776,11,labsea,a_ice,0.04217
CM33_SPIN,1776,12,labsea,a_ice,0.17572
CM33_SPIN,1776,1,interior,a_ice,0.04425
CM33_SPIN,1776,2,interior,a_ice,0.09372
CM33_SPIN,1776,3,interior,a_ice,0.13617
CM33_SPIN,1776,4,interior,a_ice,0.06016
CM33_SPIN,1776,5,interior,a_ice,0.05449
CM33_SPIN,1776,6,interior,a_ice,0.04119
CM33_SPIN,1776,7,interior,a_ice,0.00677
CM33_SPIN,1776,8,interior,a_ice,0.00000
CM33_SPIN,1776,9,interior,a_ice,0.00000
CM33_SPIN,1776,10,interior,a_ice,0.00000
CM33_SPIN,1776,11,interior,a_ice,0.00003
CM33_SPIN,1776,12,interior,a_ice,0.03332
CM33_SPIN,1776,1,labsea,MLD2,1728.02606
CM33_SPIN,1776,2,labsea,MLD2,1700.59644
CM33_SPIN,1776,3,labsea,MLD2,1465.06388
CM33_SPIN,1776,4,labsea,MLD2,1462.00769
CM33_SPIN,1776,5,labsea,MLD2,1110.91694
CM33_SPIN,1776,6,labsea,MLD2,79.32390
CM33_SPIN,1776,7,labsea,MLD2,15.13120
CM33_SPIN,1776,8,labsea,MLD2,14.68355
CM33_SPIN,1776,9,labsea,MLD2,25.28622
CM33_SPIN,1776,10,labsea,MLD2,55.75944
CM33_SPIN,1776,11,labsea,MLD2,408.77945
CM33_SPIN,1776,12,labsea,MLD2,1395.53687
CM33_SPIN,1776,1,interior,MLD2,2640.83131
CM33_SPIN,1776,2,interior,MLD2,2526.08275
CM33_SPIN,1776,3,interior,MLD2,2279.67004
CM33_SPIN,1776,4,interior,MLD2,2420.30408
CM33_SPIN,1776,5,interior,MLD2,1905.50244
CM33_SPIN,1776,6,interior,MLD2,231.65828
CM33_SPIN,1776,7,interior,MLD2,19.08323
CM33_SPIN,1776,8,interior,MLD2,16.63770
CM33_SPIN,1776,9,interior,MLD2,28.02778
CM33_SPIN,1776,10,interior,MLD2,85.71653
CM33_SPIN,1776,11,interior,MLD2,1168.87598
CM33_SPIN,1776,12,interior,MLD2,2533.96709
CM33_SPIN,1777,1,labsea,a_ice,0.23764
CM33_SPIN,1777,2,labsea,a_ice,0.24594
CM33_SPIN,1777,3,labsea,a_ice,0.26459
CM33_SPIN,1777,4,labsea,a_ice,0.22877
CM33_SPIN,1777,5,labsea,a_ice,0.18241
CM33_SPIN,1777,6,labsea,a_ice,0.09863
CM33_SPIN,1777,7,labsea,a_ice,0.02935
CM33_SPIN,1777,8,labsea,a_ice,0.00493
CM33_SPIN,1777,9,labsea,a_ice,0.00072
CM33_SPIN,1777,10,labsea,a_ice,0.02149
CM33_SPIN,1777,11,labsea,a_ice,0.09272
CM33_SPIN,1777,12,labsea,a_ice,0.19744
CM33_SPIN,1777,1,interior,a_ice,0.07561
CM33_SPIN,1777,2,interior,a_ice,0.06516
CM33_SPIN,1777,3,interior,a_ice,0.05749
CM33_SPIN,1777,4,interior,a_ice,0.03129
CM33_SPIN,1777,5,interior,a_ice,0.03286
CM33_SPIN,1777,6,interior,a_ice,0.01088
CM33_SPIN,1777,7,interior,a_ice,0.00000
CM33_SPIN,1777,8,interior,a_ice,0.00000
CM33_SPIN,1777,9,interior,a_ice,0.00000
CM33_SPIN,1777,10,interior,a_ice,0.00000
CM33_SPIN,1777,11,interior,a_ice,0.00306
CM33_SPIN,1777,12,interior,a_ice,0.03960
CM33_SPIN,1777,1,labsea,MLD2,1631.17319
CM33_SPIN,1777,2,labsea,MLD2,1660.12132
CM33_SPIN,1777,3,labsea,MLD2,1595.26620
CM33_SPIN,1777,4,labsea,MLD2,1597.94925
CM33_SPIN,1777,5,labsea,MLD2,1000.22093
CM33_SPIN,1777,6,labsea,MLD2,19.18618
CM33_SPIN,1777,7,labsea,MLD2,15.36039
CM33_SPIN,1777,8,labsea,MLD2,15.70864
CM33_SPIN,1777,9,labsea,MLD2,27.55514
CM33_SPIN,1777,10,labsea,MLD2,66.69437
CM33_SPIN,1777,11,labsea,MLD2,956.17315
CM33_SPIN,1777,12,labsea,MLD2,1543.53343
CM33_SPIN,1777,1,interior,MLD2,2557.88896
CM33_SPIN,1777,2,interior,MLD2,2600.36729
CM33_SPIN,1777,3,interior,MLD2,2522.62112
CM33_SPIN,1777,4,interior,MLD2,2554.09552
CM33_SPIN,1777,5,interior,MLD2,1925.19230
CM33_SPIN,1777,6,interior,MLD2,22.60867
CM33_SPIN,1777,7,interior,MLD2,16.71129
CM33_SPIN,1777,8,interior,MLD2,16.48606
CM33_SPIN,1777,9,interior,MLD2,29.26673
CM33_SPIN,1777,10,interior,MLD2,120.01190
CM33_SPIN,1777,11,interior,MLD2,1996.13503
CM33_SPIN,1777,12,interior,MLD2,2581.46176
CM33_SPIN,1778,1,labsea,a_ice,0.33983
CM33_SPIN,1778,2,labsea,a_ice,0.29650
CM33_SPIN,1778,3,labsea,a_ice,0.29533
CM33_SPIN,1778,4,labsea,a_ice,0.30501
CM33_SPIN,1778,5,labsea,a_ice,0.25238
CM33_SPIN,1778,6,labsea,a_ice,0.13229
CM33_SPIN,1778,7,labsea,a_ice,0.04523
CM33_SPIN,1778,8,labsea,a_ice,0.00621
CM33_SPIN,1778,9,labsea,a_ice,0.00053
CM33_SPIN,1778,10,labsea,a_ice,0.01252
CM33_SPIN,1778,11,labsea,a_ice,0.13843
CM33_SPIN,1778,12,labsea,a_ice,0.37166
CM33_SPIN,1778,1,interior,a_ice,0.11614
CM33_SPIN,1778,2,interior,a_ice,0.05161
CM33_SPIN,1778,3,interior,a_ice,0.08178
CM33_SPIN,1778,4,interior,a_ice,0.14509
CM33_SPIN,1778,5,interior,a_ice,0.07334
CM33_SPIN,1778,6,interior,a_ice,0.03733
CM33_SPIN,1778,7,interior,a_ice,0.00686
CM33_SPIN,1778,8,interior,a_ice,0.00004
CM33_SPIN,1778,9,interior,a_ice,0.00000
CM33_SPIN,1778,10,interior,a_ice,0.00011
CM33_SPIN,1778,11,interior,a_ice,0.01929
CM33_SPIN,1778,12,interior,a_ice,0.26619
CM33_SPIN,1778,1,labsea,MLD2,1524.33387
CM33_SPIN,1778,2,labsea,MLD2,1454.54679
CM33_SPIN,1778,3,labsea,MLD2,1408.14164
CM33_SPIN,1778,4,labsea,MLD2,1267.57751
CM33_SPIN,1778,5,labsea,MLD2,492.21433
CM33_SPIN,1778,6,labsea,MLD2,23.55342
CM33_SPIN,1778,7,labsea,MLD2,18.15944
CM33_SPIN,1778,8,labsea,MLD2,14.21540
CM33_SPIN,1778,9,labsea,MLD2,21.81122
CM33_SPIN,1778,10,labsea,MLD2,39.21819
CM33_SPIN,1778,11,labsea,MLD2,736.14103
CM33_SPIN,1778,12,labsea,MLD2,1137.20091
CM33_SPIN,1778,1,interior,MLD2,2428.06778
CM33_SPIN,1778,2,interior,MLD2,2507.40339
CM33_SPIN,1778,3,interior,MLD2,2200.26554
CM33_SPIN,1778,4,interior,MLD2,1765.53922
CM33_SPIN,1778,5,interior,MLD2,966.93041
CM33_SPIN,1778,6,interior,MLD2,31.43212
CM33_SPIN,1778,7,interior,MLD2,18.13233
CM33_SPIN,1778,8,interior,MLD2,16.49437
CM33_SPIN,1778,9,interior,MLD2,24.18071
CM33_SPIN,1778,10,interior,MLD2,45.64166
CM33_SPIN,1778,11,interior,MLD2,1297.12229
CM33_SPIN,1778,12,interior,MLD2,1721.43164
CM33_SPIN,1779,1,labsea,a_ice,0.51388
CM33_SPIN,1779,2,labsea,a_ice,0.45013
CM33_SPIN,1779,3,labsea,a_ice,0.40904
CM33_SPIN,1779,4,labsea,a_ice,0.33713
CM33_SPIN,1779,5,labsea,a_ice,0.26617
CM33_SPIN,1779,6,labsea,a_ice,0.14409
CM33_SPIN,1779,7,labsea,a_ice,0.04710
CM33_SPIN,1779,8,labsea,a_ice,0.00639
CM33_SPIN,1779,9,labsea,a_ice,0.00001
CM33_SPIN,1779,10,labsea,a_ice,0.00048
CM33_SPIN,1779,11,labsea,a_ice,0.03150
CM33_SPIN,1779,12,labsea,a_ice,0.15931
CM33_SPIN,1779,1,interior,a_ice,0.51366
CM33_SPIN,1779,2,interior,a_ice,0.33676
CM33_SPIN,1779,3,interior,a_ice,0.23811
CM33_SPIN,1779,4,interior,a_ice,0.13524
CM33_SPIN,1779,5,interior,a_ice,0.11348
CM33_SPIN,1779,6,interior,a_ice,0.02979
CM33_SPIN,1779,7,interior,a_ice,0.00236
CM33_SPIN,1779,8,interior,a_ice,0.00000
CM33_SPIN,1779,9,interior,a_ice,0.00000
CM33_SPIN,1779,10,interior,a_ice,0.00000
CM33_SPIN,1779,11,interior,a_ice,0.00012
CM33_SPIN,1779,12,interior,a_ice,0.02809
CM33_SPIN,1779,1,labsea,MLD2,832.87366
CM33_SPIN,1779,2,labsea,MLD2,1044.38861
CM33_SPIN,1779,3,labsea,MLD2,1266.87725
CM33_SPIN,1779,4,labsea,MLD2,1103.31226
CM33_SPIN,1779,5,labsea,MLD2,419.37578
CM33_SPIN,1779,6,labsea,MLD2,16.82913
CM33_SPIN,1779,7,labsea,MLD2,12.11569
CM33_SPIN,1779,8,labsea,MLD2,14.56849
CM33_SPIN,1779,9,labsea,MLD2,21.20171
CM33_SPIN,1779,10,labsea,MLD2,33.03720
CM33_SPIN,1779,11,labsea,MLD2,152.95367
CM33_SPIN,1779,12,labsea,MLD2,1486.49011
CM33_SPIN,1779,1,interior,MLD2,920.87155
CM33_SPIN,1779,2,interior,MLD2,1396.73354
CM33_SPIN,1779,3,interior,MLD2,1835.91378
CM33_SPIN,1779,4,interior,MLD2,1665.46412
CM33_SPIN,1779,5,interior,MLD2,915.99385
CM33_SPIN,1779,6,interior,MLD2,17.65635
CM33_SPIN,1779,7,interior,MLD2,12.92198
CM33_SPIN,1779,8,interior,MLD2,16.41307
CM33_SPIN,1779,9,interior,MLD2,22.90644
CM33_SPIN,1779,10,interior,MLD2,33.72440
CM33_SPIN,1779,11,interior,MLD2,244.38371
CM33_SPIN,1779,12,interior,MLD2,2516.41765
CM33_SPIN,1780,1,labsea,a_ice,0.22368
CM33_SPIN,1780,2,labsea,a_ice,0.25586
CM33_SPIN,1780,3,labsea,a_ice,0.27953
CM33_SPIN,1780,4,labsea,a_ice,0.30421
CM33_SPIN,1780,5,labsea,a_ice,0.24656
CM33_SPIN,1780,6,labsea,a_ice,0.15313
CM33_SPIN,1780,7,labsea,a_ice,0.05898
CM33_SPIN,1780,8,labsea,a_ice,0.01186
CM33_SPIN,1780,9,labsea,a_ice,0.00113
CM33_SPIN,1780,10,labsea,a_ice,0.00172
CM33_SPIN,1780,11,labsea,a_ice,0.06535
CM33_SPIN,1780,12,labsea,a_ice,0.18946
CM33_SPIN,1780,1,interior,a_ice,0.04460
CM33_SPIN,1780,2,interior,a_ice,0.04740
CM33_SPIN,1780,3,interior,a_ice,0.07722
CM33_SPIN,1780,4,interior,a_ice,0.11105
CM33_SPIN,1780,5,interior,a_ice,0.10858
CM33_SPIN,1780,6,interior,a_ice,0.02838
CM33_SPIN,1780,7,interior,a_ice,0.00198
CM33_SPIN,1780,8,interior,a_ice,0.00000
CM33_SPIN,1780,9,interior,a_ice,0.00000
CM33_SPIN,1780,10,interior,a_ice,0.00000
CM33_SPIN,1780,11,interior,a_ice,0.00156
CM33_SPIN,1780,12,interior,a_ice,0.03141
CM33_SPIN,1780,1,labsea,MLD2,1666.62325
CM33_SPIN,1780,2,labsea,MLD2,1644.55272
CM33_SPIN,1780,3,labsea,MLD2,1535.54273
CM33_SPIN,1780,4,labsea,MLD2,1288.81529
CM33_SPIN,1780,5,labsea,MLD2,680.60176
CM33_SPIN,1780,6,labsea,MLD2,88.56738
CM33_SPIN,1780,7,labsea,MLD2,12.66138
CM33_SPIN,1780,8,labsea,MLD2,15.96415
CM33_SPIN,1780,9,labsea,MLD2,26.13274
CM33_SPIN,1780,10,labsea,MLD2,34.23289
CM33_SPIN,1780,11,labsea,MLD2,277.50902
CM33_SPIN,1780,12,labsea,MLD2,1500.77995
CM33_SPIN,1780,1,interior,MLD2,2615.06389
CM33_SPIN,1780,2,interior,MLD2,2572.12768
CM33_SPIN,1780,3,interior,MLD2,2411.76330
CM33_SPIN,1780,4,interior,MLD2,1871.33704
CM33_SPIN,1780,5,interior,MLD2,1378.89251
CM33_SPIN,1780,6,interior,MLD2,274.62165
CM33_SPIN,1780,7,interior,MLD2,15.48777
CM33_SPIN,1780,8,interior,MLD2,18.28954
CM33_SPIN,1780,9,interior,MLD2,29.13339
CM33_SPIN,1780,10,interior,MLD2,38.37895
CM33_SPIN,1780,11,interior,MLD2,536.68335
CM33_SPIN,1780,12,interior,MLD2,2555.90608
CM33_SPIN,1781,1,labsea,a_ice,0.21904
CM33_SPIN,1781,2,labsea,a_ice,0.35579
CM33_SPIN,1781,3,labsea,a_ice,0.47009
CM33_SPIN,1781,4,labsea,a_ice,0.36983
CM33_SPIN,1781,5,labsea,a_ice,0.28524
CM33_SPIN,1781,6,labsea,a_ice,0.19011
CM33_SPIN,1781,7,labsea,a_ice,0.06352
CM33_SPIN,1781,8,labsea,a_ice,0.01624
CM33_SPIN,1781,9,labsea,a_ice,0.00463
CM33_SPIN,1781,10,labsea,a_ice,0.02023
CM33_SPIN,1781,11,labsea,a_ice,0.07931
CM33_SPIN,1781,12,labsea,a_ice,0.24362
CM33_SPIN,1781,1,interior,a_ice,0.03533
CM33_SPIN,1781,2,interior,a_ice,0.18145
CM33_SPIN,1781,3,interior,a_ice,0.39743
CM33_SPIN,1781,4,interior,a_ice,0.23961
CM33_SPIN,1781,5,interior,a_ice,0.10022
CM33_SPIN,1781,6,interior,a_ice,0.07327
CM33_SPIN,1781,7,interior,a_ice,0.00568
CM33_SPIN,1781,8,interior,a_ice,0.00000
CM33_SPIN,1781,9,interior,a_ice,0.00000
CM33_SPIN,1781,10,interior,a_ice,0.00002
CM33_SPIN,1781,11,interior,a_ice,0.00173
CM33_SPIN,1781,12,interior,a_ice,0.07328
CM33_SPIN,1781,1,labsea,MLD2,1582.48405
CM33_SPIN,1781,2,labsea,MLD2,1344.74364
CM33_SPIN,1781,3,labsea,MLD2,806.99991
CM33_SPIN,1781,4,labsea,MLD2,564.65312
CM33_SPIN,1781,5,labsea,MLD2,349.14955
CM33_SPIN,1781,6,labsea,MLD2,41.93404
CM33_SPIN,1781,7,labsea,MLD2,16.24637
CM33_SPIN,1781,8,labsea,MLD2,16.14324
CM33_SPIN,1781,9,labsea,MLD2,21.97341
CM33_SPIN,1781,10,labsea,MLD2,34.79117
CM33_SPIN,1781,11,labsea,MLD2,669.33839
CM33_SPIN,1781,12,labsea,MLD2,1443.84669
CM33_SPIN,1781,1,interior,MLD2,2520.83776
CM33_SPIN,1781,2,interior,MLD2,2173.21974
CM33_SPIN,1781,3,interior,MLD2,1174.70641
CM33_SPIN,1781,4,interior,MLD2,1050.41574
CM33_SPIN,1781,5,interior,MLD2,803.36378
CM33_SPIN,1781,6,interior,MLD2,106.67554
CM33_SPIN,1781,7,interior,MLD2,18.09088
CM33_SPIN,1781,8,interior,MLD2,18.04250
CM33_SPIN,1781,9,interior,MLD2,22.17442
CM33_SPIN,1781,10,interior,MLD2,39.59283
CM33_SPIN,1781,11,interior,MLD2,1282.43827
CM33_SPIN,1781,12,interior,MLD2,2430.11879
CM33_SPIN,1782,1,labsea,a_ice,0.23707
CM33_SPIN,1782,2,labsea,a_ice,0.23095
CM33_SPIN,1782,3,labsea,a_ice,0.25276
CM33_SPIN,1782,4,labsea,a_ice,0.27913
CM33_SPIN,1782,5,labsea,a_ice,0.24157
CM33_SPIN,1782,6,labsea,a_ice,0.12570
CM33_SPIN,1782,7,labsea,a_ice,0.03942
CM33_SPIN,1782,8,labsea,a_ice,0.00666
CM33_SPIN,1782,9,labsea,a_ice,0.00084
CM33_SPIN,1782,10,labsea,a_ice,0.00254
CM33_SPIN,1782,11,labsea,a_ice,0.02878
CM33_SPIN,1782,12,labsea,a_ice,0.15644
CM33_SPIN,1782,1,interior,a_ice,0.07370
CM33_SPIN,1782,2,interior,a_ice,0.01514
CM33_SPIN,1782,3,interior,a_ice,0.03532
CM33_SPIN,1782,4,interior,a_ice,0.11027
CM33_SPIN,1782,5,interior,a_ice,0.08295
CM33_SPIN,1782,6,interior,a_ice,0.03466
CM33_SPIN,1782,7,interior,a_ice,0.00118
CM33_SPIN,1782,8,interior,a_ice,0.00000
CM33_SPIN,1782,9,interior,a_ice,0.00000
CM33_SPIN,1782,10,interior,a_ice,0.00000
CM33_SPIN,1782,11,interior,a_ice,0.00151
CM33_SPIN,1782,12,interior,a_ice,0.02940
CM33_SPIN,1782,1,labsea,MLD2,1570.13495
CM33_SPIN,1782,2,labsea,MLD2,1659.51160
CM33_SPIN,1782,3,labsea,MLD2,1680.57071
CM33_SPIN,1782,4,labsea,MLD2,1528.32617
CM33_SPIN,1782,5,labsea,MLD2,958.77402
CM33_SPIN,1782,6,labsea,MLD2,73.10314
CM33_SPIN,1782,7,labsea,MLD2,13.09762
CM33_SPIN,1782,8,labsea,MLD2,15.50671
CM33_SPIN,1782,9,labsea,MLD2,23.18213
CM33_SPIN,1782,10,labsea,MLD2,37.39029
CM33_SPIN,1782,11,labsea,MLD2,334.72131
CM33_SPIN,1782,12,labsea,MLD2,1320.45057
CM33_SPIN,1782,1,interior,MLD2,2561.47464
CM33_SPIN,1782,2,interior,MLD2,2656.83685
CM33_SPIN,1782,3,interior,MLD2,2625.31769
CM33_SPIN,1782,4,interior,MLD2,2385.39968
CM33_SPIN,1782,5,interior,MLD2,1950.67439
CM33_SPIN,1782,6,interior,MLD2,218.56720
CM33_SPIN,1782,7,interior,MLD2,13.97633
CM33_SPIN,1782,8,interior,MLD2,17.82955
CM33_SPIN,1782,9,interior,MLD2,27.66702
CM33_SPIN,1782,10,interior,MLD2,40.50381
CM33_SPIN,1782,11,interior,MLD2,820.01548
CM33_SPIN,1782,12,interior,MLD2,2511.69530
CM33_SPIN,1783,1,labsea,a_ice,0.24123
CM33_SPIN,1783,2,labsea,a_ice,0.24414
CM33_SPIN,1783,3,labsea,a_ice,0.28816
CM33_SPIN,1783,4,labsea,a_ice,0.33008
CM33_SPIN,1783,5,labsea,a_ice,0.24465
CM33_SPIN,1783,6,labsea,a_ice,0.14975
CM33_SPIN,1783,7,labsea,a_ice,0.04316
CM33_SPIN,1783,8,labsea,a_ice,0.00094
CM33_SPIN,1783,9,labsea,a_ice,0.00000
CM33_SPIN,1783,10,labsea,a_ice,0.00149
CM33_SPIN,1783,11,labsea,a_ice,0.06159
CM33_SPIN,1783,12,labsea,a_ice,0.13771
CM33_SPIN,1783,1,interior,a_ice,0.05956
CM33_SPIN,1783,2,interior,a_ice,0.05919
CM33_SPIN,1783,3,interior,a_ice,0.11461
CM33_SPIN,1783,4,interior,a_ice,0.20213
CM33_SPIN,1783,5,interior,a_ice,0.07200
CM33_SPIN,1783,6,interior,a_ice,0.03943
CM33_SPIN,1783,7,interior,a_ice,0.00714
CM33_SPIN,1783,8,interior,a_ice,0.00000
CM33_SPIN,1783,9,interior,a_ice,0.00000
CM33_SPIN,1783,10,interior,a_ice,0.00000
CM33_SPIN,1783,11,interior,a_ice,0.00050
CM33_SPIN,1783,12,interior,a_ice,0.01167
CM33_SPIN,1783,1,labsea,MLD2,1718.65681
CM33_SPIN,1783,2,labsea,MLD2,1654.95900
CM33_SPIN,1783,3,labsea,MLD2,1476.51036
CM33_SPIN,1783,4,labsea,MLD2,1211.97728
CM33_SPIN,1783,5,labsea,MLD2,604.21117
CM33_SPIN,1783,6,labsea,MLD2,55.76357
CM33_SPIN,1783,7,labsea,MLD2,15.29170
CM33_SPIN,1783,8,labsea,MLD2,16.03281
CM33_SPIN,1783,9,labsea,MLD2,21.16330
CM33_SPIN,1783,10,labsea,MLD2,31.14437
CM33_SPIN,1783,11,labsea,MLD2,215.15095
CM33_SPIN,1783,12,labsea,MLD2,1315.55126
CM33_SPIN,1783,1,interior,MLD2,2634.13228
CM33_SPIN,1783,2,interior,MLD2,2578.84079
CM33_SPIN,1783,3,interior,MLD2,2137.19764
CM33_SPIN,1783,4,interior,MLD2,1539.02863
CM33_SPIN,1783,5,interior,MLD2,818.34679
CM33_SPIN,1783,6,interior,MLD2,150.31591
CM33_SPIN,1783,7,interior,MLD2,18.56437
CM33_SPIN,1783,8,interior,MLD2,19.10926
CM33_SPIN,1783,9,interior,MLD2,24.50181
CM33_SPIN,1783,10,interior,MLD2,34.64845
CM33_SPIN,1783,11,interior,MLD2,391.19296
CM33_SPIN,1783,12,interior,MLD2,2355.00626
CM33_SPIN,1784,1,labsea,a_ice,0.22505
CM33_SPIN,1784,2,labsea,a_ice,0.26015
CM33_SPIN,1784,3,labsea,a_ice,0.30238
CM33_SPIN,1784,4,labsea,a_ice,0.21938
CM33_SPIN,1784,5,labsea,a_ice,0.15270
CM33_SPIN,1784,6,labsea,a_ice,0.08646
CM33_SPIN,1784,7,labsea,a_ice,0.02761
CM33_SPIN,1784,8,labsea,a_ice,0.00591
CM33_SPIN,1784,9,labsea,a_ice,0.00178
CM33_SPIN,1784,10,labsea,a_ice,0.00200
CM33_SPIN,1784,11,labsea,a_ice,0.02966
CM33_SPIN,1784,12,labsea,a_ice,0.18913
CM33_SPIN,1784,1,interior,a_ice,0.06181
CM33_SPIN,1784,2,interior,a_ice,0.05002
CM33_SPIN,1784,3,interior,a_ice,0.08213
CM33_SPIN,1784,4,interior,a_ice,0.04108
CM33_SPIN,1784,5,interior,a_ice,0.02397
CM33_SPIN,1784,6,interior,a_ice,0.00123
CM33_SPIN,1784,7,interior,a_ice,0.00013
CM33_SPIN,1784,8,interior,a_ice,0.00000
CM33_SPIN,1784,9,interior,a_ice,0.00000
CM33_SPIN,1784,10,interior,a_ice,0.00000
CM33_SPIN,1784,11,interior,a_ice,0.00062
CM33_SPIN,1784,12,interior,a_ice,0.02030
CM33_SPIN,1784,1,labsea,MLD2,1666.57745
CM33_SPIN,1784,2,labsea,MLD2,1684.44927
CM33_SPIN,1784,3,labsea,MLD2,1612.48316
CM33_SPIN,1784,4,labsea,MLD2,1543.44967
CM33_SPIN,1784,5,labsea,MLD2,781.76339
CM33_SPIN,1784,6,labsea,MLD2,48.63484
CM33_SPIN,1784,7,labsea,MLD2,14.73287
CM33_SPIN,1784,8,labsea,MLD2,17.85833
CM33_SPIN,1784,9,labsea,MLD2,22.29964
CM33_SPIN,1784,10,labsea,MLD2,35.20347
CM33_SPIN,1784,11,labsea,MLD2,350.97856
CM33_SPIN,1784,12,labsea,MLD2,1459.63953
CM33_SPIN,1784,1,interior,MLD2,2586.12066
CM33_SPIN,1784,2,interior,MLD2,2595.58765
CM33_SPIN,1784,3,interior,MLD2,2503.64325
CM33_SPIN,1784,4,interior,MLD2,2459.45244
CM33_SPIN,1784,5,interior,MLD2,1419.58578
CM33_SPIN,1784,6,interior,MLD2,88.65120
CM33_SPIN,1784,7,interior,MLD2,16.91229
CM33_SPIN,1784,8,interior,MLD2,20.23290
CM33_SPIN,1784,9,interior,MLD2,24.02269
CM33_SPIN,1784,10,interior,MLD2,38.20990
CM33_SPIN,1784,11,interior,MLD2,813.35057
CM33_SPIN,1784,12,interior,MLD2,2563.62417
CM33_SPIN,1785,1,labsea,a_ice,0.22544
CM33_SPIN,1785,2,labsea,a_ice,0.25658
CM33_SPIN,1785,3,labsea,a_ice,0.32017
CM33_SPIN,1785,4,labsea,a_ice,0.28871
CM33_SPIN,1785,5,labsea,a_ice,0.22538
CM33_SPIN,1785,6,labsea,a_ice,0.14715
CM33_SPIN,1785,7,labsea,a_ice,0.03629
CM33_SPIN,1785,8,labsea,a_ice,0.00091
CM33_SPIN,1785,9,labsea,a_ice,0.00000
CM33_SPIN,1785,10,labsea,a_ice,0.00843
CM33_SPIN,1785,11,labsea,a_ice,0.06066
CM33_SPIN,1785,12,labsea,a_ice,0.16618
CM33_SPIN,1785,1,interior,a_ice,0.01814
CM33_SPIN,1785,2,interior,a_ice,0.06441
CM33_SPIN,1785,3,interior,a_ice,0.11078
CM33_SPIN,1785,4,interior,a_ice,0.12253
CM33_SPIN,1785,5,interior,a_ice,0.04990
CM33_SPIN,1785,6,interior,a_ice,0.05832
CM33_SPIN,1785,7,interior,a_ice,0.00395
CM33_SPIN,1785,8,interior,a_ice,0.00000
CM33_SPIN,1785,9,interior,a_ice,0.00000
CM33_SPIN,1785,10,interior,a_ice,0.00000
CM33_SPIN,1785,11,interior,a_ice,0.00237
CM33_SPIN,1785,12,interior,a_ice,0.02036
CM33_SPIN,1785,1,labsea,MLD2,1615.06992
CM33_SPIN,1785,2,labsea,MLD2,1641.79328
CM33_SPIN,1785,3,labsea,MLD2,1512.45042
CM33_SPIN,1785,4,labsea,MLD2,1190.74024
CM33_SPIN,1785,5,labsea,MLD2,811.59081
CM33_SPIN,1785,6,labsea,MLD2,15.37147
CM33_SPIN,1785,7,labsea,MLD2,13.21907
CM33_SPIN,1785,8,labsea,MLD2,14.35775
CM33_SPIN,1785,9,labsea,MLD2,19.88195
CM33_SPIN,1785,10,labsea,MLD2,33.37708
CM33_SPIN,1785,11,labsea,MLD2,519.09609
CM33_SPIN,1785,12,labsea,MLD2,1739.16692
CM33_SPIN,1785,1,interior,MLD2,2631.53696
CM33_SPIN,1785,2,interior,MLD2,2521.80933
CM33_SPIN,1785,3,interior,MLD2,2364.82425
CM33_SPIN,1785,4,interior,MLD2,1830.88396
CM33_SPIN,1785,5,interior,MLD2,1509.66560
CM33_SPIN,1785,6,interior,MLD2,15.25120
CM33_SPIN,1785,7,interior,MLD2,16.05880
CM33_SPIN,1785,8,interior,MLD2,16.10158
CM33_SPIN,1785,9,interior,MLD2,19.69835
CM33_SPIN,1785,10,interior,MLD2,33.86676
CM33_SPIN,1785,11,interior,MLD2,1033.87301
CM33_SPIN,1785,12,interior,MLD2,2689.44126
CM33_SPIN,1786,1,labsea,a_ice,0.20012
CM33_SPIN,1786,2,labsea,a_ice,0.23592
CM33_SPIN,1786,3,labsea,a_ice,0.31363
CM33_SPIN,1786,4,labsea,a_ice,0.36095
CM33_SPIN,1786,5,labsea,a_ice,0.27420
CM33_SPIN,1786,6,labsea,a_ice,0.17935
CM33_SPIN,1786,7,labsea,a_ice,0.07895
CM33_SPIN,1786,8,labsea,a_ice,0.01977
CM33_SPIN,1786,9,labsea,a_ice,0.00945
CM33_SPIN,1786,10,labsea,a_ice,0.02027
CM33_SPIN,1786,11,labsea,a_ice,0.08122
CM33_SPIN,1786,12,labsea,a_ice,0.17169
CM33_SPIN,1786,1,interior,a_ice,0.03625
CM33_SPIN,1786,2,interior,a_ice,0.05294
CM33_SPIN,1786,3,interior,a_ice,0.10667
CM33_SPIN,1786,4,interior,a_ice,0.22132
CM33_SPIN,1786,5,interior,a_ice,0.08071
CM33_SPIN,1786,6,interior,a_ice,0.05556
CM33_SPIN,1786,7,interior,a_ice,0.01658
CM33_SPIN,1786,8,interior,a_ice,0.00005
CM33_SPIN,1786,9,interior,a_ice,0.00000
CM33_SPIN,1786,10,interior,a_ice,0.00000
CM33_SPIN,1786,11,interior,a_ice,0.00063
CM33_SPIN,1786,12,interior,a_ice,0.02514
CM33_SPIN,1786,1,labsea,MLD2,1728.40010
CM33_SPIN,1786,2,labsea,MLD2,1672.79620
CM33_SPIN,1786,3,labsea,MLD2,1450.87020
CM33_SPIN,1786,4,labsea,MLD2,1246.31815
CM33_SPIN,1786,5,labsea,MLD2,907.73656
CM33_SPIN,1786,6,labsea,MLD2,62.71015
CM33_SPIN,1786,7,labsea,MLD2,14.41041
CM33_SPIN,1786,8,labsea,MLD2,13.05806
CM33_SPIN,1786,9,labsea,MLD2,22.70455
CM33_SPIN,1786,10,labsea,MLD2,37.03713
CM33_SPIN,1786,11,labsea,MLD2,483.72423
CM33_SPIN,1786,12,labsea,MLD2,1566.45790
CM33_SPIN,1786,1,interior,MLD2,2634.33572
CM33_SPIN,1786,2,interior,MLD2,2597.52954
CM33_SPIN,1786,3,interior,MLD2,2311.99790
CM33_SPIN,1786,4,interior,MLD2,1769.30746
CM33_SPIN,1786,5,interior,MLD2,1549.36957
CM33_SPIN,1786,6,interior,MLD2,181.10370
CM33_SPIN,1786,7,interior,MLD2,17.20378
CM33_SPIN,1786,8,interior,MLD2,15.12861
CM33_SPIN,1786,9,interior,MLD2,23.92889
CM33_SPIN,1786,10,interior,MLD2,38.43299
CM33_SPIN,1786,11,interior,MLD2,969.76328
CM33_SPIN,1786,12,interior,MLD2,2612.73397
CM33_SPIN,1787,1,labsea,a_ice,0.23362
CM33_SPIN,1787,2,labsea,a_ice,0.23657
CM33_SPIN,1787,3,labsea,a_ice,0.26456
CM33_SPIN,1787,4,labsea,a_ice,0.25787
CM33_SPIN,1787,5,labsea,a_ice,0.18478
CM33_SPIN,1787,6,labsea,a_ice,0.05865
CM33_SPIN,1787,7,labsea,a_ice,0.01178
CM33_SPIN,1787,8,labsea,a_ice,0.00073
CM33_SPIN,1787,9,labsea,a_ice,0.00010
CM33_SPIN,1787,10,labsea,a_ice,0.00247
CM33_SPIN,1787,11,labsea,a_ice,0.11640
CM33_SPIN,1787,12,labsea,a_ice,0.28792
CM33_SPIN,1787,1,interior,a_ice,0.04939
CM33_SPIN,1787,2,interior,a_ice,0.04445
CM33_SPIN,1787,3,interior,a_ice,0.07600
CM33_SPIN,1787,4,interior,a_ice,0.07367
CM33_SPIN,1787,5,interior,a_ice,0.02909
CM33_SPIN,1787,6,interior,a_ice,0.00213
CM33_SPIN,1787,7,interior,a_ice,0.00000
CM33_SPIN,1787,8,interior,a_ice,0.00000
CM33_SPIN,1787,9,interior,a_ice,0.00000
CM33_SPIN,1787,10,interior,a_ice,0.00005
CM33_SPIN,1787,11,interior,a_ice,0.02290
CM33_SPIN,1787,12,interior,a_ice,0.11305
CM33_SPIN,1787,1,labsea,MLD2,1726.95623
CM33_SPIN,1787,2,labsea,MLD2,1665.31109
CM33_SPIN,1787,3,labsea,MLD2,1524.86552
CM33_SPIN,1787,4,labsea,MLD2,1432.57015
CM33_SPIN,1787,5,labsea,MLD2,614.27487
CM33_SPIN,1787,6,labsea,MLD2,15.12056
CM33_SPIN,1787,7,labsea,MLD2,13.23941
CM33_SPIN,1787,8,labsea,MLD2,13.37128
CM33_SPIN,1787,9,labsea,MLD2,20.20494
CM33_SPIN,1787,10,labsea,MLD2,32.54177
CM33_SPIN,1787,11,labsea,MLD2,593.51905
CM33_SPIN,1787,12,labsea,MLD2,1247.27011
CM33_SPIN,1787,1,interior,MLD2,2647.87765
CM33_SPIN,1787,2,interior,MLD2,2566.76091
CM33_SPIN,1787,3,interior,MLD2,2407.53942
CM33_SPIN,1787,4,interior,MLD2,2418.10560
CM33_SPIN,1787,5,interior,MLD2,1283.48754
CM33_SPIN,1787,6,interior,MLD2,18.84595
CM33_SPIN,1787,7,interior,MLD2,14.85177
CM33_SPIN,1787,8,interior,MLD2,14.99632
CM33_SPIN,1787,9,interior,MLD2,23.91777
CM33_SPIN,1787,10,interior,MLD2,37.20040
CM33_SPIN,1787,11,interior,MLD2,1093.91315
CM33_SPIN,1787,12,interior,MLD2,1965.94048
CM33_SPIN,1788,1,labsea,a_ice,0.41538
CM33_SPIN,1788,2,labsea,a_ice,0.52567
CM33_SPIN,1788,3,labsea,a_ice,0.56064
CM33_SPIN,1788,4,labsea,a_ice,0.42820
CM33_SPIN,1788,5,labsea,a_ice,0.27441
CM33_SPIN,1788,6,labsea,a_ice,0.14262
CM33_SPIN,1788,7,labsea,a_ice,0.02278
CM33_SPIN,1788,8,labsea,a_ice,0.00082
CM33_SPIN,1788,9,labsea,a_ice,0.00000
CM33_SPIN,1788,10,labsea,a_ice,0.01177
CM33_SPIN,1788,11,labsea,a_ice,0.07950
CM33_SPIN,1788,12,labsea,a_ice,0.19881
CM33_SPIN,1788,1,interior,a_ice,0.36061
CM33_SPIN,1788,2,interior,a_ice,0.57182
CM33_SPIN,1788,3,interior,a_ice,0.69198
CM33_SPIN,1788,4,interior,a_ice,0.43085
CM33_SPIN,1788,5,interior,a_ice,0.14369
CM33_SPIN,1788,6,interior,a_ice,0.04022
CM33_SPIN,1788,7,interior,a_ice,0.00219
CM33_SPIN,1788,8,interior,a_ice,0.00000
CM33_SPIN,1788,9,interior,a_ice,0.00000
CM33_SPIN,1788,10,interior,a_ice,0.00000
CM33_SPIN,1788,11,interior,a_ice,0.00883
CM33_SPIN,1788,12,interior,a_ice,0.04385
CM33_SPIN,1788,1,labsea,MLD2,1248.91885
CM33_SPIN,1788,2,labsea,MLD2,968.29335
CM33_SPIN,1788,3,labsea,MLD2,618.49780
CM33_SPIN,1788,4,labsea,MLD2,452.59476
CM33_SPIN,1788,5,labsea,MLD2,164.37884
CM33_SPIN,1788,6,labsea,MLD2,17.76484
CM33_SPIN,1788,7,labsea,MLD2,10.47563
CM33_SPIN,1788,8,labsea,MLD2,10.99044
CM33_SPIN,1788,9,labsea,MLD2,22.48102
CM33_SPIN,1788,10,labsea,MLD2,45.45886
CM33_SPIN,1788,11,labsea,MLD2,445.61428
CM33_SPIN,1788,12,labsea,MLD2,1632.82710
CM33_SPIN,1788,1,interior,MLD2,1625.76549
CM33_SPIN,1788,2,interior,MLD2,990.66832
CM33_SPIN,1788,3,interior,MLD2,376.57680
CM33_SPIN,1788,4,interior,MLD2,139.87092
CM33_SPIN,1788,5,interior,MLD2,31.15379
CM33_SPIN,1788,6,interior,MLD2,18.08446
CM33_SPIN,1788,7,interior,MLD2,10.77969
CM33_SPIN,1788,8,interior,MLD2,11.81454
CM33_SPIN,1788,9,interior,MLD2,23.63263
CM33_SPIN,1788,10,interior,MLD2,41.99226
CM33_SPIN,1788,11,interior,MLD2,450.43898
CM33_SPIN,1788,12,interior,MLD2,2412.16771
CM33_SPIN,1789,1,labsea,a_ice,0.18750
CM33_SPIN,1789,2,labsea,a_ice,0.19636
CM33_SPIN,1789,3,labsea,a_ice,0.17716
CM33_SPIN,1789,4,labsea,a_ice,0.18055
CM33_SPIN,1789,5,labsea,a_ice,0.14085
CM33_SPIN,1789,6,labsea,a_ice,0.09283
CM33_SPIN,1789,7,labsea,a_ice,0.03990
CM33_SPIN,1789,8,labsea,a_ice,0.01170
CM33_SPIN,1789,9,labsea,a_ice,0.00025
CM33_SPIN,1789,10,labsea,a_ice,0.00423
CM33_SPIN,1789,11,labsea,a_ice,0.05486
CM33_SPIN,1789,12,labsea,a_ice,0.14103
CM33_SPIN,1789,1,interior,a_ice,0.02953
CM33_SPIN,1789,2,interior,a_ice,0.03921
CM33_SPIN,1789,3,interior,a_ice,0.03793
CM33_SPIN,1789,4,interior,a_ice,0.03359
CM33_SPIN,1789,5,interior,a_ice,0.01093
CM33_SPIN,1789,6,interior,a_ice,0.00464
CM33_SPIN,1789,7,interior,a_ice,0.00012
CM33_SPIN,1789,8,interior,a_ice,0.00000
CM33_SPIN,1789,9,interior,a_ice,0.00000
CM33_SPIN,1789,10,interior,a_ice,0.00000
CM33_SPIN,1789,11,interior,a_ice,0.00044
CM33_SPIN,1789,12,interior,a_ice,0.00953
CM33_SPIN,1789,1,labsea,MLD2,1779.56400
CM33_SPIN,1789,2,labsea,MLD2,1754.53007
CM33_SPIN,1789,3,labsea,MLD2,1643.10102
CM33_SPIN,1789,4,labsea,MLD2,1667.10140
CM33_SPIN,1789,5,labsea,MLD2,1339.58086
CM33_SPIN,1789,6,labsea,MLD2,141.55012
CM33_SPIN,1789,7,labsea,MLD2,12.40557
CM33_SPIN,1789,8,labsea,MLD2,14.41924
CM33_SPIN,1789,9,labsea,MLD2,21.60968
CM33_SPIN,1789,10,labsea,MLD2,37.42611
CM33_SPIN,1789,11,labsea,MLD2,272.02583
CM33_SPIN,1789,12,labsea,MLD2,1366.44988
CM33_SPIN,1789,1,interior,MLD2,2677.59001
CM33_SPIN,1789,2,interior,MLD2,2637.69487
CM33_SPIN,1789,3,interior,MLD2,2544.25508
CM33_SPIN,1789,4,interior,MLD2,2579.16549
CM33_SPIN,1789,5,interior,MLD2,2390.01745
CM33_SPIN,1789,6,interior,MLD2,421.42480
CM33_SPIN,1789,7,interior,MLD2,13.77817
CM33_SPIN,1789,8,interior,MLD2,17.12684
CM33_SPIN,1789,9,interior,MLD2,25.23099
CM33_SPIN,1789,10,interior,MLD2,40.92831
CM33_SPIN,1789,11,interior,MLD2,664.08308
CM33_SPIN,1789,12,interior,MLD2,2558.99784
CM33_SPIN,1790,1,labsea,a_ice,0.20389
CM33_SPIN,1790,2,labsea,a_ice,0.20478
CM33_SPIN,1790,3,labsea,a_ice,0.19127
CM33_SPIN,1790,4,labsea,a_ice,0.19747
CM33_SPIN,1790,5,labsea,a_ice,0.17858
CM33_SPIN,1790,6,labsea,a_ice,0.11147
CM33_SPIN,1790,7,labsea,a_ice,0.03334
CM33_SPIN,1790,8,labsea,a_ice,0.00083
CM33_SPIN,1790,9,labsea,a_ice,0.00000
CM33_SPIN,1790,10,labsea,a_ice,0.00462
CM33_SPIN,1790,11,labsea,a_ice,0.07425
CM33_SPIN,1790,12,labsea,a_ice,0.18259
CM33_SPIN,1790,1,interior,a_ice,0.04314
CM33_SPIN,1790,2,interior,a_ice,0.02333
CM33_SPIN,1790,3,interior,a_ice,0.03964
CM33_SPIN,1790,4,interior,a_ice,0.03285
CM33_SPIN,1790,5,interior,a_ice,0.03921
CM33_SPIN,1790,6,interior,a_ice,0.01350
CM33_SPIN,1790,7,interior,a_ice,0.00021
CM33_SPIN,1790,8,interior,a_ice,0.00000
CM33_SPIN,1790,9,interior,a_ice,0.00000
CM33_SPIN,1790,10,interior,a_ice,0.00000
CM33_SPIN,1790,11,interior,a_ice,0.00280
CM33_SPIN,1790,12,interior,a_ice,0.02889
CM33_SPIN,1790,1,labsea,MLD2,1756.57259
CM33_SPIN,1790,2,labsea,MLD2,1719.55774
CM33_SPIN,1790,3,labsea,MLD2,1596.94478
CM33_SPIN,1790,4,labsea,MLD2,1591.10969
CM33_SPIN,1790,5,labsea,MLD2,792.33173
CM33_SPIN,1790,6,labsea,MLD2,17.77295
CM33_SPIN,1790,7,labsea,MLD2,17.24886
CM33_SPIN,1790,8,labsea,MLD2,17.41590
CM33_SPIN,1790,9,labsea,MLD2,25.98386
CM33_SPIN,1790,10,labsea,MLD2,76.65672
CM33_SPIN,1790,11,labsea,MLD2,787.67866
CM33_SPIN,1790,12,labsea,MLD2,1532.12346
CM33_SPIN,1790,1,interior,MLD2,2660.00707
CM33_SPIN,1790,2,interior,MLD2,2652.98937
CM33_SPIN,1790,3,interior,MLD2,2502.40072
CM33_SPIN,1790,4,interior,MLD2,2456.01044
CM33_SPIN,1790,5,interior,MLD2,1637.48563
CM33_SPIN,1790,6,interior,MLD2,25.75946
CM33_SPIN,1790,7,interior,MLD2,20.37022
CM33_SPIN,1790,8,interior,MLD2,20.22864
CM33_SPIN,1790,9,interior,MLD2,28.32896
CM33_SPIN,1790,10,interior,MLD2,161.31302
CM33_SPIN,1790,11,interior,MLD2,1922.26142
CM33_SPIN,1790,12,interior,MLD2,2602.17358
CM33_SPIN,1791,1,labsea,a_ice,0.21046
CM33_SPIN,1791,2,labsea,a_ice,0.21517
CM33_SPIN,1791,3,labsea,a_ice,0.19427
CM33_SPIN,1791,4,labsea,a_ice,0.19165
CM33_SPIN,1791,5,labsea,a_ice,0.15873
CM33_SPIN,1791,6,labsea,a_ice,0.10326
CM33_SPIN,1791,7,labsea,a_ice,0.04600
CM33_SPIN,1791,8,labsea,a_ice,0.01272
CM33_SPIN,1791,9,labsea,a_ice,0.00044
CM33_SPIN,1791,10,labsea,a_ice,0.00260
CM33_SPIN,1791,11,labsea,a_ice,0.05573
CM33_SPIN,1791,12,labsea,a_ice,0.15679
CM33_SPIN,1791,1,interior,a_ice,0.06289
CM33_SPIN,1791,2,interior,a_ice,0.05208
CM33_SPIN,1791,3,interior,a_ice,0.02348
CM33_SPIN,1791,4,interior,a_ice,0.02536
CM33_SPIN,1791,5,interior,a_ice,0.03210
CM33_SPIN,1791,6,interior,a_ice,0.01196
CM33_SPIN,1791,7,interior,a_ice,0.00035
CM33_SPIN,1791,8,interior,a_ice,0.00000
CM33_SPIN,1791,9,interior,a_ice,0.00000
CM33_SPIN,1791,10,interior,a_ice,0.00000
CM33_SPIN,1791,11,interior,a_ice,0.00090
CM33_SPIN,1791,12,interior,a_ice,0.01425
CM33_SPIN,1791,1,labsea,MLD2,1628.43844
CM33_SPIN,1791,2,labsea,MLD2,1707.03521
CM33_SPIN,1791,3,labsea,MLD2,1741.44426
CM33_SPIN,1791,4,labsea,MLD2,1641.27311
CM33_SPIN,1791,5,labsea,MLD2,1254.68194
CM33_SPIN,1791,6,labsea,MLD2,46.55688
CM33_SPIN,1791,7,labsea,MLD2,13.67647
CM33_SPIN,1791,8,labsea,MLD2,15.96530
CM33_SPIN,1791,9,labsea,MLD2,26.66524
CM33_SPIN,1791,10,labsea,MLD2,33.90387
CM33_SPIN,1791,11,labsea,MLD2,404.79275
CM33_SPIN,1791,12,labsea,MLD2,1547.23794
CM33_SPIN,1791,1,interior,MLD2,2579.74696
CM33_SPIN,1791,2,interior,MLD2,2649.18697
CM33_SPIN,1791,3,interior,MLD2,2668.77371
CM33_SPIN,1791,4,interior,MLD2,2598.18160
CM33_SPIN,1791,5,interior,MLD2,2239.25337
CM33_SPIN,1791,6,interior,MLD2,114.45157
CM33_SPIN,1791,7,interior,MLD2,15.91615
CM33_SPIN,1791,8,interior,MLD2,18.05264
CM33_SPIN,1791,9,interior,MLD2,29.74234
CM33_SPIN,1791,10,interior,MLD2,38.85302
CM33_SPIN,1791,11,interior,MLD2,981.95314
CM33_SPIN,1791,12,interior,MLD2,2598.56612
CM33_SPIN,1792,1,labsea,a_ice,0.23958
CM33_SPIN,1792,2,labsea,a_ice,0.30743
CM33_SPIN,1792,3,labsea,a_ice,0.29855
CM33_SPIN,1792,4,labsea,a_ice,0.31237
CM33_SPIN,1792,5,labsea,a_ice,0.27562
CM33_SPIN,1792,6,labsea,a_ice,0.13697
CM33_SPIN,1792,7,labsea,a_ice,0.05185
CM33_SPIN,1792,8,labsea,a_ice,0.00392
CM33_SPIN,1792,9,labsea,a_ice,0.00000
CM33_SPIN,1792,10,labsea,a_ice,0.00372
CM33_SPIN,1792,11,labsea,a_ice,0.09006
CM33_SPIN,1792,12,labsea,a_ice,0.22161
CM33_SPIN,1792,1,interior,a_ice,0.09027
CM33_SPIN,1792,2,interior,a_ice,0.13073
CM33_SPIN,1792,3,interior,a_ice,0.09465
CM33_SPIN,1792,4,interior,a_ice,0.14144
CM33_SPIN,1792,5,interior,a_ice,0.07761
CM33_SPIN,1792,6,interior,a_ice,0.03448
CM33_SPIN,1792,7,interior,a_ice,0.00126
CM33_SPIN,1792,8,interior,a_ice,0.00001
CM33_SPIN,1792,9,interior,a_ice,0.00000
CM33_SPIN,1792,10,interior,a_ice,0.00000
CM33_SPIN,1792,11,interior,a_ice,0.00355
CM33_SPIN,1792,12,interior,a_ice,0.05090
CM33_SPIN,1792,1,labsea,MLD2,1617.42724
CM33_SPIN,1792,2,labsea,MLD2,1567.66773
CM33_SPIN,1792,3,labsea,MLD2,1550.13183
CM33_SPIN,1792,4,labsea,MLD2,1299.63889
CM33_SPIN,1792,5,labsea,MLD2,558.52604
CM33_SPIN,1792,6,labsea,MLD2,62.02188
CM33_SPIN,1792,7,labsea,MLD2,12.41901
CM33_SPIN,1792,8,labsea,MLD2,16.05107
CM33_SPIN,1792,9,labsea,MLD2,21.31855
CM33_SPIN,1792,10,labsea,MLD2,63.74050
CM33_SPIN,1792,11,labsea,MLD2,588.61142
CM33_SPIN,1792,12,labsea,MLD2,1464.35720
CM33_SPIN,1792,1,interior,MLD2,2503.58331
CM33_SPIN,1792,2,interior,MLD2,2371.10986
CM33_SPIN,1792,3,interior,MLD2,2439.95057
CM33_SPIN,1792,4,interior,MLD2,2077.56159
CM33_SPIN,1792,5,interior,MLD2,1014.44346
CM33_SPIN,1792,6,interior,MLD2,178.48495
CM33_SPIN,1792,7,interior,MLD2,14.82029
CM33_SPIN,1792,8,interior,MLD2,17.94367
CM33_SPIN,1792,9,interior,MLD2,23.24280
CM33_SPIN,1792,10,interior,MLD2,136.87034
CM33_SPIN,1792,11,interior,MLD2,1537.77144
CM33_SPIN,1792,12,interior,MLD2,2524.26195
CM33_SPIN,1793,1,labsea,a_ice,0.30973
CM33_SPIN,1793,2,labsea,a_ice,0.37790
CM33_SPIN,1793,3,labsea,a_ice,0.33130
CM33_SPIN,1793,4,labsea,a_ice,0.25549
CM33_SPIN,1793,5,labsea,a_ice,0.18771
CM33_SPIN,1793,6,labsea,a_ice,0.08840
CM33_SPIN,1793,7,labsea,a_ice,0.02521
CM33_SPIN,1793,8,labsea,a_ice,0.00366
CM33_SPIN,1793,9,labsea,a_ice,0.00022
CM33_SPIN,1793,10,labsea,a_ice,0.00239
CM33_SPIN,1793,11,labsea,a_ice,0.04825
CM33_SPIN,1793,12,labsea,a_ice,0.13723
CM33_SPIN,1793,1,interior,a_ice,0.11158
CM33_SPIN,1793,2,interior,a_ice,0.17351
CM33_SPIN,1793,3,interior,a_ice,0.12316
CM33_SPIN,1793,4,interior,a_ice,0.04992
CM33_SPIN,1793,5,interior,a_ice,0.04916
CM33_SPIN,1793,6,interior,a_ice,0.04316
CM33_SPIN,1793,7,interior,a_ice,0.00414
CM33_SPIN,1793,8,interior,a_ice,0.00000
CM33_SPIN,1793,9,interior,a_ice,0.00000
CM33_SPIN,1793,10,interior,a_ice,0.00000
CM33_SPIN,1793,11,interior,a_ice,0.00316
CM33_SPIN,1793,12,interior,a_ice,0.01965
CM33_SPIN,1793,1,labsea,MLD2,1557.35711
CM33_SPIN,1793,2,labsea,MLD2,1492.22447
CM33_SPIN,1793,3,labsea,MLD2,1342.85553
CM33_SPIN,1793,4,labsea,MLD2,1286.91286
CM33_SPIN,1793,5,labsea,MLD2,457.96814
CM33_SPIN,1793,6,labsea,MLD2,14.05520
CM33_SPIN,1793,7,labsea,MLD2,13.48042
CM33_SPIN,1793,8,labsea,MLD2,18.33249
CM33_SPIN,1793,9,labsea,MLD2,22.86859
CM33_SPIN,1793,10,labsea,MLD2,38.84916
CM33_SPIN,1793,11,labsea,MLD2,355.62645
CM33_SPIN,1793,12,labsea,MLD2,1440.58303
CM33_SPIN,1793,1,interior,MLD2,2453.64219
CM33_SPIN,1793,2,interior,MLD2,2291.39936
CM33_SPIN,1793,3,interior,MLD2,2284.55077
CM33_SPIN,1793,4,interior,MLD2,2081.12826
CM33_SPIN,1793,5,interior,MLD2,734.96262
CM33_SPIN,1793,6,interior,MLD2,14.88095
CM33_SPIN,1793,7,interior,MLD2,13.29965
CM33_SPIN,1793,8,interior,MLD2,18.40027
CM33_SPIN,1793,9,interior,MLD2,21.33215
CM33_SPIN,1793,10,interior,MLD2,35.00544
CM33_SPIN,1793,11,interior,MLD2,826.45051
CM33_SPIN,1793,12,interior,MLD2,2562.60313
CM33_SPIN,1794,1,labsea,a_ice,0.25039
CM33_SPIN,1794,2,labsea,a_ice,0.34588
CM33_SPIN,1794,3,labsea,a_ice,0.42032
CM33_SPIN,1794,4,labsea,a_ice,0.37308
CM33_SPIN,1794,5,labsea,a_ice,0.28695
CM33_SPIN,1794,6,labsea,a_ice,0.17116
CM33_SPIN,1794,7,labsea,a_ice,0.06975
CM33_SPIN,1794,8,labsea,a_ice,0.02206
CM33_SPIN,1794,9,labsea,a_ice,0.00476
CM33_SPIN,1794,10,labsea,a_ice,0.01787
CM33_SPIN,1794,11,labsea,a_ice,0.09788
CM33_SPIN,1794,12,labsea,a_ice,0.18811
CM33_SPIN,1794,1,interior,a_ice,0.07812
CM33_SPIN,1794,2,interior,a_ice,0.16494
CM33_SPIN,1794,3,interior,a_ice,0.40818
CM33_SPIN,1794,4,interior,a_ice,0.32035
CM33_SPIN,1794,5,interior,a_ice,0.12096
CM33_SPIN,1794,6,interior,a_ice,0.01431
CM33_SPIN,1794,7,interior,a_ice,0.00230
CM33_SPIN,1794,8,interior,a_ice,0.00002
CM33_SPIN,1794,9,interior,a_ice,0.00000
CM33_SPIN,1794,10,interior,a_ice,0.00000
CM33_SPIN,1794,11,interior,a_ice,0.00617
CM33_SPIN,1794,12,interior,a_ice,0.04915
CM33_SPIN,1794,1,labsea,MLD2,1535.89807
CM33_SPIN,1794,2,labsea,MLD2,1433.55037
CM33_SPIN,1794,3,labsea,MLD2,1146.11701
CM33_SPIN,1794,4,labsea,MLD2,770.33711
CM33_SPIN,1794,5,labsea,MLD2,282.28950
CM33_SPIN,1794,6,labsea,MLD2,20.55494
CM33_SPIN,1794,7,labsea,MLD2,13.13336
CM33_SPIN,1794,8,labsea,MLD2,16.68292
CM33_SPIN,1794,9,labsea,MLD2,21.15114
CM33_SPIN,1794,10,labsea,MLD2,38.63752
CM33_SPIN,1794,11,labsea,MLD2,292.52475
CM33_SPIN,1794,12,labsea,MLD2,1428.71926
CM33_SPIN,1794,1,interior,MLD2,2407.71237
CM33_SPIN,1794,2,interior,MLD2,2108.62500
CM33_SPIN,1794,3,interior,MLD2,1385.29231
CM33_SPIN,1794,4,interior,MLD2,829.55907
CM33_SPIN,1794,5,interior,MLD2,491.33102
CM33_SPIN,1794,6,interior,MLD2,35.65314
CM33_SPIN,1794,7,interior,MLD2,13.46224
CM33_SPIN,1794,8,interior,MLD2,20.35085
CM33_SPIN,1794,9,interior,MLD2,23.01160
CM33_SPIN,1794,10,interior,MLD2,40.71946
CM33_SPIN,1794,11,interior,MLD2,664.53562
CM33_SPIN,1794,12,interior,MLD2,2322.48673
CM33_SPIN,1795,1,labsea,a_ice,0.22843
CM33_SPIN,1795,2,labsea,a_ice,0.25385
CM33_SPIN,1795,3,labsea,a_ice,0.29084
CM33_SPIN,1795,4,labsea,a_ice,0.26089
CM33_SPIN,1795,5,labsea,a_ice,0.18547
CM33_SPIN,1795,6,labsea,a_ice,0.14361
CM33_SPIN,1795,7,labsea,a_ice,0.08166
CM33_SPIN,1795,8,labsea,a_ice,0.02207
CM33_SPIN,1795,9,labsea,a_ice,0.00217
CM33_SPIN,1795,10,labsea,a_ice,0.01684
CM33_SPIN,1795,11,labsea,a_ice,0.05291
CM33_SPIN,1795,12,labsea,a_ice,0.17583
CM33_SPIN,1795,1,interior,a_ice,0.06119
CM33_SPIN,1795,2,interior,a_ice,0.04942
CM33_SPIN,1795,3,interior,a_ice,0.10686
CM33_SPIN,1795,4,interior,a_ice,0.08878
CM33_SPIN,1795,5,interior,a_ice,0.03453
CM33_SPIN,1795,6,interior,a_ice,0.02219
CM33_SPIN,1795,7,interior,a_ice,0.00938
CM33_SPIN,1795,8,interior,a_ice,0.00033
CM33_SPIN,1795,9,interior,a_ice,0.00000
CM33_SPIN,1795,10,interior,a_ice,0.00000
CM33_SPIN,1795,11,interior,a_ice,0.00066
CM33_SPIN,1795,12,interior,a_ice,0.02263
CM33_SPIN,1795,1,labsea,MLD2,1670.70071
CM33_SPIN,1795,2,labsea,MLD2,1650.44560
CM33_SPIN,1795,3,labsea,MLD2,1548.62877
CM33_SPIN,1795,4,labsea,MLD2,1444.78970
CM33_SPIN,1795,5,labsea,MLD2,1218.39854
CM33_SPIN,1795,6,labsea,MLD2,442.19122
CM33_SPIN,1795,7,labsea,MLD2,15.52387
CM33_SPIN,1795,8,labsea,MLD2,14.53883
CM33_SPIN,1795,9,labsea,MLD2,18.13877
CM33_SPIN,1795,10,labsea,MLD2,38.91820
CM33_SPIN,1795,11,labsea,MLD2,307.21119
CM33_SPIN,1795,12,labsea,MLD2,1243.95073
CM33_SPIN,1795,1,interior,MLD2,2617.35793
CM33_SPIN,1795,2,interior,MLD2,2617.54933
CM33_SPIN,1795,3,interior,MLD2,2420.17197
CM33_SPIN,1795,4,interior,MLD2,2222.90736
CM33_SPIN,1795,5,interior,MLD2,2320.50658
CM33_SPIN,1795,6,interior,MLD2,1167.20097
CM33_SPIN,1795,7,interior,MLD2,19.85710
CM33_SPIN,1795,8,interior,MLD2,18.22621
CM33_SPIN,1795,9,interior,MLD2,22.77791
CM33_SPIN,1795,10,interior,MLD2,45.04220
CM33_SPIN,1795,11,interior,MLD2,787.12429
CM33_SPIN,1795,12,interior,MLD2,2432.31453
CM33_SPIN,1796,1,labsea,a_ice,0.22339
CM33_SPIN,1796,2,labsea,a_ice,0.25911
CM33_SPIN,1796,3,labsea,a_ice,0.26630
CM33_SPIN,1796,4,labsea,a_ice,0.24484
CM33_SPIN,1796,5,labsea,a_ice,0.19241
CM33_SPIN,1796,6,labsea,a_ice,0.09690
CM33_SPIN,1796,7,labsea,a_ice,0.01635
CM33_SPIN,1796,8,labsea,a_ice,0.00008
CM33_SPIN,1796,9,labsea,a_ice,0.00001
CM33_SPIN,1796,10,labsea,a_ice,0.01153
CM33_SPIN,1796,11,labsea,a_ice,0.12003
CM33_SPIN,1796,12,labsea,a_ice,0.21902
CM33_SPIN,1796,1,interior,a_ice,0.05040
CM33_SPIN,1796,2,interior,a_ice,0.05728
CM33_SPIN,1796,3,interior,a_ice,0.04617
CM33_SPIN,1796,4,interior,a_ice,0.07117
CM33_SPIN,1796,5,interior,a_ice,0.01978
CM33_SPIN,1796,6,interior,a_ice,0.01558
CM33_SPIN,1796,7,interior,a_ice,0.00067
CM33_SPIN,1796,8,interior,a_ice,0.00000
CM33_SPIN,1796,9,interior,a_ice,0.00000
CM33_SPIN,1796,10,interior,a_ice,0.00000
CM33_SPIN,1796,11,interior,a_ice,0.01172
CM33_SPIN,1796,12,interior,a_ice,0.05815
CM33_SPIN,1796,1,labsea,MLD2,1718.58472
CM33_SPIN,1796,2,labsea,MLD2,1676.26372
CM33_SPIN,1796,3,labsea,MLD2,1594.15124
CM33_SPIN,1796,4,labsea,MLD2,1576.68647
CM33_SPIN,1796,5,labsea,MLD2,836.86627
CM33_SPIN,1796,6,labsea,MLD2,17.30955
CM33_SPIN,1796,7,labsea,MLD2,14.14437
CM33_SPIN,1796,8,labsea,MLD2,15.66116
CM33_SPIN,1796,9,labsea,MLD2,25.97352
CM33_SPIN,1796,10,labsea,MLD2,180.51781
CM33_SPIN,1796,11,labsea,MLD2,893.18871
CM33_SPIN,1796,12,labsea,MLD2,1436.21648
CM33_SPIN,1796,1,interior,MLD2,2640.72402
CM33_SPIN,1796,2,interior,MLD2,2564.15897
CM33_SPIN,1796,3,interior,MLD2,2486.78134
CM33_SPIN,1796,4,interior,MLD2,2382.49229
CM33_SPIN,1796,5,interior,MLD2,1634.67129
CM33_SPIN,1796,6,interior,MLD2,20.77514
CM33_SPIN,1796,7,interior,MLD2,15.87040
CM33_SPIN,1796,8,interior,MLD2,15.28367
CM33_SPIN,1796,9,interior,MLD2,27.83944
CM33_SPIN,1796,10,interior,MLD2,465.34586
CM33_SPIN,1796,11,interior,MLD2,2073.87194
CM33_SPIN,1796,12,interior,MLD2,2502.58311
CM33_SPIN,1797,1,labsea,a_ice,0.24310
CM33_SPIN,1797,2,labsea,a_ice,0.22992
CM33_SPIN,1797,3,labsea,a_ice,0.24724
CM33_SPIN,1797,4,labsea,a_ice,0.23637
CM33_SPIN,1797,5,labsea,a_ice,0.16894
CM33_SPIN,1797,6,labsea,a_ice,0.09497
CM33_SPIN,1797,7,labsea,a_ice,0.04130
CM33_SPIN,1797,8,labsea,a_ice,0.01481
CM33_SPIN,1797,9,labsea,a_ice,0.00062
CM33_SPIN,1797,10,labsea,a_ice,0.00392
CM33_SPIN,1797,11,labsea,a_ice,0.08625
CM33_SPIN,1797,12,labsea,a_ice,0.18831
CM33_SPIN,1797,1,interior,a_ice,0.05574
CM33_SPIN,1797,2,interior,a_ice,0.04835
CM33_SPIN,1797,3,interior,a_ice,0.04929
CM33_SPIN,1797,4,interior,a_ice,0.07265
CM33_SPIN,1797,5,interior,a_ice,0.03011
CM33_SPIN,1797,6,interior,a_ice,0.00491
CM33_SPIN,1797,7,interior,a_ice,0.00000
CM33_SPIN,1797,8,interior,a_ice,0.00000
CM33_SPIN,1797,9,interior,a_ice,0.00000
CM33_SPIN,1797,10,interior,a_ice,0.00000
CM33_SPIN,1797,11,interior,a_ice,0.00288
CM33_SPIN,1797,12,interior,a_ice,0.03684
CM33_SPIN,1797,1,labsea,MLD2,1606.62244
CM33_SPIN,1797,2,labsea,MLD2,1639.85030
CM33_SPIN,1797,3,labsea,MLD2,1582.20061
CM33_SPIN,1797,4,labsea,MLD2,1646.27455
CM33_SPIN,1797,5,labsea,MLD2,1313.32905
CM33_SPIN,1797,6,labsea,MLD2,26.70703
CM33_SPIN,1797,7,labsea,MLD2,14.50285
CM33_SPIN,1797,8,labsea,MLD2,15.55974
CM33_SPIN,1797,9,labsea,MLD2,25.71385
CM33_SPIN,1797,10,labsea,MLD2,45.64208
CM33_SPIN,1797,11,labsea,MLD2,583.26266
CM33_SPIN,1797,12,labsea,MLD2,1336.38056
CM33_SPIN,1797,1,interior,MLD2,2529.12357
CM33_SPIN,1797,2,interior,MLD2,2574.30470
CM33_SPIN,1797,3,interior,MLD2,2483.19741
CM33_SPIN,1797,4,interior,MLD2,2566.52765
CM33_SPIN,1797,5,interior,MLD2,2337.65871
CM33_SPIN,1797,6,interior,MLD2,41.01874
CM33_SPIN,1797,7,interior,MLD2,16.18417
CM33_SPIN,1797,8,interior,MLD2,17.69677
CM33_SPIN,1797,9,interior,MLD2,25.12361
CM33_SPIN,1797,10,interior,MLD2,55.52497
CM33_SPIN,1797,11,interior,MLD2,1573.74083
CM33_SPIN,1797,12,interior,MLD2,2334.96250
CM33_SPIN,1798,1,labsea,a_ice,0.30482
CM33_SPIN,1798,2,labsea,a_ice,0.44675
CM33_SPIN,1798,3,labsea,a_ice,0.47703
CM33_SPIN,1798,4,labsea,a_ice,0.48665
CM33_SPIN,1798,5,labsea,a_ice,0.38349
CM33_SPIN,1798,6,labsea,a_ice,0.20272
CM33_SPIN,1798,7,labsea,a_ice,0.06709
CM33_SPIN,1798,8,labsea,a_ice,0.01525
CM33_SPIN,1798,9,labsea,a_ice,0.00461
CM33_SPIN,1798,10,labsea,a_ice,0.00413
CM33_SPIN,1798,11,labsea,a_ice,0.07472
CM33_SPIN,1798,12,labsea,a_ice,0.21590
CM33_SPIN,1798,1,interior,a_ice,0.15204
CM33_SPIN,1798,2,interior,a_ice,0.39032
CM33_SPIN,1798,3,interior,a_ice,0.50357
CM33_SPIN,1798,4,interior,a_ice,0.52571
CM33_SPIN,1798,5,interior,a_ice,0.33202
CM33_SPIN,1798,6,interior,a_ice,0.09565
CM33_SPIN,1798,7,interior,a_ice,0.01076
CM33_SPIN,1798,8,interior,a_ice,0.00000
CM33_SPIN,1798,9,interior,a_ice,0.00000
CM33_SPIN,1798,10,interior,a_ice,0.00000
CM33_SPIN,1798,11,interior,a_ice,0.00078
CM33_SPIN,1798,12,interior,a_ice,0.04782
CM33_SPIN,1798,1,labsea,MLD2,1356.77550
CM33_SPIN,1798,2,labsea,MLD2,1163.16438
CM33_SPIN,1798,3,labsea,MLD2,848.63470
CM33_SPIN,1798,4,labsea,MLD2,502.58763
CM33_SPIN,1798,5,labsea,MLD2,64.64569
CM33_SPIN,1798,6,labsea,MLD2,16.39984
CM33_SPIN,1798,7,labsea,MLD2,14.08580
CM33_SPIN,1798,8,labsea,MLD2,13.41632
CM33_SPIN,1798,9,labsea,MLD2,18.89738
CM33_SPIN,1798,10,labsea,MLD2,26.99938
CM33_SPIN,1798,11,labsea,MLD2,219.48203
CM33_SPIN,1798,12,labsea,MLD2,1372.78075
CM33_SPIN,1798,1,interior,MLD2,2086.24707
CM33_SPIN,1798,2,interior,MLD2,1455.54372
CM33_SPIN,1798,3,interior,MLD2,991.88029
CM33_SPIN,1798,4,interior,MLD2,541.36491
CM33_SPIN,1798,5,interior,MLD2,50.20121
CM33_SPIN,1798,6,interior,MLD2,17.60338
CM33_SPIN,1798,7,interior,MLD2,16.08438
CM33_SPIN,1798,8,interior,MLD2,14.43732
CM33_SPIN,1798,9,interior,MLD2,18.78869
CM33_SPIN,1798,10,interior,MLD2,25.62609
CM33_SPIN,1798,11,interior,MLD2,210.75125
CM33_SPIN,1798,12,interior,MLD2,1974.49186
CM33_SPIN,1799,1,labsea,a_ice,0.27483
CM33_SPIN,1799,2,labsea,a_ice,0.34639
CM33_SPIN,1799,3,labsea,a_ice,0.38027
CM33_SPIN,1799,4,labsea,a_ice,0.28083
CM33_SPIN,1799,5,labsea,a_ice,0.21709
CM33_SPIN,1799,6,labsea,a_ice,0.12142
CM33_SPIN,1799,7,labsea,a_ice,0.06327
CM33_SPIN,1799,8,labsea,a_ice,0.01710
CM33_SPIN,1799,9,labsea,a_ice,0.00769
CM33_SPIN,1799,10,labsea,a_ice,0.02816
CM33_SPIN,1799,11,labsea,a_ice,0.11295
CM33_SPIN,1799,12,labsea,a_ice,0.21548
CM33_SPIN,1799,1,interior,a_ice,0.09057
CM33_SPIN,1799,2,interior,a_ice,0.20382
CM33_SPIN,1799,3,interior,a_ice,0.14836
CM33_SPIN,1799,4,interior,a_ice,0.04892
CM33_SPIN,1799,5,interior,a_ice,0.03077
CM33_SPIN,1799,6,interior,a_ice,0.01430
CM33_SPIN,1799,7,interior,a_ice,0.01468
CM33_SPIN,1799,8,interior,a_ice,0.00006
CM33_SPIN,1799,9,interior,a_ice,0.00000
CM33_SPIN,1799,10,interior,a_ice,0.00000
CM33_SPIN,1799,11,interior,a_ice,0.00987
CM33_SPIN,1799,12,interior,a_ice,0.05228
CM33_SPIN,1799,1,labsea,MLD2,1677.31089
CM33_SPIN,1799,2,labsea,MLD2,1461.68693
CM33_SPIN,1799,3,labsea,MLD2,1422.87743
CM33_SPIN,1799,4,labsea,MLD2,1341.14629
CM33_SPIN,1799,5,labsea,MLD2,482.84143
CM33_SPIN,1799,6,labsea,MLD2,25.61354
CM33_SPIN,1799,7,labsea,MLD2,17.96931
CM33_SPIN,1799,8,labsea,MLD2,17.72321
CM33_SPIN,1799,9,labsea,MLD2,26.11741
CM33_SPIN,1799,10,labsea,MLD2,43.20249
CM33_SPIN,1799,11,labsea,MLD2,583.07648
CM33_SPIN,1799,12,labsea,MLD2,1434.25627
CM33_SPIN,1799,1,interior,MLD2,2561.10305
CM33_SPIN,1799,2,interior,MLD2,2126.65702
CM33_SPIN,1799,3,interior,MLD2,2306.10826
CM33_SPIN,1799,4,interior,MLD2,2483.48655
CM33_SPIN,1799,5,interior,MLD2,1304.48397
CM33_SPIN,1799,6,interior,MLD2,40.79807
CM33_SPIN,1799,7,interior,MLD2,20.48670
CM33_SPIN,1799,8,interior,MLD2,20.68446
CM33_SPIN,1799,9,interior,MLD2,30.34541
CM33_SPIN,1799,10,interior,MLD2,52.04133
CM33_SPIN,1799,11,interior,MLD2,1422.82911
CM33_SPIN,1799,12,interior,MLD2,2477.54339
CM33_SPIN,1800,1,labsea,a_ice,0.36108
CM33_SPIN,1800,2,labsea,a_ice,0.41960
CM33_SPIN,1800,3,labsea,a_ice,0.37894
CM33_SPIN,1800,4,labsea,a_ice,0.34122
CM33_SPIN,1800,5,labsea,a_ice,0.26515
CM33_SPIN,1800,6,labsea,a_ice,0.16272
CM33_SPIN,1800,7,labsea,a_ice,0.05730
CM33_SPIN,1800,8,labsea,a_ice,0.00795
CM33_SPIN,1800,9,labsea,a_ice,0.00073
CM33_SPIN,1800,10,labsea,a_ice,0.00893
CM33_SPIN,1800,11,labsea,a_ice,0.08740
CM33_SPIN,1800,12,labsea,a_ice,0.16836
CM33_SPIN,1800,1,interior,a_ice,0.18101
CM33_SPIN,1800,2,interior,a_ice,0.26232
CM33_SPIN,1800,3,interior,a_ice,0.19275
CM33_SPIN,1800,4,interior,a_ice,0.10544
CM33_SPIN,1800,5,interior,a_ice,0.10224
CM33_SPIN,1800,6,interior,a_ice,0.02308
CM33_SPIN,1800,7,interior,a_ice,0.00217
CM33_SPIN,1800,8,interior,a_ice,0.00000
CM33_SPIN,1800,9,interior,a_ice,0.00000
CM33_SPIN,1800,10,interior,a_ice,0.00000
CM33_SPIN,1800,11,interior,a_ice,0.00377
CM33_SPIN,1800,12,interior,a_ice,0.01233
CM33_SPIN,1800,1,labsea,MLD2,1408.11738
CM33_SPIN,1800,2,labsea,MLD2,1360.53977
CM33_SPIN,1800,3,labsea,MLD2,1445.78746
CM33_SPIN,1800,4,labsea,MLD2,1279.19421
CM33_SPIN,1800,5,labsea,MLD2,1074.71619
CM33_SPIN,1800,6,labsea,MLD2,32.20865
CM33_SPIN,1800,7,labsea,MLD2,13.25512
CM33_SPIN,1800,8,labsea,MLD2,14.19964
CM33_SPIN,1800,9,labsea,MLD2,22.94468
CM33_SPIN,1800,10,labsea,MLD2,44.73383
CM33_SPIN,1800,11,labsea,MLD2,540.79155
CM33_SPIN,1800,12,labsea,MLD2,1404.93001
CM33_SPIN,1800,1,interior,MLD2,2138.52321
CM33_SPIN,1800,2,interior,MLD2,1930.43381
CM33_SPIN,1800,3,interior,MLD2,2118.40462
CM33_SPIN,1800,4,interior,MLD2,1931.40037
CM33_SPIN,1800,5,interior,MLD2,1489.63977
CM33_SPIN,1800,6,interior,MLD2,61.71016
CM33_SPIN,1800,7,interior,MLD2,15.05860
CM33_SPIN,1800,8,interior,MLD2,15.99192
CM33_SPIN,1800,9,interior,MLD2,25.51819
CM33_SPIN,1800,10,interior,MLD2,54.32247
CM33_SPIN,1800,11,interior,MLD2,1531.06956
CM33_SPIN,1800,12,interior,MLD2,2574.38637
CM33_SPIN,1801,1,labsea,a_ice,0.21970
CM33_SPIN,1801,2,labsea,a_ice,0.26797
CM33_SPIN,1801,3,labsea,a_ice,0.36041
CM33_SPIN,1801,4,labsea,a_ice,0.38837
CM33_SPIN,1801,5,labsea,a_ice,0.31027
CM33_SPIN,1801,6,labsea,a_ice,0.20907
CM33_SPIN,1801,7,labsea,a_ice,0.07390
CM33_SPIN,1801,8,labsea,a_ice,0.01028
CM33_SPIN,1801,9,labsea,a_ice,0.00000
CM33_SPIN,1801,10,labsea,a_ice,0.00358
CM33_SPIN,1801,11,labsea,a_ice,0.05721
CM33_SPIN,1801,12,labsea,a_ice,0.17447
CM33_SPIN,1801,1,interior,a_ice,0.04313
CM33_SPIN,1801,2,interior,a_ice,0.06840
CM33_SPIN,1801,3,interior,a_ice,0.19028
CM33_SPIN,1801,4,interior,a_ice,0.27239
CM33_SPIN,1801,5,interior,a_ice,0.17361
CM33_SPIN,1801,6,interior,a_ice,0.05553
CM33_SPIN,1801,7,interior,a_ice,0.00586
CM33_SPIN,1801,8,interior,a_ice,0.00000
CM33_SPIN,1801,9,interior,a_ice,0.00000
CM33_SPIN,1801,10,interior,a_ice,0.00000
CM33_SPIN,1801,11,interior,a_ice,0.00417
CM33_SPIN,1801,12,interior,a_ice,0.02227
CM33_SPIN,1801,1,labsea,MLD2,1646.45757
CM33_SPIN,1801,2,labsea,MLD2,1533.02295
CM33_SPIN,1801,3,labsea,MLD2,1271.43066
CM33_SPIN,1801,4,labsea,MLD2,1033.50087
CM33_SPIN,1801,5,labsea,MLD2,476.42467
CM33_SPIN,1801,6,labsea,MLD2,219.96729
CM33_SPIN,1801,7,labsea,MLD2,13.60475
CM33_SPIN,1801,8,labsea,MLD2,14.36941
CM33_SPIN,1801,9,labsea,MLD2,20.17066
CM33_SPIN,1801,10,labsea,MLD2,39.98500
CM33_SPIN,1801,11,labsea,MLD2,288.30873
CM33_SPIN,1801,12,labsea,MLD2,1266.77614
CM33_SPIN,1801,1,interior,MLD2,2565.62912
CM33_SPIN,1801,2,interior,MLD2,2415.13079
CM33_SPIN,1801,3,interior,MLD2,1925.19854
CM33_SPIN,1801,4,interior,MLD2,1312.75156
CM33_SPIN,1801,5,interior,MLD2,821.02060
CM33_SPIN,1801,6,interior,MLD2,463.34728
CM33_SPIN,1801,7,interior,MLD2,15.52081
CM33_SPIN,1801,8,interior,MLD2,16.00869
CM33_SPIN,1801,9,interior,MLD2,21.32785
CM33_SPIN,1801,10,interior,MLD2,40.86682
CM33_SPIN,1801,11,interior,MLD2,648.33626
CM33_SPIN,1801,12,interior,MLD2,2458.85549
CM33_SPIN,1802,1,labsea,a_ice,0.26016
CM33_SPIN,1802,2,labsea,a_ice,0.33548
CM33_SPIN,1802,3,labsea,a_ice,0.39138
CM33_SPIN,1802,4,labsea,a_ice,0.40166
CM33_SPIN,1802,5,labsea,a_ice,0.33726
CM33_SPIN,1802,6,labsea,a_ice,0.17087
CM33_SPIN,1802,7,labsea,a_ice,0.04718
CM33_SPIN,1802,8,labsea,a_ice,0.00765
CM33_SPIN,1802,9,labsea,a_ice,0.00060
CM33_SPIN,1802,10,labsea,a_ice,0.00698
CM33_SPIN,1802,11,labsea,a_ice,0.06708
CM33_SPIN,1802,12,labsea,a_ice,0.16186
CM33_SPIN,1802,1,interior,a_ice,0.07813
CM33_SPIN,1802,2,interior,a_ice,0.14934
CM33_SPIN,1802,3,interior,a_ice,0.24714
CM33_SPIN,1802,4,interior,a_ice,0.32732
CM33_SPIN,1802,5,interior,a_ice,0.25069
CM33_SPIN,1802,6,interior,a_ice,0.03880
CM33_SPIN,1802,7,interior,a_ice,0.00593
CM33_SPIN,1802,8,interior,a_ice,0.00000
CM33_SPIN,1802,9,interior,a_ice,0.00000
CM33_SPIN,1802,10,interior,a_ice,0.00000
CM33_SPIN,1802,11,interior,a_ice,0.00177
CM33_SPIN,1802,12,interior,a_ice,0.02102
CM33_SPIN,1802,1,labsea,MLD2,1474.46743
CM33_SPIN,1802,2,labsea,MLD2,1232.95536
CM33_SPIN,1802,3,labsea,MLD2,1172.68934
CM33_SPIN,1802,4,labsea,MLD2,1076.91058
CM33_SPIN,1802,5,labsea,MLD2,778.68225
CM33_SPIN,1802,6,labsea,MLD2,18.19129
CM33_SPIN,1802,7,labsea,MLD2,13.62163
CM33_SPIN,1802,8,labsea,MLD2,14.04732
CM33_SPIN,1802,9,labsea,MLD2,19.58634
CM33_SPIN,1802,10,labsea,MLD2,31.17679
CM33_SPIN,1802,11,labsea,MLD2,298.12122
CM33_SPIN,1802,12,labsea,MLD2,1270.37724
CM33_SPIN,1802,1,interior,MLD2,2268.66053
CM33_SPIN,1802,2,interior,MLD2,1844.04330
CM33_SPIN,1802,3,interior,MLD2,1668.58078
CM33_SPIN,1802,4,interior,MLD2,1272.79553
CM33_SPIN,1802,5,interior,MLD2,885.94673
CM33_SPIN,1802,6,interior,MLD2,23.24828
CM33_SPIN,1802,7,interior,MLD2,14.90459
CM33_SPIN,1802,8,interior,MLD2,15.22146
CM33_SPIN,1802,9,interior,MLD2,18.97099
CM33_SPIN,1802,10,interior,MLD2,30.52317
CM33_SPIN,1802,11,interior,MLD2,622.91882
CM33_SPIN,1802,12,interior,MLD2,2504.85133
CM33_SPIN,1803,1,labsea,a_ice,0.23536
CM33_SPIN,1803,2,labsea,a_ice,0.28469
CM33_SPIN,1803,3,labsea,a_ice,0.29824
CM33_SPIN,1803,4,labsea,a_ice,0.31421
CM33_SPIN,1803,5,labsea,a_ice,0.23176
CM33_SPIN,1803,6,labsea,a_ice,0.15256
CM33_SPIN,1803,7,labsea,a_ice,0.08644
CM33_SPIN,1803,8,labsea,a_ice,0.02959
CM33_SPIN,1803,9,labsea,a_ice,0.00654
CM33_SPIN,1803,10,labsea,a_ice,0.00858
CM33_SPIN,1803,11,labsea,a_ice,0.11003
CM33_SPIN,1803,12,labsea,a_ice,0.17296
CM33_SPIN,1803,1,interior,a_ice,0.04995
CM33_SPIN,1803,2,interior,a_ice,0.05777
CM33_SPIN,1803,3,interior,a_ice,0.07280
CM33_SPIN,1803,4,interior,a_ice,0.09653
CM33_SPIN,1803,5,interior,a_ice,0.09551
CM33_SPIN,1803,6,interior,a_ice,0.02768
CM33_SPIN,1803,7,interior,a_ice,0.00447
CM33_SPIN,1803,8,interior,a_ice,0.00002
CM33_SPIN,1803,9,interior,a_ice,0.00000
CM33_SPIN,1803,10,interior,a_ice,0.00000
CM33_SPIN,1803,11,interior,a_ice,0.00185
CM33_SPIN,1803,12,interior,a_ice,0.04158
CM33_SPIN,1803,1,labsea,MLD2,1562.94843
CM33_SPIN,1803,2,labsea,MLD2,1505.01006
CM33_SPIN,1803,3,labsea,MLD2,1584.35196
CM33_SPIN,1803,4,labsea,MLD2,1423.86094
CM33_SPIN,1803,5,labsea,MLD2,486.33602
CM33_SPIN,1803,6,labsea,MLD2,108.77839
CM33_SPIN,1803,7,labsea,MLD2,14.22411
CM33_SPIN,1803,8,labsea,MLD2,15.82925
CM33_SPIN,1803,9,labsea,MLD2,21.02438
CM33_SPIN,1803,10,labsea,MLD2,33.62528
CM33_SPIN,1803,11,labsea,MLD2,441.54166
CM33_SPIN,1803,12,labsea,MLD2,1407.05576
CM33_SPIN,1803,1,interior,MLD2,2509.89386
CM33_SPIN,1803,2,interior,MLD2,2332.76789
CM33_SPIN,1803,3,interior,MLD2,2492.03292
CM33_SPIN,1803,4,interior,MLD2,2262.69226
CM33_SPIN,1803,5,interior,MLD2,1171.02340
CM33_SPIN,1803,6,interior,MLD2,347.30832
CM33_SPIN,1803,7,interior,MLD2,16.58900
CM33_SPIN,1803,8,interior,MLD2,16.72056
CM33_SPIN,1803,9,interior,MLD2,21.14448
CM33_SPIN,1803,10,interior,MLD2,32.89215
CM33_SPIN,1803,11,interior,MLD2,1032.08214
CM33_SPIN,1803,12,interior,MLD2,2563.37730
CM33_SPIN,1804,1,labsea,a_ice,0.20133
CM33_SPIN,1804,2,labsea,a_ice,0.21601
CM33_SPIN,1804,3,labsea,a_ice,0.24880
CM33_SPIN,1804,4,labsea,a_ice,0.27430
CM33_SPIN,1804,5,labsea,a_ice,0.25253
CM33_SPIN,1804,6,labsea,a_ice,0.14088
CM33_SPIN,1804,7,labsea,a_ice,0.04740
CM33_SPIN,1804,8,labsea,a_ice,0.00633
CM33_SPIN,1804,9,labsea,a_ice,0.00003
CM33_SPIN,1804,10,labsea,a_ice,0.00000
CM33_SPIN,1804,11,labsea,a_ice,0.00741
CM33_SPIN,1804,12,labsea,a_ice,0.08718
CM33_SPIN,1804,1,interior,a_ice,0.05580
CM33_SPIN,1804,2,interior,a_ice,0.04236
CM33_SPIN,1804,3,interior,a_ice,0.03891
CM33_SPIN,1804,4,interior,a_ice,0.08847
CM33_SPIN,1804,5,interior,a_ice,0.06955
CM33_SPIN,1804,6,interior,a_ice,0.01700
CM33_SPIN,1804,7,interior,a_ice,0.00099
CM33_SPIN,1804,8,interior,a_ice,0.00000
CM33_SPIN,1804,9,interior,a_ice,0.00000
CM33_SPIN,1804,10,interior,a_ice,0.00000
CM33_SPIN,1804,11,interior,a_ice,0.00000
CM33_SPIN,1804,12,interior,a_ice,0.00168
CM33_SPIN,1804,1,labsea,MLD2,1675.57079
CM33_SPIN,1804,2,labsea,MLD2,1706.03501
CM33_SPIN,1804,3,labsea,MLD2,1597.62122
CM33_SPIN,1804,4,labsea,MLD2,1516.64074
CM33_SPIN,1804,5,labsea,MLD2,1041.50663
CM33_SPIN,1804,6,labsea,MLD2,16.48654
CM33_SPIN,1804,7,labsea,MLD2,13.12887
CM33_SPIN,1804,8,labsea,MLD2,14.96895
CM33_SPIN,1804,9,labsea,MLD2,21.02891
CM33_SPIN,1804,10,labsea,MLD2,33.75470
CM33_SPIN,1804,11,labsea,MLD2,82.28702
CM33_SPIN,1804,12,labsea,MLD2,945.55902
CM33_SPIN,1804,1,interior,MLD2,2607.65169
CM33_SPIN,1804,2,interior,MLD2,2641.18360
CM33_SPIN,1804,3,interior,MLD2,2540.16614
CM33_SPIN,1804,4,interior,MLD2,2402.62938
CM33_SPIN,1804,5,interior,MLD2,1802.02723
CM33_SPIN,1804,6,interior,MLD2,24.76109
CM33_SPIN,1804,7,interior,MLD2,14.89632
CM33_SPIN,1804,8,interior,MLD2,15.84112
CM33_SPIN,1804,9,interior,MLD2,21.74992
CM33_SPIN,1804,10,interior,MLD2,33.13850
CM33_SPIN,1804,11,interior,MLD2,102.27257
CM33_SPIN,1804,12,interior,MLD2,1971.26386
CM33_SPIN,1805,1,labsea,a_ice,0.14283
CM33_SPIN,1805,2,labsea,a_ice,0.14028
CM33_SPIN,1805,3,labsea,a_ice,0.18141
CM33_SPIN,1805,4,labsea,a_ice,0.14927
CM33_SPIN,1805,5,labsea,a_ice,0.15461
CM33_SPIN,1805,6,labsea,a_ice,0.07522
CM33_SPIN,1805,7,labsea,a_ice,0.02342
CM33_SPIN,1805,8,labsea,a_ice,0.00121
CM33_SPIN,1805,9,labsea,a_ice,0.00121
CM33_SPIN,1805,10,labsea,a_ice,0.02881
CM33_SPIN,1805,11,labsea,a_ice,0.10684
CM33_SPIN,1805,12,labsea,a_ice,0.20183
CM33_SPIN,1805,1,interior,a_ice,0.01108
CM33_SPIN,1805,2,interior,a_ice,0.01244
CM33_SPIN,1805,3,interior,a_ice,0.02790
CM33_SPIN,1805,4,interior,a_ice,0.02432
CM33_SPIN,1805,5,interior,a_ice,0.02748
CM33_SPIN,1805,6,interior,a_ice,0.00589
CM33_SPIN,1805,7,interior,a_ice,0.00006
CM33_SPIN,1805,8,interior,a_ice,0.00000
CM33_SPIN,1805,9,interior,a_ice,0.00000
CM33_SPIN,1805,10,interior,a_ice,0.00000
CM33_SPIN,1805,11,interior,a_ice,0.00800
CM33_SPIN,1805,12,interior,a_ice,0.03364
CM33_SPIN,1805,1,labsea,MLD2,1613.28963
CM33_SPIN,1805,2,labsea,MLD2,1576.64085
CM33_SPIN,1805,3,labsea,MLD2,1559.13594
CM33_SPIN,1805,4,labsea,MLD2,1335.92006
CM33_SPIN,1805,5,labsea,MLD2,947.14149
CM33_SPIN,1805,6,labsea,MLD2,18.72449
CM33_SPIN,1805,7,labsea,MLD2,15.66334
CM33_SPIN,1805,8,labsea,MLD2,17.89537
CM33_SPIN,1805,9,labsea,MLD2,26.56036
CM33_SPIN,1805,10,labsea,MLD2,135.74801
CM33_SPIN,1805,11,labsea,MLD2,1056.75494
CM33_SPIN,1805,12,labsea,MLD2,1669.58324
CM33_SPIN,1805,1,interior,MLD2,2590.34891
CM33_SPIN,1805,2,interior,MLD2,2582.89342
CM33_SPIN,1805,3,interior,MLD2,2531.13185
CM33_SPIN,1805,4,interior,MLD2,2169.40780
CM33_SPIN,1805,5,interior,MLD2,1531.75024
CM33_SPIN,1805,6,interior,MLD2,27.78512
CM33_SPIN,1805,7,interior,MLD2,16.46585
CM33_SPIN,1805,8,interior,MLD2,19.04543
CM33_SPIN,1805,9,interior,MLD2,27.94761
CM33_SPIN,1805,10,interior,MLD2,296.98895
CM33_SPIN,1805,11,interior,MLD2,1998.15678
CM33_SPIN,1805,12,interior,MLD2,2666.01632
CM33_SPIN,1806,1,labsea,a_ice,0.23235
CM33_SPIN,1806,2,labsea,a_ice,0.25183
CM33_SPIN,1806,3,labsea,a_ice,0.22002
CM33_SPIN,1806,4,labsea,a_ice,0.22346
CM33_SPIN,1806,5,labsea,a_ice,0.21328
CM33_SPIN,1806,6,labsea,a_ice,0.11562
CM33_SPIN,1806,7,labsea,a_ice,0.03374
CM33_SPIN,1806,8,labsea,a_ice,0.00202
CM33_SPIN,1806,9,labsea,a_ice,0.00000
CM33_SPIN,1806,10,labsea,a_ice,0.00002
CM33_SPIN,1806,11,labsea,a_ice,0.03940
CM33_SPIN,1806,12,labsea,a_ice,0.13306
CM33_SPIN,1806,1,interior,a_ice,0.05320
CM33_SPIN,1806,2,interior,a_ice,0.04416
CM33_SPIN,1806,3,interior,a_ice,0.04478
CM33_SPIN,1806,4,interior,a_ice,0.04396
CM33_SPIN,1806,5,interior,a_ice,0.03441
CM33_SPIN,1806,6,interior,a_ice,0.02949
CM33_SPIN,1806,7,interior,a_ice,0.00019
CM33_SPIN,1806,8,interior,a_ice,0.00000
CM33_SPIN,1806,9,interior,a_ice,0.00000
CM33_SPIN,1806,10,interior,a_ice,0.00000
CM33_SPIN,1806,11,interior,a_ice,0.00006
CM33_SPIN,1806,12,interior,a_ice,0.01361
CM33_SPIN,1806,1,labsea,MLD2,1790.51294
CM33_SPIN,1806,2,labsea,MLD2,1744.42593
CM33_SPIN,1806,3,labsea,MLD2,1741.99054
CM33_SPIN,1806,4,labsea,MLD2,1718.05000
CM33_SPIN,1806,5,labsea,MLD2,672.45244
CM33_SPIN,1806,6,labsea,MLD2,14.38628
CM33_SPIN,1806,7,labsea,MLD2,12.40762
CM33_SPIN,1806,8,labsea,MLD2,12.42027
CM33_SPIN,1806,9,labsea,MLD2,20.49503
CM33_SPIN,1806,10,labsea,MLD2,46.95110
CM33_SPIN,1806,11,labsea,MLD2,720.99002
CM33_SPIN,1806,12,labsea,MLD2,1641.49469
CM33_SPIN,1806,1,interior,MLD2,2673.68107
CM33_SPIN,1806,2,interior,MLD2,2644.41019
CM33_SPIN,1806,3,interior,MLD2,2631.55067
CM33_SPIN,1806,4,interior,MLD2,2639.76052
CM33_SPIN,1806,5,interior,MLD2,1236.34982
CM33_SPIN,1806,6,interior,MLD2,19.16236
CM33_SPIN,1806,7,interior,MLD2,14.21472
CM33_SPIN,1806,8,interior,MLD2,14.74847
CM33_SPIN,1806,9,interior,MLD2,20.74139
CM33_SPIN,1806,10,interior,MLD2,50.41218
CM33_SPIN,1806,11,interior,MLD2,1598.09586
CM33_SPIN,1806,12,interior,MLD2,2659.12091
CM33_SPIN,1807,1,labsea,a_ice,0.21645
CM33_SPIN,1807,2,labsea,a_ice,0.24310
CM33_SPIN,1807,3,labsea,a_ice,0.27429
CM33_SPIN,1807,4,labsea,a_ice,0.34533
CM33_SPIN,1807,5,labsea,a_ice,0.23484
CM33_SPIN,1807,6,labsea,a_ice,0.13500
CM33_SPIN,1807,7,labsea,a_ice,0.03931
CM33_SPIN,1807,8,labsea,a_ice,0.00799
CM33_SPIN,1807,9,labsea,a_ice,0.00003
CM33_SPIN,1807,10,labsea,a_ice,0.00090
CM33_SPIN,1807,11,labsea,a_ice,0.03927
CM33_SPIN,1807,12,labsea,a_ice,0.17719
CM33_SPIN,1807,1,interior,a_ice,0.06755
CM33_SPIN,1807,2,interior,a_ice,0.07502
CM33_SPIN,1807,3,interior,a_ice,0.13726
CM33_SPIN,1807,4,interior,a_ice,0.25569
CM33_SPIN,1807,5,interior,a_ice,0.04802
CM33_SPIN,1807,6,interior,a_ice,0.00719
CM33_SPIN,1807,7,interior,a_ice,0.00042
CM33_SPIN,1807,8,interior,a_ice,0.00000
CM33_SPIN,1807,9,interior,a_ice,0.00000
CM33_SPIN,1807,10,interior,a_ice,0.00000
CM33_SPIN,1807,11,interior,a_ice,0.00013
CM33_SPIN,1807,12,interior,a_ice,0.03654
CM33_SPIN,1807,1,labsea,MLD2,1654.16383
CM33_SPIN,1807,2,labsea,MLD2,1386.55459
CM33_SPIN,1807,3,labsea,MLD2,1186.34281
CM33_SPIN,1807,4,labsea,MLD2,976.28146
CM33_SPIN,1807,5,labsea,MLD2,436.63385
CM33_SPIN,1807,6,labsea,MLD2,18.63989
CM33_SPIN,1807,7,labsea,MLD2,13.49689
CM33_SPIN,1807,8,labsea,MLD2,16.18587
CM33_SPIN,1807,9,labsea,MLD2,25.99628
CM33_SPIN,1807,10,labsea,MLD2,36.02454
CM33_SPIN,1807,11,labsea,MLD2,368.20203
CM33_SPIN,1807,12,labsea,MLD2,1474.42831
CM33_SPIN,1807,1,interior,MLD2,2572.57234
CM33_SPIN,1807,2,interior,MLD2,2136.76179
CM33_SPIN,1807,3,interior,MLD2,1650.49461
CM33_SPIN,1807,4,interior,MLD2,1151.75279
CM33_SPIN,1807,5,interior,MLD2,592.14010
CM33_SPIN,1807,6,interior,MLD2,18.91864
CM33_SPIN,1807,7,interior,MLD2,15.32000
CM33_SPIN,1807,8,interior,MLD2,18.66460
CM33_SPIN,1807,9,interior,MLD2,29.20739
CM33_SPIN,1807,10,interior,MLD2,38.90066
CM33_SPIN,1807,11,interior,MLD2,822.41488
CM33_SPIN,1807,12,interior,MLD2,2600.53546
CM33_SPIN,1808,1,labsea,a_ice,0.31039
CM33_SPIN,1808,2,labsea,a_ice,0.28471
CM33_SPIN,1808,3,labsea,a_ice,0.32006
CM33_SPIN,1808,4,labsea,a_ice,0.39890
CM33_SPIN,1808,5,labsea,a_ice,0.33421
CM33_SPIN,1808,6,labsea,a_ice,0.20888
CM33_SPIN,1808,7,labsea,a_ice,0.06614
CM33_SPIN,1808,8,labsea,a_ice,0.00213
CM33_SPIN,1808,9,labsea,a_ice,0.00005
CM33_SPIN,1808,10,labsea,a_ice,0.00325
CM33_SPIN,1808,11,labsea,a_ice,0.08759
CM33_SPIN,1808,12,labsea,a_ice,0.21042
CM33_SPIN,1808,1,interior,a_ice,0.13758
CM33_SPIN,1808,2,interior,a_ice,0.06974
CM33_SPIN,1808,3,interior,a_ice,0.09689
CM33_SPIN,1808,4,interior,a_ice,0.32363
CM33_SPIN,1808,5,interior,a_ice,0.16236
CM33_SPIN,1808,6,interior,a_ice,0.04025
CM33_SPIN,1808,7,interior,a_ice,0.01016
CM33_SPIN,1808,8,interior,a_ice,0.00000
CM33_SPIN,1808,9,interior,a_ice,0.00000
CM33_SPIN,1808,10,interior,a_ice,0.00000
CM33_SPIN,1808,11,interior,a_ice,0.00910
CM33_SPIN,1808,12,interior,a_ice,0.03759
CM33_SPIN,1808,1,labsea,MLD2,1581.74687
CM33_SPIN,1808,2,labsea,MLD2,1600.87577
CM33_SPIN,1808,3,labsea,MLD2,1499.52426
CM33_SPIN,1808,4,labsea,MLD2,1145.90242
CM33_SPIN,1808,5,labsea,MLD2,565.84880
CM33_SPIN,1808,6,labsea,MLD2,12.55258
CM33_SPIN,1808,7,labsea,MLD2,12.43985
CM33_SPIN,1808,8,labsea,MLD2,14.39179
CM33_SPIN,1808,9,labsea,MLD2,18.07703
CM33_SPIN,1808,10,labsea,MLD2,28.70636
CM33_SPIN,1808,11,labsea,MLD2,161.07510
CM33_SPIN,1808,12,labsea,MLD2,780.24092
CM33_SPIN,1808,1,interior,MLD2,2427.09934
CM33_SPIN,1808,2,interior,MLD2,2547.53638
CM33_SPIN,1808,3,interior,MLD2,2361.59711
CM33_SPIN,1808,4,interior,MLD2,1450.92057
CM33_SPIN,1808,5,interior,MLD2,596.76122
CM33_SPIN,1808,6,interior,MLD2,14.57837
CM33_SPIN,1808,7,interior,MLD2,13.26395
CM33_SPIN,1808,8,interior,MLD2,16.85808
CM33_SPIN,1808,9,interior,MLD2,19.55253
CM33_SPIN,1808,10,interior,MLD2,29.24579
CM33_SPIN,1808,11,interior,MLD2,140.30840
CM33_SPIN,1808,12,interior,MLD2,1367.01292
CM33_SPIN,1809,1,labsea,a_ice,0.35200
CM33_SPIN,1809,2,labsea,a_ice,0.45386
CM33_SPIN,1809,3,labsea,a_ice,0.43273
CM33_SPIN,1809,4,labsea,a_ice,0.32553
CM33_SPIN,1809,5,labsea,a_ice,0.26184
CM33_SPIN,1809,6,labsea,a_ice,0.20377
CM33_SPIN,1809,7,labsea,a_ice,0.07480
CM33_SPIN,1809,8,labsea,a_ice,0.01218
CM33_SPIN,1809,9,labsea,a_ice,0.00212
CM33_SPIN,1809,10,labsea,a_ice,0.00254
CM33_SPIN,1809,11,labsea,a_ice,0.04419
CM33_SPIN,1809,12,labsea,a_ice,0.16649
CM33_SPIN,1809,1,interior,a_ice,0.19760
CM33_SPIN,1809,2,interior,a_ice,0.35082
CM33_SPIN,1809,3,interior,a_ice,0.33597
CM33_SPIN,1809,4,interior,a_ice,0.14382
CM33_SPIN,1809,5,interior,a_ice,0.10488
CM33_SPIN,1809,6,interior,a_ice,0.05016
CM33_SPIN,1809,7,interior,a_ice,0.01250
CM33_SPIN,1809,8,interior,a_ice,0.00000
CM33_SPIN,1809,9,interior,a_ice,0.00000
CM33_SPIN,1809,10,interior,a_ice,0.00000
CM33_SPIN,1809,11,interior,a_ice,0.00117
CM33_SPIN,1809,12,interior,a_ice,0.00922
CM33_SPIN,1809,1,labsea,MLD2,1296.95930
CM33_SPIN,1809,2,labsea,MLD2,1265.97368
CM33_SPIN,1809,3,labsea,MLD2,1285.90563
CM33_SPIN,1809,4,labsea,MLD2,1291.89209
CM33_SPIN,1809,5,labsea,MLD2,1320.97926
CM33_SPIN,1809,6,labsea,MLD2,348.09972
CM33_SPIN,1809,7,labsea,MLD2,15.05014
CM33_SPIN,1809,8,labsea,MLD2,15.78650
CM33_SPIN,1809,9,labsea,MLD2,22.20817
CM33_SPIN,1809,10,labsea,MLD2,34.53297
CM33_SPIN,1809,11,labsea,MLD2,462.27598
CM33_SPIN,1809,12,labsea,MLD2,1665.51094
CM33_SPIN,1809,1,interior,MLD2,1911.40500
CM33_SPIN,1809,2,interior,MLD2,1639.18345
CM33_SPIN,1809,3,interior,MLD2,1664.37078
CM33_SPIN,1809,4,interior,MLD2,1805.14228
CM33_SPIN,1809,5,interior,MLD2,1892.92197
CM33_SPIN,1809,6,interior,MLD2,442.54484
CM33_SPIN,1809,7,interior,MLD2,19.01185
CM33_SPIN,1809,8,interior,MLD2,18.65077
CM33_SPIN,1809,9,interior,MLD2,24.58376
CM33_SPIN,1809,10,interior,MLD2,37.13833
CM33_SPIN,1809,11,interior,MLD2,1058.84030
CM33_SPIN,1809,12,interior,MLD2,2690.12363
CM33_SPIN,1810,1,labsea,a_ice,0.18479
CM33_SPIN,1810,2,labsea,a_ice,0.21856
CM33_SPIN,1810,3,labsea,a_ice,0.21298
CM33_SPIN,1810,4,labsea,a_ice,0.22686
CM33_SPIN,1810,5,labsea,a_ice,0.21415
CM33_SPIN,1810,6,labsea,a_ice,0.15574
CM33_SPIN,1810,7,labsea,a_ice,0.06622
CM33_SPIN,1810,8,labsea,a_ice,0.01828
CM33_SPIN,1810,9,labsea,a_ice,0.00028
CM33_SPIN,1810,10,labsea,a_ice,0.00272
CM33_SPIN,1810,11,labsea,a_ice,0.06484
CM33_SPIN,1810,12,labsea,a_ice,0.18798
CM33_SPIN,1810,1,interior,a_ice,0.01590
CM33_SPIN,1810,2,interior,a_ice,0.04480
CM33_SPIN,1810,3,interior,a_ice,0.04008
CM33_SPIN,1810,4,interior,a_ice,0.04998
CM33_SPIN,1810,5,interior,a_ice,0.04826
CM33_SPIN,1810,6,interior,a_ice,0.03686
CM33_SPIN,1810,7,interior,a_ice,0.00724
CM33_SPIN,1810,8,interior,a_ice,0.00000
CM33_SPIN,1810,9,interior,a_ice,0.00000
CM33_SPIN,1810,10,interior,a_ice,0.00000
CM33_SPIN,1810,11,interior,a_ice,0.00178
CM33_SPIN,1810,12,interior,a_ice,0.01906
CM33_SPIN,1810,1,labsea,MLD2,1759.68572
CM33_SPIN,1810,2,labsea,MLD2,1745.31285
CM33_SPIN,1810,3,labsea,MLD2,1731.10947
CM33_SPIN,1810,4,labsea,MLD2,1543.65151
CM33_SPIN,1810,5,labsea,MLD2,954.80338
CM33_SPIN,1810,6,labsea,MLD2,169.87197
CM33_SPIN,1810,7,labsea,MLD2,15.67727
CM33_SPIN,1810,8,labsea,MLD2,17.26660
CM33_SPIN,1810,9,labsea,MLD2,27.85110
CM33_SPIN,1810,10,labsea,MLD2,55.46196
CM33_SPIN,1810,11,labsea,MLD2,917.45574
CM33_SPIN,1810,12,labsea,MLD2,1733.38947
CM33_SPIN,1810,1,interior,MLD2,2697.11598
CM33_SPIN,1810,2,interior,MLD2,2658.03513
CM33_SPIN,1810,3,interior,MLD2,2642.95061
CM33_SPIN,1810,4,interior,MLD2,2472.58009
CM33_SPIN,1810,5,interior,MLD2,1814.20168
CM33_SPIN,1810,6,interior,MLD2,527.42886
CM33_SPIN,1810,7,interior,MLD2,19.95632
CM33_SPIN,1810,8,interior,MLD2,20.72390
CM33_SPIN,1810,9,interior,MLD2,30.09832
CM33_SPIN,1810,10,interior,MLD2,89.36174
CM33_SPIN,1810,11,interior,MLD2,2021.21322
CM33_SPIN,1810,12,interior,MLD2,2704.97612
CM33_SPIN,1811,1,labsea,a_ice,0.25851
CM33_SPIN,1811,2,labsea,a_ice,0.26914
CM33_SPIN,1811,3,labsea,a_ice,0.23828
CM33_SPIN,1811,4,labsea,a_ice,0.20584
CM33_SPIN,1811,5,labsea,a_ice,0.16706
CM33_SPIN,1811,6,labsea,a_ice,0.13528
CM33_SPIN,1811,7,labsea,a_ice,0.03918
CM33_SPIN,1811,8,labsea,a_ice,0.00046
CM33_SPIN,1811,9,labsea,a_ice,0.00000
CM33_SPIN,1811,10,labsea,a_ice,0.00934
CM33_SPIN,1811,11,labsea,a_ice,0.10666
CM33_SPIN,1811,12,labsea,a_ice,0.35380
CM33_SPIN,1811,1,interior,a_ice,0.06972
CM33_SPIN,1811,2,interior,a_ice,0.07382
CM33_SPIN,1811,3,interior,a_ice,0.04277
CM33_SPIN,1811,4,interior,a_ice,0.04837
CM33_SPIN,1811,5,interior,a_ice,0.03946
CM33_SPIN,1811,6,interior,a_ice,0.02804
CM33_SPIN,1811,7,interior,a_ice,0.00480
CM33_SPIN,1811,8,interior,a_ice,0.00000
CM33_SPIN,1811,9,interior,a_ice,0.00000
CM33_SPIN,1811,10,interior,a_ice,0.00000
CM33_SPIN,1811,11,interior,a_ice,0.00592
CM33_SPIN,1811,12,interior,a_ice,0.26621
CM33_SPIN,1811,1,labsea,MLD2,1679.37984
CM33_SPIN,1811,2,labsea,MLD2,1649.30060
CM33_SPIN,1811,3,labsea,MLD2,1623.01305
CM33_SPIN,1811,4,labsea,MLD2,1528.06047
CM33_SPIN,1811,5,labsea,MLD2,674.89948
CM33_SPIN,1811,6,labsea,MLD2,118.13552
CM33_SPIN,1811,7,labsea,MLD2,12.80484
CM33_SPIN,1811,8,labsea,MLD2,15.51868
CM33_SPIN,1811,9,labsea,MLD2,23.74515
CM33_SPIN,1811,10,labsea,MLD2,75.01496
CM33_SPIN,1811,11,labsea,MLD2,645.07357
CM33_SPIN,1811,12,labsea,MLD2,1107.74866
CM33_SPIN,1811,1,interior,MLD2,2553.43190
CM33_SPIN,1811,2,interior,MLD2,2538.40489
CM33_SPIN,1811,3,interior,MLD2,2491.44490
CM33_SPIN,1811,4,interior,MLD2,2396.53786
CM33_SPIN,1811,5,interior,MLD2,1547.14810
CM33_SPIN,1811,6,interior,MLD2,368.38999
CM33_SPIN,1811,7,interior,MLD2,16.20047
CM33_SPIN,1811,8,interior,MLD2,18.41565
CM33_SPIN,1811,9,interior,MLD2,27.23956
CM33_SPIN,1811,10,interior,MLD2,185.31682
CM33_SPIN,1811,11,interior,MLD2,1179.25658
CM33_SPIN,1811,12,interior,MLD2,1399.13721
CM33_SPIN,1812,1,labsea,a_ice,0.47414
CM33_SPIN,1812,2,labsea,a_ice,0.50786
CM33_SPIN,1812,3,labsea,a_ice,0.50850
CM33_SPIN,1812,4,labsea,a_ice,0.45664
CM33_SPIN,1812,5,labsea,a_ice,0.33405
CM33_SPIN,1812,6,labsea,a_ice,0.19304
CM33_SPIN,1812,7,labsea,a_ice,0.01767
CM33_SPIN,1812,8,labsea,a_ice,0.00000
CM33_SPIN,1812,9,labsea,a_ice,0.00000
CM33_SPIN,1812,10,labsea,a_ice,0.00138
CM33_SPIN,1812,11,labsea,a_ice,0.07218
CM33_SPIN,1812,12,labsea,a_ice,0.16138
CM33_SPIN,1812,1,interior,a_ice,0.44114
CM33_SPIN,1812,2,interior,a_ice,0.47176
CM33_SPIN,1812,3,interior,a_ice,0.51725
CM33_SPIN,1812,4,interior,a_ice,0.46621
CM33_SPIN,1812,5,interior,a_ice,0.30293
CM33_SPIN,1812,6,interior,a_ice,0.06203
CM33_SPIN,1812,7,interior,a_ice,0.00264
CM33_SPIN,1812,8,interior,a_ice,0.00000
CM33_SPIN,1812,9,interior,a_ice,0.00000
CM33_SPIN,1812,10,interior,a_ice,0.00000
CM33_SPIN,1812,11,interior,a_ice,0.00284
CM33_SPIN,1812,12,interior,a_ice,0.02406
CM33_SPIN,1812,1,labsea,MLD2,1098.07265
CM33_SPIN,1812,2,labsea,MLD2,1039.12841
CM33_SPIN,1812,3,labsea,MLD2,925.83580
CM33_SPIN,1812,4,labsea,MLD2,1037.97201
CM33_SPIN,1812,5,labsea,MLD2,207.03405
CM33_SPIN,1812,6,labsea,MLD2,12.49616
CM33_SPIN,1812,7,labsea,MLD2,12.88120
CM33_SPIN,1812,8,labsea,MLD2,16.12598
CM33_SPIN,1812,9,labsea,MLD2,24.58632
CM33_SPIN,1812,10,labsea,MLD2,38.31415
CM33_SPIN,1812,11,labsea,MLD2,461.16163
CM33_SPIN,1812,12,labsea,MLD2,1645.02882
CM33_SPIN,1812,1,interior,MLD2,1304.11297
CM33_SPIN,1812,2,interior,MLD2,1276.12541
CM33_SPIN,1812,3,interior,MLD2,994.09036
CM33_SPIN,1812,4,interior,MLD2,1133.62676
CM33_SPIN,1812,5,interior,MLD2,237.42270
CM33_SPIN,1812,6,interior,MLD2,13.51167
CM33_SPIN,1812,7,interior,MLD2,13.63808
CM33_SPIN,1812,8,interior,MLD2,17.21290
CM33_SPIN,1812,9,interior,MLD2,24.50476
CM33_SPIN,1812,10,interior,MLD2,43.65585
CM33_SPIN,1812,11,interior,MLD2,735.22908
CM33_SPIN,1812,12,interior,MLD2,2540.92744
CM33_SPIN,1813,1,labsea,a_ice,0.19156
CM33_SPIN,1813,2,labsea,a_ice,0.23721
CM33_SPIN,1813,3,labsea,a_ice,0.26988
CM33_SPIN,1813,4,labsea,a_ice,0.28338
CM33_SPIN,1813,5,labsea,a_ice,0.21830
CM33_SPIN,1813,6,labsea,a_ice,0.19501
CM33_SPIN,1813,7,labsea,a_ice,0.08354
CM33_SPIN,1813,8,labsea,a_ice,0.02081
CM33_SPIN,1813,9,labsea,a_ice,0.00277
CM33_SPIN,1813,10,labsea,a_ice,0.00418
CM33_SPIN,1813,11,labsea,a_ice,0.10793
CM33_SPIN,1813,12,labsea,a_ice,0.17406
CM33_SPIN,1813,1,interior,a_ice,0.03010
CM33_SPIN,1813,2,interior,a_ice,0.05721
CM33_SPIN,1813,3,interior,a_ice,0.08866
CM33_SPIN,1813,4,interior,a_ice,0.08513
CM33_SPIN,1813,5,interior,a_ice,0.06020
CM33_SPIN,1813,6,interior,a_ice,0.05570
CM33_SPIN,1813,7,interior,a_ice,0.00693
CM33_SPIN,1813,8,interior,a_ice,0.00010
CM33_SPIN,1813,9,interior,a_ice,0.00000
CM33_SPIN,1813,10,interior,a_ice,0.00000
CM33_SPIN,1813,11,interior,a_ice,0.00852
CM33_SPIN,1813,12,interior,a_ice,0.03394
CM33_SPIN,1813,1,labsea,MLD2,1735.82320
CM33_SPIN,1813,2,labsea,MLD2,1701.21723
CM33_SPIN,1813,3,labsea,MLD2,1524.36609
CM33_SPIN,1813,4,labsea,MLD2,1502.71603
CM33_SPIN,1813,5,labsea,MLD2,887.55391
CM33_SPIN,1813,6,labsea,MLD2,330.33116
CM33_SPIN,1813,7,labsea,MLD2,12.48931
CM33_SPIN,1813,8,labsea,MLD2,17.96335
CM33_SPIN,1813,9,labsea,MLD2,22.81140
CM33_SPIN,1813,10,labsea,MLD2,47.68017
CM33_SPIN,1813,11,labsea,MLD2,941.07179
CM33_SPIN,1813,12,labsea,MLD2,1665.63193
CM33_SPIN,1813,1,interior,MLD2,2666.00570
CM33_SPIN,1813,2,interior,MLD2,2622.80949
CM33_SPIN,1813,3,interior,MLD2,2354.52287
CM33_SPIN,1813,4,interior,MLD2,2378.89605
CM33_SPIN,1813,5,interior,MLD2,2020.08771
CM33_SPIN,1813,6,interior,MLD2,1012.68227
CM33_SPIN,1813,7,interior,MLD2,14.66758
CM33_SPIN,1813,8,interior,MLD2,20.50996
CM33_SPIN,1813,9,interior,MLD2,27.06672
CM33_SPIN,1813,10,interior,MLD2,82.27132
CM33_SPIN,1813,11,interior,MLD2,2000.36778
CM33_SPIN,1813,12,interior,MLD2,2659.97043
CM33_SPIN,1814,1,labsea,a_ice,0.27280
CM33_SPIN,1814,2,labsea,a_ice,0.33466
CM33_SPIN,1814,3,labsea,a_ice,0.35942
CM33_SPIN,1814,4,labsea,a_ice,0.30552
CM33_SPIN,1814,5,labsea,a_ice,0.27083
CM33_SPIN,1814,6,labsea,a_ice,0.19470
CM33_SPIN,1814,7,labsea,a_ice,0.08239
CM33_SPIN,1814,8,labsea,a_ice,0.01535
CM33_SPIN,1814,9,labsea,a_ice,0.00215
CM33_SPIN,1814,10,labsea,a_ice,0.01117
CM33_SPIN,1814,11,labsea,a_ice,0.08509
CM33_SPIN,1814,12,labsea,a_ice,0.17626
CM33_SPIN,1814,1,interior,a_ice,0.10179
CM33_SPIN,1814,2,interior,a_ice,0.16513
CM33_SPIN,1814,3,interior,a_ice,0.13361
CM33_SPIN,1814,4,interior,a_ice,0.12334
CM33_SPIN,1814,5,interior,a_ice,0.09574
CM33_SPIN,1814,6,interior,a_ice,0.02863
CM33_SPIN,1814,7,interior,a_ice,0.02073
CM33_SPIN,1814,8,interior,a_ice,0.00015
CM33_SPIN,1814,9,interior,a_ice,0.00000
CM33_SPIN,1814,10,interior,a_ice,0.00000
CM33_SPIN,1814,11,interior,a_ice,0.00206
CM33_SPIN,1814,12,interior,a_ice,0.04884
CM33_SPIN,1814,1,labsea,MLD2,1603.01236
CM33_SPIN,1814,2,labsea,MLD2,1554.96510
CM33_SPIN,1814,3,labsea,MLD2,1459.99964
CM33_SPIN,1814,4,labsea,MLD2,1389.91679
CM33_SPIN,1814,5,labsea,MLD2,1131.15103
CM33_SPIN,1814,6,labsea,MLD2,21.10948
CM33_SPIN,1814,7,labsea,MLD2,15.00905
CM33_SPIN,1814,8,labsea,MLD2,14.64329
CM33_SPIN,1814,9,labsea,MLD2,24.50865
CM33_SPIN,1814,10,labsea,MLD2,37.20862
CM33_SPIN,1814,11,labsea,MLD2,571.37615
CM33_SPIN,1814,12,labsea,MLD2,1593.32858
CM33_SPIN,1814,1,interior,MLD2,2456.52623
CM33_SPIN,1814,2,interior,MLD2,2350.31512
CM33_SPIN,1814,3,interior,MLD2,2272.94475
CM33_SPIN,1814,4,interior,MLD2,1969.87395
CM33_SPIN,1814,5,interior,MLD2,1836.95597
CM33_SPIN,1814,6,interior,MLD2,41.61516
CM33_SPIN,1814,7,interior,MLD2,17.19065
CM33_SPIN,1814,8,interior,MLD2,17.28187
CM33_SPIN,1814,9,interior,MLD2,26.51955
CM33_SPIN,1814,10,interior,MLD2,41.96168
CM33_SPIN,1814,11,interior,MLD2,1403.20443
CM33_SPIN,1814,12,interior,MLD2,2599.94817
CM33_SPIN,1815,1,labsea,a_ice,0.20234
CM33_SPIN,1815,2,labsea,a_ice,0.22690
CM33_SPIN,1815,3,labsea,a_ice,0.25846
CM33_SPIN,1815,4,labsea,a_ice,0.30321
CM33_SPIN,1815,5,labsea,a_ice,0.21351
CM33_SPIN,1815,6,labsea,a_ice,0.13436
CM33_SPIN,1815,7,labsea,a_ice,0.06543
CM33_SPIN,1815,8,labsea,a_ice,0.01418
CM33_SPIN,1815,9,labsea,a_ice,0.00257
CM33_SPIN,1815,10,labsea,a_ice,0.00414
CM33_SPIN,1815,11,labsea,a_ice,0.05332
CM33_SPIN,1815,12,labsea,a_ice,0.12774
CM33_SPIN,1815,1,interior,a_ice,0.03569
CM33_SPIN,1815,2,interior,a_ice,0.05527
CM33_SPIN,1815,3,interior,a_ice,0.07465
CM33_SPIN,1815,4,interior,a_ice,0.09035
CM33_SPIN,1815,5,interior,a_ice,0.01548
CM33_SPIN,1815,6,interior,a_ice,0.00908
CM33_SPIN,1815,7,interior,a_ice,0.00142
CM33_SPIN,1815,8,interior,a_ice,0.00000
CM33_SPIN,1815,9,interior,a_ice,0.00000
CM33_SPIN,1815,10,interior,a_ice,0.00000
CM33_SPIN,1815,11,interior,a_ice,0.00189
CM33_SPIN,1815,12,interior,a_ice,0.01109
CM33_SPIN,1815,1,labsea,MLD2,1761.55169
CM33_SPIN,1815,2,labsea,MLD2,1739.43228
CM33_SPIN,1815,3,labsea,MLD2,1675.01306
CM33_SPIN,1815,4,labsea,MLD2,1471.76522
CM33_SPIN,1815,5,labsea,MLD2,945.24412
CM33_SPIN,1815,6,labsea,MLD2,59.50077
CM33_SPIN,1815,7,labsea,MLD2,17.02830
CM33_SPIN,1815,8,labsea,MLD2,15.18806
CM33_SPIN,1815,9,labsea,MLD2,24.07098
CM33_SPIN,1815,10,labsea,MLD2,40.75588
CM33_SPIN,1815,11,labsea,MLD2,560.70952
CM33_SPIN,1815,12,labsea,MLD2,1456.60778
CM33_SPIN,1815,1,interior,MLD2,2669.50837
CM33_SPIN,1815,2,interior,MLD2,2624.71577
CM33_SPIN,1815,3,interior,MLD2,2572.74967
CM33_SPIN,1815,4,interior,MLD2,2402.86969
CM33_SPIN,1815,5,interior,MLD2,1854.17803
CM33_SPIN,1815,6,interior,MLD2,139.77934
CM33_SPIN,1815,7,interior,MLD2,19.76212
CM33_SPIN,1815,8,interior,MLD2,16.86136
CM33_SPIN,1815,9,interior,MLD2,25.25123
CM33_SPIN,1815,10,interior,MLD2,43.51619
CM33_SPIN,1815,11,interior,MLD2,1293.35807
CM33_SPIN,1815,12,interior,MLD2,2455.43231
CM33_SPIN,1816,1,labsea,a_ice,0.17791
CM33_SPIN,1816,2,labsea,a_ice,0.18578
CM33_SPIN,1816,3,labsea,a_ice,0.20336
CM33_SPIN,1816,4,labsea,a_ice,0.23397
CM33_SPIN,1816,5,labsea,a_ice,0.18624
CM33_SPIN,1816,6,labsea,a_ice,0.09656
CM33_SPIN,1816,7,labsea,a_ice,0.03258
CM33_SPIN,1816,8,labsea,a_ice,0.00297
CM33_SPIN,1816,9,labsea,a_ice,0.00000
CM33_SPIN,1816,10,labsea,a_ice,0.00020
CM33_SPIN,1816,11,labsea,a_ice,0.04452
CM33_SPIN,1816,12,labsea,a_ice,0.13666
CM33_SPIN,1816,1,interior,a_ice,0.02651
CM33_SPIN,1816,2,interior,a_ice,0.03496
CM33_SPIN,1816,3,interior,a_ice,0.04737
CM33_SPIN,1816,4,interior,a_ice,0.07781
CM33_SPIN,1816,5,interior,a_ice,0.06395
CM33_SPIN,1816,6,interior,a_ice,0.01293
CM33_SPIN,1816,7,interior,a_ice,0.00001
CM33_SPIN,1816,8,interior,a_ice,0.00000
CM33_SPIN,1816,9,interior,a_ice,0.00000
CM33_SPIN,1816,10,interior,a_ice,0.00000
CM33_SPIN,1816,11,interior,a_ice,0.00028
CM33_SPIN,1816,12,interior,a_ice,0.01075
CM33_SPIN,1816,1,labsea,MLD2,1688.51240
CM33_SPIN,1816,2,labsea,MLD2,1712.56319
CM33_SPIN,1816,3,labsea,MLD2,1648.15842
CM33_SPIN,1816,4,labsea,MLD2,1322.67983
CM33_SPIN,1816,5,labsea,MLD2,676.83510
CM33_SPIN,1816,6,labsea,MLD2,150.36570
CM33_SPIN,1816,7,labsea,MLD2,14.38219
CM33_SPIN,1816,8,labsea,MLD2,13.66670
CM33_SPIN,1816,9,labsea,MLD2,24.31350
CM33_SPIN,1816,10,labsea,MLD2,38.13989
CM33_SPIN,1816,11,labsea,MLD2,491.35411
CM33_SPIN,1816,12,labsea,MLD2,1377.58705
CM33_SPIN,1816,1,interior,MLD2,2642.59289
CM33_SPIN,1816,2,interior,MLD2,2625.16066
CM33_SPIN,1816,3,interior,MLD2,2555.46140
CM33_SPIN,1816,4,interior,MLD2,2200.02654
CM33_SPIN,1816,5,interior,MLD2,1749.16091
CM33_SPIN,1816,6,interior,MLD2,468.15378
CM33_SPIN,1816,7,interior,MLD2,16.41121
CM33_SPIN,1816,8,interior,MLD2,15.41489
CM33_SPIN,1816,9,interior,MLD2,25.04127
CM33_SPIN,1816,10,interior,MLD2,39.88830
CM33_SPIN,1816,11,interior,MLD2,1114.10099
CM33_SPIN,1816,12,interior,MLD2,2381.17734
CM33_SPIN,1817,1,labsea,a_ice,0.20109
CM33_SPIN,1817,2,labsea,a_ice,0.23166
CM33_SPIN,1817,3,labsea,a_ice,0.23687
CM33_SPIN,1817,4,labsea,a_ice,0.28706
CM33_SPIN,1817,5,labsea,a_ice,0.23587
CM33_SPIN,1817,6,labsea,a_ice,0.10540
CM33_SPIN,1817,7,labsea,a_ice,0.02926
CM33_SPIN,1817,8,labsea,a_ice,0.00036
CM33_SPIN,1817,9,labsea,a_ice,0.00007
CM33_SPIN,1817,10,labsea,a_ice,0.00328
CM33_SPIN,1817,11,labsea,a_ice,0.05695
CM33_SPIN,1817,12,labsea,a_ice,0.17561
CM33_SPIN,1817,1,interior,a_ice,0.02951
CM33_SPIN,1817,2,interior,a_ice,0.06918
CM33_SPIN,1817,3,interior,a_ice,0.04699
CM33_SPIN,1817,4,interior,a_ice,0.14514
CM33_SPIN,1817,5,interior,a_ice,0.12653
CM33_SPIN,1817,6,interior,a_ice,0.01071
CM33_SPIN,1817,7,interior,a_ice,0.00045
CM33_SPIN,1817,8,interior,a_ice,0.00000
CM33_SPIN,1817,9,interior,a_ice,0.00000
CM33_SPIN,1817,10,interior,a_ice,0.00000
CM33_SPIN,1817,11,interior,a_ice,0.00049
CM33_SPIN,1817,12,interior,a_ice,0.03229
CM33_SPIN,1817,1,labsea,MLD2,1674.03228
CM33_SPIN,1817,2,labsea,MLD2,1681.90013
CM33_SPIN,1817,3,labsea,MLD2,1570.20298
CM33_SPIN,1817,4,labsea,MLD2,1233.69177
CM33_SPIN,1817,5,labsea,MLD2,435.67899
CM33_SPIN,1817,6,labsea,MLD2,13.02544
CM33_SPIN,1817,7,labsea,MLD2,13.16291
CM33_SPIN,1817,8,labsea,MLD2,14.57031
CM33_SPIN,1817,9,labsea,MLD2,20.50647
CM33_SPIN,1817,10,labsea,MLD2,33.42032
CM33_SPIN,1817,11,labsea,MLD2,184.55669
CM33_SPIN,1817,12,labsea,MLD2,1371.32603
CM33_SPIN,1817,1,interior,MLD2,2620.49421
CM33_SPIN,1817,2,interior,MLD2,2547.12396
CM33_SPIN,1817,3,interior,MLD2,2468.26096
CM33_SPIN,1817,4,interior,MLD2,1822.95985
CM33_SPIN,1817,5,interior,MLD2,679.61899
CM33_SPIN,1817,6,interior,MLD2,13.09086
CM33_SPIN,1817,7,interior,MLD2,15.22505
CM33_SPIN,1817,8,interior,MLD2,15.90466
CM33_SPIN,1817,9,interior,MLD2,21.69999
CM33_SPIN,1817,10,interior,MLD2,33.29840
CM33_SPIN,1817,11,interior,MLD2,264.66490
CM33_SPIN,1817,12,interior,MLD2,2374.70636
CM33_SPIN,1818,1,labsea,a_ice,0.28153
CM33_SPIN,1818,2,labsea,a_ice,0.37230
CM33_SPIN,1818,3,labsea,a_ice,0.35219
CM33_SPIN,1818,4,labsea,a_ice,0.31378
CM33_SPIN,1818,5,labsea,a_ice,0.25562
CM33_SPIN,1818,6,labsea,a_ice,0.16299
CM33_SPIN,1818,7,labsea,a_ice,0.05735
CM33_SPIN,1818,8,labsea,a_ice,0.01088
CM33_SPIN,1818,9,labsea,a_ice,0.00115
CM33_SPIN,1818,10,labsea,a_ice,0.01217
CM33_SPIN,1818,11,labsea,a_ice,0.11242
CM33_SPIN,1818,12,labsea,a_ice,0.23460
CM33_SPIN,1818,1,interior,a_ice,0.07066
CM33_SPIN,1818,2,interior,a_ice,0.19452
CM33_SPIN,1818,3,interior,a_ice,0.15134
CM33_SPIN,1818,4,interior,a_ice,0.10250
CM33_SPIN,1818,5,interior,a_ice,0.07264
CM33_SPIN,1818,6,interior,a_ice,0.03352
CM33_SPIN,1818,7,interior,a_ice,0.00233
CM33_SPIN,1818,8,interior,a_ice,0.00003
CM33_SPIN,1818,9,interior,a_ice,0.00000
CM33_SPIN,1818,10,interior,a_ice,0.00008
CM33_SPIN,1818,11,interior,a_ice,0.00890
CM33_SPIN,1818,12,interior,a_ice,0.04476
CM33_SPIN,1818,1,labsea,MLD2,1538.85540
CM33_SPIN,1818,2,labsea,MLD2,1282.58224
CM33_SPIN,1818,3,labsea,MLD2,1418.76574
CM33_SPIN,1818,4,labsea,MLD2,1427.14951
CM33_SPIN,1818,5,labsea,MLD2,1149.67602
CM33_SPIN,1818,6,labsea,MLD2,118.88520
CM33_SPIN,1818,7,labsea,MLD2,15.55887
CM33_SPIN,1818,8,labsea,MLD2,15.14900
CM33_SPIN,1818,9,labsea,MLD2,22.33276
CM33_SPIN,1818,10,labsea,MLD2,68.28715
CM33_SPIN,1818,11,labsea,MLD2,795.68761
CM33_SPIN,1818,12,labsea,MLD2,1575.96789
CM33_SPIN,1818,1,interior,MLD2,2506.64835
CM33_SPIN,1818,2,interior,MLD2,1855.28066
CM33_SPIN,1818,3,interior,MLD2,2138.50569
CM33_SPIN,1818,4,interior,MLD2,2206.79500
CM33_SPIN,1818,5,interior,MLD2,1803.73059
CM33_SPIN,1818,6,interior,MLD2,239.06889
CM33_SPIN,1818,7,interior,MLD2,19.52705
CM33_SPIN,1818,8,interior,MLD2,19.11431
CM33_SPIN,1818,9,interior,MLD2,25.61954
CM33_SPIN,1818,10,interior,MLD2,156.54028
CM33_SPIN,1818,11,interior,MLD2,1689.45817
CM33_SPIN,1818,12,interior,MLD2,2511.46655
CM33_SPIN,1819,1,labsea,a_ice,0.25950
CM33_SPIN,1819,2,labsea,a_ice,0.31787
CM33_SPIN,1819,3,labsea,a_ice,0.31798
CM33_SPIN,1819,4,labsea,a_ice,0.31311
CM33_SPIN,1819,5,labsea,a_ice,0.24718
CM33_SPIN,1819,6,labsea,a_ice,0.18387
CM33_SPIN,1819,7,labsea,a_ice,0.05848
CM33_SPIN,1819,8,labsea,a_ice,0.01493
CM33_SPIN,1819,9,labsea,a_ice,0.00530
CM33_SPIN,1819,10,labsea,a_ice,0.00564
CM33_SPIN,1819,11,labsea,a_ice,0.07917
CM33_SPIN,1819,12,labsea,a_ice,0.18501
CM33_SPIN,1819,1,interior,a_ice,0.05903
CM33_SPIN,1819,2,interior,a_ice,0.07123
CM33_SPIN,1819,3,interior,a_ice,0.08307
CM33_SPIN,1819,4,interior,a_ice,0.10273
CM33_SPIN,1819,5,interior,a_ice,0.10114
CM33_SPIN,1819,6,interior,a_ice,0.02173
CM33_SPIN,1819,7,interior,a_ice,0.00143
CM33_SPIN,1819,8,interior,a_ice,0.00000
CM33_SPIN,1819,9,interior,a_ice,0.00000
CM33_SPIN,1819,10,interior,a_ice,0.00000
CM33_SPIN,1819,11,interior,a_ice,0.00472
CM33_SPIN,1819,12,interior,a_ice,0.02342
CM33_SPIN,1819,1,labsea,MLD2,1680.32832
CM33_SPIN,1819,2,labsea,MLD2,1597.70817
CM33_SPIN,1819,3,labsea,MLD2,1554.96343
CM33_SPIN,1819,4,labsea,MLD2,1485.24819
CM33_SPIN,1819,5,labsea,MLD2,1041.71138
CM33_SPIN,1819,6,labsea,MLD2,27.22497
CM33_SPIN,1819,7,labsea,MLD2,12.17713
CM33_SPIN,1819,8,labsea,MLD2,14.07526
CM33_SPIN,1819,9,labsea,MLD2,23.82244
CM33_SPIN,1819,10,labsea,MLD2,28.57121
CM33_SPIN,1819,11,labsea,MLD2,305.90674
CM33_SPIN,1819,12,labsea,MLD2,984.86247
CM33_SPIN,1819,1,interior,MLD2,2612.56631
CM33_SPIN,1819,2,interior,MLD2,2522.94243
CM33_SPIN,1819,3,interior,MLD2,2392.33860
CM33_SPIN,1819,4,interior,MLD2,2313.26691
CM33_SPIN,1819,5,interior,MLD2,1703.22939
CM33_SPIN,1819,6,interior,MLD2,48.29492
CM33_SPIN,1819,7,interior,MLD2,13.86110
CM33_SPIN,1819,8,interior,MLD2,16.24404
CM33_SPIN,1819,9,interior,MLD2,28.81844
CM33_SPIN,1819,10,interior,MLD2,36.65886
CM33_SPIN,1819,11,interior,MLD2,953.06827
CM33_SPIN,1819,12,interior,MLD2,2222.22287
CM33_SPIN,1820,1,labsea,a_ice,0.23939
CM33_SPIN,1820,2,labsea,a_ice,0.25362
CM33_SPIN,1820,3,labsea,a_ice,0.24028
CM33_SPIN,1820,4,labsea,a_ice,0.25874
CM33_SPIN,1820,5,labsea,a_ice,0.16543
CM33_SPIN,1820,6,labsea,a_ice,0.11594
CM33_SPIN,1820,7,labsea,a_ice,0.05632
CM33_SPIN,1820,8,labsea,a_ice,0.02662
CM33_SPIN,1820,9,labsea,a_ice,0.01542
CM33_SPIN,1820,10,labsea,a_ice,0.03097
CM33_SPIN,1820,11,labsea,a_ice,0.05692
CM33_SPIN,1820,12,labsea,a_ice,0.17064
CM33_SPIN,1820,1,interior,a_ice,0.05409
CM33_SPIN,1820,2,interior,a_ice,0.05218
CM33_SPIN,1820,3,interior,a_ice,0.05890
CM33_SPIN,1820,4,interior,a_ice,0.07726
CM33_SPIN,1820,5,interior,a_ice,0.04298
CM33_SPIN,1820,6,interior,a_ice,0.01066
CM33_SPIN,1820,7,interior,a_ice,0.00088
CM33_SPIN,1820,8,interior,a_ice,0.00000
CM33_SPIN,1820,9,interior,a_ice,0.00000
CM33_SPIN,1820,10,interior,a_ice,0.00000
CM33_SPIN,1820,11,interior,a_ice,0.00146
CM33_SPIN,1820,12,interior,a_ice,0.03965
CM33_SPIN,1820,1,labsea,MLD2,1623.30330
CM33_SPIN,1820,2,labsea,MLD2,1640.94624
CM33_SPIN,1820,3,labsea,MLD2,1644.57116
CM33_SPIN,1820,4,labsea,MLD2,1465.20577
CM33_SPIN,1820,5,labsea,MLD2,784.72404
CM33_SPIN,1820,6,labsea,MLD2,68.18553
CM33_SPIN,1820,7,labsea,MLD2,16.84466
CM33_SPIN,1820,8,labsea,MLD2,14.65087
CM33_SPIN,1820,9,labsea,MLD2,21.81959
CM33_SPIN,1820,10,labsea,MLD2,43.22492
CM33_SPIN,1820,11,labsea,MLD2,239.02910
CM33_SPIN,1820,12,labsea,MLD2,1185.73944
CM33_SPIN,1820,1,interior,MLD2,2570.84157
CM33_SPIN,1820,2,interior,MLD2,2598.43662
CM33_SPIN,1820,3,interior,MLD2,2573.31832
CM33_SPIN,1820,4,interior,MLD2,2411.92697
CM33_SPIN,1820,5,interior,MLD2,1717.31375
CM33_SPIN,1820,6,interior,MLD2,205.03960
CM33_SPIN,1820,7,interior,MLD2,19.70985
CM33_SPIN,1820,8,interior,MLD2,17.43791
CM33_SPIN,1820,9,interior,MLD2,26.00708
CM33_SPIN,1820,10,interior,MLD2,48.01549
CM33_SPIN,1820,11,interior,MLD2,582.64603
CM33_SPIN,1820,12,interior,MLD2,2313.64247
CM33_SPIN,1821,1,labsea,a_ice,0.22962
CM33_SPIN,1821,2,labsea,a_ice,0.22236
CM33_SPIN,1821,3,labsea,a_ice,0.22614
CM33_SPIN,1821,4,labsea,a_ice,0.22098
CM33_SPIN,1821,5,labsea,a_ice,0.12258
CM33_SPIN,1821,6,labsea,a_ice,0.07838
CM33_SPIN,1821,7,labsea,a_ice,0.01707
CM33_SPIN,1821,8,labsea,a_ice,0.00055
CM33_SPIN,1821,9,labsea,a_ice,0.00276
CM33_SPIN,1821,10,labsea,a_ice,0.02956
CM33_SPIN,1821,11,labsea,a_ice,0.07994
CM33_SPIN,1821,12,labsea,a_ice,0.16554
CM33_SPIN,1821,1,interior,a_ice,0.06512
CM33_SPIN,1821,2,interior,a_ice,0.05519
CM33_SPIN,1821,3,interior,a_ice,0.05122
CM33_SPIN,1821,4,interior,a_ice,0.04348
CM33_SPIN,1821,5,interior,a_ice,0.00834
CM33_SPIN,1821,6,interior,a_ice,0.00351
CM33_SPIN,1821,7,interior,a_ice,0.00050
CM33_SPIN,1821,8,interior,a_ice,0.00000
CM33_SPIN,1821,9,interior,a_ice,0.00000
CM33_SPIN,1821,10,interior,a_ice,0.00000
CM33_SPIN,1821,11,interior,a_ice,0.00178
CM33_SPIN,1821,12,interior,a_ice,0.01439
CM33_SPIN,1821,1,labsea,MLD2,1616.75003
CM33_SPIN,1821,2,labsea,MLD2,1618.16667
CM33_SPIN,1821,3,labsea,MLD2,1660.10759
CM33_SPIN,1821,4,labsea,MLD2,1668.31511
CM33_SPIN,1821,5,labsea,MLD2,1516.78168
CM33_SPIN,1821,6,labsea,MLD2,43.34640
CM33_SPIN,1821,7,labsea,MLD2,15.06554
CM33_SPIN,1821,8,labsea,MLD2,16.80683
CM33_SPIN,1821,9,labsea,MLD2,26.58402
CM33_SPIN,1821,10,labsea,MLD2,247.58621
CM33_SPIN,1821,11,labsea,MLD2,803.09844
CM33_SPIN,1821,12,labsea,MLD2,1590.63407
CM33_SPIN,1821,1,interior,MLD2,2547.98535
CM33_SPIN,1821,2,interior,MLD2,2549.93196
CM33_SPIN,1821,3,interior,MLD2,2625.05734
CM33_SPIN,1821,4,interior,MLD2,2636.56794
CM33_SPIN,1821,5,interior,MLD2,2483.61890
CM33_SPIN,1821,6,interior,MLD2,84.40669
CM33_SPIN,1821,7,interior,MLD2,16.93875
CM33_SPIN,1821,8,interior,MLD2,18.97224
CM33_SPIN,1821,9,interior,MLD2,30.52311
CM33_SPIN,1821,10,interior,MLD2,713.98868
CM33_SPIN,1821,11,interior,MLD2,1915.27359
CM33_SPIN,1821,12,interior,MLD2,2582.52994
CM33_SPIN,1822,1,labsea,a_ice,0.24745
CM33_SPIN,1822,2,labsea,a_ice,0.24919
CM33_SPIN,1822,3,labsea,a_ice,0.23749
CM33_SPIN,1822,4,labsea,a_ice,0.25389
CM33_SPIN,1822,5,labsea,a_ice,0.21870
CM33_SPIN,1822,6,labsea,a_ice,0.12209
CM33_SPIN,1822,7,labsea,a_ice,0.04801
CM33_SPIN,1822,8,labsea,a_ice,0.00855
CM33_SPIN,1822,9,labsea,a_ice,0.00140
CM33_SPIN,1822,10,labsea,a_ice,0.00384
CM33_SPIN,1822,11,labsea,a_ice,0.03300
CM33_SPIN,1822,12,labsea,a_ice,0.16572
CM33_SPIN,1822,1,interior,a_ice,0.07697
CM33_SPIN,1822,2,interior,a_ice,0.06499
CM33_SPIN,1822,3,interior,a_ice,0.04222
CM33_SPIN,1822,4,interior,a_ice,0.08020
CM33_SPIN,1822,5,interior,a_ice,0.03600
CM33_SPIN,1822,6,interior,a_ice,0.02519
CM33_SPIN,1822,7,interior,a_ice,0.00190
CM33_SPIN,1822,8,interior,a_ice,0.00051
CM33_SPIN,1822,9,interior,a_ice,0.00000
CM33_SPIN,1822,10,interior,a_ice,0.00000
CM33_SPIN,1822,11,interior,a_ice,0.00005
CM33_SPIN,1822,12,interior,a_ice,0.02478
CM33_SPIN,1822,1,labsea,MLD2,1659.78949
CM33_SPIN,1822,2,labsea,MLD2,1701.03059
CM33_SPIN,1822,3,labsea,MLD2,1611.37386
CM33_SPIN,1822,4,labsea,MLD2,1561.09938
CM33_SPIN,1822,5,labsea,MLD2,793.97803
CM33_SPIN,1822,6,labsea,MLD2,18.10524
CM33_SPIN,1822,7,labsea,MLD2,12.62166
CM33_SPIN,1822,8,labsea,MLD2,13.78828
CM33_SPIN,1822,9,labsea,MLD2,22.27619
CM33_SPIN,1822,10,labsea,MLD2,28.58240
CM33_SPIN,1822,11,labsea,MLD2,64.39728
CM33_SPIN,1822,12,labsea,MLD2,1029.64339
CM33_SPIN,1822,1,interior,MLD2,2557.92552
CM33_SPIN,1822,2,interior,MLD2,2598.37922
CM33_SPIN,1822,3,interior,MLD2,2524.96281
CM33_SPIN,1822,4,interior,MLD2,2441.00798
CM33_SPIN,1822,5,interior,MLD2,1587.96259
CM33_SPIN,1822,6,interior,MLD2,22.69282
CM33_SPIN,1822,7,interior,MLD2,14.10416
CM33_SPIN,1822,8,interior,MLD2,16.59135
CM33_SPIN,1822,9,interior,MLD2,25.99955
CM33_SPIN,1822,10,interior,MLD2,33.04935
CM33_SPIN,1822,11,interior,MLD2,105.93834
CM33_SPIN,1822,12,interior,MLD2,2267.96759
CM33_SPIN,1823,1,labsea,a_ice,0.29994
CM33_SPIN,1823,2,labsea,a_ice,0.45662
CM33_SPIN,1823,3,labsea,a_ice,0.39798
CM33_SPIN,1823,4,labsea,a_ice,0.35973
CM33_SPIN,1823,5,labsea,a_ice,0.31628
CM33_SPIN,1823,6,labsea,a_ice,0.22477
CM33_SPIN,1823,7,labsea,a_ice,0.09728
CM33_SPIN,1823,8,labsea,a_ice,0.02258
CM33_SPIN,1823,9,labsea,a_ice,0.00555
CM33_SPIN,1823,10,labsea,a_ice,0.03210
CM33_SPIN,1823,11,labsea,a_ice,0.16829
CM33_SPIN,1823,12,labsea,a_ice,0.20090
CM33_SPIN,1823,1,interior,a_ice,0.11949
CM33_SPIN,1823,2,interior,a_ice,0.44469
CM33_SPIN,1823,3,interior,a_ice,0.27834
CM33_SPIN,1823,4,interior,a_ice,0.26814
CM33_SPIN,1823,5,interior,a_ice,0.12602
CM33_SPIN,1823,6,interior,a_ice,0.05186
CM33_SPIN,1823,7,interior,a_ice,0.01350
CM33_SPIN,1823,8,interior,a_ice,0.00097
CM33_SPIN,1823,9,interior,a_ice,0.00000
CM33_SPIN,1823,10,interior,a_ice,0.00000
CM33_SPIN,1823,11,interior,a_ice,0.03262
CM33_SPIN,1823,12,interior,a_ice,0.06388
CM33_SPIN,1823,1,labsea,MLD2,1388.11482
CM33_SPIN,1823,2,labsea,MLD2,1206.75207
CM33_SPIN,1823,3,labsea,MLD2,1278.43658
CM33_SPIN,1823,4,labsea,MLD2,1236.20562
CM33_SPIN,1823,5,labsea,MLD2,881.34977
CM33_SPIN,1823,6,labsea,MLD2,83.77075
CM33_SPIN,1823,7,labsea,MLD2,12.57554
CM33_SPIN,1823,8,labsea,MLD2,14.05558
CM33_SPIN,1823,9,labsea,MLD2,20.11515
CM33_SPIN,1823,10,labsea,MLD2,42.38781
CM33_SPIN,1823,11,labsea,MLD2,727.94221
CM33_SPIN,1823,12,labsea,MLD2,1401.90228
CM33_SPIN,1823,1,interior,MLD2,2159.67985
CM33_SPIN,1823,2,interior,MLD2,1341.15888
CM33_SPIN,1823,3,interior,MLD2,1636.89707
CM33_SPIN,1823,4,interior,MLD2,1570.95401
CM33_SPIN,1823,5,interior,MLD2,1116.61265
CM33_SPIN,1823,6,interior,MLD2,114.53506
CM33_SPIN,1823,7,interior,MLD2,14.71692
CM33_SPIN,1823,8,interior,MLD2,16.31621
CM33_SPIN,1823,9,interior,MLD2,24.73101
CM33_SPIN,1823,10,interior,MLD2,65.55939
CM33_SPIN,1823,11,interior,MLD2,1661.65310
CM33_SPIN,1823,12,interior,MLD2,2454.46852
CM33_SPIN,1824,1,labsea,a_ice,0.24617
CM33_SPIN,1824,2,labsea,a_ice,0.25395
CM33_SPIN,1824,3,labsea,a_ice,0.29028
CM33_SPIN,1824,4,labsea,a_ice,0.27554
CM33_SPIN,1824,5,labsea,a_ice,0.19983
CM33_SPIN,1824,6,labsea,a_ice,0.13607
CM33_SPIN,1824,7,labsea,a_ice,0.05009
CM33_SPIN,1824,8,labsea,a_ice,0.01929
CM33_SPIN,1824,9,labsea,a_ice,0.00704
CM33_SPIN,1824,10,labsea,a_ice,0.01069
CM33_SPIN,1824,11,labsea,a_ice,0.06527
CM33_SPIN,1824,12,labsea,a_ice,0.14796
CM33_SPIN,1824,1,interior,a_ice,0.04980
CM33_SPIN,1824,2,interior,a_ice,0.05438
CM33_SPIN,1824,3,interior,a_ice,0.07264
CM33_SPIN,1824,4,interior,a_ice,0.06142
CM33_SPIN,1824,5,interior,a_ice,0.07201
CM33_SPIN,1824,6,interior,a_ice,0.02164
CM33_SPIN,1824,7,interior,a_ice,0.00143
CM33_SPIN,1824,8,interior,a_ice,0.00000
CM33_SPIN,1824,9,interior,a_ice,0.00000
CM33_SPIN,1824,10,interior,a_ice,0.00000
CM33_SPIN,1824,11,interior,a_ice,0.00215
CM33_SPIN,1824,12,interior,a_ice,0.01060
CM33_SPIN,1824,1,labsea,MLD2,1692.83992
CM33_SPIN,1824,2,labsea,MLD2,1713.02127
CM33_SPIN,1824,3,labsea,MLD2,1618.43231
CM33_SPIN,1824,4,labsea,MLD2,1403.86581
CM33_SPIN,1824,5,labsea,MLD2,457.30314
CM33_SPIN,1824,6,labsea,MLD2,46.49418
CM33_SPIN,1824,7,labsea,MLD2,15.08123
CM33_SPIN,1824,8,labsea,MLD2,17.07254
CM33_SPIN,1824,9,labsea,MLD2,22.94406
CM33_SPIN,1824,10,labsea,MLD2,37.80924
CM33_SPIN,1824,11,labsea,MLD2,617.67525
CM33_SPIN,1824,12,labsea,MLD2,1451.44120
CM33_SPIN,1824,1,interior,MLD2,2622.74985
CM33_SPIN,1824,2,interior,MLD2,2637.06202
CM33_SPIN,1824,3,interior,MLD2,2542.05433
CM33_SPIN,1824,4,interior,MLD2,2363.93575
CM33_SPIN,1824,5,interior,MLD2,852.41428
CM33_SPIN,1824,6,interior,MLD2,119.89934
CM33_SPIN,1824,7,interior,MLD2,17.04542
CM33_SPIN,1824,8,interior,MLD2,19.32292
CM33_SPIN,1824,9,interior,MLD2,26.42984
CM33_SPIN,1824,10,interior,MLD2,39.29521
CM33_SPIN,1824,11,interior,MLD2,1417.88729
CM33_SPIN,1824,12,interior,MLD2,2665.56136
CM33_SPIN,1825,1,labsea,a_ice,0.20955
CM33_SPIN,1825,2,labsea,a_ice,0.23651
CM33_SPIN,1825,3,labsea,a_ice,0.29717
CM33_SPIN,1825,4,labsea,a_ice,0.31052
CM33_SPIN,1825,5,labsea,a_ice,0.25415
CM33_SPIN,1825,6,labsea,a_ice,0.17758
CM33_SPIN,1825,7,labsea,a_ice,0.04917
CM33_SPIN,1825,8,labsea,a_ice,0.00001
CM33_SPIN,1825,9,labsea,a_ice,0.00000
CM33_SPIN,1825,10,labsea,a_ice,0.00098
CM33_SPIN,1825,11,labsea,a_ice,0.02069
CM33_SPIN,1825,12,labsea,a_ice,0.12798
CM33_SPIN,1825,1,interior,a_ice,0.04303
CM33_SPIN,1825,2,interior,a_ice,0.05015
CM33_SPIN,1825,3,interior,a_ice,0.08247
CM33_SPIN,1825,4,interior,a_ice,0.13786
CM33_SPIN,1825,5,interior,a_ice,0.08330
CM33_SPIN,1825,6,interior,a_ice,0.02413
CM33_SPIN,1825,7,interior,a_ice,0.00304
CM33_SPIN,1825,8,interior,a_ice,0.00000
CM33_SPIN,1825,9,interior,a_ice,0.00000
CM33_SPIN,1825,10,interior,a_ice,0.00010
CM33_SPIN,1825,11,interior,a_ice,0.00001
CM33_SPIN,1825,12,interior,a_ice,0.00682
CM33_SPIN,1825,1,labsea,MLD2,1660.63201
CM33_SPIN,1825,2,labsea,MLD2,1694.03143
CM33_SPIN,1825,3,labsea,MLD2,1464.12268
CM33_SPIN,1825,4,labsea,MLD2,1346.46385
CM33_SPIN,1825,5,labsea,MLD2,1056.38273
CM33_SPIN,1825,6,labsea,MLD2,34.59781
CM33_SPIN,1825,7,labsea,MLD2,12.68008
CM33_SPIN,1825,8,labsea,MLD2,13.39918
CM33_SPIN,1825,9,labsea,MLD2,20.40575
CM33_SPIN,1825,10,labsea,MLD2,29.27878
CM33_SPIN,1825,11,labsea,MLD2,117.67556
CM33_SPIN,1825,12,labsea,MLD2,1255.35157
CM33_SPIN,1825,1,interior,MLD2,2620.08350
CM33_SPIN,1825,2,interior,MLD2,2636.15735
CM33_SPIN,1825,3,interior,MLD2,2209.48044
CM33_SPIN,1825,4,interior,MLD2,1814.28253
CM33_SPIN,1825,5,interior,MLD2,1725.19878
CM33_SPIN,1825,6,interior,MLD2,74.01051
CM33_SPIN,1825,7,interior,MLD2,14.38401
CM33_SPIN,1825,8,interior,MLD2,15.59116
CM33_SPIN,1825,9,interior,MLD2,23.71547
CM33_SPIN,1825,10,interior,MLD2,32.08503
CM33_SPIN,1825,11,interior,MLD2,199.75501
CM33_SPIN,1825,12,interior,MLD2,2251.49163
CM33_SPIN,1826,1,labsea,a_ice,0.18939
CM33_SPIN,1826,2,labsea,a_ice,0.22669
CM33_SPIN,1826,3,labsea,a_ice,0.26330
CM33_SPIN,1826,4,labsea,a_ice,0.25311
CM33_SPIN,1826,5,labsea,a_ice,0.19363
CM33_SPIN,1826,6,labsea,a_ice,0.10813
CM33_SPIN,1826,7,labsea,a_ice,0.03918
CM33_SPIN,1826,8,labsea,a_ice,0.02005
CM33_SPIN,1826,9,labsea,a_ice,0.00707
CM33_SPIN,1826,10,labsea,a_ice,0.01046
CM33_SPIN,1826,11,labsea,a_ice,0.06629
CM33_SPIN,1826,12,labsea,a_ice,0.18478
CM33_SPIN,1826,1,interior,a_ice,0.01552
CM33_SPIN,1826,2,interior,a_ice,0.03201
CM33_SPIN,1826,3,interior,a_ice,0.10318
CM33_SPIN,1826,4,interior,a_ice,0.04903
CM33_SPIN,1826,5,interior,a_ice,0.03233
CM33_SPIN,1826,6,interior,a_ice,0.00725
CM33_SPIN,1826,7,interior,a_ice,0.00005
CM33_SPIN,1826,8,interior,a_ice,0.00000
CM33_SPIN,1826,9,interior,a_ice,0.00000
CM33_SPIN,1826,10,interior,a_ice,0.00000
CM33_SPIN,1826,11,interior,a_ice,0.00112
CM33_SPIN,1826,12,interior,a_ice,0.03523
CM33_SPIN,1826,1,labsea,MLD2,1611.81354
CM33_SPIN,1826,2,labsea,MLD2,1574.90824
CM33_SPIN,1826,3,labsea,MLD2,1501.02409
CM33_SPIN,1826,4,labsea,MLD2,1489.72322
CM33_SPIN,1826,5,labsea,MLD2,835.37762
CM33_SPIN,1826,6,labsea,MLD2,17.77341
CM33_SPIN,1826,7,labsea,MLD2,12.92867
CM33_SPIN,1826,8,labsea,MLD2,13.38498
CM33_SPIN,1826,9,labsea,MLD2,17.76302
CM33_SPIN,1826,10,labsea,MLD2,33.54749
CM33_SPIN,1826,11,labsea,MLD2,149.99236
CM33_SPIN,1826,12,labsea,MLD2,1296.53511
CM33_SPIN,1826,1,interior,MLD2,2602.81372
CM33_SPIN,1826,2,interior,MLD2,2523.13052
CM33_SPIN,1826,3,interior,MLD2,2313.69442
CM33_SPIN,1826,4,interior,MLD2,2480.07083
CM33_SPIN,1826,5,interior,MLD2,1461.53072
CM33_SPIN,1826,6,interior,MLD2,25.30228
CM33_SPIN,1826,7,interior,MLD2,15.85646
CM33_SPIN,1826,8,interior,MLD2,16.56374
CM33_SPIN,1826,9,interior,MLD2,19.92411
CM33_SPIN,1826,10,interior,MLD2,36.11062
CM33_SPIN,1826,11,interior,MLD2,199.02839
CM33_SPIN,1826,12,interior,MLD2,2195.55769
CM33_SPIN,1827,1,labsea,a_ice,0.22020
CM33_SPIN,1827,2,labsea,a_ice,0.26018
CM33_SPIN,1827,3,labsea,a_ice,0.26079
CM33_SPIN,1827,4,labsea,a_ice,0.25397
CM33_SPIN,1827,5,labsea,a_ice,0.18835
CM33_SPIN,1827,6,labsea,a_ice,0.09247
CM33_SPIN,1827,7,labsea,a_ice,0.02650
CM33_SPIN,1827,8,labsea,a_ice,0.00415
CM33_SPIN,1827,9,labsea,a_ice,0.00382
CM33_SPIN,1827,10,labsea,a_ice,0.02928
CM33_SPIN,1827,11,labsea,a_ice,0.09308
CM33_SPIN,1827,12,labsea,a_ice,0.20339
CM33_SPIN,1827,1,interior,a_ice,0.03932
CM33_SPIN,1827,2,interior,a_ice,0.09363
CM33_SPIN,1827,3,interior,a_ice,0.09242
CM33_SPIN,1827,4,interior,a_ice,0.07247
CM33_SPIN,1827,5,interior,a_ice,0.03806
CM33_SPIN,1827,6,interior,a_ice,0.01377
CM33_SPIN,1827,7,interior,a_ice,0.00001
CM33_SPIN,1827,8,interior,a_ice,0.00000
CM33_SPIN,1827,9,interior,a_ice,0.00000
CM33_SPIN,1827,10,interior,a_ice,0.00000
CM33_SPIN,1827,11,interior,a_ice,0.00893
CM33_SPIN,1827,12,interior,a_ice,0.03222
CM33_SPIN,1827,1,labsea,MLD2,1692.32744
CM33_SPIN,1827,2,labsea,MLD2,1614.21132
CM33_SPIN,1827,3,labsea,MLD2,1464.90967
CM33_SPIN,1827,4,labsea,MLD2,1382.69277
CM33_SPIN,1827,5,labsea,MLD2,818.50409
CM33_SPIN,1827,6,labsea,MLD2,26.64739
CM33_SPIN,1827,7,labsea,MLD2,16.91308
CM33_SPIN,1827,8,labsea,MLD2,17.81667
CM33_SPIN,1827,9,labsea,MLD2,26.37343
CM33_SPIN,1827,10,labsea,MLD2,138.41031
CM33_SPIN,1827,11,labsea,MLD2,669.48364
CM33_SPIN,1827,12,labsea,MLD2,1520.06229
CM33_SPIN,1827,1,interior,MLD2,2636.38923
CM33_SPIN,1827,2,interior,MLD2,2487.03257
CM33_SPIN,1827,3,interior,MLD2,2354.98673
CM33_SPIN,1827,4,interior,MLD2,2225.66483
CM33_SPIN,1827,5,interior,MLD2,1584.47141
CM33_SPIN,1827,6,interior,MLD2,50.01752
CM33_SPIN,1827,7,interior,MLD2,20.10044
CM33_SPIN,1827,8,interior,MLD2,20.17723
CM33_SPIN,1827,9,interior,MLD2,31.30145
CM33_SPIN,1827,10,interior,MLD2,334.69106
CM33_SPIN,1827,11,interior,MLD2,1518.45045
CM33_SPIN,1827,12,interior,MLD2,2450.72742
CM33_SPIN,1828,1,labsea,a_ice,0.32218
CM33_SPIN,1828,2,labsea,a_ice,0.30936
CM33_SPIN,1828,3,labsea,a_ice,0.27931
CM33_SPIN,1828,4,labsea,a_ice,0.33271
CM33_SPIN,1828,5,labsea,a_ice,0.24461
CM33_SPIN,1828,6,labsea,a_ice,0.13825
CM33_SPIN,1828,7,labsea,a_ice,0.04465
CM33_SPIN,1828,8,labsea,a_ice,0.00531
CM33_SPIN,1828,9,labsea,a_ice,0.00004
CM33_SPIN,1828,10,labsea,a_ice,0.00682
CM33_SPIN,1828,11,labsea,a_ice,0.09847
CM33_SPIN,1828,12,labsea,a_ice,0.17419
CM33_SPIN,1828,1,interior,a_ice,0.13048
CM33_SPIN,1828,2,interior,a_ice,0.14501
CM33_SPIN,1828,3,interior,a_ice,0.10114
CM33_SPIN,1828,4,interior,a_ice,0.12220
CM33_SPIN,1828,5,interior,a_ice,0.10377
CM33_SPIN,1828,6,interior,a_ice,0.02358
CM33_SPIN,1828,7,interior,a_ice,0.00174
CM33_SPIN,1828,8,interior,a_ice,0.00000
CM33_SPIN,1828,9,interior,a_ice,0.00000
CM33_SPIN,1828,10,interior,a_ice,0.00001
CM33_SPIN,1828,11,interior,a_ice,0.00200
CM33_SPIN,1828,12,interior,a_ice,0.03602
CM33_SPIN,1828,1,labsea,MLD2,1434.20495
CM33_SPIN,1828,2,labsea,MLD2,1366.53546
CM33_SPIN,1828,3,labsea,MLD2,1431.42117
CM33_SPIN,1828,4,labsea,MLD2,1160.60351
CM33_SPIN,1828,5,labsea,MLD2,523.99544
CM33_SPIN,1828,6,labsea,MLD2,49.05085
CM33_SPIN,1828,7,labsea,MLD2,10.39380
CM33_SPIN,1828,8,labsea,MLD2,12.24283
CM33_SPIN,1828,9,labsea,MLD2,19.27484
CM33_SPIN,1828,10,labsea,MLD2,44.20856
CM33_SPIN,1828,11,labsea,MLD2,719.94201
CM33_SPIN,1828,12,labsea,MLD2,1633.52681
CM33_SPIN,1828,1,interior,MLD2,2243.06524
CM33_SPIN,1828,2,interior,MLD2,2001.22656
CM33_SPIN,1828,3,interior,MLD2,2276.83355
CM33_SPIN,1828,4,interior,MLD2,1874.19218
CM33_SPIN,1828,5,interior,MLD2,1138.52971
CM33_SPIN,1828,6,interior,MLD2,140.74034
CM33_SPIN,1828,7,interior,MLD2,11.08985
CM33_SPIN,1828,8,interior,MLD2,12.86640
CM33_SPIN,1828,9,interior,MLD2,19.12820
CM33_SPIN,1828,10,interior,MLD2,49.52487
CM33_SPIN,1828,11,interior,MLD2,1410.29706
CM33_SPIN,1828,12,interior,MLD2,2614.82392
CM33_SPIN,1829,1,labsea,a_ice,0.23541
CM33_SPIN,1829,2,labsea,a_ice,0.29857
CM33_SPIN,1829,3,labsea,a_ice,0.33935
CM33_SPIN,1829,4,labsea,a_ice,0.34091
CM33_SPIN,1829,5,labsea,a_ice,0.26791
CM33_SPIN,1829,6,labsea,a_ice,0.14784
CM33_SPIN,1829,7,labsea,a_ice,0.05824
CM33_SPIN,1829,8,labsea,a_ice,0.01994
CM33_SPIN,1829,9,labsea,a_ice,0.00474
CM33_SPIN,1829,10,labsea,a_ice,0.00228
CM33_SPIN,1829,11,labsea,a_ice,0.07127
CM33_SPIN,1829,12,labsea,a_ice,0.17952
CM33_SPIN,1829,1,interior,a_ice,0.05391
CM33_SPIN,1829,2,interior,a_ice,0.09950
CM33_SPIN,1829,3,interior,a_ice,0.11657
CM33_SPIN,1829,4,interior,a_ice,0.16740
CM33_SPIN,1829,5,interior,a_ice,0.11404
CM33_SPIN,1829,6,interior,a_ice,0.02191
CM33_SPIN,1829,7,interior,a_ice,0.00304
CM33_SPIN,1829,8,interior,a_ice,0.00000
CM33_SPIN,1829,9,interior,a_ice,0.00000
CM33_SPIN,1829,10,interior,a_ice,0.00000
CM33_SPIN,1829,11,interior,a_ice,0.00215
CM33_SPIN,1829,12,interior,a_ice,0.02115
CM33_SPIN,1829,1,labsea,MLD2,1659.57507
CM33_SPIN,1829,2,labsea,MLD2,1484.17199
CM33_SPIN,1829,3,labsea,MLD2,1438.82947
CM33_SPIN,1829,4,labsea,MLD2,1172.63359
CM33_SPIN,1829,5,labsea,MLD2,1067.20178
CM33_SPIN,1829,6,labsea,MLD2,236.95624
CM33_SPIN,1829,7,labsea,MLD2,11.56978
CM33_SPIN,1829,8,labsea,MLD2,14.42657
CM33_SPIN,1829,9,labsea,MLD2,22.16259
CM33_SPIN,1829,10,labsea,MLD2,36.29688
CM33_SPIN,1829,11,labsea,MLD2,784.10457
CM33_SPIN,1829,12,labsea,MLD2,1696.79239
CM33_SPIN,1829,1,interior,MLD2,2585.00131
CM33_SPIN,1829,2,interior,MLD2,2297.56749
CM33_SPIN,1829,3,interior,MLD2,2346.49153
CM33_SPIN,1829,4,interior,MLD2,1760.42024
CM33_SPIN,1829,5,interior,MLD2,1570.63495
CM33_SPIN,1829,6,interior,MLD2,457.18352
CM33_SPIN,1829,7,interior,MLD2,12.81557
CM33_SPIN,1829,8,interior,MLD2,16.28322
CM33_SPIN,1829,9,interior,MLD2,22.82115
CM33_SPIN,1829,10,interior,MLD2,42.01345
CM33_SPIN,1829,11,interior,MLD2,1732.22478
CM33_SPIN,1829,12,interior,MLD2,2700.39200
CM33_SPIN,1830,1,labsea,a_ice,0.24038
CM33_SPIN,1830,2,labsea,a_ice,0.24366
CM33_SPIN,1830,3,labsea,a_ice,0.27936
CM33_SPIN,1830,4,labsea,a_ice,0.25780
CM33_SPIN,1830,5,labsea,a_ice,0.19377
CM33_SPIN,1830,6,labsea,a_ice,0.07923
CM33_SPIN,1830,7,labsea,a_ice,0.01554
CM33_SPIN,1830,8,labsea,a_ice,0.00050
CM33_SPIN,1830,9,labsea,a_ice,0.00009
CM33_SPIN,1830,10,labsea,a_ice,0.00139
CM33_SPIN,1830,11,labsea,a_ice,0.07099
CM33_SPIN,1830,12,labsea,a_ice,0.17869
CM33_SPIN,1830,1,interior,a_ice,0.04029
CM33_SPIN,1830,2,interior,a_ice,0.05868
CM33_SPIN,1830,3,interior,a_ice,0.09195
CM33_SPIN,1830,4,interior,a_ice,0.05552
CM33_SPIN,1830,5,interior,a_ice,0.04853
CM33_SPIN,1830,6,interior,a_ice,0.01194
CM33_SPIN,1830,7,interior,a_ice,0.00001
CM33_SPIN,1830,8,interior,a_ice,0.00000
CM33_SPIN,1830,9,interior,a_ice,0.00000
CM33_SPIN,1830,10,interior,a_ice,0.00000
CM33_SPIN,1830,11,interior,a_ice,0.00156
CM33_SPIN,1830,12,interior,a_ice,0.02901
CM33_SPIN,1830,1,labsea,MLD2,1753.64942
CM33_SPIN,1830,2,labsea,MLD2,1744.53403
CM33_SPIN,1830,3,labsea,MLD2,1606.97099
CM33_SPIN,1830,4,labsea,MLD2,1507.06368
CM33_SPIN,1830,5,labsea,MLD2,868.28051
CM33_SPIN,1830,6,labsea,MLD2,24.30718
CM33_SPIN,1830,7,labsea,MLD2,13.13453
CM33_SPIN,1830,8,labsea,MLD2,14.37526
CM33_SPIN,1830,9,labsea,MLD2,22.98517
CM33_SPIN,1830,10,labsea,MLD2,36.36594
CM33_SPIN,1830,11,labsea,MLD2,435.44832
CM33_SPIN,1830,12,labsea,MLD2,1446.55837
CM33_SPIN,1830,1,interior,MLD2,2683.60117
CM33_SPIN,1830,2,interior,MLD2,2629.19489
CM33_SPIN,1830,3,interior,MLD2,2450.13097
CM33_SPIN,1830,4,interior,MLD2,2455.85996
CM33_SPIN,1830,5,interior,MLD2,1667.54797
CM33_SPIN,1830,6,interior,MLD2,28.79535
CM33_SPIN,1830,7,interior,MLD2,14.45629
CM33_SPIN,1830,8,interior,MLD2,15.26307
CM33_SPIN,1830,9,interior,MLD2,25.12147
CM33_SPIN,1830,10,interior,MLD2,42.87290
CM33_SPIN,1830,11,interior,MLD2,1094.60774
CM33_SPIN,1830,12,interior,MLD2,2535.94135
CM33_SPIN,1831,1,labsea,a_ice,0.21838
CM33_SPIN,1831,2,labsea,a_ice,0.23118
CM33_SPIN,1831,3,labsea,a_ice,0.21196
CM33_SPIN,1831,4,labsea,a_ice,0.19197
CM33_SPIN,1831,5,labsea,a_ice,0.13676
CM33_SPIN,1831,6,labsea,a_ice,0.06222
CM33_SPIN,1831,7,labsea,a_ice,0.02019
CM33_SPIN,1831,8,labsea,a_ice,0.00238
CM33_SPIN,1831,9,labsea,a_ice,0.00010
CM33_SPIN,1831,10,labsea,a_ice,0.00474
CM33_SPIN,1831,11,labsea,a_ice,0.05719
CM33_SPIN,1831,12,labsea,a_ice,0.14379
CM33_SPIN,1831,1,interior,a_ice,0.03686
CM33_SPIN,1831,2,interior,a_ice,0.03669
CM33_SPIN,1831,3,interior,a_ice,0.01749
CM33_SPIN,1831,4,interior,a_ice,0.03523
CM33_SPIN,1831,5,interior,a_ice,0.06443
CM33_SPIN,1831,6,interior,a_ice,0.01895
CM33_SPIN,1831,7,interior,a_ice,0.00070
CM33_SPIN,1831,8,interior,a_ice,0.00000
CM33_SPIN,1831,9,interior,a_ice,0.00000
CM33_SPIN,1831,10,interior,a_ice,0.00000
CM33_SPIN,1831,11,interior,a_ice,0.00009
CM33_SPIN,1831,12,interior,a_ice,0.01200
CM33_SPIN,1831,1,labsea,MLD2,1681.30680
CM33_SPIN,1831,2,labsea,MLD2,1723.74602
CM33_SPIN,1831,3,labsea,MLD2,1702.09615
CM33_SPIN,1831,4,labsea,MLD2,1540.82003
CM33_SPIN,1831,5,labsea,MLD2,837.38267
CM33_SPIN,1831,6,labsea,MLD2,38.50676
CM33_SPIN,1831,7,labsea,MLD2,14.73868
CM33_SPIN,1831,8,labsea,MLD2,18.62527
CM33_SPIN,1831,9,labsea,MLD2,26.30477
CM33_SPIN,1831,10,labsea,MLD2,48.93708
CM33_SPIN,1831,11,labsea,MLD2,609.09511
CM33_SPIN,1831,12,labsea,MLD2,1473.06765
CM33_SPIN,1831,1,interior,MLD2,2652.56398
CM33_SPIN,1831,2,interior,MLD2,2655.99003
CM33_SPIN,1831,3,interior,MLD2,2636.20466
CM33_SPIN,1831,4,interior,MLD2,2489.04219
CM33_SPIN,1831,5,interior,MLD2,1785.45381
CM33_SPIN,1831,6,interior,MLD2,54.64684
CM33_SPIN,1831,7,interior,MLD2,15.90188
CM33_SPIN,1831,8,interior,MLD2,20.70343
CM33_SPIN,1831,9,interior,MLD2,27.27785
CM33_SPIN,1831,10,interior,MLD2,63.71444
CM33_SPIN,1831,11,interior,MLD2,1569.78800
CM33_SPIN,1831,12,interior,MLD2,2618.74314
CM33_SPIN,1832,1,labsea,a_ice,0.17969
CM33_SPIN,1832,2,labsea,a_ice,0.22359
CM33_SPIN,1832,3,labsea,a_ice,0.26634
CM33_SPIN,1832,4,labsea,a_ice,0.23636
CM33_SPIN,1832,5,labsea,a_ice,0.20359
CM33_SPIN,1832,6,labsea,a_ice,0.10993
CM33_SPIN,1832,7,labsea,a_ice,0.02434
CM33_SPIN,1832,8,labsea,a_ice,0.00045
CM33_SPIN,1832,9,labsea,a_ice,0.00000
CM33_SPIN,1832,10,labsea,a_ice,0.00274
CM33_SPIN,1832,11,labsea,a_ice,0.02227
CM33_SPIN,1832,12,labsea,a_ice,0.10983
CM33_SPIN,1832,1,interior,a_ice,0.01474
CM33_SPIN,1832,2,interior,a_ice,0.05163
CM33_SPIN,1832,3,interior,a_ice,0.07622
CM33_SPIN,1832,4,interior,a_ice,0.03481
CM33_SPIN,1832,5,interior,a_ice,0.04090
CM33_SPIN,1832,6,interior,a_ice,0.02147
CM33_SPIN,1832,7,interior,a_ice,0.00146
CM33_SPIN,1832,8,interior,a_ice,0.00000
CM33_SPIN,1832,9,interior,a_ice,0.00000
CM33_SPIN,1832,10,interior,a_ice,0.00000
CM33_SPIN,1832,11,interior,a_ice,0.00000
CM33_SPIN,1832,12,interior,a_ice,0.00493
CM33_SPIN,1832,1,labsea,MLD2,1715.91843
CM33_SPIN,1832,2,labsea,MLD2,1709.38070
CM33_SPIN,1832,3,labsea,MLD2,1630.76474
CM33_SPIN,1832,4,labsea,MLD2,1546.50441
CM33_SPIN,1832,5,labsea,MLD2,1085.39985
CM33_SPIN,1832,6,labsea,MLD2,101.16259
CM33_SPIN,1832,7,labsea,MLD2,15.40623
CM33_SPIN,1832,8,labsea,MLD2,15.61138
CM33_SPIN,1832,9,labsea,MLD2,23.40305
CM33_SPIN,1832,10,labsea,MLD2,47.02413
CM33_SPIN,1832,11,labsea,MLD2,364.85910
CM33_SPIN,1832,12,labsea,MLD2,1521.52284
CM33_SPIN,1832,1,interior,MLD2,2683.46119
CM33_SPIN,1832,2,interior,MLD2,2631.85741
CM33_SPIN,1832,3,interior,MLD2,2548.44511
CM33_SPIN,1832,4,interior,MLD2,2483.66218
CM33_SPIN,1832,5,interior,MLD2,2041.00391
CM33_SPIN,1832,6,interior,MLD2,291.48939
CM33_SPIN,1832,7,interior,MLD2,18.06926
CM33_SPIN,1832,8,interior,MLD2,16.66695
CM33_SPIN,1832,9,interior,MLD2,24.79082
CM33_SPIN,1832,10,interior,MLD2,68.82206
CM33_SPIN,1832,11,interior,MLD2,915.03716
CM33_SPIN,1832,12,interior,MLD2,2601.10020
CM33_SPIN,1833,1,labsea,a_ice,0.18535
CM33_SPIN,1833,2,labsea,a_ice,0.23121
CM33_SPIN,1833,3,labsea,a_ice,0.25523
CM33_SPIN,1833,4,labsea,a_ice,0.25182
CM33_SPIN,1833,5,labsea,a_ice,0.23374
CM33_SPIN,1833,6,labsea,a_ice,0.14216
CM33_SPIN,1833,7,labsea,a_ice,0.04665
CM33_SPIN,1833,8,labsea,a_ice,0.01241
CM33_SPIN,1833,9,labsea,a_ice,0.00015
CM33_SPIN,1833,10,labsea,a_ice,0.00774
CM33_SPIN,1833,11,labsea,a_ice,0.05181
CM33_SPIN,1833,12,labsea,a_ice,0.15593
CM33_SPIN,1833,1,interior,a_ice,0.02553
CM33_SPIN,1833,2,interior,a_ice,0.05597
CM33_SPIN,1833,3,interior,a_ice,0.06892
CM33_SPIN,1833,4,interior,a_ice,0.05963
CM33_SPIN,1833,5,interior,a_ice,0.08487
CM33_SPIN,1833,6,interior,a_ice,0.01731
CM33_SPIN,1833,7,interior,a_ice,0.00100
CM33_SPIN,1833,8,interior,a_ice,0.00000
CM33_SPIN,1833,9,interior,a_ice,0.00000
CM33_SPIN,1833,10,interior,a_ice,0.00000
CM33_SPIN,1833,11,interior,a_ice,0.00020
CM33_SPIN,1833,12,interior,a_ice,0.01222
CM33_SPIN,1833,1,labsea,MLD2,1729.06817
CM33_SPIN,1833,2,labsea,MLD2,1640.41900
CM33_SPIN,1833,3,labsea,MLD2,1521.91804
CM33_SPIN,1833,4,labsea,MLD2,1331.64707
CM33_SPIN,1833,5,labsea,MLD2,795.80979
CM33_SPIN,1833,6,labsea,MLD2,24.73960
CM33_SPIN,1833,7,labsea,MLD2,12.39143
CM33_SPIN,1833,8,labsea,MLD2,16.24587
CM33_SPIN,1833,9,labsea,MLD2,25.35085
CM33_SPIN,1833,10,labsea,MLD2,50.41057
CM33_SPIN,1833,11,labsea,MLD2,509.01407
CM33_SPIN,1833,12,labsea,MLD2,1482.71353
CM33_SPIN,1833,1,interior,MLD2,2669.72856
CM33_SPIN,1833,2,interior,MLD2,2508.96064
CM33_SPIN,1833,3,interior,MLD2,2415.20458
CM33_SPIN,1833,4,interior,MLD2,2035.04423
CM33_SPIN,1833,5,interior,MLD2,1339.18546
CM33_SPIN,1833,6,interior,MLD2,50.38517
CM33_SPIN,1833,7,interior,MLD2,13.94067
CM33_SPIN,1833,8,interior,MLD2,19.85101
CM33_SPIN,1833,9,interior,MLD2,30.05864
CM33_SPIN,1833,10,interior,MLD2,79.63268
CM33_SPIN,1833,11,interior,MLD2,1351.15548
CM33_SPIN,1833,12,interior,MLD2,2561.88032
CM33_SPIN,1834,1,labsea,a_ice,0.22375
CM33_SPIN,1834,2,labsea,a_ice,0.24467
CM33_SPIN,1834,3,labsea,a_ice,0.26760
CM33_SPIN,1834,4,labsea,a_ice,0.23950
CM33_SPIN,1834,5,labsea,a_ice,0.17213
CM33_SPIN,1834,6,labsea,a_ice,0.08195
CM33_SPIN,1834,7,labsea,a_ice,0.01803
CM33_SPIN,1834,8,labsea,a_ice,0.00027
CM33_SPIN,1834,9,labsea,a_ice,0.00198
CM33_SPIN,1834,10,labsea,a_ice,0.01188
CM33_SPIN,1834,11,labsea,a_ice,0.10300
CM33_SPIN,1834,12,labsea,a_ice,0.21378
CM33_SPIN,1834,1,interior,a_ice,0.04177
CM33_SPIN,1834,2,interior,a_ice,0.07627
CM33_SPIN,1834,3,interior,a_ice,0.06329
CM33_SPIN,1834,4,interior,a_ice,0.05790
CM33_SPIN,1834,5,interior,a_ice,0.04797
CM33_SPIN,1834,6,interior,a_ice,0.01606
CM33_SPIN,1834,7,interior,a_ice,0.00026
CM33_SPIN,1834,8,interior,a_ice,0.00000
CM33_SPIN,1834,9,interior,a_ice,0.00000
CM33_SPIN,1834,10,interior,a_ice,0.00001
CM33_SPIN,1834,11,interior,a_ice,0.00682
CM33_SPIN,1834,12,interior,a_ice,0.04576
CM33_SPIN,1834,1,labsea,MLD2,1671.29730
CM33_SPIN,1834,2,labsea,MLD2,1471.11808
CM33_SPIN,1834,3,labsea,MLD2,1548.86549
CM33_SPIN,1834,4,labsea,MLD2,1590.73961
CM33_SPIN,1834,5,labsea,MLD2,611.08687
CM33_SPIN,1834,6,labsea,MLD2,19.72073
CM33_SPIN,1834,7,labsea,MLD2,15.14443
CM33_SPIN,1834,8,labsea,MLD2,17.81417
CM33_SPIN,1834,9,labsea,MLD2,26.19486
CM33_SPIN,1834,10,labsea,MLD2,132.78510
CM33_SPIN,1834,11,labsea,MLD2,764.83668
CM33_SPIN,1834,12,labsea,MLD2,1277.74433
CM33_SPIN,1834,1,interior,MLD2,2592.55661
CM33_SPIN,1834,2,interior,MLD2,2323.03502
CM33_SPIN,1834,3,interior,MLD2,2492.05645
CM33_SPIN,1834,4,interior,MLD2,2493.33399
CM33_SPIN,1834,5,interior,MLD2,1259.08740
CM33_SPIN,1834,6,interior,MLD2,22.21472
CM33_SPIN,1834,7,interior,MLD2,18.15722
CM33_SPIN,1834,8,interior,MLD2,21.00603
CM33_SPIN,1834,9,interior,MLD2,29.22557
CM33_SPIN,1834,10,interior,MLD2,336.95826
CM33_SPIN,1834,11,interior,MLD2,1940.46496
CM33_SPIN,1834,12,interior,MLD2,2132.62048
CM33_SPIN,1835,1,labsea,a_ice,0.25652
CM33_SPIN,1835,2,labsea,a_ice,0.30146
CM33_SPIN,1835,3,labsea,a_ice,0.25461
CM33_SPIN,1835,4,labsea,a_ice,0.23829
CM33_SPIN,1835,5,labsea,a_ice,0.19005
CM33_SPIN,1835,6,labsea,a_ice,0.09778
CM33_SPIN,1835,7,labsea,a_ice,0.03951
CM33_SPIN,1835,8,labsea,a_ice,0.00347
CM33_SPIN,1835,9,labsea,a_ice,0.00010
CM33_SPIN,1835,10,labsea,a_ice,0.00362
CM33_SPIN,1835,11,labsea,a_ice,0.08352
CM33_SPIN,1835,12,labsea,a_ice,0.19000
CM33_SPIN,1835,1,interior,a_ice,0.07737
CM33_SPIN,1835,2,interior,a_ice,0.07235
CM33_SPIN,1835,3,interior,a_ice,0.06389
CM33_SPIN,1835,4,interior,a_ice,0.06393
CM33_SPIN,1835,5,interior,a_ice,0.05262
CM33_SPIN,1835,6,interior,a_ice,0.00372
CM33_SPIN,1835,7,interior,a_ice,0.00358
CM33_SPIN,1835,8,interior,a_ice,0.00003
CM33_SPIN,1835,9,interior,a_ice,0.00000
CM33_SPIN,1835,10,interior,a_ice,0.00013
CM33_SPIN,1835,11,interior,a_ice,0.00609
CM33_SPIN,1835,12,interior,a_ice,0.02197
CM33_SPIN,1835,1,labsea,MLD2,1512.08907
CM33_SPIN,1835,2,labsea,MLD2,1536.35142
CM33_SPIN,1835,3,labsea,MLD2,1394.25078
CM33_SPIN,1835,4,labsea,MLD2,1490.37559
CM33_SPIN,1835,5,labsea,MLD2,1215.44409
CM33_SPIN,1835,6,labsea,MLD2,255.19397
CM33_SPIN,1835,7,labsea,MLD2,16.78285
CM33_SPIN,1835,8,labsea,MLD2,15.87820
CM33_SPIN,1835,9,labsea,MLD2,23.72177
CM33_SPIN,1835,10,labsea,MLD2,35.79506
CM33_SPIN,1835,11,labsea,MLD2,457.16701
CM33_SPIN,1835,12,labsea,MLD2,1440.88181
CM33_SPIN,1835,1,interior,MLD2,2430.31515
CM33_SPIN,1835,2,interior,MLD2,2546.91079
CM33_SPIN,1835,3,interior,MLD2,2375.21584
CM33_SPIN,1835,4,interior,MLD2,2443.77209
CM33_SPIN,1835,5,interior,MLD2,2228.30949
CM33_SPIN,1835,6,interior,MLD2,813.94800
CM33_SPIN,1835,7,interior,MLD2,19.42698
CM33_SPIN,1835,8,interior,MLD2,19.20776
CM33_SPIN,1835,9,interior,MLD2,27.80647
CM33_SPIN,1835,10,interior,MLD2,44.23412
CM33_SPIN,1835,11,interior,MLD2,1180.28869
CM33_SPIN,1835,12,interior,MLD2,2511.20347
CM33_SPIN,1836,1,labsea,a_ice,0.30346
CM33_SPIN,1836,2,labsea,a_ice,0.41890
CM33_SPIN,1836,3,labsea,a_ice,0.41061
CM33_SPIN,1836,4,labsea,a_ice,0.31637
CM33_SPIN,1836,5,labsea,a_ice,0.20360
CM33_SPIN,1836,6,labsea,a_ice,0.08697
CM33_SPIN,1836,7,labsea,a_ice,0.02753
CM33_SPIN,1836,8,labsea,a_ice,0.00157
CM33_SPIN,1836,9,labsea,a_ice,0.00000
CM33_SPIN,1836,10,labsea,a_ice,0.00826
CM33_SPIN,1836,11,labsea,a_ice,0.04287
CM33_SPIN,1836,12,labsea,a_ice,0.16031
CM33_SPIN,1836,1,interior,a_ice,0.15141
CM33_SPIN,1836,2,interior,a_ice,0.28977
CM33_SPIN,1836,3,interior,a_ice,0.32646
CM33_SPIN,1836,4,interior,a_ice,0.15396
CM33_SPIN,1836,5,interior,a_ice,0.10124
CM33_SPIN,1836,6,interior,a_ice,0.02466
CM33_SPIN,1836,7,interior,a_ice,0.00067
CM33_SPIN,1836,8,interior,a_ice,0.00000
CM33_SPIN,1836,9,interior,a_ice,0.00000
CM33_SPIN,1836,10,interior,a_ice,0.00000
CM33_SPIN,1836,11,interior,a_ice,0.00075
CM33_SPIN,1836,12,interior,a_ice,0.02842
CM33_SPIN,1836,1,labsea,MLD2,1348.05637
CM33_SPIN,1836,2,labsea,MLD2,1190.15235
CM33_SPIN,1836,3,labsea,MLD2,966.10847
CM33_SPIN,1836,4,labsea,MLD2,677.68481
CM33_SPIN,1836,5,labsea,MLD2,244.04834
CM33_SPIN,1836,6,labsea,MLD2,16.73886
CM33_SPIN,1836,7,labsea,MLD2,15.19568
CM33_SPIN,1836,8,labsea,MLD2,16.17323
CM33_SPIN,1836,9,labsea,MLD2,20.57103
CM33_SPIN,1836,10,labsea,MLD2,37.56797
CM33_SPIN,1836,11,labsea,MLD2,183.35560
CM33_SPIN,1836,12,labsea,MLD2,1257.16525
CM33_SPIN,1836,1,interior,MLD2,1819.71044
CM33_SPIN,1836,2,interior,MLD2,1637.39032
CM33_SPIN,1836,3,interior,MLD2,1312.62616
CM33_SPIN,1836,4,interior,MLD2,1007.46123
CM33_SPIN,1836,5,interior,MLD2,522.24526
CM33_SPIN,1836,6,interior,MLD2,18.67540
CM33_SPIN,1836,7,interior,MLD2,16.63821
CM33_SPIN,1836,8,interior,MLD2,17.10716
CM33_SPIN,1836,9,interior,MLD2,20.23045
CM33_SPIN,1836,10,interior,MLD2,34.32689
CM33_SPIN,1836,11,interior,MLD2,229.70959
CM33_SPIN,1836,12,interior,MLD2,2301.38775
CM33_SPIN,1837,1,labsea,a_ice,0.22661
CM33_SPIN,1837,2,labsea,a_ice,0.23498
CM33_SPIN,1837,3,labsea,a_ice,0.27234
CM33_SPIN,1837,4,labsea,a_ice,0.37260
CM33_SPIN,1837,5,labsea,a_ice,0.28930
CM33_SPIN,1837,6,labsea,a_ice,0.17406
CM33_SPIN,1837,7,labsea,a_ice,0.07037
CM33_SPIN,1837,8,labsea,a_ice,0.01112
CM33_SPIN,1837,9,labsea,a_ice,0.00118
CM33_SPIN,1837,10,labsea,a_ice,0.01469
CM33_SPIN,1837,11,labsea,a_ice,0.11682
CM33_SPIN,1837,12,labsea,a_ice,0.21685
CM33_SPIN,1837,1,interior,a_ice,0.05871
CM33_SPIN,1837,2,interior,a_ice,0.05480
CM33_SPIN,1837,3,interior,a_ice,0.11036
CM33_SPIN,1837,4,interior,a_ice,0.27328
CM33_SPIN,1837,5,interior,a_ice,0.14525
CM33_SPIN,1837,6,interior,a_ice,0.03907
CM33_SPIN,1837,7,interior,a_ice,0.01699
CM33_SPIN,1837,8,interior,a_ice,0.00002
CM33_SPIN,1837,9,interior,a_ice,0.00000
CM33_SPIN,1837,10,interior,a_ice,0.00000
CM33_SPIN,1837,11,interior,a_ice,0.01317
CM33_SPIN,1837,12,interior,a_ice,0.04573
CM33_SPIN,1837,1,labsea,MLD2,1650.74565
CM33_SPIN,1837,2,labsea,MLD2,1609.93207
CM33_SPIN,1837,3,labsea,MLD2,1386.43183
CM33_SPIN,1837,4,labsea,MLD2,1155.71955
CM33_SPIN,1837,5,labsea,MLD2,520.22224
CM33_SPIN,1837,6,labsea,MLD2,21.26091
CM33_SPIN,1837,7,labsea,MLD2,13.24816
CM33_SPIN,1837,8,labsea,MLD2,14.66260
CM33_SPIN,1837,9,labsea,MLD2,22.15634
CM33_SPIN,1837,10,labsea,MLD2,34.05124
CM33_SPIN,1837,11,labsea,MLD2,675.68877
CM33_SPIN,1837,12,labsea,MLD2,1376.53815
CM33_SPIN,1837,1,interior,MLD2,2593.14856
CM33_SPIN,1837,2,interior,MLD2,2539.57845
CM33_SPIN,1837,3,interior,MLD2,1899.45535
CM33_SPIN,1837,4,interior,MLD2,1346.77188
CM33_SPIN,1837,5,interior,MLD2,742.30816
CM33_SPIN,1837,6,interior,MLD2,32.39585
CM33_SPIN,1837,7,interior,MLD2,14.37627
CM33_SPIN,1837,8,interior,MLD2,16.18571
CM33_SPIN,1837,9,interior,MLD2,23.65770
CM33_SPIN,1837,10,interior,MLD2,36.02699
CM33_SPIN,1837,11,interior,MLD2,1196.13190
CM33_SPIN,1837,12,interior,MLD2,2525.64058
CM33_SPIN,1838,1,labsea,a_ice,0.30210
CM33_SPIN,1838,2,labsea,a_ice,0.38968
CM33_SPIN,1838,3,labsea,a_ice,0.36707
CM33_SPIN,1838,4,labsea,a_ice,0.32717
CM33_SPIN,1838,5,labsea,a_ice,0.21715
CM33_SPIN,1838,6,labsea,a_ice,0.09987
CM33_SPIN,1838,7,labsea,a_ice,0.04108
CM33_SPIN,1838,8,labsea,a_ice,0.01123
CM33_SPIN,1838,9,labsea,a_ice,0.00143
CM33_SPIN,1838,10,labsea,a_ice,0.00049
CM33_SPIN,1838,11,labsea,a_ice,0.03352
CM33_SPIN,1838,12,labsea,a_ice,0.12398
CM33_SPIN,1838,1,interior,a_ice,0.09095
CM33_SPIN,1838,2,interior,a_ice,0.25222
CM33_SPIN,1838,3,interior,a_ice,0.27608
CM33_SPIN,1838,4,interior,a_ice,0.15944
CM33_SPIN,1838,5,interior,a_ice,0.09916
CM33_SPIN,1838,6,interior,a_ice,0.02873
CM33_SPIN,1838,7,interior,a_ice,0.00142
CM33_SPIN,1838,8,interior,a_ice,0.00000
CM33_SPIN,1838,9,interior,a_ice,0.00000
CM33_SPIN,1838,10,interior,a_ice,0.00000
CM33_SPIN,1838,11,interior,a_ice,0.00006
CM33_SPIN,1838,12,interior,a_ice,0.00561
CM33_SPIN,1838,1,labsea,MLD2,1434.82529
CM33_SPIN,1838,2,labsea,MLD2,1322.63833
CM33_SPIN,1838,3,labsea,MLD2,1153.50611
CM33_SPIN,1838,4,labsea,MLD2,1135.55834
CM33_SPIN,1838,5,labsea,MLD2,681.36375
CM33_SPIN,1838,6,labsea,MLD2,104.63391
CM33_SPIN,1838,7,labsea,MLD2,15.91913
CM33_SPIN,1838,8,labsea,MLD2,12.12871
CM33_SPIN,1838,9,labsea,MLD2,20.58809
CM33_SPIN,1838,10,labsea,MLD2,30.06269
CM33_SPIN,1838,11,labsea,MLD2,243.29031
CM33_SPIN,1838,12,labsea,MLD2,1510.29067
CM33_SPIN,1838,1,interior,MLD2,2355.40497
CM33_SPIN,1838,2,interior,MLD2,1943.58484
CM33_SPIN,1838,3,interior,MLD2,1567.87242
CM33_SPIN,1838,4,interior,MLD2,1769.99100
CM33_SPIN,1838,5,interior,MLD2,1189.39827
CM33_SPIN,1838,6,interior,MLD2,313.69227
CM33_SPIN,1838,7,interior,MLD2,18.96465
CM33_SPIN,1838,8,interior,MLD2,13.36207
CM33_SPIN,1838,9,interior,MLD2,21.88564
CM33_SPIN,1838,10,interior,MLD2,29.20347
CM33_SPIN,1838,11,interior,MLD2,476.13303
CM33_SPIN,1838,12,interior,MLD2,2576.21483
CM33_SPIN,1839,1,labsea,a_ice,0.19834
CM33_SPIN,1839,2,labsea,a_ice,0.26224
CM33_SPIN,1839,3,labsea,a_ice,0.36972
CM33_SPIN,1839,4,labsea,a_ice,0.32509
CM33_SPIN,1839,5,labsea,a_ice,0.26158
CM33_SPIN,1839,6,labsea,a_ice,0.15657
CM33_SPIN,1839,7,labsea,a_ice,0.05271
CM33_SPIN,1839,8,labsea,a_ice,0.01214
CM33_SPIN,1839,9,labsea,a_ice,0.00155
CM33_SPIN,1839,10,labsea,a_ice,0.01595
CM33_SPIN,1839,11,labsea,a_ice,0.06120
CM33_SPIN,1839,12,labsea,a_ice,0.13723
CM33_SPIN,1839,1,interior,a_ice,0.02819
CM33_SPIN,1839,2,interior,a_ice,0.08782
CM33_SPIN,1839,3,interior,a_ice,0.20265
CM33_SPIN,1839,4,interior,a_ice,0.15676
CM33_SPIN,1839,5,interior,a_ice,0.06647
CM33_SPIN,1839,6,interior,a_ice,0.04423
CM33_SPIN,1839,7,interior,a_ice,0.00551
CM33_SPIN,1839,8,interior,a_ice,0.00000
CM33_SPIN,1839,9,interior,a_ice,0.00000
CM33_SPIN,1839,10,interior,a_ice,0.00000
CM33_SPIN,1839,11,interior,a_ice,0.00245
CM33_SPIN,1839,12,interior,a_ice,0.02463
CM33_SPIN,1839,1,labsea,MLD2,1655.81363
CM33_SPIN,1839,2,labsea,MLD2,1553.76603
CM33_SPIN,1839,3,labsea,MLD2,1424.71537
CM33_SPIN,1839,4,labsea,MLD2,1283.98486
CM33_SPIN,1839,5,labsea,MLD2,996.16973
CM33_SPIN,1839,6,labsea,MLD2,106.98815
CM33_SPIN,1839,7,labsea,MLD2,14.94231
CM33_SPIN,1839,8,labsea,MLD2,14.81843
CM33_SPIN,1839,9,labsea,MLD2,23.29789
CM33_SPIN,1839,10,labsea,MLD2,85.21962
CM33_SPIN,1839,11,labsea,MLD2,596.43043
CM33_SPIN,1839,12,labsea,MLD2,1279.54961
CM33_SPIN,1839,1,interior,MLD2,2579.76299
CM33_SPIN,1839,2,interior,MLD2,2312.38535
CM33_SPIN,1839,3,interior,MLD2,2063.47829
CM33_SPIN,1839,4,interior,MLD2,2045.37148
CM33_SPIN,1839,5,interior,MLD2,1958.41617
CM33_SPIN,1839,6,interior,MLD2,325.78576
CM33_SPIN,1839,7,interior,MLD2,18.05717
CM33_SPIN,1839,8,interior,MLD2,17.07669
CM33_SPIN,1839,9,interior,MLD2,24.62550
CM33_SPIN,1839,10,interior,MLD2,208.12219
CM33_SPIN,1839,11,interior,MLD2,1690.04578
CM33_SPIN,1839,12,interior,MLD2,2569.14007
CM33_SPIN,1840,1,labsea,a_ice,0.20867
CM33_SPIN,1840,2,labsea,a_ice,0.22640
CM33_SPIN,1840,3,labsea,a_ice,0.26382
CM33_SPIN,1840,4,labsea,a_ice,0.25417
CM33_SPIN,1840,5,labsea,a_ice,0.20087
CM33_SPIN,1840,6,labsea,a_ice,0.11634
CM33_SPIN,1840,7,labsea,a_ice,0.02758
CM33_SPIN,1840,8,labsea,a_ice,0.00076
CM33_SPIN,1840,9,labsea,a_ice,0.00000
CM33_SPIN,1840,10,labsea,a_ice,0.00648
CM33_SPIN,1840,11,labsea,a_ice,0.09646
CM33_SPIN,1840,12,labsea,a_ice,0.27236
CM33_SPIN,1840,1,interior,a_ice,0.04876
CM33_SPIN,1840,2,interior,a_ice,0.06359
CM33_SPIN,1840,3,interior,a_ice,0.06159
CM33_SPIN,1840,4,interior,a_ice,0.04029
CM33_SPIN,1840,5,interior,a_ice,0.05405
CM33_SPIN,1840,6,interior,a_ice,0.01215
CM33_SPIN,1840,7,interior,a_ice,0.00226
CM33_SPIN,1840,8,interior,a_ice,0.00000
CM33_SPIN,1840,9,interior,a_ice,0.00000
CM33_SPIN,1840,10,interior,a_ice,0.00000
CM33_SPIN,1840,11,interior,a_ice,0.00415
CM33_SPIN,1840,12,interior,a_ice,0.10681
CM33_SPIN,1840,1,labsea,MLD2,1668.64336
CM33_SPIN,1840,2,labsea,MLD2,1637.92930
CM33_SPIN,1840,3,labsea,MLD2,1480.36727
CM33_SPIN,1840,4,labsea,MLD2,1484.68248
CM33_SPIN,1840,5,labsea,MLD2,941.48501
CM33_SPIN,1840,6,labsea,MLD2,31.17534
CM33_SPIN,1840,7,labsea,MLD2,16.04750
CM33_SPIN,1840,8,labsea,MLD2,15.66451
CM33_SPIN,1840,9,labsea,MLD2,23.78379
CM33_SPIN,1840,10,labsea,MLD2,161.63061
CM33_SPIN,1840,11,labsea,MLD2,830.54811
CM33_SPIN,1840,12,labsea,MLD2,1479.63058
CM33_SPIN,1840,1,interior,MLD2,2606.26434
CM33_SPIN,1840,2,interior,MLD2,2495.46669
CM33_SPIN,1840,3,interior,MLD2,2266.34296
CM33_SPIN,1840,4,interior,MLD2,2385.32917
CM33_SPIN,1840,5,interior,MLD2,1816.26019
CM33_SPIN,1840,6,interior,MLD2,74.58562
CM33_SPIN,1840,7,interior,MLD2,18.90289
CM33_SPIN,1840,8,interior,MLD2,18.47175
CM33_SPIN,1840,9,interior,MLD2,27.83495
CM33_SPIN,1840,10,interior,MLD2,411.09558
CM33_SPIN,1840,11,interior,MLD2,1971.97287
CM33_SPIN,1840,12,interior,MLD2,2423.77633
CM33_SPIN,1841,1,labsea,a_ice,0.31375
CM33_SPIN,1841,2,labsea,a_ice,0.33026
CM33_SPIN,1841,3,labsea,a_ice,0.27400
CM33_SPIN,1841,4,labsea,a_ice,0.24826
CM33_SPIN,1841,5,labsea,a_ice,0.21372
CM33_SPIN,1841,6,labsea,a_ice,0.14773
CM33_SPIN,1841,7,labsea,a_ice,0.06459
CM33_SPIN,1841,8,labsea,a_ice,0.01867
CM33_SPIN,1841,9,labsea,a_ice,0.00492
CM33_SPIN,1841,10,labsea,a_ice,0.01388
CM33_SPIN,1841,11,labsea,a_ice,0.08862
CM33_SPIN,1841,12,labsea,a_ice,0.19508
CM33_SPIN,1841,1,interior,a_ice,0.11357
CM33_SPIN,1841,2,interior,a_ice,0.07145
CM33_SPIN,1841,3,interior,a_ice,0.06905
CM33_SPIN,1841,4,interior,a_ice,0.04770
CM33_SPIN,1841,5,interior,a_ice,0.03758
CM33_SPIN,1841,6,interior,a_ice,0.01886
CM33_SPIN,1841,7,interior,a_ice,0.00096
CM33_SPIN,1841,8,interior,a_ice,0.00024
CM33_SPIN,1841,9,interior,a_ice,0.00000
CM33_SPIN,1841,10,interior,a_ice,0.00050
CM33_SPIN,1841,11,interior,a_ice,0.00335
CM33_SPIN,1841,12,interior,a_ice,0.03810
CM33_SPIN,1841,1,labsea,MLD2,1546.34990
CM33_SPIN,1841,2,labsea,MLD2,1627.81353
CM33_SPIN,1841,3,labsea,MLD2,1663.76722
CM33_SPIN,1841,4,labsea,MLD2,1667.28540
CM33_SPIN,1841,5,labsea,MLD2,925.11805
CM33_SPIN,1841,6,labsea,MLD2,38.30421
CM33_SPIN,1841,7,labsea,MLD2,14.68264
CM33_SPIN,1841,8,labsea,MLD2,15.59655
CM33_SPIN,1841,9,labsea,MLD2,21.70991
CM33_SPIN,1841,10,labsea,MLD2,48.67080
CM33_SPIN,1841,11,labsea,MLD2,684.19030
CM33_SPIN,1841,12,labsea,MLD2,1234.40732
CM33_SPIN,1841,1,interior,MLD2,2388.93297
CM33_SPIN,1841,2,interior,MLD2,2573.13310
CM33_SPIN,1841,3,interior,MLD2,2566.24372
CM33_SPIN,1841,4,interior,MLD2,2595.93087
CM33_SPIN,1841,5,interior,MLD2,1696.23855
CM33_SPIN,1841,6,interior,MLD2,71.69148
CM33_SPIN,1841,7,interior,MLD2,17.42399
CM33_SPIN,1841,8,interior,MLD2,17.14003
CM33_SPIN,1841,9,interior,MLD2,24.88062
CM33_SPIN,1841,10,interior,MLD2,71.38996
CM33_SPIN,1841,11,interior,MLD2,1670.26605
CM33_SPIN,1841,12,interior,MLD2,2160.51779
CM33_SPIN,1842,1,labsea,a_ice,0.36023
CM33_SPIN,1842,2,labsea,a_ice,0.43723
CM33_SPIN,1842,3,labsea,a_ice,0.43987
CM33_SPIN,1842,4,labsea,a_ice,0.29554
CM33_SPIN,1842,5,labsea,a_ice,0.22273
CM33_SPIN,1842,6,labsea,a_ice,0.17211
CM33_SPIN,1842,7,labsea,a_ice,0.07020
CM33_SPIN,1842,8,labsea,a_ice,0.01448
CM33_SPIN,1842,9,labsea,a_ice,0.00195
CM33_SPIN,1842,10,labsea,a_ice,0.00352
CM33_SPIN,1842,11,labsea,a_ice,0.04993
CM33_SPIN,1842,12,labsea,a_ice,0.18155
CM33_SPIN,1842,1,interior,a_ice,0.24194
CM33_SPIN,1842,2,interior,a_ice,0.40365
CM33_SPIN,1842,3,interior,a_ice,0.42157
CM33_SPIN,1842,4,interior,a_ice,0.09702
CM33_SPIN,1842,5,interior,a_ice,0.06438
CM33_SPIN,1842,6,interior,a_ice,0.05416
CM33_SPIN,1842,7,interior,a_ice,0.01657
CM33_SPIN,1842,8,interior,a_ice,0.00003
CM33_SPIN,1842,9,interior,a_ice,0.00000
CM33_SPIN,1842,10,interior,a_ice,0.00001
CM33_SPIN,1842,11,interior,a_ice,0.00039
CM33_SPIN,1842,12,interior,a_ice,0.04123
CM33_SPIN,1842,1,labsea,MLD2,1304.90471
CM33_SPIN,1842,2,labsea,MLD2,1113.56706
CM33_SPIN,1842,3,labsea,MLD2,948.01552
CM33_SPIN,1842,4,labsea,MLD2,1128.06230
CM33_SPIN,1842,5,labsea,MLD2,939.34138
CM33_SPIN,1842,6,labsea,MLD2,187.52694
CM33_SPIN,1842,7,labsea,MLD2,15.59148
CM33_SPIN,1842,8,labsea,MLD2,14.06245
CM33_SPIN,1842,9,labsea,MLD2,20.19131
CM33_SPIN,1842,10,labsea,MLD2,33.70671
CM33_SPIN,1842,11,labsea,MLD2,524.75916
CM33_SPIN,1842,12,labsea,MLD2,1595.25021
CM33_SPIN,1842,1,interior,MLD2,1877.97171
CM33_SPIN,1842,2,interior,MLD2,1375.91722
CM33_SPIN,1842,3,interior,MLD2,1107.86259
CM33_SPIN,1842,4,interior,MLD2,1533.90101
CM33_SPIN,1842,5,interior,MLD2,1372.82559
CM33_SPIN,1842,6,interior,MLD2,354.99149
CM33_SPIN,1842,7,interior,MLD2,17.72596
CM33_SPIN,1842,8,interior,MLD2,16.40643
CM33_SPIN,1842,9,interior,MLD2,22.69014
CM33_SPIN,1842,10,interior,MLD2,39.27696
CM33_SPIN,1842,11,interior,MLD2,1207.63073
CM33_SPIN,1842,12,interior,MLD2,2602.13285
CM33_SPIN,1843,1,labsea,a_ice,0.31520
CM33_SPIN,1843,2,labsea,a_ice,0.37893
CM33_SPIN,1843,3,labsea,a_ice,0.39911
CM33_SPIN,1843,4,labsea,a_ice,0.22971
CM33_SPIN,1843,5,labsea,a_ice,0.18753
CM33_SPIN,1843,6,labsea,a_ice,0.15813
CM33_SPIN,1843,7,labsea,a_ice,0.04636
CM33_SPIN,1843,8,labsea,a_ice,0.00262
CM33_SPIN,1843,9,labsea,a_ice,0.00114
CM33_SPIN,1843,10,labsea,a_ice,0.00539
CM33_SPIN,1843,11,labsea,a_ice,0.03366
CM33_SPIN,1843,12,labsea,a_ice,0.13056
CM33_SPIN,1843,1,interior,a_ice,0.17426
CM33_SPIN,1843,2,interior,a_ice,0.24637
CM33_SPIN,1843,3,interior,a_ice,0.23664
CM33_SPIN,1843,4,interior,a_ice,0.07575
CM33_SPIN,1843,5,interior,a_ice,0.05778
CM33_SPIN,1843,6,interior,a_ice,0.05601
CM33_SPIN,1843,7,interior,a_ice,0.00932
CM33_SPIN,1843,8,interior,a_ice,0.00000
CM33_SPIN,1843,9,interior,a_ice,0.00000
CM33_SPIN,1843,10,interior,a_ice,0.00000
CM33_SPIN,1843,11,interior,a_ice,0.00005
CM33_SPIN,1843,12,interior,a_ice,0.01732
CM33_SPIN,1843,1,labsea,MLD2,1534.89318
CM33_SPIN,1843,2,labsea,MLD2,1428.21791
CM33_SPIN,1843,3,labsea,MLD2,1218.57219
CM33_SPIN,1843,4,labsea,MLD2,795.00394
CM33_SPIN,1843,5,labsea,MLD2,353.85072
CM33_SPIN,1843,6,labsea,MLD2,24.32050
CM33_SPIN,1843,7,labsea,MLD2,15.00948
CM33_SPIN,1843,8,labsea,MLD2,16.76376
CM33_SPIN,1843,9,labsea,MLD2,19.34994
CM33_SPIN,1843,10,labsea,MLD2,36.71016
CM33_SPIN,1843,11,labsea,MLD2,146.31129
CM33_SPIN,1843,12,labsea,MLD2,1214.18080
CM33_SPIN,1843,1,interior,MLD2,2324.77622
CM33_SPIN,1843,2,interior,MLD2,2140.74591
CM33_SPIN,1843,3,interior,MLD2,1864.08795
CM33_SPIN,1843,4,interior,MLD2,1246.14322
CM33_SPIN,1843,5,interior,MLD2,709.44892
CM33_SPIN,1843,6,interior,MLD2,37.71094
CM33_SPIN,1843,7,interior,MLD2,18.65252
CM33_SPIN,1843,8,interior,MLD2,17.95742
CM33_SPIN,1843,9,interior,MLD2,20.05057
CM33_SPIN,1843,10,interior,MLD2,34.90200
CM33_SPIN,1843,11,interior,MLD2,179.92548
CM33_SPIN,1843,12,interior,MLD2,2111.66465
CM33_SPIN,1844,1,labsea,a_ice,0.19851
CM33_SPIN,1844,2,labsea,a_ice,0.24679
CM33_SPIN,1844,3,labsea,a_ice,0.23842
CM33_SPIN,1844,4,labsea,a_ice,0.22336
CM33_SPIN,1844,5,labsea,a_ice,0.16646
CM33_SPIN,1844,6,labsea,a_ice,0.05788
CM33_SPIN,1844,7,labsea,a_ice,0.01005
CM33_SPIN,1844,8,labsea,a_ice,0.00003
CM33_SPIN,1844,9,labsea,a_ice,0.00029
CM33_SPIN,1844,10,labsea,a_ice,0.00642
CM33_SPIN,1844,11,labsea,a_ice,0.05458
CM33_SPIN,1844,12,labsea,a_ice,0.17909
CM33_SPIN,1844,1,interior,a_ice,0.02103
CM33_SPIN,1844,2,interior,a_ice,0.06515
CM33_SPIN,1844,3,interior,a_ice,0.05254
CM33_SPIN,1844,4,interior,a_ice,0.08748
CM33_SPIN,1844,5,interior,a_ice,0.07289
CM33_SPIN,1844,6,interior,a_ice,0.00493
CM33_SPIN,1844,7,interior,a_ice,0.00000
CM33_SPIN,1844,8,interior,a_ice,0.00000
CM33_SPIN,1844,9,interior,a_ice,0.00000
CM33_SPIN,1844,10,interior,a_ice,0.00000
CM33_SPIN,1844,11,interior,a_ice,0.00037
CM33_SPIN,1844,12,interior,a_ice,0.01251
CM33_SPIN,1844,1,labsea,MLD2,1787.56612
CM33_SPIN,1844,2,labsea,MLD2,1749.07440
CM33_SPIN,1844,3,labsea,MLD2,1740.30417
CM33_SPIN,1844,4,labsea,MLD2,1487.26203
CM33_SPIN,1844,5,labsea,MLD2,766.20207
CM33_SPIN,1844,6,labsea,MLD2,17.21412
CM33_SPIN,1844,7,labsea,MLD2,14.51745
CM33_SPIN,1844,8,labsea,MLD2,16.73528
CM33_SPIN,1844,9,labsea,MLD2,25.24567
CM33_SPIN,1844,10,labsea,MLD2,45.41222
CM33_SPIN,1844,11,labsea,MLD2,828.58764
CM33_SPIN,1844,12,labsea,MLD2,1562.94967
CM33_SPIN,1844,1,interior,MLD2,2702.72650
CM33_SPIN,1844,2,interior,MLD2,2636.33115
CM33_SPIN,1844,3,interior,MLD2,2647.53971
CM33_SPIN,1844,4,interior,MLD2,2336.63902
CM33_SPIN,1844,5,interior,MLD2,1756.19311
CM33_SPIN,1844,6,interior,MLD2,21.41072
CM33_SPIN,1844,7,interior,MLD2,17.34123
CM33_SPIN,1844,8,interior,MLD2,18.05535
CM33_SPIN,1844,9,interior,MLD2,24.32725
CM33_SPIN,1844,10,interior,MLD2,43.51498
CM33_SPIN,1844,11,interior,MLD2,1866.87642
CM33_SPIN,1844,12,interior,MLD2,2602.40004
CM33_SPIN,1845,1,labsea,a_ice,0.24347
CM33_SPIN,1845,2,labsea,a_ice,0.29029
CM33_SPIN,1845,3,labsea,a_ice,0.30287
CM33_SPIN,1845,4,labsea,a_ice,0.26421
CM33_SPIN,1845,5,labsea,a_ice,0.23800
CM33_SPIN,1845,6,labsea,a_ice,0.15784
CM33_SPIN,1845,7,labsea,a_ice,0.06525
CM33_SPIN,1845,8,labsea,a_ice,0.01303
CM33_SPIN,1845,9,labsea,a_ice,0.00048
CM33_SPIN,1845,10,labsea,a_ice,0.00367
CM33_SPIN,1845,11,labsea,a_ice,0.04883
CM33_SPIN,1845,12,labsea,a_ice,0.11742
CM33_SPIN,1845,1,interior,a_ice,0.07657
CM33_SPIN,1845,2,interior,a_ice,0.10248
CM33_SPIN,1845,3,interior,a_ice,0.10626
CM33_SPIN,1845,4,interior,a_ice,0.07104
CM33_SPIN,1845,5,interior,a_ice,0.05868
CM33_SPIN,1845,6,interior,a_ice,0.02868
CM33_SPIN,1845,7,interior,a_ice,0.00737
CM33_SPIN,1845,8,interior,a_ice,0.00000
CM33_SPIN,1845,9,interior,a_ice,0.00000
CM33_SPIN,1845,10,interior,a_ice,0.00000
CM33_SPIN,1845,11,interior,a_ice,0.00078
CM33_SPIN,1845,12,interior,a_ice,0.00622
CM33_SPIN,1845,1,labsea,MLD2,1662.47031
CM33_SPIN,1845,2,labsea,MLD2,1617.06197
CM33_SPIN,1845,3,labsea,MLD2,1501.52427
CM33_SPIN,1845,4,labsea,MLD2,1461.44130
CM33_SPIN,1845,5,labsea,MLD2,1188.46811
CM33_SPIN,1845,6,labsea,MLD2,64.14337
CM33_SPIN,1845,7,labsea,MLD2,14.55080
CM33_SPIN,1845,8,labsea,MLD2,14.23103
CM33_SPIN,1845,9,labsea,MLD2,26.01479
CM33_SPIN,1845,10,labsea,MLD2,42.11683
CM33_SPIN,1845,11,labsea,MLD2,477.57345
CM33_SPIN,1845,12,labsea,MLD2,1350.92321
CM33_SPIN,1845,1,interior,MLD2,2533.67906
CM33_SPIN,1845,2,interior,MLD2,2484.38467
CM33_SPIN,1845,3,interior,MLD2,2325.98792
CM33_SPIN,1845,4,interior,MLD2,2142.11084
CM33_SPIN,1845,5,interior,MLD2,1850.08940
CM33_SPIN,1845,6,interior,MLD2,167.72222
CM33_SPIN,1845,7,interior,MLD2,17.46859
CM33_SPIN,1845,8,interior,MLD2,16.80910
CM33_SPIN,1845,9,interior,MLD2,28.67925
CM33_SPIN,1845,10,interior,MLD2,64.98575
CM33_SPIN,1845,11,interior,MLD2,992.23793
CM33_SPIN,1845,12,interior,MLD2,2379.35981
CM33_SPIN,1846,1,labsea,a_ice,0.22676
CM33_SPIN,1846,2,labsea,a_ice,0.24580
CM33_SPIN,1846,3,labsea,a_ice,0.24748
CM33_SPIN,1846,4,labsea,a_ice,0.24785
CM33_SPIN,1846,5,labsea,a_ice,0.19108
CM33_SPIN,1846,6,labsea,a_ice,0.12970
CM33_SPIN,1846,7,labsea,a_ice,0.06280
CM33_SPIN,1846,8,labsea,a_ice,0.02190
CM33_SPIN,1846,9,labsea,a_ice,0.00673
CM33_SPIN,1846,10,labsea,a_ice,0.01074
CM33_SPIN,1846,11,labsea,a_ice,0.08656
CM33_SPIN,1846,12,labsea,a_ice,0.18389
CM33_SPIN,1846,1,interior,a_ice,0.03799
CM33_SPIN,1846,2,interior,a_ice,0.05396
CM33_SPIN,1846,3,interior,a_ice,0.04420
CM33_SPIN,1846,4,interior,a_ice,0.04558
CM33_SPIN,1846,5,interior,a_ice,0.05260
CM33_SPIN,1846,6,interior,a_ice,0.01338
CM33_SPIN,1846,7,interior,a_ice,0.00182
CM33_SPIN,1846,8,interior,a_ice,0.00000
CM33_SPIN,1846,9,interior,a_ice,0.00000
CM33_SPIN,1846,10,interior,a_ice,0.00000
CM33_SPIN,1846,11,interior,a_ice,0.00261
CM33_SPIN,1846,12,interior,a_ice,0.03053
CM33_SPIN,1846,1,labsea,MLD2,1652.62457
CM33_SPIN,1846,2,labsea,MLD2,1644.23229
CM33_SPIN,1846,3,labsea,MLD2,1683.64136
CM33_SPIN,1846,4,labsea,MLD2,1562.92669
CM33_SPIN,1846,5,labsea,MLD2,1183.41139
CM33_SPIN,1846,6,labsea,MLD2,66.31841
CM33_SPIN,1846,7,labsea,MLD2,14.03051
CM33_SPIN,1846,8,labsea,MLD2,18.24758
CM33_SPIN,1846,9,labsea,MLD2,23.26421
CM33_SPIN,1846,10,labsea,MLD2,43.75904
CM33_SPIN,1846,11,labsea,MLD2,556.51831
CM33_SPIN,1846,12,labsea,MLD2,1538.48906
CM33_SPIN,1846,1,interior,MLD2,2601.47455
CM33_SPIN,1846,2,interior,MLD2,2593.03073
CM33_SPIN,1846,3,interior,MLD2,2605.75994
CM33_SPIN,1846,4,interior,MLD2,2492.01910
CM33_SPIN,1846,5,interior,MLD2,2245.61534
CM33_SPIN,1846,6,interior,MLD2,195.53756
CM33_SPIN,1846,7,interior,MLD2,15.26935
CM33_SPIN,1846,8,interior,MLD2,20.43667
CM33_SPIN,1846,9,interior,MLD2,29.41246
CM33_SPIN,1846,10,interior,MLD2,47.50885
CM33_SPIN,1846,11,interior,MLD2,1342.85516
CM33_SPIN,1846,12,interior,MLD2,2617.91858
CM33_SPIN,1847,1,labsea,a_ice,0.27466
CM33_SPIN,1847,2,labsea,a_ice,0.34430
CM33_SPIN,1847,3,labsea,a_ice,0.40500
CM33_SPIN,1847,4,labsea,a_ice,0.39735
CM33_SPIN,1847,5,labsea,a_ice,0.29415
CM33_SPIN,1847,6,labsea,a_ice,0.15457
CM33_SPIN,1847,7,labsea,a_ice,0.05250
CM33_SPIN,1847,8,labsea,a_ice,0.00461
CM33_SPIN,1847,9,labsea,a_ice,0.00119
CM33_SPIN,1847,10,labsea,a_ice,0.01374
CM33_SPIN,1847,11,labsea,a_ice,0.08667
CM33_SPIN,1847,12,labsea,a_ice,0.19239
CM33_SPIN,1847,1,interior,a_ice,0.08255
CM33_SPIN,1847,2,interior,a_ice,0.08601
CM33_SPIN,1847,3,interior,a_ice,0.26932
CM33_SPIN,1847,4,interior,a_ice,0.26736
CM33_SPIN,1847,5,interior,a_ice,0.13250
CM33_SPIN,1847,6,interior,a_ice,0.01640
CM33_SPIN,1847,7,interior,a_ice,0.01118
CM33_SPIN,1847,8,interior,a_ice,0.00000
CM33_SPIN,1847,9,interior,a_ice,0.00000
CM33_SPIN,1847,10,interior,a_ice,0.00000
CM33_SPIN,1847,11,interior,a_ice,0.00453
CM33_SPIN,1847,12,interior,a_ice,0.03784
CM33_SPIN,1847,1,labsea,MLD2,1528.16408
CM33_SPIN,1847,2,labsea,MLD2,1417.77278
CM33_SPIN,1847,3,labsea,MLD2,1312.84956
CM33_SPIN,1847,4,labsea,MLD2,1093.64754
CM33_SPIN,1847,5,labsea,MLD2,517.82265
CM33_SPIN,1847,6,labsea,MLD2,15.19437
CM33_SPIN,1847,7,labsea,MLD2,15.15105
CM33_SPIN,1847,8,labsea,MLD2,17.21275
CM33_SPIN,1847,9,labsea,MLD2,21.93084
CM33_SPIN,1847,10,labsea,MLD2,36.12052
CM33_SPIN,1847,11,labsea,MLD2,350.31378
CM33_SPIN,1847,12,labsea,MLD2,1522.73686
CM33_SPIN,1847,1,interior,MLD2,2516.68464
CM33_SPIN,1847,2,interior,MLD2,2357.74614
CM33_SPIN,1847,3,interior,MLD2,1767.22923
CM33_SPIN,1847,4,interior,MLD2,1405.80280
CM33_SPIN,1847,5,interior,MLD2,599.17203
CM33_SPIN,1847,6,interior,MLD2,18.79068
CM33_SPIN,1847,7,interior,MLD2,16.29967
CM33_SPIN,1847,8,interior,MLD2,18.39308
CM33_SPIN,1847,9,interior,MLD2,23.52009
CM33_SPIN,1847,10,interior,MLD2,38.08205
CM33_SPIN,1847,11,interior,MLD2,603.66289
CM33_SPIN,1847,12,interior,MLD2,2570.76049
CM33_SPIN,1848,1,labsea,a_ice,0.26246
CM33_SPIN,1848,2,labsea,a_ice,0.30729
CM33_SPIN,1848,3,labsea,a_ice,0.37977
CM33_SPIN,1848,4,labsea,a_ice,0.34490
CM33_SPIN,1848,5,labsea,a_ice,0.27056
CM33_SPIN,1848,6,labsea,a_ice,0.11623
CM33_SPIN,1848,7,labsea,a_ice,0.01695
CM33_SPIN,1848,8,labsea,a_ice,0.00148
CM33_SPIN,1848,9,labsea,a_ice,0.00046
CM33_SPIN,1848,10,labsea,a_ice,0.01498
CM33_SPIN,1848,11,labsea,a_ice,0.11833
CM33_SPIN,1848,12,labsea,a_ice,0.21094
CM33_SPIN,1848,1,interior,a_ice,0.09332
CM33_SPIN,1848,2,interior,a_ice,0.08735
CM33_SPIN,1848,3,interior,a_ice,0.17609
CM33_SPIN,1848,4,interior,a_ice,0.12721
CM33_SPIN,1848,5,interior,a_ice,0.11519
CM33_SPIN,1848,6,interior,a_ice,0.04706
CM33_SPIN,1848,7,interior,a_ice,0.00024
CM33_SPIN,1848,8,interior,a_ice,0.00000
CM33_SPIN,1848,9,interior,a_ice,0.00000
CM33_SPIN,1848,10,interior,a_ice,0.00000
CM33_SPIN,1848,11,interior,a_ice,0.00659
CM33_SPIN,1848,12,interior,a_ice,0.03417
CM33_SPIN,1848,1,labsea,MLD2,1607.51355
CM33_SPIN,1848,2,labsea,MLD2,1620.36623
CM33_SPIN,1848,3,labsea,MLD2,1425.90209
CM33_SPIN,1848,4,labsea,MLD2,1380.42961
CM33_SPIN,1848,5,labsea,MLD2,753.11820
CM33_SPIN,1848,6,labsea,MLD2,19.67550
CM33_SPIN,1848,7,labsea,MLD2,14.77127
CM33_SPIN,1848,8,labsea,MLD2,16.71405
CM33_SPIN,1848,9,labsea,MLD2,22.70449
CM33_SPIN,1848,10,labsea,MLD2,60.52234
CM33_SPIN,1848,11,labsea,MLD2,926.22518
CM33_SPIN,1848,12,labsea,MLD2,1645.21442
CM33_SPIN,1848,1,interior,MLD2,2503.64475
CM33_SPIN,1848,2,interior,MLD2,2531.31000
CM33_SPIN,1848,3,interior,MLD2,2175.59837
CM33_SPIN,1848,4,interior,MLD2,2257.54537
CM33_SPIN,1848,5,interior,MLD2,1274.77996
CM33_SPIN,1848,6,interior,MLD2,26.37455
CM33_SPIN,1848,7,interior,MLD2,17.58017
CM33_SPIN,1848,8,interior,MLD2,20.26690
CM33_SPIN,1848,9,interior,MLD2,26.13396
CM33_SPIN,1848,10,interior,MLD2,121.36359
CM33_SPIN,1848,11,interior,MLD2,1961.12887
CM33_SPIN,1848,12,interior,MLD2,2601.37078
CM33_SPIN,1849,1,labsea,a_ice,0.24112
CM33_SPIN,1849,2,labsea,a_ice,0.31807
CM33_SPIN,1849,3,labsea,a_ice,0.31963
CM33_SPIN,1849,4,labsea,a_ice,0.22776
CM33_SPIN,1849,5,labsea,a_ice,0.19469
CM33_SPIN,1849,6,labsea,a_ice,0.15783
CM33_SPIN,1849,7,labsea,a_ice,0.03844
CM33_SPIN,1849,8,labsea,a_ice,0.00153
CM33_SPIN,1849,9,labsea,a_ice,0.00000
CM33_SPIN,1849,10,labsea,a_ice,0.00492
CM33_SPIN,1849,11,labsea,a_ice,0.08291
CM33_SPIN,1849,12,labsea,a_ice,0.17273
CM33_SPIN,1849,1,interior,a_ice,0.05842
CM33_SPIN,1849,2,interior,a_ice,0.13764
CM33_SPIN,1849,3,interior,a_ice,0.13493
CM33_SPIN,1849,4,interior,a_ice,0.09358
CM33_SPIN,1849,5,interior,a_ice,0.05511
CM33_SPIN,1849,6,interior,a_ice,0.02667
CM33_SPIN,1849,7,interior,a_ice,0.01633
CM33_SPIN,1849,8,interior,a_ice,0.00030
CM33_SPIN,1849,9,interior,a_ice,0.00000
CM33_SPIN,1849,10,interior,a_ice,0.00000
CM33_SPIN,1849,11,interior,a_ice,0.00193
CM33_SPIN,1849,12,interior,a_ice,0.03482
CM33_SPIN,1849,1,labsea,MLD2,1673.64418
CM33_SPIN,1849,2,labsea,MLD2,1528.54900
CM33_SPIN,1849,3,labsea,MLD2,1512.99189
CM33_SPIN,1849,4,labsea,MLD2,1259.23153
CM33_SPIN,1849,5,labsea,MLD2,394.42548
CM33_SPIN,1849,6,labsea,MLD2,45.13504
CM33_SPIN,1849,7,labsea,MLD2,13.64333
CM33_SPIN,1849,8,labsea,MLD2,14.65645
CM33_SPIN,1849,9,labsea,MLD2,22.09162
CM33_SPIN,1849,10,labsea,MLD2,38.81779
CM33_SPIN,1849,11,labsea,MLD2,392.92397
CM33_SPIN,1849,12,labsea,MLD2,1501.95246
CM33_SPIN,1849,1,interior,MLD2,2570.64074
CM33_SPIN,1849,2,interior,MLD2,2289.65216
CM33_SPIN,1849,3,interior,MLD2,2277.39641
CM33_SPIN,1849,4,interior,MLD2,1975.36343
CM33_SPIN,1849,5,interior,MLD2,919.57430
CM33_SPIN,1849,6,interior,MLD2,114.41441
CM33_SPIN,1849,7,interior,MLD2,14.98824
CM33_SPIN,1849,8,interior,MLD2,14.70340
CM33_SPIN,1849,9,interior,MLD2,21.18843
CM33_SPIN,1849,10,interior,MLD2,42.64024
CM33_SPIN,1849,11,interior,MLD2,971.19491
CM33_SPIN,1849,12,interior,MLD2,2511.56847
