CMdev_ALB+RAD,1990,1,labsea,a_ice,0.23340
CMdev_ALB+RAD,1990,2,labsea,a_ice,0.40167
CMdev_ALB+RAD,1990,3,labsea,a_ice,0.42105
CMdev_ALB+RAD,1990,4,labsea,a_ice,0.41131
CMdev_ALB+RAD,1990,5,labsea,a_ice,0.29951
CMdev_ALB+RAD,1990,6,labsea,a_ice,0.12164
CMdev_ALB+RAD,1990,7,labsea,a_ice,0.03248
CMdev_ALB+RAD,1990,8,labsea,a_ice,0.01069
CMdev_ALB+RAD,1990,9,labsea,a_ice,0.00251
CMdev_ALB+RAD,1990,10,labsea,a_ice,0.01217
CMdev_ALB+RAD,1990,11,labsea,a_ice,0.05363
CMdev_ALB+RAD,1990,12,labsea,a_ice,0.13677
CMdev_ALB+RAD,1990,1,interior,a_ice,0.07073
CMdev_ALB+RAD,1990,2,interior,a_ice,0.33959
CMdev_ALB+RAD,1990,3,interior,a_ice,0.39301
CMdev_ALB+RAD,1990,4,interior,a_ice,0.37037
CMdev_ALB+RAD,1990,5,interior,a_ice,0.18473
CMdev_ALB+RAD,1990,6,interior,a_ice,0.04257
CMdev_ALB+RAD,1990,7,interior,a_ice,0.00003
CMdev_ALB+RAD,1990,8,interior,a_ice,0.00000
CMdev_ALB+RAD,1990,9,interior,a_ice,0.00000
CMdev_ALB+RAD,1990,10,interior,a_ice,0.00000
CMdev_ALB+RAD,1990,11,interior,a_ice,0.00001
CMdev_ALB+RAD,1990,12,interior,a_ice,0.03089
CMdev_ALB+RAD,1990,1,labsea,MLD2,608.04447
CMdev_ALB+RAD,1990,2,labsea,MLD2,964.11967
CMdev_ALB+RAD,1990,3,labsea,MLD2,1000.43621
CMdev_ALB+RAD,1990,4,labsea,MLD2,968.44194
CMdev_ALB+RAD,1990,5,labsea,MLD2,636.03035
CMdev_ALB+RAD,1990,6,labsea,MLD2,26.96139
CMdev_ALB+RAD,1990,7,labsea,MLD2,12.74830
CMdev_ALB+RAD,1990,8,labsea,MLD2,13.83675
CMdev_ALB+RAD,1990,9,labsea,MLD2,21.14249
CMdev_ALB+RAD,1990,10,labsea,MLD2,33.93388
CMdev_ALB+RAD,1990,11,labsea,MLD2,128.59796
CMdev_ALB+RAD,1990,12,labsea,MLD2,894.06095
CMdev_ALB+RAD,1990,1,interior,MLD2,1071.40026
CMdev_ALB+RAD,1990,2,interior,MLD2,1492.86910
CMdev_ALB+RAD,1990,3,interior,MLD2,1340.78760
CMdev_ALB+RAD,1990,4,interior,MLD2,1422.06654
CMdev_ALB+RAD,1990,5,interior,MLD2,1178.45638
CMdev_ALB+RAD,1990,6,interior,MLD2,55.72806
CMdev_ALB+RAD,1990,7,interior,MLD2,15.19997
CMdev_ALB+RAD,1990,8,interior,MLD2,14.68674
CMdev_ALB+RAD,1990,9,interior,MLD2,20.82966
CMdev_ALB+RAD,1990,10,interior,MLD2,32.95002
CMdev_ALB+RAD,1990,11,interior,MLD2,236.65403
CMdev_ALB+RAD,1990,12,interior,MLD2,1823.07336
CMdev_ALB+RAD,1991,1,labsea,a_ice,0.20906
CMdev_ALB+RAD,1991,2,labsea,a_ice,0.22252
CMdev_ALB+RAD,1991,3,labsea,a_ice,0.21739
CMdev_ALB+RAD,1991,4,labsea,a_ice,0.18588
CMdev_ALB+RAD,1991,5,labsea,a_ice,0.14448
CMdev_ALB+RAD,1991,6,labsea,a_ice,0.05279
CMdev_ALB+RAD,1991,7,labsea,a_ice,0.00172
CMdev_ALB+RAD,1991,8,labsea,a_ice,0.00000
CMdev_ALB+RAD,1991,9,labsea,a_ice,0.00000
CMdev_ALB+RAD,1991,10,labsea,a_ice,0.00046
CMdev_ALB+RAD,1991,11,labsea,a_ice,0.02510
CMdev_ALB+RAD,1991,12,labsea,a_ice,0.12025
CMdev_ALB+RAD,1991,1,interior,a_ice,0.07142
CMdev_ALB+RAD,1991,2,interior,a_ice,0.07732
CMdev_ALB+RAD,1991,3,interior,a_ice,0.05621
CMdev_ALB+RAD,1991,4,interior,a_ice,0.03473
CMdev_ALB+RAD,1991,5,interior,a_ice,0.01782
CMdev_ALB+RAD,1991,6,interior,a_ice,0.00730
CMdev_ALB+RAD,1991,7,interior,a_ice,0.00000
CMdev_ALB+RAD,1991,8,interior,a_ice,0.00000
CMdev_ALB+RAD,1991,9,interior,a_ice,0.00000
CMdev_ALB+RAD,1991,10,interior,a_ice,0.00000
CMdev_ALB+RAD,1991,11,interior,a_ice,0.00000
CMdev_ALB+RAD,1991,12,interior,a_ice,0.00707
CMdev_ALB+RAD,1991,1,labsea,MLD2,1126.65655
CMdev_ALB+RAD,1991,2,labsea,MLD2,1174.76468
CMdev_ALB+RAD,1991,3,labsea,MLD2,1082.65717
CMdev_ALB+RAD,1991,4,labsea,MLD2,866.48211
CMdev_ALB+RAD,1991,5,labsea,MLD2,368.63768
CMdev_ALB+RAD,1991,6,labsea,MLD2,16.04395
CMdev_ALB+RAD,1991,7,labsea,MLD2,16.14070
CMdev_ALB+RAD,1991,8,labsea,MLD2,13.83672
CMdev_ALB+RAD,1991,9,labsea,MLD2,20.02594
CMdev_ALB+RAD,1991,10,labsea,MLD2,34.19189
CMdev_ALB+RAD,1991,11,labsea,MLD2,50.84721
CMdev_ALB+RAD,1991,12,labsea,MLD2,605.65631
CMdev_ALB+RAD,1991,1,interior,MLD2,2232.77828
CMdev_ALB+RAD,1991,2,interior,MLD2,2303.22049
CMdev_ALB+RAD,1991,3,interior,MLD2,2216.93964
CMdev_ALB+RAD,1991,4,interior,MLD2,1975.40709
CMdev_ALB+RAD,1991,5,interior,MLD2,983.98572
CMdev_ALB+RAD,1991,6,interior,MLD2,18.14349
CMdev_ALB+RAD,1991,7,interior,MLD2,19.57328
CMdev_ALB+RAD,1991,8,interior,MLD2,16.03697
CMdev_ALB+RAD,1991,9,interior,MLD2,19.49791
CMdev_ALB+RAD,1991,10,interior,MLD2,33.87598
CMdev_ALB+RAD,1991,11,interior,MLD2,52.88942
CMdev_ALB+RAD,1991,12,interior,MLD2,1362.37738
CMdev_ALB+RAD,1992,1,labsea,a_ice,0.26819
CMdev_ALB+RAD,1992,2,labsea,a_ice,0.39682
CMdev_ALB+RAD,1992,3,labsea,a_ice,0.42532
CMdev_ALB+RAD,1992,4,labsea,a_ice,0.36819
CMdev_ALB+RAD,1992,5,labsea,a_ice,0.27030
CMdev_ALB+RAD,1992,6,labsea,a_ice,0.15415
CMdev_ALB+RAD,1992,7,labsea,a_ice,0.03301
CMdev_ALB+RAD,1992,8,labsea,a_ice,0.00129
CMdev_ALB+RAD,1992,9,labsea,a_ice,0.00000
CMdev_ALB+RAD,1992,10,labsea,a_ice,0.00018
CMdev_ALB+RAD,1992,11,labsea,a_ice,0.01911
CMdev_ALB+RAD,1992,12,labsea,a_ice,0.09351
CMdev_ALB+RAD,1992,1,interior,a_ice,0.10699
CMdev_ALB+RAD,1992,2,interior,a_ice,0.17415
CMdev_ALB+RAD,1992,3,interior,a_ice,0.23429
CMdev_ALB+RAD,1992,4,interior,a_ice,0.23476
CMdev_ALB+RAD,1992,5,interior,a_ice,0.07968
CMdev_ALB+RAD,1992,6,interior,a_ice,0.01886
CMdev_ALB+RAD,1992,7,interior,a_ice,0.00052
CMdev_ALB+RAD,1992,8,interior,a_ice,0.00000
CMdev_ALB+RAD,1992,9,interior,a_ice,0.00000
CMdev_ALB+RAD,1992,10,interior,a_ice,0.00000
CMdev_ALB+RAD,1992,11,interior,a_ice,0.00000
CMdev_ALB+RAD,1992,12,interior,a_ice,0.01196
CMdev_ALB+RAD,1992,1,labsea,MLD2,925.93282
CMdev_ALB+RAD,1992,2,labsea,MLD2,899.50431
CMdev_ALB+RAD,1992,3,labsea,MLD2,843.31287
CMdev_ALB+RAD,1992,4,labsea,MLD2,620.02758
CMdev_ALB+RAD,1992,5,labsea,MLD2,196.51252
CMdev_ALB+RAD,1992,6,labsea,MLD2,14.97222
CMdev_ALB+RAD,1992,7,labsea,MLD2,13.55280
CMdev_ALB+RAD,1992,8,labsea,MLD2,14.24557
CMdev_ALB+RAD,1992,9,labsea,MLD2,19.08182
CMdev_ALB+RAD,1992,10,labsea,MLD2,29.68375
CMdev_ALB+RAD,1992,11,labsea,MLD2,44.83828
CMdev_ALB+RAD,1992,12,labsea,MLD2,266.05832
CMdev_ALB+RAD,1992,1,interior,MLD2,2069.91940
CMdev_ALB+RAD,1992,2,interior,MLD2,2004.26417
CMdev_ALB+RAD,1992,3,interior,MLD2,1753.56603
CMdev_ALB+RAD,1992,4,interior,MLD2,1270.87080
CMdev_ALB+RAD,1992,5,interior,MLD2,513.43125
CMdev_ALB+RAD,1992,6,interior,MLD2,14.60634
CMdev_ALB+RAD,1992,7,interior,MLD2,14.49466
CMdev_ALB+RAD,1992,8,interior,MLD2,15.69354
CMdev_ALB+RAD,1992,9,interior,MLD2,19.35325
CMdev_ALB+RAD,1992,10,interior,MLD2,32.75184
CMdev_ALB+RAD,1992,11,interior,MLD2,49.94138
CMdev_ALB+RAD,1992,12,interior,MLD2,487.24431
CMdev_ALB+RAD,1993,1,labsea,a_ice,0.15370
CMdev_ALB+RAD,1993,2,labsea,a_ice,0.19630
CMdev_ALB+RAD,1993,3,labsea,a_ice,0.18371
CMdev_ALB+RAD,1993,4,labsea,a_ice,0.15875
CMdev_ALB+RAD,1993,5,labsea,a_ice,0.11521
CMdev_ALB+RAD,1993,6,labsea,a_ice,0.02373
CMdev_ALB+RAD,1993,7,labsea,a_ice,0.00001
CMdev_ALB+RAD,1993,8,labsea,a_ice,0.00000
CMdev_ALB+RAD,1993,9,labsea,a_ice,0.00000
CMdev_ALB+RAD,1993,10,labsea,a_ice,0.00000
CMdev_ALB+RAD,1993,11,labsea,a_ice,0.00093
CMdev_ALB+RAD,1993,12,labsea,a_ice,0.03834
CMdev_ALB+RAD,1993,1,interior,a_ice,0.01116
CMdev_ALB+RAD,1993,2,interior,a_ice,0.03466
CMdev_ALB+RAD,1993,3,interior,a_ice,0.02012
CMdev_ALB+RAD,1993,4,interior,a_ice,0.02124
CMdev_ALB+RAD,1993,5,interior,a_ice,0.01335
CMdev_ALB+RAD,1993,6,interior,a_ice,0.00044
CMdev_ALB+RAD,1993,7,interior,a_ice,0.00000
CMdev_ALB+RAD,1993,8,interior,a_ice,0.00000
CMdev_ALB+RAD,1993,9,interior,a_ice,0.00000
CMdev_ALB+RAD,1993,10,interior,a_ice,0.00000
CMdev_ALB+RAD,1993,11,interior,a_ice,0.00000
CMdev_ALB+RAD,1993,12,interior,a_ice,0.00006
CMdev_ALB+RAD,1993,1,labsea,MLD2,659.13150
CMdev_ALB+RAD,1993,2,labsea,MLD2,788.88188
CMdev_ALB+RAD,1993,3,labsea,MLD2,780.03916
CMdev_ALB+RAD,1993,4,labsea,MLD2,543.43600
CMdev_ALB+RAD,1993,5,labsea,MLD2,128.01858
CMdev_ALB+RAD,1993,6,labsea,MLD2,14.18169
CMdev_ALB+RAD,1993,7,labsea,MLD2,15.46594
CMdev_ALB+RAD,1993,8,labsea,MLD2,15.75102
CMdev_ALB+RAD,1993,9,labsea,MLD2,23.58406
CMdev_ALB+RAD,1993,10,labsea,MLD2,38.68237
CMdev_ALB+RAD,1993,11,labsea,MLD2,56.45522
CMdev_ALB+RAD,1993,12,labsea,MLD2,202.78986
CMdev_ALB+RAD,1993,1,interior,MLD2,1456.94437
CMdev_ALB+RAD,1993,2,interior,MLD2,1835.06538
CMdev_ALB+RAD,1993,3,interior,MLD2,1754.10431
CMdev_ALB+RAD,1993,4,interior,MLD2,1383.04622
CMdev_ALB+RAD,1993,5,interior,MLD2,349.26885
CMdev_ALB+RAD,1993,6,interior,MLD2,16.62874
CMdev_ALB+RAD,1993,7,interior,MLD2,17.25200
CMdev_ALB+RAD,1993,8,interior,MLD2,17.55499
CMdev_ALB+RAD,1993,9,interior,MLD2,26.31905
CMdev_ALB+RAD,1993,10,interior,MLD2,40.13897
CMdev_ALB+RAD,1993,11,interior,MLD2,56.30972
CMdev_ALB+RAD,1993,12,interior,MLD2,332.68389
CMdev_ALB+RAD,1994,1,labsea,a_ice,0.13911
CMdev_ALB+RAD,1994,2,labsea,a_ice,0.24987
CMdev_ALB+RAD,1994,3,labsea,a_ice,0.25818
CMdev_ALB+RAD,1994,4,labsea,a_ice,0.20231
CMdev_ALB+RAD,1994,5,labsea,a_ice,0.14493
CMdev_ALB+RAD,1994,6,labsea,a_ice,0.07162
CMdev_ALB+RAD,1994,7,labsea,a_ice,0.01616
CMdev_ALB+RAD,1994,8,labsea,a_ice,0.00086
CMdev_ALB+RAD,1994,9,labsea,a_ice,0.00000
CMdev_ALB+RAD,1994,10,labsea,a_ice,0.00074
CMdev_ALB+RAD,1994,11,labsea,a_ice,0.02638
CMdev_ALB+RAD,1994,12,labsea,a_ice,0.07536
CMdev_ALB+RAD,1994,1,interior,a_ice,0.02845
CMdev_ALB+RAD,1994,2,interior,a_ice,0.08899
CMdev_ALB+RAD,1994,3,interior,a_ice,0.06247
CMdev_ALB+RAD,1994,4,interior,a_ice,0.04712
CMdev_ALB+RAD,1994,5,interior,a_ice,0.01931
CMdev_ALB+RAD,1994,6,interior,a_ice,0.00145
CMdev_ALB+RAD,1994,7,interior,a_ice,0.00000
CMdev_ALB+RAD,1994,8,interior,a_ice,0.00000
CMdev_ALB+RAD,1994,9,interior,a_ice,0.00000
CMdev_ALB+RAD,1994,10,interior,a_ice,0.00000
CMdev_ALB+RAD,1994,11,interior,a_ice,0.00000
CMdev_ALB+RAD,1994,12,interior,a_ice,0.00094
CMdev_ALB+RAD,1994,1,labsea,MLD2,574.29724
CMdev_ALB+RAD,1994,2,labsea,MLD2,727.36792
CMdev_ALB+RAD,1994,3,labsea,MLD2,724.79533
CMdev_ALB+RAD,1994,4,labsea,MLD2,533.64616
CMdev_ALB+RAD,1994,5,labsea,MLD2,247.30965
CMdev_ALB+RAD,1994,6,labsea,MLD2,24.07078
CMdev_ALB+RAD,1994,7,labsea,MLD2,14.78157
CMdev_ALB+RAD,1994,8,labsea,MLD2,16.69585
CMdev_ALB+RAD,1994,9,labsea,MLD2,20.80768
CMdev_ALB+RAD,1994,10,labsea,MLD2,31.16057
CMdev_ALB+RAD,1994,11,labsea,MLD2,52.33899
CMdev_ALB+RAD,1994,12,labsea,MLD2,121.64696
CMdev_ALB+RAD,1994,1,interior,MLD2,1171.14593
CMdev_ALB+RAD,1994,2,interior,MLD2,1552.69901
CMdev_ALB+RAD,1994,3,interior,MLD2,1635.37896
CMdev_ALB+RAD,1994,4,interior,MLD2,1315.37555
CMdev_ALB+RAD,1994,5,interior,MLD2,682.00252
CMdev_ALB+RAD,1994,6,interior,MLD2,40.91795
CMdev_ALB+RAD,1994,7,interior,MLD2,16.29423
CMdev_ALB+RAD,1994,8,interior,MLD2,17.91363
CMdev_ALB+RAD,1994,9,interior,MLD2,22.29737
CMdev_ALB+RAD,1994,10,interior,MLD2,29.11876
CMdev_ALB+RAD,1994,11,interior,MLD2,55.16681
CMdev_ALB+RAD,1994,12,interior,MLD2,160.40157
CMdev_ALB+RAD,1995,1,labsea,a_ice,0.19809
CMdev_ALB+RAD,1995,2,labsea,a_ice,0.26126
CMdev_ALB+RAD,1995,3,labsea,a_ice,0.30733
CMdev_ALB+RAD,1995,4,labsea,a_ice,0.32547
CMdev_ALB+RAD,1995,5,labsea,a_ice,0.21896
CMdev_ALB+RAD,1995,6,labsea,a_ice,0.11383
CMdev_ALB+RAD,1995,7,labsea,a_ice,0.03747
CMdev_ALB+RAD,1995,8,labsea,a_ice,0.00514
CMdev_ALB+RAD,1995,9,labsea,a_ice,0.00003
CMdev_ALB+RAD,1995,10,labsea,a_ice,0.00007
CMdev_ALB+RAD,1995,11,labsea,a_ice,0.00403
CMdev_ALB+RAD,1995,12,labsea,a_ice,0.04453
CMdev_ALB+RAD,1995,1,interior,a_ice,0.01748
CMdev_ALB+RAD,1995,2,interior,a_ice,0.05819
CMdev_ALB+RAD,1995,3,interior,a_ice,0.14810
CMdev_ALB+RAD,1995,4,interior,a_ice,0.11148
CMdev_ALB+RAD,1995,5,interior,a_ice,0.07065
CMdev_ALB+RAD,1995,6,interior,a_ice,0.01484
CMdev_ALB+RAD,1995,7,interior,a_ice,0.00127
CMdev_ALB+RAD,1995,8,interior,a_ice,0.00000
CMdev_ALB+RAD,1995,9,interior,a_ice,0.00000
CMdev_ALB+RAD,1995,10,interior,a_ice,0.00000
CMdev_ALB+RAD,1995,11,interior,a_ice,0.00000
CMdev_ALB+RAD,1995,12,interior,a_ice,0.00000
CMdev_ALB+RAD,1995,1,labsea,MLD2,567.56791
CMdev_ALB+RAD,1995,2,labsea,MLD2,912.45553
CMdev_ALB+RAD,1995,3,labsea,MLD2,996.43043
CMdev_ALB+RAD,1995,4,labsea,MLD2,824.99419
CMdev_ALB+RAD,1995,5,labsea,MLD2,405.71927
CMdev_ALB+RAD,1995,6,labsea,MLD2,22.41962
CMdev_ALB+RAD,1995,7,labsea,MLD2,14.24660
CMdev_ALB+RAD,1995,8,labsea,MLD2,13.03578
CMdev_ALB+RAD,1995,9,labsea,MLD2,21.13899
CMdev_ALB+RAD,1995,10,labsea,MLD2,32.27307
CMdev_ALB+RAD,1995,11,labsea,MLD2,43.52064
CMdev_ALB+RAD,1995,12,labsea,MLD2,77.35615
CMdev_ALB+RAD,1995,1,interior,MLD2,1093.85695
CMdev_ALB+RAD,1995,2,interior,MLD2,1731.64798
CMdev_ALB+RAD,1995,3,interior,MLD2,1705.14082
CMdev_ALB+RAD,1995,4,interior,MLD2,1517.07655
CMdev_ALB+RAD,1995,5,interior,MLD2,892.25158
CMdev_ALB+RAD,1995,6,interior,MLD2,30.15274
CMdev_ALB+RAD,1995,7,interior,MLD2,16.32324
CMdev_ALB+RAD,1995,8,interior,MLD2,14.35150
CMdev_ALB+RAD,1995,9,interior,MLD2,21.27736
CMdev_ALB+RAD,1995,10,interior,MLD2,28.77988
CMdev_ALB+RAD,1995,11,interior,MLD2,39.66466
CMdev_ALB+RAD,1995,12,interior,MLD2,101.40007
CMdev_ALB+RAD,1996,1,labsea,a_ice,0.16298
CMdev_ALB+RAD,1996,2,labsea,a_ice,0.22555
CMdev_ALB+RAD,1996,3,labsea,a_ice,0.22061
CMdev_ALB+RAD,1996,4,labsea,a_ice,0.17317
CMdev_ALB+RAD,1996,5,labsea,a_ice,0.12812
CMdev_ALB+RAD,1996,6,labsea,a_ice,0.04936
CMdev_ALB+RAD,1996,7,labsea,a_ice,0.00660
CMdev_ALB+RAD,1996,8,labsea,a_ice,0.00000
CMdev_ALB+RAD,1996,9,labsea,a_ice,0.00000
CMdev_ALB+RAD,1996,10,labsea,a_ice,0.00000
CMdev_ALB+RAD,1996,11,labsea,a_ice,0.00002
CMdev_ALB+RAD,1996,12,labsea,a_ice,0.00593
CMdev_ALB+RAD,1996,1,interior,a_ice,0.01080
CMdev_ALB+RAD,1996,2,interior,a_ice,0.06241
CMdev_ALB+RAD,1996,3,interior,a_ice,0.06656
CMdev_ALB+RAD,1996,4,interior,a_ice,0.04515
CMdev_ALB+RAD,1996,5,interior,a_ice,0.02264
CMdev_ALB+RAD,1996,6,interior,a_ice,0.00021
CMdev_ALB+RAD,1996,7,interior,a_ice,0.00000
CMdev_ALB+RAD,1996,8,interior,a_ice,0.00000
CMdev_ALB+RAD,1996,9,interior,a_ice,0.00000
CMdev_ALB+RAD,1996,10,interior,a_ice,0.00000
CMdev_ALB+RAD,1996,11,interior,a_ice,0.00000
CMdev_ALB+RAD,1996,12,interior,a_ice,0.00001
CMdev_ALB+RAD,1996,1,labsea,MLD2,615.17143
CMdev_ALB+RAD,1996,2,labsea,MLD2,1094.16675
CMdev_ALB+RAD,1996,3,labsea,MLD2,1070.43060
CMdev_ALB+RAD,1996,4,labsea,MLD2,836.55556
CMdev_ALB+RAD,1996,5,labsea,MLD2,474.21288
CMdev_ALB+RAD,1996,6,labsea,MLD2,18.94639
CMdev_ALB+RAD,1996,7,labsea,MLD2,11.31246
CMdev_ALB+RAD,1996,8,labsea,MLD2,14.50627
CMdev_ALB+RAD,1996,9,labsea,MLD2,21.82625
CMdev_ALB+RAD,1996,10,labsea,MLD2,35.83622
CMdev_ALB+RAD,1996,11,labsea,MLD2,49.20658
CMdev_ALB+RAD,1996,12,labsea,MLD2,302.50513
CMdev_ALB+RAD,1996,1,interior,MLD2,1206.67440
CMdev_ALB+RAD,1996,2,interior,MLD2,1902.61147
CMdev_ALB+RAD,1996,3,interior,MLD2,1869.87997
CMdev_ALB+RAD,1996,4,interior,MLD2,1684.19352
CMdev_ALB+RAD,1996,5,interior,MLD2,1202.95989
CMdev_ALB+RAD,1996,6,interior,MLD2,26.70279
CMdev_ALB+RAD,1996,7,interior,MLD2,12.87239
CMdev_ALB+RAD,1996,8,interior,MLD2,15.78955
CMdev_ALB+RAD,1996,9,interior,MLD2,20.83109
CMdev_ALB+RAD,1996,10,interior,MLD2,32.95780
CMdev_ALB+RAD,1996,11,interior,MLD2,49.76476
CMdev_ALB+RAD,1996,12,interior,MLD2,547.98945
CMdev_ALB+RAD,1997,1,labsea,a_ice,0.14017
CMdev_ALB+RAD,1997,2,labsea,a_ice,0.28082
CMdev_ALB+RAD,1997,3,labsea,a_ice,0.34100
CMdev_ALB+RAD,1997,4,labsea,a_ice,0.23898
CMdev_ALB+RAD,1997,5,labsea,a_ice,0.10622
CMdev_ALB+RAD,1997,6,labsea,a_ice,0.05444
CMdev_ALB+RAD,1997,7,labsea,a_ice,0.01498
CMdev_ALB+RAD,1997,8,labsea,a_ice,0.00016
CMdev_ALB+RAD,1997,9,labsea,a_ice,0.00000
CMdev_ALB+RAD,1997,10,labsea,a_ice,0.00000
CMdev_ALB+RAD,1997,11,labsea,a_ice,0.00747
CMdev_ALB+RAD,1997,12,labsea,a_ice,0.06222
CMdev_ALB+RAD,1997,1,interior,a_ice,0.02396
CMdev_ALB+RAD,1997,2,interior,a_ice,0.11342
CMdev_ALB+RAD,1997,3,interior,a_ice,0.12758
CMdev_ALB+RAD,1997,4,interior,a_ice,0.05239
CMdev_ALB+RAD,1997,5,interior,a_ice,0.00393
CMdev_ALB+RAD,1997,6,interior,a_ice,0.00002
CMdev_ALB+RAD,1997,7,interior,a_ice,0.00000
CMdev_ALB+RAD,1997,8,interior,a_ice,0.00000
CMdev_ALB+RAD,1997,9,interior,a_ice,0.00000
CMdev_ALB+RAD,1997,10,interior,a_ice,0.00000
CMdev_ALB+RAD,1997,11,interior,a_ice,0.00000
CMdev_ALB+RAD,1997,12,interior,a_ice,0.00089
CMdev_ALB+RAD,1997,1,labsea,MLD2,934.04381
CMdev_ALB+RAD,1997,2,labsea,MLD2,1152.34663
CMdev_ALB+RAD,1997,3,labsea,MLD2,1108.72570
CMdev_ALB+RAD,1997,4,labsea,MLD2,834.71798
CMdev_ALB+RAD,1997,5,labsea,MLD2,172.05754
CMdev_ALB+RAD,1997,6,labsea,MLD2,16.16025
CMdev_ALB+RAD,1997,7,labsea,MLD2,12.69005
CMdev_ALB+RAD,1997,8,labsea,MLD2,13.55330
CMdev_ALB+RAD,1997,9,labsea,MLD2,19.14888
CMdev_ALB+RAD,1997,10,labsea,MLD2,28.25207
CMdev_ALB+RAD,1997,11,labsea,MLD2,44.87452
CMdev_ALB+RAD,1997,12,labsea,MLD2,288.47329
CMdev_ALB+RAD,1997,1,interior,MLD2,1678.29520
CMdev_ALB+RAD,1997,2,interior,MLD2,1914.03841
CMdev_ALB+RAD,1997,3,interior,MLD2,1859.50786
CMdev_ALB+RAD,1997,4,interior,MLD2,1520.50526
CMdev_ALB+RAD,1997,5,interior,MLD2,468.52320
CMdev_ALB+RAD,1997,6,interior,MLD2,19.01065
CMdev_ALB+RAD,1997,7,interior,MLD2,13.28548
CMdev_ALB+RAD,1997,8,interior,MLD2,14.33728
CMdev_ALB+RAD,1997,9,interior,MLD2,19.05101
CMdev_ALB+RAD,1997,10,interior,MLD2,26.53932
CMdev_ALB+RAD,1997,11,interior,MLD2,40.61563
CMdev_ALB+RAD,1997,12,interior,MLD2,433.10898
CMdev_ALB+RAD,1998,1,labsea,a_ice,0.24109
CMdev_ALB+RAD,1998,2,labsea,a_ice,0.40782
CMdev_ALB+RAD,1998,3,labsea,a_ice,0.35573
CMdev_ALB+RAD,1998,4,labsea,a_ice,0.34993
CMdev_ALB+RAD,1998,5,labsea,a_ice,0.23296
CMdev_ALB+RAD,1998,6,labsea,a_ice,0.10666
CMdev_ALB+RAD,1998,7,labsea,a_ice,0.01534
CMdev_ALB+RAD,1998,8,labsea,a_ice,0.00019
CMdev_ALB+RAD,1998,9,labsea,a_ice,0.00000
CMdev_ALB+RAD,1998,10,labsea,a_ice,0.00001
CMdev_ALB+RAD,1998,11,labsea,a_ice,0.00016
CMdev_ALB+RAD,1998,12,labsea,a_ice,0.07092
CMdev_ALB+RAD,1998,1,interior,a_ice,0.08227
CMdev_ALB+RAD,1998,2,interior,a_ice,0.28202
CMdev_ALB+RAD,1998,3,interior,a_ice,0.17415
CMdev_ALB+RAD,1998,4,interior,a_ice,0.16561
CMdev_ALB+RAD,1998,5,interior,a_ice,0.06006
CMdev_ALB+RAD,1998,6,interior,a_ice,0.02066
CMdev_ALB+RAD,1998,7,interior,a_ice,0.00000
CMdev_ALB+RAD,1998,8,interior,a_ice,0.00000
CMdev_ALB+RAD,1998,9,interior,a_ice,0.00000
CMdev_ALB+RAD,1998,10,interior,a_ice,0.00000
CMdev_ALB+RAD,1998,11,interior,a_ice,0.00000
CMdev_ALB+RAD,1998,12,interior,a_ice,0.00662
CMdev_ALB+RAD,1998,1,labsea,MLD2,1178.80632
CMdev_ALB+RAD,1998,2,labsea,MLD2,1079.84786
CMdev_ALB+RAD,1998,3,labsea,MLD2,1282.65539
CMdev_ALB+RAD,1998,4,labsea,MLD2,999.33321
CMdev_ALB+RAD,1998,5,labsea,MLD2,211.55875
CMdev_ALB+RAD,1998,6,labsea,MLD2,20.42072
CMdev_ALB+RAD,1998,7,labsea,MLD2,13.29755
CMdev_ALB+RAD,1998,8,labsea,MLD2,15.38834
CMdev_ALB+RAD,1998,9,labsea,MLD2,18.74788
CMdev_ALB+RAD,1998,10,labsea,MLD2,32.06172
CMdev_ALB+RAD,1998,11,labsea,MLD2,51.90960
CMdev_ALB+RAD,1998,12,labsea,MLD2,813.67205
CMdev_ALB+RAD,1998,1,interior,MLD2,1838.23378
CMdev_ALB+RAD,1998,2,interior,MLD2,1462.52408
CMdev_ALB+RAD,1998,3,interior,MLD2,1849.69293
CMdev_ALB+RAD,1998,4,interior,MLD2,1382.39140
CMdev_ALB+RAD,1998,5,interior,MLD2,391.32562
CMdev_ALB+RAD,1998,6,interior,MLD2,24.77000
CMdev_ALB+RAD,1998,7,interior,MLD2,15.72321
CMdev_ALB+RAD,1998,8,interior,MLD2,16.98517
CMdev_ALB+RAD,1998,9,interior,MLD2,18.72796
CMdev_ALB+RAD,1998,10,interior,MLD2,29.48334
CMdev_ALB+RAD,1998,11,interior,MLD2,47.63238
CMdev_ALB+RAD,1998,12,interior,MLD2,1427.35901
CMdev_ALB+RAD,1999,1,labsea,a_ice,0.21109
CMdev_ALB+RAD,1999,2,labsea,a_ice,0.26459
CMdev_ALB+RAD,1999,3,labsea,a_ice,0.22280
CMdev_ALB+RAD,1999,4,labsea,a_ice,0.15092
CMdev_ALB+RAD,1999,5,labsea,a_ice,0.14604
CMdev_ALB+RAD,1999,6,labsea,a_ice,0.07978
CMdev_ALB+RAD,1999,7,labsea,a_ice,0.01495
CMdev_ALB+RAD,1999,8,labsea,a_ice,0.00085
CMdev_ALB+RAD,1999,9,labsea,a_ice,0.00000
CMdev_ALB+RAD,1999,10,labsea,a_ice,0.00000
CMdev_ALB+RAD,1999,11,labsea,a_ice,0.00449
CMdev_ALB+RAD,1999,12,labsea,a_ice,0.06623
CMdev_ALB+RAD,1999,1,interior,a_ice,0.05320
CMdev_ALB+RAD,1999,2,interior,a_ice,0.06833
CMdev_ALB+RAD,1999,3,interior,a_ice,0.02272
CMdev_ALB+RAD,1999,4,interior,a_ice,0.00875
CMdev_ALB+RAD,1999,5,interior,a_ice,0.01704
CMdev_ALB+RAD,1999,6,interior,a_ice,0.01579
CMdev_ALB+RAD,1999,7,interior,a_ice,0.00032
CMdev_ALB+RAD,1999,8,interior,a_ice,0.00000
CMdev_ALB+RAD,1999,9,interior,a_ice,0.00000
CMdev_ALB+RAD,1999,10,interior,a_ice,0.00000
CMdev_ALB+RAD,1999,11,interior,a_ice,0.00000
CMdev_ALB+RAD,1999,12,interior,a_ice,0.00036
CMdev_ALB+RAD,1999,1,labsea,MLD2,1485.17135
CMdev_ALB+RAD,1999,2,labsea,MLD2,1553.53108
CMdev_ALB+RAD,1999,3,labsea,MLD2,1509.38105
CMdev_ALB+RAD,1999,4,labsea,MLD2,1234.99285
CMdev_ALB+RAD,1999,5,labsea,MLD2,573.39423
CMdev_ALB+RAD,1999,6,labsea,MLD2,29.95261
CMdev_ALB+RAD,1999,7,labsea,MLD2,12.60230
CMdev_ALB+RAD,1999,8,labsea,MLD2,15.42000
CMdev_ALB+RAD,1999,9,labsea,MLD2,21.58706
CMdev_ALB+RAD,1999,10,labsea,MLD2,31.78191
CMdev_ALB+RAD,1999,11,labsea,MLD2,63.64617
CMdev_ALB+RAD,1999,12,labsea,MLD2,604.55025
CMdev_ALB+RAD,1999,1,interior,MLD2,2312.57578
CMdev_ALB+RAD,1999,2,interior,MLD2,2329.22155
CMdev_ALB+RAD,1999,3,interior,MLD2,2423.05255
CMdev_ALB+RAD,1999,4,interior,MLD2,2304.44978
CMdev_ALB+RAD,1999,5,interior,MLD2,1311.74092
CMdev_ALB+RAD,1999,6,interior,MLD2,54.92337
CMdev_ALB+RAD,1999,7,interior,MLD2,14.36331
CMdev_ALB+RAD,1999,8,interior,MLD2,17.47127
CMdev_ALB+RAD,1999,9,interior,MLD2,22.50219
CMdev_ALB+RAD,1999,10,interior,MLD2,32.61120
CMdev_ALB+RAD,1999,11,interior,MLD2,73.23787
CMdev_ALB+RAD,1999,12,interior,MLD2,1193.35087
CMdev_ALB+RAD,2000,1,labsea,a_ice,0.19779
CMdev_ALB+RAD,2000,2,labsea,a_ice,0.28701
CMdev_ALB+RAD,2000,3,labsea,a_ice,0.36116
CMdev_ALB+RAD,2000,4,labsea,a_ice,0.35775
CMdev_ALB+RAD,2000,5,labsea,a_ice,0.22514
CMdev_ALB+RAD,2000,6,labsea,a_ice,0.09279
CMdev_ALB+RAD,2000,7,labsea,a_ice,0.02491
CMdev_ALB+RAD,2000,8,labsea,a_ice,0.00236
CMdev_ALB+RAD,2000,9,labsea,a_ice,0.00000
CMdev_ALB+RAD,2000,10,labsea,a_ice,0.00033
CMdev_ALB+RAD,2000,11,labsea,a_ice,0.02693
CMdev_ALB+RAD,2000,12,labsea,a_ice,0.15170
CMdev_ALB+RAD,2000,1,interior,a_ice,0.03090
CMdev_ALB+RAD,2000,2,interior,a_ice,0.08049
CMdev_ALB+RAD,2000,3,interior,a_ice,0.17391
CMdev_ALB+RAD,2000,4,interior,a_ice,0.17943
CMdev_ALB+RAD,2000,5,interior,a_ice,0.06533
CMdev_ALB+RAD,2000,6,interior,a_ice,0.00947
CMdev_ALB+RAD,2000,7,interior,a_ice,0.00007
CMdev_ALB+RAD,2000,8,interior,a_ice,0.00000
CMdev_ALB+RAD,2000,9,interior,a_ice,0.00000
CMdev_ALB+RAD,2000,10,interior,a_ice,0.00000
CMdev_ALB+RAD,2000,11,interior,a_ice,0.00000
CMdev_ALB+RAD,2000,12,interior,a_ice,0.01469
CMdev_ALB+RAD,2000,1,labsea,MLD2,1396.69779
CMdev_ALB+RAD,2000,2,labsea,MLD2,1475.67959
CMdev_ALB+RAD,2000,3,labsea,MLD2,1337.62900
CMdev_ALB+RAD,2000,4,labsea,MLD2,1229.82028
CMdev_ALB+RAD,2000,5,labsea,MLD2,445.95450
CMdev_ALB+RAD,2000,6,labsea,MLD2,13.60164
CMdev_ALB+RAD,2000,7,labsea,MLD2,13.30720
CMdev_ALB+RAD,2000,8,labsea,MLD2,13.42885
CMdev_ALB+RAD,2000,9,labsea,MLD2,21.22819
CMdev_ALB+RAD,2000,10,labsea,MLD2,34.77952
CMdev_ALB+RAD,2000,11,labsea,MLD2,159.77763
CMdev_ALB+RAD,2000,12,labsea,MLD2,820.37624
CMdev_ALB+RAD,2000,1,interior,MLD2,2338.35975
CMdev_ALB+RAD,2000,2,interior,MLD2,2223.40998
CMdev_ALB+RAD,2000,3,interior,MLD2,1870.01846
CMdev_ALB+RAD,2000,4,interior,MLD2,1781.83355
CMdev_ALB+RAD,2000,5,interior,MLD2,765.08264
CMdev_ALB+RAD,2000,6,interior,MLD2,17.16080
CMdev_ALB+RAD,2000,7,interior,MLD2,15.72498
CMdev_ALB+RAD,2000,8,interior,MLD2,14.48928
CMdev_ALB+RAD,2000,9,interior,MLD2,21.02917
CMdev_ALB+RAD,2000,10,interior,MLD2,35.27156
CMdev_ALB+RAD,2000,11,interior,MLD2,133.96766
CMdev_ALB+RAD,2000,12,interior,MLD2,1459.52114
CMdev_ALB+RAD,2001,1,labsea,a_ice,0.23879
CMdev_ALB+RAD,2001,2,labsea,a_ice,0.35967
CMdev_ALB+RAD,2001,3,labsea,a_ice,0.35457
CMdev_ALB+RAD,2001,4,labsea,a_ice,0.29330
CMdev_ALB+RAD,2001,5,labsea,a_ice,0.18470
CMdev_ALB+RAD,2001,6,labsea,a_ice,0.10009
CMdev_ALB+RAD,2001,7,labsea,a_ice,0.03662
CMdev_ALB+RAD,2001,8,labsea,a_ice,0.00336
CMdev_ALB+RAD,2001,9,labsea,a_ice,0.00000
CMdev_ALB+RAD,2001,10,labsea,a_ice,0.00000
CMdev_ALB+RAD,2001,11,labsea,a_ice,0.02936
CMdev_ALB+RAD,2001,12,labsea,a_ice,0.14256
CMdev_ALB+RAD,2001,1,interior,a_ice,0.04978
CMdev_ALB+RAD,2001,2,interior,a_ice,0.19018
CMdev_ALB+RAD,2001,3,interior,a_ice,0.18953
CMdev_ALB+RAD,2001,4,interior,a_ice,0.06596
CMdev_ALB+RAD,2001,5,interior,a_ice,0.02089
CMdev_ALB+RAD,2001,6,interior,a_ice,0.00126
CMdev_ALB+RAD,2001,7,interior,a_ice,0.00000
CMdev_ALB+RAD,2001,8,interior,a_ice,0.00000
CMdev_ALB+RAD,2001,9,interior,a_ice,0.00000
CMdev_ALB+RAD,2001,10,interior,a_ice,0.00000
CMdev_ALB+RAD,2001,11,interior,a_ice,0.00000
CMdev_ALB+RAD,2001,12,interior,a_ice,0.00957
CMdev_ALB+RAD,2001,1,labsea,MLD2,1227.60740
CMdev_ALB+RAD,2001,2,labsea,MLD2,1321.92823
CMdev_ALB+RAD,2001,3,labsea,MLD2,1250.12708
CMdev_ALB+RAD,2001,4,labsea,MLD2,940.76993
CMdev_ALB+RAD,2001,5,labsea,MLD2,201.81054
CMdev_ALB+RAD,2001,6,labsea,MLD2,19.46658
CMdev_ALB+RAD,2001,7,labsea,MLD2,13.99953
CMdev_ALB+RAD,2001,8,labsea,MLD2,16.15773
CMdev_ALB+RAD,2001,9,labsea,MLD2,24.08420
CMdev_ALB+RAD,2001,10,labsea,MLD2,32.29357
CMdev_ALB+RAD,2001,11,labsea,MLD2,99.03730
CMdev_ALB+RAD,2001,12,labsea,MLD2,891.00881
CMdev_ALB+RAD,2001,1,interior,MLD2,2211.16738
CMdev_ALB+RAD,2001,2,interior,MLD2,2020.09941
CMdev_ALB+RAD,2001,3,interior,MLD2,1955.06041
CMdev_ALB+RAD,2001,4,interior,MLD2,1801.26157
CMdev_ALB+RAD,2001,5,interior,MLD2,351.03658
CMdev_ALB+RAD,2001,6,interior,MLD2,22.86919
CMdev_ALB+RAD,2001,7,interior,MLD2,15.53072
CMdev_ALB+RAD,2001,8,interior,MLD2,17.00942
CMdev_ALB+RAD,2001,9,interior,MLD2,26.04974
CMdev_ALB+RAD,2001,10,interior,MLD2,34.19037
CMdev_ALB+RAD,2001,11,interior,MLD2,163.20637
CMdev_ALB+RAD,2001,12,interior,MLD2,1792.83105
CMdev_ALB+RAD,2002,1,labsea,a_ice,0.21455
CMdev_ALB+RAD,2002,2,labsea,a_ice,0.20926
CMdev_ALB+RAD,2002,3,labsea,a_ice,0.23277
CMdev_ALB+RAD,2002,4,labsea,a_ice,0.19680
CMdev_ALB+RAD,2002,5,labsea,a_ice,0.15235
CMdev_ALB+RAD,2002,6,labsea,a_ice,0.07601
CMdev_ALB+RAD,2002,7,labsea,a_ice,0.02434
CMdev_ALB+RAD,2002,8,labsea,a_ice,0.00143
CMdev_ALB+RAD,2002,9,labsea,a_ice,0.00000
CMdev_ALB+RAD,2002,10,labsea,a_ice,0.00136
CMdev_ALB+RAD,2002,11,labsea,a_ice,0.04595
CMdev_ALB+RAD,2002,12,labsea,a_ice,0.15747
CMdev_ALB+RAD,2002,1,interior,a_ice,0.04354
CMdev_ALB+RAD,2002,2,interior,a_ice,0.02520
CMdev_ALB+RAD,2002,3,interior,a_ice,0.04522
CMdev_ALB+RAD,2002,4,interior,a_ice,0.04086
CMdev_ALB+RAD,2002,5,interior,a_ice,0.03562
CMdev_ALB+RAD,2002,6,interior,a_ice,0.00617
CMdev_ALB+RAD,2002,7,interior,a_ice,0.00000
CMdev_ALB+RAD,2002,8,interior,a_ice,0.00000
CMdev_ALB+RAD,2002,9,interior,a_ice,0.00000
CMdev_ALB+RAD,2002,10,interior,a_ice,0.00000
CMdev_ALB+RAD,2002,11,interior,a_ice,0.00012
CMdev_ALB+RAD,2002,12,interior,a_ice,0.02221
CMdev_ALB+RAD,2002,1,labsea,MLD2,1555.43110
CMdev_ALB+RAD,2002,2,labsea,MLD2,1694.17738
CMdev_ALB+RAD,2002,3,labsea,MLD2,1690.59103
CMdev_ALB+RAD,2002,4,labsea,MLD2,1489.49088
CMdev_ALB+RAD,2002,5,labsea,MLD2,666.65809
CMdev_ALB+RAD,2002,6,labsea,MLD2,17.44966
CMdev_ALB+RAD,2002,7,labsea,MLD2,13.13028
CMdev_ALB+RAD,2002,8,labsea,MLD2,15.60751
CMdev_ALB+RAD,2002,9,labsea,MLD2,22.65718
CMdev_ALB+RAD,2002,10,labsea,MLD2,34.52460
CMdev_ALB+RAD,2002,11,labsea,MLD2,115.98822
CMdev_ALB+RAD,2002,12,labsea,MLD2,890.58776
CMdev_ALB+RAD,2002,1,interior,MLD2,2550.85766
CMdev_ALB+RAD,2002,2,interior,MLD2,2609.96221
CMdev_ALB+RAD,2002,3,interior,MLD2,2616.03463
CMdev_ALB+RAD,2002,4,interior,MLD2,2454.28159
CMdev_ALB+RAD,2002,5,interior,MLD2,1603.37117
CMdev_ALB+RAD,2002,6,interior,MLD2,25.75728
CMdev_ALB+RAD,2002,7,interior,MLD2,14.88102
CMdev_ALB+RAD,2002,8,interior,MLD2,17.00636
CMdev_ALB+RAD,2002,9,interior,MLD2,23.63937
CMdev_ALB+RAD,2002,10,interior,MLD2,37.10536
CMdev_ALB+RAD,2002,11,interior,MLD2,183.63834
CMdev_ALB+RAD,2002,12,interior,MLD2,1773.66076
CMdev_ALB+RAD,2003,1,labsea,a_ice,0.30133
CMdev_ALB+RAD,2003,2,labsea,a_ice,0.44243
CMdev_ALB+RAD,2003,3,labsea,a_ice,0.56021
CMdev_ALB+RAD,2003,4,labsea,a_ice,0.49334
CMdev_ALB+RAD,2003,5,labsea,a_ice,0.29772
CMdev_ALB+RAD,2003,6,labsea,a_ice,0.14844
CMdev_ALB+RAD,2003,7,labsea,a_ice,0.03422
CMdev_ALB+RAD,2003,8,labsea,a_ice,0.00021
CMdev_ALB+RAD,2003,9,labsea,a_ice,0.00000
CMdev_ALB+RAD,2003,10,labsea,a_ice,0.00007
CMdev_ALB+RAD,2003,11,labsea,a_ice,0.02845
CMdev_ALB+RAD,2003,12,labsea,a_ice,0.13598
CMdev_ALB+RAD,2003,1,interior,a_ice,0.11673
CMdev_ALB+RAD,2003,2,interior,a_ice,0.40702
CMdev_ALB+RAD,2003,3,interior,a_ice,0.61624
CMdev_ALB+RAD,2003,4,interior,a_ice,0.50310
CMdev_ALB+RAD,2003,5,interior,a_ice,0.14710
CMdev_ALB+RAD,2003,6,interior,a_ice,0.03137
CMdev_ALB+RAD,2003,7,interior,a_ice,0.00126
CMdev_ALB+RAD,2003,8,interior,a_ice,0.00000
CMdev_ALB+RAD,2003,9,interior,a_ice,0.00000
CMdev_ALB+RAD,2003,10,interior,a_ice,0.00000
CMdev_ALB+RAD,2003,11,interior,a_ice,0.00000
CMdev_ALB+RAD,2003,12,interior,a_ice,0.01023
CMdev_ALB+RAD,2003,1,labsea,MLD2,1380.93802
CMdev_ALB+RAD,2003,2,labsea,MLD2,1225.60629
CMdev_ALB+RAD,2003,3,labsea,MLD2,854.28868
CMdev_ALB+RAD,2003,4,labsea,MLD2,557.46793
CMdev_ALB+RAD,2003,5,labsea,MLD2,185.96236
CMdev_ALB+RAD,2003,6,labsea,MLD2,15.82301
CMdev_ALB+RAD,2003,7,labsea,MLD2,11.07936
CMdev_ALB+RAD,2003,8,labsea,MLD2,15.12664
CMdev_ALB+RAD,2003,9,labsea,MLD2,19.97188
CMdev_ALB+RAD,2003,10,labsea,MLD2,30.41505
CMdev_ALB+RAD,2003,11,labsea,MLD2,102.18963
CMdev_ALB+RAD,2003,12,labsea,MLD2,658.34575
CMdev_ALB+RAD,2003,1,interior,MLD2,2192.20686
CMdev_ALB+RAD,2003,2,interior,MLD2,1494.39996
CMdev_ALB+RAD,2003,3,interior,MLD2,724.79406
CMdev_ALB+RAD,2003,4,interior,MLD2,286.43859
CMdev_ALB+RAD,2003,5,interior,MLD2,24.64820
CMdev_ALB+RAD,2003,6,interior,MLD2,15.43634
CMdev_ALB+RAD,2003,7,interior,MLD2,11.53845
CMdev_ALB+RAD,2003,8,interior,MLD2,15.56009
CMdev_ALB+RAD,2003,9,interior,MLD2,19.41807
CMdev_ALB+RAD,2003,10,interior,MLD2,28.38713
CMdev_ALB+RAD,2003,11,interior,MLD2,56.60023
CMdev_ALB+RAD,2003,12,interior,MLD2,939.19452
CMdev_ALB+RAD,2004,1,labsea,a_ice,0.23983
CMdev_ALB+RAD,2004,2,labsea,a_ice,0.29121
CMdev_ALB+RAD,2004,3,labsea,a_ice,0.34710
CMdev_ALB+RAD,2004,4,labsea,a_ice,0.30271
CMdev_ALB+RAD,2004,5,labsea,a_ice,0.19992
CMdev_ALB+RAD,2004,6,labsea,a_ice,0.09020
CMdev_ALB+RAD,2004,7,labsea,a_ice,0.02418
CMdev_ALB+RAD,2004,8,labsea,a_ice,0.00064
CMdev_ALB+RAD,2004,9,labsea,a_ice,0.00000
CMdev_ALB+RAD,2004,10,labsea,a_ice,0.00002
CMdev_ALB+RAD,2004,11,labsea,a_ice,0.01650
CMdev_ALB+RAD,2004,12,labsea,a_ice,0.07517
CMdev_ALB+RAD,2004,1,interior,a_ice,0.06138
CMdev_ALB+RAD,2004,2,interior,a_ice,0.07997
CMdev_ALB+RAD,2004,3,interior,a_ice,0.16268
CMdev_ALB+RAD,2004,4,interior,a_ice,0.11435
CMdev_ALB+RAD,2004,5,interior,a_ice,0.02752
CMdev_ALB+RAD,2004,6,interior,a_ice,0.00309
CMdev_ALB+RAD,2004,7,interior,a_ice,0.00000
CMdev_ALB+RAD,2004,8,interior,a_ice,0.00000
CMdev_ALB+RAD,2004,9,interior,a_ice,0.00000
CMdev_ALB+RAD,2004,10,interior,a_ice,0.00000
CMdev_ALB+RAD,2004,11,interior,a_ice,0.00000
CMdev_ALB+RAD,2004,12,interior,a_ice,0.00166
CMdev_ALB+RAD,2004,1,labsea,MLD2,1456.35299
CMdev_ALB+RAD,2004,2,labsea,MLD2,1595.88387
CMdev_ALB+RAD,2004,3,labsea,MLD2,1334.97490
CMdev_ALB+RAD,2004,4,labsea,MLD2,870.31068
CMdev_ALB+RAD,2004,5,labsea,MLD2,244.63445
CMdev_ALB+RAD,2004,6,labsea,MLD2,20.59521
CMdev_ALB+RAD,2004,7,labsea,MLD2,13.02828
CMdev_ALB+RAD,2004,8,labsea,MLD2,13.08733
CMdev_ALB+RAD,2004,9,labsea,MLD2,16.02793
CMdev_ALB+RAD,2004,10,labsea,MLD2,26.95796
CMdev_ALB+RAD,2004,11,labsea,MLD2,100.16177
CMdev_ALB+RAD,2004,12,labsea,MLD2,466.15771
CMdev_ALB+RAD,2004,1,interior,MLD2,2494.98386
CMdev_ALB+RAD,2004,2,interior,MLD2,2468.77243
CMdev_ALB+RAD,2004,3,interior,MLD2,2048.53457
CMdev_ALB+RAD,2004,4,interior,MLD2,1320.86145
CMdev_ALB+RAD,2004,5,interior,MLD2,535.37501
CMdev_ALB+RAD,2004,6,interior,MLD2,27.29930
CMdev_ALB+RAD,2004,7,interior,MLD2,14.80486
CMdev_ALB+RAD,2004,8,interior,MLD2,14.22301
CMdev_ALB+RAD,2004,9,interior,MLD2,17.37941
CMdev_ALB+RAD,2004,10,interior,MLD2,28.14832
CMdev_ALB+RAD,2004,11,interior,MLD2,64.98717
CMdev_ALB+RAD,2004,12,interior,MLD2,598.92291
CMdev_ALB+RAD,2005,1,labsea,a_ice,0.24199
CMdev_ALB+RAD,2005,2,labsea,a_ice,0.40090
CMdev_ALB+RAD,2005,3,labsea,a_ice,0.48089
CMdev_ALB+RAD,2005,4,labsea,a_ice,0.44424
CMdev_ALB+RAD,2005,5,labsea,a_ice,0.26333
CMdev_ALB+RAD,2005,6,labsea,a_ice,0.09725
CMdev_ALB+RAD,2005,7,labsea,a_ice,0.01755
CMdev_ALB+RAD,2005,8,labsea,a_ice,0.00008
CMdev_ALB+RAD,2005,9,labsea,a_ice,0.00000
CMdev_ALB+RAD,2005,10,labsea,a_ice,0.00000
CMdev_ALB+RAD,2005,11,labsea,a_ice,0.00684
CMdev_ALB+RAD,2005,12,labsea,a_ice,0.07965
CMdev_ALB+RAD,2005,1,interior,a_ice,0.06915
CMdev_ALB+RAD,2005,2,interior,a_ice,0.34709
CMdev_ALB+RAD,2005,3,interior,a_ice,0.51507
CMdev_ALB+RAD,2005,4,interior,a_ice,0.48613
CMdev_ALB+RAD,2005,5,interior,a_ice,0.13251
CMdev_ALB+RAD,2005,6,interior,a_ice,0.00503
CMdev_ALB+RAD,2005,7,interior,a_ice,0.00000
CMdev_ALB+RAD,2005,8,interior,a_ice,0.00000
CMdev_ALB+RAD,2005,9,interior,a_ice,0.00000
CMdev_ALB+RAD,2005,10,interior,a_ice,0.00000
CMdev_ALB+RAD,2005,11,interior,a_ice,0.00000
CMdev_ALB+RAD,2005,12,interior,a_ice,0.00022
CMdev_ALB+RAD,2005,1,labsea,MLD2,1298.77298
CMdev_ALB+RAD,2005,2,labsea,MLD2,1123.64987
CMdev_ALB+RAD,2005,3,labsea,MLD2,948.74139
CMdev_ALB+RAD,2005,4,labsea,MLD2,673.90253
CMdev_ALB+RAD,2005,5,labsea,MLD2,20.55729
CMdev_ALB+RAD,2005,6,labsea,MLD2,16.87449
CMdev_ALB+RAD,2005,7,labsea,MLD2,15.31184
CMdev_ALB+RAD,2005,8,labsea,MLD2,13.43428
CMdev_ALB+RAD,2005,9,labsea,MLD2,21.11842
CMdev_ALB+RAD,2005,10,labsea,MLD2,31.40996
CMdev_ALB+RAD,2005,11,labsea,MLD2,64.46451
CMdev_ALB+RAD,2005,12,labsea,MLD2,680.51135
CMdev_ALB+RAD,2005,1,interior,MLD2,2189.98630
CMdev_ALB+RAD,2005,2,interior,MLD2,1429.43213
CMdev_ALB+RAD,2005,3,interior,MLD2,824.95219
CMdev_ALB+RAD,2005,4,interior,MLD2,419.05466
CMdev_ALB+RAD,2005,5,interior,MLD2,18.59952
CMdev_ALB+RAD,2005,6,interior,MLD2,18.77913
CMdev_ALB+RAD,2005,7,interior,MLD2,16.68912
CMdev_ALB+RAD,2005,8,interior,MLD2,13.71765
CMdev_ALB+RAD,2005,9,interior,MLD2,21.80772
CMdev_ALB+RAD,2005,10,interior,MLD2,30.42588
CMdev_ALB+RAD,2005,11,interior,MLD2,58.16647
CMdev_ALB+RAD,2005,12,interior,MLD2,1379.09561
CMdev_ALB+RAD,2006,1,labsea,a_ice,0.20806
CMdev_ALB+RAD,2006,2,labsea,a_ice,0.33207
CMdev_ALB+RAD,2006,3,labsea,a_ice,0.40792
CMdev_ALB+RAD,2006,4,labsea,a_ice,0.35375
CMdev_ALB+RAD,2006,5,labsea,a_ice,0.23914
CMdev_ALB+RAD,2006,6,labsea,a_ice,0.11715
CMdev_ALB+RAD,2006,7,labsea,a_ice,0.02776
CMdev_ALB+RAD,2006,8,labsea,a_ice,0.00316
CMdev_ALB+RAD,2006,9,labsea,a_ice,0.00000
CMdev_ALB+RAD,2006,10,labsea,a_ice,0.00002
CMdev_ALB+RAD,2006,11,labsea,a_ice,0.00911
CMdev_ALB+RAD,2006,12,labsea,a_ice,0.06450
CMdev_ALB+RAD,2006,1,interior,a_ice,0.02923
CMdev_ALB+RAD,2006,2,interior,a_ice,0.12502
CMdev_ALB+RAD,2006,3,interior,a_ice,0.24142
CMdev_ALB+RAD,2006,4,interior,a_ice,0.25062
CMdev_ALB+RAD,2006,5,interior,a_ice,0.09301
CMdev_ALB+RAD,2006,6,interior,a_ice,0.02788
CMdev_ALB+RAD,2006,7,interior,a_ice,0.00001
CMdev_ALB+RAD,2006,8,interior,a_ice,0.00000
CMdev_ALB+RAD,2006,9,interior,a_ice,0.00000
CMdev_ALB+RAD,2006,10,interior,a_ice,0.00000
CMdev_ALB+RAD,2006,11,interior,a_ice,0.00000
CMdev_ALB+RAD,2006,12,interior,a_ice,0.00294
CMdev_ALB+RAD,2006,1,labsea,MLD2,1479.90935
CMdev_ALB+RAD,2006,2,labsea,MLD2,1410.27810
CMdev_ALB+RAD,2006,3,labsea,MLD2,1268.49735
CMdev_ALB+RAD,2006,4,labsea,MLD2,731.26552
CMdev_ALB+RAD,2006,5,labsea,MLD2,24.86919
CMdev_ALB+RAD,2006,6,labsea,MLD2,15.35752
CMdev_ALB+RAD,2006,7,labsea,MLD2,12.86496
CMdev_ALB+RAD,2006,8,labsea,MLD2,12.73633
CMdev_ALB+RAD,2006,9,labsea,MLD2,19.73632
CMdev_ALB+RAD,2006,10,labsea,MLD2,30.22421
CMdev_ALB+RAD,2006,11,labsea,MLD2,51.05414
CMdev_ALB+RAD,2006,12,labsea,MLD2,249.86288
CMdev_ALB+RAD,2006,1,interior,MLD2,2509.84105
CMdev_ALB+RAD,2006,2,interior,MLD2,2213.59586
CMdev_ALB+RAD,2006,3,interior,MLD2,1914.22184
CMdev_ALB+RAD,2006,4,interior,MLD2,1105.88239
CMdev_ALB+RAD,2006,5,interior,MLD2,35.68626
CMdev_ALB+RAD,2006,6,interior,MLD2,18.17911
CMdev_ALB+RAD,2006,7,interior,MLD2,14.60879
CMdev_ALB+RAD,2006,8,interior,MLD2,15.30562
CMdev_ALB+RAD,2006,9,interior,MLD2,20.86691
CMdev_ALB+RAD,2006,10,interior,MLD2,30.13277
CMdev_ALB+RAD,2006,11,interior,MLD2,49.13046
CMdev_ALB+RAD,2006,12,interior,MLD2,356.70953
CMdev_ALB+RAD,2007,1,labsea,a_ice,0.20171
CMdev_ALB+RAD,2007,2,labsea,a_ice,0.25177
CMdev_ALB+RAD,2007,3,labsea,a_ice,0.26240
CMdev_ALB+RAD,2007,4,labsea,a_ice,0.23159
CMdev_ALB+RAD,2007,5,labsea,a_ice,0.14071
CMdev_ALB+RAD,2007,6,labsea,a_ice,0.07978
CMdev_ALB+RAD,2007,7,labsea,a_ice,0.02883
CMdev_ALB+RAD,2007,8,labsea,a_ice,0.00138
CMdev_ALB+RAD,2007,9,labsea,a_ice,0.00000
CMdev_ALB+RAD,2007,10,labsea,a_ice,0.00000
CMdev_ALB+RAD,2007,11,labsea,a_ice,0.00895
CMdev_ALB+RAD,2007,12,labsea,a_ice,0.07304
CMdev_ALB+RAD,2007,1,interior,a_ice,0.04122
CMdev_ALB+RAD,2007,2,interior,a_ice,0.05925
CMdev_ALB+RAD,2007,3,interior,a_ice,0.06680
CMdev_ALB+RAD,2007,4,interior,a_ice,0.10348
CMdev_ALB+RAD,2007,5,interior,a_ice,0.01822
CMdev_ALB+RAD,2007,6,interior,a_ice,0.00020
CMdev_ALB+RAD,2007,7,interior,a_ice,0.00000
CMdev_ALB+RAD,2007,8,interior,a_ice,0.00000
CMdev_ALB+RAD,2007,9,interior,a_ice,0.00000
CMdev_ALB+RAD,2007,10,interior,a_ice,0.00000
CMdev_ALB+RAD,2007,11,interior,a_ice,0.00000
CMdev_ALB+RAD,2007,12,interior,a_ice,0.00208
CMdev_ALB+RAD,2007,1,labsea,MLD2,1171.27533
CMdev_ALB+RAD,2007,2,labsea,MLD2,1503.85695
CMdev_ALB+RAD,2007,3,labsea,MLD2,1548.76439
CMdev_ALB+RAD,2007,4,labsea,MLD2,1261.90033
CMdev_ALB+RAD,2007,5,labsea,MLD2,252.50998
CMdev_ALB+RAD,2007,6,labsea,MLD2,17.35223
CMdev_ALB+RAD,2007,7,labsea,MLD2,12.14243
CMdev_ALB+RAD,2007,8,labsea,MLD2,13.28635
CMdev_ALB+RAD,2007,9,labsea,MLD2,20.95527
CMdev_ALB+RAD,2007,10,labsea,MLD2,29.88730
CMdev_ALB+RAD,2007,11,labsea,MLD2,48.15203
CMdev_ALB+RAD,2007,12,labsea,MLD2,547.83405
CMdev_ALB+RAD,2007,1,interior,MLD2,1951.90170
CMdev_ALB+RAD,2007,2,interior,MLD2,2277.50016
CMdev_ALB+RAD,2007,3,interior,MLD2,2391.17531
CMdev_ALB+RAD,2007,4,interior,MLD2,2031.34821
CMdev_ALB+RAD,2007,5,interior,MLD2,562.53911
CMdev_ALB+RAD,2007,6,interior,MLD2,22.84392
CMdev_ALB+RAD,2007,7,interior,MLD2,12.79222
CMdev_ALB+RAD,2007,8,interior,MLD2,14.36716
CMdev_ALB+RAD,2007,9,interior,MLD2,19.14515
CMdev_ALB+RAD,2007,10,interior,MLD2,27.32221
CMdev_ALB+RAD,2007,11,interior,MLD2,48.48161
CMdev_ALB+RAD,2007,12,interior,MLD2,1044.35484
CMdev_ALB+RAD,2008,1,labsea,a_ice,0.18050
CMdev_ALB+RAD,2008,2,labsea,a_ice,0.22867
CMdev_ALB+RAD,2008,3,labsea,a_ice,0.23729
CMdev_ALB+RAD,2008,4,labsea,a_ice,0.25151
CMdev_ALB+RAD,2008,5,labsea,a_ice,0.11926
CMdev_ALB+RAD,2008,6,labsea,a_ice,0.05033
CMdev_ALB+RAD,2008,7,labsea,a_ice,0.01270
CMdev_ALB+RAD,2008,8,labsea,a_ice,0.00074
CMdev_ALB+RAD,2008,9,labsea,a_ice,0.00000
CMdev_ALB+RAD,2008,10,labsea,a_ice,0.00000
CMdev_ALB+RAD,2008,11,labsea,a_ice,0.01794
CMdev_ALB+RAD,2008,12,labsea,a_ice,0.06824
CMdev_ALB+RAD,2008,1,interior,a_ice,0.05960
CMdev_ALB+RAD,2008,2,interior,a_ice,0.05943
CMdev_ALB+RAD,2008,3,interior,a_ice,0.05060
CMdev_ALB+RAD,2008,4,interior,a_ice,0.08009
CMdev_ALB+RAD,2008,5,interior,a_ice,0.02445
CMdev_ALB+RAD,2008,6,interior,a_ice,0.00119
CMdev_ALB+RAD,2008,7,interior,a_ice,0.00000
CMdev_ALB+RAD,2008,8,interior,a_ice,0.00000
CMdev_ALB+RAD,2008,9,interior,a_ice,0.00000
CMdev_ALB+RAD,2008,10,interior,a_ice,0.00000
CMdev_ALB+RAD,2008,11,interior,a_ice,0.00000
CMdev_ALB+RAD,2008,12,interior,a_ice,0.00262
CMdev_ALB+RAD,2008,1,labsea,MLD2,1497.54714
CMdev_ALB+RAD,2008,2,labsea,MLD2,1632.74568
CMdev_ALB+RAD,2008,3,labsea,MLD2,1636.84048
CMdev_ALB+RAD,2008,4,labsea,MLD2,1531.54180
CMdev_ALB+RAD,2008,5,labsea,MLD2,366.58772
CMdev_ALB+RAD,2008,6,labsea,MLD2,18.79801
CMdev_ALB+RAD,2008,7,labsea,MLD2,15.82884
CMdev_ALB+RAD,2008,8,labsea,MLD2,16.15071
CMdev_ALB+RAD,2008,9,labsea,MLD2,24.19055
CMdev_ALB+RAD,2008,10,labsea,MLD2,32.83760
CMdev_ALB+RAD,2008,11,labsea,MLD2,112.11677
CMdev_ALB+RAD,2008,12,labsea,MLD2,912.27197
CMdev_ALB+RAD,2008,1,interior,MLD2,2297.38110
CMdev_ALB+RAD,2008,2,interior,MLD2,2441.41232
CMdev_ALB+RAD,2008,3,interior,MLD2,2487.70491
CMdev_ALB+RAD,2008,4,interior,MLD2,2354.78854
CMdev_ALB+RAD,2008,5,interior,MLD2,652.43878
CMdev_ALB+RAD,2008,6,interior,MLD2,22.20715
CMdev_ALB+RAD,2008,7,interior,MLD2,18.67027
CMdev_ALB+RAD,2008,8,interior,MLD2,17.48420
CMdev_ALB+RAD,2008,9,interior,MLD2,25.69720
CMdev_ALB+RAD,2008,10,interior,MLD2,33.88767
CMdev_ALB+RAD,2008,11,interior,MLD2,202.78073
CMdev_ALB+RAD,2008,12,interior,MLD2,1831.14846
CMdev_ALB+RAD,2009,1,labsea,a_ice,0.16497
CMdev_ALB+RAD,2009,2,labsea,a_ice,0.22064
CMdev_ALB+RAD,2009,3,labsea,a_ice,0.26436
CMdev_ALB+RAD,2009,4,labsea,a_ice,0.18538
CMdev_ALB+RAD,2009,5,labsea,a_ice,0.12140
CMdev_ALB+RAD,2009,6,labsea,a_ice,0.05478
CMdev_ALB+RAD,2009,7,labsea,a_ice,0.01155
CMdev_ALB+RAD,2009,8,labsea,a_ice,0.00002
CMdev_ALB+RAD,2009,9,labsea,a_ice,0.00000
CMdev_ALB+RAD,2009,10,labsea,a_ice,0.00002
CMdev_ALB+RAD,2009,11,labsea,a_ice,0.00140
CMdev_ALB+RAD,2009,12,labsea,a_ice,0.04624
CMdev_ALB+RAD,2009,1,interior,a_ice,0.02176
CMdev_ALB+RAD,2009,2,interior,a_ice,0.04096
CMdev_ALB+RAD,2009,3,interior,a_ice,0.05408
CMdev_ALB+RAD,2009,4,interior,a_ice,0.06717
CMdev_ALB+RAD,2009,5,interior,a_ice,0.03957
CMdev_ALB+RAD,2009,6,interior,a_ice,0.00547
CMdev_ALB+RAD,2009,7,interior,a_ice,0.00000
CMdev_ALB+RAD,2009,8,interior,a_ice,0.00000
CMdev_ALB+RAD,2009,9,interior,a_ice,0.00000
CMdev_ALB+RAD,2009,10,interior,a_ice,0.00000
CMdev_ALB+RAD,2009,11,interior,a_ice,0.00000
CMdev_ALB+RAD,2009,12,interior,a_ice,0.00000
CMdev_ALB+RAD,2009,1,labsea,MLD2,1579.11287
CMdev_ALB+RAD,2009,2,labsea,MLD2,1623.60254
CMdev_ALB+RAD,2009,3,labsea,MLD2,1582.02629
CMdev_ALB+RAD,2009,4,labsea,MLD2,1362.57519
CMdev_ALB+RAD,2009,5,labsea,MLD2,321.97440
CMdev_ALB+RAD,2009,6,labsea,MLD2,14.97373
CMdev_ALB+RAD,2009,7,labsea,MLD2,16.63950
CMdev_ALB+RAD,2009,8,labsea,MLD2,18.95150
CMdev_ALB+RAD,2009,9,labsea,MLD2,21.43089
CMdev_ALB+RAD,2009,10,labsea,MLD2,29.79311
CMdev_ALB+RAD,2009,11,labsea,MLD2,40.28230
CMdev_ALB+RAD,2009,12,labsea,MLD2,269.18153
CMdev_ALB+RAD,2009,1,interior,MLD2,2600.83367
CMdev_ALB+RAD,2009,2,interior,MLD2,2542.48077
CMdev_ALB+RAD,2009,3,interior,MLD2,2419.63496
CMdev_ALB+RAD,2009,4,interior,MLD2,2241.10040
CMdev_ALB+RAD,2009,5,interior,MLD2,766.61142
CMdev_ALB+RAD,2009,6,interior,MLD2,16.55645
CMdev_ALB+RAD,2009,7,interior,MLD2,18.61761
CMdev_ALB+RAD,2009,8,interior,MLD2,20.46956
CMdev_ALB+RAD,2009,9,interior,MLD2,22.55943
CMdev_ALB+RAD,2009,10,interior,MLD2,29.06776
CMdev_ALB+RAD,2009,11,interior,MLD2,39.47844
CMdev_ALB+RAD,2009,12,interior,MLD2,559.41509
CMdev_ALB+RAD,2010,1,labsea,a_ice,0.10685
CMdev_ALB+RAD,2010,2,labsea,a_ice,0.19661
CMdev_ALB+RAD,2010,3,labsea,a_ice,0.20471
CMdev_ALB+RAD,2010,4,labsea,a_ice,0.20210
CMdev_ALB+RAD,2010,5,labsea,a_ice,0.15023
CMdev_ALB+RAD,2010,6,labsea,a_ice,0.05551
CMdev_ALB+RAD,2010,7,labsea,a_ice,0.01513
CMdev_ALB+RAD,2010,8,labsea,a_ice,0.00003
CMdev_ALB+RAD,2010,9,labsea,a_ice,0.00000
CMdev_ALB+RAD,2010,10,labsea,a_ice,0.00000
CMdev_ALB+RAD,2010,11,labsea,a_ice,0.00140
CMdev_ALB+RAD,2010,12,labsea,a_ice,0.05639
CMdev_ALB+RAD,2010,1,interior,a_ice,0.00414
CMdev_ALB+RAD,2010,2,interior,a_ice,0.03914
CMdev_ALB+RAD,2010,3,interior,a_ice,0.03788
CMdev_ALB+RAD,2010,4,interior,a_ice,0.03605
CMdev_ALB+RAD,2010,5,interior,a_ice,0.04066
CMdev_ALB+RAD,2010,6,interior,a_ice,0.00700
CMdev_ALB+RAD,2010,7,interior,a_ice,0.00000
CMdev_ALB+RAD,2010,8,interior,a_ice,0.00000
CMdev_ALB+RAD,2010,9,interior,a_ice,0.00000
CMdev_ALB+RAD,2010,10,interior,a_ice,0.00000
CMdev_ALB+RAD,2010,11,interior,a_ice,0.00000
CMdev_ALB+RAD,2010,12,interior,a_ice,0.00687
CMdev_ALB+RAD,2010,1,labsea,MLD2,1036.39557
CMdev_ALB+RAD,2010,2,labsea,MLD2,1596.66017
CMdev_ALB+RAD,2010,3,labsea,MLD2,1594.14452
CMdev_ALB+RAD,2010,4,labsea,MLD2,1352.42425
CMdev_ALB+RAD,2010,5,labsea,MLD2,317.68068
CMdev_ALB+RAD,2010,6,labsea,MLD2,13.84975
CMdev_ALB+RAD,2010,7,labsea,MLD2,12.87890
CMdev_ALB+RAD,2010,8,labsea,MLD2,12.92300
CMdev_ALB+RAD,2010,9,labsea,MLD2,19.61956
CMdev_ALB+RAD,2010,10,labsea,MLD2,27.05608
CMdev_ALB+RAD,2010,11,labsea,MLD2,44.38076
CMdev_ALB+RAD,2010,12,labsea,MLD2,179.53095
CMdev_ALB+RAD,2010,1,interior,MLD2,2117.64036
CMdev_ALB+RAD,2010,2,interior,MLD2,2599.28680
CMdev_ALB+RAD,2010,3,interior,MLD2,2586.43166
CMdev_ALB+RAD,2010,4,interior,MLD2,2232.78807
CMdev_ALB+RAD,2010,5,interior,MLD2,703.41011
CMdev_ALB+RAD,2010,6,interior,MLD2,14.98269
CMdev_ALB+RAD,2010,7,interior,MLD2,14.38957
CMdev_ALB+RAD,2010,8,interior,MLD2,15.52529
CMdev_ALB+RAD,2010,9,interior,MLD2,19.94793
CMdev_ALB+RAD,2010,10,interior,MLD2,28.25307
CMdev_ALB+RAD,2010,11,interior,MLD2,42.83630
CMdev_ALB+RAD,2010,12,interior,MLD2,248.09868
CMdev_ALB+RAD,2011,1,labsea,a_ice,0.12319
CMdev_ALB+RAD,2011,2,labsea,a_ice,0.17779
CMdev_ALB+RAD,2011,3,labsea,a_ice,0.25452
CMdev_ALB+RAD,2011,4,labsea,a_ice,0.22036
CMdev_ALB+RAD,2011,5,labsea,a_ice,0.11052
CMdev_ALB+RAD,2011,6,labsea,a_ice,0.02325
CMdev_ALB+RAD,2011,7,labsea,a_ice,0.00002
CMdev_ALB+RAD,2011,8,labsea,a_ice,0.00000
CMdev_ALB+RAD,2011,9,labsea,a_ice,0.00000
CMdev_ALB+RAD,2011,10,labsea,a_ice,0.00000
CMdev_ALB+RAD,2011,11,labsea,a_ice,0.00539
CMdev_ALB+RAD,2011,12,labsea,a_ice,0.05488
CMdev_ALB+RAD,2011,1,interior,a_ice,0.00816
CMdev_ALB+RAD,2011,2,interior,a_ice,0.03420
CMdev_ALB+RAD,2011,3,interior,a_ice,0.06324
CMdev_ALB+RAD,2011,4,interior,a_ice,0.04161
CMdev_ALB+RAD,2011,5,interior,a_ice,0.01237
CMdev_ALB+RAD,2011,6,interior,a_ice,0.00000
CMdev_ALB+RAD,2011,7,interior,a_ice,0.00000
CMdev_ALB+RAD,2011,8,interior,a_ice,0.00000
CMdev_ALB+RAD,2011,9,interior,a_ice,0.00000
CMdev_ALB+RAD,2011,10,interior,a_ice,0.00000
CMdev_ALB+RAD,2011,11,interior,a_ice,0.00000
CMdev_ALB+RAD,2011,12,interior,a_ice,0.00000
CMdev_ALB+RAD,2011,1,labsea,MLD2,810.54300
CMdev_ALB+RAD,2011,2,labsea,MLD2,1293.61340
CMdev_ALB+RAD,2011,3,labsea,MLD2,1316.79502
CMdev_ALB+RAD,2011,4,labsea,MLD2,1055.03264
CMdev_ALB+RAD,2011,5,labsea,MLD2,328.88947
CMdev_ALB+RAD,2011,6,labsea,MLD2,10.79325
CMdev_ALB+RAD,2011,7,labsea,MLD2,10.11100
CMdev_ALB+RAD,2011,8,labsea,MLD2,13.61278
CMdev_ALB+RAD,2011,9,labsea,MLD2,22.15640
CMdev_ALB+RAD,2011,10,labsea,MLD2,32.75011
CMdev_ALB+RAD,2011,11,labsea,MLD2,73.76022
CMdev_ALB+RAD,2011,12,labsea,MLD2,290.55494
CMdev_ALB+RAD,2011,1,interior,MLD2,1287.42065
CMdev_ALB+RAD,2011,2,interior,MLD2,2193.95471
CMdev_ALB+RAD,2011,3,interior,MLD2,2338.10870
CMdev_ALB+RAD,2011,4,interior,MLD2,2131.63761
CMdev_ALB+RAD,2011,5,interior,MLD2,846.82671
CMdev_ALB+RAD,2011,6,interior,MLD2,10.54925
CMdev_ALB+RAD,2011,7,interior,MLD2,10.47600
CMdev_ALB+RAD,2011,8,interior,MLD2,15.04378
CMdev_ALB+RAD,2011,9,interior,MLD2,22.66972
CMdev_ALB+RAD,2011,10,interior,MLD2,32.41504
CMdev_ALB+RAD,2011,11,interior,MLD2,122.90787
CMdev_ALB+RAD,2011,12,interior,MLD2,600.88659
CMdev_ALB+RAD,2012,1,labsea,a_ice,0.10416
CMdev_ALB+RAD,2012,2,labsea,a_ice,0.18394
CMdev_ALB+RAD,2012,3,labsea,a_ice,0.23829
CMdev_ALB+RAD,2012,4,labsea,a_ice,0.24018
CMdev_ALB+RAD,2012,5,labsea,a_ice,0.16778
CMdev_ALB+RAD,2012,6,labsea,a_ice,0.06018
CMdev_ALB+RAD,2012,7,labsea,a_ice,0.00768
CMdev_ALB+RAD,2012,8,labsea,a_ice,0.00000
CMdev_ALB+RAD,2012,9,labsea,a_ice,0.00000
CMdev_ALB+RAD,2012,10,labsea,a_ice,0.00000
CMdev_ALB+RAD,2012,11,labsea,a_ice,0.00176
CMdev_ALB+RAD,2012,12,labsea,a_ice,0.05233
CMdev_ALB+RAD,2012,1,interior,a_ice,0.00227
CMdev_ALB+RAD,2012,2,interior,a_ice,0.02899
CMdev_ALB+RAD,2012,3,interior,a_ice,0.06329
CMdev_ALB+RAD,2012,4,interior,a_ice,0.08685
CMdev_ALB+RAD,2012,5,interior,a_ice,0.02925
CMdev_ALB+RAD,2012,6,interior,a_ice,0.00076
CMdev_ALB+RAD,2012,7,interior,a_ice,0.00000
CMdev_ALB+RAD,2012,8,interior,a_ice,0.00000
CMdev_ALB+RAD,2012,9,interior,a_ice,0.00000
CMdev_ALB+RAD,2012,10,interior,a_ice,0.00000
CMdev_ALB+RAD,2012,11,interior,a_ice,0.00000
CMdev_ALB+RAD,2012,12,interior,a_ice,0.00020
CMdev_ALB+RAD,2012,1,labsea,MLD2,740.60440
CMdev_ALB+RAD,2012,2,labsea,MLD2,1574.16433
CMdev_ALB+RAD,2012,3,labsea,MLD2,1555.79993
CMdev_ALB+RAD,2012,4,labsea,MLD2,1346.11977
CMdev_ALB+RAD,2012,5,labsea,MLD2,524.56940
CMdev_ALB+RAD,2012,6,labsea,MLD2,20.83424
CMdev_ALB+RAD,2012,7,labsea,MLD2,12.25528
CMdev_ALB+RAD,2012,8,labsea,MLD2,13.23129
CMdev_ALB+RAD,2012,9,labsea,MLD2,17.56544
CMdev_ALB+RAD,2012,10,labsea,MLD2,30.62353
CMdev_ALB+RAD,2012,11,labsea,MLD2,68.89034
CMdev_ALB+RAD,2012,12,labsea,MLD2,963.85251
CMdev_ALB+RAD,2012,1,interior,MLD2,1345.66015
CMdev_ALB+RAD,2012,2,interior,MLD2,2511.45209
CMdev_ALB+RAD,2012,3,interior,MLD2,2451.68498
CMdev_ALB+RAD,2012,4,interior,MLD2,2121.88277
CMdev_ALB+RAD,2012,5,interior,MLD2,950.48121
CMdev_ALB+RAD,2012,6,interior,MLD2,24.79782
CMdev_ALB+RAD,2012,7,interior,MLD2,13.53886
CMdev_ALB+RAD,2012,8,interior,MLD2,13.96493
CMdev_ALB+RAD,2012,9,interior,MLD2,17.42557
CMdev_ALB+RAD,2012,10,interior,MLD2,29.01682
CMdev_ALB+RAD,2012,11,interior,MLD2,98.59686
CMdev_ALB+RAD,2012,12,interior,MLD2,1831.76271
CMdev_ALB+RAD,2013,1,labsea,a_ice,0.15262
CMdev_ALB+RAD,2013,2,labsea,a_ice,0.20936
CMdev_ALB+RAD,2013,3,labsea,a_ice,0.21802
CMdev_ALB+RAD,2013,4,labsea,a_ice,0.20182
CMdev_ALB+RAD,2013,5,labsea,a_ice,0.13125
CMdev_ALB+RAD,2013,6,labsea,a_ice,0.03967
CMdev_ALB+RAD,2013,7,labsea,a_ice,0.00378
CMdev_ALB+RAD,2013,8,labsea,a_ice,0.00000
CMdev_ALB+RAD,2013,9,labsea,a_ice,0.00000
CMdev_ALB+RAD,2013,10,labsea,a_ice,0.00000
CMdev_ALB+RAD,2013,11,labsea,a_ice,0.00135
CMdev_ALB+RAD,2013,12,labsea,a_ice,0.04467
CMdev_ALB+RAD,2013,1,interior,a_ice,0.01168
CMdev_ALB+RAD,2013,2,interior,a_ice,0.05897
CMdev_ALB+RAD,2013,3,interior,a_ice,0.05205
CMdev_ALB+RAD,2013,4,interior,a_ice,0.04183
CMdev_ALB+RAD,2013,5,interior,a_ice,0.03289
CMdev_ALB+RAD,2013,6,interior,a_ice,0.00004
CMdev_ALB+RAD,2013,7,interior,a_ice,0.00000
CMdev_ALB+RAD,2013,8,interior,a_ice,0.00000
CMdev_ALB+RAD,2013,9,interior,a_ice,0.00000
CMdev_ALB+RAD,2013,10,interior,a_ice,0.00000
CMdev_ALB+RAD,2013,11,interior,a_ice,0.00000
CMdev_ALB+RAD,2013,12,interior,a_ice,0.00020
CMdev_ALB+RAD,2013,1,labsea,MLD2,1641.28708
CMdev_ALB+RAD,2013,2,labsea,MLD2,1719.69151
CMdev_ALB+RAD,2013,3,labsea,MLD2,1672.17622
CMdev_ALB+RAD,2013,4,labsea,MLD2,1676.68322
CMdev_ALB+RAD,2013,5,labsea,MLD2,682.31511
CMdev_ALB+RAD,2013,6,labsea,MLD2,17.49625
CMdev_ALB+RAD,2013,7,labsea,MLD2,14.55323
CMdev_ALB+RAD,2013,8,labsea,MLD2,15.26773
CMdev_ALB+RAD,2013,9,labsea,MLD2,20.89617
CMdev_ALB+RAD,2013,10,labsea,MLD2,30.83287
CMdev_ALB+RAD,2013,11,labsea,MLD2,82.65740
CMdev_ALB+RAD,2013,12,labsea,MLD2,1120.58622
CMdev_ALB+RAD,2013,1,interior,MLD2,2637.63371
CMdev_ALB+RAD,2013,2,interior,MLD2,2601.61829
CMdev_ALB+RAD,2013,3,interior,MLD2,2526.41572
CMdev_ALB+RAD,2013,4,interior,MLD2,2565.02385
CMdev_ALB+RAD,2013,5,interior,MLD2,1153.53450
CMdev_ALB+RAD,2013,6,interior,MLD2,20.56708
CMdev_ALB+RAD,2013,7,interior,MLD2,15.92506
CMdev_ALB+RAD,2013,8,interior,MLD2,16.79713
CMdev_ALB+RAD,2013,9,interior,MLD2,22.71381
CMdev_ALB+RAD,2013,10,interior,MLD2,29.62538
CMdev_ALB+RAD,2013,11,interior,MLD2,147.62592
CMdev_ALB+RAD,2013,12,interior,MLD2,2233.00486
CMdev_ALB+RAD,2014,1,labsea,a_ice,0.13524
CMdev_ALB+RAD,2014,2,labsea,a_ice,0.16288
CMdev_ALB+RAD,2014,3,labsea,a_ice,0.18460
CMdev_ALB+RAD,2014,4,labsea,a_ice,0.19843
CMdev_ALB+RAD,2014,5,labsea,a_ice,0.09719
CMdev_ALB+RAD,2014,6,labsea,a_ice,0.03149
CMdev_ALB+RAD,2014,7,labsea,a_ice,0.00099
CMdev_ALB+RAD,2014,8,labsea,a_ice,0.00000
CMdev_ALB+RAD,2014,9,labsea,a_ice,0.00000
CMdev_ALB+RAD,2014,10,labsea,a_ice,0.00000
CMdev_ALB+RAD,2014,11,labsea,a_ice,0.00096
CMdev_ALB+RAD,2014,12,labsea,a_ice,0.03419
CMdev_ALB+RAD,2014,1,interior,a_ice,0.02853
CMdev_ALB+RAD,2014,2,interior,a_ice,0.01358
CMdev_ALB+RAD,2014,3,interior,a_ice,0.01691
CMdev_ALB+RAD,2014,4,interior,a_ice,0.02591
CMdev_ALB+RAD,2014,5,interior,a_ice,0.00640
CMdev_ALB+RAD,2014,6,interior,a_ice,0.00000
CMdev_ALB+RAD,2014,7,interior,a_ice,0.00000
CMdev_ALB+RAD,2014,8,interior,a_ice,0.00000
CMdev_ALB+RAD,2014,9,interior,a_ice,0.00000
CMdev_ALB+RAD,2014,10,interior,a_ice,0.00000
CMdev_ALB+RAD,2014,11,interior,a_ice,0.00000
CMdev_ALB+RAD,2014,12,interior,a_ice,0.00000
CMdev_ALB+RAD,2014,1,labsea,MLD2,1495.87279
CMdev_ALB+RAD,2014,2,labsea,MLD2,1445.85159
CMdev_ALB+RAD,2014,3,labsea,MLD2,1432.78461
CMdev_ALB+RAD,2014,4,labsea,MLD2,1177.71320
CMdev_ALB+RAD,2014,5,labsea,MLD2,261.22532
CMdev_ALB+RAD,2014,6,labsea,MLD2,16.69788
CMdev_ALB+RAD,2014,7,labsea,MLD2,13.77994
CMdev_ALB+RAD,2014,8,labsea,MLD2,14.43925
CMdev_ALB+RAD,2014,9,labsea,MLD2,25.66860
CMdev_ALB+RAD,2014,10,labsea,MLD2,37.20947
CMdev_ALB+RAD,2014,11,labsea,MLD2,57.67687
CMdev_ALB+RAD,2014,12,labsea,MLD2,486.97371
CMdev_ALB+RAD,2014,1,interior,MLD2,2592.59577
CMdev_ALB+RAD,2014,2,interior,MLD2,2577.60245
CMdev_ALB+RAD,2014,3,interior,MLD2,2572.05227
CMdev_ALB+RAD,2014,4,interior,MLD2,2316.69000
CMdev_ALB+RAD,2014,5,interior,MLD2,677.84474
CMdev_ALB+RAD,2014,6,interior,MLD2,19.05597
CMdev_ALB+RAD,2014,7,interior,MLD2,14.75557
CMdev_ALB+RAD,2014,8,interior,MLD2,15.55220
CMdev_ALB+RAD,2014,9,interior,MLD2,24.95115
CMdev_ALB+RAD,2014,10,interior,MLD2,35.55305
CMdev_ALB+RAD,2014,11,interior,MLD2,56.68182
CMdev_ALB+RAD,2014,12,interior,MLD2,1131.86475
CMdev_ALB+RAD,2015,1,labsea,a_ice,0.13291
CMdev_ALB+RAD,2015,2,labsea,a_ice,0.21365
CMdev_ALB+RAD,2015,3,labsea,a_ice,0.19178
CMdev_ALB+RAD,2015,4,labsea,a_ice,0.23497
CMdev_ALB+RAD,2015,5,labsea,a_ice,0.16902
CMdev_ALB+RAD,2015,6,labsea,a_ice,0.06205
CMdev_ALB+RAD,2015,7,labsea,a_ice,0.00582
CMdev_ALB+RAD,2015,8,labsea,a_ice,0.00000
CMdev_ALB+RAD,2015,9,labsea,a_ice,0.00000
CMdev_ALB+RAD,2015,10,labsea,a_ice,0.00000
CMdev_ALB+RAD,2015,11,labsea,a_ice,0.00243
CMdev_ALB+RAD,2015,12,labsea,a_ice,0.04413
CMdev_ALB+RAD,2015,1,interior,a_ice,0.01083
CMdev_ALB+RAD,2015,2,interior,a_ice,0.04519
CMdev_ALB+RAD,2015,3,interior,a_ice,0.03001
CMdev_ALB+RAD,2015,4,interior,a_ice,0.03062
CMdev_ALB+RAD,2015,5,interior,a_ice,0.01102
CMdev_ALB+RAD,2015,6,interior,a_ice,0.00060
CMdev_ALB+RAD,2015,7,interior,a_ice,0.00000
CMdev_ALB+RAD,2015,8,interior,a_ice,0.00000
CMdev_ALB+RAD,2015,9,interior,a_ice,0.00000
CMdev_ALB+RAD,2015,10,interior,a_ice,0.00000
CMdev_ALB+RAD,2015,11,interior,a_ice,0.00000
CMdev_ALB+RAD,2015,12,interior,a_ice,0.00028
CMdev_ALB+RAD,2015,1,labsea,MLD2,1419.21713
CMdev_ALB+RAD,2015,2,labsea,MLD2,1637.97924
CMdev_ALB+RAD,2015,3,labsea,MLD2,1668.45199
CMdev_ALB+RAD,2015,4,labsea,MLD2,1430.27181
CMdev_ALB+RAD,2015,5,labsea,MLD2,533.45498
CMdev_ALB+RAD,2015,6,labsea,MLD2,12.78664
CMdev_ALB+RAD,2015,7,labsea,MLD2,11.14909
CMdev_ALB+RAD,2015,8,labsea,MLD2,15.36361
CMdev_ALB+RAD,2015,9,labsea,MLD2,22.86509
CMdev_ALB+RAD,2015,10,labsea,MLD2,29.55983
CMdev_ALB+RAD,2015,11,labsea,MLD2,44.89988
CMdev_ALB+RAD,2015,12,labsea,MLD2,358.64038
CMdev_ALB+RAD,2015,1,interior,MLD2,2455.12686
CMdev_ALB+RAD,2015,2,interior,MLD2,2558.83746
CMdev_ALB+RAD,2015,3,interior,MLD2,2614.02404
CMdev_ALB+RAD,2015,4,interior,MLD2,2333.14677
CMdev_ALB+RAD,2015,5,interior,MLD2,1049.38088
CMdev_ALB+RAD,2015,6,interior,MLD2,13.75375
CMdev_ALB+RAD,2015,7,interior,MLD2,12.47824
CMdev_ALB+RAD,2015,8,interior,MLD2,17.99124
CMdev_ALB+RAD,2015,9,interior,MLD2,26.03177
CMdev_ALB+RAD,2015,10,interior,MLD2,31.12285
CMdev_ALB+RAD,2015,11,interior,MLD2,44.42930
CMdev_ALB+RAD,2015,12,interior,MLD2,751.90726
CMdev_ALB+RAD,2016,1,labsea,a_ice,0.15421
CMdev_ALB+RAD,2016,2,labsea,a_ice,0.18981
CMdev_ALB+RAD,2016,3,labsea,a_ice,0.27096
CMdev_ALB+RAD,2016,4,labsea,a_ice,0.21258
CMdev_ALB+RAD,2016,5,labsea,a_ice,0.12900
CMdev_ALB+RAD,2016,6,labsea,a_ice,0.05471
CMdev_ALB+RAD,2016,7,labsea,a_ice,0.01042
CMdev_ALB+RAD,2016,8,labsea,a_ice,0.00000
CMdev_ALB+RAD,2016,9,labsea,a_ice,0.00000
CMdev_ALB+RAD,2016,10,labsea,a_ice,0.00000
CMdev_ALB+RAD,2016,11,labsea,a_ice,0.00068
CMdev_ALB+RAD,2016,12,labsea,a_ice,0.04672
CMdev_ALB+RAD,2016,1,interior,a_ice,0.02007
CMdev_ALB+RAD,2016,2,interior,a_ice,0.03544
CMdev_ALB+RAD,2016,3,interior,a_ice,0.05904
CMdev_ALB+RAD,2016,4,interior,a_ice,0.02744
CMdev_ALB+RAD,2016,5,interior,a_ice,0.01644
CMdev_ALB+RAD,2016,6,interior,a_ice,0.00131
CMdev_ALB+RAD,2016,7,interior,a_ice,0.00000
CMdev_ALB+RAD,2016,8,interior,a_ice,0.00000
CMdev_ALB+RAD,2016,9,interior,a_ice,0.00000
CMdev_ALB+RAD,2016,10,interior,a_ice,0.00000
CMdev_ALB+RAD,2016,11,interior,a_ice,0.00000
CMdev_ALB+RAD,2016,12,interior,a_ice,0.00001
CMdev_ALB+RAD,2016,1,labsea,MLD2,1529.73366
CMdev_ALB+RAD,2016,2,labsea,MLD2,1662.42332
CMdev_ALB+RAD,2016,3,labsea,MLD2,1570.29973
CMdev_ALB+RAD,2016,4,labsea,MLD2,1427.09491
CMdev_ALB+RAD,2016,5,labsea,MLD2,765.94466
CMdev_ALB+RAD,2016,6,labsea,MLD2,108.84886
CMdev_ALB+RAD,2016,7,labsea,MLD2,13.81081
CMdev_ALB+RAD,2016,8,labsea,MLD2,15.77436
CMdev_ALB+RAD,2016,9,labsea,MLD2,23.11185
CMdev_ALB+RAD,2016,10,labsea,MLD2,28.88428
CMdev_ALB+RAD,2016,11,labsea,MLD2,62.35322
CMdev_ALB+RAD,2016,12,labsea,MLD2,647.46250
CMdev_ALB+RAD,2016,1,interior,MLD2,2482.16551
CMdev_ALB+RAD,2016,2,interior,MLD2,2592.32496
CMdev_ALB+RAD,2016,3,interior,MLD2,2545.03605
CMdev_ALB+RAD,2016,4,interior,MLD2,2507.05947
CMdev_ALB+RAD,2016,5,interior,MLD2,1873.81842
CMdev_ALB+RAD,2016,6,interior,MLD2,340.34182
CMdev_ALB+RAD,2016,7,interior,MLD2,16.36830
CMdev_ALB+RAD,2016,8,interior,MLD2,17.49761
CMdev_ALB+RAD,2016,9,interior,MLD2,25.73895
CMdev_ALB+RAD,2016,10,interior,MLD2,29.18639
CMdev_ALB+RAD,2016,11,interior,MLD2,89.16273
CMdev_ALB+RAD,2016,12,interior,MLD2,1307.61063
CMdev_ALB+RAD,2017,1,labsea,a_ice,0.19304
CMdev_ALB+RAD,2017,2,labsea,a_ice,0.26139
CMdev_ALB+RAD,2017,3,labsea,a_ice,0.22317
CMdev_ALB+RAD,2017,4,labsea,a_ice,0.17837
CMdev_ALB+RAD,2017,5,labsea,a_ice,0.11914
CMdev_ALB+RAD,2017,6,labsea,a_ice,0.04190
CMdev_ALB+RAD,2017,7,labsea,a_ice,0.00452
CMdev_ALB+RAD,2017,8,labsea,a_ice,0.00000
CMdev_ALB+RAD,2017,9,labsea,a_ice,0.00000
CMdev_ALB+RAD,2017,10,labsea,a_ice,0.00000
CMdev_ALB+RAD,2017,11,labsea,a_ice,0.00004
CMdev_ALB+RAD,2017,12,labsea,a_ice,0.03558
CMdev_ALB+RAD,2017,1,interior,a_ice,0.03345
CMdev_ALB+RAD,2017,2,interior,a_ice,0.07931
CMdev_ALB+RAD,2017,3,interior,a_ice,0.01838
CMdev_ALB+RAD,2017,4,interior,a_ice,0.01702
CMdev_ALB+RAD,2017,5,interior,a_ice,0.01355
CMdev_ALB+RAD,2017,6,interior,a_ice,0.00043
CMdev_ALB+RAD,2017,7,interior,a_ice,0.00000
CMdev_ALB+RAD,2017,8,interior,a_ice,0.00000
CMdev_ALB+RAD,2017,9,interior,a_ice,0.00000
CMdev_ALB+RAD,2017,10,interior,a_ice,0.00000
CMdev_ALB+RAD,2017,11,interior,a_ice,0.00000
CMdev_ALB+RAD,2017,12,interior,a_ice,0.00032
CMdev_ALB+RAD,2017,1,labsea,MLD2,1401.92183
CMdev_ALB+RAD,2017,2,labsea,MLD2,1648.08855
CMdev_ALB+RAD,2017,3,labsea,MLD2,1521.19970
CMdev_ALB+RAD,2017,4,labsea,MLD2,1453.96521
CMdev_ALB+RAD,2017,5,labsea,MLD2,433.61241
CMdev_ALB+RAD,2017,6,labsea,MLD2,15.43620
CMdev_ALB+RAD,2017,7,labsea,MLD2,12.70047
CMdev_ALB+RAD,2017,8,labsea,MLD2,15.47249
CMdev_ALB+RAD,2017,9,labsea,MLD2,21.67887
CMdev_ALB+RAD,2017,10,labsea,MLD2,34.77516
CMdev_ALB+RAD,2017,11,labsea,MLD2,51.57046
CMdev_ALB+RAD,2017,12,labsea,MLD2,800.89987
CMdev_ALB+RAD,2017,1,interior,MLD2,2421.30406
CMdev_ALB+RAD,2017,2,interior,MLD2,2551.58918
CMdev_ALB+RAD,2017,3,interior,MLD2,2603.71562
CMdev_ALB+RAD,2017,4,interior,MLD2,2538.17574
CMdev_ALB+RAD,2017,5,interior,MLD2,1189.77649
CMdev_ALB+RAD,2017,6,interior,MLD2,17.80054
CMdev_ALB+RAD,2017,7,interior,MLD2,14.69217
CMdev_ALB+RAD,2017,8,interior,MLD2,17.02017
CMdev_ALB+RAD,2017,9,interior,MLD2,21.68866
CMdev_ALB+RAD,2017,10,interior,MLD2,33.42639
CMdev_ALB+RAD,2017,11,interior,MLD2,57.75013
CMdev_ALB+RAD,2017,12,interior,MLD2,1808.17268
CMdev_ALB+RAD,2018,1,labsea,a_ice,0.12025
CMdev_ALB+RAD,2018,2,labsea,a_ice,0.15397
CMdev_ALB+RAD,2018,3,labsea,a_ice,0.16280
CMdev_ALB+RAD,2018,4,labsea,a_ice,0.09456
CMdev_ALB+RAD,2018,5,labsea,a_ice,0.05525
CMdev_ALB+RAD,2018,6,labsea,a_ice,0.03156
CMdev_ALB+RAD,2018,7,labsea,a_ice,0.00206
CMdev_ALB+RAD,2018,8,labsea,a_ice,0.00000
CMdev_ALB+RAD,2018,9,labsea,a_ice,0.00000
CMdev_ALB+RAD,2018,10,labsea,a_ice,0.00000
CMdev_ALB+RAD,2018,11,labsea,a_ice,0.01783
CMdev_ALB+RAD,2018,12,labsea,a_ice,0.10592
CMdev_ALB+RAD,2018,1,interior,a_ice,0.00557
CMdev_ALB+RAD,2018,2,interior,a_ice,0.03721
CMdev_ALB+RAD,2018,3,interior,a_ice,0.02527
CMdev_ALB+RAD,2018,4,interior,a_ice,0.00197
CMdev_ALB+RAD,2018,5,interior,a_ice,0.00000
CMdev_ALB+RAD,2018,6,interior,a_ice,0.00000
CMdev_ALB+RAD,2018,7,interior,a_ice,0.00000
CMdev_ALB+RAD,2018,8,interior,a_ice,0.00000
CMdev_ALB+RAD,2018,9,interior,a_ice,0.00000
CMdev_ALB+RAD,2018,10,interior,a_ice,0.00000
CMdev_ALB+RAD,2018,11,interior,a_ice,0.00000
CMdev_ALB+RAD,2018,12,interior,a_ice,0.01048
CMdev_ALB+RAD,2018,1,labsea,MLD2,1646.33626
CMdev_ALB+RAD,2018,2,labsea,MLD2,1791.62409
CMdev_ALB+RAD,2018,3,labsea,MLD2,1809.43406
CMdev_ALB+RAD,2018,4,labsea,MLD2,1557.20885
CMdev_ALB+RAD,2018,5,labsea,MLD2,580.77681
CMdev_ALB+RAD,2018,6,labsea,MLD2,51.93939
CMdev_ALB+RAD,2018,7,labsea,MLD2,11.30891
CMdev_ALB+RAD,2018,8,labsea,MLD2,15.35590
CMdev_ALB+RAD,2018,9,labsea,MLD2,18.33435
CMdev_ALB+RAD,2018,10,labsea,MLD2,43.50117
CMdev_ALB+RAD,2018,11,labsea,MLD2,571.20732
CMdev_ALB+RAD,2018,12,labsea,MLD2,1355.29610
CMdev_ALB+RAD,2018,1,interior,MLD2,2690.62207
CMdev_ALB+RAD,2018,2,interior,MLD2,2680.12000
CMdev_ALB+RAD,2018,3,interior,MLD2,2702.19951
CMdev_ALB+RAD,2018,4,interior,MLD2,2499.37478
CMdev_ALB+RAD,2018,5,interior,MLD2,1476.68869
CMdev_ALB+RAD,2018,6,interior,MLD2,102.16223
CMdev_ALB+RAD,2018,7,interior,MLD2,12.64689
CMdev_ALB+RAD,2018,8,interior,MLD2,16.98257
CMdev_ALB+RAD,2018,9,interior,MLD2,18.94435
CMdev_ALB+RAD,2018,10,interior,MLD2,61.57069
CMdev_ALB+RAD,2018,11,interior,MLD2,1512.32685
CMdev_ALB+RAD,2018,12,interior,MLD2,2412.52103
CMdev_ALB+RAD,2019,1,labsea,a_ice,0.23977
CMdev_ALB+RAD,2019,2,labsea,a_ice,0.32632
CMdev_ALB+RAD,2019,3,labsea,a_ice,0.29738
CMdev_ALB+RAD,2019,4,labsea,a_ice,0.19608
CMdev_ALB+RAD,2019,5,labsea,a_ice,0.11594
CMdev_ALB+RAD,2019,6,labsea,a_ice,0.04798
CMdev_ALB+RAD,2019,7,labsea,a_ice,0.00373
CMdev_ALB+RAD,2019,8,labsea,a_ice,0.00000
CMdev_ALB+RAD,2019,9,labsea,a_ice,0.00000
CMdev_ALB+RAD,2019,10,labsea,a_ice,0.00000
CMdev_ALB+RAD,2019,11,labsea,a_ice,0.01233
CMdev_ALB+RAD,2019,12,labsea,a_ice,0.06445
CMdev_ALB+RAD,2019,1,interior,a_ice,0.09829
CMdev_ALB+RAD,2019,2,interior,a_ice,0.13182
CMdev_ALB+RAD,2019,3,interior,a_ice,0.07378
CMdev_ALB+RAD,2019,4,interior,a_ice,0.08683
CMdev_ALB+RAD,2019,5,interior,a_ice,0.01905
CMdev_ALB+RAD,2019,6,interior,a_ice,0.00028
CMdev_ALB+RAD,2019,7,interior,a_ice,0.00000
CMdev_ALB+RAD,2019,8,interior,a_ice,0.00000
CMdev_ALB+RAD,2019,9,interior,a_ice,0.00000
CMdev_ALB+RAD,2019,10,interior,a_ice,0.00000
CMdev_ALB+RAD,2019,11,interior,a_ice,0.00000
CMdev_ALB+RAD,2019,12,interior,a_ice,0.00135
CMdev_ALB+RAD,2019,1,labsea,MLD2,1606.05989
CMdev_ALB+RAD,2019,2,labsea,MLD2,1583.97715
CMdev_ALB+RAD,2019,3,labsea,MLD2,1501.28212
CMdev_ALB+RAD,2019,4,labsea,MLD2,1486.49488
CMdev_ALB+RAD,2019,5,labsea,MLD2,687.09364
CMdev_ALB+RAD,2019,6,labsea,MLD2,25.79618
CMdev_ALB+RAD,2019,7,labsea,MLD2,13.33422
CMdev_ALB+RAD,2019,8,labsea,MLD2,16.59139
CMdev_ALB+RAD,2019,9,labsea,MLD2,25.61913
CMdev_ALB+RAD,2019,10,labsea,MLD2,36.57643
CMdev_ALB+RAD,2019,11,labsea,MLD2,354.56754
CMdev_ALB+RAD,2019,12,labsea,MLD2,1497.37903
CMdev_ALB+RAD,2019,1,interior,MLD2,2442.44556
CMdev_ALB+RAD,2019,2,interior,MLD2,2416.24216
CMdev_ALB+RAD,2019,3,interior,MLD2,2392.54523
CMdev_ALB+RAD,2019,4,interior,MLD2,2366.75340
CMdev_ALB+RAD,2019,5,interior,MLD2,1536.45669
CMdev_ALB+RAD,2019,6,interior,MLD2,42.54842
CMdev_ALB+RAD,2019,7,interior,MLD2,13.91311
CMdev_ALB+RAD,2019,8,interior,MLD2,18.19590
CMdev_ALB+RAD,2019,9,interior,MLD2,26.16667
CMdev_ALB+RAD,2019,10,interior,MLD2,35.20984
CMdev_ALB+RAD,2019,11,interior,MLD2,806.23169
CMdev_ALB+RAD,2019,12,interior,MLD2,2621.37740
CMdev_ALB+RAD,2020,1,labsea,a_ice,0.16394
CMdev_ALB+RAD,2020,2,labsea,a_ice,0.25266
CMdev_ALB+RAD,2020,3,labsea,a_ice,0.28133
CMdev_ALB+RAD,2020,4,labsea,a_ice,0.19253
CMdev_ALB+RAD,2020,5,labsea,a_ice,0.12244
CMdev_ALB+RAD,2020,6,labsea,a_ice,0.04497
CMdev_ALB+RAD,2020,7,labsea,a_ice,0.00211
CMdev_ALB+RAD,2020,8,labsea,a_ice,0.00000
CMdev_ALB+RAD,2020,9,labsea,a_ice,0.00000
CMdev_ALB+RAD,2020,10,labsea,a_ice,0.00000
CMdev_ALB+RAD,2020,11,labsea,a_ice,0.00048
CMdev_ALB+RAD,2020,12,labsea,a_ice,0.04884
CMdev_ALB+RAD,2020,1,interior,a_ice,0.02391
CMdev_ALB+RAD,2020,2,interior,a_ice,0.05209
CMdev_ALB+RAD,2020,3,interior,a_ice,0.08470
CMdev_ALB+RAD,2020,4,interior,a_ice,0.04072
CMdev_ALB+RAD,2020,5,interior,a_ice,0.00615
CMdev_ALB+RAD,2020,6,interior,a_ice,0.00034
CMdev_ALB+RAD,2020,7,interior,a_ice,0.00000
CMdev_ALB+RAD,2020,8,interior,a_ice,0.00000
CMdev_ALB+RAD,2020,9,interior,a_ice,0.00000
CMdev_ALB+RAD,2020,10,interior,a_ice,0.00000
CMdev_ALB+RAD,2020,11,interior,a_ice,0.00000
CMdev_ALB+RAD,2020,12,interior,a_ice,0.00001
CMdev_ALB+RAD,2020,1,labsea,MLD2,1759.26826
CMdev_ALB+RAD,2020,2,labsea,MLD2,1709.07685
CMdev_ALB+RAD,2020,3,labsea,MLD2,1639.77804
CMdev_ALB+RAD,2020,4,labsea,MLD2,1542.30804
CMdev_ALB+RAD,2020,5,labsea,MLD2,481.42529
CMdev_ALB+RAD,2020,6,labsea,MLD2,15.79593
CMdev_ALB+RAD,2020,7,labsea,MLD2,13.35149
CMdev_ALB+RAD,2020,8,labsea,MLD2,12.93995
CMdev_ALB+RAD,2020,9,labsea,MLD2,18.52168
CMdev_ALB+RAD,2020,10,labsea,MLD2,31.21869
CMdev_ALB+RAD,2020,11,labsea,MLD2,57.04291
CMdev_ALB+RAD,2020,12,labsea,MLD2,1197.62501
CMdev_ALB+RAD,2020,1,interior,MLD2,2696.22998
CMdev_ALB+RAD,2020,2,interior,MLD2,2633.09243
CMdev_ALB+RAD,2020,3,interior,MLD2,2497.94625
CMdev_ALB+RAD,2020,4,interior,MLD2,2393.61781
CMdev_ALB+RAD,2020,5,interior,MLD2,1020.63725
CMdev_ALB+RAD,2020,6,interior,MLD2,18.32646
CMdev_ALB+RAD,2020,7,interior,MLD2,15.33219
CMdev_ALB+RAD,2020,8,interior,MLD2,14.20410
CMdev_ALB+RAD,2020,9,interior,MLD2,18.71715
CMdev_ALB+RAD,2020,10,interior,MLD2,31.96087
CMdev_ALB+RAD,2020,11,interior,MLD2,50.86706
CMdev_ALB+RAD,2020,12,interior,MLD2,2041.49419
CMdev_ALB+RAD,2021,1,labsea,a_ice,0.16319
CMdev_ALB+RAD,2021,2,labsea,a_ice,0.19306
CMdev_ALB+RAD,2021,3,labsea,a_ice,0.12546
CMdev_ALB+RAD,2021,4,labsea,a_ice,0.12682
CMdev_ALB+RAD,2021,5,labsea,a_ice,0.10618
CMdev_ALB+RAD,2021,6,labsea,a_ice,0.04477
CMdev_ALB+RAD,2021,7,labsea,a_ice,0.00244
CMdev_ALB+RAD,2021,8,labsea,a_ice,0.00000
CMdev_ALB+RAD,2021,9,labsea,a_ice,0.00000
CMdev_ALB+RAD,2021,10,labsea,a_ice,0.00000
CMdev_ALB+RAD,2021,11,labsea,a_ice,0.00243
CMdev_ALB+RAD,2021,12,labsea,a_ice,0.03944
CMdev_ALB+RAD,2021,1,interior,a_ice,0.02255
CMdev_ALB+RAD,2021,2,interior,a_ice,0.02698
CMdev_ALB+RAD,2021,3,interior,a_ice,0.01822
CMdev_ALB+RAD,2021,4,interior,a_ice,0.00826
CMdev_ALB+RAD,2021,5,interior,a_ice,0.00177
CMdev_ALB+RAD,2021,6,interior,a_ice,0.00003
CMdev_ALB+RAD,2021,7,interior,a_ice,0.00000
CMdev_ALB+RAD,2021,8,interior,a_ice,0.00000
CMdev_ALB+RAD,2021,9,interior,a_ice,0.00000
CMdev_ALB+RAD,2021,10,interior,a_ice,0.00000
CMdev_ALB+RAD,2021,11,interior,a_ice,0.00000
CMdev_ALB+RAD,2021,12,interior,a_ice,0.00000
CMdev_ALB+RAD,2021,1,labsea,MLD2,1730.75963
CMdev_ALB+RAD,2021,2,labsea,MLD2,1728.56130
CMdev_ALB+RAD,2021,3,labsea,MLD2,1748.31730
CMdev_ALB+RAD,2021,4,labsea,MLD2,1633.18182
CMdev_ALB+RAD,2021,5,labsea,MLD2,360.21809
CMdev_ALB+RAD,2021,6,labsea,MLD2,19.24726
CMdev_ALB+RAD,2021,7,labsea,MLD2,12.45226
CMdev_ALB+RAD,2021,8,labsea,MLD2,16.96424
CMdev_ALB+RAD,2021,9,labsea,MLD2,23.81306
CMdev_ALB+RAD,2021,10,labsea,MLD2,41.36519
CMdev_ALB+RAD,2021,11,labsea,MLD2,123.68299
CMdev_ALB+RAD,2021,12,labsea,MLD2,796.45524
CMdev_ALB+RAD,2021,1,interior,MLD2,2635.30104
CMdev_ALB+RAD,2021,2,interior,MLD2,2660.16166
CMdev_ALB+RAD,2021,3,interior,MLD2,2667.02463
CMdev_ALB+RAD,2021,4,interior,MLD2,2639.82062
CMdev_ALB+RAD,2021,5,interior,MLD2,886.34658
CMdev_ALB+RAD,2021,6,interior,MLD2,24.69990
CMdev_ALB+RAD,2021,7,interior,MLD2,13.98866
CMdev_ALB+RAD,2021,8,interior,MLD2,17.96294
CMdev_ALB+RAD,2021,9,interior,MLD2,24.75080
CMdev_ALB+RAD,2021,10,interior,MLD2,40.12711
CMdev_ALB+RAD,2021,11,interior,MLD2,259.13555
CMdev_ALB+RAD,2021,12,interior,MLD2,1820.21467
CMdev_ALB+RAD,2022,1,labsea,a_ice,0.10439
CMdev_ALB+RAD,2022,2,labsea,a_ice,0.17803
CMdev_ALB+RAD,2022,3,labsea,a_ice,0.18736
CMdev_ALB+RAD,2022,4,labsea,a_ice,0.17509
CMdev_ALB+RAD,2022,5,labsea,a_ice,0.12665
CMdev_ALB+RAD,2022,6,labsea,a_ice,0.04652
CMdev_ALB+RAD,2022,7,labsea,a_ice,0.00260
CMdev_ALB+RAD,2022,8,labsea,a_ice,0.00000
CMdev_ALB+RAD,2022,9,labsea,a_ice,0.00000
CMdev_ALB+RAD,2022,10,labsea,a_ice,0.00000
CMdev_ALB+RAD,2022,11,labsea,a_ice,0.00542
CMdev_ALB+RAD,2022,12,labsea,a_ice,0.05825
CMdev_ALB+RAD,2022,1,interior,a_ice,0.00576
CMdev_ALB+RAD,2022,2,interior,a_ice,0.02789
CMdev_ALB+RAD,2022,3,interior,a_ice,0.03847
CMdev_ALB+RAD,2022,4,interior,a_ice,0.02409
CMdev_ALB+RAD,2022,5,interior,a_ice,0.00485
CMdev_ALB+RAD,2022,6,interior,a_ice,0.00114
CMdev_ALB+RAD,2022,7,interior,a_ice,0.00000
CMdev_ALB+RAD,2022,8,interior,a_ice,0.00000
CMdev_ALB+RAD,2022,9,interior,a_ice,0.00000
CMdev_ALB+RAD,2022,10,interior,a_ice,0.00000
CMdev_ALB+RAD,2022,11,interior,a_ice,0.00000
CMdev_ALB+RAD,2022,12,interior,a_ice,0.00148
CMdev_ALB+RAD,2022,1,labsea,MLD2,1581.26346
CMdev_ALB+RAD,2022,2,labsea,MLD2,1836.39692
CMdev_ALB+RAD,2022,3,labsea,MLD2,1824.43727
CMdev_ALB+RAD,2022,4,labsea,MLD2,1783.43799
CMdev_ALB+RAD,2022,5,labsea,MLD2,813.63775
CMdev_ALB+RAD,2022,6,labsea,MLD2,19.69303
CMdev_ALB+RAD,2022,7,labsea,MLD2,14.77404
CMdev_ALB+RAD,2022,8,labsea,MLD2,14.37615
CMdev_ALB+RAD,2022,9,labsea,MLD2,18.36941
CMdev_ALB+RAD,2022,10,labsea,MLD2,37.77122
CMdev_ALB+RAD,2022,11,labsea,MLD2,266.65212
CMdev_ALB+RAD,2022,12,labsea,MLD2,1341.37324
CMdev_ALB+RAD,2022,1,interior,MLD2,2678.98654
CMdev_ALB+RAD,2022,2,interior,MLD2,2718.37127
CMdev_ALB+RAD,2022,3,interior,MLD2,2692.62803
CMdev_ALB+RAD,2022,4,interior,MLD2,2685.33901
CMdev_ALB+RAD,2022,5,interior,MLD2,1647.63918
CMdev_ALB+RAD,2022,6,interior,MLD2,24.91809
CMdev_ALB+RAD,2022,7,interior,MLD2,16.37609
CMdev_ALB+RAD,2022,8,interior,MLD2,15.62731
CMdev_ALB+RAD,2022,9,interior,MLD2,18.60701
CMdev_ALB+RAD,2022,10,interior,MLD2,35.95034
CMdev_ALB+RAD,2022,11,interior,MLD2,634.27197
CMdev_ALB+RAD,2022,12,interior,MLD2,2495.70694
CMdev_ALB+RAD,2023,1,labsea,a_ice,0.12913
CMdev_ALB+RAD,2023,2,labsea,a_ice,0.15800
CMdev_ALB+RAD,2023,3,labsea,a_ice,0.15539
CMdev_ALB+RAD,2023,4,labsea,a_ice,0.12593
CMdev_ALB+RAD,2023,5,labsea,a_ice,0.08056
CMdev_ALB+RAD,2023,6,labsea,a_ice,0.04193
CMdev_ALB+RAD,2023,7,labsea,a_ice,0.00731
CMdev_ALB+RAD,2023,8,labsea,a_ice,0.00000
CMdev_ALB+RAD,2023,9,labsea,a_ice,0.00000
CMdev_ALB+RAD,2023,10,labsea,a_ice,0.00000
CMdev_ALB+RAD,2023,11,labsea,a_ice,0.00000
CMdev_ALB+RAD,2023,12,labsea,a_ice,0.01067
CMdev_ALB+RAD,2023,1,interior,a_ice,0.01016
CMdev_ALB+RAD,2023,2,interior,a_ice,0.03184
CMdev_ALB+RAD,2023,3,interior,a_ice,0.04307
CMdev_ALB+RAD,2023,4,interior,a_ice,0.03062
CMdev_ALB+RAD,2023,5,interior,a_ice,0.00711
CMdev_ALB+RAD,2023,6,interior,a_ice,0.00000
CMdev_ALB+RAD,2023,7,interior,a_ice,0.00000
CMdev_ALB+RAD,2023,8,interior,a_ice,0.00000
CMdev_ALB+RAD,2023,9,interior,a_ice,0.00000
CMdev_ALB+RAD,2023,10,interior,a_ice,0.00000
CMdev_ALB+RAD,2023,11,interior,a_ice,0.00000
CMdev_ALB+RAD,2023,12,interior,a_ice,0.00000
CMdev_ALB+RAD,2023,1,labsea,MLD2,1791.68486
CMdev_ALB+RAD,2023,2,labsea,MLD2,1791.67476
CMdev_ALB+RAD,2023,3,labsea,MLD2,1720.78412
CMdev_ALB+RAD,2023,4,labsea,MLD2,1525.17700
CMdev_ALB+RAD,2023,5,labsea,MLD2,503.10879
CMdev_ALB+RAD,2023,6,labsea,MLD2,40.51750
CMdev_ALB+RAD,2023,7,labsea,MLD2,14.50181
CMdev_ALB+RAD,2023,8,labsea,MLD2,15.71318
CMdev_ALB+RAD,2023,9,labsea,MLD2,20.46919
CMdev_ALB+RAD,2023,10,labsea,MLD2,26.98052
CMdev_ALB+RAD,2023,11,labsea,MLD2,44.54249
CMdev_ALB+RAD,2023,12,labsea,MLD2,279.86805
CMdev_ALB+RAD,2023,1,interior,MLD2,2691.52322
CMdev_ALB+RAD,2023,2,interior,MLD2,2685.76399
CMdev_ALB+RAD,2023,3,interior,MLD2,2627.01825
CMdev_ALB+RAD,2023,4,interior,MLD2,2563.43403
CMdev_ALB+RAD,2023,5,interior,MLD2,1365.66999
CMdev_ALB+RAD,2023,6,interior,MLD2,80.49487
CMdev_ALB+RAD,2023,7,interior,MLD2,16.39169
CMdev_ALB+RAD,2023,8,interior,MLD2,16.71795
CMdev_ALB+RAD,2023,9,interior,MLD2,20.63565
CMdev_ALB+RAD,2023,10,interior,MLD2,27.03877
CMdev_ALB+RAD,2023,11,interior,MLD2,41.47528
CMdev_ALB+RAD,2023,12,interior,MLD2,560.55420
CMdev_ALB+RAD,2024,1,labsea,a_ice,0.04793
CMdev_ALB+RAD,2024,2,labsea,a_ice,0.11898
CMdev_ALB+RAD,2024,3,labsea,a_ice,0.14071
CMdev_ALB+RAD,2024,4,labsea,a_ice,0.11992
CMdev_ALB+RAD,2024,5,labsea,a_ice,0.06818
CMdev_ALB+RAD,2024,6,labsea,a_ice,0.03942
CMdev_ALB+RAD,2024,7,labsea,a_ice,0.00303
CMdev_ALB+RAD,2024,8,labsea,a_ice,0.00000
CMdev_ALB+RAD,2024,9,labsea,a_ice,0.00000
CMdev_ALB+RAD,2024,10,labsea,a_ice,0.00000
CMdev_ALB+RAD,2024,11,labsea,a_ice,0.00018
CMdev_ALB+RAD,2024,12,labsea,a_ice,0.02123
CMdev_ALB+RAD,2024,1,interior,a_ice,0.00057
CMdev_ALB+RAD,2024,2,interior,a_ice,0.01348
CMdev_ALB+RAD,2024,3,interior,a_ice,0.01108
CMdev_ALB+RAD,2024,4,interior,a_ice,0.00523
CMdev_ALB+RAD,2024,5,interior,a_ice,0.00068
CMdev_ALB+RAD,2024,6,interior,a_ice,0.00000
CMdev_ALB+RAD,2024,7,interior,a_ice,0.00000
CMdev_ALB+RAD,2024,8,interior,a_ice,0.00000
CMdev_ALB+RAD,2024,9,interior,a_ice,0.00000
CMdev_ALB+RAD,2024,10,interior,a_ice,0.00000
CMdev_ALB+RAD,2024,11,interior,a_ice,0.00000
CMdev_ALB+RAD,2024,12,interior,a_ice,0.00000
CMdev_ALB+RAD,2024,1,labsea,MLD2,990.58017
CMdev_ALB+RAD,2024,2,labsea,MLD2,1506.15454
CMdev_ALB+RAD,2024,3,labsea,MLD2,1731.65707
CMdev_ALB+RAD,2024,4,labsea,MLD2,1569.66286
CMdev_ALB+RAD,2024,5,labsea,MLD2,475.26990
CMdev_ALB+RAD,2024,6,labsea,MLD2,17.52506
CMdev_ALB+RAD,2024,7,labsea,MLD2,10.59922
CMdev_ALB+RAD,2024,8,labsea,MLD2,12.72671
CMdev_ALB+RAD,2024,9,labsea,MLD2,22.75563
CMdev_ALB+RAD,2024,10,labsea,MLD2,35.63081
CMdev_ALB+RAD,2024,11,labsea,MLD2,60.36178
CMdev_ALB+RAD,2024,12,labsea,MLD2,666.61885
CMdev_ALB+RAD,2024,1,interior,MLD2,2059.41237
CMdev_ALB+RAD,2024,2,interior,MLD2,2614.14691
CMdev_ALB+RAD,2024,3,interior,MLD2,2701.11273
CMdev_ALB+RAD,2024,4,interior,MLD2,2548.52825
CMdev_ALB+RAD,2024,5,interior,MLD2,804.69687
CMdev_ALB+RAD,2024,6,interior,MLD2,20.47307
CMdev_ALB+RAD,2024,7,interior,MLD2,11.29898
CMdev_ALB+RAD,2024,8,interior,MLD2,15.26313
CMdev_ALB+RAD,2024,9,interior,MLD2,24.94503
CMdev_ALB+RAD,2024,10,interior,MLD2,35.45199
CMdev_ALB+RAD,2024,11,interior,MLD2,58.89943
CMdev_ALB+RAD,2024,12,interior,MLD2,1497.59182
CMdev_ALB+RAD,2025,1,labsea,a_ice,0.04847
CMdev_ALB+RAD,2025,2,labsea,a_ice,0.10183
CMdev_ALB+RAD,2025,3,labsea,a_ice,0.13740
CMdev_ALB+RAD,2025,4,labsea,a_ice,0.12355
CMdev_ALB+RAD,2025,5,labsea,a_ice,0.09400
CMdev_ALB+RAD,2025,6,labsea,a_ice,0.04257
CMdev_ALB+RAD,2025,7,labsea,a_ice,0.00557
CMdev_ALB+RAD,2025,8,labsea,a_ice,0.00000
CMdev_ALB+RAD,2025,9,labsea,a_ice,0.00000
CMdev_ALB+RAD,2025,10,labsea,a_ice,0.00000
CMdev_ALB+RAD,2025,11,labsea,a_ice,0.01419
CMdev_ALB+RAD,2025,12,labsea,a_ice,0.08592
CMdev_ALB+RAD,2025,1,interior,a_ice,0.00000
CMdev_ALB+RAD,2025,2,interior,a_ice,0.00156
CMdev_ALB+RAD,2025,3,interior,a_ice,0.03643
CMdev_ALB+RAD,2025,4,interior,a_ice,0.00717
CMdev_ALB+RAD,2025,5,interior,a_ice,0.00172
CMdev_ALB+RAD,2025,6,interior,a_ice,0.00000
CMdev_ALB+RAD,2025,7,interior,a_ice,0.00000
CMdev_ALB+RAD,2025,8,interior,a_ice,0.00000
CMdev_ALB+RAD,2025,9,interior,a_ice,0.00000
CMdev_ALB+RAD,2025,10,interior,a_ice,0.00000
CMdev_ALB+RAD,2025,11,interior,a_ice,0.00000
CMdev_ALB+RAD,2025,12,interior,a_ice,0.00104
CMdev_ALB+RAD,2025,1,labsea,MLD2,1236.00228
CMdev_ALB+RAD,2025,2,labsea,MLD2,1647.40810
CMdev_ALB+RAD,2025,3,labsea,MLD2,1733.24509
CMdev_ALB+RAD,2025,4,labsea,MLD2,1659.85150
CMdev_ALB+RAD,2025,5,labsea,MLD2,1127.67992
CMdev_ALB+RAD,2025,6,labsea,MLD2,27.23365
CMdev_ALB+RAD,2025,7,labsea,MLD2,13.56816
CMdev_ALB+RAD,2025,8,labsea,MLD2,15.30087
CMdev_ALB+RAD,2025,9,labsea,MLD2,22.37518
CMdev_ALB+RAD,2025,10,labsea,MLD2,31.13063
CMdev_ALB+RAD,2025,11,labsea,MLD2,136.96982
CMdev_ALB+RAD,2025,12,labsea,MLD2,1006.78628
CMdev_ALB+RAD,2025,1,interior,MLD2,2491.28723
CMdev_ALB+RAD,2025,2,interior,MLD2,2716.37105
CMdev_ALB+RAD,2025,3,interior,MLD2,2594.43425
CMdev_ALB+RAD,2025,4,interior,MLD2,2602.02046
CMdev_ALB+RAD,2025,5,interior,MLD2,2214.98045
CMdev_ALB+RAD,2025,6,interior,MLD2,48.68603
CMdev_ALB+RAD,2025,7,interior,MLD2,15.38116
CMdev_ALB+RAD,2025,8,interior,MLD2,17.00557
CMdev_ALB+RAD,2025,9,interior,MLD2,22.75221
CMdev_ALB+RAD,2025,10,interior,MLD2,30.94410
CMdev_ALB+RAD,2025,11,interior,MLD2,326.29793
CMdev_ALB+RAD,2025,12,interior,MLD2,2130.71500
CMdev_ALB+RAD,2026,1,labsea,a_ice,0.16756
CMdev_ALB+RAD,2026,2,labsea,a_ice,0.16409
CMdev_ALB+RAD,2026,3,labsea,a_ice,0.16989
CMdev_ALB+RAD,2026,4,labsea,a_ice,0.14073
CMdev_ALB+RAD,2026,5,labsea,a_ice,0.09744
CMdev_ALB+RAD,2026,6,labsea,a_ice,0.04228
CMdev_ALB+RAD,2026,7,labsea,a_ice,0.00958
CMdev_ALB+RAD,2026,8,labsea,a_ice,0.00000
CMdev_ALB+RAD,2026,9,labsea,a_ice,0.00000
CMdev_ALB+RAD,2026,10,labsea,a_ice,0.00000
CMdev_ALB+RAD,2026,11,labsea,a_ice,0.00011
CMdev_ALB+RAD,2026,12,labsea,a_ice,0.02703
CMdev_ALB+RAD,2026,1,interior,a_ice,0.03587
CMdev_ALB+RAD,2026,2,interior,a_ice,0.03737
CMdev_ALB+RAD,2026,3,interior,a_ice,0.03805
CMdev_ALB+RAD,2026,4,interior,a_ice,0.02271
CMdev_ALB+RAD,2026,5,interior,a_ice,0.00319
CMdev_ALB+RAD,2026,6,interior,a_ice,0.00000
CMdev_ALB+RAD,2026,7,interior,a_ice,0.00000
CMdev_ALB+RAD,2026,8,interior,a_ice,0.00000
CMdev_ALB+RAD,2026,9,interior,a_ice,0.00000
CMdev_ALB+RAD,2026,10,interior,a_ice,0.00000
CMdev_ALB+RAD,2026,11,interior,a_ice,0.00000
CMdev_ALB+RAD,2026,12,interior,a_ice,0.00000
CMdev_ALB+RAD,2026,1,labsea,MLD2,1698.06505
CMdev_ALB+RAD,2026,2,labsea,MLD2,1768.49541
CMdev_ALB+RAD,2026,3,labsea,MLD2,1714.73322
CMdev_ALB+RAD,2026,4,labsea,MLD2,1427.08150
CMdev_ALB+RAD,2026,5,labsea,MLD2,310.87256
CMdev_ALB+RAD,2026,6,labsea,MLD2,17.92737
CMdev_ALB+RAD,2026,7,labsea,MLD2,12.27551
CMdev_ALB+RAD,2026,8,labsea,MLD2,13.14595
CMdev_ALB+RAD,2026,9,labsea,MLD2,20.72260
CMdev_ALB+RAD,2026,10,labsea,MLD2,28.01994
CMdev_ALB+RAD,2026,11,labsea,MLD2,42.82493
CMdev_ALB+RAD,2026,12,labsea,MLD2,633.73007
CMdev_ALB+RAD,2026,1,interior,MLD2,2596.67854
CMdev_ALB+RAD,2026,2,interior,MLD2,2668.88817
CMdev_ALB+RAD,2026,3,interior,MLD2,2610.45776
CMdev_ALB+RAD,2026,4,interior,MLD2,2415.47755
CMdev_ALB+RAD,2026,5,interior,MLD2,841.97377
CMdev_ALB+RAD,2026,6,interior,MLD2,20.44463
CMdev_ALB+RAD,2026,7,interior,MLD2,13.57495
CMdev_ALB+RAD,2026,8,interior,MLD2,15.12567
CMdev_ALB+RAD,2026,9,interior,MLD2,21.60244
CMdev_ALB+RAD,2026,10,interior,MLD2,27.56739
CMdev_ALB+RAD,2026,11,interior,MLD2,42.82251
CMdev_ALB+RAD,2026,12,interior,MLD2,1415.58172
CMdev_ALB+RAD,2027,1,labsea,a_ice,0.13441
CMdev_ALB+RAD,2027,2,labsea,a_ice,0.26816
CMdev_ALB+RAD,2027,3,labsea,a_ice,0.37855
CMdev_ALB+RAD,2027,4,labsea,a_ice,0.26327
CMdev_ALB+RAD,2027,5,labsea,a_ice,0.17022
CMdev_ALB+RAD,2027,6,labsea,a_ice,0.04401
CMdev_ALB+RAD,2027,7,labsea,a_ice,0.00289
CMdev_ALB+RAD,2027,8,labsea,a_ice,0.00000
CMdev_ALB+RAD,2027,9,labsea,a_ice,0.00000
CMdev_ALB+RAD,2027,10,labsea,a_ice,0.00000
CMdev_ALB+RAD,2027,11,labsea,a_ice,0.00005
CMdev_ALB+RAD,2027,12,labsea,a_ice,0.02381
CMdev_ALB+RAD,2027,1,interior,a_ice,0.02219
CMdev_ALB+RAD,2027,2,interior,a_ice,0.14381
CMdev_ALB+RAD,2027,3,interior,a_ice,0.27814
CMdev_ALB+RAD,2027,4,interior,a_ice,0.12181
CMdev_ALB+RAD,2027,5,interior,a_ice,0.02884
CMdev_ALB+RAD,2027,6,interior,a_ice,0.00228
CMdev_ALB+RAD,2027,7,interior,a_ice,0.00000
CMdev_ALB+RAD,2027,8,interior,a_ice,0.00000
CMdev_ALB+RAD,2027,9,interior,a_ice,0.00000
CMdev_ALB+RAD,2027,10,interior,a_ice,0.00000
CMdev_ALB+RAD,2027,11,interior,a_ice,0.00000
CMdev_ALB+RAD,2027,12,interior,a_ice,0.00003
CMdev_ALB+RAD,2027,1,labsea,MLD2,1555.50656
CMdev_ALB+RAD,2027,2,labsea,MLD2,1487.98201
CMdev_ALB+RAD,2027,3,labsea,MLD2,1375.76957
CMdev_ALB+RAD,2027,4,labsea,MLD2,1268.17385
CMdev_ALB+RAD,2027,5,labsea,MLD2,425.09700
CMdev_ALB+RAD,2027,6,labsea,MLD2,16.48883
CMdev_ALB+RAD,2027,7,labsea,MLD2,9.85635
CMdev_ALB+RAD,2027,8,labsea,MLD2,14.25191
CMdev_ALB+RAD,2027,9,labsea,MLD2,23.00152
CMdev_ALB+RAD,2027,10,labsea,MLD2,38.65192
CMdev_ALB+RAD,2027,11,labsea,MLD2,262.58821
CMdev_ALB+RAD,2027,12,labsea,MLD2,1287.30634
CMdev_ALB+RAD,2027,1,interior,MLD2,2527.43856
CMdev_ALB+RAD,2027,2,interior,MLD2,2098.41789
CMdev_ALB+RAD,2027,3,interior,MLD2,1833.11516
CMdev_ALB+RAD,2027,4,interior,MLD2,1706.42002
CMdev_ALB+RAD,2027,5,interior,MLD2,856.31952
CMdev_ALB+RAD,2027,6,interior,MLD2,18.62982
CMdev_ALB+RAD,2027,7,interior,MLD2,10.26740
CMdev_ALB+RAD,2027,8,interior,MLD2,15.70631
CMdev_ALB+RAD,2027,9,interior,MLD2,23.28654
CMdev_ALB+RAD,2027,10,interior,MLD2,37.25051
CMdev_ALB+RAD,2027,11,interior,MLD2,494.69664
CMdev_ALB+RAD,2027,12,interior,MLD2,2377.14762
CMdev_ALB+RAD,2028,1,labsea,a_ice,0.09812
CMdev_ALB+RAD,2028,2,labsea,a_ice,0.17831
CMdev_ALB+RAD,2028,3,labsea,a_ice,0.16497
CMdev_ALB+RAD,2028,4,labsea,a_ice,0.13522
CMdev_ALB+RAD,2028,5,labsea,a_ice,0.05994
CMdev_ALB+RAD,2028,6,labsea,a_ice,0.02260
CMdev_ALB+RAD,2028,7,labsea,a_ice,0.00460
CMdev_ALB+RAD,2028,8,labsea,a_ice,0.00000
CMdev_ALB+RAD,2028,9,labsea,a_ice,0.00000
CMdev_ALB+RAD,2028,10,labsea,a_ice,0.00000
CMdev_ALB+RAD,2028,11,labsea,a_ice,0.00918
CMdev_ALB+RAD,2028,12,labsea,a_ice,0.06174
CMdev_ALB+RAD,2028,1,interior,a_ice,0.00527
CMdev_ALB+RAD,2028,2,interior,a_ice,0.04595
CMdev_ALB+RAD,2028,3,interior,a_ice,0.05894
CMdev_ALB+RAD,2028,4,interior,a_ice,0.04764
CMdev_ALB+RAD,2028,5,interior,a_ice,0.00274
CMdev_ALB+RAD,2028,6,interior,a_ice,0.00000
CMdev_ALB+RAD,2028,7,interior,a_ice,0.00000
CMdev_ALB+RAD,2028,8,interior,a_ice,0.00000
CMdev_ALB+RAD,2028,9,interior,a_ice,0.00000
CMdev_ALB+RAD,2028,10,interior,a_ice,0.00000
CMdev_ALB+RAD,2028,11,interior,a_ice,0.00000
CMdev_ALB+RAD,2028,12,interior,a_ice,0.00001
CMdev_ALB+RAD,2028,1,labsea,MLD2,1724.79910
CMdev_ALB+RAD,2028,2,labsea,MLD2,1811.74136
CMdev_ALB+RAD,2028,3,labsea,MLD2,1770.38952
CMdev_ALB+RAD,2028,4,labsea,MLD2,1639.26409
CMdev_ALB+RAD,2028,5,labsea,MLD2,670.66752
CMdev_ALB+RAD,2028,6,labsea,MLD2,32.03757
CMdev_ALB+RAD,2028,7,labsea,MLD2,14.28858
CMdev_ALB+RAD,2028,8,labsea,MLD2,11.85955
CMdev_ALB+RAD,2028,9,labsea,MLD2,23.72986
CMdev_ALB+RAD,2028,10,labsea,MLD2,34.32847
CMdev_ALB+RAD,2028,11,labsea,MLD2,235.76382
CMdev_ALB+RAD,2028,12,labsea,MLD2,1428.61385
CMdev_ALB+RAD,2028,1,interior,MLD2,2722.01539
CMdev_ALB+RAD,2028,2,interior,MLD2,2670.32270
CMdev_ALB+RAD,2028,3,interior,MLD2,2588.30729
CMdev_ALB+RAD,2028,4,interior,MLD2,2510.30226
CMdev_ALB+RAD,2028,5,interior,MLD2,1419.14293
CMdev_ALB+RAD,2028,6,interior,MLD2,43.81785
CMdev_ALB+RAD,2028,7,interior,MLD2,15.81020
CMdev_ALB+RAD,2028,8,interior,MLD2,13.82978
CMdev_ALB+RAD,2028,9,interior,MLD2,24.57047
CMdev_ALB+RAD,2028,10,interior,MLD2,31.89625
CMdev_ALB+RAD,2028,11,interior,MLD2,578.62363
CMdev_ALB+RAD,2028,12,interior,MLD2,2573.44446
CMdev_ALB+RAD,2029,1,labsea,a_ice,0.13032
CMdev_ALB+RAD,2029,2,labsea,a_ice,0.17264
CMdev_ALB+RAD,2029,3,labsea,a_ice,0.16862
CMdev_ALB+RAD,2029,4,labsea,a_ice,0.14386
CMdev_ALB+RAD,2029,5,labsea,a_ice,0.08378
CMdev_ALB+RAD,2029,6,labsea,a_ice,0.03553
CMdev_ALB+RAD,2029,7,labsea,a_ice,0.00466
CMdev_ALB+RAD,2029,8,labsea,a_ice,0.00000
CMdev_ALB+RAD,2029,9,labsea,a_ice,0.00000
CMdev_ALB+RAD,2029,10,labsea,a_ice,0.00000
CMdev_ALB+RAD,2029,11,labsea,a_ice,0.00175
CMdev_ALB+RAD,2029,12,labsea,a_ice,0.03066
CMdev_ALB+RAD,2029,1,interior,a_ice,0.00643
CMdev_ALB+RAD,2029,2,interior,a_ice,0.01782
CMdev_ALB+RAD,2029,3,interior,a_ice,0.02377
CMdev_ALB+RAD,2029,4,interior,a_ice,0.01004
CMdev_ALB+RAD,2029,5,interior,a_ice,0.00843
CMdev_ALB+RAD,2029,6,interior,a_ice,0.00000
CMdev_ALB+RAD,2029,7,interior,a_ice,0.00000
CMdev_ALB+RAD,2029,8,interior,a_ice,0.00000
CMdev_ALB+RAD,2029,9,interior,a_ice,0.00000
CMdev_ALB+RAD,2029,10,interior,a_ice,0.00000
CMdev_ALB+RAD,2029,11,interior,a_ice,0.00000
CMdev_ALB+RAD,2029,12,interior,a_ice,0.00000
CMdev_ALB+RAD,2029,1,labsea,MLD2,1780.99564
CMdev_ALB+RAD,2029,2,labsea,MLD2,1774.72767
CMdev_ALB+RAD,2029,3,labsea,MLD2,1672.35128
CMdev_ALB+RAD,2029,4,labsea,MLD2,1625.97158
CMdev_ALB+RAD,2029,5,labsea,MLD2,851.22247
CMdev_ALB+RAD,2029,6,labsea,MLD2,21.49400
CMdev_ALB+RAD,2029,7,labsea,MLD2,14.41939
CMdev_ALB+RAD,2029,8,labsea,MLD2,13.96252
CMdev_ALB+RAD,2029,9,labsea,MLD2,18.82490
CMdev_ALB+RAD,2029,10,labsea,MLD2,37.14464
CMdev_ALB+RAD,2029,11,labsea,MLD2,251.57901
CMdev_ALB+RAD,2029,12,labsea,MLD2,1308.31513
CMdev_ALB+RAD,2029,1,interior,MLD2,2717.93106
CMdev_ALB+RAD,2029,2,interior,MLD2,2706.43852
CMdev_ALB+RAD,2029,3,interior,MLD2,2666.89573
CMdev_ALB+RAD,2029,4,interior,MLD2,2688.09597
CMdev_ALB+RAD,2029,5,interior,MLD2,1747.18968
CMdev_ALB+RAD,2029,6,interior,MLD2,28.24054
CMdev_ALB+RAD,2029,7,interior,MLD2,16.15367
CMdev_ALB+RAD,2029,8,interior,MLD2,14.70181
CMdev_ALB+RAD,2029,9,interior,MLD2,18.75976
CMdev_ALB+RAD,2029,10,interior,MLD2,35.72096
CMdev_ALB+RAD,2029,11,interior,MLD2,491.17792
CMdev_ALB+RAD,2029,12,interior,MLD2,2546.97739
CMdev_ALB+RAD,2030,1,labsea,a_ice,0.09241
CMdev_ALB+RAD,2030,2,labsea,a_ice,0.13127
CMdev_ALB+RAD,2030,3,labsea,a_ice,0.11577
CMdev_ALB+RAD,2030,4,labsea,a_ice,0.12918
CMdev_ALB+RAD,2030,5,labsea,a_ice,0.08895
CMdev_ALB+RAD,2030,6,labsea,a_ice,0.04228
CMdev_ALB+RAD,2030,7,labsea,a_ice,0.00579
CMdev_ALB+RAD,2030,8,labsea,a_ice,0.00000
CMdev_ALB+RAD,2030,9,labsea,a_ice,0.00000
CMdev_ALB+RAD,2030,10,labsea,a_ice,0.00000
CMdev_ALB+RAD,2030,11,labsea,a_ice,0.00010
CMdev_ALB+RAD,2030,12,labsea,a_ice,0.01588
CMdev_ALB+RAD,2030,1,interior,a_ice,0.00099
CMdev_ALB+RAD,2030,2,interior,a_ice,0.01578
CMdev_ALB+RAD,2030,3,interior,a_ice,0.00682
CMdev_ALB+RAD,2030,4,interior,a_ice,0.01483
CMdev_ALB+RAD,2030,5,interior,a_ice,0.00496
CMdev_ALB+RAD,2030,6,interior,a_ice,0.00000
CMdev_ALB+RAD,2030,7,interior,a_ice,0.00000
CMdev_ALB+RAD,2030,8,interior,a_ice,0.00000
CMdev_ALB+RAD,2030,9,interior,a_ice,0.00000
CMdev_ALB+RAD,2030,10,interior,a_ice,0.00000
CMdev_ALB+RAD,2030,11,interior,a_ice,0.00000
CMdev_ALB+RAD,2030,12,interior,a_ice,0.00000
CMdev_ALB+RAD,2030,1,labsea,MLD2,1700.91756
CMdev_ALB+RAD,2030,2,labsea,MLD2,1815.45202
CMdev_ALB+RAD,2030,3,labsea,MLD2,1810.51411
CMdev_ALB+RAD,2030,4,labsea,MLD2,1588.40039
CMdev_ALB+RAD,2030,5,labsea,MLD2,412.79313
CMdev_ALB+RAD,2030,6,labsea,MLD2,16.06795
CMdev_ALB+RAD,2030,7,labsea,MLD2,13.19719
CMdev_ALB+RAD,2030,8,labsea,MLD2,13.81259
CMdev_ALB+RAD,2030,9,labsea,MLD2,22.31162
CMdev_ALB+RAD,2030,10,labsea,MLD2,36.25742
CMdev_ALB+RAD,2030,11,labsea,MLD2,130.63071
CMdev_ALB+RAD,2030,12,labsea,MLD2,911.34243
CMdev_ALB+RAD,2030,1,interior,MLD2,2723.34522
CMdev_ALB+RAD,2030,2,interior,MLD2,2712.61961
CMdev_ALB+RAD,2030,3,interior,MLD2,2710.46454
CMdev_ALB+RAD,2030,4,interior,MLD2,2611.65057
CMdev_ALB+RAD,2030,5,interior,MLD2,1237.92506
CMdev_ALB+RAD,2030,6,interior,MLD2,17.87238
CMdev_ALB+RAD,2030,7,interior,MLD2,13.85426
CMdev_ALB+RAD,2030,8,interior,MLD2,15.42153
CMdev_ALB+RAD,2030,9,interior,MLD2,23.24033
CMdev_ALB+RAD,2030,10,interior,MLD2,34.78377
CMdev_ALB+RAD,2030,11,interior,MLD2,297.34264
CMdev_ALB+RAD,2030,12,interior,MLD2,1934.28471
CMdev_ALB+RAD,2031,1,labsea,a_ice,0.07917
CMdev_ALB+RAD,2031,2,labsea,a_ice,0.12566
CMdev_ALB+RAD,2031,3,labsea,a_ice,0.10758
CMdev_ALB+RAD,2031,4,labsea,a_ice,0.11952
CMdev_ALB+RAD,2031,5,labsea,a_ice,0.07734
CMdev_ALB+RAD,2031,6,labsea,a_ice,0.02371
CMdev_ALB+RAD,2031,7,labsea,a_ice,0.00022
CMdev_ALB+RAD,2031,8,labsea,a_ice,0.00000
CMdev_ALB+RAD,2031,9,labsea,a_ice,0.00000
CMdev_ALB+RAD,2031,10,labsea,a_ice,0.00000
CMdev_ALB+RAD,2031,11,labsea,a_ice,0.00121
CMdev_ALB+RAD,2031,12,labsea,a_ice,0.03338
CMdev_ALB+RAD,2031,1,interior,a_ice,0.00115
CMdev_ALB+RAD,2031,2,interior,a_ice,0.00479
CMdev_ALB+RAD,2031,3,interior,a_ice,0.00226
CMdev_ALB+RAD,2031,4,interior,a_ice,0.00293
CMdev_ALB+RAD,2031,5,interior,a_ice,0.00011
CMdev_ALB+RAD,2031,6,interior,a_ice,0.00000
CMdev_ALB+RAD,2031,7,interior,a_ice,0.00000
CMdev_ALB+RAD,2031,8,interior,a_ice,0.00000
CMdev_ALB+RAD,2031,9,interior,a_ice,0.00000
CMdev_ALB+RAD,2031,10,interior,a_ice,0.00000
CMdev_ALB+RAD,2031,11,interior,a_ice,0.00000
CMdev_ALB+RAD,2031,12,interior,a_ice,0.00000
CMdev_ALB+RAD,2031,1,labsea,MLD2,1765.07449
CMdev_ALB+RAD,2031,2,labsea,MLD2,1822.14094
CMdev_ALB+RAD,2031,3,labsea,MLD2,1838.09010
CMdev_ALB+RAD,2031,4,labsea,MLD2,1773.15045
CMdev_ALB+RAD,2031,5,labsea,MLD2,429.55878
CMdev_ALB+RAD,2031,6,labsea,MLD2,16.08103
CMdev_ALB+RAD,2031,7,labsea,MLD2,14.32662
CMdev_ALB+RAD,2031,8,labsea,MLD2,14.66629
CMdev_ALB+RAD,2031,9,labsea,MLD2,22.48242
CMdev_ALB+RAD,2031,10,labsea,MLD2,32.73176
CMdev_ALB+RAD,2031,11,labsea,MLD2,194.04067
CMdev_ALB+RAD,2031,12,labsea,MLD2,1191.45557
CMdev_ALB+RAD,2031,1,interior,MLD2,2707.63463
CMdev_ALB+RAD,2031,2,interior,MLD2,2710.34990
CMdev_ALB+RAD,2031,3,interior,MLD2,2736.77914
CMdev_ALB+RAD,2031,4,interior,MLD2,2697.31752
CMdev_ALB+RAD,2031,5,interior,MLD2,1080.54302
CMdev_ALB+RAD,2031,6,interior,MLD2,16.41281
CMdev_ALB+RAD,2031,7,interior,MLD2,16.00600
CMdev_ALB+RAD,2031,8,interior,MLD2,16.25043
CMdev_ALB+RAD,2031,9,interior,MLD2,23.97177
CMdev_ALB+RAD,2031,10,interior,MLD2,32.77498
CMdev_ALB+RAD,2031,11,interior,MLD2,481.51590
CMdev_ALB+RAD,2031,12,interior,MLD2,2507.95687
CMdev_ALB+RAD,2032,1,labsea,a_ice,0.09586
CMdev_ALB+RAD,2032,2,labsea,a_ice,0.10941
CMdev_ALB+RAD,2032,3,labsea,a_ice,0.11334
CMdev_ALB+RAD,2032,4,labsea,a_ice,0.10193
CMdev_ALB+RAD,2032,5,labsea,a_ice,0.06320
CMdev_ALB+RAD,2032,6,labsea,a_ice,0.02767
CMdev_ALB+RAD,2032,7,labsea,a_ice,0.00015
CMdev_ALB+RAD,2032,8,labsea,a_ice,0.00000
CMdev_ALB+RAD,2032,9,labsea,a_ice,0.00000
CMdev_ALB+RAD,2032,10,labsea,a_ice,0.00000
CMdev_ALB+RAD,2032,11,labsea,a_ice,0.00001
CMdev_ALB+RAD,2032,12,labsea,a_ice,0.01692
CMdev_ALB+RAD,2032,1,interior,a_ice,0.00475
CMdev_ALB+RAD,2032,2,interior,a_ice,0.00663
CMdev_ALB+RAD,2032,3,interior,a_ice,0.00319
CMdev_ALB+RAD,2032,4,interior,a_ice,0.00051
CMdev_ALB+RAD,2032,5,interior,a_ice,0.00060
CMdev_ALB+RAD,2032,6,interior,a_ice,0.00000
CMdev_ALB+RAD,2032,7,interior,a_ice,0.00000
CMdev_ALB+RAD,2032,8,interior,a_ice,0.00000
CMdev_ALB+RAD,2032,9,interior,a_ice,0.00000
CMdev_ALB+RAD,2032,10,interior,a_ice,0.00000
CMdev_ALB+RAD,2032,11,interior,a_ice,0.00000
CMdev_ALB+RAD,2032,12,interior,a_ice,0.00000
CMdev_ALB+RAD,2032,1,labsea,MLD2,1786.30601
CMdev_ALB+RAD,2032,2,labsea,MLD2,1850.45226
CMdev_ALB+RAD,2032,3,labsea,MLD2,1858.31836
CMdev_ALB+RAD,2032,4,labsea,MLD2,1673.26888
CMdev_ALB+RAD,2032,5,labsea,MLD2,575.30267
CMdev_ALB+RAD,2032,6,labsea,MLD2,17.21073
CMdev_ALB+RAD,2032,7,labsea,MLD2,10.26070
CMdev_ALB+RAD,2032,8,labsea,MLD2,13.65208
CMdev_ALB+RAD,2032,9,labsea,MLD2,20.39634
CMdev_ALB+RAD,2032,10,labsea,MLD2,33.85229
CMdev_ALB+RAD,2032,11,labsea,MLD2,45.19134
CMdev_ALB+RAD,2032,12,labsea,MLD2,321.81455
CMdev_ALB+RAD,2032,1,interior,MLD2,2715.74046
CMdev_ALB+RAD,2032,2,interior,MLD2,2732.92385
CMdev_ALB+RAD,2032,3,interior,MLD2,2741.62446
CMdev_ALB+RAD,2032,4,interior,MLD2,2732.93692
CMdev_ALB+RAD,2032,5,interior,MLD2,1213.02452
CMdev_ALB+RAD,2032,6,interior,MLD2,17.89300
CMdev_ALB+RAD,2032,7,interior,MLD2,10.70436
CMdev_ALB+RAD,2032,8,interior,MLD2,14.88094
CMdev_ALB+RAD,2032,9,interior,MLD2,21.51865
CMdev_ALB+RAD,2032,10,interior,MLD2,35.12696
CMdev_ALB+RAD,2032,11,interior,MLD2,49.84841
CMdev_ALB+RAD,2032,12,interior,MLD2,819.71221
CMdev_ALB+RAD,2033,1,labsea,a_ice,0.06649
CMdev_ALB+RAD,2033,2,labsea,a_ice,0.13285
CMdev_ALB+RAD,2033,3,labsea,a_ice,0.17977
CMdev_ALB+RAD,2033,4,labsea,a_ice,0.18101
CMdev_ALB+RAD,2033,5,labsea,a_ice,0.13372
CMdev_ALB+RAD,2033,6,labsea,a_ice,0.02893
CMdev_ALB+RAD,2033,7,labsea,a_ice,0.00014
CMdev_ALB+RAD,2033,8,labsea,a_ice,0.00000
CMdev_ALB+RAD,2033,9,labsea,a_ice,0.00000
CMdev_ALB+RAD,2033,10,labsea,a_ice,0.00000
CMdev_ALB+RAD,2033,11,labsea,a_ice,0.00054
CMdev_ALB+RAD,2033,12,labsea,a_ice,0.05351
CMdev_ALB+RAD,2033,1,interior,a_ice,0.00020
CMdev_ALB+RAD,2033,2,interior,a_ice,0.01556
CMdev_ALB+RAD,2033,3,interior,a_ice,0.02893
CMdev_ALB+RAD,2033,4,interior,a_ice,0.01523
CMdev_ALB+RAD,2033,5,interior,a_ice,0.00343
CMdev_ALB+RAD,2033,6,interior,a_ice,0.00006
CMdev_ALB+RAD,2033,7,interior,a_ice,0.00000
CMdev_ALB+RAD,2033,8,interior,a_ice,0.00000
CMdev_ALB+RAD,2033,9,interior,a_ice,0.00000
CMdev_ALB+RAD,2033,10,interior,a_ice,0.00000
CMdev_ALB+RAD,2033,11,interior,a_ice,0.00000
CMdev_ALB+RAD,2033,12,interior,a_ice,0.00028
CMdev_ALB+RAD,2033,1,labsea,MLD2,1033.69480
CMdev_ALB+RAD,2033,2,labsea,MLD2,1723.83508
CMdev_ALB+RAD,2033,3,labsea,MLD2,1759.25546
CMdev_ALB+RAD,2033,4,labsea,MLD2,1708.24606
CMdev_ALB+RAD,2033,5,labsea,MLD2,563.11027
CMdev_ALB+RAD,2033,6,labsea,MLD2,15.96778
CMdev_ALB+RAD,2033,7,labsea,MLD2,12.29678
CMdev_ALB+RAD,2033,8,labsea,MLD2,13.84594
CMdev_ALB+RAD,2033,9,labsea,MLD2,23.03478
CMdev_ALB+RAD,2033,10,labsea,MLD2,36.61623
CMdev_ALB+RAD,2033,11,labsea,MLD2,279.41295
CMdev_ALB+RAD,2033,12,labsea,MLD2,1243.86601
CMdev_ALB+RAD,2033,1,interior,MLD2,2146.72411
CMdev_ALB+RAD,2033,2,interior,MLD2,2701.99961
CMdev_ALB+RAD,2033,3,interior,MLD2,2665.50310
CMdev_ALB+RAD,2033,4,interior,MLD2,2653.20727
CMdev_ALB+RAD,2033,5,interior,MLD2,1260.02947
CMdev_ALB+RAD,2033,6,interior,MLD2,18.35117
CMdev_ALB+RAD,2033,7,interior,MLD2,14.25145
CMdev_ALB+RAD,2033,8,interior,MLD2,15.46625
CMdev_ALB+RAD,2033,9,interior,MLD2,22.56521
CMdev_ALB+RAD,2033,10,interior,MLD2,33.20155
CMdev_ALB+RAD,2033,11,interior,MLD2,677.43164
CMdev_ALB+RAD,2033,12,interior,MLD2,2530.12380
CMdev_ALB+RAD,2034,1,labsea,a_ice,0.14023
CMdev_ALB+RAD,2034,2,labsea,a_ice,0.14948
CMdev_ALB+RAD,2034,3,labsea,a_ice,0.09675
CMdev_ALB+RAD,2034,4,labsea,a_ice,0.04904
CMdev_ALB+RAD,2034,5,labsea,a_ice,0.02418
CMdev_ALB+RAD,2034,6,labsea,a_ice,0.00351
CMdev_ALB+RAD,2034,7,labsea,a_ice,0.00000
CMdev_ALB+RAD,2034,8,labsea,a_ice,0.00000
CMdev_ALB+RAD,2034,9,labsea,a_ice,0.00000
CMdev_ALB+RAD,2034,10,labsea,a_ice,0.00000
CMdev_ALB+RAD,2034,11,labsea,a_ice,0.00001
CMdev_ALB+RAD,2034,12,labsea,a_ice,0.00561
CMdev_ALB+RAD,2034,1,interior,a_ice,0.01388
CMdev_ALB+RAD,2034,2,interior,a_ice,0.01981
CMdev_ALB+RAD,2034,3,interior,a_ice,0.00198
CMdev_ALB+RAD,2034,4,interior,a_ice,0.00051
CMdev_ALB+RAD,2034,5,interior,a_ice,0.00000
CMdev_ALB+RAD,2034,6,interior,a_ice,0.00000
CMdev_ALB+RAD,2034,7,interior,a_ice,0.00000
CMdev_ALB+RAD,2034,8,interior,a_ice,0.00000
CMdev_ALB+RAD,2034,9,interior,a_ice,0.00000
CMdev_ALB+RAD,2034,10,interior,a_ice,0.00000
CMdev_ALB+RAD,2034,11,interior,a_ice,0.00000
CMdev_ALB+RAD,2034,12,interior,a_ice,0.00000
CMdev_ALB+RAD,2034,1,labsea,MLD2,1726.26018
CMdev_ALB+RAD,2034,2,labsea,MLD2,1780.55094
CMdev_ALB+RAD,2034,3,labsea,MLD2,1749.70165
CMdev_ALB+RAD,2034,4,labsea,MLD2,1506.39967
CMdev_ALB+RAD,2034,5,labsea,MLD2,544.96622
CMdev_ALB+RAD,2034,6,labsea,MLD2,15.85740
CMdev_ALB+RAD,2034,7,labsea,MLD2,13.80151
CMdev_ALB+RAD,2034,8,labsea,MLD2,12.93733
CMdev_ALB+RAD,2034,9,labsea,MLD2,21.58831
CMdev_ALB+RAD,2034,10,labsea,MLD2,29.95663
CMdev_ALB+RAD,2034,11,labsea,MLD2,45.43783
CMdev_ALB+RAD,2034,12,labsea,MLD2,261.59922
CMdev_ALB+RAD,2034,1,interior,MLD2,2684.84344
CMdev_ALB+RAD,2034,2,interior,MLD2,2689.56405
CMdev_ALB+RAD,2034,3,interior,MLD2,2679.07427
CMdev_ALB+RAD,2034,4,interior,MLD2,2513.44681
CMdev_ALB+RAD,2034,5,interior,MLD2,1018.50009
CMdev_ALB+RAD,2034,6,interior,MLD2,15.84226
CMdev_ALB+RAD,2034,7,interior,MLD2,14.90148
CMdev_ALB+RAD,2034,8,interior,MLD2,14.25575
CMdev_ALB+RAD,2034,9,interior,MLD2,20.01751
CMdev_ALB+RAD,2034,10,interior,MLD2,29.41003
CMdev_ALB+RAD,2034,11,interior,MLD2,42.46664
CMdev_ALB+RAD,2034,12,interior,MLD2,562.36938
CMdev_ALB+RAD,2035,1,labsea,a_ice,0.07665
CMdev_ALB+RAD,2035,2,labsea,a_ice,0.14957
CMdev_ALB+RAD,2035,3,labsea,a_ice,0.13624
CMdev_ALB+RAD,2035,4,labsea,a_ice,0.09363
CMdev_ALB+RAD,2035,5,labsea,a_ice,0.06356
CMdev_ALB+RAD,2035,6,labsea,a_ice,0.03081
CMdev_ALB+RAD,2035,7,labsea,a_ice,0.00581
CMdev_ALB+RAD,2035,8,labsea,a_ice,0.00000
CMdev_ALB+RAD,2035,9,labsea,a_ice,0.00000
CMdev_ALB+RAD,2035,10,labsea,a_ice,0.00000
CMdev_ALB+RAD,2035,11,labsea,a_ice,0.00016
CMdev_ALB+RAD,2035,12,labsea,a_ice,0.03912
CMdev_ALB+RAD,2035,1,interior,a_ice,0.00057
CMdev_ALB+RAD,2035,2,interior,a_ice,0.01381
CMdev_ALB+RAD,2035,3,interior,a_ice,0.00935
CMdev_ALB+RAD,2035,4,interior,a_ice,0.00355
CMdev_ALB+RAD,2035,5,interior,a_ice,0.00010
CMdev_ALB+RAD,2035,6,interior,a_ice,0.00000
CMdev_ALB+RAD,2035,7,interior,a_ice,0.00000
CMdev_ALB+RAD,2035,8,interior,a_ice,0.00000
CMdev_ALB+RAD,2035,9,interior,a_ice,0.00000
CMdev_ALB+RAD,2035,10,interior,a_ice,0.00000
CMdev_ALB+RAD,2035,11,interior,a_ice,0.00000
CMdev_ALB+RAD,2035,12,interior,a_ice,0.00000
CMdev_ALB+RAD,2035,1,labsea,MLD2,1513.73394
CMdev_ALB+RAD,2035,2,labsea,MLD2,1690.30178
CMdev_ALB+RAD,2035,3,labsea,MLD2,1730.33218
CMdev_ALB+RAD,2035,4,labsea,MLD2,1296.04952
CMdev_ALB+RAD,2035,5,labsea,MLD2,115.64466
CMdev_ALB+RAD,2035,6,labsea,MLD2,17.72159
CMdev_ALB+RAD,2035,7,labsea,MLD2,12.98874
CMdev_ALB+RAD,2035,8,labsea,MLD2,15.69231
CMdev_ALB+RAD,2035,9,labsea,MLD2,20.28092
CMdev_ALB+RAD,2035,10,labsea,MLD2,27.90532
CMdev_ALB+RAD,2035,11,labsea,MLD2,38.61682
CMdev_ALB+RAD,2035,12,labsea,MLD2,757.70274
CMdev_ALB+RAD,2035,1,interior,MLD2,2544.61082
CMdev_ALB+RAD,2035,2,interior,MLD2,2527.49965
CMdev_ALB+RAD,2035,3,interior,MLD2,2669.56464
CMdev_ALB+RAD,2035,4,interior,MLD2,2426.52342
CMdev_ALB+RAD,2035,5,interior,MLD2,265.63377
CMdev_ALB+RAD,2035,6,interior,MLD2,18.45277
CMdev_ALB+RAD,2035,7,interior,MLD2,13.75633
CMdev_ALB+RAD,2035,8,interior,MLD2,16.45147
CMdev_ALB+RAD,2035,9,interior,MLD2,21.67957
CMdev_ALB+RAD,2035,10,interior,MLD2,30.08192
CMdev_ALB+RAD,2035,11,interior,MLD2,40.88250
CMdev_ALB+RAD,2035,12,interior,MLD2,1619.87870
CMdev_ALB+RAD,2036,1,labsea,a_ice,0.09860
CMdev_ALB+RAD,2036,2,labsea,a_ice,0.16010
CMdev_ALB+RAD,2036,3,labsea,a_ice,0.13007
CMdev_ALB+RAD,2036,4,labsea,a_ice,0.10143
CMdev_ALB+RAD,2036,5,labsea,a_ice,0.06083
CMdev_ALB+RAD,2036,6,labsea,a_ice,0.00633
CMdev_ALB+RAD,2036,7,labsea,a_ice,0.00000
CMdev_ALB+RAD,2036,8,labsea,a_ice,0.00000
CMdev_ALB+RAD,2036,9,labsea,a_ice,0.00000
CMdev_ALB+RAD,2036,10,labsea,a_ice,0.00000
CMdev_ALB+RAD,2036,11,labsea,a_ice,0.00013
CMdev_ALB+RAD,2036,12,labsea,a_ice,0.02133
CMdev_ALB+RAD,2036,1,interior,a_ice,0.00401
CMdev_ALB+RAD,2036,2,interior,a_ice,0.02787
CMdev_ALB+RAD,2036,3,interior,a_ice,0.01515
CMdev_ALB+RAD,2036,4,interior,a_ice,0.00333
CMdev_ALB+RAD,2036,5,interior,a_ice,0.00030
CMdev_ALB+RAD,2036,6,interior,a_ice,0.00000
CMdev_ALB+RAD,2036,7,interior,a_ice,0.00000
CMdev_ALB+RAD,2036,8,interior,a_ice,0.00000
CMdev_ALB+RAD,2036,9,interior,a_ice,0.00000
CMdev_ALB+RAD,2036,10,interior,a_ice,0.00000
CMdev_ALB+RAD,2036,11,interior,a_ice,0.00000
CMdev_ALB+RAD,2036,12,interior,a_ice,0.00000
CMdev_ALB+RAD,2036,1,labsea,MLD2,1636.54959
CMdev_ALB+RAD,2036,2,labsea,MLD2,1768.81627
CMdev_ALB+RAD,2036,3,labsea,MLD2,1654.80595
CMdev_ALB+RAD,2036,4,labsea,MLD2,1240.93515
CMdev_ALB+RAD,2036,5,labsea,MLD2,674.86979
CMdev_ALB+RAD,2036,6,labsea,MLD2,14.89580
CMdev_ALB+RAD,2036,7,labsea,MLD2,9.83472
CMdev_ALB+RAD,2036,8,labsea,MLD2,12.87374
CMdev_ALB+RAD,2036,9,labsea,MLD2,17.64936
CMdev_ALB+RAD,2036,10,labsea,MLD2,29.85425
CMdev_ALB+RAD,2036,11,labsea,MLD2,93.53494
CMdev_ALB+RAD,2036,12,labsea,MLD2,1248.96873
CMdev_ALB+RAD,2036,1,interior,MLD2,2609.94047
CMdev_ALB+RAD,2036,2,interior,MLD2,2681.21789
CMdev_ALB+RAD,2036,3,interior,MLD2,2601.47480
CMdev_ALB+RAD,2036,4,interior,MLD2,2482.01183
CMdev_ALB+RAD,2036,5,interior,MLD2,1525.95171
CMdev_ALB+RAD,2036,6,interior,MLD2,16.83854
CMdev_ALB+RAD,2036,7,interior,MLD2,10.55648
CMdev_ALB+RAD,2036,8,interior,MLD2,14.88594
CMdev_ALB+RAD,2036,9,interior,MLD2,18.60045
CMdev_ALB+RAD,2036,10,interior,MLD2,30.83012
CMdev_ALB+RAD,2036,11,interior,MLD2,126.43225
CMdev_ALB+RAD,2036,12,interior,MLD2,2248.86954
CMdev_ALB+RAD,2037,1,labsea,a_ice,0.10976
CMdev_ALB+RAD,2037,2,labsea,a_ice,0.12680
CMdev_ALB+RAD,2037,3,labsea,a_ice,0.14614
CMdev_ALB+RAD,2037,4,labsea,a_ice,0.15543
CMdev_ALB+RAD,2037,5,labsea,a_ice,0.09103
CMdev_ALB+RAD,2037,6,labsea,a_ice,0.02129
CMdev_ALB+RAD,2037,7,labsea,a_ice,0.00069
CMdev_ALB+RAD,2037,8,labsea,a_ice,0.00000
CMdev_ALB+RAD,2037,9,labsea,a_ice,0.00000
CMdev_ALB+RAD,2037,10,labsea,a_ice,0.00000
CMdev_ALB+RAD,2037,11,labsea,a_ice,0.00037
CMdev_ALB+RAD,2037,12,labsea,a_ice,0.03004
CMdev_ALB+RAD,2037,1,interior,a_ice,0.00629
CMdev_ALB+RAD,2037,2,interior,a_ice,0.01153
CMdev_ALB+RAD,2037,3,interior,a_ice,0.00705
CMdev_ALB+RAD,2037,4,interior,a_ice,0.00698
CMdev_ALB+RAD,2037,5,interior,a_ice,0.00298
CMdev_ALB+RAD,2037,6,interior,a_ice,0.00001
CMdev_ALB+RAD,2037,7,interior,a_ice,0.00000
CMdev_ALB+RAD,2037,8,interior,a_ice,0.00000
CMdev_ALB+RAD,2037,9,interior,a_ice,0.00000
CMdev_ALB+RAD,2037,10,interior,a_ice,0.00000
CMdev_ALB+RAD,2037,11,interior,a_ice,0.00000
CMdev_ALB+RAD,2037,12,interior,a_ice,0.00000
CMdev_ALB+RAD,2037,1,labsea,MLD2,1784.52382
CMdev_ALB+RAD,2037,2,labsea,MLD2,1773.31744
CMdev_ALB+RAD,2037,3,labsea,MLD2,1783.86264
CMdev_ALB+RAD,2037,4,labsea,MLD2,1659.86400
CMdev_ALB+RAD,2037,5,labsea,MLD2,708.41879
CMdev_ALB+RAD,2037,6,labsea,MLD2,15.24430
CMdev_ALB+RAD,2037,7,labsea,MLD2,12.85745
CMdev_ALB+RAD,2037,8,labsea,MLD2,14.52663
CMdev_ALB+RAD,2037,9,labsea,MLD2,19.40115
CMdev_ALB+RAD,2037,10,labsea,MLD2,30.64659
CMdev_ALB+RAD,2037,11,labsea,MLD2,89.13067
CMdev_ALB+RAD,2037,12,labsea,MLD2,903.77136
CMdev_ALB+RAD,2037,1,interior,MLD2,2687.63074
CMdev_ALB+RAD,2037,2,interior,MLD2,2690.90268
CMdev_ALB+RAD,2037,3,interior,MLD2,2717.11409
CMdev_ALB+RAD,2037,4,interior,MLD2,2616.92338
CMdev_ALB+RAD,2037,5,interior,MLD2,1436.96580
CMdev_ALB+RAD,2037,6,interior,MLD2,15.26269
CMdev_ALB+RAD,2037,7,interior,MLD2,13.12309
CMdev_ALB+RAD,2037,8,interior,MLD2,16.29120
CMdev_ALB+RAD,2037,9,interior,MLD2,19.52600
CMdev_ALB+RAD,2037,10,interior,MLD2,32.58287
CMdev_ALB+RAD,2037,11,interior,MLD2,212.44636
CMdev_ALB+RAD,2037,12,interior,MLD2,1957.85385
CMdev_ALB+RAD,2038,1,labsea,a_ice,0.10120
CMdev_ALB+RAD,2038,2,labsea,a_ice,0.14594
CMdev_ALB+RAD,2038,3,labsea,a_ice,0.15426
CMdev_ALB+RAD,2038,4,labsea,a_ice,0.13023
CMdev_ALB+RAD,2038,5,labsea,a_ice,0.09566
CMdev_ALB+RAD,2038,6,labsea,a_ice,0.03969
CMdev_ALB+RAD,2038,7,labsea,a_ice,0.00369
CMdev_ALB+RAD,2038,8,labsea,a_ice,0.00000
CMdev_ALB+RAD,2038,9,labsea,a_ice,0.00000
CMdev_ALB+RAD,2038,10,labsea,a_ice,0.00000
CMdev_ALB+RAD,2038,11,labsea,a_ice,0.00000
CMdev_ALB+RAD,2038,12,labsea,a_ice,0.02251
CMdev_ALB+RAD,2038,1,interior,a_ice,0.00552
CMdev_ALB+RAD,2038,2,interior,a_ice,0.00757
CMdev_ALB+RAD,2038,3,interior,a_ice,0.00561
CMdev_ALB+RAD,2038,4,interior,a_ice,0.00189
CMdev_ALB+RAD,2038,5,interior,a_ice,0.00130
CMdev_ALB+RAD,2038,6,interior,a_ice,0.00002
CMdev_ALB+RAD,2038,7,interior,a_ice,0.00000
CMdev_ALB+RAD,2038,8,interior,a_ice,0.00000
CMdev_ALB+RAD,2038,9,interior,a_ice,0.00000
CMdev_ALB+RAD,2038,10,interior,a_ice,0.00000
CMdev_ALB+RAD,2038,11,interior,a_ice,0.00000
CMdev_ALB+RAD,2038,12,interior,a_ice,0.00000
CMdev_ALB+RAD,2038,1,labsea,MLD2,1690.57541
CMdev_ALB+RAD,2038,2,labsea,MLD2,1797.91519
CMdev_ALB+RAD,2038,3,labsea,MLD2,1774.24654
CMdev_ALB+RAD,2038,4,labsea,MLD2,1725.49442
CMdev_ALB+RAD,2038,5,labsea,MLD2,1152.51032
CMdev_ALB+RAD,2038,6,labsea,MLD2,17.75681
CMdev_ALB+RAD,2038,7,labsea,MLD2,12.64811
CMdev_ALB+RAD,2038,8,labsea,MLD2,15.24389
CMdev_ALB+RAD,2038,9,labsea,MLD2,24.04288
CMdev_ALB+RAD,2038,10,labsea,MLD2,32.13314
CMdev_ALB+RAD,2038,11,labsea,MLD2,49.10266
CMdev_ALB+RAD,2038,12,labsea,MLD2,717.02083
CMdev_ALB+RAD,2038,1,interior,MLD2,2663.36534
CMdev_ALB+RAD,2038,2,interior,MLD2,2720.72024
CMdev_ALB+RAD,2038,3,interior,MLD2,2732.76548
CMdev_ALB+RAD,2038,4,interior,MLD2,2712.26760
CMdev_ALB+RAD,2038,5,interior,MLD2,2268.20315
CMdev_ALB+RAD,2038,6,interior,MLD2,18.00714
CMdev_ALB+RAD,2038,7,interior,MLD2,13.69590
CMdev_ALB+RAD,2038,8,interior,MLD2,16.10383
CMdev_ALB+RAD,2038,9,interior,MLD2,23.15882
CMdev_ALB+RAD,2038,10,interior,MLD2,31.47657
CMdev_ALB+RAD,2038,11,interior,MLD2,62.01726
CMdev_ALB+RAD,2038,12,interior,MLD2,1849.63850
CMdev_ALB+RAD,2039,1,labsea,a_ice,0.07967
CMdev_ALB+RAD,2039,2,labsea,a_ice,0.11256
CMdev_ALB+RAD,2039,3,labsea,a_ice,0.13126
CMdev_ALB+RAD,2039,4,labsea,a_ice,0.10694
CMdev_ALB+RAD,2039,5,labsea,a_ice,0.04514
CMdev_ALB+RAD,2039,6,labsea,a_ice,0.02122
CMdev_ALB+RAD,2039,7,labsea,a_ice,0.00241
CMdev_ALB+RAD,2039,8,labsea,a_ice,0.00000
CMdev_ALB+RAD,2039,9,labsea,a_ice,0.00000
CMdev_ALB+RAD,2039,10,labsea,a_ice,0.00000
CMdev_ALB+RAD,2039,11,labsea,a_ice,0.00001
CMdev_ALB+RAD,2039,12,labsea,a_ice,0.02629
CMdev_ALB+RAD,2039,1,interior,a_ice,0.00156
CMdev_ALB+RAD,2039,2,interior,a_ice,0.00249
CMdev_ALB+RAD,2039,3,interior,a_ice,0.00631
CMdev_ALB+RAD,2039,4,interior,a_ice,0.01270
CMdev_ALB+RAD,2039,5,interior,a_ice,0.00356
CMdev_ALB+RAD,2039,6,interior,a_ice,0.00000
CMdev_ALB+RAD,2039,7,interior,a_ice,0.00000
CMdev_ALB+RAD,2039,8,interior,a_ice,0.00000
CMdev_ALB+RAD,2039,9,interior,a_ice,0.00000
CMdev_ALB+RAD,2039,10,interior,a_ice,0.00000
CMdev_ALB+RAD,2039,11,interior,a_ice,0.00000
CMdev_ALB+RAD,2039,12,interior,a_ice,0.00000
CMdev_ALB+RAD,2039,1,labsea,MLD2,1546.50628
CMdev_ALB+RAD,2039,2,labsea,MLD2,1830.86806
CMdev_ALB+RAD,2039,3,labsea,MLD2,1827.64563
CMdev_ALB+RAD,2039,4,labsea,MLD2,1636.73561
CMdev_ALB+RAD,2039,5,labsea,MLD2,554.37482
CMdev_ALB+RAD,2039,6,labsea,MLD2,22.05638
CMdev_ALB+RAD,2039,7,labsea,MLD2,13.80238
CMdev_ALB+RAD,2039,8,labsea,MLD2,14.90411
CMdev_ALB+RAD,2039,9,labsea,MLD2,19.42842
CMdev_ALB+RAD,2039,10,labsea,MLD2,30.29061
CMdev_ALB+RAD,2039,11,labsea,MLD2,51.10220
CMdev_ALB+RAD,2039,12,labsea,MLD2,353.05790
CMdev_ALB+RAD,2039,1,interior,MLD2,2725.19183
CMdev_ALB+RAD,2039,2,interior,MLD2,2745.24400
CMdev_ALB+RAD,2039,3,interior,MLD2,2735.25941
CMdev_ALB+RAD,2039,4,interior,MLD2,2608.07180
CMdev_ALB+RAD,2039,5,interior,MLD2,1548.35645
CMdev_ALB+RAD,2039,6,interior,MLD2,33.38754
CMdev_ALB+RAD,2039,7,interior,MLD2,15.71314
CMdev_ALB+RAD,2039,8,interior,MLD2,16.02959
CMdev_ALB+RAD,2039,9,interior,MLD2,21.14820
CMdev_ALB+RAD,2039,10,interior,MLD2,33.13147
CMdev_ALB+RAD,2039,11,interior,MLD2,52.77970
CMdev_ALB+RAD,2039,12,interior,MLD2,799.82656
