CMdev_BASE_SP,1990,1,labsea,a_ice,0.24033
CMdev_BASE_SP,1990,2,labsea,a_ice,0.42144
CMdev_BASE_SP,1990,3,labsea,a_ice,0.45183
CMdev_BASE_SP,1990,4,labsea,a_ice,0.42695
CMdev_BASE_SP,1990,5,labsea,a_ice,0.34324
CMdev_BASE_SP,1990,6,labsea,a_ice,0.14238
CMdev_BASE_SP,1990,7,labsea,a_ice,0.03307
CMdev_BASE_SP,1990,8,labsea,a_ice,0.00386
CMdev_BASE_SP,1990,9,labsea,a_ice,0.00000
CMdev_BASE_SP,1990,10,labsea,a_ice,0.00159
CMdev_BASE_SP,1990,11,labsea,a_ice,0.05631
CMdev_BASE_SP,1990,12,labsea,a_ice,0.15589
CMdev_BASE_SP,1990,1,interior,a_ice,0.08079
CMdev_BASE_SP,1990,2,interior,a_ice,0.40934
CMdev_BASE_SP,1990,3,interior,a_ice,0.44863
CMdev_BASE_SP,1990,4,interior,a_ice,0.37992
CMdev_BASE_SP,1990,5,interior,a_ice,0.27931
CMdev_BASE_SP,1990,6,interior,a_ice,0.04947
CMdev_BASE_SP,1990,7,interior,a_ice,0.00091
CMdev_BASE_SP,1990,8,interior,a_ice,0.00000
CMdev_BASE_SP,1990,9,interior,a_ice,0.00000
CMdev_BASE_SP,1990,10,interior,a_ice,0.00000
CMdev_BASE_SP,1990,11,interior,a_ice,0.00008
CMdev_BASE_SP,1990,12,interior,a_ice,0.03063
CMdev_BASE_SP,1990,1,labsea,MLD2,622.69006
CMdev_BASE_SP,1990,2,labsea,MLD2,960.33598
CMdev_BASE_SP,1990,3,labsea,MLD2,1044.46708
CMdev_BASE_SP,1990,4,labsea,MLD2,1049.89876
CMdev_BASE_SP,1990,5,labsea,MLD2,662.97914
CMdev_BASE_SP,1990,6,labsea,MLD2,25.69609
CMdev_BASE_SP,1990,7,labsea,MLD2,13.49061
CMdev_BASE_SP,1990,8,labsea,MLD2,13.47561
CMdev_BASE_SP,1990,9,labsea,MLD2,20.08408
CMdev_BASE_SP,1990,10,labsea,MLD2,28.52753
CMdev_BASE_SP,1990,11,labsea,MLD2,140.16559
CMdev_BASE_SP,1990,12,labsea,MLD2,874.94711
CMdev_BASE_SP,1990,1,interior,MLD2,1078.81699
CMdev_BASE_SP,1990,2,interior,MLD2,1347.68245
CMdev_BASE_SP,1990,3,interior,MLD2,1296.90627
CMdev_BASE_SP,1990,4,interior,MLD2,1470.00285
CMdev_BASE_SP,1990,5,interior,MLD2,1010.15054
CMdev_BASE_SP,1990,6,interior,MLD2,42.22369
CMdev_BASE_SP,1990,7,interior,MLD2,16.11635
CMdev_BASE_SP,1990,8,interior,MLD2,15.03566
CMdev_BASE_SP,1990,9,interior,MLD2,21.34145
CMdev_BASE_SP,1990,10,interior,MLD2,29.70783
CMdev_BASE_SP,1990,11,interior,MLD2,292.99479
CMdev_BASE_SP,1990,12,interior,MLD2,1843.00241
CMdev_BASE_SP,1991,1,labsea,a_ice,0.21716
CMdev_BASE_SP,1991,2,labsea,a_ice,0.26580
CMdev_BASE_SP,1991,3,labsea,a_ice,0.28213
CMdev_BASE_SP,1991,4,labsea,a_ice,0.24264
CMdev_BASE_SP,1991,5,labsea,a_ice,0.16669
CMdev_BASE_SP,1991,6,labsea,a_ice,0.08717
CMdev_BASE_SP,1991,7,labsea,a_ice,0.02028
CMdev_BASE_SP,1991,8,labsea,a_ice,0.00029
CMdev_BASE_SP,1991,9,labsea,a_ice,0.00000
CMdev_BASE_SP,1991,10,labsea,a_ice,0.00055
CMdev_BASE_SP,1991,11,labsea,a_ice,0.01649
CMdev_BASE_SP,1991,12,labsea,a_ice,0.08004
CMdev_BASE_SP,1991,1,interior,a_ice,0.03905
CMdev_BASE_SP,1991,2,interior,a_ice,0.07206
CMdev_BASE_SP,1991,3,interior,a_ice,0.09251
CMdev_BASE_SP,1991,4,interior,a_ice,0.05508
CMdev_BASE_SP,1991,5,interior,a_ice,0.03324
CMdev_BASE_SP,1991,6,interior,a_ice,0.00791
CMdev_BASE_SP,1991,7,interior,a_ice,0.00000
CMdev_BASE_SP,1991,8,interior,a_ice,0.00000
CMdev_BASE_SP,1991,9,interior,a_ice,0.00000
CMdev_BASE_SP,1991,10,interior,a_ice,0.00000
CMdev_BASE_SP,1991,11,interior,a_ice,0.00000
CMdev_BASE_SP,1991,12,interior,a_ice,0.00057
CMdev_BASE_SP,1991,1,labsea,MLD2,1223.85502
CMdev_BASE_SP,1991,2,labsea,MLD2,1301.04029
CMdev_BASE_SP,1991,3,labsea,MLD2,1244.12566
CMdev_BASE_SP,1991,4,labsea,MLD2,1048.86933
CMdev_BASE_SP,1991,5,labsea,MLD2,563.22809
CMdev_BASE_SP,1991,6,labsea,MLD2,20.72131
CMdev_BASE_SP,1991,7,labsea,MLD2,12.31174
CMdev_BASE_SP,1991,8,labsea,MLD2,15.12009
CMdev_BASE_SP,1991,9,labsea,MLD2,24.67128
CMdev_BASE_SP,1991,10,labsea,MLD2,37.72697
CMdev_BASE_SP,1991,11,labsea,MLD2,64.63775
CMdev_BASE_SP,1991,12,labsea,MLD2,301.83431
CMdev_BASE_SP,1991,1,interior,MLD2,2471.65528
CMdev_BASE_SP,1991,2,interior,MLD2,2513.98127
CMdev_BASE_SP,1991,3,interior,MLD2,2428.40398
CMdev_BASE_SP,1991,4,interior,MLD2,2199.55942
CMdev_BASE_SP,1991,5,interior,MLD2,1251.41836
CMdev_BASE_SP,1991,6,interior,MLD2,23.97959
CMdev_BASE_SP,1991,7,interior,MLD2,14.20623
CMdev_BASE_SP,1991,8,interior,MLD2,17.79263
CMdev_BASE_SP,1991,9,interior,MLD2,27.00283
CMdev_BASE_SP,1991,10,interior,MLD2,36.67188
CMdev_BASE_SP,1991,11,interior,MLD2,58.34493
CMdev_BASE_SP,1991,12,interior,MLD2,543.42713
CMdev_BASE_SP,1992,1,labsea,a_ice,0.14063
CMdev_BASE_SP,1992,2,labsea,a_ice,0.18794
CMdev_BASE_SP,1992,3,labsea,a_ice,0.24111
CMdev_BASE_SP,1992,4,labsea,a_ice,0.18829
CMdev_BASE_SP,1992,5,labsea,a_ice,0.08796
CMdev_BASE_SP,1992,6,labsea,a_ice,0.03073
CMdev_BASE_SP,1992,7,labsea,a_ice,0.00393
CMdev_BASE_SP,1992,8,labsea,a_ice,0.00004
CMdev_BASE_SP,1992,9,labsea,a_ice,0.00000
CMdev_BASE_SP,1992,10,labsea,a_ice,0.00000
CMdev_BASE_SP,1992,11,labsea,a_ice,0.01330
CMdev_BASE_SP,1992,12,labsea,a_ice,0.10238
CMdev_BASE_SP,1992,1,interior,a_ice,0.00521
CMdev_BASE_SP,1992,2,interior,a_ice,0.02442
CMdev_BASE_SP,1992,3,interior,a_ice,0.05793
CMdev_BASE_SP,1992,4,interior,a_ice,0.05700
CMdev_BASE_SP,1992,5,interior,a_ice,0.00759
CMdev_BASE_SP,1992,6,interior,a_ice,0.00008
CMdev_BASE_SP,1992,7,interior,a_ice,0.00000
CMdev_BASE_SP,1992,8,interior,a_ice,0.00000
CMdev_BASE_SP,1992,9,interior,a_ice,0.00000
CMdev_BASE_SP,1992,10,interior,a_ice,0.00000
CMdev_BASE_SP,1992,11,interior,a_ice,0.00000
CMdev_BASE_SP,1992,12,interior,a_ice,0.00521
CMdev_BASE_SP,1992,1,labsea,MLD2,745.67438
CMdev_BASE_SP,1992,2,labsea,MLD2,967.46225
CMdev_BASE_SP,1992,3,labsea,MLD2,1078.03736
CMdev_BASE_SP,1992,4,labsea,MLD2,856.32913
CMdev_BASE_SP,1992,5,labsea,MLD2,224.84737
CMdev_BASE_SP,1992,6,labsea,MLD2,21.91476
CMdev_BASE_SP,1992,7,labsea,MLD2,15.72083
CMdev_BASE_SP,1992,8,labsea,MLD2,14.90329
CMdev_BASE_SP,1992,9,labsea,MLD2,22.26586
CMdev_BASE_SP,1992,10,labsea,MLD2,31.19942
CMdev_BASE_SP,1992,11,labsea,MLD2,55.56402
CMdev_BASE_SP,1992,12,labsea,MLD2,204.75223
CMdev_BASE_SP,1992,1,interior,MLD2,1516.42092
CMdev_BASE_SP,1992,2,interior,MLD2,2040.46991
CMdev_BASE_SP,1992,3,interior,MLD2,2260.61001
CMdev_BASE_SP,1992,4,interior,MLD2,1949.11338
CMdev_BASE_SP,1992,5,interior,MLD2,582.87184
CMdev_BASE_SP,1992,6,interior,MLD2,26.96490
CMdev_BASE_SP,1992,7,interior,MLD2,17.38809
CMdev_BASE_SP,1992,8,interior,MLD2,16.38662
CMdev_BASE_SP,1992,9,interior,MLD2,21.08055
CMdev_BASE_SP,1992,10,interior,MLD2,30.23676
CMdev_BASE_SP,1992,11,interior,MLD2,52.20247
CMdev_BASE_SP,1992,12,interior,MLD2,375.69193
CMdev_BASE_SP,1993,1,labsea,a_ice,0.20381
CMdev_BASE_SP,1993,2,labsea,a_ice,0.22144
CMdev_BASE_SP,1993,3,labsea,a_ice,0.20255
CMdev_BASE_SP,1993,4,labsea,a_ice,0.18714
CMdev_BASE_SP,1993,5,labsea,a_ice,0.13317
CMdev_BASE_SP,1993,6,labsea,a_ice,0.05100
CMdev_BASE_SP,1993,7,labsea,a_ice,0.00517
CMdev_BASE_SP,1993,8,labsea,a_ice,0.00000
CMdev_BASE_SP,1993,9,labsea,a_ice,0.00000
CMdev_BASE_SP,1993,10,labsea,a_ice,0.00016
CMdev_BASE_SP,1993,11,labsea,a_ice,0.01572
CMdev_BASE_SP,1993,12,labsea,a_ice,0.07913
CMdev_BASE_SP,1993,1,interior,a_ice,0.05253
CMdev_BASE_SP,1993,2,interior,a_ice,0.06323
CMdev_BASE_SP,1993,3,interior,a_ice,0.03590
CMdev_BASE_SP,1993,4,interior,a_ice,0.01936
CMdev_BASE_SP,1993,5,interior,a_ice,0.02629
CMdev_BASE_SP,1993,6,interior,a_ice,0.00387
CMdev_BASE_SP,1993,7,interior,a_ice,0.00000
CMdev_BASE_SP,1993,8,interior,a_ice,0.00000
CMdev_BASE_SP,1993,9,interior,a_ice,0.00000
CMdev_BASE_SP,1993,10,interior,a_ice,0.00000
CMdev_BASE_SP,1993,11,interior,a_ice,0.00000
CMdev_BASE_SP,1993,12,interior,a_ice,0.00054
CMdev_BASE_SP,1993,1,labsea,MLD2,604.53745
CMdev_BASE_SP,1993,2,labsea,MLD2,696.23061
CMdev_BASE_SP,1993,3,labsea,MLD2,637.12535
CMdev_BASE_SP,1993,4,labsea,MLD2,450.50531
CMdev_BASE_SP,1993,5,labsea,MLD2,66.85316
CMdev_BASE_SP,1993,6,labsea,MLD2,17.27697
CMdev_BASE_SP,1993,7,labsea,MLD2,11.08233
CMdev_BASE_SP,1993,8,labsea,MLD2,13.82397
CMdev_BASE_SP,1993,9,labsea,MLD2,18.12583
CMdev_BASE_SP,1993,10,labsea,MLD2,25.61904
CMdev_BASE_SP,1993,11,labsea,MLD2,42.93839
CMdev_BASE_SP,1993,12,labsea,MLD2,81.49947
CMdev_BASE_SP,1993,1,interior,MLD2,1307.11353
CMdev_BASE_SP,1993,2,interior,MLD2,1498.43791
CMdev_BASE_SP,1993,3,interior,MLD2,1390.63812
CMdev_BASE_SP,1993,4,interior,MLD2,1018.02781
CMdev_BASE_SP,1993,5,interior,MLD2,137.93370
CMdev_BASE_SP,1993,6,interior,MLD2,19.49109
CMdev_BASE_SP,1993,7,interior,MLD2,11.53919
CMdev_BASE_SP,1993,8,interior,MLD2,14.70241
CMdev_BASE_SP,1993,9,interior,MLD2,17.94821
CMdev_BASE_SP,1993,10,interior,MLD2,25.87063
CMdev_BASE_SP,1993,11,interior,MLD2,42.33344
CMdev_BASE_SP,1993,12,interior,MLD2,83.96499
CMdev_BASE_SP,1994,1,labsea,a_ice,0.29258
CMdev_BASE_SP,1994,2,labsea,a_ice,0.49370
CMdev_BASE_SP,1994,3,labsea,a_ice,0.49824
CMdev_BASE_SP,1994,4,labsea,a_ice,0.37745
CMdev_BASE_SP,1994,5,labsea,a_ice,0.27778
CMdev_BASE_SP,1994,6,labsea,a_ice,0.14731
CMdev_BASE_SP,1994,7,labsea,a_ice,0.04208
CMdev_BASE_SP,1994,8,labsea,a_ice,0.00538
CMdev_BASE_SP,1994,9,labsea,a_ice,0.00000
CMdev_BASE_SP,1994,10,labsea,a_ice,0.00075
CMdev_BASE_SP,1994,11,labsea,a_ice,0.02928
CMdev_BASE_SP,1994,12,labsea,a_ice,0.06604
CMdev_BASE_SP,1994,1,interior,a_ice,0.18804
CMdev_BASE_SP,1994,2,interior,a_ice,0.43909
CMdev_BASE_SP,1994,3,interior,a_ice,0.38378
CMdev_BASE_SP,1994,4,interior,a_ice,0.22862
CMdev_BASE_SP,1994,5,interior,a_ice,0.12102
CMdev_BASE_SP,1994,6,interior,a_ice,0.01786
CMdev_BASE_SP,1994,7,interior,a_ice,0.00262
CMdev_BASE_SP,1994,8,interior,a_ice,0.00000
CMdev_BASE_SP,1994,9,interior,a_ice,0.00000
CMdev_BASE_SP,1994,10,interior,a_ice,0.00000
CMdev_BASE_SP,1994,11,interior,a_ice,0.00000
CMdev_BASE_SP,1994,12,interior,a_ice,0.00005
CMdev_BASE_SP,1994,1,labsea,MLD2,159.16496
CMdev_BASE_SP,1994,2,labsea,MLD2,412.89626
CMdev_BASE_SP,1994,3,labsea,MLD2,482.23929
CMdev_BASE_SP,1994,4,labsea,MLD2,398.09167
CMdev_BASE_SP,1994,5,labsea,MLD2,109.60566
CMdev_BASE_SP,1994,6,labsea,MLD2,16.05859
CMdev_BASE_SP,1994,7,labsea,MLD2,13.83874
CMdev_BASE_SP,1994,8,labsea,MLD2,14.40819
CMdev_BASE_SP,1994,9,labsea,MLD2,19.29470
CMdev_BASE_SP,1994,10,labsea,MLD2,30.99344
CMdev_BASE_SP,1994,11,labsea,MLD2,73.38435
CMdev_BASE_SP,1994,12,labsea,MLD2,320.06971
CMdev_BASE_SP,1994,1,interior,MLD2,198.36054
CMdev_BASE_SP,1994,2,interior,MLD2,557.60358
CMdev_BASE_SP,1994,3,interior,MLD2,619.98757
CMdev_BASE_SP,1994,4,interior,MLD2,704.22444
CMdev_BASE_SP,1994,5,interior,MLD2,219.94811
CMdev_BASE_SP,1994,6,interior,MLD2,18.21033
CMdev_BASE_SP,1994,7,interior,MLD2,15.10022
CMdev_BASE_SP,1994,8,interior,MLD2,15.61700
CMdev_BASE_SP,1994,9,interior,MLD2,19.18157
CMdev_BASE_SP,1994,10,interior,MLD2,30.27383
CMdev_BASE_SP,1994,11,interior,MLD2,72.55691
CMdev_BASE_SP,1994,12,interior,MLD2,583.45022
CMdev_BASE_SP,1995,1,labsea,a_ice,0.17154
CMdev_BASE_SP,1995,2,labsea,a_ice,0.21607
CMdev_BASE_SP,1995,3,labsea,a_ice,0.21804
CMdev_BASE_SP,1995,4,labsea,a_ice,0.15960
CMdev_BASE_SP,1995,5,labsea,a_ice,0.13347
CMdev_BASE_SP,1995,6,labsea,a_ice,0.05799
CMdev_BASE_SP,1995,7,labsea,a_ice,0.00329
CMdev_BASE_SP,1995,8,labsea,a_ice,0.00000
CMdev_BASE_SP,1995,9,labsea,a_ice,0.00000
CMdev_BASE_SP,1995,10,labsea,a_ice,0.00000
CMdev_BASE_SP,1995,11,labsea,a_ice,0.00581
CMdev_BASE_SP,1995,12,labsea,a_ice,0.06035
CMdev_BASE_SP,1995,1,interior,a_ice,0.01733
CMdev_BASE_SP,1995,2,interior,a_ice,0.05204
CMdev_BASE_SP,1995,3,interior,a_ice,0.04597
CMdev_BASE_SP,1995,4,interior,a_ice,0.01898
CMdev_BASE_SP,1995,5,interior,a_ice,0.00210
CMdev_BASE_SP,1995,6,interior,a_ice,0.00147
CMdev_BASE_SP,1995,7,interior,a_ice,0.00000
CMdev_BASE_SP,1995,8,interior,a_ice,0.00000
CMdev_BASE_SP,1995,9,interior,a_ice,0.00000
CMdev_BASE_SP,1995,10,interior,a_ice,0.00000
CMdev_BASE_SP,1995,11,interior,a_ice,0.00000
CMdev_BASE_SP,1995,12,interior,a_ice,0.00128
CMdev_BASE_SP,1995,1,labsea,MLD2,890.91362
CMdev_BASE_SP,1995,2,labsea,MLD2,1052.41697
CMdev_BASE_SP,1995,3,labsea,MLD2,1083.39031
CMdev_BASE_SP,1995,4,labsea,MLD2,725.89761
CMdev_BASE_SP,1995,5,labsea,MLD2,236.62447
CMdev_BASE_SP,1995,6,labsea,MLD2,15.70700
CMdev_BASE_SP,1995,7,labsea,MLD2,15.96626
CMdev_BASE_SP,1995,8,labsea,MLD2,14.11859
CMdev_BASE_SP,1995,9,labsea,MLD2,21.71753
CMdev_BASE_SP,1995,10,labsea,MLD2,27.86561
CMdev_BASE_SP,1995,11,labsea,MLD2,42.69686
CMdev_BASE_SP,1995,12,labsea,MLD2,369.79195
CMdev_BASE_SP,1995,1,interior,MLD2,1540.50347
CMdev_BASE_SP,1995,2,interior,MLD2,1729.45851
CMdev_BASE_SP,1995,3,interior,MLD2,1816.87737
CMdev_BASE_SP,1995,4,interior,MLD2,1490.80310
CMdev_BASE_SP,1995,5,interior,MLD2,648.98128
CMdev_BASE_SP,1995,6,interior,MLD2,16.82886
CMdev_BASE_SP,1995,7,interior,MLD2,17.99823
CMdev_BASE_SP,1995,8,interior,MLD2,16.29839
CMdev_BASE_SP,1995,9,interior,MLD2,24.58840
CMdev_BASE_SP,1995,10,interior,MLD2,29.48474
CMdev_BASE_SP,1995,11,interior,MLD2,44.48129
CMdev_BASE_SP,1995,12,interior,MLD2,719.89594
CMdev_BASE_SP,1996,1,labsea,a_ice,0.20644
CMdev_BASE_SP,1996,2,labsea,a_ice,0.36319
CMdev_BASE_SP,1996,3,labsea,a_ice,0.35295
CMdev_BASE_SP,1996,4,labsea,a_ice,0.31219
CMdev_BASE_SP,1996,5,labsea,a_ice,0.22566
CMdev_BASE_SP,1996,6,labsea,a_ice,0.13522
CMdev_BASE_SP,1996,7,labsea,a_ice,0.04851
CMdev_BASE_SP,1996,8,labsea,a_ice,0.00769
CMdev_BASE_SP,1996,9,labsea,a_ice,0.00001
CMdev_BASE_SP,1996,10,labsea,a_ice,0.00305
CMdev_BASE_SP,1996,11,labsea,a_ice,0.04159
CMdev_BASE_SP,1996,12,labsea,a_ice,0.08758
CMdev_BASE_SP,1996,1,interior,a_ice,0.03052
CMdev_BASE_SP,1996,2,interior,a_ice,0.21071
CMdev_BASE_SP,1996,3,interior,a_ice,0.22439
CMdev_BASE_SP,1996,4,interior,a_ice,0.14461
CMdev_BASE_SP,1996,5,interior,a_ice,0.06044
CMdev_BASE_SP,1996,6,interior,a_ice,0.01020
CMdev_BASE_SP,1996,7,interior,a_ice,0.00009
CMdev_BASE_SP,1996,8,interior,a_ice,0.00000
CMdev_BASE_SP,1996,9,interior,a_ice,0.00000
CMdev_BASE_SP,1996,10,interior,a_ice,0.00000
CMdev_BASE_SP,1996,11,interior,a_ice,0.00000
CMdev_BASE_SP,1996,12,interior,a_ice,0.00207
CMdev_BASE_SP,1996,1,labsea,MLD2,1004.93395
CMdev_BASE_SP,1996,2,labsea,MLD2,973.39479
CMdev_BASE_SP,1996,3,labsea,MLD2,782.68699
CMdev_BASE_SP,1996,4,labsea,MLD2,674.16958
CMdev_BASE_SP,1996,5,labsea,MLD2,297.98653
CMdev_BASE_SP,1996,6,labsea,MLD2,18.15353
CMdev_BASE_SP,1996,7,labsea,MLD2,14.56103
CMdev_BASE_SP,1996,8,labsea,MLD2,13.77517
CMdev_BASE_SP,1996,9,labsea,MLD2,19.68798
CMdev_BASE_SP,1996,10,labsea,MLD2,31.21626
CMdev_BASE_SP,1996,11,labsea,MLD2,47.50061
CMdev_BASE_SP,1996,12,labsea,MLD2,340.82077
CMdev_BASE_SP,1996,1,interior,MLD2,1818.78356
CMdev_BASE_SP,1996,2,interior,MLD2,1485.03664
CMdev_BASE_SP,1996,3,interior,MLD2,1135.00070
CMdev_BASE_SP,1996,4,interior,MLD2,1013.09343
CMdev_BASE_SP,1996,5,interior,MLD2,543.45851
CMdev_BASE_SP,1996,6,interior,MLD2,22.68931
CMdev_BASE_SP,1996,7,interior,MLD2,16.66048
CMdev_BASE_SP,1996,8,interior,MLD2,14.75230
CMdev_BASE_SP,1996,9,interior,MLD2,20.17236
CMdev_BASE_SP,1996,10,interior,MLD2,31.44759
CMdev_BASE_SP,1996,11,interior,MLD2,48.55833
CMdev_BASE_SP,1996,12,interior,MLD2,760.21571
CMdev_BASE_SP,1997,1,labsea,a_ice,0.20045
CMdev_BASE_SP,1997,2,labsea,a_ice,0.24228
CMdev_BASE_SP,1997,3,labsea,a_ice,0.24359
CMdev_BASE_SP,1997,4,labsea,a_ice,0.16152
CMdev_BASE_SP,1997,5,labsea,a_ice,0.09300
CMdev_BASE_SP,1997,6,labsea,a_ice,0.05178
CMdev_BASE_SP,1997,7,labsea,a_ice,0.02086
CMdev_BASE_SP,1997,8,labsea,a_ice,0.00101
CMdev_BASE_SP,1997,9,labsea,a_ice,0.00000
CMdev_BASE_SP,1997,10,labsea,a_ice,0.00014
CMdev_BASE_SP,1997,11,labsea,a_ice,0.01720
CMdev_BASE_SP,1997,12,labsea,a_ice,0.08973
CMdev_BASE_SP,1997,1,interior,a_ice,0.06310
CMdev_BASE_SP,1997,2,interior,a_ice,0.05624
CMdev_BASE_SP,1997,3,interior,a_ice,0.05131
CMdev_BASE_SP,1997,4,interior,a_ice,0.03430
CMdev_BASE_SP,1997,5,interior,a_ice,0.00128
CMdev_BASE_SP,1997,6,interior,a_ice,0.00000
CMdev_BASE_SP,1997,7,interior,a_ice,0.00000
CMdev_BASE_SP,1997,8,interior,a_ice,0.00000
CMdev_BASE_SP,1997,9,interior,a_ice,0.00000
CMdev_BASE_SP,1997,10,interior,a_ice,0.00000
CMdev_BASE_SP,1997,11,interior,a_ice,0.00000
CMdev_BASE_SP,1997,12,interior,a_ice,0.00744
CMdev_BASE_SP,1997,1,labsea,MLD2,901.51513
CMdev_BASE_SP,1997,2,labsea,MLD2,1183.02114
CMdev_BASE_SP,1997,3,labsea,MLD2,1295.71041
CMdev_BASE_SP,1997,4,labsea,MLD2,987.19150
CMdev_BASE_SP,1997,5,labsea,MLD2,343.19392
CMdev_BASE_SP,1997,6,labsea,MLD2,18.15725
CMdev_BASE_SP,1997,7,labsea,MLD2,16.31005
CMdev_BASE_SP,1997,8,labsea,MLD2,14.57754
CMdev_BASE_SP,1997,9,labsea,MLD2,24.22872
CMdev_BASE_SP,1997,10,labsea,MLD2,32.30973
CMdev_BASE_SP,1997,11,labsea,MLD2,54.41985
CMdev_BASE_SP,1997,12,labsea,MLD2,391.18879
CMdev_BASE_SP,1997,1,interior,MLD2,1892.94768
CMdev_BASE_SP,1997,2,interior,MLD2,2152.95852
CMdev_BASE_SP,1997,3,interior,MLD2,2236.69836
CMdev_BASE_SP,1997,4,interior,MLD2,1812.22682
CMdev_BASE_SP,1997,5,interior,MLD2,850.09863
CMdev_BASE_SP,1997,6,interior,MLD2,21.84736
CMdev_BASE_SP,1997,7,interior,MLD2,18.99374
CMdev_BASE_SP,1997,8,interior,MLD2,16.88269
CMdev_BASE_SP,1997,9,interior,MLD2,25.09310
CMdev_BASE_SP,1997,10,interior,MLD2,33.46009
CMdev_BASE_SP,1997,11,interior,MLD2,55.07917
CMdev_BASE_SP,1997,12,interior,MLD2,644.74720
CMdev_BASE_SP,1998,1,labsea,a_ice,0.20830
CMdev_BASE_SP,1998,2,labsea,a_ice,0.24934
CMdev_BASE_SP,1998,3,labsea,a_ice,0.30068
CMdev_BASE_SP,1998,4,labsea,a_ice,0.19069
CMdev_BASE_SP,1998,5,labsea,a_ice,0.12014
CMdev_BASE_SP,1998,6,labsea,a_ice,0.05980
CMdev_BASE_SP,1998,7,labsea,a_ice,0.01566
CMdev_BASE_SP,1998,8,labsea,a_ice,0.00019
CMdev_BASE_SP,1998,9,labsea,a_ice,0.00000
CMdev_BASE_SP,1998,10,labsea,a_ice,0.00000
CMdev_BASE_SP,1998,11,labsea,a_ice,0.00780
CMdev_BASE_SP,1998,12,labsea,a_ice,0.10688
CMdev_BASE_SP,1998,1,interior,a_ice,0.07809
CMdev_BASE_SP,1998,2,interior,a_ice,0.04773
CMdev_BASE_SP,1998,3,interior,a_ice,0.07028
CMdev_BASE_SP,1998,4,interior,a_ice,0.03395
CMdev_BASE_SP,1998,5,interior,a_ice,0.00667
CMdev_BASE_SP,1998,6,interior,a_ice,0.00000
CMdev_BASE_SP,1998,7,interior,a_ice,0.00000
CMdev_BASE_SP,1998,8,interior,a_ice,0.00000
CMdev_BASE_SP,1998,9,interior,a_ice,0.00000
CMdev_BASE_SP,1998,10,interior,a_ice,0.00000
CMdev_BASE_SP,1998,11,interior,a_ice,0.00000
CMdev_BASE_SP,1998,12,interior,a_ice,0.01286
CMdev_BASE_SP,1998,1,labsea,MLD2,1205.98662
CMdev_BASE_SP,1998,2,labsea,MLD2,1333.82510
CMdev_BASE_SP,1998,3,labsea,MLD2,1336.82760
CMdev_BASE_SP,1998,4,labsea,MLD2,1062.06506
CMdev_BASE_SP,1998,5,labsea,MLD2,216.23360
CMdev_BASE_SP,1998,6,labsea,MLD2,15.72086
CMdev_BASE_SP,1998,7,labsea,MLD2,13.68618
CMdev_BASE_SP,1998,8,labsea,MLD2,13.89131
CMdev_BASE_SP,1998,9,labsea,MLD2,18.70949
CMdev_BASE_SP,1998,10,labsea,MLD2,30.26629
CMdev_BASE_SP,1998,11,labsea,MLD2,53.95240
CMdev_BASE_SP,1998,12,labsea,MLD2,491.91112
CMdev_BASE_SP,1998,1,interior,MLD2,1893.14377
CMdev_BASE_SP,1998,2,interior,MLD2,2073.10043
CMdev_BASE_SP,1998,3,interior,MLD2,2088.20978
CMdev_BASE_SP,1998,4,interior,MLD2,1672.31325
CMdev_BASE_SP,1998,5,interior,MLD2,455.87310
CMdev_BASE_SP,1998,6,interior,MLD2,19.82861
CMdev_BASE_SP,1998,7,interior,MLD2,15.72566
CMdev_BASE_SP,1998,8,interior,MLD2,15.11003
CMdev_BASE_SP,1998,9,interior,MLD2,19.82931
CMdev_BASE_SP,1998,10,interior,MLD2,30.20620
CMdev_BASE_SP,1998,11,interior,MLD2,72.51468
CMdev_BASE_SP,1998,12,interior,MLD2,1146.76350
CMdev_BASE_SP,1999,1,labsea,a_ice,0.23408
CMdev_BASE_SP,1999,2,labsea,a_ice,0.40045
CMdev_BASE_SP,1999,3,labsea,a_ice,0.38469
CMdev_BASE_SP,1999,4,labsea,a_ice,0.28972
CMdev_BASE_SP,1999,5,labsea,a_ice,0.23416
CMdev_BASE_SP,1999,6,labsea,a_ice,0.12401
CMdev_BASE_SP,1999,7,labsea,a_ice,0.01091
CMdev_BASE_SP,1999,8,labsea,a_ice,0.00000
CMdev_BASE_SP,1999,9,labsea,a_ice,0.00000
CMdev_BASE_SP,1999,10,labsea,a_ice,0.00000
CMdev_BASE_SP,1999,11,labsea,a_ice,0.00000
CMdev_BASE_SP,1999,12,labsea,a_ice,0.01699
CMdev_BASE_SP,1999,1,interior,a_ice,0.08622
CMdev_BASE_SP,1999,2,interior,a_ice,0.20584
CMdev_BASE_SP,1999,3,interior,a_ice,0.17481
CMdev_BASE_SP,1999,4,interior,a_ice,0.10907
CMdev_BASE_SP,1999,5,interior,a_ice,0.06236
CMdev_BASE_SP,1999,6,interior,a_ice,0.00276
CMdev_BASE_SP,1999,7,interior,a_ice,0.00001
CMdev_BASE_SP,1999,8,interior,a_ice,0.00000
CMdev_BASE_SP,1999,9,interior,a_ice,0.00000
CMdev_BASE_SP,1999,10,interior,a_ice,0.00000
CMdev_BASE_SP,1999,11,interior,a_ice,0.00000
CMdev_BASE_SP,1999,12,interior,a_ice,0.00007
CMdev_BASE_SP,1999,1,labsea,MLD2,1076.87680
CMdev_BASE_SP,1999,2,labsea,MLD2,1225.92725
CMdev_BASE_SP,1999,3,labsea,MLD2,1079.52691
CMdev_BASE_SP,1999,4,labsea,MLD2,884.18488
CMdev_BASE_SP,1999,5,labsea,MLD2,446.03180
CMdev_BASE_SP,1999,6,labsea,MLD2,15.17397
CMdev_BASE_SP,1999,7,labsea,MLD2,11.80981
CMdev_BASE_SP,1999,8,labsea,MLD2,13.09316
CMdev_BASE_SP,1999,9,labsea,MLD2,19.58356
CMdev_BASE_SP,1999,10,labsea,MLD2,28.57754
CMdev_BASE_SP,1999,11,labsea,MLD2,43.95272
CMdev_BASE_SP,1999,12,labsea,MLD2,255.55051
CMdev_BASE_SP,1999,1,interior,MLD2,2052.55748
CMdev_BASE_SP,1999,2,interior,MLD2,1950.61073
CMdev_BASE_SP,1999,3,interior,MLD2,1726.84479
CMdev_BASE_SP,1999,4,interior,MLD2,1576.27824
CMdev_BASE_SP,1999,5,interior,MLD2,916.66042
CMdev_BASE_SP,1999,6,interior,MLD2,17.66619
CMdev_BASE_SP,1999,7,interior,MLD2,13.48310
CMdev_BASE_SP,1999,8,interior,MLD2,15.38621
CMdev_BASE_SP,1999,9,interior,MLD2,19.39732
CMdev_BASE_SP,1999,10,interior,MLD2,27.58843
CMdev_BASE_SP,1999,11,interior,MLD2,41.90052
CMdev_BASE_SP,1999,12,interior,MLD2,577.75024
CMdev_BASE_SP,2000,1,labsea,a_ice,0.13477
CMdev_BASE_SP,2000,2,labsea,a_ice,0.20166
CMdev_BASE_SP,2000,3,labsea,a_ice,0.23768
CMdev_BASE_SP,2000,4,labsea,a_ice,0.22272
CMdev_BASE_SP,2000,5,labsea,a_ice,0.18149
CMdev_BASE_SP,2000,6,labsea,a_ice,0.08876
CMdev_BASE_SP,2000,7,labsea,a_ice,0.00474
CMdev_BASE_SP,2000,8,labsea,a_ice,0.00000
CMdev_BASE_SP,2000,9,labsea,a_ice,0.00000
CMdev_BASE_SP,2000,10,labsea,a_ice,0.00000
CMdev_BASE_SP,2000,11,labsea,a_ice,0.00548
CMdev_BASE_SP,2000,12,labsea,a_ice,0.09153
CMdev_BASE_SP,2000,1,interior,a_ice,0.01551
CMdev_BASE_SP,2000,2,interior,a_ice,0.03181
CMdev_BASE_SP,2000,3,interior,a_ice,0.07725
CMdev_BASE_SP,2000,4,interior,a_ice,0.05632
CMdev_BASE_SP,2000,5,interior,a_ice,0.01521
CMdev_BASE_SP,2000,6,interior,a_ice,0.00472
CMdev_BASE_SP,2000,7,interior,a_ice,0.00000
CMdev_BASE_SP,2000,8,interior,a_ice,0.00000
CMdev_BASE_SP,2000,9,interior,a_ice,0.00000
CMdev_BASE_SP,2000,10,interior,a_ice,0.00000
CMdev_BASE_SP,2000,11,interior,a_ice,0.00000
CMdev_BASE_SP,2000,12,interior,a_ice,0.00211
CMdev_BASE_SP,2000,1,labsea,MLD2,1190.51691
CMdev_BASE_SP,2000,2,labsea,MLD2,1460.06407
CMdev_BASE_SP,2000,3,labsea,MLD2,1173.13461
CMdev_BASE_SP,2000,4,labsea,MLD2,805.67931
CMdev_BASE_SP,2000,5,labsea,MLD2,266.85468
CMdev_BASE_SP,2000,6,labsea,MLD2,18.61900
CMdev_BASE_SP,2000,7,labsea,MLD2,11.37367
CMdev_BASE_SP,2000,8,labsea,MLD2,12.29728
CMdev_BASE_SP,2000,9,labsea,MLD2,20.67637
CMdev_BASE_SP,2000,10,labsea,MLD2,30.32625
CMdev_BASE_SP,2000,11,labsea,MLD2,43.14342
CMdev_BASE_SP,2000,12,labsea,MLD2,189.95324
CMdev_BASE_SP,2000,1,interior,MLD2,2160.97248
CMdev_BASE_SP,2000,2,interior,MLD2,2330.81672
CMdev_BASE_SP,2000,3,interior,MLD2,1776.13070
CMdev_BASE_SP,2000,4,interior,MLD2,1395.90783
CMdev_BASE_SP,2000,5,interior,MLD2,425.70772
CMdev_BASE_SP,2000,6,interior,MLD2,18.16061
CMdev_BASE_SP,2000,7,interior,MLD2,12.46014
CMdev_BASE_SP,2000,8,interior,MLD2,13.12928
CMdev_BASE_SP,2000,9,interior,MLD2,22.24468
CMdev_BASE_SP,2000,10,interior,MLD2,30.21282
CMdev_BASE_SP,2000,11,interior,MLD2,39.80581
CMdev_BASE_SP,2000,12,interior,MLD2,330.83813
CMdev_BASE_SP,2001,1,labsea,a_ice,0.23945
CMdev_BASE_SP,2001,2,labsea,a_ice,0.35209
CMdev_BASE_SP,2001,3,labsea,a_ice,0.32766
CMdev_BASE_SP,2001,4,labsea,a_ice,0.31274
CMdev_BASE_SP,2001,5,labsea,a_ice,0.17245
CMdev_BASE_SP,2001,6,labsea,a_ice,0.06702
CMdev_BASE_SP,2001,7,labsea,a_ice,0.01586
CMdev_BASE_SP,2001,8,labsea,a_ice,0.00024
CMdev_BASE_SP,2001,9,labsea,a_ice,0.00000
CMdev_BASE_SP,2001,10,labsea,a_ice,0.00000
CMdev_BASE_SP,2001,11,labsea,a_ice,0.01086
CMdev_BASE_SP,2001,12,labsea,a_ice,0.08841
CMdev_BASE_SP,2001,1,interior,a_ice,0.08636
CMdev_BASE_SP,2001,2,interior,a_ice,0.13384
CMdev_BASE_SP,2001,3,interior,a_ice,0.13928
CMdev_BASE_SP,2001,4,interior,a_ice,0.06919
CMdev_BASE_SP,2001,5,interior,a_ice,0.04945
CMdev_BASE_SP,2001,6,interior,a_ice,0.00040
CMdev_BASE_SP,2001,7,interior,a_ice,0.00000
CMdev_BASE_SP,2001,8,interior,a_ice,0.00000
CMdev_BASE_SP,2001,9,interior,a_ice,0.00000
CMdev_BASE_SP,2001,10,interior,a_ice,0.00000
CMdev_BASE_SP,2001,11,interior,a_ice,0.00000
CMdev_BASE_SP,2001,12,interior,a_ice,0.00075
CMdev_BASE_SP,2001,1,labsea,MLD2,998.12275
CMdev_BASE_SP,2001,2,labsea,MLD2,1192.82697
CMdev_BASE_SP,2001,3,labsea,MLD2,1189.86322
CMdev_BASE_SP,2001,4,labsea,MLD2,1067.35045
CMdev_BASE_SP,2001,5,labsea,MLD2,260.85209
CMdev_BASE_SP,2001,6,labsea,MLD2,19.37579
CMdev_BASE_SP,2001,7,labsea,MLD2,14.84590
CMdev_BASE_SP,2001,8,labsea,MLD2,15.52852
CMdev_BASE_SP,2001,9,labsea,MLD2,23.71261
CMdev_BASE_SP,2001,10,labsea,MLD2,28.90733
CMdev_BASE_SP,2001,11,labsea,MLD2,70.46833
CMdev_BASE_SP,2001,12,labsea,MLD2,595.05583
CMdev_BASE_SP,2001,1,interior,MLD2,1862.49305
CMdev_BASE_SP,2001,2,interior,MLD2,2078.29135
CMdev_BASE_SP,2001,3,interior,MLD2,2008.57565
CMdev_BASE_SP,2001,4,interior,MLD2,1940.33642
CMdev_BASE_SP,2001,5,interior,MLD2,586.13815
CMdev_BASE_SP,2001,6,interior,MLD2,24.41753
CMdev_BASE_SP,2001,7,interior,MLD2,16.46237
CMdev_BASE_SP,2001,8,interior,MLD2,15.92718
CMdev_BASE_SP,2001,9,interior,MLD2,23.78750
CMdev_BASE_SP,2001,10,interior,MLD2,28.11331
CMdev_BASE_SP,2001,11,interior,MLD2,88.56088
CMdev_BASE_SP,2001,12,interior,MLD2,1122.11659
CMdev_BASE_SP,2002,1,labsea,a_ice,0.19549
CMdev_BASE_SP,2002,2,labsea,a_ice,0.24712
CMdev_BASE_SP,2002,3,labsea,a_ice,0.25313
CMdev_BASE_SP,2002,4,labsea,a_ice,0.19514
CMdev_BASE_SP,2002,5,labsea,a_ice,0.16993
CMdev_BASE_SP,2002,6,labsea,a_ice,0.09169
CMdev_BASE_SP,2002,7,labsea,a_ice,0.02150
CMdev_BASE_SP,2002,8,labsea,a_ice,0.00046
CMdev_BASE_SP,2002,9,labsea,a_ice,0.00000
CMdev_BASE_SP,2002,10,labsea,a_ice,0.00000
CMdev_BASE_SP,2002,11,labsea,a_ice,0.01592
CMdev_BASE_SP,2002,12,labsea,a_ice,0.09211
CMdev_BASE_SP,2002,1,interior,a_ice,0.02879
CMdev_BASE_SP,2002,2,interior,a_ice,0.07028
CMdev_BASE_SP,2002,3,interior,a_ice,0.05589
CMdev_BASE_SP,2002,4,interior,a_ice,0.02636
CMdev_BASE_SP,2002,5,interior,a_ice,0.03345
CMdev_BASE_SP,2002,6,interior,a_ice,0.00593
CMdev_BASE_SP,2002,7,interior,a_ice,0.00000
CMdev_BASE_SP,2002,8,interior,a_ice,0.00000
CMdev_BASE_SP,2002,9,interior,a_ice,0.00000
CMdev_BASE_SP,2002,10,interior,a_ice,0.00000
CMdev_BASE_SP,2002,11,interior,a_ice,0.00000
CMdev_BASE_SP,2002,12,interior,a_ice,0.00173
CMdev_BASE_SP,2002,1,labsea,MLD2,1172.27342
CMdev_BASE_SP,2002,2,labsea,MLD2,1511.60341
CMdev_BASE_SP,2002,3,labsea,MLD2,1441.71553
CMdev_BASE_SP,2002,4,labsea,MLD2,1150.08364
CMdev_BASE_SP,2002,5,labsea,MLD2,413.15975
CMdev_BASE_SP,2002,6,labsea,MLD2,24.97243
CMdev_BASE_SP,2002,7,labsea,MLD2,13.51766
CMdev_BASE_SP,2002,8,labsea,MLD2,15.48698
CMdev_BASE_SP,2002,9,labsea,MLD2,18.99739
CMdev_BASE_SP,2002,10,labsea,MLD2,34.74371
CMdev_BASE_SP,2002,11,labsea,MLD2,70.94619
CMdev_BASE_SP,2002,12,labsea,MLD2,627.22236
CMdev_BASE_SP,2002,1,interior,MLD2,2035.49690
CMdev_BASE_SP,2002,2,interior,MLD2,2472.86842
CMdev_BASE_SP,2002,3,interior,MLD2,2462.07192
CMdev_BASE_SP,2002,4,interior,MLD2,2307.42831
CMdev_BASE_SP,2002,5,interior,MLD2,1177.01279
CMdev_BASE_SP,2002,6,interior,MLD2,39.54509
CMdev_BASE_SP,2002,7,interior,MLD2,16.15616
CMdev_BASE_SP,2002,8,interior,MLD2,17.64200
CMdev_BASE_SP,2002,9,interior,MLD2,20.88979
CMdev_BASE_SP,2002,10,interior,MLD2,34.86386
CMdev_BASE_SP,2002,11,interior,MLD2,106.66806
CMdev_BASE_SP,2002,12,interior,MLD2,1415.56990
CMdev_BASE_SP,2003,1,labsea,a_ice,0.23825
CMdev_BASE_SP,2003,2,labsea,a_ice,0.28004
CMdev_BASE_SP,2003,3,labsea,a_ice,0.28957
CMdev_BASE_SP,2003,4,labsea,a_ice,0.26246
CMdev_BASE_SP,2003,5,labsea,a_ice,0.18690
CMdev_BASE_SP,2003,6,labsea,a_ice,0.07290
CMdev_BASE_SP,2003,7,labsea,a_ice,0.00481
CMdev_BASE_SP,2003,8,labsea,a_ice,0.00000
CMdev_BASE_SP,2003,9,labsea,a_ice,0.00000
CMdev_BASE_SP,2003,10,labsea,a_ice,0.00000
CMdev_BASE_SP,2003,11,labsea,a_ice,0.01168
CMdev_BASE_SP,2003,12,labsea,a_ice,0.07309
CMdev_BASE_SP,2003,1,interior,a_ice,0.09411
CMdev_BASE_SP,2003,2,interior,a_ice,0.08318
CMdev_BASE_SP,2003,3,interior,a_ice,0.08121
CMdev_BASE_SP,2003,4,interior,a_ice,0.04444
CMdev_BASE_SP,2003,5,interior,a_ice,0.02242
CMdev_BASE_SP,2003,6,interior,a_ice,0.00124
CMdev_BASE_SP,2003,7,interior,a_ice,0.00000
CMdev_BASE_SP,2003,8,interior,a_ice,0.00000
CMdev_BASE_SP,2003,9,interior,a_ice,0.00000
CMdev_BASE_SP,2003,10,interior,a_ice,0.00000
CMdev_BASE_SP,2003,11,interior,a_ice,0.00000
CMdev_BASE_SP,2003,12,interior,a_ice,0.00044
CMdev_BASE_SP,2003,1,labsea,MLD2,1435.82908
CMdev_BASE_SP,2003,2,labsea,MLD2,1464.98691
CMdev_BASE_SP,2003,3,labsea,MLD2,1246.90237
CMdev_BASE_SP,2003,4,labsea,MLD2,1016.80011
CMdev_BASE_SP,2003,5,labsea,MLD2,184.51687
CMdev_BASE_SP,2003,6,labsea,MLD2,16.84743
CMdev_BASE_SP,2003,7,labsea,MLD2,14.02942
CMdev_BASE_SP,2003,8,labsea,MLD2,13.96839
CMdev_BASE_SP,2003,9,labsea,MLD2,21.26114
CMdev_BASE_SP,2003,10,labsea,MLD2,31.35536
CMdev_BASE_SP,2003,11,labsea,MLD2,86.91371
CMdev_BASE_SP,2003,12,labsea,MLD2,422.47851
CMdev_BASE_SP,2003,1,interior,MLD2,2338.94661
CMdev_BASE_SP,2003,2,interior,MLD2,2323.79851
CMdev_BASE_SP,2003,3,interior,MLD2,2039.72255
CMdev_BASE_SP,2003,4,interior,MLD2,1936.33731
CMdev_BASE_SP,2003,5,interior,MLD2,484.46492
CMdev_BASE_SP,2003,6,interior,MLD2,21.18062
CMdev_BASE_SP,2003,7,interior,MLD2,16.54866
CMdev_BASE_SP,2003,8,interior,MLD2,15.63614
CMdev_BASE_SP,2003,9,interior,MLD2,22.31185
CMdev_BASE_SP,2003,10,interior,MLD2,34.20178
CMdev_BASE_SP,2003,11,interior,MLD2,138.02191
CMdev_BASE_SP,2003,12,interior,MLD2,712.88629
CMdev_BASE_SP,2004,1,labsea,a_ice,0.19577
CMdev_BASE_SP,2004,2,labsea,a_ice,0.29102
CMdev_BASE_SP,2004,3,labsea,a_ice,0.29700
CMdev_BASE_SP,2004,4,labsea,a_ice,0.27301
CMdev_BASE_SP,2004,5,labsea,a_ice,0.20914
CMdev_BASE_SP,2004,6,labsea,a_ice,0.13791
CMdev_BASE_SP,2004,7,labsea,a_ice,0.05171
CMdev_BASE_SP,2004,8,labsea,a_ice,0.00705
CMdev_BASE_SP,2004,9,labsea,a_ice,0.00009
CMdev_BASE_SP,2004,10,labsea,a_ice,0.00017
CMdev_BASE_SP,2004,11,labsea,a_ice,0.02244
CMdev_BASE_SP,2004,12,labsea,a_ice,0.11880
CMdev_BASE_SP,2004,1,interior,a_ice,0.02554
CMdev_BASE_SP,2004,2,interior,a_ice,0.11475
CMdev_BASE_SP,2004,3,interior,a_ice,0.10831
CMdev_BASE_SP,2004,4,interior,a_ice,0.04477
CMdev_BASE_SP,2004,5,interior,a_ice,0.02128
CMdev_BASE_SP,2004,6,interior,a_ice,0.01227
CMdev_BASE_SP,2004,7,interior,a_ice,0.00024
CMdev_BASE_SP,2004,8,interior,a_ice,0.00000
CMdev_BASE_SP,2004,9,interior,a_ice,0.00000
CMdev_BASE_SP,2004,10,interior,a_ice,0.00000
CMdev_BASE_SP,2004,11,interior,a_ice,0.00000
CMdev_BASE_SP,2004,12,interior,a_ice,0.01174
CMdev_BASE_SP,2004,1,labsea,MLD2,1323.52499
CMdev_BASE_SP,2004,2,labsea,MLD2,1469.98521
CMdev_BASE_SP,2004,3,labsea,MLD2,1346.37859
CMdev_BASE_SP,2004,4,labsea,MLD2,1244.51474
CMdev_BASE_SP,2004,5,labsea,MLD2,509.89814
CMdev_BASE_SP,2004,6,labsea,MLD2,27.98471
CMdev_BASE_SP,2004,7,labsea,MLD2,14.02718
CMdev_BASE_SP,2004,8,labsea,MLD2,14.35029
CMdev_BASE_SP,2004,9,labsea,MLD2,19.95314
CMdev_BASE_SP,2004,10,labsea,MLD2,31.94125
CMdev_BASE_SP,2004,11,labsea,MLD2,50.51034
CMdev_BASE_SP,2004,12,labsea,MLD2,415.08451
CMdev_BASE_SP,2004,1,interior,MLD2,2267.91347
CMdev_BASE_SP,2004,2,interior,MLD2,2355.59720
CMdev_BASE_SP,2004,3,interior,MLD2,2236.90714
CMdev_BASE_SP,2004,4,interior,MLD2,2186.70279
CMdev_BASE_SP,2004,5,interior,MLD2,1038.37692
CMdev_BASE_SP,2004,6,interior,MLD2,38.41496
CMdev_BASE_SP,2004,7,interior,MLD2,16.38011
CMdev_BASE_SP,2004,8,interior,MLD2,16.01909
CMdev_BASE_SP,2004,9,interior,MLD2,21.41958
CMdev_BASE_SP,2004,10,interior,MLD2,31.78154
CMdev_BASE_SP,2004,11,interior,MLD2,40.60591
CMdev_BASE_SP,2004,12,interior,MLD2,819.94605
CMdev_BASE_SP,2005,1,labsea,a_ice,0.26380
CMdev_BASE_SP,2005,2,labsea,a_ice,0.30770
CMdev_BASE_SP,2005,3,labsea,a_ice,0.29391
CMdev_BASE_SP,2005,4,labsea,a_ice,0.27071
CMdev_BASE_SP,2005,5,labsea,a_ice,0.23414
CMdev_BASE_SP,2005,6,labsea,a_ice,0.14361
CMdev_BASE_SP,2005,7,labsea,a_ice,0.01947
CMdev_BASE_SP,2005,8,labsea,a_ice,0.00013
CMdev_BASE_SP,2005,9,labsea,a_ice,0.00000
CMdev_BASE_SP,2005,10,labsea,a_ice,0.00000
CMdev_BASE_SP,2005,11,labsea,a_ice,0.01520
CMdev_BASE_SP,2005,12,labsea,a_ice,0.06457
CMdev_BASE_SP,2005,1,interior,a_ice,0.07327
CMdev_BASE_SP,2005,2,interior,a_ice,0.07159
CMdev_BASE_SP,2005,3,interior,a_ice,0.07816
CMdev_BASE_SP,2005,4,interior,a_ice,0.08000
CMdev_BASE_SP,2005,5,interior,a_ice,0.04765
CMdev_BASE_SP,2005,6,interior,a_ice,0.03962
CMdev_BASE_SP,2005,7,interior,a_ice,0.00307
CMdev_BASE_SP,2005,8,interior,a_ice,0.00000
CMdev_BASE_SP,2005,9,interior,a_ice,0.00000
CMdev_BASE_SP,2005,10,interior,a_ice,0.00000
CMdev_BASE_SP,2005,11,interior,a_ice,0.00000
CMdev_BASE_SP,2005,12,interior,a_ice,0.00092
CMdev_BASE_SP,2005,1,labsea,MLD2,1172.77983
CMdev_BASE_SP,2005,2,labsea,MLD2,1389.11198
CMdev_BASE_SP,2005,3,labsea,MLD2,1522.37787
CMdev_BASE_SP,2005,4,labsea,MLD2,1256.21651
CMdev_BASE_SP,2005,5,labsea,MLD2,519.47112
CMdev_BASE_SP,2005,6,labsea,MLD2,21.87267
CMdev_BASE_SP,2005,7,labsea,MLD2,11.93358
CMdev_BASE_SP,2005,8,labsea,MLD2,13.75825
CMdev_BASE_SP,2005,9,labsea,MLD2,22.59350
CMdev_BASE_SP,2005,10,labsea,MLD2,31.40368
CMdev_BASE_SP,2005,11,labsea,MLD2,56.96993
CMdev_BASE_SP,2005,12,labsea,MLD2,456.45106
CMdev_BASE_SP,2005,1,interior,MLD2,2209.36700
CMdev_BASE_SP,2005,2,interior,MLD2,2212.45909
CMdev_BASE_SP,2005,3,interior,MLD2,2423.37097
CMdev_BASE_SP,2005,4,interior,MLD2,2207.78054
CMdev_BASE_SP,2005,5,interior,MLD2,1280.84600
CMdev_BASE_SP,2005,6,interior,MLD2,29.60324
CMdev_BASE_SP,2005,7,interior,MLD2,13.03685
CMdev_BASE_SP,2005,8,interior,MLD2,15.16829
CMdev_BASE_SP,2005,9,interior,MLD2,23.47455
CMdev_BASE_SP,2005,10,interior,MLD2,31.24446
CMdev_BASE_SP,2005,11,interior,MLD2,71.88482
CMdev_BASE_SP,2005,12,interior,MLD2,870.46819
CMdev_BASE_SP,2006,1,labsea,a_ice,0.14182
CMdev_BASE_SP,2006,2,labsea,a_ice,0.19797
CMdev_BASE_SP,2006,3,labsea,a_ice,0.21435
CMdev_BASE_SP,2006,4,labsea,a_ice,0.19696
CMdev_BASE_SP,2006,5,labsea,a_ice,0.14585
CMdev_BASE_SP,2006,6,labsea,a_ice,0.05524
CMdev_BASE_SP,2006,7,labsea,a_ice,0.00739
CMdev_BASE_SP,2006,8,labsea,a_ice,0.00000
CMdev_BASE_SP,2006,9,labsea,a_ice,0.00000
CMdev_BASE_SP,2006,10,labsea,a_ice,0.00000
CMdev_BASE_SP,2006,11,labsea,a_ice,0.00101
CMdev_BASE_SP,2006,12,labsea,a_ice,0.04990
CMdev_BASE_SP,2006,1,interior,a_ice,0.02768
CMdev_BASE_SP,2006,2,interior,a_ice,0.04138
CMdev_BASE_SP,2006,3,interior,a_ice,0.03994
CMdev_BASE_SP,2006,4,interior,a_ice,0.03666
CMdev_BASE_SP,2006,5,interior,a_ice,0.01130
CMdev_BASE_SP,2006,6,interior,a_ice,0.00162
CMdev_BASE_SP,2006,7,interior,a_ice,0.00000
CMdev_BASE_SP,2006,8,interior,a_ice,0.00000
CMdev_BASE_SP,2006,9,interior,a_ice,0.00000
CMdev_BASE_SP,2006,10,interior,a_ice,0.00000
CMdev_BASE_SP,2006,11,interior,a_ice,0.00000
CMdev_BASE_SP,2006,12,interior,a_ice,0.00063
CMdev_BASE_SP,2006,1,labsea,MLD2,1251.62037
CMdev_BASE_SP,2006,2,labsea,MLD2,1544.46081
CMdev_BASE_SP,2006,3,labsea,MLD2,1575.53149
CMdev_BASE_SP,2006,4,labsea,MLD2,1223.85754
CMdev_BASE_SP,2006,5,labsea,MLD2,214.25401
CMdev_BASE_SP,2006,6,labsea,MLD2,16.65302
CMdev_BASE_SP,2006,7,labsea,MLD2,12.77602
CMdev_BASE_SP,2006,8,labsea,MLD2,12.64261
CMdev_BASE_SP,2006,9,labsea,MLD2,19.40748
CMdev_BASE_SP,2006,10,labsea,MLD2,29.22356
CMdev_BASE_SP,2006,11,labsea,MLD2,44.19609
CMdev_BASE_SP,2006,12,labsea,MLD2,415.28051
CMdev_BASE_SP,2006,1,interior,MLD2,2262.07751
CMdev_BASE_SP,2006,2,interior,MLD2,2510.15040
CMdev_BASE_SP,2006,3,interior,MLD2,2552.10114
CMdev_BASE_SP,2006,4,interior,MLD2,2272.90273
CMdev_BASE_SP,2006,5,interior,MLD2,531.20021
CMdev_BASE_SP,2006,6,interior,MLD2,20.65716
CMdev_BASE_SP,2006,7,interior,MLD2,15.77762
CMdev_BASE_SP,2006,8,interior,MLD2,14.80698
CMdev_BASE_SP,2006,9,interior,MLD2,21.17368
CMdev_BASE_SP,2006,10,interior,MLD2,30.68403
CMdev_BASE_SP,2006,11,interior,MLD2,47.53278
CMdev_BASE_SP,2006,12,interior,MLD2,735.79439
CMdev_BASE_SP,2007,1,labsea,a_ice,0.17688
CMdev_BASE_SP,2007,2,labsea,a_ice,0.28662
CMdev_BASE_SP,2007,3,labsea,a_ice,0.31939
CMdev_BASE_SP,2007,4,labsea,a_ice,0.31683
CMdev_BASE_SP,2007,5,labsea,a_ice,0.24538
CMdev_BASE_SP,2007,6,labsea,a_ice,0.10620
CMdev_BASE_SP,2007,7,labsea,a_ice,0.00338
CMdev_BASE_SP,2007,8,labsea,a_ice,0.00000
CMdev_BASE_SP,2007,9,labsea,a_ice,0.00000
CMdev_BASE_SP,2007,10,labsea,a_ice,0.00002
CMdev_BASE_SP,2007,11,labsea,a_ice,0.01668
CMdev_BASE_SP,2007,12,labsea,a_ice,0.10733
CMdev_BASE_SP,2007,1,interior,a_ice,0.01511
CMdev_BASE_SP,2007,2,interior,a_ice,0.09712
CMdev_BASE_SP,2007,3,interior,a_ice,0.10236
CMdev_BASE_SP,2007,4,interior,a_ice,0.11813
CMdev_BASE_SP,2007,5,interior,a_ice,0.06940
CMdev_BASE_SP,2007,6,interior,a_ice,0.01869
CMdev_BASE_SP,2007,7,interior,a_ice,0.00000
CMdev_BASE_SP,2007,8,interior,a_ice,0.00000
CMdev_BASE_SP,2007,9,interior,a_ice,0.00000
CMdev_BASE_SP,2007,10,interior,a_ice,0.00000
CMdev_BASE_SP,2007,11,interior,a_ice,0.00000
CMdev_BASE_SP,2007,12,interior,a_ice,0.01482
CMdev_BASE_SP,2007,1,labsea,MLD2,1557.33294
CMdev_BASE_SP,2007,2,labsea,MLD2,1527.91082
CMdev_BASE_SP,2007,3,labsea,MLD2,1437.92122
CMdev_BASE_SP,2007,4,labsea,MLD2,1193.18522
CMdev_BASE_SP,2007,5,labsea,MLD2,477.34180
CMdev_BASE_SP,2007,6,labsea,MLD2,23.22939
CMdev_BASE_SP,2007,7,labsea,MLD2,12.65032
CMdev_BASE_SP,2007,8,labsea,MLD2,14.15010
CMdev_BASE_SP,2007,9,labsea,MLD2,22.72813
CMdev_BASE_SP,2007,10,labsea,MLD2,31.75120
CMdev_BASE_SP,2007,11,labsea,MLD2,47.55978
CMdev_BASE_SP,2007,12,labsea,MLD2,424.83347
CMdev_BASE_SP,2007,1,interior,MLD2,2496.48699
CMdev_BASE_SP,2007,2,interior,MLD2,2366.59458
CMdev_BASE_SP,2007,3,interior,MLD2,2289.06500
CMdev_BASE_SP,2007,4,interior,MLD2,1975.32330
CMdev_BASE_SP,2007,5,interior,MLD2,1323.82225
CMdev_BASE_SP,2007,6,interior,MLD2,46.08104
CMdev_BASE_SP,2007,7,interior,MLD2,14.42585
CMdev_BASE_SP,2007,8,interior,MLD2,17.13880
CMdev_BASE_SP,2007,9,interior,MLD2,24.19198
CMdev_BASE_SP,2007,10,interior,MLD2,31.90412
CMdev_BASE_SP,2007,11,interior,MLD2,49.71570
CMdev_BASE_SP,2007,12,interior,MLD2,940.91038
CMdev_BASE_SP,2008,1,labsea,a_ice,0.25306
CMdev_BASE_SP,2008,2,labsea,a_ice,0.30559
CMdev_BASE_SP,2008,3,labsea,a_ice,0.27197
CMdev_BASE_SP,2008,4,labsea,a_ice,0.19702
CMdev_BASE_SP,2008,5,labsea,a_ice,0.14846
CMdev_BASE_SP,2008,6,labsea,a_ice,0.06100
CMdev_BASE_SP,2008,7,labsea,a_ice,0.02222
CMdev_BASE_SP,2008,8,labsea,a_ice,0.00247
CMdev_BASE_SP,2008,9,labsea,a_ice,0.00001
CMdev_BASE_SP,2008,10,labsea,a_ice,0.00577
CMdev_BASE_SP,2008,11,labsea,a_ice,0.03188
CMdev_BASE_SP,2008,12,labsea,a_ice,0.08662
CMdev_BASE_SP,2008,1,interior,a_ice,0.08343
CMdev_BASE_SP,2008,2,interior,a_ice,0.07735
CMdev_BASE_SP,2008,3,interior,a_ice,0.05061
CMdev_BASE_SP,2008,4,interior,a_ice,0.04021
CMdev_BASE_SP,2008,5,interior,a_ice,0.02604
CMdev_BASE_SP,2008,6,interior,a_ice,0.00281
CMdev_BASE_SP,2008,7,interior,a_ice,0.00000
CMdev_BASE_SP,2008,8,interior,a_ice,0.00000
CMdev_BASE_SP,2008,9,interior,a_ice,0.00000
CMdev_BASE_SP,2008,10,interior,a_ice,0.00000
CMdev_BASE_SP,2008,11,interior,a_ice,0.00000
CMdev_BASE_SP,2008,12,interior,a_ice,0.00236
CMdev_BASE_SP,2008,1,labsea,MLD2,1234.93642
CMdev_BASE_SP,2008,2,labsea,MLD2,1540.41897
CMdev_BASE_SP,2008,3,labsea,MLD2,1514.38570
CMdev_BASE_SP,2008,4,labsea,MLD2,1143.07153
CMdev_BASE_SP,2008,5,labsea,MLD2,499.69565
CMdev_BASE_SP,2008,6,labsea,MLD2,13.84770
CMdev_BASE_SP,2008,7,labsea,MLD2,12.65204
CMdev_BASE_SP,2008,8,labsea,MLD2,15.95684
CMdev_BASE_SP,2008,9,labsea,MLD2,22.94241
CMdev_BASE_SP,2008,10,labsea,MLD2,42.28852
CMdev_BASE_SP,2008,11,labsea,MLD2,191.09469
CMdev_BASE_SP,2008,12,labsea,MLD2,997.07220
CMdev_BASE_SP,2008,1,interior,MLD2,2150.86796
CMdev_BASE_SP,2008,2,interior,MLD2,2412.20897
CMdev_BASE_SP,2008,3,interior,MLD2,2457.70749
CMdev_BASE_SP,2008,4,interior,MLD2,2150.01705
CMdev_BASE_SP,2008,5,interior,MLD2,1213.69063
CMdev_BASE_SP,2008,6,interior,MLD2,15.95887
CMdev_BASE_SP,2008,7,interior,MLD2,13.19362
CMdev_BASE_SP,2008,8,interior,MLD2,16.30331
CMdev_BASE_SP,2008,9,interior,MLD2,23.40777
CMdev_BASE_SP,2008,10,interior,MLD2,42.69100
CMdev_BASE_SP,2008,11,interior,MLD2,411.80121
CMdev_BASE_SP,2008,12,interior,MLD2,2012.31497
CMdev_BASE_SP,2009,1,labsea,a_ice,0.18410
CMdev_BASE_SP,2009,2,labsea,a_ice,0.19860
CMdev_BASE_SP,2009,3,labsea,a_ice,0.19507
CMdev_BASE_SP,2009,4,labsea,a_ice,0.21368
CMdev_BASE_SP,2009,5,labsea,a_ice,0.17968
CMdev_BASE_SP,2009,6,labsea,a_ice,0.12078
CMdev_BASE_SP,2009,7,labsea,a_ice,0.04261
CMdev_BASE_SP,2009,8,labsea,a_ice,0.00528
CMdev_BASE_SP,2009,9,labsea,a_ice,0.00000
CMdev_BASE_SP,2009,10,labsea,a_ice,0.00094
CMdev_BASE_SP,2009,11,labsea,a_ice,0.03003
CMdev_BASE_SP,2009,12,labsea,a_ice,0.08157
CMdev_BASE_SP,2009,1,interior,a_ice,0.02860
CMdev_BASE_SP,2009,2,interior,a_ice,0.02912
CMdev_BASE_SP,2009,3,interior,a_ice,0.01260
CMdev_BASE_SP,2009,4,interior,a_ice,0.04364
CMdev_BASE_SP,2009,5,interior,a_ice,0.03002
CMdev_BASE_SP,2009,6,interior,a_ice,0.01901
CMdev_BASE_SP,2009,7,interior,a_ice,0.00028
CMdev_BASE_SP,2009,8,interior,a_ice,0.00000
CMdev_BASE_SP,2009,9,interior,a_ice,0.00000
CMdev_BASE_SP,2009,10,interior,a_ice,0.00000
CMdev_BASE_SP,2009,11,interior,a_ice,0.00000
CMdev_BASE_SP,2009,12,interior,a_ice,0.00043
CMdev_BASE_SP,2009,1,labsea,MLD2,1617.44229
CMdev_BASE_SP,2009,2,labsea,MLD2,1664.65035
CMdev_BASE_SP,2009,3,labsea,MLD2,1685.59801
CMdev_BASE_SP,2009,4,labsea,MLD2,1487.32310
CMdev_BASE_SP,2009,5,labsea,MLD2,508.88159
CMdev_BASE_SP,2009,6,labsea,MLD2,43.34343
CMdev_BASE_SP,2009,7,labsea,MLD2,14.60690
CMdev_BASE_SP,2009,8,labsea,MLD2,15.15801
CMdev_BASE_SP,2009,9,labsea,MLD2,22.47292
CMdev_BASE_SP,2009,10,labsea,MLD2,34.73720
CMdev_BASE_SP,2009,11,labsea,MLD2,92.39886
CMdev_BASE_SP,2009,12,labsea,MLD2,840.45725
CMdev_BASE_SP,2009,1,interior,MLD2,2633.52276
CMdev_BASE_SP,2009,2,interior,MLD2,2625.44457
CMdev_BASE_SP,2009,3,interior,MLD2,2651.92980
CMdev_BASE_SP,2009,4,interior,MLD2,2375.44358
CMdev_BASE_SP,2009,5,interior,MLD2,1162.68802
CMdev_BASE_SP,2009,6,interior,MLD2,103.04885
CMdev_BASE_SP,2009,7,interior,MLD2,16.66595
CMdev_BASE_SP,2009,8,interior,MLD2,16.70901
CMdev_BASE_SP,2009,9,interior,MLD2,22.41013
CMdev_BASE_SP,2009,10,interior,MLD2,35.16010
CMdev_BASE_SP,2009,11,interior,MLD2,103.64852
CMdev_BASE_SP,2009,12,interior,MLD2,1669.40105
CMdev_BASE_SP,2010,1,labsea,a_ice,0.17694
CMdev_BASE_SP,2010,2,labsea,a_ice,0.22454
CMdev_BASE_SP,2010,3,labsea,a_ice,0.22602
CMdev_BASE_SP,2010,4,labsea,a_ice,0.24223
CMdev_BASE_SP,2010,5,labsea,a_ice,0.18021
CMdev_BASE_SP,2010,6,labsea,a_ice,0.10313
CMdev_BASE_SP,2010,7,labsea,a_ice,0.02492
CMdev_BASE_SP,2010,8,labsea,a_ice,0.00086
CMdev_BASE_SP,2010,9,labsea,a_ice,0.00000
CMdev_BASE_SP,2010,10,labsea,a_ice,0.00000
CMdev_BASE_SP,2010,11,labsea,a_ice,0.02304
CMdev_BASE_SP,2010,12,labsea,a_ice,0.09582
CMdev_BASE_SP,2010,1,interior,a_ice,0.01396
CMdev_BASE_SP,2010,2,interior,a_ice,0.04093
CMdev_BASE_SP,2010,3,interior,a_ice,0.04921
CMdev_BASE_SP,2010,4,interior,a_ice,0.04834
CMdev_BASE_SP,2010,5,interior,a_ice,0.03655
CMdev_BASE_SP,2010,6,interior,a_ice,0.00119
CMdev_BASE_SP,2010,7,interior,a_ice,0.00000
CMdev_BASE_SP,2010,8,interior,a_ice,0.00000
CMdev_BASE_SP,2010,9,interior,a_ice,0.00000
CMdev_BASE_SP,2010,10,interior,a_ice,0.00000
CMdev_BASE_SP,2010,11,interior,a_ice,0.00000
CMdev_BASE_SP,2010,12,interior,a_ice,0.01528
CMdev_BASE_SP,2010,1,labsea,MLD2,1643.84633
CMdev_BASE_SP,2010,2,labsea,MLD2,1770.77334
CMdev_BASE_SP,2010,3,labsea,MLD2,1757.87753
CMdev_BASE_SP,2010,4,labsea,MLD2,1709.45654
CMdev_BASE_SP,2010,5,labsea,MLD2,801.95665
CMdev_BASE_SP,2010,6,labsea,MLD2,16.92505
CMdev_BASE_SP,2010,7,labsea,MLD2,14.64482
CMdev_BASE_SP,2010,8,labsea,MLD2,14.38190
CMdev_BASE_SP,2010,9,labsea,MLD2,18.64470
CMdev_BASE_SP,2010,10,labsea,MLD2,30.16810
CMdev_BASE_SP,2010,11,labsea,MLD2,58.25143
CMdev_BASE_SP,2010,12,labsea,MLD2,574.34646
CMdev_BASE_SP,2010,1,interior,MLD2,2646.05738
CMdev_BASE_SP,2010,2,interior,MLD2,2679.57708
CMdev_BASE_SP,2010,3,interior,MLD2,2655.31682
CMdev_BASE_SP,2010,4,interior,MLD2,2640.21775
CMdev_BASE_SP,2010,5,interior,MLD2,1529.66343
CMdev_BASE_SP,2010,6,interior,MLD2,19.53937
CMdev_BASE_SP,2010,7,interior,MLD2,16.52999
CMdev_BASE_SP,2010,8,interior,MLD2,15.67234
CMdev_BASE_SP,2010,9,interior,MLD2,19.99001
CMdev_BASE_SP,2010,10,interior,MLD2,31.69710
CMdev_BASE_SP,2010,11,interior,MLD2,78.33155
CMdev_BASE_SP,2010,12,interior,MLD2,1282.43456
CMdev_BASE_SP,2011,1,labsea,a_ice,0.18001
CMdev_BASE_SP,2011,2,labsea,a_ice,0.19632
CMdev_BASE_SP,2011,3,labsea,a_ice,0.18663
CMdev_BASE_SP,2011,4,labsea,a_ice,0.16062
CMdev_BASE_SP,2011,5,labsea,a_ice,0.13641
CMdev_BASE_SP,2011,6,labsea,a_ice,0.08502
CMdev_BASE_SP,2011,7,labsea,a_ice,0.02276
CMdev_BASE_SP,2011,8,labsea,a_ice,0.00172
CMdev_BASE_SP,2011,9,labsea,a_ice,0.00000
CMdev_BASE_SP,2011,10,labsea,a_ice,0.00002
CMdev_BASE_SP,2011,11,labsea,a_ice,0.01600
CMdev_BASE_SP,2011,12,labsea,a_ice,0.04915
CMdev_BASE_SP,2011,1,interior,a_ice,0.02966
CMdev_BASE_SP,2011,2,interior,a_ice,0.05023
CMdev_BASE_SP,2011,3,interior,a_ice,0.05447
CMdev_BASE_SP,2011,4,interior,a_ice,0.04049
CMdev_BASE_SP,2011,5,interior,a_ice,0.01595
CMdev_BASE_SP,2011,6,interior,a_ice,0.00741
CMdev_BASE_SP,2011,7,interior,a_ice,0.00043
CMdev_BASE_SP,2011,8,interior,a_ice,0.00000
CMdev_BASE_SP,2011,9,interior,a_ice,0.00000
CMdev_BASE_SP,2011,10,interior,a_ice,0.00000
CMdev_BASE_SP,2011,11,interior,a_ice,0.00000
CMdev_BASE_SP,2011,12,interior,a_ice,0.00101
CMdev_BASE_SP,2011,1,labsea,MLD2,1586.06299
CMdev_BASE_SP,2011,2,labsea,MLD2,1766.48676
CMdev_BASE_SP,2011,3,labsea,MLD2,1722.02168
CMdev_BASE_SP,2011,4,labsea,MLD2,1578.17734
CMdev_BASE_SP,2011,5,labsea,MLD2,887.87367
CMdev_BASE_SP,2011,6,labsea,MLD2,21.76181
CMdev_BASE_SP,2011,7,labsea,MLD2,18.23349
CMdev_BASE_SP,2011,8,labsea,MLD2,14.75284
CMdev_BASE_SP,2011,9,labsea,MLD2,20.27625
CMdev_BASE_SP,2011,10,labsea,MLD2,29.34408
CMdev_BASE_SP,2011,11,labsea,MLD2,46.86729
CMdev_BASE_SP,2011,12,labsea,MLD2,355.10403
CMdev_BASE_SP,2011,1,interior,MLD2,2600.16034
CMdev_BASE_SP,2011,2,interior,MLD2,2668.46105
CMdev_BASE_SP,2011,3,interior,MLD2,2603.87054
CMdev_BASE_SP,2011,4,interior,MLD2,2530.12060
CMdev_BASE_SP,2011,5,interior,MLD2,1862.74011
CMdev_BASE_SP,2011,6,interior,MLD2,31.80875
CMdev_BASE_SP,2011,7,interior,MLD2,21.18975
CMdev_BASE_SP,2011,8,interior,MLD2,17.31510
CMdev_BASE_SP,2011,9,interior,MLD2,20.95073
CMdev_BASE_SP,2011,10,interior,MLD2,28.34409
CMdev_BASE_SP,2011,11,interior,MLD2,47.69427
CMdev_BASE_SP,2011,12,interior,MLD2,822.68843
CMdev_BASE_SP,2012,1,labsea,a_ice,0.17768
CMdev_BASE_SP,2012,2,labsea,a_ice,0.22259
CMdev_BASE_SP,2012,3,labsea,a_ice,0.24706
CMdev_BASE_SP,2012,4,labsea,a_ice,0.25539
CMdev_BASE_SP,2012,5,labsea,a_ice,0.20114
CMdev_BASE_SP,2012,6,labsea,a_ice,0.07019
CMdev_BASE_SP,2012,7,labsea,a_ice,0.01177
CMdev_BASE_SP,2012,8,labsea,a_ice,0.00000
CMdev_BASE_SP,2012,9,labsea,a_ice,0.00000
CMdev_BASE_SP,2012,10,labsea,a_ice,0.00000
CMdev_BASE_SP,2012,11,labsea,a_ice,0.00008
CMdev_BASE_SP,2012,12,labsea,a_ice,0.03788
CMdev_BASE_SP,2012,1,interior,a_ice,0.02276
CMdev_BASE_SP,2012,2,interior,a_ice,0.04589
CMdev_BASE_SP,2012,3,interior,a_ice,0.04653
CMdev_BASE_SP,2012,4,interior,a_ice,0.06755
CMdev_BASE_SP,2012,5,interior,a_ice,0.09580
CMdev_BASE_SP,2012,6,interior,a_ice,0.01730
CMdev_BASE_SP,2012,7,interior,a_ice,0.00000
CMdev_BASE_SP,2012,8,interior,a_ice,0.00000
CMdev_BASE_SP,2012,9,interior,a_ice,0.00000
CMdev_BASE_SP,2012,10,interior,a_ice,0.00000
CMdev_BASE_SP,2012,11,interior,a_ice,0.00000
CMdev_BASE_SP,2012,12,interior,a_ice,0.00001
CMdev_BASE_SP,2012,1,labsea,MLD2,1232.34727
CMdev_BASE_SP,2012,2,labsea,MLD2,1694.90456
CMdev_BASE_SP,2012,3,labsea,MLD2,1697.06947
CMdev_BASE_SP,2012,4,labsea,MLD2,1394.40566
CMdev_BASE_SP,2012,5,labsea,MLD2,816.43026
CMdev_BASE_SP,2012,6,labsea,MLD2,16.11979
CMdev_BASE_SP,2012,7,labsea,MLD2,11.81048
CMdev_BASE_SP,2012,8,labsea,MLD2,12.11480
CMdev_BASE_SP,2012,9,labsea,MLD2,18.10743
CMdev_BASE_SP,2012,10,labsea,MLD2,29.19862
CMdev_BASE_SP,2012,11,labsea,MLD2,51.61204
CMdev_BASE_SP,2012,12,labsea,MLD2,175.91966
CMdev_BASE_SP,2012,1,interior,MLD2,2420.64711
CMdev_BASE_SP,2012,2,interior,MLD2,2658.28199
CMdev_BASE_SP,2012,3,interior,MLD2,2601.77312
CMdev_BASE_SP,2012,4,interior,MLD2,2221.13846
CMdev_BASE_SP,2012,5,interior,MLD2,1365.81133
CMdev_BASE_SP,2012,6,interior,MLD2,25.10945
CMdev_BASE_SP,2012,7,interior,MLD2,12.50626
CMdev_BASE_SP,2012,8,interior,MLD2,12.48966
CMdev_BASE_SP,2012,9,interior,MLD2,18.48340
CMdev_BASE_SP,2012,10,interior,MLD2,28.76741
CMdev_BASE_SP,2012,11,interior,MLD2,46.72050
CMdev_BASE_SP,2012,12,interior,MLD2,240.61156
CMdev_BASE_SP,2013,1,labsea,a_ice,0.11353
CMdev_BASE_SP,2013,2,labsea,a_ice,0.16083
CMdev_BASE_SP,2013,3,labsea,a_ice,0.16325
CMdev_BASE_SP,2013,4,labsea,a_ice,0.14387
CMdev_BASE_SP,2013,5,labsea,a_ice,0.11885
CMdev_BASE_SP,2013,6,labsea,a_ice,0.03888
CMdev_BASE_SP,2013,7,labsea,a_ice,0.00249
CMdev_BASE_SP,2013,8,labsea,a_ice,0.00000
CMdev_BASE_SP,2013,9,labsea,a_ice,0.00000
CMdev_BASE_SP,2013,10,labsea,a_ice,0.00000
CMdev_BASE_SP,2013,11,labsea,a_ice,0.00091
CMdev_BASE_SP,2013,12,labsea,a_ice,0.03425
CMdev_BASE_SP,2013,1,interior,a_ice,0.00803
CMdev_BASE_SP,2013,2,interior,a_ice,0.02086
CMdev_BASE_SP,2013,3,interior,a_ice,0.02564
CMdev_BASE_SP,2013,4,interior,a_ice,0.02011
CMdev_BASE_SP,2013,5,interior,a_ice,0.00557
CMdev_BASE_SP,2013,6,interior,a_ice,0.00024
CMdev_BASE_SP,2013,7,interior,a_ice,0.00000
CMdev_BASE_SP,2013,8,interior,a_ice,0.00000
CMdev_BASE_SP,2013,9,interior,a_ice,0.00000
CMdev_BASE_SP,2013,10,interior,a_ice,0.00000
CMdev_BASE_SP,2013,11,interior,a_ice,0.00000
CMdev_BASE_SP,2013,12,interior,a_ice,0.00001
CMdev_BASE_SP,2013,1,labsea,MLD2,799.96637
CMdev_BASE_SP,2013,2,labsea,MLD2,1370.34317
CMdev_BASE_SP,2013,3,labsea,MLD2,1480.14774
CMdev_BASE_SP,2013,4,labsea,MLD2,1293.21318
CMdev_BASE_SP,2013,5,labsea,MLD2,560.65175
CMdev_BASE_SP,2013,6,labsea,MLD2,15.80770
CMdev_BASE_SP,2013,7,labsea,MLD2,13.65923
CMdev_BASE_SP,2013,8,labsea,MLD2,15.70944
CMdev_BASE_SP,2013,9,labsea,MLD2,24.28819
CMdev_BASE_SP,2013,10,labsea,MLD2,34.03614
CMdev_BASE_SP,2013,11,labsea,MLD2,51.79524
CMdev_BASE_SP,2013,12,labsea,MLD2,429.46781
CMdev_BASE_SP,2013,1,interior,MLD2,1536.13894
CMdev_BASE_SP,2013,2,interior,MLD2,2502.34790
CMdev_BASE_SP,2013,3,interior,MLD2,2555.62511
CMdev_BASE_SP,2013,4,interior,MLD2,2504.11622
CMdev_BASE_SP,2013,5,interior,MLD2,1399.72856
CMdev_BASE_SP,2013,6,interior,MLD2,18.42843
CMdev_BASE_SP,2013,7,interior,MLD2,14.49798
CMdev_BASE_SP,2013,8,interior,MLD2,17.55493
CMdev_BASE_SP,2013,9,interior,MLD2,24.75372
CMdev_BASE_SP,2013,10,interior,MLD2,33.84831
CMdev_BASE_SP,2013,11,interior,MLD2,51.18125
CMdev_BASE_SP,2013,12,interior,MLD2,900.62622
CMdev_BASE_SP,2014,1,labsea,a_ice,0.10843
CMdev_BASE_SP,2014,2,labsea,a_ice,0.15793
CMdev_BASE_SP,2014,3,labsea,a_ice,0.19399
CMdev_BASE_SP,2014,4,labsea,a_ice,0.16846
CMdev_BASE_SP,2014,5,labsea,a_ice,0.14434
CMdev_BASE_SP,2014,6,labsea,a_ice,0.05932
CMdev_BASE_SP,2014,7,labsea,a_ice,0.00403
CMdev_BASE_SP,2014,8,labsea,a_ice,0.00000
CMdev_BASE_SP,2014,9,labsea,a_ice,0.00000
CMdev_BASE_SP,2014,10,labsea,a_ice,0.00002
CMdev_BASE_SP,2014,11,labsea,a_ice,0.02019
CMdev_BASE_SP,2014,12,labsea,a_ice,0.08700
CMdev_BASE_SP,2014,1,interior,a_ice,0.00102
CMdev_BASE_SP,2014,2,interior,a_ice,0.01804
CMdev_BASE_SP,2014,3,interior,a_ice,0.04142
CMdev_BASE_SP,2014,4,interior,a_ice,0.00742
CMdev_BASE_SP,2014,5,interior,a_ice,0.02366
CMdev_BASE_SP,2014,6,interior,a_ice,0.00396
CMdev_BASE_SP,2014,7,interior,a_ice,0.00000
CMdev_BASE_SP,2014,8,interior,a_ice,0.00000
CMdev_BASE_SP,2014,9,interior,a_ice,0.00000
CMdev_BASE_SP,2014,10,interior,a_ice,0.00000
CMdev_BASE_SP,2014,11,interior,a_ice,0.00000
CMdev_BASE_SP,2014,12,interior,a_ice,0.00123
CMdev_BASE_SP,2014,1,labsea,MLD2,1373.01748
CMdev_BASE_SP,2014,2,labsea,MLD2,1591.43301
CMdev_BASE_SP,2014,3,labsea,MLD2,1472.64150
CMdev_BASE_SP,2014,4,labsea,MLD2,1230.61754
CMdev_BASE_SP,2014,5,labsea,MLD2,621.65889
CMdev_BASE_SP,2014,6,labsea,MLD2,15.52931
CMdev_BASE_SP,2014,7,labsea,MLD2,12.00436
CMdev_BASE_SP,2014,8,labsea,MLD2,14.57793
CMdev_BASE_SP,2014,9,labsea,MLD2,22.21466
CMdev_BASE_SP,2014,10,labsea,MLD2,36.29484
CMdev_BASE_SP,2014,11,labsea,MLD2,206.55471
CMdev_BASE_SP,2014,12,labsea,MLD2,835.99357
CMdev_BASE_SP,2014,1,interior,MLD2,2476.60665
CMdev_BASE_SP,2014,2,interior,MLD2,2671.26155
CMdev_BASE_SP,2014,3,interior,MLD2,2570.27453
CMdev_BASE_SP,2014,4,interior,MLD2,2538.81418
CMdev_BASE_SP,2014,5,interior,MLD2,1583.16552
CMdev_BASE_SP,2014,6,interior,MLD2,16.81210
CMdev_BASE_SP,2014,7,interior,MLD2,12.87492
CMdev_BASE_SP,2014,8,interior,MLD2,16.48449
CMdev_BASE_SP,2014,9,interior,MLD2,21.54097
CMdev_BASE_SP,2014,10,interior,MLD2,36.15225
CMdev_BASE_SP,2014,11,interior,MLD2,468.10654
CMdev_BASE_SP,2014,12,interior,MLD2,1658.65790
CMdev_BASE_SP,2015,1,labsea,a_ice,0.22068
CMdev_BASE_SP,2015,2,labsea,a_ice,0.29797
CMdev_BASE_SP,2015,3,labsea,a_ice,0.31317
CMdev_BASE_SP,2015,4,labsea,a_ice,0.28824
CMdev_BASE_SP,2015,5,labsea,a_ice,0.18078
CMdev_BASE_SP,2015,6,labsea,a_ice,0.03127
CMdev_BASE_SP,2015,7,labsea,a_ice,0.00027
CMdev_BASE_SP,2015,8,labsea,a_ice,0.00001
CMdev_BASE_SP,2015,9,labsea,a_ice,0.00000
CMdev_BASE_SP,2015,10,labsea,a_ice,0.00000
CMdev_BASE_SP,2015,11,labsea,a_ice,0.00080
CMdev_BASE_SP,2015,12,labsea,a_ice,0.04448
CMdev_BASE_SP,2015,1,interior,a_ice,0.08742
CMdev_BASE_SP,2015,2,interior,a_ice,0.13849
CMdev_BASE_SP,2015,3,interior,a_ice,0.13133
CMdev_BASE_SP,2015,4,interior,a_ice,0.06260
CMdev_BASE_SP,2015,5,interior,a_ice,0.08189
CMdev_BASE_SP,2015,6,interior,a_ice,0.00546
CMdev_BASE_SP,2015,7,interior,a_ice,0.00000
CMdev_BASE_SP,2015,8,interior,a_ice,0.00000
CMdev_BASE_SP,2015,9,interior,a_ice,0.00000
CMdev_BASE_SP,2015,10,interior,a_ice,0.00000
CMdev_BASE_SP,2015,11,interior,a_ice,0.00000
CMdev_BASE_SP,2015,12,interior,a_ice,0.00001
CMdev_BASE_SP,2015,1,labsea,MLD2,1539.07527
CMdev_BASE_SP,2015,2,labsea,MLD2,1490.98261
CMdev_BASE_SP,2015,3,labsea,MLD2,1426.12551
CMdev_BASE_SP,2015,4,labsea,MLD2,1208.55353
CMdev_BASE_SP,2015,5,labsea,MLD2,432.97183
CMdev_BASE_SP,2015,6,labsea,MLD2,11.85350
CMdev_BASE_SP,2015,7,labsea,MLD2,10.24894
CMdev_BASE_SP,2015,8,labsea,MLD2,11.81500
CMdev_BASE_SP,2015,9,labsea,MLD2,18.56231
CMdev_BASE_SP,2015,10,labsea,MLD2,28.96233
CMdev_BASE_SP,2015,11,labsea,MLD2,40.22869
CMdev_BASE_SP,2015,12,labsea,MLD2,130.24433
CMdev_BASE_SP,2015,1,interior,MLD2,2385.26503
CMdev_BASE_SP,2015,2,interior,MLD2,2286.10596
CMdev_BASE_SP,2015,3,interior,MLD2,2321.72052
CMdev_BASE_SP,2015,4,interior,MLD2,2150.32262
CMdev_BASE_SP,2015,5,interior,MLD2,771.06021
CMdev_BASE_SP,2015,6,interior,MLD2,12.88707
CMdev_BASE_SP,2015,7,interior,MLD2,11.62261
CMdev_BASE_SP,2015,8,interior,MLD2,12.86733
CMdev_BASE_SP,2015,9,interior,MLD2,20.12920
CMdev_BASE_SP,2015,10,interior,MLD2,30.17135
CMdev_BASE_SP,2015,11,interior,MLD2,40.77864
CMdev_BASE_SP,2015,12,interior,MLD2,184.81711
CMdev_BASE_SP,2016,1,labsea,a_ice,0.16278
CMdev_BASE_SP,2016,2,labsea,a_ice,0.27252
CMdev_BASE_SP,2016,3,labsea,a_ice,0.32145
CMdev_BASE_SP,2016,4,labsea,a_ice,0.32391
CMdev_BASE_SP,2016,5,labsea,a_ice,0.26472
CMdev_BASE_SP,2016,6,labsea,a_ice,0.14793
CMdev_BASE_SP,2016,7,labsea,a_ice,0.03096
CMdev_BASE_SP,2016,8,labsea,a_ice,0.00033
CMdev_BASE_SP,2016,9,labsea,a_ice,0.00000
CMdev_BASE_SP,2016,10,labsea,a_ice,0.00000
CMdev_BASE_SP,2016,11,labsea,a_ice,0.02502
CMdev_BASE_SP,2016,12,labsea,a_ice,0.10965
CMdev_BASE_SP,2016,1,interior,a_ice,0.01218
CMdev_BASE_SP,2016,2,interior,a_ice,0.10113
CMdev_BASE_SP,2016,3,interior,a_ice,0.15973
CMdev_BASE_SP,2016,4,interior,a_ice,0.16676
CMdev_BASE_SP,2016,5,interior,a_ice,0.07192
CMdev_BASE_SP,2016,6,interior,a_ice,0.03600
CMdev_BASE_SP,2016,7,interior,a_ice,0.00308
CMdev_BASE_SP,2016,8,interior,a_ice,0.00000
CMdev_BASE_SP,2016,9,interior,a_ice,0.00000
CMdev_BASE_SP,2016,10,interior,a_ice,0.00000
CMdev_BASE_SP,2016,11,interior,a_ice,0.00000
CMdev_BASE_SP,2016,12,interior,a_ice,0.01882
CMdev_BASE_SP,2016,1,labsea,MLD2,1006.81428
CMdev_BASE_SP,2016,2,labsea,MLD2,1425.54286
CMdev_BASE_SP,2016,3,labsea,MLD2,1245.02016
CMdev_BASE_SP,2016,4,labsea,MLD2,1178.07380
CMdev_BASE_SP,2016,5,labsea,MLD2,728.49339
CMdev_BASE_SP,2016,6,labsea,MLD2,60.14827
CMdev_BASE_SP,2016,7,labsea,MLD2,12.46117
CMdev_BASE_SP,2016,8,labsea,MLD2,13.52672
CMdev_BASE_SP,2016,9,labsea,MLD2,21.82239
CMdev_BASE_SP,2016,10,labsea,MLD2,29.19301
CMdev_BASE_SP,2016,11,labsea,MLD2,178.40333
CMdev_BASE_SP,2016,12,labsea,MLD2,784.45311
CMdev_BASE_SP,2016,1,interior,MLD2,1828.38024
CMdev_BASE_SP,2016,2,interior,MLD2,2185.71048
CMdev_BASE_SP,2016,3,interior,MLD2,1731.30537
CMdev_BASE_SP,2016,4,interior,MLD2,1771.29194
CMdev_BASE_SP,2016,5,interior,MLD2,1413.73081
CMdev_BASE_SP,2016,6,interior,MLD2,168.10830
CMdev_BASE_SP,2016,7,interior,MLD2,14.03916
CMdev_BASE_SP,2016,8,interior,MLD2,14.82022
CMdev_BASE_SP,2016,9,interior,MLD2,23.11499
CMdev_BASE_SP,2016,10,interior,MLD2,27.74325
CMdev_BASE_SP,2016,11,interior,MLD2,425.29538
CMdev_BASE_SP,2016,12,interior,MLD2,1819.86132
CMdev_BASE_SP,2017,1,labsea,a_ice,0.16309
CMdev_BASE_SP,2017,2,labsea,a_ice,0.18677
CMdev_BASE_SP,2017,3,labsea,a_ice,0.19852
CMdev_BASE_SP,2017,4,labsea,a_ice,0.19304
CMdev_BASE_SP,2017,5,labsea,a_ice,0.15372
CMdev_BASE_SP,2017,6,labsea,a_ice,0.06108
CMdev_BASE_SP,2017,7,labsea,a_ice,0.00992
CMdev_BASE_SP,2017,8,labsea,a_ice,0.00001
CMdev_BASE_SP,2017,9,labsea,a_ice,0.00000
CMdev_BASE_SP,2017,10,labsea,a_ice,0.00001
CMdev_BASE_SP,2017,11,labsea,a_ice,0.00801
CMdev_BASE_SP,2017,12,labsea,a_ice,0.06285
CMdev_BASE_SP,2017,1,interior,a_ice,0.02510
CMdev_BASE_SP,2017,2,interior,a_ice,0.01003
CMdev_BASE_SP,2017,3,interior,a_ice,0.01264
CMdev_BASE_SP,2017,4,interior,a_ice,0.02414
CMdev_BASE_SP,2017,5,interior,a_ice,0.00537
CMdev_BASE_SP,2017,6,interior,a_ice,0.01009
CMdev_BASE_SP,2017,7,interior,a_ice,0.00000
CMdev_BASE_SP,2017,8,interior,a_ice,0.00000
CMdev_BASE_SP,2017,9,interior,a_ice,0.00000
CMdev_BASE_SP,2017,10,interior,a_ice,0.00000
CMdev_BASE_SP,2017,11,interior,a_ice,0.00000
CMdev_BASE_SP,2017,12,interior,a_ice,0.00054
CMdev_BASE_SP,2017,1,labsea,MLD2,1400.26703
CMdev_BASE_SP,2017,2,labsea,MLD2,1725.58511
CMdev_BASE_SP,2017,3,labsea,MLD2,1699.43078
CMdev_BASE_SP,2017,4,labsea,MLD2,1315.11997
CMdev_BASE_SP,2017,5,labsea,MLD2,366.66485
CMdev_BASE_SP,2017,6,labsea,MLD2,22.59613
CMdev_BASE_SP,2017,7,labsea,MLD2,12.59711
CMdev_BASE_SP,2017,8,labsea,MLD2,14.47337
CMdev_BASE_SP,2017,9,labsea,MLD2,21.92042
CMdev_BASE_SP,2017,10,labsea,MLD2,33.39553
CMdev_BASE_SP,2017,11,labsea,MLD2,128.79300
CMdev_BASE_SP,2017,12,labsea,MLD2,1088.79873
CMdev_BASE_SP,2017,1,interior,MLD2,2530.21247
CMdev_BASE_SP,2017,2,interior,MLD2,2722.81042
CMdev_BASE_SP,2017,3,interior,MLD2,2706.45183
CMdev_BASE_SP,2017,4,interior,MLD2,2480.17545
CMdev_BASE_SP,2017,5,interior,MLD2,968.95527
CMdev_BASE_SP,2017,6,interior,MLD2,29.33481
CMdev_BASE_SP,2017,7,interior,MLD2,13.31635
CMdev_BASE_SP,2017,8,interior,MLD2,16.03079
CMdev_BASE_SP,2017,9,interior,MLD2,22.07289
CMdev_BASE_SP,2017,10,interior,MLD2,33.74066
CMdev_BASE_SP,2017,11,interior,MLD2,204.63951
CMdev_BASE_SP,2017,12,interior,MLD2,1911.33500
CMdev_BASE_SP,2018,1,labsea,a_ice,0.15755
CMdev_BASE_SP,2018,2,labsea,a_ice,0.22133
CMdev_BASE_SP,2018,3,labsea,a_ice,0.19042
CMdev_BASE_SP,2018,4,labsea,a_ice,0.17859
CMdev_BASE_SP,2018,5,labsea,a_ice,0.11955
CMdev_BASE_SP,2018,6,labsea,a_ice,0.05863
CMdev_BASE_SP,2018,7,labsea,a_ice,0.00830
CMdev_BASE_SP,2018,8,labsea,a_ice,0.00000
CMdev_BASE_SP,2018,9,labsea,a_ice,0.00000
CMdev_BASE_SP,2018,10,labsea,a_ice,0.00000
CMdev_BASE_SP,2018,11,labsea,a_ice,0.00627
CMdev_BASE_SP,2018,12,labsea,a_ice,0.03466
CMdev_BASE_SP,2018,1,interior,a_ice,0.02904
CMdev_BASE_SP,2018,2,interior,a_ice,0.04126
CMdev_BASE_SP,2018,3,interior,a_ice,0.01808
CMdev_BASE_SP,2018,4,interior,a_ice,0.03941
CMdev_BASE_SP,2018,5,interior,a_ice,0.01583
CMdev_BASE_SP,2018,6,interior,a_ice,0.00027
CMdev_BASE_SP,2018,7,interior,a_ice,0.00000
CMdev_BASE_SP,2018,8,interior,a_ice,0.00000
CMdev_BASE_SP,2018,9,interior,a_ice,0.00000
CMdev_BASE_SP,2018,10,interior,a_ice,0.00000
CMdev_BASE_SP,2018,11,interior,a_ice,0.00000
CMdev_BASE_SP,2018,12,interior,a_ice,0.00001
CMdev_BASE_SP,2018,1,labsea,MLD2,1598.66244
CMdev_BASE_SP,2018,2,labsea,MLD2,1713.92909
CMdev_BASE_SP,2018,3,labsea,MLD2,1675.19542
CMdev_BASE_SP,2018,4,labsea,MLD2,1656.09413
CMdev_BASE_SP,2018,5,labsea,MLD2,439.60342
CMdev_BASE_SP,2018,6,labsea,MLD2,25.71963
CMdev_BASE_SP,2018,7,labsea,MLD2,16.11092
CMdev_BASE_SP,2018,8,labsea,MLD2,16.05349
CMdev_BASE_SP,2018,9,labsea,MLD2,21.84716
CMdev_BASE_SP,2018,10,labsea,MLD2,33.42416
CMdev_BASE_SP,2018,11,labsea,MLD2,91.40147
CMdev_BASE_SP,2018,12,labsea,MLD2,405.59865
CMdev_BASE_SP,2018,1,interior,MLD2,2522.03016
CMdev_BASE_SP,2018,2,interior,MLD2,2631.96366
CMdev_BASE_SP,2018,3,interior,MLD2,2665.99089
CMdev_BASE_SP,2018,4,interior,MLD2,2606.88219
CMdev_BASE_SP,2018,5,interior,MLD2,916.08974
CMdev_BASE_SP,2018,6,interior,MLD2,33.12252
CMdev_BASE_SP,2018,7,interior,MLD2,17.60633
CMdev_BASE_SP,2018,8,interior,MLD2,17.30622
CMdev_BASE_SP,2018,9,interior,MLD2,22.66513
CMdev_BASE_SP,2018,10,interior,MLD2,31.78809
CMdev_BASE_SP,2018,11,interior,MLD2,164.63221
CMdev_BASE_SP,2018,12,interior,MLD2,895.22217
CMdev_BASE_SP,2019,1,labsea,a_ice,0.07527
CMdev_BASE_SP,2019,2,labsea,a_ice,0.13239
CMdev_BASE_SP,2019,3,labsea,a_ice,0.18814
CMdev_BASE_SP,2019,4,labsea,a_ice,0.18089
CMdev_BASE_SP,2019,5,labsea,a_ice,0.16655
CMdev_BASE_SP,2019,6,labsea,a_ice,0.08461
CMdev_BASE_SP,2019,7,labsea,a_ice,0.01035
CMdev_BASE_SP,2019,8,labsea,a_ice,0.00002
CMdev_BASE_SP,2019,9,labsea,a_ice,0.00000
CMdev_BASE_SP,2019,10,labsea,a_ice,0.00000
CMdev_BASE_SP,2019,11,labsea,a_ice,0.00044
CMdev_BASE_SP,2019,12,labsea,a_ice,0.03045
CMdev_BASE_SP,2019,1,interior,a_ice,0.00100
CMdev_BASE_SP,2019,2,interior,a_ice,0.00610
CMdev_BASE_SP,2019,3,interior,a_ice,0.02569
CMdev_BASE_SP,2019,4,interior,a_ice,0.02371
CMdev_BASE_SP,2019,5,interior,a_ice,0.01180
CMdev_BASE_SP,2019,6,interior,a_ice,0.00366
CMdev_BASE_SP,2019,7,interior,a_ice,0.00001
CMdev_BASE_SP,2019,8,interior,a_ice,0.00000
CMdev_BASE_SP,2019,9,interior,a_ice,0.00000
CMdev_BASE_SP,2019,10,interior,a_ice,0.00000
CMdev_BASE_SP,2019,11,interior,a_ice,0.00000
CMdev_BASE_SP,2019,12,interior,a_ice,0.00018
CMdev_BASE_SP,2019,1,labsea,MLD2,1037.70580
CMdev_BASE_SP,2019,2,labsea,MLD2,1712.63762
CMdev_BASE_SP,2019,3,labsea,MLD2,1775.25750
CMdev_BASE_SP,2019,4,labsea,MLD2,1574.92041
CMdev_BASE_SP,2019,5,labsea,MLD2,797.21837
CMdev_BASE_SP,2019,6,labsea,MLD2,31.58974
CMdev_BASE_SP,2019,7,labsea,MLD2,14.77619
CMdev_BASE_SP,2019,8,labsea,MLD2,14.28414
CMdev_BASE_SP,2019,9,labsea,MLD2,20.62595
CMdev_BASE_SP,2019,10,labsea,MLD2,29.58995
CMdev_BASE_SP,2019,11,labsea,MLD2,47.61371
CMdev_BASE_SP,2019,12,labsea,MLD2,264.65334
CMdev_BASE_SP,2019,1,interior,MLD2,2004.37460
CMdev_BASE_SP,2019,2,interior,MLD2,2679.09524
CMdev_BASE_SP,2019,3,interior,MLD2,2671.34179
CMdev_BASE_SP,2019,4,interior,MLD2,2488.84673
CMdev_BASE_SP,2019,5,interior,MLD2,1644.50793
CMdev_BASE_SP,2019,6,interior,MLD2,59.51531
CMdev_BASE_SP,2019,7,interior,MLD2,17.63148
CMdev_BASE_SP,2019,8,interior,MLD2,16.23436
CMdev_BASE_SP,2019,9,interior,MLD2,22.57866
CMdev_BASE_SP,2019,10,interior,MLD2,32.75930
CMdev_BASE_SP,2019,11,interior,MLD2,51.96798
CMdev_BASE_SP,2019,12,interior,MLD2,599.04447
CMdev_BASE_SP,2020,1,labsea,a_ice,0.14467
CMdev_BASE_SP,2020,2,labsea,a_ice,0.19174
CMdev_BASE_SP,2020,3,labsea,a_ice,0.19952
CMdev_BASE_SP,2020,4,labsea,a_ice,0.16752
CMdev_BASE_SP,2020,5,labsea,a_ice,0.07537
CMdev_BASE_SP,2020,6,labsea,a_ice,0.00592
CMdev_BASE_SP,2020,7,labsea,a_ice,0.00000
CMdev_BASE_SP,2020,8,labsea,a_ice,0.00000
CMdev_BASE_SP,2020,9,labsea,a_ice,0.00000
CMdev_BASE_SP,2020,10,labsea,a_ice,0.00000
CMdev_BASE_SP,2020,11,labsea,a_ice,0.00000
CMdev_BASE_SP,2020,12,labsea,a_ice,0.01072
CMdev_BASE_SP,2020,1,interior,a_ice,0.02554
CMdev_BASE_SP,2020,2,interior,a_ice,0.03897
CMdev_BASE_SP,2020,3,interior,a_ice,0.03684
CMdev_BASE_SP,2020,4,interior,a_ice,0.03628
CMdev_BASE_SP,2020,5,interior,a_ice,0.00331
CMdev_BASE_SP,2020,6,interior,a_ice,0.00007
CMdev_BASE_SP,2020,7,interior,a_ice,0.00000
CMdev_BASE_SP,2020,8,interior,a_ice,0.00000
CMdev_BASE_SP,2020,9,interior,a_ice,0.00000
CMdev_BASE_SP,2020,10,interior,a_ice,0.00000
CMdev_BASE_SP,2020,11,interior,a_ice,0.00000
CMdev_BASE_SP,2020,12,interior,a_ice,0.00000
CMdev_BASE_SP,2020,1,labsea,MLD2,1464.56519
CMdev_BASE_SP,2020,2,labsea,MLD2,1681.20391
CMdev_BASE_SP,2020,3,labsea,MLD2,1645.05605
CMdev_BASE_SP,2020,4,labsea,MLD2,1298.30720
CMdev_BASE_SP,2020,5,labsea,MLD2,192.47529
CMdev_BASE_SP,2020,6,labsea,MLD2,19.71951
CMdev_BASE_SP,2020,7,labsea,MLD2,16.59680
CMdev_BASE_SP,2020,8,labsea,MLD2,11.87060
CMdev_BASE_SP,2020,9,labsea,MLD2,18.03377
CMdev_BASE_SP,2020,10,labsea,MLD2,30.83778
CMdev_BASE_SP,2020,11,labsea,MLD2,50.84474
CMdev_BASE_SP,2020,12,labsea,MLD2,422.33905
CMdev_BASE_SP,2020,1,interior,MLD2,2439.80022
CMdev_BASE_SP,2020,2,interior,MLD2,2624.41580
CMdev_BASE_SP,2020,3,interior,MLD2,2603.36034
CMdev_BASE_SP,2020,4,interior,MLD2,2243.46256
CMdev_BASE_SP,2020,5,interior,MLD2,609.88674
CMdev_BASE_SP,2020,6,interior,MLD2,23.35703
CMdev_BASE_SP,2020,7,interior,MLD2,18.33213
CMdev_BASE_SP,2020,8,interior,MLD2,12.86280
CMdev_BASE_SP,2020,9,interior,MLD2,17.20861
CMdev_BASE_SP,2020,10,interior,MLD2,25.83965
CMdev_BASE_SP,2020,11,interior,MLD2,45.40109
CMdev_BASE_SP,2020,12,interior,MLD2,950.69184
CMdev_BASE_SP,2021,1,labsea,a_ice,0.06645
CMdev_BASE_SP,2021,2,labsea,a_ice,0.12953
CMdev_BASE_SP,2021,3,labsea,a_ice,0.13178
CMdev_BASE_SP,2021,4,labsea,a_ice,0.12857
CMdev_BASE_SP,2021,5,labsea,a_ice,0.11418
CMdev_BASE_SP,2021,6,labsea,a_ice,0.04905
CMdev_BASE_SP,2021,7,labsea,a_ice,0.00733
CMdev_BASE_SP,2021,8,labsea,a_ice,0.00000
CMdev_BASE_SP,2021,9,labsea,a_ice,0.00000
CMdev_BASE_SP,2021,10,labsea,a_ice,0.00000
CMdev_BASE_SP,2021,11,labsea,a_ice,0.00215
CMdev_BASE_SP,2021,12,labsea,a_ice,0.04577
CMdev_BASE_SP,2021,1,interior,a_ice,0.00778
CMdev_BASE_SP,2021,2,interior,a_ice,0.01228
CMdev_BASE_SP,2021,3,interior,a_ice,0.00711
CMdev_BASE_SP,2021,4,interior,a_ice,0.00411
CMdev_BASE_SP,2021,5,interior,a_ice,0.00441
CMdev_BASE_SP,2021,6,interior,a_ice,0.00020
CMdev_BASE_SP,2021,7,interior,a_ice,0.00000
CMdev_BASE_SP,2021,8,interior,a_ice,0.00000
CMdev_BASE_SP,2021,9,interior,a_ice,0.00000
CMdev_BASE_SP,2021,10,interior,a_ice,0.00000
CMdev_BASE_SP,2021,11,interior,a_ice,0.00000
CMdev_BASE_SP,2021,12,interior,a_ice,0.00025
CMdev_BASE_SP,2021,1,labsea,MLD2,1597.01957
CMdev_BASE_SP,2021,2,labsea,MLD2,1807.19601
CMdev_BASE_SP,2021,3,labsea,MLD2,1815.03900
CMdev_BASE_SP,2021,4,labsea,MLD2,1724.71696
CMdev_BASE_SP,2021,5,labsea,MLD2,625.21421
CMdev_BASE_SP,2021,6,labsea,MLD2,23.00851
CMdev_BASE_SP,2021,7,labsea,MLD2,16.66276
CMdev_BASE_SP,2021,8,labsea,MLD2,16.27301
CMdev_BASE_SP,2021,9,labsea,MLD2,20.64478
CMdev_BASE_SP,2021,10,labsea,MLD2,27.94574
CMdev_BASE_SP,2021,11,labsea,MLD2,58.07634
CMdev_BASE_SP,2021,12,labsea,MLD2,638.91148
CMdev_BASE_SP,2021,1,interior,MLD2,2513.72573
CMdev_BASE_SP,2021,2,interior,MLD2,2687.98522
CMdev_BASE_SP,2021,3,interior,MLD2,2694.70254
CMdev_BASE_SP,2021,4,interior,MLD2,2652.02183
CMdev_BASE_SP,2021,5,interior,MLD2,1513.72731
CMdev_BASE_SP,2021,6,interior,MLD2,31.55463
CMdev_BASE_SP,2021,7,interior,MLD2,17.75090
CMdev_BASE_SP,2021,8,interior,MLD2,16.99608
CMdev_BASE_SP,2021,9,interior,MLD2,20.19373
CMdev_BASE_SP,2021,10,interior,MLD2,26.80307
CMdev_BASE_SP,2021,11,interior,MLD2,58.91310
CMdev_BASE_SP,2021,12,interior,MLD2,1279.94635
CMdev_BASE_SP,2022,1,labsea,a_ice,0.10477
CMdev_BASE_SP,2022,2,labsea,a_ice,0.14196
CMdev_BASE_SP,2022,3,labsea,a_ice,0.14853
CMdev_BASE_SP,2022,4,labsea,a_ice,0.11592
CMdev_BASE_SP,2022,5,labsea,a_ice,0.05663
CMdev_BASE_SP,2022,6,labsea,a_ice,0.00361
CMdev_BASE_SP,2022,7,labsea,a_ice,0.00001
CMdev_BASE_SP,2022,8,labsea,a_ice,0.00000
CMdev_BASE_SP,2022,9,labsea,a_ice,0.00000
CMdev_BASE_SP,2022,10,labsea,a_ice,0.00000
CMdev_BASE_SP,2022,11,labsea,a_ice,0.00063
CMdev_BASE_SP,2022,12,labsea,a_ice,0.02414
CMdev_BASE_SP,2022,1,interior,a_ice,0.00190
CMdev_BASE_SP,2022,2,interior,a_ice,0.00909
CMdev_BASE_SP,2022,3,interior,a_ice,0.01654
CMdev_BASE_SP,2022,4,interior,a_ice,0.02389
CMdev_BASE_SP,2022,5,interior,a_ice,0.00180
CMdev_BASE_SP,2022,6,interior,a_ice,0.00000
CMdev_BASE_SP,2022,7,interior,a_ice,0.00000
CMdev_BASE_SP,2022,8,interior,a_ice,0.00000
CMdev_BASE_SP,2022,9,interior,a_ice,0.00000
CMdev_BASE_SP,2022,10,interior,a_ice,0.00000
CMdev_BASE_SP,2022,11,interior,a_ice,0.00000
CMdev_BASE_SP,2022,12,interior,a_ice,0.00000
CMdev_BASE_SP,2022,1,labsea,MLD2,1538.28697
CMdev_BASE_SP,2022,2,labsea,MLD2,1653.14955
CMdev_BASE_SP,2022,3,labsea,MLD2,1619.22998
CMdev_BASE_SP,2022,4,labsea,MLD2,1508.45938
CMdev_BASE_SP,2022,5,labsea,MLD2,656.91860
CMdev_BASE_SP,2022,6,labsea,MLD2,17.89720
CMdev_BASE_SP,2022,7,labsea,MLD2,13.72803
CMdev_BASE_SP,2022,8,labsea,MLD2,13.80992
CMdev_BASE_SP,2022,9,labsea,MLD2,24.91812
CMdev_BASE_SP,2022,10,labsea,MLD2,31.48467
CMdev_BASE_SP,2022,11,labsea,MLD2,64.58899
CMdev_BASE_SP,2022,12,labsea,MLD2,797.69273
CMdev_BASE_SP,2022,1,interior,MLD2,2581.67100
CMdev_BASE_SP,2022,2,interior,MLD2,2657.80137
CMdev_BASE_SP,2022,3,interior,MLD2,2578.10257
CMdev_BASE_SP,2022,4,interior,MLD2,2516.26790
CMdev_BASE_SP,2022,5,interior,MLD2,1774.20410
CMdev_BASE_SP,2022,6,interior,MLD2,19.55904
CMdev_BASE_SP,2022,7,interior,MLD2,13.88179
CMdev_BASE_SP,2022,8,interior,MLD2,14.54834
CMdev_BASE_SP,2022,9,interior,MLD2,26.02016
CMdev_BASE_SP,2022,10,interior,MLD2,29.74754
CMdev_BASE_SP,2022,11,interior,MLD2,94.78631
CMdev_BASE_SP,2022,12,interior,MLD2,1832.86846
CMdev_BASE_SP,2023,1,labsea,a_ice,0.07738
CMdev_BASE_SP,2023,2,labsea,a_ice,0.12632
CMdev_BASE_SP,2023,3,labsea,a_ice,0.17107
CMdev_BASE_SP,2023,4,labsea,a_ice,0.18041
CMdev_BASE_SP,2023,5,labsea,a_ice,0.13794
CMdev_BASE_SP,2023,6,labsea,a_ice,0.07153
CMdev_BASE_SP,2023,7,labsea,a_ice,0.01255
CMdev_BASE_SP,2023,8,labsea,a_ice,0.00015
CMdev_BASE_SP,2023,9,labsea,a_ice,0.00000
CMdev_BASE_SP,2023,10,labsea,a_ice,0.00000
CMdev_BASE_SP,2023,11,labsea,a_ice,0.00823
CMdev_BASE_SP,2023,12,labsea,a_ice,0.04666
CMdev_BASE_SP,2023,1,interior,a_ice,0.00332
CMdev_BASE_SP,2023,2,interior,a_ice,0.00436
CMdev_BASE_SP,2023,3,interior,a_ice,0.00835
CMdev_BASE_SP,2023,4,interior,a_ice,0.01607
CMdev_BASE_SP,2023,5,interior,a_ice,0.05063
CMdev_BASE_SP,2023,6,interior,a_ice,0.00043
CMdev_BASE_SP,2023,7,interior,a_ice,0.00000
CMdev_BASE_SP,2023,8,interior,a_ice,0.00000
CMdev_BASE_SP,2023,9,interior,a_ice,0.00000
CMdev_BASE_SP,2023,10,interior,a_ice,0.00000
CMdev_BASE_SP,2023,11,interior,a_ice,0.00000
CMdev_BASE_SP,2023,12,interior,a_ice,0.00000
CMdev_BASE_SP,2023,1,labsea,MLD2,1577.99506
CMdev_BASE_SP,2023,2,labsea,MLD2,1795.10538
CMdev_BASE_SP,2023,3,labsea,MLD2,1696.33697
CMdev_BASE_SP,2023,4,labsea,MLD2,1569.68741
CMdev_BASE_SP,2023,5,labsea,MLD2,999.25783
CMdev_BASE_SP,2023,6,labsea,MLD2,43.11249
CMdev_BASE_SP,2023,7,labsea,MLD2,16.90385
CMdev_BASE_SP,2023,8,labsea,MLD2,13.05017
CMdev_BASE_SP,2023,9,labsea,MLD2,24.24810
CMdev_BASE_SP,2023,10,labsea,MLD2,35.59031
CMdev_BASE_SP,2023,11,labsea,MLD2,143.80603
CMdev_BASE_SP,2023,12,labsea,MLD2,727.21941
CMdev_BASE_SP,2023,1,interior,MLD2,2647.69296
CMdev_BASE_SP,2023,2,interior,MLD2,2703.58786
CMdev_BASE_SP,2023,3,interior,MLD2,2603.89488
CMdev_BASE_SP,2023,4,interior,MLD2,2485.04053
CMdev_BASE_SP,2023,5,interior,MLD2,1774.71501
CMdev_BASE_SP,2023,6,interior,MLD2,110.01782
CMdev_BASE_SP,2023,7,interior,MLD2,17.19539
CMdev_BASE_SP,2023,8,interior,MLD2,14.20970
CMdev_BASE_SP,2023,9,interior,MLD2,24.53110
CMdev_BASE_SP,2023,10,interior,MLD2,35.55517
CMdev_BASE_SP,2023,11,interior,MLD2,301.49585
CMdev_BASE_SP,2023,12,interior,MLD2,1331.69535
CMdev_BASE_SP,2024,1,labsea,a_ice,0.11939
CMdev_BASE_SP,2024,2,labsea,a_ice,0.25053
CMdev_BASE_SP,2024,3,labsea,a_ice,0.24798
CMdev_BASE_SP,2024,4,labsea,a_ice,0.26564
CMdev_BASE_SP,2024,5,labsea,a_ice,0.16509
CMdev_BASE_SP,2024,6,labsea,a_ice,0.06394
CMdev_BASE_SP,2024,7,labsea,a_ice,0.00471
CMdev_BASE_SP,2024,8,labsea,a_ice,0.00000
CMdev_BASE_SP,2024,9,labsea,a_ice,0.00000
CMdev_BASE_SP,2024,10,labsea,a_ice,0.00000
CMdev_BASE_SP,2024,11,labsea,a_ice,0.00778
CMdev_BASE_SP,2024,12,labsea,a_ice,0.10605
CMdev_BASE_SP,2024,1,interior,a_ice,0.00503
CMdev_BASE_SP,2024,2,interior,a_ice,0.06306
CMdev_BASE_SP,2024,3,interior,a_ice,0.08228
CMdev_BASE_SP,2024,4,interior,a_ice,0.04925
CMdev_BASE_SP,2024,5,interior,a_ice,0.03934
CMdev_BASE_SP,2024,6,interior,a_ice,0.00729
CMdev_BASE_SP,2024,7,interior,a_ice,0.00000
CMdev_BASE_SP,2024,8,interior,a_ice,0.00000
CMdev_BASE_SP,2024,9,interior,a_ice,0.00000
CMdev_BASE_SP,2024,10,interior,a_ice,0.00000
CMdev_BASE_SP,2024,11,interior,a_ice,0.00000
CMdev_BASE_SP,2024,12,interior,a_ice,0.00749
CMdev_BASE_SP,2024,1,labsea,MLD2,1543.21141
CMdev_BASE_SP,2024,2,labsea,MLD2,1633.82909
CMdev_BASE_SP,2024,3,labsea,MLD2,1527.48056
CMdev_BASE_SP,2024,4,labsea,MLD2,1348.43243
CMdev_BASE_SP,2024,5,labsea,MLD2,260.17219
CMdev_BASE_SP,2024,6,labsea,MLD2,17.95066
CMdev_BASE_SP,2024,7,labsea,MLD2,13.26754
CMdev_BASE_SP,2024,8,labsea,MLD2,16.20816
CMdev_BASE_SP,2024,9,labsea,MLD2,22.94375
CMdev_BASE_SP,2024,10,labsea,MLD2,32.82679
CMdev_BASE_SP,2024,11,labsea,MLD2,305.96509
CMdev_BASE_SP,2024,12,labsea,MLD2,1392.53597
CMdev_BASE_SP,2024,1,interior,MLD2,2373.83658
CMdev_BASE_SP,2024,2,interior,MLD2,2523.29032
CMdev_BASE_SP,2024,3,interior,MLD2,2366.43010
CMdev_BASE_SP,2024,4,interior,MLD2,2319.58631
CMdev_BASE_SP,2024,5,interior,MLD2,663.06192
CMdev_BASE_SP,2024,6,interior,MLD2,21.89418
CMdev_BASE_SP,2024,7,interior,MLD2,15.05929
CMdev_BASE_SP,2024,8,interior,MLD2,17.44523
CMdev_BASE_SP,2024,9,interior,MLD2,25.05135
CMdev_BASE_SP,2024,10,interior,MLD2,33.71394
CMdev_BASE_SP,2024,11,interior,MLD2,699.90914
CMdev_BASE_SP,2024,12,interior,MLD2,2396.39895
CMdev_BASE_SP,2025,1,labsea,a_ice,0.21896
CMdev_BASE_SP,2025,2,labsea,a_ice,0.22332
CMdev_BASE_SP,2025,3,labsea,a_ice,0.20624
CMdev_BASE_SP,2025,4,labsea,a_ice,0.20217
CMdev_BASE_SP,2025,5,labsea,a_ice,0.10909
CMdev_BASE_SP,2025,6,labsea,a_ice,0.03982
CMdev_BASE_SP,2025,7,labsea,a_ice,0.00654
CMdev_BASE_SP,2025,8,labsea,a_ice,0.00000
CMdev_BASE_SP,2025,9,labsea,a_ice,0.00000
CMdev_BASE_SP,2025,10,labsea,a_ice,0.00019
CMdev_BASE_SP,2025,11,labsea,a_ice,0.04537
CMdev_BASE_SP,2025,12,labsea,a_ice,0.07599
CMdev_BASE_SP,2025,1,interior,a_ice,0.04651
CMdev_BASE_SP,2025,2,interior,a_ice,0.02252
CMdev_BASE_SP,2025,3,interior,a_ice,0.01274
CMdev_BASE_SP,2025,4,interior,a_ice,0.03742
CMdev_BASE_SP,2025,5,interior,a_ice,0.03270
CMdev_BASE_SP,2025,6,interior,a_ice,0.00176
CMdev_BASE_SP,2025,7,interior,a_ice,0.00000
CMdev_BASE_SP,2025,8,interior,a_ice,0.00000
CMdev_BASE_SP,2025,9,interior,a_ice,0.00000
CMdev_BASE_SP,2025,10,interior,a_ice,0.00000
CMdev_BASE_SP,2025,11,interior,a_ice,0.00000
CMdev_BASE_SP,2025,12,interior,a_ice,0.00032
CMdev_BASE_SP,2025,1,labsea,MLD2,1651.62284
CMdev_BASE_SP,2025,2,labsea,MLD2,1687.34779
CMdev_BASE_SP,2025,3,labsea,MLD2,1718.26866
CMdev_BASE_SP,2025,4,labsea,MLD2,1601.45043
CMdev_BASE_SP,2025,5,labsea,MLD2,506.05342
CMdev_BASE_SP,2025,6,labsea,MLD2,18.51192
CMdev_BASE_SP,2025,7,labsea,MLD2,13.74347
CMdev_BASE_SP,2025,8,labsea,MLD2,17.78146
CMdev_BASE_SP,2025,9,labsea,MLD2,21.67626
CMdev_BASE_SP,2025,10,labsea,MLD2,34.43686
CMdev_BASE_SP,2025,11,labsea,MLD2,393.42380
CMdev_BASE_SP,2025,12,labsea,MLD2,975.39281
CMdev_BASE_SP,2025,1,interior,MLD2,2594.91863
CMdev_BASE_SP,2025,2,interior,MLD2,2658.51794
CMdev_BASE_SP,2025,3,interior,MLD2,2676.96968
CMdev_BASE_SP,2025,4,interior,MLD2,2515.35786
CMdev_BASE_SP,2025,5,interior,MLD2,1028.44708
CMdev_BASE_SP,2025,6,interior,MLD2,20.52219
CMdev_BASE_SP,2025,7,interior,MLD2,15.13887
CMdev_BASE_SP,2025,8,interior,MLD2,19.37460
CMdev_BASE_SP,2025,9,interior,MLD2,23.97664
CMdev_BASE_SP,2025,10,interior,MLD2,37.12016
CMdev_BASE_SP,2025,11,interior,MLD2,1115.20583
CMdev_BASE_SP,2025,12,interior,MLD2,2027.79191
CMdev_BASE_SP,2026,1,labsea,a_ice,0.18496
CMdev_BASE_SP,2026,2,labsea,a_ice,0.20842
CMdev_BASE_SP,2026,3,labsea,a_ice,0.16958
CMdev_BASE_SP,2026,4,labsea,a_ice,0.18525
CMdev_BASE_SP,2026,5,labsea,a_ice,0.09952
CMdev_BASE_SP,2026,6,labsea,a_ice,0.02086
CMdev_BASE_SP,2026,7,labsea,a_ice,0.00021
CMdev_BASE_SP,2026,8,labsea,a_ice,0.00000
CMdev_BASE_SP,2026,9,labsea,a_ice,0.00000
CMdev_BASE_SP,2026,10,labsea,a_ice,0.00037
CMdev_BASE_SP,2026,11,labsea,a_ice,0.02847
CMdev_BASE_SP,2026,12,labsea,a_ice,0.09273
CMdev_BASE_SP,2026,1,interior,a_ice,0.03829
CMdev_BASE_SP,2026,2,interior,a_ice,0.03267
CMdev_BASE_SP,2026,3,interior,a_ice,0.03861
CMdev_BASE_SP,2026,4,interior,a_ice,0.03769
CMdev_BASE_SP,2026,5,interior,a_ice,0.01599
CMdev_BASE_SP,2026,6,interior,a_ice,0.00007
CMdev_BASE_SP,2026,7,interior,a_ice,0.00000
CMdev_BASE_SP,2026,8,interior,a_ice,0.00000
CMdev_BASE_SP,2026,9,interior,a_ice,0.00000
CMdev_BASE_SP,2026,10,interior,a_ice,0.00000
CMdev_BASE_SP,2026,11,interior,a_ice,0.00000
CMdev_BASE_SP,2026,12,interior,a_ice,0.00092
CMdev_BASE_SP,2026,1,labsea,MLD2,1656.23503
CMdev_BASE_SP,2026,2,labsea,MLD2,1680.12729
CMdev_BASE_SP,2026,3,labsea,MLD2,1624.29402
CMdev_BASE_SP,2026,4,labsea,MLD2,1537.64983
CMdev_BASE_SP,2026,5,labsea,MLD2,588.34929
CMdev_BASE_SP,2026,6,labsea,MLD2,12.49941
CMdev_BASE_SP,2026,7,labsea,MLD2,13.81634
CMdev_BASE_SP,2026,8,labsea,MLD2,14.72961
CMdev_BASE_SP,2026,9,labsea,MLD2,23.26605
CMdev_BASE_SP,2026,10,labsea,MLD2,35.68174
CMdev_BASE_SP,2026,11,labsea,MLD2,367.04505
CMdev_BASE_SP,2026,12,labsea,MLD2,1210.71198
CMdev_BASE_SP,2026,1,interior,MLD2,2637.91592
CMdev_BASE_SP,2026,2,interior,MLD2,2629.38115
CMdev_BASE_SP,2026,3,interior,MLD2,2615.81440
CMdev_BASE_SP,2026,4,interior,MLD2,2558.22479
CMdev_BASE_SP,2026,5,interior,MLD2,1376.58081
CMdev_BASE_SP,2026,6,interior,MLD2,12.86712
CMdev_BASE_SP,2026,7,interior,MLD2,15.48257
CMdev_BASE_SP,2026,8,interior,MLD2,16.06005
CMdev_BASE_SP,2026,9,interior,MLD2,21.37721
CMdev_BASE_SP,2026,10,interior,MLD2,35.31398
CMdev_BASE_SP,2026,11,interior,MLD2,985.14110
CMdev_BASE_SP,2026,12,interior,MLD2,2447.56110
CMdev_BASE_SP,2027,1,labsea,a_ice,0.17159
CMdev_BASE_SP,2027,2,labsea,a_ice,0.20402
CMdev_BASE_SP,2027,3,labsea,a_ice,0.22085
CMdev_BASE_SP,2027,4,labsea,a_ice,0.15437
CMdev_BASE_SP,2027,5,labsea,a_ice,0.10069
CMdev_BASE_SP,2027,6,labsea,a_ice,0.02550
CMdev_BASE_SP,2027,7,labsea,a_ice,0.00248
CMdev_BASE_SP,2027,8,labsea,a_ice,0.00003
CMdev_BASE_SP,2027,9,labsea,a_ice,0.00000
CMdev_BASE_SP,2027,10,labsea,a_ice,0.00000
CMdev_BASE_SP,2027,11,labsea,a_ice,0.00873
CMdev_BASE_SP,2027,12,labsea,a_ice,0.07087
CMdev_BASE_SP,2027,1,interior,a_ice,0.02158
CMdev_BASE_SP,2027,2,interior,a_ice,0.02112
CMdev_BASE_SP,2027,3,interior,a_ice,0.04490
CMdev_BASE_SP,2027,4,interior,a_ice,0.02309
CMdev_BASE_SP,2027,5,interior,a_ice,0.01403
CMdev_BASE_SP,2027,6,interior,a_ice,0.00000
CMdev_BASE_SP,2027,7,interior,a_ice,0.00000
CMdev_BASE_SP,2027,8,interior,a_ice,0.00000
CMdev_BASE_SP,2027,9,interior,a_ice,0.00000
CMdev_BASE_SP,2027,10,interior,a_ice,0.00000
CMdev_BASE_SP,2027,11,interior,a_ice,0.00000
CMdev_BASE_SP,2027,12,interior,a_ice,0.00031
CMdev_BASE_SP,2027,1,labsea,MLD2,1697.18861
CMdev_BASE_SP,2027,2,labsea,MLD2,1720.99717
CMdev_BASE_SP,2027,3,labsea,MLD2,1693.07276
CMdev_BASE_SP,2027,4,labsea,MLD2,1367.90475
CMdev_BASE_SP,2027,5,labsea,MLD2,748.41360
CMdev_BASE_SP,2027,6,labsea,MLD2,16.95839
CMdev_BASE_SP,2027,7,labsea,MLD2,13.27465
CMdev_BASE_SP,2027,8,labsea,MLD2,14.95658
CMdev_BASE_SP,2027,9,labsea,MLD2,25.04585
CMdev_BASE_SP,2027,10,labsea,MLD2,32.66900
CMdev_BASE_SP,2027,11,labsea,MLD2,225.76143
CMdev_BASE_SP,2027,12,labsea,MLD2,1371.04164
CMdev_BASE_SP,2027,1,interior,MLD2,2686.18485
CMdev_BASE_SP,2027,2,interior,MLD2,2653.60929
CMdev_BASE_SP,2027,3,interior,MLD2,2628.87096
CMdev_BASE_SP,2027,4,interior,MLD2,2361.02780
CMdev_BASE_SP,2027,5,interior,MLD2,1521.71878
CMdev_BASE_SP,2027,6,interior,MLD2,20.21765
CMdev_BASE_SP,2027,7,interior,MLD2,14.33117
CMdev_BASE_SP,2027,8,interior,MLD2,16.53220
CMdev_BASE_SP,2027,9,interior,MLD2,27.41657
CMdev_BASE_SP,2027,10,interior,MLD2,33.50139
CMdev_BASE_SP,2027,11,interior,MLD2,450.51029
CMdev_BASE_SP,2027,12,interior,MLD2,2575.06255
CMdev_BASE_SP,2028,1,labsea,a_ice,0.16421
CMdev_BASE_SP,2028,2,labsea,a_ice,0.18141
CMdev_BASE_SP,2028,3,labsea,a_ice,0.20900
CMdev_BASE_SP,2028,4,labsea,a_ice,0.17267
CMdev_BASE_SP,2028,5,labsea,a_ice,0.14354
CMdev_BASE_SP,2028,6,labsea,a_ice,0.07239
CMdev_BASE_SP,2028,7,labsea,a_ice,0.01777
CMdev_BASE_SP,2028,8,labsea,a_ice,0.00012
CMdev_BASE_SP,2028,9,labsea,a_ice,0.00000
CMdev_BASE_SP,2028,10,labsea,a_ice,0.00000
CMdev_BASE_SP,2028,11,labsea,a_ice,0.00985
CMdev_BASE_SP,2028,12,labsea,a_ice,0.06166
CMdev_BASE_SP,2028,1,interior,a_ice,0.01290
CMdev_BASE_SP,2028,2,interior,a_ice,0.03223
CMdev_BASE_SP,2028,3,interior,a_ice,0.05067
CMdev_BASE_SP,2028,4,interior,a_ice,0.02285
CMdev_BASE_SP,2028,5,interior,a_ice,0.01718
CMdev_BASE_SP,2028,6,interior,a_ice,0.00129
CMdev_BASE_SP,2028,7,interior,a_ice,0.00000
CMdev_BASE_SP,2028,8,interior,a_ice,0.00000
CMdev_BASE_SP,2028,9,interior,a_ice,0.00000
CMdev_BASE_SP,2028,10,interior,a_ice,0.00000
CMdev_BASE_SP,2028,11,interior,a_ice,0.00000
CMdev_BASE_SP,2028,12,interior,a_ice,0.00000
CMdev_BASE_SP,2028,1,labsea,MLD2,1760.34896
CMdev_BASE_SP,2028,2,labsea,MLD2,1762.87608
CMdev_BASE_SP,2028,3,labsea,MLD2,1731.72154
CMdev_BASE_SP,2028,4,labsea,MLD2,1727.89179
CMdev_BASE_SP,2028,5,labsea,MLD2,1003.06731
CMdev_BASE_SP,2028,6,labsea,MLD2,18.67195
CMdev_BASE_SP,2028,7,labsea,MLD2,10.89427
CMdev_BASE_SP,2028,8,labsea,MLD2,14.84298
CMdev_BASE_SP,2028,9,labsea,MLD2,23.35268
CMdev_BASE_SP,2028,10,labsea,MLD2,37.96983
CMdev_BASE_SP,2028,11,labsea,MLD2,233.76648
CMdev_BASE_SP,2028,12,labsea,MLD2,976.91987
CMdev_BASE_SP,2028,1,interior,MLD2,2709.81136
CMdev_BASE_SP,2028,2,interior,MLD2,2652.23083
CMdev_BASE_SP,2028,3,interior,MLD2,2612.60964
CMdev_BASE_SP,2028,4,interior,MLD2,2659.52927
CMdev_BASE_SP,2028,5,interior,MLD2,1780.27384
CMdev_BASE_SP,2028,6,interior,MLD2,22.16430
CMdev_BASE_SP,2028,7,interior,MLD2,11.59847
CMdev_BASE_SP,2028,8,interior,MLD2,16.18164
CMdev_BASE_SP,2028,9,interior,MLD2,24.11542
CMdev_BASE_SP,2028,10,interior,MLD2,37.91715
CMdev_BASE_SP,2028,11,interior,MLD2,632.35321
CMdev_BASE_SP,2028,12,interior,MLD2,2207.55873
CMdev_BASE_SP,2029,1,labsea,a_ice,0.10324
CMdev_BASE_SP,2029,2,labsea,a_ice,0.16582
CMdev_BASE_SP,2029,3,labsea,a_ice,0.17218
CMdev_BASE_SP,2029,4,labsea,a_ice,0.13833
CMdev_BASE_SP,2029,5,labsea,a_ice,0.11272
CMdev_BASE_SP,2029,6,labsea,a_ice,0.05317
CMdev_BASE_SP,2029,7,labsea,a_ice,0.00470
CMdev_BASE_SP,2029,8,labsea,a_ice,0.00000
CMdev_BASE_SP,2029,9,labsea,a_ice,0.00000
CMdev_BASE_SP,2029,10,labsea,a_ice,0.00000
CMdev_BASE_SP,2029,11,labsea,a_ice,0.00824
CMdev_BASE_SP,2029,12,labsea,a_ice,0.04995
CMdev_BASE_SP,2029,1,interior,a_ice,0.00283
CMdev_BASE_SP,2029,2,interior,a_ice,0.01563
CMdev_BASE_SP,2029,3,interior,a_ice,0.02297
CMdev_BASE_SP,2029,4,interior,a_ice,0.00435
CMdev_BASE_SP,2029,5,interior,a_ice,0.00669
CMdev_BASE_SP,2029,6,interior,a_ice,0.00136
CMdev_BASE_SP,2029,7,interior,a_ice,0.00000
CMdev_BASE_SP,2029,8,interior,a_ice,0.00000
CMdev_BASE_SP,2029,9,interior,a_ice,0.00000
CMdev_BASE_SP,2029,10,interior,a_ice,0.00000
CMdev_BASE_SP,2029,11,interior,a_ice,0.00000
CMdev_BASE_SP,2029,12,interior,a_ice,0.00000
CMdev_BASE_SP,2029,1,labsea,MLD2,1562.73032
CMdev_BASE_SP,2029,2,labsea,MLD2,1784.55097
CMdev_BASE_SP,2029,3,labsea,MLD2,1657.53187
CMdev_BASE_SP,2029,4,labsea,MLD2,1552.46996
CMdev_BASE_SP,2029,5,labsea,MLD2,594.69441
CMdev_BASE_SP,2029,6,labsea,MLD2,38.76333
CMdev_BASE_SP,2029,7,labsea,MLD2,13.82679
CMdev_BASE_SP,2029,8,labsea,MLD2,17.27446
CMdev_BASE_SP,2029,9,labsea,MLD2,22.94622
CMdev_BASE_SP,2029,10,labsea,MLD2,39.31255
CMdev_BASE_SP,2029,11,labsea,MLD2,390.09610
CMdev_BASE_SP,2029,12,labsea,MLD2,1291.86412
CMdev_BASE_SP,2029,1,interior,MLD2,2709.41291
CMdev_BASE_SP,2029,2,interior,MLD2,2706.85279
CMdev_BASE_SP,2029,3,interior,MLD2,2647.74415
CMdev_BASE_SP,2029,4,interior,MLD2,2624.43187
CMdev_BASE_SP,2029,5,interior,MLD2,1747.96161
CMdev_BASE_SP,2029,6,interior,MLD2,87.04041
CMdev_BASE_SP,2029,7,interior,MLD2,15.58205
CMdev_BASE_SP,2029,8,interior,MLD2,17.23855
CMdev_BASE_SP,2029,9,interior,MLD2,21.54356
CMdev_BASE_SP,2029,10,interior,MLD2,38.26052
CMdev_BASE_SP,2029,11,interior,MLD2,945.94116
CMdev_BASE_SP,2029,12,interior,MLD2,2441.53391
CMdev_BASE_SP,2030,1,labsea,a_ice,0.09628
CMdev_BASE_SP,2030,2,labsea,a_ice,0.11945
CMdev_BASE_SP,2030,3,labsea,a_ice,0.13513
CMdev_BASE_SP,2030,4,labsea,a_ice,0.12869
CMdev_BASE_SP,2030,5,labsea,a_ice,0.07019
CMdev_BASE_SP,2030,6,labsea,a_ice,0.02274
CMdev_BASE_SP,2030,7,labsea,a_ice,0.00053
CMdev_BASE_SP,2030,8,labsea,a_ice,0.00000
CMdev_BASE_SP,2030,9,labsea,a_ice,0.00000
CMdev_BASE_SP,2030,10,labsea,a_ice,0.00000
CMdev_BASE_SP,2030,11,labsea,a_ice,0.00054
CMdev_BASE_SP,2030,12,labsea,a_ice,0.04003
CMdev_BASE_SP,2030,1,interior,a_ice,0.00093
CMdev_BASE_SP,2030,2,interior,a_ice,0.00276
CMdev_BASE_SP,2030,3,interior,a_ice,0.01764
CMdev_BASE_SP,2030,4,interior,a_ice,0.01897
CMdev_BASE_SP,2030,5,interior,a_ice,0.00288
CMdev_BASE_SP,2030,6,interior,a_ice,0.00003
CMdev_BASE_SP,2030,7,interior,a_ice,0.00000
CMdev_BASE_SP,2030,8,interior,a_ice,0.00000
CMdev_BASE_SP,2030,9,interior,a_ice,0.00000
CMdev_BASE_SP,2030,10,interior,a_ice,0.00000
CMdev_BASE_SP,2030,11,interior,a_ice,0.00000
CMdev_BASE_SP,2030,12,interior,a_ice,0.00011
CMdev_BASE_SP,2030,1,labsea,MLD2,1784.33776
CMdev_BASE_SP,2030,2,labsea,MLD2,1813.75863
CMdev_BASE_SP,2030,3,labsea,MLD2,1753.77714
CMdev_BASE_SP,2030,4,labsea,MLD2,1728.54292
CMdev_BASE_SP,2030,5,labsea,MLD2,431.14414
CMdev_BASE_SP,2030,6,labsea,MLD2,16.17960
CMdev_BASE_SP,2030,7,labsea,MLD2,13.08133
CMdev_BASE_SP,2030,8,labsea,MLD2,15.04258
CMdev_BASE_SP,2030,9,labsea,MLD2,24.74243
CMdev_BASE_SP,2030,10,labsea,MLD2,49.20712
CMdev_BASE_SP,2030,11,labsea,MLD2,392.06932
CMdev_BASE_SP,2030,12,labsea,MLD2,1406.59708
CMdev_BASE_SP,2030,1,interior,MLD2,2728.91329
CMdev_BASE_SP,2030,2,interior,MLD2,2717.79225
CMdev_BASE_SP,2030,3,interior,MLD2,2681.54176
CMdev_BASE_SP,2030,4,interior,MLD2,2674.61562
CMdev_BASE_SP,2030,5,interior,MLD2,874.24067
CMdev_BASE_SP,2030,6,interior,MLD2,18.27002
CMdev_BASE_SP,2030,7,interior,MLD2,14.51200
CMdev_BASE_SP,2030,8,interior,MLD2,16.00873
CMdev_BASE_SP,2030,9,interior,MLD2,22.50212
CMdev_BASE_SP,2030,10,interior,MLD2,58.46108
CMdev_BASE_SP,2030,11,interior,MLD2,1040.21777
CMdev_BASE_SP,2030,12,interior,MLD2,2610.22470
CMdev_BASE_SP,2031,1,labsea,a_ice,0.16204
CMdev_BASE_SP,2031,2,labsea,a_ice,0.18891
CMdev_BASE_SP,2031,3,labsea,a_ice,0.18924
CMdev_BASE_SP,2031,4,labsea,a_ice,0.13613
CMdev_BASE_SP,2031,5,labsea,a_ice,0.08343
CMdev_BASE_SP,2031,6,labsea,a_ice,0.03625
CMdev_BASE_SP,2031,7,labsea,a_ice,0.01387
CMdev_BASE_SP,2031,8,labsea,a_ice,0.00044
CMdev_BASE_SP,2031,9,labsea,a_ice,0.00000
CMdev_BASE_SP,2031,10,labsea,a_ice,0.00001
CMdev_BASE_SP,2031,11,labsea,a_ice,0.00774
CMdev_BASE_SP,2031,12,labsea,a_ice,0.05672
CMdev_BASE_SP,2031,1,interior,a_ice,0.02682
CMdev_BASE_SP,2031,2,interior,a_ice,0.02806
CMdev_BASE_SP,2031,3,interior,a_ice,0.03579
CMdev_BASE_SP,2031,4,interior,a_ice,0.02003
CMdev_BASE_SP,2031,5,interior,a_ice,0.00619
CMdev_BASE_SP,2031,6,interior,a_ice,0.00000
CMdev_BASE_SP,2031,7,interior,a_ice,0.00000
CMdev_BASE_SP,2031,8,interior,a_ice,0.00000
CMdev_BASE_SP,2031,9,interior,a_ice,0.00000
CMdev_BASE_SP,2031,10,interior,a_ice,0.00000
CMdev_BASE_SP,2031,11,interior,a_ice,0.00000
CMdev_BASE_SP,2031,12,interior,a_ice,0.00000
CMdev_BASE_SP,2031,1,labsea,MLD2,1742.21074
CMdev_BASE_SP,2031,2,labsea,MLD2,1748.71654
CMdev_BASE_SP,2031,3,labsea,MLD2,1754.06149
CMdev_BASE_SP,2031,4,labsea,MLD2,1609.47605
CMdev_BASE_SP,2031,5,labsea,MLD2,1191.66165
CMdev_BASE_SP,2031,6,labsea,MLD2,21.62198
CMdev_BASE_SP,2031,7,labsea,MLD2,15.51153
CMdev_BASE_SP,2031,8,labsea,MLD2,15.24547
CMdev_BASE_SP,2031,9,labsea,MLD2,20.89951
CMdev_BASE_SP,2031,10,labsea,MLD2,34.20654
CMdev_BASE_SP,2031,11,labsea,MLD2,92.33097
CMdev_BASE_SP,2031,12,labsea,MLD2,1186.13982
CMdev_BASE_SP,2031,1,interior,MLD2,2680.28859
CMdev_BASE_SP,2031,2,interior,MLD2,2668.45462
CMdev_BASE_SP,2031,3,interior,MLD2,2658.25615
CMdev_BASE_SP,2031,4,interior,MLD2,2464.31381
CMdev_BASE_SP,2031,5,interior,MLD2,1975.10898
CMdev_BASE_SP,2031,6,interior,MLD2,25.19111
CMdev_BASE_SP,2031,7,interior,MLD2,16.92332
CMdev_BASE_SP,2031,8,interior,MLD2,17.16971
CMdev_BASE_SP,2031,9,interior,MLD2,22.41887
CMdev_BASE_SP,2031,10,interior,MLD2,35.23542
CMdev_BASE_SP,2031,11,interior,MLD2,159.79015
CMdev_BASE_SP,2031,12,interior,MLD2,2299.39810
CMdev_BASE_SP,2032,1,labsea,a_ice,0.12588
CMdev_BASE_SP,2032,2,labsea,a_ice,0.19548
CMdev_BASE_SP,2032,3,labsea,a_ice,0.24195
CMdev_BASE_SP,2032,4,labsea,a_ice,0.20189
CMdev_BASE_SP,2032,5,labsea,a_ice,0.13791
CMdev_BASE_SP,2032,6,labsea,a_ice,0.06833
CMdev_BASE_SP,2032,7,labsea,a_ice,0.01277
CMdev_BASE_SP,2032,8,labsea,a_ice,0.00004
CMdev_BASE_SP,2032,9,labsea,a_ice,0.00000
CMdev_BASE_SP,2032,10,labsea,a_ice,0.00000
CMdev_BASE_SP,2032,11,labsea,a_ice,0.00465
CMdev_BASE_SP,2032,12,labsea,a_ice,0.06792
CMdev_BASE_SP,2032,1,interior,a_ice,0.01556
CMdev_BASE_SP,2032,2,interior,a_ice,0.04012
CMdev_BASE_SP,2032,3,interior,a_ice,0.06879
CMdev_BASE_SP,2032,4,interior,a_ice,0.04352
CMdev_BASE_SP,2032,5,interior,a_ice,0.01595
CMdev_BASE_SP,2032,6,interior,a_ice,0.00073
CMdev_BASE_SP,2032,7,interior,a_ice,0.00000
CMdev_BASE_SP,2032,8,interior,a_ice,0.00000
CMdev_BASE_SP,2032,9,interior,a_ice,0.00000
CMdev_BASE_SP,2032,10,interior,a_ice,0.00000
CMdev_BASE_SP,2032,11,interior,a_ice,0.00000
CMdev_BASE_SP,2032,12,interior,a_ice,0.00024
CMdev_BASE_SP,2032,1,labsea,MLD2,1781.98663
CMdev_BASE_SP,2032,2,labsea,MLD2,1831.23871
CMdev_BASE_SP,2032,3,labsea,MLD2,1729.72964
CMdev_BASE_SP,2032,4,labsea,MLD2,1597.98653
CMdev_BASE_SP,2032,5,labsea,MLD2,481.03086
CMdev_BASE_SP,2032,6,labsea,MLD2,18.25634
CMdev_BASE_SP,2032,7,labsea,MLD2,14.46439
CMdev_BASE_SP,2032,8,labsea,MLD2,17.72057
CMdev_BASE_SP,2032,9,labsea,MLD2,19.70856
CMdev_BASE_SP,2032,10,labsea,MLD2,28.06500
CMdev_BASE_SP,2032,11,labsea,MLD2,58.72234
CMdev_BASE_SP,2032,12,labsea,MLD2,647.28991
CMdev_BASE_SP,2032,1,interior,MLD2,2720.29024
CMdev_BASE_SP,2032,2,interior,MLD2,2697.79829
CMdev_BASE_SP,2032,3,interior,MLD2,2611.20491
CMdev_BASE_SP,2032,4,interior,MLD2,2512.04969
CMdev_BASE_SP,2032,5,interior,MLD2,1023.46155
CMdev_BASE_SP,2032,6,interior,MLD2,21.49838
CMdev_BASE_SP,2032,7,interior,MLD2,16.81710
CMdev_BASE_SP,2032,8,interior,MLD2,18.00831
CMdev_BASE_SP,2032,9,interior,MLD2,19.27201
CMdev_BASE_SP,2032,10,interior,MLD2,27.78954
CMdev_BASE_SP,2032,11,interior,MLD2,115.27254
CMdev_BASE_SP,2032,12,interior,MLD2,1611.23824
CMdev_BASE_SP,2033,1,labsea,a_ice,0.17718
CMdev_BASE_SP,2033,2,labsea,a_ice,0.20421
CMdev_BASE_SP,2033,3,labsea,a_ice,0.23267
CMdev_BASE_SP,2033,4,labsea,a_ice,0.22632
CMdev_BASE_SP,2033,5,labsea,a_ice,0.16236
CMdev_BASE_SP,2033,6,labsea,a_ice,0.03955
CMdev_BASE_SP,2033,7,labsea,a_ice,0.00340
CMdev_BASE_SP,2033,8,labsea,a_ice,0.00000
CMdev_BASE_SP,2033,9,labsea,a_ice,0.00000
CMdev_BASE_SP,2033,10,labsea,a_ice,0.00000
CMdev_BASE_SP,2033,11,labsea,a_ice,0.00688
CMdev_BASE_SP,2033,12,labsea,a_ice,0.07503
CMdev_BASE_SP,2033,1,interior,a_ice,0.02068
CMdev_BASE_SP,2033,2,interior,a_ice,0.02819
CMdev_BASE_SP,2033,3,interior,a_ice,0.04187
CMdev_BASE_SP,2033,4,interior,a_ice,0.04403
CMdev_BASE_SP,2033,5,interior,a_ice,0.03275
CMdev_BASE_SP,2033,6,interior,a_ice,0.01797
CMdev_BASE_SP,2033,7,interior,a_ice,0.00000
CMdev_BASE_SP,2033,8,interior,a_ice,0.00000
CMdev_BASE_SP,2033,9,interior,a_ice,0.00000
CMdev_BASE_SP,2033,10,interior,a_ice,0.00000
CMdev_BASE_SP,2033,11,interior,a_ice,0.00000
CMdev_BASE_SP,2033,12,interior,a_ice,0.00050
CMdev_BASE_SP,2033,1,labsea,MLD2,1415.46352
CMdev_BASE_SP,2033,2,labsea,MLD2,1701.12377
CMdev_BASE_SP,2033,3,labsea,MLD2,1684.00538
CMdev_BASE_SP,2033,4,labsea,MLD2,1579.00985
CMdev_BASE_SP,2033,5,labsea,MLD2,592.76277
CMdev_BASE_SP,2033,6,labsea,MLD2,33.25540
CMdev_BASE_SP,2033,7,labsea,MLD2,14.80844
CMdev_BASE_SP,2033,8,labsea,MLD2,14.80272
CMdev_BASE_SP,2033,9,labsea,MLD2,19.85061
CMdev_BASE_SP,2033,10,labsea,MLD2,41.08751
CMdev_BASE_SP,2033,11,labsea,MLD2,262.31446
CMdev_BASE_SP,2033,12,labsea,MLD2,1291.09519
CMdev_BASE_SP,2033,1,interior,MLD2,2535.66636
CMdev_BASE_SP,2033,2,interior,MLD2,2655.21911
CMdev_BASE_SP,2033,3,interior,MLD2,2616.85817
CMdev_BASE_SP,2033,4,interior,MLD2,2538.83677
CMdev_BASE_SP,2033,5,interior,MLD2,1278.74002
CMdev_BASE_SP,2033,6,interior,MLD2,72.60208
CMdev_BASE_SP,2033,7,interior,MLD2,17.60276
CMdev_BASE_SP,2033,8,interior,MLD2,16.40253
CMdev_BASE_SP,2033,9,interior,MLD2,21.85214
CMdev_BASE_SP,2033,10,interior,MLD2,38.07520
CMdev_BASE_SP,2033,11,interior,MLD2,553.73305
CMdev_BASE_SP,2033,12,interior,MLD2,2614.06511
CMdev_BASE_SP,2034,1,labsea,a_ice,0.13347
CMdev_BASE_SP,2034,2,labsea,a_ice,0.19316
CMdev_BASE_SP,2034,3,labsea,a_ice,0.11822
CMdev_BASE_SP,2034,4,labsea,a_ice,0.10927
CMdev_BASE_SP,2034,5,labsea,a_ice,0.06917
CMdev_BASE_SP,2034,6,labsea,a_ice,0.01458
CMdev_BASE_SP,2034,7,labsea,a_ice,0.00080
CMdev_BASE_SP,2034,8,labsea,a_ice,0.00000
CMdev_BASE_SP,2034,9,labsea,a_ice,0.00000
CMdev_BASE_SP,2034,10,labsea,a_ice,0.00000
CMdev_BASE_SP,2034,11,labsea,a_ice,0.01288
CMdev_BASE_SP,2034,12,labsea,a_ice,0.05382
CMdev_BASE_SP,2034,1,interior,a_ice,0.00238
CMdev_BASE_SP,2034,2,interior,a_ice,0.02240
CMdev_BASE_SP,2034,3,interior,a_ice,0.01498
CMdev_BASE_SP,2034,4,interior,a_ice,0.01781
CMdev_BASE_SP,2034,5,interior,a_ice,0.00901
CMdev_BASE_SP,2034,6,interior,a_ice,0.00008
CMdev_BASE_SP,2034,7,interior,a_ice,0.00000
CMdev_BASE_SP,2034,8,interior,a_ice,0.00000
CMdev_BASE_SP,2034,9,interior,a_ice,0.00000
CMdev_BASE_SP,2034,10,interior,a_ice,0.00000
CMdev_BASE_SP,2034,11,interior,a_ice,0.00000
CMdev_BASE_SP,2034,12,interior,a_ice,0.00056
CMdev_BASE_SP,2034,1,labsea,MLD2,1724.35224
CMdev_BASE_SP,2034,2,labsea,MLD2,1795.95018
CMdev_BASE_SP,2034,3,labsea,MLD2,1731.35717
CMdev_BASE_SP,2034,4,labsea,MLD2,1447.18115
CMdev_BASE_SP,2034,5,labsea,MLD2,914.06908
CMdev_BASE_SP,2034,6,labsea,MLD2,35.46212
CMdev_BASE_SP,2034,7,labsea,MLD2,15.72042
CMdev_BASE_SP,2034,8,labsea,MLD2,17.93712
CMdev_BASE_SP,2034,9,labsea,MLD2,25.68884
CMdev_BASE_SP,2034,10,labsea,MLD2,37.90647
CMdev_BASE_SP,2034,11,labsea,MLD2,191.17502
CMdev_BASE_SP,2034,12,labsea,MLD2,1225.45291
CMdev_BASE_SP,2034,1,interior,MLD2,2731.39421
CMdev_BASE_SP,2034,2,interior,MLD2,2716.12981
CMdev_BASE_SP,2034,3,interior,MLD2,2650.00510
CMdev_BASE_SP,2034,4,interior,MLD2,2591.94013
CMdev_BASE_SP,2034,5,interior,MLD2,2151.40634
CMdev_BASE_SP,2034,6,interior,MLD2,48.47459
CMdev_BASE_SP,2034,7,interior,MLD2,17.67776
CMdev_BASE_SP,2034,8,interior,MLD2,17.99377
CMdev_BASE_SP,2034,9,interior,MLD2,26.62254
CMdev_BASE_SP,2034,10,interior,MLD2,38.77695
CMdev_BASE_SP,2034,11,interior,MLD2,389.09892
CMdev_BASE_SP,2034,12,interior,MLD2,2314.95184
CMdev_BASE_SP,2035,1,labsea,a_ice,0.14011
CMdev_BASE_SP,2035,2,labsea,a_ice,0.17977
CMdev_BASE_SP,2035,3,labsea,a_ice,0.20439
CMdev_BASE_SP,2035,4,labsea,a_ice,0.19183
CMdev_BASE_SP,2035,5,labsea,a_ice,0.15265
CMdev_BASE_SP,2035,6,labsea,a_ice,0.06488
CMdev_BASE_SP,2035,7,labsea,a_ice,0.00057
CMdev_BASE_SP,2035,8,labsea,a_ice,0.00000
CMdev_BASE_SP,2035,9,labsea,a_ice,0.00000
CMdev_BASE_SP,2035,10,labsea,a_ice,0.00000
CMdev_BASE_SP,2035,11,labsea,a_ice,0.00504
CMdev_BASE_SP,2035,12,labsea,a_ice,0.03762
CMdev_BASE_SP,2035,1,interior,a_ice,0.00869
CMdev_BASE_SP,2035,2,interior,a_ice,0.04014
CMdev_BASE_SP,2035,3,interior,a_ice,0.05063
CMdev_BASE_SP,2035,4,interior,a_ice,0.02786
CMdev_BASE_SP,2035,5,interior,a_ice,0.00938
CMdev_BASE_SP,2035,6,interior,a_ice,0.00689
CMdev_BASE_SP,2035,7,interior,a_ice,0.00000
CMdev_BASE_SP,2035,8,interior,a_ice,0.00000
CMdev_BASE_SP,2035,9,interior,a_ice,0.00000
CMdev_BASE_SP,2035,10,interior,a_ice,0.00000
CMdev_BASE_SP,2035,11,interior,a_ice,0.00000
CMdev_BASE_SP,2035,12,interior,a_ice,0.00000
CMdev_BASE_SP,2035,1,labsea,MLD2,1789.28276
CMdev_BASE_SP,2035,2,labsea,MLD2,1756.34782
CMdev_BASE_SP,2035,3,labsea,MLD2,1688.59547
CMdev_BASE_SP,2035,4,labsea,MLD2,1465.67690
CMdev_BASE_SP,2035,5,labsea,MLD2,638.59765
CMdev_BASE_SP,2035,6,labsea,MLD2,14.96502
CMdev_BASE_SP,2035,7,labsea,MLD2,12.37299
CMdev_BASE_SP,2035,8,labsea,MLD2,11.95741
CMdev_BASE_SP,2035,9,labsea,MLD2,18.11411
CMdev_BASE_SP,2035,10,labsea,MLD2,31.58449
CMdev_BASE_SP,2035,11,labsea,MLD2,140.96537
CMdev_BASE_SP,2035,12,labsea,MLD2,868.42440
CMdev_BASE_SP,2035,1,interior,MLD2,2722.60172
CMdev_BASE_SP,2035,2,interior,MLD2,2648.97078
CMdev_BASE_SP,2035,3,interior,MLD2,2597.06189
CMdev_BASE_SP,2035,4,interior,MLD2,2452.29474
CMdev_BASE_SP,2035,5,interior,MLD2,1574.38286
CMdev_BASE_SP,2035,6,interior,MLD2,19.37814
CMdev_BASE_SP,2035,7,interior,MLD2,13.79953
CMdev_BASE_SP,2035,8,interior,MLD2,12.82941
CMdev_BASE_SP,2035,9,interior,MLD2,18.28630
CMdev_BASE_SP,2035,10,interior,MLD2,30.74193
CMdev_BASE_SP,2035,11,interior,MLD2,293.11540
CMdev_BASE_SP,2035,12,interior,MLD2,1985.17509
CMdev_BASE_SP,2036,1,labsea,a_ice,0.09095
CMdev_BASE_SP,2036,2,labsea,a_ice,0.12719
CMdev_BASE_SP,2036,3,labsea,a_ice,0.14976
CMdev_BASE_SP,2036,4,labsea,a_ice,0.12993
CMdev_BASE_SP,2036,5,labsea,a_ice,0.08309
CMdev_BASE_SP,2036,6,labsea,a_ice,0.04032
CMdev_BASE_SP,2036,7,labsea,a_ice,0.00828
CMdev_BASE_SP,2036,8,labsea,a_ice,0.00000
CMdev_BASE_SP,2036,9,labsea,a_ice,0.00000
CMdev_BASE_SP,2036,10,labsea,a_ice,0.00000
CMdev_BASE_SP,2036,11,labsea,a_ice,0.00616
CMdev_BASE_SP,2036,12,labsea,a_ice,0.07552
CMdev_BASE_SP,2036,1,interior,a_ice,0.00169
CMdev_BASE_SP,2036,2,interior,a_ice,0.00870
CMdev_BASE_SP,2036,3,interior,a_ice,0.01436
CMdev_BASE_SP,2036,4,interior,a_ice,0.01101
CMdev_BASE_SP,2036,5,interior,a_ice,0.00309
CMdev_BASE_SP,2036,6,interior,a_ice,0.00000
CMdev_BASE_SP,2036,7,interior,a_ice,0.00000
CMdev_BASE_SP,2036,8,interior,a_ice,0.00000
CMdev_BASE_SP,2036,9,interior,a_ice,0.00000
CMdev_BASE_SP,2036,10,interior,a_ice,0.00000
CMdev_BASE_SP,2036,11,interior,a_ice,0.00000
CMdev_BASE_SP,2036,12,interior,a_ice,0.00037
CMdev_BASE_SP,2036,1,labsea,MLD2,1782.12527
CMdev_BASE_SP,2036,2,labsea,MLD2,1834.80691
CMdev_BASE_SP,2036,3,labsea,MLD2,1839.99720
CMdev_BASE_SP,2036,4,labsea,MLD2,1820.38822
CMdev_BASE_SP,2036,5,labsea,MLD2,547.40564
CMdev_BASE_SP,2036,6,labsea,MLD2,17.22131
CMdev_BASE_SP,2036,7,labsea,MLD2,12.89742
CMdev_BASE_SP,2036,8,labsea,MLD2,14.61994
CMdev_BASE_SP,2036,9,labsea,MLD2,22.74207
CMdev_BASE_SP,2036,10,labsea,MLD2,32.73616
CMdev_BASE_SP,2036,11,labsea,MLD2,185.71544
CMdev_BASE_SP,2036,12,labsea,MLD2,1347.02107
CMdev_BASE_SP,2036,1,interior,MLD2,2730.79563
CMdev_BASE_SP,2036,2,interior,MLD2,2719.33247
CMdev_BASE_SP,2036,3,interior,MLD2,2721.28277
CMdev_BASE_SP,2036,4,interior,MLD2,2708.12057
CMdev_BASE_SP,2036,5,interior,MLD2,1168.49932
CMdev_BASE_SP,2036,6,interior,MLD2,18.36108
CMdev_BASE_SP,2036,7,interior,MLD2,15.39778
CMdev_BASE_SP,2036,8,interior,MLD2,16.32713
CMdev_BASE_SP,2036,9,interior,MLD2,21.36524
CMdev_BASE_SP,2036,10,interior,MLD2,33.46186
CMdev_BASE_SP,2036,11,interior,MLD2,407.85131
CMdev_BASE_SP,2036,12,interior,MLD2,2510.08133
CMdev_BASE_SP,2037,1,labsea,a_ice,0.13425
CMdev_BASE_SP,2037,2,labsea,a_ice,0.16079
CMdev_BASE_SP,2037,3,labsea,a_ice,0.15957
CMdev_BASE_SP,2037,4,labsea,a_ice,0.15093
CMdev_BASE_SP,2037,5,labsea,a_ice,0.09069
CMdev_BASE_SP,2037,6,labsea,a_ice,0.03831
CMdev_BASE_SP,2037,7,labsea,a_ice,0.00633
CMdev_BASE_SP,2037,8,labsea,a_ice,0.00000
CMdev_BASE_SP,2037,9,labsea,a_ice,0.00000
CMdev_BASE_SP,2037,10,labsea,a_ice,0.00000
CMdev_BASE_SP,2037,11,labsea,a_ice,0.00065
CMdev_BASE_SP,2037,12,labsea,a_ice,0.04166
CMdev_BASE_SP,2037,1,interior,a_ice,0.00727
CMdev_BASE_SP,2037,2,interior,a_ice,0.03353
CMdev_BASE_SP,2037,3,interior,a_ice,0.01630
CMdev_BASE_SP,2037,4,interior,a_ice,0.02135
CMdev_BASE_SP,2037,5,interior,a_ice,0.00221
CMdev_BASE_SP,2037,6,interior,a_ice,0.00007
CMdev_BASE_SP,2037,7,interior,a_ice,0.00000
CMdev_BASE_SP,2037,8,interior,a_ice,0.00000
CMdev_BASE_SP,2037,9,interior,a_ice,0.00000
CMdev_BASE_SP,2037,10,interior,a_ice,0.00000
CMdev_BASE_SP,2037,11,interior,a_ice,0.00000
CMdev_BASE_SP,2037,12,interior,a_ice,0.00151
CMdev_BASE_SP,2037,1,labsea,MLD2,1801.69139
CMdev_BASE_SP,2037,2,labsea,MLD2,1812.53517
CMdev_BASE_SP,2037,3,labsea,MLD2,1782.07810
CMdev_BASE_SP,2037,4,labsea,MLD2,1697.08899
CMdev_BASE_SP,2037,5,labsea,MLD2,889.68764
CMdev_BASE_SP,2037,6,labsea,MLD2,20.94728
CMdev_BASE_SP,2037,7,labsea,MLD2,13.63944
CMdev_BASE_SP,2037,8,labsea,MLD2,13.93403
CMdev_BASE_SP,2037,9,labsea,MLD2,22.46727
CMdev_BASE_SP,2037,10,labsea,MLD2,38.01617
CMdev_BASE_SP,2037,11,labsea,MLD2,119.19959
CMdev_BASE_SP,2037,12,labsea,MLD2,1029.36163
CMdev_BASE_SP,2037,1,interior,MLD2,2722.23721
CMdev_BASE_SP,2037,2,interior,MLD2,2687.12020
CMdev_BASE_SP,2037,3,interior,MLD2,2699.47238
CMdev_BASE_SP,2037,4,interior,MLD2,2622.44011
CMdev_BASE_SP,2037,5,interior,MLD2,1611.85899
CMdev_BASE_SP,2037,6,interior,MLD2,23.82632
CMdev_BASE_SP,2037,7,interior,MLD2,15.15291
CMdev_BASE_SP,2037,8,interior,MLD2,15.54766
CMdev_BASE_SP,2037,9,interior,MLD2,24.16609
CMdev_BASE_SP,2037,10,interior,MLD2,40.61737
CMdev_BASE_SP,2037,11,interior,MLD2,214.85837
CMdev_BASE_SP,2037,12,interior,MLD2,2113.82205
CMdev_BASE_SP,2038,1,labsea,a_ice,0.11452
CMdev_BASE_SP,2038,2,labsea,a_ice,0.13411
CMdev_BASE_SP,2038,3,labsea,a_ice,0.13152
CMdev_BASE_SP,2038,4,labsea,a_ice,0.09687
CMdev_BASE_SP,2038,5,labsea,a_ice,0.08100
CMdev_BASE_SP,2038,6,labsea,a_ice,0.03251
CMdev_BASE_SP,2038,7,labsea,a_ice,0.00397
CMdev_BASE_SP,2038,8,labsea,a_ice,0.00000
CMdev_BASE_SP,2038,9,labsea,a_ice,0.00000
CMdev_BASE_SP,2038,10,labsea,a_ice,0.00000
CMdev_BASE_SP,2038,11,labsea,a_ice,0.00011
CMdev_BASE_SP,2038,12,labsea,a_ice,0.02377
CMdev_BASE_SP,2038,1,interior,a_ice,0.01435
CMdev_BASE_SP,2038,2,interior,a_ice,0.00515
CMdev_BASE_SP,2038,3,interior,a_ice,0.01117
CMdev_BASE_SP,2038,4,interior,a_ice,0.01127
CMdev_BASE_SP,2038,5,interior,a_ice,0.00072
CMdev_BASE_SP,2038,6,interior,a_ice,0.00001
CMdev_BASE_SP,2038,7,interior,a_ice,0.00000
CMdev_BASE_SP,2038,8,interior,a_ice,0.00000
CMdev_BASE_SP,2038,9,interior,a_ice,0.00000
CMdev_BASE_SP,2038,10,interior,a_ice,0.00000
CMdev_BASE_SP,2038,11,interior,a_ice,0.00000
CMdev_BASE_SP,2038,12,interior,a_ice,0.00028
CMdev_BASE_SP,2038,1,labsea,MLD2,1679.60799
CMdev_BASE_SP,2038,2,labsea,MLD2,1793.51367
CMdev_BASE_SP,2038,3,labsea,MLD2,1802.55460
CMdev_BASE_SP,2038,4,labsea,MLD2,1691.43142
CMdev_BASE_SP,2038,5,labsea,MLD2,447.01299
CMdev_BASE_SP,2038,6,labsea,MLD2,23.27161
CMdev_BASE_SP,2038,7,labsea,MLD2,14.39235
CMdev_BASE_SP,2038,8,labsea,MLD2,16.64804
CMdev_BASE_SP,2038,9,labsea,MLD2,24.09846
CMdev_BASE_SP,2038,10,labsea,MLD2,37.44242
CMdev_BASE_SP,2038,11,labsea,MLD2,63.30873
CMdev_BASE_SP,2038,12,labsea,MLD2,857.58464
CMdev_BASE_SP,2038,1,interior,MLD2,2676.60079
CMdev_BASE_SP,2038,2,interior,MLD2,2728.59796
CMdev_BASE_SP,2038,3,interior,MLD2,2721.37071
CMdev_BASE_SP,2038,4,interior,MLD2,2664.14856
CMdev_BASE_SP,2038,5,interior,MLD2,1110.28531
CMdev_BASE_SP,2038,6,interior,MLD2,34.69260
CMdev_BASE_SP,2038,7,interior,MLD2,16.34693
CMdev_BASE_SP,2038,8,interior,MLD2,17.81167
CMdev_BASE_SP,2038,9,interior,MLD2,24.60959
CMdev_BASE_SP,2038,10,interior,MLD2,35.00572
CMdev_BASE_SP,2038,11,interior,MLD2,81.49014
CMdev_BASE_SP,2038,12,interior,MLD2,1997.89678
CMdev_BASE_SP,2039,1,labsea,a_ice,0.07359
CMdev_BASE_SP,2039,2,labsea,a_ice,0.14318
CMdev_BASE_SP,2039,3,labsea,a_ice,0.13012
CMdev_BASE_SP,2039,4,labsea,a_ice,0.12795
CMdev_BASE_SP,2039,5,labsea,a_ice,0.08456
CMdev_BASE_SP,2039,6,labsea,a_ice,0.03584
CMdev_BASE_SP,2039,7,labsea,a_ice,0.00546
CMdev_BASE_SP,2039,8,labsea,a_ice,0.00000
CMdev_BASE_SP,2039,9,labsea,a_ice,0.00000
CMdev_BASE_SP,2039,10,labsea,a_ice,0.00000
CMdev_BASE_SP,2039,11,labsea,a_ice,0.00482
CMdev_BASE_SP,2039,12,labsea,a_ice,0.06230
CMdev_BASE_SP,2039,1,interior,a_ice,0.00189
CMdev_BASE_SP,2039,2,interior,a_ice,0.01420
CMdev_BASE_SP,2039,3,interior,a_ice,0.01088
CMdev_BASE_SP,2039,4,interior,a_ice,0.01320
CMdev_BASE_SP,2039,5,interior,a_ice,0.00063
CMdev_BASE_SP,2039,6,interior,a_ice,0.00000
CMdev_BASE_SP,2039,7,interior,a_ice,0.00000
CMdev_BASE_SP,2039,8,interior,a_ice,0.00000
CMdev_BASE_SP,2039,9,interior,a_ice,0.00000
CMdev_BASE_SP,2039,10,interior,a_ice,0.00000
CMdev_BASE_SP,2039,11,interior,a_ice,0.00000
CMdev_BASE_SP,2039,12,interior,a_ice,0.00086
CMdev_BASE_SP,2039,1,labsea,MLD2,1458.17582
CMdev_BASE_SP,2039,2,labsea,MLD2,1778.73082
CMdev_BASE_SP,2039,3,labsea,MLD2,1841.15547
CMdev_BASE_SP,2039,4,labsea,MLD2,1591.04321
CMdev_BASE_SP,2039,5,labsea,MLD2,448.04118
CMdev_BASE_SP,2039,6,labsea,MLD2,12.93621
CMdev_BASE_SP,2039,7,labsea,MLD2,11.28868
CMdev_BASE_SP,2039,8,labsea,MLD2,11.78609
CMdev_BASE_SP,2039,9,labsea,MLD2,20.79171
CMdev_BASE_SP,2039,10,labsea,MLD2,32.09643
CMdev_BASE_SP,2039,11,labsea,MLD2,235.16397
CMdev_BASE_SP,2039,12,labsea,MLD2,862.05586
CMdev_BASE_SP,2039,1,interior,MLD2,2705.93417
CMdev_BASE_SP,2039,2,interior,MLD2,2719.28824
CMdev_BASE_SP,2039,3,interior,MLD2,2732.79259
CMdev_BASE_SP,2039,4,interior,MLD2,2607.12548
CMdev_BASE_SP,2039,5,interior,MLD2,1129.60627
CMdev_BASE_SP,2039,6,interior,MLD2,12.86744
CMdev_BASE_SP,2039,7,interior,MLD2,11.35223
CMdev_BASE_SP,2039,8,interior,MLD2,13.02769
CMdev_BASE_SP,2039,9,interior,MLD2,22.11571
CMdev_BASE_SP,2039,10,interior,MLD2,32.92841
CMdev_BASE_SP,2039,11,interior,MLD2,619.73173
CMdev_BASE_SP,2039,12,interior,MLD2,2180.58816
