CMdev_L137_GAUSS,1990,1,labsea,a_ice,0.16980
CMdev_L137_GAUSS,1990,2,labsea,a_ice,0.26428
CMdev_L137_GAUSS,1990,3,labsea,a_ice,0.31468
CMdev_L137_GAUSS,1990,4,labsea,a_ice,0.32547
CMdev_L137_GAUSS,1990,5,labsea,a_ice,0.24336
CMdev_L137_GAUSS,1990,6,labsea,a_ice,0.15552
CMdev_L137_GAUSS,1990,7,labsea,a_ice,0.04032
CMdev_L137_GAUSS,1990,8,labsea,a_ice,0.00856
CMdev_L137_GAUSS,1990,9,labsea,a_ice,0.00005
CMdev_L137_GAUSS,1990,10,labsea,a_ice,0.00015
CMdev_L137_GAUSS,1990,11,labsea,a_ice,0.03005
CMdev_L137_GAUSS,1990,12,labsea,a_ice,0.12186
CMdev_L137_GAUSS,1990,1,interior,a_ice,0.00432
CMdev_L137_GAUSS,1990,2,interior,a_ice,0.09154
CMdev_L137_GAUSS,1990,3,interior,a_ice,0.21497
CMdev_L137_GAUSS,1990,4,interior,a_ice,0.18946
CMdev_L137_GAUSS,1990,5,interior,a_ice,0.10065
CMdev_L137_GAUSS,1990,6,interior,a_ice,0.01122
CMdev_L137_GAUSS,1990,7,interior,a_ice,0.00003
CMdev_L137_GAUSS,1990,8,interior,a_ice,0.00000
CMdev_L137_GAUSS,1990,9,interior,a_ice,0.00000
CMdev_L137_GAUSS,1990,10,interior,a_ice,0.00000
CMdev_L137_GAUSS,1990,11,interior,a_ice,0.00000
CMdev_L137_GAUSS,1990,12,interior,a_ice,0.01140
CMdev_L137_GAUSS,1990,1,labsea,MLD2,219.46590
CMdev_L137_GAUSS,1990,2,labsea,MLD2,605.34039
CMdev_L137_GAUSS,1990,3,labsea,MLD2,852.54518
CMdev_L137_GAUSS,1990,4,labsea,MLD2,620.61609
CMdev_L137_GAUSS,1990,5,labsea,MLD2,292.98076
CMdev_L137_GAUSS,1990,6,labsea,MLD2,21.19473
CMdev_L137_GAUSS,1990,7,labsea,MLD2,13.54146
CMdev_L137_GAUSS,1990,8,labsea,MLD2,14.89767
CMdev_L137_GAUSS,1990,9,labsea,MLD2,19.93271
CMdev_L137_GAUSS,1990,10,labsea,MLD2,27.15419
CMdev_L137_GAUSS,1990,11,labsea,MLD2,46.20067
CMdev_L137_GAUSS,1990,12,labsea,MLD2,356.59685
CMdev_L137_GAUSS,1990,1,interior,MLD2,324.79193
CMdev_L137_GAUSS,1990,2,interior,MLD2,1247.62396
CMdev_L137_GAUSS,1990,3,interior,MLD2,1581.82252
CMdev_L137_GAUSS,1990,4,interior,MLD2,1191.26380
CMdev_L137_GAUSS,1990,5,interior,MLD2,563.42441
CMdev_L137_GAUSS,1990,6,interior,MLD2,22.11337
CMdev_L137_GAUSS,1990,7,interior,MLD2,15.50346
CMdev_L137_GAUSS,1990,8,interior,MLD2,16.64927
CMdev_L137_GAUSS,1990,9,interior,MLD2,20.79126
CMdev_L137_GAUSS,1990,10,interior,MLD2,27.20087
CMdev_L137_GAUSS,1990,11,interior,MLD2,46.67312
CMdev_L137_GAUSS,1990,12,interior,MLD2,676.42454
CMdev_L137_GAUSS,1991,1,labsea,a_ice,0.19187
CMdev_L137_GAUSS,1991,2,labsea,a_ice,0.23052
CMdev_L137_GAUSS,1991,3,labsea,a_ice,0.21177
CMdev_L137_GAUSS,1991,4,labsea,a_ice,0.21587
CMdev_L137_GAUSS,1991,5,labsea,a_ice,0.15436
CMdev_L137_GAUSS,1991,6,labsea,a_ice,0.06465
CMdev_L137_GAUSS,1991,7,labsea,a_ice,0.01288
CMdev_L137_GAUSS,1991,8,labsea,a_ice,0.00089
CMdev_L137_GAUSS,1991,9,labsea,a_ice,0.00000
CMdev_L137_GAUSS,1991,10,labsea,a_ice,0.00003
CMdev_L137_GAUSS,1991,11,labsea,a_ice,0.03087
CMdev_L137_GAUSS,1991,12,labsea,a_ice,0.13315
CMdev_L137_GAUSS,1991,1,interior,a_ice,0.03269
CMdev_L137_GAUSS,1991,2,interior,a_ice,0.05822
CMdev_L137_GAUSS,1991,3,interior,a_ice,0.04374
CMdev_L137_GAUSS,1991,4,interior,a_ice,0.04343
CMdev_L137_GAUSS,1991,5,interior,a_ice,0.02066
CMdev_L137_GAUSS,1991,6,interior,a_ice,0.01750
CMdev_L137_GAUSS,1991,7,interior,a_ice,0.00021
CMdev_L137_GAUSS,1991,8,interior,a_ice,0.00000
CMdev_L137_GAUSS,1991,9,interior,a_ice,0.00000
CMdev_L137_GAUSS,1991,10,interior,a_ice,0.00000
CMdev_L137_GAUSS,1991,11,interior,a_ice,0.00000
CMdev_L137_GAUSS,1991,12,interior,a_ice,0.02103
CMdev_L137_GAUSS,1991,1,labsea,MLD2,854.19386
CMdev_L137_GAUSS,1991,2,labsea,MLD2,873.62358
CMdev_L137_GAUSS,1991,3,labsea,MLD2,857.25295
CMdev_L137_GAUSS,1991,4,labsea,MLD2,758.43775
CMdev_L137_GAUSS,1991,5,labsea,MLD2,152.89124
CMdev_L137_GAUSS,1991,6,labsea,MLD2,20.15322
CMdev_L137_GAUSS,1991,7,labsea,MLD2,15.97469
CMdev_L137_GAUSS,1991,8,labsea,MLD2,15.60995
CMdev_L137_GAUSS,1991,9,labsea,MLD2,18.32849
CMdev_L137_GAUSS,1991,10,labsea,MLD2,30.69420
CMdev_L137_GAUSS,1991,11,labsea,MLD2,42.11910
CMdev_L137_GAUSS,1991,12,labsea,MLD2,159.11080
CMdev_L137_GAUSS,1991,1,interior,MLD2,1689.32476
CMdev_L137_GAUSS,1991,2,interior,MLD2,1787.61368
CMdev_L137_GAUSS,1991,3,interior,MLD2,1807.30142
CMdev_L137_GAUSS,1991,4,interior,MLD2,1726.49511
CMdev_L137_GAUSS,1991,5,interior,MLD2,359.55873
CMdev_L137_GAUSS,1991,6,interior,MLD2,24.54976
CMdev_L137_GAUSS,1991,7,interior,MLD2,18.34772
CMdev_L137_GAUSS,1991,8,interior,MLD2,16.75596
CMdev_L137_GAUSS,1991,9,interior,MLD2,18.01325
CMdev_L137_GAUSS,1991,10,interior,MLD2,29.70856
CMdev_L137_GAUSS,1991,11,interior,MLD2,38.83314
CMdev_L137_GAUSS,1991,12,interior,MLD2,273.09070
CMdev_L137_GAUSS,1992,1,labsea,a_ice,0.21325
CMdev_L137_GAUSS,1992,2,labsea,a_ice,0.26128
CMdev_L137_GAUSS,1992,3,labsea,a_ice,0.27134
CMdev_L137_GAUSS,1992,4,labsea,a_ice,0.30177
CMdev_L137_GAUSS,1992,5,labsea,a_ice,0.24341
CMdev_L137_GAUSS,1992,6,labsea,a_ice,0.11243
CMdev_L137_GAUSS,1992,7,labsea,a_ice,0.03508
CMdev_L137_GAUSS,1992,8,labsea,a_ice,0.00220
CMdev_L137_GAUSS,1992,9,labsea,a_ice,0.00000
CMdev_L137_GAUSS,1992,10,labsea,a_ice,0.00306
CMdev_L137_GAUSS,1992,11,labsea,a_ice,0.04932
CMdev_L137_GAUSS,1992,12,labsea,a_ice,0.16181
CMdev_L137_GAUSS,1992,1,interior,a_ice,0.04312
CMdev_L137_GAUSS,1992,2,interior,a_ice,0.06390
CMdev_L137_GAUSS,1992,3,interior,a_ice,0.06461
CMdev_L137_GAUSS,1992,4,interior,a_ice,0.11015
CMdev_L137_GAUSS,1992,5,interior,a_ice,0.09285
CMdev_L137_GAUSS,1992,6,interior,a_ice,0.02041
CMdev_L137_GAUSS,1992,7,interior,a_ice,0.00159
CMdev_L137_GAUSS,1992,8,interior,a_ice,0.00000
CMdev_L137_GAUSS,1992,9,interior,a_ice,0.00000
CMdev_L137_GAUSS,1992,10,interior,a_ice,0.00000
CMdev_L137_GAUSS,1992,11,interior,a_ice,0.00015
CMdev_L137_GAUSS,1992,12,interior,a_ice,0.01843
CMdev_L137_GAUSS,1992,1,labsea,MLD2,560.13032
CMdev_L137_GAUSS,1992,2,labsea,MLD2,785.56120
CMdev_L137_GAUSS,1992,3,labsea,MLD2,752.63756
CMdev_L137_GAUSS,1992,4,labsea,MLD2,674.40823
CMdev_L137_GAUSS,1992,5,labsea,MLD2,275.97594
CMdev_L137_GAUSS,1992,6,labsea,MLD2,21.15405
CMdev_L137_GAUSS,1992,7,labsea,MLD2,15.26706
CMdev_L137_GAUSS,1992,8,labsea,MLD2,15.25755
CMdev_L137_GAUSS,1992,9,labsea,MLD2,21.82726
CMdev_L137_GAUSS,1992,10,labsea,MLD2,27.53682
CMdev_L137_GAUSS,1992,11,labsea,MLD2,69.65941
CMdev_L137_GAUSS,1992,12,labsea,MLD2,494.48859
CMdev_L137_GAUSS,1992,1,interior,MLD2,1132.02033
CMdev_L137_GAUSS,1992,2,interior,MLD2,1595.98420
CMdev_L137_GAUSS,1992,3,interior,MLD2,1596.50445
CMdev_L137_GAUSS,1992,4,interior,MLD2,1454.38383
CMdev_L137_GAUSS,1992,5,interior,MLD2,547.21422
CMdev_L137_GAUSS,1992,6,interior,MLD2,23.91734
CMdev_L137_GAUSS,1992,7,interior,MLD2,16.53113
CMdev_L137_GAUSS,1992,8,interior,MLD2,16.18599
CMdev_L137_GAUSS,1992,9,interior,MLD2,21.21283
CMdev_L137_GAUSS,1992,10,interior,MLD2,26.03428
CMdev_L137_GAUSS,1992,11,interior,MLD2,109.43519
CMdev_L137_GAUSS,1992,12,interior,MLD2,1029.05387
CMdev_L137_GAUSS,1993,1,labsea,a_ice,0.24502
CMdev_L137_GAUSS,1993,2,labsea,a_ice,0.30118
CMdev_L137_GAUSS,1993,3,labsea,a_ice,0.29644
CMdev_L137_GAUSS,1993,4,labsea,a_ice,0.27308
CMdev_L137_GAUSS,1993,5,labsea,a_ice,0.22738
CMdev_L137_GAUSS,1993,6,labsea,a_ice,0.13400
CMdev_L137_GAUSS,1993,7,labsea,a_ice,0.04076
CMdev_L137_GAUSS,1993,8,labsea,a_ice,0.00428
CMdev_L137_GAUSS,1993,9,labsea,a_ice,0.00000
CMdev_L137_GAUSS,1993,10,labsea,a_ice,0.00000
CMdev_L137_GAUSS,1993,11,labsea,a_ice,0.00743
CMdev_L137_GAUSS,1993,12,labsea,a_ice,0.07314
CMdev_L137_GAUSS,1993,1,interior,a_ice,0.10957
CMdev_L137_GAUSS,1993,2,interior,a_ice,0.11530
CMdev_L137_GAUSS,1993,3,interior,a_ice,0.06786
CMdev_L137_GAUSS,1993,4,interior,a_ice,0.09096
CMdev_L137_GAUSS,1993,5,interior,a_ice,0.03101
CMdev_L137_GAUSS,1993,6,interior,a_ice,0.03019
CMdev_L137_GAUSS,1993,7,interior,a_ice,0.00248
CMdev_L137_GAUSS,1993,8,interior,a_ice,0.00000
CMdev_L137_GAUSS,1993,9,interior,a_ice,0.00000
CMdev_L137_GAUSS,1993,10,interior,a_ice,0.00000
CMdev_L137_GAUSS,1993,11,interior,a_ice,0.00000
CMdev_L137_GAUSS,1993,12,interior,a_ice,0.00829
CMdev_L137_GAUSS,1993,1,labsea,MLD2,865.32341
CMdev_L137_GAUSS,1993,2,labsea,MLD2,1036.69385
CMdev_L137_GAUSS,1993,3,labsea,MLD2,1118.03142
CMdev_L137_GAUSS,1993,4,labsea,MLD2,913.83928
CMdev_L137_GAUSS,1993,5,labsea,MLD2,329.78096
CMdev_L137_GAUSS,1993,6,labsea,MLD2,18.16393
CMdev_L137_GAUSS,1993,7,labsea,MLD2,14.74154
CMdev_L137_GAUSS,1993,8,labsea,MLD2,13.74447
CMdev_L137_GAUSS,1993,9,labsea,MLD2,18.77389
CMdev_L137_GAUSS,1993,10,labsea,MLD2,30.40031
CMdev_L137_GAUSS,1993,11,labsea,MLD2,47.28542
CMdev_L137_GAUSS,1993,12,labsea,MLD2,233.30529
CMdev_L137_GAUSS,1993,1,interior,MLD2,1573.45993
CMdev_L137_GAUSS,1993,2,interior,MLD2,1798.49197
CMdev_L137_GAUSS,1993,3,interior,MLD2,1908.90402
CMdev_L137_GAUSS,1993,4,interior,MLD2,1560.51838
CMdev_L137_GAUSS,1993,5,interior,MLD2,795.75399
CMdev_L137_GAUSS,1993,6,interior,MLD2,22.70988
CMdev_L137_GAUSS,1993,7,interior,MLD2,15.98893
CMdev_L137_GAUSS,1993,8,interior,MLD2,15.63067
CMdev_L137_GAUSS,1993,9,interior,MLD2,19.27157
CMdev_L137_GAUSS,1993,10,interior,MLD2,28.89263
CMdev_L137_GAUSS,1993,11,interior,MLD2,50.14028
CMdev_L137_GAUSS,1993,12,interior,MLD2,403.43895
CMdev_L137_GAUSS,1994,1,labsea,a_ice,0.16627
CMdev_L137_GAUSS,1994,2,labsea,a_ice,0.21020
CMdev_L137_GAUSS,1994,3,labsea,a_ice,0.23793
CMdev_L137_GAUSS,1994,4,labsea,a_ice,0.19762
CMdev_L137_GAUSS,1994,5,labsea,a_ice,0.15415
CMdev_L137_GAUSS,1994,6,labsea,a_ice,0.08011
CMdev_L137_GAUSS,1994,7,labsea,a_ice,0.02697
CMdev_L137_GAUSS,1994,8,labsea,a_ice,0.00252
CMdev_L137_GAUSS,1994,9,labsea,a_ice,0.00000
CMdev_L137_GAUSS,1994,10,labsea,a_ice,0.00006
CMdev_L137_GAUSS,1994,11,labsea,a_ice,0.01568
CMdev_L137_GAUSS,1994,12,labsea,a_ice,0.04470
CMdev_L137_GAUSS,1994,1,interior,a_ice,0.03350
CMdev_L137_GAUSS,1994,2,interior,a_ice,0.02789
CMdev_L137_GAUSS,1994,3,interior,a_ice,0.02840
CMdev_L137_GAUSS,1994,4,interior,a_ice,0.03033
CMdev_L137_GAUSS,1994,5,interior,a_ice,0.02555
CMdev_L137_GAUSS,1994,6,interior,a_ice,0.00127
CMdev_L137_GAUSS,1994,7,interior,a_ice,0.00000
CMdev_L137_GAUSS,1994,8,interior,a_ice,0.00000
CMdev_L137_GAUSS,1994,9,interior,a_ice,0.00000
CMdev_L137_GAUSS,1994,10,interior,a_ice,0.00000
CMdev_L137_GAUSS,1994,11,interior,a_ice,0.00000
CMdev_L137_GAUSS,1994,12,interior,a_ice,0.00372
CMdev_L137_GAUSS,1994,1,labsea,MLD2,848.93220
CMdev_L137_GAUSS,1994,2,labsea,MLD2,1129.20448
CMdev_L137_GAUSS,1994,3,labsea,MLD2,1124.31479
CMdev_L137_GAUSS,1994,4,labsea,MLD2,958.25472
CMdev_L137_GAUSS,1994,5,labsea,MLD2,585.04326
CMdev_L137_GAUSS,1994,6,labsea,MLD2,20.85401
CMdev_L137_GAUSS,1994,7,labsea,MLD2,13.02321
CMdev_L137_GAUSS,1994,8,labsea,MLD2,13.34828
CMdev_L137_GAUSS,1994,9,labsea,MLD2,20.29352
CMdev_L137_GAUSS,1994,10,labsea,MLD2,26.05507
CMdev_L137_GAUSS,1994,11,labsea,MLD2,41.54906
CMdev_L137_GAUSS,1994,12,labsea,MLD2,75.48482
CMdev_L137_GAUSS,1994,1,interior,MLD2,1472.16393
CMdev_L137_GAUSS,1994,2,interior,MLD2,1795.12590
CMdev_L137_GAUSS,1994,3,interior,MLD2,1804.01666
CMdev_L137_GAUSS,1994,4,interior,MLD2,1584.84475
CMdev_L137_GAUSS,1994,5,interior,MLD2,1098.89474
CMdev_L137_GAUSS,1994,6,interior,MLD2,30.83156
CMdev_L137_GAUSS,1994,7,interior,MLD2,14.87333
CMdev_L137_GAUSS,1994,8,interior,MLD2,14.06139
CMdev_L137_GAUSS,1994,9,interior,MLD2,19.86452
CMdev_L137_GAUSS,1994,10,interior,MLD2,26.39368
CMdev_L137_GAUSS,1994,11,interior,MLD2,41.07046
CMdev_L137_GAUSS,1994,12,interior,MLD2,86.71664
CMdev_L137_GAUSS,1995,1,labsea,a_ice,0.20761
CMdev_L137_GAUSS,1995,2,labsea,a_ice,0.33331
CMdev_L137_GAUSS,1995,3,labsea,a_ice,0.34977
CMdev_L137_GAUSS,1995,4,labsea,a_ice,0.34441
CMdev_L137_GAUSS,1995,5,labsea,a_ice,0.23021
CMdev_L137_GAUSS,1995,6,labsea,a_ice,0.09099
CMdev_L137_GAUSS,1995,7,labsea,a_ice,0.00417
CMdev_L137_GAUSS,1995,8,labsea,a_ice,0.00000
CMdev_L137_GAUSS,1995,9,labsea,a_ice,0.00000
CMdev_L137_GAUSS,1995,10,labsea,a_ice,0.00000
CMdev_L137_GAUSS,1995,11,labsea,a_ice,0.01135
CMdev_L137_GAUSS,1995,12,labsea,a_ice,0.18747
CMdev_L137_GAUSS,1995,1,interior,a_ice,0.04475
CMdev_L137_GAUSS,1995,2,interior,a_ice,0.10960
CMdev_L137_GAUSS,1995,3,interior,a_ice,0.13478
CMdev_L137_GAUSS,1995,4,interior,a_ice,0.20839
CMdev_L137_GAUSS,1995,5,interior,a_ice,0.09413
CMdev_L137_GAUSS,1995,6,interior,a_ice,0.02090
CMdev_L137_GAUSS,1995,7,interior,a_ice,0.00000
CMdev_L137_GAUSS,1995,8,interior,a_ice,0.00000
CMdev_L137_GAUSS,1995,9,interior,a_ice,0.00000
CMdev_L137_GAUSS,1995,10,interior,a_ice,0.00000
CMdev_L137_GAUSS,1995,11,interior,a_ice,0.00195
CMdev_L137_GAUSS,1995,12,interior,a_ice,0.05973
CMdev_L137_GAUSS,1995,1,labsea,MLD2,405.73616
CMdev_L137_GAUSS,1995,2,labsea,MLD2,784.65180
CMdev_L137_GAUSS,1995,3,labsea,MLD2,749.23001
CMdev_L137_GAUSS,1995,4,labsea,MLD2,549.37473
CMdev_L137_GAUSS,1995,5,labsea,MLD2,52.31819
CMdev_L137_GAUSS,1995,6,labsea,MLD2,10.96407
CMdev_L137_GAUSS,1995,7,labsea,MLD2,14.13839
CMdev_L137_GAUSS,1995,8,labsea,MLD2,13.80933
CMdev_L137_GAUSS,1995,9,labsea,MLD2,15.94110
CMdev_L137_GAUSS,1995,10,labsea,MLD2,26.20998
CMdev_L137_GAUSS,1995,11,labsea,MLD2,53.57428
CMdev_L137_GAUSS,1995,12,labsea,MLD2,335.33202
CMdev_L137_GAUSS,1995,1,interior,MLD2,767.09336
CMdev_L137_GAUSS,1995,2,interior,MLD2,1339.92081
CMdev_L137_GAUSS,1995,3,interior,MLD2,1201.75217
CMdev_L137_GAUSS,1995,4,interior,MLD2,705.06871
CMdev_L137_GAUSS,1995,5,interior,MLD2,48.42692
CMdev_L137_GAUSS,1995,6,interior,MLD2,11.39588
CMdev_L137_GAUSS,1995,7,interior,MLD2,14.20072
CMdev_L137_GAUSS,1995,8,interior,MLD2,14.00388
CMdev_L137_GAUSS,1995,9,interior,MLD2,16.64079
CMdev_L137_GAUSS,1995,10,interior,MLD2,24.79472
CMdev_L137_GAUSS,1995,11,interior,MLD2,54.89084
CMdev_L137_GAUSS,1995,12,interior,MLD2,700.53081
CMdev_L137_GAUSS,1996,1,labsea,a_ice,0.40496
CMdev_L137_GAUSS,1996,2,labsea,a_ice,0.55592
CMdev_L137_GAUSS,1996,3,labsea,a_ice,0.52764
CMdev_L137_GAUSS,1996,4,labsea,a_ice,0.43766
CMdev_L137_GAUSS,1996,5,labsea,a_ice,0.31669
CMdev_L137_GAUSS,1996,6,labsea,a_ice,0.15287
CMdev_L137_GAUSS,1996,7,labsea,a_ice,0.02522
CMdev_L137_GAUSS,1996,8,labsea,a_ice,0.00010
CMdev_L137_GAUSS,1996,9,labsea,a_ice,0.00000
CMdev_L137_GAUSS,1996,10,labsea,a_ice,0.00007
CMdev_L137_GAUSS,1996,11,labsea,a_ice,0.01508
CMdev_L137_GAUSS,1996,12,labsea,a_ice,0.15397
CMdev_L137_GAUSS,1996,1,interior,a_ice,0.35275
CMdev_L137_GAUSS,1996,2,interior,a_ice,0.58727
CMdev_L137_GAUSS,1996,3,interior,a_ice,0.54691
CMdev_L137_GAUSS,1996,4,interior,a_ice,0.43203
CMdev_L137_GAUSS,1996,5,interior,a_ice,0.17631
CMdev_L137_GAUSS,1996,6,interior,a_ice,0.03557
CMdev_L137_GAUSS,1996,7,interior,a_ice,0.00013
CMdev_L137_GAUSS,1996,8,interior,a_ice,0.00000
CMdev_L137_GAUSS,1996,9,interior,a_ice,0.00000
CMdev_L137_GAUSS,1996,10,interior,a_ice,0.00000
CMdev_L137_GAUSS,1996,11,interior,a_ice,0.00015
CMdev_L137_GAUSS,1996,12,interior,a_ice,0.03465
CMdev_L137_GAUSS,1996,1,labsea,MLD2,655.27740
CMdev_L137_GAUSS,1996,2,labsea,MLD2,557.58972
CMdev_L137_GAUSS,1996,3,labsea,MLD2,484.28044
CMdev_L137_GAUSS,1996,4,labsea,MLD2,363.75445
CMdev_L137_GAUSS,1996,5,labsea,MLD2,122.36304
CMdev_L137_GAUSS,1996,6,labsea,MLD2,15.20521
CMdev_L137_GAUSS,1996,7,labsea,MLD2,11.23991
CMdev_L137_GAUSS,1996,8,labsea,MLD2,12.04165
CMdev_L137_GAUSS,1996,9,labsea,MLD2,17.32537
CMdev_L137_GAUSS,1996,10,labsea,MLD2,24.12490
CMdev_L137_GAUSS,1996,11,labsea,MLD2,31.74223
CMdev_L137_GAUSS,1996,12,labsea,MLD2,73.18610
CMdev_L137_GAUSS,1996,1,interior,MLD2,976.65249
CMdev_L137_GAUSS,1996,2,interior,MLD2,534.64106
CMdev_L137_GAUSS,1996,3,interior,MLD2,359.43204
CMdev_L137_GAUSS,1996,4,interior,MLD2,125.22523
CMdev_L137_GAUSS,1996,5,interior,MLD2,25.48885
CMdev_L137_GAUSS,1996,6,interior,MLD2,15.67402
CMdev_L137_GAUSS,1996,7,interior,MLD2,11.54066
CMdev_L137_GAUSS,1996,8,interior,MLD2,13.29108
CMdev_L137_GAUSS,1996,9,interior,MLD2,18.04298
CMdev_L137_GAUSS,1996,10,interior,MLD2,23.88170
CMdev_L137_GAUSS,1996,11,interior,MLD2,32.44758
CMdev_L137_GAUSS,1996,12,interior,MLD2,46.57721
CMdev_L137_GAUSS,1997,1,labsea,a_ice,0.49593
CMdev_L137_GAUSS,1997,2,labsea,a_ice,0.51332
CMdev_L137_GAUSS,1997,3,labsea,a_ice,0.50650
CMdev_L137_GAUSS,1997,4,labsea,a_ice,0.47054
CMdev_L137_GAUSS,1997,5,labsea,a_ice,0.32160
CMdev_L137_GAUSS,1997,6,labsea,a_ice,0.14000
CMdev_L137_GAUSS,1997,7,labsea,a_ice,0.01440
CMdev_L137_GAUSS,1997,8,labsea,a_ice,0.00006
CMdev_L137_GAUSS,1997,9,labsea,a_ice,0.00003
CMdev_L137_GAUSS,1997,10,labsea,a_ice,0.00116
CMdev_L137_GAUSS,1997,11,labsea,a_ice,0.04489
CMdev_L137_GAUSS,1997,12,labsea,a_ice,0.26348
CMdev_L137_GAUSS,1997,1,interior,a_ice,0.55188
CMdev_L137_GAUSS,1997,2,interior,a_ice,0.52435
CMdev_L137_GAUSS,1997,3,interior,a_ice,0.53573
CMdev_L137_GAUSS,1997,4,interior,a_ice,0.45480
CMdev_L137_GAUSS,1997,5,interior,a_ice,0.18869
CMdev_L137_GAUSS,1997,6,interior,a_ice,0.02575
CMdev_L137_GAUSS,1997,7,interior,a_ice,0.00106
CMdev_L137_GAUSS,1997,8,interior,a_ice,0.00000
CMdev_L137_GAUSS,1997,9,interior,a_ice,0.00000
CMdev_L137_GAUSS,1997,10,interior,a_ice,0.00000
CMdev_L137_GAUSS,1997,11,interior,a_ice,0.00529
CMdev_L137_GAUSS,1997,12,interior,a_ice,0.12921
CMdev_L137_GAUSS,1997,1,labsea,MLD2,480.98173
CMdev_L137_GAUSS,1997,2,labsea,MLD2,644.59029
CMdev_L137_GAUSS,1997,3,labsea,MLD2,598.81467
CMdev_L137_GAUSS,1997,4,labsea,MLD2,508.02621
CMdev_L137_GAUSS,1997,5,labsea,MLD2,120.12859
CMdev_L137_GAUSS,1997,6,labsea,MLD2,14.74373
CMdev_L137_GAUSS,1997,7,labsea,MLD2,11.60181
CMdev_L137_GAUSS,1997,8,labsea,MLD2,13.43163
CMdev_L137_GAUSS,1997,9,labsea,MLD2,18.32109
CMdev_L137_GAUSS,1997,10,labsea,MLD2,30.32053
CMdev_L137_GAUSS,1997,11,labsea,MLD2,62.29869
CMdev_L137_GAUSS,1997,12,labsea,MLD2,410.15796
CMdev_L137_GAUSS,1997,1,interior,MLD2,420.53054
CMdev_L137_GAUSS,1997,2,interior,MLD2,710.99640
CMdev_L137_GAUSS,1997,3,interior,MLD2,675.98331
CMdev_L137_GAUSS,1997,4,interior,MLD2,566.08484
CMdev_L137_GAUSS,1997,5,interior,MLD2,214.42893
CMdev_L137_GAUSS,1997,6,interior,MLD2,17.33992
CMdev_L137_GAUSS,1997,7,interior,MLD2,12.19365
CMdev_L137_GAUSS,1997,8,interior,MLD2,14.46009
CMdev_L137_GAUSS,1997,9,interior,MLD2,17.98513
CMdev_L137_GAUSS,1997,10,interior,MLD2,26.93336
CMdev_L137_GAUSS,1997,11,interior,MLD2,44.78922
CMdev_L137_GAUSS,1997,12,interior,MLD2,629.49219
CMdev_L137_GAUSS,1998,1,labsea,a_ice,0.53278
CMdev_L137_GAUSS,1998,2,labsea,a_ice,0.68502
CMdev_L137_GAUSS,1998,3,labsea,a_ice,0.76145
CMdev_L137_GAUSS,1998,4,labsea,a_ice,0.72230
CMdev_L137_GAUSS,1998,5,labsea,a_ice,0.58740
CMdev_L137_GAUSS,1998,6,labsea,a_ice,0.34167
CMdev_L137_GAUSS,1998,7,labsea,a_ice,0.09077
CMdev_L137_GAUSS,1998,8,labsea,a_ice,0.01988
CMdev_L137_GAUSS,1998,9,labsea,a_ice,0.00202
CMdev_L137_GAUSS,1998,10,labsea,a_ice,0.00075
CMdev_L137_GAUSS,1998,11,labsea,a_ice,0.02200
CMdev_L137_GAUSS,1998,12,labsea,a_ice,0.16087
CMdev_L137_GAUSS,1998,1,interior,a_ice,0.56254
CMdev_L137_GAUSS,1998,2,interior,a_ice,0.81376
CMdev_L137_GAUSS,1998,3,interior,a_ice,0.93999
CMdev_L137_GAUSS,1998,4,interior,a_ice,0.86930
CMdev_L137_GAUSS,1998,5,interior,a_ice,0.73112
CMdev_L137_GAUSS,1998,6,interior,a_ice,0.30164
CMdev_L137_GAUSS,1998,7,interior,a_ice,0.02260
CMdev_L137_GAUSS,1998,8,interior,a_ice,0.00000
CMdev_L137_GAUSS,1998,9,interior,a_ice,0.00000
CMdev_L137_GAUSS,1998,10,interior,a_ice,0.00000
CMdev_L137_GAUSS,1998,11,interior,a_ice,0.00000
CMdev_L137_GAUSS,1998,12,interior,a_ice,0.02475
CMdev_L137_GAUSS,1998,1,labsea,MLD2,628.10681
CMdev_L137_GAUSS,1998,2,labsea,MLD2,501.89119
CMdev_L137_GAUSS,1998,3,labsea,MLD2,342.24233
CMdev_L137_GAUSS,1998,4,labsea,MLD2,197.95920
CMdev_L137_GAUSS,1998,5,labsea,MLD2,69.79535
CMdev_L137_GAUSS,1998,6,labsea,MLD2,13.52781
CMdev_L137_GAUSS,1998,7,labsea,MLD2,13.43853
CMdev_L137_GAUSS,1998,8,labsea,MLD2,12.63899
CMdev_L137_GAUSS,1998,9,labsea,MLD2,17.09501
CMdev_L137_GAUSS,1998,10,labsea,MLD2,27.07522
CMdev_L137_GAUSS,1998,11,labsea,MLD2,55.06141
CMdev_L137_GAUSS,1998,12,labsea,MLD2,457.94164
CMdev_L137_GAUSS,1998,1,interior,MLD2,843.20112
CMdev_L137_GAUSS,1998,2,interior,MLD2,296.32102
CMdev_L137_GAUSS,1998,3,interior,MLD2,26.31841
CMdev_L137_GAUSS,1998,4,interior,MLD2,25.56960
CMdev_L137_GAUSS,1998,5,interior,MLD2,20.94786
CMdev_L137_GAUSS,1998,6,interior,MLD2,14.35875
CMdev_L137_GAUSS,1998,7,interior,MLD2,14.51768
CMdev_L137_GAUSS,1998,8,interior,MLD2,13.06373
CMdev_L137_GAUSS,1998,9,interior,MLD2,16.75594
CMdev_L137_GAUSS,1998,10,interior,MLD2,24.65014
CMdev_L137_GAUSS,1998,11,interior,MLD2,51.60250
CMdev_L137_GAUSS,1998,12,interior,MLD2,633.46089
CMdev_L137_GAUSS,1999,1,labsea,a_ice,0.29122
CMdev_L137_GAUSS,1999,2,labsea,a_ice,0.42847
CMdev_L137_GAUSS,1999,3,labsea,a_ice,0.43030
CMdev_L137_GAUSS,1999,4,labsea,a_ice,0.34600
CMdev_L137_GAUSS,1999,5,labsea,a_ice,0.23760
CMdev_L137_GAUSS,1999,6,labsea,a_ice,0.12571
CMdev_L137_GAUSS,1999,7,labsea,a_ice,0.04037
CMdev_L137_GAUSS,1999,8,labsea,a_ice,0.00711
CMdev_L137_GAUSS,1999,9,labsea,a_ice,0.00018
CMdev_L137_GAUSS,1999,10,labsea,a_ice,0.00300
CMdev_L137_GAUSS,1999,11,labsea,a_ice,0.05211
CMdev_L137_GAUSS,1999,12,labsea,a_ice,0.20222
CMdev_L137_GAUSS,1999,1,interior,a_ice,0.08393
CMdev_L137_GAUSS,1999,2,interior,a_ice,0.28579
CMdev_L137_GAUSS,1999,3,interior,a_ice,0.39599
CMdev_L137_GAUSS,1999,4,interior,a_ice,0.18764
CMdev_L137_GAUSS,1999,5,interior,a_ice,0.04791
CMdev_L137_GAUSS,1999,6,interior,a_ice,0.00859
CMdev_L137_GAUSS,1999,7,interior,a_ice,0.00000
CMdev_L137_GAUSS,1999,8,interior,a_ice,0.00000
CMdev_L137_GAUSS,1999,9,interior,a_ice,0.00000
CMdev_L137_GAUSS,1999,10,interior,a_ice,0.00000
CMdev_L137_GAUSS,1999,11,interior,a_ice,0.00367
CMdev_L137_GAUSS,1999,12,interior,a_ice,0.02152
CMdev_L137_GAUSS,1999,1,labsea,MLD2,909.16632
CMdev_L137_GAUSS,1999,2,labsea,MLD2,1018.84722
CMdev_L137_GAUSS,1999,3,labsea,MLD2,758.22757
CMdev_L137_GAUSS,1999,4,labsea,MLD2,578.82213
CMdev_L137_GAUSS,1999,5,labsea,MLD2,180.20819
CMdev_L137_GAUSS,1999,6,labsea,MLD2,15.67600
CMdev_L137_GAUSS,1999,7,labsea,MLD2,13.24827
CMdev_L137_GAUSS,1999,8,labsea,MLD2,13.15196
CMdev_L137_GAUSS,1999,9,labsea,MLD2,20.34434
CMdev_L137_GAUSS,1999,10,labsea,MLD2,29.69664
CMdev_L137_GAUSS,1999,11,labsea,MLD2,81.02334
CMdev_L137_GAUSS,1999,12,labsea,MLD2,537.13209
CMdev_L137_GAUSS,1999,1,interior,MLD2,1658.72486
CMdev_L137_GAUSS,1999,2,interior,MLD2,1614.08269
CMdev_L137_GAUSS,1999,3,interior,MLD2,737.73101
CMdev_L137_GAUSS,1999,4,interior,MLD2,589.05589
CMdev_L137_GAUSS,1999,5,interior,MLD2,198.86245
CMdev_L137_GAUSS,1999,6,interior,MLD2,16.83253
CMdev_L137_GAUSS,1999,7,interior,MLD2,15.30325
CMdev_L137_GAUSS,1999,8,interior,MLD2,14.22803
CMdev_L137_GAUSS,1999,9,interior,MLD2,19.24804
CMdev_L137_GAUSS,1999,10,interior,MLD2,32.02010
CMdev_L137_GAUSS,1999,11,interior,MLD2,102.72430
CMdev_L137_GAUSS,1999,12,interior,MLD2,1030.28210
CMdev_L137_GAUSS,2000,1,labsea,a_ice,0.35347
CMdev_L137_GAUSS,2000,2,labsea,a_ice,0.41584
CMdev_L137_GAUSS,2000,3,labsea,a_ice,0.39893
CMdev_L137_GAUSS,2000,4,labsea,a_ice,0.43671
CMdev_L137_GAUSS,2000,5,labsea,a_ice,0.32732
CMdev_L137_GAUSS,2000,6,labsea,a_ice,0.17392
CMdev_L137_GAUSS,2000,7,labsea,a_ice,0.04279
CMdev_L137_GAUSS,2000,8,labsea,a_ice,0.00481
CMdev_L137_GAUSS,2000,9,labsea,a_ice,0.00017
CMdev_L137_GAUSS,2000,10,labsea,a_ice,0.00014
CMdev_L137_GAUSS,2000,11,labsea,a_ice,0.02361
CMdev_L137_GAUSS,2000,12,labsea,a_ice,0.13804
CMdev_L137_GAUSS,2000,1,interior,a_ice,0.14246
CMdev_L137_GAUSS,2000,2,interior,a_ice,0.26824
CMdev_L137_GAUSS,2000,3,interior,a_ice,0.31008
CMdev_L137_GAUSS,2000,4,interior,a_ice,0.40000
CMdev_L137_GAUSS,2000,5,interior,a_ice,0.21163
CMdev_L137_GAUSS,2000,6,interior,a_ice,0.04820
CMdev_L137_GAUSS,2000,7,interior,a_ice,0.00131
CMdev_L137_GAUSS,2000,8,interior,a_ice,0.00000
CMdev_L137_GAUSS,2000,9,interior,a_ice,0.00000
CMdev_L137_GAUSS,2000,10,interior,a_ice,0.00000
CMdev_L137_GAUSS,2000,11,interior,a_ice,0.00136
CMdev_L137_GAUSS,2000,12,interior,a_ice,0.01740
CMdev_L137_GAUSS,2000,1,labsea,MLD2,1123.83606
CMdev_L137_GAUSS,2000,2,labsea,MLD2,1086.34388
CMdev_L137_GAUSS,2000,3,labsea,MLD2,1014.59158
CMdev_L137_GAUSS,2000,4,labsea,MLD2,923.30996
CMdev_L137_GAUSS,2000,5,labsea,MLD2,344.47090
CMdev_L137_GAUSS,2000,6,labsea,MLD2,12.45054
CMdev_L137_GAUSS,2000,7,labsea,MLD2,11.91054
CMdev_L137_GAUSS,2000,8,labsea,MLD2,15.30253
CMdev_L137_GAUSS,2000,9,labsea,MLD2,18.87985
CMdev_L137_GAUSS,2000,10,labsea,MLD2,24.04366
CMdev_L137_GAUSS,2000,11,labsea,MLD2,51.19672
CMdev_L137_GAUSS,2000,12,labsea,MLD2,176.34642
CMdev_L137_GAUSS,2000,1,interior,MLD2,2017.47961
CMdev_L137_GAUSS,2000,2,interior,MLD2,1551.92705
CMdev_L137_GAUSS,2000,3,interior,MLD2,1139.98004
CMdev_L137_GAUSS,2000,4,interior,MLD2,904.78177
CMdev_L137_GAUSS,2000,5,interior,MLD2,389.42573
CMdev_L137_GAUSS,2000,6,interior,MLD2,13.08000
CMdev_L137_GAUSS,2000,7,interior,MLD2,13.01271
CMdev_L137_GAUSS,2000,8,interior,MLD2,16.41496
CMdev_L137_GAUSS,2000,9,interior,MLD2,20.44922
CMdev_L137_GAUSS,2000,10,interior,MLD2,25.73955
CMdev_L137_GAUSS,2000,11,interior,MLD2,51.20589
CMdev_L137_GAUSS,2000,12,interior,MLD2,245.51307
CMdev_L137_GAUSS,2001,1,labsea,a_ice,0.22829
CMdev_L137_GAUSS,2001,2,labsea,a_ice,0.30576
CMdev_L137_GAUSS,2001,3,labsea,a_ice,0.32936
CMdev_L137_GAUSS,2001,4,labsea,a_ice,0.37365
CMdev_L137_GAUSS,2001,5,labsea,a_ice,0.26776
CMdev_L137_GAUSS,2001,6,labsea,a_ice,0.10102
CMdev_L137_GAUSS,2001,7,labsea,a_ice,0.01931
CMdev_L137_GAUSS,2001,8,labsea,a_ice,0.00017
CMdev_L137_GAUSS,2001,9,labsea,a_ice,0.00000
CMdev_L137_GAUSS,2001,10,labsea,a_ice,0.00094
CMdev_L137_GAUSS,2001,11,labsea,a_ice,0.03093
CMdev_L137_GAUSS,2001,12,labsea,a_ice,0.15832
CMdev_L137_GAUSS,2001,1,interior,a_ice,0.05111
CMdev_L137_GAUSS,2001,2,interior,a_ice,0.07399
CMdev_L137_GAUSS,2001,3,interior,a_ice,0.17329
CMdev_L137_GAUSS,2001,4,interior,a_ice,0.26837
CMdev_L137_GAUSS,2001,5,interior,a_ice,0.12104
CMdev_L137_GAUSS,2001,6,interior,a_ice,0.00779
CMdev_L137_GAUSS,2001,7,interior,a_ice,0.00000
CMdev_L137_GAUSS,2001,8,interior,a_ice,0.00000
CMdev_L137_GAUSS,2001,9,interior,a_ice,0.00000
CMdev_L137_GAUSS,2001,10,interior,a_ice,0.00000
CMdev_L137_GAUSS,2001,11,interior,a_ice,0.00009
CMdev_L137_GAUSS,2001,12,interior,a_ice,0.01056
CMdev_L137_GAUSS,2001,1,labsea,MLD2,956.86402
CMdev_L137_GAUSS,2001,2,labsea,MLD2,1407.63027
CMdev_L137_GAUSS,2001,3,labsea,MLD2,1215.05731
CMdev_L137_GAUSS,2001,4,labsea,MLD2,900.01484
CMdev_L137_GAUSS,2001,5,labsea,MLD2,230.47474
CMdev_L137_GAUSS,2001,6,labsea,MLD2,17.32781
CMdev_L137_GAUSS,2001,7,labsea,MLD2,12.69964
CMdev_L137_GAUSS,2001,8,labsea,MLD2,11.54104
CMdev_L137_GAUSS,2001,9,labsea,MLD2,19.25334
CMdev_L137_GAUSS,2001,10,labsea,MLD2,27.72146
CMdev_L137_GAUSS,2001,11,labsea,MLD2,38.46703
CMdev_L137_GAUSS,2001,12,labsea,MLD2,219.52064
CMdev_L137_GAUSS,2001,1,interior,MLD2,1734.32860
CMdev_L137_GAUSS,2001,2,interior,MLD2,2260.93777
CMdev_L137_GAUSS,2001,3,interior,MLD2,1708.70520
CMdev_L137_GAUSS,2001,4,interior,MLD2,1227.09738
CMdev_L137_GAUSS,2001,5,interior,MLD2,424.90636
CMdev_L137_GAUSS,2001,6,interior,MLD2,21.79241
CMdev_L137_GAUSS,2001,7,interior,MLD2,14.74482
CMdev_L137_GAUSS,2001,8,interior,MLD2,12.29119
CMdev_L137_GAUSS,2001,9,interior,MLD2,19.49262
CMdev_L137_GAUSS,2001,10,interior,MLD2,28.84406
CMdev_L137_GAUSS,2001,11,interior,MLD2,38.78136
CMdev_L137_GAUSS,2001,12,interior,MLD2,474.10576
CMdev_L137_GAUSS,2002,1,labsea,a_ice,0.27134
CMdev_L137_GAUSS,2002,2,labsea,a_ice,0.33381
CMdev_L137_GAUSS,2002,3,labsea,a_ice,0.40037
CMdev_L137_GAUSS,2002,4,labsea,a_ice,0.38051
CMdev_L137_GAUSS,2002,5,labsea,a_ice,0.26736
CMdev_L137_GAUSS,2002,6,labsea,a_ice,0.15775
CMdev_L137_GAUSS,2002,7,labsea,a_ice,0.03848
CMdev_L137_GAUSS,2002,8,labsea,a_ice,0.00167
CMdev_L137_GAUSS,2002,9,labsea,a_ice,0.00000
CMdev_L137_GAUSS,2002,10,labsea,a_ice,0.00035
CMdev_L137_GAUSS,2002,11,labsea,a_ice,0.02561
CMdev_L137_GAUSS,2002,12,labsea,a_ice,0.31174
CMdev_L137_GAUSS,2002,1,interior,a_ice,0.06764
CMdev_L137_GAUSS,2002,2,interior,a_ice,0.13700
CMdev_L137_GAUSS,2002,3,interior,a_ice,0.32004
CMdev_L137_GAUSS,2002,4,interior,a_ice,0.28971
CMdev_L137_GAUSS,2002,5,interior,a_ice,0.07741
CMdev_L137_GAUSS,2002,6,interior,a_ice,0.01046
CMdev_L137_GAUSS,2002,7,interior,a_ice,0.00296
CMdev_L137_GAUSS,2002,8,interior,a_ice,0.00000
CMdev_L137_GAUSS,2002,9,interior,a_ice,0.00000
CMdev_L137_GAUSS,2002,10,interior,a_ice,0.00000
CMdev_L137_GAUSS,2002,11,interior,a_ice,0.00047
CMdev_L137_GAUSS,2002,12,interior,a_ice,0.17183
CMdev_L137_GAUSS,2002,1,labsea,MLD2,877.23629
CMdev_L137_GAUSS,2002,2,labsea,MLD2,982.85769
CMdev_L137_GAUSS,2002,3,labsea,MLD2,1008.15131
CMdev_L137_GAUSS,2002,4,labsea,MLD2,921.00209
CMdev_L137_GAUSS,2002,5,labsea,MLD2,309.70715
CMdev_L137_GAUSS,2002,6,labsea,MLD2,15.92915
CMdev_L137_GAUSS,2002,7,labsea,MLD2,10.39723
CMdev_L137_GAUSS,2002,8,labsea,MLD2,10.75735
CMdev_L137_GAUSS,2002,9,labsea,MLD2,15.32159
CMdev_L137_GAUSS,2002,10,labsea,MLD2,24.32957
CMdev_L137_GAUSS,2002,11,labsea,MLD2,59.62191
CMdev_L137_GAUSS,2002,12,labsea,MLD2,357.60451
CMdev_L137_GAUSS,2002,1,interior,MLD2,1860.07117
CMdev_L137_GAUSS,2002,2,interior,MLD2,1880.20141
CMdev_L137_GAUSS,2002,3,interior,MLD2,1339.39833
CMdev_L137_GAUSS,2002,4,interior,MLD2,1143.83661
CMdev_L137_GAUSS,2002,5,interior,MLD2,464.89273
CMdev_L137_GAUSS,2002,6,interior,MLD2,17.88731
CMdev_L137_GAUSS,2002,7,interior,MLD2,11.30510
CMdev_L137_GAUSS,2002,8,interior,MLD2,11.27269
CMdev_L137_GAUSS,2002,9,interior,MLD2,15.35400
CMdev_L137_GAUSS,2002,10,interior,MLD2,24.14980
CMdev_L137_GAUSS,2002,11,interior,MLD2,52.08212
CMdev_L137_GAUSS,2002,12,interior,MLD2,557.27434
CMdev_L137_GAUSS,2003,1,labsea,a_ice,0.46446
CMdev_L137_GAUSS,2003,2,labsea,a_ice,0.47673
CMdev_L137_GAUSS,2003,3,labsea,a_ice,0.46585
CMdev_L137_GAUSS,2003,4,labsea,a_ice,0.41933
CMdev_L137_GAUSS,2003,5,labsea,a_ice,0.25113
CMdev_L137_GAUSS,2003,6,labsea,a_ice,0.12280
CMdev_L137_GAUSS,2003,7,labsea,a_ice,0.03003
CMdev_L137_GAUSS,2003,8,labsea,a_ice,0.00152
CMdev_L137_GAUSS,2003,9,labsea,a_ice,0.00000
CMdev_L137_GAUSS,2003,10,labsea,a_ice,0.00002
CMdev_L137_GAUSS,2003,11,labsea,a_ice,0.02795
CMdev_L137_GAUSS,2003,12,labsea,a_ice,0.14480
CMdev_L137_GAUSS,2003,1,interior,a_ice,0.41941
CMdev_L137_GAUSS,2003,2,interior,a_ice,0.57238
CMdev_L137_GAUSS,2003,3,interior,a_ice,0.54588
CMdev_L137_GAUSS,2003,4,interior,a_ice,0.38869
CMdev_L137_GAUSS,2003,5,interior,a_ice,0.08658
CMdev_L137_GAUSS,2003,6,interior,a_ice,0.02158
CMdev_L137_GAUSS,2003,7,interior,a_ice,0.00070
CMdev_L137_GAUSS,2003,8,interior,a_ice,0.00000
CMdev_L137_GAUSS,2003,9,interior,a_ice,0.00000
CMdev_L137_GAUSS,2003,10,interior,a_ice,0.00000
CMdev_L137_GAUSS,2003,11,interior,a_ice,0.00121
CMdev_L137_GAUSS,2003,12,interior,a_ice,0.02964
CMdev_L137_GAUSS,2003,1,labsea,MLD2,761.46619
CMdev_L137_GAUSS,2003,2,labsea,MLD2,717.11861
CMdev_L137_GAUSS,2003,3,labsea,MLD2,793.30976
CMdev_L137_GAUSS,2003,4,labsea,MLD2,737.38904
CMdev_L137_GAUSS,2003,5,labsea,MLD2,166.20496
CMdev_L137_GAUSS,2003,6,labsea,MLD2,17.91451
CMdev_L137_GAUSS,2003,7,labsea,MLD2,12.69030
CMdev_L137_GAUSS,2003,8,labsea,MLD2,14.54751
CMdev_L137_GAUSS,2003,9,labsea,MLD2,20.10840
CMdev_L137_GAUSS,2003,10,labsea,MLD2,32.11510
CMdev_L137_GAUSS,2003,11,labsea,MLD2,45.41836
CMdev_L137_GAUSS,2003,12,labsea,MLD2,173.33824
CMdev_L137_GAUSS,2003,1,interior,MLD2,975.11164
CMdev_L137_GAUSS,2003,2,interior,MLD2,339.16216
CMdev_L137_GAUSS,2003,3,interior,MLD2,296.44373
CMdev_L137_GAUSS,2003,4,interior,MLD2,431.94597
CMdev_L137_GAUSS,2003,5,interior,MLD2,113.08527
CMdev_L137_GAUSS,2003,6,interior,MLD2,20.11262
CMdev_L137_GAUSS,2003,7,interior,MLD2,14.92905
CMdev_L137_GAUSS,2003,8,interior,MLD2,16.16426
CMdev_L137_GAUSS,2003,9,interior,MLD2,19.47720
CMdev_L137_GAUSS,2003,10,interior,MLD2,31.04371
CMdev_L137_GAUSS,2003,11,interior,MLD2,47.51609
CMdev_L137_GAUSS,2003,12,interior,MLD2,349.85256
CMdev_L137_GAUSS,2004,1,labsea,a_ice,0.29085
CMdev_L137_GAUSS,2004,2,labsea,a_ice,0.37977
CMdev_L137_GAUSS,2004,3,labsea,a_ice,0.48956
CMdev_L137_GAUSS,2004,4,labsea,a_ice,0.49872
CMdev_L137_GAUSS,2004,5,labsea,a_ice,0.33971
CMdev_L137_GAUSS,2004,6,labsea,a_ice,0.12929
CMdev_L137_GAUSS,2004,7,labsea,a_ice,0.02227
CMdev_L137_GAUSS,2004,8,labsea,a_ice,0.00061
CMdev_L137_GAUSS,2004,9,labsea,a_ice,0.00000
CMdev_L137_GAUSS,2004,10,labsea,a_ice,0.00015
CMdev_L137_GAUSS,2004,11,labsea,a_ice,0.00987
CMdev_L137_GAUSS,2004,12,labsea,a_ice,0.15713
CMdev_L137_GAUSS,2004,1,interior,a_ice,0.10009
CMdev_L137_GAUSS,2004,2,interior,a_ice,0.23618
CMdev_L137_GAUSS,2004,3,interior,a_ice,0.55925
CMdev_L137_GAUSS,2004,4,interior,a_ice,0.53046
CMdev_L137_GAUSS,2004,5,interior,a_ice,0.25587
CMdev_L137_GAUSS,2004,6,interior,a_ice,0.02032
CMdev_L137_GAUSS,2004,7,interior,a_ice,0.00091
CMdev_L137_GAUSS,2004,8,interior,a_ice,0.00000
CMdev_L137_GAUSS,2004,9,interior,a_ice,0.00000
CMdev_L137_GAUSS,2004,10,interior,a_ice,0.00000
CMdev_L137_GAUSS,2004,11,interior,a_ice,0.00014
CMdev_L137_GAUSS,2004,12,interior,a_ice,0.04834
CMdev_L137_GAUSS,2004,1,labsea,MLD2,787.94332
CMdev_L137_GAUSS,2004,2,labsea,MLD2,1037.66877
CMdev_L137_GAUSS,2004,3,labsea,MLD2,848.44376
CMdev_L137_GAUSS,2004,4,labsea,MLD2,583.56194
CMdev_L137_GAUSS,2004,5,labsea,MLD2,135.87085
CMdev_L137_GAUSS,2004,6,labsea,MLD2,14.68632
CMdev_L137_GAUSS,2004,7,labsea,MLD2,12.65828
CMdev_L137_GAUSS,2004,8,labsea,MLD2,12.23928
CMdev_L137_GAUSS,2004,9,labsea,MLD2,17.32319
CMdev_L137_GAUSS,2004,10,labsea,MLD2,24.99976
CMdev_L137_GAUSS,2004,11,labsea,MLD2,40.16579
CMdev_L137_GAUSS,2004,12,labsea,MLD2,216.27686
CMdev_L137_GAUSS,2004,1,interior,MLD2,1549.28208
CMdev_L137_GAUSS,2004,2,interior,MLD2,1661.22522
CMdev_L137_GAUSS,2004,3,interior,MLD2,774.78486
CMdev_L137_GAUSS,2004,4,interior,MLD2,448.64810
CMdev_L137_GAUSS,2004,5,interior,MLD2,155.48630
CMdev_L137_GAUSS,2004,6,interior,MLD2,17.12813
CMdev_L137_GAUSS,2004,7,interior,MLD2,13.69075
CMdev_L137_GAUSS,2004,8,interior,MLD2,13.95169
CMdev_L137_GAUSS,2004,9,interior,MLD2,17.80824
CMdev_L137_GAUSS,2004,10,interior,MLD2,24.64157
CMdev_L137_GAUSS,2004,11,interior,MLD2,38.25280
CMdev_L137_GAUSS,2004,12,interior,MLD2,247.27425
CMdev_L137_GAUSS,2005,1,labsea,a_ice,0.33364
CMdev_L137_GAUSS,2005,2,labsea,a_ice,0.45638
CMdev_L137_GAUSS,2005,3,labsea,a_ice,0.41048
CMdev_L137_GAUSS,2005,4,labsea,a_ice,0.40921
CMdev_L137_GAUSS,2005,5,labsea,a_ice,0.29660
CMdev_L137_GAUSS,2005,6,labsea,a_ice,0.12742
CMdev_L137_GAUSS,2005,7,labsea,a_ice,0.02333
CMdev_L137_GAUSS,2005,8,labsea,a_ice,0.00144
CMdev_L137_GAUSS,2005,9,labsea,a_ice,0.00001
CMdev_L137_GAUSS,2005,10,labsea,a_ice,0.00116
CMdev_L137_GAUSS,2005,11,labsea,a_ice,0.02112
CMdev_L137_GAUSS,2005,12,labsea,a_ice,0.10191
CMdev_L137_GAUSS,2005,1,interior,a_ice,0.12908
CMdev_L137_GAUSS,2005,2,interior,a_ice,0.45094
CMdev_L137_GAUSS,2005,3,interior,a_ice,0.36104
CMdev_L137_GAUSS,2005,4,interior,a_ice,0.36015
CMdev_L137_GAUSS,2005,5,interior,a_ice,0.19902
CMdev_L137_GAUSS,2005,6,interior,a_ice,0.03587
CMdev_L137_GAUSS,2005,7,interior,a_ice,0.00511
CMdev_L137_GAUSS,2005,8,interior,a_ice,0.00000
CMdev_L137_GAUSS,2005,9,interior,a_ice,0.00000
CMdev_L137_GAUSS,2005,10,interior,a_ice,0.00000
CMdev_L137_GAUSS,2005,11,interior,a_ice,0.00117
CMdev_L137_GAUSS,2005,12,interior,a_ice,0.02262
CMdev_L137_GAUSS,2005,1,labsea,MLD2,772.39355
CMdev_L137_GAUSS,2005,2,labsea,MLD2,860.30082
CMdev_L137_GAUSS,2005,3,labsea,MLD2,899.09840
CMdev_L137_GAUSS,2005,4,labsea,MLD2,857.24756
CMdev_L137_GAUSS,2005,5,labsea,MLD2,439.34737
CMdev_L137_GAUSS,2005,6,labsea,MLD2,17.48604
CMdev_L137_GAUSS,2005,7,labsea,MLD2,14.70300
CMdev_L137_GAUSS,2005,8,labsea,MLD2,14.41617
CMdev_L137_GAUSS,2005,9,labsea,MLD2,17.69887
CMdev_L137_GAUSS,2005,10,labsea,MLD2,27.58845
CMdev_L137_GAUSS,2005,11,labsea,MLD2,39.33351
CMdev_L137_GAUSS,2005,12,labsea,MLD2,141.86252
CMdev_L137_GAUSS,2005,1,interior,MLD2,1502.89242
CMdev_L137_GAUSS,2005,2,interior,MLD2,1168.34717
CMdev_L137_GAUSS,2005,3,interior,MLD2,1106.12223
CMdev_L137_GAUSS,2005,4,interior,MLD2,1108.67784
CMdev_L137_GAUSS,2005,5,interior,MLD2,591.50853
CMdev_L137_GAUSS,2005,6,interior,MLD2,18.81820
CMdev_L137_GAUSS,2005,7,interior,MLD2,15.18966
CMdev_L137_GAUSS,2005,8,interior,MLD2,15.67177
CMdev_L137_GAUSS,2005,9,interior,MLD2,17.53416
CMdev_L137_GAUSS,2005,10,interior,MLD2,25.71168
CMdev_L137_GAUSS,2005,11,interior,MLD2,36.69172
CMdev_L137_GAUSS,2005,12,interior,MLD2,275.12278
CMdev_L137_GAUSS,2006,1,labsea,a_ice,0.21271
CMdev_L137_GAUSS,2006,2,labsea,a_ice,0.39533
CMdev_L137_GAUSS,2006,3,labsea,a_ice,0.56931
CMdev_L137_GAUSS,2006,4,labsea,a_ice,0.63596
CMdev_L137_GAUSS,2006,5,labsea,a_ice,0.45544
CMdev_L137_GAUSS,2006,6,labsea,a_ice,0.19204
CMdev_L137_GAUSS,2006,7,labsea,a_ice,0.05689
CMdev_L137_GAUSS,2006,8,labsea,a_ice,0.00433
CMdev_L137_GAUSS,2006,9,labsea,a_ice,0.00047
CMdev_L137_GAUSS,2006,10,labsea,a_ice,0.01499
CMdev_L137_GAUSS,2006,11,labsea,a_ice,0.28987
CMdev_L137_GAUSS,2006,12,labsea,a_ice,0.57400
CMdev_L137_GAUSS,2006,1,interior,a_ice,0.06193
CMdev_L137_GAUSS,2006,2,interior,a_ice,0.24751
CMdev_L137_GAUSS,2006,3,interior,a_ice,0.59026
CMdev_L137_GAUSS,2006,4,interior,a_ice,0.75383
CMdev_L137_GAUSS,2006,5,interior,a_ice,0.43826
CMdev_L137_GAUSS,2006,6,interior,a_ice,0.09630
CMdev_L137_GAUSS,2006,7,interior,a_ice,0.00436
CMdev_L137_GAUSS,2006,8,interior,a_ice,0.00023
CMdev_L137_GAUSS,2006,9,interior,a_ice,0.00000
CMdev_L137_GAUSS,2006,10,interior,a_ice,0.00028
CMdev_L137_GAUSS,2006,11,interior,a_ice,0.23097
CMdev_L137_GAUSS,2006,12,interior,a_ice,0.72845
CMdev_L137_GAUSS,2006,1,labsea,MLD2,521.39765
CMdev_L137_GAUSS,2006,2,labsea,MLD2,906.52610
CMdev_L137_GAUSS,2006,3,labsea,MLD2,706.44534
CMdev_L137_GAUSS,2006,4,labsea,MLD2,470.14896
CMdev_L137_GAUSS,2006,5,labsea,MLD2,198.88722
CMdev_L137_GAUSS,2006,6,labsea,MLD2,16.93487
CMdev_L137_GAUSS,2006,7,labsea,MLD2,12.20707
CMdev_L137_GAUSS,2006,8,labsea,MLD2,13.91614
CMdev_L137_GAUSS,2006,9,labsea,MLD2,20.67063
CMdev_L137_GAUSS,2006,10,labsea,MLD2,27.51590
CMdev_L137_GAUSS,2006,11,labsea,MLD2,34.44866
CMdev_L137_GAUSS,2006,12,labsea,MLD2,48.48792
CMdev_L137_GAUSS,2006,1,interior,MLD2,959.40097
CMdev_L137_GAUSS,2006,2,interior,MLD2,1576.68211
CMdev_L137_GAUSS,2006,3,interior,MLD2,800.59154
CMdev_L137_GAUSS,2006,4,interior,MLD2,229.99680
CMdev_L137_GAUSS,2006,5,interior,MLD2,19.69148
CMdev_L137_GAUSS,2006,6,interior,MLD2,17.11053
CMdev_L137_GAUSS,2006,7,interior,MLD2,14.10587
CMdev_L137_GAUSS,2006,8,interior,MLD2,15.23138
CMdev_L137_GAUSS,2006,9,interior,MLD2,20.11276
CMdev_L137_GAUSS,2006,10,interior,MLD2,26.53824
CMdev_L137_GAUSS,2006,11,interior,MLD2,28.27351
CMdev_L137_GAUSS,2006,12,interior,MLD2,26.00486
CMdev_L137_GAUSS,2007,1,labsea,a_ice,0.79136
CMdev_L137_GAUSS,2007,2,labsea,a_ice,0.83815
CMdev_L137_GAUSS,2007,3,labsea,a_ice,0.84714
CMdev_L137_GAUSS,2007,4,labsea,a_ice,0.77368
CMdev_L137_GAUSS,2007,5,labsea,a_ice,0.58955
CMdev_L137_GAUSS,2007,6,labsea,a_ice,0.24967
CMdev_L137_GAUSS,2007,7,labsea,a_ice,0.05027
CMdev_L137_GAUSS,2007,8,labsea,a_ice,0.01365
CMdev_L137_GAUSS,2007,9,labsea,a_ice,0.00084
CMdev_L137_GAUSS,2007,10,labsea,a_ice,0.00860
CMdev_L137_GAUSS,2007,11,labsea,a_ice,0.06480
CMdev_L137_GAUSS,2007,12,labsea,a_ice,0.14340
CMdev_L137_GAUSS,2007,1,interior,a_ice,0.94955
CMdev_L137_GAUSS,2007,2,interior,a_ice,0.92694
CMdev_L137_GAUSS,2007,3,interior,a_ice,0.91353
CMdev_L137_GAUSS,2007,4,interior,a_ice,0.85629
CMdev_L137_GAUSS,2007,5,interior,a_ice,0.69122
CMdev_L137_GAUSS,2007,6,interior,a_ice,0.19989
CMdev_L137_GAUSS,2007,7,interior,a_ice,0.00373
CMdev_L137_GAUSS,2007,8,interior,a_ice,0.00000
CMdev_L137_GAUSS,2007,9,interior,a_ice,0.00000
CMdev_L137_GAUSS,2007,10,interior,a_ice,0.00000
CMdev_L137_GAUSS,2007,11,interior,a_ice,0.00001
CMdev_L137_GAUSS,2007,12,interior,a_ice,0.01344
CMdev_L137_GAUSS,2007,1,labsea,MLD2,75.46404
CMdev_L137_GAUSS,2007,2,labsea,MLD2,95.77567
CMdev_L137_GAUSS,2007,3,labsea,MLD2,40.36611
CMdev_L137_GAUSS,2007,4,labsea,MLD2,29.57674
CMdev_L137_GAUSS,2007,5,labsea,MLD2,26.41383
CMdev_L137_GAUSS,2007,6,labsea,MLD2,12.47335
CMdev_L137_GAUSS,2007,7,labsea,MLD2,11.53316
CMdev_L137_GAUSS,2007,8,labsea,MLD2,14.69172
CMdev_L137_GAUSS,2007,9,labsea,MLD2,17.12428
CMdev_L137_GAUSS,2007,10,labsea,MLD2,28.28741
CMdev_L137_GAUSS,2007,11,labsea,MLD2,45.87067
CMdev_L137_GAUSS,2007,12,labsea,MLD2,154.49476
CMdev_L137_GAUSS,2007,1,interior,MLD2,23.12606
CMdev_L137_GAUSS,2007,2,interior,MLD2,25.30273
CMdev_L137_GAUSS,2007,3,interior,MLD2,28.85884
CMdev_L137_GAUSS,2007,4,interior,MLD2,25.59806
CMdev_L137_GAUSS,2007,5,interior,MLD2,22.67532
CMdev_L137_GAUSS,2007,6,interior,MLD2,12.37020
CMdev_L137_GAUSS,2007,7,interior,MLD2,12.88118
CMdev_L137_GAUSS,2007,8,interior,MLD2,16.06550
CMdev_L137_GAUSS,2007,9,interior,MLD2,16.68721
CMdev_L137_GAUSS,2007,10,interior,MLD2,24.70559
CMdev_L137_GAUSS,2007,11,interior,MLD2,31.61621
CMdev_L137_GAUSS,2007,12,interior,MLD2,85.56639
CMdev_L137_GAUSS,2008,1,labsea,a_ice,0.29898
CMdev_L137_GAUSS,2008,2,labsea,a_ice,0.47392
CMdev_L137_GAUSS,2008,3,labsea,a_ice,0.48502
CMdev_L137_GAUSS,2008,4,labsea,a_ice,0.32705
CMdev_L137_GAUSS,2008,5,labsea,a_ice,0.19319
CMdev_L137_GAUSS,2008,6,labsea,a_ice,0.06093
CMdev_L137_GAUSS,2008,7,labsea,a_ice,0.01481
CMdev_L137_GAUSS,2008,8,labsea,a_ice,0.00001
CMdev_L137_GAUSS,2008,9,labsea,a_ice,0.00000
CMdev_L137_GAUSS,2008,10,labsea,a_ice,0.00113
CMdev_L137_GAUSS,2008,11,labsea,a_ice,0.02795
CMdev_L137_GAUSS,2008,12,labsea,a_ice,0.09397
CMdev_L137_GAUSS,2008,1,interior,a_ice,0.16469
CMdev_L137_GAUSS,2008,2,interior,a_ice,0.32447
CMdev_L137_GAUSS,2008,3,interior,a_ice,0.29022
CMdev_L137_GAUSS,2008,4,interior,a_ice,0.12550
CMdev_L137_GAUSS,2008,5,interior,a_ice,0.05553
CMdev_L137_GAUSS,2008,6,interior,a_ice,0.00172
CMdev_L137_GAUSS,2008,7,interior,a_ice,0.00001
CMdev_L137_GAUSS,2008,8,interior,a_ice,0.00000
CMdev_L137_GAUSS,2008,9,interior,a_ice,0.00000
CMdev_L137_GAUSS,2008,10,interior,a_ice,0.00000
CMdev_L137_GAUSS,2008,11,interior,a_ice,0.00001
CMdev_L137_GAUSS,2008,12,interior,a_ice,0.00660
CMdev_L137_GAUSS,2008,1,labsea,MLD2,446.02527
CMdev_L137_GAUSS,2008,2,labsea,MLD2,752.16516
CMdev_L137_GAUSS,2008,3,labsea,MLD2,747.40829
CMdev_L137_GAUSS,2008,4,labsea,MLD2,624.78232
CMdev_L137_GAUSS,2008,5,labsea,MLD2,212.74538
CMdev_L137_GAUSS,2008,6,labsea,MLD2,16.60015
CMdev_L137_GAUSS,2008,7,labsea,MLD2,13.88634
CMdev_L137_GAUSS,2008,8,labsea,MLD2,15.22347
CMdev_L137_GAUSS,2008,9,labsea,MLD2,17.99141
CMdev_L137_GAUSS,2008,10,labsea,MLD2,32.90411
CMdev_L137_GAUSS,2008,11,labsea,MLD2,46.88401
CMdev_L137_GAUSS,2008,12,labsea,MLD2,456.64917
CMdev_L137_GAUSS,2008,1,interior,MLD2,533.52066
CMdev_L137_GAUSS,2008,2,interior,MLD2,1238.84897
CMdev_L137_GAUSS,2008,3,interior,MLD2,1274.77038
CMdev_L137_GAUSS,2008,4,interior,MLD2,1248.31631
CMdev_L137_GAUSS,2008,5,interior,MLD2,495.84319
CMdev_L137_GAUSS,2008,6,interior,MLD2,21.68664
CMdev_L137_GAUSS,2008,7,interior,MLD2,16.57456
CMdev_L137_GAUSS,2008,8,interior,MLD2,15.62155
CMdev_L137_GAUSS,2008,9,interior,MLD2,18.65591
CMdev_L137_GAUSS,2008,10,interior,MLD2,29.46685
CMdev_L137_GAUSS,2008,11,interior,MLD2,45.22755
CMdev_L137_GAUSS,2008,12,interior,MLD2,892.63677
CMdev_L137_GAUSS,2009,1,labsea,a_ice,0.20316
CMdev_L137_GAUSS,2009,2,labsea,a_ice,0.28661
CMdev_L137_GAUSS,2009,3,labsea,a_ice,0.40510
CMdev_L137_GAUSS,2009,4,labsea,a_ice,0.35527
CMdev_L137_GAUSS,2009,5,labsea,a_ice,0.29332
CMdev_L137_GAUSS,2009,6,labsea,a_ice,0.14931
CMdev_L137_GAUSS,2009,7,labsea,a_ice,0.05532
CMdev_L137_GAUSS,2009,8,labsea,a_ice,0.00994
CMdev_L137_GAUSS,2009,9,labsea,a_ice,0.00020
CMdev_L137_GAUSS,2009,10,labsea,a_ice,0.01009
CMdev_L137_GAUSS,2009,11,labsea,a_ice,0.07695
CMdev_L137_GAUSS,2009,12,labsea,a_ice,0.25395
CMdev_L137_GAUSS,2009,1,interior,a_ice,0.05363
CMdev_L137_GAUSS,2009,2,interior,a_ice,0.09091
CMdev_L137_GAUSS,2009,3,interior,a_ice,0.20940
CMdev_L137_GAUSS,2009,4,interior,a_ice,0.20682
CMdev_L137_GAUSS,2009,5,interior,a_ice,0.10718
CMdev_L137_GAUSS,2009,6,interior,a_ice,0.03210
CMdev_L137_GAUSS,2009,7,interior,a_ice,0.00174
CMdev_L137_GAUSS,2009,8,interior,a_ice,0.00000
CMdev_L137_GAUSS,2009,9,interior,a_ice,0.00000
CMdev_L137_GAUSS,2009,10,interior,a_ice,0.00000
CMdev_L137_GAUSS,2009,11,interior,a_ice,0.00066
CMdev_L137_GAUSS,2009,12,interior,a_ice,0.11985
CMdev_L137_GAUSS,2009,1,labsea,MLD2,1277.55693
CMdev_L137_GAUSS,2009,2,labsea,MLD2,1425.93445
CMdev_L137_GAUSS,2009,3,labsea,MLD2,1193.88656
CMdev_L137_GAUSS,2009,4,labsea,MLD2,879.25750
CMdev_L137_GAUSS,2009,5,labsea,MLD2,524.87266
CMdev_L137_GAUSS,2009,6,labsea,MLD2,16.89148
CMdev_L137_GAUSS,2009,7,labsea,MLD2,11.56285
CMdev_L137_GAUSS,2009,8,labsea,MLD2,12.11571
CMdev_L137_GAUSS,2009,9,labsea,MLD2,18.62805
CMdev_L137_GAUSS,2009,10,labsea,MLD2,33.07380
CMdev_L137_GAUSS,2009,11,labsea,MLD2,94.71654
CMdev_L137_GAUSS,2009,12,labsea,MLD2,798.17128
CMdev_L137_GAUSS,2009,1,interior,MLD2,2410.21244
CMdev_L137_GAUSS,2009,2,interior,MLD2,2421.19824
CMdev_L137_GAUSS,2009,3,interior,MLD2,1827.17505
CMdev_L137_GAUSS,2009,4,interior,MLD2,1099.54591
CMdev_L137_GAUSS,2009,5,interior,MLD2,747.42862
CMdev_L137_GAUSS,2009,6,interior,MLD2,21.05108
CMdev_L137_GAUSS,2009,7,interior,MLD2,12.93389
CMdev_L137_GAUSS,2009,8,interior,MLD2,14.06948
CMdev_L137_GAUSS,2009,9,interior,MLD2,19.64797
CMdev_L137_GAUSS,2009,10,interior,MLD2,30.05839
CMdev_L137_GAUSS,2009,11,interior,MLD2,83.21279
CMdev_L137_GAUSS,2009,12,interior,MLD2,1116.52893
CMdev_L137_GAUSS,2010,1,labsea,a_ice,0.39650
CMdev_L137_GAUSS,2010,2,labsea,a_ice,0.51514
CMdev_L137_GAUSS,2010,3,labsea,a_ice,0.55253
CMdev_L137_GAUSS,2010,4,labsea,a_ice,0.49733
CMdev_L137_GAUSS,2010,5,labsea,a_ice,0.34530
CMdev_L137_GAUSS,2010,6,labsea,a_ice,0.14653
CMdev_L137_GAUSS,2010,7,labsea,a_ice,0.03652
CMdev_L137_GAUSS,2010,8,labsea,a_ice,0.00605
CMdev_L137_GAUSS,2010,9,labsea,a_ice,0.00194
CMdev_L137_GAUSS,2010,10,labsea,a_ice,0.00483
CMdev_L137_GAUSS,2010,11,labsea,a_ice,0.05490
CMdev_L137_GAUSS,2010,12,labsea,a_ice,0.24330
CMdev_L137_GAUSS,2010,1,interior,a_ice,0.21392
CMdev_L137_GAUSS,2010,2,interior,a_ice,0.40613
CMdev_L137_GAUSS,2010,3,interior,a_ice,0.55085
CMdev_L137_GAUSS,2010,4,interior,a_ice,0.51462
CMdev_L137_GAUSS,2010,5,interior,a_ice,0.28886
CMdev_L137_GAUSS,2010,6,interior,a_ice,0.02055
CMdev_L137_GAUSS,2010,7,interior,a_ice,0.00046
CMdev_L137_GAUSS,2010,8,interior,a_ice,0.00000
CMdev_L137_GAUSS,2010,9,interior,a_ice,0.00000
CMdev_L137_GAUSS,2010,10,interior,a_ice,0.00000
CMdev_L137_GAUSS,2010,11,interior,a_ice,0.00000
CMdev_L137_GAUSS,2010,12,interior,a_ice,0.10298
CMdev_L137_GAUSS,2010,1,labsea,MLD2,1278.09121
CMdev_L137_GAUSS,2010,2,labsea,MLD2,1055.04478
CMdev_L137_GAUSS,2010,3,labsea,MLD2,792.11030
CMdev_L137_GAUSS,2010,4,labsea,MLD2,520.92567
CMdev_L137_GAUSS,2010,5,labsea,MLD2,29.99982
CMdev_L137_GAUSS,2010,6,labsea,MLD2,13.68848
CMdev_L137_GAUSS,2010,7,labsea,MLD2,13.22483
CMdev_L137_GAUSS,2010,8,labsea,MLD2,15.12251
CMdev_L137_GAUSS,2010,9,labsea,MLD2,19.86416
CMdev_L137_GAUSS,2010,10,labsea,MLD2,30.15045
CMdev_L137_GAUSS,2010,11,labsea,MLD2,63.24963
CMdev_L137_GAUSS,2010,12,labsea,MLD2,350.42227
CMdev_L137_GAUSS,2010,1,interior,MLD2,1956.93195
CMdev_L137_GAUSS,2010,2,interior,MLD2,1399.99303
CMdev_L137_GAUSS,2010,3,interior,MLD2,831.36703
CMdev_L137_GAUSS,2010,4,interior,MLD2,407.09989
CMdev_L137_GAUSS,2010,5,interior,MLD2,22.39128
CMdev_L137_GAUSS,2010,6,interior,MLD2,15.31385
CMdev_L137_GAUSS,2010,7,interior,MLD2,14.26519
CMdev_L137_GAUSS,2010,8,interior,MLD2,16.36176
CMdev_L137_GAUSS,2010,9,interior,MLD2,21.38494
CMdev_L137_GAUSS,2010,10,interior,MLD2,29.96679
CMdev_L137_GAUSS,2010,11,interior,MLD2,45.60331
CMdev_L137_GAUSS,2010,12,interior,MLD2,450.02179
CMdev_L137_GAUSS,2011,1,labsea,a_ice,0.47552
CMdev_L137_GAUSS,2011,2,labsea,a_ice,0.62896
CMdev_L137_GAUSS,2011,3,labsea,a_ice,0.57124
CMdev_L137_GAUSS,2011,4,labsea,a_ice,0.50304
CMdev_L137_GAUSS,2011,5,labsea,a_ice,0.31597
CMdev_L137_GAUSS,2011,6,labsea,a_ice,0.16953
CMdev_L137_GAUSS,2011,7,labsea,a_ice,0.04574
CMdev_L137_GAUSS,2011,8,labsea,a_ice,0.00986
CMdev_L137_GAUSS,2011,9,labsea,a_ice,0.00043
CMdev_L137_GAUSS,2011,10,labsea,a_ice,0.00874
CMdev_L137_GAUSS,2011,11,labsea,a_ice,0.05653
CMdev_L137_GAUSS,2011,12,labsea,a_ice,0.09520
CMdev_L137_GAUSS,2011,1,interior,a_ice,0.46071
CMdev_L137_GAUSS,2011,2,interior,a_ice,0.72187
CMdev_L137_GAUSS,2011,3,interior,a_ice,0.56975
CMdev_L137_GAUSS,2011,4,interior,a_ice,0.59643
CMdev_L137_GAUSS,2011,5,interior,a_ice,0.24258
CMdev_L137_GAUSS,2011,6,interior,a_ice,0.07074
CMdev_L137_GAUSS,2011,7,interior,a_ice,0.00423
CMdev_L137_GAUSS,2011,8,interior,a_ice,0.00000
CMdev_L137_GAUSS,2011,9,interior,a_ice,0.00000
CMdev_L137_GAUSS,2011,10,interior,a_ice,0.00000
CMdev_L137_GAUSS,2011,11,interior,a_ice,0.00006
CMdev_L137_GAUSS,2011,12,interior,a_ice,0.00911
CMdev_L137_GAUSS,2011,1,labsea,MLD2,906.26908
CMdev_L137_GAUSS,2011,2,labsea,MLD2,731.52819
CMdev_L137_GAUSS,2011,3,labsea,MLD2,647.58686
CMdev_L137_GAUSS,2011,4,labsea,MLD2,511.13286
CMdev_L137_GAUSS,2011,5,labsea,MLD2,109.70914
CMdev_L137_GAUSS,2011,6,labsea,MLD2,12.20457
CMdev_L137_GAUSS,2011,7,labsea,MLD2,10.73143
CMdev_L137_GAUSS,2011,8,labsea,MLD2,13.51079
CMdev_L137_GAUSS,2011,9,labsea,MLD2,20.82585
CMdev_L137_GAUSS,2011,10,labsea,MLD2,32.27892
CMdev_L137_GAUSS,2011,11,labsea,MLD2,119.52217
CMdev_L137_GAUSS,2011,12,labsea,MLD2,527.97764
CMdev_L137_GAUSS,2011,1,interior,MLD2,1132.86337
CMdev_L137_GAUSS,2011,2,interior,MLD2,497.28465
CMdev_L137_GAUSS,2011,3,interior,MLD2,502.31191
CMdev_L137_GAUSS,2011,4,interior,MLD2,225.08296
CMdev_L137_GAUSS,2011,5,interior,MLD2,24.17817
CMdev_L137_GAUSS,2011,6,interior,MLD2,11.99297
CMdev_L137_GAUSS,2011,7,interior,MLD2,11.67060
CMdev_L137_GAUSS,2011,8,interior,MLD2,12.92018
CMdev_L137_GAUSS,2011,9,interior,MLD2,19.41913
CMdev_L137_GAUSS,2011,10,interior,MLD2,29.62930
CMdev_L137_GAUSS,2011,11,interior,MLD2,107.32284
CMdev_L137_GAUSS,2011,12,interior,MLD2,645.89541
CMdev_L137_GAUSS,2012,1,labsea,a_ice,0.15454
CMdev_L137_GAUSS,2012,2,labsea,a_ice,0.22250
CMdev_L137_GAUSS,2012,3,labsea,a_ice,0.24481
CMdev_L137_GAUSS,2012,4,labsea,a_ice,0.26960
CMdev_L137_GAUSS,2012,5,labsea,a_ice,0.24593
CMdev_L137_GAUSS,2012,6,labsea,a_ice,0.12665
CMdev_L137_GAUSS,2012,7,labsea,a_ice,0.02231
CMdev_L137_GAUSS,2012,8,labsea,a_ice,0.00026
CMdev_L137_GAUSS,2012,9,labsea,a_ice,0.00000
CMdev_L137_GAUSS,2012,10,labsea,a_ice,0.00000
CMdev_L137_GAUSS,2012,11,labsea,a_ice,0.01688
CMdev_L137_GAUSS,2012,12,labsea,a_ice,0.09711
CMdev_L137_GAUSS,2012,1,interior,a_ice,0.01884
CMdev_L137_GAUSS,2012,2,interior,a_ice,0.04205
CMdev_L137_GAUSS,2012,3,interior,a_ice,0.04596
CMdev_L137_GAUSS,2012,4,interior,a_ice,0.10237
CMdev_L137_GAUSS,2012,5,interior,a_ice,0.05854
CMdev_L137_GAUSS,2012,6,interior,a_ice,0.02897
CMdev_L137_GAUSS,2012,7,interior,a_ice,0.00033
CMdev_L137_GAUSS,2012,8,interior,a_ice,0.00000
CMdev_L137_GAUSS,2012,9,interior,a_ice,0.00000
CMdev_L137_GAUSS,2012,10,interior,a_ice,0.00000
CMdev_L137_GAUSS,2012,11,interior,a_ice,0.00000
CMdev_L137_GAUSS,2012,12,interior,a_ice,0.00854
CMdev_L137_GAUSS,2012,1,labsea,MLD2,863.86422
CMdev_L137_GAUSS,2012,2,labsea,MLD2,1441.62101
CMdev_L137_GAUSS,2012,3,labsea,MLD2,1491.55421
CMdev_L137_GAUSS,2012,4,labsea,MLD2,1310.20647
CMdev_L137_GAUSS,2012,5,labsea,MLD2,712.66677
CMdev_L137_GAUSS,2012,6,labsea,MLD2,17.21330
CMdev_L137_GAUSS,2012,7,labsea,MLD2,12.57073
CMdev_L137_GAUSS,2012,8,labsea,MLD2,13.41314
CMdev_L137_GAUSS,2012,9,labsea,MLD2,19.47625
CMdev_L137_GAUSS,2012,10,labsea,MLD2,27.68018
CMdev_L137_GAUSS,2012,11,labsea,MLD2,45.47877
CMdev_L137_GAUSS,2012,12,labsea,MLD2,452.23598
CMdev_L137_GAUSS,2012,1,interior,MLD2,1265.74501
CMdev_L137_GAUSS,2012,2,interior,MLD2,2340.42125
CMdev_L137_GAUSS,2012,3,interior,MLD2,2451.76980
CMdev_L137_GAUSS,2012,4,interior,MLD2,2072.73972
CMdev_L137_GAUSS,2012,5,interior,MLD2,1212.87600
CMdev_L137_GAUSS,2012,6,interior,MLD2,18.86099
CMdev_L137_GAUSS,2012,7,interior,MLD2,13.63352
CMdev_L137_GAUSS,2012,8,interior,MLD2,14.42832
CMdev_L137_GAUSS,2012,9,interior,MLD2,20.85657
CMdev_L137_GAUSS,2012,10,interior,MLD2,29.76686
CMdev_L137_GAUSS,2012,11,interior,MLD2,45.85895
CMdev_L137_GAUSS,2012,12,interior,MLD2,834.39011
CMdev_L137_GAUSS,2013,1,labsea,a_ice,0.20270
CMdev_L137_GAUSS,2013,2,labsea,a_ice,0.28727
CMdev_L137_GAUSS,2013,3,labsea,a_ice,0.32235
CMdev_L137_GAUSS,2013,4,labsea,a_ice,0.26621
CMdev_L137_GAUSS,2013,5,labsea,a_ice,0.19946
CMdev_L137_GAUSS,2013,6,labsea,a_ice,0.10070
CMdev_L137_GAUSS,2013,7,labsea,a_ice,0.02367
CMdev_L137_GAUSS,2013,8,labsea,a_ice,0.00161
CMdev_L137_GAUSS,2013,9,labsea,a_ice,0.00063
CMdev_L137_GAUSS,2013,10,labsea,a_ice,0.00093
CMdev_L137_GAUSS,2013,11,labsea,a_ice,0.01707
CMdev_L137_GAUSS,2013,12,labsea,a_ice,0.12602
CMdev_L137_GAUSS,2013,1,interior,a_ice,0.04117
CMdev_L137_GAUSS,2013,2,interior,a_ice,0.07803
CMdev_L137_GAUSS,2013,3,interior,a_ice,0.09736
CMdev_L137_GAUSS,2013,4,interior,a_ice,0.07556
CMdev_L137_GAUSS,2013,5,interior,a_ice,0.05295
CMdev_L137_GAUSS,2013,6,interior,a_ice,0.01138
CMdev_L137_GAUSS,2013,7,interior,a_ice,0.00017
CMdev_L137_GAUSS,2013,8,interior,a_ice,0.00000
CMdev_L137_GAUSS,2013,9,interior,a_ice,0.00000
CMdev_L137_GAUSS,2013,10,interior,a_ice,0.00000
CMdev_L137_GAUSS,2013,11,interior,a_ice,0.00052
CMdev_L137_GAUSS,2013,12,interior,a_ice,0.00997
CMdev_L137_GAUSS,2013,1,labsea,MLD2,1335.80549
CMdev_L137_GAUSS,2013,2,labsea,MLD2,1457.32425
CMdev_L137_GAUSS,2013,3,labsea,MLD2,1458.52903
CMdev_L137_GAUSS,2013,4,labsea,MLD2,1223.67018
CMdev_L137_GAUSS,2013,5,labsea,MLD2,123.50867
CMdev_L137_GAUSS,2013,6,labsea,MLD2,17.02392
CMdev_L137_GAUSS,2013,7,labsea,MLD2,12.28677
CMdev_L137_GAUSS,2013,8,labsea,MLD2,14.72410
CMdev_L137_GAUSS,2013,9,labsea,MLD2,21.32712
CMdev_L137_GAUSS,2013,10,labsea,MLD2,25.57815
CMdev_L137_GAUSS,2013,11,labsea,MLD2,35.21273
CMdev_L137_GAUSS,2013,12,labsea,MLD2,400.27859
CMdev_L137_GAUSS,2013,1,interior,MLD2,2262.30725
CMdev_L137_GAUSS,2013,2,interior,MLD2,2261.78524
CMdev_L137_GAUSS,2013,3,interior,MLD2,2230.96875
CMdev_L137_GAUSS,2013,4,interior,MLD2,2008.05546
CMdev_L137_GAUSS,2013,5,interior,MLD2,270.58372
CMdev_L137_GAUSS,2013,6,interior,MLD2,18.86968
CMdev_L137_GAUSS,2013,7,interior,MLD2,13.30269
CMdev_L137_GAUSS,2013,8,interior,MLD2,17.22502
CMdev_L137_GAUSS,2013,9,interior,MLD2,24.10673
CMdev_L137_GAUSS,2013,10,interior,MLD2,26.89051
CMdev_L137_GAUSS,2013,11,interior,MLD2,36.23298
CMdev_L137_GAUSS,2013,12,interior,MLD2,625.98322
CMdev_L137_GAUSS,2014,1,labsea,a_ice,0.24475
CMdev_L137_GAUSS,2014,2,labsea,a_ice,0.33316
CMdev_L137_GAUSS,2014,3,labsea,a_ice,0.36581
CMdev_L137_GAUSS,2014,4,labsea,a_ice,0.34946
CMdev_L137_GAUSS,2014,5,labsea,a_ice,0.24658
CMdev_L137_GAUSS,2014,6,labsea,a_ice,0.11173
CMdev_L137_GAUSS,2014,7,labsea,a_ice,0.02935
CMdev_L137_GAUSS,2014,8,labsea,a_ice,0.00392
CMdev_L137_GAUSS,2014,9,labsea,a_ice,0.00000
CMdev_L137_GAUSS,2014,10,labsea,a_ice,0.00000
CMdev_L137_GAUSS,2014,11,labsea,a_ice,0.02472
CMdev_L137_GAUSS,2014,12,labsea,a_ice,0.14035
CMdev_L137_GAUSS,2014,1,interior,a_ice,0.03646
CMdev_L137_GAUSS,2014,2,interior,a_ice,0.13890
CMdev_L137_GAUSS,2014,3,interior,a_ice,0.25301
CMdev_L137_GAUSS,2014,4,interior,a_ice,0.21051
CMdev_L137_GAUSS,2014,5,interior,a_ice,0.13476
CMdev_L137_GAUSS,2014,6,interior,a_ice,0.03354
CMdev_L137_GAUSS,2014,7,interior,a_ice,0.00012
CMdev_L137_GAUSS,2014,8,interior,a_ice,0.00000
CMdev_L137_GAUSS,2014,9,interior,a_ice,0.00000
CMdev_L137_GAUSS,2014,10,interior,a_ice,0.00000
CMdev_L137_GAUSS,2014,11,interior,a_ice,0.00000
CMdev_L137_GAUSS,2014,12,interior,a_ice,0.01003
CMdev_L137_GAUSS,2014,1,labsea,MLD2,1327.82770
CMdev_L137_GAUSS,2014,2,labsea,MLD2,1400.08127
CMdev_L137_GAUSS,2014,3,labsea,MLD2,1249.44710
CMdev_L137_GAUSS,2014,4,labsea,MLD2,1192.40144
CMdev_L137_GAUSS,2014,5,labsea,MLD2,587.68031
CMdev_L137_GAUSS,2014,6,labsea,MLD2,13.90630
CMdev_L137_GAUSS,2014,7,labsea,MLD2,13.30036
CMdev_L137_GAUSS,2014,8,labsea,MLD2,14.47622
CMdev_L137_GAUSS,2014,9,labsea,MLD2,16.94760
CMdev_L137_GAUSS,2014,10,labsea,MLD2,29.10511
CMdev_L137_GAUSS,2014,11,labsea,MLD2,151.75130
CMdev_L137_GAUSS,2014,12,labsea,MLD2,1211.32894
CMdev_L137_GAUSS,2014,1,interior,MLD2,2071.15593
CMdev_L137_GAUSS,2014,2,interior,MLD2,2151.35172
CMdev_L137_GAUSS,2014,3,interior,MLD2,1733.34313
CMdev_L137_GAUSS,2014,4,interior,MLD2,1704.26147
CMdev_L137_GAUSS,2014,5,interior,MLD2,994.44469
CMdev_L137_GAUSS,2014,6,interior,MLD2,15.87125
CMdev_L137_GAUSS,2014,7,interior,MLD2,14.97308
CMdev_L137_GAUSS,2014,8,interior,MLD2,16.05693
CMdev_L137_GAUSS,2014,9,interior,MLD2,17.51499
CMdev_L137_GAUSS,2014,10,interior,MLD2,30.58028
CMdev_L137_GAUSS,2014,11,interior,MLD2,227.21653
CMdev_L137_GAUSS,2014,12,interior,MLD2,2045.36082
CMdev_L137_GAUSS,2015,1,labsea,a_ice,0.26531
CMdev_L137_GAUSS,2015,2,labsea,a_ice,0.35373
CMdev_L137_GAUSS,2015,3,labsea,a_ice,0.29071
CMdev_L137_GAUSS,2015,4,labsea,a_ice,0.22548
CMdev_L137_GAUSS,2015,5,labsea,a_ice,0.17764
CMdev_L137_GAUSS,2015,6,labsea,a_ice,0.08685
CMdev_L137_GAUSS,2015,7,labsea,a_ice,0.01227
CMdev_L137_GAUSS,2015,8,labsea,a_ice,0.00001
CMdev_L137_GAUSS,2015,9,labsea,a_ice,0.00000
CMdev_L137_GAUSS,2015,10,labsea,a_ice,0.00000
CMdev_L137_GAUSS,2015,11,labsea,a_ice,0.00295
CMdev_L137_GAUSS,2015,12,labsea,a_ice,0.06864
CMdev_L137_GAUSS,2015,1,interior,a_ice,0.10599
CMdev_L137_GAUSS,2015,2,interior,a_ice,0.25382
CMdev_L137_GAUSS,2015,3,interior,a_ice,0.12014
CMdev_L137_GAUSS,2015,4,interior,a_ice,0.02519
CMdev_L137_GAUSS,2015,5,interior,a_ice,0.01131
CMdev_L137_GAUSS,2015,6,interior,a_ice,0.00623
CMdev_L137_GAUSS,2015,7,interior,a_ice,0.00011
CMdev_L137_GAUSS,2015,8,interior,a_ice,0.00000
CMdev_L137_GAUSS,2015,9,interior,a_ice,0.00000
CMdev_L137_GAUSS,2015,10,interior,a_ice,0.00000
CMdev_L137_GAUSS,2015,11,interior,a_ice,0.00000
CMdev_L137_GAUSS,2015,12,interior,a_ice,0.00006
CMdev_L137_GAUSS,2015,1,labsea,MLD2,1432.25731
CMdev_L137_GAUSS,2015,2,labsea,MLD2,1256.35276
CMdev_L137_GAUSS,2015,3,labsea,MLD2,1367.70758
CMdev_L137_GAUSS,2015,4,labsea,MLD2,1349.02903
CMdev_L137_GAUSS,2015,5,labsea,MLD2,193.21232
CMdev_L137_GAUSS,2015,6,labsea,MLD2,18.84506
CMdev_L137_GAUSS,2015,7,labsea,MLD2,13.46068
CMdev_L137_GAUSS,2015,8,labsea,MLD2,15.19396
CMdev_L137_GAUSS,2015,9,labsea,MLD2,21.24502
CMdev_L137_GAUSS,2015,10,labsea,MLD2,32.90824
CMdev_L137_GAUSS,2015,11,labsea,MLD2,47.65343
CMdev_L137_GAUSS,2015,12,labsea,MLD2,142.92702
CMdev_L137_GAUSS,2015,1,interior,MLD2,2176.87251
CMdev_L137_GAUSS,2015,2,interior,MLD2,1724.87855
CMdev_L137_GAUSS,2015,3,interior,MLD2,2013.82235
CMdev_L137_GAUSS,2015,4,interior,MLD2,2278.50968
CMdev_L137_GAUSS,2015,5,interior,MLD2,340.06050
CMdev_L137_GAUSS,2015,6,interior,MLD2,20.81652
CMdev_L137_GAUSS,2015,7,interior,MLD2,14.51615
CMdev_L137_GAUSS,2015,8,interior,MLD2,16.09131
CMdev_L137_GAUSS,2015,9,interior,MLD2,19.73646
CMdev_L137_GAUSS,2015,10,interior,MLD2,32.56773
CMdev_L137_GAUSS,2015,11,interior,MLD2,47.20555
CMdev_L137_GAUSS,2015,12,interior,MLD2,309.66331
CMdev_L137_GAUSS,2016,1,labsea,a_ice,0.10558
CMdev_L137_GAUSS,2016,2,labsea,a_ice,0.19103
CMdev_L137_GAUSS,2016,3,labsea,a_ice,0.17137
CMdev_L137_GAUSS,2016,4,labsea,a_ice,0.17922
CMdev_L137_GAUSS,2016,5,labsea,a_ice,0.14022
CMdev_L137_GAUSS,2016,6,labsea,a_ice,0.05526
CMdev_L137_GAUSS,2016,7,labsea,a_ice,0.00581
CMdev_L137_GAUSS,2016,8,labsea,a_ice,0.00000
CMdev_L137_GAUSS,2016,9,labsea,a_ice,0.00000
CMdev_L137_GAUSS,2016,10,labsea,a_ice,0.00011
CMdev_L137_GAUSS,2016,11,labsea,a_ice,0.01828
CMdev_L137_GAUSS,2016,12,labsea,a_ice,0.07553
CMdev_L137_GAUSS,2016,1,interior,a_ice,0.00217
CMdev_L137_GAUSS,2016,2,interior,a_ice,0.03387
CMdev_L137_GAUSS,2016,3,interior,a_ice,0.01000
CMdev_L137_GAUSS,2016,4,interior,a_ice,0.01664
CMdev_L137_GAUSS,2016,5,interior,a_ice,0.03813
CMdev_L137_GAUSS,2016,6,interior,a_ice,0.00539
CMdev_L137_GAUSS,2016,7,interior,a_ice,0.00000
CMdev_L137_GAUSS,2016,8,interior,a_ice,0.00000
CMdev_L137_GAUSS,2016,9,interior,a_ice,0.00000
CMdev_L137_GAUSS,2016,10,interior,a_ice,0.00000
CMdev_L137_GAUSS,2016,11,interior,a_ice,0.00000
CMdev_L137_GAUSS,2016,12,interior,a_ice,0.00211
CMdev_L137_GAUSS,2016,1,labsea,MLD2,401.40610
CMdev_L137_GAUSS,2016,2,labsea,MLD2,1115.60130
CMdev_L137_GAUSS,2016,3,labsea,MLD2,1462.37887
CMdev_L137_GAUSS,2016,4,labsea,MLD2,1340.68809
CMdev_L137_GAUSS,2016,5,labsea,MLD2,416.27368
CMdev_L137_GAUSS,2016,6,labsea,MLD2,13.81736
CMdev_L137_GAUSS,2016,7,labsea,MLD2,12.84565
CMdev_L137_GAUSS,2016,8,labsea,MLD2,15.69244
CMdev_L137_GAUSS,2016,9,labsea,MLD2,17.56032
CMdev_L137_GAUSS,2016,10,labsea,MLD2,31.47322
CMdev_L137_GAUSS,2016,11,labsea,MLD2,94.76540
CMdev_L137_GAUSS,2016,12,labsea,MLD2,761.46737
CMdev_L137_GAUSS,2016,1,interior,MLD2,761.06064
CMdev_L137_GAUSS,2016,2,interior,MLD2,1960.91216
CMdev_L137_GAUSS,2016,3,interior,MLD2,2425.73129
CMdev_L137_GAUSS,2016,4,interior,MLD2,2230.16481
CMdev_L137_GAUSS,2016,5,interior,MLD2,792.44796
CMdev_L137_GAUSS,2016,6,interior,MLD2,15.63860
CMdev_L137_GAUSS,2016,7,interior,MLD2,13.35863
CMdev_L137_GAUSS,2016,8,interior,MLD2,16.17069
CMdev_L137_GAUSS,2016,9,interior,MLD2,17.95627
CMdev_L137_GAUSS,2016,10,interior,MLD2,31.77700
CMdev_L137_GAUSS,2016,11,interior,MLD2,179.15673
CMdev_L137_GAUSS,2016,12,interior,MLD2,1644.51540
CMdev_L137_GAUSS,2017,1,labsea,a_ice,0.15820
CMdev_L137_GAUSS,2017,2,labsea,a_ice,0.21127
CMdev_L137_GAUSS,2017,3,labsea,a_ice,0.24172
CMdev_L137_GAUSS,2017,4,labsea,a_ice,0.23385
CMdev_L137_GAUSS,2017,5,labsea,a_ice,0.17304
CMdev_L137_GAUSS,2017,6,labsea,a_ice,0.04376
CMdev_L137_GAUSS,2017,7,labsea,a_ice,0.00103
CMdev_L137_GAUSS,2017,8,labsea,a_ice,0.00000
CMdev_L137_GAUSS,2017,9,labsea,a_ice,0.00000
CMdev_L137_GAUSS,2017,10,labsea,a_ice,0.00000
CMdev_L137_GAUSS,2017,11,labsea,a_ice,0.00001
CMdev_L137_GAUSS,2017,12,labsea,a_ice,0.03620
CMdev_L137_GAUSS,2017,1,interior,a_ice,0.01566
CMdev_L137_GAUSS,2017,2,interior,a_ice,0.04283
CMdev_L137_GAUSS,2017,3,interior,a_ice,0.03916
CMdev_L137_GAUSS,2017,4,interior,a_ice,0.04540
CMdev_L137_GAUSS,2017,5,interior,a_ice,0.06132
CMdev_L137_GAUSS,2017,6,interior,a_ice,0.01640
CMdev_L137_GAUSS,2017,7,interior,a_ice,0.00000
CMdev_L137_GAUSS,2017,8,interior,a_ice,0.00000
CMdev_L137_GAUSS,2017,9,interior,a_ice,0.00000
CMdev_L137_GAUSS,2017,10,interior,a_ice,0.00000
CMdev_L137_GAUSS,2017,11,interior,a_ice,0.00000
CMdev_L137_GAUSS,2017,12,interior,a_ice,0.00072
CMdev_L137_GAUSS,2017,1,labsea,MLD2,1279.82825
CMdev_L137_GAUSS,2017,2,labsea,MLD2,1448.84495
CMdev_L137_GAUSS,2017,3,labsea,MLD2,1462.43204
CMdev_L137_GAUSS,2017,4,labsea,MLD2,1313.51387
CMdev_L137_GAUSS,2017,5,labsea,MLD2,438.61535
CMdev_L137_GAUSS,2017,6,labsea,MLD2,20.90393
CMdev_L137_GAUSS,2017,7,labsea,MLD2,13.05825
CMdev_L137_GAUSS,2017,8,labsea,MLD2,14.88151
CMdev_L137_GAUSS,2017,9,labsea,MLD2,20.90538
CMdev_L137_GAUSS,2017,10,labsea,MLD2,32.63991
CMdev_L137_GAUSS,2017,11,labsea,MLD2,55.75003
CMdev_L137_GAUSS,2017,12,labsea,MLD2,458.27957
CMdev_L137_GAUSS,2017,1,interior,MLD2,2185.93572
CMdev_L137_GAUSS,2017,2,interior,MLD2,2291.37784
CMdev_L137_GAUSS,2017,3,interior,MLD2,2247.85656
CMdev_L137_GAUSS,2017,4,interior,MLD2,2104.57962
CMdev_L137_GAUSS,2017,5,interior,MLD2,971.64767
CMdev_L137_GAUSS,2017,6,interior,MLD2,25.31707
CMdev_L137_GAUSS,2017,7,interior,MLD2,14.38331
CMdev_L137_GAUSS,2017,8,interior,MLD2,16.26212
CMdev_L137_GAUSS,2017,9,interior,MLD2,19.71785
CMdev_L137_GAUSS,2017,10,interior,MLD2,29.71971
CMdev_L137_GAUSS,2017,11,interior,MLD2,51.75327
CMdev_L137_GAUSS,2017,12,interior,MLD2,826.87782
CMdev_L137_GAUSS,2018,1,labsea,a_ice,0.13333
CMdev_L137_GAUSS,2018,2,labsea,a_ice,0.14285
CMdev_L137_GAUSS,2018,3,labsea,a_ice,0.15380
CMdev_L137_GAUSS,2018,4,labsea,a_ice,0.16472
CMdev_L137_GAUSS,2018,5,labsea,a_ice,0.13871
CMdev_L137_GAUSS,2018,6,labsea,a_ice,0.06641
CMdev_L137_GAUSS,2018,7,labsea,a_ice,0.02623
CMdev_L137_GAUSS,2018,8,labsea,a_ice,0.00045
CMdev_L137_GAUSS,2018,9,labsea,a_ice,0.00000
CMdev_L137_GAUSS,2018,10,labsea,a_ice,0.00000
CMdev_L137_GAUSS,2018,11,labsea,a_ice,0.00036
CMdev_L137_GAUSS,2018,12,labsea,a_ice,0.06783
CMdev_L137_GAUSS,2018,1,interior,a_ice,0.00417
CMdev_L137_GAUSS,2018,2,interior,a_ice,0.00299
CMdev_L137_GAUSS,2018,3,interior,a_ice,0.01122
CMdev_L137_GAUSS,2018,4,interior,a_ice,0.04009
CMdev_L137_GAUSS,2018,5,interior,a_ice,0.00934
CMdev_L137_GAUSS,2018,6,interior,a_ice,0.00012
CMdev_L137_GAUSS,2018,7,interior,a_ice,0.00005
CMdev_L137_GAUSS,2018,8,interior,a_ice,0.00000
CMdev_L137_GAUSS,2018,9,interior,a_ice,0.00000
CMdev_L137_GAUSS,2018,10,interior,a_ice,0.00000
CMdev_L137_GAUSS,2018,11,interior,a_ice,0.00000
CMdev_L137_GAUSS,2018,12,interior,a_ice,0.00969
CMdev_L137_GAUSS,2018,1,labsea,MLD2,1218.16470
CMdev_L137_GAUSS,2018,2,labsea,MLD2,1466.24216
CMdev_L137_GAUSS,2018,3,labsea,MLD2,1592.42011
CMdev_L137_GAUSS,2018,4,labsea,MLD2,1458.44331
CMdev_L137_GAUSS,2018,5,labsea,MLD2,494.25232
CMdev_L137_GAUSS,2018,6,labsea,MLD2,20.17374
CMdev_L137_GAUSS,2018,7,labsea,MLD2,13.87296
CMdev_L137_GAUSS,2018,8,labsea,MLD2,14.79850
CMdev_L137_GAUSS,2018,9,labsea,MLD2,27.04770
CMdev_L137_GAUSS,2018,10,labsea,MLD2,38.85156
CMdev_L137_GAUSS,2018,11,labsea,MLD2,113.41700
CMdev_L137_GAUSS,2018,12,labsea,MLD2,656.20212
CMdev_L137_GAUSS,2018,1,interior,MLD2,2142.46282
CMdev_L137_GAUSS,2018,2,interior,MLD2,2281.79072
CMdev_L137_GAUSS,2018,3,interior,MLD2,2422.36397
CMdev_L137_GAUSS,2018,4,interior,MLD2,2354.86680
CMdev_L137_GAUSS,2018,5,interior,MLD2,988.42740
CMdev_L137_GAUSS,2018,6,interior,MLD2,25.21702
CMdev_L137_GAUSS,2018,7,interior,MLD2,15.96736
CMdev_L137_GAUSS,2018,8,interior,MLD2,15.30127
CMdev_L137_GAUSS,2018,9,interior,MLD2,24.87461
CMdev_L137_GAUSS,2018,10,interior,MLD2,39.59247
CMdev_L137_GAUSS,2018,11,interior,MLD2,221.35997
CMdev_L137_GAUSS,2018,12,interior,MLD2,1302.40901
CMdev_L137_GAUSS,2019,1,labsea,a_ice,0.18210
CMdev_L137_GAUSS,2019,2,labsea,a_ice,0.22066
CMdev_L137_GAUSS,2019,3,labsea,a_ice,0.17856
CMdev_L137_GAUSS,2019,4,labsea,a_ice,0.17791
CMdev_L137_GAUSS,2019,5,labsea,a_ice,0.14549
CMdev_L137_GAUSS,2019,6,labsea,a_ice,0.09928
CMdev_L137_GAUSS,2019,7,labsea,a_ice,0.02844
CMdev_L137_GAUSS,2019,8,labsea,a_ice,0.00053
CMdev_L137_GAUSS,2019,9,labsea,a_ice,0.00000
CMdev_L137_GAUSS,2019,10,labsea,a_ice,0.00034
CMdev_L137_GAUSS,2019,11,labsea,a_ice,0.03219
CMdev_L137_GAUSS,2019,12,labsea,a_ice,0.12695
CMdev_L137_GAUSS,2019,1,interior,a_ice,0.01905
CMdev_L137_GAUSS,2019,2,interior,a_ice,0.06260
CMdev_L137_GAUSS,2019,3,interior,a_ice,0.02608
CMdev_L137_GAUSS,2019,4,interior,a_ice,0.03398
CMdev_L137_GAUSS,2019,5,interior,a_ice,0.01455
CMdev_L137_GAUSS,2019,6,interior,a_ice,0.01018
CMdev_L137_GAUSS,2019,7,interior,a_ice,0.00086
CMdev_L137_GAUSS,2019,8,interior,a_ice,0.00000
CMdev_L137_GAUSS,2019,9,interior,a_ice,0.00000
CMdev_L137_GAUSS,2019,10,interior,a_ice,0.00000
CMdev_L137_GAUSS,2019,11,interior,a_ice,0.00000
CMdev_L137_GAUSS,2019,12,interior,a_ice,0.00714
CMdev_L137_GAUSS,2019,1,labsea,MLD2,1325.07507
CMdev_L137_GAUSS,2019,2,labsea,MLD2,1416.04537
CMdev_L137_GAUSS,2019,3,labsea,MLD2,1548.16056
CMdev_L137_GAUSS,2019,4,labsea,MLD2,1209.61511
CMdev_L137_GAUSS,2019,5,labsea,MLD2,332.96621
CMdev_L137_GAUSS,2019,6,labsea,MLD2,27.52546
CMdev_L137_GAUSS,2019,7,labsea,MLD2,15.31144
CMdev_L137_GAUSS,2019,8,labsea,MLD2,15.13235
CMdev_L137_GAUSS,2019,9,labsea,MLD2,25.49925
CMdev_L137_GAUSS,2019,10,labsea,MLD2,34.59663
CMdev_L137_GAUSS,2019,11,labsea,MLD2,86.72990
CMdev_L137_GAUSS,2019,12,labsea,MLD2,852.72540
CMdev_L137_GAUSS,2019,1,interior,MLD2,2141.63865
CMdev_L137_GAUSS,2019,2,interior,MLD2,2210.01588
CMdev_L137_GAUSS,2019,3,interior,MLD2,2399.97585
CMdev_L137_GAUSS,2019,4,interior,MLD2,2109.68087
CMdev_L137_GAUSS,2019,5,interior,MLD2,833.23901
CMdev_L137_GAUSS,2019,6,interior,MLD2,41.54527
CMdev_L137_GAUSS,2019,7,interior,MLD2,16.82209
CMdev_L137_GAUSS,2019,8,interior,MLD2,16.09572
CMdev_L137_GAUSS,2019,9,interior,MLD2,29.28190
CMdev_L137_GAUSS,2019,10,interior,MLD2,36.62139
CMdev_L137_GAUSS,2019,11,interior,MLD2,69.87186
CMdev_L137_GAUSS,2019,12,interior,MLD2,1325.99990
CMdev_L137_GAUSS,2020,1,labsea,a_ice,0.24250
CMdev_L137_GAUSS,2020,2,labsea,a_ice,0.28904
CMdev_L137_GAUSS,2020,3,labsea,a_ice,0.27029
CMdev_L137_GAUSS,2020,4,labsea,a_ice,0.17499
CMdev_L137_GAUSS,2020,5,labsea,a_ice,0.10312
CMdev_L137_GAUSS,2020,6,labsea,a_ice,0.04187
CMdev_L137_GAUSS,2020,7,labsea,a_ice,0.00771
CMdev_L137_GAUSS,2020,8,labsea,a_ice,0.00038
CMdev_L137_GAUSS,2020,9,labsea,a_ice,0.00000
CMdev_L137_GAUSS,2020,10,labsea,a_ice,0.00000
CMdev_L137_GAUSS,2020,11,labsea,a_ice,0.03068
CMdev_L137_GAUSS,2020,12,labsea,a_ice,0.13193
CMdev_L137_GAUSS,2020,1,interior,a_ice,0.05901
CMdev_L137_GAUSS,2020,2,interior,a_ice,0.08207
CMdev_L137_GAUSS,2020,3,interior,a_ice,0.11963
CMdev_L137_GAUSS,2020,4,interior,a_ice,0.04970
CMdev_L137_GAUSS,2020,5,interior,a_ice,0.01300
CMdev_L137_GAUSS,2020,6,interior,a_ice,0.00026
CMdev_L137_GAUSS,2020,7,interior,a_ice,0.00002
CMdev_L137_GAUSS,2020,8,interior,a_ice,0.00000
CMdev_L137_GAUSS,2020,9,interior,a_ice,0.00000
CMdev_L137_GAUSS,2020,10,interior,a_ice,0.00000
CMdev_L137_GAUSS,2020,11,interior,a_ice,0.00000
CMdev_L137_GAUSS,2020,12,interior,a_ice,0.00954
CMdev_L137_GAUSS,2020,1,labsea,MLD2,1570.73573
CMdev_L137_GAUSS,2020,2,labsea,MLD2,1618.65925
CMdev_L137_GAUSS,2020,3,labsea,MLD2,1546.71671
CMdev_L137_GAUSS,2020,4,labsea,MLD2,868.78179
CMdev_L137_GAUSS,2020,5,labsea,MLD2,93.04019
CMdev_L137_GAUSS,2020,6,labsea,MLD2,16.61179
CMdev_L137_GAUSS,2020,7,labsea,MLD2,13.18895
CMdev_L137_GAUSS,2020,8,labsea,MLD2,12.84478
CMdev_L137_GAUSS,2020,9,labsea,MLD2,20.10216
CMdev_L137_GAUSS,2020,10,labsea,MLD2,24.45653
CMdev_L137_GAUSS,2020,11,labsea,MLD2,51.52329
CMdev_L137_GAUSS,2020,12,labsea,MLD2,481.21896
CMdev_L137_GAUSS,2020,1,interior,MLD2,2435.97356
CMdev_L137_GAUSS,2020,2,interior,MLD2,2493.20605
CMdev_L137_GAUSS,2020,3,interior,MLD2,2283.83454
CMdev_L137_GAUSS,2020,4,interior,MLD2,1522.44049
CMdev_L137_GAUSS,2020,5,interior,MLD2,215.34150
CMdev_L137_GAUSS,2020,6,interior,MLD2,20.05627
CMdev_L137_GAUSS,2020,7,interior,MLD2,15.29245
CMdev_L137_GAUSS,2020,8,interior,MLD2,14.60474
CMdev_L137_GAUSS,2020,9,interior,MLD2,21.86191
CMdev_L137_GAUSS,2020,10,interior,MLD2,25.94514
CMdev_L137_GAUSS,2020,11,interior,MLD2,39.72664
CMdev_L137_GAUSS,2020,12,interior,MLD2,767.04624
CMdev_L137_GAUSS,2021,1,labsea,a_ice,0.23073
CMdev_L137_GAUSS,2021,2,labsea,a_ice,0.28597
CMdev_L137_GAUSS,2021,3,labsea,a_ice,0.33077
CMdev_L137_GAUSS,2021,4,labsea,a_ice,0.30313
CMdev_L137_GAUSS,2021,5,labsea,a_ice,0.25132
CMdev_L137_GAUSS,2021,6,labsea,a_ice,0.12858
CMdev_L137_GAUSS,2021,7,labsea,a_ice,0.04040
CMdev_L137_GAUSS,2021,8,labsea,a_ice,0.00592
CMdev_L137_GAUSS,2021,9,labsea,a_ice,0.00003
CMdev_L137_GAUSS,2021,10,labsea,a_ice,0.00458
CMdev_L137_GAUSS,2021,11,labsea,a_ice,0.06243
CMdev_L137_GAUSS,2021,12,labsea,a_ice,0.21640
CMdev_L137_GAUSS,2021,1,interior,a_ice,0.03057
CMdev_L137_GAUSS,2021,2,interior,a_ice,0.09194
CMdev_L137_GAUSS,2021,3,interior,a_ice,0.11028
CMdev_L137_GAUSS,2021,4,interior,a_ice,0.13354
CMdev_L137_GAUSS,2021,5,interior,a_ice,0.07330
CMdev_L137_GAUSS,2021,6,interior,a_ice,0.01894
CMdev_L137_GAUSS,2021,7,interior,a_ice,0.00054
CMdev_L137_GAUSS,2021,8,interior,a_ice,0.00020
CMdev_L137_GAUSS,2021,9,interior,a_ice,0.00000
CMdev_L137_GAUSS,2021,10,interior,a_ice,0.00000
CMdev_L137_GAUSS,2021,11,interior,a_ice,0.00079
CMdev_L137_GAUSS,2021,12,interior,a_ice,0.06495
CMdev_L137_GAUSS,2021,1,labsea,MLD2,1446.79329
CMdev_L137_GAUSS,2021,2,labsea,MLD2,1650.14525
CMdev_L137_GAUSS,2021,3,labsea,MLD2,1480.85455
CMdev_L137_GAUSS,2021,4,labsea,MLD2,1200.39557
CMdev_L137_GAUSS,2021,5,labsea,MLD2,434.07068
CMdev_L137_GAUSS,2021,6,labsea,MLD2,17.52480
CMdev_L137_GAUSS,2021,7,labsea,MLD2,15.32744
CMdev_L137_GAUSS,2021,8,labsea,MLD2,11.50183
CMdev_L137_GAUSS,2021,9,labsea,MLD2,20.32384
CMdev_L137_GAUSS,2021,10,labsea,MLD2,27.69823
CMdev_L137_GAUSS,2021,11,labsea,MLD2,64.62233
CMdev_L137_GAUSS,2021,12,labsea,MLD2,485.84923
CMdev_L137_GAUSS,2021,1,interior,MLD2,2402.20536
CMdev_L137_GAUSS,2021,2,interior,MLD2,2539.18364
CMdev_L137_GAUSS,2021,3,interior,MLD2,2338.59440
CMdev_L137_GAUSS,2021,4,interior,MLD2,1846.88071
CMdev_L137_GAUSS,2021,5,interior,MLD2,607.52308
CMdev_L137_GAUSS,2021,6,interior,MLD2,19.97101
CMdev_L137_GAUSS,2021,7,interior,MLD2,17.11368
CMdev_L137_GAUSS,2021,8,interior,MLD2,13.67036
CMdev_L137_GAUSS,2021,9,interior,MLD2,22.81961
CMdev_L137_GAUSS,2021,10,interior,MLD2,32.85826
CMdev_L137_GAUSS,2021,11,interior,MLD2,76.31591
CMdev_L137_GAUSS,2021,12,interior,MLD2,893.05910
CMdev_L137_GAUSS,2022,1,labsea,a_ice,0.32927
CMdev_L137_GAUSS,2022,2,labsea,a_ice,0.32373
CMdev_L137_GAUSS,2022,3,labsea,a_ice,0.38950
CMdev_L137_GAUSS,2022,4,labsea,a_ice,0.35729
CMdev_L137_GAUSS,2022,5,labsea,a_ice,0.24091
CMdev_L137_GAUSS,2022,6,labsea,a_ice,0.09309
CMdev_L137_GAUSS,2022,7,labsea,a_ice,0.03118
CMdev_L137_GAUSS,2022,8,labsea,a_ice,0.00744
CMdev_L137_GAUSS,2022,9,labsea,a_ice,0.00004
CMdev_L137_GAUSS,2022,10,labsea,a_ice,0.00193
CMdev_L137_GAUSS,2022,11,labsea,a_ice,0.04712
CMdev_L137_GAUSS,2022,12,labsea,a_ice,0.09888
CMdev_L137_GAUSS,2022,1,interior,a_ice,0.17725
CMdev_L137_GAUSS,2022,2,interior,a_ice,0.09581
CMdev_L137_GAUSS,2022,3,interior,a_ice,0.27881
CMdev_L137_GAUSS,2022,4,interior,a_ice,0.25222
CMdev_L137_GAUSS,2022,5,interior,a_ice,0.13404
CMdev_L137_GAUSS,2022,6,interior,a_ice,0.00489
CMdev_L137_GAUSS,2022,7,interior,a_ice,0.00000
CMdev_L137_GAUSS,2022,8,interior,a_ice,0.00000
CMdev_L137_GAUSS,2022,9,interior,a_ice,0.00000
CMdev_L137_GAUSS,2022,10,interior,a_ice,0.00000
CMdev_L137_GAUSS,2022,11,interior,a_ice,0.00000
CMdev_L137_GAUSS,2022,12,interior,a_ice,0.00371
CMdev_L137_GAUSS,2022,1,labsea,MLD2,1275.44402
CMdev_L137_GAUSS,2022,2,labsea,MLD2,1381.22492
CMdev_L137_GAUSS,2022,3,labsea,MLD2,1191.62711
CMdev_L137_GAUSS,2022,4,labsea,MLD2,1091.94965
CMdev_L137_GAUSS,2022,5,labsea,MLD2,274.17058
CMdev_L137_GAUSS,2022,6,labsea,MLD2,16.65440
CMdev_L137_GAUSS,2022,7,labsea,MLD2,13.93839
CMdev_L137_GAUSS,2022,8,labsea,MLD2,15.91619
CMdev_L137_GAUSS,2022,9,labsea,MLD2,19.99951
CMdev_L137_GAUSS,2022,10,labsea,MLD2,31.64348
CMdev_L137_GAUSS,2022,11,labsea,MLD2,104.21014
CMdev_L137_GAUSS,2022,12,labsea,MLD2,748.29324
CMdev_L137_GAUSS,2022,1,interior,MLD2,2076.94390
CMdev_L137_GAUSS,2022,2,interior,MLD2,2144.18257
CMdev_L137_GAUSS,2022,3,interior,MLD2,1607.48905
CMdev_L137_GAUSS,2022,4,interior,MLD2,1488.24896
CMdev_L137_GAUSS,2022,5,interior,MLD2,498.74561
CMdev_L137_GAUSS,2022,6,interior,MLD2,18.74003
CMdev_L137_GAUSS,2022,7,interior,MLD2,15.53206
CMdev_L137_GAUSS,2022,8,interior,MLD2,17.08546
CMdev_L137_GAUSS,2022,9,interior,MLD2,20.83828
CMdev_L137_GAUSS,2022,10,interior,MLD2,27.87990
CMdev_L137_GAUSS,2022,11,interior,MLD2,116.14296
CMdev_L137_GAUSS,2022,12,interior,MLD2,1326.36267
CMdev_L137_GAUSS,2023,1,labsea,a_ice,0.16942
CMdev_L137_GAUSS,2023,2,labsea,a_ice,0.19699
CMdev_L137_GAUSS,2023,3,labsea,a_ice,0.24754
CMdev_L137_GAUSS,2023,4,labsea,a_ice,0.23078
CMdev_L137_GAUSS,2023,5,labsea,a_ice,0.17738
CMdev_L137_GAUSS,2023,6,labsea,a_ice,0.09495
CMdev_L137_GAUSS,2023,7,labsea,a_ice,0.00892
CMdev_L137_GAUSS,2023,8,labsea,a_ice,0.00000
CMdev_L137_GAUSS,2023,9,labsea,a_ice,0.00000
CMdev_L137_GAUSS,2023,10,labsea,a_ice,0.00000
CMdev_L137_GAUSS,2023,11,labsea,a_ice,0.01200
CMdev_L137_GAUSS,2023,12,labsea,a_ice,0.08668
CMdev_L137_GAUSS,2023,1,interior,a_ice,0.01562
CMdev_L137_GAUSS,2023,2,interior,a_ice,0.04066
CMdev_L137_GAUSS,2023,3,interior,a_ice,0.06308
CMdev_L137_GAUSS,2023,4,interior,a_ice,0.05121
CMdev_L137_GAUSS,2023,5,interior,a_ice,0.04397
CMdev_L137_GAUSS,2023,6,interior,a_ice,0.00502
CMdev_L137_GAUSS,2023,7,interior,a_ice,0.00000
CMdev_L137_GAUSS,2023,8,interior,a_ice,0.00000
CMdev_L137_GAUSS,2023,9,interior,a_ice,0.00000
CMdev_L137_GAUSS,2023,10,interior,a_ice,0.00000
CMdev_L137_GAUSS,2023,11,interior,a_ice,0.00000
CMdev_L137_GAUSS,2023,12,interior,a_ice,0.00286
CMdev_L137_GAUSS,2023,1,labsea,MLD2,1586.32930
CMdev_L137_GAUSS,2023,2,labsea,MLD2,1698.55587
CMdev_L137_GAUSS,2023,3,labsea,MLD2,1582.57786
CMdev_L137_GAUSS,2023,4,labsea,MLD2,1470.14133
CMdev_L137_GAUSS,2023,5,labsea,MLD2,639.74305
CMdev_L137_GAUSS,2023,6,labsea,MLD2,18.60244
CMdev_L137_GAUSS,2023,7,labsea,MLD2,13.24025
CMdev_L137_GAUSS,2023,8,labsea,MLD2,12.96186
CMdev_L137_GAUSS,2023,9,labsea,MLD2,18.93603
CMdev_L137_GAUSS,2023,10,labsea,MLD2,28.43305
CMdev_L137_GAUSS,2023,11,labsea,MLD2,47.44354
CMdev_L137_GAUSS,2023,12,labsea,MLD2,543.20177
CMdev_L137_GAUSS,2023,1,interior,MLD2,2602.89274
CMdev_L137_GAUSS,2023,2,interior,MLD2,2625.83453
CMdev_L137_GAUSS,2023,3,interior,MLD2,2505.22292
CMdev_L137_GAUSS,2023,4,interior,MLD2,2339.32949
CMdev_L137_GAUSS,2023,5,interior,MLD2,1067.83270
CMdev_L137_GAUSS,2023,6,interior,MLD2,22.60741
CMdev_L137_GAUSS,2023,7,interior,MLD2,15.21074
CMdev_L137_GAUSS,2023,8,interior,MLD2,14.11061
CMdev_L137_GAUSS,2023,9,interior,MLD2,19.05197
CMdev_L137_GAUSS,2023,10,interior,MLD2,26.87260
CMdev_L137_GAUSS,2023,11,interior,MLD2,45.69556
CMdev_L137_GAUSS,2023,12,interior,MLD2,1146.18205
CMdev_L137_GAUSS,2024,1,labsea,a_ice,0.17490
CMdev_L137_GAUSS,2024,2,labsea,a_ice,0.17502
CMdev_L137_GAUSS,2024,3,labsea,a_ice,0.21450
CMdev_L137_GAUSS,2024,4,labsea,a_ice,0.21647
CMdev_L137_GAUSS,2024,5,labsea,a_ice,0.19165
CMdev_L137_GAUSS,2024,6,labsea,a_ice,0.09537
CMdev_L137_GAUSS,2024,7,labsea,a_ice,0.01429
CMdev_L137_GAUSS,2024,8,labsea,a_ice,0.00000
CMdev_L137_GAUSS,2024,9,labsea,a_ice,0.00000
CMdev_L137_GAUSS,2024,10,labsea,a_ice,0.00006
CMdev_L137_GAUSS,2024,11,labsea,a_ice,0.01389
CMdev_L137_GAUSS,2024,12,labsea,a_ice,0.12615
CMdev_L137_GAUSS,2024,1,interior,a_ice,0.02062
CMdev_L137_GAUSS,2024,2,interior,a_ice,0.02065
CMdev_L137_GAUSS,2024,3,interior,a_ice,0.03901
CMdev_L137_GAUSS,2024,4,interior,a_ice,0.01203
CMdev_L137_GAUSS,2024,5,interior,a_ice,0.01312
CMdev_L137_GAUSS,2024,6,interior,a_ice,0.00278
CMdev_L137_GAUSS,2024,7,interior,a_ice,0.00000
CMdev_L137_GAUSS,2024,8,interior,a_ice,0.00000
CMdev_L137_GAUSS,2024,9,interior,a_ice,0.00000
CMdev_L137_GAUSS,2024,10,interior,a_ice,0.00000
CMdev_L137_GAUSS,2024,11,interior,a_ice,0.00038
CMdev_L137_GAUSS,2024,12,interior,a_ice,0.01097
CMdev_L137_GAUSS,2024,1,labsea,MLD2,1330.94068
CMdev_L137_GAUSS,2024,2,labsea,MLD2,1587.30150
CMdev_L137_GAUSS,2024,3,labsea,MLD2,1547.91499
CMdev_L137_GAUSS,2024,4,labsea,MLD2,1507.05967
CMdev_L137_GAUSS,2024,5,labsea,MLD2,550.59459
CMdev_L137_GAUSS,2024,6,labsea,MLD2,18.35155
CMdev_L137_GAUSS,2024,7,labsea,MLD2,10.10156
CMdev_L137_GAUSS,2024,8,labsea,MLD2,11.05786
CMdev_L137_GAUSS,2024,9,labsea,MLD2,20.25296
CMdev_L137_GAUSS,2024,10,labsea,MLD2,36.15942
CMdev_L137_GAUSS,2024,11,labsea,MLD2,172.60899
CMdev_L137_GAUSS,2024,12,labsea,MLD2,1265.87865
CMdev_L137_GAUSS,2024,1,interior,MLD2,2392.77486
CMdev_L137_GAUSS,2024,2,interior,MLD2,2467.96659
CMdev_L137_GAUSS,2024,3,interior,MLD2,2420.30446
CMdev_L137_GAUSS,2024,4,interior,MLD2,2424.89275
CMdev_L137_GAUSS,2024,5,interior,MLD2,1290.66920
CMdev_L137_GAUSS,2024,6,interior,MLD2,29.22801
CMdev_L137_GAUSS,2024,7,interior,MLD2,11.18523
CMdev_L137_GAUSS,2024,8,interior,MLD2,12.16031
CMdev_L137_GAUSS,2024,9,interior,MLD2,19.92229
CMdev_L137_GAUSS,2024,10,interior,MLD2,35.22396
CMdev_L137_GAUSS,2024,11,interior,MLD2,322.53722
CMdev_L137_GAUSS,2024,12,interior,MLD2,2134.60780
CMdev_L137_GAUSS,2025,1,labsea,a_ice,0.19652
CMdev_L137_GAUSS,2025,2,labsea,a_ice,0.26149
CMdev_L137_GAUSS,2025,3,labsea,a_ice,0.22031
CMdev_L137_GAUSS,2025,4,labsea,a_ice,0.22179
CMdev_L137_GAUSS,2025,5,labsea,a_ice,0.15304
CMdev_L137_GAUSS,2025,6,labsea,a_ice,0.03220
CMdev_L137_GAUSS,2025,7,labsea,a_ice,0.00236
CMdev_L137_GAUSS,2025,8,labsea,a_ice,0.00009
CMdev_L137_GAUSS,2025,9,labsea,a_ice,0.00000
CMdev_L137_GAUSS,2025,10,labsea,a_ice,0.00029
CMdev_L137_GAUSS,2025,11,labsea,a_ice,0.00667
CMdev_L137_GAUSS,2025,12,labsea,a_ice,0.02997
CMdev_L137_GAUSS,2025,1,interior,a_ice,0.05359
CMdev_L137_GAUSS,2025,2,interior,a_ice,0.08821
CMdev_L137_GAUSS,2025,3,interior,a_ice,0.05876
CMdev_L137_GAUSS,2025,4,interior,a_ice,0.06324
CMdev_L137_GAUSS,2025,5,interior,a_ice,0.02398
CMdev_L137_GAUSS,2025,6,interior,a_ice,0.00180
CMdev_L137_GAUSS,2025,7,interior,a_ice,0.00000
CMdev_L137_GAUSS,2025,8,interior,a_ice,0.00000
CMdev_L137_GAUSS,2025,9,interior,a_ice,0.00000
CMdev_L137_GAUSS,2025,10,interior,a_ice,0.00000
CMdev_L137_GAUSS,2025,11,interior,a_ice,0.00000
CMdev_L137_GAUSS,2025,12,interior,a_ice,0.00031
CMdev_L137_GAUSS,2025,1,labsea,MLD2,1493.39814
CMdev_L137_GAUSS,2025,2,labsea,MLD2,1485.70234
CMdev_L137_GAUSS,2025,3,labsea,MLD2,1470.13664
CMdev_L137_GAUSS,2025,4,labsea,MLD2,1292.31364
CMdev_L137_GAUSS,2025,5,labsea,MLD2,534.80324
CMdev_L137_GAUSS,2025,6,labsea,MLD2,17.29528
CMdev_L137_GAUSS,2025,7,labsea,MLD2,11.85205
CMdev_L137_GAUSS,2025,8,labsea,MLD2,11.85759
CMdev_L137_GAUSS,2025,9,labsea,MLD2,16.72162
CMdev_L137_GAUSS,2025,10,labsea,MLD2,29.02430
CMdev_L137_GAUSS,2025,11,labsea,MLD2,58.84726
CMdev_L137_GAUSS,2025,12,labsea,MLD2,223.53994
CMdev_L137_GAUSS,2025,1,interior,MLD2,2394.92172
CMdev_L137_GAUSS,2025,2,interior,MLD2,2420.53306
CMdev_L137_GAUSS,2025,3,interior,MLD2,2480.27639
CMdev_L137_GAUSS,2025,4,interior,MLD2,2362.05336
CMdev_L137_GAUSS,2025,5,interior,MLD2,1333.79187
CMdev_L137_GAUSS,2025,6,interior,MLD2,24.12999
CMdev_L137_GAUSS,2025,7,interior,MLD2,13.05256
CMdev_L137_GAUSS,2025,8,interior,MLD2,12.96625
CMdev_L137_GAUSS,2025,9,interior,MLD2,17.37182
CMdev_L137_GAUSS,2025,10,interior,MLD2,30.73060
CMdev_L137_GAUSS,2025,11,interior,MLD2,65.10849
CMdev_L137_GAUSS,2025,12,interior,MLD2,229.19374
CMdev_L137_GAUSS,2026,1,labsea,a_ice,0.12115
CMdev_L137_GAUSS,2026,2,labsea,a_ice,0.24941
CMdev_L137_GAUSS,2026,3,labsea,a_ice,0.24739
CMdev_L137_GAUSS,2026,4,labsea,a_ice,0.25727
CMdev_L137_GAUSS,2026,5,labsea,a_ice,0.19768
CMdev_L137_GAUSS,2026,6,labsea,a_ice,0.11535
CMdev_L137_GAUSS,2026,7,labsea,a_ice,0.02025
CMdev_L137_GAUSS,2026,8,labsea,a_ice,0.00000
CMdev_L137_GAUSS,2026,9,labsea,a_ice,0.00000
CMdev_L137_GAUSS,2026,10,labsea,a_ice,0.00000
CMdev_L137_GAUSS,2026,11,labsea,a_ice,0.01481
CMdev_L137_GAUSS,2026,12,labsea,a_ice,0.13434
CMdev_L137_GAUSS,2026,1,interior,a_ice,0.01030
CMdev_L137_GAUSS,2026,2,interior,a_ice,0.04644
CMdev_L137_GAUSS,2026,3,interior,a_ice,0.04512
CMdev_L137_GAUSS,2026,4,interior,a_ice,0.06299
CMdev_L137_GAUSS,2026,5,interior,a_ice,0.04291
CMdev_L137_GAUSS,2026,6,interior,a_ice,0.00282
CMdev_L137_GAUSS,2026,7,interior,a_ice,0.00000
CMdev_L137_GAUSS,2026,8,interior,a_ice,0.00000
CMdev_L137_GAUSS,2026,9,interior,a_ice,0.00000
CMdev_L137_GAUSS,2026,10,interior,a_ice,0.00000
CMdev_L137_GAUSS,2026,11,interior,a_ice,0.00033
CMdev_L137_GAUSS,2026,12,interior,a_ice,0.01440
CMdev_L137_GAUSS,2026,1,labsea,MLD2,1002.75992
CMdev_L137_GAUSS,2026,2,labsea,MLD2,1369.82339
CMdev_L137_GAUSS,2026,3,labsea,MLD2,1240.76509
CMdev_L137_GAUSS,2026,4,labsea,MLD2,1112.31564
CMdev_L137_GAUSS,2026,5,labsea,MLD2,468.02126
CMdev_L137_GAUSS,2026,6,labsea,MLD2,15.12228
CMdev_L137_GAUSS,2026,7,labsea,MLD2,10.52461
CMdev_L137_GAUSS,2026,8,labsea,MLD2,15.63367
CMdev_L137_GAUSS,2026,9,labsea,MLD2,19.33832
CMdev_L137_GAUSS,2026,10,labsea,MLD2,25.66590
CMdev_L137_GAUSS,2026,11,labsea,MLD2,75.33043
CMdev_L137_GAUSS,2026,12,labsea,MLD2,646.38555
CMdev_L137_GAUSS,2026,1,interior,MLD2,1517.83643
CMdev_L137_GAUSS,2026,2,interior,MLD2,2237.41178
CMdev_L137_GAUSS,2026,3,interior,MLD2,2205.77496
CMdev_L137_GAUSS,2026,4,interior,MLD2,1875.95183
CMdev_L137_GAUSS,2026,5,interior,MLD2,997.05446
CMdev_L137_GAUSS,2026,6,interior,MLD2,17.54545
CMdev_L137_GAUSS,2026,7,interior,MLD2,10.96191
CMdev_L137_GAUSS,2026,8,interior,MLD2,16.40880
CMdev_L137_GAUSS,2026,9,interior,MLD2,19.17931
CMdev_L137_GAUSS,2026,10,interior,MLD2,23.00925
CMdev_L137_GAUSS,2026,11,interior,MLD2,119.94603
CMdev_L137_GAUSS,2026,12,interior,MLD2,1121.81556
CMdev_L137_GAUSS,2027,1,labsea,a_ice,0.20662
CMdev_L137_GAUSS,2027,2,labsea,a_ice,0.26824
CMdev_L137_GAUSS,2027,3,labsea,a_ice,0.26963
CMdev_L137_GAUSS,2027,4,labsea,a_ice,0.21390
CMdev_L137_GAUSS,2027,5,labsea,a_ice,0.14522
CMdev_L137_GAUSS,2027,6,labsea,a_ice,0.04985
CMdev_L137_GAUSS,2027,7,labsea,a_ice,0.00236
CMdev_L137_GAUSS,2027,8,labsea,a_ice,0.00006
CMdev_L137_GAUSS,2027,9,labsea,a_ice,0.00000
CMdev_L137_GAUSS,2027,10,labsea,a_ice,0.00000
CMdev_L137_GAUSS,2027,11,labsea,a_ice,0.01322
CMdev_L137_GAUSS,2027,12,labsea,a_ice,0.14008
CMdev_L137_GAUSS,2027,1,interior,a_ice,0.05254
CMdev_L137_GAUSS,2027,2,interior,a_ice,0.07198
CMdev_L137_GAUSS,2027,3,interior,a_ice,0.05740
CMdev_L137_GAUSS,2027,4,interior,a_ice,0.04797
CMdev_L137_GAUSS,2027,5,interior,a_ice,0.02182
CMdev_L137_GAUSS,2027,6,interior,a_ice,0.00306
CMdev_L137_GAUSS,2027,7,interior,a_ice,0.00001
CMdev_L137_GAUSS,2027,8,interior,a_ice,0.00000
CMdev_L137_GAUSS,2027,9,interior,a_ice,0.00000
CMdev_L137_GAUSS,2027,10,interior,a_ice,0.00000
CMdev_L137_GAUSS,2027,11,interior,a_ice,0.00010
CMdev_L137_GAUSS,2027,12,interior,a_ice,0.01282
CMdev_L137_GAUSS,2027,1,labsea,MLD2,1559.22970
CMdev_L137_GAUSS,2027,2,labsea,MLD2,1677.00498
CMdev_L137_GAUSS,2027,3,labsea,MLD2,1576.65066
CMdev_L137_GAUSS,2027,4,labsea,MLD2,1278.55779
CMdev_L137_GAUSS,2027,5,labsea,MLD2,622.39923
CMdev_L137_GAUSS,2027,6,labsea,MLD2,15.91916
CMdev_L137_GAUSS,2027,7,labsea,MLD2,12.02119
CMdev_L137_GAUSS,2027,8,labsea,MLD2,15.66335
CMdev_L137_GAUSS,2027,9,labsea,MLD2,24.11675
CMdev_L137_GAUSS,2027,10,labsea,MLD2,33.01134
CMdev_L137_GAUSS,2027,11,labsea,MLD2,207.12613
CMdev_L137_GAUSS,2027,12,labsea,MLD2,1309.34509
CMdev_L137_GAUSS,2027,1,interior,MLD2,2387.47239
CMdev_L137_GAUSS,2027,2,interior,MLD2,2561.06526
CMdev_L137_GAUSS,2027,3,interior,MLD2,2503.81152
CMdev_L137_GAUSS,2027,4,interior,MLD2,2258.31540
CMdev_L137_GAUSS,2027,5,interior,MLD2,1312.28034
CMdev_L137_GAUSS,2027,6,interior,MLD2,19.64760
CMdev_L137_GAUSS,2027,7,interior,MLD2,13.15532
CMdev_L137_GAUSS,2027,8,interior,MLD2,16.92485
CMdev_L137_GAUSS,2027,9,interior,MLD2,23.76313
CMdev_L137_GAUSS,2027,10,interior,MLD2,32.59254
CMdev_L137_GAUSS,2027,11,interior,MLD2,399.87221
CMdev_L137_GAUSS,2027,12,interior,MLD2,2248.80092
CMdev_L137_GAUSS,2028,1,labsea,a_ice,0.24342
CMdev_L137_GAUSS,2028,2,labsea,a_ice,0.28924
CMdev_L137_GAUSS,2028,3,labsea,a_ice,0.36396
CMdev_L137_GAUSS,2028,4,labsea,a_ice,0.27656
CMdev_L137_GAUSS,2028,5,labsea,a_ice,0.20640
CMdev_L137_GAUSS,2028,6,labsea,a_ice,0.10828
CMdev_L137_GAUSS,2028,7,labsea,a_ice,0.02392
CMdev_L137_GAUSS,2028,8,labsea,a_ice,0.00009
CMdev_L137_GAUSS,2028,9,labsea,a_ice,0.00000
CMdev_L137_GAUSS,2028,10,labsea,a_ice,0.00015
CMdev_L137_GAUSS,2028,11,labsea,a_ice,0.03398
CMdev_L137_GAUSS,2028,12,labsea,a_ice,0.13661
CMdev_L137_GAUSS,2028,1,interior,a_ice,0.07091
CMdev_L137_GAUSS,2028,2,interior,a_ice,0.07026
CMdev_L137_GAUSS,2028,3,interior,a_ice,0.17307
CMdev_L137_GAUSS,2028,4,interior,a_ice,0.07277
CMdev_L137_GAUSS,2028,5,interior,a_ice,0.03551
CMdev_L137_GAUSS,2028,6,interior,a_ice,0.02067
CMdev_L137_GAUSS,2028,7,interior,a_ice,0.00001
CMdev_L137_GAUSS,2028,8,interior,a_ice,0.00000
CMdev_L137_GAUSS,2028,9,interior,a_ice,0.00000
CMdev_L137_GAUSS,2028,10,interior,a_ice,0.00000
CMdev_L137_GAUSS,2028,11,interior,a_ice,0.00060
CMdev_L137_GAUSS,2028,12,interior,a_ice,0.01399
CMdev_L137_GAUSS,2028,1,labsea,MLD2,1650.11968
CMdev_L137_GAUSS,2028,2,labsea,MLD2,1612.53032
CMdev_L137_GAUSS,2028,3,labsea,MLD2,1352.40707
CMdev_L137_GAUSS,2028,4,labsea,MLD2,1134.79273
CMdev_L137_GAUSS,2028,5,labsea,MLD2,279.24501
CMdev_L137_GAUSS,2028,6,labsea,MLD2,14.58787
CMdev_L137_GAUSS,2028,7,labsea,MLD2,12.29767
CMdev_L137_GAUSS,2028,8,labsea,MLD2,13.59548
CMdev_L137_GAUSS,2028,9,labsea,MLD2,18.91011
CMdev_L137_GAUSS,2028,10,labsea,MLD2,30.37932
CMdev_L137_GAUSS,2028,11,labsea,MLD2,77.49383
CMdev_L137_GAUSS,2028,12,labsea,MLD2,533.79074
CMdev_L137_GAUSS,2028,1,interior,MLD2,2596.16411
CMdev_L137_GAUSS,2028,2,interior,MLD2,2557.98347
CMdev_L137_GAUSS,2028,3,interior,MLD2,2087.83090
CMdev_L137_GAUSS,2028,4,interior,MLD2,1970.01556
CMdev_L137_GAUSS,2028,5,interior,MLD2,676.24928
CMdev_L137_GAUSS,2028,6,interior,MLD2,20.53370
CMdev_L137_GAUSS,2028,7,interior,MLD2,14.17982
CMdev_L137_GAUSS,2028,8,interior,MLD2,15.24812
CMdev_L137_GAUSS,2028,9,interior,MLD2,19.59934
CMdev_L137_GAUSS,2028,10,interior,MLD2,29.58677
CMdev_L137_GAUSS,2028,11,interior,MLD2,57.55621
CMdev_L137_GAUSS,2028,12,interior,MLD2,761.83128
CMdev_L137_GAUSS,2029,1,labsea,a_ice,0.20904
CMdev_L137_GAUSS,2029,2,labsea,a_ice,0.31523
CMdev_L137_GAUSS,2029,3,labsea,a_ice,0.33311
CMdev_L137_GAUSS,2029,4,labsea,a_ice,0.27309
CMdev_L137_GAUSS,2029,5,labsea,a_ice,0.21769
CMdev_L137_GAUSS,2029,6,labsea,a_ice,0.09787
CMdev_L137_GAUSS,2029,7,labsea,a_ice,0.02009
CMdev_L137_GAUSS,2029,8,labsea,a_ice,0.00051
CMdev_L137_GAUSS,2029,9,labsea,a_ice,0.00000
CMdev_L137_GAUSS,2029,10,labsea,a_ice,0.00008
CMdev_L137_GAUSS,2029,11,labsea,a_ice,0.01795
CMdev_L137_GAUSS,2029,12,labsea,a_ice,0.09284
CMdev_L137_GAUSS,2029,1,interior,a_ice,0.03013
CMdev_L137_GAUSS,2029,2,interior,a_ice,0.10720
CMdev_L137_GAUSS,2029,3,interior,a_ice,0.18793
CMdev_L137_GAUSS,2029,4,interior,a_ice,0.09687
CMdev_L137_GAUSS,2029,5,interior,a_ice,0.03174
CMdev_L137_GAUSS,2029,6,interior,a_ice,0.00394
CMdev_L137_GAUSS,2029,7,interior,a_ice,0.00000
CMdev_L137_GAUSS,2029,8,interior,a_ice,0.00000
CMdev_L137_GAUSS,2029,9,interior,a_ice,0.00000
CMdev_L137_GAUSS,2029,10,interior,a_ice,0.00000
CMdev_L137_GAUSS,2029,11,interior,a_ice,0.00056
CMdev_L137_GAUSS,2029,12,interior,a_ice,0.00937
CMdev_L137_GAUSS,2029,1,labsea,MLD2,1223.68687
CMdev_L137_GAUSS,2029,2,labsea,MLD2,1465.80748
CMdev_L137_GAUSS,2029,3,labsea,MLD2,1324.93833
CMdev_L137_GAUSS,2029,4,labsea,MLD2,1183.02647
CMdev_L137_GAUSS,2029,5,labsea,MLD2,406.07025
CMdev_L137_GAUSS,2029,6,labsea,MLD2,14.24659
CMdev_L137_GAUSS,2029,7,labsea,MLD2,12.23178
CMdev_L137_GAUSS,2029,8,labsea,MLD2,14.73884
CMdev_L137_GAUSS,2029,9,labsea,MLD2,17.92911
CMdev_L137_GAUSS,2029,10,labsea,MLD2,27.32526
CMdev_L137_GAUSS,2029,11,labsea,MLD2,107.10584
CMdev_L137_GAUSS,2029,12,labsea,MLD2,516.39937
CMdev_L137_GAUSS,2029,1,interior,MLD2,1978.37893
CMdev_L137_GAUSS,2029,2,interior,MLD2,2343.41976
CMdev_L137_GAUSS,2029,3,interior,MLD2,2002.51400
CMdev_L137_GAUSS,2029,4,interior,MLD2,1910.50846
CMdev_L137_GAUSS,2029,5,interior,MLD2,904.61559
CMdev_L137_GAUSS,2029,6,interior,MLD2,16.10325
CMdev_L137_GAUSS,2029,7,interior,MLD2,13.51532
CMdev_L137_GAUSS,2029,8,interior,MLD2,16.34654
CMdev_L137_GAUSS,2029,9,interior,MLD2,17.67317
CMdev_L137_GAUSS,2029,10,interior,MLD2,26.95273
CMdev_L137_GAUSS,2029,11,interior,MLD2,250.85138
CMdev_L137_GAUSS,2029,12,interior,MLD2,1044.25036
CMdev_L137_GAUSS,2030,1,labsea,a_ice,0.24455
CMdev_L137_GAUSS,2030,2,labsea,a_ice,0.28489
CMdev_L137_GAUSS,2030,3,labsea,a_ice,0.28347
CMdev_L137_GAUSS,2030,4,labsea,a_ice,0.27004
CMdev_L137_GAUSS,2030,5,labsea,a_ice,0.21477
CMdev_L137_GAUSS,2030,6,labsea,a_ice,0.11483
CMdev_L137_GAUSS,2030,7,labsea,a_ice,0.02959
CMdev_L137_GAUSS,2030,8,labsea,a_ice,0.00036
CMdev_L137_GAUSS,2030,9,labsea,a_ice,0.00000
CMdev_L137_GAUSS,2030,10,labsea,a_ice,0.00008
CMdev_L137_GAUSS,2030,11,labsea,a_ice,0.01172
CMdev_L137_GAUSS,2030,12,labsea,a_ice,0.08683
CMdev_L137_GAUSS,2030,1,interior,a_ice,0.05149
CMdev_L137_GAUSS,2030,2,interior,a_ice,0.09546
CMdev_L137_GAUSS,2030,3,interior,a_ice,0.06044
CMdev_L137_GAUSS,2030,4,interior,a_ice,0.07038
CMdev_L137_GAUSS,2030,5,interior,a_ice,0.04173
CMdev_L137_GAUSS,2030,6,interior,a_ice,0.01142
CMdev_L137_GAUSS,2030,7,interior,a_ice,0.00044
CMdev_L137_GAUSS,2030,8,interior,a_ice,0.00000
CMdev_L137_GAUSS,2030,9,interior,a_ice,0.00000
CMdev_L137_GAUSS,2030,10,interior,a_ice,0.00000
CMdev_L137_GAUSS,2030,11,interior,a_ice,0.00000
CMdev_L137_GAUSS,2030,12,interior,a_ice,0.00209
CMdev_L137_GAUSS,2030,1,labsea,MLD2,1327.66506
CMdev_L137_GAUSS,2030,2,labsea,MLD2,1416.96418
CMdev_L137_GAUSS,2030,3,labsea,MLD2,1495.13666
CMdev_L137_GAUSS,2030,4,labsea,MLD2,1411.94698
CMdev_L137_GAUSS,2030,5,labsea,MLD2,701.83142
CMdev_L137_GAUSS,2030,6,labsea,MLD2,15.95424
CMdev_L137_GAUSS,2030,7,labsea,MLD2,13.63416
CMdev_L137_GAUSS,2030,8,labsea,MLD2,13.44560
CMdev_L137_GAUSS,2030,9,labsea,MLD2,20.42320
CMdev_L137_GAUSS,2030,10,labsea,MLD2,30.01865
CMdev_L137_GAUSS,2030,11,labsea,MLD2,64.39717
CMdev_L137_GAUSS,2030,12,labsea,MLD2,345.17555
CMdev_L137_GAUSS,2030,1,interior,MLD2,2161.48365
CMdev_L137_GAUSS,2030,2,interior,MLD2,2227.99808
CMdev_L137_GAUSS,2030,3,interior,MLD2,2373.26830
CMdev_L137_GAUSS,2030,4,interior,MLD2,2327.78595
CMdev_L137_GAUSS,2030,5,interior,MLD2,1224.81531
CMdev_L137_GAUSS,2030,6,interior,MLD2,22.07135
CMdev_L137_GAUSS,2030,7,interior,MLD2,15.72412
CMdev_L137_GAUSS,2030,8,interior,MLD2,15.14444
CMdev_L137_GAUSS,2030,9,interior,MLD2,24.90204
CMdev_L137_GAUSS,2030,10,interior,MLD2,35.17071
CMdev_L137_GAUSS,2030,11,interior,MLD2,82.56133
CMdev_L137_GAUSS,2030,12,interior,MLD2,637.73787
CMdev_L137_GAUSS,2031,1,labsea,a_ice,0.20928
CMdev_L137_GAUSS,2031,2,labsea,a_ice,0.23843
CMdev_L137_GAUSS,2031,3,labsea,a_ice,0.26850
CMdev_L137_GAUSS,2031,4,labsea,a_ice,0.22525
CMdev_L137_GAUSS,2031,5,labsea,a_ice,0.13370
CMdev_L137_GAUSS,2031,6,labsea,a_ice,0.04434
CMdev_L137_GAUSS,2031,7,labsea,a_ice,0.00333
CMdev_L137_GAUSS,2031,8,labsea,a_ice,0.00002
CMdev_L137_GAUSS,2031,9,labsea,a_ice,0.00000
CMdev_L137_GAUSS,2031,10,labsea,a_ice,0.00001
CMdev_L137_GAUSS,2031,11,labsea,a_ice,0.02080
CMdev_L137_GAUSS,2031,12,labsea,a_ice,0.12562
CMdev_L137_GAUSS,2031,1,interior,a_ice,0.03420
CMdev_L137_GAUSS,2031,2,interior,a_ice,0.07058
CMdev_L137_GAUSS,2031,3,interior,a_ice,0.06181
CMdev_L137_GAUSS,2031,4,interior,a_ice,0.01703
CMdev_L137_GAUSS,2031,5,interior,a_ice,0.02548
CMdev_L137_GAUSS,2031,6,interior,a_ice,0.00010
CMdev_L137_GAUSS,2031,7,interior,a_ice,0.00000
CMdev_L137_GAUSS,2031,8,interior,a_ice,0.00000
CMdev_L137_GAUSS,2031,9,interior,a_ice,0.00000
CMdev_L137_GAUSS,2031,10,interior,a_ice,0.00000
CMdev_L137_GAUSS,2031,11,interior,a_ice,0.00000
CMdev_L137_GAUSS,2031,12,interior,a_ice,0.00932
CMdev_L137_GAUSS,2031,1,labsea,MLD2,1107.63810
CMdev_L137_GAUSS,2031,2,labsea,MLD2,1587.09704
CMdev_L137_GAUSS,2031,3,labsea,MLD2,1619.56539
CMdev_L137_GAUSS,2031,4,labsea,MLD2,1474.92790
CMdev_L137_GAUSS,2031,5,labsea,MLD2,380.13622
CMdev_L137_GAUSS,2031,6,labsea,MLD2,15.22092
CMdev_L137_GAUSS,2031,7,labsea,MLD2,13.66731
CMdev_L137_GAUSS,2031,8,labsea,MLD2,16.59428
CMdev_L137_GAUSS,2031,9,labsea,MLD2,24.93460
CMdev_L137_GAUSS,2031,10,labsea,MLD2,32.25621
CMdev_L137_GAUSS,2031,11,labsea,MLD2,187.38556
CMdev_L137_GAUSS,2031,12,labsea,MLD2,734.72369
CMdev_L137_GAUSS,2031,1,interior,MLD2,1982.86382
CMdev_L137_GAUSS,2031,2,interior,MLD2,2500.07177
CMdev_L137_GAUSS,2031,3,interior,MLD2,2589.08829
CMdev_L137_GAUSS,2031,4,interior,MLD2,2561.17203
CMdev_L137_GAUSS,2031,5,interior,MLD2,751.68066
CMdev_L137_GAUSS,2031,6,interior,MLD2,17.79489
CMdev_L137_GAUSS,2031,7,interior,MLD2,15.60310
CMdev_L137_GAUSS,2031,8,interior,MLD2,18.27082
CMdev_L137_GAUSS,2031,9,interior,MLD2,27.40868
CMdev_L137_GAUSS,2031,10,interior,MLD2,36.03857
CMdev_L137_GAUSS,2031,11,interior,MLD2,476.68272
CMdev_L137_GAUSS,2031,12,interior,MLD2,1771.87655
CMdev_L137_GAUSS,2032,1,labsea,a_ice,0.22673
CMdev_L137_GAUSS,2032,2,labsea,a_ice,0.25864
CMdev_L137_GAUSS,2032,3,labsea,a_ice,0.25234
CMdev_L137_GAUSS,2032,4,labsea,a_ice,0.20863
CMdev_L137_GAUSS,2032,5,labsea,a_ice,0.16155
CMdev_L137_GAUSS,2032,6,labsea,a_ice,0.07829
CMdev_L137_GAUSS,2032,7,labsea,a_ice,0.01828
CMdev_L137_GAUSS,2032,8,labsea,a_ice,0.00006
CMdev_L137_GAUSS,2032,9,labsea,a_ice,0.00000
CMdev_L137_GAUSS,2032,10,labsea,a_ice,0.00003
CMdev_L137_GAUSS,2032,11,labsea,a_ice,0.04928
CMdev_L137_GAUSS,2032,12,labsea,a_ice,0.12658
CMdev_L137_GAUSS,2032,1,interior,a_ice,0.01962
CMdev_L137_GAUSS,2032,2,interior,a_ice,0.06545
CMdev_L137_GAUSS,2032,3,interior,a_ice,0.06946
CMdev_L137_GAUSS,2032,4,interior,a_ice,0.05308
CMdev_L137_GAUSS,2032,5,interior,a_ice,0.01674
CMdev_L137_GAUSS,2032,6,interior,a_ice,0.01179
CMdev_L137_GAUSS,2032,7,interior,a_ice,0.00059
CMdev_L137_GAUSS,2032,8,interior,a_ice,0.00000
CMdev_L137_GAUSS,2032,9,interior,a_ice,0.00000
CMdev_L137_GAUSS,2032,10,interior,a_ice,0.00000
CMdev_L137_GAUSS,2032,11,interior,a_ice,0.00001
CMdev_L137_GAUSS,2032,12,interior,a_ice,0.01019
CMdev_L137_GAUSS,2032,1,labsea,MLD2,1217.63274
CMdev_L137_GAUSS,2032,2,labsea,MLD2,1447.93593
CMdev_L137_GAUSS,2032,3,labsea,MLD2,1604.12948
CMdev_L137_GAUSS,2032,4,labsea,MLD2,1498.46329
CMdev_L137_GAUSS,2032,5,labsea,MLD2,447.34493
CMdev_L137_GAUSS,2032,6,labsea,MLD2,21.32000
CMdev_L137_GAUSS,2032,7,labsea,MLD2,13.61972
CMdev_L137_GAUSS,2032,8,labsea,MLD2,13.44870
CMdev_L137_GAUSS,2032,9,labsea,MLD2,21.32489
CMdev_L137_GAUSS,2032,10,labsea,MLD2,34.22959
CMdev_L137_GAUSS,2032,11,labsea,MLD2,197.67421
CMdev_L137_GAUSS,2032,12,labsea,MLD2,1015.95653
CMdev_L137_GAUSS,2032,1,interior,MLD2,2370.06905
CMdev_L137_GAUSS,2032,2,interior,MLD2,2362.44073
CMdev_L137_GAUSS,2032,3,interior,MLD2,2492.22739
CMdev_L137_GAUSS,2032,4,interior,MLD2,2449.04874
CMdev_L137_GAUSS,2032,5,interior,MLD2,1099.20147
CMdev_L137_GAUSS,2032,6,interior,MLD2,23.31156
CMdev_L137_GAUSS,2032,7,interior,MLD2,14.54366
CMdev_L137_GAUSS,2032,8,interior,MLD2,15.02940
CMdev_L137_GAUSS,2032,9,interior,MLD2,23.88565
CMdev_L137_GAUSS,2032,10,interior,MLD2,37.79747
CMdev_L137_GAUSS,2032,11,interior,MLD2,504.41995
CMdev_L137_GAUSS,2032,12,interior,MLD2,1963.90405
CMdev_L137_GAUSS,2033,1,labsea,a_ice,0.20270
CMdev_L137_GAUSS,2033,2,labsea,a_ice,0.25003
CMdev_L137_GAUSS,2033,3,labsea,a_ice,0.25825
CMdev_L137_GAUSS,2033,4,labsea,a_ice,0.24413
CMdev_L137_GAUSS,2033,5,labsea,a_ice,0.18490
CMdev_L137_GAUSS,2033,6,labsea,a_ice,0.07651
CMdev_L137_GAUSS,2033,7,labsea,a_ice,0.01247
CMdev_L137_GAUSS,2033,8,labsea,a_ice,0.00004
CMdev_L137_GAUSS,2033,9,labsea,a_ice,0.00000
CMdev_L137_GAUSS,2033,10,labsea,a_ice,0.00001
CMdev_L137_GAUSS,2033,11,labsea,a_ice,0.00792
CMdev_L137_GAUSS,2033,12,labsea,a_ice,0.06572
CMdev_L137_GAUSS,2033,1,interior,a_ice,0.02830
CMdev_L137_GAUSS,2033,2,interior,a_ice,0.02833
CMdev_L137_GAUSS,2033,3,interior,a_ice,0.03922
CMdev_L137_GAUSS,2033,4,interior,a_ice,0.05941
CMdev_L137_GAUSS,2033,5,interior,a_ice,0.03238
CMdev_L137_GAUSS,2033,6,interior,a_ice,0.00113
CMdev_L137_GAUSS,2033,7,interior,a_ice,0.00000
CMdev_L137_GAUSS,2033,8,interior,a_ice,0.00000
CMdev_L137_GAUSS,2033,9,interior,a_ice,0.00000
CMdev_L137_GAUSS,2033,10,interior,a_ice,0.00000
CMdev_L137_GAUSS,2033,11,interior,a_ice,0.00000
CMdev_L137_GAUSS,2033,12,interior,a_ice,0.00652
CMdev_L137_GAUSS,2033,1,labsea,MLD2,1420.55062
CMdev_L137_GAUSS,2033,2,labsea,MLD2,1532.26960
CMdev_L137_GAUSS,2033,3,labsea,MLD2,1527.10762
CMdev_L137_GAUSS,2033,4,labsea,MLD2,1372.88608
CMdev_L137_GAUSS,2033,5,labsea,MLD2,299.57854
CMdev_L137_GAUSS,2033,6,labsea,MLD2,11.61298
CMdev_L137_GAUSS,2033,7,labsea,MLD2,12.83330
CMdev_L137_GAUSS,2033,8,labsea,MLD2,17.04262
CMdev_L137_GAUSS,2033,9,labsea,MLD2,23.03144
CMdev_L137_GAUSS,2033,10,labsea,MLD2,36.34607
CMdev_L137_GAUSS,2033,11,labsea,MLD2,193.62651
CMdev_L137_GAUSS,2033,12,labsea,MLD2,1079.28331
CMdev_L137_GAUSS,2033,1,interior,MLD2,2359.93065
CMdev_L137_GAUSS,2033,2,interior,MLD2,2486.37508
CMdev_L137_GAUSS,2033,3,interior,MLD2,2422.22243
CMdev_L137_GAUSS,2033,4,interior,MLD2,2296.68380
CMdev_L137_GAUSS,2033,5,interior,MLD2,719.59906
CMdev_L137_GAUSS,2033,6,interior,MLD2,12.73074
CMdev_L137_GAUSS,2033,7,interior,MLD2,14.09901
CMdev_L137_GAUSS,2033,8,interior,MLD2,17.75357
CMdev_L137_GAUSS,2033,9,interior,MLD2,22.97639
CMdev_L137_GAUSS,2033,10,interior,MLD2,36.51442
CMdev_L137_GAUSS,2033,11,interior,MLD2,380.18326
CMdev_L137_GAUSS,2033,12,interior,MLD2,1892.49167
CMdev_L137_GAUSS,2034,1,labsea,a_ice,0.20378
CMdev_L137_GAUSS,2034,2,labsea,a_ice,0.26715
CMdev_L137_GAUSS,2034,3,labsea,a_ice,0.24940
CMdev_L137_GAUSS,2034,4,labsea,a_ice,0.21963
CMdev_L137_GAUSS,2034,5,labsea,a_ice,0.15413
CMdev_L137_GAUSS,2034,6,labsea,a_ice,0.05160
CMdev_L137_GAUSS,2034,7,labsea,a_ice,0.02026
CMdev_L137_GAUSS,2034,8,labsea,a_ice,0.00032
CMdev_L137_GAUSS,2034,9,labsea,a_ice,0.00000
CMdev_L137_GAUSS,2034,10,labsea,a_ice,0.00017
CMdev_L137_GAUSS,2034,11,labsea,a_ice,0.01588
CMdev_L137_GAUSS,2034,12,labsea,a_ice,0.12797
CMdev_L137_GAUSS,2034,1,interior,a_ice,0.02832
CMdev_L137_GAUSS,2034,2,interior,a_ice,0.08375
CMdev_L137_GAUSS,2034,3,interior,a_ice,0.06296
CMdev_L137_GAUSS,2034,4,interior,a_ice,0.05945
CMdev_L137_GAUSS,2034,5,interior,a_ice,0.01937
CMdev_L137_GAUSS,2034,6,interior,a_ice,0.00163
CMdev_L137_GAUSS,2034,7,interior,a_ice,0.00098
CMdev_L137_GAUSS,2034,8,interior,a_ice,0.00001
CMdev_L137_GAUSS,2034,9,interior,a_ice,0.00000
CMdev_L137_GAUSS,2034,10,interior,a_ice,0.00000
CMdev_L137_GAUSS,2034,11,interior,a_ice,0.00000
CMdev_L137_GAUSS,2034,12,interior,a_ice,0.01787
CMdev_L137_GAUSS,2034,1,labsea,MLD2,1475.36715
CMdev_L137_GAUSS,2034,2,labsea,MLD2,1477.34306
CMdev_L137_GAUSS,2034,3,labsea,MLD2,1518.05019
CMdev_L137_GAUSS,2034,4,labsea,MLD2,1508.13643
CMdev_L137_GAUSS,2034,5,labsea,MLD2,765.65103
CMdev_L137_GAUSS,2034,6,labsea,MLD2,20.53949
CMdev_L137_GAUSS,2034,7,labsea,MLD2,16.68478
CMdev_L137_GAUSS,2034,8,labsea,MLD2,15.35179
CMdev_L137_GAUSS,2034,9,labsea,MLD2,25.65811
CMdev_L137_GAUSS,2034,10,labsea,MLD2,32.93323
CMdev_L137_GAUSS,2034,11,labsea,MLD2,121.88125
CMdev_L137_GAUSS,2034,12,labsea,MLD2,810.94202
CMdev_L137_GAUSS,2034,1,interior,MLD2,2320.72198
CMdev_L137_GAUSS,2034,2,interior,MLD2,2257.58927
CMdev_L137_GAUSS,2034,3,interior,MLD2,2410.65512
CMdev_L137_GAUSS,2034,4,interior,MLD2,2358.92892
CMdev_L137_GAUSS,2034,5,interior,MLD2,1225.32736
CMdev_L137_GAUSS,2034,6,interior,MLD2,25.64509
CMdev_L137_GAUSS,2034,7,interior,MLD2,19.13113
CMdev_L137_GAUSS,2034,8,interior,MLD2,17.06087
CMdev_L137_GAUSS,2034,9,interior,MLD2,26.43246
CMdev_L137_GAUSS,2034,10,interior,MLD2,30.39701
CMdev_L137_GAUSS,2034,11,interior,MLD2,261.05974
CMdev_L137_GAUSS,2034,12,interior,MLD2,1599.34762
CMdev_L137_GAUSS,2035,1,labsea,a_ice,0.25249
CMdev_L137_GAUSS,2035,2,labsea,a_ice,0.31858
CMdev_L137_GAUSS,2035,3,labsea,a_ice,0.35094
CMdev_L137_GAUSS,2035,4,labsea,a_ice,0.32042
CMdev_L137_GAUSS,2035,5,labsea,a_ice,0.27952
CMdev_L137_GAUSS,2035,6,labsea,a_ice,0.15717
CMdev_L137_GAUSS,2035,7,labsea,a_ice,0.03619
CMdev_L137_GAUSS,2035,8,labsea,a_ice,0.00002
CMdev_L137_GAUSS,2035,9,labsea,a_ice,0.00000
CMdev_L137_GAUSS,2035,10,labsea,a_ice,0.00000
CMdev_L137_GAUSS,2035,11,labsea,a_ice,0.01951
CMdev_L137_GAUSS,2035,12,labsea,a_ice,0.13969
CMdev_L137_GAUSS,2035,1,interior,a_ice,0.06238
CMdev_L137_GAUSS,2035,2,interior,a_ice,0.07324
CMdev_L137_GAUSS,2035,3,interior,a_ice,0.12543
CMdev_L137_GAUSS,2035,4,interior,a_ice,0.09284
CMdev_L137_GAUSS,2035,5,interior,a_ice,0.14139
CMdev_L137_GAUSS,2035,6,interior,a_ice,0.05232
CMdev_L137_GAUSS,2035,7,interior,a_ice,0.00979
CMdev_L137_GAUSS,2035,8,interior,a_ice,0.00000
CMdev_L137_GAUSS,2035,9,interior,a_ice,0.00000
CMdev_L137_GAUSS,2035,10,interior,a_ice,0.00000
CMdev_L137_GAUSS,2035,11,interior,a_ice,0.00109
CMdev_L137_GAUSS,2035,12,interior,a_ice,0.01579
CMdev_L137_GAUSS,2035,1,labsea,MLD2,1497.90081
CMdev_L137_GAUSS,2035,2,labsea,MLD2,1507.71096
CMdev_L137_GAUSS,2035,3,labsea,MLD2,1408.35614
CMdev_L137_GAUSS,2035,4,labsea,MLD2,1214.82236
CMdev_L137_GAUSS,2035,5,labsea,MLD2,675.63956
CMdev_L137_GAUSS,2035,6,labsea,MLD2,26.19533
CMdev_L137_GAUSS,2035,7,labsea,MLD2,11.88591
CMdev_L137_GAUSS,2035,8,labsea,MLD2,13.68632
CMdev_L137_GAUSS,2035,9,labsea,MLD2,20.06508
CMdev_L137_GAUSS,2035,10,labsea,MLD2,33.49874
CMdev_L137_GAUSS,2035,11,labsea,MLD2,156.69756
CMdev_L137_GAUSS,2035,12,labsea,MLD2,1111.27562
CMdev_L137_GAUSS,2035,1,interior,MLD2,2374.82672
CMdev_L137_GAUSS,2035,2,interior,MLD2,2450.10870
CMdev_L137_GAUSS,2035,3,interior,MLD2,2209.52733
CMdev_L137_GAUSS,2035,4,interior,MLD2,1915.99667
CMdev_L137_GAUSS,2035,5,interior,MLD2,1213.20662
CMdev_L137_GAUSS,2035,6,interior,MLD2,54.60548
CMdev_L137_GAUSS,2035,7,interior,MLD2,12.78413
CMdev_L137_GAUSS,2035,8,interior,MLD2,16.00981
CMdev_L137_GAUSS,2035,9,interior,MLD2,21.65427
CMdev_L137_GAUSS,2035,10,interior,MLD2,33.08349
CMdev_L137_GAUSS,2035,11,interior,MLD2,303.56057
CMdev_L137_GAUSS,2035,12,interior,MLD2,2176.71363
CMdev_L137_GAUSS,2036,1,labsea,a_ice,0.20717
CMdev_L137_GAUSS,2036,2,labsea,a_ice,0.28708
CMdev_L137_GAUSS,2036,3,labsea,a_ice,0.27754
CMdev_L137_GAUSS,2036,4,labsea,a_ice,0.23092
CMdev_L137_GAUSS,2036,5,labsea,a_ice,0.18630
CMdev_L137_GAUSS,2036,6,labsea,a_ice,0.09332
CMdev_L137_GAUSS,2036,7,labsea,a_ice,0.01183
CMdev_L137_GAUSS,2036,8,labsea,a_ice,0.00001
CMdev_L137_GAUSS,2036,9,labsea,a_ice,0.00000
CMdev_L137_GAUSS,2036,10,labsea,a_ice,0.00000
CMdev_L137_GAUSS,2036,11,labsea,a_ice,0.00180
CMdev_L137_GAUSS,2036,12,labsea,a_ice,0.05738
CMdev_L137_GAUSS,2036,1,interior,a_ice,0.02652
CMdev_L137_GAUSS,2036,2,interior,a_ice,0.07332
CMdev_L137_GAUSS,2036,3,interior,a_ice,0.06291
CMdev_L137_GAUSS,2036,4,interior,a_ice,0.06847
CMdev_L137_GAUSS,2036,5,interior,a_ice,0.02650
CMdev_L137_GAUSS,2036,6,interior,a_ice,0.01517
CMdev_L137_GAUSS,2036,7,interior,a_ice,0.00000
CMdev_L137_GAUSS,2036,8,interior,a_ice,0.00000
CMdev_L137_GAUSS,2036,9,interior,a_ice,0.00000
CMdev_L137_GAUSS,2036,10,interior,a_ice,0.00000
CMdev_L137_GAUSS,2036,11,interior,a_ice,0.00000
CMdev_L137_GAUSS,2036,12,interior,a_ice,0.00354
CMdev_L137_GAUSS,2036,1,labsea,MLD2,1602.09074
CMdev_L137_GAUSS,2036,2,labsea,MLD2,1641.85311
CMdev_L137_GAUSS,2036,3,labsea,MLD2,1507.50555
CMdev_L137_GAUSS,2036,4,labsea,MLD2,1342.84000
CMdev_L137_GAUSS,2036,5,labsea,MLD2,480.58880
CMdev_L137_GAUSS,2036,6,labsea,MLD2,12.76731
CMdev_L137_GAUSS,2036,7,labsea,MLD2,10.70950
CMdev_L137_GAUSS,2036,8,labsea,MLD2,15.96399
CMdev_L137_GAUSS,2036,9,labsea,MLD2,19.82303
CMdev_L137_GAUSS,2036,10,labsea,MLD2,32.76632
CMdev_L137_GAUSS,2036,11,labsea,MLD2,66.53729
CMdev_L137_GAUSS,2036,12,labsea,MLD2,743.87943
CMdev_L137_GAUSS,2036,1,interior,MLD2,2544.55162
CMdev_L137_GAUSS,2036,2,interior,MLD2,2547.65562
CMdev_L137_GAUSS,2036,3,interior,MLD2,2400.36868
CMdev_L137_GAUSS,2036,4,interior,MLD2,2207.87024
CMdev_L137_GAUSS,2036,5,interior,MLD2,1243.36102
CMdev_L137_GAUSS,2036,6,interior,MLD2,13.44736
CMdev_L137_GAUSS,2036,7,interior,MLD2,11.76887
CMdev_L137_GAUSS,2036,8,interior,MLD2,17.23378
CMdev_L137_GAUSS,2036,9,interior,MLD2,19.14214
CMdev_L137_GAUSS,2036,10,interior,MLD2,29.56563
CMdev_L137_GAUSS,2036,11,interior,MLD2,62.20409
CMdev_L137_GAUSS,2036,12,interior,MLD2,1426.45337
CMdev_L137_GAUSS,2037,1,labsea,a_ice,0.14562
CMdev_L137_GAUSS,2037,2,labsea,a_ice,0.21157
CMdev_L137_GAUSS,2037,3,labsea,a_ice,0.19106
CMdev_L137_GAUSS,2037,4,labsea,a_ice,0.16380
CMdev_L137_GAUSS,2037,5,labsea,a_ice,0.11729
CMdev_L137_GAUSS,2037,6,labsea,a_ice,0.04839
CMdev_L137_GAUSS,2037,7,labsea,a_ice,0.00437
CMdev_L137_GAUSS,2037,8,labsea,a_ice,0.00000
CMdev_L137_GAUSS,2037,9,labsea,a_ice,0.00000
CMdev_L137_GAUSS,2037,10,labsea,a_ice,0.00039
CMdev_L137_GAUSS,2037,11,labsea,a_ice,0.01092
CMdev_L137_GAUSS,2037,12,labsea,a_ice,0.11504
CMdev_L137_GAUSS,2037,1,interior,a_ice,0.00555
CMdev_L137_GAUSS,2037,2,interior,a_ice,0.03232
CMdev_L137_GAUSS,2037,3,interior,a_ice,0.03139
CMdev_L137_GAUSS,2037,4,interior,a_ice,0.02775
CMdev_L137_GAUSS,2037,5,interior,a_ice,0.00175
CMdev_L137_GAUSS,2037,6,interior,a_ice,0.00039
CMdev_L137_GAUSS,2037,7,interior,a_ice,0.00000
CMdev_L137_GAUSS,2037,8,interior,a_ice,0.00000
CMdev_L137_GAUSS,2037,9,interior,a_ice,0.00000
CMdev_L137_GAUSS,2037,10,interior,a_ice,0.00000
CMdev_L137_GAUSS,2037,11,interior,a_ice,0.00000
CMdev_L137_GAUSS,2037,12,interior,a_ice,0.00623
CMdev_L137_GAUSS,2037,1,labsea,MLD2,1648.98610
CMdev_L137_GAUSS,2037,2,labsea,MLD2,1626.73184
CMdev_L137_GAUSS,2037,3,labsea,MLD2,1580.56760
CMdev_L137_GAUSS,2037,4,labsea,MLD2,1492.55021
CMdev_L137_GAUSS,2037,5,labsea,MLD2,282.33459
CMdev_L137_GAUSS,2037,6,labsea,MLD2,15.20595
CMdev_L137_GAUSS,2037,7,labsea,MLD2,14.22290
CMdev_L137_GAUSS,2037,8,labsea,MLD2,13.43928
CMdev_L137_GAUSS,2037,9,labsea,MLD2,21.61479
CMdev_L137_GAUSS,2037,10,labsea,MLD2,41.07778
CMdev_L137_GAUSS,2037,11,labsea,MLD2,214.23137
CMdev_L137_GAUSS,2037,12,labsea,MLD2,1077.51277
CMdev_L137_GAUSS,2037,1,interior,MLD2,2612.07128
CMdev_L137_GAUSS,2037,2,interior,MLD2,2632.03922
CMdev_L137_GAUSS,2037,3,interior,MLD2,2563.35995
CMdev_L137_GAUSS,2037,4,interior,MLD2,2396.76452
CMdev_L137_GAUSS,2037,5,interior,MLD2,582.89987
CMdev_L137_GAUSS,2037,6,interior,MLD2,18.55429
CMdev_L137_GAUSS,2037,7,interior,MLD2,16.31247
CMdev_L137_GAUSS,2037,8,interior,MLD2,14.01150
CMdev_L137_GAUSS,2037,9,interior,MLD2,22.39211
CMdev_L137_GAUSS,2037,10,interior,MLD2,45.66941
CMdev_L137_GAUSS,2037,11,interior,MLD2,607.32784
CMdev_L137_GAUSS,2037,12,interior,MLD2,2094.93158
CMdev_L137_GAUSS,2038,1,labsea,a_ice,0.24760
CMdev_L137_GAUSS,2038,2,labsea,a_ice,0.34007
CMdev_L137_GAUSS,2038,3,labsea,a_ice,0.35145
CMdev_L137_GAUSS,2038,4,labsea,a_ice,0.30335
CMdev_L137_GAUSS,2038,5,labsea,a_ice,0.25151
CMdev_L137_GAUSS,2038,6,labsea,a_ice,0.13840
CMdev_L137_GAUSS,2038,7,labsea,a_ice,0.02259
CMdev_L137_GAUSS,2038,8,labsea,a_ice,0.00029
CMdev_L137_GAUSS,2038,9,labsea,a_ice,0.00012
CMdev_L137_GAUSS,2038,10,labsea,a_ice,0.00100
CMdev_L137_GAUSS,2038,11,labsea,a_ice,0.03654
CMdev_L137_GAUSS,2038,12,labsea,a_ice,0.18967
CMdev_L137_GAUSS,2038,1,interior,a_ice,0.05592
CMdev_L137_GAUSS,2038,2,interior,a_ice,0.12828
CMdev_L137_GAUSS,2038,3,interior,a_ice,0.20447
CMdev_L137_GAUSS,2038,4,interior,a_ice,0.10941
CMdev_L137_GAUSS,2038,5,interior,a_ice,0.06501
CMdev_L137_GAUSS,2038,6,interior,a_ice,0.01587
CMdev_L137_GAUSS,2038,7,interior,a_ice,0.00102
CMdev_L137_GAUSS,2038,8,interior,a_ice,0.00000
CMdev_L137_GAUSS,2038,9,interior,a_ice,0.00000
CMdev_L137_GAUSS,2038,10,interior,a_ice,0.00007
CMdev_L137_GAUSS,2038,11,interior,a_ice,0.00430
CMdev_L137_GAUSS,2038,12,interior,a_ice,0.05161
CMdev_L137_GAUSS,2038,1,labsea,MLD2,1592.68155
CMdev_L137_GAUSS,2038,2,labsea,MLD2,1461.94291
CMdev_L137_GAUSS,2038,3,labsea,MLD2,1365.97236
CMdev_L137_GAUSS,2038,4,labsea,MLD2,1178.27711
CMdev_L137_GAUSS,2038,5,labsea,MLD2,613.54284
CMdev_L137_GAUSS,2038,6,labsea,MLD2,21.02291
CMdev_L137_GAUSS,2038,7,labsea,MLD2,11.69669
CMdev_L137_GAUSS,2038,8,labsea,MLD2,14.29717
CMdev_L137_GAUSS,2038,9,labsea,MLD2,15.71999
CMdev_L137_GAUSS,2038,10,labsea,MLD2,26.14239
CMdev_L137_GAUSS,2038,11,labsea,MLD2,125.05961
CMdev_L137_GAUSS,2038,12,labsea,MLD2,540.83420
CMdev_L137_GAUSS,2038,1,interior,MLD2,2490.47648
CMdev_L137_GAUSS,2038,2,interior,MLD2,2241.42107
CMdev_L137_GAUSS,2038,3,interior,MLD2,1934.45041
CMdev_L137_GAUSS,2038,4,interior,MLD2,1697.67123
CMdev_L137_GAUSS,2038,5,interior,MLD2,1153.19653
CMdev_L137_GAUSS,2038,6,interior,MLD2,33.59789
CMdev_L137_GAUSS,2038,7,interior,MLD2,12.46465
CMdev_L137_GAUSS,2038,8,interior,MLD2,16.22856
CMdev_L137_GAUSS,2038,9,interior,MLD2,16.88660
CMdev_L137_GAUSS,2038,10,interior,MLD2,27.62910
CMdev_L137_GAUSS,2038,11,interior,MLD2,315.54496
CMdev_L137_GAUSS,2038,12,interior,MLD2,1266.88111
CMdev_L137_GAUSS,2039,1,labsea,a_ice,0.38689
CMdev_L137_GAUSS,2039,2,labsea,a_ice,0.40319
CMdev_L137_GAUSS,2039,3,labsea,a_ice,0.44142
CMdev_L137_GAUSS,2039,4,labsea,a_ice,0.40255
CMdev_L137_GAUSS,2039,5,labsea,a_ice,0.27557
CMdev_L137_GAUSS,2039,6,labsea,a_ice,0.11951
CMdev_L137_GAUSS,2039,7,labsea,a_ice,0.02403
CMdev_L137_GAUSS,2039,8,labsea,a_ice,0.00007
CMdev_L137_GAUSS,2039,9,labsea,a_ice,0.00000
CMdev_L137_GAUSS,2039,10,labsea,a_ice,0.00000
CMdev_L137_GAUSS,2039,11,labsea,a_ice,0.01997
CMdev_L137_GAUSS,2039,12,labsea,a_ice,0.10590
CMdev_L137_GAUSS,2039,1,interior,a_ice,0.27618
CMdev_L137_GAUSS,2039,2,interior,a_ice,0.37443
CMdev_L137_GAUSS,2039,3,interior,a_ice,0.42957
CMdev_L137_GAUSS,2039,4,interior,a_ice,0.31866
CMdev_L137_GAUSS,2039,5,interior,a_ice,0.10769
CMdev_L137_GAUSS,2039,6,interior,a_ice,0.01627
CMdev_L137_GAUSS,2039,7,interior,a_ice,0.00007
CMdev_L137_GAUSS,2039,8,interior,a_ice,0.00000
CMdev_L137_GAUSS,2039,9,interior,a_ice,0.00000
CMdev_L137_GAUSS,2039,10,interior,a_ice,0.00000
CMdev_L137_GAUSS,2039,11,interior,a_ice,0.00000
CMdev_L137_GAUSS,2039,12,interior,a_ice,0.00987
CMdev_L137_GAUSS,2039,1,labsea,MLD2,1189.06276
CMdev_L137_GAUSS,2039,2,labsea,MLD2,1164.66225
CMdev_L137_GAUSS,2039,3,labsea,MLD2,1112.17764
CMdev_L137_GAUSS,2039,4,labsea,MLD2,943.50917
CMdev_L137_GAUSS,2039,5,labsea,MLD2,420.86225
CMdev_L137_GAUSS,2039,6,labsea,MLD2,14.77920
CMdev_L137_GAUSS,2039,7,labsea,MLD2,11.21924
CMdev_L137_GAUSS,2039,8,labsea,MLD2,10.76117
CMdev_L137_GAUSS,2039,9,labsea,MLD2,17.55623
CMdev_L137_GAUSS,2039,10,labsea,MLD2,30.34128
CMdev_L137_GAUSS,2039,11,labsea,MLD2,156.54562
CMdev_L137_GAUSS,2039,12,labsea,MLD2,1248.44023
CMdev_L137_GAUSS,2039,1,interior,MLD2,1761.82503
CMdev_L137_GAUSS,2039,2,interior,MLD2,1316.01514
CMdev_L137_GAUSS,2039,3,interior,MLD2,1224.98558
CMdev_L137_GAUSS,2039,4,interior,MLD2,1274.06477
CMdev_L137_GAUSS,2039,5,interior,MLD2,610.26940
CMdev_L137_GAUSS,2039,6,interior,MLD2,16.11397
CMdev_L137_GAUSS,2039,7,interior,MLD2,11.33897
CMdev_L137_GAUSS,2039,8,interior,MLD2,10.81391
CMdev_L137_GAUSS,2039,9,interior,MLD2,17.60032
CMdev_L137_GAUSS,2039,10,interior,MLD2,30.51395
CMdev_L137_GAUSS,2039,11,interior,MLD2,233.14100
CMdev_L137_GAUSS,2039,12,interior,MLD2,2139.02887
