HR_Spinup,1350,1,labsea,a_ice,0.30477
HR_Spinup,1350,2,labsea,a_ice,0.47646
HR_Spinup,1350,3,labsea,a_ice,0.43910
HR_Spinup,1350,4,labsea,a_ice,0.36968
HR_Spinup,1350,5,labsea,a_ice,0.25770
HR_Spinup,1350,6,labsea,a_ice,0.10442
HR_Spinup,1350,7,labsea,a_ice,0.01065
HR_Spinup,1350,8,labsea,a_ice,0.00000
HR_Spinup,1350,9,labsea,a_ice,0.00000
HR_Spinup,1350,10,labsea,a_ice,0.00014
HR_Spinup,1350,11,labsea,a_ice,0.06191
HR_Spinup,1350,12,labsea,a_ice,0.17514
HR_Spinup,1350,1,interior,a_ice,0.10349
HR_Spinup,1350,2,interior,a_ice,0.38414
HR_Spinup,1350,3,interior,a_ice,0.37491
HR_Spinup,1350,4,interior,a_ice,0.24328
HR_Spinup,1350,5,interior,a_ice,0.09076
HR_Spinup,1350,6,interior,a_ice,0.03033
HR_Spinup,1350,7,interior,a_ice,0.00072
HR_Spinup,1350,8,interior,a_ice,0.00000
HR_Spinup,1350,9,interior,a_ice,0.00000
HR_Spinup,1350,10,interior,a_ice,0.00000
HR_Spinup,1350,11,interior,a_ice,0.00231
HR_Spinup,1350,12,interior,a_ice,0.02297
HR_Spinup,1350,1,labsea,MLD2,939.54854
HR_Spinup,1350,2,labsea,MLD2,927.71111
HR_Spinup,1350,3,labsea,MLD2,811.48556
HR_Spinup,1350,4,labsea,MLD2,694.13326
HR_Spinup,1350,5,labsea,MLD2,537.58527
HR_Spinup,1350,6,labsea,MLD2,38.79447
HR_Spinup,1350,7,labsea,MLD2,16.84220
HR_Spinup,1350,8,labsea,MLD2,18.16880
HR_Spinup,1350,9,labsea,MLD2,26.02470
HR_Spinup,1350,10,labsea,MLD2,39.29930
HR_Spinup,1350,11,labsea,MLD2,70.81078
HR_Spinup,1350,12,labsea,MLD2,209.79391
HR_Spinup,1350,1,interior,MLD2,1901.81667
HR_Spinup,1350,2,interior,MLD2,1393.54246
HR_Spinup,1350,3,interior,MLD2,930.34171
HR_Spinup,1350,4,interior,MLD2,840.97133
HR_Spinup,1350,5,interior,MLD2,706.03560
HR_Spinup,1350,6,interior,MLD2,46.08968
HR_Spinup,1350,7,interior,MLD2,16.07594
HR_Spinup,1350,8,interior,MLD2,18.30936
HR_Spinup,1350,9,interior,MLD2,26.67038
HR_Spinup,1350,10,interior,MLD2,45.70772
HR_Spinup,1350,11,interior,MLD2,72.78846
HR_Spinup,1350,12,interior,MLD2,204.59603
HR_Spinup,1351,1,labsea,a_ice,0.29130
HR_Spinup,1351,2,labsea,a_ice,0.35619
HR_Spinup,1351,3,labsea,a_ice,0.36083
HR_Spinup,1351,4,labsea,a_ice,0.32089
HR_Spinup,1351,5,labsea,a_ice,0.21572
HR_Spinup,1351,6,labsea,a_ice,0.10185
HR_Spinup,1351,7,labsea,a_ice,0.01021
HR_Spinup,1351,8,labsea,a_ice,0.00000
HR_Spinup,1351,9,labsea,a_ice,0.00000
HR_Spinup,1351,10,labsea,a_ice,0.00016
HR_Spinup,1351,11,labsea,a_ice,0.02397
HR_Spinup,1351,12,labsea,a_ice,0.12700
HR_Spinup,1351,1,interior,a_ice,0.05857
HR_Spinup,1351,2,interior,a_ice,0.20969
HR_Spinup,1351,3,interior,a_ice,0.21468
HR_Spinup,1351,4,interior,a_ice,0.14255
HR_Spinup,1351,5,interior,a_ice,0.05174
HR_Spinup,1351,6,interior,a_ice,0.02179
HR_Spinup,1351,7,interior,a_ice,0.00228
HR_Spinup,1351,8,interior,a_ice,0.00000
HR_Spinup,1351,9,interior,a_ice,0.00000
HR_Spinup,1351,10,interior,a_ice,0.00000
HR_Spinup,1351,11,interior,a_ice,0.00001
HR_Spinup,1351,12,interior,a_ice,0.01226
HR_Spinup,1351,1,labsea,MLD2,688.96692
HR_Spinup,1351,2,labsea,MLD2,1079.17733
HR_Spinup,1351,3,labsea,MLD2,1079.31448
HR_Spinup,1351,4,labsea,MLD2,918.81142
HR_Spinup,1351,5,labsea,MLD2,473.29248
HR_Spinup,1351,6,labsea,MLD2,29.84073
HR_Spinup,1351,7,labsea,MLD2,16.11394
HR_Spinup,1351,8,labsea,MLD2,16.98981
HR_Spinup,1351,9,labsea,MLD2,25.27622
HR_Spinup,1351,10,labsea,MLD2,37.26712
HR_Spinup,1351,11,labsea,MLD2,54.83249
HR_Spinup,1351,12,labsea,MLD2,288.58916
HR_Spinup,1351,1,interior,MLD2,1119.34796
HR_Spinup,1351,2,interior,MLD2,1789.62624
HR_Spinup,1351,3,interior,MLD2,1744.86044
HR_Spinup,1351,4,interior,MLD2,1599.85067
HR_Spinup,1351,5,interior,MLD2,823.22716
HR_Spinup,1351,6,interior,MLD2,41.78413
HR_Spinup,1351,7,interior,MLD2,19.56538
HR_Spinup,1351,8,interior,MLD2,18.75730
HR_Spinup,1351,9,interior,MLD2,28.08755
HR_Spinup,1351,10,interior,MLD2,41.14094
HR_Spinup,1351,11,interior,MLD2,63.21669
HR_Spinup,1351,12,interior,MLD2,526.92541
HR_Spinup,1352,1,labsea,a_ice,0.27100
HR_Spinup,1352,2,labsea,a_ice,0.30623
HR_Spinup,1352,3,labsea,a_ice,0.31945
HR_Spinup,1352,4,labsea,a_ice,0.25967
HR_Spinup,1352,5,labsea,a_ice,0.20859
HR_Spinup,1352,6,labsea,a_ice,0.10026
HR_Spinup,1352,7,labsea,a_ice,0.02764
HR_Spinup,1352,8,labsea,a_ice,0.00092
HR_Spinup,1352,9,labsea,a_ice,0.00000
HR_Spinup,1352,10,labsea,a_ice,0.00000
HR_Spinup,1352,11,labsea,a_ice,0.01156
HR_Spinup,1352,12,labsea,a_ice,0.17202
HR_Spinup,1352,1,interior,a_ice,0.05734
HR_Spinup,1352,2,interior,a_ice,0.14829
HR_Spinup,1352,3,interior,a_ice,0.12320
HR_Spinup,1352,4,interior,a_ice,0.06335
HR_Spinup,1352,5,interior,a_ice,0.07617
HR_Spinup,1352,6,interior,a_ice,0.01386
HR_Spinup,1352,7,interior,a_ice,0.00124
HR_Spinup,1352,8,interior,a_ice,0.00003
HR_Spinup,1352,9,interior,a_ice,0.00000
HR_Spinup,1352,10,interior,a_ice,0.00000
HR_Spinup,1352,11,interior,a_ice,0.00000
HR_Spinup,1352,12,interior,a_ice,0.03456
HR_Spinup,1352,1,labsea,MLD2,740.65100
HR_Spinup,1352,2,labsea,MLD2,959.24467
HR_Spinup,1352,3,labsea,MLD2,824.64330
HR_Spinup,1352,4,labsea,MLD2,759.46307
HR_Spinup,1352,5,labsea,MLD2,556.46340
HR_Spinup,1352,6,labsea,MLD2,49.90356
HR_Spinup,1352,7,labsea,MLD2,19.80824
HR_Spinup,1352,8,labsea,MLD2,18.46231
HR_Spinup,1352,9,labsea,MLD2,25.28704
HR_Spinup,1352,10,labsea,MLD2,38.70135
HR_Spinup,1352,11,labsea,MLD2,56.88662
HR_Spinup,1352,12,labsea,MLD2,232.26947
HR_Spinup,1352,1,interior,MLD2,1626.04429
HR_Spinup,1352,2,interior,MLD2,1937.69925
HR_Spinup,1352,3,interior,MLD2,1693.89901
HR_Spinup,1352,4,interior,MLD2,1489.93135
HR_Spinup,1352,5,interior,MLD2,1124.62640
HR_Spinup,1352,6,interior,MLD2,97.35496
HR_Spinup,1352,7,interior,MLD2,22.88284
HR_Spinup,1352,8,interior,MLD2,20.51323
HR_Spinup,1352,9,interior,MLD2,29.77901
HR_Spinup,1352,10,interior,MLD2,43.88829
HR_Spinup,1352,11,interior,MLD2,67.16500
HR_Spinup,1352,12,interior,MLD2,450.83294
HR_Spinup,1353,1,labsea,a_ice,0.36105
HR_Spinup,1353,2,labsea,a_ice,0.45677
HR_Spinup,1353,3,labsea,a_ice,0.41641
HR_Spinup,1353,4,labsea,a_ice,0.35576
HR_Spinup,1353,5,labsea,a_ice,0.24793
HR_Spinup,1353,6,labsea,a_ice,0.13858
HR_Spinup,1353,7,labsea,a_ice,0.05878
HR_Spinup,1353,8,labsea,a_ice,0.00176
HR_Spinup,1353,9,labsea,a_ice,0.00049
HR_Spinup,1353,10,labsea,a_ice,0.00433
HR_Spinup,1353,11,labsea,a_ice,0.09141
HR_Spinup,1353,12,labsea,a_ice,0.27007
HR_Spinup,1353,1,interior,a_ice,0.15605
HR_Spinup,1353,2,interior,a_ice,0.27988
HR_Spinup,1353,3,interior,a_ice,0.23954
HR_Spinup,1353,4,interior,a_ice,0.16880
HR_Spinup,1353,5,interior,a_ice,0.07614
HR_Spinup,1353,6,interior,a_ice,0.01291
HR_Spinup,1353,7,interior,a_ice,0.00364
HR_Spinup,1353,8,interior,a_ice,0.00017
HR_Spinup,1353,9,interior,a_ice,0.00008
HR_Spinup,1353,10,interior,a_ice,0.00000
HR_Spinup,1353,11,interior,a_ice,0.00299
HR_Spinup,1353,12,interior,a_ice,0.08201
HR_Spinup,1353,1,labsea,MLD2,864.94901
HR_Spinup,1353,2,labsea,MLD2,1127.68174
HR_Spinup,1353,3,labsea,MLD2,1072.69078
HR_Spinup,1353,4,labsea,MLD2,1016.16894
HR_Spinup,1353,5,labsea,MLD2,742.85334
HR_Spinup,1353,6,labsea,MLD2,168.40473
HR_Spinup,1353,7,labsea,MLD2,20.97065
HR_Spinup,1353,8,labsea,MLD2,19.96481
HR_Spinup,1353,9,labsea,MLD2,28.49768
HR_Spinup,1353,10,labsea,MLD2,41.75788
HR_Spinup,1353,11,labsea,MLD2,105.94834
HR_Spinup,1353,12,labsea,MLD2,587.90864
HR_Spinup,1353,1,interior,MLD2,1744.90143
HR_Spinup,1353,2,interior,MLD2,1748.73989
HR_Spinup,1353,3,interior,MLD2,1510.47711
HR_Spinup,1353,4,interior,MLD2,1550.59054
HR_Spinup,1353,5,interior,MLD2,1181.86781
HR_Spinup,1353,6,interior,MLD2,247.60117
HR_Spinup,1353,7,interior,MLD2,23.40681
HR_Spinup,1353,8,interior,MLD2,23.67922
HR_Spinup,1353,9,interior,MLD2,34.53904
HR_Spinup,1353,10,interior,MLD2,53.86870
HR_Spinup,1353,11,interior,MLD2,150.14517
HR_Spinup,1353,12,interior,MLD2,1187.25193
HR_Spinup,1354,1,labsea,a_ice,0.35159
HR_Spinup,1354,2,labsea,a_ice,0.41061
HR_Spinup,1354,3,labsea,a_ice,0.39520
HR_Spinup,1354,4,labsea,a_ice,0.31591
HR_Spinup,1354,5,labsea,a_ice,0.21819
HR_Spinup,1354,6,labsea,a_ice,0.14456
HR_Spinup,1354,7,labsea,a_ice,0.05237
HR_Spinup,1354,8,labsea,a_ice,0.00405
HR_Spinup,1354,9,labsea,a_ice,0.00044
HR_Spinup,1354,10,labsea,a_ice,0.00059
HR_Spinup,1354,11,labsea,a_ice,0.02748
HR_Spinup,1354,12,labsea,a_ice,0.16737
HR_Spinup,1354,1,interior,a_ice,0.19600
HR_Spinup,1354,2,interior,a_ice,0.25813
HR_Spinup,1354,3,interior,a_ice,0.17075
HR_Spinup,1354,4,interior,a_ice,0.07591
HR_Spinup,1354,5,interior,a_ice,0.05355
HR_Spinup,1354,6,interior,a_ice,0.02841
HR_Spinup,1354,7,interior,a_ice,0.00064
HR_Spinup,1354,8,interior,a_ice,0.00002
HR_Spinup,1354,9,interior,a_ice,0.00000
HR_Spinup,1354,10,interior,a_ice,0.00000
HR_Spinup,1354,11,interior,a_ice,0.00061
HR_Spinup,1354,12,interior,a_ice,0.01090
HR_Spinup,1354,1,labsea,MLD2,784.53206
HR_Spinup,1354,2,labsea,MLD2,847.89394
HR_Spinup,1354,3,labsea,MLD2,728.98067
HR_Spinup,1354,4,labsea,MLD2,673.52735
HR_Spinup,1354,5,labsea,MLD2,231.97682
HR_Spinup,1354,6,labsea,MLD2,43.31306
HR_Spinup,1354,7,labsea,MLD2,26.60105
HR_Spinup,1354,8,labsea,MLD2,25.11819
HR_Spinup,1354,9,labsea,MLD2,30.76786
HR_Spinup,1354,10,labsea,MLD2,40.13810
HR_Spinup,1354,11,labsea,MLD2,57.64523
HR_Spinup,1354,12,labsea,MLD2,194.15996
HR_Spinup,1354,1,interior,MLD2,1518.53395
HR_Spinup,1354,2,interior,MLD2,1523.09081
HR_Spinup,1354,3,interior,MLD2,1334.66141
HR_Spinup,1354,4,interior,MLD2,1336.67540
HR_Spinup,1354,5,interior,MLD2,432.07419
HR_Spinup,1354,6,interior,MLD2,62.86746
HR_Spinup,1354,7,interior,MLD2,31.99974
HR_Spinup,1354,8,interior,MLD2,30.96883
HR_Spinup,1354,9,interior,MLD2,37.01879
HR_Spinup,1354,10,interior,MLD2,52.44022
HR_Spinup,1354,11,interior,MLD2,75.35795
HR_Spinup,1354,12,interior,MLD2,410.56264
HR_Spinup,1355,1,labsea,a_ice,0.29273
HR_Spinup,1355,2,labsea,a_ice,0.37121
HR_Spinup,1355,3,labsea,a_ice,0.44714
HR_Spinup,1355,4,labsea,a_ice,0.40519
HR_Spinup,1355,5,labsea,a_ice,0.29544
HR_Spinup,1355,6,labsea,a_ice,0.10530
HR_Spinup,1355,7,labsea,a_ice,0.00405
HR_Spinup,1355,8,labsea,a_ice,0.00000
HR_Spinup,1355,9,labsea,a_ice,0.00000
HR_Spinup,1355,10,labsea,a_ice,0.00033
HR_Spinup,1355,11,labsea,a_ice,0.04546
HR_Spinup,1355,12,labsea,a_ice,0.13316
HR_Spinup,1355,1,interior,a_ice,0.04082
HR_Spinup,1355,2,interior,a_ice,0.14146
HR_Spinup,1355,3,interior,a_ice,0.31469
HR_Spinup,1355,4,interior,a_ice,0.26074
HR_Spinup,1355,5,interior,a_ice,0.12572
HR_Spinup,1355,6,interior,a_ice,0.01130
HR_Spinup,1355,7,interior,a_ice,0.00000
HR_Spinup,1355,8,interior,a_ice,0.00000
HR_Spinup,1355,9,interior,a_ice,0.00000
HR_Spinup,1355,10,interior,a_ice,0.00000
HR_Spinup,1355,11,interior,a_ice,0.00244
HR_Spinup,1355,12,interior,a_ice,0.02046
HR_Spinup,1355,1,labsea,MLD2,657.61144
HR_Spinup,1355,2,labsea,MLD2,829.60973
HR_Spinup,1355,3,labsea,MLD2,835.91074
HR_Spinup,1355,4,labsea,MLD2,743.43583
HR_Spinup,1355,5,labsea,MLD2,491.52118
HR_Spinup,1355,6,labsea,MLD2,40.64519
HR_Spinup,1355,7,labsea,MLD2,13.61252
HR_Spinup,1355,8,labsea,MLD2,16.82988
HR_Spinup,1355,9,labsea,MLD2,23.16359
HR_Spinup,1355,10,labsea,MLD2,40.62041
HR_Spinup,1355,11,labsea,MLD2,79.31243
HR_Spinup,1355,12,labsea,MLD2,106.03889
HR_Spinup,1355,1,interior,MLD2,1660.49011
HR_Spinup,1355,2,interior,MLD2,1974.77521
HR_Spinup,1355,3,interior,MLD2,1553.02022
HR_Spinup,1355,4,interior,MLD2,1244.03159
HR_Spinup,1355,5,interior,MLD2,942.74642
HR_Spinup,1355,6,interior,MLD2,87.69386
HR_Spinup,1355,7,interior,MLD2,14.29908
HR_Spinup,1355,8,interior,MLD2,19.00158
HR_Spinup,1355,9,interior,MLD2,27.57751
HR_Spinup,1355,10,interior,MLD2,47.77040
HR_Spinup,1355,11,interior,MLD2,100.97113
HR_Spinup,1355,12,interior,MLD2,176.16954
HR_Spinup,1356,1,labsea,a_ice,0.30946
HR_Spinup,1356,2,labsea,a_ice,0.46205
HR_Spinup,1356,3,labsea,a_ice,0.46696
HR_Spinup,1356,4,labsea,a_ice,0.36828
HR_Spinup,1356,5,labsea,a_ice,0.25802
HR_Spinup,1356,6,labsea,a_ice,0.08774
HR_Spinup,1356,7,labsea,a_ice,0.01469
HR_Spinup,1356,8,labsea,a_ice,0.00028
HR_Spinup,1356,9,labsea,a_ice,0.00000
HR_Spinup,1356,10,labsea,a_ice,0.00072
HR_Spinup,1356,11,labsea,a_ice,0.07578
HR_Spinup,1356,12,labsea,a_ice,0.30476
HR_Spinup,1356,1,interior,a_ice,0.09870
HR_Spinup,1356,2,interior,a_ice,0.38787
HR_Spinup,1356,3,interior,a_ice,0.36515
HR_Spinup,1356,4,interior,a_ice,0.17383
HR_Spinup,1356,5,interior,a_ice,0.09562
HR_Spinup,1356,6,interior,a_ice,0.01848
HR_Spinup,1356,7,interior,a_ice,0.00281
HR_Spinup,1356,8,interior,a_ice,0.00000
HR_Spinup,1356,9,interior,a_ice,0.00000
HR_Spinup,1356,10,interior,a_ice,0.00000
HR_Spinup,1356,11,interior,a_ice,0.00518
HR_Spinup,1356,12,interior,a_ice,0.17128
HR_Spinup,1356,1,labsea,MLD2,716.88891
HR_Spinup,1356,2,labsea,MLD2,938.48000
HR_Spinup,1356,3,labsea,MLD2,771.66191
HR_Spinup,1356,4,labsea,MLD2,636.55781
HR_Spinup,1356,5,labsea,MLD2,314.68470
HR_Spinup,1356,6,labsea,MLD2,33.27318
HR_Spinup,1356,7,labsea,MLD2,21.55935
HR_Spinup,1356,8,labsea,MLD2,20.61308
HR_Spinup,1356,9,labsea,MLD2,28.30218
HR_Spinup,1356,10,labsea,MLD2,41.43998
HR_Spinup,1356,11,labsea,MLD2,96.21697
HR_Spinup,1356,12,labsea,MLD2,333.11076
HR_Spinup,1356,1,interior,MLD2,1573.83475
HR_Spinup,1356,2,interior,MLD2,1403.08985
HR_Spinup,1356,3,interior,MLD2,947.00754
HR_Spinup,1356,4,interior,MLD2,955.45292
HR_Spinup,1356,5,interior,MLD2,462.38159
HR_Spinup,1356,6,interior,MLD2,37.42081
HR_Spinup,1356,7,interior,MLD2,25.33161
HR_Spinup,1356,8,interior,MLD2,24.90715
HR_Spinup,1356,9,interior,MLD2,35.82173
HR_Spinup,1356,10,interior,MLD2,54.70060
HR_Spinup,1356,11,interior,MLD2,152.55229
HR_Spinup,1356,12,interior,MLD2,734.04542
HR_Spinup,1357,1,labsea,a_ice,0.38887
HR_Spinup,1357,2,labsea,a_ice,0.48450
HR_Spinup,1357,3,labsea,a_ice,0.43055
HR_Spinup,1357,4,labsea,a_ice,0.32058
HR_Spinup,1357,5,labsea,a_ice,0.23763
HR_Spinup,1357,6,labsea,a_ice,0.13079
HR_Spinup,1357,7,labsea,a_ice,0.02505
HR_Spinup,1357,8,labsea,a_ice,0.00113
HR_Spinup,1357,9,labsea,a_ice,0.00000
HR_Spinup,1357,10,labsea,a_ice,0.00011
HR_Spinup,1357,11,labsea,a_ice,0.03327
HR_Spinup,1357,12,labsea,a_ice,0.14649
HR_Spinup,1357,1,interior,a_ice,0.22356
HR_Spinup,1357,2,interior,a_ice,0.38933
HR_Spinup,1357,3,interior,a_ice,0.31625
HR_Spinup,1357,4,interior,a_ice,0.17001
HR_Spinup,1357,5,interior,a_ice,0.06832
HR_Spinup,1357,6,interior,a_ice,0.03304
HR_Spinup,1357,7,interior,a_ice,0.00330
HR_Spinup,1357,8,interior,a_ice,0.00000
HR_Spinup,1357,9,interior,a_ice,0.00000
HR_Spinup,1357,10,interior,a_ice,0.00000
HR_Spinup,1357,11,interior,a_ice,0.00001
HR_Spinup,1357,12,interior,a_ice,0.02641
HR_Spinup,1357,1,labsea,MLD2,536.64160
HR_Spinup,1357,2,labsea,MLD2,795.95721
HR_Spinup,1357,3,labsea,MLD2,815.63580
HR_Spinup,1357,4,labsea,MLD2,792.95192
HR_Spinup,1357,5,labsea,MLD2,502.26576
HR_Spinup,1357,6,labsea,MLD2,33.97378
HR_Spinup,1357,7,labsea,MLD2,16.24404
HR_Spinup,1357,8,labsea,MLD2,20.91135
HR_Spinup,1357,9,labsea,MLD2,27.44975
HR_Spinup,1357,10,labsea,MLD2,40.97699
HR_Spinup,1357,11,labsea,MLD2,61.73787
HR_Spinup,1357,12,labsea,MLD2,182.24400
HR_Spinup,1357,1,interior,MLD2,1076.26906
HR_Spinup,1357,2,interior,MLD2,1326.71811
HR_Spinup,1357,3,interior,MLD2,1181.30511
HR_Spinup,1357,4,interior,MLD2,1321.82675
HR_Spinup,1357,5,interior,MLD2,1035.69250
HR_Spinup,1357,6,interior,MLD2,54.76748
HR_Spinup,1357,7,interior,MLD2,22.51468
HR_Spinup,1357,8,interior,MLD2,26.89582
HR_Spinup,1357,9,interior,MLD2,32.90615
HR_Spinup,1357,10,interior,MLD2,53.10707
HR_Spinup,1357,11,interior,MLD2,79.72339
HR_Spinup,1357,12,interior,MLD2,369.69486
HR_Spinup,1358,1,labsea,a_ice,0.28613
HR_Spinup,1358,2,labsea,a_ice,0.35635
HR_Spinup,1358,3,labsea,a_ice,0.33010
HR_Spinup,1358,4,labsea,a_ice,0.27418
HR_Spinup,1358,5,labsea,a_ice,0.20103
HR_Spinup,1358,6,labsea,a_ice,0.12843
HR_Spinup,1358,7,labsea,a_ice,0.04238
HR_Spinup,1358,8,labsea,a_ice,0.00533
HR_Spinup,1358,9,labsea,a_ice,0.00000
HR_Spinup,1358,10,labsea,a_ice,0.00013
HR_Spinup,1358,11,labsea,a_ice,0.02492
HR_Spinup,1358,12,labsea,a_ice,0.21452
HR_Spinup,1358,1,interior,a_ice,0.07936
HR_Spinup,1358,2,interior,a_ice,0.15979
HR_Spinup,1358,3,interior,a_ice,0.18119
HR_Spinup,1358,4,interior,a_ice,0.09464
HR_Spinup,1358,5,interior,a_ice,0.03983
HR_Spinup,1358,6,interior,a_ice,0.01490
HR_Spinup,1358,7,interior,a_ice,0.00165
HR_Spinup,1358,8,interior,a_ice,0.00000
HR_Spinup,1358,9,interior,a_ice,0.00000
HR_Spinup,1358,10,interior,a_ice,0.00000
HR_Spinup,1358,11,interior,a_ice,0.00082
HR_Spinup,1358,12,interior,a_ice,0.04869
HR_Spinup,1358,1,labsea,MLD2,766.03338
HR_Spinup,1358,2,labsea,MLD2,907.81462
HR_Spinup,1358,3,labsea,MLD2,899.13154
HR_Spinup,1358,4,labsea,MLD2,862.49633
HR_Spinup,1358,5,labsea,MLD2,556.36186
HR_Spinup,1358,6,labsea,MLD2,45.71101
HR_Spinup,1358,7,labsea,MLD2,20.09709
HR_Spinup,1358,8,labsea,MLD2,19.92882
HR_Spinup,1358,9,labsea,MLD2,28.94353
HR_Spinup,1358,10,labsea,MLD2,37.94752
HR_Spinup,1358,11,labsea,MLD2,56.23167
HR_Spinup,1358,12,labsea,MLD2,363.30323
HR_Spinup,1358,1,interior,MLD2,2010.88529
HR_Spinup,1358,2,interior,MLD2,1948.04580
HR_Spinup,1358,3,interior,MLD2,1783.42667
HR_Spinup,1358,4,interior,MLD2,1867.00317
HR_Spinup,1358,5,interior,MLD2,1258.85240
HR_Spinup,1358,6,interior,MLD2,70.21805
HR_Spinup,1358,7,interior,MLD2,22.61856
HR_Spinup,1358,8,interior,MLD2,23.66266
HR_Spinup,1358,9,interior,MLD2,36.02858
HR_Spinup,1358,10,interior,MLD2,49.20854
HR_Spinup,1358,11,interior,MLD2,78.32523
HR_Spinup,1358,12,interior,MLD2,951.31872
HR_Spinup,1359,1,labsea,a_ice,0.43025
HR_Spinup,1359,2,labsea,a_ice,0.53589
HR_Spinup,1359,3,labsea,a_ice,0.54458
HR_Spinup,1359,4,labsea,a_ice,0.45793
HR_Spinup,1359,5,labsea,a_ice,0.21285
HR_Spinup,1359,6,labsea,a_ice,0.08560
HR_Spinup,1359,7,labsea,a_ice,0.02164
HR_Spinup,1359,8,labsea,a_ice,0.00062
HR_Spinup,1359,9,labsea,a_ice,0.00000
HR_Spinup,1359,10,labsea,a_ice,0.00111
HR_Spinup,1359,11,labsea,a_ice,0.04563
HR_Spinup,1359,12,labsea,a_ice,0.13007
HR_Spinup,1359,1,interior,a_ice,0.30752
HR_Spinup,1359,2,interior,a_ice,0.53582
HR_Spinup,1359,3,interior,a_ice,0.51713
HR_Spinup,1359,4,interior,a_ice,0.42631
HR_Spinup,1359,5,interior,a_ice,0.08132
HR_Spinup,1359,6,interior,a_ice,0.00373
HR_Spinup,1359,7,interior,a_ice,0.00061
HR_Spinup,1359,8,interior,a_ice,0.00000
HR_Spinup,1359,9,interior,a_ice,0.00000
HR_Spinup,1359,10,interior,a_ice,0.00000
HR_Spinup,1359,11,interior,a_ice,0.00048
HR_Spinup,1359,12,interior,a_ice,0.01068
HR_Spinup,1359,1,labsea,MLD2,720.77879
HR_Spinup,1359,2,labsea,MLD2,667.93553
HR_Spinup,1359,3,labsea,MLD2,763.63332
HR_Spinup,1359,4,labsea,MLD2,592.77529
HR_Spinup,1359,5,labsea,MLD2,215.11087
HR_Spinup,1359,6,labsea,MLD2,28.16856
HR_Spinup,1359,7,labsea,MLD2,23.83560
HR_Spinup,1359,8,labsea,MLD2,23.08169
HR_Spinup,1359,9,labsea,MLD2,27.80843
HR_Spinup,1359,10,labsea,MLD2,40.57572
HR_Spinup,1359,11,labsea,MLD2,65.35500
HR_Spinup,1359,12,labsea,MLD2,140.28346
HR_Spinup,1359,1,interior,MLD2,1516.08463
HR_Spinup,1359,2,interior,MLD2,885.38675
HR_Spinup,1359,3,interior,MLD2,767.67065
HR_Spinup,1359,4,interior,MLD2,407.66378
HR_Spinup,1359,5,interior,MLD2,167.33096
HR_Spinup,1359,6,interior,MLD2,33.67187
HR_Spinup,1359,7,interior,MLD2,29.69685
HR_Spinup,1359,8,interior,MLD2,27.78789
HR_Spinup,1359,9,interior,MLD2,33.06576
HR_Spinup,1359,10,interior,MLD2,47.20395
HR_Spinup,1359,11,interior,MLD2,59.60536
HR_Spinup,1359,12,interior,MLD2,123.30926
HR_Spinup,1360,1,labsea,a_ice,0.32712
HR_Spinup,1360,2,labsea,a_ice,0.43091
HR_Spinup,1360,3,labsea,a_ice,0.49445
HR_Spinup,1360,4,labsea,a_ice,0.40096
HR_Spinup,1360,5,labsea,a_ice,0.21851
HR_Spinup,1360,6,labsea,a_ice,0.03286
HR_Spinup,1360,7,labsea,a_ice,0.00010
HR_Spinup,1360,8,labsea,a_ice,0.00000
HR_Spinup,1360,9,labsea,a_ice,0.00000
HR_Spinup,1360,10,labsea,a_ice,0.00080
HR_Spinup,1360,11,labsea,a_ice,0.05009
HR_Spinup,1360,12,labsea,a_ice,0.19113
HR_Spinup,1360,1,interior,a_ice,0.12177
HR_Spinup,1360,2,interior,a_ice,0.27221
HR_Spinup,1360,3,interior,a_ice,0.42279
HR_Spinup,1360,4,interior,a_ice,0.27414
HR_Spinup,1360,5,interior,a_ice,0.15948
HR_Spinup,1360,6,interior,a_ice,0.01450
HR_Spinup,1360,7,interior,a_ice,0.00000
HR_Spinup,1360,8,interior,a_ice,0.00000
HR_Spinup,1360,9,interior,a_ice,0.00000
HR_Spinup,1360,10,interior,a_ice,0.00000
HR_Spinup,1360,11,interior,a_ice,0.00041
HR_Spinup,1360,12,interior,a_ice,0.05388
HR_Spinup,1360,1,labsea,MLD2,363.35530
HR_Spinup,1360,2,labsea,MLD2,495.04946
HR_Spinup,1360,3,labsea,MLD2,527.84792
HR_Spinup,1360,4,labsea,MLD2,458.72346
HR_Spinup,1360,5,labsea,MLD2,119.38407
HR_Spinup,1360,6,labsea,MLD2,21.49558
HR_Spinup,1360,7,labsea,MLD2,15.52528
HR_Spinup,1360,8,labsea,MLD2,17.39232
HR_Spinup,1360,9,labsea,MLD2,35.15389
HR_Spinup,1360,10,labsea,MLD2,45.57411
HR_Spinup,1360,11,labsea,MLD2,95.07389
HR_Spinup,1360,12,labsea,MLD2,237.93388
HR_Spinup,1360,1,interior,MLD2,687.26766
HR_Spinup,1360,2,interior,MLD2,1119.48194
HR_Spinup,1360,3,interior,MLD2,952.45105
HR_Spinup,1360,4,interior,MLD2,803.06446
HR_Spinup,1360,5,interior,MLD2,173.05501
HR_Spinup,1360,6,interior,MLD2,19.76523
HR_Spinup,1360,7,interior,MLD2,14.16389
HR_Spinup,1360,8,interior,MLD2,18.27027
HR_Spinup,1360,9,interior,MLD2,43.26458
HR_Spinup,1360,10,interior,MLD2,55.65446
HR_Spinup,1360,11,interior,MLD2,126.83302
HR_Spinup,1360,12,interior,MLD2,451.94506
HR_Spinup,1361,1,labsea,a_ice,0.35992
HR_Spinup,1361,2,labsea,a_ice,0.41883
HR_Spinup,1361,3,labsea,a_ice,0.43900
HR_Spinup,1361,4,labsea,a_ice,0.42618
HR_Spinup,1361,5,labsea,a_ice,0.25080
HR_Spinup,1361,6,labsea,a_ice,0.11745
HR_Spinup,1361,7,labsea,a_ice,0.01674
HR_Spinup,1361,8,labsea,a_ice,0.00000
HR_Spinup,1361,9,labsea,a_ice,0.00000
HR_Spinup,1361,10,labsea,a_ice,0.00018
HR_Spinup,1361,11,labsea,a_ice,0.05452
HR_Spinup,1361,12,labsea,a_ice,0.18578
HR_Spinup,1361,1,interior,a_ice,0.12158
HR_Spinup,1361,2,interior,a_ice,0.24150
HR_Spinup,1361,3,interior,a_ice,0.33120
HR_Spinup,1361,4,interior,a_ice,0.31236
HR_Spinup,1361,5,interior,a_ice,0.15922
HR_Spinup,1361,6,interior,a_ice,0.02320
HR_Spinup,1361,7,interior,a_ice,0.00028
HR_Spinup,1361,8,interior,a_ice,0.00000
HR_Spinup,1361,9,interior,a_ice,0.00000
HR_Spinup,1361,10,interior,a_ice,0.00000
HR_Spinup,1361,11,interior,a_ice,0.00029
HR_Spinup,1361,12,interior,a_ice,0.04291
HR_Spinup,1361,1,labsea,MLD2,703.33303
HR_Spinup,1361,2,labsea,MLD2,832.77228
HR_Spinup,1361,3,labsea,MLD2,722.61101
HR_Spinup,1361,4,labsea,MLD2,719.30125
HR_Spinup,1361,5,labsea,MLD2,514.71432
HR_Spinup,1361,6,labsea,MLD2,30.25153
HR_Spinup,1361,7,labsea,MLD2,16.50606
HR_Spinup,1361,8,labsea,MLD2,19.85073
HR_Spinup,1361,9,labsea,MLD2,27.61608
HR_Spinup,1361,10,labsea,MLD2,39.87975
HR_Spinup,1361,11,labsea,MLD2,80.58237
HR_Spinup,1361,12,labsea,MLD2,386.05535
HR_Spinup,1361,1,interior,MLD2,1672.76631
HR_Spinup,1361,2,interior,MLD2,1678.04931
HR_Spinup,1361,3,interior,MLD2,1191.72783
HR_Spinup,1361,4,interior,MLD2,1161.14273
HR_Spinup,1361,5,interior,MLD2,815.38156
HR_Spinup,1361,6,interior,MLD2,25.09527
HR_Spinup,1361,7,interior,MLD2,17.07209
HR_Spinup,1361,8,interior,MLD2,23.02219
HR_Spinup,1361,9,interior,MLD2,33.25747
HR_Spinup,1361,10,interior,MLD2,48.18980
HR_Spinup,1361,11,interior,MLD2,107.89271
HR_Spinup,1361,12,interior,MLD2,839.01925
HR_Spinup,1362,1,labsea,a_ice,0.37269
HR_Spinup,1362,2,labsea,a_ice,0.52108
HR_Spinup,1362,3,labsea,a_ice,0.53637
HR_Spinup,1362,4,labsea,a_ice,0.43050
HR_Spinup,1362,5,labsea,a_ice,0.25006
HR_Spinup,1362,6,labsea,a_ice,0.08289
HR_Spinup,1362,7,labsea,a_ice,0.01394
HR_Spinup,1362,8,labsea,a_ice,0.00003
HR_Spinup,1362,9,labsea,a_ice,0.00000
HR_Spinup,1362,10,labsea,a_ice,0.00001
HR_Spinup,1362,11,labsea,a_ice,0.01364
HR_Spinup,1362,12,labsea,a_ice,0.11076
HR_Spinup,1362,1,interior,a_ice,0.17444
HR_Spinup,1362,2,interior,a_ice,0.47281
HR_Spinup,1362,3,interior,a_ice,0.56590
HR_Spinup,1362,4,interior,a_ice,0.40239
HR_Spinup,1362,5,interior,a_ice,0.14010
HR_Spinup,1362,6,interior,a_ice,0.01841
HR_Spinup,1362,7,interior,a_ice,0.00019
HR_Spinup,1362,8,interior,a_ice,0.00000
HR_Spinup,1362,9,interior,a_ice,0.00000
HR_Spinup,1362,10,interior,a_ice,0.00000
HR_Spinup,1362,11,interior,a_ice,0.00005
HR_Spinup,1362,12,interior,a_ice,0.01714
HR_Spinup,1362,1,labsea,MLD2,947.42422
HR_Spinup,1362,2,labsea,MLD2,825.92744
HR_Spinup,1362,3,labsea,MLD2,713.46651
HR_Spinup,1362,4,labsea,MLD2,583.41132
HR_Spinup,1362,5,labsea,MLD2,276.05747
HR_Spinup,1362,6,labsea,MLD2,25.46307
HR_Spinup,1362,7,labsea,MLD2,20.76567
HR_Spinup,1362,8,labsea,MLD2,21.12744
HR_Spinup,1362,9,labsea,MLD2,23.48484
HR_Spinup,1362,10,labsea,MLD2,39.28920
HR_Spinup,1362,11,labsea,MLD2,85.40546
HR_Spinup,1362,12,labsea,MLD2,305.70560
HR_Spinup,1362,1,interior,MLD2,2035.29843
HR_Spinup,1362,2,interior,MLD2,1303.06161
HR_Spinup,1362,3,interior,MLD2,735.23576
HR_Spinup,1362,4,interior,MLD2,439.36474
HR_Spinup,1362,5,interior,MLD2,148.58340
HR_Spinup,1362,6,interior,MLD2,30.03096
HR_Spinup,1362,7,interior,MLD2,25.44477
HR_Spinup,1362,8,interior,MLD2,24.06098
HR_Spinup,1362,9,interior,MLD2,26.51567
HR_Spinup,1362,10,interior,MLD2,43.03264
HR_Spinup,1362,11,interior,MLD2,95.50082
HR_Spinup,1362,12,interior,MLD2,590.64060
HR_Spinup,1363,1,labsea,a_ice,0.24602
HR_Spinup,1363,2,labsea,a_ice,0.35881
HR_Spinup,1363,3,labsea,a_ice,0.32257
HR_Spinup,1363,4,labsea,a_ice,0.24868
HR_Spinup,1363,5,labsea,a_ice,0.18123
HR_Spinup,1363,6,labsea,a_ice,0.06508
HR_Spinup,1363,7,labsea,a_ice,0.01593
HR_Spinup,1363,8,labsea,a_ice,0.00125
HR_Spinup,1363,9,labsea,a_ice,0.00000
HR_Spinup,1363,10,labsea,a_ice,0.00000
HR_Spinup,1363,11,labsea,a_ice,0.03530
HR_Spinup,1363,12,labsea,a_ice,0.14346
HR_Spinup,1363,1,interior,a_ice,0.06709
HR_Spinup,1363,2,interior,a_ice,0.20390
HR_Spinup,1363,3,interior,a_ice,0.12389
HR_Spinup,1363,4,interior,a_ice,0.05578
HR_Spinup,1363,5,interior,a_ice,0.07763
HR_Spinup,1363,6,interior,a_ice,0.00806
HR_Spinup,1363,7,interior,a_ice,0.00000
HR_Spinup,1363,8,interior,a_ice,0.00000
HR_Spinup,1363,9,interior,a_ice,0.00000
HR_Spinup,1363,10,interior,a_ice,0.00000
HR_Spinup,1363,11,interior,a_ice,0.00000
HR_Spinup,1363,12,interior,a_ice,0.01629
HR_Spinup,1363,1,labsea,MLD2,832.47838
HR_Spinup,1363,2,labsea,MLD2,898.40406
HR_Spinup,1363,3,labsea,MLD2,978.61608
HR_Spinup,1363,4,labsea,MLD2,835.71920
HR_Spinup,1363,5,labsea,MLD2,477.69399
HR_Spinup,1363,6,labsea,MLD2,25.05496
HR_Spinup,1363,7,labsea,MLD2,21.05076
HR_Spinup,1363,8,labsea,MLD2,20.23914
HR_Spinup,1363,9,labsea,MLD2,22.43915
HR_Spinup,1363,10,labsea,MLD2,39.70903
HR_Spinup,1363,11,labsea,MLD2,71.63474
HR_Spinup,1363,12,labsea,MLD2,240.23602
HR_Spinup,1363,1,interior,MLD2,1771.68954
HR_Spinup,1363,2,interior,MLD2,1623.95395
HR_Spinup,1363,3,interior,MLD2,1859.57682
HR_Spinup,1363,4,interior,MLD2,1838.87067
HR_Spinup,1363,5,interior,MLD2,1097.17998
HR_Spinup,1363,6,interior,MLD2,30.76890
HR_Spinup,1363,7,interior,MLD2,22.41060
HR_Spinup,1363,8,interior,MLD2,21.65807
HR_Spinup,1363,9,interior,MLD2,27.10353
HR_Spinup,1363,10,interior,MLD2,47.33848
HR_Spinup,1363,11,interior,MLD2,95.97211
HR_Spinup,1363,12,interior,MLD2,521.07495
HR_Spinup,1364,1,labsea,a_ice,0.29305
HR_Spinup,1364,2,labsea,a_ice,0.38636
HR_Spinup,1364,3,labsea,a_ice,0.31993
HR_Spinup,1364,4,labsea,a_ice,0.28648
HR_Spinup,1364,5,labsea,a_ice,0.20964
HR_Spinup,1364,6,labsea,a_ice,0.10742
HR_Spinup,1364,7,labsea,a_ice,0.01671
HR_Spinup,1364,8,labsea,a_ice,0.00020
HR_Spinup,1364,9,labsea,a_ice,0.00000
HR_Spinup,1364,10,labsea,a_ice,0.00002
HR_Spinup,1364,11,labsea,a_ice,0.00222
HR_Spinup,1364,12,labsea,a_ice,0.08020
HR_Spinup,1364,1,interior,a_ice,0.14110
HR_Spinup,1364,2,interior,a_ice,0.14892
HR_Spinup,1364,3,interior,a_ice,0.09574
HR_Spinup,1364,4,interior,a_ice,0.05906
HR_Spinup,1364,5,interior,a_ice,0.04911
HR_Spinup,1364,6,interior,a_ice,0.00838
HR_Spinup,1364,7,interior,a_ice,0.00125
HR_Spinup,1364,8,interior,a_ice,0.00000
HR_Spinup,1364,9,interior,a_ice,0.00000
HR_Spinup,1364,10,interior,a_ice,0.00000
HR_Spinup,1364,11,interior,a_ice,0.00000
HR_Spinup,1364,12,interior,a_ice,0.00369
HR_Spinup,1364,1,labsea,MLD2,595.88715
HR_Spinup,1364,2,labsea,MLD2,991.63494
HR_Spinup,1364,3,labsea,MLD2,988.56350
HR_Spinup,1364,4,labsea,MLD2,890.42230
HR_Spinup,1364,5,labsea,MLD2,275.58502
HR_Spinup,1364,6,labsea,MLD2,23.68235
HR_Spinup,1364,7,labsea,MLD2,19.35714
HR_Spinup,1364,8,labsea,MLD2,16.96479
HR_Spinup,1364,9,labsea,MLD2,26.57672
HR_Spinup,1364,10,labsea,MLD2,40.38614
HR_Spinup,1364,11,labsea,MLD2,56.26210
HR_Spinup,1364,12,labsea,MLD2,104.94042
HR_Spinup,1364,1,interior,MLD2,1307.17538
HR_Spinup,1364,2,interior,MLD2,2015.94757
HR_Spinup,1364,3,interior,MLD2,2232.18362
HR_Spinup,1364,4,interior,MLD2,2064.85520
HR_Spinup,1364,5,interior,MLD2,691.66022
HR_Spinup,1364,6,interior,MLD2,29.44849
HR_Spinup,1364,7,interior,MLD2,21.90168
HR_Spinup,1364,8,interior,MLD2,17.99756
HR_Spinup,1364,9,interior,MLD2,30.84526
HR_Spinup,1364,10,interior,MLD2,48.15022
HR_Spinup,1364,11,interior,MLD2,69.75661
HR_Spinup,1364,12,interior,MLD2,137.10570
HR_Spinup,1365,1,labsea,a_ice,0.20393
HR_Spinup,1365,2,labsea,a_ice,0.31411
HR_Spinup,1365,3,labsea,a_ice,0.30362
HR_Spinup,1365,4,labsea,a_ice,0.32041
HR_Spinup,1365,5,labsea,a_ice,0.20560
HR_Spinup,1365,6,labsea,a_ice,0.04376
HR_Spinup,1365,7,labsea,a_ice,0.00087
HR_Spinup,1365,8,labsea,a_ice,0.00000
HR_Spinup,1365,9,labsea,a_ice,0.00000
HR_Spinup,1365,10,labsea,a_ice,0.00000
HR_Spinup,1365,11,labsea,a_ice,0.00079
HR_Spinup,1365,12,labsea,a_ice,0.06008
HR_Spinup,1365,1,interior,a_ice,0.03160
HR_Spinup,1365,2,interior,a_ice,0.10040
HR_Spinup,1365,3,interior,a_ice,0.12964
HR_Spinup,1365,4,interior,a_ice,0.12641
HR_Spinup,1365,5,interior,a_ice,0.08145
HR_Spinup,1365,6,interior,a_ice,0.01409
HR_Spinup,1365,7,interior,a_ice,0.00000
HR_Spinup,1365,8,interior,a_ice,0.00000
HR_Spinup,1365,9,interior,a_ice,0.00000
HR_Spinup,1365,10,interior,a_ice,0.00000
HR_Spinup,1365,11,interior,a_ice,0.00000
HR_Spinup,1365,12,interior,a_ice,0.00330
HR_Spinup,1365,1,labsea,MLD2,487.31257
HR_Spinup,1365,2,labsea,MLD2,1013.37685
HR_Spinup,1365,3,labsea,MLD2,956.01862
HR_Spinup,1365,4,labsea,MLD2,1029.81380
HR_Spinup,1365,5,labsea,MLD2,650.04663
HR_Spinup,1365,6,labsea,MLD2,32.78620
HR_Spinup,1365,7,labsea,MLD2,21.72636
HR_Spinup,1365,8,labsea,MLD2,21.30286
HR_Spinup,1365,9,labsea,MLD2,27.16787
HR_Spinup,1365,10,labsea,MLD2,38.23626
HR_Spinup,1365,11,labsea,MLD2,67.09408
HR_Spinup,1365,12,labsea,MLD2,129.89114
HR_Spinup,1365,1,interior,MLD2,1085.40280
HR_Spinup,1365,2,interior,MLD2,1932.67673
HR_Spinup,1365,3,interior,MLD2,1574.45903
HR_Spinup,1365,4,interior,MLD2,1618.00077
HR_Spinup,1365,5,interior,MLD2,1178.88424
HR_Spinup,1365,6,interior,MLD2,45.22250
HR_Spinup,1365,7,interior,MLD2,26.68582
HR_Spinup,1365,8,interior,MLD2,25.18413
HR_Spinup,1365,9,interior,MLD2,30.92424
HR_Spinup,1365,10,interior,MLD2,44.32014
HR_Spinup,1365,11,interior,MLD2,76.73417
HR_Spinup,1365,12,interior,MLD2,185.19758
HR_Spinup,1366,1,labsea,a_ice,0.18433
HR_Spinup,1366,2,labsea,a_ice,0.26803
HR_Spinup,1366,3,labsea,a_ice,0.34553
HR_Spinup,1366,4,labsea,a_ice,0.35878
HR_Spinup,1366,5,labsea,a_ice,0.25775
HR_Spinup,1366,6,labsea,a_ice,0.06169
HR_Spinup,1366,7,labsea,a_ice,0.00067
HR_Spinup,1366,8,labsea,a_ice,0.00000
HR_Spinup,1366,9,labsea,a_ice,0.00000
HR_Spinup,1366,10,labsea,a_ice,0.00000
HR_Spinup,1366,11,labsea,a_ice,0.01083
HR_Spinup,1366,12,labsea,a_ice,0.08848
HR_Spinup,1366,1,interior,a_ice,0.03038
HR_Spinup,1366,2,interior,a_ice,0.03453
HR_Spinup,1366,3,interior,a_ice,0.16914
HR_Spinup,1366,4,interior,a_ice,0.16420
HR_Spinup,1366,5,interior,a_ice,0.10407
HR_Spinup,1366,6,interior,a_ice,0.01621
HR_Spinup,1366,7,interior,a_ice,0.00000
HR_Spinup,1366,8,interior,a_ice,0.00000
HR_Spinup,1366,9,interior,a_ice,0.00000
HR_Spinup,1366,10,interior,a_ice,0.00000
HR_Spinup,1366,11,interior,a_ice,0.00001
HR_Spinup,1366,12,interior,a_ice,0.01272
HR_Spinup,1366,1,labsea,MLD2,587.02714
HR_Spinup,1366,2,labsea,MLD2,1161.13223
HR_Spinup,1366,3,labsea,MLD2,1067.67554
HR_Spinup,1366,4,labsea,MLD2,937.59169
HR_Spinup,1366,5,labsea,MLD2,555.47046
HR_Spinup,1366,6,labsea,MLD2,24.49274
HR_Spinup,1366,7,labsea,MLD2,18.85925
HR_Spinup,1366,8,labsea,MLD2,18.34770
HR_Spinup,1366,9,labsea,MLD2,29.79259
HR_Spinup,1366,10,labsea,MLD2,40.11076
HR_Spinup,1366,11,labsea,MLD2,75.19555
HR_Spinup,1366,12,labsea,MLD2,172.37274
HR_Spinup,1366,1,interior,MLD2,1406.70969
HR_Spinup,1366,2,interior,MLD2,2378.79722
HR_Spinup,1366,3,interior,MLD2,1835.07997
HR_Spinup,1366,4,interior,MLD2,1536.80389
HR_Spinup,1366,5,interior,MLD2,942.99069
HR_Spinup,1366,6,interior,MLD2,27.96363
HR_Spinup,1366,7,interior,MLD2,22.21017
HR_Spinup,1366,8,interior,MLD2,20.95816
HR_Spinup,1366,9,interior,MLD2,35.92023
HR_Spinup,1366,10,interior,MLD2,47.07009
HR_Spinup,1366,11,interior,MLD2,101.17172
HR_Spinup,1366,12,interior,MLD2,308.61056
HR_Spinup,1367,1,labsea,a_ice,0.24485
HR_Spinup,1367,2,labsea,a_ice,0.34834
HR_Spinup,1367,3,labsea,a_ice,0.40974
HR_Spinup,1367,4,labsea,a_ice,0.30680
HR_Spinup,1367,5,labsea,a_ice,0.17569
HR_Spinup,1367,6,labsea,a_ice,0.06309
HR_Spinup,1367,7,labsea,a_ice,0.00689
HR_Spinup,1367,8,labsea,a_ice,0.00000
HR_Spinup,1367,9,labsea,a_ice,0.00000
HR_Spinup,1367,10,labsea,a_ice,0.00002
HR_Spinup,1367,11,labsea,a_ice,0.03961
HR_Spinup,1367,12,labsea,a_ice,0.10771
HR_Spinup,1367,1,interior,a_ice,0.06326
HR_Spinup,1367,2,interior,a_ice,0.15180
HR_Spinup,1367,3,interior,a_ice,0.24770
HR_Spinup,1367,4,interior,a_ice,0.13797
HR_Spinup,1367,5,interior,a_ice,0.06953
HR_Spinup,1367,6,interior,a_ice,0.00824
HR_Spinup,1367,7,interior,a_ice,0.00000
HR_Spinup,1367,8,interior,a_ice,0.00000
HR_Spinup,1367,9,interior,a_ice,0.00000
HR_Spinup,1367,10,interior,a_ice,0.00000
HR_Spinup,1367,11,interior,a_ice,0.00001
HR_Spinup,1367,12,interior,a_ice,0.01312
HR_Spinup,1367,1,labsea,MLD2,834.26695
HR_Spinup,1367,2,labsea,MLD2,1072.05067
HR_Spinup,1367,3,labsea,MLD2,1048.82609
HR_Spinup,1367,4,labsea,MLD2,940.78198
HR_Spinup,1367,5,labsea,MLD2,752.92746
HR_Spinup,1367,6,labsea,MLD2,29.12141
HR_Spinup,1367,7,labsea,MLD2,19.77686
HR_Spinup,1367,8,labsea,MLD2,18.97156
HR_Spinup,1367,9,labsea,MLD2,27.84321
HR_Spinup,1367,10,labsea,MLD2,39.37673
HR_Spinup,1367,11,labsea,MLD2,70.17713
HR_Spinup,1367,12,labsea,MLD2,162.16029
HR_Spinup,1367,1,interior,MLD2,1796.93731
HR_Spinup,1367,2,interior,MLD2,1943.12455
HR_Spinup,1367,3,interior,MLD2,1721.62312
HR_Spinup,1367,4,interior,MLD2,1669.41790
HR_Spinup,1367,5,interior,MLD2,1328.79519
HR_Spinup,1367,6,interior,MLD2,32.11865
HR_Spinup,1367,7,interior,MLD2,22.34458
HR_Spinup,1367,8,interior,MLD2,21.71135
HR_Spinup,1367,9,interior,MLD2,33.48188
HR_Spinup,1367,10,interior,MLD2,46.16614
HR_Spinup,1367,11,interior,MLD2,73.84161
HR_Spinup,1367,12,interior,MLD2,160.55803
HR_Spinup,1368,1,labsea,a_ice,0.19702
HR_Spinup,1368,2,labsea,a_ice,0.21586
HR_Spinup,1368,3,labsea,a_ice,0.27090
HR_Spinup,1368,4,labsea,a_ice,0.22931
HR_Spinup,1368,5,labsea,a_ice,0.15589
HR_Spinup,1368,6,labsea,a_ice,0.10922
HR_Spinup,1368,7,labsea,a_ice,0.01811
HR_Spinup,1368,8,labsea,a_ice,0.00000
HR_Spinup,1368,9,labsea,a_ice,0.00000
HR_Spinup,1368,10,labsea,a_ice,0.00000
HR_Spinup,1368,11,labsea,a_ice,0.00590
HR_Spinup,1368,12,labsea,a_ice,0.11010
HR_Spinup,1368,1,interior,a_ice,0.02661
HR_Spinup,1368,2,interior,a_ice,0.04296
HR_Spinup,1368,3,interior,a_ice,0.09786
HR_Spinup,1368,4,interior,a_ice,0.04535
HR_Spinup,1368,5,interior,a_ice,0.03557
HR_Spinup,1368,6,interior,a_ice,0.01552
HR_Spinup,1368,7,interior,a_ice,0.00063
HR_Spinup,1368,8,interior,a_ice,0.00000
HR_Spinup,1368,9,interior,a_ice,0.00000
HR_Spinup,1368,10,interior,a_ice,0.00000
HR_Spinup,1368,11,interior,a_ice,0.00022
HR_Spinup,1368,12,interior,a_ice,0.00411
HR_Spinup,1368,1,labsea,MLD2,636.46359
HR_Spinup,1368,2,labsea,MLD2,971.96755
HR_Spinup,1368,3,labsea,MLD2,972.35621
HR_Spinup,1368,4,labsea,MLD2,988.66935
HR_Spinup,1368,5,labsea,MLD2,740.60190
HR_Spinup,1368,6,labsea,MLD2,63.74526
HR_Spinup,1368,7,labsea,MLD2,19.00344
HR_Spinup,1368,8,labsea,MLD2,22.20545
HR_Spinup,1368,9,labsea,MLD2,29.72921
HR_Spinup,1368,10,labsea,MLD2,41.70615
HR_Spinup,1368,11,labsea,MLD2,61.96424
HR_Spinup,1368,12,labsea,MLD2,120.39518
HR_Spinup,1368,1,interior,MLD2,1156.64039
HR_Spinup,1368,2,interior,MLD2,2216.30066
HR_Spinup,1368,3,interior,MLD2,2168.96259
HR_Spinup,1368,4,interior,MLD2,2275.12293
HR_Spinup,1368,5,interior,MLD2,1701.20978
HR_Spinup,1368,6,interior,MLD2,109.96444
HR_Spinup,1368,7,interior,MLD2,22.02990
HR_Spinup,1368,8,interior,MLD2,24.40088
HR_Spinup,1368,9,interior,MLD2,31.92551
HR_Spinup,1368,10,interior,MLD2,45.88457
HR_Spinup,1368,11,interior,MLD2,76.26751
HR_Spinup,1368,12,interior,MLD2,179.93967
HR_Spinup,1369,1,labsea,a_ice,0.17740
HR_Spinup,1369,2,labsea,a_ice,0.22611
HR_Spinup,1369,3,labsea,a_ice,0.24767
HR_Spinup,1369,4,labsea,a_ice,0.25062
HR_Spinup,1369,5,labsea,a_ice,0.17956
HR_Spinup,1369,6,labsea,a_ice,0.09158
HR_Spinup,1369,7,labsea,a_ice,0.01664
HR_Spinup,1369,8,labsea,a_ice,0.00010
HR_Spinup,1369,9,labsea,a_ice,0.00000
HR_Spinup,1369,10,labsea,a_ice,0.00000
HR_Spinup,1369,11,labsea,a_ice,0.02669
HR_Spinup,1369,12,labsea,a_ice,0.12888
HR_Spinup,1369,1,interior,a_ice,0.02782
HR_Spinup,1369,2,interior,a_ice,0.04245
HR_Spinup,1369,3,interior,a_ice,0.04568
HR_Spinup,1369,4,interior,a_ice,0.06185
HR_Spinup,1369,5,interior,a_ice,0.01884
HR_Spinup,1369,6,interior,a_ice,0.01210
HR_Spinup,1369,7,interior,a_ice,0.00000
HR_Spinup,1369,8,interior,a_ice,0.00000
HR_Spinup,1369,9,interior,a_ice,0.00000
HR_Spinup,1369,10,interior,a_ice,0.00000
HR_Spinup,1369,11,interior,a_ice,0.00005
HR_Spinup,1369,12,interior,a_ice,0.01171
HR_Spinup,1369,1,labsea,MLD2,503.76513
HR_Spinup,1369,2,labsea,MLD2,977.40319
HR_Spinup,1369,3,labsea,MLD2,1143.95560
HR_Spinup,1369,4,labsea,MLD2,1132.92007
HR_Spinup,1369,5,labsea,MLD2,459.89667
HR_Spinup,1369,6,labsea,MLD2,52.05057
HR_Spinup,1369,7,labsea,MLD2,27.94103
HR_Spinup,1369,8,labsea,MLD2,24.00605
HR_Spinup,1369,9,labsea,MLD2,28.75306
HR_Spinup,1369,10,labsea,MLD2,45.65493
HR_Spinup,1369,11,labsea,MLD2,79.21993
HR_Spinup,1369,12,labsea,MLD2,193.31983
HR_Spinup,1369,1,interior,MLD2,1106.72414
HR_Spinup,1369,2,interior,MLD2,2058.38006
HR_Spinup,1369,3,interior,MLD2,2291.99021
HR_Spinup,1369,4,interior,MLD2,2218.09955
HR_Spinup,1369,5,interior,MLD2,1190.02646
HR_Spinup,1369,6,interior,MLD2,83.41542
HR_Spinup,1369,7,interior,MLD2,33.84866
HR_Spinup,1369,8,interior,MLD2,25.97845
HR_Spinup,1369,9,interior,MLD2,31.53212
HR_Spinup,1369,10,interior,MLD2,49.57045
HR_Spinup,1369,11,interior,MLD2,97.83288
HR_Spinup,1369,12,interior,MLD2,345.83072
HR_Spinup,1370,1,labsea,a_ice,0.20450
HR_Spinup,1370,2,labsea,a_ice,0.23583
HR_Spinup,1370,3,labsea,a_ice,0.28890
HR_Spinup,1370,4,labsea,a_ice,0.26244
HR_Spinup,1370,5,labsea,a_ice,0.18035
HR_Spinup,1370,6,labsea,a_ice,0.08530
HR_Spinup,1370,7,labsea,a_ice,0.01106
HR_Spinup,1370,8,labsea,a_ice,0.00048
HR_Spinup,1370,9,labsea,a_ice,0.00000
HR_Spinup,1370,10,labsea,a_ice,0.00000
HR_Spinup,1370,11,labsea,a_ice,0.00781
HR_Spinup,1370,12,labsea,a_ice,0.06586
HR_Spinup,1370,1,interior,a_ice,0.04557
HR_Spinup,1370,2,interior,a_ice,0.05923
HR_Spinup,1370,3,interior,a_ice,0.09213
HR_Spinup,1370,4,interior,a_ice,0.10640
HR_Spinup,1370,5,interior,a_ice,0.05417
HR_Spinup,1370,6,interior,a_ice,0.03086
HR_Spinup,1370,7,interior,a_ice,0.00016
HR_Spinup,1370,8,interior,a_ice,0.00000
HR_Spinup,1370,9,interior,a_ice,0.00000
HR_Spinup,1370,10,interior,a_ice,0.00000
HR_Spinup,1370,11,interior,a_ice,0.00000
HR_Spinup,1370,12,interior,a_ice,0.00057
HR_Spinup,1370,1,labsea,MLD2,919.27756
HR_Spinup,1370,2,labsea,MLD2,1339.73999
HR_Spinup,1370,3,labsea,MLD2,1284.63319
HR_Spinup,1370,4,labsea,MLD2,1045.06037
HR_Spinup,1370,5,labsea,MLD2,448.80462
HR_Spinup,1370,6,labsea,MLD2,39.05822
HR_Spinup,1370,7,labsea,MLD2,22.50565
HR_Spinup,1370,8,labsea,MLD2,23.89127
HR_Spinup,1370,9,labsea,MLD2,32.58754
HR_Spinup,1370,10,labsea,MLD2,37.96008
HR_Spinup,1370,11,labsea,MLD2,53.32539
HR_Spinup,1370,12,labsea,MLD2,100.91045
HR_Spinup,1370,1,interior,MLD2,2053.57748
HR_Spinup,1370,2,interior,MLD2,2361.28922
HR_Spinup,1370,3,interior,MLD2,1892.93264
HR_Spinup,1370,4,interior,MLD2,1336.45531
HR_Spinup,1370,5,interior,MLD2,788.28149
HR_Spinup,1370,6,interior,MLD2,63.86658
HR_Spinup,1370,7,interior,MLD2,28.17331
HR_Spinup,1370,8,interior,MLD2,29.44416
HR_Spinup,1370,9,interior,MLD2,39.54263
HR_Spinup,1370,10,interior,MLD2,45.90592
HR_Spinup,1370,11,interior,MLD2,69.17654
HR_Spinup,1370,12,interior,MLD2,129.14485
HR_Spinup,1371,1,labsea,a_ice,0.15105
HR_Spinup,1371,2,labsea,a_ice,0.22445
HR_Spinup,1371,3,labsea,a_ice,0.26455
HR_Spinup,1371,4,labsea,a_ice,0.25215
HR_Spinup,1371,5,labsea,a_ice,0.20064
HR_Spinup,1371,6,labsea,a_ice,0.09376
HR_Spinup,1371,7,labsea,a_ice,0.01564
HR_Spinup,1371,8,labsea,a_ice,0.00000
HR_Spinup,1371,9,labsea,a_ice,0.00000
HR_Spinup,1371,10,labsea,a_ice,0.00000
HR_Spinup,1371,11,labsea,a_ice,0.00487
HR_Spinup,1371,12,labsea,a_ice,0.08784
HR_Spinup,1371,1,interior,a_ice,0.00514
HR_Spinup,1371,2,interior,a_ice,0.02728
HR_Spinup,1371,3,interior,a_ice,0.06723
HR_Spinup,1371,4,interior,a_ice,0.08238
HR_Spinup,1371,5,interior,a_ice,0.04081
HR_Spinup,1371,6,interior,a_ice,0.01569
HR_Spinup,1371,7,interior,a_ice,0.00015
HR_Spinup,1371,8,interior,a_ice,0.00000
HR_Spinup,1371,9,interior,a_ice,0.00000
HR_Spinup,1371,10,interior,a_ice,0.00000
HR_Spinup,1371,11,interior,a_ice,0.00000
HR_Spinup,1371,12,interior,a_ice,0.00747
HR_Spinup,1371,1,labsea,MLD2,223.71693
HR_Spinup,1371,2,labsea,MLD2,1148.31345
HR_Spinup,1371,3,labsea,MLD2,1187.40061
HR_Spinup,1371,4,labsea,MLD2,1067.88076
HR_Spinup,1371,5,labsea,MLD2,707.67696
HR_Spinup,1371,6,labsea,MLD2,40.70976
HR_Spinup,1371,7,labsea,MLD2,23.61960
HR_Spinup,1371,8,labsea,MLD2,20.06015
HR_Spinup,1371,9,labsea,MLD2,31.88680
HR_Spinup,1371,10,labsea,MLD2,46.84308
HR_Spinup,1371,11,labsea,MLD2,70.30286
HR_Spinup,1371,12,labsea,MLD2,159.88498
HR_Spinup,1371,1,interior,MLD2,391.94989
HR_Spinup,1371,2,interior,MLD2,2353.82006
HR_Spinup,1371,3,interior,MLD2,2047.59384
HR_Spinup,1371,4,interior,MLD2,1614.09256
HR_Spinup,1371,5,interior,MLD2,1305.98863
HR_Spinup,1371,6,interior,MLD2,55.82532
HR_Spinup,1371,7,interior,MLD2,27.22250
HR_Spinup,1371,8,interior,MLD2,21.38940
HR_Spinup,1371,9,interior,MLD2,36.82654
HR_Spinup,1371,10,interior,MLD2,54.97822
HR_Spinup,1371,11,interior,MLD2,87.39654
HR_Spinup,1371,12,interior,MLD2,239.24570
HR_Spinup,1372,1,labsea,a_ice,0.17951
HR_Spinup,1372,2,labsea,a_ice,0.21480
HR_Spinup,1372,3,labsea,a_ice,0.24763
HR_Spinup,1372,4,labsea,a_ice,0.21939
HR_Spinup,1372,5,labsea,a_ice,0.14588
HR_Spinup,1372,6,labsea,a_ice,0.04678
HR_Spinup,1372,7,labsea,a_ice,0.00467
HR_Spinup,1372,8,labsea,a_ice,0.00000
HR_Spinup,1372,9,labsea,a_ice,0.00000
HR_Spinup,1372,10,labsea,a_ice,0.00000
HR_Spinup,1372,11,labsea,a_ice,0.01179
HR_Spinup,1372,12,labsea,a_ice,0.08648
HR_Spinup,1372,1,interior,a_ice,0.02596
HR_Spinup,1372,2,interior,a_ice,0.04967
HR_Spinup,1372,3,interior,a_ice,0.06452
HR_Spinup,1372,4,interior,a_ice,0.04854
HR_Spinup,1372,5,interior,a_ice,0.03683
HR_Spinup,1372,6,interior,a_ice,0.01685
HR_Spinup,1372,7,interior,a_ice,0.00006
HR_Spinup,1372,8,interior,a_ice,0.00000
HR_Spinup,1372,9,interior,a_ice,0.00000
HR_Spinup,1372,10,interior,a_ice,0.00000
HR_Spinup,1372,11,interior,a_ice,0.00000
HR_Spinup,1372,12,interior,a_ice,0.00717
HR_Spinup,1372,1,labsea,MLD2,683.70049
HR_Spinup,1372,2,labsea,MLD2,1324.66576
HR_Spinup,1372,3,labsea,MLD2,1473.29922
HR_Spinup,1372,4,labsea,MLD2,1265.12955
HR_Spinup,1372,5,labsea,MLD2,567.04902
HR_Spinup,1372,6,labsea,MLD2,38.50781
HR_Spinup,1372,7,labsea,MLD2,24.77999
HR_Spinup,1372,8,labsea,MLD2,17.83121
HR_Spinup,1372,9,labsea,MLD2,31.47847
HR_Spinup,1372,10,labsea,MLD2,47.41447
HR_Spinup,1372,11,labsea,MLD2,64.38125
HR_Spinup,1372,12,labsea,MLD2,138.94417
HR_Spinup,1372,1,interior,MLD2,1531.45438
HR_Spinup,1372,2,interior,MLD2,2413.15449
HR_Spinup,1372,3,interior,MLD2,2375.38142
HR_Spinup,1372,4,interior,MLD2,1988.41351
HR_Spinup,1372,5,interior,MLD2,1063.31344
HR_Spinup,1372,6,interior,MLD2,46.20515
HR_Spinup,1372,7,interior,MLD2,28.38630
HR_Spinup,1372,8,interior,MLD2,19.06110
HR_Spinup,1372,9,interior,MLD2,35.05799
HR_Spinup,1372,10,interior,MLD2,55.32037
HR_Spinup,1372,11,interior,MLD2,71.22090
HR_Spinup,1372,12,interior,MLD2,203.58240
HR_Spinup,1373,1,labsea,a_ice,0.17409
HR_Spinup,1373,2,labsea,a_ice,0.21424
HR_Spinup,1373,3,labsea,a_ice,0.20186
HR_Spinup,1373,4,labsea,a_ice,0.18308
HR_Spinup,1373,5,labsea,a_ice,0.13918
HR_Spinup,1373,6,labsea,a_ice,0.07102
HR_Spinup,1373,7,labsea,a_ice,0.00716
HR_Spinup,1373,8,labsea,a_ice,0.00001
HR_Spinup,1373,9,labsea,a_ice,0.00000
HR_Spinup,1373,10,labsea,a_ice,0.00000
HR_Spinup,1373,11,labsea,a_ice,0.01215
HR_Spinup,1373,12,labsea,a_ice,0.07878
HR_Spinup,1373,1,interior,a_ice,0.02556
HR_Spinup,1373,2,interior,a_ice,0.03692
HR_Spinup,1373,3,interior,a_ice,0.03985
HR_Spinup,1373,4,interior,a_ice,0.02247
HR_Spinup,1373,5,interior,a_ice,0.01466
HR_Spinup,1373,6,interior,a_ice,0.00216
HR_Spinup,1373,7,interior,a_ice,0.00000
HR_Spinup,1373,8,interior,a_ice,0.00000
HR_Spinup,1373,9,interior,a_ice,0.00000
HR_Spinup,1373,10,interior,a_ice,0.00000
HR_Spinup,1373,11,interior,a_ice,0.00000
HR_Spinup,1373,12,interior,a_ice,0.00049
HR_Spinup,1373,1,labsea,MLD2,750.68318
HR_Spinup,1373,2,labsea,MLD2,1348.22346
HR_Spinup,1373,3,labsea,MLD2,1309.84955
HR_Spinup,1373,4,labsea,MLD2,1097.54394
HR_Spinup,1373,5,labsea,MLD2,518.70439
HR_Spinup,1373,6,labsea,MLD2,38.37544
HR_Spinup,1373,7,labsea,MLD2,21.59749
HR_Spinup,1373,8,labsea,MLD2,22.50246
HR_Spinup,1373,9,labsea,MLD2,26.88965
HR_Spinup,1373,10,labsea,MLD2,39.87765
HR_Spinup,1373,11,labsea,MLD2,79.47696
HR_Spinup,1373,12,labsea,MLD2,143.91596
HR_Spinup,1373,1,interior,MLD2,1548.06992
HR_Spinup,1373,2,interior,MLD2,2564.72803
HR_Spinup,1373,3,interior,MLD2,2504.25967
HR_Spinup,1373,4,interior,MLD2,2361.28132
HR_Spinup,1373,5,interior,MLD2,1246.09654
HR_Spinup,1373,6,interior,MLD2,49.72837
HR_Spinup,1373,7,interior,MLD2,24.40854
HR_Spinup,1373,8,interior,MLD2,24.44154
HR_Spinup,1373,9,interior,MLD2,29.59700
HR_Spinup,1373,10,interior,MLD2,41.91719
HR_Spinup,1373,11,interior,MLD2,101.56883
HR_Spinup,1373,12,interior,MLD2,220.96888
HR_Spinup,1374,1,labsea,a_ice,0.18655
HR_Spinup,1374,2,labsea,a_ice,0.24296
HR_Spinup,1374,3,labsea,a_ice,0.26953
HR_Spinup,1374,4,labsea,a_ice,0.24173
HR_Spinup,1374,5,labsea,a_ice,0.15476
HR_Spinup,1374,6,labsea,a_ice,0.04511
HR_Spinup,1374,7,labsea,a_ice,0.00555
HR_Spinup,1374,8,labsea,a_ice,0.00000
HR_Spinup,1374,9,labsea,a_ice,0.00000
HR_Spinup,1374,10,labsea,a_ice,0.00003
HR_Spinup,1374,11,labsea,a_ice,0.01819
HR_Spinup,1374,12,labsea,a_ice,0.14197
HR_Spinup,1374,1,interior,a_ice,0.02257
HR_Spinup,1374,2,interior,a_ice,0.03186
HR_Spinup,1374,3,interior,a_ice,0.07614
HR_Spinup,1374,4,interior,a_ice,0.07663
HR_Spinup,1374,5,interior,a_ice,0.03745
HR_Spinup,1374,6,interior,a_ice,0.00657
HR_Spinup,1374,7,interior,a_ice,0.00000
HR_Spinup,1374,8,interior,a_ice,0.00000
HR_Spinup,1374,9,interior,a_ice,0.00000
HR_Spinup,1374,10,interior,a_ice,0.00000
HR_Spinup,1374,11,interior,a_ice,0.00008
HR_Spinup,1374,12,interior,a_ice,0.01127
HR_Spinup,1374,1,labsea,MLD2,522.56904
HR_Spinup,1374,2,labsea,MLD2,1156.39453
HR_Spinup,1374,3,labsea,MLD2,1404.24016
HR_Spinup,1374,4,labsea,MLD2,1380.04164
HR_Spinup,1374,5,labsea,MLD2,490.53374
HR_Spinup,1374,6,labsea,MLD2,41.14549
HR_Spinup,1374,7,labsea,MLD2,20.35907
HR_Spinup,1374,8,labsea,MLD2,20.51972
HR_Spinup,1374,9,labsea,MLD2,28.61928
HR_Spinup,1374,10,labsea,MLD2,38.85006
HR_Spinup,1374,11,labsea,MLD2,66.49907
HR_Spinup,1374,12,labsea,MLD2,299.59428
HR_Spinup,1374,1,interior,MLD2,1161.44724
HR_Spinup,1374,2,interior,MLD2,2289.95341
HR_Spinup,1374,3,interior,MLD2,2326.74080
HR_Spinup,1374,4,interior,MLD2,2237.04477
HR_Spinup,1374,5,interior,MLD2,1046.76036
HR_Spinup,1374,6,interior,MLD2,57.25358
HR_Spinup,1374,7,interior,MLD2,22.47802
HR_Spinup,1374,8,interior,MLD2,24.96055
HR_Spinup,1374,9,interior,MLD2,34.00794
HR_Spinup,1374,10,interior,MLD2,46.89983
HR_Spinup,1374,11,interior,MLD2,77.19087
HR_Spinup,1374,12,interior,MLD2,554.12788
HR_Spinup,1375,1,labsea,a_ice,0.34310
HR_Spinup,1375,2,labsea,a_ice,0.44606
HR_Spinup,1375,3,labsea,a_ice,0.41784
HR_Spinup,1375,4,labsea,a_ice,0.29429
HR_Spinup,1375,5,labsea,a_ice,0.18141
HR_Spinup,1375,6,labsea,a_ice,0.12426
HR_Spinup,1375,7,labsea,a_ice,0.02648
HR_Spinup,1375,8,labsea,a_ice,0.00018
HR_Spinup,1375,9,labsea,a_ice,0.00000
HR_Spinup,1375,10,labsea,a_ice,0.00000
HR_Spinup,1375,11,labsea,a_ice,0.03860
HR_Spinup,1375,12,labsea,a_ice,0.12981
HR_Spinup,1375,1,interior,a_ice,0.14396
HR_Spinup,1375,2,interior,a_ice,0.34761
HR_Spinup,1375,3,interior,a_ice,0.33407
HR_Spinup,1375,4,interior,a_ice,0.10951
HR_Spinup,1375,5,interior,a_ice,0.05064
HR_Spinup,1375,6,interior,a_ice,0.01134
HR_Spinup,1375,7,interior,a_ice,0.00017
HR_Spinup,1375,8,interior,a_ice,0.00000
HR_Spinup,1375,9,interior,a_ice,0.00000
HR_Spinup,1375,10,interior,a_ice,0.00000
HR_Spinup,1375,11,interior,a_ice,0.00052
HR_Spinup,1375,12,interior,a_ice,0.01653
HR_Spinup,1375,1,labsea,MLD2,1143.25721
HR_Spinup,1375,2,labsea,MLD2,1238.31140
HR_Spinup,1375,3,labsea,MLD2,1039.70811
HR_Spinup,1375,4,labsea,MLD2,1059.86502
HR_Spinup,1375,5,labsea,MLD2,1001.86912
HR_Spinup,1375,6,labsea,MLD2,171.87080
HR_Spinup,1375,7,labsea,MLD2,26.04996
HR_Spinup,1375,8,labsea,MLD2,25.66150
HR_Spinup,1375,9,labsea,MLD2,29.82641
HR_Spinup,1375,10,labsea,MLD2,42.07968
HR_Spinup,1375,11,labsea,MLD2,95.07639
HR_Spinup,1375,12,labsea,MLD2,364.99329
HR_Spinup,1375,1,interior,MLD2,1767.63292
HR_Spinup,1375,2,interior,MLD2,1542.86551
HR_Spinup,1375,3,interior,MLD2,1317.61840
HR_Spinup,1375,4,interior,MLD2,1642.47458
HR_Spinup,1375,5,interior,MLD2,1897.51208
HR_Spinup,1375,6,interior,MLD2,409.88550
HR_Spinup,1375,7,interior,MLD2,28.17850
HR_Spinup,1375,8,interior,MLD2,29.46088
HR_Spinup,1375,9,interior,MLD2,34.52365
HR_Spinup,1375,10,interior,MLD2,49.93174
HR_Spinup,1375,11,interior,MLD2,116.31605
HR_Spinup,1375,12,interior,MLD2,682.01882
HR_Spinup,1376,1,labsea,a_ice,0.21591
HR_Spinup,1376,2,labsea,a_ice,0.22565
HR_Spinup,1376,3,labsea,a_ice,0.25028
HR_Spinup,1376,4,labsea,a_ice,0.22364
HR_Spinup,1376,5,labsea,a_ice,0.15711
HR_Spinup,1376,6,labsea,a_ice,0.07557
HR_Spinup,1376,7,labsea,a_ice,0.01370
HR_Spinup,1376,8,labsea,a_ice,0.00000
HR_Spinup,1376,9,labsea,a_ice,0.00000
HR_Spinup,1376,10,labsea,a_ice,0.00001
HR_Spinup,1376,11,labsea,a_ice,0.01696
HR_Spinup,1376,12,labsea,a_ice,0.08653
HR_Spinup,1376,1,interior,a_ice,0.03703
HR_Spinup,1376,2,interior,a_ice,0.05225
HR_Spinup,1376,3,interior,a_ice,0.07678
HR_Spinup,1376,4,interior,a_ice,0.05851
HR_Spinup,1376,5,interior,a_ice,0.02414
HR_Spinup,1376,6,interior,a_ice,0.01185
HR_Spinup,1376,7,interior,a_ice,0.00022
HR_Spinup,1376,8,interior,a_ice,0.00000
HR_Spinup,1376,9,interior,a_ice,0.00000
HR_Spinup,1376,10,interior,a_ice,0.00000
HR_Spinup,1376,11,interior,a_ice,0.00001
HR_Spinup,1376,12,interior,a_ice,0.00636
HR_Spinup,1376,1,labsea,MLD2,1358.87928
HR_Spinup,1376,2,labsea,MLD2,1535.42554
HR_Spinup,1376,3,labsea,MLD2,1552.86010
HR_Spinup,1376,4,labsea,MLD2,1478.24700
HR_Spinup,1376,5,labsea,MLD2,1005.53642
HR_Spinup,1376,6,labsea,MLD2,86.34716
HR_Spinup,1376,7,labsea,MLD2,19.98752
HR_Spinup,1376,8,labsea,MLD2,16.20782
HR_Spinup,1376,9,labsea,MLD2,28.67680
HR_Spinup,1376,10,labsea,MLD2,42.08298
HR_Spinup,1376,11,labsea,MLD2,76.34037
HR_Spinup,1376,12,labsea,MLD2,210.25880
HR_Spinup,1376,1,interior,MLD2,2533.75825
HR_Spinup,1376,2,interior,MLD2,2515.30068
HR_Spinup,1376,3,interior,MLD2,2443.56164
HR_Spinup,1376,4,interior,MLD2,2416.60399
HR_Spinup,1376,5,interior,MLD2,2103.95350
HR_Spinup,1376,6,interior,MLD2,206.62744
HR_Spinup,1376,7,interior,MLD2,22.86415
HR_Spinup,1376,8,interior,MLD2,18.36072
HR_Spinup,1376,9,interior,MLD2,32.82383
HR_Spinup,1376,10,interior,MLD2,48.69873
HR_Spinup,1376,11,interior,MLD2,100.53851
HR_Spinup,1376,12,interior,MLD2,393.25681
HR_Spinup,1377,1,labsea,a_ice,0.23467
HR_Spinup,1377,2,labsea,a_ice,0.24381
HR_Spinup,1377,3,labsea,a_ice,0.26201
HR_Spinup,1377,4,labsea,a_ice,0.22847
HR_Spinup,1377,5,labsea,a_ice,0.16096
HR_Spinup,1377,6,labsea,a_ice,0.07505
HR_Spinup,1377,7,labsea,a_ice,0.00397
HR_Spinup,1377,8,labsea,a_ice,0.00000
HR_Spinup,1377,9,labsea,a_ice,0.00000
HR_Spinup,1377,10,labsea,a_ice,0.00000
HR_Spinup,1377,11,labsea,a_ice,0.00707
HR_Spinup,1377,12,labsea,a_ice,0.09180
HR_Spinup,1377,1,interior,a_ice,0.05559
HR_Spinup,1377,2,interior,a_ice,0.06503
HR_Spinup,1377,3,interior,a_ice,0.03980
HR_Spinup,1377,4,interior,a_ice,0.03105
HR_Spinup,1377,5,interior,a_ice,0.04435
HR_Spinup,1377,6,interior,a_ice,0.00916
HR_Spinup,1377,7,interior,a_ice,0.00006
HR_Spinup,1377,8,interior,a_ice,0.00000
HR_Spinup,1377,9,interior,a_ice,0.00000
HR_Spinup,1377,10,interior,a_ice,0.00000
HR_Spinup,1377,11,interior,a_ice,0.00000
HR_Spinup,1377,12,interior,a_ice,0.01050
HR_Spinup,1377,1,labsea,MLD2,1078.04394
HR_Spinup,1377,2,labsea,MLD2,1454.23318
HR_Spinup,1377,3,labsea,MLD2,1461.84492
HR_Spinup,1377,4,labsea,MLD2,1429.00482
HR_Spinup,1377,5,labsea,MLD2,967.02493
HR_Spinup,1377,6,labsea,MLD2,126.44557
HR_Spinup,1377,7,labsea,MLD2,18.27783
HR_Spinup,1377,8,labsea,MLD2,18.41722
HR_Spinup,1377,9,labsea,MLD2,29.58285
HR_Spinup,1377,10,labsea,MLD2,45.17763
HR_Spinup,1377,11,labsea,MLD2,79.32707
HR_Spinup,1377,12,labsea,MLD2,364.58507
HR_Spinup,1377,1,interior,MLD2,2239.08991
HR_Spinup,1377,2,interior,MLD2,2565.54707
HR_Spinup,1377,3,interior,MLD2,2548.98691
HR_Spinup,1377,4,interior,MLD2,2587.25297
HR_Spinup,1377,5,interior,MLD2,2022.02622
HR_Spinup,1377,6,interior,MLD2,352.48219
HR_Spinup,1377,7,interior,MLD2,21.62628
HR_Spinup,1377,8,interior,MLD2,19.56667
HR_Spinup,1377,9,interior,MLD2,32.53949
HR_Spinup,1377,10,interior,MLD2,49.91710
HR_Spinup,1377,11,interior,MLD2,108.34028
HR_Spinup,1377,12,interior,MLD2,670.67012
HR_Spinup,1378,1,labsea,a_ice,0.18831
HR_Spinup,1378,2,labsea,a_ice,0.20880
HR_Spinup,1378,3,labsea,a_ice,0.24763
HR_Spinup,1378,4,labsea,a_ice,0.19596
HR_Spinup,1378,5,labsea,a_ice,0.11016
HR_Spinup,1378,6,labsea,a_ice,0.02883
HR_Spinup,1378,7,labsea,a_ice,0.00009
HR_Spinup,1378,8,labsea,a_ice,0.00000
HR_Spinup,1378,9,labsea,a_ice,0.00000
HR_Spinup,1378,10,labsea,a_ice,0.00003
HR_Spinup,1378,11,labsea,a_ice,0.01567
HR_Spinup,1378,12,labsea,a_ice,0.09961
HR_Spinup,1378,1,interior,a_ice,0.02253
HR_Spinup,1378,2,interior,a_ice,0.05158
HR_Spinup,1378,3,interior,a_ice,0.06466
HR_Spinup,1378,4,interior,a_ice,0.03750
HR_Spinup,1378,5,interior,a_ice,0.01671
HR_Spinup,1378,6,interior,a_ice,0.00041
HR_Spinup,1378,7,interior,a_ice,0.00000
HR_Spinup,1378,8,interior,a_ice,0.00000
HR_Spinup,1378,9,interior,a_ice,0.00000
HR_Spinup,1378,10,interior,a_ice,0.00000
HR_Spinup,1378,11,interior,a_ice,0.00000
HR_Spinup,1378,12,interior,a_ice,0.01320
HR_Spinup,1378,1,labsea,MLD2,1314.33967
HR_Spinup,1378,2,labsea,MLD2,1576.83947
HR_Spinup,1378,3,labsea,MLD2,1582.75801
HR_Spinup,1378,4,labsea,MLD2,1556.86458
HR_Spinup,1378,5,labsea,MLD2,284.34089
HR_Spinup,1378,6,labsea,MLD2,47.87300
HR_Spinup,1378,7,labsea,MLD2,23.11911
HR_Spinup,1378,8,labsea,MLD2,21.36923
HR_Spinup,1378,9,labsea,MLD2,32.33238
HR_Spinup,1378,10,labsea,MLD2,46.20544
HR_Spinup,1378,11,labsea,MLD2,80.81757
HR_Spinup,1378,12,labsea,MLD2,189.64597
HR_Spinup,1378,1,interior,MLD2,2336.81215
HR_Spinup,1378,2,interior,MLD2,2506.19561
HR_Spinup,1378,3,interior,MLD2,2448.52683
HR_Spinup,1378,4,interior,MLD2,2465.99805
HR_Spinup,1378,5,interior,MLD2,499.26137
HR_Spinup,1378,6,interior,MLD2,66.17135
HR_Spinup,1378,7,interior,MLD2,27.48101
HR_Spinup,1378,8,interior,MLD2,23.82738
HR_Spinup,1378,9,interior,MLD2,36.27174
HR_Spinup,1378,10,interior,MLD2,49.86419
HR_Spinup,1378,11,interior,MLD2,90.07692
HR_Spinup,1378,12,interior,MLD2,301.19830
HR_Spinup,1379,1,labsea,a_ice,0.19181
HR_Spinup,1379,2,labsea,a_ice,0.21762
HR_Spinup,1379,3,labsea,a_ice,0.21051
HR_Spinup,1379,4,labsea,a_ice,0.19061
HR_Spinup,1379,5,labsea,a_ice,0.11952
HR_Spinup,1379,6,labsea,a_ice,0.04823
HR_Spinup,1379,7,labsea,a_ice,0.00166
HR_Spinup,1379,8,labsea,a_ice,0.00000
HR_Spinup,1379,9,labsea,a_ice,0.00000
HR_Spinup,1379,10,labsea,a_ice,0.00001
HR_Spinup,1379,11,labsea,a_ice,0.01335
HR_Spinup,1379,12,labsea,a_ice,0.05662
HR_Spinup,1379,1,interior,a_ice,0.03291
HR_Spinup,1379,2,interior,a_ice,0.04466
HR_Spinup,1379,3,interior,a_ice,0.02642
HR_Spinup,1379,4,interior,a_ice,0.05129
HR_Spinup,1379,5,interior,a_ice,0.01781
HR_Spinup,1379,6,interior,a_ice,0.00766
HR_Spinup,1379,7,interior,a_ice,0.00000
HR_Spinup,1379,8,interior,a_ice,0.00000
HR_Spinup,1379,9,interior,a_ice,0.00000
HR_Spinup,1379,10,interior,a_ice,0.00000
HR_Spinup,1379,11,interior,a_ice,0.00000
HR_Spinup,1379,12,interior,a_ice,0.00022
HR_Spinup,1379,1,labsea,MLD2,1194.55595
HR_Spinup,1379,2,labsea,MLD2,1664.14751
HR_Spinup,1379,3,labsea,MLD2,1609.66554
HR_Spinup,1379,4,labsea,MLD2,1505.56864
HR_Spinup,1379,5,labsea,MLD2,931.94573
HR_Spinup,1379,6,labsea,MLD2,153.52214
HR_Spinup,1379,7,labsea,MLD2,15.53355
HR_Spinup,1379,8,labsea,MLD2,21.01390
HR_Spinup,1379,9,labsea,MLD2,30.07494
HR_Spinup,1379,10,labsea,MLD2,54.28593
HR_Spinup,1379,11,labsea,MLD2,91.01434
HR_Spinup,1379,12,labsea,MLD2,189.27548
HR_Spinup,1379,1,interior,MLD2,2189.16852
HR_Spinup,1379,2,interior,MLD2,2619.50323
HR_Spinup,1379,3,interior,MLD2,2529.57942
HR_Spinup,1379,4,interior,MLD2,2410.83184
HR_Spinup,1379,5,interior,MLD2,1829.56466
HR_Spinup,1379,6,interior,MLD2,382.56836
HR_Spinup,1379,7,interior,MLD2,16.49979
HR_Spinup,1379,8,interior,MLD2,23.39666
HR_Spinup,1379,9,interior,MLD2,33.43638
HR_Spinup,1379,10,interior,MLD2,65.52226
HR_Spinup,1379,11,interior,MLD2,115.13774
HR_Spinup,1379,12,interior,MLD2,305.94701
HR_Spinup,1380,1,labsea,a_ice,0.14521
HR_Spinup,1380,2,labsea,a_ice,0.21574
HR_Spinup,1380,3,labsea,a_ice,0.27411
HR_Spinup,1380,4,labsea,a_ice,0.26372
HR_Spinup,1380,5,labsea,a_ice,0.18009
HR_Spinup,1380,6,labsea,a_ice,0.04814
HR_Spinup,1380,7,labsea,a_ice,0.00249
HR_Spinup,1380,8,labsea,a_ice,0.00000
HR_Spinup,1380,9,labsea,a_ice,0.00000
HR_Spinup,1380,10,labsea,a_ice,0.00000
HR_Spinup,1380,11,labsea,a_ice,0.03102
HR_Spinup,1380,12,labsea,a_ice,0.12257
HR_Spinup,1380,1,interior,a_ice,0.01978
HR_Spinup,1380,2,interior,a_ice,0.03135
HR_Spinup,1380,3,interior,a_ice,0.04781
HR_Spinup,1380,4,interior,a_ice,0.06709
HR_Spinup,1380,5,interior,a_ice,0.05473
HR_Spinup,1380,6,interior,a_ice,0.00561
HR_Spinup,1380,7,interior,a_ice,0.00000
HR_Spinup,1380,8,interior,a_ice,0.00000
HR_Spinup,1380,9,interior,a_ice,0.00000
HR_Spinup,1380,10,interior,a_ice,0.00000
HR_Spinup,1380,11,interior,a_ice,0.00000
HR_Spinup,1380,12,interior,a_ice,0.00986
HR_Spinup,1380,1,labsea,MLD2,689.92404
HR_Spinup,1380,2,labsea,MLD2,1348.44155
HR_Spinup,1380,3,labsea,MLD2,1532.94364
HR_Spinup,1380,4,labsea,MLD2,1411.26320
HR_Spinup,1380,5,labsea,MLD2,524.44455
HR_Spinup,1380,6,labsea,MLD2,42.62494
HR_Spinup,1380,7,labsea,MLD2,25.04329
HR_Spinup,1380,8,labsea,MLD2,26.04353
HR_Spinup,1380,9,labsea,MLD2,33.10037
HR_Spinup,1380,10,labsea,MLD2,46.57391
HR_Spinup,1380,11,labsea,MLD2,122.45580
HR_Spinup,1380,12,labsea,MLD2,776.36701
HR_Spinup,1380,1,interior,MLD2,1480.13014
HR_Spinup,1380,2,interior,MLD2,2534.77004
HR_Spinup,1380,3,interior,MLD2,2513.82531
HR_Spinup,1380,4,interior,MLD2,2131.93261
HR_Spinup,1380,5,interior,MLD2,1041.42371
HR_Spinup,1380,6,interior,MLD2,51.04668
HR_Spinup,1380,7,interior,MLD2,31.16058
HR_Spinup,1380,8,interior,MLD2,28.76277
HR_Spinup,1380,9,interior,MLD2,38.45589
HR_Spinup,1380,10,interior,MLD2,56.26669
HR_Spinup,1380,11,interior,MLD2,161.70519
HR_Spinup,1380,12,interior,MLD2,1493.28322
HR_Spinup,1381,1,labsea,a_ice,0.20765
HR_Spinup,1381,2,labsea,a_ice,0.22451
HR_Spinup,1381,3,labsea,a_ice,0.25753
HR_Spinup,1381,4,labsea,a_ice,0.22460
HR_Spinup,1381,5,labsea,a_ice,0.14075
HR_Spinup,1381,6,labsea,a_ice,0.05253
HR_Spinup,1381,7,labsea,a_ice,0.00490
HR_Spinup,1381,8,labsea,a_ice,0.00000
HR_Spinup,1381,9,labsea,a_ice,0.00000
HR_Spinup,1381,10,labsea,a_ice,0.00036
HR_Spinup,1381,11,labsea,a_ice,0.04129
HR_Spinup,1381,12,labsea,a_ice,0.15048
HR_Spinup,1381,1,interior,a_ice,0.04589
HR_Spinup,1381,2,interior,a_ice,0.04320
HR_Spinup,1381,3,interior,a_ice,0.06539
HR_Spinup,1381,4,interior,a_ice,0.05578
HR_Spinup,1381,5,interior,a_ice,0.02006
HR_Spinup,1381,6,interior,a_ice,0.00585
HR_Spinup,1381,7,interior,a_ice,0.00000
HR_Spinup,1381,8,interior,a_ice,0.00000
HR_Spinup,1381,9,interior,a_ice,0.00000
HR_Spinup,1381,10,interior,a_ice,0.00000
HR_Spinup,1381,11,interior,a_ice,0.00059
HR_Spinup,1381,12,interior,a_ice,0.02728
HR_Spinup,1381,1,labsea,MLD2,1343.49720
HR_Spinup,1381,2,labsea,MLD2,1537.37469
HR_Spinup,1381,3,labsea,MLD2,1516.07809
HR_Spinup,1381,4,labsea,MLD2,1352.59670
HR_Spinup,1381,5,labsea,MLD2,882.95013
HR_Spinup,1381,6,labsea,MLD2,63.06672
HR_Spinup,1381,7,labsea,MLD2,22.76292
HR_Spinup,1381,8,labsea,MLD2,20.32664
HR_Spinup,1381,9,labsea,MLD2,34.42618
HR_Spinup,1381,10,labsea,MLD2,52.81516
HR_Spinup,1381,11,labsea,MLD2,189.56357
HR_Spinup,1381,12,labsea,MLD2,1179.47671
HR_Spinup,1381,1,interior,MLD2,2172.91363
HR_Spinup,1381,2,interior,MLD2,2508.17215
HR_Spinup,1381,3,interior,MLD2,2465.21688
HR_Spinup,1381,4,interior,MLD2,2335.14365
HR_Spinup,1381,5,interior,MLD2,1758.55355
HR_Spinup,1381,6,interior,MLD2,122.74761
HR_Spinup,1381,7,interior,MLD2,26.48727
HR_Spinup,1381,8,interior,MLD2,23.14636
HR_Spinup,1381,9,interior,MLD2,38.42540
HR_Spinup,1381,10,interior,MLD2,57.81901
HR_Spinup,1381,11,interior,MLD2,270.88200
HR_Spinup,1381,12,interior,MLD2,2239.26296
HR_Spinup,1382,1,labsea,a_ice,0.20562
HR_Spinup,1382,2,labsea,a_ice,0.24671
HR_Spinup,1382,3,labsea,a_ice,0.26898
HR_Spinup,1382,4,labsea,a_ice,0.23212
HR_Spinup,1382,5,labsea,a_ice,0.15720
HR_Spinup,1382,6,labsea,a_ice,0.06186
HR_Spinup,1382,7,labsea,a_ice,0.00341
HR_Spinup,1382,8,labsea,a_ice,0.00000
HR_Spinup,1382,9,labsea,a_ice,0.00000
HR_Spinup,1382,10,labsea,a_ice,0.00000
HR_Spinup,1382,11,labsea,a_ice,0.00141
HR_Spinup,1382,12,labsea,a_ice,0.03691
HR_Spinup,1382,1,interior,a_ice,0.05753
HR_Spinup,1382,2,interior,a_ice,0.05617
HR_Spinup,1382,3,interior,a_ice,0.09145
HR_Spinup,1382,4,interior,a_ice,0.07606
HR_Spinup,1382,5,interior,a_ice,0.03002
HR_Spinup,1382,6,interior,a_ice,0.00183
HR_Spinup,1382,7,interior,a_ice,0.00000
HR_Spinup,1382,8,interior,a_ice,0.00000
HR_Spinup,1382,9,interior,a_ice,0.00000
HR_Spinup,1382,10,interior,a_ice,0.00000
HR_Spinup,1382,11,interior,a_ice,0.00000
HR_Spinup,1382,12,interior,a_ice,0.00137
HR_Spinup,1382,1,labsea,MLD2,1579.82429
HR_Spinup,1382,2,labsea,MLD2,1629.89279
HR_Spinup,1382,3,labsea,MLD2,1494.94911
HR_Spinup,1382,4,labsea,MLD2,1419.09951
HR_Spinup,1382,5,labsea,MLD2,886.67634
HR_Spinup,1382,6,labsea,MLD2,25.99758
HR_Spinup,1382,7,labsea,MLD2,15.04312
HR_Spinup,1382,8,labsea,MLD2,23.36941
HR_Spinup,1382,9,labsea,MLD2,34.87314
HR_Spinup,1382,10,labsea,MLD2,59.82389
HR_Spinup,1382,11,labsea,MLD2,83.18514
HR_Spinup,1382,12,labsea,MLD2,292.43062
HR_Spinup,1382,1,interior,MLD2,2547.97785
HR_Spinup,1382,2,interior,MLD2,2510.52232
HR_Spinup,1382,3,interior,MLD2,2190.99227
HR_Spinup,1382,4,interior,MLD2,2292.97425
HR_Spinup,1382,5,interior,MLD2,1580.32668
HR_Spinup,1382,6,interior,MLD2,34.62493
HR_Spinup,1382,7,interior,MLD2,16.85564
HR_Spinup,1382,8,interior,MLD2,26.28357
HR_Spinup,1382,9,interior,MLD2,39.64267
HR_Spinup,1382,10,interior,MLD2,66.77849
HR_Spinup,1382,11,interior,MLD2,96.45270
HR_Spinup,1382,12,interior,MLD2,476.22175
HR_Spinup,1383,1,labsea,a_ice,0.12595
HR_Spinup,1383,2,labsea,a_ice,0.17358
HR_Spinup,1383,3,labsea,a_ice,0.18836
HR_Spinup,1383,4,labsea,a_ice,0.17951
HR_Spinup,1383,5,labsea,a_ice,0.13432
HR_Spinup,1383,6,labsea,a_ice,0.07750
HR_Spinup,1383,7,labsea,a_ice,0.01115
HR_Spinup,1383,8,labsea,a_ice,0.00001
HR_Spinup,1383,9,labsea,a_ice,0.00000
HR_Spinup,1383,10,labsea,a_ice,0.00000
HR_Spinup,1383,11,labsea,a_ice,0.00036
HR_Spinup,1383,12,labsea,a_ice,0.05564
HR_Spinup,1383,1,interior,a_ice,0.00714
HR_Spinup,1383,2,interior,a_ice,0.02259
HR_Spinup,1383,3,interior,a_ice,0.04365
HR_Spinup,1383,4,interior,a_ice,0.04433
HR_Spinup,1383,5,interior,a_ice,0.02372
HR_Spinup,1383,6,interior,a_ice,0.00618
HR_Spinup,1383,7,interior,a_ice,0.00000
HR_Spinup,1383,8,interior,a_ice,0.00000
HR_Spinup,1383,9,interior,a_ice,0.00000
HR_Spinup,1383,10,interior,a_ice,0.00000
HR_Spinup,1383,11,interior,a_ice,0.00000
HR_Spinup,1383,12,interior,a_ice,0.00510
HR_Spinup,1383,1,labsea,MLD2,1110.97546
HR_Spinup,1383,2,labsea,MLD2,1645.71990
HR_Spinup,1383,3,labsea,MLD2,1678.28948
HR_Spinup,1383,4,labsea,MLD2,1662.64755
HR_Spinup,1383,5,labsea,MLD2,1248.37902
HR_Spinup,1383,6,labsea,MLD2,182.59153
HR_Spinup,1383,7,labsea,MLD2,19.63261
HR_Spinup,1383,8,labsea,MLD2,22.32700
HR_Spinup,1383,9,labsea,MLD2,28.04222
HR_Spinup,1383,10,labsea,MLD2,38.07616
HR_Spinup,1383,11,labsea,MLD2,70.12166
HR_Spinup,1383,12,labsea,MLD2,382.80411
HR_Spinup,1383,1,interior,MLD2,2177.91168
HR_Spinup,1383,2,interior,MLD2,2612.20920
HR_Spinup,1383,3,interior,MLD2,2545.37092
HR_Spinup,1383,4,interior,MLD2,2537.84211
HR_Spinup,1383,5,interior,MLD2,2158.02860
HR_Spinup,1383,6,interior,MLD2,390.57810
HR_Spinup,1383,7,interior,MLD2,23.92622
HR_Spinup,1383,8,interior,MLD2,24.68648
HR_Spinup,1383,9,interior,MLD2,33.28827
HR_Spinup,1383,10,interior,MLD2,45.39183
HR_Spinup,1383,11,interior,MLD2,86.41532
HR_Spinup,1383,12,interior,MLD2,634.07204
HR_Spinup,1384,1,labsea,a_ice,0.16804
HR_Spinup,1384,2,labsea,a_ice,0.19648
HR_Spinup,1384,3,labsea,a_ice,0.19467
HR_Spinup,1384,4,labsea,a_ice,0.19029
HR_Spinup,1384,5,labsea,a_ice,0.12725
HR_Spinup,1384,6,labsea,a_ice,0.04094
HR_Spinup,1384,7,labsea,a_ice,0.00144
HR_Spinup,1384,8,labsea,a_ice,0.00000
HR_Spinup,1384,9,labsea,a_ice,0.00000
HR_Spinup,1384,10,labsea,a_ice,0.00000
HR_Spinup,1384,11,labsea,a_ice,0.00323
HR_Spinup,1384,12,labsea,a_ice,0.05532
HR_Spinup,1384,1,interior,a_ice,0.02150
HR_Spinup,1384,2,interior,a_ice,0.04554
HR_Spinup,1384,3,interior,a_ice,0.03864
HR_Spinup,1384,4,interior,a_ice,0.04126
HR_Spinup,1384,5,interior,a_ice,0.01657
HR_Spinup,1384,6,interior,a_ice,0.00403
HR_Spinup,1384,7,interior,a_ice,0.00000
HR_Spinup,1384,8,interior,a_ice,0.00000
HR_Spinup,1384,9,interior,a_ice,0.00000
HR_Spinup,1384,10,interior,a_ice,0.00000
HR_Spinup,1384,11,interior,a_ice,0.00000
HR_Spinup,1384,12,interior,a_ice,0.00066
HR_Spinup,1384,1,labsea,MLD2,1582.40202
HR_Spinup,1384,2,labsea,MLD2,1677.30849
HR_Spinup,1384,3,labsea,MLD2,1560.23384
HR_Spinup,1384,4,labsea,MLD2,1599.01882
HR_Spinup,1384,5,labsea,MLD2,900.55580
HR_Spinup,1384,6,labsea,MLD2,46.49225
HR_Spinup,1384,7,labsea,MLD2,14.16496
HR_Spinup,1384,8,labsea,MLD2,20.16370
HR_Spinup,1384,9,labsea,MLD2,28.50345
HR_Spinup,1384,10,labsea,MLD2,40.09230
HR_Spinup,1384,11,labsea,MLD2,65.90249
HR_Spinup,1384,12,labsea,MLD2,291.02080
HR_Spinup,1384,1,interior,MLD2,2529.70801
HR_Spinup,1384,2,interior,MLD2,2556.33803
HR_Spinup,1384,3,interior,MLD2,2399.91701
HR_Spinup,1384,4,interior,MLD2,2506.64875
HR_Spinup,1384,5,interior,MLD2,1612.46006
HR_Spinup,1384,6,interior,MLD2,76.17587
HR_Spinup,1384,7,interior,MLD2,14.17086
HR_Spinup,1384,8,interior,MLD2,21.34082
HR_Spinup,1384,9,interior,MLD2,32.69682
HR_Spinup,1384,10,interior,MLD2,45.79029
HR_Spinup,1384,11,interior,MLD2,86.64241
HR_Spinup,1384,12,interior,MLD2,545.95366
HR_Spinup,1385,1,labsea,a_ice,0.16219
HR_Spinup,1385,2,labsea,a_ice,0.21320
HR_Spinup,1385,3,labsea,a_ice,0.23071
HR_Spinup,1385,4,labsea,a_ice,0.22327
HR_Spinup,1385,5,labsea,a_ice,0.15606
HR_Spinup,1385,6,labsea,a_ice,0.02256
HR_Spinup,1385,7,labsea,a_ice,0.00003
HR_Spinup,1385,8,labsea,a_ice,0.00000
HR_Spinup,1385,9,labsea,a_ice,0.00000
HR_Spinup,1385,10,labsea,a_ice,0.00000
HR_Spinup,1385,11,labsea,a_ice,0.00131
HR_Spinup,1385,12,labsea,a_ice,0.04339
HR_Spinup,1385,1,interior,a_ice,0.02843
HR_Spinup,1385,2,interior,a_ice,0.03620
HR_Spinup,1385,3,interior,a_ice,0.04170
HR_Spinup,1385,4,interior,a_ice,0.03628
HR_Spinup,1385,5,interior,a_ice,0.02246
HR_Spinup,1385,6,interior,a_ice,0.00163
HR_Spinup,1385,7,interior,a_ice,0.00000
HR_Spinup,1385,8,interior,a_ice,0.00000
HR_Spinup,1385,9,interior,a_ice,0.00000
HR_Spinup,1385,10,interior,a_ice,0.00000
HR_Spinup,1385,11,interior,a_ice,0.00000
HR_Spinup,1385,12,interior,a_ice,0.00130
HR_Spinup,1385,1,labsea,MLD2,1367.39999
HR_Spinup,1385,2,labsea,MLD2,1546.00630
HR_Spinup,1385,3,labsea,MLD2,1617.66811
HR_Spinup,1385,4,labsea,MLD2,1502.36244
HR_Spinup,1385,5,labsea,MLD2,508.14586
HR_Spinup,1385,6,labsea,MLD2,16.80620
HR_Spinup,1385,7,labsea,MLD2,13.24404
HR_Spinup,1385,8,labsea,MLD2,14.94425
HR_Spinup,1385,9,labsea,MLD2,29.84264
HR_Spinup,1385,10,labsea,MLD2,42.85723
HR_Spinup,1385,11,labsea,MLD2,73.74512
HR_Spinup,1385,12,labsea,MLD2,322.55654
HR_Spinup,1385,1,interior,MLD2,2461.71894
HR_Spinup,1385,2,interior,MLD2,2460.45316
HR_Spinup,1385,3,interior,MLD2,2576.33749
HR_Spinup,1385,4,interior,MLD2,2514.02631
HR_Spinup,1385,5,interior,MLD2,1102.61917
HR_Spinup,1385,6,interior,MLD2,18.29971
HR_Spinup,1385,7,interior,MLD2,14.76559
HR_Spinup,1385,8,interior,MLD2,15.53326
HR_Spinup,1385,9,interior,MLD2,33.07701
HR_Spinup,1385,10,interior,MLD2,46.91251
HR_Spinup,1385,11,interior,MLD2,88.49013
HR_Spinup,1385,12,interior,MLD2,502.53807
HR_Spinup,1386,1,labsea,a_ice,0.12144
HR_Spinup,1386,2,labsea,a_ice,0.18261
HR_Spinup,1386,3,labsea,a_ice,0.15004
HR_Spinup,1386,4,labsea,a_ice,0.13355
HR_Spinup,1386,5,labsea,a_ice,0.07378
HR_Spinup,1386,6,labsea,a_ice,0.03245
HR_Spinup,1386,7,labsea,a_ice,0.00019
HR_Spinup,1386,8,labsea,a_ice,0.00000
HR_Spinup,1386,9,labsea,a_ice,0.00000
HR_Spinup,1386,10,labsea,a_ice,0.00000
HR_Spinup,1386,11,labsea,a_ice,0.02035
HR_Spinup,1386,12,labsea,a_ice,0.07928
HR_Spinup,1386,1,interior,a_ice,0.01800
HR_Spinup,1386,2,interior,a_ice,0.01737
HR_Spinup,1386,3,interior,a_ice,0.00601
HR_Spinup,1386,4,interior,a_ice,0.00790
HR_Spinup,1386,5,interior,a_ice,0.00244
HR_Spinup,1386,6,interior,a_ice,0.00000
HR_Spinup,1386,7,interior,a_ice,0.00000
HR_Spinup,1386,8,interior,a_ice,0.00000
HR_Spinup,1386,9,interior,a_ice,0.00000
HR_Spinup,1386,10,interior,a_ice,0.00000
HR_Spinup,1386,11,interior,a_ice,0.00000
HR_Spinup,1386,12,interior,a_ice,0.00272
HR_Spinup,1386,1,labsea,MLD2,1159.60199
HR_Spinup,1386,2,labsea,MLD2,1517.02130
HR_Spinup,1386,3,labsea,MLD2,1551.25361
HR_Spinup,1386,4,labsea,MLD2,1370.29228
HR_Spinup,1386,5,labsea,MLD2,185.57409
HR_Spinup,1386,6,labsea,MLD2,48.91673
HR_Spinup,1386,7,labsea,MLD2,25.05389
HR_Spinup,1386,8,labsea,MLD2,23.22053
HR_Spinup,1386,9,labsea,MLD2,29.25605
HR_Spinup,1386,10,labsea,MLD2,41.35405
HR_Spinup,1386,11,labsea,MLD2,102.58728
HR_Spinup,1386,12,labsea,MLD2,334.43426
HR_Spinup,1386,1,interior,MLD2,2280.21204
HR_Spinup,1386,2,interior,MLD2,2658.18744
HR_Spinup,1386,3,interior,MLD2,2672.87125
HR_Spinup,1386,4,interior,MLD2,2471.17428
HR_Spinup,1386,5,interior,MLD2,319.06046
HR_Spinup,1386,6,interior,MLD2,75.65990
HR_Spinup,1386,7,interior,MLD2,30.53497
HR_Spinup,1386,8,interior,MLD2,27.61553
HR_Spinup,1386,9,interior,MLD2,36.54034
HR_Spinup,1386,10,interior,MLD2,49.40991
HR_Spinup,1386,11,interior,MLD2,139.37606
HR_Spinup,1386,12,interior,MLD2,617.02219
HR_Spinup,1387,1,labsea,a_ice,0.17022
HR_Spinup,1387,2,labsea,a_ice,0.23132
HR_Spinup,1387,3,labsea,a_ice,0.24284
HR_Spinup,1387,4,labsea,a_ice,0.21893
HR_Spinup,1387,5,labsea,a_ice,0.12627
HR_Spinup,1387,6,labsea,a_ice,0.06325
HR_Spinup,1387,7,labsea,a_ice,0.01516
HR_Spinup,1387,8,labsea,a_ice,0.00004
HR_Spinup,1387,9,labsea,a_ice,0.00000
HR_Spinup,1387,10,labsea,a_ice,0.00000
HR_Spinup,1387,11,labsea,a_ice,0.01218
HR_Spinup,1387,12,labsea,a_ice,0.08953
HR_Spinup,1387,1,interior,a_ice,0.02441
HR_Spinup,1387,2,interior,a_ice,0.07900
HR_Spinup,1387,3,interior,a_ice,0.06984
HR_Spinup,1387,4,interior,a_ice,0.05877
HR_Spinup,1387,5,interior,a_ice,0.02414
HR_Spinup,1387,6,interior,a_ice,0.00006
HR_Spinup,1387,7,interior,a_ice,0.00000
HR_Spinup,1387,8,interior,a_ice,0.00000
HR_Spinup,1387,9,interior,a_ice,0.00000
HR_Spinup,1387,10,interior,a_ice,0.00000
HR_Spinup,1387,11,interior,a_ice,0.00001
HR_Spinup,1387,12,interior,a_ice,0.01036
HR_Spinup,1387,1,labsea,MLD2,1376.38261
HR_Spinup,1387,2,labsea,MLD2,1634.87943
HR_Spinup,1387,3,labsea,MLD2,1579.17962
HR_Spinup,1387,4,labsea,MLD2,1524.50174
HR_Spinup,1387,5,labsea,MLD2,1116.25822
HR_Spinup,1387,6,labsea,MLD2,40.34468
HR_Spinup,1387,7,labsea,MLD2,18.24599
HR_Spinup,1387,8,labsea,MLD2,17.58467
HR_Spinup,1387,9,labsea,MLD2,27.55459
HR_Spinup,1387,10,labsea,MLD2,45.49841
HR_Spinup,1387,11,labsea,MLD2,118.63300
HR_Spinup,1387,12,labsea,MLD2,834.99524
HR_Spinup,1387,1,interior,MLD2,2420.56438
HR_Spinup,1387,2,interior,MLD2,2508.64643
HR_Spinup,1387,3,interior,MLD2,2400.09562
HR_Spinup,1387,4,interior,MLD2,2255.78182
HR_Spinup,1387,5,interior,MLD2,1756.58487
HR_Spinup,1387,6,interior,MLD2,63.34564
HR_Spinup,1387,7,interior,MLD2,21.17616
HR_Spinup,1387,8,interior,MLD2,19.84831
HR_Spinup,1387,9,interior,MLD2,32.08070
HR_Spinup,1387,10,interior,MLD2,54.71517
HR_Spinup,1387,11,interior,MLD2,162.22940
HR_Spinup,1387,12,interior,MLD2,1608.31729
HR_Spinup,1388,1,labsea,a_ice,0.16835
HR_Spinup,1388,2,labsea,a_ice,0.22196
HR_Spinup,1388,3,labsea,a_ice,0.22686
HR_Spinup,1388,4,labsea,a_ice,0.15376
HR_Spinup,1388,5,labsea,a_ice,0.08366
HR_Spinup,1388,6,labsea,a_ice,0.02826
HR_Spinup,1388,7,labsea,a_ice,0.00063
HR_Spinup,1388,8,labsea,a_ice,0.00000
HR_Spinup,1388,9,labsea,a_ice,0.00000
HR_Spinup,1388,10,labsea,a_ice,0.00034
HR_Spinup,1388,11,labsea,a_ice,0.02541
HR_Spinup,1388,12,labsea,a_ice,0.13313
HR_Spinup,1388,1,interior,a_ice,0.01851
HR_Spinup,1388,2,interior,a_ice,0.04490
HR_Spinup,1388,3,interior,a_ice,0.05927
HR_Spinup,1388,4,interior,a_ice,0.04828
HR_Spinup,1388,5,interior,a_ice,0.00388
HR_Spinup,1388,6,interior,a_ice,0.00000
HR_Spinup,1388,7,interior,a_ice,0.00000
HR_Spinup,1388,8,interior,a_ice,0.00000
HR_Spinup,1388,9,interior,a_ice,0.00000
HR_Spinup,1388,10,interior,a_ice,0.00000
HR_Spinup,1388,11,interior,a_ice,0.00003
HR_Spinup,1388,12,interior,a_ice,0.01483
HR_Spinup,1388,1,labsea,MLD2,1533.38127
HR_Spinup,1388,2,labsea,MLD2,1646.87698
HR_Spinup,1388,3,labsea,MLD2,1564.61759
HR_Spinup,1388,4,labsea,MLD2,1384.66088
HR_Spinup,1388,5,labsea,MLD2,423.92005
HR_Spinup,1388,6,labsea,MLD2,51.86187
HR_Spinup,1388,7,labsea,MLD2,26.98154
HR_Spinup,1388,8,labsea,MLD2,21.23641
HR_Spinup,1388,9,labsea,MLD2,28.14351
HR_Spinup,1388,10,labsea,MLD2,57.10318
HR_Spinup,1388,11,labsea,MLD2,186.70220
HR_Spinup,1388,12,labsea,MLD2,876.41559
HR_Spinup,1388,1,interior,MLD2,2537.12361
HR_Spinup,1388,2,interior,MLD2,2577.57850
HR_Spinup,1388,3,interior,MLD2,2438.47965
HR_Spinup,1388,4,interior,MLD2,2274.77973
HR_Spinup,1388,5,interior,MLD2,797.93309
HR_Spinup,1388,6,interior,MLD2,77.90643
HR_Spinup,1388,7,interior,MLD2,32.23469
HR_Spinup,1388,8,interior,MLD2,24.29761
HR_Spinup,1388,9,interior,MLD2,33.52046
HR_Spinup,1388,10,interior,MLD2,66.68583
HR_Spinup,1388,11,interior,MLD2,273.00298
HR_Spinup,1388,12,interior,MLD2,1687.18173
HR_Spinup,1389,1,labsea,a_ice,0.19226
HR_Spinup,1389,2,labsea,a_ice,0.21513
HR_Spinup,1389,3,labsea,a_ice,0.24073
HR_Spinup,1389,4,labsea,a_ice,0.18409
HR_Spinup,1389,5,labsea,a_ice,0.12347
HR_Spinup,1389,6,labsea,a_ice,0.02823
HR_Spinup,1389,7,labsea,a_ice,0.00001
HR_Spinup,1389,8,labsea,a_ice,0.00000
HR_Spinup,1389,9,labsea,a_ice,0.00000
HR_Spinup,1389,10,labsea,a_ice,0.00000
HR_Spinup,1389,11,labsea,a_ice,0.00299
HR_Spinup,1389,12,labsea,a_ice,0.05198
HR_Spinup,1389,1,interior,a_ice,0.03594
HR_Spinup,1389,2,interior,a_ice,0.04746
HR_Spinup,1389,3,interior,a_ice,0.05715
HR_Spinup,1389,4,interior,a_ice,0.03705
HR_Spinup,1389,5,interior,a_ice,0.00742
HR_Spinup,1389,6,interior,a_ice,0.00102
HR_Spinup,1389,7,interior,a_ice,0.00000
HR_Spinup,1389,8,interior,a_ice,0.00000
HR_Spinup,1389,9,interior,a_ice,0.00000
HR_Spinup,1389,10,interior,a_ice,0.00000
HR_Spinup,1389,11,interior,a_ice,0.00000
HR_Spinup,1389,12,interior,a_ice,0.00177
HR_Spinup,1389,1,labsea,MLD2,1589.28492
HR_Spinup,1389,2,labsea,MLD2,1668.43729
HR_Spinup,1389,3,labsea,MLD2,1634.69246
HR_Spinup,1389,4,labsea,MLD2,1474.56369
HR_Spinup,1389,5,labsea,MLD2,515.33476
HR_Spinup,1389,6,labsea,MLD2,20.26871
HR_Spinup,1389,7,labsea,MLD2,11.81444
HR_Spinup,1389,8,labsea,MLD2,17.67343
HR_Spinup,1389,9,labsea,MLD2,23.84634
HR_Spinup,1389,10,labsea,MLD2,40.19888
HR_Spinup,1389,11,labsea,MLD2,79.27225
HR_Spinup,1389,12,labsea,MLD2,371.64534
HR_Spinup,1389,1,interior,MLD2,2617.39240
HR_Spinup,1389,2,interior,MLD2,2547.32855
HR_Spinup,1389,3,interior,MLD2,2538.48857
HR_Spinup,1389,4,interior,MLD2,2466.11001
HR_Spinup,1389,5,interior,MLD2,1063.26816
HR_Spinup,1389,6,interior,MLD2,27.35577
HR_Spinup,1389,7,interior,MLD2,12.20479
HR_Spinup,1389,8,interior,MLD2,20.80638
HR_Spinup,1389,9,interior,MLD2,27.34343
HR_Spinup,1389,10,interior,MLD2,47.63142
HR_Spinup,1389,11,interior,MLD2,102.57439
HR_Spinup,1389,12,interior,MLD2,672.44559
HR_Spinup,1390,1,labsea,a_ice,0.16500
HR_Spinup,1390,2,labsea,a_ice,0.17955
HR_Spinup,1390,3,labsea,a_ice,0.21143
HR_Spinup,1390,4,labsea,a_ice,0.18703
HR_Spinup,1390,5,labsea,a_ice,0.13769
HR_Spinup,1390,6,labsea,a_ice,0.01962
HR_Spinup,1390,7,labsea,a_ice,0.00000
HR_Spinup,1390,8,labsea,a_ice,0.00000
HR_Spinup,1390,9,labsea,a_ice,0.00000
HR_Spinup,1390,10,labsea,a_ice,0.00000
HR_Spinup,1390,11,labsea,a_ice,0.00740
HR_Spinup,1390,12,labsea,a_ice,0.06176
HR_Spinup,1390,1,interior,a_ice,0.02278
HR_Spinup,1390,2,interior,a_ice,0.02307
HR_Spinup,1390,3,interior,a_ice,0.01567
HR_Spinup,1390,4,interior,a_ice,0.01019
HR_Spinup,1390,5,interior,a_ice,0.00493
HR_Spinup,1390,6,interior,a_ice,0.00054
HR_Spinup,1390,7,interior,a_ice,0.00000
HR_Spinup,1390,8,interior,a_ice,0.00000
HR_Spinup,1390,9,interior,a_ice,0.00000
HR_Spinup,1390,10,interior,a_ice,0.00000
HR_Spinup,1390,11,interior,a_ice,0.00000
HR_Spinup,1390,12,interior,a_ice,0.00099
HR_Spinup,1390,1,labsea,MLD2,1484.30926
HR_Spinup,1390,2,labsea,MLD2,1630.74311
HR_Spinup,1390,3,labsea,MLD2,1637.65716
HR_Spinup,1390,4,labsea,MLD2,1432.00910
HR_Spinup,1390,5,labsea,MLD2,738.13503
HR_Spinup,1390,6,labsea,MLD2,23.17194
HR_Spinup,1390,7,labsea,MLD2,19.14280
HR_Spinup,1390,8,labsea,MLD2,20.98716
HR_Spinup,1390,9,labsea,MLD2,28.61892
HR_Spinup,1390,10,labsea,MLD2,52.19665
HR_Spinup,1390,11,labsea,MLD2,112.07141
HR_Spinup,1390,12,labsea,MLD2,431.61859
HR_Spinup,1390,1,interior,MLD2,2447.50557
HR_Spinup,1390,2,interior,MLD2,2559.70392
HR_Spinup,1390,3,interior,MLD2,2630.65571
HR_Spinup,1390,4,interior,MLD2,2581.47748
HR_Spinup,1390,5,interior,MLD2,1722.48670
HR_Spinup,1390,6,interior,MLD2,34.10095
HR_Spinup,1390,7,interior,MLD2,23.64240
HR_Spinup,1390,8,interior,MLD2,25.28503
HR_Spinup,1390,9,interior,MLD2,33.65451
HR_Spinup,1390,10,interior,MLD2,62.50844
HR_Spinup,1390,11,interior,MLD2,147.41278
HR_Spinup,1390,12,interior,MLD2,881.43680
HR_Spinup,1391,1,labsea,a_ice,0.15165
HR_Spinup,1391,2,labsea,a_ice,0.19289
HR_Spinup,1391,3,labsea,a_ice,0.22899
HR_Spinup,1391,4,labsea,a_ice,0.18692
HR_Spinup,1391,5,labsea,a_ice,0.14891
HR_Spinup,1391,6,labsea,a_ice,0.07607
HR_Spinup,1391,7,labsea,a_ice,0.00478
HR_Spinup,1391,8,labsea,a_ice,0.00000
HR_Spinup,1391,9,labsea,a_ice,0.00000
HR_Spinup,1391,10,labsea,a_ice,0.00000
HR_Spinup,1391,11,labsea,a_ice,0.01232
HR_Spinup,1391,12,labsea,a_ice,0.08038
HR_Spinup,1391,1,interior,a_ice,0.01487
HR_Spinup,1391,2,interior,a_ice,0.01932
HR_Spinup,1391,3,interior,a_ice,0.03272
HR_Spinup,1391,4,interior,a_ice,0.02515
HR_Spinup,1391,5,interior,a_ice,0.01436
HR_Spinup,1391,6,interior,a_ice,0.00146
HR_Spinup,1391,7,interior,a_ice,0.00000
HR_Spinup,1391,8,interior,a_ice,0.00000
HR_Spinup,1391,9,interior,a_ice,0.00000
HR_Spinup,1391,10,interior,a_ice,0.00000
HR_Spinup,1391,11,interior,a_ice,0.00000
HR_Spinup,1391,12,interior,a_ice,0.00169
HR_Spinup,1391,1,labsea,MLD2,1439.81886
HR_Spinup,1391,2,labsea,MLD2,1671.65522
HR_Spinup,1391,3,labsea,MLD2,1658.91296
HR_Spinup,1391,4,labsea,MLD2,1487.62368
HR_Spinup,1391,5,labsea,MLD2,904.38398
HR_Spinup,1391,6,labsea,MLD2,33.92698
HR_Spinup,1391,7,labsea,MLD2,20.89073
HR_Spinup,1391,8,labsea,MLD2,20.13819
HR_Spinup,1391,9,labsea,MLD2,26.50176
HR_Spinup,1391,10,labsea,MLD2,49.88474
HR_Spinup,1391,11,labsea,MLD2,157.31169
HR_Spinup,1391,12,labsea,MLD2,470.42337
HR_Spinup,1391,1,interior,MLD2,2390.57491
HR_Spinup,1391,2,interior,MLD2,2580.42916
HR_Spinup,1391,3,interior,MLD2,2587.68804
HR_Spinup,1391,4,interior,MLD2,2394.52412
HR_Spinup,1391,5,interior,MLD2,1583.02355
HR_Spinup,1391,6,interior,MLD2,41.85968
HR_Spinup,1391,7,interior,MLD2,25.69228
HR_Spinup,1391,8,interior,MLD2,25.19845
HR_Spinup,1391,9,interior,MLD2,30.80383
HR_Spinup,1391,10,interior,MLD2,54.65439
HR_Spinup,1391,11,interior,MLD2,213.22087
HR_Spinup,1391,12,interior,MLD2,873.61830
HR_Spinup,1392,1,labsea,a_ice,0.14289
HR_Spinup,1392,2,labsea,a_ice,0.19637
HR_Spinup,1392,3,labsea,a_ice,0.15436
HR_Spinup,1392,4,labsea,a_ice,0.12768
HR_Spinup,1392,5,labsea,a_ice,0.06853
HR_Spinup,1392,6,labsea,a_ice,0.01013
HR_Spinup,1392,7,labsea,a_ice,0.00000
HR_Spinup,1392,8,labsea,a_ice,0.00000
HR_Spinup,1392,9,labsea,a_ice,0.00000
HR_Spinup,1392,10,labsea,a_ice,0.00010
HR_Spinup,1392,11,labsea,a_ice,0.00620
HR_Spinup,1392,12,labsea,a_ice,0.08850
HR_Spinup,1392,1,interior,a_ice,0.02092
HR_Spinup,1392,2,interior,a_ice,0.03623
HR_Spinup,1392,3,interior,a_ice,0.02746
HR_Spinup,1392,4,interior,a_ice,0.00304
HR_Spinup,1392,5,interior,a_ice,0.00008
HR_Spinup,1392,6,interior,a_ice,0.00001
HR_Spinup,1392,7,interior,a_ice,0.00000
HR_Spinup,1392,8,interior,a_ice,0.00000
HR_Spinup,1392,9,interior,a_ice,0.00000
HR_Spinup,1392,10,interior,a_ice,0.00000
HR_Spinup,1392,11,interior,a_ice,0.00000
HR_Spinup,1392,12,interior,a_ice,0.00369
HR_Spinup,1392,1,labsea,MLD2,1254.30133
HR_Spinup,1392,2,labsea,MLD2,1581.79381
HR_Spinup,1392,3,labsea,MLD2,1430.50363
HR_Spinup,1392,4,labsea,MLD2,1113.39996
HR_Spinup,1392,5,labsea,MLD2,286.31031
HR_Spinup,1392,6,labsea,MLD2,31.75141
HR_Spinup,1392,7,labsea,MLD2,12.80858
HR_Spinup,1392,8,labsea,MLD2,13.57440
HR_Spinup,1392,9,labsea,MLD2,26.88694
HR_Spinup,1392,10,labsea,MLD2,49.68516
HR_Spinup,1392,11,labsea,MLD2,87.57063
HR_Spinup,1392,12,labsea,MLD2,422.67424
HR_Spinup,1392,1,interior,MLD2,2302.84623
HR_Spinup,1392,2,interior,MLD2,2589.65858
HR_Spinup,1392,3,interior,MLD2,2490.93922
HR_Spinup,1392,4,interior,MLD2,2157.53538
HR_Spinup,1392,5,interior,MLD2,627.42985
HR_Spinup,1392,6,interior,MLD2,47.65707
HR_Spinup,1392,7,interior,MLD2,14.98302
HR_Spinup,1392,8,interior,MLD2,14.54726
HR_Spinup,1392,9,interior,MLD2,31.56597
HR_Spinup,1392,10,interior,MLD2,58.34261
HR_Spinup,1392,11,interior,MLD2,102.63189
HR_Spinup,1392,12,interior,MLD2,736.45898
HR_Spinup,1393,1,labsea,a_ice,0.19220
HR_Spinup,1393,2,labsea,a_ice,0.22851
HR_Spinup,1393,3,labsea,a_ice,0.22859
HR_Spinup,1393,4,labsea,a_ice,0.19240
HR_Spinup,1393,5,labsea,a_ice,0.09812
HR_Spinup,1393,6,labsea,a_ice,0.02989
HR_Spinup,1393,7,labsea,a_ice,0.00028
HR_Spinup,1393,8,labsea,a_ice,0.00000
HR_Spinup,1393,9,labsea,a_ice,0.00000
HR_Spinup,1393,10,labsea,a_ice,0.00000
HR_Spinup,1393,11,labsea,a_ice,0.00138
HR_Spinup,1393,12,labsea,a_ice,0.06818
HR_Spinup,1393,1,interior,a_ice,0.02824
HR_Spinup,1393,2,interior,a_ice,0.05373
HR_Spinup,1393,3,interior,a_ice,0.05679
HR_Spinup,1393,4,interior,a_ice,0.02962
HR_Spinup,1393,5,interior,a_ice,0.01502
HR_Spinup,1393,6,interior,a_ice,0.00071
HR_Spinup,1393,7,interior,a_ice,0.00000
HR_Spinup,1393,8,interior,a_ice,0.00000
HR_Spinup,1393,9,interior,a_ice,0.00000
HR_Spinup,1393,10,interior,a_ice,0.00000
HR_Spinup,1393,11,interior,a_ice,0.00000
HR_Spinup,1393,12,interior,a_ice,0.00422
HR_Spinup,1393,1,labsea,MLD2,1302.71278
HR_Spinup,1393,2,labsea,MLD2,1489.20050
HR_Spinup,1393,3,labsea,MLD2,1595.01596
HR_Spinup,1393,4,labsea,MLD2,1430.32603
HR_Spinup,1393,5,labsea,MLD2,418.59673
HR_Spinup,1393,6,labsea,MLD2,45.28458
HR_Spinup,1393,7,labsea,MLD2,22.91645
HR_Spinup,1393,8,labsea,MLD2,18.30020
HR_Spinup,1393,9,labsea,MLD2,32.02612
HR_Spinup,1393,10,labsea,MLD2,47.79929
HR_Spinup,1393,11,labsea,MLD2,105.02707
HR_Spinup,1393,12,labsea,MLD2,252.32787
HR_Spinup,1393,1,interior,MLD2,1837.03481
HR_Spinup,1393,2,interior,MLD2,1994.18011
HR_Spinup,1393,3,interior,MLD2,2377.17904
HR_Spinup,1393,4,interior,MLD2,2291.38921
HR_Spinup,1393,5,interior,MLD2,836.67111
HR_Spinup,1393,6,interior,MLD2,68.01642
HR_Spinup,1393,7,interior,MLD2,25.76869
HR_Spinup,1393,8,interior,MLD2,20.71788
HR_Spinup,1393,9,interior,MLD2,39.91386
HR_Spinup,1393,10,interior,MLD2,58.30219
HR_Spinup,1393,11,interior,MLD2,125.61934
HR_Spinup,1393,12,interior,MLD2,440.01422
HR_Spinup,1394,1,labsea,a_ice,0.13988
HR_Spinup,1394,2,labsea,a_ice,0.20356
HR_Spinup,1394,3,labsea,a_ice,0.22099
HR_Spinup,1394,4,labsea,a_ice,0.16920
HR_Spinup,1394,5,labsea,a_ice,0.12718
HR_Spinup,1394,6,labsea,a_ice,0.05207
HR_Spinup,1394,7,labsea,a_ice,0.00222
HR_Spinup,1394,8,labsea,a_ice,0.00000
HR_Spinup,1394,9,labsea,a_ice,0.00000
HR_Spinup,1394,10,labsea,a_ice,0.00000
HR_Spinup,1394,11,labsea,a_ice,0.00919
HR_Spinup,1394,12,labsea,a_ice,0.07247
HR_Spinup,1394,1,interior,a_ice,0.00809
HR_Spinup,1394,2,interior,a_ice,0.04974
HR_Spinup,1394,3,interior,a_ice,0.05191
HR_Spinup,1394,4,interior,a_ice,0.01374
HR_Spinup,1394,5,interior,a_ice,0.00261
HR_Spinup,1394,6,interior,a_ice,0.00344
HR_Spinup,1394,7,interior,a_ice,0.00000
HR_Spinup,1394,8,interior,a_ice,0.00000
HR_Spinup,1394,9,interior,a_ice,0.00000
HR_Spinup,1394,10,interior,a_ice,0.00000
HR_Spinup,1394,11,interior,a_ice,0.00002
HR_Spinup,1394,12,interior,a_ice,0.00349
HR_Spinup,1394,1,labsea,MLD2,683.75769
HR_Spinup,1394,2,labsea,MLD2,1459.27948
HR_Spinup,1394,3,labsea,MLD2,1607.19032
HR_Spinup,1394,4,labsea,MLD2,1488.71452
HR_Spinup,1394,5,labsea,MLD2,654.46682
HR_Spinup,1394,6,labsea,MLD2,39.86181
HR_Spinup,1394,7,labsea,MLD2,11.32377
HR_Spinup,1394,8,labsea,MLD2,14.42017
HR_Spinup,1394,9,labsea,MLD2,26.57443
HR_Spinup,1394,10,labsea,MLD2,45.07723
HR_Spinup,1394,11,labsea,MLD2,121.09190
HR_Spinup,1394,12,labsea,MLD2,370.49477
HR_Spinup,1394,1,interior,MLD2,1449.40015
HR_Spinup,1394,2,interior,MLD2,2533.78218
HR_Spinup,1394,3,interior,MLD2,2534.04807
HR_Spinup,1394,4,interior,MLD2,2406.82494
HR_Spinup,1394,5,interior,MLD2,1331.65729
HR_Spinup,1394,6,interior,MLD2,64.13659
HR_Spinup,1394,7,interior,MLD2,12.37471
HR_Spinup,1394,8,interior,MLD2,16.72279
HR_Spinup,1394,9,interior,MLD2,30.22283
HR_Spinup,1394,10,interior,MLD2,54.93129
HR_Spinup,1394,11,interior,MLD2,168.66778
HR_Spinup,1394,12,interior,MLD2,661.39506
HR_Spinup,1395,1,labsea,a_ice,0.15077
HR_Spinup,1395,2,labsea,a_ice,0.18914
HR_Spinup,1395,3,labsea,a_ice,0.19617
HR_Spinup,1395,4,labsea,a_ice,0.20452
HR_Spinup,1395,5,labsea,a_ice,0.18417
HR_Spinup,1395,6,labsea,a_ice,0.12023
HR_Spinup,1395,7,labsea,a_ice,0.01611
HR_Spinup,1395,8,labsea,a_ice,0.00000
HR_Spinup,1395,9,labsea,a_ice,0.00000
HR_Spinup,1395,10,labsea,a_ice,0.00000
HR_Spinup,1395,11,labsea,a_ice,0.00428
HR_Spinup,1395,12,labsea,a_ice,0.06925
HR_Spinup,1395,1,interior,a_ice,0.01751
HR_Spinup,1395,2,interior,a_ice,0.01903
HR_Spinup,1395,3,interior,a_ice,0.01877
HR_Spinup,1395,4,interior,a_ice,0.02627
HR_Spinup,1395,5,interior,a_ice,0.01601
HR_Spinup,1395,6,interior,a_ice,0.00433
HR_Spinup,1395,7,interior,a_ice,0.00024
HR_Spinup,1395,8,interior,a_ice,0.00000
HR_Spinup,1395,9,interior,a_ice,0.00000
HR_Spinup,1395,10,interior,a_ice,0.00000
HR_Spinup,1395,11,interior,a_ice,0.00000
HR_Spinup,1395,12,interior,a_ice,0.00090
HR_Spinup,1395,1,labsea,MLD2,1131.02204
HR_Spinup,1395,2,labsea,MLD2,1447.06476
HR_Spinup,1395,3,labsea,MLD2,1534.26160
HR_Spinup,1395,4,labsea,MLD2,1361.85390
HR_Spinup,1395,5,labsea,MLD2,609.61002
HR_Spinup,1395,6,labsea,MLD2,27.97030
HR_Spinup,1395,7,labsea,MLD2,17.09610
HR_Spinup,1395,8,labsea,MLD2,14.84875
HR_Spinup,1395,9,labsea,MLD2,22.02256
HR_Spinup,1395,10,labsea,MLD2,35.67649
HR_Spinup,1395,11,labsea,MLD2,72.73151
HR_Spinup,1395,12,labsea,MLD2,203.33270
HR_Spinup,1395,1,interior,MLD2,2133.73523
HR_Spinup,1395,2,interior,MLD2,2470.23010
HR_Spinup,1395,3,interior,MLD2,2481.81887
HR_Spinup,1395,4,interior,MLD2,2128.67126
HR_Spinup,1395,5,interior,MLD2,1022.36972
HR_Spinup,1395,6,interior,MLD2,36.96611
HR_Spinup,1395,7,interior,MLD2,20.31802
HR_Spinup,1395,8,interior,MLD2,17.73681
HR_Spinup,1395,9,interior,MLD2,26.02057
HR_Spinup,1395,10,interior,MLD2,43.56268
HR_Spinup,1395,11,interior,MLD2,89.27274
HR_Spinup,1395,12,interior,MLD2,301.21344
HR_Spinup,1396,1,labsea,a_ice,0.17169
HR_Spinup,1396,2,labsea,a_ice,0.20270
HR_Spinup,1396,3,labsea,a_ice,0.18685
HR_Spinup,1396,4,labsea,a_ice,0.14886
HR_Spinup,1396,5,labsea,a_ice,0.11029
HR_Spinup,1396,6,labsea,a_ice,0.05230
HR_Spinup,1396,7,labsea,a_ice,0.01425
HR_Spinup,1396,8,labsea,a_ice,0.00033
HR_Spinup,1396,9,labsea,a_ice,0.00000
HR_Spinup,1396,10,labsea,a_ice,0.00001
HR_Spinup,1396,11,labsea,a_ice,0.01663
HR_Spinup,1396,12,labsea,a_ice,0.11391
HR_Spinup,1396,1,interior,a_ice,0.03287
HR_Spinup,1396,2,interior,a_ice,0.05103
HR_Spinup,1396,3,interior,a_ice,0.03533
HR_Spinup,1396,4,interior,a_ice,0.02724
HR_Spinup,1396,5,interior,a_ice,0.00459
HR_Spinup,1396,6,interior,a_ice,0.00107
HR_Spinup,1396,7,interior,a_ice,0.00000
HR_Spinup,1396,8,interior,a_ice,0.00000
HR_Spinup,1396,9,interior,a_ice,0.00000
HR_Spinup,1396,10,interior,a_ice,0.00000
HR_Spinup,1396,11,interior,a_ice,0.00017
HR_Spinup,1396,12,interior,a_ice,0.01551
HR_Spinup,1396,1,labsea,MLD2,1212.72709
HR_Spinup,1396,2,labsea,MLD2,1560.60317
HR_Spinup,1396,3,labsea,MLD2,1589.97025
HR_Spinup,1396,4,labsea,MLD2,1415.39645
HR_Spinup,1396,5,labsea,MLD2,753.79812
HR_Spinup,1396,6,labsea,MLD2,63.41242
HR_Spinup,1396,7,labsea,MLD2,16.96916
HR_Spinup,1396,8,labsea,MLD2,21.82295
HR_Spinup,1396,9,labsea,MLD2,29.06406
HR_Spinup,1396,10,labsea,MLD2,49.40635
HR_Spinup,1396,11,labsea,MLD2,140.28824
HR_Spinup,1396,12,labsea,MLD2,905.22327
HR_Spinup,1396,1,interior,MLD2,1996.49218
HR_Spinup,1396,2,interior,MLD2,2454.93954
HR_Spinup,1396,3,interior,MLD2,2514.14155
HR_Spinup,1396,4,interior,MLD2,2335.51108
HR_Spinup,1396,5,interior,MLD2,1384.60249
HR_Spinup,1396,6,interior,MLD2,112.43534
HR_Spinup,1396,7,interior,MLD2,19.54551
HR_Spinup,1396,8,interior,MLD2,25.25218
HR_Spinup,1396,9,interior,MLD2,35.24863
HR_Spinup,1396,10,interior,MLD2,54.20695
HR_Spinup,1396,11,interior,MLD2,191.40383
HR_Spinup,1396,12,interior,MLD2,1707.80087
HR_Spinup,1397,1,labsea,a_ice,0.18333
HR_Spinup,1397,2,labsea,a_ice,0.19985
HR_Spinup,1397,3,labsea,a_ice,0.22280
HR_Spinup,1397,4,labsea,a_ice,0.22706
HR_Spinup,1397,5,labsea,a_ice,0.16466
HR_Spinup,1397,6,labsea,a_ice,0.07013
HR_Spinup,1397,7,labsea,a_ice,0.00480
HR_Spinup,1397,8,labsea,a_ice,0.00001
HR_Spinup,1397,9,labsea,a_ice,0.00000
HR_Spinup,1397,10,labsea,a_ice,0.00004
HR_Spinup,1397,11,labsea,a_ice,0.02285
HR_Spinup,1397,12,labsea,a_ice,0.11701
HR_Spinup,1397,1,interior,a_ice,0.03238
HR_Spinup,1397,2,interior,a_ice,0.03596
HR_Spinup,1397,3,interior,a_ice,0.05031
HR_Spinup,1397,4,interior,a_ice,0.04687
HR_Spinup,1397,5,interior,a_ice,0.02442
HR_Spinup,1397,6,interior,a_ice,0.00316
HR_Spinup,1397,7,interior,a_ice,0.00011
HR_Spinup,1397,8,interior,a_ice,0.00000
HR_Spinup,1397,9,interior,a_ice,0.00000
HR_Spinup,1397,10,interior,a_ice,0.00000
HR_Spinup,1397,11,interior,a_ice,0.00030
HR_Spinup,1397,12,interior,a_ice,0.00988
HR_Spinup,1397,1,labsea,MLD2,1397.13452
HR_Spinup,1397,2,labsea,MLD2,1512.42233
HR_Spinup,1397,3,labsea,MLD2,1582.42280
HR_Spinup,1397,4,labsea,MLD2,1461.78342
HR_Spinup,1397,5,labsea,MLD2,840.37198
HR_Spinup,1397,6,labsea,MLD2,35.40467
HR_Spinup,1397,7,labsea,MLD2,24.93064
HR_Spinup,1397,8,labsea,MLD2,18.09016
HR_Spinup,1397,9,labsea,MLD2,27.75678
HR_Spinup,1397,10,labsea,MLD2,50.45145
HR_Spinup,1397,11,labsea,MLD2,107.31727
HR_Spinup,1397,12,labsea,MLD2,560.18169
HR_Spinup,1397,1,interior,MLD2,2337.11052
HR_Spinup,1397,2,interior,MLD2,2370.39866
HR_Spinup,1397,3,interior,MLD2,2503.73303
HR_Spinup,1397,4,interior,MLD2,2364.45787
HR_Spinup,1397,5,interior,MLD2,1458.28756
HR_Spinup,1397,6,interior,MLD2,55.75979
HR_Spinup,1397,7,interior,MLD2,33.62704
HR_Spinup,1397,8,interior,MLD2,21.01078
HR_Spinup,1397,9,interior,MLD2,32.63569
HR_Spinup,1397,10,interior,MLD2,63.38958
HR_Spinup,1397,11,interior,MLD2,140.98548
HR_Spinup,1397,12,interior,MLD2,988.83974
HR_Spinup,1398,1,labsea,a_ice,0.21542
HR_Spinup,1398,2,labsea,a_ice,0.28662
HR_Spinup,1398,3,labsea,a_ice,0.26803
HR_Spinup,1398,4,labsea,a_ice,0.21228
HR_Spinup,1398,5,labsea,a_ice,0.12213
HR_Spinup,1398,6,labsea,a_ice,0.04325
HR_Spinup,1398,7,labsea,a_ice,0.00826
HR_Spinup,1398,8,labsea,a_ice,0.00004
HR_Spinup,1398,9,labsea,a_ice,0.00000
HR_Spinup,1398,10,labsea,a_ice,0.00002
HR_Spinup,1398,11,labsea,a_ice,0.03843
HR_Spinup,1398,12,labsea,a_ice,0.10419
HR_Spinup,1398,1,interior,a_ice,0.03301
HR_Spinup,1398,2,interior,a_ice,0.07363
HR_Spinup,1398,3,interior,a_ice,0.09760
HR_Spinup,1398,4,interior,a_ice,0.05954
HR_Spinup,1398,5,interior,a_ice,0.02737
HR_Spinup,1398,6,interior,a_ice,0.00024
HR_Spinup,1398,7,interior,a_ice,0.00000
HR_Spinup,1398,8,interior,a_ice,0.00000
HR_Spinup,1398,9,interior,a_ice,0.00000
HR_Spinup,1398,10,interior,a_ice,0.00000
HR_Spinup,1398,11,interior,a_ice,0.00003
HR_Spinup,1398,12,interior,a_ice,0.00647
HR_Spinup,1398,1,labsea,MLD2,1280.21074
HR_Spinup,1398,2,labsea,MLD2,1514.93541
HR_Spinup,1398,3,labsea,MLD2,1425.19182
HR_Spinup,1398,4,labsea,MLD2,1306.31552
HR_Spinup,1398,5,labsea,MLD2,452.74090
HR_Spinup,1398,6,labsea,MLD2,22.04178
HR_Spinup,1398,7,labsea,MLD2,14.47441
HR_Spinup,1398,8,labsea,MLD2,16.10576
HR_Spinup,1398,9,labsea,MLD2,25.83495
HR_Spinup,1398,10,labsea,MLD2,38.77168
HR_Spinup,1398,11,labsea,MLD2,90.80260
HR_Spinup,1398,12,labsea,MLD2,487.99092
HR_Spinup,1398,1,interior,MLD2,1951.96054
HR_Spinup,1398,2,interior,MLD2,2426.17399
HR_Spinup,1398,3,interior,MLD2,2259.26148
HR_Spinup,1398,4,interior,MLD2,2257.44627
HR_Spinup,1398,5,interior,MLD2,987.26967
HR_Spinup,1398,6,interior,MLD2,27.77252
HR_Spinup,1398,7,interior,MLD2,15.53372
HR_Spinup,1398,8,interior,MLD2,18.65025
HR_Spinup,1398,9,interior,MLD2,30.32372
HR_Spinup,1398,10,interior,MLD2,46.46203
HR_Spinup,1398,11,interior,MLD2,135.45803
HR_Spinup,1398,12,interior,MLD2,1003.79050
HR_Spinup,1399,1,labsea,a_ice,0.22800
HR_Spinup,1399,2,labsea,a_ice,0.26150
HR_Spinup,1399,3,labsea,a_ice,0.25189
HR_Spinup,1399,4,labsea,a_ice,0.20195
HR_Spinup,1399,5,labsea,a_ice,0.08862
HR_Spinup,1399,6,labsea,a_ice,0.01698
HR_Spinup,1399,7,labsea,a_ice,0.00013
HR_Spinup,1399,8,labsea,a_ice,0.00001
HR_Spinup,1399,9,labsea,a_ice,0.00000
HR_Spinup,1399,10,labsea,a_ice,0.00020
HR_Spinup,1399,11,labsea,a_ice,0.02774
HR_Spinup,1399,12,labsea,a_ice,0.09135
HR_Spinup,1399,1,interior,a_ice,0.03207
HR_Spinup,1399,2,interior,a_ice,0.07050
HR_Spinup,1399,3,interior,a_ice,0.05546
HR_Spinup,1399,4,interior,a_ice,0.05207
HR_Spinup,1399,5,interior,a_ice,0.01061
HR_Spinup,1399,6,interior,a_ice,0.00000
HR_Spinup,1399,7,interior,a_ice,0.00000
HR_Spinup,1399,8,interior,a_ice,0.00000
HR_Spinup,1399,9,interior,a_ice,0.00000
HR_Spinup,1399,10,interior,a_ice,0.00000
HR_Spinup,1399,11,interior,a_ice,0.00002
HR_Spinup,1399,12,interior,a_ice,0.01037
HR_Spinup,1399,1,labsea,MLD2,1216.96643
HR_Spinup,1399,2,labsea,MLD2,1367.59988
HR_Spinup,1399,3,labsea,MLD2,1412.72185
HR_Spinup,1399,4,labsea,MLD2,992.76182
HR_Spinup,1399,5,labsea,MLD2,278.04955
HR_Spinup,1399,6,labsea,MLD2,25.18531
HR_Spinup,1399,7,labsea,MLD2,20.98531
HR_Spinup,1399,8,labsea,MLD2,18.52915
HR_Spinup,1399,9,labsea,MLD2,31.89879
HR_Spinup,1399,10,labsea,MLD2,54.47354
HR_Spinup,1399,11,labsea,MLD2,115.03927
HR_Spinup,1399,12,labsea,MLD2,444.25095
HR_Spinup,1399,1,interior,MLD2,2124.96923
HR_Spinup,1399,2,interior,MLD2,2205.69414
HR_Spinup,1399,3,interior,MLD2,2357.20370
HR_Spinup,1399,4,interior,MLD2,1763.25992
HR_Spinup,1399,5,interior,MLD2,515.88596
HR_Spinup,1399,6,interior,MLD2,31.23850
HR_Spinup,1399,7,interior,MLD2,23.64643
HR_Spinup,1399,8,interior,MLD2,20.94618
HR_Spinup,1399,9,interior,MLD2,36.77286
HR_Spinup,1399,10,interior,MLD2,61.20653
HR_Spinup,1399,11,interior,MLD2,166.16415
HR_Spinup,1399,12,interior,MLD2,876.39072
HR_Spinup,1400,1,labsea,a_ice,0.19051
HR_Spinup,1400,2,labsea,a_ice,0.24211
HR_Spinup,1400,3,labsea,a_ice,0.24914
HR_Spinup,1400,4,labsea,a_ice,0.26666
HR_Spinup,1400,5,labsea,a_ice,0.22609
HR_Spinup,1400,6,labsea,a_ice,0.13434
HR_Spinup,1400,7,labsea,a_ice,0.03108
HR_Spinup,1400,8,labsea,a_ice,0.00043
HR_Spinup,1400,9,labsea,a_ice,0.00000
HR_Spinup,1400,10,labsea,a_ice,0.00000
HR_Spinup,1400,11,labsea,a_ice,0.00188
HR_Spinup,1400,12,labsea,a_ice,0.09588
HR_Spinup,1400,1,interior,a_ice,0.01719
HR_Spinup,1400,2,interior,a_ice,0.02211
HR_Spinup,1400,3,interior,a_ice,0.05041
HR_Spinup,1400,4,interior,a_ice,0.08635
HR_Spinup,1400,5,interior,a_ice,0.03652
HR_Spinup,1400,6,interior,a_ice,0.00917
HR_Spinup,1400,7,interior,a_ice,0.00162
HR_Spinup,1400,8,interior,a_ice,0.00000
HR_Spinup,1400,9,interior,a_ice,0.00000
HR_Spinup,1400,10,interior,a_ice,0.00000
HR_Spinup,1400,11,interior,a_ice,0.00003
HR_Spinup,1400,12,interior,a_ice,0.00559
HR_Spinup,1400,1,labsea,MLD2,1001.91514
HR_Spinup,1400,2,labsea,MLD2,1221.01446
HR_Spinup,1400,3,labsea,MLD2,1174.67595
HR_Spinup,1400,4,labsea,MLD2,1045.11467
HR_Spinup,1400,5,labsea,MLD2,567.29280
HR_Spinup,1400,6,labsea,MLD2,21.25270
HR_Spinup,1400,7,labsea,MLD2,19.33768
HR_Spinup,1400,8,labsea,MLD2,17.59812
HR_Spinup,1400,9,labsea,MLD2,27.89852
HR_Spinup,1400,10,labsea,MLD2,37.69177
HR_Spinup,1400,11,labsea,MLD2,74.77794
HR_Spinup,1400,12,labsea,MLD2,346.50182
HR_Spinup,1400,1,interior,MLD2,1818.54658
HR_Spinup,1400,2,interior,MLD2,2213.69986
HR_Spinup,1400,3,interior,MLD2,2207.79582
HR_Spinup,1400,4,interior,MLD2,1920.19846
HR_Spinup,1400,5,interior,MLD2,1256.89384
HR_Spinup,1400,6,interior,MLD2,24.86091
HR_Spinup,1400,7,interior,MLD2,23.45745
HR_Spinup,1400,8,interior,MLD2,21.00790
HR_Spinup,1400,9,interior,MLD2,34.84341
HR_Spinup,1400,10,interior,MLD2,47.79508
HR_Spinup,1400,11,interior,MLD2,97.48465
HR_Spinup,1400,12,interior,MLD2,571.91336
HR_Spinup,1401,1,labsea,a_ice,0.20430
HR_Spinup,1401,2,labsea,a_ice,0.25631
HR_Spinup,1401,3,labsea,a_ice,0.30444
HR_Spinup,1401,4,labsea,a_ice,0.30757
HR_Spinup,1401,5,labsea,a_ice,0.17065
HR_Spinup,1401,6,labsea,a_ice,0.04261
HR_Spinup,1401,7,labsea,a_ice,0.00051
HR_Spinup,1401,8,labsea,a_ice,0.00000
HR_Spinup,1401,9,labsea,a_ice,0.00000
HR_Spinup,1401,10,labsea,a_ice,0.00000
HR_Spinup,1401,11,labsea,a_ice,0.00706
HR_Spinup,1401,12,labsea,a_ice,0.05941
HR_Spinup,1401,1,interior,a_ice,0.02185
HR_Spinup,1401,2,interior,a_ice,0.05491
HR_Spinup,1401,3,interior,a_ice,0.08933
HR_Spinup,1401,4,interior,a_ice,0.12219
HR_Spinup,1401,5,interior,a_ice,0.01872
HR_Spinup,1401,6,interior,a_ice,0.00116
HR_Spinup,1401,7,interior,a_ice,0.00000
HR_Spinup,1401,8,interior,a_ice,0.00000
HR_Spinup,1401,9,interior,a_ice,0.00000
HR_Spinup,1401,10,interior,a_ice,0.00000
HR_Spinup,1401,11,interior,a_ice,0.00013
HR_Spinup,1401,12,interior,a_ice,0.00138
HR_Spinup,1401,1,labsea,MLD2,1240.78092
HR_Spinup,1401,2,labsea,MLD2,1413.78457
HR_Spinup,1401,3,labsea,MLD2,1268.86054
HR_Spinup,1401,4,labsea,MLD2,1071.35216
HR_Spinup,1401,5,labsea,MLD2,448.19097
HR_Spinup,1401,6,labsea,MLD2,16.13598
HR_Spinup,1401,7,labsea,MLD2,15.42684
HR_Spinup,1401,8,labsea,MLD2,13.02979
HR_Spinup,1401,9,labsea,MLD2,21.08325
HR_Spinup,1401,10,labsea,MLD2,33.50234
HR_Spinup,1401,11,labsea,MLD2,69.19065
HR_Spinup,1401,12,labsea,MLD2,152.96973
HR_Spinup,1401,1,interior,MLD2,2125.14361
HR_Spinup,1401,2,interior,MLD2,2331.08538
HR_Spinup,1401,3,interior,MLD2,2050.35642
HR_Spinup,1401,4,interior,MLD2,1648.13346
HR_Spinup,1401,5,interior,MLD2,793.41105
HR_Spinup,1401,6,interior,MLD2,19.18350
HR_Spinup,1401,7,interior,MLD2,18.60535
HR_Spinup,1401,8,interior,MLD2,13.82241
HR_Spinup,1401,9,interior,MLD2,23.61136
HR_Spinup,1401,10,interior,MLD2,38.35663
HR_Spinup,1401,11,interior,MLD2,80.24157
HR_Spinup,1401,12,interior,MLD2,242.75824
HR_Spinup,1402,1,labsea,a_ice,0.17005
HR_Spinup,1402,2,labsea,a_ice,0.24470
HR_Spinup,1402,3,labsea,a_ice,0.24545
HR_Spinup,1402,4,labsea,a_ice,0.21205
HR_Spinup,1402,5,labsea,a_ice,0.18169
HR_Spinup,1402,6,labsea,a_ice,0.08764
HR_Spinup,1402,7,labsea,a_ice,0.00548
HR_Spinup,1402,8,labsea,a_ice,0.00000
HR_Spinup,1402,9,labsea,a_ice,0.00000
HR_Spinup,1402,10,labsea,a_ice,0.00000
HR_Spinup,1402,11,labsea,a_ice,0.00121
HR_Spinup,1402,12,labsea,a_ice,0.09281
HR_Spinup,1402,1,interior,a_ice,0.00838
HR_Spinup,1402,2,interior,a_ice,0.04320
HR_Spinup,1402,3,interior,a_ice,0.05266
HR_Spinup,1402,4,interior,a_ice,0.04003
HR_Spinup,1402,5,interior,a_ice,0.02316
HR_Spinup,1402,6,interior,a_ice,0.02163
HR_Spinup,1402,7,interior,a_ice,0.00010
HR_Spinup,1402,8,interior,a_ice,0.00000
HR_Spinup,1402,9,interior,a_ice,0.00000
HR_Spinup,1402,10,interior,a_ice,0.00000
HR_Spinup,1402,11,interior,a_ice,0.00000
HR_Spinup,1402,12,interior,a_ice,0.00655
HR_Spinup,1402,1,labsea,MLD2,920.69204
HR_Spinup,1402,2,labsea,MLD2,1292.45363
HR_Spinup,1402,3,labsea,MLD2,1391.68650
HR_Spinup,1402,4,labsea,MLD2,1248.31394
HR_Spinup,1402,5,labsea,MLD2,838.36364
HR_Spinup,1402,6,labsea,MLD2,85.64976
HR_Spinup,1402,7,labsea,MLD2,19.41237
HR_Spinup,1402,8,labsea,MLD2,16.45746
HR_Spinup,1402,9,labsea,MLD2,20.78129
HR_Spinup,1402,10,labsea,MLD2,29.87420
HR_Spinup,1402,11,labsea,MLD2,64.62544
HR_Spinup,1402,12,labsea,MLD2,237.69680
HR_Spinup,1402,1,interior,MLD2,1812.23331
HR_Spinup,1402,2,interior,MLD2,2301.48437
HR_Spinup,1402,3,interior,MLD2,2215.23546
HR_Spinup,1402,4,interior,MLD2,2087.22922
HR_Spinup,1402,5,interior,MLD2,1550.74703
HR_Spinup,1402,6,interior,MLD2,178.78298
HR_Spinup,1402,7,interior,MLD2,21.76476
HR_Spinup,1402,8,interior,MLD2,19.13803
HR_Spinup,1402,9,interior,MLD2,24.04988
HR_Spinup,1402,10,interior,MLD2,34.43984
HR_Spinup,1402,11,interior,MLD2,83.18530
HR_Spinup,1402,12,interior,MLD2,376.77749
HR_Spinup,1403,1,labsea,a_ice,0.22129
HR_Spinup,1403,2,labsea,a_ice,0.26350
HR_Spinup,1403,3,labsea,a_ice,0.27722
HR_Spinup,1403,4,labsea,a_ice,0.24709
HR_Spinup,1403,5,labsea,a_ice,0.16841
HR_Spinup,1403,6,labsea,a_ice,0.06740
HR_Spinup,1403,7,labsea,a_ice,0.00509
HR_Spinup,1403,8,labsea,a_ice,0.00034
HR_Spinup,1403,9,labsea,a_ice,0.00000
HR_Spinup,1403,10,labsea,a_ice,0.00000
HR_Spinup,1403,11,labsea,a_ice,0.02365
HR_Spinup,1403,12,labsea,a_ice,0.12182
HR_Spinup,1403,1,interior,a_ice,0.04920
HR_Spinup,1403,2,interior,a_ice,0.04550
HR_Spinup,1403,3,interior,a_ice,0.07111
HR_Spinup,1403,4,interior,a_ice,0.05662
HR_Spinup,1403,5,interior,a_ice,0.02034
HR_Spinup,1403,6,interior,a_ice,0.01748
HR_Spinup,1403,7,interior,a_ice,0.00000
HR_Spinup,1403,8,interior,a_ice,0.00000
HR_Spinup,1403,9,interior,a_ice,0.00000
HR_Spinup,1403,10,interior,a_ice,0.00000
HR_Spinup,1403,11,interior,a_ice,0.00003
HR_Spinup,1403,12,interior,a_ice,0.01296
HR_Spinup,1403,1,labsea,MLD2,1281.68130
HR_Spinup,1403,2,labsea,MLD2,1332.84258
HR_Spinup,1403,3,labsea,MLD2,1337.43510
HR_Spinup,1403,4,labsea,MLD2,1064.63889
HR_Spinup,1403,5,labsea,MLD2,403.87341
HR_Spinup,1403,6,labsea,MLD2,24.89201
HR_Spinup,1403,7,labsea,MLD2,19.76309
HR_Spinup,1403,8,labsea,MLD2,15.60388
HR_Spinup,1403,9,labsea,MLD2,24.56222
HR_Spinup,1403,10,labsea,MLD2,44.62710
HR_Spinup,1403,11,labsea,MLD2,102.33749
HR_Spinup,1403,12,labsea,MLD2,488.05313
HR_Spinup,1403,1,interior,MLD2,2037.67424
HR_Spinup,1403,2,interior,MLD2,2047.21521
HR_Spinup,1403,3,interior,MLD2,2036.43080
HR_Spinup,1403,4,interior,MLD2,1837.28513
HR_Spinup,1403,5,interior,MLD2,769.50946
HR_Spinup,1403,6,interior,MLD2,30.90736
HR_Spinup,1403,7,interior,MLD2,24.54559
HR_Spinup,1403,8,interior,MLD2,17.59208
HR_Spinup,1403,9,interior,MLD2,28.20020
HR_Spinup,1403,10,interior,MLD2,47.22742
HR_Spinup,1403,11,interior,MLD2,118.30977
HR_Spinup,1403,12,interior,MLD2,928.42962
HR_Spinup,1404,1,labsea,a_ice,0.22086
HR_Spinup,1404,2,labsea,a_ice,0.23449
HR_Spinup,1404,3,labsea,a_ice,0.24589
HR_Spinup,1404,4,labsea,a_ice,0.21812
HR_Spinup,1404,5,labsea,a_ice,0.18499
HR_Spinup,1404,6,labsea,a_ice,0.08614
HR_Spinup,1404,7,labsea,a_ice,0.00266
HR_Spinup,1404,8,labsea,a_ice,0.00001
HR_Spinup,1404,9,labsea,a_ice,0.00023
HR_Spinup,1404,10,labsea,a_ice,0.00271
HR_Spinup,1404,11,labsea,a_ice,0.01155
HR_Spinup,1404,12,labsea,a_ice,0.11054
HR_Spinup,1404,1,interior,a_ice,0.06579
HR_Spinup,1404,2,interior,a_ice,0.05416
HR_Spinup,1404,3,interior,a_ice,0.06764
HR_Spinup,1404,4,interior,a_ice,0.02609
HR_Spinup,1404,5,interior,a_ice,0.02164
HR_Spinup,1404,6,interior,a_ice,0.00807
HR_Spinup,1404,7,interior,a_ice,0.00002
HR_Spinup,1404,8,interior,a_ice,0.00000
HR_Spinup,1404,9,interior,a_ice,0.00000
HR_Spinup,1404,10,interior,a_ice,0.00007
HR_Spinup,1404,11,interior,a_ice,0.00116
HR_Spinup,1404,12,interior,a_ice,0.01295
HR_Spinup,1404,1,labsea,MLD2,1186.32221
HR_Spinup,1404,2,labsea,MLD2,1224.57428
HR_Spinup,1404,3,labsea,MLD2,1255.21485
HR_Spinup,1404,4,labsea,MLD2,1263.38936
HR_Spinup,1404,5,labsea,MLD2,698.03883
HR_Spinup,1404,6,labsea,MLD2,23.72971
HR_Spinup,1404,7,labsea,MLD2,16.73528
HR_Spinup,1404,8,labsea,MLD2,18.35186
HR_Spinup,1404,9,labsea,MLD2,29.83432
HR_Spinup,1404,10,labsea,MLD2,49.48038
HR_Spinup,1404,11,labsea,MLD2,96.11874
HR_Spinup,1404,12,labsea,MLD2,450.81832
HR_Spinup,1404,1,interior,MLD2,1955.24875
HR_Spinup,1404,2,interior,MLD2,2104.90014
HR_Spinup,1404,3,interior,MLD2,2210.32011
HR_Spinup,1404,4,interior,MLD2,2218.10525
HR_Spinup,1404,5,interior,MLD2,1290.35400
HR_Spinup,1404,6,interior,MLD2,29.20293
HR_Spinup,1404,7,interior,MLD2,21.59188
HR_Spinup,1404,8,interior,MLD2,23.01634
HR_Spinup,1404,9,interior,MLD2,35.77885
HR_Spinup,1404,10,interior,MLD2,60.50203
HR_Spinup,1404,11,interior,MLD2,137.84565
HR_Spinup,1404,12,interior,MLD2,918.75224
HR_Spinup,1405,1,labsea,a_ice,0.20617
HR_Spinup,1405,2,labsea,a_ice,0.27226
HR_Spinup,1405,3,labsea,a_ice,0.28413
HR_Spinup,1405,4,labsea,a_ice,0.26351
HR_Spinup,1405,5,labsea,a_ice,0.21787
HR_Spinup,1405,6,labsea,a_ice,0.09484
HR_Spinup,1405,7,labsea,a_ice,0.00437
HR_Spinup,1405,8,labsea,a_ice,0.00000
HR_Spinup,1405,9,labsea,a_ice,0.00000
HR_Spinup,1405,10,labsea,a_ice,0.00000
HR_Spinup,1405,11,labsea,a_ice,0.00667
HR_Spinup,1405,12,labsea,a_ice,0.10892
HR_Spinup,1405,1,interior,a_ice,0.03614
HR_Spinup,1405,2,interior,a_ice,0.03774
HR_Spinup,1405,3,interior,a_ice,0.06307
HR_Spinup,1405,4,interior,a_ice,0.06991
HR_Spinup,1405,5,interior,a_ice,0.04582
HR_Spinup,1405,6,interior,a_ice,0.01010
HR_Spinup,1405,7,interior,a_ice,0.00003
HR_Spinup,1405,8,interior,a_ice,0.00000
HR_Spinup,1405,9,interior,a_ice,0.00000
HR_Spinup,1405,10,interior,a_ice,0.00000
HR_Spinup,1405,11,interior,a_ice,0.00001
HR_Spinup,1405,12,interior,a_ice,0.00617
HR_Spinup,1405,1,labsea,MLD2,1167.31090
HR_Spinup,1405,2,labsea,MLD2,1355.85900
HR_Spinup,1405,3,labsea,MLD2,1351.89011
HR_Spinup,1405,4,labsea,MLD2,1299.59121
HR_Spinup,1405,5,labsea,MLD2,781.68342
HR_Spinup,1405,6,labsea,MLD2,30.84959
HR_Spinup,1405,7,labsea,MLD2,11.85564
HR_Spinup,1405,8,labsea,MLD2,11.76197
HR_Spinup,1405,9,labsea,MLD2,22.57168
HR_Spinup,1405,10,labsea,MLD2,48.42739
HR_Spinup,1405,11,labsea,MLD2,90.92344
HR_Spinup,1405,12,labsea,MLD2,468.96703
HR_Spinup,1405,1,interior,MLD2,2110.70616
HR_Spinup,1405,2,interior,MLD2,2301.09903
HR_Spinup,1405,3,interior,MLD2,2196.65463
HR_Spinup,1405,4,interior,MLD2,2240.26035
HR_Spinup,1405,5,interior,MLD2,1534.29953
HR_Spinup,1405,6,interior,MLD2,46.34748
HR_Spinup,1405,7,interior,MLD2,12.23691
HR_Spinup,1405,8,interior,MLD2,12.99015
HR_Spinup,1405,9,interior,MLD2,25.93633
HR_Spinup,1405,10,interior,MLD2,57.20889
HR_Spinup,1405,11,interior,MLD2,114.04585
HR_Spinup,1405,12,interior,MLD2,867.79563
HR_Spinup,1406,1,labsea,a_ice,0.23893
HR_Spinup,1406,2,labsea,a_ice,0.31380
HR_Spinup,1406,3,labsea,a_ice,0.29873
HR_Spinup,1406,4,labsea,a_ice,0.26897
HR_Spinup,1406,5,labsea,a_ice,0.21188
HR_Spinup,1406,6,labsea,a_ice,0.12936
HR_Spinup,1406,7,labsea,a_ice,0.02024
HR_Spinup,1406,8,labsea,a_ice,0.00030
HR_Spinup,1406,9,labsea,a_ice,0.00002
HR_Spinup,1406,10,labsea,a_ice,0.00044
HR_Spinup,1406,11,labsea,a_ice,0.04352
HR_Spinup,1406,12,labsea,a_ice,0.15481
HR_Spinup,1406,1,interior,a_ice,0.06154
HR_Spinup,1406,2,interior,a_ice,0.10325
HR_Spinup,1406,3,interior,a_ice,0.09081
HR_Spinup,1406,4,interior,a_ice,0.05840
HR_Spinup,1406,5,interior,a_ice,0.03380
HR_Spinup,1406,6,interior,a_ice,0.00745
HR_Spinup,1406,7,interior,a_ice,0.00033
HR_Spinup,1406,8,interior,a_ice,0.00000
HR_Spinup,1406,9,interior,a_ice,0.00000
HR_Spinup,1406,10,interior,a_ice,0.00001
HR_Spinup,1406,11,interior,a_ice,0.00177
HR_Spinup,1406,12,interior,a_ice,0.00668
HR_Spinup,1406,1,labsea,MLD2,1196.51494
HR_Spinup,1406,2,labsea,MLD2,1331.93845
HR_Spinup,1406,3,labsea,MLD2,1251.91846
HR_Spinup,1406,4,labsea,MLD2,1312.39187
HR_Spinup,1406,5,labsea,MLD2,1093.14162
HR_Spinup,1406,6,labsea,MLD2,91.46857
HR_Spinup,1406,7,labsea,MLD2,19.70029
HR_Spinup,1406,8,labsea,MLD2,19.98592
HR_Spinup,1406,9,labsea,MLD2,30.60122
HR_Spinup,1406,10,labsea,MLD2,47.38553
HR_Spinup,1406,11,labsea,MLD2,104.69385
HR_Spinup,1406,12,labsea,MLD2,382.76640
HR_Spinup,1406,1,interior,MLD2,2036.85394
HR_Spinup,1406,2,interior,MLD2,1904.60173
HR_Spinup,1406,3,interior,MLD2,1932.83182
HR_Spinup,1406,4,interior,MLD2,1963.17128
HR_Spinup,1406,5,interior,MLD2,1696.38378
HR_Spinup,1406,6,interior,MLD2,141.64046
HR_Spinup,1406,7,interior,MLD2,22.59999
HR_Spinup,1406,8,interior,MLD2,24.86372
HR_Spinup,1406,9,interior,MLD2,37.50029
HR_Spinup,1406,10,interior,MLD2,61.64193
HR_Spinup,1406,11,interior,MLD2,156.41395
HR_Spinup,1406,12,interior,MLD2,882.13148
HR_Spinup,1407,1,labsea,a_ice,0.22639
HR_Spinup,1407,2,labsea,a_ice,0.28528
HR_Spinup,1407,3,labsea,a_ice,0.27563
HR_Spinup,1407,4,labsea,a_ice,0.22089
HR_Spinup,1407,5,labsea,a_ice,0.16304
HR_Spinup,1407,6,labsea,a_ice,0.06880
HR_Spinup,1407,7,labsea,a_ice,0.00951
HR_Spinup,1407,8,labsea,a_ice,0.00071
HR_Spinup,1407,9,labsea,a_ice,0.00000
HR_Spinup,1407,10,labsea,a_ice,0.00010
HR_Spinup,1407,11,labsea,a_ice,0.00949
HR_Spinup,1407,12,labsea,a_ice,0.11037
HR_Spinup,1407,1,interior,a_ice,0.04525
HR_Spinup,1407,2,interior,a_ice,0.05156
HR_Spinup,1407,3,interior,a_ice,0.07879
HR_Spinup,1407,4,interior,a_ice,0.04054
HR_Spinup,1407,5,interior,a_ice,0.01730
HR_Spinup,1407,6,interior,a_ice,0.00223
HR_Spinup,1407,7,interior,a_ice,0.00191
HR_Spinup,1407,8,interior,a_ice,0.00007
HR_Spinup,1407,9,interior,a_ice,0.00000
HR_Spinup,1407,10,interior,a_ice,0.00000
HR_Spinup,1407,11,interior,a_ice,0.00023
HR_Spinup,1407,12,interior,a_ice,0.00409
HR_Spinup,1407,1,labsea,MLD2,906.09100
HR_Spinup,1407,2,labsea,MLD2,1328.42907
HR_Spinup,1407,3,labsea,MLD2,1395.82636
HR_Spinup,1407,4,labsea,MLD2,1040.58848
HR_Spinup,1407,5,labsea,MLD2,637.18091
HR_Spinup,1407,6,labsea,MLD2,19.64903
HR_Spinup,1407,7,labsea,MLD2,15.97019
HR_Spinup,1407,8,labsea,MLD2,14.89886
HR_Spinup,1407,9,labsea,MLD2,22.75835
HR_Spinup,1407,10,labsea,MLD2,44.67657
HR_Spinup,1407,11,labsea,MLD2,87.06944
HR_Spinup,1407,12,labsea,MLD2,379.07344
HR_Spinup,1407,1,interior,MLD2,1816.20163
HR_Spinup,1407,2,interior,MLD2,2287.26853
HR_Spinup,1407,3,interior,MLD2,2264.69835
HR_Spinup,1407,4,interior,MLD2,1822.26702
HR_Spinup,1407,5,interior,MLD2,1206.18600
HR_Spinup,1407,6,interior,MLD2,27.95906
HR_Spinup,1407,7,interior,MLD2,18.77846
HR_Spinup,1407,8,interior,MLD2,16.53650
HR_Spinup,1407,9,interior,MLD2,27.07363
HR_Spinup,1407,10,interior,MLD2,56.54597
HR_Spinup,1407,11,interior,MLD2,133.13104
HR_Spinup,1407,12,interior,MLD2,749.15330
HR_Spinup,1408,1,labsea,a_ice,0.19172
HR_Spinup,1408,2,labsea,a_ice,0.24094
HR_Spinup,1408,3,labsea,a_ice,0.23589
HR_Spinup,1408,4,labsea,a_ice,0.18801
HR_Spinup,1408,5,labsea,a_ice,0.12947
HR_Spinup,1408,6,labsea,a_ice,0.04855
HR_Spinup,1408,7,labsea,a_ice,0.00550
HR_Spinup,1408,8,labsea,a_ice,0.00000
HR_Spinup,1408,9,labsea,a_ice,0.00000
HR_Spinup,1408,10,labsea,a_ice,0.00000
HR_Spinup,1408,11,labsea,a_ice,0.01096
HR_Spinup,1408,12,labsea,a_ice,0.14880
HR_Spinup,1408,1,interior,a_ice,0.03563
HR_Spinup,1408,2,interior,a_ice,0.05756
HR_Spinup,1408,3,interior,a_ice,0.06455
HR_Spinup,1408,4,interior,a_ice,0.01848
HR_Spinup,1408,5,interior,a_ice,0.01453
HR_Spinup,1408,6,interior,a_ice,0.00040
HR_Spinup,1408,7,interior,a_ice,0.00000
HR_Spinup,1408,8,interior,a_ice,0.00000
HR_Spinup,1408,9,interior,a_ice,0.00000
HR_Spinup,1408,10,interior,a_ice,0.00000
HR_Spinup,1408,11,interior,a_ice,0.00003
HR_Spinup,1408,12,interior,a_ice,0.02379
HR_Spinup,1408,1,labsea,MLD2,1146.87366
HR_Spinup,1408,2,labsea,MLD2,1338.99384
HR_Spinup,1408,3,labsea,MLD2,1238.05228
HR_Spinup,1408,4,labsea,MLD2,1014.25766
HR_Spinup,1408,5,labsea,MLD2,358.04678
HR_Spinup,1408,6,labsea,MLD2,29.95676
HR_Spinup,1408,7,labsea,MLD2,17.27236
HR_Spinup,1408,8,labsea,MLD2,17.24878
HR_Spinup,1408,9,labsea,MLD2,25.17981
HR_Spinup,1408,10,labsea,MLD2,42.85061
HR_Spinup,1408,11,labsea,MLD2,84.08976
HR_Spinup,1408,12,labsea,MLD2,355.08902
HR_Spinup,1408,1,interior,MLD2,1915.79382
HR_Spinup,1408,2,interior,MLD2,2183.00301
HR_Spinup,1408,3,interior,MLD2,2091.12908
HR_Spinup,1408,4,interior,MLD2,1834.33852
HR_Spinup,1408,5,interior,MLD2,766.27315
HR_Spinup,1408,6,interior,MLD2,45.52433
HR_Spinup,1408,7,interior,MLD2,20.83998
HR_Spinup,1408,8,interior,MLD2,21.03183
HR_Spinup,1408,9,interior,MLD2,33.13752
HR_Spinup,1408,10,interior,MLD2,52.58292
HR_Spinup,1408,11,interior,MLD2,120.24558
HR_Spinup,1408,12,interior,MLD2,565.87180
HR_Spinup,1409,1,labsea,a_ice,0.27106
HR_Spinup,1409,2,labsea,a_ice,0.33230
HR_Spinup,1409,3,labsea,a_ice,0.32889
HR_Spinup,1409,4,labsea,a_ice,0.26941
HR_Spinup,1409,5,labsea,a_ice,0.15742
HR_Spinup,1409,6,labsea,a_ice,0.04741
HR_Spinup,1409,7,labsea,a_ice,0.00292
HR_Spinup,1409,8,labsea,a_ice,0.00000
HR_Spinup,1409,9,labsea,a_ice,0.00000
HR_Spinup,1409,10,labsea,a_ice,0.00006
HR_Spinup,1409,11,labsea,a_ice,0.00389
HR_Spinup,1409,12,labsea,a_ice,0.06598
HR_Spinup,1409,1,interior,a_ice,0.08060
HR_Spinup,1409,2,interior,a_ice,0.11269
HR_Spinup,1409,3,interior,a_ice,0.12686
HR_Spinup,1409,4,interior,a_ice,0.08001
HR_Spinup,1409,5,interior,a_ice,0.04416
HR_Spinup,1409,6,interior,a_ice,0.00038
HR_Spinup,1409,7,interior,a_ice,0.00000
HR_Spinup,1409,8,interior,a_ice,0.00000
HR_Spinup,1409,9,interior,a_ice,0.00000
HR_Spinup,1409,10,interior,a_ice,0.00000
HR_Spinup,1409,11,interior,a_ice,0.00021
HR_Spinup,1409,12,interior,a_ice,0.00322
HR_Spinup,1409,1,labsea,MLD2,1143.53087
HR_Spinup,1409,2,labsea,MLD2,1368.44890
HR_Spinup,1409,3,labsea,MLD2,1314.59268
HR_Spinup,1409,4,labsea,MLD2,1156.05172
HR_Spinup,1409,5,labsea,MLD2,541.68610
HR_Spinup,1409,6,labsea,MLD2,31.14400
HR_Spinup,1409,7,labsea,MLD2,13.71695
HR_Spinup,1409,8,labsea,MLD2,16.52346
HR_Spinup,1409,9,labsea,MLD2,28.19691
HR_Spinup,1409,10,labsea,MLD2,48.50614
HR_Spinup,1409,11,labsea,MLD2,68.31701
HR_Spinup,1409,12,labsea,MLD2,152.87625
HR_Spinup,1409,1,interior,MLD2,1865.38530
HR_Spinup,1409,2,interior,MLD2,2120.02863
HR_Spinup,1409,3,interior,MLD2,1889.03595
HR_Spinup,1409,4,interior,MLD2,1685.01199
HR_Spinup,1409,5,interior,MLD2,832.46600
HR_Spinup,1409,6,interior,MLD2,39.89158
HR_Spinup,1409,7,interior,MLD2,16.06795
HR_Spinup,1409,8,interior,MLD2,19.77856
HR_Spinup,1409,9,interior,MLD2,34.24359
HR_Spinup,1409,10,interior,MLD2,55.63919
HR_Spinup,1409,11,interior,MLD2,87.70172
HR_Spinup,1409,12,interior,MLD2,253.60832
HR_Spinup,1410,1,labsea,a_ice,0.15845
HR_Spinup,1410,2,labsea,a_ice,0.22690
HR_Spinup,1410,3,labsea,a_ice,0.27632
HR_Spinup,1410,4,labsea,a_ice,0.24450
HR_Spinup,1410,5,labsea,a_ice,0.17749
HR_Spinup,1410,6,labsea,a_ice,0.07429
HR_Spinup,1410,7,labsea,a_ice,0.00551
HR_Spinup,1410,8,labsea,a_ice,0.00000
HR_Spinup,1410,9,labsea,a_ice,0.00000
HR_Spinup,1410,10,labsea,a_ice,0.00000
HR_Spinup,1410,11,labsea,a_ice,0.01847
HR_Spinup,1410,12,labsea,a_ice,0.13357
HR_Spinup,1410,1,interior,a_ice,0.01683
HR_Spinup,1410,2,interior,a_ice,0.03915
HR_Spinup,1410,3,interior,a_ice,0.06978
HR_Spinup,1410,4,interior,a_ice,0.03697
HR_Spinup,1410,5,interior,a_ice,0.01939
HR_Spinup,1410,6,interior,a_ice,0.01070
HR_Spinup,1410,7,interior,a_ice,0.00023
HR_Spinup,1410,8,interior,a_ice,0.00000
HR_Spinup,1410,9,interior,a_ice,0.00000
HR_Spinup,1410,10,interior,a_ice,0.00000
HR_Spinup,1410,11,interior,a_ice,0.00012
HR_Spinup,1410,12,interior,a_ice,0.00772
HR_Spinup,1410,1,labsea,MLD2,798.15935
HR_Spinup,1410,2,labsea,MLD2,1307.84090
HR_Spinup,1410,3,labsea,MLD2,1294.45790
HR_Spinup,1410,4,labsea,MLD2,1207.02116
HR_Spinup,1410,5,labsea,MLD2,458.16316
HR_Spinup,1410,6,labsea,MLD2,35.48551
HR_Spinup,1410,7,labsea,MLD2,26.29504
HR_Spinup,1410,8,labsea,MLD2,15.82678
HR_Spinup,1410,9,labsea,MLD2,27.14925
HR_Spinup,1410,10,labsea,MLD2,47.69059
HR_Spinup,1410,11,labsea,MLD2,98.08608
HR_Spinup,1410,12,labsea,MLD2,471.29963
HR_Spinup,1410,1,interior,MLD2,1496.23779
HR_Spinup,1410,2,interior,MLD2,2169.14045
HR_Spinup,1410,3,interior,MLD2,2009.75148
HR_Spinup,1410,4,interior,MLD2,1844.01903
HR_Spinup,1410,5,interior,MLD2,816.54465
HR_Spinup,1410,6,interior,MLD2,44.06540
HR_Spinup,1410,7,interior,MLD2,32.61676
HR_Spinup,1410,8,interior,MLD2,19.38505
HR_Spinup,1410,9,interior,MLD2,32.96999
HR_Spinup,1410,10,interior,MLD2,56.41906
HR_Spinup,1410,11,interior,MLD2,160.38248
HR_Spinup,1410,12,interior,MLD2,877.59569
HR_Spinup,1411,1,labsea,a_ice,0.28445
HR_Spinup,1411,2,labsea,a_ice,0.33486
HR_Spinup,1411,3,labsea,a_ice,0.34976
HR_Spinup,1411,4,labsea,a_ice,0.31656
HR_Spinup,1411,5,labsea,a_ice,0.20590
HR_Spinup,1411,6,labsea,a_ice,0.04409
HR_Spinup,1411,7,labsea,a_ice,0.00292
HR_Spinup,1411,8,labsea,a_ice,0.00000
HR_Spinup,1411,9,labsea,a_ice,0.00000
HR_Spinup,1411,10,labsea,a_ice,0.00000
HR_Spinup,1411,11,labsea,a_ice,0.01716
HR_Spinup,1411,12,labsea,a_ice,0.12110
HR_Spinup,1411,1,interior,a_ice,0.06508
HR_Spinup,1411,2,interior,a_ice,0.10263
HR_Spinup,1411,3,interior,a_ice,0.11966
HR_Spinup,1411,4,interior,a_ice,0.12386
HR_Spinup,1411,5,interior,a_ice,0.05982
HR_Spinup,1411,6,interior,a_ice,0.00329
HR_Spinup,1411,7,interior,a_ice,0.00000
HR_Spinup,1411,8,interior,a_ice,0.00000
HR_Spinup,1411,9,interior,a_ice,0.00000
HR_Spinup,1411,10,interior,a_ice,0.00000
HR_Spinup,1411,11,interior,a_ice,0.00024
HR_Spinup,1411,12,interior,a_ice,0.00877
HR_Spinup,1411,1,labsea,MLD2,1153.72380
HR_Spinup,1411,2,labsea,MLD2,1311.51384
HR_Spinup,1411,3,labsea,MLD2,1213.51839
HR_Spinup,1411,4,labsea,MLD2,951.03881
HR_Spinup,1411,5,labsea,MLD2,604.80295
HR_Spinup,1411,6,labsea,MLD2,19.50394
HR_Spinup,1411,7,labsea,MLD2,16.69705
HR_Spinup,1411,8,labsea,MLD2,21.82962
HR_Spinup,1411,9,labsea,MLD2,32.21327
HR_Spinup,1411,10,labsea,MLD2,41.86281
HR_Spinup,1411,11,labsea,MLD2,113.61582
HR_Spinup,1411,12,labsea,MLD2,597.33859
HR_Spinup,1411,1,interior,MLD2,1930.43807
HR_Spinup,1411,2,interior,MLD2,2155.13127
HR_Spinup,1411,3,interior,MLD2,2032.60303
HR_Spinup,1411,4,interior,MLD2,1440.96061
HR_Spinup,1411,5,interior,MLD2,933.54515
HR_Spinup,1411,6,interior,MLD2,23.85000
HR_Spinup,1411,7,interior,MLD2,17.77433
HR_Spinup,1411,8,interior,MLD2,26.11402
HR_Spinup,1411,9,interior,MLD2,38.81298
HR_Spinup,1411,10,interior,MLD2,50.11750
HR_Spinup,1411,11,interior,MLD2,179.12247
HR_Spinup,1411,12,interior,MLD2,1227.38833
HR_Spinup,1412,1,labsea,a_ice,0.26213
HR_Spinup,1412,2,labsea,a_ice,0.37682
HR_Spinup,1412,3,labsea,a_ice,0.35056
HR_Spinup,1412,4,labsea,a_ice,0.33594
HR_Spinup,1412,5,labsea,a_ice,0.25175
HR_Spinup,1412,6,labsea,a_ice,0.08558
HR_Spinup,1412,7,labsea,a_ice,0.00903
HR_Spinup,1412,8,labsea,a_ice,0.00000
HR_Spinup,1412,9,labsea,a_ice,0.00000
HR_Spinup,1412,10,labsea,a_ice,0.00000
HR_Spinup,1412,11,labsea,a_ice,0.01476
HR_Spinup,1412,12,labsea,a_ice,0.19397
HR_Spinup,1412,1,interior,a_ice,0.05187
HR_Spinup,1412,2,interior,a_ice,0.19313
HR_Spinup,1412,3,interior,a_ice,0.11873
HR_Spinup,1412,4,interior,a_ice,0.15293
HR_Spinup,1412,5,interior,a_ice,0.11122
HR_Spinup,1412,6,interior,a_ice,0.00827
HR_Spinup,1412,7,interior,a_ice,0.00000
HR_Spinup,1412,8,interior,a_ice,0.00000
HR_Spinup,1412,9,interior,a_ice,0.00000
HR_Spinup,1412,10,interior,a_ice,0.00000
HR_Spinup,1412,11,interior,a_ice,0.00003
HR_Spinup,1412,12,interior,a_ice,0.02965
HR_Spinup,1412,1,labsea,MLD2,1203.84250
HR_Spinup,1412,2,labsea,MLD2,1258.27722
HR_Spinup,1412,3,labsea,MLD2,1307.89851
HR_Spinup,1412,4,labsea,MLD2,1178.74231
HR_Spinup,1412,5,labsea,MLD2,456.86593
HR_Spinup,1412,6,labsea,MLD2,15.90282
HR_Spinup,1412,7,labsea,MLD2,11.69058
HR_Spinup,1412,8,labsea,MLD2,15.43442
HR_Spinup,1412,9,labsea,MLD2,27.80008
HR_Spinup,1412,10,labsea,MLD2,37.56711
HR_Spinup,1412,11,labsea,MLD2,93.39148
HR_Spinup,1412,12,labsea,MLD2,776.91144
HR_Spinup,1412,1,interior,MLD2,2120.21015
HR_Spinup,1412,2,interior,MLD2,1834.35117
HR_Spinup,1412,3,interior,MLD2,2075.24834
HR_Spinup,1412,4,interior,MLD2,1751.18187
HR_Spinup,1412,5,interior,MLD2,874.64279
HR_Spinup,1412,6,interior,MLD2,17.65483
HR_Spinup,1412,7,interior,MLD2,11.98434
HR_Spinup,1412,8,interior,MLD2,16.77485
HR_Spinup,1412,9,interior,MLD2,33.33311
HR_Spinup,1412,10,interior,MLD2,48.98517
HR_Spinup,1412,11,interior,MLD2,136.77536
HR_Spinup,1412,12,interior,MLD2,1436.51818
HR_Spinup,1413,1,labsea,a_ice,0.31607
HR_Spinup,1413,2,labsea,a_ice,0.29993
HR_Spinup,1413,3,labsea,a_ice,0.29672
HR_Spinup,1413,4,labsea,a_ice,0.27525
HR_Spinup,1413,5,labsea,a_ice,0.18865
HR_Spinup,1413,6,labsea,a_ice,0.08675
HR_Spinup,1413,7,labsea,a_ice,0.00969
HR_Spinup,1413,8,labsea,a_ice,0.00000
HR_Spinup,1413,9,labsea,a_ice,0.00000
HR_Spinup,1413,10,labsea,a_ice,0.00002
HR_Spinup,1413,11,labsea,a_ice,0.00461
HR_Spinup,1413,12,labsea,a_ice,0.08213
HR_Spinup,1413,1,interior,a_ice,0.10932
HR_Spinup,1413,2,interior,a_ice,0.07912
HR_Spinup,1413,3,interior,a_ice,0.10875
HR_Spinup,1413,4,interior,a_ice,0.06583
HR_Spinup,1413,5,interior,a_ice,0.06287
HR_Spinup,1413,6,interior,a_ice,0.01685
HR_Spinup,1413,7,interior,a_ice,0.00002
HR_Spinup,1413,8,interior,a_ice,0.00000
HR_Spinup,1413,9,interior,a_ice,0.00000
HR_Spinup,1413,10,interior,a_ice,0.00000
HR_Spinup,1413,11,interior,a_ice,0.00022
HR_Spinup,1413,12,interior,a_ice,0.00264
HR_Spinup,1413,1,labsea,MLD2,1212.91437
HR_Spinup,1413,2,labsea,MLD2,1194.89336
HR_Spinup,1413,3,labsea,MLD2,1101.51829
HR_Spinup,1413,4,labsea,MLD2,1046.52671
HR_Spinup,1413,5,labsea,MLD2,698.76516
HR_Spinup,1413,6,labsea,MLD2,31.98582
HR_Spinup,1413,7,labsea,MLD2,13.69054
HR_Spinup,1413,8,labsea,MLD2,17.78516
HR_Spinup,1413,9,labsea,MLD2,27.81417
HR_Spinup,1413,10,labsea,MLD2,52.21313
HR_Spinup,1413,11,labsea,MLD2,73.45991
HR_Spinup,1413,12,labsea,MLD2,186.08163
HR_Spinup,1413,1,interior,MLD2,1877.82014
HR_Spinup,1413,2,interior,MLD2,2115.08416
HR_Spinup,1413,3,interior,MLD2,2016.40289
HR_Spinup,1413,4,interior,MLD2,1925.71873
HR_Spinup,1413,5,interior,MLD2,1366.47629
HR_Spinup,1413,6,interior,MLD2,42.98243
HR_Spinup,1413,7,interior,MLD2,15.81345
HR_Spinup,1413,8,interior,MLD2,18.00810
HR_Spinup,1413,9,interior,MLD2,31.47156
HR_Spinup,1413,10,interior,MLD2,60.65183
HR_Spinup,1413,11,interior,MLD2,100.19160
HR_Spinup,1413,12,interior,MLD2,308.91174
HR_Spinup,1414,1,labsea,a_ice,0.27033
HR_Spinup,1414,2,labsea,a_ice,0.36573
HR_Spinup,1414,3,labsea,a_ice,0.33739
HR_Spinup,1414,4,labsea,a_ice,0.29107
HR_Spinup,1414,5,labsea,a_ice,0.14432
HR_Spinup,1414,6,labsea,a_ice,0.04468
HR_Spinup,1414,7,labsea,a_ice,0.00328
HR_Spinup,1414,8,labsea,a_ice,0.00000
HR_Spinup,1414,9,labsea,a_ice,0.00007
HR_Spinup,1414,10,labsea,a_ice,0.00014
HR_Spinup,1414,11,labsea,a_ice,0.01835
HR_Spinup,1414,12,labsea,a_ice,0.15284
HR_Spinup,1414,1,interior,a_ice,0.04566
HR_Spinup,1414,2,interior,a_ice,0.22584
HR_Spinup,1414,3,interior,a_ice,0.14765
HR_Spinup,1414,4,interior,a_ice,0.07383
HR_Spinup,1414,5,interior,a_ice,0.03087
HR_Spinup,1414,6,interior,a_ice,0.00153
HR_Spinup,1414,7,interior,a_ice,0.00001
HR_Spinup,1414,8,interior,a_ice,0.00000
HR_Spinup,1414,9,interior,a_ice,0.00000
HR_Spinup,1414,10,interior,a_ice,0.00001
HR_Spinup,1414,11,interior,a_ice,0.00018
HR_Spinup,1414,12,interior,a_ice,0.01419
HR_Spinup,1414,1,labsea,MLD2,1036.28343
HR_Spinup,1414,2,labsea,MLD2,1213.76396
HR_Spinup,1414,3,labsea,MLD2,1248.45060
HR_Spinup,1414,4,labsea,MLD2,1196.61648
HR_Spinup,1414,5,labsea,MLD2,253.82582
HR_Spinup,1414,6,labsea,MLD2,29.49817
HR_Spinup,1414,7,labsea,MLD2,13.90040
HR_Spinup,1414,8,labsea,MLD2,18.31824
HR_Spinup,1414,9,labsea,MLD2,28.33027
HR_Spinup,1414,10,labsea,MLD2,44.66117
HR_Spinup,1414,11,labsea,MLD2,107.52428
HR_Spinup,1414,12,labsea,MLD2,612.87886
HR_Spinup,1414,1,interior,MLD2,1861.42496
HR_Spinup,1414,2,interior,MLD2,1724.50638
HR_Spinup,1414,3,interior,MLD2,1797.18175
HR_Spinup,1414,4,interior,MLD2,1849.81633
HR_Spinup,1414,5,interior,MLD2,502.86817
HR_Spinup,1414,6,interior,MLD2,35.21259
HR_Spinup,1414,7,interior,MLD2,17.24645
HR_Spinup,1414,8,interior,MLD2,23.07195
HR_Spinup,1414,9,interior,MLD2,34.43351
HR_Spinup,1414,10,interior,MLD2,55.07252
HR_Spinup,1414,11,interior,MLD2,152.35299
HR_Spinup,1414,12,interior,MLD2,1088.38050
HR_Spinup,1415,1,labsea,a_ice,0.30160
HR_Spinup,1415,2,labsea,a_ice,0.33891
HR_Spinup,1415,3,labsea,a_ice,0.34955
HR_Spinup,1415,4,labsea,a_ice,0.31273
HR_Spinup,1415,5,labsea,a_ice,0.24733
HR_Spinup,1415,6,labsea,a_ice,0.09078
HR_Spinup,1415,7,labsea,a_ice,0.00485
HR_Spinup,1415,8,labsea,a_ice,0.00000
HR_Spinup,1415,9,labsea,a_ice,0.00000
HR_Spinup,1415,10,labsea,a_ice,0.00057
HR_Spinup,1415,11,labsea,a_ice,0.01439
HR_Spinup,1415,12,labsea,a_ice,0.11444
HR_Spinup,1415,1,interior,a_ice,0.07289
HR_Spinup,1415,2,interior,a_ice,0.09233
HR_Spinup,1415,3,interior,a_ice,0.15016
HR_Spinup,1415,4,interior,a_ice,0.12574
HR_Spinup,1415,5,interior,a_ice,0.05057
HR_Spinup,1415,6,interior,a_ice,0.01087
HR_Spinup,1415,7,interior,a_ice,0.00000
HR_Spinup,1415,8,interior,a_ice,0.00000
HR_Spinup,1415,9,interior,a_ice,0.00000
HR_Spinup,1415,10,interior,a_ice,0.00002
HR_Spinup,1415,11,interior,a_ice,0.00208
HR_Spinup,1415,12,interior,a_ice,0.01325
HR_Spinup,1415,1,labsea,MLD2,1158.13970
HR_Spinup,1415,2,labsea,MLD2,1242.41993
HR_Spinup,1415,3,labsea,MLD2,1121.29360
HR_Spinup,1415,4,labsea,MLD2,1118.81660
HR_Spinup,1415,5,labsea,MLD2,634.00573
HR_Spinup,1415,6,labsea,MLD2,22.00015
HR_Spinup,1415,7,labsea,MLD2,15.44538
HR_Spinup,1415,8,labsea,MLD2,16.28180
HR_Spinup,1415,9,labsea,MLD2,25.75644
HR_Spinup,1415,10,labsea,MLD2,39.37826
HR_Spinup,1415,11,labsea,MLD2,72.75823
HR_Spinup,1415,12,labsea,MLD2,328.93477
HR_Spinup,1415,1,interior,MLD2,2145.16075
HR_Spinup,1415,2,interior,MLD2,2282.85944
HR_Spinup,1415,3,interior,MLD2,1860.96355
HR_Spinup,1415,4,interior,MLD2,1939.31047
HR_Spinup,1415,5,interior,MLD2,1194.70244
HR_Spinup,1415,6,interior,MLD2,23.48338
HR_Spinup,1415,7,interior,MLD2,17.44732
HR_Spinup,1415,8,interior,MLD2,17.61312
HR_Spinup,1415,9,interior,MLD2,31.81222
HR_Spinup,1415,10,interior,MLD2,50.57392
HR_Spinup,1415,11,interior,MLD2,114.93880
HR_Spinup,1415,12,interior,MLD2,598.88449
HR_Spinup,1416,1,labsea,a_ice,0.32655
HR_Spinup,1416,2,labsea,a_ice,0.34180
HR_Spinup,1416,3,labsea,a_ice,0.35172
HR_Spinup,1416,4,labsea,a_ice,0.25546
HR_Spinup,1416,5,labsea,a_ice,0.14150
HR_Spinup,1416,6,labsea,a_ice,0.03806
HR_Spinup,1416,7,labsea,a_ice,0.00157
HR_Spinup,1416,8,labsea,a_ice,0.00000
HR_Spinup,1416,9,labsea,a_ice,0.00000
HR_Spinup,1416,10,labsea,a_ice,0.00000
HR_Spinup,1416,11,labsea,a_ice,0.00171
HR_Spinup,1416,12,labsea,a_ice,0.11801
HR_Spinup,1416,1,interior,a_ice,0.08241
HR_Spinup,1416,2,interior,a_ice,0.12701
HR_Spinup,1416,3,interior,a_ice,0.12332
HR_Spinup,1416,4,interior,a_ice,0.09984
HR_Spinup,1416,5,interior,a_ice,0.04666
HR_Spinup,1416,6,interior,a_ice,0.00061
HR_Spinup,1416,7,interior,a_ice,0.00008
HR_Spinup,1416,8,interior,a_ice,0.00000
HR_Spinup,1416,9,interior,a_ice,0.00000
HR_Spinup,1416,10,interior,a_ice,0.00000
HR_Spinup,1416,11,interior,a_ice,0.00001
HR_Spinup,1416,12,interior,a_ice,0.01986
HR_Spinup,1416,1,labsea,MLD2,1179.22840
HR_Spinup,1416,2,labsea,MLD2,1358.14392
HR_Spinup,1416,3,labsea,MLD2,1244.94733
HR_Spinup,1416,4,labsea,MLD2,1009.62351
HR_Spinup,1416,5,labsea,MLD2,361.22292
HR_Spinup,1416,6,labsea,MLD2,28.16034
HR_Spinup,1416,7,labsea,MLD2,15.11933
HR_Spinup,1416,8,labsea,MLD2,16.11452
HR_Spinup,1416,9,labsea,MLD2,22.94817
HR_Spinup,1416,10,labsea,MLD2,43.23758
HR_Spinup,1416,11,labsea,MLD2,68.45884
HR_Spinup,1416,12,labsea,MLD2,347.81809
HR_Spinup,1416,1,interior,MLD2,2031.72309
HR_Spinup,1416,2,interior,MLD2,2182.92537
HR_Spinup,1416,3,interior,MLD2,1924.58876
HR_Spinup,1416,4,interior,MLD2,1578.81629
HR_Spinup,1416,5,interior,MLD2,759.65705
HR_Spinup,1416,6,interior,MLD2,29.77784
HR_Spinup,1416,7,interior,MLD2,17.07911
HR_Spinup,1416,8,interior,MLD2,18.61740
HR_Spinup,1416,9,interior,MLD2,26.75334
HR_Spinup,1416,10,interior,MLD2,47.69830
HR_Spinup,1416,11,interior,MLD2,82.11010
HR_Spinup,1416,12,interior,MLD2,720.37359
HR_Spinup,1417,1,labsea,a_ice,0.26680
HR_Spinup,1417,2,labsea,a_ice,0.33342
HR_Spinup,1417,3,labsea,a_ice,0.30748
HR_Spinup,1417,4,labsea,a_ice,0.27257
HR_Spinup,1417,5,labsea,a_ice,0.19669
HR_Spinup,1417,6,labsea,a_ice,0.09513
HR_Spinup,1417,7,labsea,a_ice,0.02040
HR_Spinup,1417,8,labsea,a_ice,0.00095
HR_Spinup,1417,9,labsea,a_ice,0.00000
HR_Spinup,1417,10,labsea,a_ice,0.00009
HR_Spinup,1417,11,labsea,a_ice,0.01539
HR_Spinup,1417,12,labsea,a_ice,0.12678
HR_Spinup,1417,1,interior,a_ice,0.06705
HR_Spinup,1417,2,interior,a_ice,0.17157
HR_Spinup,1417,3,interior,a_ice,0.09575
HR_Spinup,1417,4,interior,a_ice,0.04729
HR_Spinup,1417,5,interior,a_ice,0.04478
HR_Spinup,1417,6,interior,a_ice,0.00676
HR_Spinup,1417,7,interior,a_ice,0.00002
HR_Spinup,1417,8,interior,a_ice,0.00000
HR_Spinup,1417,9,interior,a_ice,0.00000
HR_Spinup,1417,10,interior,a_ice,0.00000
HR_Spinup,1417,11,interior,a_ice,0.00071
HR_Spinup,1417,12,interior,a_ice,0.01056
HR_Spinup,1417,1,labsea,MLD2,1096.63572
HR_Spinup,1417,2,labsea,MLD2,1151.70728
HR_Spinup,1417,3,labsea,MLD2,1037.17837
HR_Spinup,1417,4,labsea,MLD2,874.41845
HR_Spinup,1417,5,labsea,MLD2,556.98352
HR_Spinup,1417,6,labsea,MLD2,28.00226
HR_Spinup,1417,7,labsea,MLD2,16.57125
HR_Spinup,1417,8,labsea,MLD2,18.95738
HR_Spinup,1417,9,labsea,MLD2,31.68453
HR_Spinup,1417,10,labsea,MLD2,44.50258
HR_Spinup,1417,11,labsea,MLD2,106.32761
HR_Spinup,1417,12,labsea,MLD2,457.67824
HR_Spinup,1417,1,interior,MLD2,1919.68317
HR_Spinup,1417,2,interior,MLD2,1631.15592
HR_Spinup,1417,3,interior,MLD2,1748.83941
HR_Spinup,1417,4,interior,MLD2,1607.66776
HR_Spinup,1417,5,interior,MLD2,1006.76016
HR_Spinup,1417,6,interior,MLD2,33.49180
HR_Spinup,1417,7,interior,MLD2,19.12798
HR_Spinup,1417,8,interior,MLD2,21.39598
HR_Spinup,1417,9,interior,MLD2,38.82147
HR_Spinup,1417,10,interior,MLD2,57.16642
HR_Spinup,1417,11,interior,MLD2,183.71884
HR_Spinup,1417,12,interior,MLD2,985.61934
HR_Spinup,1418,1,labsea,a_ice,0.28121
HR_Spinup,1418,2,labsea,a_ice,0.37382
HR_Spinup,1418,3,labsea,a_ice,0.39007
HR_Spinup,1418,4,labsea,a_ice,0.33363
HR_Spinup,1418,5,labsea,a_ice,0.24745
HR_Spinup,1418,6,labsea,a_ice,0.12696
HR_Spinup,1418,7,labsea,a_ice,0.01238
HR_Spinup,1418,8,labsea,a_ice,0.00000
HR_Spinup,1418,9,labsea,a_ice,0.00000
HR_Spinup,1418,10,labsea,a_ice,0.00000
HR_Spinup,1418,11,labsea,a_ice,0.00051
HR_Spinup,1418,12,labsea,a_ice,0.05628
HR_Spinup,1418,1,interior,a_ice,0.06795
HR_Spinup,1418,2,interior,a_ice,0.18742
HR_Spinup,1418,3,interior,a_ice,0.24001
HR_Spinup,1418,4,interior,a_ice,0.11807
HR_Spinup,1418,5,interior,a_ice,0.04349
HR_Spinup,1418,6,interior,a_ice,0.03595
HR_Spinup,1418,7,interior,a_ice,0.00138
HR_Spinup,1418,8,interior,a_ice,0.00000
HR_Spinup,1418,9,interior,a_ice,0.00000
HR_Spinup,1418,10,interior,a_ice,0.00000
HR_Spinup,1418,11,interior,a_ice,0.00000
HR_Spinup,1418,12,interior,a_ice,0.00764
HR_Spinup,1418,1,labsea,MLD2,1253.99529
HR_Spinup,1418,2,labsea,MLD2,1198.69903
HR_Spinup,1418,3,labsea,MLD2,993.19503
HR_Spinup,1418,4,labsea,MLD2,952.05807
HR_Spinup,1418,5,labsea,MLD2,579.54155
HR_Spinup,1418,6,labsea,MLD2,39.31632
HR_Spinup,1418,7,labsea,MLD2,16.83081
HR_Spinup,1418,8,labsea,MLD2,21.18428
HR_Spinup,1418,9,labsea,MLD2,30.44967
HR_Spinup,1418,10,labsea,MLD2,45.69998
HR_Spinup,1418,11,labsea,MLD2,72.74940
HR_Spinup,1418,12,labsea,MLD2,161.03848
HR_Spinup,1418,1,interior,MLD2,2132.31135
HR_Spinup,1418,2,interior,MLD2,1799.89915
HR_Spinup,1418,3,interior,MLD2,1335.36376
HR_Spinup,1418,4,interior,MLD2,1331.04028
HR_Spinup,1418,5,interior,MLD2,852.84181
HR_Spinup,1418,6,interior,MLD2,48.79051
HR_Spinup,1418,7,interior,MLD2,20.47702
HR_Spinup,1418,8,interior,MLD2,25.34533
HR_Spinup,1418,9,interior,MLD2,36.09603
HR_Spinup,1418,10,interior,MLD2,58.56226
HR_Spinup,1418,11,interior,MLD2,97.62986
HR_Spinup,1418,12,interior,MLD2,239.37218
HR_Spinup,1419,1,labsea,a_ice,0.19122
HR_Spinup,1419,2,labsea,a_ice,0.24570
HR_Spinup,1419,3,labsea,a_ice,0.27476
HR_Spinup,1419,4,labsea,a_ice,0.25408
HR_Spinup,1419,5,labsea,a_ice,0.18001
HR_Spinup,1419,6,labsea,a_ice,0.05746
HR_Spinup,1419,7,labsea,a_ice,0.00097
HR_Spinup,1419,8,labsea,a_ice,0.00000
HR_Spinup,1419,9,labsea,a_ice,0.00000
HR_Spinup,1419,10,labsea,a_ice,0.00000
HR_Spinup,1419,11,labsea,a_ice,0.00478
HR_Spinup,1419,12,labsea,a_ice,0.09814
HR_Spinup,1419,1,interior,a_ice,0.02182
HR_Spinup,1419,2,interior,a_ice,0.04059
HR_Spinup,1419,3,interior,a_ice,0.07155
HR_Spinup,1419,4,interior,a_ice,0.04551
HR_Spinup,1419,5,interior,a_ice,0.02525
HR_Spinup,1419,6,interior,a_ice,0.00478
HR_Spinup,1419,7,interior,a_ice,0.00000
HR_Spinup,1419,8,interior,a_ice,0.00000
HR_Spinup,1419,9,interior,a_ice,0.00000
HR_Spinup,1419,10,interior,a_ice,0.00000
HR_Spinup,1419,11,interior,a_ice,0.00000
HR_Spinup,1419,12,interior,a_ice,0.00136
HR_Spinup,1419,1,labsea,MLD2,791.15712
HR_Spinup,1419,2,labsea,MLD2,1274.09630
HR_Spinup,1419,3,labsea,MLD2,1246.15371
HR_Spinup,1419,4,labsea,MLD2,940.43654
HR_Spinup,1419,5,labsea,MLD2,385.27918
HR_Spinup,1419,6,labsea,MLD2,18.26133
HR_Spinup,1419,7,labsea,MLD2,13.63141
HR_Spinup,1419,8,labsea,MLD2,15.52643
HR_Spinup,1419,9,labsea,MLD2,27.10067
HR_Spinup,1419,10,labsea,MLD2,41.75479
HR_Spinup,1419,11,labsea,MLD2,63.93988
HR_Spinup,1419,12,labsea,MLD2,219.07107
HR_Spinup,1419,1,interior,MLD2,1505.15435
HR_Spinup,1419,2,interior,MLD2,2257.86339
HR_Spinup,1419,3,interior,MLD2,2119.81838
HR_Spinup,1419,4,interior,MLD2,1605.06829
HR_Spinup,1419,5,interior,MLD2,628.35599
HR_Spinup,1419,6,interior,MLD2,19.69710
HR_Spinup,1419,7,interior,MLD2,15.36915
HR_Spinup,1419,8,interior,MLD2,17.44897
HR_Spinup,1419,9,interior,MLD2,31.03660
HR_Spinup,1419,10,interior,MLD2,49.39488
HR_Spinup,1419,11,interior,MLD2,82.97306
HR_Spinup,1419,12,interior,MLD2,445.22906
HR_Spinup,1420,1,labsea,a_ice,0.24655
HR_Spinup,1420,2,labsea,a_ice,0.34041
HR_Spinup,1420,3,labsea,a_ice,0.34258
HR_Spinup,1420,4,labsea,a_ice,0.32508
HR_Spinup,1420,5,labsea,a_ice,0.24720
HR_Spinup,1420,6,labsea,a_ice,0.10548
HR_Spinup,1420,7,labsea,a_ice,0.02513
HR_Spinup,1420,8,labsea,a_ice,0.00020
HR_Spinup,1420,9,labsea,a_ice,0.00000
HR_Spinup,1420,10,labsea,a_ice,0.00005
HR_Spinup,1420,11,labsea,a_ice,0.03813
HR_Spinup,1420,12,labsea,a_ice,0.17491
HR_Spinup,1420,1,interior,a_ice,0.05873
HR_Spinup,1420,2,interior,a_ice,0.12114
HR_Spinup,1420,3,interior,a_ice,0.13431
HR_Spinup,1420,4,interior,a_ice,0.11257
HR_Spinup,1420,5,interior,a_ice,0.07879
HR_Spinup,1420,6,interior,a_ice,0.00364
HR_Spinup,1420,7,interior,a_ice,0.00014
HR_Spinup,1420,8,interior,a_ice,0.00000
HR_Spinup,1420,9,interior,a_ice,0.00000
HR_Spinup,1420,10,interior,a_ice,0.00000
HR_Spinup,1420,11,interior,a_ice,0.00003
HR_Spinup,1420,12,interior,a_ice,0.02169
HR_Spinup,1420,1,labsea,MLD2,1113.84333
HR_Spinup,1420,2,labsea,MLD2,1209.46888
HR_Spinup,1420,3,labsea,MLD2,1315.42645
HR_Spinup,1420,4,labsea,MLD2,1131.82791
HR_Spinup,1420,5,labsea,MLD2,583.81108
HR_Spinup,1420,6,labsea,MLD2,30.92308
HR_Spinup,1420,7,labsea,MLD2,12.53587
HR_Spinup,1420,8,labsea,MLD2,12.44441
HR_Spinup,1420,9,labsea,MLD2,25.49797
HR_Spinup,1420,10,labsea,MLD2,46.81104
HR_Spinup,1420,11,labsea,MLD2,114.40790
HR_Spinup,1420,12,labsea,MLD2,692.73721
HR_Spinup,1420,1,interior,MLD2,2010.10924
HR_Spinup,1420,2,interior,MLD2,1753.30958
HR_Spinup,1420,3,interior,MLD2,1978.45927
HR_Spinup,1420,4,interior,MLD2,1778.16196
HR_Spinup,1420,5,interior,MLD2,921.37626
HR_Spinup,1420,6,interior,MLD2,53.96667
HR_Spinup,1420,7,interior,MLD2,13.92359
HR_Spinup,1420,8,interior,MLD2,15.36886
HR_Spinup,1420,9,interior,MLD2,30.03152
HR_Spinup,1420,10,interior,MLD2,58.72818
HR_Spinup,1420,11,interior,MLD2,185.08728
HR_Spinup,1420,12,interior,MLD2,1341.69375
HR_Spinup,1421,1,labsea,a_ice,0.28199
HR_Spinup,1421,2,labsea,a_ice,0.36701
HR_Spinup,1421,3,labsea,a_ice,0.39560
HR_Spinup,1421,4,labsea,a_ice,0.29010
HR_Spinup,1421,5,labsea,a_ice,0.17878
HR_Spinup,1421,6,labsea,a_ice,0.04347
HR_Spinup,1421,7,labsea,a_ice,0.00125
HR_Spinup,1421,8,labsea,a_ice,0.00000
HR_Spinup,1421,9,labsea,a_ice,0.00002
HR_Spinup,1421,10,labsea,a_ice,0.00087
HR_Spinup,1421,11,labsea,a_ice,0.02399
HR_Spinup,1421,12,labsea,a_ice,0.15648
HR_Spinup,1421,1,interior,a_ice,0.10044
HR_Spinup,1421,2,interior,a_ice,0.13928
HR_Spinup,1421,3,interior,a_ice,0.14098
HR_Spinup,1421,4,interior,a_ice,0.10143
HR_Spinup,1421,5,interior,a_ice,0.04257
HR_Spinup,1421,6,interior,a_ice,0.00460
HR_Spinup,1421,7,interior,a_ice,0.00000
HR_Spinup,1421,8,interior,a_ice,0.00000
HR_Spinup,1421,9,interior,a_ice,0.00000
HR_Spinup,1421,10,interior,a_ice,0.00004
HR_Spinup,1421,11,interior,a_ice,0.00076
HR_Spinup,1421,12,interior,a_ice,0.01525
HR_Spinup,1421,1,labsea,MLD2,1205.66886
HR_Spinup,1421,2,labsea,MLD2,1211.01011
HR_Spinup,1421,3,labsea,MLD2,1181.71338
HR_Spinup,1421,4,labsea,MLD2,863.74681
HR_Spinup,1421,5,labsea,MLD2,512.44053
HR_Spinup,1421,6,labsea,MLD2,23.71593
HR_Spinup,1421,7,labsea,MLD2,11.73034
HR_Spinup,1421,8,labsea,MLD2,18.48443
HR_Spinup,1421,9,labsea,MLD2,25.74440
HR_Spinup,1421,10,labsea,MLD2,49.63795
HR_Spinup,1421,11,labsea,MLD2,97.33815
HR_Spinup,1421,12,labsea,MLD2,376.78846
HR_Spinup,1421,1,interior,MLD2,2069.53707
HR_Spinup,1421,2,interior,MLD2,2088.99572
HR_Spinup,1421,3,interior,MLD2,2024.78255
HR_Spinup,1421,4,interior,MLD2,1481.49083
HR_Spinup,1421,5,interior,MLD2,934.44914
HR_Spinup,1421,6,interior,MLD2,36.22800
HR_Spinup,1421,7,interior,MLD2,13.40118
HR_Spinup,1421,8,interior,MLD2,21.84532
HR_Spinup,1421,9,interior,MLD2,28.68725
HR_Spinup,1421,10,interior,MLD2,55.90578
HR_Spinup,1421,11,interior,MLD2,154.62156
HR_Spinup,1421,12,interior,MLD2,764.86692
HR_Spinup,1422,1,labsea,a_ice,0.28935
HR_Spinup,1422,2,labsea,a_ice,0.30603
HR_Spinup,1422,3,labsea,a_ice,0.31086
HR_Spinup,1422,4,labsea,a_ice,0.26472
HR_Spinup,1422,5,labsea,a_ice,0.14607
HR_Spinup,1422,6,labsea,a_ice,0.07527
HR_Spinup,1422,7,labsea,a_ice,0.02600
HR_Spinup,1422,8,labsea,a_ice,0.00188
HR_Spinup,1422,9,labsea,a_ice,0.00000
HR_Spinup,1422,10,labsea,a_ice,0.00041
HR_Spinup,1422,11,labsea,a_ice,0.02326
HR_Spinup,1422,12,labsea,a_ice,0.20770
HR_Spinup,1422,1,interior,a_ice,0.04985
HR_Spinup,1422,2,interior,a_ice,0.08046
HR_Spinup,1422,3,interior,a_ice,0.09048
HR_Spinup,1422,4,interior,a_ice,0.05924
HR_Spinup,1422,5,interior,a_ice,0.02677
HR_Spinup,1422,6,interior,a_ice,0.00155
HR_Spinup,1422,7,interior,a_ice,0.00003
HR_Spinup,1422,8,interior,a_ice,0.00000
HR_Spinup,1422,9,interior,a_ice,0.00000
HR_Spinup,1422,10,interior,a_ice,0.00000
HR_Spinup,1422,11,interior,a_ice,0.00342
HR_Spinup,1422,12,interior,a_ice,0.06881
HR_Spinup,1422,1,labsea,MLD2,1000.63635
HR_Spinup,1422,2,labsea,MLD2,1021.13683
HR_Spinup,1422,3,labsea,MLD2,1058.06578
HR_Spinup,1422,4,labsea,MLD2,839.31656
HR_Spinup,1422,5,labsea,MLD2,63.72549
HR_Spinup,1422,6,labsea,MLD2,20.83828
HR_Spinup,1422,7,labsea,MLD2,14.50672
HR_Spinup,1422,8,labsea,MLD2,18.42991
HR_Spinup,1422,9,labsea,MLD2,25.93910
HR_Spinup,1422,10,labsea,MLD2,38.46954
HR_Spinup,1422,11,labsea,MLD2,57.34237
HR_Spinup,1422,12,labsea,MLD2,339.03860
HR_Spinup,1422,1,interior,MLD2,1800.72197
HR_Spinup,1422,2,interior,MLD2,1936.80889
HR_Spinup,1422,3,interior,MLD2,2185.00683
HR_Spinup,1422,4,interior,MLD2,1760.12476
HR_Spinup,1422,5,interior,MLD2,134.09142
HR_Spinup,1422,6,interior,MLD2,25.93521
HR_Spinup,1422,7,interior,MLD2,14.57596
HR_Spinup,1422,8,interior,MLD2,22.55433
HR_Spinup,1422,9,interior,MLD2,33.00034
HR_Spinup,1422,10,interior,MLD2,43.34215
HR_Spinup,1422,11,interior,MLD2,70.98018
HR_Spinup,1422,12,interior,MLD2,690.50594
HR_Spinup,1423,1,labsea,a_ice,0.40051
HR_Spinup,1423,2,labsea,a_ice,0.45665
HR_Spinup,1423,3,labsea,a_ice,0.42737
HR_Spinup,1423,4,labsea,a_ice,0.37481
HR_Spinup,1423,5,labsea,a_ice,0.25547
HR_Spinup,1423,6,labsea,a_ice,0.12984
HR_Spinup,1423,7,labsea,a_ice,0.02896
HR_Spinup,1423,8,labsea,a_ice,0.00049
HR_Spinup,1423,9,labsea,a_ice,0.00004
HR_Spinup,1423,10,labsea,a_ice,0.00028
HR_Spinup,1423,11,labsea,a_ice,0.02124
HR_Spinup,1423,12,labsea,a_ice,0.15885
HR_Spinup,1423,1,interior,a_ice,0.33231
HR_Spinup,1423,2,interior,a_ice,0.31509
HR_Spinup,1423,3,interior,a_ice,0.28709
HR_Spinup,1423,4,interior,a_ice,0.20502
HR_Spinup,1423,5,interior,a_ice,0.06069
HR_Spinup,1423,6,interior,a_ice,0.00530
HR_Spinup,1423,7,interior,a_ice,0.00049
HR_Spinup,1423,8,interior,a_ice,0.00000
HR_Spinup,1423,9,interior,a_ice,0.00000
HR_Spinup,1423,10,interior,a_ice,0.00000
HR_Spinup,1423,11,interior,a_ice,0.00110
HR_Spinup,1423,12,interior,a_ice,0.02610
HR_Spinup,1423,1,labsea,MLD2,773.18454
HR_Spinup,1423,2,labsea,MLD2,913.73564
HR_Spinup,1423,3,labsea,MLD2,764.52351
HR_Spinup,1423,4,labsea,MLD2,603.45319
HR_Spinup,1423,5,labsea,MLD2,386.65715
HR_Spinup,1423,6,labsea,MLD2,23.30730
HR_Spinup,1423,7,labsea,MLD2,14.26801
HR_Spinup,1423,8,labsea,MLD2,13.89926
HR_Spinup,1423,9,labsea,MLD2,20.15784
HR_Spinup,1423,10,labsea,MLD2,35.35612
HR_Spinup,1423,11,labsea,MLD2,69.54593
HR_Spinup,1423,12,labsea,MLD2,194.79192
HR_Spinup,1423,1,interior,MLD2,1014.91704
HR_Spinup,1423,2,interior,MLD2,815.25867
HR_Spinup,1423,3,interior,MLD2,778.55424
HR_Spinup,1423,4,interior,MLD2,709.26888
HR_Spinup,1423,5,interior,MLD2,433.16780
HR_Spinup,1423,6,interior,MLD2,29.63251
HR_Spinup,1423,7,interior,MLD2,19.40685
HR_Spinup,1423,8,interior,MLD2,16.43580
HR_Spinup,1423,9,interior,MLD2,23.71421
HR_Spinup,1423,10,interior,MLD2,41.38850
HR_Spinup,1423,11,interior,MLD2,94.49177
HR_Spinup,1423,12,interior,MLD2,301.87691
HR_Spinup,1424,1,labsea,a_ice,0.34926
HR_Spinup,1424,2,labsea,a_ice,0.53012
HR_Spinup,1424,3,labsea,a_ice,0.51486
HR_Spinup,1424,4,labsea,a_ice,0.36932
HR_Spinup,1424,5,labsea,a_ice,0.21475
HR_Spinup,1424,6,labsea,a_ice,0.03536
HR_Spinup,1424,7,labsea,a_ice,0.00008
HR_Spinup,1424,8,labsea,a_ice,0.00000
HR_Spinup,1424,9,labsea,a_ice,0.00000
HR_Spinup,1424,10,labsea,a_ice,0.00010
HR_Spinup,1424,11,labsea,a_ice,0.04299
HR_Spinup,1424,12,labsea,a_ice,0.13012
HR_Spinup,1424,1,interior,a_ice,0.17087
HR_Spinup,1424,2,interior,a_ice,0.46152
HR_Spinup,1424,3,interior,a_ice,0.48293
HR_Spinup,1424,4,interior,a_ice,0.19376
HR_Spinup,1424,5,interior,a_ice,0.08482
HR_Spinup,1424,6,interior,a_ice,0.00030
HR_Spinup,1424,7,interior,a_ice,0.00000
HR_Spinup,1424,8,interior,a_ice,0.00000
HR_Spinup,1424,9,interior,a_ice,0.00000
HR_Spinup,1424,10,interior,a_ice,0.00000
HR_Spinup,1424,11,interior,a_ice,0.00005
HR_Spinup,1424,12,interior,a_ice,0.01044
HR_Spinup,1424,1,labsea,MLD2,684.97449
HR_Spinup,1424,2,labsea,MLD2,893.69993
HR_Spinup,1424,3,labsea,MLD2,752.71365
HR_Spinup,1424,4,labsea,MLD2,679.01827
HR_Spinup,1424,5,labsea,MLD2,245.91056
HR_Spinup,1424,6,labsea,MLD2,10.25431
HR_Spinup,1424,7,labsea,MLD2,14.37076
HR_Spinup,1424,8,labsea,MLD2,16.14729
HR_Spinup,1424,9,labsea,MLD2,28.65190
HR_Spinup,1424,10,labsea,MLD2,40.51564
HR_Spinup,1424,11,labsea,MLD2,88.27300
HR_Spinup,1424,12,labsea,MLD2,345.13657
HR_Spinup,1424,1,interior,MLD2,1174.18711
HR_Spinup,1424,2,interior,MLD2,1134.28779
HR_Spinup,1424,3,interior,MLD2,619.54578
HR_Spinup,1424,4,interior,MLD2,517.86359
HR_Spinup,1424,5,interior,MLD2,193.60717
HR_Spinup,1424,6,interior,MLD2,10.75115
HR_Spinup,1424,7,interior,MLD2,16.53741
HR_Spinup,1424,8,interior,MLD2,18.56596
HR_Spinup,1424,9,interior,MLD2,33.25178
HR_Spinup,1424,10,interior,MLD2,50.78693
HR_Spinup,1424,11,interior,MLD2,126.42418
HR_Spinup,1424,12,interior,MLD2,504.21483
HR_Spinup,1425,1,labsea,a_ice,0.24314
HR_Spinup,1425,2,labsea,a_ice,0.29708
HR_Spinup,1425,3,labsea,a_ice,0.24786
HR_Spinup,1425,4,labsea,a_ice,0.24096
HR_Spinup,1425,5,labsea,a_ice,0.17222
HR_Spinup,1425,6,labsea,a_ice,0.09795
HR_Spinup,1425,7,labsea,a_ice,0.02591
HR_Spinup,1425,8,labsea,a_ice,0.00076
HR_Spinup,1425,9,labsea,a_ice,0.00000
HR_Spinup,1425,10,labsea,a_ice,0.00003
HR_Spinup,1425,11,labsea,a_ice,0.02177
HR_Spinup,1425,12,labsea,a_ice,0.13565
HR_Spinup,1425,1,interior,a_ice,0.07517
HR_Spinup,1425,2,interior,a_ice,0.08760
HR_Spinup,1425,3,interior,a_ice,0.03955
HR_Spinup,1425,4,interior,a_ice,0.04210
HR_Spinup,1425,5,interior,a_ice,0.03568
HR_Spinup,1425,6,interior,a_ice,0.02753
HR_Spinup,1425,7,interior,a_ice,0.00083
HR_Spinup,1425,8,interior,a_ice,0.00000
HR_Spinup,1425,9,interior,a_ice,0.00000
HR_Spinup,1425,10,interior,a_ice,0.00000
HR_Spinup,1425,11,interior,a_ice,0.00113
HR_Spinup,1425,12,interior,a_ice,0.01341
HR_Spinup,1425,1,labsea,MLD2,800.40088
HR_Spinup,1425,2,labsea,MLD2,1131.57269
HR_Spinup,1425,3,labsea,MLD2,1164.77367
HR_Spinup,1425,4,labsea,MLD2,1101.58765
HR_Spinup,1425,5,labsea,MLD2,406.86189
HR_Spinup,1425,6,labsea,MLD2,56.64298
HR_Spinup,1425,7,labsea,MLD2,17.07541
HR_Spinup,1425,8,labsea,MLD2,19.23852
HR_Spinup,1425,9,labsea,MLD2,32.52186
HR_Spinup,1425,10,labsea,MLD2,49.11684
HR_Spinup,1425,11,labsea,MLD2,92.06059
HR_Spinup,1425,12,labsea,MLD2,289.89729
HR_Spinup,1425,1,interior,MLD2,1418.19055
HR_Spinup,1425,2,interior,MLD2,2044.17505
HR_Spinup,1425,3,interior,MLD2,2148.79364
HR_Spinup,1425,4,interior,MLD2,2011.32521
HR_Spinup,1425,5,interior,MLD2,849.57046
HR_Spinup,1425,6,interior,MLD2,100.14754
HR_Spinup,1425,7,interior,MLD2,18.57443
HR_Spinup,1425,8,interior,MLD2,25.45126
HR_Spinup,1425,9,interior,MLD2,42.12223
HR_Spinup,1425,10,interior,MLD2,63.11907
HR_Spinup,1425,11,interior,MLD2,121.15142
HR_Spinup,1425,12,interior,MLD2,516.42875
HR_Spinup,1426,1,labsea,a_ice,0.31275
HR_Spinup,1426,2,labsea,a_ice,0.38414
HR_Spinup,1426,3,labsea,a_ice,0.35110
HR_Spinup,1426,4,labsea,a_ice,0.26565
HR_Spinup,1426,5,labsea,a_ice,0.20329
HR_Spinup,1426,6,labsea,a_ice,0.09311
HR_Spinup,1426,7,labsea,a_ice,0.01156
HR_Spinup,1426,8,labsea,a_ice,0.00025
HR_Spinup,1426,9,labsea,a_ice,0.00000
HR_Spinup,1426,10,labsea,a_ice,0.00002
HR_Spinup,1426,11,labsea,a_ice,0.01516
HR_Spinup,1426,12,labsea,a_ice,0.12278
HR_Spinup,1426,1,interior,a_ice,0.10264
HR_Spinup,1426,2,interior,a_ice,0.23987
HR_Spinup,1426,3,interior,a_ice,0.18188
HR_Spinup,1426,4,interior,a_ice,0.08536
HR_Spinup,1426,5,interior,a_ice,0.06709
HR_Spinup,1426,6,interior,a_ice,0.01749
HR_Spinup,1426,7,interior,a_ice,0.00016
HR_Spinup,1426,8,interior,a_ice,0.00000
HR_Spinup,1426,9,interior,a_ice,0.00000
HR_Spinup,1426,10,interior,a_ice,0.00000
HR_Spinup,1426,11,interior,a_ice,0.00008
HR_Spinup,1426,12,interior,a_ice,0.00778
HR_Spinup,1426,1,labsea,MLD2,1164.58121
HR_Spinup,1426,2,labsea,MLD2,1258.22783
HR_Spinup,1426,3,labsea,MLD2,1225.42359
HR_Spinup,1426,4,labsea,MLD2,1250.34366
HR_Spinup,1426,5,labsea,MLD2,998.15265
HR_Spinup,1426,6,labsea,MLD2,47.11279
HR_Spinup,1426,7,labsea,MLD2,16.75230
HR_Spinup,1426,8,labsea,MLD2,17.47601
HR_Spinup,1426,9,labsea,MLD2,32.03266
HR_Spinup,1426,10,labsea,MLD2,45.36476
HR_Spinup,1426,11,labsea,MLD2,89.91149
HR_Spinup,1426,12,labsea,MLD2,443.67417
HR_Spinup,1426,1,interior,MLD2,1839.41983
HR_Spinup,1426,2,interior,MLD2,1720.24260
HR_Spinup,1426,3,interior,MLD2,1673.88468
HR_Spinup,1426,4,interior,MLD2,1804.86990
HR_Spinup,1426,5,interior,MLD2,1566.10508
HR_Spinup,1426,6,interior,MLD2,100.93779
HR_Spinup,1426,7,interior,MLD2,18.60475
HR_Spinup,1426,8,interior,MLD2,20.28694
HR_Spinup,1426,9,interior,MLD2,38.14446
HR_Spinup,1426,10,interior,MLD2,56.31689
HR_Spinup,1426,11,interior,MLD2,115.42139
HR_Spinup,1426,12,interior,MLD2,805.03913
HR_Spinup,1427,1,labsea,a_ice,0.20111
HR_Spinup,1427,2,labsea,a_ice,0.21583
HR_Spinup,1427,3,labsea,a_ice,0.20861
HR_Spinup,1427,4,labsea,a_ice,0.16771
HR_Spinup,1427,5,labsea,a_ice,0.09765
HR_Spinup,1427,6,labsea,a_ice,0.02080
HR_Spinup,1427,7,labsea,a_ice,0.00034
HR_Spinup,1427,8,labsea,a_ice,0.00000
HR_Spinup,1427,9,labsea,a_ice,0.00000
HR_Spinup,1427,10,labsea,a_ice,0.00070
HR_Spinup,1427,11,labsea,a_ice,0.03088
HR_Spinup,1427,12,labsea,a_ice,0.13403
HR_Spinup,1427,1,interior,a_ice,0.03994
HR_Spinup,1427,2,interior,a_ice,0.04782
HR_Spinup,1427,3,interior,a_ice,0.04865
HR_Spinup,1427,4,interior,a_ice,0.04192
HR_Spinup,1427,5,interior,a_ice,0.01172
HR_Spinup,1427,6,interior,a_ice,0.00325
HR_Spinup,1427,7,interior,a_ice,0.00001
HR_Spinup,1427,8,interior,a_ice,0.00000
HR_Spinup,1427,9,interior,a_ice,0.00000
HR_Spinup,1427,10,interior,a_ice,0.00000
HR_Spinup,1427,11,interior,a_ice,0.00000
HR_Spinup,1427,12,interior,a_ice,0.01473
HR_Spinup,1427,1,labsea,MLD2,1124.76689
HR_Spinup,1427,2,labsea,MLD2,1090.99639
HR_Spinup,1427,3,labsea,MLD2,1266.29652
HR_Spinup,1427,4,labsea,MLD2,1168.44962
HR_Spinup,1427,5,labsea,MLD2,529.75574
HR_Spinup,1427,6,labsea,MLD2,25.59285
HR_Spinup,1427,7,labsea,MLD2,17.34103
HR_Spinup,1427,8,labsea,MLD2,15.29321
HR_Spinup,1427,9,labsea,MLD2,22.90151
HR_Spinup,1427,10,labsea,MLD2,39.23183
HR_Spinup,1427,11,labsea,MLD2,71.56790
HR_Spinup,1427,12,labsea,MLD2,333.76623
HR_Spinup,1427,1,interior,MLD2,2051.11113
HR_Spinup,1427,2,interior,MLD2,2142.21006
HR_Spinup,1427,3,interior,MLD2,2294.46129
HR_Spinup,1427,4,interior,MLD2,2243.26900
HR_Spinup,1427,5,interior,MLD2,1204.12402
HR_Spinup,1427,6,interior,MLD2,34.71127
HR_Spinup,1427,7,interior,MLD2,20.22024
HR_Spinup,1427,8,interior,MLD2,17.60414
HR_Spinup,1427,9,interior,MLD2,28.09741
HR_Spinup,1427,10,interior,MLD2,46.86951
HR_Spinup,1427,11,interior,MLD2,92.76595
HR_Spinup,1427,12,interior,MLD2,553.38441
HR_Spinup,1428,1,labsea,a_ice,0.22974
HR_Spinup,1428,2,labsea,a_ice,0.34335
HR_Spinup,1428,3,labsea,a_ice,0.32923
HR_Spinup,1428,4,labsea,a_ice,0.25969
HR_Spinup,1428,5,labsea,a_ice,0.20404
HR_Spinup,1428,6,labsea,a_ice,0.10105
HR_Spinup,1428,7,labsea,a_ice,0.01445
HR_Spinup,1428,8,labsea,a_ice,0.00013
HR_Spinup,1428,9,labsea,a_ice,0.00000
HR_Spinup,1428,10,labsea,a_ice,0.00096
HR_Spinup,1428,11,labsea,a_ice,0.03620
HR_Spinup,1428,12,labsea,a_ice,0.11576
HR_Spinup,1428,1,interior,a_ice,0.04663
HR_Spinup,1428,2,interior,a_ice,0.12742
HR_Spinup,1428,3,interior,a_ice,0.12432
HR_Spinup,1428,4,interior,a_ice,0.04755
HR_Spinup,1428,5,interior,a_ice,0.05934
HR_Spinup,1428,6,interior,a_ice,0.01669
HR_Spinup,1428,7,interior,a_ice,0.00139
HR_Spinup,1428,8,interior,a_ice,0.00000
HR_Spinup,1428,9,interior,a_ice,0.00000
HR_Spinup,1428,10,interior,a_ice,0.00000
HR_Spinup,1428,11,interior,a_ice,0.00000
HR_Spinup,1428,12,interior,a_ice,0.00569
HR_Spinup,1428,1,labsea,MLD2,890.54673
HR_Spinup,1428,2,labsea,MLD2,1160.93948
HR_Spinup,1428,3,labsea,MLD2,1209.42382
HR_Spinup,1428,4,labsea,MLD2,999.17183
HR_Spinup,1428,5,labsea,MLD2,418.66177
HR_Spinup,1428,6,labsea,MLD2,36.31162
HR_Spinup,1428,7,labsea,MLD2,18.59528
HR_Spinup,1428,8,labsea,MLD2,19.40133
HR_Spinup,1428,9,labsea,MLD2,29.14461
HR_Spinup,1428,10,labsea,MLD2,49.95094
HR_Spinup,1428,11,labsea,MLD2,80.72212
HR_Spinup,1428,12,labsea,MLD2,166.87838
HR_Spinup,1428,1,interior,MLD2,1401.96175
HR_Spinup,1428,2,interior,MLD2,1726.30828
HR_Spinup,1428,3,interior,MLD2,1908.84103
HR_Spinup,1428,4,interior,MLD2,1705.03663
HR_Spinup,1428,5,interior,MLD2,798.55279
HR_Spinup,1428,6,interior,MLD2,60.34091
HR_Spinup,1428,7,interior,MLD2,21.10582
HR_Spinup,1428,8,interior,MLD2,22.42599
HR_Spinup,1428,9,interior,MLD2,36.17285
HR_Spinup,1428,10,interior,MLD2,64.00726
HR_Spinup,1428,11,interior,MLD2,111.07726
HR_Spinup,1428,12,interior,MLD2,281.68421
HR_Spinup,1429,1,labsea,a_ice,0.23138
HR_Spinup,1429,2,labsea,a_ice,0.29598
HR_Spinup,1429,3,labsea,a_ice,0.28284
HR_Spinup,1429,4,labsea,a_ice,0.25146
HR_Spinup,1429,5,labsea,a_ice,0.19534
HR_Spinup,1429,6,labsea,a_ice,0.06138
HR_Spinup,1429,7,labsea,a_ice,0.00050
HR_Spinup,1429,8,labsea,a_ice,0.00000
HR_Spinup,1429,9,labsea,a_ice,0.00000
HR_Spinup,1429,10,labsea,a_ice,0.00030
HR_Spinup,1429,11,labsea,a_ice,0.02219
HR_Spinup,1429,12,labsea,a_ice,0.07587
HR_Spinup,1429,1,interior,a_ice,0.04214
HR_Spinup,1429,2,interior,a_ice,0.07767
HR_Spinup,1429,3,interior,a_ice,0.05511
HR_Spinup,1429,4,interior,a_ice,0.06341
HR_Spinup,1429,5,interior,a_ice,0.06693
HR_Spinup,1429,6,interior,a_ice,0.01937
HR_Spinup,1429,7,interior,a_ice,0.00000
HR_Spinup,1429,8,interior,a_ice,0.00000
HR_Spinup,1429,9,interior,a_ice,0.00000
HR_Spinup,1429,10,interior,a_ice,0.00000
HR_Spinup,1429,11,interior,a_ice,0.00023
HR_Spinup,1429,12,interior,a_ice,0.00406
HR_Spinup,1429,1,labsea,MLD2,758.81602
HR_Spinup,1429,2,labsea,MLD2,1097.95594
HR_Spinup,1429,3,labsea,MLD2,1027.52595
HR_Spinup,1429,4,labsea,MLD2,812.43703
HR_Spinup,1429,5,labsea,MLD2,561.07319
HR_Spinup,1429,6,labsea,MLD2,21.30058
HR_Spinup,1429,7,labsea,MLD2,13.94353
HR_Spinup,1429,8,labsea,MLD2,17.44432
HR_Spinup,1429,9,labsea,MLD2,24.01941
HR_Spinup,1429,10,labsea,MLD2,41.66408
HR_Spinup,1429,11,labsea,MLD2,82.73961
HR_Spinup,1429,12,labsea,MLD2,132.16985
HR_Spinup,1429,1,interior,MLD2,1500.63322
HR_Spinup,1429,2,interior,MLD2,1851.68382
HR_Spinup,1429,3,interior,MLD2,1848.78917
HR_Spinup,1429,4,interior,MLD2,1717.57045
HR_Spinup,1429,5,interior,MLD2,1261.07041
HR_Spinup,1429,6,interior,MLD2,22.54361
HR_Spinup,1429,7,interior,MLD2,14.80720
HR_Spinup,1429,8,interior,MLD2,21.38136
HR_Spinup,1429,9,interior,MLD2,32.23867
HR_Spinup,1429,10,interior,MLD2,53.20191
HR_Spinup,1429,11,interior,MLD2,105.27919
HR_Spinup,1429,12,interior,MLD2,213.63508
HR_Spinup,1430,1,labsea,a_ice,0.23694
HR_Spinup,1430,2,labsea,a_ice,0.32836
HR_Spinup,1430,3,labsea,a_ice,0.36762
HR_Spinup,1430,4,labsea,a_ice,0.29975
HR_Spinup,1430,5,labsea,a_ice,0.18698
HR_Spinup,1430,6,labsea,a_ice,0.06077
HR_Spinup,1430,7,labsea,a_ice,0.00818
HR_Spinup,1430,8,labsea,a_ice,0.00312
HR_Spinup,1430,9,labsea,a_ice,0.00477
HR_Spinup,1430,10,labsea,a_ice,0.01172
HR_Spinup,1430,11,labsea,a_ice,0.06128
HR_Spinup,1430,12,labsea,a_ice,0.23636
HR_Spinup,1430,1,interior,a_ice,0.04369
HR_Spinup,1430,2,interior,a_ice,0.11344
HR_Spinup,1430,3,interior,a_ice,0.16488
HR_Spinup,1430,4,interior,a_ice,0.07501
HR_Spinup,1430,5,interior,a_ice,0.05112
HR_Spinup,1430,6,interior,a_ice,0.00525
HR_Spinup,1430,7,interior,a_ice,0.00013
HR_Spinup,1430,8,interior,a_ice,0.00031
HR_Spinup,1430,9,interior,a_ice,0.00053
HR_Spinup,1430,10,interior,a_ice,0.00324
HR_Spinup,1430,11,interior,a_ice,0.00830
HR_Spinup,1430,12,interior,a_ice,0.04464
HR_Spinup,1430,1,labsea,MLD2,891.67236
HR_Spinup,1430,2,labsea,MLD2,1238.50552
HR_Spinup,1430,3,labsea,MLD2,1181.42973
HR_Spinup,1430,4,labsea,MLD2,787.79590
HR_Spinup,1430,5,labsea,MLD2,73.74671
HR_Spinup,1430,6,labsea,MLD2,21.75259
HR_Spinup,1430,7,labsea,MLD2,17.40158
HR_Spinup,1430,8,labsea,MLD2,19.81055
HR_Spinup,1430,9,labsea,MLD2,24.42979
HR_Spinup,1430,10,labsea,MLD2,35.87458
HR_Spinup,1430,11,labsea,MLD2,59.18734
HR_Spinup,1430,12,labsea,MLD2,376.04266
HR_Spinup,1430,1,interior,MLD2,1564.49077
HR_Spinup,1430,2,interior,MLD2,1822.24638
HR_Spinup,1430,3,interior,MLD2,1658.25081
HR_Spinup,1430,4,interior,MLD2,1160.48528
HR_Spinup,1430,5,interior,MLD2,105.34077
HR_Spinup,1430,6,interior,MLD2,25.01660
HR_Spinup,1430,7,interior,MLD2,20.90353
HR_Spinup,1430,8,interior,MLD2,23.76515
HR_Spinup,1430,9,interior,MLD2,31.10071
HR_Spinup,1430,10,interior,MLD2,44.17084
HR_Spinup,1430,11,interior,MLD2,67.91676
HR_Spinup,1430,12,interior,MLD2,753.48552
HR_Spinup,1431,1,labsea,a_ice,0.39274
HR_Spinup,1431,2,labsea,a_ice,0.41251
HR_Spinup,1431,3,labsea,a_ice,0.41571
HR_Spinup,1431,4,labsea,a_ice,0.30826
HR_Spinup,1431,5,labsea,a_ice,0.18639
HR_Spinup,1431,6,labsea,a_ice,0.06842
HR_Spinup,1431,7,labsea,a_ice,0.00649
HR_Spinup,1431,8,labsea,a_ice,0.00001
HR_Spinup,1431,9,labsea,a_ice,0.00000
HR_Spinup,1431,10,labsea,a_ice,0.00000
HR_Spinup,1431,11,labsea,a_ice,0.02520
HR_Spinup,1431,12,labsea,a_ice,0.13461
HR_Spinup,1431,1,interior,a_ice,0.19957
HR_Spinup,1431,2,interior,a_ice,0.21403
HR_Spinup,1431,3,interior,a_ice,0.18747
HR_Spinup,1431,4,interior,a_ice,0.08664
HR_Spinup,1431,5,interior,a_ice,0.05533
HR_Spinup,1431,6,interior,a_ice,0.00180
HR_Spinup,1431,7,interior,a_ice,0.00025
HR_Spinup,1431,8,interior,a_ice,0.00000
HR_Spinup,1431,9,interior,a_ice,0.00000
HR_Spinup,1431,10,interior,a_ice,0.00000
HR_Spinup,1431,11,interior,a_ice,0.00000
HR_Spinup,1431,12,interior,a_ice,0.01508
HR_Spinup,1431,1,labsea,MLD2,1106.73956
HR_Spinup,1431,2,labsea,MLD2,1227.18534
HR_Spinup,1431,3,labsea,MLD2,1227.40557
HR_Spinup,1431,4,labsea,MLD2,964.95845
HR_Spinup,1431,5,labsea,MLD2,387.43577
HR_Spinup,1431,6,labsea,MLD2,16.55816
HR_Spinup,1431,7,labsea,MLD2,14.89920
HR_Spinup,1431,8,labsea,MLD2,19.45037
HR_Spinup,1431,9,labsea,MLD2,27.31505
HR_Spinup,1431,10,labsea,MLD2,36.50479
HR_Spinup,1431,11,labsea,MLD2,85.46493
HR_Spinup,1431,12,labsea,MLD2,341.84405
HR_Spinup,1431,1,interior,MLD2,1653.41300
HR_Spinup,1431,2,interior,MLD2,1872.69478
HR_Spinup,1431,3,interior,MLD2,1929.80358
HR_Spinup,1431,4,interior,MLD2,1617.25348
HR_Spinup,1431,5,interior,MLD2,673.47703
HR_Spinup,1431,6,interior,MLD2,18.82095
HR_Spinup,1431,7,interior,MLD2,16.51353
HR_Spinup,1431,8,interior,MLD2,24.52235
HR_Spinup,1431,9,interior,MLD2,33.20028
HR_Spinup,1431,10,interior,MLD2,45.92514
HR_Spinup,1431,11,interior,MLD2,137.97385
HR_Spinup,1431,12,interior,MLD2,700.18225
HR_Spinup,1432,1,labsea,a_ice,0.31600
HR_Spinup,1432,2,labsea,a_ice,0.40197
HR_Spinup,1432,3,labsea,a_ice,0.33393
HR_Spinup,1432,4,labsea,a_ice,0.32568
HR_Spinup,1432,5,labsea,a_ice,0.21044
HR_Spinup,1432,6,labsea,a_ice,0.08120
HR_Spinup,1432,7,labsea,a_ice,0.03310
HR_Spinup,1432,8,labsea,a_ice,0.00176
HR_Spinup,1432,9,labsea,a_ice,0.00002
HR_Spinup,1432,10,labsea,a_ice,0.00010
HR_Spinup,1432,11,labsea,a_ice,0.01890
HR_Spinup,1432,12,labsea,a_ice,0.13462
HR_Spinup,1432,1,interior,a_ice,0.11449
HR_Spinup,1432,2,interior,a_ice,0.22574
HR_Spinup,1432,3,interior,a_ice,0.13930
HR_Spinup,1432,4,interior,a_ice,0.14094
HR_Spinup,1432,5,interior,a_ice,0.09059
HR_Spinup,1432,6,interior,a_ice,0.00394
HR_Spinup,1432,7,interior,a_ice,0.00012
HR_Spinup,1432,8,interior,a_ice,0.00000
HR_Spinup,1432,9,interior,a_ice,0.00000
HR_Spinup,1432,10,interior,a_ice,0.00000
HR_Spinup,1432,11,interior,a_ice,0.00007
HR_Spinup,1432,12,interior,a_ice,0.00866
HR_Spinup,1432,1,labsea,MLD2,1135.58950
HR_Spinup,1432,2,labsea,MLD2,1147.09784
HR_Spinup,1432,3,labsea,MLD2,1103.93384
HR_Spinup,1432,4,labsea,MLD2,1116.32263
HR_Spinup,1432,5,labsea,MLD2,447.42959
HR_Spinup,1432,6,labsea,MLD2,22.42131
HR_Spinup,1432,7,labsea,MLD2,18.40911
HR_Spinup,1432,8,labsea,MLD2,18.42039
HR_Spinup,1432,9,labsea,MLD2,21.72063
HR_Spinup,1432,10,labsea,MLD2,38.56056
HR_Spinup,1432,11,labsea,MLD2,75.63948
HR_Spinup,1432,12,labsea,MLD2,304.14314
HR_Spinup,1432,1,interior,MLD2,1977.01544
HR_Spinup,1432,2,interior,MLD2,1704.05049
HR_Spinup,1432,3,interior,MLD2,1631.00323
HR_Spinup,1432,4,interior,MLD2,1701.24352
HR_Spinup,1432,5,interior,MLD2,668.95519
HR_Spinup,1432,6,interior,MLD2,26.21403
HR_Spinup,1432,7,interior,MLD2,22.42564
HR_Spinup,1432,8,interior,MLD2,22.13003
HR_Spinup,1432,9,interior,MLD2,26.11878
HR_Spinup,1432,10,interior,MLD2,47.04989
HR_Spinup,1432,11,interior,MLD2,99.86127
HR_Spinup,1432,12,interior,MLD2,507.16092
HR_Spinup,1433,1,labsea,a_ice,0.25125
HR_Spinup,1433,2,labsea,a_ice,0.29215
HR_Spinup,1433,3,labsea,a_ice,0.31607
HR_Spinup,1433,4,labsea,a_ice,0.28386
HR_Spinup,1433,5,labsea,a_ice,0.17921
HR_Spinup,1433,6,labsea,a_ice,0.10161
HR_Spinup,1433,7,labsea,a_ice,0.01486
HR_Spinup,1433,8,labsea,a_ice,0.00014
HR_Spinup,1433,9,labsea,a_ice,0.00001
HR_Spinup,1433,10,labsea,a_ice,0.00014
HR_Spinup,1433,11,labsea,a_ice,0.02431
HR_Spinup,1433,12,labsea,a_ice,0.14973
HR_Spinup,1433,1,interior,a_ice,0.04856
HR_Spinup,1433,2,interior,a_ice,0.07930
HR_Spinup,1433,3,interior,a_ice,0.09767
HR_Spinup,1433,4,interior,a_ice,0.09849
HR_Spinup,1433,5,interior,a_ice,0.03572
HR_Spinup,1433,6,interior,a_ice,0.00388
HR_Spinup,1433,7,interior,a_ice,0.00006
HR_Spinup,1433,8,interior,a_ice,0.00000
HR_Spinup,1433,9,interior,a_ice,0.00000
HR_Spinup,1433,10,interior,a_ice,0.00000
HR_Spinup,1433,11,interior,a_ice,0.00099
HR_Spinup,1433,12,interior,a_ice,0.01773
HR_Spinup,1433,1,labsea,MLD2,1275.61600
HR_Spinup,1433,2,labsea,MLD2,1433.01187
HR_Spinup,1433,3,labsea,MLD2,1368.27664
HR_Spinup,1433,4,labsea,MLD2,1231.04137
HR_Spinup,1433,5,labsea,MLD2,794.05137
HR_Spinup,1433,6,labsea,MLD2,28.18276
HR_Spinup,1433,7,labsea,MLD2,15.45040
HR_Spinup,1433,8,labsea,MLD2,15.62786
HR_Spinup,1433,9,labsea,MLD2,26.20313
HR_Spinup,1433,10,labsea,MLD2,42.59297
HR_Spinup,1433,11,labsea,MLD2,76.97619
HR_Spinup,1433,12,labsea,MLD2,539.25736
HR_Spinup,1433,1,interior,MLD2,2278.37938
HR_Spinup,1433,2,interior,MLD2,2254.32422
HR_Spinup,1433,3,interior,MLD2,2149.81616
HR_Spinup,1433,4,interior,MLD2,1907.19634
HR_Spinup,1433,5,interior,MLD2,1196.70099
HR_Spinup,1433,6,interior,MLD2,34.69030
HR_Spinup,1433,7,interior,MLD2,20.20377
HR_Spinup,1433,8,interior,MLD2,19.38539
HR_Spinup,1433,9,interior,MLD2,30.25781
HR_Spinup,1433,10,interior,MLD2,51.69641
HR_Spinup,1433,11,interior,MLD2,114.93053
HR_Spinup,1433,12,interior,MLD2,933.22529
HR_Spinup,1434,1,labsea,a_ice,0.24758
HR_Spinup,1434,2,labsea,a_ice,0.26602
HR_Spinup,1434,3,labsea,a_ice,0.28141
HR_Spinup,1434,4,labsea,a_ice,0.25271
HR_Spinup,1434,5,labsea,a_ice,0.22104
HR_Spinup,1434,6,labsea,a_ice,0.11386
HR_Spinup,1434,7,labsea,a_ice,0.01726
HR_Spinup,1434,8,labsea,a_ice,0.00075
HR_Spinup,1434,9,labsea,a_ice,0.00000
HR_Spinup,1434,10,labsea,a_ice,0.00025
HR_Spinup,1434,11,labsea,a_ice,0.03728
HR_Spinup,1434,12,labsea,a_ice,0.14543
HR_Spinup,1434,1,interior,a_ice,0.04152
HR_Spinup,1434,2,interior,a_ice,0.03078
HR_Spinup,1434,3,interior,a_ice,0.04660
HR_Spinup,1434,4,interior,a_ice,0.05048
HR_Spinup,1434,5,interior,a_ice,0.06436
HR_Spinup,1434,6,interior,a_ice,0.00878
HR_Spinup,1434,7,interior,a_ice,0.00057
HR_Spinup,1434,8,interior,a_ice,0.00000
HR_Spinup,1434,9,interior,a_ice,0.00000
HR_Spinup,1434,10,interior,a_ice,0.00000
HR_Spinup,1434,11,interior,a_ice,0.00006
HR_Spinup,1434,12,interior,a_ice,0.02461
HR_Spinup,1434,1,labsea,MLD2,1206.34519
HR_Spinup,1434,2,labsea,MLD2,1273.66939
HR_Spinup,1434,3,labsea,MLD2,1162.50039
HR_Spinup,1434,4,labsea,MLD2,1036.21895
HR_Spinup,1434,5,labsea,MLD2,494.23517
HR_Spinup,1434,6,labsea,MLD2,28.82708
HR_Spinup,1434,7,labsea,MLD2,14.90010
HR_Spinup,1434,8,labsea,MLD2,20.31155
HR_Spinup,1434,9,labsea,MLD2,30.10431
HR_Spinup,1434,10,labsea,MLD2,46.09820
HR_Spinup,1434,11,labsea,MLD2,73.96154
HR_Spinup,1434,12,labsea,MLD2,176.77562
HR_Spinup,1434,1,interior,MLD2,2216.74331
HR_Spinup,1434,2,interior,MLD2,2383.78284
HR_Spinup,1434,3,interior,MLD2,2310.23145
HR_Spinup,1434,4,interior,MLD2,2076.73550
HR_Spinup,1434,5,interior,MLD2,1121.78753
HR_Spinup,1434,6,interior,MLD2,43.79784
HR_Spinup,1434,7,interior,MLD2,16.90587
HR_Spinup,1434,8,interior,MLD2,24.30564
HR_Spinup,1434,9,interior,MLD2,35.18423
HR_Spinup,1434,10,interior,MLD2,55.15730
HR_Spinup,1434,11,interior,MLD2,93.87956
HR_Spinup,1434,12,interior,MLD2,355.78002
HR_Spinup,1435,1,labsea,a_ice,0.29632
HR_Spinup,1435,2,labsea,a_ice,0.34551
HR_Spinup,1435,3,labsea,a_ice,0.36039
HR_Spinup,1435,4,labsea,a_ice,0.26755
HR_Spinup,1435,5,labsea,a_ice,0.13931
HR_Spinup,1435,6,labsea,a_ice,0.02867
HR_Spinup,1435,7,labsea,a_ice,0.00066
HR_Spinup,1435,8,labsea,a_ice,0.00000
HR_Spinup,1435,9,labsea,a_ice,0.00000
HR_Spinup,1435,10,labsea,a_ice,0.00354
HR_Spinup,1435,11,labsea,a_ice,0.04615
HR_Spinup,1435,12,labsea,a_ice,0.11897
HR_Spinup,1435,1,interior,a_ice,0.10101
HR_Spinup,1435,2,interior,a_ice,0.10459
HR_Spinup,1435,3,interior,a_ice,0.13750
HR_Spinup,1435,4,interior,a_ice,0.11813
HR_Spinup,1435,5,interior,a_ice,0.01566
HR_Spinup,1435,6,interior,a_ice,0.00003
HR_Spinup,1435,7,interior,a_ice,0.00000
HR_Spinup,1435,8,interior,a_ice,0.00000
HR_Spinup,1435,9,interior,a_ice,0.00000
HR_Spinup,1435,10,interior,a_ice,0.00000
HR_Spinup,1435,11,interior,a_ice,0.00020
HR_Spinup,1435,12,interior,a_ice,0.01409
HR_Spinup,1435,1,labsea,MLD2,925.88782
HR_Spinup,1435,2,labsea,MLD2,1162.26210
HR_Spinup,1435,3,labsea,MLD2,1175.49929
HR_Spinup,1435,4,labsea,MLD2,751.52099
HR_Spinup,1435,5,labsea,MLD2,227.33469
HR_Spinup,1435,6,labsea,MLD2,25.02283
HR_Spinup,1435,7,labsea,MLD2,17.00916
HR_Spinup,1435,8,labsea,MLD2,16.55393
HR_Spinup,1435,9,labsea,MLD2,26.33624
HR_Spinup,1435,10,labsea,MLD2,45.22442
HR_Spinup,1435,11,labsea,MLD2,83.87967
HR_Spinup,1435,12,labsea,MLD2,288.24746
HR_Spinup,1435,1,interior,MLD2,1703.42826
HR_Spinup,1435,2,interior,MLD2,1891.97339
HR_Spinup,1435,3,interior,MLD2,1774.24842
HR_Spinup,1435,4,interior,MLD2,1039.01409
HR_Spinup,1435,5,interior,MLD2,208.45211
HR_Spinup,1435,6,interior,MLD2,26.12920
HR_Spinup,1435,7,interior,MLD2,19.72956
HR_Spinup,1435,8,interior,MLD2,19.73435
HR_Spinup,1435,9,interior,MLD2,30.28675
HR_Spinup,1435,10,interior,MLD2,53.36927
HR_Spinup,1435,11,interior,MLD2,116.16133
HR_Spinup,1435,12,interior,MLD2,576.13958
HR_Spinup,1436,1,labsea,a_ice,0.24810
HR_Spinup,1436,2,labsea,a_ice,0.32001
HR_Spinup,1436,3,labsea,a_ice,0.34135
HR_Spinup,1436,4,labsea,a_ice,0.29666
HR_Spinup,1436,5,labsea,a_ice,0.20138
HR_Spinup,1436,6,labsea,a_ice,0.07735
HR_Spinup,1436,7,labsea,a_ice,0.01245
HR_Spinup,1436,8,labsea,a_ice,0.00000
HR_Spinup,1436,9,labsea,a_ice,0.00000
HR_Spinup,1436,10,labsea,a_ice,0.00008
HR_Spinup,1436,11,labsea,a_ice,0.01276
HR_Spinup,1436,12,labsea,a_ice,0.11629
HR_Spinup,1436,1,interior,a_ice,0.04113
HR_Spinup,1436,2,interior,a_ice,0.08252
HR_Spinup,1436,3,interior,a_ice,0.13937
HR_Spinup,1436,4,interior,a_ice,0.08449
HR_Spinup,1436,5,interior,a_ice,0.04124
HR_Spinup,1436,6,interior,a_ice,0.01110
HR_Spinup,1436,7,interior,a_ice,0.00000
HR_Spinup,1436,8,interior,a_ice,0.00000
HR_Spinup,1436,9,interior,a_ice,0.00000
HR_Spinup,1436,10,interior,a_ice,0.00000
HR_Spinup,1436,11,interior,a_ice,0.00000
HR_Spinup,1436,12,interior,a_ice,0.01009
HR_Spinup,1436,1,labsea,MLD2,1181.42784
HR_Spinup,1436,2,labsea,MLD2,1342.41793
HR_Spinup,1436,3,labsea,MLD2,1295.11687
HR_Spinup,1436,4,labsea,MLD2,1134.17969
HR_Spinup,1436,5,labsea,MLD2,426.47129
HR_Spinup,1436,6,labsea,MLD2,22.71957
HR_Spinup,1436,7,labsea,MLD2,16.81157
HR_Spinup,1436,8,labsea,MLD2,19.45491
HR_Spinup,1436,9,labsea,MLD2,21.28127
HR_Spinup,1436,10,labsea,MLD2,37.26189
HR_Spinup,1436,11,labsea,MLD2,85.81145
HR_Spinup,1436,12,labsea,MLD2,336.58433
HR_Spinup,1436,1,interior,MLD2,2182.74529
HR_Spinup,1436,2,interior,MLD2,2264.51012
HR_Spinup,1436,3,interior,MLD2,2105.80587
HR_Spinup,1436,4,interior,MLD2,2038.78433
HR_Spinup,1436,5,interior,MLD2,829.34767
HR_Spinup,1436,6,interior,MLD2,25.72304
HR_Spinup,1436,7,interior,MLD2,19.12699
HR_Spinup,1436,8,interior,MLD2,23.47203
HR_Spinup,1436,9,interior,MLD2,26.54051
HR_Spinup,1436,10,interior,MLD2,45.10571
HR_Spinup,1436,11,interior,MLD2,117.62125
HR_Spinup,1436,12,interior,MLD2,647.97945
HR_Spinup,1437,1,labsea,a_ice,0.27848
HR_Spinup,1437,2,labsea,a_ice,0.32502
HR_Spinup,1437,3,labsea,a_ice,0.38680
HR_Spinup,1437,4,labsea,a_ice,0.37831
HR_Spinup,1437,5,labsea,a_ice,0.22254
HR_Spinup,1437,6,labsea,a_ice,0.05676
HR_Spinup,1437,7,labsea,a_ice,0.00300
HR_Spinup,1437,8,labsea,a_ice,0.00029
HR_Spinup,1437,9,labsea,a_ice,0.00050
HR_Spinup,1437,10,labsea,a_ice,0.00547
HR_Spinup,1437,11,labsea,a_ice,0.04214
HR_Spinup,1437,12,labsea,a_ice,0.13203
HR_Spinup,1437,1,interior,a_ice,0.10047
HR_Spinup,1437,2,interior,a_ice,0.13343
HR_Spinup,1437,3,interior,a_ice,0.20335
HR_Spinup,1437,4,interior,a_ice,0.20131
HR_Spinup,1437,5,interior,a_ice,0.07277
HR_Spinup,1437,6,interior,a_ice,0.00482
HR_Spinup,1437,7,interior,a_ice,0.00002
HR_Spinup,1437,8,interior,a_ice,0.00000
HR_Spinup,1437,9,interior,a_ice,0.00000
HR_Spinup,1437,10,interior,a_ice,0.00000
HR_Spinup,1437,11,interior,a_ice,0.00220
HR_Spinup,1437,12,interior,a_ice,0.01305
HR_Spinup,1437,1,labsea,MLD2,1113.93960
HR_Spinup,1437,2,labsea,MLD2,1077.08373
HR_Spinup,1437,3,labsea,MLD2,1057.65341
HR_Spinup,1437,4,labsea,MLD2,929.85814
HR_Spinup,1437,5,labsea,MLD2,256.37650
HR_Spinup,1437,6,labsea,MLD2,14.37898
HR_Spinup,1437,7,labsea,MLD2,11.44651
HR_Spinup,1437,8,labsea,MLD2,16.77469
HR_Spinup,1437,9,labsea,MLD2,25.45969
HR_Spinup,1437,10,labsea,MLD2,41.14121
HR_Spinup,1437,11,labsea,MLD2,64.39408
HR_Spinup,1437,12,labsea,MLD2,159.27925
HR_Spinup,1437,1,interior,MLD2,1912.69174
HR_Spinup,1437,2,interior,MLD2,1641.25738
HR_Spinup,1437,3,interior,MLD2,1628.79536
HR_Spinup,1437,4,interior,MLD2,1406.59129
HR_Spinup,1437,5,interior,MLD2,387.94100
HR_Spinup,1437,6,interior,MLD2,15.47863
HR_Spinup,1437,7,interior,MLD2,11.50085
HR_Spinup,1437,8,interior,MLD2,17.72714
HR_Spinup,1437,9,interior,MLD2,29.48336
HR_Spinup,1437,10,interior,MLD2,48.42835
HR_Spinup,1437,11,interior,MLD2,80.93849
HR_Spinup,1437,12,interior,MLD2,267.68724
HR_Spinup,1438,1,labsea,a_ice,0.23872
HR_Spinup,1438,2,labsea,a_ice,0.33717
HR_Spinup,1438,3,labsea,a_ice,0.36278
HR_Spinup,1438,4,labsea,a_ice,0.28109
HR_Spinup,1438,5,labsea,a_ice,0.15116
HR_Spinup,1438,6,labsea,a_ice,0.06501
HR_Spinup,1438,7,labsea,a_ice,0.00348
HR_Spinup,1438,8,labsea,a_ice,0.00000
HR_Spinup,1438,9,labsea,a_ice,0.00000
HR_Spinup,1438,10,labsea,a_ice,0.00007
HR_Spinup,1438,11,labsea,a_ice,0.02183
HR_Spinup,1438,12,labsea,a_ice,0.08637
HR_Spinup,1438,1,interior,a_ice,0.01365
HR_Spinup,1438,2,interior,a_ice,0.10520
HR_Spinup,1438,3,interior,a_ice,0.13388
HR_Spinup,1438,4,interior,a_ice,0.07312
HR_Spinup,1438,5,interior,a_ice,0.01518
HR_Spinup,1438,6,interior,a_ice,0.00006
HR_Spinup,1438,7,interior,a_ice,0.00000
HR_Spinup,1438,8,interior,a_ice,0.00000
HR_Spinup,1438,9,interior,a_ice,0.00000
HR_Spinup,1438,10,interior,a_ice,0.00000
HR_Spinup,1438,11,interior,a_ice,0.00000
HR_Spinup,1438,12,interior,a_ice,0.00468
HR_Spinup,1438,1,labsea,MLD2,743.12007
HR_Spinup,1438,2,labsea,MLD2,1134.95097
HR_Spinup,1438,3,labsea,MLD2,1000.33468
HR_Spinup,1438,4,labsea,MLD2,777.23070
HR_Spinup,1438,5,labsea,MLD2,197.48652
HR_Spinup,1438,6,labsea,MLD2,32.07289
HR_Spinup,1438,7,labsea,MLD2,14.42962
HR_Spinup,1438,8,labsea,MLD2,14.25707
HR_Spinup,1438,9,labsea,MLD2,22.26698
HR_Spinup,1438,10,labsea,MLD2,41.87537
HR_Spinup,1438,11,labsea,MLD2,68.41453
HR_Spinup,1438,12,labsea,MLD2,144.03588
HR_Spinup,1438,1,interior,MLD2,1495.72099
HR_Spinup,1438,2,interior,MLD2,1987.45174
HR_Spinup,1438,3,interior,MLD2,1770.76455
HR_Spinup,1438,4,interior,MLD2,1460.50032
HR_Spinup,1438,5,interior,MLD2,466.55308
HR_Spinup,1438,6,interior,MLD2,49.47292
HR_Spinup,1438,7,interior,MLD2,17.89617
HR_Spinup,1438,8,interior,MLD2,16.45304
HR_Spinup,1438,9,interior,MLD2,27.71940
HR_Spinup,1438,10,interior,MLD2,50.76003
HR_Spinup,1438,11,interior,MLD2,81.12371
HR_Spinup,1438,12,interior,MLD2,245.47876
HR_Spinup,1439,1,labsea,a_ice,0.24371
HR_Spinup,1439,2,labsea,a_ice,0.31942
HR_Spinup,1439,3,labsea,a_ice,0.34869
HR_Spinup,1439,4,labsea,a_ice,0.26594
HR_Spinup,1439,5,labsea,a_ice,0.14878
HR_Spinup,1439,6,labsea,a_ice,0.06769
HR_Spinup,1439,7,labsea,a_ice,0.01872
HR_Spinup,1439,8,labsea,a_ice,0.00025
HR_Spinup,1439,9,labsea,a_ice,0.00000
HR_Spinup,1439,10,labsea,a_ice,0.00000
HR_Spinup,1439,11,labsea,a_ice,0.01485
HR_Spinup,1439,12,labsea,a_ice,0.11753
HR_Spinup,1439,1,interior,a_ice,0.04273
HR_Spinup,1439,2,interior,a_ice,0.10174
HR_Spinup,1439,3,interior,a_ice,0.15336
HR_Spinup,1439,4,interior,a_ice,0.08052
HR_Spinup,1439,5,interior,a_ice,0.02570
HR_Spinup,1439,6,interior,a_ice,0.00077
HR_Spinup,1439,7,interior,a_ice,0.00000
HR_Spinup,1439,8,interior,a_ice,0.00000
HR_Spinup,1439,9,interior,a_ice,0.00000
HR_Spinup,1439,10,interior,a_ice,0.00000
HR_Spinup,1439,11,interior,a_ice,0.00000
HR_Spinup,1439,12,interior,a_ice,0.00835
HR_Spinup,1439,1,labsea,MLD2,976.03631
HR_Spinup,1439,2,labsea,MLD2,1217.44862
HR_Spinup,1439,3,labsea,MLD2,1012.40609
HR_Spinup,1439,4,labsea,MLD2,671.75209
HR_Spinup,1439,5,labsea,MLD2,114.25653
HR_Spinup,1439,6,labsea,MLD2,22.77517
HR_Spinup,1439,7,labsea,MLD2,16.58603
HR_Spinup,1439,8,labsea,MLD2,15.18358
HR_Spinup,1439,9,labsea,MLD2,27.74103
HR_Spinup,1439,10,labsea,MLD2,47.70515
HR_Spinup,1439,11,labsea,MLD2,105.15135
HR_Spinup,1439,12,labsea,MLD2,288.29624
HR_Spinup,1439,1,interior,MLD2,1811.97805
HR_Spinup,1439,2,interior,MLD2,2079.45835
HR_Spinup,1439,3,interior,MLD2,1761.13581
HR_Spinup,1439,4,interior,MLD2,1292.92670
HR_Spinup,1439,5,interior,MLD2,213.43150
HR_Spinup,1439,6,interior,MLD2,29.24212
HR_Spinup,1439,7,interior,MLD2,19.35784
HR_Spinup,1439,8,interior,MLD2,17.31996
HR_Spinup,1439,9,interior,MLD2,34.09119
HR_Spinup,1439,10,interior,MLD2,54.37795
HR_Spinup,1439,11,interior,MLD2,153.26484
HR_Spinup,1439,12,interior,MLD2,622.02089
HR_Spinup,1440,1,labsea,a_ice,0.24269
HR_Spinup,1440,2,labsea,a_ice,0.29005
HR_Spinup,1440,3,labsea,a_ice,0.31003
HR_Spinup,1440,4,labsea,a_ice,0.28631
HR_Spinup,1440,5,labsea,a_ice,0.21725
HR_Spinup,1440,6,labsea,a_ice,0.11821
HR_Spinup,1440,7,labsea,a_ice,0.03494
HR_Spinup,1440,8,labsea,a_ice,0.00525
HR_Spinup,1440,9,labsea,a_ice,0.00008
HR_Spinup,1440,10,labsea,a_ice,0.00111
HR_Spinup,1440,11,labsea,a_ice,0.02732
HR_Spinup,1440,12,labsea,a_ice,0.13777
HR_Spinup,1440,1,interior,a_ice,0.04169
HR_Spinup,1440,2,interior,a_ice,0.05461
HR_Spinup,1440,3,interior,a_ice,0.07180
HR_Spinup,1440,4,interior,a_ice,0.11089
HR_Spinup,1440,5,interior,a_ice,0.06604
HR_Spinup,1440,6,interior,a_ice,0.02162
HR_Spinup,1440,7,interior,a_ice,0.00113
HR_Spinup,1440,8,interior,a_ice,0.00000
HR_Spinup,1440,9,interior,a_ice,0.00000
HR_Spinup,1440,10,interior,a_ice,0.00002
HR_Spinup,1440,11,interior,a_ice,0.00063
HR_Spinup,1440,12,interior,a_ice,0.01432
HR_Spinup,1440,1,labsea,MLD2,1084.50354
HR_Spinup,1440,2,labsea,MLD2,1310.40664
HR_Spinup,1440,3,labsea,MLD2,1266.74041
HR_Spinup,1440,4,labsea,MLD2,1088.99353
HR_Spinup,1440,5,labsea,MLD2,497.88015
HR_Spinup,1440,6,labsea,MLD2,64.12930
HR_Spinup,1440,7,labsea,MLD2,18.86140
HR_Spinup,1440,8,labsea,MLD2,19.56351
HR_Spinup,1440,9,labsea,MLD2,30.79879
HR_Spinup,1440,10,labsea,MLD2,48.78888
HR_Spinup,1440,11,labsea,MLD2,78.84707
HR_Spinup,1440,12,labsea,MLD2,276.91104
HR_Spinup,1440,1,interior,MLD2,2139.56509
HR_Spinup,1440,2,interior,MLD2,2308.85494
HR_Spinup,1440,3,interior,MLD2,2126.14508
HR_Spinup,1440,4,interior,MLD2,1685.38196
HR_Spinup,1440,5,interior,MLD2,990.93586
HR_Spinup,1440,6,interior,MLD2,137.64765
HR_Spinup,1440,7,interior,MLD2,20.54882
HR_Spinup,1440,8,interior,MLD2,22.50590
HR_Spinup,1440,9,interior,MLD2,37.93802
HR_Spinup,1440,10,interior,MLD2,57.78245
HR_Spinup,1440,11,interior,MLD2,102.29675
HR_Spinup,1440,12,interior,MLD2,507.33888
HR_Spinup,1441,1,labsea,a_ice,0.25538
HR_Spinup,1441,2,labsea,a_ice,0.39434
HR_Spinup,1441,3,labsea,a_ice,0.42304
HR_Spinup,1441,4,labsea,a_ice,0.39271
HR_Spinup,1441,5,labsea,a_ice,0.28363
HR_Spinup,1441,6,labsea,a_ice,0.08356
HR_Spinup,1441,7,labsea,a_ice,0.00536
HR_Spinup,1441,8,labsea,a_ice,0.00000
HR_Spinup,1441,9,labsea,a_ice,0.00000
HR_Spinup,1441,10,labsea,a_ice,0.00001
HR_Spinup,1441,11,labsea,a_ice,0.01124
HR_Spinup,1441,12,labsea,a_ice,0.12965
HR_Spinup,1441,1,interior,a_ice,0.08012
HR_Spinup,1441,2,interior,a_ice,0.17956
HR_Spinup,1441,3,interior,a_ice,0.26109
HR_Spinup,1441,4,interior,a_ice,0.27073
HR_Spinup,1441,5,interior,a_ice,0.12445
HR_Spinup,1441,6,interior,a_ice,0.01712
HR_Spinup,1441,7,interior,a_ice,0.00021
HR_Spinup,1441,8,interior,a_ice,0.00000
HR_Spinup,1441,9,interior,a_ice,0.00000
HR_Spinup,1441,10,interior,a_ice,0.00000
HR_Spinup,1441,11,interior,a_ice,0.00027
HR_Spinup,1441,12,interior,a_ice,0.00943
HR_Spinup,1441,1,labsea,MLD2,994.25855
HR_Spinup,1441,2,labsea,MLD2,1135.93936
HR_Spinup,1441,3,labsea,MLD2,1095.85124
HR_Spinup,1441,4,labsea,MLD2,884.72817
HR_Spinup,1441,5,labsea,MLD2,385.48874
HR_Spinup,1441,6,labsea,MLD2,23.18164
HR_Spinup,1441,7,labsea,MLD2,14.72205
HR_Spinup,1441,8,labsea,MLD2,18.88239
HR_Spinup,1441,9,labsea,MLD2,25.79662
HR_Spinup,1441,10,labsea,MLD2,40.23592
HR_Spinup,1441,11,labsea,MLD2,85.91623
HR_Spinup,1441,12,labsea,MLD2,272.95155
HR_Spinup,1441,1,interior,MLD2,1814.94689
HR_Spinup,1441,2,interior,MLD2,1985.88876
HR_Spinup,1441,3,interior,MLD2,1542.83914
HR_Spinup,1441,4,interior,MLD2,1112.89097
HR_Spinup,1441,5,interior,MLD2,497.35526
HR_Spinup,1441,6,interior,MLD2,25.29950
HR_Spinup,1441,7,interior,MLD2,14.85399
HR_Spinup,1441,8,interior,MLD2,22.63078
HR_Spinup,1441,9,interior,MLD2,31.97899
HR_Spinup,1441,10,interior,MLD2,47.77587
HR_Spinup,1441,11,interior,MLD2,123.62854
HR_Spinup,1441,12,interior,MLD2,520.77823
HR_Spinup,1442,1,labsea,a_ice,0.27043
HR_Spinup,1442,2,labsea,a_ice,0.34369
HR_Spinup,1442,3,labsea,a_ice,0.39970
HR_Spinup,1442,4,labsea,a_ice,0.33046
HR_Spinup,1442,5,labsea,a_ice,0.19951
HR_Spinup,1442,6,labsea,a_ice,0.04445
HR_Spinup,1442,7,labsea,a_ice,0.00394
HR_Spinup,1442,8,labsea,a_ice,0.00000
HR_Spinup,1442,9,labsea,a_ice,0.00000
HR_Spinup,1442,10,labsea,a_ice,0.00000
HR_Spinup,1442,11,labsea,a_ice,0.00480
HR_Spinup,1442,12,labsea,a_ice,0.11376
HR_Spinup,1442,1,interior,a_ice,0.04134
HR_Spinup,1442,2,interior,a_ice,0.10501
HR_Spinup,1442,3,interior,a_ice,0.21292
HR_Spinup,1442,4,interior,a_ice,0.14917
HR_Spinup,1442,5,interior,a_ice,0.06080
HR_Spinup,1442,6,interior,a_ice,0.00314
HR_Spinup,1442,7,interior,a_ice,0.00000
HR_Spinup,1442,8,interior,a_ice,0.00000
HR_Spinup,1442,9,interior,a_ice,0.00000
HR_Spinup,1442,10,interior,a_ice,0.00000
HR_Spinup,1442,11,interior,a_ice,0.00000
HR_Spinup,1442,12,interior,a_ice,0.00813
HR_Spinup,1442,1,labsea,MLD2,1078.16360
HR_Spinup,1442,2,labsea,MLD2,1335.28887
HR_Spinup,1442,3,labsea,MLD2,1121.05285
HR_Spinup,1442,4,labsea,MLD2,961.87870
HR_Spinup,1442,5,labsea,MLD2,301.52220
HR_Spinup,1442,6,labsea,MLD2,20.00904
HR_Spinup,1442,7,labsea,MLD2,14.81105
HR_Spinup,1442,8,labsea,MLD2,13.04170
HR_Spinup,1442,9,labsea,MLD2,25.18604
HR_Spinup,1442,10,labsea,MLD2,43.11998
HR_Spinup,1442,11,labsea,MLD2,69.69328
HR_Spinup,1442,12,labsea,MLD2,294.78047
HR_Spinup,1442,1,interior,MLD2,2048.38340
HR_Spinup,1442,2,interior,MLD2,2204.77571
HR_Spinup,1442,3,interior,MLD2,1524.65584
HR_Spinup,1442,4,interior,MLD2,1511.70403
HR_Spinup,1442,5,interior,MLD2,464.58710
HR_Spinup,1442,6,interior,MLD2,24.80272
HR_Spinup,1442,7,interior,MLD2,18.68767
HR_Spinup,1442,8,interior,MLD2,15.02784
HR_Spinup,1442,9,interior,MLD2,27.78037
HR_Spinup,1442,10,interior,MLD2,49.03259
HR_Spinup,1442,11,interior,MLD2,93.24701
HR_Spinup,1442,12,interior,MLD2,478.64986
HR_Spinup,1443,1,labsea,a_ice,0.21383
HR_Spinup,1443,2,labsea,a_ice,0.18683
HR_Spinup,1443,3,labsea,a_ice,0.20195
HR_Spinup,1443,4,labsea,a_ice,0.21379
HR_Spinup,1443,5,labsea,a_ice,0.13181
HR_Spinup,1443,6,labsea,a_ice,0.03200
HR_Spinup,1443,7,labsea,a_ice,0.00303
HR_Spinup,1443,8,labsea,a_ice,0.00000
HR_Spinup,1443,9,labsea,a_ice,0.00000
HR_Spinup,1443,10,labsea,a_ice,0.00005
HR_Spinup,1443,11,labsea,a_ice,0.03310
HR_Spinup,1443,12,labsea,a_ice,0.16629
HR_Spinup,1443,1,interior,a_ice,0.04805
HR_Spinup,1443,2,interior,a_ice,0.03951
HR_Spinup,1443,3,interior,a_ice,0.02325
HR_Spinup,1443,4,interior,a_ice,0.03662
HR_Spinup,1443,5,interior,a_ice,0.03107
HR_Spinup,1443,6,interior,a_ice,0.00045
HR_Spinup,1443,7,interior,a_ice,0.00000
HR_Spinup,1443,8,interior,a_ice,0.00000
HR_Spinup,1443,9,interior,a_ice,0.00000
HR_Spinup,1443,10,interior,a_ice,0.00000
HR_Spinup,1443,11,interior,a_ice,0.00078
HR_Spinup,1443,12,interior,a_ice,0.01247
HR_Spinup,1443,1,labsea,MLD2,1066.83972
HR_Spinup,1443,2,labsea,MLD2,1087.41581
HR_Spinup,1443,3,labsea,MLD2,1203.58230
HR_Spinup,1443,4,labsea,MLD2,1082.35708
HR_Spinup,1443,5,labsea,MLD2,237.59687
HR_Spinup,1443,6,labsea,MLD2,25.49466
HR_Spinup,1443,7,labsea,MLD2,21.99219
HR_Spinup,1443,8,labsea,MLD2,17.24925
HR_Spinup,1443,9,labsea,MLD2,21.93127
HR_Spinup,1443,10,labsea,MLD2,38.50895
HR_Spinup,1443,11,labsea,MLD2,98.57672
HR_Spinup,1443,12,labsea,MLD2,419.55024
HR_Spinup,1443,1,interior,MLD2,1966.01482
HR_Spinup,1443,2,interior,MLD2,2085.97355
HR_Spinup,1443,3,interior,MLD2,2319.93852
HR_Spinup,1443,4,interior,MLD2,2291.34768
HR_Spinup,1443,5,interior,MLD2,560.45162
HR_Spinup,1443,6,interior,MLD2,33.88616
HR_Spinup,1443,7,interior,MLD2,25.89548
HR_Spinup,1443,8,interior,MLD2,21.38717
HR_Spinup,1443,9,interior,MLD2,27.30310
HR_Spinup,1443,10,interior,MLD2,47.98217
HR_Spinup,1443,11,interior,MLD2,125.61899
HR_Spinup,1443,12,interior,MLD2,761.44108
HR_Spinup,1444,1,labsea,a_ice,0.29792
HR_Spinup,1444,2,labsea,a_ice,0.33634
HR_Spinup,1444,3,labsea,a_ice,0.30632
HR_Spinup,1444,4,labsea,a_ice,0.29084
HR_Spinup,1444,5,labsea,a_ice,0.19310
HR_Spinup,1444,6,labsea,a_ice,0.08534
HR_Spinup,1444,7,labsea,a_ice,0.01642
HR_Spinup,1444,8,labsea,a_ice,0.00025
HR_Spinup,1444,9,labsea,a_ice,0.00000
HR_Spinup,1444,10,labsea,a_ice,0.00009
HR_Spinup,1444,11,labsea,a_ice,0.01366
HR_Spinup,1444,12,labsea,a_ice,0.15025
HR_Spinup,1444,1,interior,a_ice,0.09972
HR_Spinup,1444,2,interior,a_ice,0.13445
HR_Spinup,1444,3,interior,a_ice,0.08864
HR_Spinup,1444,4,interior,a_ice,0.09331
HR_Spinup,1444,5,interior,a_ice,0.03057
HR_Spinup,1444,6,interior,a_ice,0.00203
HR_Spinup,1444,7,interior,a_ice,0.00000
HR_Spinup,1444,8,interior,a_ice,0.00000
HR_Spinup,1444,9,interior,a_ice,0.00000
HR_Spinup,1444,10,interior,a_ice,0.00000
HR_Spinup,1444,11,interior,a_ice,0.00060
HR_Spinup,1444,12,interior,a_ice,0.02000
HR_Spinup,1444,1,labsea,MLD2,1098.84457
HR_Spinup,1444,2,labsea,MLD2,1342.05402
HR_Spinup,1444,3,labsea,MLD2,1407.43947
HR_Spinup,1444,4,labsea,MLD2,1038.47902
HR_Spinup,1444,5,labsea,MLD2,359.90541
HR_Spinup,1444,6,labsea,MLD2,25.37469
HR_Spinup,1444,7,labsea,MLD2,22.30939
HR_Spinup,1444,8,labsea,MLD2,18.83163
HR_Spinup,1444,9,labsea,MLD2,26.72471
HR_Spinup,1444,10,labsea,MLD2,45.42738
HR_Spinup,1444,11,labsea,MLD2,99.94021
HR_Spinup,1444,12,labsea,MLD2,480.53425
HR_Spinup,1444,1,interior,MLD2,1815.05626
HR_Spinup,1444,2,interior,MLD2,2060.99811
HR_Spinup,1444,3,interior,MLD2,2226.13986
HR_Spinup,1444,4,interior,MLD2,1535.27484
HR_Spinup,1444,5,interior,MLD2,686.87054
HR_Spinup,1444,6,interior,MLD2,31.93235
HR_Spinup,1444,7,interior,MLD2,26.26726
HR_Spinup,1444,8,interior,MLD2,22.77270
HR_Spinup,1444,9,interior,MLD2,33.13948
HR_Spinup,1444,10,interior,MLD2,54.03755
HR_Spinup,1444,11,interior,MLD2,137.46328
HR_Spinup,1444,12,interior,MLD2,916.66661
HR_Spinup,1445,1,labsea,a_ice,0.22233
HR_Spinup,1445,2,labsea,a_ice,0.29151
HR_Spinup,1445,3,labsea,a_ice,0.34612
HR_Spinup,1445,4,labsea,a_ice,0.33314
HR_Spinup,1445,5,labsea,a_ice,0.19360
HR_Spinup,1445,6,labsea,a_ice,0.05548
HR_Spinup,1445,7,labsea,a_ice,0.00249
HR_Spinup,1445,8,labsea,a_ice,0.00000
HR_Spinup,1445,9,labsea,a_ice,0.00000
HR_Spinup,1445,10,labsea,a_ice,0.00000
HR_Spinup,1445,11,labsea,a_ice,0.00247
HR_Spinup,1445,12,labsea,a_ice,0.03707
HR_Spinup,1445,1,interior,a_ice,0.05208
HR_Spinup,1445,2,interior,a_ice,0.08109
HR_Spinup,1445,3,interior,a_ice,0.11601
HR_Spinup,1445,4,interior,a_ice,0.11993
HR_Spinup,1445,5,interior,a_ice,0.04486
HR_Spinup,1445,6,interior,a_ice,0.00459
HR_Spinup,1445,7,interior,a_ice,0.00000
HR_Spinup,1445,8,interior,a_ice,0.00000
HR_Spinup,1445,9,interior,a_ice,0.00000
HR_Spinup,1445,10,interior,a_ice,0.00000
HR_Spinup,1445,11,interior,a_ice,0.00010
HR_Spinup,1445,12,interior,a_ice,0.00346
HR_Spinup,1445,1,labsea,MLD2,1240.09426
HR_Spinup,1445,2,labsea,MLD2,1282.54156
HR_Spinup,1445,3,labsea,MLD2,1241.47882
HR_Spinup,1445,4,labsea,MLD2,996.40789
HR_Spinup,1445,5,labsea,MLD2,420.26307
HR_Spinup,1445,6,labsea,MLD2,20.49255
HR_Spinup,1445,7,labsea,MLD2,16.51871
HR_Spinup,1445,8,labsea,MLD2,16.00790
HR_Spinup,1445,9,labsea,MLD2,26.41187
HR_Spinup,1445,10,labsea,MLD2,44.60015
HR_Spinup,1445,11,labsea,MLD2,97.32207
HR_Spinup,1445,12,labsea,MLD2,201.68959
HR_Spinup,1445,1,interior,MLD2,2089.35887
HR_Spinup,1445,2,interior,MLD2,2040.19443
HR_Spinup,1445,3,interior,MLD2,1949.56766
HR_Spinup,1445,4,interior,MLD2,1476.92600
HR_Spinup,1445,5,interior,MLD2,824.82977
HR_Spinup,1445,6,interior,MLD2,27.24330
HR_Spinup,1445,7,interior,MLD2,18.58470
HR_Spinup,1445,8,interior,MLD2,18.94711
HR_Spinup,1445,9,interior,MLD2,32.69005
HR_Spinup,1445,10,interior,MLD2,55.32859
HR_Spinup,1445,11,interior,MLD2,124.66714
HR_Spinup,1445,12,interior,MLD2,405.83746
HR_Spinup,1446,1,labsea,a_ice,0.15772
HR_Spinup,1446,2,labsea,a_ice,0.21861
HR_Spinup,1446,3,labsea,a_ice,0.20841
HR_Spinup,1446,4,labsea,a_ice,0.18005
HR_Spinup,1446,5,labsea,a_ice,0.13534
HR_Spinup,1446,6,labsea,a_ice,0.05939
HR_Spinup,1446,7,labsea,a_ice,0.00771
HR_Spinup,1446,8,labsea,a_ice,0.00001
HR_Spinup,1446,9,labsea,a_ice,0.00000
HR_Spinup,1446,10,labsea,a_ice,0.00005
HR_Spinup,1446,11,labsea,a_ice,0.02656
HR_Spinup,1446,12,labsea,a_ice,0.15195
HR_Spinup,1446,1,interior,a_ice,0.02092
HR_Spinup,1446,2,interior,a_ice,0.02644
HR_Spinup,1446,3,interior,a_ice,0.01625
HR_Spinup,1446,4,interior,a_ice,0.01358
HR_Spinup,1446,5,interior,a_ice,0.03088
HR_Spinup,1446,6,interior,a_ice,0.00675
HR_Spinup,1446,7,interior,a_ice,0.00001
HR_Spinup,1446,8,interior,a_ice,0.00000
HR_Spinup,1446,9,interior,a_ice,0.00000
HR_Spinup,1446,10,interior,a_ice,0.00000
HR_Spinup,1446,11,interior,a_ice,0.00020
HR_Spinup,1446,12,interior,a_ice,0.01897
HR_Spinup,1446,1,labsea,MLD2,823.98839
HR_Spinup,1446,2,labsea,MLD2,1403.85238
HR_Spinup,1446,3,labsea,MLD2,1422.09885
HR_Spinup,1446,4,labsea,MLD2,1206.11026
HR_Spinup,1446,5,labsea,MLD2,716.51810
HR_Spinup,1446,6,labsea,MLD2,36.70639
HR_Spinup,1446,7,labsea,MLD2,18.65566
HR_Spinup,1446,8,labsea,MLD2,16.55967
HR_Spinup,1446,9,labsea,MLD2,27.30504
HR_Spinup,1446,10,labsea,MLD2,41.95596
HR_Spinup,1446,11,labsea,MLD2,118.54729
HR_Spinup,1446,12,labsea,MLD2,796.02885
HR_Spinup,1446,1,interior,MLD2,1894.75713
HR_Spinup,1446,2,interior,MLD2,2532.57979
HR_Spinup,1446,3,interior,MLD2,2519.35760
HR_Spinup,1446,4,interior,MLD2,2343.88711
HR_Spinup,1446,5,interior,MLD2,1541.36318
HR_Spinup,1446,6,interior,MLD2,54.73543
HR_Spinup,1446,7,interior,MLD2,21.64328
HR_Spinup,1446,8,interior,MLD2,17.35816
HR_Spinup,1446,9,interior,MLD2,30.41301
HR_Spinup,1446,10,interior,MLD2,44.08673
HR_Spinup,1446,11,interior,MLD2,155.37997
HR_Spinup,1446,12,interior,MLD2,1451.55720
HR_Spinup,1447,1,labsea,a_ice,0.24173
HR_Spinup,1447,2,labsea,a_ice,0.25812
HR_Spinup,1447,3,labsea,a_ice,0.22461
HR_Spinup,1447,4,labsea,a_ice,0.22271
HR_Spinup,1447,5,labsea,a_ice,0.13713
HR_Spinup,1447,6,labsea,a_ice,0.01457
HR_Spinup,1447,7,labsea,a_ice,0.00003
HR_Spinup,1447,8,labsea,a_ice,0.00000
HR_Spinup,1447,9,labsea,a_ice,0.00000
HR_Spinup,1447,10,labsea,a_ice,0.00004
HR_Spinup,1447,11,labsea,a_ice,0.00624
HR_Spinup,1447,12,labsea,a_ice,0.10313
HR_Spinup,1447,1,interior,a_ice,0.06522
HR_Spinup,1447,2,interior,a_ice,0.06722
HR_Spinup,1447,3,interior,a_ice,0.03160
HR_Spinup,1447,4,interior,a_ice,0.04384
HR_Spinup,1447,5,interior,a_ice,0.03278
HR_Spinup,1447,6,interior,a_ice,0.00024
HR_Spinup,1447,7,interior,a_ice,0.00000
HR_Spinup,1447,8,interior,a_ice,0.00000
HR_Spinup,1447,9,interior,a_ice,0.00000
HR_Spinup,1447,10,interior,a_ice,0.00000
HR_Spinup,1447,11,interior,a_ice,0.00009
HR_Spinup,1447,12,interior,a_ice,0.00848
HR_Spinup,1447,1,labsea,MLD2,1160.67991
HR_Spinup,1447,2,labsea,MLD2,1325.65902
HR_Spinup,1447,3,labsea,MLD2,1378.22326
HR_Spinup,1447,4,labsea,MLD2,1244.84751
HR_Spinup,1447,5,labsea,MLD2,292.54830
HR_Spinup,1447,6,labsea,MLD2,19.67131
HR_Spinup,1447,7,labsea,MLD2,15.94052
HR_Spinup,1447,8,labsea,MLD2,18.09440
HR_Spinup,1447,9,labsea,MLD2,28.86380
HR_Spinup,1447,10,labsea,MLD2,53.38394
HR_Spinup,1447,11,labsea,MLD2,83.00571
HR_Spinup,1447,12,labsea,MLD2,226.17151
HR_Spinup,1447,1,interior,MLD2,1937.06534
HR_Spinup,1447,2,interior,MLD2,2158.17815
HR_Spinup,1447,3,interior,MLD2,2258.09605
HR_Spinup,1447,4,interior,MLD2,2170.29876
HR_Spinup,1447,5,interior,MLD2,725.91210
HR_Spinup,1447,6,interior,MLD2,24.19791
HR_Spinup,1447,7,interior,MLD2,17.86085
HR_Spinup,1447,8,interior,MLD2,21.68452
HR_Spinup,1447,9,interior,MLD2,36.26594
HR_Spinup,1447,10,interior,MLD2,58.88256
HR_Spinup,1447,11,interior,MLD2,101.45327
HR_Spinup,1447,12,interior,MLD2,365.26802
HR_Spinup,1448,1,labsea,a_ice,0.22493
HR_Spinup,1448,2,labsea,a_ice,0.26966
HR_Spinup,1448,3,labsea,a_ice,0.31893
HR_Spinup,1448,4,labsea,a_ice,0.30123
HR_Spinup,1448,5,labsea,a_ice,0.21042
HR_Spinup,1448,6,labsea,a_ice,0.08845
HR_Spinup,1448,7,labsea,a_ice,0.01000
HR_Spinup,1448,8,labsea,a_ice,0.00044
HR_Spinup,1448,9,labsea,a_ice,0.00000
HR_Spinup,1448,10,labsea,a_ice,0.00000
HR_Spinup,1448,11,labsea,a_ice,0.00674
HR_Spinup,1448,12,labsea,a_ice,0.11829
HR_Spinup,1448,1,interior,a_ice,0.03802
HR_Spinup,1448,2,interior,a_ice,0.03856
HR_Spinup,1448,3,interior,a_ice,0.08579
HR_Spinup,1448,4,interior,a_ice,0.09264
HR_Spinup,1448,5,interior,a_ice,0.04608
HR_Spinup,1448,6,interior,a_ice,0.00347
HR_Spinup,1448,7,interior,a_ice,0.00000
HR_Spinup,1448,8,interior,a_ice,0.00000
HR_Spinup,1448,9,interior,a_ice,0.00000
HR_Spinup,1448,10,interior,a_ice,0.00000
HR_Spinup,1448,11,interior,a_ice,0.00088
HR_Spinup,1448,12,interior,a_ice,0.01878
HR_Spinup,1448,1,labsea,MLD2,982.78687
HR_Spinup,1448,2,labsea,MLD2,1220.41893
HR_Spinup,1448,3,labsea,MLD2,1246.74382
HR_Spinup,1448,4,labsea,MLD2,978.58611
HR_Spinup,1448,5,labsea,MLD2,335.51110
HR_Spinup,1448,6,labsea,MLD2,22.60127
HR_Spinup,1448,7,labsea,MLD2,13.86223
HR_Spinup,1448,8,labsea,MLD2,21.45943
HR_Spinup,1448,9,labsea,MLD2,29.80514
HR_Spinup,1448,10,labsea,MLD2,42.45526
HR_Spinup,1448,11,labsea,MLD2,74.03946
HR_Spinup,1448,12,labsea,MLD2,251.64818
HR_Spinup,1448,1,interior,MLD2,1643.32636
HR_Spinup,1448,2,interior,MLD2,1961.55844
HR_Spinup,1448,3,interior,MLD2,2006.32094
HR_Spinup,1448,4,interior,MLD2,1603.92516
HR_Spinup,1448,5,interior,MLD2,603.35852
HR_Spinup,1448,6,interior,MLD2,27.62107
HR_Spinup,1448,7,interior,MLD2,16.18551
HR_Spinup,1448,8,interior,MLD2,26.50288
HR_Spinup,1448,9,interior,MLD2,37.66912
HR_Spinup,1448,10,interior,MLD2,52.51755
HR_Spinup,1448,11,interior,MLD2,86.92449
HR_Spinup,1448,12,interior,MLD2,462.89422
HR_Spinup,1449,1,labsea,a_ice,0.26916
HR_Spinup,1449,2,labsea,a_ice,0.37350
HR_Spinup,1449,3,labsea,a_ice,0.34327
HR_Spinup,1449,4,labsea,a_ice,0.26569
HR_Spinup,1449,5,labsea,a_ice,0.20158
HR_Spinup,1449,6,labsea,a_ice,0.09254
HR_Spinup,1449,7,labsea,a_ice,0.02271
HR_Spinup,1449,8,labsea,a_ice,0.00029
HR_Spinup,1449,9,labsea,a_ice,0.00000
HR_Spinup,1449,10,labsea,a_ice,0.00003
HR_Spinup,1449,11,labsea,a_ice,0.00970
HR_Spinup,1449,12,labsea,a_ice,0.13163
HR_Spinup,1449,1,interior,a_ice,0.06302
HR_Spinup,1449,2,interior,a_ice,0.19508
HR_Spinup,1449,3,interior,a_ice,0.18808
HR_Spinup,1449,4,interior,a_ice,0.06919
HR_Spinup,1449,5,interior,a_ice,0.03876
HR_Spinup,1449,6,interior,a_ice,0.00700
HR_Spinup,1449,7,interior,a_ice,0.00023
HR_Spinup,1449,8,interior,a_ice,0.00000
HR_Spinup,1449,9,interior,a_ice,0.00000
HR_Spinup,1449,10,interior,a_ice,0.00000
HR_Spinup,1449,11,interior,a_ice,0.00006
HR_Spinup,1449,12,interior,a_ice,0.02404
HR_Spinup,1449,1,labsea,MLD2,1010.52661
HR_Spinup,1449,2,labsea,MLD2,1063.90313
HR_Spinup,1449,3,labsea,MLD2,983.53426
HR_Spinup,1449,4,labsea,MLD2,793.47926
HR_Spinup,1449,5,labsea,MLD2,404.90793
HR_Spinup,1449,6,labsea,MLD2,21.40758
HR_Spinup,1449,7,labsea,MLD2,13.09273
HR_Spinup,1449,8,labsea,MLD2,14.75224
HR_Spinup,1449,9,labsea,MLD2,21.74240
HR_Spinup,1449,10,labsea,MLD2,39.34221
HR_Spinup,1449,11,labsea,MLD2,77.18296
HR_Spinup,1449,12,labsea,MLD2,373.86951
HR_Spinup,1449,1,interior,MLD2,1887.92830
HR_Spinup,1449,2,interior,MLD2,1709.77832
HR_Spinup,1449,3,interior,MLD2,1493.89472
HR_Spinup,1449,4,interior,MLD2,1321.24301
HR_Spinup,1449,5,interior,MLD2,688.21364
HR_Spinup,1449,6,interior,MLD2,27.26088
HR_Spinup,1449,7,interior,MLD2,14.30266
HR_Spinup,1449,8,interior,MLD2,17.28985
HR_Spinup,1449,9,interior,MLD2,26.68841
HR_Spinup,1449,10,interior,MLD2,47.74965
HR_Spinup,1449,11,interior,MLD2,115.02820
HR_Spinup,1449,12,interior,MLD2,780.17943
HR_Spinup,1450,1,labsea,a_ice,0.41181
HR_Spinup,1450,2,labsea,a_ice,0.50743
HR_Spinup,1450,3,labsea,a_ice,0.54476
HR_Spinup,1450,4,labsea,a_ice,0.35790
HR_Spinup,1450,5,labsea,a_ice,0.21317
HR_Spinup,1450,6,labsea,a_ice,0.05146
HR_Spinup,1450,7,labsea,a_ice,0.00316
HR_Spinup,1450,8,labsea,a_ice,0.00000
HR_Spinup,1450,9,labsea,a_ice,0.00000
HR_Spinup,1450,10,labsea,a_ice,0.00000
HR_Spinup,1450,11,labsea,a_ice,0.00007
HR_Spinup,1450,12,labsea,a_ice,0.04307
HR_Spinup,1450,1,interior,a_ice,0.30133
HR_Spinup,1450,2,interior,a_ice,0.49350
HR_Spinup,1450,3,interior,a_ice,0.55121
HR_Spinup,1450,4,interior,a_ice,0.21259
HR_Spinup,1450,5,interior,a_ice,0.08358
HR_Spinup,1450,6,interior,a_ice,0.00451
HR_Spinup,1450,7,interior,a_ice,0.00000
HR_Spinup,1450,8,interior,a_ice,0.00000
HR_Spinup,1450,9,interior,a_ice,0.00000
HR_Spinup,1450,10,interior,a_ice,0.00000
HR_Spinup,1450,11,interior,a_ice,0.00000
HR_Spinup,1450,12,interior,a_ice,0.00142
HR_Spinup,1450,1,labsea,MLD2,937.45446
HR_Spinup,1450,2,labsea,MLD2,919.64294
HR_Spinup,1450,3,labsea,MLD2,817.89427
HR_Spinup,1450,4,labsea,MLD2,747.00498
HR_Spinup,1450,5,labsea,MLD2,243.71667
HR_Spinup,1450,6,labsea,MLD2,31.13290
HR_Spinup,1450,7,labsea,MLD2,17.82930
HR_Spinup,1450,8,labsea,MLD2,21.44442
HR_Spinup,1450,9,labsea,MLD2,25.82693
HR_Spinup,1450,10,labsea,MLD2,35.99164
HR_Spinup,1450,11,labsea,MLD2,50.52541
HR_Spinup,1450,12,labsea,MLD2,111.16721
HR_Spinup,1450,1,interior,MLD2,1407.12906
HR_Spinup,1450,2,interior,MLD2,887.30197
HR_Spinup,1450,3,interior,MLD2,641.81325
HR_Spinup,1450,4,interior,MLD2,819.64390
HR_Spinup,1450,5,interior,MLD2,320.77132
HR_Spinup,1450,6,interior,MLD2,38.21423
HR_Spinup,1450,7,interior,MLD2,20.73256
HR_Spinup,1450,8,interior,MLD2,24.83933
HR_Spinup,1450,9,interior,MLD2,30.93647
HR_Spinup,1450,10,interior,MLD2,43.48006
HR_Spinup,1450,11,interior,MLD2,65.24200
HR_Spinup,1450,12,interior,MLD2,183.10816
HR_Spinup,1451,1,labsea,a_ice,0.14964
HR_Spinup,1451,2,labsea,a_ice,0.22401
HR_Spinup,1451,3,labsea,a_ice,0.22992
HR_Spinup,1451,4,labsea,a_ice,0.20120
HR_Spinup,1451,5,labsea,a_ice,0.14524
HR_Spinup,1451,6,labsea,a_ice,0.05676
HR_Spinup,1451,7,labsea,a_ice,0.00393
HR_Spinup,1451,8,labsea,a_ice,0.00000
HR_Spinup,1451,9,labsea,a_ice,0.00000
HR_Spinup,1451,10,labsea,a_ice,0.00000
HR_Spinup,1451,11,labsea,a_ice,0.00387
HR_Spinup,1451,12,labsea,a_ice,0.10641
HR_Spinup,1451,1,interior,a_ice,0.01094
HR_Spinup,1451,2,interior,a_ice,0.03742
HR_Spinup,1451,3,interior,a_ice,0.06668
HR_Spinup,1451,4,interior,a_ice,0.03832
HR_Spinup,1451,5,interior,a_ice,0.01431
HR_Spinup,1451,6,interior,a_ice,0.00021
HR_Spinup,1451,7,interior,a_ice,0.00000
HR_Spinup,1451,8,interior,a_ice,0.00000
HR_Spinup,1451,9,interior,a_ice,0.00000
HR_Spinup,1451,10,interior,a_ice,0.00000
HR_Spinup,1451,11,interior,a_ice,0.00000
HR_Spinup,1451,12,interior,a_ice,0.01008
HR_Spinup,1451,1,labsea,MLD2,294.92290
HR_Spinup,1451,2,labsea,MLD2,828.25749
HR_Spinup,1451,3,labsea,MLD2,1145.54784
HR_Spinup,1451,4,labsea,MLD2,1104.86623
HR_Spinup,1451,5,labsea,MLD2,228.07894
HR_Spinup,1451,6,labsea,MLD2,26.04564
HR_Spinup,1451,7,labsea,MLD2,13.25097
HR_Spinup,1451,8,labsea,MLD2,13.64497
HR_Spinup,1451,9,labsea,MLD2,28.84648
HR_Spinup,1451,10,labsea,MLD2,41.67305
HR_Spinup,1451,11,labsea,MLD2,63.35325
HR_Spinup,1451,12,labsea,MLD2,126.67583
HR_Spinup,1451,1,interior,MLD2,533.30304
HR_Spinup,1451,2,interior,MLD2,1865.48210
HR_Spinup,1451,3,interior,MLD2,2283.93424
HR_Spinup,1451,4,interior,MLD2,2219.12464
HR_Spinup,1451,5,interior,MLD2,489.95005
HR_Spinup,1451,6,interior,MLD2,30.18251
HR_Spinup,1451,7,interior,MLD2,13.25252
HR_Spinup,1451,8,interior,MLD2,15.63449
HR_Spinup,1451,9,interior,MLD2,32.11432
HR_Spinup,1451,10,interior,MLD2,48.30063
HR_Spinup,1451,11,interior,MLD2,82.18065
HR_Spinup,1451,12,interior,MLD2,187.41171
HR_Spinup,1452,1,labsea,a_ice,0.19633
HR_Spinup,1452,2,labsea,a_ice,0.29144
HR_Spinup,1452,3,labsea,a_ice,0.24266
HR_Spinup,1452,4,labsea,a_ice,0.18652
HR_Spinup,1452,5,labsea,a_ice,0.17613
HR_Spinup,1452,6,labsea,a_ice,0.06613
HR_Spinup,1452,7,labsea,a_ice,0.00189
HR_Spinup,1452,8,labsea,a_ice,0.00000
HR_Spinup,1452,9,labsea,a_ice,0.00000
HR_Spinup,1452,10,labsea,a_ice,0.00000
HR_Spinup,1452,11,labsea,a_ice,0.00763
HR_Spinup,1452,12,labsea,a_ice,0.09547
HR_Spinup,1452,1,interior,a_ice,0.02765
HR_Spinup,1452,2,interior,a_ice,0.07406
HR_Spinup,1452,3,interior,a_ice,0.03905
HR_Spinup,1452,4,interior,a_ice,0.01170
HR_Spinup,1452,5,interior,a_ice,0.01238
HR_Spinup,1452,6,interior,a_ice,0.00462
HR_Spinup,1452,7,interior,a_ice,0.00000
HR_Spinup,1452,8,interior,a_ice,0.00000
HR_Spinup,1452,9,interior,a_ice,0.00000
HR_Spinup,1452,10,interior,a_ice,0.00000
HR_Spinup,1452,11,interior,a_ice,0.00000
HR_Spinup,1452,12,interior,a_ice,0.00581
HR_Spinup,1452,1,labsea,MLD2,386.68101
HR_Spinup,1452,2,labsea,MLD2,1100.08501
HR_Spinup,1452,3,labsea,MLD2,1097.68042
HR_Spinup,1452,4,labsea,MLD2,806.47992
HR_Spinup,1452,5,labsea,MLD2,408.63750
HR_Spinup,1452,6,labsea,MLD2,32.87774
HR_Spinup,1452,7,labsea,MLD2,14.85630
HR_Spinup,1452,8,labsea,MLD2,17.55231
HR_Spinup,1452,9,labsea,MLD2,24.58895
HR_Spinup,1452,10,labsea,MLD2,40.35657
HR_Spinup,1452,11,labsea,MLD2,74.64111
HR_Spinup,1452,12,labsea,MLD2,116.34133
HR_Spinup,1452,1,interior,MLD2,765.50507
HR_Spinup,1452,2,interior,MLD2,2041.77276
HR_Spinup,1452,3,interior,MLD2,1987.60695
HR_Spinup,1452,4,interior,MLD2,1578.16527
HR_Spinup,1452,5,interior,MLD2,914.65122
HR_Spinup,1452,6,interior,MLD2,54.70978
HR_Spinup,1452,7,interior,MLD2,17.69366
HR_Spinup,1452,8,interior,MLD2,21.44491
HR_Spinup,1452,9,interior,MLD2,28.94267
HR_Spinup,1452,10,interior,MLD2,48.03442
HR_Spinup,1452,11,interior,MLD2,94.47744
HR_Spinup,1452,12,interior,MLD2,174.30077
HR_Spinup,1453,1,labsea,a_ice,0.20996
HR_Spinup,1453,2,labsea,a_ice,0.25403
HR_Spinup,1453,3,labsea,a_ice,0.25973
HR_Spinup,1453,4,labsea,a_ice,0.23310
HR_Spinup,1453,5,labsea,a_ice,0.17178
HR_Spinup,1453,6,labsea,a_ice,0.06580
HR_Spinup,1453,7,labsea,a_ice,0.00198
HR_Spinup,1453,8,labsea,a_ice,0.00000
HR_Spinup,1453,9,labsea,a_ice,0.00000
HR_Spinup,1453,10,labsea,a_ice,0.00000
HR_Spinup,1453,11,labsea,a_ice,0.00023
HR_Spinup,1453,12,labsea,a_ice,0.06456
HR_Spinup,1453,1,interior,a_ice,0.03844
HR_Spinup,1453,2,interior,a_ice,0.03113
HR_Spinup,1453,3,interior,a_ice,0.03798
HR_Spinup,1453,4,interior,a_ice,0.07093
HR_Spinup,1453,5,interior,a_ice,0.04511
HR_Spinup,1453,6,interior,a_ice,0.00301
HR_Spinup,1453,7,interior,a_ice,0.00000
HR_Spinup,1453,8,interior,a_ice,0.00000
HR_Spinup,1453,9,interior,a_ice,0.00000
HR_Spinup,1453,10,interior,a_ice,0.00000
HR_Spinup,1453,11,interior,a_ice,0.00000
HR_Spinup,1453,12,interior,a_ice,0.00405
HR_Spinup,1453,1,labsea,MLD2,388.87350
HR_Spinup,1453,2,labsea,MLD2,749.78805
HR_Spinup,1453,3,labsea,MLD2,829.20091
HR_Spinup,1453,4,labsea,MLD2,720.17995
HR_Spinup,1453,5,labsea,MLD2,526.97986
HR_Spinup,1453,6,labsea,MLD2,26.44819
HR_Spinup,1453,7,labsea,MLD2,13.59450
HR_Spinup,1453,8,labsea,MLD2,13.78348
HR_Spinup,1453,9,labsea,MLD2,25.36767
HR_Spinup,1453,10,labsea,MLD2,36.18562
HR_Spinup,1453,11,labsea,MLD2,70.47684
HR_Spinup,1453,12,labsea,MLD2,121.33842
HR_Spinup,1453,1,interior,MLD2,692.15742
HR_Spinup,1453,2,interior,MLD2,1342.77564
HR_Spinup,1453,3,interior,MLD2,1630.24976
HR_Spinup,1453,4,interior,MLD2,1488.87211
HR_Spinup,1453,5,interior,MLD2,1092.51141
HR_Spinup,1453,6,interior,MLD2,32.56252
HR_Spinup,1453,7,interior,MLD2,15.06740
HR_Spinup,1453,8,interior,MLD2,16.96166
HR_Spinup,1453,9,interior,MLD2,31.02377
HR_Spinup,1453,10,interior,MLD2,45.83882
HR_Spinup,1453,11,interior,MLD2,94.66249
HR_Spinup,1453,12,interior,MLD2,182.51972
HR_Spinup,1454,1,labsea,a_ice,0.21947
HR_Spinup,1454,2,labsea,a_ice,0.27127
HR_Spinup,1454,3,labsea,a_ice,0.30027
HR_Spinup,1454,4,labsea,a_ice,0.26556
HR_Spinup,1454,5,labsea,a_ice,0.12211
HR_Spinup,1454,6,labsea,a_ice,0.01657
HR_Spinup,1454,7,labsea,a_ice,0.00020
HR_Spinup,1454,8,labsea,a_ice,0.00000
HR_Spinup,1454,9,labsea,a_ice,0.00000
HR_Spinup,1454,10,labsea,a_ice,0.00300
HR_Spinup,1454,11,labsea,a_ice,0.03224
HR_Spinup,1454,12,labsea,a_ice,0.15432
HR_Spinup,1454,1,interior,a_ice,0.03980
HR_Spinup,1454,2,interior,a_ice,0.06278
HR_Spinup,1454,3,interior,a_ice,0.07330
HR_Spinup,1454,4,interior,a_ice,0.08454
HR_Spinup,1454,5,interior,a_ice,0.00754
HR_Spinup,1454,6,interior,a_ice,0.00024
HR_Spinup,1454,7,interior,a_ice,0.00000
HR_Spinup,1454,8,interior,a_ice,0.00000
HR_Spinup,1454,9,interior,a_ice,0.00000
HR_Spinup,1454,10,interior,a_ice,0.00000
HR_Spinup,1454,11,interior,a_ice,0.00000
HR_Spinup,1454,12,interior,a_ice,0.01219
HR_Spinup,1454,1,labsea,MLD2,306.44110
HR_Spinup,1454,2,labsea,MLD2,723.84200
HR_Spinup,1454,3,labsea,MLD2,1062.58819
HR_Spinup,1454,4,labsea,MLD2,795.00625
HR_Spinup,1454,5,labsea,MLD2,105.31173
HR_Spinup,1454,6,labsea,MLD2,14.67478
HR_Spinup,1454,7,labsea,MLD2,14.82561
HR_Spinup,1454,8,labsea,MLD2,18.70476
HR_Spinup,1454,9,labsea,MLD2,29.43494
HR_Spinup,1454,10,labsea,MLD2,44.40305
HR_Spinup,1454,11,labsea,MLD2,74.90351
HR_Spinup,1454,12,labsea,MLD2,198.38576
HR_Spinup,1454,1,interior,MLD2,605.37616
HR_Spinup,1454,2,interior,MLD2,1543.23289
HR_Spinup,1454,3,interior,MLD2,1987.09794
HR_Spinup,1454,4,interior,MLD2,1548.33596
HR_Spinup,1454,5,interior,MLD2,239.53939
HR_Spinup,1454,6,interior,MLD2,15.32444
HR_Spinup,1454,7,interior,MLD2,15.98022
HR_Spinup,1454,8,interior,MLD2,21.84761
HR_Spinup,1454,9,interior,MLD2,34.84424
HR_Spinup,1454,10,interior,MLD2,53.60203
HR_Spinup,1454,11,interior,MLD2,98.30880
HR_Spinup,1454,12,interior,MLD2,362.09600
HR_Spinup,1455,1,labsea,a_ice,0.23976
HR_Spinup,1455,2,labsea,a_ice,0.28813
HR_Spinup,1455,3,labsea,a_ice,0.33579
HR_Spinup,1455,4,labsea,a_ice,0.28578
HR_Spinup,1455,5,labsea,a_ice,0.21428
HR_Spinup,1455,6,labsea,a_ice,0.09316
HR_Spinup,1455,7,labsea,a_ice,0.01259
HR_Spinup,1455,8,labsea,a_ice,0.00000
HR_Spinup,1455,9,labsea,a_ice,0.00000
HR_Spinup,1455,10,labsea,a_ice,0.00000
HR_Spinup,1455,11,labsea,a_ice,0.00765
HR_Spinup,1455,12,labsea,a_ice,0.09881
HR_Spinup,1455,1,interior,a_ice,0.05167
HR_Spinup,1455,2,interior,a_ice,0.06868
HR_Spinup,1455,3,interior,a_ice,0.09833
HR_Spinup,1455,4,interior,a_ice,0.08525
HR_Spinup,1455,5,interior,a_ice,0.05184
HR_Spinup,1455,6,interior,a_ice,0.00613
HR_Spinup,1455,7,interior,a_ice,0.00000
HR_Spinup,1455,8,interior,a_ice,0.00000
HR_Spinup,1455,9,interior,a_ice,0.00000
HR_Spinup,1455,10,interior,a_ice,0.00000
HR_Spinup,1455,11,interior,a_ice,0.00000
HR_Spinup,1455,12,interior,a_ice,0.00527
HR_Spinup,1455,1,labsea,MLD2,836.73499
HR_Spinup,1455,2,labsea,MLD2,1325.37460
HR_Spinup,1455,3,labsea,MLD2,1380.14056
HR_Spinup,1455,4,labsea,MLD2,1306.96191
HR_Spinup,1455,5,labsea,MLD2,467.23629
HR_Spinup,1455,6,labsea,MLD2,27.48728
HR_Spinup,1455,7,labsea,MLD2,18.73274
HR_Spinup,1455,8,labsea,MLD2,21.83337
HR_Spinup,1455,9,labsea,MLD2,26.03496
HR_Spinup,1455,10,labsea,MLD2,40.55507
HR_Spinup,1455,11,labsea,MLD2,73.55168
HR_Spinup,1455,12,labsea,MLD2,213.08145
HR_Spinup,1455,1,interior,MLD2,1714.96934
HR_Spinup,1455,2,interior,MLD2,2273.06615
HR_Spinup,1455,3,interior,MLD2,2129.49447
HR_Spinup,1455,4,interior,MLD2,2000.29432
HR_Spinup,1455,5,interior,MLD2,953.24239
HR_Spinup,1455,6,interior,MLD2,27.90405
HR_Spinup,1455,7,interior,MLD2,21.45119
HR_Spinup,1455,8,interior,MLD2,25.80258
HR_Spinup,1455,9,interior,MLD2,29.81380
HR_Spinup,1455,10,interior,MLD2,48.41114
HR_Spinup,1455,11,interior,MLD2,104.72992
HR_Spinup,1455,12,interior,MLD2,373.36235
HR_Spinup,1456,1,labsea,a_ice,0.19570
HR_Spinup,1456,2,labsea,a_ice,0.24730
HR_Spinup,1456,3,labsea,a_ice,0.30279
HR_Spinup,1456,4,labsea,a_ice,0.24974
HR_Spinup,1456,5,labsea,a_ice,0.13997
HR_Spinup,1456,6,labsea,a_ice,0.04338
HR_Spinup,1456,7,labsea,a_ice,0.00684
HR_Spinup,1456,8,labsea,a_ice,0.00000
HR_Spinup,1456,9,labsea,a_ice,0.00000
HR_Spinup,1456,10,labsea,a_ice,0.00001
HR_Spinup,1456,11,labsea,a_ice,0.01372
HR_Spinup,1456,12,labsea,a_ice,0.11870
HR_Spinup,1456,1,interior,a_ice,0.01677
HR_Spinup,1456,2,interior,a_ice,0.08175
HR_Spinup,1456,3,interior,a_ice,0.07673
HR_Spinup,1456,4,interior,a_ice,0.08876
HR_Spinup,1456,5,interior,a_ice,0.02267
HR_Spinup,1456,6,interior,a_ice,0.00150
HR_Spinup,1456,7,interior,a_ice,0.00000
HR_Spinup,1456,8,interior,a_ice,0.00000
HR_Spinup,1456,9,interior,a_ice,0.00000
HR_Spinup,1456,10,interior,a_ice,0.00000
HR_Spinup,1456,11,interior,a_ice,0.00000
HR_Spinup,1456,12,interior,a_ice,0.00835
HR_Spinup,1456,1,labsea,MLD2,988.86398
HR_Spinup,1456,2,labsea,MLD2,1081.46427
HR_Spinup,1456,3,labsea,MLD2,1133.58562
HR_Spinup,1456,4,labsea,MLD2,959.73421
HR_Spinup,1456,5,labsea,MLD2,257.90475
HR_Spinup,1456,6,labsea,MLD2,29.98563
HR_Spinup,1456,7,labsea,MLD2,18.38654
HR_Spinup,1456,8,labsea,MLD2,19.27223
HR_Spinup,1456,9,labsea,MLD2,30.73836
HR_Spinup,1456,10,labsea,MLD2,43.05269
HR_Spinup,1456,11,labsea,MLD2,70.70626
HR_Spinup,1456,12,labsea,MLD2,224.21988
HR_Spinup,1456,1,interior,MLD2,1794.68981
HR_Spinup,1456,2,interior,MLD2,1917.07931
HR_Spinup,1456,3,interior,MLD2,1970.59105
HR_Spinup,1456,4,interior,MLD2,1663.17317
HR_Spinup,1456,5,interior,MLD2,552.84474
HR_Spinup,1456,6,interior,MLD2,39.43364
HR_Spinup,1456,7,interior,MLD2,22.43249
HR_Spinup,1456,8,interior,MLD2,23.32678
HR_Spinup,1456,9,interior,MLD2,37.50248
HR_Spinup,1456,10,interior,MLD2,51.41090
HR_Spinup,1456,11,interior,MLD2,87.64429
HR_Spinup,1456,12,interior,MLD2,451.14266
HR_Spinup,1457,1,labsea,a_ice,0.33341
HR_Spinup,1457,2,labsea,a_ice,0.39954
HR_Spinup,1457,3,labsea,a_ice,0.40557
HR_Spinup,1457,4,labsea,a_ice,0.34491
HR_Spinup,1457,5,labsea,a_ice,0.23086
HR_Spinup,1457,6,labsea,a_ice,0.08281
HR_Spinup,1457,7,labsea,a_ice,0.00597
HR_Spinup,1457,8,labsea,a_ice,0.00000
HR_Spinup,1457,9,labsea,a_ice,0.00000
HR_Spinup,1457,10,labsea,a_ice,0.00006
HR_Spinup,1457,11,labsea,a_ice,0.02059
HR_Spinup,1457,12,labsea,a_ice,0.10117
HR_Spinup,1457,1,interior,a_ice,0.14057
HR_Spinup,1457,2,interior,a_ice,0.25340
HR_Spinup,1457,3,interior,a_ice,0.27078
HR_Spinup,1457,4,interior,a_ice,0.13877
HR_Spinup,1457,5,interior,a_ice,0.08721
HR_Spinup,1457,6,interior,a_ice,0.00924
HR_Spinup,1457,7,interior,a_ice,0.00002
HR_Spinup,1457,8,interior,a_ice,0.00000
HR_Spinup,1457,9,interior,a_ice,0.00000
HR_Spinup,1457,10,interior,a_ice,0.00000
HR_Spinup,1457,11,interior,a_ice,0.00000
HR_Spinup,1457,12,interior,a_ice,0.00723
HR_Spinup,1457,1,labsea,MLD2,932.34344
HR_Spinup,1457,2,labsea,MLD2,1044.45466
HR_Spinup,1457,3,labsea,MLD2,1012.60859
HR_Spinup,1457,4,labsea,MLD2,808.66587
HR_Spinup,1457,5,labsea,MLD2,348.49648
HR_Spinup,1457,6,labsea,MLD2,25.56481
HR_Spinup,1457,7,labsea,MLD2,16.64191
HR_Spinup,1457,8,labsea,MLD2,18.48613
HR_Spinup,1457,9,labsea,MLD2,25.90484
HR_Spinup,1457,10,labsea,MLD2,34.43851
HR_Spinup,1457,11,labsea,MLD2,63.98679
HR_Spinup,1457,12,labsea,MLD2,186.62847
HR_Spinup,1457,1,interior,MLD2,1723.63551
HR_Spinup,1457,2,interior,MLD2,1413.83236
HR_Spinup,1457,3,interior,MLD2,1369.25520
HR_Spinup,1457,4,interior,MLD2,1239.19442
HR_Spinup,1457,5,interior,MLD2,636.50911
HR_Spinup,1457,6,interior,MLD2,33.13620
HR_Spinup,1457,7,interior,MLD2,19.91258
HR_Spinup,1457,8,interior,MLD2,23.31223
HR_Spinup,1457,9,interior,MLD2,31.75998
HR_Spinup,1457,10,interior,MLD2,43.09581
HR_Spinup,1457,11,interior,MLD2,83.69810
HR_Spinup,1457,12,interior,MLD2,300.23334
HR_Spinup,1458,1,labsea,a_ice,0.24167
HR_Spinup,1458,2,labsea,a_ice,0.34127
HR_Spinup,1458,3,labsea,a_ice,0.33480
HR_Spinup,1458,4,labsea,a_ice,0.26026
HR_Spinup,1458,5,labsea,a_ice,0.19466
HR_Spinup,1458,6,labsea,a_ice,0.09218
HR_Spinup,1458,7,labsea,a_ice,0.01083
HR_Spinup,1458,8,labsea,a_ice,0.00000
HR_Spinup,1458,9,labsea,a_ice,0.00000
HR_Spinup,1458,10,labsea,a_ice,0.00007
HR_Spinup,1458,11,labsea,a_ice,0.00653
HR_Spinup,1458,12,labsea,a_ice,0.09464
HR_Spinup,1458,1,interior,a_ice,0.02649
HR_Spinup,1458,2,interior,a_ice,0.10464
HR_Spinup,1458,3,interior,a_ice,0.12530
HR_Spinup,1458,4,interior,a_ice,0.04598
HR_Spinup,1458,5,interior,a_ice,0.01884
HR_Spinup,1458,6,interior,a_ice,0.00923
HR_Spinup,1458,7,interior,a_ice,0.00029
HR_Spinup,1458,8,interior,a_ice,0.00000
HR_Spinup,1458,9,interior,a_ice,0.00000
HR_Spinup,1458,10,interior,a_ice,0.00000
HR_Spinup,1458,11,interior,a_ice,0.00017
HR_Spinup,1458,12,interior,a_ice,0.00674
HR_Spinup,1458,1,labsea,MLD2,861.55098
HR_Spinup,1458,2,labsea,MLD2,1255.84985
HR_Spinup,1458,3,labsea,MLD2,1113.48782
HR_Spinup,1458,4,labsea,MLD2,789.59833
HR_Spinup,1458,5,labsea,MLD2,322.85748
HR_Spinup,1458,6,labsea,MLD2,29.25268
HR_Spinup,1458,7,labsea,MLD2,18.46774
HR_Spinup,1458,8,labsea,MLD2,19.35886
HR_Spinup,1458,9,labsea,MLD2,30.44302
HR_Spinup,1458,10,labsea,MLD2,44.52126
HR_Spinup,1458,11,labsea,MLD2,73.79037
HR_Spinup,1458,12,labsea,MLD2,140.64909
HR_Spinup,1458,1,interior,MLD2,1660.14312
HR_Spinup,1458,2,interior,MLD2,2277.15651
HR_Spinup,1458,3,interior,MLD2,2054.99811
HR_Spinup,1458,4,interior,MLD2,1555.22611
HR_Spinup,1458,5,interior,MLD2,722.07191
HR_Spinup,1458,6,interior,MLD2,46.53605
HR_Spinup,1458,7,interior,MLD2,24.14904
HR_Spinup,1458,8,interior,MLD2,24.44199
HR_Spinup,1458,9,interior,MLD2,36.47511
HR_Spinup,1458,10,interior,MLD2,55.34563
HR_Spinup,1458,11,interior,MLD2,112.93856
HR_Spinup,1458,12,interior,MLD2,283.97267
HR_Spinup,1459,1,labsea,a_ice,0.23985
HR_Spinup,1459,2,labsea,a_ice,0.28173
HR_Spinup,1459,3,labsea,a_ice,0.28915
HR_Spinup,1459,4,labsea,a_ice,0.23966
HR_Spinup,1459,5,labsea,a_ice,0.18035
HR_Spinup,1459,6,labsea,a_ice,0.09192
HR_Spinup,1459,7,labsea,a_ice,0.01177
HR_Spinup,1459,8,labsea,a_ice,0.00006
HR_Spinup,1459,9,labsea,a_ice,0.00000
HR_Spinup,1459,10,labsea,a_ice,0.00000
HR_Spinup,1459,11,labsea,a_ice,0.00135
HR_Spinup,1459,12,labsea,a_ice,0.10478
HR_Spinup,1459,1,interior,a_ice,0.01372
HR_Spinup,1459,2,interior,a_ice,0.03453
HR_Spinup,1459,3,interior,a_ice,0.09610
HR_Spinup,1459,4,interior,a_ice,0.04326
HR_Spinup,1459,5,interior,a_ice,0.04176
HR_Spinup,1459,6,interior,a_ice,0.00609
HR_Spinup,1459,7,interior,a_ice,0.00044
HR_Spinup,1459,8,interior,a_ice,0.00000
HR_Spinup,1459,9,interior,a_ice,0.00000
HR_Spinup,1459,10,interior,a_ice,0.00000
HR_Spinup,1459,11,interior,a_ice,0.00000
HR_Spinup,1459,12,interior,a_ice,0.01230
HR_Spinup,1459,1,labsea,MLD2,585.50636
HR_Spinup,1459,2,labsea,MLD2,926.80094
HR_Spinup,1459,3,labsea,MLD2,1102.25408
HR_Spinup,1459,4,labsea,MLD2,978.60281
HR_Spinup,1459,5,labsea,MLD2,413.97768
HR_Spinup,1459,6,labsea,MLD2,23.91573
HR_Spinup,1459,7,labsea,MLD2,18.69148
HR_Spinup,1459,8,labsea,MLD2,20.35600
HR_Spinup,1459,9,labsea,MLD2,27.90107
HR_Spinup,1459,10,labsea,MLD2,42.60493
HR_Spinup,1459,11,labsea,MLD2,57.37283
HR_Spinup,1459,12,labsea,MLD2,103.68893
HR_Spinup,1459,1,interior,MLD2,1346.86219
HR_Spinup,1459,2,interior,MLD2,1930.43517
HR_Spinup,1459,3,interior,MLD2,2035.28379
HR_Spinup,1459,4,interior,MLD2,1884.88723
HR_Spinup,1459,5,interior,MLD2,967.22820
HR_Spinup,1459,6,interior,MLD2,32.28375
HR_Spinup,1459,7,interior,MLD2,22.25119
HR_Spinup,1459,8,interior,MLD2,22.86967
HR_Spinup,1459,9,interior,MLD2,33.41916
HR_Spinup,1459,10,interior,MLD2,48.76176
HR_Spinup,1459,11,interior,MLD2,76.45786
HR_Spinup,1459,12,interior,MLD2,161.74535
HR_Spinup,1460,1,labsea,a_ice,0.23206
HR_Spinup,1460,2,labsea,a_ice,0.25289
HR_Spinup,1460,3,labsea,a_ice,0.26998
HR_Spinup,1460,4,labsea,a_ice,0.20810
HR_Spinup,1460,5,labsea,a_ice,0.13743
HR_Spinup,1460,6,labsea,a_ice,0.04943
HR_Spinup,1460,7,labsea,a_ice,0.00803
HR_Spinup,1460,8,labsea,a_ice,0.00000
HR_Spinup,1460,9,labsea,a_ice,0.00000
HR_Spinup,1460,10,labsea,a_ice,0.00010
HR_Spinup,1460,11,labsea,a_ice,0.02163
HR_Spinup,1460,12,labsea,a_ice,0.12323
HR_Spinup,1460,1,interior,a_ice,0.06300
HR_Spinup,1460,2,interior,a_ice,0.03872
HR_Spinup,1460,3,interior,a_ice,0.05412
HR_Spinup,1460,4,interior,a_ice,0.04068
HR_Spinup,1460,5,interior,a_ice,0.02245
HR_Spinup,1460,6,interior,a_ice,0.00261
HR_Spinup,1460,7,interior,a_ice,0.00012
HR_Spinup,1460,8,interior,a_ice,0.00000
HR_Spinup,1460,9,interior,a_ice,0.00000
HR_Spinup,1460,10,interior,a_ice,0.00000
HR_Spinup,1460,11,interior,a_ice,0.00012
HR_Spinup,1460,12,interior,a_ice,0.00815
HR_Spinup,1460,1,labsea,MLD2,508.07899
HR_Spinup,1460,2,labsea,MLD2,994.57722
HR_Spinup,1460,3,labsea,MLD2,1003.26591
HR_Spinup,1460,4,labsea,MLD2,897.13223
HR_Spinup,1460,5,labsea,MLD2,548.95184
HR_Spinup,1460,6,labsea,MLD2,30.82751
HR_Spinup,1460,7,labsea,MLD2,17.25748
HR_Spinup,1460,8,labsea,MLD2,18.46914
HR_Spinup,1460,9,labsea,MLD2,26.26493
HR_Spinup,1460,10,labsea,MLD2,38.74581
HR_Spinup,1460,11,labsea,MLD2,71.26872
HR_Spinup,1460,12,labsea,MLD2,122.63468
HR_Spinup,1460,1,interior,MLD2,1028.20362
HR_Spinup,1460,2,interior,MLD2,1813.53545
HR_Spinup,1460,3,interior,MLD2,1901.40837
HR_Spinup,1460,4,interior,MLD2,1803.22244
HR_Spinup,1460,5,interior,MLD2,1196.12141
HR_Spinup,1460,6,interior,MLD2,51.03077
HR_Spinup,1460,7,interior,MLD2,20.73044
HR_Spinup,1460,8,interior,MLD2,22.55754
HR_Spinup,1460,9,interior,MLD2,33.14023
HR_Spinup,1460,10,interior,MLD2,49.43885
HR_Spinup,1460,11,interior,MLD2,91.32248
HR_Spinup,1460,12,interior,MLD2,184.50206
HR_Spinup,1461,1,labsea,a_ice,0.26307
HR_Spinup,1461,2,labsea,a_ice,0.32230
HR_Spinup,1461,3,labsea,a_ice,0.30936
HR_Spinup,1461,4,labsea,a_ice,0.23059
HR_Spinup,1461,5,labsea,a_ice,0.17075
HR_Spinup,1461,6,labsea,a_ice,0.06096
HR_Spinup,1461,7,labsea,a_ice,0.00880
HR_Spinup,1461,8,labsea,a_ice,0.00000
HR_Spinup,1461,9,labsea,a_ice,0.00000
HR_Spinup,1461,10,labsea,a_ice,0.00000
HR_Spinup,1461,11,labsea,a_ice,0.01002
HR_Spinup,1461,12,labsea,a_ice,0.11967
HR_Spinup,1461,1,interior,a_ice,0.06455
HR_Spinup,1461,2,interior,a_ice,0.08236
HR_Spinup,1461,3,interior,a_ice,0.07547
HR_Spinup,1461,4,interior,a_ice,0.02393
HR_Spinup,1461,5,interior,a_ice,0.02639
HR_Spinup,1461,6,interior,a_ice,0.00892
HR_Spinup,1461,7,interior,a_ice,0.00000
HR_Spinup,1461,8,interior,a_ice,0.00000
HR_Spinup,1461,9,interior,a_ice,0.00000
HR_Spinup,1461,10,interior,a_ice,0.00000
HR_Spinup,1461,11,interior,a_ice,0.00001
HR_Spinup,1461,12,interior,a_ice,0.00602
HR_Spinup,1461,1,labsea,MLD2,470.48303
HR_Spinup,1461,2,labsea,MLD2,998.24541
HR_Spinup,1461,3,labsea,MLD2,1048.23459
HR_Spinup,1461,4,labsea,MLD2,851.40475
HR_Spinup,1461,5,labsea,MLD2,335.95238
HR_Spinup,1461,6,labsea,MLD2,20.45724
HR_Spinup,1461,7,labsea,MLD2,19.67596
HR_Spinup,1461,8,labsea,MLD2,17.77515
HR_Spinup,1461,9,labsea,MLD2,28.45224
HR_Spinup,1461,10,labsea,MLD2,36.88532
HR_Spinup,1461,11,labsea,MLD2,59.87750
HR_Spinup,1461,12,labsea,MLD2,264.56940
HR_Spinup,1461,1,interior,MLD2,965.62861
HR_Spinup,1461,2,interior,MLD2,1913.75842
HR_Spinup,1461,3,interior,MLD2,1983.16127
HR_Spinup,1461,4,interior,MLD2,1750.76936
HR_Spinup,1461,5,interior,MLD2,795.54459
HR_Spinup,1461,6,interior,MLD2,27.29616
HR_Spinup,1461,7,interior,MLD2,21.87583
HR_Spinup,1461,8,interior,MLD2,19.60548
HR_Spinup,1461,9,interior,MLD2,33.14201
HR_Spinup,1461,10,interior,MLD2,44.02470
HR_Spinup,1461,11,interior,MLD2,68.92749
HR_Spinup,1461,12,interior,MLD2,480.31677
HR_Spinup,1462,1,labsea,a_ice,0.18878
HR_Spinup,1462,2,labsea,a_ice,0.24899
HR_Spinup,1462,3,labsea,a_ice,0.27016
HR_Spinup,1462,4,labsea,a_ice,0.20564
HR_Spinup,1462,5,labsea,a_ice,0.14977
HR_Spinup,1462,6,labsea,a_ice,0.08182
HR_Spinup,1462,7,labsea,a_ice,0.01428
HR_Spinup,1462,8,labsea,a_ice,0.00000
HR_Spinup,1462,9,labsea,a_ice,0.00000
HR_Spinup,1462,10,labsea,a_ice,0.00004
HR_Spinup,1462,11,labsea,a_ice,0.02130
HR_Spinup,1462,12,labsea,a_ice,0.20578
HR_Spinup,1462,1,interior,a_ice,0.00764
HR_Spinup,1462,2,interior,a_ice,0.01433
HR_Spinup,1462,3,interior,a_ice,0.06772
HR_Spinup,1462,4,interior,a_ice,0.07229
HR_Spinup,1462,5,interior,a_ice,0.00873
HR_Spinup,1462,6,interior,a_ice,0.00083
HR_Spinup,1462,7,interior,a_ice,0.00001
HR_Spinup,1462,8,interior,a_ice,0.00000
HR_Spinup,1462,9,interior,a_ice,0.00000
HR_Spinup,1462,10,interior,a_ice,0.00000
HR_Spinup,1462,11,interior,a_ice,0.00230
HR_Spinup,1462,12,interior,a_ice,0.03064
HR_Spinup,1462,1,labsea,MLD2,645.29867
HR_Spinup,1462,2,labsea,MLD2,854.33639
HR_Spinup,1462,3,labsea,MLD2,936.03906
HR_Spinup,1462,4,labsea,MLD2,646.29716
HR_Spinup,1462,5,labsea,MLD2,154.51176
HR_Spinup,1462,6,labsea,MLD2,24.73738
HR_Spinup,1462,7,labsea,MLD2,13.45847
HR_Spinup,1462,8,labsea,MLD2,17.74515
HR_Spinup,1462,9,labsea,MLD2,24.35426
HR_Spinup,1462,10,labsea,MLD2,39.60784
HR_Spinup,1462,11,labsea,MLD2,59.47388
HR_Spinup,1462,12,labsea,MLD2,157.21093
HR_Spinup,1462,1,interior,MLD2,1371.85229
HR_Spinup,1462,2,interior,MLD2,1810.52405
HR_Spinup,1462,3,interior,MLD2,1869.71219
HR_Spinup,1462,4,interior,MLD2,1358.50452
HR_Spinup,1462,5,interior,MLD2,283.66332
HR_Spinup,1462,6,interior,MLD2,26.31058
HR_Spinup,1462,7,interior,MLD2,14.63563
HR_Spinup,1462,8,interior,MLD2,21.01871
HR_Spinup,1462,9,interior,MLD2,28.57103
HR_Spinup,1462,10,interior,MLD2,47.79966
HR_Spinup,1462,11,interior,MLD2,75.75076
HR_Spinup,1462,12,interior,MLD2,289.92290
HR_Spinup,1463,1,labsea,a_ice,0.44898
HR_Spinup,1463,2,labsea,a_ice,0.49630
HR_Spinup,1463,3,labsea,a_ice,0.49593
HR_Spinup,1463,4,labsea,a_ice,0.34357
HR_Spinup,1463,5,labsea,a_ice,0.21468
HR_Spinup,1463,6,labsea,a_ice,0.12402
HR_Spinup,1463,7,labsea,a_ice,0.02336
HR_Spinup,1463,8,labsea,a_ice,0.00097
HR_Spinup,1463,9,labsea,a_ice,0.00000
HR_Spinup,1463,10,labsea,a_ice,0.00014
HR_Spinup,1463,11,labsea,a_ice,0.02525
HR_Spinup,1463,12,labsea,a_ice,0.17230
HR_Spinup,1463,1,interior,a_ice,0.32236
HR_Spinup,1463,2,interior,a_ice,0.42064
HR_Spinup,1463,3,interior,a_ice,0.38009
HR_Spinup,1463,4,interior,a_ice,0.19952
HR_Spinup,1463,5,interior,a_ice,0.06012
HR_Spinup,1463,6,interior,a_ice,0.01989
HR_Spinup,1463,7,interior,a_ice,0.00002
HR_Spinup,1463,8,interior,a_ice,0.00000
HR_Spinup,1463,9,interior,a_ice,0.00000
HR_Spinup,1463,10,interior,a_ice,0.00000
HR_Spinup,1463,11,interior,a_ice,0.00002
HR_Spinup,1463,12,interior,a_ice,0.03402
HR_Spinup,1463,1,labsea,MLD2,676.42016
HR_Spinup,1463,2,labsea,MLD2,710.93902
HR_Spinup,1463,3,labsea,MLD2,853.76036
HR_Spinup,1463,4,labsea,MLD2,595.85688
HR_Spinup,1463,5,labsea,MLD2,179.56605
HR_Spinup,1463,6,labsea,MLD2,22.34321
HR_Spinup,1463,7,labsea,MLD2,19.61091
HR_Spinup,1463,8,labsea,MLD2,18.33852
HR_Spinup,1463,9,labsea,MLD2,28.69867
HR_Spinup,1463,10,labsea,MLD2,45.78420
HR_Spinup,1463,11,labsea,MLD2,109.88262
HR_Spinup,1463,12,labsea,MLD2,274.64758
HR_Spinup,1463,1,interior,MLD2,1212.94975
HR_Spinup,1463,2,interior,MLD2,1083.59318
HR_Spinup,1463,3,interior,MLD2,994.33209
HR_Spinup,1463,4,interior,MLD2,813.05600
HR_Spinup,1463,5,interior,MLD2,217.72659
HR_Spinup,1463,6,interior,MLD2,23.61345
HR_Spinup,1463,7,interior,MLD2,20.90247
HR_Spinup,1463,8,interior,MLD2,20.56307
HR_Spinup,1463,9,interior,MLD2,34.37346
HR_Spinup,1463,10,interior,MLD2,57.08213
HR_Spinup,1463,11,interior,MLD2,155.80030
HR_Spinup,1463,12,interior,MLD2,537.44731
HR_Spinup,1464,1,labsea,a_ice,0.33504
HR_Spinup,1464,2,labsea,a_ice,0.36674
HR_Spinup,1464,3,labsea,a_ice,0.37737
HR_Spinup,1464,4,labsea,a_ice,0.25505
HR_Spinup,1464,5,labsea,a_ice,0.21282
HR_Spinup,1464,6,labsea,a_ice,0.11187
HR_Spinup,1464,7,labsea,a_ice,0.01700
HR_Spinup,1464,8,labsea,a_ice,0.00008
HR_Spinup,1464,9,labsea,a_ice,0.00000
HR_Spinup,1464,10,labsea,a_ice,0.00000
HR_Spinup,1464,11,labsea,a_ice,0.00589
HR_Spinup,1464,12,labsea,a_ice,0.15104
HR_Spinup,1464,1,interior,a_ice,0.17474
HR_Spinup,1464,2,interior,a_ice,0.15033
HR_Spinup,1464,3,interior,a_ice,0.20976
HR_Spinup,1464,4,interior,a_ice,0.07779
HR_Spinup,1464,5,interior,a_ice,0.03632
HR_Spinup,1464,6,interior,a_ice,0.02104
HR_Spinup,1464,7,interior,a_ice,0.00009
HR_Spinup,1464,8,interior,a_ice,0.00000
HR_Spinup,1464,9,interior,a_ice,0.00000
HR_Spinup,1464,10,interior,a_ice,0.00000
HR_Spinup,1464,11,interior,a_ice,0.00002
HR_Spinup,1464,12,interior,a_ice,0.01802
HR_Spinup,1464,1,labsea,MLD2,1043.54998
HR_Spinup,1464,2,labsea,MLD2,1179.62413
HR_Spinup,1464,3,labsea,MLD2,1142.41793
HR_Spinup,1464,4,labsea,MLD2,899.56045
HR_Spinup,1464,5,labsea,MLD2,481.68520
HR_Spinup,1464,6,labsea,MLD2,46.39638
HR_Spinup,1464,7,labsea,MLD2,18.84197
HR_Spinup,1464,8,labsea,MLD2,16.22404
HR_Spinup,1464,9,labsea,MLD2,27.73922
HR_Spinup,1464,10,labsea,MLD2,37.97337
HR_Spinup,1464,11,labsea,MLD2,67.70468
HR_Spinup,1464,12,labsea,MLD2,225.31266
HR_Spinup,1464,1,interior,MLD2,1613.56493
HR_Spinup,1464,2,interior,MLD2,1748.29246
HR_Spinup,1464,3,interior,MLD2,1700.24228
HR_Spinup,1464,4,interior,MLD2,1458.80446
HR_Spinup,1464,5,interior,MLD2,762.15080
HR_Spinup,1464,6,interior,MLD2,55.13698
HR_Spinup,1464,7,interior,MLD2,22.44290
HR_Spinup,1464,8,interior,MLD2,20.54131
HR_Spinup,1464,9,interior,MLD2,34.64329
HR_Spinup,1464,10,interior,MLD2,46.51566
HR_Spinup,1464,11,interior,MLD2,91.99195
HR_Spinup,1464,12,interior,MLD2,469.94308
HR_Spinup,1465,1,labsea,a_ice,0.27263
HR_Spinup,1465,2,labsea,a_ice,0.37128
HR_Spinup,1465,3,labsea,a_ice,0.43856
HR_Spinup,1465,4,labsea,a_ice,0.34428
HR_Spinup,1465,5,labsea,a_ice,0.19603
HR_Spinup,1465,6,labsea,a_ice,0.08070
HR_Spinup,1465,7,labsea,a_ice,0.01044
HR_Spinup,1465,8,labsea,a_ice,0.00000
HR_Spinup,1465,9,labsea,a_ice,0.00000
HR_Spinup,1465,10,labsea,a_ice,0.00000
HR_Spinup,1465,11,labsea,a_ice,0.01018
HR_Spinup,1465,12,labsea,a_ice,0.09252
HR_Spinup,1465,1,interior,a_ice,0.06893
HR_Spinup,1465,2,interior,a_ice,0.15643
HR_Spinup,1465,3,interior,a_ice,0.30189
HR_Spinup,1465,4,interior,a_ice,0.15648
HR_Spinup,1465,5,interior,a_ice,0.02489
HR_Spinup,1465,6,interior,a_ice,0.00130
HR_Spinup,1465,7,interior,a_ice,0.00001
HR_Spinup,1465,8,interior,a_ice,0.00000
HR_Spinup,1465,9,interior,a_ice,0.00000
HR_Spinup,1465,10,interior,a_ice,0.00000
HR_Spinup,1465,11,interior,a_ice,0.00000
HR_Spinup,1465,12,interior,a_ice,0.00372
HR_Spinup,1465,1,labsea,MLD2,874.80466
HR_Spinup,1465,2,labsea,MLD2,1191.40644
HR_Spinup,1465,3,labsea,MLD2,1075.72832
HR_Spinup,1465,4,labsea,MLD2,839.14854
HR_Spinup,1465,5,labsea,MLD2,278.46813
HR_Spinup,1465,6,labsea,MLD2,28.39924
HR_Spinup,1465,7,labsea,MLD2,10.93375
HR_Spinup,1465,8,labsea,MLD2,16.03191
HR_Spinup,1465,9,labsea,MLD2,23.64618
HR_Spinup,1465,10,labsea,MLD2,45.33296
HR_Spinup,1465,11,labsea,MLD2,69.26642
HR_Spinup,1465,12,labsea,MLD2,212.30077
HR_Spinup,1465,1,interior,MLD2,1774.18293
HR_Spinup,1465,2,interior,MLD2,1802.27810
HR_Spinup,1465,3,interior,MLD2,1448.69484
HR_Spinup,1465,4,interior,MLD2,1056.35331
HR_Spinup,1465,5,interior,MLD2,443.71075
HR_Spinup,1465,6,interior,MLD2,30.20970
HR_Spinup,1465,7,interior,MLD2,12.44836
HR_Spinup,1465,8,interior,MLD2,18.28075
HR_Spinup,1465,9,interior,MLD2,25.52130
HR_Spinup,1465,10,interior,MLD2,50.27267
HR_Spinup,1465,11,interior,MLD2,86.98015
HR_Spinup,1465,12,interior,MLD2,344.88153
HR_Spinup,1466,1,labsea,a_ice,0.27374
HR_Spinup,1466,2,labsea,a_ice,0.34177
HR_Spinup,1466,3,labsea,a_ice,0.33832
HR_Spinup,1466,4,labsea,a_ice,0.29358
HR_Spinup,1466,5,labsea,a_ice,0.19726
HR_Spinup,1466,6,labsea,a_ice,0.10257
HR_Spinup,1466,7,labsea,a_ice,0.00973
HR_Spinup,1466,8,labsea,a_ice,0.00000
HR_Spinup,1466,9,labsea,a_ice,0.00000
HR_Spinup,1466,10,labsea,a_ice,0.00000
HR_Spinup,1466,11,labsea,a_ice,0.02760
HR_Spinup,1466,12,labsea,a_ice,0.19095
HR_Spinup,1466,1,interior,a_ice,0.06837
HR_Spinup,1466,2,interior,a_ice,0.13914
HR_Spinup,1466,3,interior,a_ice,0.10698
HR_Spinup,1466,4,interior,a_ice,0.10554
HR_Spinup,1466,5,interior,a_ice,0.05306
HR_Spinup,1466,6,interior,a_ice,0.01074
HR_Spinup,1466,7,interior,a_ice,0.00016
HR_Spinup,1466,8,interior,a_ice,0.00000
HR_Spinup,1466,9,interior,a_ice,0.00000
HR_Spinup,1466,10,interior,a_ice,0.00000
HR_Spinup,1466,11,interior,a_ice,0.00177
HR_Spinup,1466,12,interior,a_ice,0.02014
HR_Spinup,1466,1,labsea,MLD2,1170.77611
HR_Spinup,1466,2,labsea,MLD2,1171.37862
HR_Spinup,1466,3,labsea,MLD2,1308.27113
HR_Spinup,1466,4,labsea,MLD2,1352.12419
HR_Spinup,1466,5,labsea,MLD2,991.11592
HR_Spinup,1466,6,labsea,MLD2,43.61468
HR_Spinup,1466,7,labsea,MLD2,19.05950
HR_Spinup,1466,8,labsea,MLD2,20.20497
HR_Spinup,1466,9,labsea,MLD2,28.49516
HR_Spinup,1466,10,labsea,MLD2,48.24888
HR_Spinup,1466,11,labsea,MLD2,90.79708
HR_Spinup,1466,12,labsea,MLD2,772.21535
HR_Spinup,1466,1,interior,MLD2,1900.59064
HR_Spinup,1466,2,interior,MLD2,1698.72814
HR_Spinup,1466,3,interior,MLD2,1968.05013
HR_Spinup,1466,4,interior,MLD2,2067.18904
HR_Spinup,1466,5,interior,MLD2,1569.00353
HR_Spinup,1466,6,interior,MLD2,72.97232
HR_Spinup,1466,7,interior,MLD2,21.92449
HR_Spinup,1466,8,interior,MLD2,24.12583
HR_Spinup,1466,9,interior,MLD2,32.37203
HR_Spinup,1466,10,interior,MLD2,59.45625
HR_Spinup,1466,11,interior,MLD2,146.71464
HR_Spinup,1466,12,interior,MLD2,1397.13584
HR_Spinup,1467,1,labsea,a_ice,0.30683
HR_Spinup,1467,2,labsea,a_ice,0.31960
HR_Spinup,1467,3,labsea,a_ice,0.29571
HR_Spinup,1467,4,labsea,a_ice,0.28771
HR_Spinup,1467,5,labsea,a_ice,0.18977
HR_Spinup,1467,6,labsea,a_ice,0.07852
HR_Spinup,1467,7,labsea,a_ice,0.00974
HR_Spinup,1467,8,labsea,a_ice,0.00000
HR_Spinup,1467,9,labsea,a_ice,0.00000
HR_Spinup,1467,10,labsea,a_ice,0.00000
HR_Spinup,1467,11,labsea,a_ice,0.00019
HR_Spinup,1467,12,labsea,a_ice,0.06264
HR_Spinup,1467,1,interior,a_ice,0.10962
HR_Spinup,1467,2,interior,a_ice,0.09748
HR_Spinup,1467,3,interior,a_ice,0.04867
HR_Spinup,1467,4,interior,a_ice,0.10688
HR_Spinup,1467,5,interior,a_ice,0.01531
HR_Spinup,1467,6,interior,a_ice,0.00940
HR_Spinup,1467,7,interior,a_ice,0.00000
HR_Spinup,1467,8,interior,a_ice,0.00000
HR_Spinup,1467,9,interior,a_ice,0.00000
HR_Spinup,1467,10,interior,a_ice,0.00000
HR_Spinup,1467,11,interior,a_ice,0.00000
HR_Spinup,1467,12,interior,a_ice,0.00275
HR_Spinup,1467,1,labsea,MLD2,1164.78041
HR_Spinup,1467,2,labsea,MLD2,1357.08999
HR_Spinup,1467,3,labsea,MLD2,1428.57959
HR_Spinup,1467,4,labsea,MLD2,1108.45581
HR_Spinup,1467,5,labsea,MLD2,443.05422
HR_Spinup,1467,6,labsea,MLD2,27.16518
HR_Spinup,1467,7,labsea,MLD2,19.48787
HR_Spinup,1467,8,labsea,MLD2,19.86857
HR_Spinup,1467,9,labsea,MLD2,26.50895
HR_Spinup,1467,10,labsea,MLD2,41.26686
HR_Spinup,1467,11,labsea,MLD2,53.85453
HR_Spinup,1467,12,labsea,MLD2,127.93888
HR_Spinup,1467,1,interior,MLD2,1968.71422
HR_Spinup,1467,2,interior,MLD2,2312.11656
HR_Spinup,1467,3,interior,MLD2,2438.50543
HR_Spinup,1467,4,interior,MLD2,1794.41858
HR_Spinup,1467,5,interior,MLD2,865.70450
HR_Spinup,1467,6,interior,MLD2,29.69964
HR_Spinup,1467,7,interior,MLD2,22.64644
HR_Spinup,1467,8,interior,MLD2,25.86167
HR_Spinup,1467,9,interior,MLD2,33.36049
HR_Spinup,1467,10,interior,MLD2,52.47548
HR_Spinup,1467,11,interior,MLD2,66.61937
HR_Spinup,1467,12,interior,MLD2,194.27453
HR_Spinup,1468,1,labsea,a_ice,0.18192
HR_Spinup,1468,2,labsea,a_ice,0.24007
HR_Spinup,1468,3,labsea,a_ice,0.28268
HR_Spinup,1468,4,labsea,a_ice,0.25780
HR_Spinup,1468,5,labsea,a_ice,0.19106
HR_Spinup,1468,6,labsea,a_ice,0.06710
HR_Spinup,1468,7,labsea,a_ice,0.00088
HR_Spinup,1468,8,labsea,a_ice,0.00000
HR_Spinup,1468,9,labsea,a_ice,0.00000
HR_Spinup,1468,10,labsea,a_ice,0.00000
HR_Spinup,1468,11,labsea,a_ice,0.01630
HR_Spinup,1468,12,labsea,a_ice,0.13221
HR_Spinup,1468,1,interior,a_ice,0.01041
HR_Spinup,1468,2,interior,a_ice,0.05341
HR_Spinup,1468,3,interior,a_ice,0.06872
HR_Spinup,1468,4,interior,a_ice,0.04337
HR_Spinup,1468,5,interior,a_ice,0.01573
HR_Spinup,1468,6,interior,a_ice,0.00723
HR_Spinup,1468,7,interior,a_ice,0.00000
HR_Spinup,1468,8,interior,a_ice,0.00000
HR_Spinup,1468,9,interior,a_ice,0.00000
HR_Spinup,1468,10,interior,a_ice,0.00000
HR_Spinup,1468,11,interior,a_ice,0.00001
HR_Spinup,1468,12,interior,a_ice,0.01811
HR_Spinup,1468,1,labsea,MLD2,701.26643
HR_Spinup,1468,2,labsea,MLD2,1240.66039
HR_Spinup,1468,3,labsea,MLD2,1342.57313
HR_Spinup,1468,4,labsea,MLD2,1290.78284
HR_Spinup,1468,5,labsea,MLD2,552.29643
HR_Spinup,1468,6,labsea,MLD2,24.63884
HR_Spinup,1468,7,labsea,MLD2,21.52541
HR_Spinup,1468,8,labsea,MLD2,24.08261
HR_Spinup,1468,9,labsea,MLD2,25.34932
HR_Spinup,1468,10,labsea,MLD2,42.91601
HR_Spinup,1468,11,labsea,MLD2,112.75926
HR_Spinup,1468,12,labsea,MLD2,456.18793
HR_Spinup,1468,1,interior,MLD2,1379.27252
HR_Spinup,1468,2,interior,MLD2,2024.75412
HR_Spinup,1468,3,interior,MLD2,2159.42759
HR_Spinup,1468,4,interior,MLD2,2089.62985
HR_Spinup,1468,5,interior,MLD2,993.31055
HR_Spinup,1468,6,interior,MLD2,34.75634
HR_Spinup,1468,7,interior,MLD2,26.09369
HR_Spinup,1468,8,interior,MLD2,29.58815
HR_Spinup,1468,9,interior,MLD2,28.29274
HR_Spinup,1468,10,interior,MLD2,49.04547
HR_Spinup,1468,11,interior,MLD2,164.80983
HR_Spinup,1468,12,interior,MLD2,842.83833
HR_Spinup,1469,1,labsea,a_ice,0.25267
HR_Spinup,1469,2,labsea,a_ice,0.25349
HR_Spinup,1469,3,labsea,a_ice,0.30640
HR_Spinup,1469,4,labsea,a_ice,0.33851
HR_Spinup,1469,5,labsea,a_ice,0.25676
HR_Spinup,1469,6,labsea,a_ice,0.11938
HR_Spinup,1469,7,labsea,a_ice,0.00998
HR_Spinup,1469,8,labsea,a_ice,0.00000
HR_Spinup,1469,9,labsea,a_ice,0.00009
HR_Spinup,1469,10,labsea,a_ice,0.00098
HR_Spinup,1469,11,labsea,a_ice,0.03005
HR_Spinup,1469,12,labsea,a_ice,0.21463
HR_Spinup,1469,1,interior,a_ice,0.04964
HR_Spinup,1469,2,interior,a_ice,0.03360
HR_Spinup,1469,3,interior,a_ice,0.08965
HR_Spinup,1469,4,interior,a_ice,0.14970
HR_Spinup,1469,5,interior,a_ice,0.07169
HR_Spinup,1469,6,interior,a_ice,0.00743
HR_Spinup,1469,7,interior,a_ice,0.00076
HR_Spinup,1469,8,interior,a_ice,0.00000
HR_Spinup,1469,9,interior,a_ice,0.00000
HR_Spinup,1469,10,interior,a_ice,0.00003
HR_Spinup,1469,11,interior,a_ice,0.00090
HR_Spinup,1469,12,interior,a_ice,0.05910
HR_Spinup,1469,1,labsea,MLD2,1045.20712
HR_Spinup,1469,2,labsea,MLD2,1233.92644
HR_Spinup,1469,3,labsea,MLD2,1240.71885
HR_Spinup,1469,4,labsea,MLD2,928.09967
HR_Spinup,1469,5,labsea,MLD2,328.24786
HR_Spinup,1469,6,labsea,MLD2,22.71914
HR_Spinup,1469,7,labsea,MLD2,11.87507
HR_Spinup,1469,8,labsea,MLD2,18.95642
HR_Spinup,1469,9,labsea,MLD2,26.49659
HR_Spinup,1469,10,labsea,MLD2,39.24697
HR_Spinup,1469,11,labsea,MLD2,76.54245
HR_Spinup,1469,12,labsea,MLD2,322.70794
HR_Spinup,1469,1,interior,MLD2,1823.58319
HR_Spinup,1469,2,interior,MLD2,2024.45611
HR_Spinup,1469,3,interior,MLD2,1955.87652
HR_Spinup,1469,4,interior,MLD2,1327.53007
HR_Spinup,1469,5,interior,MLD2,573.30279
HR_Spinup,1469,6,interior,MLD2,25.29863
HR_Spinup,1469,7,interior,MLD2,12.64113
HR_Spinup,1469,8,interior,MLD2,21.84732
HR_Spinup,1469,9,interior,MLD2,30.77196
HR_Spinup,1469,10,interior,MLD2,46.63867
HR_Spinup,1469,11,interior,MLD2,114.48111
HR_Spinup,1469,12,interior,MLD2,521.65474
HR_Spinup,1470,1,labsea,a_ice,0.31017
HR_Spinup,1470,2,labsea,a_ice,0.41452
HR_Spinup,1470,3,labsea,a_ice,0.40266
HR_Spinup,1470,4,labsea,a_ice,0.30413
HR_Spinup,1470,5,labsea,a_ice,0.14880
HR_Spinup,1470,6,labsea,a_ice,0.05053
HR_Spinup,1470,7,labsea,a_ice,0.00470
HR_Spinup,1470,8,labsea,a_ice,0.00002
HR_Spinup,1470,9,labsea,a_ice,0.00000
HR_Spinup,1470,10,labsea,a_ice,0.00000
HR_Spinup,1470,11,labsea,a_ice,0.01892
HR_Spinup,1470,12,labsea,a_ice,0.13006
HR_Spinup,1470,1,interior,a_ice,0.12626
HR_Spinup,1470,2,interior,a_ice,0.18588
HR_Spinup,1470,3,interior,a_ice,0.21080
HR_Spinup,1470,4,interior,a_ice,0.08205
HR_Spinup,1470,5,interior,a_ice,0.02658
HR_Spinup,1470,6,interior,a_ice,0.00022
HR_Spinup,1470,7,interior,a_ice,0.00000
HR_Spinup,1470,8,interior,a_ice,0.00000
HR_Spinup,1470,9,interior,a_ice,0.00000
HR_Spinup,1470,10,interior,a_ice,0.00000
HR_Spinup,1470,11,interior,a_ice,0.00001
HR_Spinup,1470,12,interior,a_ice,0.00300
HR_Spinup,1470,1,labsea,MLD2,982.90348
HR_Spinup,1470,2,labsea,MLD2,1079.53795
HR_Spinup,1470,3,labsea,MLD2,1078.82296
HR_Spinup,1470,4,labsea,MLD2,1083.86977
HR_Spinup,1470,5,labsea,MLD2,418.85505
HR_Spinup,1470,6,labsea,MLD2,21.58056
HR_Spinup,1470,7,labsea,MLD2,17.25850
HR_Spinup,1470,8,labsea,MLD2,18.15815
HR_Spinup,1470,9,labsea,MLD2,23.77823
HR_Spinup,1470,10,labsea,MLD2,33.21850
HR_Spinup,1470,11,labsea,MLD2,68.05062
HR_Spinup,1470,12,labsea,MLD2,234.99392
HR_Spinup,1470,1,interior,MLD2,1725.16910
HR_Spinup,1470,2,interior,MLD2,1671.06196
HR_Spinup,1470,3,interior,MLD2,1550.44106
HR_Spinup,1470,4,interior,MLD2,1762.82622
HR_Spinup,1470,5,interior,MLD2,712.71128
HR_Spinup,1470,6,interior,MLD2,26.32011
HR_Spinup,1470,7,interior,MLD2,21.05582
HR_Spinup,1470,8,interior,MLD2,20.35029
HR_Spinup,1470,9,interior,MLD2,29.63286
HR_Spinup,1470,10,interior,MLD2,43.22789
HR_Spinup,1470,11,interior,MLD2,94.82112
HR_Spinup,1470,12,interior,MLD2,432.04410
HR_Spinup,1471,1,labsea,a_ice,0.25636
HR_Spinup,1471,2,labsea,a_ice,0.33406
HR_Spinup,1471,3,labsea,a_ice,0.35459
HR_Spinup,1471,4,labsea,a_ice,0.25755
HR_Spinup,1471,5,labsea,a_ice,0.19250
HR_Spinup,1471,6,labsea,a_ice,0.05626
HR_Spinup,1471,7,labsea,a_ice,0.00344
HR_Spinup,1471,8,labsea,a_ice,0.00002
HR_Spinup,1471,9,labsea,a_ice,0.00000
HR_Spinup,1471,10,labsea,a_ice,0.00000
HR_Spinup,1471,11,labsea,a_ice,0.00607
HR_Spinup,1471,12,labsea,a_ice,0.11424
HR_Spinup,1471,1,interior,a_ice,0.07588
HR_Spinup,1471,2,interior,a_ice,0.15159
HR_Spinup,1471,3,interior,a_ice,0.13717
HR_Spinup,1471,4,interior,a_ice,0.05021
HR_Spinup,1471,5,interior,a_ice,0.05007
HR_Spinup,1471,6,interior,a_ice,0.00948
HR_Spinup,1471,7,interior,a_ice,0.00003
HR_Spinup,1471,8,interior,a_ice,0.00000
HR_Spinup,1471,9,interior,a_ice,0.00000
HR_Spinup,1471,10,interior,a_ice,0.00000
HR_Spinup,1471,11,interior,a_ice,0.00001
HR_Spinup,1471,12,interior,a_ice,0.00467
HR_Spinup,1471,1,labsea,MLD2,1017.11375
HR_Spinup,1471,2,labsea,MLD2,1155.37852
HR_Spinup,1471,3,labsea,MLD2,1178.76876
HR_Spinup,1471,4,labsea,MLD2,1053.07872
HR_Spinup,1471,5,labsea,MLD2,490.75667
HR_Spinup,1471,6,labsea,MLD2,20.70110
HR_Spinup,1471,7,labsea,MLD2,15.36692
HR_Spinup,1471,8,labsea,MLD2,14.20925
HR_Spinup,1471,9,labsea,MLD2,25.71774
HR_Spinup,1471,10,labsea,MLD2,48.01988
HR_Spinup,1471,11,labsea,MLD2,77.72697
HR_Spinup,1471,12,labsea,MLD2,355.54354
HR_Spinup,1471,1,interior,MLD2,1827.94332
HR_Spinup,1471,2,interior,MLD2,2011.84382
HR_Spinup,1471,3,interior,MLD2,2014.60716
HR_Spinup,1471,4,interior,MLD2,1957.10502
HR_Spinup,1471,5,interior,MLD2,873.44042
HR_Spinup,1471,6,interior,MLD2,25.58347
HR_Spinup,1471,7,interior,MLD2,17.30355
HR_Spinup,1471,8,interior,MLD2,15.67252
HR_Spinup,1471,9,interior,MLD2,30.93689
HR_Spinup,1471,10,interior,MLD2,61.01049
HR_Spinup,1471,11,interior,MLD2,98.13589
HR_Spinup,1471,12,interior,MLD2,625.85790
HR_Spinup,1472,1,labsea,a_ice,0.27536
HR_Spinup,1472,2,labsea,a_ice,0.35851
HR_Spinup,1472,3,labsea,a_ice,0.31575
HR_Spinup,1472,4,labsea,a_ice,0.23235
HR_Spinup,1472,5,labsea,a_ice,0.19338
HR_Spinup,1472,6,labsea,a_ice,0.08463
HR_Spinup,1472,7,labsea,a_ice,0.00662
HR_Spinup,1472,8,labsea,a_ice,0.00000
HR_Spinup,1472,9,labsea,a_ice,0.00000
HR_Spinup,1472,10,labsea,a_ice,0.00000
HR_Spinup,1472,11,labsea,a_ice,0.00213
HR_Spinup,1472,12,labsea,a_ice,0.11380
HR_Spinup,1472,1,interior,a_ice,0.08638
HR_Spinup,1472,2,interior,a_ice,0.12807
HR_Spinup,1472,3,interior,a_ice,0.10259
HR_Spinup,1472,4,interior,a_ice,0.03977
HR_Spinup,1472,5,interior,a_ice,0.04282
HR_Spinup,1472,6,interior,a_ice,0.01105
HR_Spinup,1472,7,interior,a_ice,0.00000
HR_Spinup,1472,8,interior,a_ice,0.00000
HR_Spinup,1472,9,interior,a_ice,0.00000
HR_Spinup,1472,10,interior,a_ice,0.00000
HR_Spinup,1472,11,interior,a_ice,0.00002
HR_Spinup,1472,12,interior,a_ice,0.01457
HR_Spinup,1472,1,labsea,MLD2,1142.61273
HR_Spinup,1472,2,labsea,MLD2,1270.96535
HR_Spinup,1472,3,labsea,MLD2,1222.76003
HR_Spinup,1472,4,labsea,MLD2,912.14763
HR_Spinup,1472,5,labsea,MLD2,457.84275
HR_Spinup,1472,6,labsea,MLD2,20.31048
HR_Spinup,1472,7,labsea,MLD2,14.46921
HR_Spinup,1472,8,labsea,MLD2,15.30476
HR_Spinup,1472,9,labsea,MLD2,24.98075
HR_Spinup,1472,10,labsea,MLD2,40.28152
HR_Spinup,1472,11,labsea,MLD2,68.65821
HR_Spinup,1472,12,labsea,MLD2,275.73501
HR_Spinup,1472,1,interior,MLD2,1820.96952
HR_Spinup,1472,2,interior,MLD2,2050.00790
HR_Spinup,1472,3,interior,MLD2,1996.61743
HR_Spinup,1472,4,interior,MLD2,1680.80879
HR_Spinup,1472,5,interior,MLD2,919.21361
HR_Spinup,1472,6,interior,MLD2,27.04779
HR_Spinup,1472,7,interior,MLD2,16.35472
HR_Spinup,1472,8,interior,MLD2,16.50878
HR_Spinup,1472,9,interior,MLD2,25.30442
HR_Spinup,1472,10,interior,MLD2,42.42387
HR_Spinup,1472,11,interior,MLD2,79.94175
HR_Spinup,1472,12,interior,MLD2,493.61109
HR_Spinup,1473,1,labsea,a_ice,0.25564
HR_Spinup,1473,2,labsea,a_ice,0.29054
HR_Spinup,1473,3,labsea,a_ice,0.31039
HR_Spinup,1473,4,labsea,a_ice,0.31340
HR_Spinup,1473,5,labsea,a_ice,0.19755
HR_Spinup,1473,6,labsea,a_ice,0.09993
HR_Spinup,1473,7,labsea,a_ice,0.01361
HR_Spinup,1473,8,labsea,a_ice,0.00009
HR_Spinup,1473,9,labsea,a_ice,0.00000
HR_Spinup,1473,10,labsea,a_ice,0.00017
HR_Spinup,1473,11,labsea,a_ice,0.00474
HR_Spinup,1473,12,labsea,a_ice,0.10137
HR_Spinup,1473,1,interior,a_ice,0.06862
HR_Spinup,1473,2,interior,a_ice,0.09807
HR_Spinup,1473,3,interior,a_ice,0.11886
HR_Spinup,1473,4,interior,a_ice,0.11779
HR_Spinup,1473,5,interior,a_ice,0.05167
HR_Spinup,1473,6,interior,a_ice,0.01653
HR_Spinup,1473,7,interior,a_ice,0.00080
HR_Spinup,1473,8,interior,a_ice,0.00000
HR_Spinup,1473,9,interior,a_ice,0.00000
HR_Spinup,1473,10,interior,a_ice,0.00000
HR_Spinup,1473,11,interior,a_ice,0.00029
HR_Spinup,1473,12,interior,a_ice,0.01066
HR_Spinup,1473,1,labsea,MLD2,1080.92887
HR_Spinup,1473,2,labsea,MLD2,1229.92609
HR_Spinup,1473,3,labsea,MLD2,1142.09844
HR_Spinup,1473,4,labsea,MLD2,963.94197
HR_Spinup,1473,5,labsea,MLD2,506.82442
HR_Spinup,1473,6,labsea,MLD2,32.16158
HR_Spinup,1473,7,labsea,MLD2,16.21826
HR_Spinup,1473,8,labsea,MLD2,24.28292
HR_Spinup,1473,9,labsea,MLD2,33.62840
HR_Spinup,1473,10,labsea,MLD2,57.02808
HR_Spinup,1473,11,labsea,MLD2,83.37990
HR_Spinup,1473,12,labsea,MLD2,257.00717
HR_Spinup,1473,1,interior,MLD2,1888.68460
HR_Spinup,1473,2,interior,MLD2,2074.34214
HR_Spinup,1473,3,interior,MLD2,1893.45842
HR_Spinup,1473,4,interior,MLD2,1428.75345
HR_Spinup,1473,5,interior,MLD2,708.32226
HR_Spinup,1473,6,interior,MLD2,35.88368
HR_Spinup,1473,7,interior,MLD2,19.32459
HR_Spinup,1473,8,interior,MLD2,29.46798
HR_Spinup,1473,9,interior,MLD2,42.61847
HR_Spinup,1473,10,interior,MLD2,67.68274
HR_Spinup,1473,11,interior,MLD2,110.03463
HR_Spinup,1473,12,interior,MLD2,453.55030
HR_Spinup,1474,1,labsea,a_ice,0.19832
HR_Spinup,1474,2,labsea,a_ice,0.22489
HR_Spinup,1474,3,labsea,a_ice,0.26029
HR_Spinup,1474,4,labsea,a_ice,0.26833
HR_Spinup,1474,5,labsea,a_ice,0.17820
HR_Spinup,1474,6,labsea,a_ice,0.05932
HR_Spinup,1474,7,labsea,a_ice,0.01644
HR_Spinup,1474,8,labsea,a_ice,0.00000
HR_Spinup,1474,9,labsea,a_ice,0.00000
HR_Spinup,1474,10,labsea,a_ice,0.00001
HR_Spinup,1474,11,labsea,a_ice,0.02994
HR_Spinup,1474,12,labsea,a_ice,0.11673
HR_Spinup,1474,1,interior,a_ice,0.03592
HR_Spinup,1474,2,interior,a_ice,0.04389
HR_Spinup,1474,3,interior,a_ice,0.05141
HR_Spinup,1474,4,interior,a_ice,0.06837
HR_Spinup,1474,5,interior,a_ice,0.02539
HR_Spinup,1474,6,interior,a_ice,0.00045
HR_Spinup,1474,7,interior,a_ice,0.00000
HR_Spinup,1474,8,interior,a_ice,0.00000
HR_Spinup,1474,9,interior,a_ice,0.00000
HR_Spinup,1474,10,interior,a_ice,0.00000
HR_Spinup,1474,11,interior,a_ice,0.00000
HR_Spinup,1474,12,interior,a_ice,0.00287
HR_Spinup,1474,1,labsea,MLD2,1148.40461
HR_Spinup,1474,2,labsea,MLD2,1352.28737
HR_Spinup,1474,3,labsea,MLD2,1305.21362
HR_Spinup,1474,4,labsea,MLD2,1146.37733
HR_Spinup,1474,5,labsea,MLD2,433.54550
HR_Spinup,1474,6,labsea,MLD2,27.81730
HR_Spinup,1474,7,labsea,MLD2,21.23001
HR_Spinup,1474,8,labsea,MLD2,18.90688
HR_Spinup,1474,9,labsea,MLD2,27.94496
HR_Spinup,1474,10,labsea,MLD2,49.46070
HR_Spinup,1474,11,labsea,MLD2,152.28427
HR_Spinup,1474,12,labsea,MLD2,598.87313
HR_Spinup,1474,1,interior,MLD2,2113.54548
HR_Spinup,1474,2,interior,MLD2,2310.97667
HR_Spinup,1474,3,interior,MLD2,2223.36641
HR_Spinup,1474,4,interior,MLD2,2079.23061
HR_Spinup,1474,5,interior,MLD2,901.88073
HR_Spinup,1474,6,interior,MLD2,38.44127
HR_Spinup,1474,7,interior,MLD2,26.43581
HR_Spinup,1474,8,interior,MLD2,21.17890
HR_Spinup,1474,9,interior,MLD2,32.74627
HR_Spinup,1474,10,interior,MLD2,57.92910
HR_Spinup,1474,11,interior,MLD2,241.90101
HR_Spinup,1474,12,interior,MLD2,1176.16223
HR_Spinup,1475,1,labsea,a_ice,0.26225
HR_Spinup,1475,2,labsea,a_ice,0.35058
HR_Spinup,1475,3,labsea,a_ice,0.32189
HR_Spinup,1475,4,labsea,a_ice,0.27605
HR_Spinup,1475,5,labsea,a_ice,0.19385
HR_Spinup,1475,6,labsea,a_ice,0.04680
HR_Spinup,1475,7,labsea,a_ice,0.00036
HR_Spinup,1475,8,labsea,a_ice,0.00000
HR_Spinup,1475,9,labsea,a_ice,0.00000
HR_Spinup,1475,10,labsea,a_ice,0.00000
HR_Spinup,1475,11,labsea,a_ice,0.00451
HR_Spinup,1475,12,labsea,a_ice,0.09603
HR_Spinup,1475,1,interior,a_ice,0.04606
HR_Spinup,1475,2,interior,a_ice,0.14525
HR_Spinup,1475,3,interior,a_ice,0.10489
HR_Spinup,1475,4,interior,a_ice,0.09361
HR_Spinup,1475,5,interior,a_ice,0.03795
HR_Spinup,1475,6,interior,a_ice,0.01040
HR_Spinup,1475,7,interior,a_ice,0.00000
HR_Spinup,1475,8,interior,a_ice,0.00000
HR_Spinup,1475,9,interior,a_ice,0.00000
HR_Spinup,1475,10,interior,a_ice,0.00000
HR_Spinup,1475,11,interior,a_ice,0.00000
HR_Spinup,1475,12,interior,a_ice,0.00385
HR_Spinup,1475,1,labsea,MLD2,1113.03536
HR_Spinup,1475,2,labsea,MLD2,1226.88664
HR_Spinup,1475,3,labsea,MLD2,1249.07816
HR_Spinup,1475,4,labsea,MLD2,1136.88841
HR_Spinup,1475,5,labsea,MLD2,593.93884
HR_Spinup,1475,6,labsea,MLD2,14.78418
HR_Spinup,1475,7,labsea,MLD2,11.17959
HR_Spinup,1475,8,labsea,MLD2,16.93896
HR_Spinup,1475,9,labsea,MLD2,28.20844
HR_Spinup,1475,10,labsea,MLD2,29.90709
HR_Spinup,1475,11,labsea,MLD2,71.69567
HR_Spinup,1475,12,labsea,MLD2,185.82862
HR_Spinup,1475,1,interior,MLD2,1921.31551
HR_Spinup,1475,2,interior,MLD2,1950.80620
HR_Spinup,1475,3,interior,MLD2,1952.34699
HR_Spinup,1475,4,interior,MLD2,1891.25872
HR_Spinup,1475,5,interior,MLD2,1071.75988
HR_Spinup,1475,6,interior,MLD2,18.22378
HR_Spinup,1475,7,interior,MLD2,12.10174
HR_Spinup,1475,8,interior,MLD2,19.90434
HR_Spinup,1475,9,interior,MLD2,31.73309
HR_Spinup,1475,10,interior,MLD2,35.59368
HR_Spinup,1475,11,interior,MLD2,93.31432
HR_Spinup,1475,12,interior,MLD2,314.51497
HR_Spinup,1476,1,labsea,a_ice,0.18967
HR_Spinup,1476,2,labsea,a_ice,0.22307
HR_Spinup,1476,3,labsea,a_ice,0.23691
HR_Spinup,1476,4,labsea,a_ice,0.23036
HR_Spinup,1476,5,labsea,a_ice,0.19098
HR_Spinup,1476,6,labsea,a_ice,0.07026
HR_Spinup,1476,7,labsea,a_ice,0.01017
HR_Spinup,1476,8,labsea,a_ice,0.00000
HR_Spinup,1476,9,labsea,a_ice,0.00000
HR_Spinup,1476,10,labsea,a_ice,0.00005
HR_Spinup,1476,11,labsea,a_ice,0.00991
HR_Spinup,1476,12,labsea,a_ice,0.10763
HR_Spinup,1476,1,interior,a_ice,0.01453
HR_Spinup,1476,2,interior,a_ice,0.03883
HR_Spinup,1476,3,interior,a_ice,0.04318
HR_Spinup,1476,4,interior,a_ice,0.04397
HR_Spinup,1476,5,interior,a_ice,0.03626
HR_Spinup,1476,6,interior,a_ice,0.00724
HR_Spinup,1476,7,interior,a_ice,0.00000
HR_Spinup,1476,8,interior,a_ice,0.00000
HR_Spinup,1476,9,interior,a_ice,0.00000
HR_Spinup,1476,10,interior,a_ice,0.00000
HR_Spinup,1476,11,interior,a_ice,0.00149
HR_Spinup,1476,12,interior,a_ice,0.00513
HR_Spinup,1476,1,labsea,MLD2,971.25538
HR_Spinup,1476,2,labsea,MLD2,1240.33518
HR_Spinup,1476,3,labsea,MLD2,1307.40996
HR_Spinup,1476,4,labsea,MLD2,1080.95607
HR_Spinup,1476,5,labsea,MLD2,492.27707
HR_Spinup,1476,6,labsea,MLD2,36.47598
HR_Spinup,1476,7,labsea,MLD2,20.13378
HR_Spinup,1476,8,labsea,MLD2,22.83252
HR_Spinup,1476,9,labsea,MLD2,25.75231
HR_Spinup,1476,10,labsea,MLD2,43.55800
HR_Spinup,1476,11,labsea,MLD2,75.37603
HR_Spinup,1476,12,labsea,MLD2,287.45525
HR_Spinup,1476,1,interior,MLD2,1846.84495
HR_Spinup,1476,2,interior,MLD2,2230.67886
HR_Spinup,1476,3,interior,MLD2,2277.22802
HR_Spinup,1476,4,interior,MLD2,2007.34374
HR_Spinup,1476,5,interior,MLD2,1026.47747
HR_Spinup,1476,6,interior,MLD2,47.37302
HR_Spinup,1476,7,interior,MLD2,23.70707
HR_Spinup,1476,8,interior,MLD2,27.74219
HR_Spinup,1476,9,interior,MLD2,32.31698
HR_Spinup,1476,10,interior,MLD2,54.52300
HR_Spinup,1476,11,interior,MLD2,95.64225
HR_Spinup,1476,12,interior,MLD2,544.53535
HR_Spinup,1477,1,labsea,a_ice,0.26411
HR_Spinup,1477,2,labsea,a_ice,0.35931
HR_Spinup,1477,3,labsea,a_ice,0.36524
HR_Spinup,1477,4,labsea,a_ice,0.32689
HR_Spinup,1477,5,labsea,a_ice,0.21850
HR_Spinup,1477,6,labsea,a_ice,0.09490
HR_Spinup,1477,7,labsea,a_ice,0.02774
HR_Spinup,1477,8,labsea,a_ice,0.00074
HR_Spinup,1477,9,labsea,a_ice,0.00000
HR_Spinup,1477,10,labsea,a_ice,0.00017
HR_Spinup,1477,11,labsea,a_ice,0.02648
HR_Spinup,1477,12,labsea,a_ice,0.12292
HR_Spinup,1477,1,interior,a_ice,0.10211
HR_Spinup,1477,2,interior,a_ice,0.18058
HR_Spinup,1477,3,interior,a_ice,0.15372
HR_Spinup,1477,4,interior,a_ice,0.14874
HR_Spinup,1477,5,interior,a_ice,0.05219
HR_Spinup,1477,6,interior,a_ice,0.00286
HR_Spinup,1477,7,interior,a_ice,0.00000
HR_Spinup,1477,8,interior,a_ice,0.00000
HR_Spinup,1477,9,interior,a_ice,0.00000
HR_Spinup,1477,10,interior,a_ice,0.00000
HR_Spinup,1477,11,interior,a_ice,0.00014
HR_Spinup,1477,12,interior,a_ice,0.00656
HR_Spinup,1477,1,labsea,MLD2,674.39817
HR_Spinup,1477,2,labsea,MLD2,943.92484
HR_Spinup,1477,3,labsea,MLD2,1045.90701
HR_Spinup,1477,4,labsea,MLD2,962.50238
HR_Spinup,1477,5,labsea,MLD2,383.21547
HR_Spinup,1477,6,labsea,MLD2,24.89186
HR_Spinup,1477,7,labsea,MLD2,17.44767
HR_Spinup,1477,8,labsea,MLD2,16.60352
HR_Spinup,1477,9,labsea,MLD2,22.56020
HR_Spinup,1477,10,labsea,MLD2,40.33238
HR_Spinup,1477,11,labsea,MLD2,76.02801
HR_Spinup,1477,12,labsea,MLD2,192.01366
HR_Spinup,1477,1,interior,MLD2,1229.63589
HR_Spinup,1477,2,interior,MLD2,1675.47471
HR_Spinup,1477,3,interior,MLD2,1762.14198
HR_Spinup,1477,4,interior,MLD2,1526.98958
HR_Spinup,1477,5,interior,MLD2,693.62131
HR_Spinup,1477,6,interior,MLD2,26.89496
HR_Spinup,1477,7,interior,MLD2,18.97551
HR_Spinup,1477,8,interior,MLD2,17.85888
HR_Spinup,1477,9,interior,MLD2,25.94024
HR_Spinup,1477,10,interior,MLD2,48.08198
HR_Spinup,1477,11,interior,MLD2,98.04269
HR_Spinup,1477,12,interior,MLD2,311.99752
HR_Spinup,1478,1,labsea,a_ice,0.21359
HR_Spinup,1478,2,labsea,a_ice,0.26652
HR_Spinup,1478,3,labsea,a_ice,0.26747
HR_Spinup,1478,4,labsea,a_ice,0.23260
HR_Spinup,1478,5,labsea,a_ice,0.14711
HR_Spinup,1478,6,labsea,a_ice,0.05199
HR_Spinup,1478,7,labsea,a_ice,0.01516
HR_Spinup,1478,8,labsea,a_ice,0.00036
HR_Spinup,1478,9,labsea,a_ice,0.00000
HR_Spinup,1478,10,labsea,a_ice,0.00057
HR_Spinup,1478,11,labsea,a_ice,0.03281
HR_Spinup,1478,12,labsea,a_ice,0.15524
HR_Spinup,1478,1,interior,a_ice,0.03858
HR_Spinup,1478,2,interior,a_ice,0.07335
HR_Spinup,1478,3,interior,a_ice,0.05584
HR_Spinup,1478,4,interior,a_ice,0.06985
HR_Spinup,1478,5,interior,a_ice,0.05344
HR_Spinup,1478,6,interior,a_ice,0.00454
HR_Spinup,1478,7,interior,a_ice,0.00000
HR_Spinup,1478,8,interior,a_ice,0.00000
HR_Spinup,1478,9,interior,a_ice,0.00000
HR_Spinup,1478,10,interior,a_ice,0.00000
HR_Spinup,1478,11,interior,a_ice,0.00004
HR_Spinup,1478,12,interior,a_ice,0.01995
HR_Spinup,1478,1,labsea,MLD2,741.76585
HR_Spinup,1478,2,labsea,MLD2,1139.68274
HR_Spinup,1478,3,labsea,MLD2,1147.71122
HR_Spinup,1478,4,labsea,MLD2,958.56893
HR_Spinup,1478,5,labsea,MLD2,388.97875
HR_Spinup,1478,6,labsea,MLD2,53.97164
HR_Spinup,1478,7,labsea,MLD2,17.16691
HR_Spinup,1478,8,labsea,MLD2,18.39898
HR_Spinup,1478,9,labsea,MLD2,26.31619
HR_Spinup,1478,10,labsea,MLD2,48.13339
HR_Spinup,1478,11,labsea,MLD2,84.76355
HR_Spinup,1478,12,labsea,MLD2,395.85322
HR_Spinup,1478,1,interior,MLD2,1555.68647
HR_Spinup,1478,2,interior,MLD2,2090.67966
HR_Spinup,1478,3,interior,MLD2,2084.60704
HR_Spinup,1478,4,interior,MLD2,1775.60267
HR_Spinup,1478,5,interior,MLD2,899.88909
HR_Spinup,1478,6,interior,MLD2,79.81830
HR_Spinup,1478,7,interior,MLD2,18.60434
HR_Spinup,1478,8,interior,MLD2,21.90147
HR_Spinup,1478,9,interior,MLD2,31.78383
HR_Spinup,1478,10,interior,MLD2,55.06159
HR_Spinup,1478,11,interior,MLD2,109.90757
HR_Spinup,1478,12,interior,MLD2,653.86841
HR_Spinup,1479,1,labsea,a_ice,0.27598
HR_Spinup,1479,2,labsea,a_ice,0.32270
HR_Spinup,1479,3,labsea,a_ice,0.36927
HR_Spinup,1479,4,labsea,a_ice,0.29522
HR_Spinup,1479,5,labsea,a_ice,0.14330
HR_Spinup,1479,6,labsea,a_ice,0.05082
HR_Spinup,1479,7,labsea,a_ice,0.00445
HR_Spinup,1479,8,labsea,a_ice,0.00000
HR_Spinup,1479,9,labsea,a_ice,0.00000
HR_Spinup,1479,10,labsea,a_ice,0.00003
HR_Spinup,1479,11,labsea,a_ice,0.03301
HR_Spinup,1479,12,labsea,a_ice,0.12903
HR_Spinup,1479,1,interior,a_ice,0.10894
HR_Spinup,1479,2,interior,a_ice,0.18740
HR_Spinup,1479,3,interior,a_ice,0.13580
HR_Spinup,1479,4,interior,a_ice,0.09733
HR_Spinup,1479,5,interior,a_ice,0.03283
HR_Spinup,1479,6,interior,a_ice,0.00019
HR_Spinup,1479,7,interior,a_ice,0.00000
HR_Spinup,1479,8,interior,a_ice,0.00000
HR_Spinup,1479,9,interior,a_ice,0.00000
HR_Spinup,1479,10,interior,a_ice,0.00000
HR_Spinup,1479,11,interior,a_ice,0.00006
HR_Spinup,1479,12,interior,a_ice,0.00539
HR_Spinup,1479,1,labsea,MLD2,1040.52817
HR_Spinup,1479,2,labsea,MLD2,958.53615
HR_Spinup,1479,3,labsea,MLD2,1037.37274
HR_Spinup,1479,4,labsea,MLD2,861.46738
HR_Spinup,1479,5,labsea,MLD2,151.21796
HR_Spinup,1479,6,labsea,MLD2,20.76417
HR_Spinup,1479,7,labsea,MLD2,16.70724
HR_Spinup,1479,8,labsea,MLD2,14.04059
HR_Spinup,1479,9,labsea,MLD2,22.47898
HR_Spinup,1479,10,labsea,MLD2,36.20140
HR_Spinup,1479,11,labsea,MLD2,69.61239
HR_Spinup,1479,12,labsea,MLD2,163.17120
HR_Spinup,1479,1,interior,MLD2,1530.50611
HR_Spinup,1479,2,interior,MLD2,1310.16030
HR_Spinup,1479,3,interior,MLD2,1620.21895
HR_Spinup,1479,4,interior,MLD2,1387.58198
HR_Spinup,1479,5,interior,MLD2,251.08398
HR_Spinup,1479,6,interior,MLD2,25.61727
HR_Spinup,1479,7,interior,MLD2,19.27425
HR_Spinup,1479,8,interior,MLD2,16.80409
HR_Spinup,1479,9,interior,MLD2,28.61868
HR_Spinup,1479,10,interior,MLD2,45.33994
HR_Spinup,1479,11,interior,MLD2,89.73616
HR_Spinup,1479,12,interior,MLD2,265.84124
HR_Spinup,1480,1,labsea,a_ice,0.23038
HR_Spinup,1480,2,labsea,a_ice,0.29683
HR_Spinup,1480,3,labsea,a_ice,0.25772
HR_Spinup,1480,4,labsea,a_ice,0.20302
HR_Spinup,1480,5,labsea,a_ice,0.14076
HR_Spinup,1480,6,labsea,a_ice,0.03404
HR_Spinup,1480,7,labsea,a_ice,0.00307
HR_Spinup,1480,8,labsea,a_ice,0.00000
HR_Spinup,1480,9,labsea,a_ice,0.00000
HR_Spinup,1480,10,labsea,a_ice,0.00113
HR_Spinup,1480,11,labsea,a_ice,0.01811
HR_Spinup,1480,12,labsea,a_ice,0.11773
HR_Spinup,1480,1,interior,a_ice,0.07609
HR_Spinup,1480,2,interior,a_ice,0.09227
HR_Spinup,1480,3,interior,a_ice,0.05268
HR_Spinup,1480,4,interior,a_ice,0.04666
HR_Spinup,1480,5,interior,a_ice,0.02157
HR_Spinup,1480,6,interior,a_ice,0.00402
HR_Spinup,1480,7,interior,a_ice,0.00007
HR_Spinup,1480,8,interior,a_ice,0.00000
HR_Spinup,1480,9,interior,a_ice,0.00000
HR_Spinup,1480,10,interior,a_ice,0.00000
HR_Spinup,1480,11,interior,a_ice,0.00001
HR_Spinup,1480,12,interior,a_ice,0.02228
HR_Spinup,1480,1,labsea,MLD2,457.98685
HR_Spinup,1480,2,labsea,MLD2,761.61165
HR_Spinup,1480,3,labsea,MLD2,736.26088
HR_Spinup,1480,4,labsea,MLD2,471.98835
HR_Spinup,1480,5,labsea,MLD2,82.08797
HR_Spinup,1480,6,labsea,MLD2,18.55344
HR_Spinup,1480,7,labsea,MLD2,18.99429
HR_Spinup,1480,8,labsea,MLD2,16.97437
HR_Spinup,1480,9,labsea,MLD2,27.53105
HR_Spinup,1480,10,labsea,MLD2,38.57787
HR_Spinup,1480,11,labsea,MLD2,54.64163
HR_Spinup,1480,12,labsea,MLD2,84.91111
HR_Spinup,1480,1,interior,MLD2,1037.65006
HR_Spinup,1480,2,interior,MLD2,1821.96863
HR_Spinup,1480,3,interior,MLD2,1813.66113
HR_Spinup,1480,4,interior,MLD2,1274.23765
HR_Spinup,1480,5,interior,MLD2,182.99444
HR_Spinup,1480,6,interior,MLD2,21.71247
HR_Spinup,1480,7,interior,MLD2,23.82233
HR_Spinup,1480,8,interior,MLD2,21.69507
HR_Spinup,1480,9,interior,MLD2,32.93016
HR_Spinup,1480,10,interior,MLD2,44.91800
HR_Spinup,1480,11,interior,MLD2,63.96599
HR_Spinup,1480,12,interior,MLD2,109.48398
HR_Spinup,1481,1,labsea,a_ice,0.24354
HR_Spinup,1481,2,labsea,a_ice,0.30751
HR_Spinup,1481,3,labsea,a_ice,0.33805
HR_Spinup,1481,4,labsea,a_ice,0.28688
HR_Spinup,1481,5,labsea,a_ice,0.20280
HR_Spinup,1481,6,labsea,a_ice,0.08948
HR_Spinup,1481,7,labsea,a_ice,0.02760
HR_Spinup,1481,8,labsea,a_ice,0.00275
HR_Spinup,1481,9,labsea,a_ice,0.00003
HR_Spinup,1481,10,labsea,a_ice,0.00002
HR_Spinup,1481,11,labsea,a_ice,0.03110
HR_Spinup,1481,12,labsea,a_ice,0.14957
HR_Spinup,1481,1,interior,a_ice,0.06287
HR_Spinup,1481,2,interior,a_ice,0.07669
HR_Spinup,1481,3,interior,a_ice,0.08710
HR_Spinup,1481,4,interior,a_ice,0.11911
HR_Spinup,1481,5,interior,a_ice,0.05456
HR_Spinup,1481,6,interior,a_ice,0.00878
HR_Spinup,1481,7,interior,a_ice,0.00000
HR_Spinup,1481,8,interior,a_ice,0.00000
HR_Spinup,1481,9,interior,a_ice,0.00000
HR_Spinup,1481,10,interior,a_ice,0.00000
HR_Spinup,1481,11,interior,a_ice,0.00002
HR_Spinup,1481,12,interior,a_ice,0.01569
HR_Spinup,1481,1,labsea,MLD2,203.24109
HR_Spinup,1481,2,labsea,MLD2,858.37262
HR_Spinup,1481,3,labsea,MLD2,963.78028
HR_Spinup,1481,4,labsea,MLD2,889.98432
HR_Spinup,1481,5,labsea,MLD2,344.49589
HR_Spinup,1481,6,labsea,MLD2,31.39660
HR_Spinup,1481,7,labsea,MLD2,21.77802
HR_Spinup,1481,8,labsea,MLD2,17.10838
HR_Spinup,1481,9,labsea,MLD2,29.46571
HR_Spinup,1481,10,labsea,MLD2,39.48025
HR_Spinup,1481,11,labsea,MLD2,77.86638
HR_Spinup,1481,12,labsea,MLD2,133.83500
HR_Spinup,1481,1,interior,MLD2,389.09400
HR_Spinup,1481,2,interior,MLD2,1601.48402
HR_Spinup,1481,3,interior,MLD2,1712.96892
HR_Spinup,1481,4,interior,MLD2,1532.20780
HR_Spinup,1481,5,interior,MLD2,614.28553
HR_Spinup,1481,6,interior,MLD2,34.67712
HR_Spinup,1481,7,interior,MLD2,27.31624
HR_Spinup,1481,8,interior,MLD2,20.21768
HR_Spinup,1481,9,interior,MLD2,35.63089
HR_Spinup,1481,10,interior,MLD2,48.35574
HR_Spinup,1481,11,interior,MLD2,107.34200
HR_Spinup,1481,12,interior,MLD2,211.43536
HR_Spinup,1482,1,labsea,a_ice,0.26133
HR_Spinup,1482,2,labsea,a_ice,0.30984
HR_Spinup,1482,3,labsea,a_ice,0.30903
HR_Spinup,1482,4,labsea,a_ice,0.25292
HR_Spinup,1482,5,labsea,a_ice,0.21073
HR_Spinup,1482,6,labsea,a_ice,0.09521
HR_Spinup,1482,7,labsea,a_ice,0.01400
HR_Spinup,1482,8,labsea,a_ice,0.00003
HR_Spinup,1482,9,labsea,a_ice,0.00000
HR_Spinup,1482,10,labsea,a_ice,0.00008
HR_Spinup,1482,11,labsea,a_ice,0.02165
HR_Spinup,1482,12,labsea,a_ice,0.12203
HR_Spinup,1482,1,interior,a_ice,0.05351
HR_Spinup,1482,2,interior,a_ice,0.06611
HR_Spinup,1482,3,interior,a_ice,0.11514
HR_Spinup,1482,4,interior,a_ice,0.05893
HR_Spinup,1482,5,interior,a_ice,0.06128
HR_Spinup,1482,6,interior,a_ice,0.01345
HR_Spinup,1482,7,interior,a_ice,0.00091
HR_Spinup,1482,8,interior,a_ice,0.00000
HR_Spinup,1482,9,interior,a_ice,0.00000
HR_Spinup,1482,10,interior,a_ice,0.00000
HR_Spinup,1482,11,interior,a_ice,0.00000
HR_Spinup,1482,12,interior,a_ice,0.01180
HR_Spinup,1482,1,labsea,MLD2,482.78026
HR_Spinup,1482,2,labsea,MLD2,1117.12403
HR_Spinup,1482,3,labsea,MLD2,918.82477
HR_Spinup,1482,4,labsea,MLD2,716.14059
HR_Spinup,1482,5,labsea,MLD2,416.72082
HR_Spinup,1482,6,labsea,MLD2,33.23905
HR_Spinup,1482,7,labsea,MLD2,18.67611
HR_Spinup,1482,8,labsea,MLD2,18.92638
HR_Spinup,1482,9,labsea,MLD2,27.78217
HR_Spinup,1482,10,labsea,MLD2,37.24591
HR_Spinup,1482,11,labsea,MLD2,74.69706
HR_Spinup,1482,12,labsea,MLD2,211.23907
HR_Spinup,1482,1,interior,MLD2,989.90705
HR_Spinup,1482,2,interior,MLD2,2091.85896
HR_Spinup,1482,3,interior,MLD2,1528.21129
HR_Spinup,1482,4,interior,MLD2,1326.56102
HR_Spinup,1482,5,interior,MLD2,876.08051
HR_Spinup,1482,6,interior,MLD2,44.36693
HR_Spinup,1482,7,interior,MLD2,21.91933
HR_Spinup,1482,8,interior,MLD2,23.53536
HR_Spinup,1482,9,interior,MLD2,33.01168
HR_Spinup,1482,10,interior,MLD2,47.42484
HR_Spinup,1482,11,interior,MLD2,97.09765
HR_Spinup,1482,12,interior,MLD2,381.96986
HR_Spinup,1483,1,labsea,a_ice,0.26204
HR_Spinup,1483,2,labsea,a_ice,0.26542
HR_Spinup,1483,3,labsea,a_ice,0.32191
HR_Spinup,1483,4,labsea,a_ice,0.31751
HR_Spinup,1483,5,labsea,a_ice,0.20935
HR_Spinup,1483,6,labsea,a_ice,0.09335
HR_Spinup,1483,7,labsea,a_ice,0.00698
HR_Spinup,1483,8,labsea,a_ice,0.00001
HR_Spinup,1483,9,labsea,a_ice,0.00000
HR_Spinup,1483,10,labsea,a_ice,0.00000
HR_Spinup,1483,11,labsea,a_ice,0.01472
HR_Spinup,1483,12,labsea,a_ice,0.14102
HR_Spinup,1483,1,interior,a_ice,0.02510
HR_Spinup,1483,2,interior,a_ice,0.05157
HR_Spinup,1483,3,interior,a_ice,0.10399
HR_Spinup,1483,4,interior,a_ice,0.09927
HR_Spinup,1483,5,interior,a_ice,0.04697
HR_Spinup,1483,6,interior,a_ice,0.00656
HR_Spinup,1483,7,interior,a_ice,0.00040
HR_Spinup,1483,8,interior,a_ice,0.00000
HR_Spinup,1483,9,interior,a_ice,0.00000
HR_Spinup,1483,10,interior,a_ice,0.00000
HR_Spinup,1483,11,interior,a_ice,0.00089
HR_Spinup,1483,12,interior,a_ice,0.01088
HR_Spinup,1483,1,labsea,MLD2,968.55990
HR_Spinup,1483,2,labsea,MLD2,1222.12160
HR_Spinup,1483,3,labsea,MLD2,1264.82829
HR_Spinup,1483,4,labsea,MLD2,1028.59153
HR_Spinup,1483,5,labsea,MLD2,353.65269
HR_Spinup,1483,6,labsea,MLD2,29.61664
HR_Spinup,1483,7,labsea,MLD2,20.34712
HR_Spinup,1483,8,labsea,MLD2,18.89761
HR_Spinup,1483,9,labsea,MLD2,28.41114
HR_Spinup,1483,10,labsea,MLD2,46.58961
HR_Spinup,1483,11,labsea,MLD2,103.96498
HR_Spinup,1483,12,labsea,MLD2,194.51909
HR_Spinup,1483,1,interior,MLD2,1864.04218
HR_Spinup,1483,2,interior,MLD2,2132.24310
HR_Spinup,1483,3,interior,MLD2,2116.96714
HR_Spinup,1483,4,interior,MLD2,1747.27031
HR_Spinup,1483,5,interior,MLD2,729.02136
HR_Spinup,1483,6,interior,MLD2,41.25961
HR_Spinup,1483,7,interior,MLD2,26.16173
HR_Spinup,1483,8,interior,MLD2,22.03397
HR_Spinup,1483,9,interior,MLD2,34.91603
HR_Spinup,1483,10,interior,MLD2,53.90836
HR_Spinup,1483,11,interior,MLD2,137.39794
HR_Spinup,1483,12,interior,MLD2,385.75844
HR_Spinup,1484,1,labsea,a_ice,0.24396
HR_Spinup,1484,2,labsea,a_ice,0.28597
HR_Spinup,1484,3,labsea,a_ice,0.27116
HR_Spinup,1484,4,labsea,a_ice,0.23810
HR_Spinup,1484,5,labsea,a_ice,0.19208
HR_Spinup,1484,6,labsea,a_ice,0.10734
HR_Spinup,1484,7,labsea,a_ice,0.01048
HR_Spinup,1484,8,labsea,a_ice,0.00000
HR_Spinup,1484,9,labsea,a_ice,0.00000
HR_Spinup,1484,10,labsea,a_ice,0.00000
HR_Spinup,1484,11,labsea,a_ice,0.00230
HR_Spinup,1484,12,labsea,a_ice,0.08655
HR_Spinup,1484,1,interior,a_ice,0.07753
HR_Spinup,1484,2,interior,a_ice,0.05805
HR_Spinup,1484,3,interior,a_ice,0.04731
HR_Spinup,1484,4,interior,a_ice,0.04961
HR_Spinup,1484,5,interior,a_ice,0.03041
HR_Spinup,1484,6,interior,a_ice,0.02037
HR_Spinup,1484,7,interior,a_ice,0.00046
HR_Spinup,1484,8,interior,a_ice,0.00000
HR_Spinup,1484,9,interior,a_ice,0.00000
HR_Spinup,1484,10,interior,a_ice,0.00000
HR_Spinup,1484,11,interior,a_ice,0.00000
HR_Spinup,1484,12,interior,a_ice,0.00234
HR_Spinup,1484,1,labsea,MLD2,709.72741
HR_Spinup,1484,2,labsea,MLD2,1223.15560
HR_Spinup,1484,3,labsea,MLD2,1241.64197
HR_Spinup,1484,4,labsea,MLD2,1101.21034
HR_Spinup,1484,5,labsea,MLD2,461.03424
HR_Spinup,1484,6,labsea,MLD2,64.94715
HR_Spinup,1484,7,labsea,MLD2,15.87247
HR_Spinup,1484,8,labsea,MLD2,18.79856
HR_Spinup,1484,9,labsea,MLD2,26.21876
HR_Spinup,1484,10,labsea,MLD2,39.41935
HR_Spinup,1484,11,labsea,MLD2,59.46189
HR_Spinup,1484,12,labsea,MLD2,150.74951
HR_Spinup,1484,1,interior,MLD2,1506.63608
HR_Spinup,1484,2,interior,MLD2,2156.44847
HR_Spinup,1484,3,interior,MLD2,2208.17616
HR_Spinup,1484,4,interior,MLD2,2062.43117
HR_Spinup,1484,5,interior,MLD2,1099.85537
HR_Spinup,1484,6,interior,MLD2,111.45022
HR_Spinup,1484,7,interior,MLD2,14.54089
HR_Spinup,1484,8,interior,MLD2,20.97786
HR_Spinup,1484,9,interior,MLD2,29.56239
HR_Spinup,1484,10,interior,MLD2,46.82684
HR_Spinup,1484,11,interior,MLD2,76.50267
HR_Spinup,1484,12,interior,MLD2,218.53062
HR_Spinup,1485,1,labsea,a_ice,0.20793
HR_Spinup,1485,2,labsea,a_ice,0.27739
HR_Spinup,1485,3,labsea,a_ice,0.27929
HR_Spinup,1485,4,labsea,a_ice,0.26199
HR_Spinup,1485,5,labsea,a_ice,0.16467
HR_Spinup,1485,6,labsea,a_ice,0.08587
HR_Spinup,1485,7,labsea,a_ice,0.02320
HR_Spinup,1485,8,labsea,a_ice,0.00330
HR_Spinup,1485,9,labsea,a_ice,0.00032
HR_Spinup,1485,10,labsea,a_ice,0.00101
HR_Spinup,1485,11,labsea,a_ice,0.03364
HR_Spinup,1485,12,labsea,a_ice,0.18133
HR_Spinup,1485,1,interior,a_ice,0.02594
HR_Spinup,1485,2,interior,a_ice,0.03808
HR_Spinup,1485,3,interior,a_ice,0.08999
HR_Spinup,1485,4,interior,a_ice,0.08928
HR_Spinup,1485,5,interior,a_ice,0.02179
HR_Spinup,1485,6,interior,a_ice,0.00701
HR_Spinup,1485,7,interior,a_ice,0.00000
HR_Spinup,1485,8,interior,a_ice,0.00000
HR_Spinup,1485,9,interior,a_ice,0.00000
HR_Spinup,1485,10,interior,a_ice,0.00027
HR_Spinup,1485,11,interior,a_ice,0.00135
HR_Spinup,1485,12,interior,a_ice,0.02440
HR_Spinup,1485,1,labsea,MLD2,655.57101
HR_Spinup,1485,2,labsea,MLD2,1239.17253
HR_Spinup,1485,3,labsea,MLD2,1111.06936
HR_Spinup,1485,4,labsea,MLD2,919.91448
HR_Spinup,1485,5,labsea,MLD2,265.11143
HR_Spinup,1485,6,labsea,MLD2,21.63776
HR_Spinup,1485,7,labsea,MLD2,19.84852
HR_Spinup,1485,8,labsea,MLD2,23.20768
HR_Spinup,1485,9,labsea,MLD2,29.84417
HR_Spinup,1485,10,labsea,MLD2,38.04069
HR_Spinup,1485,11,labsea,MLD2,54.46905
HR_Spinup,1485,12,labsea,MLD2,123.94241
HR_Spinup,1485,1,interior,MLD2,1249.80677
HR_Spinup,1485,2,interior,MLD2,2041.11894
HR_Spinup,1485,3,interior,MLD2,1833.32840
HR_Spinup,1485,4,interior,MLD2,1589.10838
HR_Spinup,1485,5,interior,MLD2,575.99319
HR_Spinup,1485,6,interior,MLD2,24.33686
HR_Spinup,1485,7,interior,MLD2,25.20280
HR_Spinup,1485,8,interior,MLD2,29.64261
HR_Spinup,1485,9,interior,MLD2,38.37289
HR_Spinup,1485,10,interior,MLD2,49.81813
HR_Spinup,1485,11,interior,MLD2,76.20403
HR_Spinup,1485,12,interior,MLD2,210.59898
HR_Spinup,1486,1,labsea,a_ice,0.29432
HR_Spinup,1486,2,labsea,a_ice,0.26713
HR_Spinup,1486,3,labsea,a_ice,0.29632
HR_Spinup,1486,4,labsea,a_ice,0.25202
HR_Spinup,1486,5,labsea,a_ice,0.18458
HR_Spinup,1486,6,labsea,a_ice,0.06572
HR_Spinup,1486,7,labsea,a_ice,0.00456
HR_Spinup,1486,8,labsea,a_ice,0.00000
HR_Spinup,1486,9,labsea,a_ice,0.00051
HR_Spinup,1486,10,labsea,a_ice,0.00370
HR_Spinup,1486,11,labsea,a_ice,0.04782
HR_Spinup,1486,12,labsea,a_ice,0.22288
HR_Spinup,1486,1,interior,a_ice,0.08183
HR_Spinup,1486,2,interior,a_ice,0.04795
HR_Spinup,1486,3,interior,a_ice,0.08180
HR_Spinup,1486,4,interior,a_ice,0.04871
HR_Spinup,1486,5,interior,a_ice,0.05763
HR_Spinup,1486,6,interior,a_ice,0.01736
HR_Spinup,1486,7,interior,a_ice,0.00060
HR_Spinup,1486,8,interior,a_ice,0.00000
HR_Spinup,1486,9,interior,a_ice,0.00001
HR_Spinup,1486,10,interior,a_ice,0.00018
HR_Spinup,1486,11,interior,a_ice,0.00115
HR_Spinup,1486,12,interior,a_ice,0.03563
HR_Spinup,1486,1,labsea,MLD2,531.58142
HR_Spinup,1486,2,labsea,MLD2,839.26849
HR_Spinup,1486,3,labsea,MLD2,918.53353
HR_Spinup,1486,4,labsea,MLD2,789.84598
HR_Spinup,1486,5,labsea,MLD2,314.40737
HR_Spinup,1486,6,labsea,MLD2,22.15008
HR_Spinup,1486,7,labsea,MLD2,15.00739
HR_Spinup,1486,8,labsea,MLD2,16.97550
HR_Spinup,1486,9,labsea,MLD2,21.01532
HR_Spinup,1486,10,labsea,MLD2,33.47277
HR_Spinup,1486,11,labsea,MLD2,71.70623
HR_Spinup,1486,12,labsea,MLD2,246.45484
HR_Spinup,1486,1,interior,MLD2,1154.48577
HR_Spinup,1486,2,interior,MLD2,1779.87293
HR_Spinup,1486,3,interior,MLD2,1785.89693
HR_Spinup,1486,4,interior,MLD2,1657.15337
HR_Spinup,1486,5,interior,MLD2,673.31382
HR_Spinup,1486,6,interior,MLD2,26.47313
HR_Spinup,1486,7,interior,MLD2,16.77640
HR_Spinup,1486,8,interior,MLD2,20.32574
HR_Spinup,1486,9,interior,MLD2,26.18201
HR_Spinup,1486,10,interior,MLD2,40.85961
HR_Spinup,1486,11,interior,MLD2,101.49904
HR_Spinup,1486,12,interior,MLD2,507.06023
HR_Spinup,1487,1,labsea,a_ice,0.32685
HR_Spinup,1487,2,labsea,a_ice,0.32966
HR_Spinup,1487,3,labsea,a_ice,0.33238
HR_Spinup,1487,4,labsea,a_ice,0.30557
HR_Spinup,1487,5,labsea,a_ice,0.19760
HR_Spinup,1487,6,labsea,a_ice,0.09077
HR_Spinup,1487,7,labsea,a_ice,0.02662
HR_Spinup,1487,8,labsea,a_ice,0.00056
HR_Spinup,1487,9,labsea,a_ice,0.00000
HR_Spinup,1487,10,labsea,a_ice,0.00021
HR_Spinup,1487,11,labsea,a_ice,0.03459
HR_Spinup,1487,12,labsea,a_ice,0.11092
HR_Spinup,1487,1,interior,a_ice,0.08004
HR_Spinup,1487,2,interior,a_ice,0.11397
HR_Spinup,1487,3,interior,a_ice,0.08403
HR_Spinup,1487,4,interior,a_ice,0.09371
HR_Spinup,1487,5,interior,a_ice,0.03893
HR_Spinup,1487,6,interior,a_ice,0.01283
HR_Spinup,1487,7,interior,a_ice,0.00004
HR_Spinup,1487,8,interior,a_ice,0.00000
HR_Spinup,1487,9,interior,a_ice,0.00000
HR_Spinup,1487,10,interior,a_ice,0.00000
HR_Spinup,1487,11,interior,a_ice,0.00007
HR_Spinup,1487,12,interior,a_ice,0.01323
HR_Spinup,1487,1,labsea,MLD2,759.09134
HR_Spinup,1487,2,labsea,MLD2,967.34156
HR_Spinup,1487,3,labsea,MLD2,1142.74114
HR_Spinup,1487,4,labsea,MLD2,1009.01047
HR_Spinup,1487,5,labsea,MLD2,465.22667
HR_Spinup,1487,6,labsea,MLD2,29.43994
HR_Spinup,1487,7,labsea,MLD2,20.31662
HR_Spinup,1487,8,labsea,MLD2,20.92295
HR_Spinup,1487,9,labsea,MLD2,28.02841
HR_Spinup,1487,10,labsea,MLD2,43.58737
HR_Spinup,1487,11,labsea,MLD2,89.54002
HR_Spinup,1487,12,labsea,MLD2,155.37774
HR_Spinup,1487,1,interior,MLD2,1625.20208
HR_Spinup,1487,2,interior,MLD2,1830.15086
HR_Spinup,1487,3,interior,MLD2,2044.60072
HR_Spinup,1487,4,interior,MLD2,1812.27023
HR_Spinup,1487,5,interior,MLD2,994.16526
HR_Spinup,1487,6,interior,MLD2,38.46563
HR_Spinup,1487,7,interior,MLD2,23.36992
HR_Spinup,1487,8,interior,MLD2,22.48825
HR_Spinup,1487,9,interior,MLD2,30.80180
HR_Spinup,1487,10,interior,MLD2,50.74098
HR_Spinup,1487,11,interior,MLD2,126.80838
HR_Spinup,1487,12,interior,MLD2,256.03327
HR_Spinup,1488,1,labsea,a_ice,0.23234
HR_Spinup,1488,2,labsea,a_ice,0.30760
HR_Spinup,1488,3,labsea,a_ice,0.30851
HR_Spinup,1488,4,labsea,a_ice,0.27865
HR_Spinup,1488,5,labsea,a_ice,0.15134
HR_Spinup,1488,6,labsea,a_ice,0.08436
HR_Spinup,1488,7,labsea,a_ice,0.01799
HR_Spinup,1488,8,labsea,a_ice,0.00037
HR_Spinup,1488,9,labsea,a_ice,0.00000
HR_Spinup,1488,10,labsea,a_ice,0.00002
HR_Spinup,1488,11,labsea,a_ice,0.02028
HR_Spinup,1488,12,labsea,a_ice,0.11244
HR_Spinup,1488,1,interior,a_ice,0.04519
HR_Spinup,1488,2,interior,a_ice,0.07998
HR_Spinup,1488,3,interior,a_ice,0.09723
HR_Spinup,1488,4,interior,a_ice,0.07992
HR_Spinup,1488,5,interior,a_ice,0.02860
HR_Spinup,1488,6,interior,a_ice,0.00074
HR_Spinup,1488,7,interior,a_ice,0.00001
HR_Spinup,1488,8,interior,a_ice,0.00000
HR_Spinup,1488,9,interior,a_ice,0.00000
HR_Spinup,1488,10,interior,a_ice,0.00000
HR_Spinup,1488,11,interior,a_ice,0.00000
HR_Spinup,1488,12,interior,a_ice,0.00478
HR_Spinup,1488,1,labsea,MLD2,728.07625
HR_Spinup,1488,2,labsea,MLD2,1270.99000
HR_Spinup,1488,3,labsea,MLD2,1320.35230
HR_Spinup,1488,4,labsea,MLD2,1140.39766
HR_Spinup,1488,5,labsea,MLD2,443.15693
HR_Spinup,1488,6,labsea,MLD2,75.31076
HR_Spinup,1488,7,labsea,MLD2,16.78788
HR_Spinup,1488,8,labsea,MLD2,16.92382
HR_Spinup,1488,9,labsea,MLD2,25.96174
HR_Spinup,1488,10,labsea,MLD2,48.72688
HR_Spinup,1488,11,labsea,MLD2,116.95980
HR_Spinup,1488,12,labsea,MLD2,422.44575
HR_Spinup,1488,1,interior,MLD2,1435.93893
HR_Spinup,1488,2,interior,MLD2,2246.11608
HR_Spinup,1488,3,interior,MLD2,2180.48183
HR_Spinup,1488,4,interior,MLD2,1964.10996
HR_Spinup,1488,5,interior,MLD2,923.20027
HR_Spinup,1488,6,interior,MLD2,151.24449
HR_Spinup,1488,7,interior,MLD2,20.54839
HR_Spinup,1488,8,interior,MLD2,20.15836
HR_Spinup,1488,9,interior,MLD2,30.92823
HR_Spinup,1488,10,interior,MLD2,62.74178
HR_Spinup,1488,11,interior,MLD2,194.53325
HR_Spinup,1488,12,interior,MLD2,942.47065
HR_Spinup,1489,1,labsea,a_ice,0.24656
HR_Spinup,1489,2,labsea,a_ice,0.28180
HR_Spinup,1489,3,labsea,a_ice,0.32566
HR_Spinup,1489,4,labsea,a_ice,0.31212
HR_Spinup,1489,5,labsea,a_ice,0.17448
HR_Spinup,1489,6,labsea,a_ice,0.11463
HR_Spinup,1489,7,labsea,a_ice,0.04228
HR_Spinup,1489,8,labsea,a_ice,0.00032
HR_Spinup,1489,9,labsea,a_ice,0.00000
HR_Spinup,1489,10,labsea,a_ice,0.00072
HR_Spinup,1489,11,labsea,a_ice,0.05890
HR_Spinup,1489,12,labsea,a_ice,0.16966
HR_Spinup,1489,1,interior,a_ice,0.06448
HR_Spinup,1489,2,interior,a_ice,0.05997
HR_Spinup,1489,3,interior,a_ice,0.10470
HR_Spinup,1489,4,interior,a_ice,0.13612
HR_Spinup,1489,5,interior,a_ice,0.06485
HR_Spinup,1489,6,interior,a_ice,0.00782
HR_Spinup,1489,7,interior,a_ice,0.00081
HR_Spinup,1489,8,interior,a_ice,0.00000
HR_Spinup,1489,9,interior,a_ice,0.00000
HR_Spinup,1489,10,interior,a_ice,0.00002
HR_Spinup,1489,11,interior,a_ice,0.00258
HR_Spinup,1489,12,interior,a_ice,0.03305
HR_Spinup,1489,1,labsea,MLD2,1090.65528
HR_Spinup,1489,2,labsea,MLD2,1293.05238
HR_Spinup,1489,3,labsea,MLD2,1289.86041
HR_Spinup,1489,4,labsea,MLD2,1131.64068
HR_Spinup,1489,5,labsea,MLD2,686.29701
HR_Spinup,1489,6,labsea,MLD2,35.48570
HR_Spinup,1489,7,labsea,MLD2,18.27740
HR_Spinup,1489,8,labsea,MLD2,18.12047
HR_Spinup,1489,9,labsea,MLD2,25.64842
HR_Spinup,1489,10,labsea,MLD2,54.47050
HR_Spinup,1489,11,labsea,MLD2,118.29570
HR_Spinup,1489,12,labsea,MLD2,439.38895
HR_Spinup,1489,1,interior,MLD2,2042.82720
HR_Spinup,1489,2,interior,MLD2,2126.14939
HR_Spinup,1489,3,interior,MLD2,2071.66504
HR_Spinup,1489,4,interior,MLD2,1747.81424
HR_Spinup,1489,5,interior,MLD2,1101.15308
HR_Spinup,1489,6,interior,MLD2,41.18506
HR_Spinup,1489,7,interior,MLD2,20.79476
HR_Spinup,1489,8,interior,MLD2,22.27030
HR_Spinup,1489,9,interior,MLD2,31.62998
HR_Spinup,1489,10,interior,MLD2,65.63125
HR_Spinup,1489,11,interior,MLD2,175.29180
HR_Spinup,1489,12,interior,MLD2,998.57563
HR_Spinup,1490,1,labsea,a_ice,0.31266
HR_Spinup,1490,2,labsea,a_ice,0.28799
HR_Spinup,1490,3,labsea,a_ice,0.27576
HR_Spinup,1490,4,labsea,a_ice,0.21519
HR_Spinup,1490,5,labsea,a_ice,0.10960
HR_Spinup,1490,6,labsea,a_ice,0.04824
HR_Spinup,1490,7,labsea,a_ice,0.01171
HR_Spinup,1490,8,labsea,a_ice,0.00005
HR_Spinup,1490,9,labsea,a_ice,0.00000
HR_Spinup,1490,10,labsea,a_ice,0.00018
HR_Spinup,1490,11,labsea,a_ice,0.04789
HR_Spinup,1490,12,labsea,a_ice,0.16770
HR_Spinup,1490,1,interior,a_ice,0.08115
HR_Spinup,1490,2,interior,a_ice,0.06966
HR_Spinup,1490,3,interior,a_ice,0.06977
HR_Spinup,1490,4,interior,a_ice,0.04547
HR_Spinup,1490,5,interior,a_ice,0.04008
HR_Spinup,1490,6,interior,a_ice,0.00284
HR_Spinup,1490,7,interior,a_ice,0.00000
HR_Spinup,1490,8,interior,a_ice,0.00000
HR_Spinup,1490,9,interior,a_ice,0.00000
HR_Spinup,1490,10,interior,a_ice,0.00000
HR_Spinup,1490,11,interior,a_ice,0.00020
HR_Spinup,1490,12,interior,a_ice,0.02834
HR_Spinup,1490,1,labsea,MLD2,1124.86960
HR_Spinup,1490,2,labsea,MLD2,1316.66153
HR_Spinup,1490,3,labsea,MLD2,1367.97830
HR_Spinup,1490,4,labsea,MLD2,1340.12115
HR_Spinup,1490,5,labsea,MLD2,492.16282
HR_Spinup,1490,6,labsea,MLD2,34.22000
HR_Spinup,1490,7,labsea,MLD2,21.32543
HR_Spinup,1490,8,labsea,MLD2,22.82670
HR_Spinup,1490,9,labsea,MLD2,30.23092
HR_Spinup,1490,10,labsea,MLD2,43.69025
HR_Spinup,1490,11,labsea,MLD2,91.11104
HR_Spinup,1490,12,labsea,MLD2,651.90724
HR_Spinup,1490,1,interior,MLD2,1955.38078
HR_Spinup,1490,2,interior,MLD2,2094.78522
HR_Spinup,1490,3,interior,MLD2,2133.89586
HR_Spinup,1490,4,interior,MLD2,2093.12030
HR_Spinup,1490,5,interior,MLD2,1007.02536
HR_Spinup,1490,6,interior,MLD2,42.97751
HR_Spinup,1490,7,interior,MLD2,24.23578
HR_Spinup,1490,8,interior,MLD2,25.79113
HR_Spinup,1490,9,interior,MLD2,35.07108
HR_Spinup,1490,10,interior,MLD2,51.73545
HR_Spinup,1490,11,interior,MLD2,127.87979
HR_Spinup,1490,12,interior,MLD2,1283.12821
HR_Spinup,1491,1,labsea,a_ice,0.31507
HR_Spinup,1491,2,labsea,a_ice,0.38233
HR_Spinup,1491,3,labsea,a_ice,0.39788
HR_Spinup,1491,4,labsea,a_ice,0.38233
HR_Spinup,1491,5,labsea,a_ice,0.23810
HR_Spinup,1491,6,labsea,a_ice,0.08493
HR_Spinup,1491,7,labsea,a_ice,0.01231
HR_Spinup,1491,8,labsea,a_ice,0.00021
HR_Spinup,1491,9,labsea,a_ice,0.00000
HR_Spinup,1491,10,labsea,a_ice,0.00006
HR_Spinup,1491,11,labsea,a_ice,0.01592
HR_Spinup,1491,12,labsea,a_ice,0.17476
HR_Spinup,1491,1,interior,a_ice,0.13843
HR_Spinup,1491,2,interior,a_ice,0.22001
HR_Spinup,1491,3,interior,a_ice,0.29313
HR_Spinup,1491,4,interior,a_ice,0.20950
HR_Spinup,1491,5,interior,a_ice,0.09034
HR_Spinup,1491,6,interior,a_ice,0.00414
HR_Spinup,1491,7,interior,a_ice,0.00030
HR_Spinup,1491,8,interior,a_ice,0.00000
HR_Spinup,1491,9,interior,a_ice,0.00000
HR_Spinup,1491,10,interior,a_ice,0.00000
HR_Spinup,1491,11,interior,a_ice,0.00000
HR_Spinup,1491,12,interior,a_ice,0.02026
HR_Spinup,1491,1,labsea,MLD2,1107.31517
HR_Spinup,1491,2,labsea,MLD2,1100.82268
HR_Spinup,1491,3,labsea,MLD2,1033.75780
HR_Spinup,1491,4,labsea,MLD2,850.52270
HR_Spinup,1491,5,labsea,MLD2,272.44802
HR_Spinup,1491,6,labsea,MLD2,22.96877
HR_Spinup,1491,7,labsea,MLD2,16.16100
HR_Spinup,1491,8,labsea,MLD2,17.64354
HR_Spinup,1491,9,labsea,MLD2,27.51660
HR_Spinup,1491,10,labsea,MLD2,35.82016
HR_Spinup,1491,11,labsea,MLD2,92.52144
HR_Spinup,1491,12,labsea,MLD2,505.78289
HR_Spinup,1491,1,interior,MLD2,1722.71062
HR_Spinup,1491,2,interior,MLD2,1499.35329
HR_Spinup,1491,3,interior,MLD2,1337.83595
HR_Spinup,1491,4,interior,MLD2,1151.85675
HR_Spinup,1491,5,interior,MLD2,390.73869
HR_Spinup,1491,6,interior,MLD2,26.91584
HR_Spinup,1491,7,interior,MLD2,18.99473
HR_Spinup,1491,8,interior,MLD2,23.07945
HR_Spinup,1491,9,interior,MLD2,34.29008
HR_Spinup,1491,10,interior,MLD2,42.15460
HR_Spinup,1491,11,interior,MLD2,135.08521
HR_Spinup,1491,12,interior,MLD2,921.54015
HR_Spinup,1492,1,labsea,a_ice,0.32370
HR_Spinup,1492,2,labsea,a_ice,0.37470
HR_Spinup,1492,3,labsea,a_ice,0.35561
HR_Spinup,1492,4,labsea,a_ice,0.30456
HR_Spinup,1492,5,labsea,a_ice,0.22001
HR_Spinup,1492,6,labsea,a_ice,0.09901
HR_Spinup,1492,7,labsea,a_ice,0.02787
HR_Spinup,1492,8,labsea,a_ice,0.00083
HR_Spinup,1492,9,labsea,a_ice,0.00000
HR_Spinup,1492,10,labsea,a_ice,0.00000
HR_Spinup,1492,11,labsea,a_ice,0.02293
HR_Spinup,1492,12,labsea,a_ice,0.15093
HR_Spinup,1492,1,interior,a_ice,0.11380
HR_Spinup,1492,2,interior,a_ice,0.16963
HR_Spinup,1492,3,interior,a_ice,0.14444
HR_Spinup,1492,4,interior,a_ice,0.10207
HR_Spinup,1492,5,interior,a_ice,0.05322
HR_Spinup,1492,6,interior,a_ice,0.00921
HR_Spinup,1492,7,interior,a_ice,0.00018
HR_Spinup,1492,8,interior,a_ice,0.00000
HR_Spinup,1492,9,interior,a_ice,0.00000
HR_Spinup,1492,10,interior,a_ice,0.00000
HR_Spinup,1492,11,interior,a_ice,0.00004
HR_Spinup,1492,12,interior,a_ice,0.03612
HR_Spinup,1492,1,labsea,MLD2,1095.24962
HR_Spinup,1492,2,labsea,MLD2,1112.24991
HR_Spinup,1492,3,labsea,MLD2,1042.90727
HR_Spinup,1492,4,labsea,MLD2,940.98330
HR_Spinup,1492,5,labsea,MLD2,520.17762
HR_Spinup,1492,6,labsea,MLD2,27.36196
HR_Spinup,1492,7,labsea,MLD2,18.63596
HR_Spinup,1492,8,labsea,MLD2,21.40868
HR_Spinup,1492,9,labsea,MLD2,27.39055
HR_Spinup,1492,10,labsea,MLD2,51.25151
HR_Spinup,1492,11,labsea,MLD2,144.99275
HR_Spinup,1492,12,labsea,MLD2,580.65382
HR_Spinup,1492,1,interior,MLD2,1887.50198
HR_Spinup,1492,2,interior,MLD2,1823.78405
HR_Spinup,1492,3,interior,MLD2,1856.95101
HR_Spinup,1492,4,interior,MLD2,1787.02024
HR_Spinup,1492,5,interior,MLD2,931.76117
HR_Spinup,1492,6,interior,MLD2,29.76959
HR_Spinup,1492,7,interior,MLD2,21.47979
HR_Spinup,1492,8,interior,MLD2,28.05996
HR_Spinup,1492,9,interior,MLD2,34.62315
HR_Spinup,1492,10,interior,MLD2,55.78825
HR_Spinup,1492,11,interior,MLD2,216.23630
HR_Spinup,1492,12,interior,MLD2,1132.91334
HR_Spinup,1493,1,labsea,a_ice,0.23090
HR_Spinup,1493,2,labsea,a_ice,0.23186
HR_Spinup,1493,3,labsea,a_ice,0.25677
HR_Spinup,1493,4,labsea,a_ice,0.20876
HR_Spinup,1493,5,labsea,a_ice,0.16884
HR_Spinup,1493,6,labsea,a_ice,0.09257
HR_Spinup,1493,7,labsea,a_ice,0.00625
HR_Spinup,1493,8,labsea,a_ice,0.00000
HR_Spinup,1493,9,labsea,a_ice,0.00000
HR_Spinup,1493,10,labsea,a_ice,0.00000
HR_Spinup,1493,11,labsea,a_ice,0.00980
HR_Spinup,1493,12,labsea,a_ice,0.07586
HR_Spinup,1493,1,interior,a_ice,0.03801
HR_Spinup,1493,2,interior,a_ice,0.05287
HR_Spinup,1493,3,interior,a_ice,0.05758
HR_Spinup,1493,4,interior,a_ice,0.04726
HR_Spinup,1493,5,interior,a_ice,0.00709
HR_Spinup,1493,6,interior,a_ice,0.00479
HR_Spinup,1493,7,interior,a_ice,0.00000
HR_Spinup,1493,8,interior,a_ice,0.00000
HR_Spinup,1493,9,interior,a_ice,0.00000
HR_Spinup,1493,10,interior,a_ice,0.00000
HR_Spinup,1493,11,interior,a_ice,0.00000
HR_Spinup,1493,12,interior,a_ice,0.00250
HR_Spinup,1493,1,labsea,MLD2,1227.25778
HR_Spinup,1493,2,labsea,MLD2,1297.27568
HR_Spinup,1493,3,labsea,MLD2,1337.08352
HR_Spinup,1493,4,labsea,MLD2,1008.25008
HR_Spinup,1493,5,labsea,MLD2,489.82540
HR_Spinup,1493,6,labsea,MLD2,28.14491
HR_Spinup,1493,7,labsea,MLD2,19.09899
HR_Spinup,1493,8,labsea,MLD2,20.75409
HR_Spinup,1493,9,labsea,MLD2,27.72939
HR_Spinup,1493,10,labsea,MLD2,39.71587
HR_Spinup,1493,11,labsea,MLD2,75.22094
HR_Spinup,1493,12,labsea,MLD2,154.77186
HR_Spinup,1493,1,interior,MLD2,2183.25653
HR_Spinup,1493,2,interior,MLD2,2103.67184
HR_Spinup,1493,3,interior,MLD2,2215.80515
HR_Spinup,1493,4,interior,MLD2,1828.18180
HR_Spinup,1493,5,interior,MLD2,1145.57800
HR_Spinup,1493,6,interior,MLD2,33.16497
HR_Spinup,1493,7,interior,MLD2,23.13130
HR_Spinup,1493,8,interior,MLD2,26.14642
HR_Spinup,1493,9,interior,MLD2,32.58531
HR_Spinup,1493,10,interior,MLD2,45.45824
HR_Spinup,1493,11,interior,MLD2,93.19298
HR_Spinup,1493,12,interior,MLD2,234.31109
HR_Spinup,1494,1,labsea,a_ice,0.14867
HR_Spinup,1494,2,labsea,a_ice,0.20780
HR_Spinup,1494,3,labsea,a_ice,0.26028
HR_Spinup,1494,4,labsea,a_ice,0.26101
HR_Spinup,1494,5,labsea,a_ice,0.21318
HR_Spinup,1494,6,labsea,a_ice,0.08823
HR_Spinup,1494,7,labsea,a_ice,0.01276
HR_Spinup,1494,8,labsea,a_ice,0.00002
HR_Spinup,1494,9,labsea,a_ice,0.00000
HR_Spinup,1494,10,labsea,a_ice,0.00004
HR_Spinup,1494,11,labsea,a_ice,0.04443
HR_Spinup,1494,12,labsea,a_ice,0.16189
HR_Spinup,1494,1,interior,a_ice,0.00448
HR_Spinup,1494,2,interior,a_ice,0.02642
HR_Spinup,1494,3,interior,a_ice,0.04863
HR_Spinup,1494,4,interior,a_ice,0.07654
HR_Spinup,1494,5,interior,a_ice,0.05365
HR_Spinup,1494,6,interior,a_ice,0.01167
HR_Spinup,1494,7,interior,a_ice,0.00095
HR_Spinup,1494,8,interior,a_ice,0.00000
HR_Spinup,1494,9,interior,a_ice,0.00000
HR_Spinup,1494,10,interior,a_ice,0.00000
HR_Spinup,1494,11,interior,a_ice,0.00136
HR_Spinup,1494,12,interior,a_ice,0.05172
HR_Spinup,1494,1,labsea,MLD2,490.58651
HR_Spinup,1494,2,labsea,MLD2,1158.39582
HR_Spinup,1494,3,labsea,MLD2,1369.57682
HR_Spinup,1494,4,labsea,MLD2,1286.68793
HR_Spinup,1494,5,labsea,MLD2,886.12825
HR_Spinup,1494,6,labsea,MLD2,51.23648
HR_Spinup,1494,7,labsea,MLD2,18.84271
HR_Spinup,1494,8,labsea,MLD2,19.86826
HR_Spinup,1494,9,labsea,MLD2,29.77674
HR_Spinup,1494,10,labsea,MLD2,56.54543
HR_Spinup,1494,11,labsea,MLD2,106.74879
HR_Spinup,1494,12,labsea,MLD2,231.73869
HR_Spinup,1494,1,interior,MLD2,1056.10466
HR_Spinup,1494,2,interior,MLD2,2131.09736
HR_Spinup,1494,3,interior,MLD2,2167.80227
HR_Spinup,1494,4,interior,MLD2,1986.97152
HR_Spinup,1494,5,interior,MLD2,1415.04526
HR_Spinup,1494,6,interior,MLD2,98.14542
HR_Spinup,1494,7,interior,MLD2,23.79220
HR_Spinup,1494,8,interior,MLD2,23.10076
HR_Spinup,1494,9,interior,MLD2,34.05968
HR_Spinup,1494,10,interior,MLD2,68.60757
HR_Spinup,1494,11,interior,MLD2,146.20064
HR_Spinup,1494,12,interior,MLD2,424.66216
HR_Spinup,1495,1,labsea,a_ice,0.21811
HR_Spinup,1495,2,labsea,a_ice,0.22112
HR_Spinup,1495,3,labsea,a_ice,0.23398
HR_Spinup,1495,4,labsea,a_ice,0.19794
HR_Spinup,1495,5,labsea,a_ice,0.17963
HR_Spinup,1495,6,labsea,a_ice,0.11878
HR_Spinup,1495,7,labsea,a_ice,0.02849
HR_Spinup,1495,8,labsea,a_ice,0.00046
HR_Spinup,1495,9,labsea,a_ice,0.00000
HR_Spinup,1495,10,labsea,a_ice,0.00068
HR_Spinup,1495,11,labsea,a_ice,0.01079
HR_Spinup,1495,12,labsea,a_ice,0.10446
HR_Spinup,1495,1,interior,a_ice,0.02754
HR_Spinup,1495,2,interior,a_ice,0.04535
HR_Spinup,1495,3,interior,a_ice,0.05729
HR_Spinup,1495,4,interior,a_ice,0.02973
HR_Spinup,1495,5,interior,a_ice,0.02844
HR_Spinup,1495,6,interior,a_ice,0.00167
HR_Spinup,1495,7,interior,a_ice,0.00016
HR_Spinup,1495,8,interior,a_ice,0.00000
HR_Spinup,1495,9,interior,a_ice,0.00000
HR_Spinup,1495,10,interior,a_ice,0.00003
HR_Spinup,1495,11,interior,a_ice,0.00034
HR_Spinup,1495,12,interior,a_ice,0.00192
HR_Spinup,1495,1,labsea,MLD2,938.92011
HR_Spinup,1495,2,labsea,MLD2,1277.34077
HR_Spinup,1495,3,labsea,MLD2,1333.45319
HR_Spinup,1495,4,labsea,MLD2,1018.28513
HR_Spinup,1495,5,labsea,MLD2,869.58548
HR_Spinup,1495,6,labsea,MLD2,42.17042
HR_Spinup,1495,7,labsea,MLD2,21.93040
HR_Spinup,1495,8,labsea,MLD2,19.46630
HR_Spinup,1495,9,labsea,MLD2,26.97650
HR_Spinup,1495,10,labsea,MLD2,52.51808
HR_Spinup,1495,11,labsea,MLD2,85.37621
HR_Spinup,1495,12,labsea,MLD2,190.84731
HR_Spinup,1495,1,interior,MLD2,1767.91029
HR_Spinup,1495,2,interior,MLD2,2103.52719
HR_Spinup,1495,3,interior,MLD2,2164.00455
HR_Spinup,1495,4,interior,MLD2,1990.18171
HR_Spinup,1495,5,interior,MLD2,1578.59124
HR_Spinup,1495,6,interior,MLD2,66.54353
HR_Spinup,1495,7,interior,MLD2,27.69215
HR_Spinup,1495,8,interior,MLD2,25.17302
HR_Spinup,1495,9,interior,MLD2,35.17857
HR_Spinup,1495,10,interior,MLD2,60.64266
HR_Spinup,1495,11,interior,MLD2,108.54297
HR_Spinup,1495,12,interior,MLD2,297.11416
HR_Spinup,1496,1,labsea,a_ice,0.23270
HR_Spinup,1496,2,labsea,a_ice,0.30128
HR_Spinup,1496,3,labsea,a_ice,0.34959
HR_Spinup,1496,4,labsea,a_ice,0.30841
HR_Spinup,1496,5,labsea,a_ice,0.20875
HR_Spinup,1496,6,labsea,a_ice,0.08437
HR_Spinup,1496,7,labsea,a_ice,0.00515
HR_Spinup,1496,8,labsea,a_ice,0.00000
HR_Spinup,1496,9,labsea,a_ice,0.00000
HR_Spinup,1496,10,labsea,a_ice,0.00000
HR_Spinup,1496,11,labsea,a_ice,0.02686
HR_Spinup,1496,12,labsea,a_ice,0.17010
HR_Spinup,1496,1,interior,a_ice,0.04579
HR_Spinup,1496,2,interior,a_ice,0.11012
HR_Spinup,1496,3,interior,a_ice,0.18652
HR_Spinup,1496,4,interior,a_ice,0.10905
HR_Spinup,1496,5,interior,a_ice,0.03470
HR_Spinup,1496,6,interior,a_ice,0.00635
HR_Spinup,1496,7,interior,a_ice,0.00002
HR_Spinup,1496,8,interior,a_ice,0.00000
HR_Spinup,1496,9,interior,a_ice,0.00000
HR_Spinup,1496,10,interior,a_ice,0.00000
HR_Spinup,1496,11,interior,a_ice,0.00101
HR_Spinup,1496,12,interior,a_ice,0.02784
HR_Spinup,1496,1,labsea,MLD2,822.80724
HR_Spinup,1496,2,labsea,MLD2,1177.60250
HR_Spinup,1496,3,labsea,MLD2,1253.59906
HR_Spinup,1496,4,labsea,MLD2,1169.50296
HR_Spinup,1496,5,labsea,MLD2,520.37768
HR_Spinup,1496,6,labsea,MLD2,39.48344
HR_Spinup,1496,7,labsea,MLD2,24.01710
HR_Spinup,1496,8,labsea,MLD2,22.58024
HR_Spinup,1496,9,labsea,MLD2,27.92809
HR_Spinup,1496,10,labsea,MLD2,49.34568
HR_Spinup,1496,11,labsea,MLD2,108.18646
HR_Spinup,1496,12,labsea,MLD2,635.45709
HR_Spinup,1496,1,interior,MLD2,1349.38368
HR_Spinup,1496,2,interior,MLD2,1643.65134
HR_Spinup,1496,3,interior,MLD2,1726.35311
HR_Spinup,1496,4,interior,MLD2,1690.51675
HR_Spinup,1496,5,interior,MLD2,813.18556
HR_Spinup,1496,6,interior,MLD2,56.88581
HR_Spinup,1496,7,interior,MLD2,32.72671
HR_Spinup,1496,8,interior,MLD2,27.55648
HR_Spinup,1496,9,interior,MLD2,33.15715
HR_Spinup,1496,10,interior,MLD2,62.69710
HR_Spinup,1496,11,interior,MLD2,157.32709
HR_Spinup,1496,12,interior,MLD2,1221.30680
HR_Spinup,1497,1,labsea,a_ice,0.23745
HR_Spinup,1497,2,labsea,a_ice,0.27994
HR_Spinup,1497,3,labsea,a_ice,0.29115
HR_Spinup,1497,4,labsea,a_ice,0.27495
HR_Spinup,1497,5,labsea,a_ice,0.21559
HR_Spinup,1497,6,labsea,a_ice,0.07452
HR_Spinup,1497,7,labsea,a_ice,0.00511
HR_Spinup,1497,8,labsea,a_ice,0.00000
HR_Spinup,1497,9,labsea,a_ice,0.00000
HR_Spinup,1497,10,labsea,a_ice,0.00004
HR_Spinup,1497,11,labsea,a_ice,0.05224
HR_Spinup,1497,12,labsea,a_ice,0.16023
HR_Spinup,1497,1,interior,a_ice,0.05187
HR_Spinup,1497,2,interior,a_ice,0.05302
HR_Spinup,1497,3,interior,a_ice,0.06877
HR_Spinup,1497,4,interior,a_ice,0.07524
HR_Spinup,1497,5,interior,a_ice,0.07842
HR_Spinup,1497,6,interior,a_ice,0.02749
HR_Spinup,1497,7,interior,a_ice,0.00016
HR_Spinup,1497,8,interior,a_ice,0.00000
HR_Spinup,1497,9,interior,a_ice,0.00000
HR_Spinup,1497,10,interior,a_ice,0.00000
HR_Spinup,1497,11,interior,a_ice,0.00301
HR_Spinup,1497,12,interior,a_ice,0.01788
HR_Spinup,1497,1,labsea,MLD2,1364.17036
HR_Spinup,1497,2,labsea,MLD2,1361.82785
HR_Spinup,1497,3,labsea,MLD2,1315.15703
HR_Spinup,1497,4,labsea,MLD2,1160.33504
HR_Spinup,1497,5,labsea,MLD2,855.90211
HR_Spinup,1497,6,labsea,MLD2,73.77178
HR_Spinup,1497,7,labsea,MLD2,14.96525
HR_Spinup,1497,8,labsea,MLD2,16.28831
HR_Spinup,1497,9,labsea,MLD2,26.84887
HR_Spinup,1497,10,labsea,MLD2,44.24279
HR_Spinup,1497,11,labsea,MLD2,103.95386
HR_Spinup,1497,12,labsea,MLD2,480.17246
HR_Spinup,1497,1,interior,MLD2,2269.72088
HR_Spinup,1497,2,interior,MLD2,2151.58903
HR_Spinup,1497,3,interior,MLD2,2151.77654
HR_Spinup,1497,4,interior,MLD2,1910.50065
HR_Spinup,1497,5,interior,MLD2,1513.99347
HR_Spinup,1497,6,interior,MLD2,139.13469
HR_Spinup,1497,7,interior,MLD2,15.74454
HR_Spinup,1497,8,interior,MLD2,16.96986
HR_Spinup,1497,9,interior,MLD2,28.91268
HR_Spinup,1497,10,interior,MLD2,55.67469
HR_Spinup,1497,11,interior,MLD2,158.14322
HR_Spinup,1497,12,interior,MLD2,973.98410
HR_Spinup,1498,1,labsea,a_ice,0.24744
HR_Spinup,1498,2,labsea,a_ice,0.31032
HR_Spinup,1498,3,labsea,a_ice,0.33296
HR_Spinup,1498,4,labsea,a_ice,0.23509
HR_Spinup,1498,5,labsea,a_ice,0.14757
HR_Spinup,1498,6,labsea,a_ice,0.05567
HR_Spinup,1498,7,labsea,a_ice,0.00842
HR_Spinup,1498,8,labsea,a_ice,0.00011
HR_Spinup,1498,9,labsea,a_ice,0.00047
HR_Spinup,1498,10,labsea,a_ice,0.00279
HR_Spinup,1498,11,labsea,a_ice,0.03471
HR_Spinup,1498,12,labsea,a_ice,0.16494
HR_Spinup,1498,1,interior,a_ice,0.05813
HR_Spinup,1498,2,interior,a_ice,0.10697
HR_Spinup,1498,3,interior,a_ice,0.08788
HR_Spinup,1498,4,interior,a_ice,0.07505
HR_Spinup,1498,5,interior,a_ice,0.04378
HR_Spinup,1498,6,interior,a_ice,0.00448
HR_Spinup,1498,7,interior,a_ice,0.00030
HR_Spinup,1498,8,interior,a_ice,0.00000
HR_Spinup,1498,9,interior,a_ice,0.00001
HR_Spinup,1498,10,interior,a_ice,0.00008
HR_Spinup,1498,11,interior,a_ice,0.00030
HR_Spinup,1498,12,interior,a_ice,0.01342
HR_Spinup,1498,1,labsea,MLD2,1182.80677
HR_Spinup,1498,2,labsea,MLD2,1354.43717
HR_Spinup,1498,3,labsea,MLD2,1338.06035
HR_Spinup,1498,4,labsea,MLD2,1140.58054
HR_Spinup,1498,5,labsea,MLD2,804.70792
HR_Spinup,1498,6,labsea,MLD2,94.19782
HR_Spinup,1498,7,labsea,MLD2,22.41450
HR_Spinup,1498,8,labsea,MLD2,19.22215
HR_Spinup,1498,9,labsea,MLD2,34.56694
HR_Spinup,1498,10,labsea,MLD2,66.10890
HR_Spinup,1498,11,labsea,MLD2,112.13904
HR_Spinup,1498,12,labsea,MLD2,687.72551
HR_Spinup,1498,1,interior,MLD2,2054.49650
HR_Spinup,1498,2,interior,MLD2,2110.90560
HR_Spinup,1498,3,interior,MLD2,2085.50175
HR_Spinup,1498,4,interior,MLD2,1758.88944
HR_Spinup,1498,5,interior,MLD2,1539.91875
HR_Spinup,1498,6,interior,MLD2,187.35469
HR_Spinup,1498,7,interior,MLD2,28.20323
HR_Spinup,1498,8,interior,MLD2,24.42587
HR_Spinup,1498,9,interior,MLD2,43.77488
HR_Spinup,1498,10,interior,MLD2,87.77864
HR_Spinup,1498,11,interior,MLD2,179.85823
HR_Spinup,1498,12,interior,MLD2,1363.85841
HR_Spinup,1499,1,labsea,a_ice,0.26379
HR_Spinup,1499,2,labsea,a_ice,0.27822
HR_Spinup,1499,3,labsea,a_ice,0.30676
HR_Spinup,1499,4,labsea,a_ice,0.28155
HR_Spinup,1499,5,labsea,a_ice,0.14950
HR_Spinup,1499,6,labsea,a_ice,0.03358
HR_Spinup,1499,7,labsea,a_ice,0.00031
HR_Spinup,1499,8,labsea,a_ice,0.00000
HR_Spinup,1499,9,labsea,a_ice,0.00000
HR_Spinup,1499,10,labsea,a_ice,0.00016
HR_Spinup,1499,11,labsea,a_ice,0.04900
HR_Spinup,1499,12,labsea,a_ice,0.17202
HR_Spinup,1499,1,interior,a_ice,0.08153
HR_Spinup,1499,2,interior,a_ice,0.07074
HR_Spinup,1499,3,interior,a_ice,0.09464
HR_Spinup,1499,4,interior,a_ice,0.06588
HR_Spinup,1499,5,interior,a_ice,0.03130
HR_Spinup,1499,6,interior,a_ice,0.00042
HR_Spinup,1499,7,interior,a_ice,0.00000
HR_Spinup,1499,8,interior,a_ice,0.00000
HR_Spinup,1499,9,interior,a_ice,0.00000
HR_Spinup,1499,10,interior,a_ice,0.00000
HR_Spinup,1499,11,interior,a_ice,0.00192
HR_Spinup,1499,12,interior,a_ice,0.02428
HR_Spinup,1499,1,labsea,MLD2,1145.03500
HR_Spinup,1499,2,labsea,MLD2,1130.74775
HR_Spinup,1499,3,labsea,MLD2,1272.95945
HR_Spinup,1499,4,labsea,MLD2,1128.69286
HR_Spinup,1499,5,labsea,MLD2,565.62693
HR_Spinup,1499,6,labsea,MLD2,19.96815
HR_Spinup,1499,7,labsea,MLD2,19.96122
HR_Spinup,1499,8,labsea,MLD2,17.47599
HR_Spinup,1499,9,labsea,MLD2,30.29302
HR_Spinup,1499,10,labsea,MLD2,55.00033
HR_Spinup,1499,11,labsea,MLD2,147.75354
HR_Spinup,1499,12,labsea,MLD2,820.51240
HR_Spinup,1499,1,interior,MLD2,2038.70262
HR_Spinup,1499,2,interior,MLD2,2000.67861
HR_Spinup,1499,3,interior,MLD2,2145.99013
HR_Spinup,1499,4,interior,MLD2,1913.93041
HR_Spinup,1499,5,interior,MLD2,968.36330
HR_Spinup,1499,6,interior,MLD2,21.61003
HR_Spinup,1499,7,interior,MLD2,22.51036
HR_Spinup,1499,8,interior,MLD2,21.42446
HR_Spinup,1499,9,interior,MLD2,37.00371
HR_Spinup,1499,10,interior,MLD2,65.30727
HR_Spinup,1499,11,interior,MLD2,225.07256
HR_Spinup,1499,12,interior,MLD2,1333.56429
HR_Spinup,1500,1,labsea,a_ice,0.26040
HR_Spinup,1500,2,labsea,a_ice,0.34836
HR_Spinup,1500,3,labsea,a_ice,0.36807
HR_Spinup,1500,4,labsea,a_ice,0.30368
HR_Spinup,1500,5,labsea,a_ice,0.21229
HR_Spinup,1500,6,labsea,a_ice,0.10548
HR_Spinup,1500,7,labsea,a_ice,0.04440
HR_Spinup,1500,8,labsea,a_ice,0.00587
HR_Spinup,1500,9,labsea,a_ice,0.00328
HR_Spinup,1500,10,labsea,a_ice,0.00663
HR_Spinup,1500,11,labsea,a_ice,0.05013
HR_Spinup,1500,12,labsea,a_ice,0.18258
HR_Spinup,1500,1,interior,a_ice,0.06087
HR_Spinup,1500,2,interior,a_ice,0.14855
HR_Spinup,1500,3,interior,a_ice,0.12930
HR_Spinup,1500,4,interior,a_ice,0.11356
HR_Spinup,1500,5,interior,a_ice,0.10850
HR_Spinup,1500,6,interior,a_ice,0.02714
HR_Spinup,1500,7,interior,a_ice,0.00673
HR_Spinup,1500,8,interior,a_ice,0.00047
HR_Spinup,1500,9,interior,a_ice,0.00071
HR_Spinup,1500,10,interior,a_ice,0.00287
HR_Spinup,1500,11,interior,a_ice,0.00099
HR_Spinup,1500,12,interior,a_ice,0.03726
HR_Spinup,1500,1,labsea,MLD2,1192.09313
HR_Spinup,1500,2,labsea,MLD2,1300.10816
HR_Spinup,1500,3,labsea,MLD2,1336.22808
HR_Spinup,1500,4,labsea,MLD2,1243.90017
HR_Spinup,1500,5,labsea,MLD2,984.86695
HR_Spinup,1500,6,labsea,MLD2,242.50881
HR_Spinup,1500,7,labsea,MLD2,17.34582
HR_Spinup,1500,8,labsea,MLD2,20.43484
HR_Spinup,1500,9,labsea,MLD2,26.13156
HR_Spinup,1500,10,labsea,MLD2,32.98440
HR_Spinup,1500,11,labsea,MLD2,96.30764
HR_Spinup,1500,12,labsea,MLD2,712.81231
HR_Spinup,1500,1,interior,MLD2,1882.80490
HR_Spinup,1500,2,interior,MLD2,1969.99482
HR_Spinup,1500,3,interior,MLD2,2101.45503
HR_Spinup,1500,4,interior,MLD2,1989.23865
HR_Spinup,1500,5,interior,MLD2,1676.32732
HR_Spinup,1500,6,interior,MLD2,497.29816
HR_Spinup,1500,7,interior,MLD2,20.18369
HR_Spinup,1500,8,interior,MLD2,24.72411
HR_Spinup,1500,9,interior,MLD2,31.98846
HR_Spinup,1500,10,interior,MLD2,39.91121
HR_Spinup,1500,11,interior,MLD2,122.41054
HR_Spinup,1500,12,interior,MLD2,1326.40515
HR_Spinup,1501,1,labsea,a_ice,0.31682
HR_Spinup,1501,2,labsea,a_ice,0.38985
HR_Spinup,1501,3,labsea,a_ice,0.39239
HR_Spinup,1501,4,labsea,a_ice,0.33461
HR_Spinup,1501,5,labsea,a_ice,0.23220
HR_Spinup,1501,6,labsea,a_ice,0.10707
HR_Spinup,1501,7,labsea,a_ice,0.02052
HR_Spinup,1501,8,labsea,a_ice,0.00097
HR_Spinup,1501,9,labsea,a_ice,0.00004
HR_Spinup,1501,10,labsea,a_ice,0.00603
HR_Spinup,1501,11,labsea,a_ice,0.05043
HR_Spinup,1501,12,labsea,a_ice,0.15597
HR_Spinup,1501,1,interior,a_ice,0.10294
HR_Spinup,1501,2,interior,a_ice,0.17329
HR_Spinup,1501,3,interior,a_ice,0.22335
HR_Spinup,1501,4,interior,a_ice,0.19489
HR_Spinup,1501,5,interior,a_ice,0.05431
HR_Spinup,1501,6,interior,a_ice,0.02731
HR_Spinup,1501,7,interior,a_ice,0.00026
HR_Spinup,1501,8,interior,a_ice,0.00000
HR_Spinup,1501,9,interior,a_ice,0.00000
HR_Spinup,1501,10,interior,a_ice,0.00000
HR_Spinup,1501,11,interior,a_ice,0.00141
HR_Spinup,1501,12,interior,a_ice,0.02183
HR_Spinup,1501,1,labsea,MLD2,1327.46465
HR_Spinup,1501,2,labsea,MLD2,1298.40983
HR_Spinup,1501,3,labsea,MLD2,1183.06604
HR_Spinup,1501,4,labsea,MLD2,1079.95607
HR_Spinup,1501,5,labsea,MLD2,607.32961
HR_Spinup,1501,6,labsea,MLD2,32.00545
HR_Spinup,1501,7,labsea,MLD2,23.29699
HR_Spinup,1501,8,labsea,MLD2,21.85432
HR_Spinup,1501,9,labsea,MLD2,26.81177
HR_Spinup,1501,10,labsea,MLD2,43.83759
HR_Spinup,1501,11,labsea,MLD2,133.42821
HR_Spinup,1501,12,labsea,MLD2,595.23845
HR_Spinup,1501,1,interior,MLD2,2282.65886
HR_Spinup,1501,2,interior,MLD2,1902.53466
HR_Spinup,1501,3,interior,MLD2,1569.75610
HR_Spinup,1501,4,interior,MLD2,1646.18490
HR_Spinup,1501,5,interior,MLD2,993.26649
HR_Spinup,1501,6,interior,MLD2,51.43800
HR_Spinup,1501,7,interior,MLD2,28.97594
HR_Spinup,1501,8,interior,MLD2,28.17411
HR_Spinup,1501,9,interior,MLD2,31.10218
HR_Spinup,1501,10,interior,MLD2,52.58271
HR_Spinup,1501,11,interior,MLD2,219.87720
HR_Spinup,1501,12,interior,MLD2,1346.15902
HR_Spinup,1502,1,labsea,a_ice,0.25475
HR_Spinup,1502,2,labsea,a_ice,0.29519
HR_Spinup,1502,3,labsea,a_ice,0.27942
HR_Spinup,1502,4,labsea,a_ice,0.27204
HR_Spinup,1502,5,labsea,a_ice,0.20299
HR_Spinup,1502,6,labsea,a_ice,0.08320
HR_Spinup,1502,7,labsea,a_ice,0.00814
HR_Spinup,1502,8,labsea,a_ice,0.00001
HR_Spinup,1502,9,labsea,a_ice,0.00000
HR_Spinup,1502,10,labsea,a_ice,0.00000
HR_Spinup,1502,11,labsea,a_ice,0.01257
HR_Spinup,1502,12,labsea,a_ice,0.10994
HR_Spinup,1502,1,interior,a_ice,0.04979
HR_Spinup,1502,2,interior,a_ice,0.07015
HR_Spinup,1502,3,interior,a_ice,0.04657
HR_Spinup,1502,4,interior,a_ice,0.07268
HR_Spinup,1502,5,interior,a_ice,0.03709
HR_Spinup,1502,6,interior,a_ice,0.00634
HR_Spinup,1502,7,interior,a_ice,0.00012
HR_Spinup,1502,8,interior,a_ice,0.00000
HR_Spinup,1502,9,interior,a_ice,0.00000
HR_Spinup,1502,10,interior,a_ice,0.00000
HR_Spinup,1502,11,interior,a_ice,0.00002
HR_Spinup,1502,12,interior,a_ice,0.00829
HR_Spinup,1502,1,labsea,MLD2,1306.48915
HR_Spinup,1502,2,labsea,MLD2,1320.03099
HR_Spinup,1502,3,labsea,MLD2,1318.77831
HR_Spinup,1502,4,labsea,MLD2,1020.17075
HR_Spinup,1502,5,labsea,MLD2,392.91967
HR_Spinup,1502,6,labsea,MLD2,46.51096
HR_Spinup,1502,7,labsea,MLD2,19.51792
HR_Spinup,1502,8,labsea,MLD2,18.86182
HR_Spinup,1502,9,labsea,MLD2,23.73859
HR_Spinup,1502,10,labsea,MLD2,37.98555
HR_Spinup,1502,11,labsea,MLD2,88.41885
HR_Spinup,1502,12,labsea,MLD2,278.48165
HR_Spinup,1502,1,interior,MLD2,2474.46644
HR_Spinup,1502,2,interior,MLD2,2339.02224
HR_Spinup,1502,3,interior,MLD2,2225.48228
HR_Spinup,1502,4,interior,MLD2,1691.08621
HR_Spinup,1502,5,interior,MLD2,805.02172
HR_Spinup,1502,6,interior,MLD2,73.24461
HR_Spinup,1502,7,interior,MLD2,23.79284
HR_Spinup,1502,8,interior,MLD2,21.15535
HR_Spinup,1502,9,interior,MLD2,27.93305
HR_Spinup,1502,10,interior,MLD2,46.76716
HR_Spinup,1502,11,interior,MLD2,115.36143
HR_Spinup,1502,12,interior,MLD2,565.83563
HR_Spinup,1503,1,labsea,a_ice,0.24013
HR_Spinup,1503,2,labsea,a_ice,0.32239
HR_Spinup,1503,3,labsea,a_ice,0.31556
HR_Spinup,1503,4,labsea,a_ice,0.31552
HR_Spinup,1503,5,labsea,a_ice,0.24154
HR_Spinup,1503,6,labsea,a_ice,0.13285
HR_Spinup,1503,7,labsea,a_ice,0.04601
HR_Spinup,1503,8,labsea,a_ice,0.00229
HR_Spinup,1503,9,labsea,a_ice,0.00000
HR_Spinup,1503,10,labsea,a_ice,0.00003
HR_Spinup,1503,11,labsea,a_ice,0.02928
HR_Spinup,1503,12,labsea,a_ice,0.17524
HR_Spinup,1503,1,interior,a_ice,0.01999
HR_Spinup,1503,2,interior,a_ice,0.09106
HR_Spinup,1503,3,interior,a_ice,0.09953
HR_Spinup,1503,4,interior,a_ice,0.11046
HR_Spinup,1503,5,interior,a_ice,0.06449
HR_Spinup,1503,6,interior,a_ice,0.00273
HR_Spinup,1503,7,interior,a_ice,0.00221
HR_Spinup,1503,8,interior,a_ice,0.00000
HR_Spinup,1503,9,interior,a_ice,0.00000
HR_Spinup,1503,10,interior,a_ice,0.00000
HR_Spinup,1503,11,interior,a_ice,0.00051
HR_Spinup,1503,12,interior,a_ice,0.02663
HR_Spinup,1503,1,labsea,MLD2,1091.77022
HR_Spinup,1503,2,labsea,MLD2,1327.37673
HR_Spinup,1503,3,labsea,MLD2,1274.72597
HR_Spinup,1503,4,labsea,MLD2,1118.45185
HR_Spinup,1503,5,labsea,MLD2,639.09068
HR_Spinup,1503,6,labsea,MLD2,53.12670
HR_Spinup,1503,7,labsea,MLD2,24.21575
HR_Spinup,1503,8,labsea,MLD2,18.84235
HR_Spinup,1503,9,labsea,MLD2,30.61679
HR_Spinup,1503,10,labsea,MLD2,44.43326
HR_Spinup,1503,11,labsea,MLD2,84.07249
HR_Spinup,1503,12,labsea,MLD2,583.59900
HR_Spinup,1503,1,interior,MLD2,2049.75175
HR_Spinup,1503,2,interior,MLD2,2152.78422
HR_Spinup,1503,3,interior,MLD2,2019.95604
HR_Spinup,1503,4,interior,MLD2,1694.25598
HR_Spinup,1503,5,interior,MLD2,992.80052
HR_Spinup,1503,6,interior,MLD2,87.02085
HR_Spinup,1503,7,interior,MLD2,28.38241
HR_Spinup,1503,8,interior,MLD2,22.36895
HR_Spinup,1503,9,interior,MLD2,39.28091
HR_Spinup,1503,10,interior,MLD2,56.15139
HR_Spinup,1503,11,interior,MLD2,113.96982
HR_Spinup,1503,12,interior,MLD2,766.69553
HR_Spinup,1504,1,labsea,a_ice,0.25547
HR_Spinup,1504,2,labsea,a_ice,0.38338
HR_Spinup,1504,3,labsea,a_ice,0.34124
HR_Spinup,1504,4,labsea,a_ice,0.31722
HR_Spinup,1504,5,labsea,a_ice,0.17747
HR_Spinup,1504,6,labsea,a_ice,0.07399
HR_Spinup,1504,7,labsea,a_ice,0.01313
HR_Spinup,1504,8,labsea,a_ice,0.00015
HR_Spinup,1504,9,labsea,a_ice,0.00000
HR_Spinup,1504,10,labsea,a_ice,0.00332
HR_Spinup,1504,11,labsea,a_ice,0.03350
HR_Spinup,1504,12,labsea,a_ice,0.19194
HR_Spinup,1504,1,interior,a_ice,0.07277
HR_Spinup,1504,2,interior,a_ice,0.20397
HR_Spinup,1504,3,interior,a_ice,0.13097
HR_Spinup,1504,4,interior,a_ice,0.11172
HR_Spinup,1504,5,interior,a_ice,0.02840
HR_Spinup,1504,6,interior,a_ice,0.00197
HR_Spinup,1504,7,interior,a_ice,0.00000
HR_Spinup,1504,8,interior,a_ice,0.00000
HR_Spinup,1504,9,interior,a_ice,0.00000
HR_Spinup,1504,10,interior,a_ice,0.00079
HR_Spinup,1504,11,interior,a_ice,0.00305
HR_Spinup,1504,12,interior,a_ice,0.01830
HR_Spinup,1504,1,labsea,MLD2,1175.74064
HR_Spinup,1504,2,labsea,MLD2,1236.07484
HR_Spinup,1504,3,labsea,MLD2,1273.77466
HR_Spinup,1504,4,labsea,MLD2,1174.75161
HR_Spinup,1504,5,labsea,MLD2,394.88572
HR_Spinup,1504,6,labsea,MLD2,25.77681
HR_Spinup,1504,7,labsea,MLD2,23.93977
HR_Spinup,1504,8,labsea,MLD2,21.20884
HR_Spinup,1504,9,labsea,MLD2,23.71649
HR_Spinup,1504,10,labsea,MLD2,56.68162
HR_Spinup,1504,11,labsea,MLD2,93.86797
HR_Spinup,1504,12,labsea,MLD2,808.30027
HR_Spinup,1504,1,interior,MLD2,1785.98650
HR_Spinup,1504,2,interior,MLD2,1832.01052
HR_Spinup,1504,3,interior,MLD2,1966.84540
HR_Spinup,1504,4,interior,MLD2,1709.03355
HR_Spinup,1504,5,interior,MLD2,759.38607
HR_Spinup,1504,6,interior,MLD2,23.95665
HR_Spinup,1504,7,interior,MLD2,26.21166
HR_Spinup,1504,8,interior,MLD2,25.24118
HR_Spinup,1504,9,interior,MLD2,27.44562
HR_Spinup,1504,10,interior,MLD2,65.64535
HR_Spinup,1504,11,interior,MLD2,113.76594
HR_Spinup,1504,12,interior,MLD2,1317.22954
HR_Spinup,1505,1,labsea,a_ice,0.33930
HR_Spinup,1505,2,labsea,a_ice,0.38796
HR_Spinup,1505,3,labsea,a_ice,0.31361
HR_Spinup,1505,4,labsea,a_ice,0.27813
HR_Spinup,1505,5,labsea,a_ice,0.18998
HR_Spinup,1505,6,labsea,a_ice,0.06433
HR_Spinup,1505,7,labsea,a_ice,0.00869
HR_Spinup,1505,8,labsea,a_ice,0.00000
HR_Spinup,1505,9,labsea,a_ice,0.00000
HR_Spinup,1505,10,labsea,a_ice,0.00046
HR_Spinup,1505,11,labsea,a_ice,0.04083
HR_Spinup,1505,12,labsea,a_ice,0.13905
HR_Spinup,1505,1,interior,a_ice,0.13897
HR_Spinup,1505,2,interior,a_ice,0.20240
HR_Spinup,1505,3,interior,a_ice,0.13282
HR_Spinup,1505,4,interior,a_ice,0.06625
HR_Spinup,1505,5,interior,a_ice,0.04602
HR_Spinup,1505,6,interior,a_ice,0.00322
HR_Spinup,1505,7,interior,a_ice,0.00002
HR_Spinup,1505,8,interior,a_ice,0.00000
HR_Spinup,1505,9,interior,a_ice,0.00000
HR_Spinup,1505,10,interior,a_ice,0.00000
HR_Spinup,1505,11,interior,a_ice,0.00104
HR_Spinup,1505,12,interior,a_ice,0.01528
HR_Spinup,1505,1,labsea,MLD2,1168.29237
HR_Spinup,1505,2,labsea,MLD2,982.42225
HR_Spinup,1505,3,labsea,MLD2,986.94748
HR_Spinup,1505,4,labsea,MLD2,944.79060
HR_Spinup,1505,5,labsea,MLD2,259.43942
HR_Spinup,1505,6,labsea,MLD2,28.44176
HR_Spinup,1505,7,labsea,MLD2,17.22618
HR_Spinup,1505,8,labsea,MLD2,19.80591
HR_Spinup,1505,9,labsea,MLD2,31.78143
HR_Spinup,1505,10,labsea,MLD2,48.25533
HR_Spinup,1505,11,labsea,MLD2,119.53305
HR_Spinup,1505,12,labsea,MLD2,452.20677
HR_Spinup,1505,1,interior,MLD2,1815.60169
HR_Spinup,1505,2,interior,MLD2,1483.56186
HR_Spinup,1505,3,interior,MLD2,1688.35466
HR_Spinup,1505,4,interior,MLD2,1857.31272
HR_Spinup,1505,5,interior,MLD2,533.11762
HR_Spinup,1505,6,interior,MLD2,38.74138
HR_Spinup,1505,7,interior,MLD2,18.87865
HR_Spinup,1505,8,interior,MLD2,23.15956
HR_Spinup,1505,9,interior,MLD2,40.32169
HR_Spinup,1505,10,interior,MLD2,62.92678
HR_Spinup,1505,11,interior,MLD2,174.39416
HR_Spinup,1505,12,interior,MLD2,967.04526
HR_Spinup,1506,1,labsea,a_ice,0.21661
HR_Spinup,1506,2,labsea,a_ice,0.28991
HR_Spinup,1506,3,labsea,a_ice,0.30243
HR_Spinup,1506,4,labsea,a_ice,0.27846
HR_Spinup,1506,5,labsea,a_ice,0.23850
HR_Spinup,1506,6,labsea,a_ice,0.10617
HR_Spinup,1506,7,labsea,a_ice,0.01118
HR_Spinup,1506,8,labsea,a_ice,0.00000
HR_Spinup,1506,9,labsea,a_ice,0.00046
HR_Spinup,1506,10,labsea,a_ice,0.00315
HR_Spinup,1506,11,labsea,a_ice,0.05126
HR_Spinup,1506,12,labsea,a_ice,0.21267
HR_Spinup,1506,1,interior,a_ice,0.02489
HR_Spinup,1506,2,interior,a_ice,0.05892
HR_Spinup,1506,3,interior,a_ice,0.06398
HR_Spinup,1506,4,interior,a_ice,0.12100
HR_Spinup,1506,5,interior,a_ice,0.05890
HR_Spinup,1506,6,interior,a_ice,0.04940
HR_Spinup,1506,7,interior,a_ice,0.00151
HR_Spinup,1506,8,interior,a_ice,0.00000
HR_Spinup,1506,9,interior,a_ice,0.00000
HR_Spinup,1506,10,interior,a_ice,0.00014
HR_Spinup,1506,11,interior,a_ice,0.00409
HR_Spinup,1506,12,interior,a_ice,0.05193
HR_Spinup,1506,1,labsea,MLD2,1046.40878
HR_Spinup,1506,2,labsea,MLD2,1344.82160
HR_Spinup,1506,3,labsea,MLD2,1358.25248
HR_Spinup,1506,4,labsea,MLD2,981.62275
HR_Spinup,1506,5,labsea,MLD2,623.28924
HR_Spinup,1506,6,labsea,MLD2,27.49025
HR_Spinup,1506,7,labsea,MLD2,15.11584
HR_Spinup,1506,8,labsea,MLD2,17.89205
HR_Spinup,1506,9,labsea,MLD2,28.32581
HR_Spinup,1506,10,labsea,MLD2,41.80785
HR_Spinup,1506,11,labsea,MLD2,70.59622
HR_Spinup,1506,12,labsea,MLD2,235.08010
HR_Spinup,1506,1,interior,MLD2,2034.86741
HR_Spinup,1506,2,interior,MLD2,2301.71182
HR_Spinup,1506,3,interior,MLD2,2238.38808
HR_Spinup,1506,4,interior,MLD2,1525.55695
HR_Spinup,1506,5,interior,MLD2,1041.16081
HR_Spinup,1506,6,interior,MLD2,55.72804
HR_Spinup,1506,7,interior,MLD2,16.94032
HR_Spinup,1506,8,interior,MLD2,21.10777
HR_Spinup,1506,9,interior,MLD2,32.53949
HR_Spinup,1506,10,interior,MLD2,50.76440
HR_Spinup,1506,11,interior,MLD2,73.68758
HR_Spinup,1506,12,interior,MLD2,187.57855
HR_Spinup,1507,1,labsea,a_ice,0.35894
HR_Spinup,1507,2,labsea,a_ice,0.31037
HR_Spinup,1507,3,labsea,a_ice,0.26316
HR_Spinup,1507,4,labsea,a_ice,0.26153
HR_Spinup,1507,5,labsea,a_ice,0.18434
HR_Spinup,1507,6,labsea,a_ice,0.05934
HR_Spinup,1507,7,labsea,a_ice,0.00426
HR_Spinup,1507,8,labsea,a_ice,0.00000
HR_Spinup,1507,9,labsea,a_ice,0.00003
HR_Spinup,1507,10,labsea,a_ice,0.00001
HR_Spinup,1507,11,labsea,a_ice,0.02263
HR_Spinup,1507,12,labsea,a_ice,0.15267
HR_Spinup,1507,1,interior,a_ice,0.20348
HR_Spinup,1507,2,interior,a_ice,0.11497
HR_Spinup,1507,3,interior,a_ice,0.07113
HR_Spinup,1507,4,interior,a_ice,0.05771
HR_Spinup,1507,5,interior,a_ice,0.04913
HR_Spinup,1507,6,interior,a_ice,0.00339
HR_Spinup,1507,7,interior,a_ice,0.00000
HR_Spinup,1507,8,interior,a_ice,0.00000
HR_Spinup,1507,9,interior,a_ice,0.00000
HR_Spinup,1507,10,interior,a_ice,0.00000
HR_Spinup,1507,11,interior,a_ice,0.00022
HR_Spinup,1507,12,interior,a_ice,0.01273
HR_Spinup,1507,1,labsea,MLD2,1018.33652
HR_Spinup,1507,2,labsea,MLD2,1117.19950
HR_Spinup,1507,3,labsea,MLD2,1281.09883
HR_Spinup,1507,4,labsea,MLD2,1133.67502
HR_Spinup,1507,5,labsea,MLD2,331.49575
HR_Spinup,1507,6,labsea,MLD2,30.23234
HR_Spinup,1507,7,labsea,MLD2,17.49523
HR_Spinup,1507,8,labsea,MLD2,16.84915
HR_Spinup,1507,9,labsea,MLD2,30.88468
HR_Spinup,1507,10,labsea,MLD2,50.11652
HR_Spinup,1507,11,labsea,MLD2,87.58034
HR_Spinup,1507,12,labsea,MLD2,494.79643
HR_Spinup,1507,1,interior,MLD2,1342.31002
HR_Spinup,1507,2,interior,MLD2,1628.17669
HR_Spinup,1507,3,interior,MLD2,2073.94996
HR_Spinup,1507,4,interior,MLD2,1962.52579
HR_Spinup,1507,5,interior,MLD2,584.85750
HR_Spinup,1507,6,interior,MLD2,37.53616
HR_Spinup,1507,7,interior,MLD2,19.31436
HR_Spinup,1507,8,interior,MLD2,18.02475
HR_Spinup,1507,9,interior,MLD2,34.96869
HR_Spinup,1507,10,interior,MLD2,56.77258
HR_Spinup,1507,11,interior,MLD2,113.02592
HR_Spinup,1507,12,interior,MLD2,1042.97221
HR_Spinup,1508,1,labsea,a_ice,0.22078
HR_Spinup,1508,2,labsea,a_ice,0.29544
HR_Spinup,1508,3,labsea,a_ice,0.30276
HR_Spinup,1508,4,labsea,a_ice,0.29327
HR_Spinup,1508,5,labsea,a_ice,0.20320
HR_Spinup,1508,6,labsea,a_ice,0.07368
HR_Spinup,1508,7,labsea,a_ice,0.01036
HR_Spinup,1508,8,labsea,a_ice,0.00000
HR_Spinup,1508,9,labsea,a_ice,0.00000
HR_Spinup,1508,10,labsea,a_ice,0.00010
HR_Spinup,1508,11,labsea,a_ice,0.03164
HR_Spinup,1508,12,labsea,a_ice,0.13893
HR_Spinup,1508,1,interior,a_ice,0.02825
HR_Spinup,1508,2,interior,a_ice,0.07072
HR_Spinup,1508,3,interior,a_ice,0.09088
HR_Spinup,1508,4,interior,a_ice,0.16007
HR_Spinup,1508,5,interior,a_ice,0.07685
HR_Spinup,1508,6,interior,a_ice,0.01628
HR_Spinup,1508,7,interior,a_ice,0.00002
HR_Spinup,1508,8,interior,a_ice,0.00000
HR_Spinup,1508,9,interior,a_ice,0.00000
HR_Spinup,1508,10,interior,a_ice,0.00000
HR_Spinup,1508,11,interior,a_ice,0.00010
HR_Spinup,1508,12,interior,a_ice,0.00653
HR_Spinup,1508,1,labsea,MLD2,1208.99339
HR_Spinup,1508,2,labsea,MLD2,1354.85855
HR_Spinup,1508,3,labsea,MLD2,1299.41409
HR_Spinup,1508,4,labsea,MLD2,1111.55927
HR_Spinup,1508,5,labsea,MLD2,698.15765
HR_Spinup,1508,6,labsea,MLD2,100.40891
HR_Spinup,1508,7,labsea,MLD2,20.45679
HR_Spinup,1508,8,labsea,MLD2,19.20367
HR_Spinup,1508,9,labsea,MLD2,28.35601
HR_Spinup,1508,10,labsea,MLD2,46.10257
HR_Spinup,1508,11,labsea,MLD2,107.22327
HR_Spinup,1508,12,labsea,MLD2,641.58752
HR_Spinup,1508,1,interior,MLD2,2185.68846
HR_Spinup,1508,2,interior,MLD2,2193.99055
HR_Spinup,1508,3,interior,MLD2,1900.42889
HR_Spinup,1508,4,interior,MLD2,1448.51830
HR_Spinup,1508,5,interior,MLD2,1020.76616
HR_Spinup,1508,6,interior,MLD2,155.16476
HR_Spinup,1508,7,interior,MLD2,21.98870
HR_Spinup,1508,8,interior,MLD2,22.54860
HR_Spinup,1508,9,interior,MLD2,34.77819
HR_Spinup,1508,10,interior,MLD2,54.08939
HR_Spinup,1508,11,interior,MLD2,154.67301
HR_Spinup,1508,12,interior,MLD2,1195.09171
HR_Spinup,1509,1,labsea,a_ice,0.23780
HR_Spinup,1509,2,labsea,a_ice,0.35066
HR_Spinup,1509,3,labsea,a_ice,0.35664
HR_Spinup,1509,4,labsea,a_ice,0.32045
HR_Spinup,1509,5,labsea,a_ice,0.22182
HR_Spinup,1509,6,labsea,a_ice,0.10441
HR_Spinup,1509,7,labsea,a_ice,0.02043
HR_Spinup,1509,8,labsea,a_ice,0.00078
HR_Spinup,1509,9,labsea,a_ice,0.00026
HR_Spinup,1509,10,labsea,a_ice,0.00041
HR_Spinup,1509,11,labsea,a_ice,0.05273
HR_Spinup,1509,12,labsea,a_ice,0.12562
HR_Spinup,1509,1,interior,a_ice,0.04937
HR_Spinup,1509,2,interior,a_ice,0.12258
HR_Spinup,1509,3,interior,a_ice,0.12325
HR_Spinup,1509,4,interior,a_ice,0.11473
HR_Spinup,1509,5,interior,a_ice,0.06204
HR_Spinup,1509,6,interior,a_ice,0.00900
HR_Spinup,1509,7,interior,a_ice,0.00001
HR_Spinup,1509,8,interior,a_ice,0.00000
HR_Spinup,1509,9,interior,a_ice,0.00000
HR_Spinup,1509,10,interior,a_ice,0.00000
HR_Spinup,1509,11,interior,a_ice,0.00074
HR_Spinup,1509,12,interior,a_ice,0.01327
HR_Spinup,1509,1,labsea,MLD2,1131.43755
HR_Spinup,1509,2,labsea,MLD2,1198.71283
HR_Spinup,1509,3,labsea,MLD2,1150.40617
HR_Spinup,1509,4,labsea,MLD2,996.76930
HR_Spinup,1509,5,labsea,MLD2,386.41510
HR_Spinup,1509,6,labsea,MLD2,33.08998
HR_Spinup,1509,7,labsea,MLD2,23.04388
HR_Spinup,1509,8,labsea,MLD2,20.81563
HR_Spinup,1509,9,labsea,MLD2,27.88501
HR_Spinup,1509,10,labsea,MLD2,48.34643
HR_Spinup,1509,11,labsea,MLD2,129.57983
HR_Spinup,1509,12,labsea,MLD2,475.15428
HR_Spinup,1509,1,interior,MLD2,2100.70609
HR_Spinup,1509,2,interior,MLD2,2051.80589
HR_Spinup,1509,3,interior,MLD2,1825.10503
HR_Spinup,1509,4,interior,MLD2,1623.44956
HR_Spinup,1509,5,interior,MLD2,648.20220
HR_Spinup,1509,6,interior,MLD2,37.47110
HR_Spinup,1509,7,interior,MLD2,26.79260
HR_Spinup,1509,8,interior,MLD2,25.59770
HR_Spinup,1509,9,interior,MLD2,32.91805
HR_Spinup,1509,10,interior,MLD2,60.69590
HR_Spinup,1509,11,interior,MLD2,193.39372
HR_Spinup,1509,12,interior,MLD2,856.98817
HR_Spinup,1510,1,labsea,a_ice,0.24946
HR_Spinup,1510,2,labsea,a_ice,0.33980
HR_Spinup,1510,3,labsea,a_ice,0.33659
HR_Spinup,1510,4,labsea,a_ice,0.26881
HR_Spinup,1510,5,labsea,a_ice,0.15851
HR_Spinup,1510,6,labsea,a_ice,0.04261
HR_Spinup,1510,7,labsea,a_ice,0.00171
HR_Spinup,1510,8,labsea,a_ice,0.00000
HR_Spinup,1510,9,labsea,a_ice,0.00001
HR_Spinup,1510,10,labsea,a_ice,0.00217
HR_Spinup,1510,11,labsea,a_ice,0.04443
HR_Spinup,1510,12,labsea,a_ice,0.13521
HR_Spinup,1510,1,interior,a_ice,0.03921
HR_Spinup,1510,2,interior,a_ice,0.10750
HR_Spinup,1510,3,interior,a_ice,0.10483
HR_Spinup,1510,4,interior,a_ice,0.07185
HR_Spinup,1510,5,interior,a_ice,0.03288
HR_Spinup,1510,6,interior,a_ice,0.00285
HR_Spinup,1510,7,interior,a_ice,0.00022
HR_Spinup,1510,8,interior,a_ice,0.00000
HR_Spinup,1510,9,interior,a_ice,0.00000
HR_Spinup,1510,10,interior,a_ice,0.00026
HR_Spinup,1510,11,interior,a_ice,0.00274
HR_Spinup,1510,12,interior,a_ice,0.01321
HR_Spinup,1510,1,labsea,MLD2,1335.64364
HR_Spinup,1510,2,labsea,MLD2,1338.28058
HR_Spinup,1510,3,labsea,MLD2,1168.74636
HR_Spinup,1510,4,labsea,MLD2,933.76976
HR_Spinup,1510,5,labsea,MLD2,267.87335
HR_Spinup,1510,6,labsea,MLD2,23.03638
HR_Spinup,1510,7,labsea,MLD2,15.82718
HR_Spinup,1510,8,labsea,MLD2,17.43000
HR_Spinup,1510,9,labsea,MLD2,27.70969
HR_Spinup,1510,10,labsea,MLD2,49.71952
HR_Spinup,1510,11,labsea,MLD2,102.66898
HR_Spinup,1510,12,labsea,MLD2,446.14539
HR_Spinup,1510,1,interior,MLD2,2385.67203
HR_Spinup,1510,2,interior,MLD2,2144.60266
HR_Spinup,1510,3,interior,MLD2,1841.97608
HR_Spinup,1510,4,interior,MLD2,1470.08694
HR_Spinup,1510,5,interior,MLD2,373.33313
HR_Spinup,1510,6,interior,MLD2,20.95652
HR_Spinup,1510,7,interior,MLD2,17.06238
HR_Spinup,1510,8,interior,MLD2,19.35534
HR_Spinup,1510,9,interior,MLD2,32.15158
HR_Spinup,1510,10,interior,MLD2,56.10784
HR_Spinup,1510,11,interior,MLD2,152.17482
HR_Spinup,1510,12,interior,MLD2,872.67966
HR_Spinup,1511,1,labsea,a_ice,0.25193
HR_Spinup,1511,2,labsea,a_ice,0.36838
HR_Spinup,1511,3,labsea,a_ice,0.36046
HR_Spinup,1511,4,labsea,a_ice,0.32066
HR_Spinup,1511,5,labsea,a_ice,0.23078
HR_Spinup,1511,6,labsea,a_ice,0.10287
HR_Spinup,1511,7,labsea,a_ice,0.01454
HR_Spinup,1511,8,labsea,a_ice,0.00000
HR_Spinup,1511,9,labsea,a_ice,0.00000
HR_Spinup,1511,10,labsea,a_ice,0.00000
HR_Spinup,1511,11,labsea,a_ice,0.02281
HR_Spinup,1511,12,labsea,a_ice,0.14582
HR_Spinup,1511,1,interior,a_ice,0.04219
HR_Spinup,1511,2,interior,a_ice,0.16658
HR_Spinup,1511,3,interior,a_ice,0.19391
HR_Spinup,1511,4,interior,a_ice,0.13965
HR_Spinup,1511,5,interior,a_ice,0.04754
HR_Spinup,1511,6,interior,a_ice,0.01115
HR_Spinup,1511,7,interior,a_ice,0.00000
HR_Spinup,1511,8,interior,a_ice,0.00000
HR_Spinup,1511,9,interior,a_ice,0.00000
HR_Spinup,1511,10,interior,a_ice,0.00000
HR_Spinup,1511,11,interior,a_ice,0.00010
HR_Spinup,1511,12,interior,a_ice,0.01265
HR_Spinup,1511,1,labsea,MLD2,1178.17012
HR_Spinup,1511,2,labsea,MLD2,1298.60994
HR_Spinup,1511,3,labsea,MLD2,1174.57196
HR_Spinup,1511,4,labsea,MLD2,1111.58407
HR_Spinup,1511,5,labsea,MLD2,729.56650
HR_Spinup,1511,6,labsea,MLD2,21.35020
HR_Spinup,1511,7,labsea,MLD2,13.06780
HR_Spinup,1511,8,labsea,MLD2,12.86864
HR_Spinup,1511,9,labsea,MLD2,25.42513
HR_Spinup,1511,10,labsea,MLD2,49.04775
HR_Spinup,1511,11,labsea,MLD2,116.37600
HR_Spinup,1511,12,labsea,MLD2,410.94038
HR_Spinup,1511,1,interior,MLD2,2019.97304
HR_Spinup,1511,2,interior,MLD2,2047.21762
HR_Spinup,1511,3,interior,MLD2,1654.26431
HR_Spinup,1511,4,interior,MLD2,1608.45618
HR_Spinup,1511,5,interior,MLD2,1106.33677
HR_Spinup,1511,6,interior,MLD2,27.13477
HR_Spinup,1511,7,interior,MLD2,15.15383
HR_Spinup,1511,8,interior,MLD2,15.48713
HR_Spinup,1511,9,interior,MLD2,30.43174
HR_Spinup,1511,10,interior,MLD2,60.84323
HR_Spinup,1511,11,interior,MLD2,159.77449
HR_Spinup,1511,12,interior,MLD2,698.83367
HR_Spinup,1512,1,labsea,a_ice,0.32786
HR_Spinup,1512,2,labsea,a_ice,0.45756
HR_Spinup,1512,3,labsea,a_ice,0.42942
HR_Spinup,1512,4,labsea,a_ice,0.37079
HR_Spinup,1512,5,labsea,a_ice,0.25444
HR_Spinup,1512,6,labsea,a_ice,0.09257
HR_Spinup,1512,7,labsea,a_ice,0.01163
HR_Spinup,1512,8,labsea,a_ice,0.00005
HR_Spinup,1512,9,labsea,a_ice,0.00000
HR_Spinup,1512,10,labsea,a_ice,0.00016
HR_Spinup,1512,11,labsea,a_ice,0.05785
HR_Spinup,1512,12,labsea,a_ice,0.16141
HR_Spinup,1512,1,interior,a_ice,0.16084
HR_Spinup,1512,2,interior,a_ice,0.33657
HR_Spinup,1512,3,interior,a_ice,0.36470
HR_Spinup,1512,4,interior,a_ice,0.24735
HR_Spinup,1512,5,interior,a_ice,0.08180
HR_Spinup,1512,6,interior,a_ice,0.02675
HR_Spinup,1512,7,interior,a_ice,0.00106
HR_Spinup,1512,8,interior,a_ice,0.00000
HR_Spinup,1512,9,interior,a_ice,0.00000
HR_Spinup,1512,10,interior,a_ice,0.00000
HR_Spinup,1512,11,interior,a_ice,0.00105
HR_Spinup,1512,12,interior,a_ice,0.02120
HR_Spinup,1512,1,labsea,MLD2,1072.72403
HR_Spinup,1512,2,labsea,MLD2,1092.29476
HR_Spinup,1512,3,labsea,MLD2,886.67587
HR_Spinup,1512,4,labsea,MLD2,771.18522
HR_Spinup,1512,5,labsea,MLD2,352.62046
HR_Spinup,1512,6,labsea,MLD2,31.33103
HR_Spinup,1512,7,labsea,MLD2,22.34563
HR_Spinup,1512,8,labsea,MLD2,19.21141
HR_Spinup,1512,9,labsea,MLD2,30.97790
HR_Spinup,1512,10,labsea,MLD2,56.29713
HR_Spinup,1512,11,labsea,MLD2,118.81677
HR_Spinup,1512,12,labsea,MLD2,570.26040
HR_Spinup,1512,1,interior,MLD2,1700.68529
HR_Spinup,1512,2,interior,MLD2,1537.29178
HR_Spinup,1512,3,interior,MLD2,1070.79173
HR_Spinup,1512,4,interior,MLD2,714.87831
HR_Spinup,1512,5,interior,MLD2,313.03227
HR_Spinup,1512,6,interior,MLD2,40.04202
HR_Spinup,1512,7,interior,MLD2,28.03612
HR_Spinup,1512,8,interior,MLD2,22.04584
HR_Spinup,1512,9,interior,MLD2,34.83613
HR_Spinup,1512,10,interior,MLD2,66.07366
HR_Spinup,1512,11,interior,MLD2,153.25231
HR_Spinup,1512,12,interior,MLD2,909.50792
HR_Spinup,1513,1,labsea,a_ice,0.29344
HR_Spinup,1513,2,labsea,a_ice,0.31566
HR_Spinup,1513,3,labsea,a_ice,0.31380
HR_Spinup,1513,4,labsea,a_ice,0.27305
HR_Spinup,1513,5,labsea,a_ice,0.21003
HR_Spinup,1513,6,labsea,a_ice,0.09096
HR_Spinup,1513,7,labsea,a_ice,0.01575
HR_Spinup,1513,8,labsea,a_ice,0.00041
HR_Spinup,1513,9,labsea,a_ice,0.00000
HR_Spinup,1513,10,labsea,a_ice,0.00609
HR_Spinup,1513,11,labsea,a_ice,0.07905
HR_Spinup,1513,12,labsea,a_ice,0.17714
HR_Spinup,1513,1,interior,a_ice,0.14852
HR_Spinup,1513,2,interior,a_ice,0.17539
HR_Spinup,1513,3,interior,a_ice,0.09475
HR_Spinup,1513,4,interior,a_ice,0.08495
HR_Spinup,1513,5,interior,a_ice,0.06292
HR_Spinup,1513,6,interior,a_ice,0.02937
HR_Spinup,1513,7,interior,a_ice,0.00002
HR_Spinup,1513,8,interior,a_ice,0.00000
HR_Spinup,1513,9,interior,a_ice,0.00000
HR_Spinup,1513,10,interior,a_ice,0.00000
HR_Spinup,1513,11,interior,a_ice,0.00113
HR_Spinup,1513,12,interior,a_ice,0.03438
HR_Spinup,1513,1,labsea,MLD2,1004.49081
HR_Spinup,1513,2,labsea,MLD2,966.94285
HR_Spinup,1513,3,labsea,MLD2,1260.19244
HR_Spinup,1513,4,labsea,MLD2,1184.62767
HR_Spinup,1513,5,labsea,MLD2,694.13158
HR_Spinup,1513,6,labsea,MLD2,48.98268
HR_Spinup,1513,7,labsea,MLD2,22.10466
HR_Spinup,1513,8,labsea,MLD2,23.03384
HR_Spinup,1513,9,labsea,MLD2,30.88558
HR_Spinup,1513,10,labsea,MLD2,70.30819
HR_Spinup,1513,11,labsea,MLD2,188.32958
HR_Spinup,1513,12,labsea,MLD2,928.17475
HR_Spinup,1513,1,interior,MLD2,1615.73001
HR_Spinup,1513,2,interior,MLD2,1439.33296
HR_Spinup,1513,3,interior,MLD2,2098.45630
HR_Spinup,1513,4,interior,MLD2,2010.45284
HR_Spinup,1513,5,interior,MLD2,1265.89395
HR_Spinup,1513,6,interior,MLD2,75.49889
HR_Spinup,1513,7,interior,MLD2,26.02341
HR_Spinup,1513,8,interior,MLD2,27.90917
HR_Spinup,1513,9,interior,MLD2,37.00821
HR_Spinup,1513,10,interior,MLD2,83.80867
HR_Spinup,1513,11,interior,MLD2,343.45189
HR_Spinup,1513,12,interior,MLD2,1798.36138
HR_Spinup,1514,1,labsea,a_ice,0.24198
HR_Spinup,1514,2,labsea,a_ice,0.27078
HR_Spinup,1514,3,labsea,a_ice,0.25453
HR_Spinup,1514,4,labsea,a_ice,0.24529
HR_Spinup,1514,5,labsea,a_ice,0.19863
HR_Spinup,1514,6,labsea,a_ice,0.11938
HR_Spinup,1514,7,labsea,a_ice,0.03217
HR_Spinup,1514,8,labsea,a_ice,0.00097
HR_Spinup,1514,9,labsea,a_ice,0.00000
HR_Spinup,1514,10,labsea,a_ice,0.00011
HR_Spinup,1514,11,labsea,a_ice,0.03392
HR_Spinup,1514,12,labsea,a_ice,0.17363
HR_Spinup,1514,1,interior,a_ice,0.04590
HR_Spinup,1514,2,interior,a_ice,0.06328
HR_Spinup,1514,3,interior,a_ice,0.04491
HR_Spinup,1514,4,interior,a_ice,0.05037
HR_Spinup,1514,5,interior,a_ice,0.02447
HR_Spinup,1514,6,interior,a_ice,0.01505
HR_Spinup,1514,7,interior,a_ice,0.00289
HR_Spinup,1514,8,interior,a_ice,0.00000
HR_Spinup,1514,9,interior,a_ice,0.00000
HR_Spinup,1514,10,interior,a_ice,0.00000
HR_Spinup,1514,11,interior,a_ice,0.00544
HR_Spinup,1514,12,interior,a_ice,0.03007
HR_Spinup,1514,1,labsea,MLD2,1292.98243
HR_Spinup,1514,2,labsea,MLD2,1428.66400
HR_Spinup,1514,3,labsea,MLD2,1487.50158
HR_Spinup,1514,4,labsea,MLD2,1271.77261
HR_Spinup,1514,5,labsea,MLD2,586.16841
HR_Spinup,1514,6,labsea,MLD2,47.82869
HR_Spinup,1514,7,labsea,MLD2,26.20438
HR_Spinup,1514,8,labsea,MLD2,22.91241
HR_Spinup,1514,9,labsea,MLD2,33.16297
HR_Spinup,1514,10,labsea,MLD2,52.39904
HR_Spinup,1514,11,labsea,MLD2,102.59410
HR_Spinup,1514,12,labsea,MLD2,469.13314
HR_Spinup,1514,1,interior,MLD2,2284.57220
HR_Spinup,1514,2,interior,MLD2,2497.77662
HR_Spinup,1514,3,interior,MLD2,2462.53854
HR_Spinup,1514,4,interior,MLD2,2145.83503
HR_Spinup,1514,5,interior,MLD2,1206.27064
HR_Spinup,1514,6,interior,MLD2,65.02665
HR_Spinup,1514,7,interior,MLD2,34.43556
HR_Spinup,1514,8,interior,MLD2,29.43982
HR_Spinup,1514,9,interior,MLD2,41.79463
HR_Spinup,1514,10,interior,MLD2,63.59656
HR_Spinup,1514,11,interior,MLD2,130.53924
HR_Spinup,1514,12,interior,MLD2,829.72973
HR_Spinup,1515,1,labsea,a_ice,0.22570
HR_Spinup,1515,2,labsea,a_ice,0.19908
HR_Spinup,1515,3,labsea,a_ice,0.27298
HR_Spinup,1515,4,labsea,a_ice,0.24298
HR_Spinup,1515,5,labsea,a_ice,0.14998
HR_Spinup,1515,6,labsea,a_ice,0.04520
HR_Spinup,1515,7,labsea,a_ice,0.00589
HR_Spinup,1515,8,labsea,a_ice,0.00000
HR_Spinup,1515,9,labsea,a_ice,0.00000
HR_Spinup,1515,10,labsea,a_ice,0.00024
HR_Spinup,1515,11,labsea,a_ice,0.02318
HR_Spinup,1515,12,labsea,a_ice,0.09157
HR_Spinup,1515,1,interior,a_ice,0.05950
HR_Spinup,1515,2,interior,a_ice,0.03438
HR_Spinup,1515,3,interior,a_ice,0.05105
HR_Spinup,1515,4,interior,a_ice,0.05449
HR_Spinup,1515,5,interior,a_ice,0.02970
HR_Spinup,1515,6,interior,a_ice,0.00502
HR_Spinup,1515,7,interior,a_ice,0.00000
HR_Spinup,1515,8,interior,a_ice,0.00000
HR_Spinup,1515,9,interior,a_ice,0.00000
HR_Spinup,1515,10,interior,a_ice,0.00000
HR_Spinup,1515,11,interior,a_ice,0.00001
HR_Spinup,1515,12,interior,a_ice,0.00285
HR_Spinup,1515,1,labsea,MLD2,1195.04716
HR_Spinup,1515,2,labsea,MLD2,1417.02871
HR_Spinup,1515,3,labsea,MLD2,1367.25826
HR_Spinup,1515,4,labsea,MLD2,1300.30850
HR_Spinup,1515,5,labsea,MLD2,282.66770
HR_Spinup,1515,6,labsea,MLD2,33.75899
HR_Spinup,1515,7,labsea,MLD2,21.83727
HR_Spinup,1515,8,labsea,MLD2,17.70755
HR_Spinup,1515,9,labsea,MLD2,30.69964
HR_Spinup,1515,10,labsea,MLD2,44.20885
HR_Spinup,1515,11,labsea,MLD2,94.55338
HR_Spinup,1515,12,labsea,MLD2,179.13021
HR_Spinup,1515,1,interior,MLD2,1828.78649
HR_Spinup,1515,2,interior,MLD2,2138.30970
HR_Spinup,1515,3,interior,MLD2,2119.44604
HR_Spinup,1515,4,interior,MLD2,2103.05311
HR_Spinup,1515,5,interior,MLD2,495.84289
HR_Spinup,1515,6,interior,MLD2,42.27735
HR_Spinup,1515,7,interior,MLD2,27.03526
HR_Spinup,1515,8,interior,MLD2,20.43415
HR_Spinup,1515,9,interior,MLD2,37.91885
HR_Spinup,1515,10,interior,MLD2,54.89089
HR_Spinup,1515,11,interior,MLD2,131.57230
HR_Spinup,1515,12,interior,MLD2,247.40709
HR_Spinup,1516,1,labsea,a_ice,0.19363
HR_Spinup,1516,2,labsea,a_ice,0.22519
HR_Spinup,1516,3,labsea,a_ice,0.20811
HR_Spinup,1516,4,labsea,a_ice,0.20359
HR_Spinup,1516,5,labsea,a_ice,0.14725
HR_Spinup,1516,6,labsea,a_ice,0.07224
HR_Spinup,1516,7,labsea,a_ice,0.01366
HR_Spinup,1516,8,labsea,a_ice,0.00019
HR_Spinup,1516,9,labsea,a_ice,0.00000
HR_Spinup,1516,10,labsea,a_ice,0.00000
HR_Spinup,1516,11,labsea,a_ice,0.01962
HR_Spinup,1516,12,labsea,a_ice,0.12830
HR_Spinup,1516,1,interior,a_ice,0.02420
HR_Spinup,1516,2,interior,a_ice,0.03837
HR_Spinup,1516,3,interior,a_ice,0.02945
HR_Spinup,1516,4,interior,a_ice,0.04536
HR_Spinup,1516,5,interior,a_ice,0.01588
HR_Spinup,1516,6,interior,a_ice,0.00139
HR_Spinup,1516,7,interior,a_ice,0.00000
HR_Spinup,1516,8,interior,a_ice,0.00000
HR_Spinup,1516,9,interior,a_ice,0.00000
HR_Spinup,1516,10,interior,a_ice,0.00000
HR_Spinup,1516,11,interior,a_ice,0.00014
HR_Spinup,1516,12,interior,a_ice,0.00549
HR_Spinup,1516,1,labsea,MLD2,902.35676
HR_Spinup,1516,2,labsea,MLD2,1352.67407
HR_Spinup,1516,3,labsea,MLD2,1353.38116
HR_Spinup,1516,4,labsea,MLD2,1237.42893
HR_Spinup,1516,5,labsea,MLD2,406.53706
HR_Spinup,1516,6,labsea,MLD2,31.46745
HR_Spinup,1516,7,labsea,MLD2,20.69627
HR_Spinup,1516,8,labsea,MLD2,19.87626
HR_Spinup,1516,9,labsea,MLD2,33.57498
HR_Spinup,1516,10,labsea,MLD2,52.11423
HR_Spinup,1516,11,labsea,MLD2,83.49955
HR_Spinup,1516,12,labsea,MLD2,199.77585
HR_Spinup,1516,1,interior,MLD2,1467.33833
HR_Spinup,1516,2,interior,MLD2,2125.95670
HR_Spinup,1516,3,interior,MLD2,2180.59932
HR_Spinup,1516,4,interior,MLD2,2034.08574
HR_Spinup,1516,5,interior,MLD2,811.73394
HR_Spinup,1516,6,interior,MLD2,56.41652
HR_Spinup,1516,7,interior,MLD2,24.57802
HR_Spinup,1516,8,interior,MLD2,22.17157
HR_Spinup,1516,9,interior,MLD2,39.74404
HR_Spinup,1516,10,interior,MLD2,55.41516
HR_Spinup,1516,11,interior,MLD2,96.50478
HR_Spinup,1516,12,interior,MLD2,323.56882
HR_Spinup,1517,1,labsea,a_ice,0.21921
HR_Spinup,1517,2,labsea,a_ice,0.25227
HR_Spinup,1517,3,labsea,a_ice,0.30544
HR_Spinup,1517,4,labsea,a_ice,0.25045
HR_Spinup,1517,5,labsea,a_ice,0.17682
HR_Spinup,1517,6,labsea,a_ice,0.08572
HR_Spinup,1517,7,labsea,a_ice,0.02341
HR_Spinup,1517,8,labsea,a_ice,0.00048
HR_Spinup,1517,9,labsea,a_ice,0.00000
HR_Spinup,1517,10,labsea,a_ice,0.00000
HR_Spinup,1517,11,labsea,a_ice,0.03180
HR_Spinup,1517,12,labsea,a_ice,0.15790
HR_Spinup,1517,1,interior,a_ice,0.03846
HR_Spinup,1517,2,interior,a_ice,0.05185
HR_Spinup,1517,3,interior,a_ice,0.08951
HR_Spinup,1517,4,interior,a_ice,0.12627
HR_Spinup,1517,5,interior,a_ice,0.03089
HR_Spinup,1517,6,interior,a_ice,0.01223
HR_Spinup,1517,7,interior,a_ice,0.00037
HR_Spinup,1517,8,interior,a_ice,0.00000
HR_Spinup,1517,9,interior,a_ice,0.00000
HR_Spinup,1517,10,interior,a_ice,0.00000
HR_Spinup,1517,11,interior,a_ice,0.00028
HR_Spinup,1517,12,interior,a_ice,0.02385
HR_Spinup,1517,1,labsea,MLD2,1001.40042
HR_Spinup,1517,2,labsea,MLD2,1346.97213
HR_Spinup,1517,3,labsea,MLD2,1368.43465
HR_Spinup,1517,4,labsea,MLD2,991.23111
HR_Spinup,1517,5,labsea,MLD2,416.50073
HR_Spinup,1517,6,labsea,MLD2,38.37841
HR_Spinup,1517,7,labsea,MLD2,19.42248
HR_Spinup,1517,8,labsea,MLD2,22.05366
HR_Spinup,1517,9,labsea,MLD2,34.38894
HR_Spinup,1517,10,labsea,MLD2,51.37527
HR_Spinup,1517,11,labsea,MLD2,110.72844
HR_Spinup,1517,12,labsea,MLD2,462.10771
HR_Spinup,1517,1,interior,MLD2,1697.41413
HR_Spinup,1517,2,interior,MLD2,2096.00849
HR_Spinup,1517,3,interior,MLD2,2137.55641
HR_Spinup,1517,4,interior,MLD2,1470.95477
HR_Spinup,1517,5,interior,MLD2,692.42934
HR_Spinup,1517,6,interior,MLD2,50.88623
HR_Spinup,1517,7,interior,MLD2,22.60962
HR_Spinup,1517,8,interior,MLD2,26.75668
HR_Spinup,1517,9,interior,MLD2,43.22956
HR_Spinup,1517,10,interior,MLD2,62.60107
HR_Spinup,1517,11,interior,MLD2,157.34601
HR_Spinup,1517,12,interior,MLD2,862.93098
HR_Spinup,1518,1,labsea,a_ice,0.23731
HR_Spinup,1518,2,labsea,a_ice,0.24755
HR_Spinup,1518,3,labsea,a_ice,0.23015
HR_Spinup,1518,4,labsea,a_ice,0.18588
HR_Spinup,1518,5,labsea,a_ice,0.14327
HR_Spinup,1518,6,labsea,a_ice,0.07130
HR_Spinup,1518,7,labsea,a_ice,0.01281
HR_Spinup,1518,8,labsea,a_ice,0.00000
HR_Spinup,1518,9,labsea,a_ice,0.00000
HR_Spinup,1518,10,labsea,a_ice,0.00003
HR_Spinup,1518,11,labsea,a_ice,0.03504
HR_Spinup,1518,12,labsea,a_ice,0.15552
HR_Spinup,1518,1,interior,a_ice,0.05549
HR_Spinup,1518,2,interior,a_ice,0.07232
HR_Spinup,1518,3,interior,a_ice,0.07138
HR_Spinup,1518,4,interior,a_ice,0.04651
HR_Spinup,1518,5,interior,a_ice,0.01979
HR_Spinup,1518,6,interior,a_ice,0.00066
HR_Spinup,1518,7,interior,a_ice,0.00000
HR_Spinup,1518,8,interior,a_ice,0.00000
HR_Spinup,1518,9,interior,a_ice,0.00000
HR_Spinup,1518,10,interior,a_ice,0.00000
HR_Spinup,1518,11,interior,a_ice,0.00048
HR_Spinup,1518,12,interior,a_ice,0.01641
HR_Spinup,1518,1,labsea,MLD2,1233.44354
HR_Spinup,1518,2,labsea,MLD2,1442.63322
HR_Spinup,1518,3,labsea,MLD2,1439.43479
HR_Spinup,1518,4,labsea,MLD2,1175.96972
HR_Spinup,1518,5,labsea,MLD2,430.15925
HR_Spinup,1518,6,labsea,MLD2,30.31982
HR_Spinup,1518,7,labsea,MLD2,18.97890
HR_Spinup,1518,8,labsea,MLD2,20.66319
HR_Spinup,1518,9,labsea,MLD2,37.17965
HR_Spinup,1518,10,labsea,MLD2,45.11263
HR_Spinup,1518,11,labsea,MLD2,85.03617
HR_Spinup,1518,12,labsea,MLD2,437.19021
HR_Spinup,1518,1,interior,MLD2,2170.91504
HR_Spinup,1518,2,interior,MLD2,2360.52237
HR_Spinup,1518,3,interior,MLD2,2376.43264
HR_Spinup,1518,4,interior,MLD2,2185.39577
HR_Spinup,1518,5,interior,MLD2,930.03189
HR_Spinup,1518,6,interior,MLD2,39.11971
HR_Spinup,1518,7,interior,MLD2,22.97634
HR_Spinup,1518,8,interior,MLD2,24.20210
HR_Spinup,1518,9,interior,MLD2,42.88609
HR_Spinup,1518,10,interior,MLD2,58.54336
HR_Spinup,1518,11,interior,MLD2,126.95895
HR_Spinup,1518,12,interior,MLD2,885.86254
HR_Spinup,1519,1,labsea,a_ice,0.19881
HR_Spinup,1519,2,labsea,a_ice,0.21679
HR_Spinup,1519,3,labsea,a_ice,0.23246
HR_Spinup,1519,4,labsea,a_ice,0.19968
HR_Spinup,1519,5,labsea,a_ice,0.15800
HR_Spinup,1519,6,labsea,a_ice,0.06767
HR_Spinup,1519,7,labsea,a_ice,0.01280
HR_Spinup,1519,8,labsea,a_ice,0.00000
HR_Spinup,1519,9,labsea,a_ice,0.00000
HR_Spinup,1519,10,labsea,a_ice,0.00141
HR_Spinup,1519,11,labsea,a_ice,0.03326
HR_Spinup,1519,12,labsea,a_ice,0.10702
HR_Spinup,1519,1,interior,a_ice,0.03351
HR_Spinup,1519,2,interior,a_ice,0.03518
HR_Spinup,1519,3,interior,a_ice,0.06495
HR_Spinup,1519,4,interior,a_ice,0.04237
HR_Spinup,1519,5,interior,a_ice,0.03977
HR_Spinup,1519,6,interior,a_ice,0.00542
HR_Spinup,1519,7,interior,a_ice,0.00000
HR_Spinup,1519,8,interior,a_ice,0.00000
HR_Spinup,1519,9,interior,a_ice,0.00000
HR_Spinup,1519,10,interior,a_ice,0.00000
HR_Spinup,1519,11,interior,a_ice,0.00004
HR_Spinup,1519,12,interior,a_ice,0.00879
HR_Spinup,1519,1,labsea,MLD2,1062.91462
HR_Spinup,1519,2,labsea,MLD2,1381.14795
HR_Spinup,1519,3,labsea,MLD2,1464.05568
HR_Spinup,1519,4,labsea,MLD2,1278.58637
HR_Spinup,1519,5,labsea,MLD2,996.25848
HR_Spinup,1519,6,labsea,MLD2,54.93733
HR_Spinup,1519,7,labsea,MLD2,18.90639
HR_Spinup,1519,8,labsea,MLD2,18.05354
HR_Spinup,1519,9,labsea,MLD2,27.87657
HR_Spinup,1519,10,labsea,MLD2,51.81647
HR_Spinup,1519,11,labsea,MLD2,85.60609
HR_Spinup,1519,12,labsea,MLD2,184.23034
HR_Spinup,1519,1,interior,MLD2,1925.97364
HR_Spinup,1519,2,interior,MLD2,2377.42945
HR_Spinup,1519,3,interior,MLD2,2406.30863
HR_Spinup,1519,4,interior,MLD2,2001.17707
HR_Spinup,1519,5,interior,MLD2,1693.08707
HR_Spinup,1519,6,interior,MLD2,107.11628
HR_Spinup,1519,7,interior,MLD2,21.75873
HR_Spinup,1519,8,interior,MLD2,20.79917
HR_Spinup,1519,9,interior,MLD2,32.96293
HR_Spinup,1519,10,interior,MLD2,60.65798
HR_Spinup,1519,11,interior,MLD2,124.26173
HR_Spinup,1519,12,interior,MLD2,341.88537
HR_Spinup,1520,1,labsea,a_ice,0.21223
HR_Spinup,1520,2,labsea,a_ice,0.26351
HR_Spinup,1520,3,labsea,a_ice,0.27416
HR_Spinup,1520,4,labsea,a_ice,0.27488
HR_Spinup,1520,5,labsea,a_ice,0.21861
HR_Spinup,1520,6,labsea,a_ice,0.11606
HR_Spinup,1520,7,labsea,a_ice,0.02109
HR_Spinup,1520,8,labsea,a_ice,0.00037
HR_Spinup,1520,9,labsea,a_ice,0.00000
HR_Spinup,1520,10,labsea,a_ice,0.00002
HR_Spinup,1520,11,labsea,a_ice,0.02241
HR_Spinup,1520,12,labsea,a_ice,0.13785
HR_Spinup,1520,1,interior,a_ice,0.02339
HR_Spinup,1520,2,interior,a_ice,0.06366
HR_Spinup,1520,3,interior,a_ice,0.05884
HR_Spinup,1520,4,interior,a_ice,0.07359
HR_Spinup,1520,5,interior,a_ice,0.07656
HR_Spinup,1520,6,interior,a_ice,0.02975
HR_Spinup,1520,7,interior,a_ice,0.00080
HR_Spinup,1520,8,interior,a_ice,0.00000
HR_Spinup,1520,9,interior,a_ice,0.00000
HR_Spinup,1520,10,interior,a_ice,0.00000
HR_Spinup,1520,11,interior,a_ice,0.00001
HR_Spinup,1520,12,interior,a_ice,0.01484
HR_Spinup,1520,1,labsea,MLD2,1081.17143
HR_Spinup,1520,2,labsea,MLD2,1339.52234
HR_Spinup,1520,3,labsea,MLD2,1300.24738
HR_Spinup,1520,4,labsea,MLD2,1205.61096
HR_Spinup,1520,5,labsea,MLD2,980.07607
HR_Spinup,1520,6,labsea,MLD2,106.59820
HR_Spinup,1520,7,labsea,MLD2,15.66984
HR_Spinup,1520,8,labsea,MLD2,16.86363
HR_Spinup,1520,9,labsea,MLD2,21.28168
HR_Spinup,1520,10,labsea,MLD2,38.75405
HR_Spinup,1520,11,labsea,MLD2,86.55263
HR_Spinup,1520,12,labsea,MLD2,582.90645
HR_Spinup,1520,1,interior,MLD2,1988.11305
HR_Spinup,1520,2,interior,MLD2,2246.07514
HR_Spinup,1520,3,interior,MLD2,2076.10885
HR_Spinup,1520,4,interior,MLD2,1690.70163
HR_Spinup,1520,5,interior,MLD2,1428.20358
HR_Spinup,1520,6,interior,MLD2,189.29869
HR_Spinup,1520,7,interior,MLD2,17.33037
HR_Spinup,1520,8,interior,MLD2,18.47351
HR_Spinup,1520,9,interior,MLD2,25.52494
HR_Spinup,1520,10,interior,MLD2,42.98685
HR_Spinup,1520,11,interior,MLD2,109.28358
HR_Spinup,1520,12,interior,MLD2,964.18766
HR_Spinup,1521,1,labsea,a_ice,0.28380
HR_Spinup,1521,2,labsea,a_ice,0.35199
HR_Spinup,1521,3,labsea,a_ice,0.29366
HR_Spinup,1521,4,labsea,a_ice,0.27309
HR_Spinup,1521,5,labsea,a_ice,0.19775
HR_Spinup,1521,6,labsea,a_ice,0.07781
HR_Spinup,1521,7,labsea,a_ice,0.01581
HR_Spinup,1521,8,labsea,a_ice,0.00029
HR_Spinup,1521,9,labsea,a_ice,0.00000
HR_Spinup,1521,10,labsea,a_ice,0.00031
HR_Spinup,1521,11,labsea,a_ice,0.04363
HR_Spinup,1521,12,labsea,a_ice,0.16372
HR_Spinup,1521,1,interior,a_ice,0.09274
HR_Spinup,1521,2,interior,a_ice,0.16732
HR_Spinup,1521,3,interior,a_ice,0.10186
HR_Spinup,1521,4,interior,a_ice,0.09748
HR_Spinup,1521,5,interior,a_ice,0.09005
HR_Spinup,1521,6,interior,a_ice,0.01920
HR_Spinup,1521,7,interior,a_ice,0.00000
HR_Spinup,1521,8,interior,a_ice,0.00000
HR_Spinup,1521,9,interior,a_ice,0.00000
HR_Spinup,1521,10,interior,a_ice,0.00000
HR_Spinup,1521,11,interior,a_ice,0.00003
HR_Spinup,1521,12,interior,a_ice,0.02576
HR_Spinup,1521,1,labsea,MLD2,1250.06861
HR_Spinup,1521,2,labsea,MLD2,1342.14495
HR_Spinup,1521,3,labsea,MLD2,1157.64115
HR_Spinup,1521,4,labsea,MLD2,1058.17969
HR_Spinup,1521,5,labsea,MLD2,846.04236
HR_Spinup,1521,6,labsea,MLD2,89.96092
HR_Spinup,1521,7,labsea,MLD2,16.51216
HR_Spinup,1521,8,labsea,MLD2,14.88679
HR_Spinup,1521,9,labsea,MLD2,27.48677
HR_Spinup,1521,10,labsea,MLD2,52.52037
HR_Spinup,1521,11,labsea,MLD2,123.26436
HR_Spinup,1521,12,labsea,MLD2,851.28847
HR_Spinup,1521,1,interior,MLD2,1841.09982
HR_Spinup,1521,2,interior,MLD2,1979.43490
HR_Spinup,1521,3,interior,MLD2,1950.70328
HR_Spinup,1521,4,interior,MLD2,1635.51463
HR_Spinup,1521,5,interior,MLD2,1259.47449
HR_Spinup,1521,6,interior,MLD2,122.75141
HR_Spinup,1521,7,interior,MLD2,17.63117
HR_Spinup,1521,8,interior,MLD2,15.05447
HR_Spinup,1521,9,interior,MLD2,31.53304
HR_Spinup,1521,10,interior,MLD2,57.58445
HR_Spinup,1521,11,interior,MLD2,177.44459
HR_Spinup,1521,12,interior,MLD2,1498.69459
HR_Spinup,1522,1,labsea,a_ice,0.21755
HR_Spinup,1522,2,labsea,a_ice,0.27514
HR_Spinup,1522,3,labsea,a_ice,0.32522
HR_Spinup,1522,4,labsea,a_ice,0.29314
HR_Spinup,1522,5,labsea,a_ice,0.19477
HR_Spinup,1522,6,labsea,a_ice,0.04207
HR_Spinup,1522,7,labsea,a_ice,0.00128
HR_Spinup,1522,8,labsea,a_ice,0.00000
HR_Spinup,1522,9,labsea,a_ice,0.00000
HR_Spinup,1522,10,labsea,a_ice,0.00004
HR_Spinup,1522,11,labsea,a_ice,0.03188
HR_Spinup,1522,12,labsea,a_ice,0.15542
HR_Spinup,1522,1,interior,a_ice,0.05347
HR_Spinup,1522,2,interior,a_ice,0.06060
HR_Spinup,1522,3,interior,a_ice,0.10985
HR_Spinup,1522,4,interior,a_ice,0.07164
HR_Spinup,1522,5,interior,a_ice,0.02684
HR_Spinup,1522,6,interior,a_ice,0.00914
HR_Spinup,1522,7,interior,a_ice,0.00000
HR_Spinup,1522,8,interior,a_ice,0.00000
HR_Spinup,1522,9,interior,a_ice,0.00000
HR_Spinup,1522,10,interior,a_ice,0.00000
HR_Spinup,1522,11,interior,a_ice,0.00003
HR_Spinup,1522,12,interior,a_ice,0.01323
HR_Spinup,1522,1,labsea,MLD2,1285.09204
HR_Spinup,1522,2,labsea,MLD2,1418.61510
HR_Spinup,1522,3,labsea,MLD2,1428.52757
HR_Spinup,1522,4,labsea,MLD2,1202.81326
HR_Spinup,1522,5,labsea,MLD2,380.92093
HR_Spinup,1522,6,labsea,MLD2,36.50843
HR_Spinup,1522,7,labsea,MLD2,21.58211
HR_Spinup,1522,8,labsea,MLD2,18.25056
HR_Spinup,1522,9,labsea,MLD2,28.58803
HR_Spinup,1522,10,labsea,MLD2,42.06782
HR_Spinup,1522,11,labsea,MLD2,101.24796
HR_Spinup,1522,12,labsea,MLD2,410.34769
HR_Spinup,1522,1,interior,MLD2,2117.29908
HR_Spinup,1522,2,interior,MLD2,2310.59465
HR_Spinup,1522,3,interior,MLD2,2236.35361
HR_Spinup,1522,4,interior,MLD2,1946.61654
HR_Spinup,1522,5,interior,MLD2,712.82334
HR_Spinup,1522,6,interior,MLD2,48.28554
HR_Spinup,1522,7,interior,MLD2,27.85866
HR_Spinup,1522,8,interior,MLD2,21.50990
HR_Spinup,1522,9,interior,MLD2,36.60378
HR_Spinup,1522,10,interior,MLD2,49.94838
HR_Spinup,1522,11,interior,MLD2,131.39165
HR_Spinup,1522,12,interior,MLD2,824.26811
HR_Spinup,1523,1,labsea,a_ice,0.25110
HR_Spinup,1523,2,labsea,a_ice,0.28453
HR_Spinup,1523,3,labsea,a_ice,0.26921
HR_Spinup,1523,4,labsea,a_ice,0.23233
HR_Spinup,1523,5,labsea,a_ice,0.16896
HR_Spinup,1523,6,labsea,a_ice,0.06361
HR_Spinup,1523,7,labsea,a_ice,0.00555
HR_Spinup,1523,8,labsea,a_ice,0.00000
HR_Spinup,1523,9,labsea,a_ice,0.00000
HR_Spinup,1523,10,labsea,a_ice,0.00009
HR_Spinup,1523,11,labsea,a_ice,0.02398
HR_Spinup,1523,12,labsea,a_ice,0.15068
HR_Spinup,1523,1,interior,a_ice,0.08972
HR_Spinup,1523,2,interior,a_ice,0.08714
HR_Spinup,1523,3,interior,a_ice,0.07461
HR_Spinup,1523,4,interior,a_ice,0.03220
HR_Spinup,1523,5,interior,a_ice,0.02548
HR_Spinup,1523,6,interior,a_ice,0.01151
HR_Spinup,1523,7,interior,a_ice,0.00001
HR_Spinup,1523,8,interior,a_ice,0.00000
HR_Spinup,1523,9,interior,a_ice,0.00000
HR_Spinup,1523,10,interior,a_ice,0.00000
HR_Spinup,1523,11,interior,a_ice,0.00113
HR_Spinup,1523,12,interior,a_ice,0.02930
HR_Spinup,1523,1,labsea,MLD2,1136.87863
HR_Spinup,1523,2,labsea,MLD2,1299.29287
HR_Spinup,1523,3,labsea,MLD2,1428.76652
HR_Spinup,1523,4,labsea,MLD2,1282.01650
HR_Spinup,1523,5,labsea,MLD2,653.42443
HR_Spinup,1523,6,labsea,MLD2,25.26358
HR_Spinup,1523,7,labsea,MLD2,11.32420
HR_Spinup,1523,8,labsea,MLD2,17.41715
HR_Spinup,1523,9,labsea,MLD2,25.98950
HR_Spinup,1523,10,labsea,MLD2,46.74734
HR_Spinup,1523,11,labsea,MLD2,124.79629
HR_Spinup,1523,12,labsea,MLD2,818.07172
HR_Spinup,1523,1,interior,MLD2,1958.05386
HR_Spinup,1523,2,interior,MLD2,2156.55604
HR_Spinup,1523,3,interior,MLD2,2257.12978
HR_Spinup,1523,4,interior,MLD2,1996.23777
HR_Spinup,1523,5,interior,MLD2,1151.58504
HR_Spinup,1523,6,interior,MLD2,30.13845
HR_Spinup,1523,7,interior,MLD2,11.69788
HR_Spinup,1523,8,interior,MLD2,21.36307
HR_Spinup,1523,9,interior,MLD2,31.07325
HR_Spinup,1523,10,interior,MLD2,56.90486
HR_Spinup,1523,11,interior,MLD2,161.03821
HR_Spinup,1523,12,interior,MLD2,1211.14112
HR_Spinup,1524,1,labsea,a_ice,0.22447
HR_Spinup,1524,2,labsea,a_ice,0.32182
HR_Spinup,1524,3,labsea,a_ice,0.31266
HR_Spinup,1524,4,labsea,a_ice,0.28951
HR_Spinup,1524,5,labsea,a_ice,0.18487
HR_Spinup,1524,6,labsea,a_ice,0.05111
HR_Spinup,1524,7,labsea,a_ice,0.00729
HR_Spinup,1524,8,labsea,a_ice,0.00013
HR_Spinup,1524,9,labsea,a_ice,0.00004
HR_Spinup,1524,10,labsea,a_ice,0.00066
HR_Spinup,1524,11,labsea,a_ice,0.04528
HR_Spinup,1524,12,labsea,a_ice,0.20869
HR_Spinup,1524,1,interior,a_ice,0.04564
HR_Spinup,1524,2,interior,a_ice,0.11625
HR_Spinup,1524,3,interior,a_ice,0.15462
HR_Spinup,1524,4,interior,a_ice,0.07664
HR_Spinup,1524,5,interior,a_ice,0.04287
HR_Spinup,1524,6,interior,a_ice,0.00428
HR_Spinup,1524,7,interior,a_ice,0.00018
HR_Spinup,1524,8,interior,a_ice,0.00000
HR_Spinup,1524,9,interior,a_ice,0.00000
HR_Spinup,1524,10,interior,a_ice,0.00009
HR_Spinup,1524,11,interior,a_ice,0.00105
HR_Spinup,1524,12,interior,a_ice,0.03384
HR_Spinup,1524,1,labsea,MLD2,1424.29361
HR_Spinup,1524,2,labsea,MLD2,1331.49687
HR_Spinup,1524,3,labsea,MLD2,1214.70059
HR_Spinup,1524,4,labsea,MLD2,1164.05988
HR_Spinup,1524,5,labsea,MLD2,331.98764
HR_Spinup,1524,6,labsea,MLD2,34.03304
HR_Spinup,1524,7,labsea,MLD2,23.79926
HR_Spinup,1524,8,labsea,MLD2,18.35776
HR_Spinup,1524,9,labsea,MLD2,24.18092
HR_Spinup,1524,10,labsea,MLD2,49.26810
HR_Spinup,1524,11,labsea,MLD2,120.18195
HR_Spinup,1524,12,labsea,MLD2,887.26532
HR_Spinup,1524,1,interior,MLD2,2163.88181
HR_Spinup,1524,2,interior,MLD2,1866.93830
HR_Spinup,1524,3,interior,MLD2,1713.95429
HR_Spinup,1524,4,interior,MLD2,1771.70799
HR_Spinup,1524,5,interior,MLD2,511.31066
HR_Spinup,1524,6,interior,MLD2,40.81425
HR_Spinup,1524,7,interior,MLD2,30.19763
HR_Spinup,1524,8,interior,MLD2,20.96137
HR_Spinup,1524,9,interior,MLD2,28.00388
HR_Spinup,1524,10,interior,MLD2,59.95432
HR_Spinup,1524,11,interior,MLD2,169.96079
HR_Spinup,1524,12,interior,MLD2,1536.54170
HR_Spinup,1525,1,labsea,a_ice,0.32325
HR_Spinup,1525,2,labsea,a_ice,0.29785
HR_Spinup,1525,3,labsea,a_ice,0.29051
HR_Spinup,1525,4,labsea,a_ice,0.21736
HR_Spinup,1525,5,labsea,a_ice,0.14776
HR_Spinup,1525,6,labsea,a_ice,0.05750
HR_Spinup,1525,7,labsea,a_ice,0.00853
HR_Spinup,1525,8,labsea,a_ice,0.00071
HR_Spinup,1525,9,labsea,a_ice,0.00000
HR_Spinup,1525,10,labsea,a_ice,0.00341
HR_Spinup,1525,11,labsea,a_ice,0.03833
HR_Spinup,1525,12,labsea,a_ice,0.15336
HR_Spinup,1525,1,interior,a_ice,0.10148
HR_Spinup,1525,2,interior,a_ice,0.05635
HR_Spinup,1525,3,interior,a_ice,0.07700
HR_Spinup,1525,4,interior,a_ice,0.04798
HR_Spinup,1525,5,interior,a_ice,0.01363
HR_Spinup,1525,6,interior,a_ice,0.01408
HR_Spinup,1525,7,interior,a_ice,0.00005
HR_Spinup,1525,8,interior,a_ice,0.00000
HR_Spinup,1525,9,interior,a_ice,0.00000
HR_Spinup,1525,10,interior,a_ice,0.00000
HR_Spinup,1525,11,interior,a_ice,0.00112
HR_Spinup,1525,12,interior,a_ice,0.01925
HR_Spinup,1525,1,labsea,MLD2,1289.14254
HR_Spinup,1525,2,labsea,MLD2,1362.89528
HR_Spinup,1525,3,labsea,MLD2,1312.86478
HR_Spinup,1525,4,labsea,MLD2,1167.78464
HR_Spinup,1525,5,labsea,MLD2,459.69646
HR_Spinup,1525,6,labsea,MLD2,75.15653
HR_Spinup,1525,7,labsea,MLD2,20.98835
HR_Spinup,1525,8,labsea,MLD2,19.06801
HR_Spinup,1525,9,labsea,MLD2,29.44715
HR_Spinup,1525,10,labsea,MLD2,51.60104
HR_Spinup,1525,11,labsea,MLD2,106.54574
HR_Spinup,1525,12,labsea,MLD2,731.55235
HR_Spinup,1525,1,interior,MLD2,2201.01174
HR_Spinup,1525,2,interior,MLD2,2305.09066
HR_Spinup,1525,3,interior,MLD2,2252.70734
HR_Spinup,1525,4,interior,MLD2,2118.33058
HR_Spinup,1525,5,interior,MLD2,891.80114
HR_Spinup,1525,6,interior,MLD2,130.66220
HR_Spinup,1525,7,interior,MLD2,25.21956
HR_Spinup,1525,8,interior,MLD2,21.74617
HR_Spinup,1525,9,interior,MLD2,36.95728
HR_Spinup,1525,10,interior,MLD2,64.14168
HR_Spinup,1525,11,interior,MLD2,151.88626
HR_Spinup,1525,12,interior,MLD2,1309.52089
HR_Spinup,1526,1,labsea,a_ice,0.22380
HR_Spinup,1526,2,labsea,a_ice,0.31154
HR_Spinup,1526,3,labsea,a_ice,0.29962
HR_Spinup,1526,4,labsea,a_ice,0.26635
HR_Spinup,1526,5,labsea,a_ice,0.20846
HR_Spinup,1526,6,labsea,a_ice,0.11828
HR_Spinup,1526,7,labsea,a_ice,0.02469
HR_Spinup,1526,8,labsea,a_ice,0.00003
HR_Spinup,1526,9,labsea,a_ice,0.00000
HR_Spinup,1526,10,labsea,a_ice,0.00016
HR_Spinup,1526,11,labsea,a_ice,0.01888
HR_Spinup,1526,12,labsea,a_ice,0.15628
HR_Spinup,1526,1,interior,a_ice,0.04367
HR_Spinup,1526,2,interior,a_ice,0.10204
HR_Spinup,1526,3,interior,a_ice,0.10044
HR_Spinup,1526,4,interior,a_ice,0.07388
HR_Spinup,1526,5,interior,a_ice,0.04534
HR_Spinup,1526,6,interior,a_ice,0.01711
HR_Spinup,1526,7,interior,a_ice,0.00059
HR_Spinup,1526,8,interior,a_ice,0.00000
HR_Spinup,1526,9,interior,a_ice,0.00000
HR_Spinup,1526,10,interior,a_ice,0.00000
HR_Spinup,1526,11,interior,a_ice,0.00035
HR_Spinup,1526,12,interior,a_ice,0.02658
HR_Spinup,1526,1,labsea,MLD2,1341.11464
HR_Spinup,1526,2,labsea,MLD2,1334.53852
HR_Spinup,1526,3,labsea,MLD2,1368.51014
HR_Spinup,1526,4,labsea,MLD2,1159.13638
HR_Spinup,1526,5,labsea,MLD2,481.68995
HR_Spinup,1526,6,labsea,MLD2,49.06693
HR_Spinup,1526,7,labsea,MLD2,25.12134
HR_Spinup,1526,8,labsea,MLD2,22.34103
HR_Spinup,1526,9,labsea,MLD2,30.90928
HR_Spinup,1526,10,labsea,MLD2,36.50492
HR_Spinup,1526,11,labsea,MLD2,64.84939
HR_Spinup,1526,12,labsea,MLD2,265.65265
HR_Spinup,1526,1,interior,MLD2,2314.66927
HR_Spinup,1526,2,interior,MLD2,1976.42912
HR_Spinup,1526,3,interior,MLD2,2031.20815
HR_Spinup,1526,4,interior,MLD2,1930.19037
HR_Spinup,1526,5,interior,MLD2,1012.17434
HR_Spinup,1526,6,interior,MLD2,80.83770
HR_Spinup,1526,7,interior,MLD2,33.09502
HR_Spinup,1526,8,interior,MLD2,26.42431
HR_Spinup,1526,9,interior,MLD2,38.15422
HR_Spinup,1526,10,interior,MLD2,43.75075
HR_Spinup,1526,11,interior,MLD2,82.11220
HR_Spinup,1526,12,interior,MLD2,396.70437
HR_Spinup,1527,1,labsea,a_ice,0.26835
HR_Spinup,1527,2,labsea,a_ice,0.32633
HR_Spinup,1527,3,labsea,a_ice,0.30804
HR_Spinup,1527,4,labsea,a_ice,0.27426
HR_Spinup,1527,5,labsea,a_ice,0.21049
HR_Spinup,1527,6,labsea,a_ice,0.05451
HR_Spinup,1527,7,labsea,a_ice,0.00401
HR_Spinup,1527,8,labsea,a_ice,0.00000
HR_Spinup,1527,9,labsea,a_ice,0.00000
HR_Spinup,1527,10,labsea,a_ice,0.00010
HR_Spinup,1527,11,labsea,a_ice,0.03496
HR_Spinup,1527,12,labsea,a_ice,0.20399
HR_Spinup,1527,1,interior,a_ice,0.09370
HR_Spinup,1527,2,interior,a_ice,0.15103
HR_Spinup,1527,3,interior,a_ice,0.10114
HR_Spinup,1527,4,interior,a_ice,0.07655
HR_Spinup,1527,5,interior,a_ice,0.07611
HR_Spinup,1527,6,interior,a_ice,0.00635
HR_Spinup,1527,7,interior,a_ice,0.00000
HR_Spinup,1527,8,interior,a_ice,0.00000
HR_Spinup,1527,9,interior,a_ice,0.00000
HR_Spinup,1527,10,interior,a_ice,0.00000
HR_Spinup,1527,11,interior,a_ice,0.00079
HR_Spinup,1527,12,interior,a_ice,0.03634
HR_Spinup,1527,1,labsea,MLD2,1051.14327
HR_Spinup,1527,2,labsea,MLD2,1021.01247
HR_Spinup,1527,3,labsea,MLD2,985.64441
HR_Spinup,1527,4,labsea,MLD2,903.31900
HR_Spinup,1527,5,labsea,MLD2,395.99381
HR_Spinup,1527,6,labsea,MLD2,26.02458
HR_Spinup,1527,7,labsea,MLD2,19.48154
HR_Spinup,1527,8,labsea,MLD2,16.62040
HR_Spinup,1527,9,labsea,MLD2,25.91521
HR_Spinup,1527,10,labsea,MLD2,46.62766
HR_Spinup,1527,11,labsea,MLD2,151.10587
HR_Spinup,1527,12,labsea,MLD2,842.75445
HR_Spinup,1527,1,interior,MLD2,1387.67727
HR_Spinup,1527,2,interior,MLD2,1323.32823
HR_Spinup,1527,3,interior,MLD2,1460.57931
HR_Spinup,1527,4,interior,MLD2,1289.09742
HR_Spinup,1527,5,interior,MLD2,522.73165
HR_Spinup,1527,6,interior,MLD2,30.95358
HR_Spinup,1527,7,interior,MLD2,21.58721
HR_Spinup,1527,8,interior,MLD2,19.02206
HR_Spinup,1527,9,interior,MLD2,29.82189
HR_Spinup,1527,10,interior,MLD2,56.38954
HR_Spinup,1527,11,interior,MLD2,257.23062
HR_Spinup,1527,12,interior,MLD2,1701.85528
HR_Spinup,1528,1,labsea,a_ice,0.32862
HR_Spinup,1528,2,labsea,a_ice,0.37017
HR_Spinup,1528,3,labsea,a_ice,0.38553
HR_Spinup,1528,4,labsea,a_ice,0.29156
HR_Spinup,1528,5,labsea,a_ice,0.22446
HR_Spinup,1528,6,labsea,a_ice,0.11494
HR_Spinup,1528,7,labsea,a_ice,0.01735
HR_Spinup,1528,8,labsea,a_ice,0.00074
HR_Spinup,1528,9,labsea,a_ice,0.00000
HR_Spinup,1528,10,labsea,a_ice,0.00287
HR_Spinup,1528,11,labsea,a_ice,0.06591
HR_Spinup,1528,12,labsea,a_ice,0.21066
HR_Spinup,1528,1,interior,a_ice,0.08767
HR_Spinup,1528,2,interior,a_ice,0.15192
HR_Spinup,1528,3,interior,a_ice,0.16448
HR_Spinup,1528,4,interior,a_ice,0.10038
HR_Spinup,1528,5,interior,a_ice,0.04131
HR_Spinup,1528,6,interior,a_ice,0.01338
HR_Spinup,1528,7,interior,a_ice,0.00000
HR_Spinup,1528,8,interior,a_ice,0.00000
HR_Spinup,1528,9,interior,a_ice,0.00000
HR_Spinup,1528,10,interior,a_ice,0.00000
HR_Spinup,1528,11,interior,a_ice,0.00495
HR_Spinup,1528,12,interior,a_ice,0.05035
HR_Spinup,1528,1,labsea,MLD2,1324.14052
HR_Spinup,1528,2,labsea,MLD2,1378.21741
HR_Spinup,1528,3,labsea,MLD2,1246.20751
HR_Spinup,1528,4,labsea,MLD2,984.66828
HR_Spinup,1528,5,labsea,MLD2,407.79998
HR_Spinup,1528,6,labsea,MLD2,27.46458
HR_Spinup,1528,7,labsea,MLD2,23.57227
HR_Spinup,1528,8,labsea,MLD2,26.28231
HR_Spinup,1528,9,labsea,MLD2,31.94305
HR_Spinup,1528,10,labsea,MLD2,46.87914
HR_Spinup,1528,11,labsea,MLD2,106.41459
HR_Spinup,1528,12,labsea,MLD2,861.91994
HR_Spinup,1528,1,interior,MLD2,2255.77856
HR_Spinup,1528,2,interior,MLD2,2216.76730
HR_Spinup,1528,3,interior,MLD2,1978.85050
HR_Spinup,1528,4,interior,MLD2,1556.57348
HR_Spinup,1528,5,interior,MLD2,762.27888
HR_Spinup,1528,6,interior,MLD2,34.19327
HR_Spinup,1528,7,interior,MLD2,28.96037
HR_Spinup,1528,8,interior,MLD2,31.77649
HR_Spinup,1528,9,interior,MLD2,38.39073
HR_Spinup,1528,10,interior,MLD2,55.39178
HR_Spinup,1528,11,interior,MLD2,131.26440
HR_Spinup,1528,12,interior,MLD2,1400.72005
HR_Spinup,1529,1,labsea,a_ice,0.34580
HR_Spinup,1529,2,labsea,a_ice,0.37527
HR_Spinup,1529,3,labsea,a_ice,0.37577
HR_Spinup,1529,4,labsea,a_ice,0.32489
HR_Spinup,1529,5,labsea,a_ice,0.21013
HR_Spinup,1529,6,labsea,a_ice,0.09424
HR_Spinup,1529,7,labsea,a_ice,0.00825
HR_Spinup,1529,8,labsea,a_ice,0.00000
HR_Spinup,1529,9,labsea,a_ice,0.00000
HR_Spinup,1529,10,labsea,a_ice,0.00000
HR_Spinup,1529,11,labsea,a_ice,0.00178
HR_Spinup,1529,12,labsea,a_ice,0.12623
HR_Spinup,1529,1,interior,a_ice,0.19146
HR_Spinup,1529,2,interior,a_ice,0.22032
HR_Spinup,1529,3,interior,a_ice,0.19140
HR_Spinup,1529,4,interior,a_ice,0.14139
HR_Spinup,1529,5,interior,a_ice,0.04076
HR_Spinup,1529,6,interior,a_ice,0.00141
HR_Spinup,1529,7,interior,a_ice,0.00002
HR_Spinup,1529,8,interior,a_ice,0.00000
HR_Spinup,1529,9,interior,a_ice,0.00000
HR_Spinup,1529,10,interior,a_ice,0.00000
HR_Spinup,1529,11,interior,a_ice,0.00001
HR_Spinup,1529,12,interior,a_ice,0.01597
HR_Spinup,1529,1,labsea,MLD2,1128.46536
HR_Spinup,1529,2,labsea,MLD2,1182.25935
HR_Spinup,1529,3,labsea,MLD2,1226.14548
HR_Spinup,1529,4,labsea,MLD2,1223.77309
HR_Spinup,1529,5,labsea,MLD2,380.56079
HR_Spinup,1529,6,labsea,MLD2,23.21971
HR_Spinup,1529,7,labsea,MLD2,17.76002
HR_Spinup,1529,8,labsea,MLD2,19.45877
HR_Spinup,1529,9,labsea,MLD2,31.77294
HR_Spinup,1529,10,labsea,MLD2,48.71745
HR_Spinup,1529,11,labsea,MLD2,90.46234
HR_Spinup,1529,12,labsea,MLD2,620.43011
HR_Spinup,1529,1,interior,MLD2,1546.96324
HR_Spinup,1529,2,interior,MLD2,1600.55142
HR_Spinup,1529,3,interior,MLD2,1701.71052
HR_Spinup,1529,4,interior,MLD2,1691.71794
HR_Spinup,1529,5,interior,MLD2,557.75176
HR_Spinup,1529,6,interior,MLD2,29.13530
HR_Spinup,1529,7,interior,MLD2,20.43933
HR_Spinup,1529,8,interior,MLD2,23.50579
HR_Spinup,1529,9,interior,MLD2,39.44520
HR_Spinup,1529,10,interior,MLD2,60.37363
HR_Spinup,1529,11,interior,MLD2,125.35681
HR_Spinup,1529,12,interior,MLD2,1053.19635
HR_Spinup,1530,1,labsea,a_ice,0.24133
HR_Spinup,1530,2,labsea,a_ice,0.28937
HR_Spinup,1530,3,labsea,a_ice,0.26845
HR_Spinup,1530,4,labsea,a_ice,0.26286
HR_Spinup,1530,5,labsea,a_ice,0.20014
HR_Spinup,1530,6,labsea,a_ice,0.05827
HR_Spinup,1530,7,labsea,a_ice,0.00173
HR_Spinup,1530,8,labsea,a_ice,0.00000
HR_Spinup,1530,9,labsea,a_ice,0.00000
HR_Spinup,1530,10,labsea,a_ice,0.00000
HR_Spinup,1530,11,labsea,a_ice,0.01830
HR_Spinup,1530,12,labsea,a_ice,0.10159
HR_Spinup,1530,1,interior,a_ice,0.05574
HR_Spinup,1530,2,interior,a_ice,0.08454
HR_Spinup,1530,3,interior,a_ice,0.06738
HR_Spinup,1530,4,interior,a_ice,0.09067
HR_Spinup,1530,5,interior,a_ice,0.08178
HR_Spinup,1530,6,interior,a_ice,0.00308
HR_Spinup,1530,7,interior,a_ice,0.00000
HR_Spinup,1530,8,interior,a_ice,0.00000
HR_Spinup,1530,9,interior,a_ice,0.00000
HR_Spinup,1530,10,interior,a_ice,0.00000
HR_Spinup,1530,11,interior,a_ice,0.00000
HR_Spinup,1530,12,interior,a_ice,0.00557
HR_Spinup,1530,1,labsea,MLD2,1340.03038
HR_Spinup,1530,2,labsea,MLD2,1343.87055
HR_Spinup,1530,3,labsea,MLD2,1408.95755
HR_Spinup,1530,4,labsea,MLD2,1301.66848
HR_Spinup,1530,5,labsea,MLD2,642.26449
HR_Spinup,1530,6,labsea,MLD2,20.24038
HR_Spinup,1530,7,labsea,MLD2,19.03304
HR_Spinup,1530,8,labsea,MLD2,23.38142
HR_Spinup,1530,9,labsea,MLD2,30.57808
HR_Spinup,1530,10,labsea,MLD2,40.18950
HR_Spinup,1530,11,labsea,MLD2,91.77655
HR_Spinup,1530,12,labsea,MLD2,299.40386
HR_Spinup,1530,1,interior,MLD2,2200.79992
HR_Spinup,1530,2,interior,MLD2,2211.90728
HR_Spinup,1530,3,interior,MLD2,2242.93131
HR_Spinup,1530,4,interior,MLD2,2106.03100
HR_Spinup,1530,5,interior,MLD2,1021.95649
HR_Spinup,1530,6,interior,MLD2,24.35503
HR_Spinup,1530,7,interior,MLD2,23.64243
HR_Spinup,1530,8,interior,MLD2,26.86085
HR_Spinup,1530,9,interior,MLD2,37.15897
HR_Spinup,1530,10,interior,MLD2,50.11536
HR_Spinup,1530,11,interior,MLD2,121.27963
HR_Spinup,1530,12,interior,MLD2,537.43727
HR_Spinup,1531,1,labsea,a_ice,0.22429
HR_Spinup,1531,2,labsea,a_ice,0.28049
HR_Spinup,1531,3,labsea,a_ice,0.27839
HR_Spinup,1531,4,labsea,a_ice,0.28149
HR_Spinup,1531,5,labsea,a_ice,0.17253
HR_Spinup,1531,6,labsea,a_ice,0.06056
HR_Spinup,1531,7,labsea,a_ice,0.01182
HR_Spinup,1531,8,labsea,a_ice,0.00122
HR_Spinup,1531,9,labsea,a_ice,0.00000
HR_Spinup,1531,10,labsea,a_ice,0.00012
HR_Spinup,1531,11,labsea,a_ice,0.04437
HR_Spinup,1531,12,labsea,a_ice,0.17487
HR_Spinup,1531,1,interior,a_ice,0.02994
HR_Spinup,1531,2,interior,a_ice,0.06218
HR_Spinup,1531,3,interior,a_ice,0.07015
HR_Spinup,1531,4,interior,a_ice,0.07805
HR_Spinup,1531,5,interior,a_ice,0.06470
HR_Spinup,1531,6,interior,a_ice,0.00200
HR_Spinup,1531,7,interior,a_ice,0.00001
HR_Spinup,1531,8,interior,a_ice,0.00000
HR_Spinup,1531,9,interior,a_ice,0.00000
HR_Spinup,1531,10,interior,a_ice,0.00000
HR_Spinup,1531,11,interior,a_ice,0.00012
HR_Spinup,1531,12,interior,a_ice,0.01903
HR_Spinup,1531,1,labsea,MLD2,1240.69649
HR_Spinup,1531,2,labsea,MLD2,1447.08789
HR_Spinup,1531,3,labsea,MLD2,1419.63275
HR_Spinup,1531,4,labsea,MLD2,1163.53768
HR_Spinup,1531,5,labsea,MLD2,624.76710
HR_Spinup,1531,6,labsea,MLD2,33.74480
HR_Spinup,1531,7,labsea,MLD2,19.10197
HR_Spinup,1531,8,labsea,MLD2,15.71903
HR_Spinup,1531,9,labsea,MLD2,27.31384
HR_Spinup,1531,10,labsea,MLD2,49.95102
HR_Spinup,1531,11,labsea,MLD2,120.95843
HR_Spinup,1531,12,labsea,MLD2,467.54850
HR_Spinup,1531,1,interior,MLD2,2151.52151
HR_Spinup,1531,2,interior,MLD2,2332.47280
HR_Spinup,1531,3,interior,MLD2,2302.75659
HR_Spinup,1531,4,interior,MLD2,1758.88017
HR_Spinup,1531,5,interior,MLD2,995.69255
HR_Spinup,1531,6,interior,MLD2,44.13245
HR_Spinup,1531,7,interior,MLD2,23.34985
HR_Spinup,1531,8,interior,MLD2,18.35708
HR_Spinup,1531,9,interior,MLD2,34.41512
HR_Spinup,1531,10,interior,MLD2,63.29917
HR_Spinup,1531,11,interior,MLD2,172.24303
HR_Spinup,1531,12,interior,MLD2,742.68268
HR_Spinup,1532,1,labsea,a_ice,0.25881
HR_Spinup,1532,2,labsea,a_ice,0.24590
HR_Spinup,1532,3,labsea,a_ice,0.23189
HR_Spinup,1532,4,labsea,a_ice,0.21867
HR_Spinup,1532,5,labsea,a_ice,0.16398
HR_Spinup,1532,6,labsea,a_ice,0.05281
HR_Spinup,1532,7,labsea,a_ice,0.00132
HR_Spinup,1532,8,labsea,a_ice,0.00000
HR_Spinup,1532,9,labsea,a_ice,0.00000
HR_Spinup,1532,10,labsea,a_ice,0.00008
HR_Spinup,1532,11,labsea,a_ice,0.03705
HR_Spinup,1532,12,labsea,a_ice,0.16575
HR_Spinup,1532,1,interior,a_ice,0.09347
HR_Spinup,1532,2,interior,a_ice,0.05985
HR_Spinup,1532,3,interior,a_ice,0.05364
HR_Spinup,1532,4,interior,a_ice,0.05969
HR_Spinup,1532,5,interior,a_ice,0.02818
HR_Spinup,1532,6,interior,a_ice,0.00138
HR_Spinup,1532,7,interior,a_ice,0.00000
HR_Spinup,1532,8,interior,a_ice,0.00000
HR_Spinup,1532,9,interior,a_ice,0.00000
HR_Spinup,1532,10,interior,a_ice,0.00000
HR_Spinup,1532,11,interior,a_ice,0.00127
HR_Spinup,1532,12,interior,a_ice,0.02319
HR_Spinup,1532,1,labsea,MLD2,1189.77881
HR_Spinup,1532,2,labsea,MLD2,1258.07766
HR_Spinup,1532,3,labsea,MLD2,1336.23557
HR_Spinup,1532,4,labsea,MLD2,1312.55484
HR_Spinup,1532,5,labsea,MLD2,703.15933
HR_Spinup,1532,6,labsea,MLD2,34.94168
HR_Spinup,1532,7,labsea,MLD2,17.18733
HR_Spinup,1532,8,labsea,MLD2,20.18684
HR_Spinup,1532,9,labsea,MLD2,26.26439
HR_Spinup,1532,10,labsea,MLD2,48.19184
HR_Spinup,1532,11,labsea,MLD2,97.11211
HR_Spinup,1532,12,labsea,MLD2,612.34729
HR_Spinup,1532,1,interior,MLD2,1966.61842
HR_Spinup,1532,2,interior,MLD2,2087.85765
HR_Spinup,1532,3,interior,MLD2,2108.01937
HR_Spinup,1532,4,interior,MLD2,2079.72915
HR_Spinup,1532,5,interior,MLD2,1268.58124
HR_Spinup,1532,6,interior,MLD2,37.55418
HR_Spinup,1532,7,interior,MLD2,19.58150
HR_Spinup,1532,8,interior,MLD2,25.21153
HR_Spinup,1532,9,interior,MLD2,31.78454
HR_Spinup,1532,10,interior,MLD2,57.91454
HR_Spinup,1532,11,interior,MLD2,139.11503
HR_Spinup,1532,12,interior,MLD2,874.98348
HR_Spinup,1533,1,labsea,a_ice,0.25599
HR_Spinup,1533,2,labsea,a_ice,0.32199
HR_Spinup,1533,3,labsea,a_ice,0.35778
HR_Spinup,1533,4,labsea,a_ice,0.32736
HR_Spinup,1533,5,labsea,a_ice,0.18940
HR_Spinup,1533,6,labsea,a_ice,0.05945
HR_Spinup,1533,7,labsea,a_ice,0.00747
HR_Spinup,1533,8,labsea,a_ice,0.00000
HR_Spinup,1533,9,labsea,a_ice,0.00000
HR_Spinup,1533,10,labsea,a_ice,0.00002
HR_Spinup,1533,11,labsea,a_ice,0.02355
HR_Spinup,1533,12,labsea,a_ice,0.15125
HR_Spinup,1533,1,interior,a_ice,0.08115
HR_Spinup,1533,2,interior,a_ice,0.09504
HR_Spinup,1533,3,interior,a_ice,0.16637
HR_Spinup,1533,4,interior,a_ice,0.11972
HR_Spinup,1533,5,interior,a_ice,0.03201
HR_Spinup,1533,6,interior,a_ice,0.00039
HR_Spinup,1533,7,interior,a_ice,0.00000
HR_Spinup,1533,8,interior,a_ice,0.00000
HR_Spinup,1533,9,interior,a_ice,0.00000
HR_Spinup,1533,10,interior,a_ice,0.00000
HR_Spinup,1533,11,interior,a_ice,0.00025
HR_Spinup,1533,12,interior,a_ice,0.01454
HR_Spinup,1533,1,labsea,MLD2,1217.49966
HR_Spinup,1533,2,labsea,MLD2,1348.50470
HR_Spinup,1533,3,labsea,MLD2,1255.44589
HR_Spinup,1533,4,labsea,MLD2,1133.72274
HR_Spinup,1533,5,labsea,MLD2,496.11197
HR_Spinup,1533,6,labsea,MLD2,30.97359
HR_Spinup,1533,7,labsea,MLD2,17.82461
HR_Spinup,1533,8,labsea,MLD2,17.18953
HR_Spinup,1533,9,labsea,MLD2,27.22686
HR_Spinup,1533,10,labsea,MLD2,37.14562
HR_Spinup,1533,11,labsea,MLD2,121.39267
HR_Spinup,1533,12,labsea,MLD2,792.66751
HR_Spinup,1533,1,interior,MLD2,1739.13857
HR_Spinup,1533,2,interior,MLD2,1953.88912
HR_Spinup,1533,3,interior,MLD2,1793.55038
HR_Spinup,1533,4,interior,MLD2,1717.26038
HR_Spinup,1533,5,interior,MLD2,779.58598
HR_Spinup,1533,6,interior,MLD2,39.22380
HR_Spinup,1533,7,interior,MLD2,19.36020
HR_Spinup,1533,8,interior,MLD2,18.35203
HR_Spinup,1533,9,interior,MLD2,31.35908
HR_Spinup,1533,10,interior,MLD2,43.56637
HR_Spinup,1533,11,interior,MLD2,157.89897
HR_Spinup,1533,12,interior,MLD2,1457.43818
HR_Spinup,1534,1,labsea,a_ice,0.22567
HR_Spinup,1534,2,labsea,a_ice,0.25814
HR_Spinup,1534,3,labsea,a_ice,0.23827
HR_Spinup,1534,4,labsea,a_ice,0.19076
HR_Spinup,1534,5,labsea,a_ice,0.10075
HR_Spinup,1534,6,labsea,a_ice,0.04040
HR_Spinup,1534,7,labsea,a_ice,0.00902
HR_Spinup,1534,8,labsea,a_ice,0.00002
HR_Spinup,1534,9,labsea,a_ice,0.00000
HR_Spinup,1534,10,labsea,a_ice,0.00005
HR_Spinup,1534,11,labsea,a_ice,0.02510
HR_Spinup,1534,12,labsea,a_ice,0.13211
HR_Spinup,1534,1,interior,a_ice,0.06111
HR_Spinup,1534,2,interior,a_ice,0.06328
HR_Spinup,1534,3,interior,a_ice,0.04401
HR_Spinup,1534,4,interior,a_ice,0.02910
HR_Spinup,1534,5,interior,a_ice,0.00337
HR_Spinup,1534,6,interior,a_ice,0.00005
HR_Spinup,1534,7,interior,a_ice,0.00002
HR_Spinup,1534,8,interior,a_ice,0.00000
HR_Spinup,1534,9,interior,a_ice,0.00000
HR_Spinup,1534,10,interior,a_ice,0.00000
HR_Spinup,1534,11,interior,a_ice,0.00001
HR_Spinup,1534,12,interior,a_ice,0.01879
HR_Spinup,1534,1,labsea,MLD2,1481.75269
HR_Spinup,1534,2,labsea,MLD2,1435.47231
HR_Spinup,1534,3,labsea,MLD2,1257.13021
HR_Spinup,1534,4,labsea,MLD2,972.83257
HR_Spinup,1534,5,labsea,MLD2,166.95754
HR_Spinup,1534,6,labsea,MLD2,31.25987
HR_Spinup,1534,7,labsea,MLD2,24.75704
HR_Spinup,1534,8,labsea,MLD2,15.92869
HR_Spinup,1534,9,labsea,MLD2,27.69960
HR_Spinup,1534,10,labsea,MLD2,50.95440
HR_Spinup,1534,11,labsea,MLD2,105.31704
HR_Spinup,1534,12,labsea,MLD2,290.67289
HR_Spinup,1534,1,interior,MLD2,2393.94023
HR_Spinup,1534,2,interior,MLD2,2400.32790
HR_Spinup,1534,3,interior,MLD2,2313.44781
HR_Spinup,1534,4,interior,MLD2,2034.75301
HR_Spinup,1534,5,interior,MLD2,394.03422
HR_Spinup,1534,6,interior,MLD2,43.60883
HR_Spinup,1534,7,interior,MLD2,28.55904
HR_Spinup,1534,8,interior,MLD2,15.76462
HR_Spinup,1534,9,interior,MLD2,30.42968
HR_Spinup,1534,10,interior,MLD2,58.48644
HR_Spinup,1534,11,interior,MLD2,132.79624
HR_Spinup,1534,12,interior,MLD2,532.28701
HR_Spinup,1535,1,labsea,a_ice,0.18789
HR_Spinup,1535,2,labsea,a_ice,0.22206
HR_Spinup,1535,3,labsea,a_ice,0.23731
HR_Spinup,1535,4,labsea,a_ice,0.21505
HR_Spinup,1535,5,labsea,a_ice,0.14833
HR_Spinup,1535,6,labsea,a_ice,0.05668
HR_Spinup,1535,7,labsea,a_ice,0.00347
HR_Spinup,1535,8,labsea,a_ice,0.00000
HR_Spinup,1535,9,labsea,a_ice,0.00000
HR_Spinup,1535,10,labsea,a_ice,0.00013
HR_Spinup,1535,11,labsea,a_ice,0.03868
HR_Spinup,1535,12,labsea,a_ice,0.20015
HR_Spinup,1535,1,interior,a_ice,0.01770
HR_Spinup,1535,2,interior,a_ice,0.02463
HR_Spinup,1535,3,interior,a_ice,0.03339
HR_Spinup,1535,4,interior,a_ice,0.03557
HR_Spinup,1535,5,interior,a_ice,0.01980
HR_Spinup,1535,6,interior,a_ice,0.00261
HR_Spinup,1535,7,interior,a_ice,0.00001
HR_Spinup,1535,8,interior,a_ice,0.00000
HR_Spinup,1535,9,interior,a_ice,0.00000
HR_Spinup,1535,10,interior,a_ice,0.00000
HR_Spinup,1535,11,interior,a_ice,0.00033
HR_Spinup,1535,12,interior,a_ice,0.05619
HR_Spinup,1535,1,labsea,MLD2,955.56728
HR_Spinup,1535,2,labsea,MLD2,1313.52357
HR_Spinup,1535,3,labsea,MLD2,1315.82020
HR_Spinup,1535,4,labsea,MLD2,979.69831
HR_Spinup,1535,5,labsea,MLD2,219.09389
HR_Spinup,1535,6,labsea,MLD2,38.34955
HR_Spinup,1535,7,labsea,MLD2,21.90707
HR_Spinup,1535,8,labsea,MLD2,23.17896
HR_Spinup,1535,9,labsea,MLD2,31.46202
HR_Spinup,1535,10,labsea,MLD2,39.27377
HR_Spinup,1535,11,labsea,MLD2,73.55176
HR_Spinup,1535,12,labsea,MLD2,329.95692
HR_Spinup,1535,1,interior,MLD2,1797.94204
HR_Spinup,1535,2,interior,MLD2,2215.43289
HR_Spinup,1535,3,interior,MLD2,2187.98652
HR_Spinup,1535,4,interior,MLD2,1699.30038
HR_Spinup,1535,5,interior,MLD2,454.98689
HR_Spinup,1535,6,interior,MLD2,54.91152
HR_Spinup,1535,7,interior,MLD2,26.28410
HR_Spinup,1535,8,interior,MLD2,28.56685
HR_Spinup,1535,9,interior,MLD2,36.59597
HR_Spinup,1535,10,interior,MLD2,45.16545
HR_Spinup,1535,11,interior,MLD2,92.42704
HR_Spinup,1535,12,interior,MLD2,482.78616
HR_Spinup,1536,1,labsea,a_ice,0.32776
HR_Spinup,1536,2,labsea,a_ice,0.31663
HR_Spinup,1536,3,labsea,a_ice,0.32793
HR_Spinup,1536,4,labsea,a_ice,0.21181
HR_Spinup,1536,5,labsea,a_ice,0.13112
HR_Spinup,1536,6,labsea,a_ice,0.05561
HR_Spinup,1536,7,labsea,a_ice,0.02072
HR_Spinup,1536,8,labsea,a_ice,0.00302
HR_Spinup,1536,9,labsea,a_ice,0.00038
HR_Spinup,1536,10,labsea,a_ice,0.00610
HR_Spinup,1536,11,labsea,a_ice,0.05076
HR_Spinup,1536,12,labsea,a_ice,0.14910
HR_Spinup,1536,1,interior,a_ice,0.17151
HR_Spinup,1536,2,interior,a_ice,0.09756
HR_Spinup,1536,3,interior,a_ice,0.13639
HR_Spinup,1536,4,interior,a_ice,0.04404
HR_Spinup,1536,5,interior,a_ice,0.03031
HR_Spinup,1536,6,interior,a_ice,0.00167
HR_Spinup,1536,7,interior,a_ice,0.00000
HR_Spinup,1536,8,interior,a_ice,0.00000
HR_Spinup,1536,9,interior,a_ice,0.00000
HR_Spinup,1536,10,interior,a_ice,0.00000
HR_Spinup,1536,11,interior,a_ice,0.00010
HR_Spinup,1536,12,interior,a_ice,0.00704
HR_Spinup,1536,1,labsea,MLD2,1060.85070
HR_Spinup,1536,2,labsea,MLD2,1091.92205
HR_Spinup,1536,3,labsea,MLD2,1072.26397
HR_Spinup,1536,4,labsea,MLD2,794.84756
HR_Spinup,1536,5,labsea,MLD2,324.28041
HR_Spinup,1536,6,labsea,MLD2,23.84434
HR_Spinup,1536,7,labsea,MLD2,18.74444
HR_Spinup,1536,8,labsea,MLD2,19.95681
HR_Spinup,1536,9,labsea,MLD2,24.95267
HR_Spinup,1536,10,labsea,MLD2,40.45457
HR_Spinup,1536,11,labsea,MLD2,85.02059
HR_Spinup,1536,12,labsea,MLD2,267.23856
HR_Spinup,1536,1,interior,MLD2,1534.78440
HR_Spinup,1536,2,interior,MLD2,1689.34970
HR_Spinup,1536,3,interior,MLD2,1591.56068
HR_Spinup,1536,4,interior,MLD2,1215.79668
HR_Spinup,1536,5,interior,MLD2,634.85930
HR_Spinup,1536,6,interior,MLD2,31.75574
HR_Spinup,1536,7,interior,MLD2,21.67246
HR_Spinup,1536,8,interior,MLD2,24.64032
HR_Spinup,1536,9,interior,MLD2,30.31954
HR_Spinup,1536,10,interior,MLD2,47.05880
HR_Spinup,1536,11,interior,MLD2,115.13245
HR_Spinup,1536,12,interior,MLD2,576.22593
HR_Spinup,1537,1,labsea,a_ice,0.32095
HR_Spinup,1537,2,labsea,a_ice,0.37062
HR_Spinup,1537,3,labsea,a_ice,0.34584
HR_Spinup,1537,4,labsea,a_ice,0.29883
HR_Spinup,1537,5,labsea,a_ice,0.21948
HR_Spinup,1537,6,labsea,a_ice,0.10334
HR_Spinup,1537,7,labsea,a_ice,0.03143
HR_Spinup,1537,8,labsea,a_ice,0.00190
HR_Spinup,1537,9,labsea,a_ice,0.00000
HR_Spinup,1537,10,labsea,a_ice,0.00000
HR_Spinup,1537,11,labsea,a_ice,0.03276
HR_Spinup,1537,12,labsea,a_ice,0.18394
HR_Spinup,1537,1,interior,a_ice,0.12161
HR_Spinup,1537,2,interior,a_ice,0.20021
HR_Spinup,1537,3,interior,a_ice,0.15459
HR_Spinup,1537,4,interior,a_ice,0.10257
HR_Spinup,1537,5,interior,a_ice,0.07831
HR_Spinup,1537,6,interior,a_ice,0.00920
HR_Spinup,1537,7,interior,a_ice,0.00140
HR_Spinup,1537,8,interior,a_ice,0.00000
HR_Spinup,1537,9,interior,a_ice,0.00000
HR_Spinup,1537,10,interior,a_ice,0.00000
HR_Spinup,1537,11,interior,a_ice,0.00478
HR_Spinup,1537,12,interior,a_ice,0.02357
HR_Spinup,1537,1,labsea,MLD2,918.69789
HR_Spinup,1537,2,labsea,MLD2,1148.17360
HR_Spinup,1537,3,labsea,MLD2,1136.69827
HR_Spinup,1537,4,labsea,MLD2,968.81233
HR_Spinup,1537,5,labsea,MLD2,592.66871
HR_Spinup,1537,6,labsea,MLD2,37.32631
HR_Spinup,1537,7,labsea,MLD2,28.94756
HR_Spinup,1537,8,labsea,MLD2,18.74142
HR_Spinup,1537,9,labsea,MLD2,28.43845
HR_Spinup,1537,10,labsea,MLD2,42.57311
HR_Spinup,1537,11,labsea,MLD2,97.08378
HR_Spinup,1537,12,labsea,MLD2,280.17475
HR_Spinup,1537,1,interior,MLD2,1769.17081
HR_Spinup,1537,2,interior,MLD2,1712.30309
HR_Spinup,1537,3,interior,MLD2,1745.84544
HR_Spinup,1537,4,interior,MLD2,1575.99181
HR_Spinup,1537,5,interior,MLD2,961.98920
HR_Spinup,1537,6,interior,MLD2,54.58906
HR_Spinup,1537,7,interior,MLD2,37.53374
HR_Spinup,1537,8,interior,MLD2,21.95603
HR_Spinup,1537,9,interior,MLD2,34.36247
HR_Spinup,1537,10,interior,MLD2,52.27745
HR_Spinup,1537,11,interior,MLD2,131.87067
HR_Spinup,1537,12,interior,MLD2,526.42969
HR_Spinup,1538,1,labsea,a_ice,0.25517
HR_Spinup,1538,2,labsea,a_ice,0.35143
HR_Spinup,1538,3,labsea,a_ice,0.31377
HR_Spinup,1538,4,labsea,a_ice,0.29947
HR_Spinup,1538,5,labsea,a_ice,0.17262
HR_Spinup,1538,6,labsea,a_ice,0.05317
HR_Spinup,1538,7,labsea,a_ice,0.00650
HR_Spinup,1538,8,labsea,a_ice,0.00000
HR_Spinup,1538,9,labsea,a_ice,0.00000
HR_Spinup,1538,10,labsea,a_ice,0.00004
HR_Spinup,1538,11,labsea,a_ice,0.00758
HR_Spinup,1538,12,labsea,a_ice,0.08035
HR_Spinup,1538,1,interior,a_ice,0.04641
HR_Spinup,1538,2,interior,a_ice,0.10196
HR_Spinup,1538,3,interior,a_ice,0.11225
HR_Spinup,1538,4,interior,a_ice,0.10206
HR_Spinup,1538,5,interior,a_ice,0.04501
HR_Spinup,1538,6,interior,a_ice,0.00471
HR_Spinup,1538,7,interior,a_ice,0.00000
HR_Spinup,1538,8,interior,a_ice,0.00000
HR_Spinup,1538,9,interior,a_ice,0.00000
HR_Spinup,1538,10,interior,a_ice,0.00000
HR_Spinup,1538,11,interior,a_ice,0.00000
HR_Spinup,1538,12,interior,a_ice,0.00547
HR_Spinup,1538,1,labsea,MLD2,1048.73711
HR_Spinup,1538,2,labsea,MLD2,1296.15183
HR_Spinup,1538,3,labsea,MLD2,1290.55961
HR_Spinup,1538,4,labsea,MLD2,1100.17740
HR_Spinup,1538,5,labsea,MLD2,260.62714
HR_Spinup,1538,6,labsea,MLD2,21.40680
HR_Spinup,1538,7,labsea,MLD2,14.35899
HR_Spinup,1538,8,labsea,MLD2,18.44223
HR_Spinup,1538,9,labsea,MLD2,27.58450
HR_Spinup,1538,10,labsea,MLD2,50.31409
HR_Spinup,1538,11,labsea,MLD2,91.41291
HR_Spinup,1538,12,labsea,MLD2,202.47634
HR_Spinup,1538,1,interior,MLD2,1832.34040
HR_Spinup,1538,2,interior,MLD2,2011.56598
HR_Spinup,1538,3,interior,MLD2,1962.54633
HR_Spinup,1538,4,interior,MLD2,1782.56605
HR_Spinup,1538,5,interior,MLD2,617.94263
HR_Spinup,1538,6,interior,MLD2,28.20347
HR_Spinup,1538,7,interior,MLD2,16.46303
HR_Spinup,1538,8,interior,MLD2,20.54165
HR_Spinup,1538,9,interior,MLD2,33.02230
HR_Spinup,1538,10,interior,MLD2,60.00803
HR_Spinup,1538,11,interior,MLD2,125.65179
HR_Spinup,1538,12,interior,MLD2,344.12688
HR_Spinup,1539,1,labsea,a_ice,0.23572
HR_Spinup,1539,2,labsea,a_ice,0.32416
HR_Spinup,1539,3,labsea,a_ice,0.30863
HR_Spinup,1539,4,labsea,a_ice,0.24280
HR_Spinup,1539,5,labsea,a_ice,0.17661
HR_Spinup,1539,6,labsea,a_ice,0.09573
HR_Spinup,1539,7,labsea,a_ice,0.00686
HR_Spinup,1539,8,labsea,a_ice,0.00023
HR_Spinup,1539,9,labsea,a_ice,0.00000
HR_Spinup,1539,10,labsea,a_ice,0.00179
HR_Spinup,1539,11,labsea,a_ice,0.09228
HR_Spinup,1539,12,labsea,a_ice,0.22116
HR_Spinup,1539,1,interior,a_ice,0.04683
HR_Spinup,1539,2,interior,a_ice,0.12746
HR_Spinup,1539,3,interior,a_ice,0.11767
HR_Spinup,1539,4,interior,a_ice,0.05751
HR_Spinup,1539,5,interior,a_ice,0.02269
HR_Spinup,1539,6,interior,a_ice,0.01434
HR_Spinup,1539,7,interior,a_ice,0.00212
HR_Spinup,1539,8,interior,a_ice,0.00000
HR_Spinup,1539,9,interior,a_ice,0.00000
HR_Spinup,1539,10,interior,a_ice,0.00000
HR_Spinup,1539,11,interior,a_ice,0.00399
HR_Spinup,1539,12,interior,a_ice,0.06134
HR_Spinup,1539,1,labsea,MLD2,1045.40844
HR_Spinup,1539,2,labsea,MLD2,1216.55144
HR_Spinup,1539,3,labsea,MLD2,1128.17608
HR_Spinup,1539,4,labsea,MLD2,999.56653
HR_Spinup,1539,5,labsea,MLD2,570.45849
HR_Spinup,1539,6,labsea,MLD2,66.89263
HR_Spinup,1539,7,labsea,MLD2,21.15506
HR_Spinup,1539,8,labsea,MLD2,20.09892
HR_Spinup,1539,9,labsea,MLD2,30.26003
HR_Spinup,1539,10,labsea,MLD2,56.67641
HR_Spinup,1539,11,labsea,MLD2,208.29740
HR_Spinup,1539,12,labsea,MLD2,869.56478
HR_Spinup,1539,1,interior,MLD2,1896.04874
HR_Spinup,1539,2,interior,MLD2,1902.22943
HR_Spinup,1539,3,interior,MLD2,1643.40914
HR_Spinup,1539,4,interior,MLD2,1664.24200
HR_Spinup,1539,5,interior,MLD2,1194.31162
HR_Spinup,1539,6,interior,MLD2,101.06903
HR_Spinup,1539,7,interior,MLD2,27.52572
HR_Spinup,1539,8,interior,MLD2,24.64475
HR_Spinup,1539,9,interior,MLD2,39.53210
HR_Spinup,1539,10,interior,MLD2,73.57600
HR_Spinup,1539,11,interior,MLD2,348.77574
HR_Spinup,1539,12,interior,MLD2,1357.21069
HR_Spinup,1540,1,labsea,a_ice,0.29775
HR_Spinup,1540,2,labsea,a_ice,0.31292
HR_Spinup,1540,3,labsea,a_ice,0.27527
HR_Spinup,1540,4,labsea,a_ice,0.24336
HR_Spinup,1540,5,labsea,a_ice,0.21255
HR_Spinup,1540,6,labsea,a_ice,0.11481
HR_Spinup,1540,7,labsea,a_ice,0.01626
HR_Spinup,1540,8,labsea,a_ice,0.00037
HR_Spinup,1540,9,labsea,a_ice,0.00000
HR_Spinup,1540,10,labsea,a_ice,0.00000
HR_Spinup,1540,11,labsea,a_ice,0.01191
HR_Spinup,1540,12,labsea,a_ice,0.15372
HR_Spinup,1540,1,interior,a_ice,0.10522
HR_Spinup,1540,2,interior,a_ice,0.08715
HR_Spinup,1540,3,interior,a_ice,0.07039
HR_Spinup,1540,4,interior,a_ice,0.05447
HR_Spinup,1540,5,interior,a_ice,0.03935
HR_Spinup,1540,6,interior,a_ice,0.01488
HR_Spinup,1540,7,interior,a_ice,0.00001
HR_Spinup,1540,8,interior,a_ice,0.00000
HR_Spinup,1540,9,interior,a_ice,0.00000
HR_Spinup,1540,10,interior,a_ice,0.00000
HR_Spinup,1540,11,interior,a_ice,0.00059
HR_Spinup,1540,12,interior,a_ice,0.01509
HR_Spinup,1540,1,labsea,MLD2,1111.73297
HR_Spinup,1540,2,labsea,MLD2,1311.99029
HR_Spinup,1540,3,labsea,MLD2,1193.95616
HR_Spinup,1540,4,labsea,MLD2,1086.36354
HR_Spinup,1540,5,labsea,MLD2,355.30333
HR_Spinup,1540,6,labsea,MLD2,27.39500
HR_Spinup,1540,7,labsea,MLD2,20.79676
HR_Spinup,1540,8,labsea,MLD2,22.31032
HR_Spinup,1540,9,labsea,MLD2,27.02843
HR_Spinup,1540,10,labsea,MLD2,43.76830
HR_Spinup,1540,11,labsea,MLD2,98.46104
HR_Spinup,1540,12,labsea,MLD2,355.51558
HR_Spinup,1540,1,interior,MLD2,1554.02700
HR_Spinup,1540,2,interior,MLD2,2035.56930
HR_Spinup,1540,3,interior,MLD2,1836.48576
HR_Spinup,1540,4,interior,MLD2,1759.79155
HR_Spinup,1540,5,interior,MLD2,623.09153
HR_Spinup,1540,6,interior,MLD2,34.32222
HR_Spinup,1540,7,interior,MLD2,24.81912
HR_Spinup,1540,8,interior,MLD2,28.20696
HR_Spinup,1540,9,interior,MLD2,31.84388
HR_Spinup,1540,10,interior,MLD2,50.80597
HR_Spinup,1540,11,interior,MLD2,139.87036
HR_Spinup,1540,12,interior,MLD2,715.31342
HR_Spinup,1541,1,labsea,a_ice,0.20672
HR_Spinup,1541,2,labsea,a_ice,0.24707
HR_Spinup,1541,3,labsea,a_ice,0.24471
HR_Spinup,1541,4,labsea,a_ice,0.22153
HR_Spinup,1541,5,labsea,a_ice,0.18596
HR_Spinup,1541,6,labsea,a_ice,0.06703
HR_Spinup,1541,7,labsea,a_ice,0.00085
HR_Spinup,1541,8,labsea,a_ice,0.00000
HR_Spinup,1541,9,labsea,a_ice,0.00000
HR_Spinup,1541,10,labsea,a_ice,0.00010
HR_Spinup,1541,11,labsea,a_ice,0.02580
HR_Spinup,1541,12,labsea,a_ice,0.15292
HR_Spinup,1541,1,interior,a_ice,0.02306
HR_Spinup,1541,2,interior,a_ice,0.02933
HR_Spinup,1541,3,interior,a_ice,0.03525
HR_Spinup,1541,4,interior,a_ice,0.04045
HR_Spinup,1541,5,interior,a_ice,0.04026
HR_Spinup,1541,6,interior,a_ice,0.00532
HR_Spinup,1541,7,interior,a_ice,0.00000
HR_Spinup,1541,8,interior,a_ice,0.00000
HR_Spinup,1541,9,interior,a_ice,0.00000
HR_Spinup,1541,10,interior,a_ice,0.00000
HR_Spinup,1541,11,interior,a_ice,0.00019
HR_Spinup,1541,12,interior,a_ice,0.00873
HR_Spinup,1541,1,labsea,MLD2,1096.56399
HR_Spinup,1541,2,labsea,MLD2,1375.17174
HR_Spinup,1541,3,labsea,MLD2,1328.19471
HR_Spinup,1541,4,labsea,MLD2,1209.20821
HR_Spinup,1541,5,labsea,MLD2,591.85955
HR_Spinup,1541,6,labsea,MLD2,32.96675
HR_Spinup,1541,7,labsea,MLD2,20.48515
HR_Spinup,1541,8,labsea,MLD2,16.23584
HR_Spinup,1541,9,labsea,MLD2,23.94496
HR_Spinup,1541,10,labsea,MLD2,44.73741
HR_Spinup,1541,11,labsea,MLD2,79.63780
HR_Spinup,1541,12,labsea,MLD2,196.39624
HR_Spinup,1541,1,interior,MLD2,2129.77194
HR_Spinup,1541,2,interior,MLD2,2396.53619
HR_Spinup,1541,3,interior,MLD2,2244.79201
HR_Spinup,1541,4,interior,MLD2,2074.50192
HR_Spinup,1541,5,interior,MLD2,1148.96299
HR_Spinup,1541,6,interior,MLD2,37.30930
HR_Spinup,1541,7,interior,MLD2,24.89473
HR_Spinup,1541,8,interior,MLD2,19.50603
HR_Spinup,1541,9,interior,MLD2,30.60518
HR_Spinup,1541,10,interior,MLD2,52.02218
HR_Spinup,1541,11,interior,MLD2,94.65088
HR_Spinup,1541,12,interior,MLD2,356.75942
HR_Spinup,1542,1,labsea,a_ice,0.22099
HR_Spinup,1542,2,labsea,a_ice,0.28803
HR_Spinup,1542,3,labsea,a_ice,0.31268
HR_Spinup,1542,4,labsea,a_ice,0.21924
HR_Spinup,1542,5,labsea,a_ice,0.16391
HR_Spinup,1542,6,labsea,a_ice,0.07948
HR_Spinup,1542,7,labsea,a_ice,0.02421
HR_Spinup,1542,8,labsea,a_ice,0.00128
HR_Spinup,1542,9,labsea,a_ice,0.00000
HR_Spinup,1542,10,labsea,a_ice,0.00062
HR_Spinup,1542,11,labsea,a_ice,0.03603
HR_Spinup,1542,12,labsea,a_ice,0.12066
HR_Spinup,1542,1,interior,a_ice,0.01448
HR_Spinup,1542,2,interior,a_ice,0.10446
HR_Spinup,1542,3,interior,a_ice,0.12077
HR_Spinup,1542,4,interior,a_ice,0.03890
HR_Spinup,1542,5,interior,a_ice,0.04083
HR_Spinup,1542,6,interior,a_ice,0.00042
HR_Spinup,1542,7,interior,a_ice,0.00000
HR_Spinup,1542,8,interior,a_ice,0.00000
HR_Spinup,1542,9,interior,a_ice,0.00000
HR_Spinup,1542,10,interior,a_ice,0.00000
HR_Spinup,1542,11,interior,a_ice,0.00084
HR_Spinup,1542,12,interior,a_ice,0.01213
HR_Spinup,1542,1,labsea,MLD2,630.66849
HR_Spinup,1542,2,labsea,MLD2,1137.01163
HR_Spinup,1542,3,labsea,MLD2,1321.74170
HR_Spinup,1542,4,labsea,MLD2,1128.27701
HR_Spinup,1542,5,labsea,MLD2,773.90615
HR_Spinup,1542,6,labsea,MLD2,62.04864
HR_Spinup,1542,7,labsea,MLD2,20.33440
HR_Spinup,1542,8,labsea,MLD2,18.84422
HR_Spinup,1542,9,labsea,MLD2,29.61659
HR_Spinup,1542,10,labsea,MLD2,50.92936
HR_Spinup,1542,11,labsea,MLD2,83.03805
HR_Spinup,1542,12,labsea,MLD2,229.98777
HR_Spinup,1542,1,interior,MLD2,1366.94174
HR_Spinup,1542,2,interior,MLD2,1858.70515
HR_Spinup,1542,3,interior,MLD2,2066.16467
HR_Spinup,1542,4,interior,MLD2,1829.04968
HR_Spinup,1542,5,interior,MLD2,1351.77825
HR_Spinup,1542,6,interior,MLD2,101.46849
HR_Spinup,1542,7,interior,MLD2,25.03694
HR_Spinup,1542,8,interior,MLD2,23.05845
HR_Spinup,1542,9,interior,MLD2,37.21490
HR_Spinup,1542,10,interior,MLD2,66.62522
HR_Spinup,1542,11,interior,MLD2,112.11012
HR_Spinup,1542,12,interior,MLD2,367.91890
HR_Spinup,1543,1,labsea,a_ice,0.25616
HR_Spinup,1543,2,labsea,a_ice,0.30775
HR_Spinup,1543,3,labsea,a_ice,0.24947
HR_Spinup,1543,4,labsea,a_ice,0.21289
HR_Spinup,1543,5,labsea,a_ice,0.13940
HR_Spinup,1543,6,labsea,a_ice,0.07196
HR_Spinup,1543,7,labsea,a_ice,0.00937
HR_Spinup,1543,8,labsea,a_ice,0.00081
HR_Spinup,1543,9,labsea,a_ice,0.00000
HR_Spinup,1543,10,labsea,a_ice,0.00220
HR_Spinup,1543,11,labsea,a_ice,0.08381
HR_Spinup,1543,12,labsea,a_ice,0.30262
HR_Spinup,1543,1,interior,a_ice,0.03572
HR_Spinup,1543,2,interior,a_ice,0.08692
HR_Spinup,1543,3,interior,a_ice,0.06702
HR_Spinup,1543,4,interior,a_ice,0.05415
HR_Spinup,1543,5,interior,a_ice,0.01253
HR_Spinup,1543,6,interior,a_ice,0.00929
HR_Spinup,1543,7,interior,a_ice,0.00032
HR_Spinup,1543,8,interior,a_ice,0.00001
HR_Spinup,1543,9,interior,a_ice,0.00000
HR_Spinup,1543,10,interior,a_ice,0.00002
HR_Spinup,1543,11,interior,a_ice,0.00541
HR_Spinup,1543,12,interior,a_ice,0.11241
HR_Spinup,1543,1,labsea,MLD2,1071.58006
HR_Spinup,1543,2,labsea,MLD2,1317.08722
HR_Spinup,1543,3,labsea,MLD2,1267.12566
HR_Spinup,1543,4,labsea,MLD2,1044.45527
HR_Spinup,1543,5,labsea,MLD2,262.55252
HR_Spinup,1543,6,labsea,MLD2,52.19191
HR_Spinup,1543,7,labsea,MLD2,24.80029
HR_Spinup,1543,8,labsea,MLD2,22.95482
HR_Spinup,1543,9,labsea,MLD2,31.61619
HR_Spinup,1543,10,labsea,MLD2,55.19479
HR_Spinup,1543,11,labsea,MLD2,86.92819
HR_Spinup,1543,12,labsea,MLD2,575.37186
HR_Spinup,1543,1,interior,MLD2,1846.87482
HR_Spinup,1543,2,interior,MLD2,2050.09846
HR_Spinup,1543,3,interior,MLD2,1979.05212
HR_Spinup,1543,4,interior,MLD2,1829.39196
HR_Spinup,1543,5,interior,MLD2,571.09948
HR_Spinup,1543,6,interior,MLD2,85.60982
HR_Spinup,1543,7,interior,MLD2,34.45740
HR_Spinup,1543,8,interior,MLD2,30.45797
HR_Spinup,1543,9,interior,MLD2,40.98934
HR_Spinup,1543,10,interior,MLD2,68.05254
HR_Spinup,1543,11,interior,MLD2,116.13052
HR_Spinup,1543,12,interior,MLD2,1168.18986
HR_Spinup,1544,1,labsea,a_ice,0.49989
HR_Spinup,1544,2,labsea,a_ice,0.50434
HR_Spinup,1544,3,labsea,a_ice,0.40105
HR_Spinup,1544,4,labsea,a_ice,0.33346
HR_Spinup,1544,5,labsea,a_ice,0.26444
HR_Spinup,1544,6,labsea,a_ice,0.14193
HR_Spinup,1544,7,labsea,a_ice,0.03446
HR_Spinup,1544,8,labsea,a_ice,0.00133
HR_Spinup,1544,9,labsea,a_ice,0.00015
HR_Spinup,1544,10,labsea,a_ice,0.00218
HR_Spinup,1544,11,labsea,a_ice,0.05207
HR_Spinup,1544,12,labsea,a_ice,0.24117
HR_Spinup,1544,1,interior,a_ice,0.42314
HR_Spinup,1544,2,interior,a_ice,0.39799
HR_Spinup,1544,3,interior,a_ice,0.14076
HR_Spinup,1544,4,interior,a_ice,0.08564
HR_Spinup,1544,5,interior,a_ice,0.06918
HR_Spinup,1544,6,interior,a_ice,0.05756
HR_Spinup,1544,7,interior,a_ice,0.00225
HR_Spinup,1544,8,interior,a_ice,0.00007
HR_Spinup,1544,9,interior,a_ice,0.00000
HR_Spinup,1544,10,interior,a_ice,0.00016
HR_Spinup,1544,11,interior,a_ice,0.00171
HR_Spinup,1544,12,interior,a_ice,0.07740
HR_Spinup,1544,1,labsea,MLD2,1015.26121
HR_Spinup,1544,2,labsea,MLD2,907.36268
HR_Spinup,1544,3,labsea,MLD2,977.97255
HR_Spinup,1544,4,labsea,MLD2,934.35066
HR_Spinup,1544,5,labsea,MLD2,326.22442
HR_Spinup,1544,6,labsea,MLD2,20.50397
HR_Spinup,1544,7,labsea,MLD2,17.06227
HR_Spinup,1544,8,labsea,MLD2,15.89498
HR_Spinup,1544,9,labsea,MLD2,27.66324
HR_Spinup,1544,10,labsea,MLD2,61.77072
HR_Spinup,1544,11,labsea,MLD2,215.71548
HR_Spinup,1544,12,labsea,MLD2,757.18715
HR_Spinup,1544,1,interior,MLD2,1291.47002
HR_Spinup,1544,2,interior,MLD2,1036.74894
HR_Spinup,1544,3,interior,MLD2,1549.79103
HR_Spinup,1544,4,interior,MLD2,1762.26731
HR_Spinup,1544,5,interior,MLD2,674.62291
HR_Spinup,1544,6,interior,MLD2,23.65620
HR_Spinup,1544,7,interior,MLD2,21.74954
HR_Spinup,1544,8,interior,MLD2,19.69473
HR_Spinup,1544,9,interior,MLD2,33.20813
HR_Spinup,1544,10,interior,MLD2,74.45071
HR_Spinup,1544,11,interior,MLD2,404.55659
HR_Spinup,1544,12,interior,MLD2,1539.67417
HR_Spinup,1545,1,labsea,a_ice,0.38729
HR_Spinup,1545,2,labsea,a_ice,0.47187
HR_Spinup,1545,3,labsea,a_ice,0.40085
HR_Spinup,1545,4,labsea,a_ice,0.31143
HR_Spinup,1545,5,labsea,a_ice,0.21611
HR_Spinup,1545,6,labsea,a_ice,0.09509
HR_Spinup,1545,7,labsea,a_ice,0.02254
HR_Spinup,1545,8,labsea,a_ice,0.00042
HR_Spinup,1545,9,labsea,a_ice,0.00034
HR_Spinup,1545,10,labsea,a_ice,0.00224
HR_Spinup,1545,11,labsea,a_ice,0.03769
HR_Spinup,1545,12,labsea,a_ice,0.21686
HR_Spinup,1545,1,interior,a_ice,0.24637
HR_Spinup,1545,2,interior,a_ice,0.36525
HR_Spinup,1545,3,interior,a_ice,0.17124
HR_Spinup,1545,4,interior,a_ice,0.06346
HR_Spinup,1545,5,interior,a_ice,0.05008
HR_Spinup,1545,6,interior,a_ice,0.00674
HR_Spinup,1545,7,interior,a_ice,0.00091
HR_Spinup,1545,8,interior,a_ice,0.00000
HR_Spinup,1545,9,interior,a_ice,0.00000
HR_Spinup,1545,10,interior,a_ice,0.00058
HR_Spinup,1545,11,interior,a_ice,0.00080
HR_Spinup,1545,12,interior,a_ice,0.02081
HR_Spinup,1545,1,labsea,MLD2,924.97277
HR_Spinup,1545,2,labsea,MLD2,963.73219
HR_Spinup,1545,3,labsea,MLD2,831.87324
HR_Spinup,1545,4,labsea,MLD2,521.26906
HR_Spinup,1545,5,labsea,MLD2,155.10919
HR_Spinup,1545,6,labsea,MLD2,25.34279
HR_Spinup,1545,7,labsea,MLD2,23.52259
HR_Spinup,1545,8,labsea,MLD2,22.59922
HR_Spinup,1545,9,labsea,MLD2,28.68498
HR_Spinup,1545,10,labsea,MLD2,36.63889
HR_Spinup,1545,11,labsea,MLD2,67.48521
HR_Spinup,1545,12,labsea,MLD2,155.16906
HR_Spinup,1545,1,interior,MLD2,1269.95070
HR_Spinup,1545,2,interior,MLD2,1088.52791
HR_Spinup,1545,3,interior,MLD2,791.74488
HR_Spinup,1545,4,interior,MLD2,471.64218
HR_Spinup,1545,5,interior,MLD2,142.98303
HR_Spinup,1545,6,interior,MLD2,34.21681
HR_Spinup,1545,7,interior,MLD2,31.55167
HR_Spinup,1545,8,interior,MLD2,28.71119
HR_Spinup,1545,9,interior,MLD2,35.20740
HR_Spinup,1545,10,interior,MLD2,44.26403
HR_Spinup,1545,11,interior,MLD2,76.66691
HR_Spinup,1545,12,interior,MLD2,286.87029
HR_Spinup,1546,1,labsea,a_ice,0.32471
HR_Spinup,1546,2,labsea,a_ice,0.42169
HR_Spinup,1546,3,labsea,a_ice,0.47439
HR_Spinup,1546,4,labsea,a_ice,0.36592
HR_Spinup,1546,5,labsea,a_ice,0.23116
HR_Spinup,1546,6,labsea,a_ice,0.06994
HR_Spinup,1546,7,labsea,a_ice,0.01011
HR_Spinup,1546,8,labsea,a_ice,0.00025
HR_Spinup,1546,9,labsea,a_ice,0.00000
HR_Spinup,1546,10,labsea,a_ice,0.00002
HR_Spinup,1546,11,labsea,a_ice,0.01986
HR_Spinup,1546,12,labsea,a_ice,0.14526
HR_Spinup,1546,1,interior,a_ice,0.12560
HR_Spinup,1546,2,interior,a_ice,0.25399
HR_Spinup,1546,3,interior,a_ice,0.39670
HR_Spinup,1546,4,interior,a_ice,0.21705
HR_Spinup,1546,5,interior,a_ice,0.11359
HR_Spinup,1546,6,interior,a_ice,0.01480
HR_Spinup,1546,7,interior,a_ice,0.00000
HR_Spinup,1546,8,interior,a_ice,0.00000
HR_Spinup,1546,9,interior,a_ice,0.00000
HR_Spinup,1546,10,interior,a_ice,0.00000
HR_Spinup,1546,11,interior,a_ice,0.00039
HR_Spinup,1546,12,interior,a_ice,0.02130
HR_Spinup,1546,1,labsea,MLD2,721.12061
HR_Spinup,1546,2,labsea,MLD2,1085.79474
HR_Spinup,1546,3,labsea,MLD2,883.08908
HR_Spinup,1546,4,labsea,MLD2,929.72430
HR_Spinup,1546,5,labsea,MLD2,467.47627
HR_Spinup,1546,6,labsea,MLD2,41.77421
HR_Spinup,1546,7,labsea,MLD2,24.54548
HR_Spinup,1546,8,labsea,MLD2,20.59653
HR_Spinup,1546,9,labsea,MLD2,31.47736
HR_Spinup,1546,10,labsea,MLD2,50.96937
HR_Spinup,1546,11,labsea,MLD2,127.40711
HR_Spinup,1546,12,labsea,MLD2,368.49574
HR_Spinup,1546,1,interior,MLD2,1464.42481
HR_Spinup,1546,2,interior,MLD2,1509.31702
HR_Spinup,1546,3,interior,MLD2,874.28445
HR_Spinup,1546,4,interior,MLD2,961.66217
HR_Spinup,1546,5,interior,MLD2,478.48614
HR_Spinup,1546,6,interior,MLD2,50.09448
HR_Spinup,1546,7,interior,MLD2,30.96713
HR_Spinup,1546,8,interior,MLD2,24.46041
HR_Spinup,1546,9,interior,MLD2,37.98105
HR_Spinup,1546,10,interior,MLD2,66.51856
HR_Spinup,1546,11,interior,MLD2,193.74368
HR_Spinup,1546,12,interior,MLD2,666.30674
HR_Spinup,1547,1,labsea,a_ice,0.22530
HR_Spinup,1547,2,labsea,a_ice,0.24649
HR_Spinup,1547,3,labsea,a_ice,0.23746
HR_Spinup,1547,4,labsea,a_ice,0.24777
HR_Spinup,1547,5,labsea,a_ice,0.14964
HR_Spinup,1547,6,labsea,a_ice,0.07304
HR_Spinup,1547,7,labsea,a_ice,0.01042
HR_Spinup,1547,8,labsea,a_ice,0.00016
HR_Spinup,1547,9,labsea,a_ice,0.00000
HR_Spinup,1547,10,labsea,a_ice,0.00000
HR_Spinup,1547,11,labsea,a_ice,0.01039
HR_Spinup,1547,12,labsea,a_ice,0.08211
HR_Spinup,1547,1,interior,a_ice,0.04877
HR_Spinup,1547,2,interior,a_ice,0.07448
HR_Spinup,1547,3,interior,a_ice,0.04383
HR_Spinup,1547,4,interior,a_ice,0.04587
HR_Spinup,1547,5,interior,a_ice,0.01495
HR_Spinup,1547,6,interior,a_ice,0.00121
HR_Spinup,1547,7,interior,a_ice,0.00000
HR_Spinup,1547,8,interior,a_ice,0.00000
HR_Spinup,1547,9,interior,a_ice,0.00000
HR_Spinup,1547,10,interior,a_ice,0.00000
HR_Spinup,1547,11,interior,a_ice,0.00000
HR_Spinup,1547,12,interior,a_ice,0.00504
HR_Spinup,1547,1,labsea,MLD2,1008.72817
HR_Spinup,1547,2,labsea,MLD2,1188.80062
HR_Spinup,1547,3,labsea,MLD2,1139.28544
HR_Spinup,1547,4,labsea,MLD2,966.62019
HR_Spinup,1547,5,labsea,MLD2,147.56719
HR_Spinup,1547,6,labsea,MLD2,47.36756
HR_Spinup,1547,7,labsea,MLD2,24.12471
HR_Spinup,1547,8,labsea,MLD2,18.10396
HR_Spinup,1547,9,labsea,MLD2,27.75354
HR_Spinup,1547,10,labsea,MLD2,43.03743
HR_Spinup,1547,11,labsea,MLD2,77.73154
HR_Spinup,1547,12,labsea,MLD2,185.22965
HR_Spinup,1547,1,interior,MLD2,1853.50330
HR_Spinup,1547,2,interior,MLD2,2275.00778
HR_Spinup,1547,3,interior,MLD2,2294.87316
HR_Spinup,1547,4,interior,MLD2,1963.06253
HR_Spinup,1547,5,interior,MLD2,283.02873
HR_Spinup,1547,6,interior,MLD2,78.34444
HR_Spinup,1547,7,interior,MLD2,28.67289
HR_Spinup,1547,8,interior,MLD2,20.74883
HR_Spinup,1547,9,interior,MLD2,32.34913
HR_Spinup,1547,10,interior,MLD2,50.49697
HR_Spinup,1547,11,interior,MLD2,100.60556
HR_Spinup,1547,12,interior,MLD2,285.66654
HR_Spinup,1548,1,labsea,a_ice,0.17950
HR_Spinup,1548,2,labsea,a_ice,0.20745
HR_Spinup,1548,3,labsea,a_ice,0.18807
HR_Spinup,1548,4,labsea,a_ice,0.17525
HR_Spinup,1548,5,labsea,a_ice,0.13466
HR_Spinup,1548,6,labsea,a_ice,0.04328
HR_Spinup,1548,7,labsea,a_ice,0.00988
HR_Spinup,1548,8,labsea,a_ice,0.00002
HR_Spinup,1548,9,labsea,a_ice,0.00000
HR_Spinup,1548,10,labsea,a_ice,0.00200
HR_Spinup,1548,11,labsea,a_ice,0.06089
HR_Spinup,1548,12,labsea,a_ice,0.19881
HR_Spinup,1548,1,interior,a_ice,0.02525
HR_Spinup,1548,2,interior,a_ice,0.04021
HR_Spinup,1548,3,interior,a_ice,0.02426
HR_Spinup,1548,4,interior,a_ice,0.01506
HR_Spinup,1548,5,interior,a_ice,0.01574
HR_Spinup,1548,6,interior,a_ice,0.00394
HR_Spinup,1548,7,interior,a_ice,0.00001
HR_Spinup,1548,8,interior,a_ice,0.00000
HR_Spinup,1548,9,interior,a_ice,0.00000
HR_Spinup,1548,10,interior,a_ice,0.00049
HR_Spinup,1548,11,interior,a_ice,0.00050
HR_Spinup,1548,12,interior,a_ice,0.03856
HR_Spinup,1548,1,labsea,MLD2,792.03842
HR_Spinup,1548,2,labsea,MLD2,1288.71830
HR_Spinup,1548,3,labsea,MLD2,1310.75367
HR_Spinup,1548,4,labsea,MLD2,1220.92357
HR_Spinup,1548,5,labsea,MLD2,527.55503
HR_Spinup,1548,6,labsea,MLD2,23.31047
HR_Spinup,1548,7,labsea,MLD2,16.10665
HR_Spinup,1548,8,labsea,MLD2,16.41674
HR_Spinup,1548,9,labsea,MLD2,28.20035
HR_Spinup,1548,10,labsea,MLD2,44.79433
HR_Spinup,1548,11,labsea,MLD2,77.40518
HR_Spinup,1548,12,labsea,MLD2,265.12164
HR_Spinup,1548,1,interior,MLD2,1460.61595
HR_Spinup,1548,2,interior,MLD2,2120.94726
HR_Spinup,1548,3,interior,MLD2,2181.26544
HR_Spinup,1548,4,interior,MLD2,2100.80385
HR_Spinup,1548,5,interior,MLD2,976.87413
HR_Spinup,1548,6,interior,MLD2,29.94774
HR_Spinup,1548,7,interior,MLD2,18.37082
HR_Spinup,1548,8,interior,MLD2,18.63480
HR_Spinup,1548,9,interior,MLD2,34.20745
HR_Spinup,1548,10,interior,MLD2,52.30863
HR_Spinup,1548,11,interior,MLD2,107.51873
HR_Spinup,1548,12,interior,MLD2,466.17484
HR_Spinup,1549,1,labsea,a_ice,0.38776
HR_Spinup,1549,2,labsea,a_ice,0.35761
HR_Spinup,1549,3,labsea,a_ice,0.32064
HR_Spinup,1549,4,labsea,a_ice,0.25178
HR_Spinup,1549,5,labsea,a_ice,0.18094
HR_Spinup,1549,6,labsea,a_ice,0.07033
HR_Spinup,1549,7,labsea,a_ice,0.00864
HR_Spinup,1549,8,labsea,a_ice,0.00001
HR_Spinup,1549,9,labsea,a_ice,0.00000
HR_Spinup,1549,10,labsea,a_ice,0.00004
HR_Spinup,1549,11,labsea,a_ice,0.03694
HR_Spinup,1549,12,labsea,a_ice,0.13404
HR_Spinup,1549,1,interior,a_ice,0.23091
HR_Spinup,1549,2,interior,a_ice,0.15762
HR_Spinup,1549,3,interior,a_ice,0.09350
HR_Spinup,1549,4,interior,a_ice,0.06179
HR_Spinup,1549,5,interior,a_ice,0.04047
HR_Spinup,1549,6,interior,a_ice,0.01206
HR_Spinup,1549,7,interior,a_ice,0.00000
HR_Spinup,1549,8,interior,a_ice,0.00000
HR_Spinup,1549,9,interior,a_ice,0.00000
HR_Spinup,1549,10,interior,a_ice,0.00000
HR_Spinup,1549,11,interior,a_ice,0.00026
HR_Spinup,1549,12,interior,a_ice,0.01571
HR_Spinup,1549,1,labsea,MLD2,1101.45068
HR_Spinup,1549,2,labsea,MLD2,1050.41426
HR_Spinup,1549,3,labsea,MLD2,1148.27434
HR_Spinup,1549,4,labsea,MLD2,973.72631
HR_Spinup,1549,5,labsea,MLD2,372.64958
HR_Spinup,1549,6,labsea,MLD2,32.94380
HR_Spinup,1549,7,labsea,MLD2,14.99214
HR_Spinup,1549,8,labsea,MLD2,19.47035
HR_Spinup,1549,9,labsea,MLD2,32.32214
HR_Spinup,1549,10,labsea,MLD2,47.37157
HR_Spinup,1549,11,labsea,MLD2,98.62692
HR_Spinup,1549,12,labsea,MLD2,322.91523
HR_Spinup,1549,1,interior,MLD2,1498.45417
HR_Spinup,1549,2,interior,MLD2,1285.22293
HR_Spinup,1549,3,interior,MLD2,1578.57290
HR_Spinup,1549,4,interior,MLD2,1540.59343
HR_Spinup,1549,5,interior,MLD2,612.46001
HR_Spinup,1549,6,interior,MLD2,40.86321
HR_Spinup,1549,7,interior,MLD2,16.16751
HR_Spinup,1549,8,interior,MLD2,22.35687
HR_Spinup,1549,9,interior,MLD2,37.35475
HR_Spinup,1549,10,interior,MLD2,56.65181
HR_Spinup,1549,11,interior,MLD2,129.60519
HR_Spinup,1549,12,interior,MLD2,501.59334
HR_Spinup,1550,1,labsea,a_ice,0.23271
HR_Spinup,1550,2,labsea,a_ice,0.28212
HR_Spinup,1550,3,labsea,a_ice,0.29076
HR_Spinup,1550,4,labsea,a_ice,0.28051
HR_Spinup,1550,5,labsea,a_ice,0.17233
HR_Spinup,1550,6,labsea,a_ice,0.07770
HR_Spinup,1550,7,labsea,a_ice,0.01103
HR_Spinup,1550,8,labsea,a_ice,0.00034
HR_Spinup,1550,9,labsea,a_ice,0.00000
HR_Spinup,1550,10,labsea,a_ice,0.00263
HR_Spinup,1550,11,labsea,a_ice,0.05835
HR_Spinup,1550,12,labsea,a_ice,0.17782
HR_Spinup,1550,1,interior,a_ice,0.04749
HR_Spinup,1550,2,interior,a_ice,0.09247
HR_Spinup,1550,3,interior,a_ice,0.06165
HR_Spinup,1550,4,interior,a_ice,0.11427
HR_Spinup,1550,5,interior,a_ice,0.03081
HR_Spinup,1550,6,interior,a_ice,0.01002
HR_Spinup,1550,7,interior,a_ice,0.00057
HR_Spinup,1550,8,interior,a_ice,0.00000
HR_Spinup,1550,9,interior,a_ice,0.00000
HR_Spinup,1550,10,interior,a_ice,0.00000
HR_Spinup,1550,11,interior,a_ice,0.00105
HR_Spinup,1550,12,interior,a_ice,0.02778
HR_Spinup,1550,1,labsea,MLD2,964.68635
HR_Spinup,1550,2,labsea,MLD2,1227.46459
HR_Spinup,1550,3,labsea,MLD2,1382.30061
HR_Spinup,1550,4,labsea,MLD2,1262.74037
HR_Spinup,1550,5,labsea,MLD2,417.33010
HR_Spinup,1550,6,labsea,MLD2,34.71818
HR_Spinup,1550,7,labsea,MLD2,17.27112
HR_Spinup,1550,8,labsea,MLD2,17.36364
HR_Spinup,1550,9,labsea,MLD2,28.33724
HR_Spinup,1550,10,labsea,MLD2,57.13244
HR_Spinup,1550,11,labsea,MLD2,132.54109
HR_Spinup,1550,12,labsea,MLD2,569.26807
HR_Spinup,1550,1,interior,MLD2,1664.06738
HR_Spinup,1550,2,interior,MLD2,1982.96439
HR_Spinup,1550,3,interior,MLD2,2257.12851
HR_Spinup,1550,4,interior,MLD2,1988.07430
HR_Spinup,1550,5,interior,MLD2,733.28296
HR_Spinup,1550,6,interior,MLD2,48.21118
HR_Spinup,1550,7,interior,MLD2,19.46718
HR_Spinup,1550,8,interior,MLD2,20.16440
HR_Spinup,1550,9,interior,MLD2,36.63972
HR_Spinup,1550,10,interior,MLD2,72.67469
HR_Spinup,1550,11,interior,MLD2,194.24768
HR_Spinup,1550,12,interior,MLD2,1225.96834
HR_Spinup,1551,1,labsea,a_ice,0.23307
HR_Spinup,1551,2,labsea,a_ice,0.30620
HR_Spinup,1551,3,labsea,a_ice,0.29849
HR_Spinup,1551,4,labsea,a_ice,0.28409
HR_Spinup,1551,5,labsea,a_ice,0.21638
HR_Spinup,1551,6,labsea,a_ice,0.11080
HR_Spinup,1551,7,labsea,a_ice,0.04104
HR_Spinup,1551,8,labsea,a_ice,0.00212
HR_Spinup,1551,9,labsea,a_ice,0.00000
HR_Spinup,1551,10,labsea,a_ice,0.00026
HR_Spinup,1551,11,labsea,a_ice,0.04886
HR_Spinup,1551,12,labsea,a_ice,0.14074
HR_Spinup,1551,1,interior,a_ice,0.03041
HR_Spinup,1551,2,interior,a_ice,0.08099
HR_Spinup,1551,3,interior,a_ice,0.09463
HR_Spinup,1551,4,interior,a_ice,0.14299
HR_Spinup,1551,5,interior,a_ice,0.06501
HR_Spinup,1551,6,interior,a_ice,0.00645
HR_Spinup,1551,7,interior,a_ice,0.00006
HR_Spinup,1551,8,interior,a_ice,0.00000
HR_Spinup,1551,9,interior,a_ice,0.00000
HR_Spinup,1551,10,interior,a_ice,0.00000
HR_Spinup,1551,11,interior,a_ice,0.00046
HR_Spinup,1551,12,interior,a_ice,0.01282
HR_Spinup,1551,1,labsea,MLD2,1162.98225
HR_Spinup,1551,2,labsea,MLD2,1368.51018
HR_Spinup,1551,3,labsea,MLD2,1335.21622
HR_Spinup,1551,4,labsea,MLD2,1253.12649
HR_Spinup,1551,5,labsea,MLD2,800.45250
HR_Spinup,1551,6,labsea,MLD2,42.95769
HR_Spinup,1551,7,labsea,MLD2,18.40767
HR_Spinup,1551,8,labsea,MLD2,15.43750
HR_Spinup,1551,9,labsea,MLD2,26.05650
HR_Spinup,1551,10,labsea,MLD2,43.93811
HR_Spinup,1551,11,labsea,MLD2,89.50725
HR_Spinup,1551,12,labsea,MLD2,154.29373
HR_Spinup,1551,1,interior,MLD2,2136.70923
HR_Spinup,1551,2,interior,MLD2,2170.69036
HR_Spinup,1551,3,interior,MLD2,1869.16939
HR_Spinup,1551,4,interior,MLD2,1771.13552
HR_Spinup,1551,5,interior,MLD2,1213.73582
HR_Spinup,1551,6,interior,MLD2,64.69955
HR_Spinup,1551,7,interior,MLD2,21.48033
HR_Spinup,1551,8,interior,MLD2,17.41136
HR_Spinup,1551,9,interior,MLD2,32.61773
HR_Spinup,1551,10,interior,MLD2,51.87602
HR_Spinup,1551,11,interior,MLD2,119.97263
HR_Spinup,1551,12,interior,MLD2,286.11510
HR_Spinup,1552,1,labsea,a_ice,0.26472
HR_Spinup,1552,2,labsea,a_ice,0.31179
HR_Spinup,1552,3,labsea,a_ice,0.29966
HR_Spinup,1552,4,labsea,a_ice,0.26384
HR_Spinup,1552,5,labsea,a_ice,0.18399
HR_Spinup,1552,6,labsea,a_ice,0.10670
HR_Spinup,1552,7,labsea,a_ice,0.02553
HR_Spinup,1552,8,labsea,a_ice,0.00073
HR_Spinup,1552,9,labsea,a_ice,0.00025
HR_Spinup,1552,10,labsea,a_ice,0.00099
HR_Spinup,1552,11,labsea,a_ice,0.04492
HR_Spinup,1552,12,labsea,a_ice,0.16736
HR_Spinup,1552,1,interior,a_ice,0.05251
HR_Spinup,1552,2,interior,a_ice,0.09682
HR_Spinup,1552,3,interior,a_ice,0.07601
HR_Spinup,1552,4,interior,a_ice,0.06986
HR_Spinup,1552,5,interior,a_ice,0.03139
HR_Spinup,1552,6,interior,a_ice,0.00549
HR_Spinup,1552,7,interior,a_ice,0.00003
HR_Spinup,1552,8,interior,a_ice,0.00000
HR_Spinup,1552,9,interior,a_ice,0.00000
HR_Spinup,1552,10,interior,a_ice,0.00010
HR_Spinup,1552,11,interior,a_ice,0.00160
HR_Spinup,1552,12,interior,a_ice,0.00956
HR_Spinup,1552,1,labsea,MLD2,993.84197
HR_Spinup,1552,2,labsea,MLD2,1327.38949
HR_Spinup,1552,3,labsea,MLD2,1317.15074
HR_Spinup,1552,4,labsea,MLD2,1116.21822
HR_Spinup,1552,5,labsea,MLD2,570.85239
HR_Spinup,1552,6,labsea,MLD2,44.92514
HR_Spinup,1552,7,labsea,MLD2,12.85452
HR_Spinup,1552,8,labsea,MLD2,15.55359
HR_Spinup,1552,9,labsea,MLD2,28.00357
HR_Spinup,1552,10,labsea,MLD2,49.07793
HR_Spinup,1552,11,labsea,MLD2,127.41219
HR_Spinup,1552,12,labsea,MLD2,481.65589
HR_Spinup,1552,1,interior,MLD2,1667.33544
HR_Spinup,1552,2,interior,MLD2,2024.51520
HR_Spinup,1552,3,interior,MLD2,2105.89427
HR_Spinup,1552,4,interior,MLD2,1886.95483
HR_Spinup,1552,5,interior,MLD2,962.97003
HR_Spinup,1552,6,interior,MLD2,47.69674
HR_Spinup,1552,7,interior,MLD2,15.77049
HR_Spinup,1552,8,interior,MLD2,17.72213
HR_Spinup,1552,9,interior,MLD2,32.85611
HR_Spinup,1552,10,interior,MLD2,57.67186
HR_Spinup,1552,11,interior,MLD2,183.36041
HR_Spinup,1552,12,interior,MLD2,1052.23426
HR_Spinup,1553,1,labsea,a_ice,0.26217
HR_Spinup,1553,2,labsea,a_ice,0.35026
HR_Spinup,1553,3,labsea,a_ice,0.39936
HR_Spinup,1553,4,labsea,a_ice,0.31432
HR_Spinup,1553,5,labsea,a_ice,0.20352
HR_Spinup,1553,6,labsea,a_ice,0.08901
HR_Spinup,1553,7,labsea,a_ice,0.01439
HR_Spinup,1553,8,labsea,a_ice,0.00041
HR_Spinup,1553,9,labsea,a_ice,0.00000
HR_Spinup,1553,10,labsea,a_ice,0.00101
HR_Spinup,1553,11,labsea,a_ice,0.06262
HR_Spinup,1553,12,labsea,a_ice,0.16218
HR_Spinup,1553,1,interior,a_ice,0.05433
HR_Spinup,1553,2,interior,a_ice,0.11827
HR_Spinup,1553,3,interior,a_ice,0.22001
HR_Spinup,1553,4,interior,a_ice,0.10882
HR_Spinup,1553,5,interior,a_ice,0.03917
HR_Spinup,1553,6,interior,a_ice,0.01319
HR_Spinup,1553,7,interior,a_ice,0.00000
HR_Spinup,1553,8,interior,a_ice,0.00000
HR_Spinup,1553,9,interior,a_ice,0.00000
HR_Spinup,1553,10,interior,a_ice,0.00000
HR_Spinup,1553,11,interior,a_ice,0.00333
HR_Spinup,1553,12,interior,a_ice,0.02641
HR_Spinup,1553,1,labsea,MLD2,1183.62621
HR_Spinup,1553,2,labsea,MLD2,1276.03252
HR_Spinup,1553,3,labsea,MLD2,1135.76503
HR_Spinup,1553,4,labsea,MLD2,1076.18734
HR_Spinup,1553,5,labsea,MLD2,561.38310
HR_Spinup,1553,6,labsea,MLD2,58.84309
HR_Spinup,1553,7,labsea,MLD2,24.74251
HR_Spinup,1553,8,labsea,MLD2,24.42123
HR_Spinup,1553,9,labsea,MLD2,34.63122
HR_Spinup,1553,10,labsea,MLD2,62.02347
HR_Spinup,1553,11,labsea,MLD2,151.67200
HR_Spinup,1553,12,labsea,MLD2,626.53490
HR_Spinup,1553,1,interior,MLD2,2096.35225
HR_Spinup,1553,2,interior,MLD2,2008.29990
HR_Spinup,1553,3,interior,MLD2,1567.76231
HR_Spinup,1553,4,interior,MLD2,1565.19183
HR_Spinup,1553,5,interior,MLD2,859.44068
HR_Spinup,1553,6,interior,MLD2,89.86358
HR_Spinup,1553,7,interior,MLD2,31.16838
HR_Spinup,1553,8,interior,MLD2,28.77070
HR_Spinup,1553,9,interior,MLD2,42.21684
HR_Spinup,1553,10,interior,MLD2,84.36545
HR_Spinup,1553,11,interior,MLD2,262.90628
HR_Spinup,1553,12,interior,MLD2,1345.21413
HR_Spinup,1554,1,labsea,a_ice,0.24709
HR_Spinup,1554,2,labsea,a_ice,0.32330
HR_Spinup,1554,3,labsea,a_ice,0.32257
HR_Spinup,1554,4,labsea,a_ice,0.27623
HR_Spinup,1554,5,labsea,a_ice,0.18454
HR_Spinup,1554,6,labsea,a_ice,0.07804
HR_Spinup,1554,7,labsea,a_ice,0.00799
HR_Spinup,1554,8,labsea,a_ice,0.00000
HR_Spinup,1554,9,labsea,a_ice,0.00000
HR_Spinup,1554,10,labsea,a_ice,0.00412
HR_Spinup,1554,11,labsea,a_ice,0.05369
HR_Spinup,1554,12,labsea,a_ice,0.17076
HR_Spinup,1554,1,interior,a_ice,0.06169
HR_Spinup,1554,2,interior,a_ice,0.11374
HR_Spinup,1554,3,interior,a_ice,0.08686
HR_Spinup,1554,4,interior,a_ice,0.06974
HR_Spinup,1554,5,interior,a_ice,0.03823
HR_Spinup,1554,6,interior,a_ice,0.00337
HR_Spinup,1554,7,interior,a_ice,0.00000
HR_Spinup,1554,8,interior,a_ice,0.00000
HR_Spinup,1554,9,interior,a_ice,0.00000
HR_Spinup,1554,10,interior,a_ice,0.00000
HR_Spinup,1554,11,interior,a_ice,0.00145
HR_Spinup,1554,12,interior,a_ice,0.00812
HR_Spinup,1554,1,labsea,MLD2,1119.14936
HR_Spinup,1554,2,labsea,MLD2,1358.88899
HR_Spinup,1554,3,labsea,MLD2,1445.21738
HR_Spinup,1554,4,labsea,MLD2,1343.28038
HR_Spinup,1554,5,labsea,MLD2,821.54680
HR_Spinup,1554,6,labsea,MLD2,27.93613
HR_Spinup,1554,7,labsea,MLD2,21.43387
HR_Spinup,1554,8,labsea,MLD2,20.23938
HR_Spinup,1554,9,labsea,MLD2,33.02540
HR_Spinup,1554,10,labsea,MLD2,67.14546
HR_Spinup,1554,11,labsea,MLD2,106.85062
HR_Spinup,1554,12,labsea,MLD2,598.62703
HR_Spinup,1554,1,interior,MLD2,1932.02560
HR_Spinup,1554,2,interior,MLD2,2186.95230
HR_Spinup,1554,3,interior,MLD2,2285.39986
HR_Spinup,1554,4,interior,MLD2,2129.08780
HR_Spinup,1554,5,interior,MLD2,1332.60607
HR_Spinup,1554,6,interior,MLD2,32.44116
HR_Spinup,1554,7,interior,MLD2,25.03106
HR_Spinup,1554,8,interior,MLD2,23.39170
HR_Spinup,1554,9,interior,MLD2,39.52292
HR_Spinup,1554,10,interior,MLD2,83.51050
HR_Spinup,1554,11,interior,MLD2,142.34612
HR_Spinup,1554,12,interior,MLD2,1179.44476
HR_Spinup,1555,1,labsea,a_ice,0.25760
HR_Spinup,1555,2,labsea,a_ice,0.29439
HR_Spinup,1555,3,labsea,a_ice,0.30597
HR_Spinup,1555,4,labsea,a_ice,0.27223
HR_Spinup,1555,5,labsea,a_ice,0.20833
HR_Spinup,1555,6,labsea,a_ice,0.10579
HR_Spinup,1555,7,labsea,a_ice,0.02449
HR_Spinup,1555,8,labsea,a_ice,0.00027
HR_Spinup,1555,9,labsea,a_ice,0.00007
HR_Spinup,1555,10,labsea,a_ice,0.00263
HR_Spinup,1555,11,labsea,a_ice,0.04780
HR_Spinup,1555,12,labsea,a_ice,0.17200
HR_Spinup,1555,1,interior,a_ice,0.07011
HR_Spinup,1555,2,interior,a_ice,0.07775
HR_Spinup,1555,3,interior,a_ice,0.08489
HR_Spinup,1555,4,interior,a_ice,0.07499
HR_Spinup,1555,5,interior,a_ice,0.04984
HR_Spinup,1555,6,interior,a_ice,0.01273
HR_Spinup,1555,7,interior,a_ice,0.00832
HR_Spinup,1555,8,interior,a_ice,0.00000
HR_Spinup,1555,9,interior,a_ice,0.00000
HR_Spinup,1555,10,interior,a_ice,0.00063
HR_Spinup,1555,11,interior,a_ice,0.00130
HR_Spinup,1555,12,interior,a_ice,0.02348
HR_Spinup,1555,1,labsea,MLD2,1196.13509
HR_Spinup,1555,2,labsea,MLD2,1413.95176
HR_Spinup,1555,3,labsea,MLD2,1335.50796
HR_Spinup,1555,4,labsea,MLD2,992.39146
HR_Spinup,1555,5,labsea,MLD2,574.40200
HR_Spinup,1555,6,labsea,MLD2,127.38130
HR_Spinup,1555,7,labsea,MLD2,14.85546
HR_Spinup,1555,8,labsea,MLD2,20.70216
HR_Spinup,1555,9,labsea,MLD2,30.29646
HR_Spinup,1555,10,labsea,MLD2,47.14256
HR_Spinup,1555,11,labsea,MLD2,105.72974
HR_Spinup,1555,12,labsea,MLD2,338.98672
HR_Spinup,1555,1,interior,MLD2,1963.68938
HR_Spinup,1555,2,interior,MLD2,2211.76507
HR_Spinup,1555,3,interior,MLD2,1914.60570
HR_Spinup,1555,4,interior,MLD2,1489.01083
HR_Spinup,1555,5,interior,MLD2,912.02668
HR_Spinup,1555,6,interior,MLD2,217.70555
HR_Spinup,1555,7,interior,MLD2,17.66068
HR_Spinup,1555,8,interior,MLD2,24.12669
HR_Spinup,1555,9,interior,MLD2,37.95687
HR_Spinup,1555,10,interior,MLD2,63.38057
HR_Spinup,1555,11,interior,MLD2,163.53475
HR_Spinup,1555,12,interior,MLD2,629.58943
HR_Spinup,1556,1,labsea,a_ice,0.24086
HR_Spinup,1556,2,labsea,a_ice,0.29163
HR_Spinup,1556,3,labsea,a_ice,0.28637
HR_Spinup,1556,4,labsea,a_ice,0.25467
HR_Spinup,1556,5,labsea,a_ice,0.16259
HR_Spinup,1556,6,labsea,a_ice,0.05922
HR_Spinup,1556,7,labsea,a_ice,0.00466
HR_Spinup,1556,8,labsea,a_ice,0.00000
HR_Spinup,1556,9,labsea,a_ice,0.00000
HR_Spinup,1556,10,labsea,a_ice,0.00060
HR_Spinup,1556,11,labsea,a_ice,0.03416
HR_Spinup,1556,12,labsea,a_ice,0.11927
HR_Spinup,1556,1,interior,a_ice,0.05165
HR_Spinup,1556,2,interior,a_ice,0.05214
HR_Spinup,1556,3,interior,a_ice,0.06474
HR_Spinup,1556,4,interior,a_ice,0.08042
HR_Spinup,1556,5,interior,a_ice,0.02292
HR_Spinup,1556,6,interior,a_ice,0.00948
HR_Spinup,1556,7,interior,a_ice,0.00008
HR_Spinup,1556,8,interior,a_ice,0.00000
HR_Spinup,1556,9,interior,a_ice,0.00000
HR_Spinup,1556,10,interior,a_ice,0.00000
HR_Spinup,1556,11,interior,a_ice,0.00020
HR_Spinup,1556,12,interior,a_ice,0.01296
HR_Spinup,1556,1,labsea,MLD2,1229.42491
HR_Spinup,1556,2,labsea,MLD2,1377.32696
HR_Spinup,1556,3,labsea,MLD2,1297.95031
HR_Spinup,1556,4,labsea,MLD2,1116.40074
HR_Spinup,1556,5,labsea,MLD2,253.19322
HR_Spinup,1556,6,labsea,MLD2,18.77055
HR_Spinup,1556,7,labsea,MLD2,17.12298
HR_Spinup,1556,8,labsea,MLD2,21.97817
HR_Spinup,1556,9,labsea,MLD2,29.25208
HR_Spinup,1556,10,labsea,MLD2,52.95620
HR_Spinup,1556,11,labsea,MLD2,111.54273
HR_Spinup,1556,12,labsea,MLD2,327.37582
HR_Spinup,1556,1,interior,MLD2,2143.10374
HR_Spinup,1556,2,interior,MLD2,2230.02799
HR_Spinup,1556,3,interior,MLD2,2021.43853
HR_Spinup,1556,4,interior,MLD2,1693.19447
HR_Spinup,1556,5,interior,MLD2,429.45983
HR_Spinup,1556,6,interior,MLD2,23.67913
HR_Spinup,1556,7,interior,MLD2,19.96596
HR_Spinup,1556,8,interior,MLD2,27.38252
HR_Spinup,1556,9,interior,MLD2,35.50352
HR_Spinup,1556,10,interior,MLD2,59.03175
HR_Spinup,1556,11,interior,MLD2,138.62855
HR_Spinup,1556,12,interior,MLD2,489.07332
HR_Spinup,1557,1,labsea,a_ice,0.19215
HR_Spinup,1557,2,labsea,a_ice,0.22097
HR_Spinup,1557,3,labsea,a_ice,0.22882
HR_Spinup,1557,4,labsea,a_ice,0.18762
HR_Spinup,1557,5,labsea,a_ice,0.17042
HR_Spinup,1557,6,labsea,a_ice,0.08219
HR_Spinup,1557,7,labsea,a_ice,0.00683
HR_Spinup,1557,8,labsea,a_ice,0.00000
HR_Spinup,1557,9,labsea,a_ice,0.00000
HR_Spinup,1557,10,labsea,a_ice,0.00084
HR_Spinup,1557,11,labsea,a_ice,0.05517
HR_Spinup,1557,12,labsea,a_ice,0.20771
HR_Spinup,1557,1,interior,a_ice,0.02888
HR_Spinup,1557,2,interior,a_ice,0.02486
HR_Spinup,1557,3,interior,a_ice,0.04179
HR_Spinup,1557,4,interior,a_ice,0.02583
HR_Spinup,1557,5,interior,a_ice,0.03258
HR_Spinup,1557,6,interior,a_ice,0.02699
HR_Spinup,1557,7,interior,a_ice,0.00053
HR_Spinup,1557,8,interior,a_ice,0.00000
HR_Spinup,1557,9,interior,a_ice,0.00000
HR_Spinup,1557,10,interior,a_ice,0.00000
HR_Spinup,1557,11,interior,a_ice,0.00303
HR_Spinup,1557,12,interior,a_ice,0.04975
HR_Spinup,1557,1,labsea,MLD2,1106.96732
HR_Spinup,1557,2,labsea,MLD2,1390.00898
HR_Spinup,1557,3,labsea,MLD2,1399.83121
HR_Spinup,1557,4,labsea,MLD2,1198.88451
HR_Spinup,1557,5,labsea,MLD2,872.61212
HR_Spinup,1557,6,labsea,MLD2,154.09336
HR_Spinup,1557,7,labsea,MLD2,15.03860
HR_Spinup,1557,8,labsea,MLD2,20.32124
HR_Spinup,1557,9,labsea,MLD2,35.12006
HR_Spinup,1557,10,labsea,MLD2,70.20350
HR_Spinup,1557,11,labsea,MLD2,184.97748
HR_Spinup,1557,12,labsea,MLD2,900.99479
HR_Spinup,1557,1,interior,MLD2,1808.38686
HR_Spinup,1557,2,interior,MLD2,2312.98236
HR_Spinup,1557,3,interior,MLD2,2288.93871
HR_Spinup,1557,4,interior,MLD2,2056.62993
HR_Spinup,1557,5,interior,MLD2,1584.72402
HR_Spinup,1557,6,interior,MLD2,358.49968
HR_Spinup,1557,7,interior,MLD2,16.68482
HR_Spinup,1557,8,interior,MLD2,25.41959
HR_Spinup,1557,9,interior,MLD2,40.94818
HR_Spinup,1557,10,interior,MLD2,92.68772
HR_Spinup,1557,11,interior,MLD2,297.00620
HR_Spinup,1557,12,interior,MLD2,1476.59804
HR_Spinup,1558,1,labsea,a_ice,0.31115
HR_Spinup,1558,2,labsea,a_ice,0.36899
HR_Spinup,1558,3,labsea,a_ice,0.35998
HR_Spinup,1558,4,labsea,a_ice,0.29580
HR_Spinup,1558,5,labsea,a_ice,0.22119
HR_Spinup,1558,6,labsea,a_ice,0.12864
HR_Spinup,1558,7,labsea,a_ice,0.03894
HR_Spinup,1558,8,labsea,a_ice,0.00957
HR_Spinup,1558,9,labsea,a_ice,0.00258
HR_Spinup,1558,10,labsea,a_ice,0.00616
HR_Spinup,1558,11,labsea,a_ice,0.04292
HR_Spinup,1558,12,labsea,a_ice,0.11771
HR_Spinup,1558,1,interior,a_ice,0.13040
HR_Spinup,1558,2,interior,a_ice,0.14068
HR_Spinup,1558,3,interior,a_ice,0.12900
HR_Spinup,1558,4,interior,a_ice,0.09173
HR_Spinup,1558,5,interior,a_ice,0.05684
HR_Spinup,1558,6,interior,a_ice,0.01348
HR_Spinup,1558,7,interior,a_ice,0.00609
HR_Spinup,1558,8,interior,a_ice,0.00000
HR_Spinup,1558,9,interior,a_ice,0.00000
HR_Spinup,1558,10,interior,a_ice,0.00000
HR_Spinup,1558,11,interior,a_ice,0.00000
HR_Spinup,1558,12,interior,a_ice,0.00745
HR_Spinup,1558,1,labsea,MLD2,940.14274
HR_Spinup,1558,2,labsea,MLD2,1217.36177
HR_Spinup,1558,3,labsea,MLD2,1248.56776
HR_Spinup,1558,4,labsea,MLD2,1105.00688
HR_Spinup,1558,5,labsea,MLD2,416.65953
HR_Spinup,1558,6,labsea,MLD2,58.52318
HR_Spinup,1558,7,labsea,MLD2,23.15139
HR_Spinup,1558,8,labsea,MLD2,19.80788
HR_Spinup,1558,9,labsea,MLD2,31.43161
HR_Spinup,1558,10,labsea,MLD2,50.36382
HR_Spinup,1558,11,labsea,MLD2,91.56163
HR_Spinup,1558,12,labsea,MLD2,217.27949
HR_Spinup,1558,1,interior,MLD2,1494.17679
HR_Spinup,1558,2,interior,MLD2,1868.71439
HR_Spinup,1558,3,interior,MLD2,1919.60410
HR_Spinup,1558,4,interior,MLD2,1842.20102
HR_Spinup,1558,5,interior,MLD2,1091.67211
HR_Spinup,1558,6,interior,MLD2,110.79886
HR_Spinup,1558,7,interior,MLD2,29.77688
HR_Spinup,1558,8,interior,MLD2,24.05244
HR_Spinup,1558,9,interior,MLD2,40.91470
HR_Spinup,1558,10,interior,MLD2,64.19862
HR_Spinup,1558,11,interior,MLD2,125.85395
HR_Spinup,1558,12,interior,MLD2,360.89603
HR_Spinup,1559,1,labsea,a_ice,0.22532
HR_Spinup,1559,2,labsea,a_ice,0.25081
HR_Spinup,1559,3,labsea,a_ice,0.26952
HR_Spinup,1559,4,labsea,a_ice,0.19421
HR_Spinup,1559,5,labsea,a_ice,0.14029
HR_Spinup,1559,6,labsea,a_ice,0.06432
HR_Spinup,1559,7,labsea,a_ice,0.00696
HR_Spinup,1559,8,labsea,a_ice,0.00017
HR_Spinup,1559,9,labsea,a_ice,0.00019
HR_Spinup,1559,10,labsea,a_ice,0.00004
HR_Spinup,1559,11,labsea,a_ice,0.01417
HR_Spinup,1559,12,labsea,a_ice,0.15343
HR_Spinup,1559,1,interior,a_ice,0.06860
HR_Spinup,1559,2,interior,a_ice,0.05144
HR_Spinup,1559,3,interior,a_ice,0.04500
HR_Spinup,1559,4,interior,a_ice,0.05229
HR_Spinup,1559,5,interior,a_ice,0.02049
HR_Spinup,1559,6,interior,a_ice,0.00973
HR_Spinup,1559,7,interior,a_ice,0.00055
HR_Spinup,1559,8,interior,a_ice,0.00000
HR_Spinup,1559,9,interior,a_ice,0.00000
HR_Spinup,1559,10,interior,a_ice,0.00000
HR_Spinup,1559,11,interior,a_ice,0.00004
HR_Spinup,1559,12,interior,a_ice,0.01824
HR_Spinup,1559,1,labsea,MLD2,986.73419
HR_Spinup,1559,2,labsea,MLD2,1438.57378
HR_Spinup,1559,3,labsea,MLD2,1421.01632
HR_Spinup,1559,4,labsea,MLD2,929.93208
HR_Spinup,1559,5,labsea,MLD2,491.85500
HR_Spinup,1559,6,labsea,MLD2,52.17856
HR_Spinup,1559,7,labsea,MLD2,18.73380
HR_Spinup,1559,8,labsea,MLD2,22.97220
HR_Spinup,1559,9,labsea,MLD2,31.40464
HR_Spinup,1559,10,labsea,MLD2,51.80521
HR_Spinup,1559,11,labsea,MLD2,100.60327
HR_Spinup,1559,12,labsea,MLD2,456.11035
HR_Spinup,1559,1,interior,MLD2,1729.52628
HR_Spinup,1559,2,interior,MLD2,2268.62697
HR_Spinup,1559,3,interior,MLD2,2322.21247
HR_Spinup,1559,4,interior,MLD2,1830.44660
HR_Spinup,1559,5,interior,MLD2,1007.60316
HR_Spinup,1559,6,interior,MLD2,81.47098
HR_Spinup,1559,7,interior,MLD2,20.95526
HR_Spinup,1559,8,interior,MLD2,27.05596
HR_Spinup,1559,9,interior,MLD2,37.56881
HR_Spinup,1559,10,interior,MLD2,60.01754
HR_Spinup,1559,11,interior,MLD2,124.18565
HR_Spinup,1559,12,interior,MLD2,800.32498
HR_Spinup,1560,1,labsea,a_ice,0.24776
HR_Spinup,1560,2,labsea,a_ice,0.26243
HR_Spinup,1560,3,labsea,a_ice,0.25839
HR_Spinup,1560,4,labsea,a_ice,0.21090
HR_Spinup,1560,5,labsea,a_ice,0.15478
HR_Spinup,1560,6,labsea,a_ice,0.07389
HR_Spinup,1560,7,labsea,a_ice,0.01965
HR_Spinup,1560,8,labsea,a_ice,0.00012
HR_Spinup,1560,9,labsea,a_ice,0.00039
HR_Spinup,1560,10,labsea,a_ice,0.01374
HR_Spinup,1560,11,labsea,a_ice,0.06587
HR_Spinup,1560,12,labsea,a_ice,0.20552
HR_Spinup,1560,1,interior,a_ice,0.03864
HR_Spinup,1560,2,interior,a_ice,0.05357
HR_Spinup,1560,3,interior,a_ice,0.07238
HR_Spinup,1560,4,interior,a_ice,0.04772
HR_Spinup,1560,5,interior,a_ice,0.02251
HR_Spinup,1560,6,interior,a_ice,0.00321
HR_Spinup,1560,7,interior,a_ice,0.00000
HR_Spinup,1560,8,interior,a_ice,0.00000
HR_Spinup,1560,9,interior,a_ice,0.00000
HR_Spinup,1560,10,interior,a_ice,0.00000
HR_Spinup,1560,11,interior,a_ice,0.00286
HR_Spinup,1560,12,interior,a_ice,0.04284
HR_Spinup,1560,1,labsea,MLD2,1217.01691
HR_Spinup,1560,2,labsea,MLD2,1402.28069
HR_Spinup,1560,3,labsea,MLD2,1417.43669
HR_Spinup,1560,4,labsea,MLD2,1237.64561
HR_Spinup,1560,5,labsea,MLD2,585.43593
HR_Spinup,1560,6,labsea,MLD2,77.84234
HR_Spinup,1560,7,labsea,MLD2,27.74348
HR_Spinup,1560,8,labsea,MLD2,26.03268
HR_Spinup,1560,9,labsea,MLD2,29.39756
HR_Spinup,1560,10,labsea,MLD2,49.29701
HR_Spinup,1560,11,labsea,MLD2,101.34372
HR_Spinup,1560,12,labsea,MLD2,772.39381
HR_Spinup,1560,1,interior,MLD2,1946.79438
HR_Spinup,1560,2,interior,MLD2,2135.40252
HR_Spinup,1560,3,interior,MLD2,2141.31545
HR_Spinup,1560,4,interior,MLD2,1991.21854
HR_Spinup,1560,5,interior,MLD2,1248.34476
HR_Spinup,1560,6,interior,MLD2,150.34286
HR_Spinup,1560,7,interior,MLD2,35.39447
HR_Spinup,1560,8,interior,MLD2,32.38072
HR_Spinup,1560,9,interior,MLD2,40.21220
HR_Spinup,1560,10,interior,MLD2,63.11261
HR_Spinup,1560,11,interior,MLD2,152.20335
HR_Spinup,1560,12,interior,MLD2,1437.78092
HR_Spinup,1561,1,labsea,a_ice,0.34706
HR_Spinup,1561,2,labsea,a_ice,0.44544
HR_Spinup,1561,3,labsea,a_ice,0.37915
HR_Spinup,1561,4,labsea,a_ice,0.26470
HR_Spinup,1561,5,labsea,a_ice,0.20883
HR_Spinup,1561,6,labsea,a_ice,0.09517
HR_Spinup,1561,7,labsea,a_ice,0.01070
HR_Spinup,1561,8,labsea,a_ice,0.00003
HR_Spinup,1561,9,labsea,a_ice,0.00015
HR_Spinup,1561,10,labsea,a_ice,0.00159
HR_Spinup,1561,11,labsea,a_ice,0.01593
HR_Spinup,1561,12,labsea,a_ice,0.14433
HR_Spinup,1561,1,interior,a_ice,0.17151
HR_Spinup,1561,2,interior,a_ice,0.21390
HR_Spinup,1561,3,interior,a_ice,0.13210
HR_Spinup,1561,4,interior,a_ice,0.03414
HR_Spinup,1561,5,interior,a_ice,0.03716
HR_Spinup,1561,6,interior,a_ice,0.03168
HR_Spinup,1561,7,interior,a_ice,0.00001
HR_Spinup,1561,8,interior,a_ice,0.00000
HR_Spinup,1561,9,interior,a_ice,0.00000
HR_Spinup,1561,10,interior,a_ice,0.00004
HR_Spinup,1561,11,interior,a_ice,0.00074
HR_Spinup,1561,12,interior,a_ice,0.00924
HR_Spinup,1561,1,labsea,MLD2,1208.37110
HR_Spinup,1561,2,labsea,MLD2,1136.62106
HR_Spinup,1561,3,labsea,MLD2,1034.05823
HR_Spinup,1561,4,labsea,MLD2,744.88970
HR_Spinup,1561,5,labsea,MLD2,263.20394
HR_Spinup,1561,6,labsea,MLD2,44.28624
HR_Spinup,1561,7,labsea,MLD2,23.80189
HR_Spinup,1561,8,labsea,MLD2,19.47038
HR_Spinup,1561,9,labsea,MLD2,27.10657
HR_Spinup,1561,10,labsea,MLD2,45.45637
HR_Spinup,1561,11,labsea,MLD2,55.56021
HR_Spinup,1561,12,labsea,MLD2,209.28686
HR_Spinup,1561,1,interior,MLD2,1910.14824
HR_Spinup,1561,2,interior,MLD2,1684.08792
HR_Spinup,1561,3,interior,MLD2,1494.17977
HR_Spinup,1561,4,interior,MLD2,1083.03684
HR_Spinup,1561,5,interior,MLD2,430.22448
HR_Spinup,1561,6,interior,MLD2,61.51174
HR_Spinup,1561,7,interior,MLD2,29.73024
HR_Spinup,1561,8,interior,MLD2,21.23584
HR_Spinup,1561,9,interior,MLD2,31.65129
HR_Spinup,1561,10,interior,MLD2,54.74837
HR_Spinup,1561,11,interior,MLD2,74.14562
HR_Spinup,1561,12,interior,MLD2,323.47388
HR_Spinup,1562,1,labsea,a_ice,0.30457
HR_Spinup,1562,2,labsea,a_ice,0.45171
HR_Spinup,1562,3,labsea,a_ice,0.42664
HR_Spinup,1562,4,labsea,a_ice,0.38814
HR_Spinup,1562,5,labsea,a_ice,0.27052
HR_Spinup,1562,6,labsea,a_ice,0.09637
HR_Spinup,1562,7,labsea,a_ice,0.01032
HR_Spinup,1562,8,labsea,a_ice,0.00002
HR_Spinup,1562,9,labsea,a_ice,0.00008
HR_Spinup,1562,10,labsea,a_ice,0.00008
HR_Spinup,1562,11,labsea,a_ice,0.02336
HR_Spinup,1562,12,labsea,a_ice,0.11980
HR_Spinup,1562,1,interior,a_ice,0.07913
HR_Spinup,1562,2,interior,a_ice,0.28484
HR_Spinup,1562,3,interior,a_ice,0.27561
HR_Spinup,1562,4,interior,a_ice,0.20501
HR_Spinup,1562,5,interior,a_ice,0.11549
HR_Spinup,1562,6,interior,a_ice,0.03821
HR_Spinup,1562,7,interior,a_ice,0.00001
HR_Spinup,1562,8,interior,a_ice,0.00000
HR_Spinup,1562,9,interior,a_ice,0.00000
HR_Spinup,1562,10,interior,a_ice,0.00000
HR_Spinup,1562,11,interior,a_ice,0.00002
HR_Spinup,1562,12,interior,a_ice,0.00637
HR_Spinup,1562,1,labsea,MLD2,1071.10214
HR_Spinup,1562,2,labsea,MLD2,1119.59722
HR_Spinup,1562,3,labsea,MLD2,1102.26576
HR_Spinup,1562,4,labsea,MLD2,1119.10438
HR_Spinup,1562,5,labsea,MLD2,780.31621
HR_Spinup,1562,6,labsea,MLD2,17.13403
HR_Spinup,1562,7,labsea,MLD2,15.67422
HR_Spinup,1562,8,labsea,MLD2,19.10421
HR_Spinup,1562,9,labsea,MLD2,29.94158
HR_Spinup,1562,10,labsea,MLD2,39.23311
HR_Spinup,1562,11,labsea,MLD2,72.20931
HR_Spinup,1562,12,labsea,MLD2,236.56130
HR_Spinup,1562,1,interior,MLD2,1845.37486
HR_Spinup,1562,2,interior,MLD2,1637.23494
HR_Spinup,1562,3,interior,MLD2,1463.42919
HR_Spinup,1562,4,interior,MLD2,1515.96082
HR_Spinup,1562,5,interior,MLD2,1249.43459
HR_Spinup,1562,6,interior,MLD2,19.22798
HR_Spinup,1562,7,interior,MLD2,17.02828
HR_Spinup,1562,8,interior,MLD2,22.22752
HR_Spinup,1562,9,interior,MLD2,36.66317
HR_Spinup,1562,10,interior,MLD2,49.28401
HR_Spinup,1562,11,interior,MLD2,100.17022
HR_Spinup,1562,12,interior,MLD2,385.67902
HR_Spinup,1563,1,labsea,a_ice,0.21467
HR_Spinup,1563,2,labsea,a_ice,0.30902
HR_Spinup,1563,3,labsea,a_ice,0.27110
HR_Spinup,1563,4,labsea,a_ice,0.26926
HR_Spinup,1563,5,labsea,a_ice,0.15428
HR_Spinup,1563,6,labsea,a_ice,0.04039
HR_Spinup,1563,7,labsea,a_ice,0.00589
HR_Spinup,1563,8,labsea,a_ice,0.00129
HR_Spinup,1563,9,labsea,a_ice,0.00067
HR_Spinup,1563,10,labsea,a_ice,0.00153
HR_Spinup,1563,11,labsea,a_ice,0.03830
HR_Spinup,1563,12,labsea,a_ice,0.18469
HR_Spinup,1563,1,interior,a_ice,0.02854
HR_Spinup,1563,2,interior,a_ice,0.06621
HR_Spinup,1563,3,interior,a_ice,0.09042
HR_Spinup,1563,4,interior,a_ice,0.09746
HR_Spinup,1563,5,interior,a_ice,0.05847
HR_Spinup,1563,6,interior,a_ice,0.00245
HR_Spinup,1563,7,interior,a_ice,0.00013
HR_Spinup,1563,8,interior,a_ice,0.00002
HR_Spinup,1563,9,interior,a_ice,0.00000
HR_Spinup,1563,10,interior,a_ice,0.00011
HR_Spinup,1563,11,interior,a_ice,0.00128
HR_Spinup,1563,12,interior,a_ice,0.02867
HR_Spinup,1563,1,labsea,MLD2,867.11163
HR_Spinup,1563,2,labsea,MLD2,1235.38009
HR_Spinup,1563,3,labsea,MLD2,1031.70372
HR_Spinup,1563,4,labsea,MLD2,927.10507
HR_Spinup,1563,5,labsea,MLD2,394.23366
HR_Spinup,1563,6,labsea,MLD2,24.22807
HR_Spinup,1563,7,labsea,MLD2,15.84844
HR_Spinup,1563,8,labsea,MLD2,17.76957
HR_Spinup,1563,9,labsea,MLD2,24.19071
HR_Spinup,1563,10,labsea,MLD2,40.82064
HR_Spinup,1563,11,labsea,MLD2,94.44200
HR_Spinup,1563,12,labsea,MLD2,256.96391
HR_Spinup,1563,1,interior,MLD2,1582.31527
HR_Spinup,1563,2,interior,MLD2,2047.17883
HR_Spinup,1563,3,interior,MLD2,1676.43904
HR_Spinup,1563,4,interior,MLD2,1563.81425
HR_Spinup,1563,5,interior,MLD2,714.78534
HR_Spinup,1563,6,interior,MLD2,28.08114
HR_Spinup,1563,7,interior,MLD2,18.01803
HR_Spinup,1563,8,interior,MLD2,19.83744
HR_Spinup,1563,9,interior,MLD2,28.04359
HR_Spinup,1563,10,interior,MLD2,46.88652
HR_Spinup,1563,11,interior,MLD2,144.44273
HR_Spinup,1563,12,interior,MLD2,495.79128
HR_Spinup,1564,1,labsea,a_ice,0.34343
HR_Spinup,1564,2,labsea,a_ice,0.40820
HR_Spinup,1564,3,labsea,a_ice,0.36765
HR_Spinup,1564,4,labsea,a_ice,0.29012
HR_Spinup,1564,5,labsea,a_ice,0.21729
HR_Spinup,1564,6,labsea,a_ice,0.11527
HR_Spinup,1564,7,labsea,a_ice,0.01882
HR_Spinup,1564,8,labsea,a_ice,0.00078
HR_Spinup,1564,9,labsea,a_ice,0.00000
HR_Spinup,1564,10,labsea,a_ice,0.00328
HR_Spinup,1564,11,labsea,a_ice,0.04186
HR_Spinup,1564,12,labsea,a_ice,0.18699
HR_Spinup,1564,1,interior,a_ice,0.13194
HR_Spinup,1564,2,interior,a_ice,0.19458
HR_Spinup,1564,3,interior,a_ice,0.13581
HR_Spinup,1564,4,interior,a_ice,0.08364
HR_Spinup,1564,5,interior,a_ice,0.04472
HR_Spinup,1564,6,interior,a_ice,0.02025
HR_Spinup,1564,7,interior,a_ice,0.00282
HR_Spinup,1564,8,interior,a_ice,0.00000
HR_Spinup,1564,9,interior,a_ice,0.00000
HR_Spinup,1564,10,interior,a_ice,0.00000
HR_Spinup,1564,11,interior,a_ice,0.00061
HR_Spinup,1564,12,interior,a_ice,0.03186
HR_Spinup,1564,1,labsea,MLD2,1100.78099
HR_Spinup,1564,2,labsea,MLD2,1188.41761
HR_Spinup,1564,3,labsea,MLD2,1050.22724
HR_Spinup,1564,4,labsea,MLD2,831.76867
HR_Spinup,1564,5,labsea,MLD2,546.07930
HR_Spinup,1564,6,labsea,MLD2,45.91967
HR_Spinup,1564,7,labsea,MLD2,16.52278
HR_Spinup,1564,8,labsea,MLD2,17.43822
HR_Spinup,1564,9,labsea,MLD2,26.12944
HR_Spinup,1564,10,labsea,MLD2,41.53331
HR_Spinup,1564,11,labsea,MLD2,82.78525
HR_Spinup,1564,12,labsea,MLD2,435.00379
HR_Spinup,1564,1,interior,MLD2,1792.27182
HR_Spinup,1564,2,interior,MLD2,1808.42977
HR_Spinup,1564,3,interior,MLD2,1706.84280
HR_Spinup,1564,4,interior,MLD2,1624.71786
HR_Spinup,1564,5,interior,MLD2,1172.65249
HR_Spinup,1564,6,interior,MLD2,94.73523
HR_Spinup,1564,7,interior,MLD2,17.08057
HR_Spinup,1564,8,interior,MLD2,18.07330
HR_Spinup,1564,9,interior,MLD2,28.02502
HR_Spinup,1564,10,interior,MLD2,48.50773
HR_Spinup,1564,11,interior,MLD2,112.32878
HR_Spinup,1564,12,interior,MLD2,796.56640
HR_Spinup,1565,1,labsea,a_ice,0.34230
HR_Spinup,1565,2,labsea,a_ice,0.33616
HR_Spinup,1565,3,labsea,a_ice,0.30937
HR_Spinup,1565,4,labsea,a_ice,0.21519
HR_Spinup,1565,5,labsea,a_ice,0.15984
HR_Spinup,1565,6,labsea,a_ice,0.06064
HR_Spinup,1565,7,labsea,a_ice,0.01611
HR_Spinup,1565,8,labsea,a_ice,0.00148
HR_Spinup,1565,9,labsea,a_ice,0.00000
HR_Spinup,1565,10,labsea,a_ice,0.00001
HR_Spinup,1565,11,labsea,a_ice,0.00580
HR_Spinup,1565,12,labsea,a_ice,0.11956
HR_Spinup,1565,1,interior,a_ice,0.12278
HR_Spinup,1565,2,interior,a_ice,0.11599
HR_Spinup,1565,3,interior,a_ice,0.10083
HR_Spinup,1565,4,interior,a_ice,0.04908
HR_Spinup,1565,5,interior,a_ice,0.03113
HR_Spinup,1565,6,interior,a_ice,0.00468
HR_Spinup,1565,7,interior,a_ice,0.00000
HR_Spinup,1565,8,interior,a_ice,0.00000
HR_Spinup,1565,9,interior,a_ice,0.00000
HR_Spinup,1565,10,interior,a_ice,0.00000
HR_Spinup,1565,11,interior,a_ice,0.00033
HR_Spinup,1565,12,interior,a_ice,0.01791
HR_Spinup,1565,1,labsea,MLD2,1105.94924
HR_Spinup,1565,2,labsea,MLD2,1324.00996
HR_Spinup,1565,3,labsea,MLD2,1255.48130
HR_Spinup,1565,4,labsea,MLD2,948.31694
HR_Spinup,1565,5,labsea,MLD2,523.22549
HR_Spinup,1565,6,labsea,MLD2,34.37814
HR_Spinup,1565,7,labsea,MLD2,25.33164
HR_Spinup,1565,8,labsea,MLD2,15.99026
HR_Spinup,1565,9,labsea,MLD2,27.29487
HR_Spinup,1565,10,labsea,MLD2,36.24510
HR_Spinup,1565,11,labsea,MLD2,70.57290
HR_Spinup,1565,12,labsea,MLD2,220.02900
HR_Spinup,1565,1,interior,MLD2,1889.10348
HR_Spinup,1565,2,interior,MLD2,2132.83149
HR_Spinup,1565,3,interior,MLD2,2092.83120
HR_Spinup,1565,4,interior,MLD2,1845.19538
HR_Spinup,1565,5,interior,MLD2,1151.99660
HR_Spinup,1565,6,interior,MLD2,54.28319
HR_Spinup,1565,7,interior,MLD2,29.21358
HR_Spinup,1565,8,interior,MLD2,17.79614
HR_Spinup,1565,9,interior,MLD2,32.29948
HR_Spinup,1565,10,interior,MLD2,44.93701
HR_Spinup,1565,11,interior,MLD2,86.08696
HR_Spinup,1565,12,interior,MLD2,318.74195
HR_Spinup,1566,1,labsea,a_ice,0.30715
HR_Spinup,1566,2,labsea,a_ice,0.40291
HR_Spinup,1566,3,labsea,a_ice,0.52860
HR_Spinup,1566,4,labsea,a_ice,0.43015
HR_Spinup,1566,5,labsea,a_ice,0.26294
HR_Spinup,1566,6,labsea,a_ice,0.11078
HR_Spinup,1566,7,labsea,a_ice,0.01002
HR_Spinup,1566,8,labsea,a_ice,0.00021
HR_Spinup,1566,9,labsea,a_ice,0.00000
HR_Spinup,1566,10,labsea,a_ice,0.00000
HR_Spinup,1566,11,labsea,a_ice,0.01586
HR_Spinup,1566,12,labsea,a_ice,0.12576
HR_Spinup,1566,1,interior,a_ice,0.12434
HR_Spinup,1566,2,interior,a_ice,0.33113
HR_Spinup,1566,3,interior,a_ice,0.57856
HR_Spinup,1566,4,interior,a_ice,0.32073
HR_Spinup,1566,5,interior,a_ice,0.08059
HR_Spinup,1566,6,interior,a_ice,0.01538
HR_Spinup,1566,7,interior,a_ice,0.00044
HR_Spinup,1566,8,interior,a_ice,0.00000
HR_Spinup,1566,9,interior,a_ice,0.00000
HR_Spinup,1566,10,interior,a_ice,0.00000
HR_Spinup,1566,11,interior,a_ice,0.00017
HR_Spinup,1566,12,interior,a_ice,0.00638
HR_Spinup,1566,1,labsea,MLD2,1041.39988
HR_Spinup,1566,2,labsea,MLD2,968.90847
HR_Spinup,1566,3,labsea,MLD2,827.52427
HR_Spinup,1566,4,labsea,MLD2,597.06851
HR_Spinup,1566,5,labsea,MLD2,361.47066
HR_Spinup,1566,6,labsea,MLD2,34.48295
HR_Spinup,1566,7,labsea,MLD2,20.30809
HR_Spinup,1566,8,labsea,MLD2,14.14727
HR_Spinup,1566,9,labsea,MLD2,21.71653
HR_Spinup,1566,10,labsea,MLD2,41.18699
HR_Spinup,1566,11,labsea,MLD2,108.16773
HR_Spinup,1566,12,labsea,MLD2,311.04906
HR_Spinup,1566,1,interior,MLD2,1571.16928
HR_Spinup,1566,2,interior,MLD2,1165.78538
HR_Spinup,1566,3,interior,MLD2,668.55011
HR_Spinup,1566,4,interior,MLD2,460.25750
HR_Spinup,1566,5,interior,MLD2,245.48770
HR_Spinup,1566,6,interior,MLD2,33.40211
HR_Spinup,1566,7,interior,MLD2,22.71496
HR_Spinup,1566,8,interior,MLD2,15.13930
HR_Spinup,1566,9,interior,MLD2,24.78036
HR_Spinup,1566,10,interior,MLD2,50.75084
HR_Spinup,1566,11,interior,MLD2,171.31203
HR_Spinup,1566,12,interior,MLD2,686.54687
HR_Spinup,1567,1,labsea,a_ice,0.32943
HR_Spinup,1567,2,labsea,a_ice,0.37189
HR_Spinup,1567,3,labsea,a_ice,0.36110
HR_Spinup,1567,4,labsea,a_ice,0.32523
HR_Spinup,1567,5,labsea,a_ice,0.23741
HR_Spinup,1567,6,labsea,a_ice,0.11103
HR_Spinup,1567,7,labsea,a_ice,0.01744
HR_Spinup,1567,8,labsea,a_ice,0.00000
HR_Spinup,1567,9,labsea,a_ice,0.00000
HR_Spinup,1567,10,labsea,a_ice,0.00000
HR_Spinup,1567,11,labsea,a_ice,0.02123
HR_Spinup,1567,12,labsea,a_ice,0.17172
HR_Spinup,1567,1,interior,a_ice,0.10555
HR_Spinup,1567,2,interior,a_ice,0.17236
HR_Spinup,1567,3,interior,a_ice,0.15686
HR_Spinup,1567,4,interior,a_ice,0.12372
HR_Spinup,1567,5,interior,a_ice,0.03808
HR_Spinup,1567,6,interior,a_ice,0.01243
HR_Spinup,1567,7,interior,a_ice,0.00016
HR_Spinup,1567,8,interior,a_ice,0.00000
HR_Spinup,1567,9,interior,a_ice,0.00000
HR_Spinup,1567,10,interior,a_ice,0.00000
HR_Spinup,1567,11,interior,a_ice,0.00013
HR_Spinup,1567,12,interior,a_ice,0.02511
HR_Spinup,1567,1,labsea,MLD2,945.73774
HR_Spinup,1567,2,labsea,MLD2,1110.62053
HR_Spinup,1567,3,labsea,MLD2,1149.58186
HR_Spinup,1567,4,labsea,MLD2,1041.61265
HR_Spinup,1567,5,labsea,MLD2,555.89297
HR_Spinup,1567,6,labsea,MLD2,31.18821
HR_Spinup,1567,7,labsea,MLD2,18.39786
HR_Spinup,1567,8,labsea,MLD2,22.33165
HR_Spinup,1567,9,labsea,MLD2,34.82702
HR_Spinup,1567,10,labsea,MLD2,44.75806
HR_Spinup,1567,11,labsea,MLD2,82.97125
HR_Spinup,1567,12,labsea,MLD2,508.84726
HR_Spinup,1567,1,interior,MLD2,1972.97696
HR_Spinup,1567,2,interior,MLD2,1833.97375
HR_Spinup,1567,3,interior,MLD2,1953.80237
HR_Spinup,1567,4,interior,MLD2,1868.57451
HR_Spinup,1567,5,interior,MLD2,1154.43194
HR_Spinup,1567,6,interior,MLD2,38.90435
HR_Spinup,1567,7,interior,MLD2,21.43640
HR_Spinup,1567,8,interior,MLD2,27.55531
HR_Spinup,1567,9,interior,MLD2,41.85963
HR_Spinup,1567,10,interior,MLD2,54.22835
HR_Spinup,1567,11,interior,MLD2,124.75654
HR_Spinup,1567,12,interior,MLD2,958.63576
HR_Spinup,1568,1,labsea,a_ice,0.29643
HR_Spinup,1568,2,labsea,a_ice,0.31139
HR_Spinup,1568,3,labsea,a_ice,0.34523
HR_Spinup,1568,4,labsea,a_ice,0.30072
HR_Spinup,1568,5,labsea,a_ice,0.19494
HR_Spinup,1568,6,labsea,a_ice,0.07786
HR_Spinup,1568,7,labsea,a_ice,0.00949
HR_Spinup,1568,8,labsea,a_ice,0.00000
HR_Spinup,1568,9,labsea,a_ice,0.00000
HR_Spinup,1568,10,labsea,a_ice,0.00000
HR_Spinup,1568,11,labsea,a_ice,0.00874
HR_Spinup,1568,12,labsea,a_ice,0.14167
HR_Spinup,1568,1,interior,a_ice,0.12826
HR_Spinup,1568,2,interior,a_ice,0.08549
HR_Spinup,1568,3,interior,a_ice,0.11829
HR_Spinup,1568,4,interior,a_ice,0.08151
HR_Spinup,1568,5,interior,a_ice,0.03377
HR_Spinup,1568,6,interior,a_ice,0.00382
HR_Spinup,1568,7,interior,a_ice,0.00001
HR_Spinup,1568,8,interior,a_ice,0.00000
HR_Spinup,1568,9,interior,a_ice,0.00000
HR_Spinup,1568,10,interior,a_ice,0.00000
HR_Spinup,1568,11,interior,a_ice,0.00009
HR_Spinup,1568,12,interior,a_ice,0.01208
HR_Spinup,1568,1,labsea,MLD2,1081.10895
HR_Spinup,1568,2,labsea,MLD2,1215.63209
HR_Spinup,1568,3,labsea,MLD2,1304.29483
HR_Spinup,1568,4,labsea,MLD2,1177.87149
HR_Spinup,1568,5,labsea,MLD2,664.39625
HR_Spinup,1568,6,labsea,MLD2,33.50613
HR_Spinup,1568,7,labsea,MLD2,16.04087
HR_Spinup,1568,8,labsea,MLD2,17.03181
HR_Spinup,1568,9,labsea,MLD2,25.99431
HR_Spinup,1568,10,labsea,MLD2,40.88487
HR_Spinup,1568,11,labsea,MLD2,66.53105
HR_Spinup,1568,12,labsea,MLD2,425.92625
HR_Spinup,1568,1,interior,MLD2,1734.82860
HR_Spinup,1568,2,interior,MLD2,2007.93800
HR_Spinup,1568,3,interior,MLD2,2236.41880
HR_Spinup,1568,4,interior,MLD2,2022.25523
HR_Spinup,1568,5,interior,MLD2,1325.16437
HR_Spinup,1568,6,interior,MLD2,59.32010
HR_Spinup,1568,7,interior,MLD2,18.28923
HR_Spinup,1568,8,interior,MLD2,19.08041
HR_Spinup,1568,9,interior,MLD2,30.41372
HR_Spinup,1568,10,interior,MLD2,48.73986
HR_Spinup,1568,11,interior,MLD2,90.17813
HR_Spinup,1568,12,interior,MLD2,917.18849
HR_Spinup,1569,1,labsea,a_ice,0.32856
HR_Spinup,1569,2,labsea,a_ice,0.41931
HR_Spinup,1569,3,labsea,a_ice,0.43684
HR_Spinup,1569,4,labsea,a_ice,0.37433
HR_Spinup,1569,5,labsea,a_ice,0.22704
HR_Spinup,1569,6,labsea,a_ice,0.06148
HR_Spinup,1569,7,labsea,a_ice,0.00049
HR_Spinup,1569,8,labsea,a_ice,0.00000
HR_Spinup,1569,9,labsea,a_ice,0.00000
HR_Spinup,1569,10,labsea,a_ice,0.00000
HR_Spinup,1569,11,labsea,a_ice,0.00217
HR_Spinup,1569,12,labsea,a_ice,0.14435
HR_Spinup,1569,1,interior,a_ice,0.10133
HR_Spinup,1569,2,interior,a_ice,0.30655
HR_Spinup,1569,3,interior,a_ice,0.33656
HR_Spinup,1569,4,interior,a_ice,0.21206
HR_Spinup,1569,5,interior,a_ice,0.05108
HR_Spinup,1569,6,interior,a_ice,0.01055
HR_Spinup,1569,7,interior,a_ice,0.00000
HR_Spinup,1569,8,interior,a_ice,0.00000
HR_Spinup,1569,9,interior,a_ice,0.00000
HR_Spinup,1569,10,interior,a_ice,0.00000
HR_Spinup,1569,11,interior,a_ice,0.00002
HR_Spinup,1569,12,interior,a_ice,0.02596
HR_Spinup,1569,1,labsea,MLD2,1198.24233
HR_Spinup,1569,2,labsea,MLD2,1160.74679
HR_Spinup,1569,3,labsea,MLD2,1056.78488
HR_Spinup,1569,4,labsea,MLD2,914.92482
HR_Spinup,1569,5,labsea,MLD2,277.92470
HR_Spinup,1569,6,labsea,MLD2,18.58530
HR_Spinup,1569,7,labsea,MLD2,14.70219
HR_Spinup,1569,8,labsea,MLD2,17.79006
HR_Spinup,1569,9,labsea,MLD2,29.85171
HR_Spinup,1569,10,labsea,MLD2,47.19316
HR_Spinup,1569,11,labsea,MLD2,75.06300
HR_Spinup,1569,12,labsea,MLD2,192.87338
HR_Spinup,1569,1,interior,MLD2,2093.65771
HR_Spinup,1569,2,interior,MLD2,1556.05813
HR_Spinup,1569,3,interior,MLD2,1330.15582
HR_Spinup,1569,4,interior,MLD2,1149.40234
HR_Spinup,1569,5,interior,MLD2,392.42593
HR_Spinup,1569,6,interior,MLD2,23.92091
HR_Spinup,1569,7,interior,MLD2,16.05406
HR_Spinup,1569,8,interior,MLD2,20.40783
HR_Spinup,1569,9,interior,MLD2,35.54639
HR_Spinup,1569,10,interior,MLD2,56.38728
HR_Spinup,1569,11,interior,MLD2,91.82441
HR_Spinup,1569,12,interior,MLD2,345.10272
HR_Spinup,1570,1,labsea,a_ice,0.25786
HR_Spinup,1570,2,labsea,a_ice,0.23299
HR_Spinup,1570,3,labsea,a_ice,0.23677
HR_Spinup,1570,4,labsea,a_ice,0.18652
HR_Spinup,1570,5,labsea,a_ice,0.10454
HR_Spinup,1570,6,labsea,a_ice,0.02251
HR_Spinup,1570,7,labsea,a_ice,0.00105
HR_Spinup,1570,8,labsea,a_ice,0.00000
HR_Spinup,1570,9,labsea,a_ice,0.00003
HR_Spinup,1570,10,labsea,a_ice,0.00140
HR_Spinup,1570,11,labsea,a_ice,0.01346
HR_Spinup,1570,12,labsea,a_ice,0.12406
HR_Spinup,1570,1,interior,a_ice,0.06314
HR_Spinup,1570,2,interior,a_ice,0.03953
HR_Spinup,1570,3,interior,a_ice,0.04304
HR_Spinup,1570,4,interior,a_ice,0.03842
HR_Spinup,1570,5,interior,a_ice,0.02221
HR_Spinup,1570,6,interior,a_ice,0.00084
HR_Spinup,1570,7,interior,a_ice,0.00000
HR_Spinup,1570,8,interior,a_ice,0.00000
HR_Spinup,1570,9,interior,a_ice,0.00000
HR_Spinup,1570,10,interior,a_ice,0.00004
HR_Spinup,1570,11,interior,a_ice,0.00020
HR_Spinup,1570,12,interior,a_ice,0.01180
HR_Spinup,1570,1,labsea,MLD2,894.48770
HR_Spinup,1570,2,labsea,MLD2,1258.92361
HR_Spinup,1570,3,labsea,MLD2,1156.79501
HR_Spinup,1570,4,labsea,MLD2,786.69949
HR_Spinup,1570,5,labsea,MLD2,401.41126
HR_Spinup,1570,6,labsea,MLD2,44.11001
HR_Spinup,1570,7,labsea,MLD2,18.39278
HR_Spinup,1570,8,labsea,MLD2,24.71548
HR_Spinup,1570,9,labsea,MLD2,29.73616
HR_Spinup,1570,10,labsea,MLD2,46.47615
HR_Spinup,1570,11,labsea,MLD2,61.56676
HR_Spinup,1570,12,labsea,MLD2,101.69204
HR_Spinup,1570,1,interior,MLD2,1735.46735
HR_Spinup,1570,2,interior,MLD2,2138.46559
HR_Spinup,1570,3,interior,MLD2,2248.10895
HR_Spinup,1570,4,interior,MLD2,1771.28020
HR_Spinup,1570,5,interior,MLD2,911.91454
HR_Spinup,1570,6,interior,MLD2,69.70410
HR_Spinup,1570,7,interior,MLD2,21.95450
HR_Spinup,1570,8,interior,MLD2,28.00558
HR_Spinup,1570,9,interior,MLD2,33.83066
HR_Spinup,1570,10,interior,MLD2,54.59546
HR_Spinup,1570,11,interior,MLD2,76.14531
HR_Spinup,1570,12,interior,MLD2,149.63239
HR_Spinup,1571,1,labsea,a_ice,0.32997
HR_Spinup,1571,2,labsea,a_ice,0.35423
HR_Spinup,1571,3,labsea,a_ice,0.35145
HR_Spinup,1571,4,labsea,a_ice,0.23281
HR_Spinup,1571,5,labsea,a_ice,0.16669
HR_Spinup,1571,6,labsea,a_ice,0.07933
HR_Spinup,1571,7,labsea,a_ice,0.01177
HR_Spinup,1571,8,labsea,a_ice,0.00056
HR_Spinup,1571,9,labsea,a_ice,0.00054
HR_Spinup,1571,10,labsea,a_ice,0.00456
HR_Spinup,1571,11,labsea,a_ice,0.02583
HR_Spinup,1571,12,labsea,a_ice,0.16796
HR_Spinup,1571,1,interior,a_ice,0.13656
HR_Spinup,1571,2,interior,a_ice,0.21628
HR_Spinup,1571,3,interior,a_ice,0.13654
HR_Spinup,1571,4,interior,a_ice,0.05085
HR_Spinup,1571,5,interior,a_ice,0.02248
HR_Spinup,1571,6,interior,a_ice,0.00822
HR_Spinup,1571,7,interior,a_ice,0.00000
HR_Spinup,1571,8,interior,a_ice,0.00000
HR_Spinup,1571,9,interior,a_ice,0.00000
HR_Spinup,1571,10,interior,a_ice,0.00040
HR_Spinup,1571,11,interior,a_ice,0.00182
HR_Spinup,1571,12,interior,a_ice,0.01899
HR_Spinup,1571,1,labsea,MLD2,559.09248
HR_Spinup,1571,2,labsea,MLD2,929.93311
HR_Spinup,1571,3,labsea,MLD2,1104.34862
HR_Spinup,1571,4,labsea,MLD2,1113.49702
HR_Spinup,1571,5,labsea,MLD2,574.38025
HR_Spinup,1571,6,labsea,MLD2,32.02644
HR_Spinup,1571,7,labsea,MLD2,19.17453
HR_Spinup,1571,8,labsea,MLD2,20.63642
HR_Spinup,1571,9,labsea,MLD2,27.07543
HR_Spinup,1571,10,labsea,MLD2,41.54053
HR_Spinup,1571,11,labsea,MLD2,98.67809
HR_Spinup,1571,12,labsea,MLD2,373.80659
HR_Spinup,1571,1,interior,MLD2,938.05378
HR_Spinup,1571,2,interior,MLD2,1298.80076
HR_Spinup,1571,3,interior,MLD2,1550.09579
HR_Spinup,1571,4,interior,MLD2,1831.55436
HR_Spinup,1571,5,interior,MLD2,1016.64803
HR_Spinup,1571,6,interior,MLD2,47.85007
HR_Spinup,1571,7,interior,MLD2,22.09388
HR_Spinup,1571,8,interior,MLD2,23.94839
HR_Spinup,1571,9,interior,MLD2,32.29856
HR_Spinup,1571,10,interior,MLD2,51.80554
HR_Spinup,1571,11,interior,MLD2,130.83114
HR_Spinup,1571,12,interior,MLD2,673.02512
HR_Spinup,1572,1,labsea,a_ice,0.35428
HR_Spinup,1572,2,labsea,a_ice,0.42834
HR_Spinup,1572,3,labsea,a_ice,0.39957
HR_Spinup,1572,4,labsea,a_ice,0.30536
HR_Spinup,1572,5,labsea,a_ice,0.18363
HR_Spinup,1572,6,labsea,a_ice,0.08953
HR_Spinup,1572,7,labsea,a_ice,0.01570
HR_Spinup,1572,8,labsea,a_ice,0.00001
HR_Spinup,1572,9,labsea,a_ice,0.00000
HR_Spinup,1572,10,labsea,a_ice,0.00347
HR_Spinup,1572,11,labsea,a_ice,0.06878
HR_Spinup,1572,12,labsea,a_ice,0.21081
HR_Spinup,1572,1,interior,a_ice,0.18293
HR_Spinup,1572,2,interior,a_ice,0.31759
HR_Spinup,1572,3,interior,a_ice,0.18996
HR_Spinup,1572,4,interior,a_ice,0.11938
HR_Spinup,1572,5,interior,a_ice,0.00896
HR_Spinup,1572,6,interior,a_ice,0.00185
HR_Spinup,1572,7,interior,a_ice,0.00001
HR_Spinup,1572,8,interior,a_ice,0.00000
HR_Spinup,1572,9,interior,a_ice,0.00000
HR_Spinup,1572,10,interior,a_ice,0.00000
HR_Spinup,1572,11,interior,a_ice,0.00285
HR_Spinup,1572,12,interior,a_ice,0.03785
HR_Spinup,1572,1,labsea,MLD2,1032.91864
HR_Spinup,1572,2,labsea,MLD2,1073.66868
HR_Spinup,1572,3,labsea,MLD2,1012.12440
HR_Spinup,1572,4,labsea,MLD2,971.79866
HR_Spinup,1572,5,labsea,MLD2,462.46032
HR_Spinup,1572,6,labsea,MLD2,33.01074
HR_Spinup,1572,7,labsea,MLD2,23.38740
HR_Spinup,1572,8,labsea,MLD2,22.05585
HR_Spinup,1572,9,labsea,MLD2,30.81831
HR_Spinup,1572,10,labsea,MLD2,47.66821
HR_Spinup,1572,11,labsea,MLD2,102.25612
HR_Spinup,1572,12,labsea,MLD2,499.34998
HR_Spinup,1572,1,interior,MLD2,1578.17492
HR_Spinup,1572,2,interior,MLD2,1330.36178
HR_Spinup,1572,3,interior,MLD2,1342.64002
HR_Spinup,1572,4,interior,MLD2,1417.98453
HR_Spinup,1572,5,interior,MLD2,687.69715
HR_Spinup,1572,6,interior,MLD2,49.62184
HR_Spinup,1572,7,interior,MLD2,32.26444
HR_Spinup,1572,8,interior,MLD2,25.65835
HR_Spinup,1572,9,interior,MLD2,36.58380
HR_Spinup,1572,10,interior,MLD2,63.22994
HR_Spinup,1572,11,interior,MLD2,152.67008
HR_Spinup,1572,12,interior,MLD2,1046.32465
HR_Spinup,1573,1,labsea,a_ice,0.31228
HR_Spinup,1573,2,labsea,a_ice,0.37837
HR_Spinup,1573,3,labsea,a_ice,0.37683
HR_Spinup,1573,4,labsea,a_ice,0.31024
HR_Spinup,1573,5,labsea,a_ice,0.22004
HR_Spinup,1573,6,labsea,a_ice,0.10326
HR_Spinup,1573,7,labsea,a_ice,0.01379
HR_Spinup,1573,8,labsea,a_ice,0.00004
HR_Spinup,1573,9,labsea,a_ice,0.00000
HR_Spinup,1573,10,labsea,a_ice,0.00003
HR_Spinup,1573,11,labsea,a_ice,0.03051
HR_Spinup,1573,12,labsea,a_ice,0.13315
HR_Spinup,1573,1,interior,a_ice,0.08105
HR_Spinup,1573,2,interior,a_ice,0.18000
HR_Spinup,1573,3,interior,a_ice,0.18816
HR_Spinup,1573,4,interior,a_ice,0.11617
HR_Spinup,1573,5,interior,a_ice,0.04223
HR_Spinup,1573,6,interior,a_ice,0.00452
HR_Spinup,1573,7,interior,a_ice,0.00014
HR_Spinup,1573,8,interior,a_ice,0.00000
HR_Spinup,1573,9,interior,a_ice,0.00000
HR_Spinup,1573,10,interior,a_ice,0.00000
HR_Spinup,1573,11,interior,a_ice,0.00000
HR_Spinup,1573,12,interior,a_ice,0.00667
HR_Spinup,1573,1,labsea,MLD2,1190.84678
HR_Spinup,1573,2,labsea,MLD2,1138.75155
HR_Spinup,1573,3,labsea,MLD2,1104.46602
HR_Spinup,1573,4,labsea,MLD2,1077.36508
HR_Spinup,1573,5,labsea,MLD2,626.59895
HR_Spinup,1573,6,labsea,MLD2,34.75896
HR_Spinup,1573,7,labsea,MLD2,16.07631
HR_Spinup,1573,8,labsea,MLD2,14.84780
HR_Spinup,1573,9,labsea,MLD2,27.21232
HR_Spinup,1573,10,labsea,MLD2,46.04226
HR_Spinup,1573,11,labsea,MLD2,79.71119
HR_Spinup,1573,12,labsea,MLD2,250.88723
HR_Spinup,1573,1,interior,MLD2,2155.92381
HR_Spinup,1573,2,interior,MLD2,1812.29551
HR_Spinup,1573,3,interior,MLD2,1841.36772
HR_Spinup,1573,4,interior,MLD2,1971.60916
HR_Spinup,1573,5,interior,MLD2,1295.42684
HR_Spinup,1573,6,interior,MLD2,53.85470
HR_Spinup,1573,7,interior,MLD2,19.21179
HR_Spinup,1573,8,interior,MLD2,15.62809
HR_Spinup,1573,9,interior,MLD2,34.23665
HR_Spinup,1573,10,interior,MLD2,52.11120
HR_Spinup,1573,11,interior,MLD2,98.81825
HR_Spinup,1573,12,interior,MLD2,405.10487
HR_Spinup,1574,1,labsea,a_ice,0.20291
HR_Spinup,1574,2,labsea,a_ice,0.25430
HR_Spinup,1574,3,labsea,a_ice,0.29172
HR_Spinup,1574,4,labsea,a_ice,0.27143
HR_Spinup,1574,5,labsea,a_ice,0.14842
HR_Spinup,1574,6,labsea,a_ice,0.04303
HR_Spinup,1574,7,labsea,a_ice,0.00144
HR_Spinup,1574,8,labsea,a_ice,0.00000
HR_Spinup,1574,9,labsea,a_ice,0.00000
HR_Spinup,1574,10,labsea,a_ice,0.00000
HR_Spinup,1574,11,labsea,a_ice,0.00019
HR_Spinup,1574,12,labsea,a_ice,0.06351
HR_Spinup,1574,1,interior,a_ice,0.03084
HR_Spinup,1574,2,interior,a_ice,0.06761
HR_Spinup,1574,3,interior,a_ice,0.08221
HR_Spinup,1574,4,interior,a_ice,0.06839
HR_Spinup,1574,5,interior,a_ice,0.02072
HR_Spinup,1574,6,interior,a_ice,0.00096
HR_Spinup,1574,7,interior,a_ice,0.00000
HR_Spinup,1574,8,interior,a_ice,0.00000
HR_Spinup,1574,9,interior,a_ice,0.00000
HR_Spinup,1574,10,interior,a_ice,0.00000
HR_Spinup,1574,11,interior,a_ice,0.00000
HR_Spinup,1574,12,interior,a_ice,0.00275
HR_Spinup,1574,1,labsea,MLD2,810.60246
HR_Spinup,1574,2,labsea,MLD2,1095.22186
HR_Spinup,1574,3,labsea,MLD2,1278.03424
HR_Spinup,1574,4,labsea,MLD2,1206.11807
HR_Spinup,1574,5,labsea,MLD2,397.39624
HR_Spinup,1574,6,labsea,MLD2,32.16637
HR_Spinup,1574,7,labsea,MLD2,12.19474
HR_Spinup,1574,8,labsea,MLD2,15.15260
HR_Spinup,1574,9,labsea,MLD2,22.43293
HR_Spinup,1574,10,labsea,MLD2,42.20058
HR_Spinup,1574,11,labsea,MLD2,69.51265
HR_Spinup,1574,12,labsea,MLD2,143.65966
HR_Spinup,1574,1,interior,MLD2,1387.69270
HR_Spinup,1574,2,interior,MLD2,1836.10766
HR_Spinup,1574,3,interior,MLD2,2042.48671
HR_Spinup,1574,4,interior,MLD2,1781.74860
HR_Spinup,1574,5,interior,MLD2,564.69776
HR_Spinup,1574,6,interior,MLD2,43.10598
HR_Spinup,1574,7,interior,MLD2,12.72929
HR_Spinup,1574,8,interior,MLD2,16.09644
HR_Spinup,1574,9,interior,MLD2,24.87891
HR_Spinup,1574,10,interior,MLD2,49.50912
HR_Spinup,1574,11,interior,MLD2,82.96906
HR_Spinup,1574,12,interior,MLD2,209.47285
HR_Spinup,1575,1,labsea,a_ice,0.19682
HR_Spinup,1575,2,labsea,a_ice,0.23873
HR_Spinup,1575,3,labsea,a_ice,0.23405
HR_Spinup,1575,4,labsea,a_ice,0.24029
HR_Spinup,1575,5,labsea,a_ice,0.15900
HR_Spinup,1575,6,labsea,a_ice,0.03535
HR_Spinup,1575,7,labsea,a_ice,0.00320
HR_Spinup,1575,8,labsea,a_ice,0.00000
HR_Spinup,1575,9,labsea,a_ice,0.00000
HR_Spinup,1575,10,labsea,a_ice,0.00114
HR_Spinup,1575,11,labsea,a_ice,0.02232
HR_Spinup,1575,12,labsea,a_ice,0.17323
HR_Spinup,1575,1,interior,a_ice,0.01986
HR_Spinup,1575,2,interior,a_ice,0.02679
HR_Spinup,1575,3,interior,a_ice,0.04148
HR_Spinup,1575,4,interior,a_ice,0.03490
HR_Spinup,1575,5,interior,a_ice,0.04635
HR_Spinup,1575,6,interior,a_ice,0.00165
HR_Spinup,1575,7,interior,a_ice,0.00000
HR_Spinup,1575,8,interior,a_ice,0.00000
HR_Spinup,1575,9,interior,a_ice,0.00000
HR_Spinup,1575,10,interior,a_ice,0.00015
HR_Spinup,1575,11,interior,a_ice,0.00114
HR_Spinup,1575,12,interior,a_ice,0.01842
HR_Spinup,1575,1,labsea,MLD2,537.46547
HR_Spinup,1575,2,labsea,MLD2,1251.05450
HR_Spinup,1575,3,labsea,MLD2,1294.21619
HR_Spinup,1575,4,labsea,MLD2,917.21876
HR_Spinup,1575,5,labsea,MLD2,272.46499
HR_Spinup,1575,6,labsea,MLD2,25.09787
HR_Spinup,1575,7,labsea,MLD2,19.98668
HR_Spinup,1575,8,labsea,MLD2,16.78421
HR_Spinup,1575,9,labsea,MLD2,27.48146
HR_Spinup,1575,10,labsea,MLD2,49.48251
HR_Spinup,1575,11,labsea,MLD2,84.41126
HR_Spinup,1575,12,labsea,MLD2,296.80564
HR_Spinup,1575,1,interior,MLD2,1025.01974
HR_Spinup,1575,2,interior,MLD2,2150.11286
HR_Spinup,1575,3,interior,MLD2,2150.09479
HR_Spinup,1575,4,interior,MLD2,1692.93268
HR_Spinup,1575,5,interior,MLD2,559.76441
HR_Spinup,1575,6,interior,MLD2,30.70793
HR_Spinup,1575,7,interior,MLD2,22.42660
HR_Spinup,1575,8,interior,MLD2,20.10058
HR_Spinup,1575,9,interior,MLD2,34.50222
HR_Spinup,1575,10,interior,MLD2,60.13966
HR_Spinup,1575,11,interior,MLD2,117.10938
HR_Spinup,1575,12,interior,MLD2,575.83093
HR_Spinup,1576,1,labsea,a_ice,0.30423
HR_Spinup,1576,2,labsea,a_ice,0.42412
HR_Spinup,1576,3,labsea,a_ice,0.38710
HR_Spinup,1576,4,labsea,a_ice,0.29331
HR_Spinup,1576,5,labsea,a_ice,0.23957
HR_Spinup,1576,6,labsea,a_ice,0.13778
HR_Spinup,1576,7,labsea,a_ice,0.02586
HR_Spinup,1576,8,labsea,a_ice,0.00304
HR_Spinup,1576,9,labsea,a_ice,0.00000
HR_Spinup,1576,10,labsea,a_ice,0.00052
HR_Spinup,1576,11,labsea,a_ice,0.04292
HR_Spinup,1576,12,labsea,a_ice,0.17827
HR_Spinup,1576,1,interior,a_ice,0.09667
HR_Spinup,1576,2,interior,a_ice,0.22665
HR_Spinup,1576,3,interior,a_ice,0.21964
HR_Spinup,1576,4,interior,a_ice,0.10500
HR_Spinup,1576,5,interior,a_ice,0.05343
HR_Spinup,1576,6,interior,a_ice,0.03471
HR_Spinup,1576,7,interior,a_ice,0.00008
HR_Spinup,1576,8,interior,a_ice,0.00000
HR_Spinup,1576,9,interior,a_ice,0.00000
HR_Spinup,1576,10,interior,a_ice,0.00000
HR_Spinup,1576,11,interior,a_ice,0.00035
HR_Spinup,1576,12,interior,a_ice,0.03157
HR_Spinup,1576,1,labsea,MLD2,946.45760
HR_Spinup,1576,2,labsea,MLD2,1160.76018
HR_Spinup,1576,3,labsea,MLD2,1042.97441
HR_Spinup,1576,4,labsea,MLD2,960.72650
HR_Spinup,1576,5,labsea,MLD2,485.22712
HR_Spinup,1576,6,labsea,MLD2,37.03841
HR_Spinup,1576,7,labsea,MLD2,22.14537
HR_Spinup,1576,8,labsea,MLD2,16.04015
HR_Spinup,1576,9,labsea,MLD2,30.96675
HR_Spinup,1576,10,labsea,MLD2,50.60680
HR_Spinup,1576,11,labsea,MLD2,97.14678
HR_Spinup,1576,12,labsea,MLD2,522.31123
HR_Spinup,1576,1,interior,MLD2,1484.84847
HR_Spinup,1576,2,interior,MLD2,1649.58836
HR_Spinup,1576,3,interior,MLD2,1337.77301
HR_Spinup,1576,4,interior,MLD2,1362.81055
HR_Spinup,1576,5,interior,MLD2,822.25317
HR_Spinup,1576,6,interior,MLD2,50.03380
HR_Spinup,1576,7,interior,MLD2,28.44572
HR_Spinup,1576,8,interior,MLD2,17.55949
HR_Spinup,1576,9,interior,MLD2,37.06040
HR_Spinup,1576,10,interior,MLD2,59.24690
HR_Spinup,1576,11,interior,MLD2,143.55593
HR_Spinup,1576,12,interior,MLD2,966.40720
HR_Spinup,1577,1,labsea,a_ice,0.27442
HR_Spinup,1577,2,labsea,a_ice,0.41624
HR_Spinup,1577,3,labsea,a_ice,0.41894
HR_Spinup,1577,4,labsea,a_ice,0.35678
HR_Spinup,1577,5,labsea,a_ice,0.22436
HR_Spinup,1577,6,labsea,a_ice,0.12609
HR_Spinup,1577,7,labsea,a_ice,0.05043
HR_Spinup,1577,8,labsea,a_ice,0.00549
HR_Spinup,1577,9,labsea,a_ice,0.00000
HR_Spinup,1577,10,labsea,a_ice,0.00023
HR_Spinup,1577,11,labsea,a_ice,0.03663
HR_Spinup,1577,12,labsea,a_ice,0.16274
HR_Spinup,1577,1,interior,a_ice,0.05466
HR_Spinup,1577,2,interior,a_ice,0.23509
HR_Spinup,1577,3,interior,a_ice,0.29189
HR_Spinup,1577,4,interior,a_ice,0.17193
HR_Spinup,1577,5,interior,a_ice,0.04229
HR_Spinup,1577,6,interior,a_ice,0.00705
HR_Spinup,1577,7,interior,a_ice,0.00120
HR_Spinup,1577,8,interior,a_ice,0.00000
HR_Spinup,1577,9,interior,a_ice,0.00000
HR_Spinup,1577,10,interior,a_ice,0.00000
HR_Spinup,1577,11,interior,a_ice,0.00021
HR_Spinup,1577,12,interior,a_ice,0.02477
HR_Spinup,1577,1,labsea,MLD2,1183.27121
HR_Spinup,1577,2,labsea,MLD2,1184.78739
HR_Spinup,1577,3,labsea,MLD2,1075.88903
HR_Spinup,1577,4,labsea,MLD2,1026.24751
HR_Spinup,1577,5,labsea,MLD2,617.54686
HR_Spinup,1577,6,labsea,MLD2,40.96175
HR_Spinup,1577,7,labsea,MLD2,19.90696
HR_Spinup,1577,8,labsea,MLD2,19.32956
HR_Spinup,1577,9,labsea,MLD2,27.19504
HR_Spinup,1577,10,labsea,MLD2,45.99633
HR_Spinup,1577,11,labsea,MLD2,142.78652
HR_Spinup,1577,12,labsea,MLD2,868.16388
HR_Spinup,1577,1,interior,MLD2,2055.98490
HR_Spinup,1577,2,interior,MLD2,1738.10074
HR_Spinup,1577,3,interior,MLD2,1360.40753
HR_Spinup,1577,4,interior,MLD2,1453.00617
HR_Spinup,1577,5,interior,MLD2,912.27065
HR_Spinup,1577,6,interior,MLD2,56.32473
HR_Spinup,1577,7,interior,MLD2,23.13243
HR_Spinup,1577,8,interior,MLD2,21.97547
HR_Spinup,1577,9,interior,MLD2,32.56623
HR_Spinup,1577,10,interior,MLD2,56.60315
HR_Spinup,1577,11,interior,MLD2,243.39755
HR_Spinup,1577,12,interior,MLD2,1588.94849
HR_Spinup,1578,1,labsea,a_ice,0.29501
HR_Spinup,1578,2,labsea,a_ice,0.38004
HR_Spinup,1578,3,labsea,a_ice,0.39856
HR_Spinup,1578,4,labsea,a_ice,0.35935
HR_Spinup,1578,5,labsea,a_ice,0.26592
HR_Spinup,1578,6,labsea,a_ice,0.11972
HR_Spinup,1578,7,labsea,a_ice,0.03093
HR_Spinup,1578,8,labsea,a_ice,0.00132
HR_Spinup,1578,9,labsea,a_ice,0.00000
HR_Spinup,1578,10,labsea,a_ice,0.00048
HR_Spinup,1578,11,labsea,a_ice,0.06464
HR_Spinup,1578,12,labsea,a_ice,0.17342
HR_Spinup,1578,1,interior,a_ice,0.07912
HR_Spinup,1578,2,interior,a_ice,0.13937
HR_Spinup,1578,3,interior,a_ice,0.18093
HR_Spinup,1578,4,interior,a_ice,0.15971
HR_Spinup,1578,5,interior,a_ice,0.09047
HR_Spinup,1578,6,interior,a_ice,0.04600
HR_Spinup,1578,7,interior,a_ice,0.00002
HR_Spinup,1578,8,interior,a_ice,0.00000
HR_Spinup,1578,9,interior,a_ice,0.00000
HR_Spinup,1578,10,interior,a_ice,0.00000
HR_Spinup,1578,11,interior,a_ice,0.00155
HR_Spinup,1578,12,interior,a_ice,0.04276
HR_Spinup,1578,1,labsea,MLD2,1383.91397
HR_Spinup,1578,2,labsea,MLD2,1405.27262
HR_Spinup,1578,3,labsea,MLD2,1311.19526
HR_Spinup,1578,4,labsea,MLD2,1274.78883
HR_Spinup,1578,5,labsea,MLD2,868.30211
HR_Spinup,1578,6,labsea,MLD2,74.86298
HR_Spinup,1578,7,labsea,MLD2,19.56527
HR_Spinup,1578,8,labsea,MLD2,21.28272
HR_Spinup,1578,9,labsea,MLD2,29.05340
HR_Spinup,1578,10,labsea,MLD2,50.39526
HR_Spinup,1578,11,labsea,MLD2,235.29140
HR_Spinup,1578,12,labsea,MLD2,1012.90411
HR_Spinup,1578,1,interior,MLD2,2309.35898
HR_Spinup,1578,2,interior,MLD2,2179.58480
HR_Spinup,1578,3,interior,MLD2,1921.93895
HR_Spinup,1578,4,interior,MLD2,1787.37700
HR_Spinup,1578,5,interior,MLD2,1440.06466
HR_Spinup,1578,6,interior,MLD2,132.61622
HR_Spinup,1578,7,interior,MLD2,22.31505
HR_Spinup,1578,8,interior,MLD2,23.94419
HR_Spinup,1578,9,interior,MLD2,36.38194
HR_Spinup,1578,10,interior,MLD2,62.56484
HR_Spinup,1578,11,interior,MLD2,220.07104
HR_Spinup,1578,12,interior,MLD2,1415.93865
HR_Spinup,1579,1,labsea,a_ice,0.31345
HR_Spinup,1579,2,labsea,a_ice,0.32885
HR_Spinup,1579,3,labsea,a_ice,0.35379
HR_Spinup,1579,4,labsea,a_ice,0.27008
HR_Spinup,1579,5,labsea,a_ice,0.21029
HR_Spinup,1579,6,labsea,a_ice,0.13670
HR_Spinup,1579,7,labsea,a_ice,0.04413
HR_Spinup,1579,8,labsea,a_ice,0.00180
HR_Spinup,1579,9,labsea,a_ice,0.00000
HR_Spinup,1579,10,labsea,a_ice,0.00427
HR_Spinup,1579,11,labsea,a_ice,0.09752
HR_Spinup,1579,12,labsea,a_ice,0.22111
HR_Spinup,1579,1,interior,a_ice,0.15068
HR_Spinup,1579,2,interior,a_ice,0.11719
HR_Spinup,1579,3,interior,a_ice,0.13146
HR_Spinup,1579,4,interior,a_ice,0.08224
HR_Spinup,1579,5,interior,a_ice,0.01331
HR_Spinup,1579,6,interior,a_ice,0.04873
HR_Spinup,1579,7,interior,a_ice,0.00537
HR_Spinup,1579,8,interior,a_ice,0.00000
HR_Spinup,1579,9,interior,a_ice,0.00000
HR_Spinup,1579,10,interior,a_ice,0.00000
HR_Spinup,1579,11,interior,a_ice,0.00363
HR_Spinup,1579,12,interior,a_ice,0.04194
HR_Spinup,1579,1,labsea,MLD2,1287.93567
HR_Spinup,1579,2,labsea,MLD2,1363.95888
HR_Spinup,1579,3,labsea,MLD2,1341.52424
HR_Spinup,1579,4,labsea,MLD2,1049.05323
HR_Spinup,1579,5,labsea,MLD2,823.65623
HR_Spinup,1579,6,labsea,MLD2,211.09686
HR_Spinup,1579,7,labsea,MLD2,25.42290
HR_Spinup,1579,8,labsea,MLD2,22.16114
HR_Spinup,1579,9,labsea,MLD2,29.14398
HR_Spinup,1579,10,labsea,MLD2,71.26017
HR_Spinup,1579,11,labsea,MLD2,308.53889
HR_Spinup,1579,12,labsea,MLD2,1148.88814
HR_Spinup,1579,1,interior,MLD2,2062.98032
HR_Spinup,1579,2,interior,MLD2,2257.57143
HR_Spinup,1579,3,interior,MLD2,2281.89477
HR_Spinup,1579,4,interior,MLD2,1709.77029
HR_Spinup,1579,5,interior,MLD2,1369.94570
HR_Spinup,1579,6,interior,MLD2,436.42076
HR_Spinup,1579,7,interior,MLD2,31.13766
HR_Spinup,1579,8,interior,MLD2,25.17400
HR_Spinup,1579,9,interior,MLD2,35.23021
HR_Spinup,1579,10,interior,MLD2,92.87732
HR_Spinup,1579,11,interior,MLD2,612.09974
HR_Spinup,1579,12,interior,MLD2,2115.87274
HR_Spinup,1580,1,labsea,a_ice,0.37170
HR_Spinup,1580,2,labsea,a_ice,0.52110
HR_Spinup,1580,3,labsea,a_ice,0.48402
HR_Spinup,1580,4,labsea,a_ice,0.35690
HR_Spinup,1580,5,labsea,a_ice,0.24369
HR_Spinup,1580,6,labsea,a_ice,0.07789
HR_Spinup,1580,7,labsea,a_ice,0.00110
HR_Spinup,1580,8,labsea,a_ice,0.00000
HR_Spinup,1580,9,labsea,a_ice,0.00000
HR_Spinup,1580,10,labsea,a_ice,0.00001
HR_Spinup,1580,11,labsea,a_ice,0.02680
HR_Spinup,1580,12,labsea,a_ice,0.13037
HR_Spinup,1580,1,interior,a_ice,0.18189
HR_Spinup,1580,2,interior,a_ice,0.42225
HR_Spinup,1580,3,interior,a_ice,0.39607
HR_Spinup,1580,4,interior,a_ice,0.16820
HR_Spinup,1580,5,interior,a_ice,0.05801
HR_Spinup,1580,6,interior,a_ice,0.02083
HR_Spinup,1580,7,interior,a_ice,0.00006
HR_Spinup,1580,8,interior,a_ice,0.00000
HR_Spinup,1580,9,interior,a_ice,0.00000
HR_Spinup,1580,10,interior,a_ice,0.00000
HR_Spinup,1580,11,interior,a_ice,0.00018
HR_Spinup,1580,12,interior,a_ice,0.00852
HR_Spinup,1580,1,labsea,MLD2,1183.22541
HR_Spinup,1580,2,labsea,MLD2,934.82715
HR_Spinup,1580,3,labsea,MLD2,833.98811
HR_Spinup,1580,4,labsea,MLD2,673.18912
HR_Spinup,1580,5,labsea,MLD2,113.36338
HR_Spinup,1580,6,labsea,MLD2,14.27488
HR_Spinup,1580,7,labsea,MLD2,16.92909
HR_Spinup,1580,8,labsea,MLD2,20.54074
HR_Spinup,1580,9,labsea,MLD2,25.99283
HR_Spinup,1580,10,labsea,MLD2,47.30209
HR_Spinup,1580,11,labsea,MLD2,97.47006
HR_Spinup,1580,12,labsea,MLD2,468.68238
HR_Spinup,1580,1,interior,MLD2,1872.53383
HR_Spinup,1580,2,interior,MLD2,1240.83823
HR_Spinup,1580,3,interior,MLD2,835.43679
HR_Spinup,1580,4,interior,MLD2,788.08440
HR_Spinup,1580,5,interior,MLD2,77.48549
HR_Spinup,1580,6,interior,MLD2,18.06763
HR_Spinup,1580,7,interior,MLD2,19.27191
HR_Spinup,1580,8,interior,MLD2,23.93077
HR_Spinup,1580,9,interior,MLD2,31.86980
HR_Spinup,1580,10,interior,MLD2,57.24330
HR_Spinup,1580,11,interior,MLD2,135.25329
HR_Spinup,1580,12,interior,MLD2,845.80137
HR_Spinup,1581,1,labsea,a_ice,0.21367
HR_Spinup,1581,2,labsea,a_ice,0.30085
HR_Spinup,1581,3,labsea,a_ice,0.32435
HR_Spinup,1581,4,labsea,a_ice,0.30079
HR_Spinup,1581,5,labsea,a_ice,0.20491
HR_Spinup,1581,6,labsea,a_ice,0.05932
HR_Spinup,1581,7,labsea,a_ice,0.00442
HR_Spinup,1581,8,labsea,a_ice,0.00158
HR_Spinup,1581,9,labsea,a_ice,0.00000
HR_Spinup,1581,10,labsea,a_ice,0.00268
HR_Spinup,1581,11,labsea,a_ice,0.08193
HR_Spinup,1581,12,labsea,a_ice,0.21731
HR_Spinup,1581,1,interior,a_ice,0.04175
HR_Spinup,1581,2,interior,a_ice,0.06567
HR_Spinup,1581,3,interior,a_ice,0.14299
HR_Spinup,1581,4,interior,a_ice,0.12442
HR_Spinup,1581,5,interior,a_ice,0.06929
HR_Spinup,1581,6,interior,a_ice,0.00549
HR_Spinup,1581,7,interior,a_ice,0.00000
HR_Spinup,1581,8,interior,a_ice,0.00000
HR_Spinup,1581,9,interior,a_ice,0.00000
HR_Spinup,1581,10,interior,a_ice,0.00000
HR_Spinup,1581,11,interior,a_ice,0.00152
HR_Spinup,1581,12,interior,a_ice,0.06625
HR_Spinup,1581,1,labsea,MLD2,1273.87795
HR_Spinup,1581,2,labsea,MLD2,1367.45847
HR_Spinup,1581,3,labsea,MLD2,1251.59071
HR_Spinup,1581,4,labsea,MLD2,1057.79400
HR_Spinup,1581,5,labsea,MLD2,617.80037
HR_Spinup,1581,6,labsea,MLD2,19.36181
HR_Spinup,1581,7,labsea,MLD2,20.72327
HR_Spinup,1581,8,labsea,MLD2,20.55301
HR_Spinup,1581,9,labsea,MLD2,30.71199
HR_Spinup,1581,10,labsea,MLD2,47.90320
HR_Spinup,1581,11,labsea,MLD2,124.87815
HR_Spinup,1581,12,labsea,MLD2,748.35195
HR_Spinup,1581,1,interior,MLD2,2291.03862
HR_Spinup,1581,2,interior,MLD2,2397.28668
HR_Spinup,1581,3,interior,MLD2,2026.88388
HR_Spinup,1581,4,interior,MLD2,1701.41125
HR_Spinup,1581,5,interior,MLD2,1028.01813
HR_Spinup,1581,6,interior,MLD2,21.37181
HR_Spinup,1581,7,interior,MLD2,22.95505
HR_Spinup,1581,8,interior,MLD2,23.75144
HR_Spinup,1581,9,interior,MLD2,35.20256
HR_Spinup,1581,10,interior,MLD2,57.73893
HR_Spinup,1581,11,interior,MLD2,180.73786
HR_Spinup,1581,12,interior,MLD2,1428.05314
HR_Spinup,1582,1,labsea,a_ice,0.26009
HR_Spinup,1582,2,labsea,a_ice,0.27701
HR_Spinup,1582,3,labsea,a_ice,0.31113
HR_Spinup,1582,4,labsea,a_ice,0.29359
HR_Spinup,1582,5,labsea,a_ice,0.21117
HR_Spinup,1582,6,labsea,a_ice,0.06678
HR_Spinup,1582,7,labsea,a_ice,0.00284
HR_Spinup,1582,8,labsea,a_ice,0.00001
HR_Spinup,1582,9,labsea,a_ice,0.00000
HR_Spinup,1582,10,labsea,a_ice,0.00051
HR_Spinup,1582,11,labsea,a_ice,0.05594
HR_Spinup,1582,12,labsea,a_ice,0.20879
HR_Spinup,1582,1,interior,a_ice,0.05416
HR_Spinup,1582,2,interior,a_ice,0.06008
HR_Spinup,1582,3,interior,a_ice,0.08627
HR_Spinup,1582,4,interior,a_ice,0.13156
HR_Spinup,1582,5,interior,a_ice,0.05694
HR_Spinup,1582,6,interior,a_ice,0.01878
HR_Spinup,1582,7,interior,a_ice,0.00000
HR_Spinup,1582,8,interior,a_ice,0.00000
HR_Spinup,1582,9,interior,a_ice,0.00000
HR_Spinup,1582,10,interior,a_ice,0.00000
HR_Spinup,1582,11,interior,a_ice,0.00482
HR_Spinup,1582,12,interior,a_ice,0.02181
HR_Spinup,1582,1,labsea,MLD2,1127.01288
HR_Spinup,1582,2,labsea,MLD2,1194.18854
HR_Spinup,1582,3,labsea,MLD2,1165.40682
HR_Spinup,1582,4,labsea,MLD2,1039.70201
HR_Spinup,1582,5,labsea,MLD2,689.83574
HR_Spinup,1582,6,labsea,MLD2,18.62837
HR_Spinup,1582,7,labsea,MLD2,15.75164
HR_Spinup,1582,8,labsea,MLD2,18.49963
HR_Spinup,1582,9,labsea,MLD2,26.28716
HR_Spinup,1582,10,labsea,MLD2,39.50284
HR_Spinup,1582,11,labsea,MLD2,86.35076
HR_Spinup,1582,12,labsea,MLD2,416.81003
HR_Spinup,1582,1,interior,MLD2,2095.83378
HR_Spinup,1582,2,interior,MLD2,2136.13791
HR_Spinup,1582,3,interior,MLD2,2027.30994
HR_Spinup,1582,4,interior,MLD2,1751.07774
HR_Spinup,1582,5,interior,MLD2,1261.12263
HR_Spinup,1582,6,interior,MLD2,21.18341
HR_Spinup,1582,7,interior,MLD2,18.28556
HR_Spinup,1582,8,interior,MLD2,23.02934
HR_Spinup,1582,9,interior,MLD2,33.63354
HR_Spinup,1582,10,interior,MLD2,47.81482
HR_Spinup,1582,11,interior,MLD2,111.66399
HR_Spinup,1582,12,interior,MLD2,576.94742
HR_Spinup,1583,1,labsea,a_ice,0.27538
HR_Spinup,1583,2,labsea,a_ice,0.30856
HR_Spinup,1583,3,labsea,a_ice,0.27463
HR_Spinup,1583,4,labsea,a_ice,0.30875
HR_Spinup,1583,5,labsea,a_ice,0.24117
HR_Spinup,1583,6,labsea,a_ice,0.13334
HR_Spinup,1583,7,labsea,a_ice,0.03454
HR_Spinup,1583,8,labsea,a_ice,0.00471
HR_Spinup,1583,9,labsea,a_ice,0.00000
HR_Spinup,1583,10,labsea,a_ice,0.00070
HR_Spinup,1583,11,labsea,a_ice,0.01992
HR_Spinup,1583,12,labsea,a_ice,0.14473
HR_Spinup,1583,1,interior,a_ice,0.11821
HR_Spinup,1583,2,interior,a_ice,0.08453
HR_Spinup,1583,3,interior,a_ice,0.05422
HR_Spinup,1583,4,interior,a_ice,0.11225
HR_Spinup,1583,5,interior,a_ice,0.06277
HR_Spinup,1583,6,interior,a_ice,0.01912
HR_Spinup,1583,7,interior,a_ice,0.00098
HR_Spinup,1583,8,interior,a_ice,0.00025
HR_Spinup,1583,9,interior,a_ice,0.00000
HR_Spinup,1583,10,interior,a_ice,0.00000
HR_Spinup,1583,11,interior,a_ice,0.00005
HR_Spinup,1583,12,interior,a_ice,0.01435
HR_Spinup,1583,1,labsea,MLD2,829.48447
HR_Spinup,1583,2,labsea,MLD2,960.02023
HR_Spinup,1583,3,labsea,MLD2,1186.26769
HR_Spinup,1583,4,labsea,MLD2,1193.98550
HR_Spinup,1583,5,labsea,MLD2,789.73002
HR_Spinup,1583,6,labsea,MLD2,50.43315
HR_Spinup,1583,7,labsea,MLD2,25.96997
HR_Spinup,1583,8,labsea,MLD2,21.67186
HR_Spinup,1583,9,labsea,MLD2,37.76750
HR_Spinup,1583,10,labsea,MLD2,53.62253
HR_Spinup,1583,11,labsea,MLD2,103.18927
HR_Spinup,1583,12,labsea,MLD2,394.30767
HR_Spinup,1583,1,interior,MLD2,1336.02800
HR_Spinup,1583,2,interior,MLD2,1575.14317
HR_Spinup,1583,3,interior,MLD2,1993.13948
HR_Spinup,1583,4,interior,MLD2,1969.85137
HR_Spinup,1583,5,interior,MLD2,1353.35137
HR_Spinup,1583,6,interior,MLD2,65.19576
HR_Spinup,1583,7,interior,MLD2,34.83623
HR_Spinup,1583,8,interior,MLD2,27.68475
HR_Spinup,1583,9,interior,MLD2,46.21292
HR_Spinup,1583,10,interior,MLD2,67.25831
HR_Spinup,1583,11,interior,MLD2,124.78939
HR_Spinup,1583,12,interior,MLD2,671.26259
HR_Spinup,1584,1,labsea,a_ice,0.25241
HR_Spinup,1584,2,labsea,a_ice,0.25915
HR_Spinup,1584,3,labsea,a_ice,0.29525
HR_Spinup,1584,4,labsea,a_ice,0.24792
HR_Spinup,1584,5,labsea,a_ice,0.17327
HR_Spinup,1584,6,labsea,a_ice,0.06674
HR_Spinup,1584,7,labsea,a_ice,0.01348
HR_Spinup,1584,8,labsea,a_ice,0.00022
HR_Spinup,1584,9,labsea,a_ice,0.00000
HR_Spinup,1584,10,labsea,a_ice,0.00115
HR_Spinup,1584,11,labsea,a_ice,0.06858
HR_Spinup,1584,12,labsea,a_ice,0.16414
HR_Spinup,1584,1,interior,a_ice,0.05234
HR_Spinup,1584,2,interior,a_ice,0.06515
HR_Spinup,1584,3,interior,a_ice,0.12315
HR_Spinup,1584,4,interior,a_ice,0.05988
HR_Spinup,1584,5,interior,a_ice,0.05267
HR_Spinup,1584,6,interior,a_ice,0.01872
HR_Spinup,1584,7,interior,a_ice,0.00000
HR_Spinup,1584,8,interior,a_ice,0.00000
HR_Spinup,1584,9,interior,a_ice,0.00000
HR_Spinup,1584,10,interior,a_ice,0.00000
HR_Spinup,1584,11,interior,a_ice,0.00339
HR_Spinup,1584,12,interior,a_ice,0.01587
HR_Spinup,1584,1,labsea,MLD2,1202.26889
HR_Spinup,1584,2,labsea,MLD2,1189.89995
HR_Spinup,1584,3,labsea,MLD2,1272.72761
HR_Spinup,1584,4,labsea,MLD2,1129.92583
HR_Spinup,1584,5,labsea,MLD2,381.30115
HR_Spinup,1584,6,labsea,MLD2,35.14611
HR_Spinup,1584,7,labsea,MLD2,16.19755
HR_Spinup,1584,8,labsea,MLD2,17.57182
HR_Spinup,1584,9,labsea,MLD2,27.93673
HR_Spinup,1584,10,labsea,MLD2,54.86714
HR_Spinup,1584,11,labsea,MLD2,172.57948
HR_Spinup,1584,12,labsea,MLD2,834.66614
HR_Spinup,1584,1,interior,MLD2,1973.06932
HR_Spinup,1584,2,interior,MLD2,1994.88439
HR_Spinup,1584,3,interior,MLD2,1935.59498
HR_Spinup,1584,4,interior,MLD2,1875.02302
HR_Spinup,1584,5,interior,MLD2,828.71131
HR_Spinup,1584,6,interior,MLD2,45.65796
HR_Spinup,1584,7,interior,MLD2,19.43082
HR_Spinup,1584,8,interior,MLD2,20.41376
HR_Spinup,1584,9,interior,MLD2,32.46875
HR_Spinup,1584,10,interior,MLD2,60.82264
HR_Spinup,1584,11,interior,MLD2,257.14755
HR_Spinup,1584,12,interior,MLD2,1583.99583
HR_Spinup,1585,1,labsea,a_ice,0.26015
HR_Spinup,1585,2,labsea,a_ice,0.33260
HR_Spinup,1585,3,labsea,a_ice,0.33490
HR_Spinup,1585,4,labsea,a_ice,0.29714
HR_Spinup,1585,5,labsea,a_ice,0.14880
HR_Spinup,1585,6,labsea,a_ice,0.05702
HR_Spinup,1585,7,labsea,a_ice,0.00777
HR_Spinup,1585,8,labsea,a_ice,0.00002
HR_Spinup,1585,9,labsea,a_ice,0.00008
HR_Spinup,1585,10,labsea,a_ice,0.00002
HR_Spinup,1585,11,labsea,a_ice,0.01143
HR_Spinup,1585,12,labsea,a_ice,0.15480
HR_Spinup,1585,1,interior,a_ice,0.08025
HR_Spinup,1585,2,interior,a_ice,0.12464
HR_Spinup,1585,3,interior,a_ice,0.12577
HR_Spinup,1585,4,interior,a_ice,0.11035
HR_Spinup,1585,5,interior,a_ice,0.04695
HR_Spinup,1585,6,interior,a_ice,0.00202
HR_Spinup,1585,7,interior,a_ice,0.00015
HR_Spinup,1585,8,interior,a_ice,0.00000
HR_Spinup,1585,9,interior,a_ice,0.00000
HR_Spinup,1585,10,interior,a_ice,0.00000
HR_Spinup,1585,11,interior,a_ice,0.00003
HR_Spinup,1585,12,interior,a_ice,0.01031
HR_Spinup,1585,1,labsea,MLD2,1366.90770
HR_Spinup,1585,2,labsea,MLD2,1311.38108
HR_Spinup,1585,3,labsea,MLD2,1377.37618
HR_Spinup,1585,4,labsea,MLD2,1290.77672
HR_Spinup,1585,5,labsea,MLD2,688.02154
HR_Spinup,1585,6,labsea,MLD2,28.33146
HR_Spinup,1585,7,labsea,MLD2,15.36837
HR_Spinup,1585,8,labsea,MLD2,19.73136
HR_Spinup,1585,9,labsea,MLD2,30.37322
HR_Spinup,1585,10,labsea,MLD2,49.99066
HR_Spinup,1585,11,labsea,MLD2,91.66372
HR_Spinup,1585,12,labsea,MLD2,717.41415
HR_Spinup,1585,1,interior,MLD2,2235.65698
HR_Spinup,1585,2,interior,MLD2,1960.70121
HR_Spinup,1585,3,interior,MLD2,2080.55862
HR_Spinup,1585,4,interior,MLD2,1939.29406
HR_Spinup,1585,5,interior,MLD2,925.86472
HR_Spinup,1585,6,interior,MLD2,33.77195
HR_Spinup,1585,7,interior,MLD2,17.63751
HR_Spinup,1585,8,interior,MLD2,22.16492
HR_Spinup,1585,9,interior,MLD2,36.45249
HR_Spinup,1585,10,interior,MLD2,62.59264
HR_Spinup,1585,11,interior,MLD2,136.54489
HR_Spinup,1585,12,interior,MLD2,1426.74492
HR_Spinup,1586,1,labsea,a_ice,0.28244
HR_Spinup,1586,2,labsea,a_ice,0.30196
HR_Spinup,1586,3,labsea,a_ice,0.27231
HR_Spinup,1586,4,labsea,a_ice,0.29106
HR_Spinup,1586,5,labsea,a_ice,0.22613
HR_Spinup,1586,6,labsea,a_ice,0.11213
HR_Spinup,1586,7,labsea,a_ice,0.01416
HR_Spinup,1586,8,labsea,a_ice,0.00001
HR_Spinup,1586,9,labsea,a_ice,0.00000
HR_Spinup,1586,10,labsea,a_ice,0.00161
HR_Spinup,1586,11,labsea,a_ice,0.04942
HR_Spinup,1586,12,labsea,a_ice,0.18209
HR_Spinup,1586,1,interior,a_ice,0.08962
HR_Spinup,1586,2,interior,a_ice,0.10715
HR_Spinup,1586,3,interior,a_ice,0.04805
HR_Spinup,1586,4,interior,a_ice,0.07675
HR_Spinup,1586,5,interior,a_ice,0.06476
HR_Spinup,1586,6,interior,a_ice,0.02503
HR_Spinup,1586,7,interior,a_ice,0.00004
HR_Spinup,1586,8,interior,a_ice,0.00000
HR_Spinup,1586,9,interior,a_ice,0.00000
HR_Spinup,1586,10,interior,a_ice,0.00000
HR_Spinup,1586,11,interior,a_ice,0.00065
HR_Spinup,1586,12,interior,a_ice,0.02515
HR_Spinup,1586,1,labsea,MLD2,1203.54022
HR_Spinup,1586,2,labsea,MLD2,1406.63627
HR_Spinup,1586,3,labsea,MLD2,1536.76794
HR_Spinup,1586,4,labsea,MLD2,1263.58757
HR_Spinup,1586,5,labsea,MLD2,732.52882
HR_Spinup,1586,6,labsea,MLD2,30.80771
HR_Spinup,1586,7,labsea,MLD2,21.22186
HR_Spinup,1586,8,labsea,MLD2,25.09287
HR_Spinup,1586,9,labsea,MLD2,35.02617
HR_Spinup,1586,10,labsea,MLD2,50.44691
HR_Spinup,1586,11,labsea,MLD2,163.03704
HR_Spinup,1586,12,labsea,MLD2,1010.35259
HR_Spinup,1586,1,interior,MLD2,1952.81736
HR_Spinup,1586,2,interior,MLD2,2132.42955
HR_Spinup,1586,3,interior,MLD2,2442.44085
HR_Spinup,1586,4,interior,MLD2,1920.22493
HR_Spinup,1586,5,interior,MLD2,1026.84584
HR_Spinup,1586,6,interior,MLD2,33.11780
HR_Spinup,1586,7,interior,MLD2,24.97461
HR_Spinup,1586,8,interior,MLD2,33.19868
HR_Spinup,1586,9,interior,MLD2,46.21041
HR_Spinup,1586,10,interior,MLD2,63.69258
HR_Spinup,1586,11,interior,MLD2,282.36102
HR_Spinup,1586,12,interior,MLD2,1830.94472
HR_Spinup,1587,1,labsea,a_ice,0.27046
HR_Spinup,1587,2,labsea,a_ice,0.27893
HR_Spinup,1587,3,labsea,a_ice,0.28279
HR_Spinup,1587,4,labsea,a_ice,0.26648
HR_Spinup,1587,5,labsea,a_ice,0.18274
HR_Spinup,1587,6,labsea,a_ice,0.05659
HR_Spinup,1587,7,labsea,a_ice,0.00914
HR_Spinup,1587,8,labsea,a_ice,0.00117
HR_Spinup,1587,9,labsea,a_ice,0.00001
HR_Spinup,1587,10,labsea,a_ice,0.00678
HR_Spinup,1587,11,labsea,a_ice,0.05104
HR_Spinup,1587,12,labsea,a_ice,0.13731
HR_Spinup,1587,1,interior,a_ice,0.10791
HR_Spinup,1587,2,interior,a_ice,0.05927
HR_Spinup,1587,3,interior,a_ice,0.06124
HR_Spinup,1587,4,interior,a_ice,0.08455
HR_Spinup,1587,5,interior,a_ice,0.06572
HR_Spinup,1587,6,interior,a_ice,0.00269
HR_Spinup,1587,7,interior,a_ice,0.00000
HR_Spinup,1587,8,interior,a_ice,0.00000
HR_Spinup,1587,9,interior,a_ice,0.00000
HR_Spinup,1587,10,interior,a_ice,0.00000
HR_Spinup,1587,11,interior,a_ice,0.00018
HR_Spinup,1587,12,interior,a_ice,0.01366
HR_Spinup,1587,1,labsea,MLD2,1310.13408
HR_Spinup,1587,2,labsea,MLD2,1464.25997
HR_Spinup,1587,3,labsea,MLD2,1334.14036
HR_Spinup,1587,4,labsea,MLD2,1216.30828
HR_Spinup,1587,5,labsea,MLD2,716.48892
HR_Spinup,1587,6,labsea,MLD2,28.16633
HR_Spinup,1587,7,labsea,MLD2,18.29275
HR_Spinup,1587,8,labsea,MLD2,22.31010
HR_Spinup,1587,9,labsea,MLD2,27.88932
HR_Spinup,1587,10,labsea,MLD2,51.68248
HR_Spinup,1587,11,labsea,MLD2,89.79869
HR_Spinup,1587,12,labsea,MLD2,547.54785
HR_Spinup,1587,1,interior,MLD2,2209.57289
HR_Spinup,1587,2,interior,MLD2,2510.36065
HR_Spinup,1587,3,interior,MLD2,2411.60028
HR_Spinup,1587,4,interior,MLD2,2307.25142
HR_Spinup,1587,5,interior,MLD2,1555.34503
HR_Spinup,1587,6,interior,MLD2,35.39124
HR_Spinup,1587,7,interior,MLD2,21.11423
HR_Spinup,1587,8,interior,MLD2,25.35693
HR_Spinup,1587,9,interior,MLD2,32.06649
HR_Spinup,1587,10,interior,MLD2,59.62687
HR_Spinup,1587,11,interior,MLD2,113.20242
HR_Spinup,1587,12,interior,MLD2,934.25686
HR_Spinup,1588,1,labsea,a_ice,0.23488
HR_Spinup,1588,2,labsea,a_ice,0.23852
HR_Spinup,1588,3,labsea,a_ice,0.26630
HR_Spinup,1588,4,labsea,a_ice,0.22417
HR_Spinup,1588,5,labsea,a_ice,0.17837
HR_Spinup,1588,6,labsea,a_ice,0.07279
HR_Spinup,1588,7,labsea,a_ice,0.01153
HR_Spinup,1588,8,labsea,a_ice,0.00000
HR_Spinup,1588,9,labsea,a_ice,0.00000
HR_Spinup,1588,10,labsea,a_ice,0.00013
HR_Spinup,1588,11,labsea,a_ice,0.03856
HR_Spinup,1588,12,labsea,a_ice,0.14000
HR_Spinup,1588,1,interior,a_ice,0.05488
HR_Spinup,1588,2,interior,a_ice,0.07642
HR_Spinup,1588,3,interior,a_ice,0.06803
HR_Spinup,1588,4,interior,a_ice,0.05127
HR_Spinup,1588,5,interior,a_ice,0.01580
HR_Spinup,1588,6,interior,a_ice,0.00906
HR_Spinup,1588,7,interior,a_ice,0.00000
HR_Spinup,1588,8,interior,a_ice,0.00000
HR_Spinup,1588,9,interior,a_ice,0.00000
HR_Spinup,1588,10,interior,a_ice,0.00000
HR_Spinup,1588,11,interior,a_ice,0.00001
HR_Spinup,1588,12,interior,a_ice,0.01950
HR_Spinup,1588,1,labsea,MLD2,1260.80861
HR_Spinup,1588,2,labsea,MLD2,1142.61028
HR_Spinup,1588,3,labsea,MLD2,1290.40816
HR_Spinup,1588,4,labsea,MLD2,1061.37917
HR_Spinup,1588,5,labsea,MLD2,407.78204
HR_Spinup,1588,6,labsea,MLD2,48.93956
HR_Spinup,1588,7,labsea,MLD2,22.91599
HR_Spinup,1588,8,labsea,MLD2,20.82840
HR_Spinup,1588,9,labsea,MLD2,26.21103
HR_Spinup,1588,10,labsea,MLD2,49.87783
HR_Spinup,1588,11,labsea,MLD2,111.51673
HR_Spinup,1588,12,labsea,MLD2,415.12300
HR_Spinup,1588,1,interior,MLD2,1871.89486
HR_Spinup,1588,2,interior,MLD2,1544.15182
HR_Spinup,1588,3,interior,MLD2,1917.94770
HR_Spinup,1588,4,interior,MLD2,1721.56873
HR_Spinup,1588,5,interior,MLD2,731.30581
HR_Spinup,1588,6,interior,MLD2,73.83288
HR_Spinup,1588,7,interior,MLD2,27.67378
HR_Spinup,1588,8,interior,MLD2,25.83556
HR_Spinup,1588,9,interior,MLD2,30.45130
HR_Spinup,1588,10,interior,MLD2,58.47161
HR_Spinup,1588,11,interior,MLD2,119.85015
HR_Spinup,1588,12,interior,MLD2,671.07819
HR_Spinup,1589,1,labsea,a_ice,0.24178
HR_Spinup,1589,2,labsea,a_ice,0.25664
HR_Spinup,1589,3,labsea,a_ice,0.25339
HR_Spinup,1589,4,labsea,a_ice,0.22006
HR_Spinup,1589,5,labsea,a_ice,0.17525
HR_Spinup,1589,6,labsea,a_ice,0.08221
HR_Spinup,1589,7,labsea,a_ice,0.00321
HR_Spinup,1589,8,labsea,a_ice,0.00000
HR_Spinup,1589,9,labsea,a_ice,0.00000
HR_Spinup,1589,10,labsea,a_ice,0.00001
HR_Spinup,1589,11,labsea,a_ice,0.02060
HR_Spinup,1589,12,labsea,a_ice,0.11966
HR_Spinup,1589,1,interior,a_ice,0.05592
HR_Spinup,1589,2,interior,a_ice,0.05793
HR_Spinup,1589,3,interior,a_ice,0.03999
HR_Spinup,1589,4,interior,a_ice,0.04852
HR_Spinup,1589,5,interior,a_ice,0.02726
HR_Spinup,1589,6,interior,a_ice,0.00622
HR_Spinup,1589,7,interior,a_ice,0.00054
HR_Spinup,1589,8,interior,a_ice,0.00000
HR_Spinup,1589,9,interior,a_ice,0.00000
HR_Spinup,1589,10,interior,a_ice,0.00000
HR_Spinup,1589,11,interior,a_ice,0.00021
HR_Spinup,1589,12,interior,a_ice,0.02084
HR_Spinup,1589,1,labsea,MLD2,1294.42858
HR_Spinup,1589,2,labsea,MLD2,1357.49977
HR_Spinup,1589,3,labsea,MLD2,1377.19300
HR_Spinup,1589,4,labsea,MLD2,1080.98708
HR_Spinup,1589,5,labsea,MLD2,426.75747
HR_Spinup,1589,6,labsea,MLD2,33.27266
HR_Spinup,1589,7,labsea,MLD2,20.31763
HR_Spinup,1589,8,labsea,MLD2,20.54482
HR_Spinup,1589,9,labsea,MLD2,24.27268
HR_Spinup,1589,10,labsea,MLD2,41.74439
HR_Spinup,1589,11,labsea,MLD2,92.75445
HR_Spinup,1589,12,labsea,MLD2,253.08389
HR_Spinup,1589,1,interior,MLD2,2079.83703
HR_Spinup,1589,2,interior,MLD2,2158.51426
HR_Spinup,1589,3,interior,MLD2,2198.82124
HR_Spinup,1589,4,interior,MLD2,1991.67466
HR_Spinup,1589,5,interior,MLD2,1139.40857
HR_Spinup,1589,6,interior,MLD2,53.24073
HR_Spinup,1589,7,interior,MLD2,25.84795
HR_Spinup,1589,8,interior,MLD2,24.02359
HR_Spinup,1589,9,interior,MLD2,29.16966
HR_Spinup,1589,10,interior,MLD2,50.09927
HR_Spinup,1589,11,interior,MLD2,126.17672
HR_Spinup,1589,12,interior,MLD2,455.16346
HR_Spinup,1590,1,labsea,a_ice,0.19528
HR_Spinup,1590,2,labsea,a_ice,0.23051
HR_Spinup,1590,3,labsea,a_ice,0.21534
HR_Spinup,1590,4,labsea,a_ice,0.19748
HR_Spinup,1590,5,labsea,a_ice,0.17635
HR_Spinup,1590,6,labsea,a_ice,0.09477
HR_Spinup,1590,7,labsea,a_ice,0.01005
HR_Spinup,1590,8,labsea,a_ice,0.00002
HR_Spinup,1590,9,labsea,a_ice,0.00000
HR_Spinup,1590,10,labsea,a_ice,0.00000
HR_Spinup,1590,11,labsea,a_ice,0.00300
HR_Spinup,1590,12,labsea,a_ice,0.09359
HR_Spinup,1590,1,interior,a_ice,0.02820
HR_Spinup,1590,2,interior,a_ice,0.03400
HR_Spinup,1590,3,interior,a_ice,0.02808
HR_Spinup,1590,4,interior,a_ice,0.04753
HR_Spinup,1590,5,interior,a_ice,0.02502
HR_Spinup,1590,6,interior,a_ice,0.00441
HR_Spinup,1590,7,interior,a_ice,0.00005
HR_Spinup,1590,8,interior,a_ice,0.00000
HR_Spinup,1590,9,interior,a_ice,0.00000
HR_Spinup,1590,10,interior,a_ice,0.00000
HR_Spinup,1590,11,interior,a_ice,0.00000
HR_Spinup,1590,12,interior,a_ice,0.01249
HR_Spinup,1590,1,labsea,MLD2,573.21564
HR_Spinup,1590,2,labsea,MLD2,1132.79047
HR_Spinup,1590,3,labsea,MLD2,1325.79738
HR_Spinup,1590,4,labsea,MLD2,1110.79429
HR_Spinup,1590,5,labsea,MLD2,411.39896
HR_Spinup,1590,6,labsea,MLD2,41.26379
HR_Spinup,1590,7,labsea,MLD2,20.56958
HR_Spinup,1590,8,labsea,MLD2,24.19355
HR_Spinup,1590,9,labsea,MLD2,33.77130
HR_Spinup,1590,10,labsea,MLD2,49.74144
HR_Spinup,1590,11,labsea,MLD2,79.79959
HR_Spinup,1590,12,labsea,MLD2,160.80821
HR_Spinup,1590,1,interior,MLD2,1225.97874
HR_Spinup,1590,2,interior,MLD2,2127.02975
HR_Spinup,1590,3,interior,MLD2,2258.16001
HR_Spinup,1590,4,interior,MLD2,1996.09344
HR_Spinup,1590,5,interior,MLD2,690.86293
HR_Spinup,1590,6,interior,MLD2,50.94458
HR_Spinup,1590,7,interior,MLD2,25.30339
HR_Spinup,1590,8,interior,MLD2,30.06302
HR_Spinup,1590,9,interior,MLD2,37.79147
HR_Spinup,1590,10,interior,MLD2,54.18394
HR_Spinup,1590,11,interior,MLD2,92.53382
HR_Spinup,1590,12,interior,MLD2,253.19652
HR_Spinup,1591,1,labsea,a_ice,0.20881
HR_Spinup,1591,2,labsea,a_ice,0.26590
HR_Spinup,1591,3,labsea,a_ice,0.25562
HR_Spinup,1591,4,labsea,a_ice,0.21886
HR_Spinup,1591,5,labsea,a_ice,0.13705
HR_Spinup,1591,6,labsea,a_ice,0.05305
HR_Spinup,1591,7,labsea,a_ice,0.00380
HR_Spinup,1591,8,labsea,a_ice,0.00001
HR_Spinup,1591,9,labsea,a_ice,0.00000
HR_Spinup,1591,10,labsea,a_ice,0.00047
HR_Spinup,1591,11,labsea,a_ice,0.02218
HR_Spinup,1591,12,labsea,a_ice,0.13376
HR_Spinup,1591,1,interior,a_ice,0.03064
HR_Spinup,1591,2,interior,a_ice,0.07291
HR_Spinup,1591,3,interior,a_ice,0.04552
HR_Spinup,1591,4,interior,a_ice,0.05072
HR_Spinup,1591,5,interior,a_ice,0.00641
HR_Spinup,1591,6,interior,a_ice,0.00143
HR_Spinup,1591,7,interior,a_ice,0.00001
HR_Spinup,1591,8,interior,a_ice,0.00000
HR_Spinup,1591,9,interior,a_ice,0.00000
HR_Spinup,1591,10,interior,a_ice,0.00000
HR_Spinup,1591,11,interior,a_ice,0.00000
HR_Spinup,1591,12,interior,a_ice,0.01141
HR_Spinup,1591,1,labsea,MLD2,952.50133
HR_Spinup,1591,2,labsea,MLD2,1347.09675
HR_Spinup,1591,3,labsea,MLD2,1361.97893
HR_Spinup,1591,4,labsea,MLD2,1042.46566
HR_Spinup,1591,5,labsea,MLD2,286.21561
HR_Spinup,1591,6,labsea,MLD2,26.88544
HR_Spinup,1591,7,labsea,MLD2,20.83006
HR_Spinup,1591,8,labsea,MLD2,13.17546
HR_Spinup,1591,9,labsea,MLD2,21.87906
HR_Spinup,1591,10,labsea,MLD2,38.89144
HR_Spinup,1591,11,labsea,MLD2,80.97856
HR_Spinup,1591,12,labsea,MLD2,352.60142
HR_Spinup,1591,1,interior,MLD2,1569.98994
HR_Spinup,1591,2,interior,MLD2,1979.08245
HR_Spinup,1591,3,interior,MLD2,2153.75634
HR_Spinup,1591,4,interior,MLD2,1946.95649
HR_Spinup,1591,5,interior,MLD2,620.43244
HR_Spinup,1591,6,interior,MLD2,30.18572
HR_Spinup,1591,7,interior,MLD2,23.16756
HR_Spinup,1591,8,interior,MLD2,14.13729
HR_Spinup,1591,9,interior,MLD2,24.31571
HR_Spinup,1591,10,interior,MLD2,45.19760
HR_Spinup,1591,11,interior,MLD2,100.65495
HR_Spinup,1591,12,interior,MLD2,513.59386
HR_Spinup,1592,1,labsea,a_ice,0.26200
HR_Spinup,1592,2,labsea,a_ice,0.32582
HR_Spinup,1592,3,labsea,a_ice,0.38263
HR_Spinup,1592,4,labsea,a_ice,0.35035
HR_Spinup,1592,5,labsea,a_ice,0.23052
HR_Spinup,1592,6,labsea,a_ice,0.07180
HR_Spinup,1592,7,labsea,a_ice,0.00260
HR_Spinup,1592,8,labsea,a_ice,0.00000
HR_Spinup,1592,9,labsea,a_ice,0.00000
HR_Spinup,1592,10,labsea,a_ice,0.00000
HR_Spinup,1592,11,labsea,a_ice,0.01706
HR_Spinup,1592,12,labsea,a_ice,0.09171
HR_Spinup,1592,1,interior,a_ice,0.07633
HR_Spinup,1592,2,interior,a_ice,0.10701
HR_Spinup,1592,3,interior,a_ice,0.16707
HR_Spinup,1592,4,interior,a_ice,0.14706
HR_Spinup,1592,5,interior,a_ice,0.07591
HR_Spinup,1592,6,interior,a_ice,0.02767
HR_Spinup,1592,7,interior,a_ice,0.00025
HR_Spinup,1592,8,interior,a_ice,0.00000
HR_Spinup,1592,9,interior,a_ice,0.00000
HR_Spinup,1592,10,interior,a_ice,0.00000
HR_Spinup,1592,11,interior,a_ice,0.00009
HR_Spinup,1592,12,interior,a_ice,0.00185
HR_Spinup,1592,1,labsea,MLD2,1214.15200
HR_Spinup,1592,2,labsea,MLD2,1362.29621
HR_Spinup,1592,3,labsea,MLD2,1246.30795
HR_Spinup,1592,4,labsea,MLD2,1041.92557
HR_Spinup,1592,5,labsea,MLD2,597.04888
HR_Spinup,1592,6,labsea,MLD2,42.09769
HR_Spinup,1592,7,labsea,MLD2,21.94590
HR_Spinup,1592,8,labsea,MLD2,20.03952
HR_Spinup,1592,9,labsea,MLD2,29.60409
HR_Spinup,1592,10,labsea,MLD2,51.14564
HR_Spinup,1592,11,labsea,MLD2,96.29379
HR_Spinup,1592,12,labsea,MLD2,231.27885
HR_Spinup,1592,1,interior,MLD2,1935.31553
HR_Spinup,1592,2,interior,MLD2,2167.11082
HR_Spinup,1592,3,interior,MLD2,1895.87333
HR_Spinup,1592,4,interior,MLD2,1512.31713
HR_Spinup,1592,5,interior,MLD2,884.12848
HR_Spinup,1592,6,interior,MLD2,65.27020
HR_Spinup,1592,7,interior,MLD2,23.85852
HR_Spinup,1592,8,interior,MLD2,23.28628
HR_Spinup,1592,9,interior,MLD2,36.33562
HR_Spinup,1592,10,interior,MLD2,62.61634
HR_Spinup,1592,11,interior,MLD2,132.35771
HR_Spinup,1592,12,interior,MLD2,368.93611
HR_Spinup,1593,1,labsea,a_ice,0.19405
HR_Spinup,1593,2,labsea,a_ice,0.26290
HR_Spinup,1593,3,labsea,a_ice,0.33710
HR_Spinup,1593,4,labsea,a_ice,0.28615
HR_Spinup,1593,5,labsea,a_ice,0.18841
HR_Spinup,1593,6,labsea,a_ice,0.07491
HR_Spinup,1593,7,labsea,a_ice,0.01974
HR_Spinup,1593,8,labsea,a_ice,0.00000
HR_Spinup,1593,9,labsea,a_ice,0.00000
HR_Spinup,1593,10,labsea,a_ice,0.00002
HR_Spinup,1593,11,labsea,a_ice,0.00012
HR_Spinup,1593,12,labsea,a_ice,0.07115
HR_Spinup,1593,1,interior,a_ice,0.02769
HR_Spinup,1593,2,interior,a_ice,0.04134
HR_Spinup,1593,3,interior,a_ice,0.11343
HR_Spinup,1593,4,interior,a_ice,0.09180
HR_Spinup,1593,5,interior,a_ice,0.05126
HR_Spinup,1593,6,interior,a_ice,0.00979
HR_Spinup,1593,7,interior,a_ice,0.00000
HR_Spinup,1593,8,interior,a_ice,0.00000
HR_Spinup,1593,9,interior,a_ice,0.00000
HR_Spinup,1593,10,interior,a_ice,0.00000
HR_Spinup,1593,11,interior,a_ice,0.00000
HR_Spinup,1593,12,interior,a_ice,0.00475
HR_Spinup,1593,1,labsea,MLD2,992.49664
HR_Spinup,1593,2,labsea,MLD2,1393.19524
HR_Spinup,1593,3,labsea,MLD2,1265.05371
HR_Spinup,1593,4,labsea,MLD2,1098.59035
HR_Spinup,1593,5,labsea,MLD2,457.52097
HR_Spinup,1593,6,labsea,MLD2,32.47263
HR_Spinup,1593,7,labsea,MLD2,29.70992
HR_Spinup,1593,8,labsea,MLD2,20.24694
HR_Spinup,1593,9,labsea,MLD2,27.12227
HR_Spinup,1593,10,labsea,MLD2,48.14543
HR_Spinup,1593,11,labsea,MLD2,61.10839
HR_Spinup,1593,12,labsea,MLD2,120.64829
HR_Spinup,1593,1,interior,MLD2,1905.84291
HR_Spinup,1593,2,interior,MLD2,2464.31568
HR_Spinup,1593,3,interior,MLD2,2017.29356
HR_Spinup,1593,4,interior,MLD2,1596.06129
HR_Spinup,1593,5,interior,MLD2,749.02743
HR_Spinup,1593,6,interior,MLD2,38.64088
HR_Spinup,1593,7,interior,MLD2,35.15526
HR_Spinup,1593,8,interior,MLD2,25.73237
HR_Spinup,1593,9,interior,MLD2,33.08935
HR_Spinup,1593,10,interior,MLD2,57.26619
HR_Spinup,1593,11,interior,MLD2,77.83198
HR_Spinup,1593,12,interior,MLD2,175.29168
HR_Spinup,1594,1,labsea,a_ice,0.18839
HR_Spinup,1594,2,labsea,a_ice,0.24509
HR_Spinup,1594,3,labsea,a_ice,0.20372
HR_Spinup,1594,4,labsea,a_ice,0.21474
HR_Spinup,1594,5,labsea,a_ice,0.14644
HR_Spinup,1594,6,labsea,a_ice,0.07037
HR_Spinup,1594,7,labsea,a_ice,0.00326
HR_Spinup,1594,8,labsea,a_ice,0.00000
HR_Spinup,1594,9,labsea,a_ice,0.00000
HR_Spinup,1594,10,labsea,a_ice,0.00001
HR_Spinup,1594,11,labsea,a_ice,0.01954
HR_Spinup,1594,12,labsea,a_ice,0.14922
HR_Spinup,1594,1,interior,a_ice,0.02704
HR_Spinup,1594,2,interior,a_ice,0.05207
HR_Spinup,1594,3,interior,a_ice,0.01660
HR_Spinup,1594,4,interior,a_ice,0.04334
HR_Spinup,1594,5,interior,a_ice,0.01404
HR_Spinup,1594,6,interior,a_ice,0.00569
HR_Spinup,1594,7,interior,a_ice,0.00000
HR_Spinup,1594,8,interior,a_ice,0.00000
HR_Spinup,1594,9,interior,a_ice,0.00000
HR_Spinup,1594,10,interior,a_ice,0.00000
HR_Spinup,1594,11,interior,a_ice,0.00044
HR_Spinup,1594,12,interior,a_ice,0.01577
HR_Spinup,1594,1,labsea,MLD2,315.37803
HR_Spinup,1594,2,labsea,MLD2,959.77290
HR_Spinup,1594,3,labsea,MLD2,1043.02653
HR_Spinup,1594,4,labsea,MLD2,1015.31747
HR_Spinup,1594,5,labsea,MLD2,515.23028
HR_Spinup,1594,6,labsea,MLD2,24.68509
HR_Spinup,1594,7,labsea,MLD2,21.34959
HR_Spinup,1594,8,labsea,MLD2,17.71062
HR_Spinup,1594,9,labsea,MLD2,23.84985
HR_Spinup,1594,10,labsea,MLD2,38.00431
HR_Spinup,1594,11,labsea,MLD2,65.49511
HR_Spinup,1594,12,labsea,MLD2,193.09310
HR_Spinup,1594,1,interior,MLD2,609.28527
HR_Spinup,1594,2,interior,MLD2,1951.11060
HR_Spinup,1594,3,interior,MLD2,2050.66040
HR_Spinup,1594,4,interior,MLD2,2001.51212
HR_Spinup,1594,5,interior,MLD2,1185.02491
HR_Spinup,1594,6,interior,MLD2,37.75908
HR_Spinup,1594,7,interior,MLD2,23.40220
HR_Spinup,1594,8,interior,MLD2,21.21156
HR_Spinup,1594,9,interior,MLD2,28.60095
HR_Spinup,1594,10,interior,MLD2,48.02078
HR_Spinup,1594,11,interior,MLD2,84.69270
HR_Spinup,1594,12,interior,MLD2,302.41003
HR_Spinup,1595,1,labsea,a_ice,0.22793
HR_Spinup,1595,2,labsea,a_ice,0.25831
HR_Spinup,1595,3,labsea,a_ice,0.29259
HR_Spinup,1595,4,labsea,a_ice,0.23932
HR_Spinup,1595,5,labsea,a_ice,0.17160
HR_Spinup,1595,6,labsea,a_ice,0.06430
HR_Spinup,1595,7,labsea,a_ice,0.00794
HR_Spinup,1595,8,labsea,a_ice,0.00006
HR_Spinup,1595,9,labsea,a_ice,0.00000
HR_Spinup,1595,10,labsea,a_ice,0.00000
HR_Spinup,1595,11,labsea,a_ice,0.00047
HR_Spinup,1595,12,labsea,a_ice,0.07808
HR_Spinup,1595,1,interior,a_ice,0.03026
HR_Spinup,1595,2,interior,a_ice,0.06656
HR_Spinup,1595,3,interior,a_ice,0.10248
HR_Spinup,1595,4,interior,a_ice,0.06200
HR_Spinup,1595,5,interior,a_ice,0.01856
HR_Spinup,1595,6,interior,a_ice,0.00194
HR_Spinup,1595,7,interior,a_ice,0.00000
HR_Spinup,1595,8,interior,a_ice,0.00000
HR_Spinup,1595,9,interior,a_ice,0.00000
HR_Spinup,1595,10,interior,a_ice,0.00000
HR_Spinup,1595,11,interior,a_ice,0.00000
HR_Spinup,1595,12,interior,a_ice,0.00439
HR_Spinup,1595,1,labsea,MLD2,706.33345
HR_Spinup,1595,2,labsea,MLD2,1124.45247
HR_Spinup,1595,3,labsea,MLD2,1150.88054
HR_Spinup,1595,4,labsea,MLD2,761.69837
HR_Spinup,1595,5,labsea,MLD2,220.53451
HR_Spinup,1595,6,labsea,MLD2,21.67172
HR_Spinup,1595,7,labsea,MLD2,13.78652
HR_Spinup,1595,8,labsea,MLD2,15.63532
HR_Spinup,1595,9,labsea,MLD2,24.59662
HR_Spinup,1595,10,labsea,MLD2,42.59514
HR_Spinup,1595,11,labsea,MLD2,64.30163
HR_Spinup,1595,12,labsea,MLD2,163.35443
HR_Spinup,1595,1,interior,MLD2,1256.72397
HR_Spinup,1595,2,interior,MLD2,1798.41532
HR_Spinup,1595,3,interior,MLD2,1837.32711
HR_Spinup,1595,4,interior,MLD2,1395.89614
HR_Spinup,1595,5,interior,MLD2,530.41116
HR_Spinup,1595,6,interior,MLD2,29.11497
HR_Spinup,1595,7,interior,MLD2,14.53393
HR_Spinup,1595,8,interior,MLD2,17.23123
HR_Spinup,1595,9,interior,MLD2,28.96493
HR_Spinup,1595,10,interior,MLD2,51.05628
HR_Spinup,1595,11,interior,MLD2,80.33438
HR_Spinup,1595,12,interior,MLD2,256.41328
HR_Spinup,1596,1,labsea,a_ice,0.19541
HR_Spinup,1596,2,labsea,a_ice,0.22486
HR_Spinup,1596,3,labsea,a_ice,0.24563
HR_Spinup,1596,4,labsea,a_ice,0.20781
HR_Spinup,1596,5,labsea,a_ice,0.18924
HR_Spinup,1596,6,labsea,a_ice,0.10508
HR_Spinup,1596,7,labsea,a_ice,0.02332
HR_Spinup,1596,8,labsea,a_ice,0.00008
HR_Spinup,1596,9,labsea,a_ice,0.00000
HR_Spinup,1596,10,labsea,a_ice,0.00015
HR_Spinup,1596,11,labsea,a_ice,0.02009
HR_Spinup,1596,12,labsea,a_ice,0.11733
HR_Spinup,1596,1,interior,a_ice,0.03083
HR_Spinup,1596,2,interior,a_ice,0.03014
HR_Spinup,1596,3,interior,a_ice,0.02026
HR_Spinup,1596,4,interior,a_ice,0.01126
HR_Spinup,1596,5,interior,a_ice,0.02359
HR_Spinup,1596,6,interior,a_ice,0.00520
HR_Spinup,1596,7,interior,a_ice,0.00002
HR_Spinup,1596,8,interior,a_ice,0.00000
HR_Spinup,1596,9,interior,a_ice,0.00000
HR_Spinup,1596,10,interior,a_ice,0.00000
HR_Spinup,1596,11,interior,a_ice,0.00027
HR_Spinup,1596,12,interior,a_ice,0.00589
HR_Spinup,1596,1,labsea,MLD2,426.12613
HR_Spinup,1596,2,labsea,MLD2,635.75659
HR_Spinup,1596,3,labsea,MLD2,672.21572
HR_Spinup,1596,4,labsea,MLD2,455.46416
HR_Spinup,1596,5,labsea,MLD2,177.11340
HR_Spinup,1596,6,labsea,MLD2,37.10156
HR_Spinup,1596,7,labsea,MLD2,19.13393
HR_Spinup,1596,8,labsea,MLD2,15.54882
HR_Spinup,1596,9,labsea,MLD2,19.31092
HR_Spinup,1596,10,labsea,MLD2,38.16467
HR_Spinup,1596,11,labsea,MLD2,58.05871
HR_Spinup,1596,12,labsea,MLD2,128.57203
HR_Spinup,1596,1,interior,MLD2,960.30043
HR_Spinup,1596,2,interior,MLD2,1436.73186
HR_Spinup,1596,3,interior,MLD2,1551.84829
HR_Spinup,1596,4,interior,MLD2,1185.11650
HR_Spinup,1596,5,interior,MLD2,436.22452
HR_Spinup,1596,6,interior,MLD2,52.17473
HR_Spinup,1596,7,interior,MLD2,21.51275
HR_Spinup,1596,8,interior,MLD2,18.65515
HR_Spinup,1596,9,interior,MLD2,23.51388
HR_Spinup,1596,10,interior,MLD2,43.27221
HR_Spinup,1596,11,interior,MLD2,73.90218
HR_Spinup,1596,12,interior,MLD2,197.04704
HR_Spinup,1597,1,labsea,a_ice,0.25029
HR_Spinup,1597,2,labsea,a_ice,0.28812
HR_Spinup,1597,3,labsea,a_ice,0.31279
HR_Spinup,1597,4,labsea,a_ice,0.24796
HR_Spinup,1597,5,labsea,a_ice,0.16333
HR_Spinup,1597,6,labsea,a_ice,0.05026
HR_Spinup,1597,7,labsea,a_ice,0.00175
HR_Spinup,1597,8,labsea,a_ice,0.00000
HR_Spinup,1597,9,labsea,a_ice,0.00000
HR_Spinup,1597,10,labsea,a_ice,0.00032
HR_Spinup,1597,11,labsea,a_ice,0.02875
HR_Spinup,1597,12,labsea,a_ice,0.13165
HR_Spinup,1597,1,interior,a_ice,0.05198
HR_Spinup,1597,2,interior,a_ice,0.09241
HR_Spinup,1597,3,interior,a_ice,0.10401
HR_Spinup,1597,4,interior,a_ice,0.04513
HR_Spinup,1597,5,interior,a_ice,0.01647
HR_Spinup,1597,6,interior,a_ice,0.01132
HR_Spinup,1597,7,interior,a_ice,0.00049
HR_Spinup,1597,8,interior,a_ice,0.00000
HR_Spinup,1597,9,interior,a_ice,0.00000
HR_Spinup,1597,10,interior,a_ice,0.00000
HR_Spinup,1597,11,interior,a_ice,0.00011
HR_Spinup,1597,12,interior,a_ice,0.01391
HR_Spinup,1597,1,labsea,MLD2,377.85298
HR_Spinup,1597,2,labsea,MLD2,1016.71968
HR_Spinup,1597,3,labsea,MLD2,1244.95098
HR_Spinup,1597,4,labsea,MLD2,1079.06023
HR_Spinup,1597,5,labsea,MLD2,222.44049
HR_Spinup,1597,6,labsea,MLD2,21.56740
HR_Spinup,1597,7,labsea,MLD2,18.19876
HR_Spinup,1597,8,labsea,MLD2,21.89089
HR_Spinup,1597,9,labsea,MLD2,29.86466
HR_Spinup,1597,10,labsea,MLD2,49.19477
HR_Spinup,1597,11,labsea,MLD2,117.35019
HR_Spinup,1597,12,labsea,MLD2,226.70309
HR_Spinup,1597,1,interior,MLD2,718.93115
HR_Spinup,1597,2,interior,MLD2,1822.48632
HR_Spinup,1597,3,interior,MLD2,1997.91277
HR_Spinup,1597,4,interior,MLD2,1913.07149
HR_Spinup,1597,5,interior,MLD2,484.60572
HR_Spinup,1597,6,interior,MLD2,29.04302
HR_Spinup,1597,7,interior,MLD2,22.02215
HR_Spinup,1597,8,interior,MLD2,27.60972
HR_Spinup,1597,9,interior,MLD2,35.12004
HR_Spinup,1597,10,interior,MLD2,59.24200
HR_Spinup,1597,11,interior,MLD2,155.82373
HR_Spinup,1597,12,interior,MLD2,383.64959
HR_Spinup,1598,1,labsea,a_ice,0.20993
HR_Spinup,1598,2,labsea,a_ice,0.25457
HR_Spinup,1598,3,labsea,a_ice,0.25654
HR_Spinup,1598,4,labsea,a_ice,0.26517
HR_Spinup,1598,5,labsea,a_ice,0.19274
HR_Spinup,1598,6,labsea,a_ice,0.07113
HR_Spinup,1598,7,labsea,a_ice,0.00492
HR_Spinup,1598,8,labsea,a_ice,0.00027
HR_Spinup,1598,9,labsea,a_ice,0.00006
HR_Spinup,1598,10,labsea,a_ice,0.00001
HR_Spinup,1598,11,labsea,a_ice,0.04524
HR_Spinup,1598,12,labsea,a_ice,0.15768
HR_Spinup,1598,1,interior,a_ice,0.01763
HR_Spinup,1598,2,interior,a_ice,0.02093
HR_Spinup,1598,3,interior,a_ice,0.08781
HR_Spinup,1598,4,interior,a_ice,0.07378
HR_Spinup,1598,5,interior,a_ice,0.06408
HR_Spinup,1598,6,interior,a_ice,0.00408
HR_Spinup,1598,7,interior,a_ice,0.00001
HR_Spinup,1598,8,interior,a_ice,0.00000
HR_Spinup,1598,9,interior,a_ice,0.00000
HR_Spinup,1598,10,interior,a_ice,0.00000
HR_Spinup,1598,11,interior,a_ice,0.00284
HR_Spinup,1598,12,interior,a_ice,0.01352
HR_Spinup,1598,1,labsea,MLD2,849.58778
HR_Spinup,1598,2,labsea,MLD2,1173.84464
HR_Spinup,1598,3,labsea,MLD2,1196.33342
HR_Spinup,1598,4,labsea,MLD2,1169.14279
HR_Spinup,1598,5,labsea,MLD2,506.06011
HR_Spinup,1598,6,labsea,MLD2,26.40642
HR_Spinup,1598,7,labsea,MLD2,15.65621
HR_Spinup,1598,8,labsea,MLD2,19.69968
HR_Spinup,1598,9,labsea,MLD2,27.69410
HR_Spinup,1598,10,labsea,MLD2,44.07645
HR_Spinup,1598,11,labsea,MLD2,97.54674
HR_Spinup,1598,12,labsea,MLD2,413.15174
HR_Spinup,1598,1,interior,MLD2,1817.40686
HR_Spinup,1598,2,interior,MLD2,2183.31159
HR_Spinup,1598,3,interior,MLD2,2096.72139
HR_Spinup,1598,4,interior,MLD2,2022.36192
HR_Spinup,1598,5,interior,MLD2,1054.77878
HR_Spinup,1598,6,interior,MLD2,41.27675
HR_Spinup,1598,7,interior,MLD2,18.36214
HR_Spinup,1598,8,interior,MLD2,23.87500
HR_Spinup,1598,9,interior,MLD2,34.34115
HR_Spinup,1598,10,interior,MLD2,53.66357
HR_Spinup,1598,11,interior,MLD2,137.60701
HR_Spinup,1598,12,interior,MLD2,788.88710
HR_Spinup,1599,1,labsea,a_ice,0.24973
HR_Spinup,1599,2,labsea,a_ice,0.34884
HR_Spinup,1599,3,labsea,a_ice,0.32693
HR_Spinup,1599,4,labsea,a_ice,0.30397
HR_Spinup,1599,5,labsea,a_ice,0.23465
HR_Spinup,1599,6,labsea,a_ice,0.08158
HR_Spinup,1599,7,labsea,a_ice,0.00292
HR_Spinup,1599,8,labsea,a_ice,0.00002
HR_Spinup,1599,9,labsea,a_ice,0.00000
HR_Spinup,1599,10,labsea,a_ice,0.00000
HR_Spinup,1599,11,labsea,a_ice,0.01543
HR_Spinup,1599,12,labsea,a_ice,0.14838
HR_Spinup,1599,1,interior,a_ice,0.07140
HR_Spinup,1599,2,interior,a_ice,0.13934
HR_Spinup,1599,3,interior,a_ice,0.07624
HR_Spinup,1599,4,interior,a_ice,0.11298
HR_Spinup,1599,5,interior,a_ice,0.08115
HR_Spinup,1599,6,interior,a_ice,0.01981
HR_Spinup,1599,7,interior,a_ice,0.00026
HR_Spinup,1599,8,interior,a_ice,0.00000
HR_Spinup,1599,9,interior,a_ice,0.00000
HR_Spinup,1599,10,interior,a_ice,0.00000
HR_Spinup,1599,11,interior,a_ice,0.00013
HR_Spinup,1599,12,interior,a_ice,0.01179
HR_Spinup,1599,1,labsea,MLD2,743.67607
HR_Spinup,1599,2,labsea,MLD2,929.38952
HR_Spinup,1599,3,labsea,MLD2,1028.51484
HR_Spinup,1599,4,labsea,MLD2,942.49445
HR_Spinup,1599,5,labsea,MLD2,405.88060
HR_Spinup,1599,6,labsea,MLD2,22.72555
HR_Spinup,1599,7,labsea,MLD2,18.99217
HR_Spinup,1599,8,labsea,MLD2,19.87903
HR_Spinup,1599,9,labsea,MLD2,29.10590
HR_Spinup,1599,10,labsea,MLD2,44.65291
HR_Spinup,1599,11,labsea,MLD2,66.77344
HR_Spinup,1599,12,labsea,MLD2,180.99475
HR_Spinup,1599,1,interior,MLD2,1443.22576
HR_Spinup,1599,2,interior,MLD2,1761.60187
HR_Spinup,1599,3,interior,MLD2,1953.83675
HR_Spinup,1599,4,interior,MLD2,1671.95724
HR_Spinup,1599,5,interior,MLD2,875.36676
HR_Spinup,1599,6,interior,MLD2,26.30824
HR_Spinup,1599,7,interior,MLD2,19.15463
HR_Spinup,1599,8,interior,MLD2,22.22575
HR_Spinup,1599,9,interior,MLD2,34.56916
HR_Spinup,1599,10,interior,MLD2,53.35385
HR_Spinup,1599,11,interior,MLD2,83.41350
HR_Spinup,1599,12,interior,MLD2,301.33233
HR_Spinup,1600,1,labsea,a_ice,0.28088
HR_Spinup,1600,2,labsea,a_ice,0.39756
HR_Spinup,1600,3,labsea,a_ice,0.39609
HR_Spinup,1600,4,labsea,a_ice,0.31380
HR_Spinup,1600,5,labsea,a_ice,0.21761
HR_Spinup,1600,6,labsea,a_ice,0.10212
HR_Spinup,1600,7,labsea,a_ice,0.00490
HR_Spinup,1600,8,labsea,a_ice,0.00000
HR_Spinup,1600,9,labsea,a_ice,0.00000
HR_Spinup,1600,10,labsea,a_ice,0.00006
HR_Spinup,1600,11,labsea,a_ice,0.00108
HR_Spinup,1600,12,labsea,a_ice,0.13764
HR_Spinup,1600,1,interior,a_ice,0.08025
HR_Spinup,1600,2,interior,a_ice,0.20790
HR_Spinup,1600,3,interior,a_ice,0.25211
HR_Spinup,1600,4,interior,a_ice,0.12799
HR_Spinup,1600,5,interior,a_ice,0.04409
HR_Spinup,1600,6,interior,a_ice,0.01031
HR_Spinup,1600,7,interior,a_ice,0.00040
HR_Spinup,1600,8,interior,a_ice,0.00000
HR_Spinup,1600,9,interior,a_ice,0.00000
HR_Spinup,1600,10,interior,a_ice,0.00000
HR_Spinup,1600,11,interior,a_ice,0.00022
HR_Spinup,1600,12,interior,a_ice,0.02093
HR_Spinup,1600,1,labsea,MLD2,768.52065
HR_Spinup,1600,2,labsea,MLD2,1238.07227
HR_Spinup,1600,3,labsea,MLD2,1069.27199
HR_Spinup,1600,4,labsea,MLD2,863.49597
HR_Spinup,1600,5,labsea,MLD2,411.91513
HR_Spinup,1600,6,labsea,MLD2,31.57147
HR_Spinup,1600,7,labsea,MLD2,22.02487
HR_Spinup,1600,8,labsea,MLD2,20.16247
HR_Spinup,1600,9,labsea,MLD2,32.78964
HR_Spinup,1600,10,labsea,MLD2,47.61866
HR_Spinup,1600,11,labsea,MLD2,67.31902
HR_Spinup,1600,12,labsea,MLD2,243.20398
HR_Spinup,1600,1,interior,MLD2,1419.59444
HR_Spinup,1600,2,interior,MLD2,1906.27611
HR_Spinup,1600,3,interior,MLD2,1428.11683
HR_Spinup,1600,4,interior,MLD2,1052.62438
HR_Spinup,1600,5,interior,MLD2,513.63651
HR_Spinup,1600,6,interior,MLD2,36.75955
HR_Spinup,1600,7,interior,MLD2,28.44322
HR_Spinup,1600,8,interior,MLD2,23.24401
HR_Spinup,1600,9,interior,MLD2,38.38174
HR_Spinup,1600,10,interior,MLD2,59.33678
HR_Spinup,1600,11,interior,MLD2,86.95007
HR_Spinup,1600,12,interior,MLD2,477.47140
HR_Spinup,1601,1,labsea,a_ice,0.29495
HR_Spinup,1601,2,labsea,a_ice,0.42606
HR_Spinup,1601,3,labsea,a_ice,0.34003
HR_Spinup,1601,4,labsea,a_ice,0.25418
HR_Spinup,1601,5,labsea,a_ice,0.16059
HR_Spinup,1601,6,labsea,a_ice,0.07962
HR_Spinup,1601,7,labsea,a_ice,0.01754
HR_Spinup,1601,8,labsea,a_ice,0.00066
HR_Spinup,1601,9,labsea,a_ice,0.00000
HR_Spinup,1601,10,labsea,a_ice,0.00015
HR_Spinup,1601,11,labsea,a_ice,0.03880
HR_Spinup,1601,12,labsea,a_ice,0.17525
HR_Spinup,1601,1,interior,a_ice,0.08420
HR_Spinup,1601,2,interior,a_ice,0.26585
HR_Spinup,1601,3,interior,a_ice,0.14754
HR_Spinup,1601,4,interior,a_ice,0.05025
HR_Spinup,1601,5,interior,a_ice,0.03286
HR_Spinup,1601,6,interior,a_ice,0.00973
HR_Spinup,1601,7,interior,a_ice,0.00006
HR_Spinup,1601,8,interior,a_ice,0.00000
HR_Spinup,1601,9,interior,a_ice,0.00000
HR_Spinup,1601,10,interior,a_ice,0.00000
HR_Spinup,1601,11,interior,a_ice,0.00005
HR_Spinup,1601,12,interior,a_ice,0.02811
HR_Spinup,1601,1,labsea,MLD2,958.71158
HR_Spinup,1601,2,labsea,MLD2,1142.82000
HR_Spinup,1601,3,labsea,MLD2,987.78522
HR_Spinup,1601,4,labsea,MLD2,789.62193
HR_Spinup,1601,5,labsea,MLD2,351.13885
HR_Spinup,1601,6,labsea,MLD2,34.38550
HR_Spinup,1601,7,labsea,MLD2,16.03176
HR_Spinup,1601,8,labsea,MLD2,20.21099
HR_Spinup,1601,9,labsea,MLD2,28.19118
HR_Spinup,1601,10,labsea,MLD2,39.14819
HR_Spinup,1601,11,labsea,MLD2,83.89119
HR_Spinup,1601,12,labsea,MLD2,432.57285
HR_Spinup,1601,1,interior,MLD2,1718.25339
HR_Spinup,1601,2,interior,MLD2,1589.06249
HR_Spinup,1601,3,interior,MLD2,1330.31708
HR_Spinup,1601,4,interior,MLD2,1212.33691
HR_Spinup,1601,5,interior,MLD2,647.82012
HR_Spinup,1601,6,interior,MLD2,53.38963
HR_Spinup,1601,7,interior,MLD2,20.05695
HR_Spinup,1601,8,interior,MLD2,22.90871
HR_Spinup,1601,9,interior,MLD2,31.30494
HR_Spinup,1601,10,interior,MLD2,48.47251
HR_Spinup,1601,11,interior,MLD2,114.38548
HR_Spinup,1601,12,interior,MLD2,895.65819
HR_Spinup,1602,1,labsea,a_ice,0.26987
HR_Spinup,1602,2,labsea,a_ice,0.33891
HR_Spinup,1602,3,labsea,a_ice,0.32068
HR_Spinup,1602,4,labsea,a_ice,0.29398
HR_Spinup,1602,5,labsea,a_ice,0.19686
HR_Spinup,1602,6,labsea,a_ice,0.10373
HR_Spinup,1602,7,labsea,a_ice,0.01779
HR_Spinup,1602,8,labsea,a_ice,0.00010
HR_Spinup,1602,9,labsea,a_ice,0.00000
HR_Spinup,1602,10,labsea,a_ice,0.00088
HR_Spinup,1602,11,labsea,a_ice,0.01815
HR_Spinup,1602,12,labsea,a_ice,0.16248
HR_Spinup,1602,1,interior,a_ice,0.09716
HR_Spinup,1602,2,interior,a_ice,0.11413
HR_Spinup,1602,3,interior,a_ice,0.09753
HR_Spinup,1602,4,interior,a_ice,0.07182
HR_Spinup,1602,5,interior,a_ice,0.02747
HR_Spinup,1602,6,interior,a_ice,0.00782
HR_Spinup,1602,7,interior,a_ice,0.00000
HR_Spinup,1602,8,interior,a_ice,0.00000
HR_Spinup,1602,9,interior,a_ice,0.00000
HR_Spinup,1602,10,interior,a_ice,0.00003
HR_Spinup,1602,11,interior,a_ice,0.00156
HR_Spinup,1602,12,interior,a_ice,0.01757
HR_Spinup,1602,1,labsea,MLD2,992.45152
HR_Spinup,1602,2,labsea,MLD2,1175.73232
HR_Spinup,1602,3,labsea,MLD2,1278.75494
HR_Spinup,1602,4,labsea,MLD2,913.25131
HR_Spinup,1602,5,labsea,MLD2,193.58981
HR_Spinup,1602,6,labsea,MLD2,29.04447
HR_Spinup,1602,7,labsea,MLD2,23.48890
HR_Spinup,1602,8,labsea,MLD2,23.61539
HR_Spinup,1602,9,labsea,MLD2,31.38118
HR_Spinup,1602,10,labsea,MLD2,47.80507
HR_Spinup,1602,11,labsea,MLD2,83.00079
HR_Spinup,1602,12,labsea,MLD2,302.58091
HR_Spinup,1602,1,interior,MLD2,1706.30432
HR_Spinup,1602,2,interior,MLD2,1995.39151
HR_Spinup,1602,3,interior,MLD2,2138.75477
HR_Spinup,1602,4,interior,MLD2,1662.00066
HR_Spinup,1602,5,interior,MLD2,383.23291
HR_Spinup,1602,6,interior,MLD2,36.19194
HR_Spinup,1602,7,interior,MLD2,27.87225
HR_Spinup,1602,8,interior,MLD2,28.14823
HR_Spinup,1602,9,interior,MLD2,34.77566
HR_Spinup,1602,10,interior,MLD2,54.68356
HR_Spinup,1602,11,interior,MLD2,100.25005
HR_Spinup,1602,12,interior,MLD2,589.86605
HR_Spinup,1603,1,labsea,a_ice,0.30660
HR_Spinup,1603,2,labsea,a_ice,0.42526
HR_Spinup,1603,3,labsea,a_ice,0.44652
HR_Spinup,1603,4,labsea,a_ice,0.37271
HR_Spinup,1603,5,labsea,a_ice,0.24184
HR_Spinup,1603,6,labsea,a_ice,0.05890
HR_Spinup,1603,7,labsea,a_ice,0.00297
HR_Spinup,1603,8,labsea,a_ice,0.00000
HR_Spinup,1603,9,labsea,a_ice,0.00001
HR_Spinup,1603,10,labsea,a_ice,0.00066
HR_Spinup,1603,11,labsea,a_ice,0.02692
HR_Spinup,1603,12,labsea,a_ice,0.15755
HR_Spinup,1603,1,interior,a_ice,0.06954
HR_Spinup,1603,2,interior,a_ice,0.24946
HR_Spinup,1603,3,interior,a_ice,0.33894
HR_Spinup,1603,4,interior,a_ice,0.24481
HR_Spinup,1603,5,interior,a_ice,0.10670
HR_Spinup,1603,6,interior,a_ice,0.01378
HR_Spinup,1603,7,interior,a_ice,0.00003
HR_Spinup,1603,8,interior,a_ice,0.00000
HR_Spinup,1603,9,interior,a_ice,0.00000
HR_Spinup,1603,10,interior,a_ice,0.00000
HR_Spinup,1603,11,interior,a_ice,0.00022
HR_Spinup,1603,12,interior,a_ice,0.02593
HR_Spinup,1603,1,labsea,MLD2,960.87180
HR_Spinup,1603,2,labsea,MLD2,1173.14224
HR_Spinup,1603,3,labsea,MLD2,1117.82863
HR_Spinup,1603,4,labsea,MLD2,950.30058
HR_Spinup,1603,5,labsea,MLD2,463.29675
HR_Spinup,1603,6,labsea,MLD2,23.80921
HR_Spinup,1603,7,labsea,MLD2,17.34557
HR_Spinup,1603,8,labsea,MLD2,17.17665
HR_Spinup,1603,9,labsea,MLD2,24.90956
HR_Spinup,1603,10,labsea,MLD2,43.47961
HR_Spinup,1603,11,labsea,MLD2,88.34120
HR_Spinup,1603,12,labsea,MLD2,458.01526
HR_Spinup,1603,1,interior,MLD2,1642.36961
HR_Spinup,1603,2,interior,MLD2,1676.51653
HR_Spinup,1603,3,interior,MLD2,1325.82694
HR_Spinup,1603,4,interior,MLD2,950.24079
HR_Spinup,1603,5,interior,MLD2,516.66952
HR_Spinup,1603,6,interior,MLD2,26.71465
HR_Spinup,1603,7,interior,MLD2,21.65386
HR_Spinup,1603,8,interior,MLD2,20.24769
HR_Spinup,1603,9,interior,MLD2,28.37516
HR_Spinup,1603,10,interior,MLD2,50.69523
HR_Spinup,1603,11,interior,MLD2,116.80871
HR_Spinup,1603,12,interior,MLD2,736.31106
HR_Spinup,1604,1,labsea,a_ice,0.24652
HR_Spinup,1604,2,labsea,a_ice,0.27562
HR_Spinup,1604,3,labsea,a_ice,0.28166
HR_Spinup,1604,4,labsea,a_ice,0.23388
HR_Spinup,1604,5,labsea,a_ice,0.18377
HR_Spinup,1604,6,labsea,a_ice,0.10027
HR_Spinup,1604,7,labsea,a_ice,0.00884
HR_Spinup,1604,8,labsea,a_ice,0.00001
HR_Spinup,1604,9,labsea,a_ice,0.00001
HR_Spinup,1604,10,labsea,a_ice,0.00001
HR_Spinup,1604,11,labsea,a_ice,0.01831
HR_Spinup,1604,12,labsea,a_ice,0.12985
HR_Spinup,1604,1,interior,a_ice,0.07862
HR_Spinup,1604,2,interior,a_ice,0.09512
HR_Spinup,1604,3,interior,a_ice,0.06490
HR_Spinup,1604,4,interior,a_ice,0.03708
HR_Spinup,1604,5,interior,a_ice,0.02737
HR_Spinup,1604,6,interior,a_ice,0.01333
HR_Spinup,1604,7,interior,a_ice,0.00005
HR_Spinup,1604,8,interior,a_ice,0.00000
HR_Spinup,1604,9,interior,a_ice,0.00000
HR_Spinup,1604,10,interior,a_ice,0.00000
HR_Spinup,1604,11,interior,a_ice,0.00083
HR_Spinup,1604,12,interior,a_ice,0.01565
HR_Spinup,1604,1,labsea,MLD2,1157.92516
HR_Spinup,1604,2,labsea,MLD2,1163.80428
HR_Spinup,1604,3,labsea,MLD2,1157.92348
HR_Spinup,1604,4,labsea,MLD2,1121.14502
HR_Spinup,1604,5,labsea,MLD2,599.95261
HR_Spinup,1604,6,labsea,MLD2,42.22081
HR_Spinup,1604,7,labsea,MLD2,15.88151
HR_Spinup,1604,8,labsea,MLD2,20.76272
HR_Spinup,1604,9,labsea,MLD2,28.39270
HR_Spinup,1604,10,labsea,MLD2,43.34118
HR_Spinup,1604,11,labsea,MLD2,104.53393
HR_Spinup,1604,12,labsea,MLD2,322.58687
HR_Spinup,1604,1,interior,MLD2,2062.29388
HR_Spinup,1604,2,interior,MLD2,2142.26895
HR_Spinup,1604,3,interior,MLD2,2328.38290
HR_Spinup,1604,4,interior,MLD2,2174.01743
HR_Spinup,1604,5,interior,MLD2,1247.77161
HR_Spinup,1604,6,interior,MLD2,83.54849
HR_Spinup,1604,7,interior,MLD2,17.49148
HR_Spinup,1604,8,interior,MLD2,24.27462
HR_Spinup,1604,9,interior,MLD2,32.11788
HR_Spinup,1604,10,interior,MLD2,50.82979
HR_Spinup,1604,11,interior,MLD2,151.53103
HR_Spinup,1604,12,interior,MLD2,750.95901
HR_Spinup,1605,1,labsea,a_ice,0.27051
HR_Spinup,1605,2,labsea,a_ice,0.34725
HR_Spinup,1605,3,labsea,a_ice,0.27377
HR_Spinup,1605,4,labsea,a_ice,0.22547
HR_Spinup,1605,5,labsea,a_ice,0.16407
HR_Spinup,1605,6,labsea,a_ice,0.06847
HR_Spinup,1605,7,labsea,a_ice,0.00708
HR_Spinup,1605,8,labsea,a_ice,0.00001
HR_Spinup,1605,9,labsea,a_ice,0.00000
HR_Spinup,1605,10,labsea,a_ice,0.00005
HR_Spinup,1605,11,labsea,a_ice,0.03029
HR_Spinup,1605,12,labsea,a_ice,0.23026
HR_Spinup,1605,1,interior,a_ice,0.05342
HR_Spinup,1605,2,interior,a_ice,0.13752
HR_Spinup,1605,3,interior,a_ice,0.05732
HR_Spinup,1605,4,interior,a_ice,0.04065
HR_Spinup,1605,5,interior,a_ice,0.02093
HR_Spinup,1605,6,interior,a_ice,0.00125
HR_Spinup,1605,7,interior,a_ice,0.00014
HR_Spinup,1605,8,interior,a_ice,0.00000
HR_Spinup,1605,9,interior,a_ice,0.00000
HR_Spinup,1605,10,interior,a_ice,0.00000
HR_Spinup,1605,11,interior,a_ice,0.00050
HR_Spinup,1605,12,interior,a_ice,0.06470
HR_Spinup,1605,1,labsea,MLD2,853.62834
HR_Spinup,1605,2,labsea,MLD2,1038.93033
HR_Spinup,1605,3,labsea,MLD2,905.04298
HR_Spinup,1605,4,labsea,MLD2,695.60402
HR_Spinup,1605,5,labsea,MLD2,125.42933
HR_Spinup,1605,6,labsea,MLD2,26.59311
HR_Spinup,1605,7,labsea,MLD2,25.55829
HR_Spinup,1605,8,labsea,MLD2,20.89889
HR_Spinup,1605,9,labsea,MLD2,28.33574
HR_Spinup,1605,10,labsea,MLD2,42.55847
HR_Spinup,1605,11,labsea,MLD2,72.36910
HR_Spinup,1605,12,labsea,MLD2,283.86186
HR_Spinup,1605,1,interior,MLD2,1722.73604
HR_Spinup,1605,2,interior,MLD2,1754.66813
HR_Spinup,1605,3,interior,MLD2,1574.42052
HR_Spinup,1605,4,interior,MLD2,1319.20770
HR_Spinup,1605,5,interior,MLD2,198.97567
HR_Spinup,1605,6,interior,MLD2,33.30517
HR_Spinup,1605,7,interior,MLD2,34.47324
HR_Spinup,1605,8,interior,MLD2,28.43487
HR_Spinup,1605,9,interior,MLD2,34.71715
HR_Spinup,1605,10,interior,MLD2,52.85939
HR_Spinup,1605,11,interior,MLD2,99.24690
HR_Spinup,1605,12,interior,MLD2,511.51502
HR_Spinup,1606,1,labsea,a_ice,0.43967
HR_Spinup,1606,2,labsea,a_ice,0.59115
HR_Spinup,1606,3,labsea,a_ice,0.46280
HR_Spinup,1606,4,labsea,a_ice,0.35566
HR_Spinup,1606,5,labsea,a_ice,0.31512
HR_Spinup,1606,6,labsea,a_ice,0.20372
HR_Spinup,1606,7,labsea,a_ice,0.06586
HR_Spinup,1606,8,labsea,a_ice,0.00621
HR_Spinup,1606,9,labsea,a_ice,0.00153
HR_Spinup,1606,10,labsea,a_ice,0.00062
HR_Spinup,1606,11,labsea,a_ice,0.01700
HR_Spinup,1606,12,labsea,a_ice,0.14759
HR_Spinup,1606,1,interior,a_ice,0.33286
HR_Spinup,1606,2,interior,a_ice,0.60000
HR_Spinup,1606,3,interior,a_ice,0.33251
HR_Spinup,1606,4,interior,a_ice,0.15902
HR_Spinup,1606,5,interior,a_ice,0.12530
HR_Spinup,1606,6,interior,a_ice,0.03500
HR_Spinup,1606,7,interior,a_ice,0.00160
HR_Spinup,1606,8,interior,a_ice,0.00000
HR_Spinup,1606,9,interior,a_ice,0.00000
HR_Spinup,1606,10,interior,a_ice,0.00000
HR_Spinup,1606,11,interior,a_ice,0.00069
HR_Spinup,1606,12,interior,a_ice,0.03182
HR_Spinup,1606,1,labsea,MLD2,800.66641
HR_Spinup,1606,2,labsea,MLD2,759.68039
HR_Spinup,1606,3,labsea,MLD2,551.68078
HR_Spinup,1606,4,labsea,MLD2,403.88325
HR_Spinup,1606,5,labsea,MLD2,132.44509
HR_Spinup,1606,6,labsea,MLD2,21.93845
HR_Spinup,1606,7,labsea,MLD2,20.43390
HR_Spinup,1606,8,labsea,MLD2,20.32234
HR_Spinup,1606,9,labsea,MLD2,27.27518
HR_Spinup,1606,10,labsea,MLD2,40.81271
HR_Spinup,1606,11,labsea,MLD2,77.16169
HR_Spinup,1606,12,labsea,MLD2,198.84611
HR_Spinup,1606,1,interior,MLD2,1208.85785
HR_Spinup,1606,2,interior,MLD2,879.25953
HR_Spinup,1606,3,interior,MLD2,565.84793
HR_Spinup,1606,4,interior,MLD2,398.16410
HR_Spinup,1606,5,interior,MLD2,64.30621
HR_Spinup,1606,6,interior,MLD2,21.84081
HR_Spinup,1606,7,interior,MLD2,24.42284
HR_Spinup,1606,8,interior,MLD2,24.65077
HR_Spinup,1606,9,interior,MLD2,32.19439
HR_Spinup,1606,10,interior,MLD2,49.13566
HR_Spinup,1606,11,interior,MLD2,103.79279
HR_Spinup,1606,12,interior,MLD2,351.28033
HR_Spinup,1607,1,labsea,a_ice,0.23138
HR_Spinup,1607,2,labsea,a_ice,0.25403
HR_Spinup,1607,3,labsea,a_ice,0.25557
HR_Spinup,1607,4,labsea,a_ice,0.28087
HR_Spinup,1607,5,labsea,a_ice,0.21763
HR_Spinup,1607,6,labsea,a_ice,0.09753
HR_Spinup,1607,7,labsea,a_ice,0.02181
HR_Spinup,1607,8,labsea,a_ice,0.00027
HR_Spinup,1607,9,labsea,a_ice,0.00000
HR_Spinup,1607,10,labsea,a_ice,0.00000
HR_Spinup,1607,11,labsea,a_ice,0.01809
HR_Spinup,1607,12,labsea,a_ice,0.14092
HR_Spinup,1607,1,interior,a_ice,0.04449
HR_Spinup,1607,2,interior,a_ice,0.04366
HR_Spinup,1607,3,interior,a_ice,0.05452
HR_Spinup,1607,4,interior,a_ice,0.07553
HR_Spinup,1607,5,interior,a_ice,0.04835
HR_Spinup,1607,6,interior,a_ice,0.01817
HR_Spinup,1607,7,interior,a_ice,0.00031
HR_Spinup,1607,8,interior,a_ice,0.00000
HR_Spinup,1607,9,interior,a_ice,0.00000
HR_Spinup,1607,10,interior,a_ice,0.00000
HR_Spinup,1607,11,interior,a_ice,0.00002
HR_Spinup,1607,12,interior,a_ice,0.01641
HR_Spinup,1607,1,labsea,MLD2,674.23964
HR_Spinup,1607,2,labsea,MLD2,953.76007
HR_Spinup,1607,3,labsea,MLD2,926.86276
HR_Spinup,1607,4,labsea,MLD2,787.91704
HR_Spinup,1607,5,labsea,MLD2,266.67177
HR_Spinup,1607,6,labsea,MLD2,29.38574
HR_Spinup,1607,7,labsea,MLD2,22.19853
HR_Spinup,1607,8,labsea,MLD2,23.34272
HR_Spinup,1607,9,labsea,MLD2,30.66012
HR_Spinup,1607,10,labsea,MLD2,42.82114
HR_Spinup,1607,11,labsea,MLD2,73.75850
HR_Spinup,1607,12,labsea,MLD2,146.28833
HR_Spinup,1607,1,interior,MLD2,1489.77979
HR_Spinup,1607,2,interior,MLD2,1860.21293
HR_Spinup,1607,3,interior,MLD2,1817.09689
HR_Spinup,1607,4,interior,MLD2,1644.41897
HR_Spinup,1607,5,interior,MLD2,645.31554
HR_Spinup,1607,6,interior,MLD2,41.60616
HR_Spinup,1607,7,interior,MLD2,28.81193
HR_Spinup,1607,8,interior,MLD2,30.10195
HR_Spinup,1607,9,interior,MLD2,37.54829
HR_Spinup,1607,10,interior,MLD2,51.20008
HR_Spinup,1607,11,interior,MLD2,95.70687
HR_Spinup,1607,12,interior,MLD2,219.74531
HR_Spinup,1608,1,labsea,a_ice,0.24848
HR_Spinup,1608,2,labsea,a_ice,0.25249
HR_Spinup,1608,3,labsea,a_ice,0.24657
HR_Spinup,1608,4,labsea,a_ice,0.23216
HR_Spinup,1608,5,labsea,a_ice,0.17395
HR_Spinup,1608,6,labsea,a_ice,0.05453
HR_Spinup,1608,7,labsea,a_ice,0.00036
HR_Spinup,1608,8,labsea,a_ice,0.00000
HR_Spinup,1608,9,labsea,a_ice,0.00000
HR_Spinup,1608,10,labsea,a_ice,0.00000
HR_Spinup,1608,11,labsea,a_ice,0.00311
HR_Spinup,1608,12,labsea,a_ice,0.09617
HR_Spinup,1608,1,interior,a_ice,0.05975
HR_Spinup,1608,2,interior,a_ice,0.06265
HR_Spinup,1608,3,interior,a_ice,0.04975
HR_Spinup,1608,4,interior,a_ice,0.05069
HR_Spinup,1608,5,interior,a_ice,0.01680
HR_Spinup,1608,6,interior,a_ice,0.00345
HR_Spinup,1608,7,interior,a_ice,0.00000
HR_Spinup,1608,8,interior,a_ice,0.00000
HR_Spinup,1608,9,interior,a_ice,0.00000
HR_Spinup,1608,10,interior,a_ice,0.00000
HR_Spinup,1608,11,interior,a_ice,0.00000
HR_Spinup,1608,12,interior,a_ice,0.01024
HR_Spinup,1608,1,labsea,MLD2,512.66772
HR_Spinup,1608,2,labsea,MLD2,1091.19020
HR_Spinup,1608,3,labsea,MLD2,1254.69350
HR_Spinup,1608,4,labsea,MLD2,1063.31457
HR_Spinup,1608,5,labsea,MLD2,244.60387
HR_Spinup,1608,6,labsea,MLD2,18.68603
HR_Spinup,1608,7,labsea,MLD2,20.32143
HR_Spinup,1608,8,labsea,MLD2,19.31060
HR_Spinup,1608,9,labsea,MLD2,23.79391
HR_Spinup,1608,10,labsea,MLD2,40.45081
HR_Spinup,1608,11,labsea,MLD2,53.76630
HR_Spinup,1608,12,labsea,MLD2,169.07642
HR_Spinup,1608,1,interior,MLD2,932.75301
HR_Spinup,1608,2,interior,MLD2,1677.92551
HR_Spinup,1608,3,interior,MLD2,1906.35581
HR_Spinup,1608,4,interior,MLD2,1845.10222
HR_Spinup,1608,5,interior,MLD2,656.16835
HR_Spinup,1608,6,interior,MLD2,18.13348
HR_Spinup,1608,7,interior,MLD2,22.99602
HR_Spinup,1608,8,interior,MLD2,21.80021
HR_Spinup,1608,9,interior,MLD2,27.08532
HR_Spinup,1608,10,interior,MLD2,43.17975
HR_Spinup,1608,11,interior,MLD2,57.14187
HR_Spinup,1608,12,interior,MLD2,240.76751
HR_Spinup,1609,1,labsea,a_ice,0.22539
HR_Spinup,1609,2,labsea,a_ice,0.31526
HR_Spinup,1609,3,labsea,a_ice,0.29095
HR_Spinup,1609,4,labsea,a_ice,0.25275
HR_Spinup,1609,5,labsea,a_ice,0.15589
HR_Spinup,1609,6,labsea,a_ice,0.05806
HR_Spinup,1609,7,labsea,a_ice,0.00118
HR_Spinup,1609,8,labsea,a_ice,0.00000
HR_Spinup,1609,9,labsea,a_ice,0.00000
HR_Spinup,1609,10,labsea,a_ice,0.00371
HR_Spinup,1609,11,labsea,a_ice,0.04383
HR_Spinup,1609,12,labsea,a_ice,0.16546
HR_Spinup,1609,1,interior,a_ice,0.03495
HR_Spinup,1609,2,interior,a_ice,0.11343
HR_Spinup,1609,3,interior,a_ice,0.10790
HR_Spinup,1609,4,interior,a_ice,0.10639
HR_Spinup,1609,5,interior,a_ice,0.03741
HR_Spinup,1609,6,interior,a_ice,0.00086
HR_Spinup,1609,7,interior,a_ice,0.00002
HR_Spinup,1609,8,interior,a_ice,0.00000
HR_Spinup,1609,9,interior,a_ice,0.00000
HR_Spinup,1609,10,interior,a_ice,0.00000
HR_Spinup,1609,11,interior,a_ice,0.00021
HR_Spinup,1609,12,interior,a_ice,0.01692
HR_Spinup,1609,1,labsea,MLD2,1053.59233
HR_Spinup,1609,2,labsea,MLD2,1180.80290
HR_Spinup,1609,3,labsea,MLD2,1157.03708
HR_Spinup,1609,4,labsea,MLD2,1006.79078
HR_Spinup,1609,5,labsea,MLD2,408.98726
HR_Spinup,1609,6,labsea,MLD2,30.25005
HR_Spinup,1609,7,labsea,MLD2,18.18612
HR_Spinup,1609,8,labsea,MLD2,23.13894
HR_Spinup,1609,9,labsea,MLD2,34.58180
HR_Spinup,1609,10,labsea,MLD2,46.61960
HR_Spinup,1609,11,labsea,MLD2,90.45143
HR_Spinup,1609,12,labsea,MLD2,286.45822
HR_Spinup,1609,1,interior,MLD2,1848.90385
HR_Spinup,1609,2,interior,MLD2,1762.81830
HR_Spinup,1609,3,interior,MLD2,1658.58996
HR_Spinup,1609,4,interior,MLD2,1552.48672
HR_Spinup,1609,5,interior,MLD2,643.35729
HR_Spinup,1609,6,interior,MLD2,42.89944
HR_Spinup,1609,7,interior,MLD2,21.00753
HR_Spinup,1609,8,interior,MLD2,27.07795
HR_Spinup,1609,9,interior,MLD2,41.42515
HR_Spinup,1609,10,interior,MLD2,59.84082
HR_Spinup,1609,11,interior,MLD2,137.97652
HR_Spinup,1609,12,interior,MLD2,518.31478
HR_Spinup,1610,1,labsea,a_ice,0.30453
HR_Spinup,1610,2,labsea,a_ice,0.36197
HR_Spinup,1610,3,labsea,a_ice,0.39334
HR_Spinup,1610,4,labsea,a_ice,0.34214
HR_Spinup,1610,5,labsea,a_ice,0.21790
HR_Spinup,1610,6,labsea,a_ice,0.09912
HR_Spinup,1610,7,labsea,a_ice,0.00584
HR_Spinup,1610,8,labsea,a_ice,0.00000
HR_Spinup,1610,9,labsea,a_ice,0.00000
HR_Spinup,1610,10,labsea,a_ice,0.00000
HR_Spinup,1610,11,labsea,a_ice,0.00289
HR_Spinup,1610,12,labsea,a_ice,0.10598
HR_Spinup,1610,1,interior,a_ice,0.07971
HR_Spinup,1610,2,interior,a_ice,0.14341
HR_Spinup,1610,3,interior,a_ice,0.16678
HR_Spinup,1610,4,interior,a_ice,0.11003
HR_Spinup,1610,5,interior,a_ice,0.03182
HR_Spinup,1610,6,interior,a_ice,0.00100
HR_Spinup,1610,7,interior,a_ice,0.00017
HR_Spinup,1610,8,interior,a_ice,0.00000
HR_Spinup,1610,9,interior,a_ice,0.00000
HR_Spinup,1610,10,interior,a_ice,0.00000
HR_Spinup,1610,11,interior,a_ice,0.00008
HR_Spinup,1610,12,interior,a_ice,0.00819
HR_Spinup,1610,1,labsea,MLD2,1117.68938
HR_Spinup,1610,2,labsea,MLD2,1212.86995
HR_Spinup,1610,3,labsea,MLD2,1250.27354
HR_Spinup,1610,4,labsea,MLD2,1021.87787
HR_Spinup,1610,5,labsea,MLD2,438.00675
HR_Spinup,1610,6,labsea,MLD2,37.15996
HR_Spinup,1610,7,labsea,MLD2,20.98398
HR_Spinup,1610,8,labsea,MLD2,15.41586
HR_Spinup,1610,9,labsea,MLD2,22.54547
HR_Spinup,1610,10,labsea,MLD2,42.56071
HR_Spinup,1610,11,labsea,MLD2,91.46599
HR_Spinup,1610,12,labsea,MLD2,237.40814
HR_Spinup,1610,1,interior,MLD2,2080.39115
HR_Spinup,1610,2,interior,MLD2,1980.77601
HR_Spinup,1610,3,interior,MLD2,1946.40469
HR_Spinup,1610,4,interior,MLD2,1689.56375
HR_Spinup,1610,5,interior,MLD2,835.28206
HR_Spinup,1610,6,interior,MLD2,54.47476
HR_Spinup,1610,7,interior,MLD2,25.77825
HR_Spinup,1610,8,interior,MLD2,19.40008
HR_Spinup,1610,9,interior,MLD2,29.28724
HR_Spinup,1610,10,interior,MLD2,48.15672
HR_Spinup,1610,11,interior,MLD2,102.37737
HR_Spinup,1610,12,interior,MLD2,376.45769
HR_Spinup,1611,1,labsea,a_ice,0.27712
HR_Spinup,1611,2,labsea,a_ice,0.35274
HR_Spinup,1611,3,labsea,a_ice,0.34637
HR_Spinup,1611,4,labsea,a_ice,0.28953
HR_Spinup,1611,5,labsea,a_ice,0.17633
HR_Spinup,1611,6,labsea,a_ice,0.03640
HR_Spinup,1611,7,labsea,a_ice,0.00266
HR_Spinup,1611,8,labsea,a_ice,0.00032
HR_Spinup,1611,9,labsea,a_ice,0.00006
HR_Spinup,1611,10,labsea,a_ice,0.00021
HR_Spinup,1611,11,labsea,a_ice,0.00532
HR_Spinup,1611,12,labsea,a_ice,0.11384
HR_Spinup,1611,1,interior,a_ice,0.05971
HR_Spinup,1611,2,interior,a_ice,0.20427
HR_Spinup,1611,3,interior,a_ice,0.17726
HR_Spinup,1611,4,interior,a_ice,0.09107
HR_Spinup,1611,5,interior,a_ice,0.02099
HR_Spinup,1611,6,interior,a_ice,0.00137
HR_Spinup,1611,7,interior,a_ice,0.00005
HR_Spinup,1611,8,interior,a_ice,0.00000
HR_Spinup,1611,9,interior,a_ice,0.00000
HR_Spinup,1611,10,interior,a_ice,0.00001
HR_Spinup,1611,11,interior,a_ice,0.00016
HR_Spinup,1611,12,interior,a_ice,0.00401
HR_Spinup,1611,1,labsea,MLD2,1137.32578
HR_Spinup,1611,2,labsea,MLD2,1101.84119
HR_Spinup,1611,3,labsea,MLD2,1117.54311
HR_Spinup,1611,4,labsea,MLD2,1016.59484
HR_Spinup,1611,5,labsea,MLD2,457.06853
HR_Spinup,1611,6,labsea,MLD2,28.31454
HR_Spinup,1611,7,labsea,MLD2,25.48808
HR_Spinup,1611,8,labsea,MLD2,23.84491
HR_Spinup,1611,9,labsea,MLD2,33.34434
HR_Spinup,1611,10,labsea,MLD2,54.64742
HR_Spinup,1611,11,labsea,MLD2,92.72906
HR_Spinup,1611,12,labsea,MLD2,229.48185
HR_Spinup,1611,1,interior,MLD2,1936.23381
HR_Spinup,1611,2,interior,MLD2,1538.06399
HR_Spinup,1611,3,interior,MLD2,1541.03601
HR_Spinup,1611,4,interior,MLD2,1603.95005
HR_Spinup,1611,5,interior,MLD2,764.91134
HR_Spinup,1611,6,interior,MLD2,30.63515
HR_Spinup,1611,7,interior,MLD2,28.98460
HR_Spinup,1611,8,interior,MLD2,28.12740
HR_Spinup,1611,9,interior,MLD2,40.79080
HR_Spinup,1611,10,interior,MLD2,66.78502
HR_Spinup,1611,11,interior,MLD2,127.08914
HR_Spinup,1611,12,interior,MLD2,389.75568
HR_Spinup,1612,1,labsea,a_ice,0.19904
HR_Spinup,1612,2,labsea,a_ice,0.31190
HR_Spinup,1612,3,labsea,a_ice,0.34850
HR_Spinup,1612,4,labsea,a_ice,0.33880
HR_Spinup,1612,5,labsea,a_ice,0.24660
HR_Spinup,1612,6,labsea,a_ice,0.09028
HR_Spinup,1612,7,labsea,a_ice,0.00351
HR_Spinup,1612,8,labsea,a_ice,0.00002
HR_Spinup,1612,9,labsea,a_ice,0.00003
HR_Spinup,1612,10,labsea,a_ice,0.00091
HR_Spinup,1612,11,labsea,a_ice,0.03750
HR_Spinup,1612,12,labsea,a_ice,0.22255
HR_Spinup,1612,1,interior,a_ice,0.01586
HR_Spinup,1612,2,interior,a_ice,0.09260
HR_Spinup,1612,3,interior,a_ice,0.17300
HR_Spinup,1612,4,interior,a_ice,0.14196
HR_Spinup,1612,5,interior,a_ice,0.04534
HR_Spinup,1612,6,interior,a_ice,0.02126
HR_Spinup,1612,7,interior,a_ice,0.00001
HR_Spinup,1612,8,interior,a_ice,0.00000
HR_Spinup,1612,9,interior,a_ice,0.00000
HR_Spinup,1612,10,interior,a_ice,0.00003
HR_Spinup,1612,11,interior,a_ice,0.00377
HR_Spinup,1612,12,interior,a_ice,0.04510
HR_Spinup,1612,1,labsea,MLD2,742.53405
HR_Spinup,1612,2,labsea,MLD2,1257.86272
HR_Spinup,1612,3,labsea,MLD2,1184.08910
HR_Spinup,1612,4,labsea,MLD2,1066.01146
HR_Spinup,1612,5,labsea,MLD2,648.53743
HR_Spinup,1612,6,labsea,MLD2,34.14715
HR_Spinup,1612,7,labsea,MLD2,23.12665
HR_Spinup,1612,8,labsea,MLD2,18.78969
HR_Spinup,1612,9,labsea,MLD2,30.91288
HR_Spinup,1612,10,labsea,MLD2,47.68087
HR_Spinup,1612,11,labsea,MLD2,80.93861
HR_Spinup,1612,12,labsea,MLD2,485.75654
HR_Spinup,1612,1,interior,MLD2,1478.18708
HR_Spinup,1612,2,interior,MLD2,2071.61902
HR_Spinup,1612,3,interior,MLD2,1727.16046
HR_Spinup,1612,4,interior,MLD2,1526.33152
HR_Spinup,1612,5,interior,MLD2,874.11850
HR_Spinup,1612,6,interior,MLD2,30.84722
HR_Spinup,1612,7,interior,MLD2,29.33743
HR_Spinup,1612,8,interior,MLD2,22.38306
HR_Spinup,1612,9,interior,MLD2,38.83624
HR_Spinup,1612,10,interior,MLD2,60.46486
HR_Spinup,1612,11,interior,MLD2,115.26168
HR_Spinup,1612,12,interior,MLD2,772.89867
HR_Spinup,1613,1,labsea,a_ice,0.34787
HR_Spinup,1613,2,labsea,a_ice,0.42290
HR_Spinup,1613,3,labsea,a_ice,0.34623
HR_Spinup,1613,4,labsea,a_ice,0.23443
HR_Spinup,1613,5,labsea,a_ice,0.14139
HR_Spinup,1613,6,labsea,a_ice,0.06534
HR_Spinup,1613,7,labsea,a_ice,0.01529
HR_Spinup,1613,8,labsea,a_ice,0.00012
HR_Spinup,1613,9,labsea,a_ice,0.00000
HR_Spinup,1613,10,labsea,a_ice,0.00027
HR_Spinup,1613,11,labsea,a_ice,0.05785
HR_Spinup,1613,12,labsea,a_ice,0.20020
HR_Spinup,1613,1,interior,a_ice,0.21154
HR_Spinup,1613,2,interior,a_ice,0.27336
HR_Spinup,1613,3,interior,a_ice,0.13409
HR_Spinup,1613,4,interior,a_ice,0.04976
HR_Spinup,1613,5,interior,a_ice,0.01991
HR_Spinup,1613,6,interior,a_ice,0.00296
HR_Spinup,1613,7,interior,a_ice,0.00119
HR_Spinup,1613,8,interior,a_ice,0.00000
HR_Spinup,1613,9,interior,a_ice,0.00000
HR_Spinup,1613,10,interior,a_ice,0.00000
HR_Spinup,1613,11,interior,a_ice,0.00348
HR_Spinup,1613,12,interior,a_ice,0.02100
HR_Spinup,1613,1,labsea,MLD2,1020.49311
HR_Spinup,1613,2,labsea,MLD2,1020.06956
HR_Spinup,1613,3,labsea,MLD2,1038.92002
HR_Spinup,1613,4,labsea,MLD2,663.75322
HR_Spinup,1613,5,labsea,MLD2,142.01056
HR_Spinup,1613,6,labsea,MLD2,21.31856
HR_Spinup,1613,7,labsea,MLD2,17.34830
HR_Spinup,1613,8,labsea,MLD2,16.52820
HR_Spinup,1613,9,labsea,MLD2,26.16229
HR_Spinup,1613,10,labsea,MLD2,45.74815
HR_Spinup,1613,11,labsea,MLD2,108.17460
HR_Spinup,1613,12,labsea,MLD2,816.61440
HR_Spinup,1613,1,interior,MLD2,1311.31924
HR_Spinup,1613,2,interior,MLD2,1320.35311
HR_Spinup,1613,3,interior,MLD2,1588.76798
HR_Spinup,1613,4,interior,MLD2,1108.28965
HR_Spinup,1613,5,interior,MLD2,203.27884
HR_Spinup,1613,6,interior,MLD2,21.11299
HR_Spinup,1613,7,interior,MLD2,21.16597
HR_Spinup,1613,8,interior,MLD2,18.29775
HR_Spinup,1613,9,interior,MLD2,32.37362
HR_Spinup,1613,10,interior,MLD2,56.89484
HR_Spinup,1613,11,interior,MLD2,147.05248
HR_Spinup,1613,12,interior,MLD2,1436.47414
HR_Spinup,1614,1,labsea,a_ice,0.34599
HR_Spinup,1614,2,labsea,a_ice,0.41784
HR_Spinup,1614,3,labsea,a_ice,0.43030
HR_Spinup,1614,4,labsea,a_ice,0.36201
HR_Spinup,1614,5,labsea,a_ice,0.26527
HR_Spinup,1614,6,labsea,a_ice,0.17074
HR_Spinup,1614,7,labsea,a_ice,0.05092
HR_Spinup,1614,8,labsea,a_ice,0.00030
HR_Spinup,1614,9,labsea,a_ice,0.00000
HR_Spinup,1614,10,labsea,a_ice,0.00001
HR_Spinup,1614,11,labsea,a_ice,0.00432
HR_Spinup,1614,12,labsea,a_ice,0.11031
HR_Spinup,1614,1,interior,a_ice,0.13050
HR_Spinup,1614,2,interior,a_ice,0.25362
HR_Spinup,1614,3,interior,a_ice,0.29943
HR_Spinup,1614,4,interior,a_ice,0.13822
HR_Spinup,1614,5,interior,a_ice,0.06290
HR_Spinup,1614,6,interior,a_ice,0.02424
HR_Spinup,1614,7,interior,a_ice,0.01197
HR_Spinup,1614,8,interior,a_ice,0.00000
HR_Spinup,1614,9,interior,a_ice,0.00000
HR_Spinup,1614,10,interior,a_ice,0.00000
HR_Spinup,1614,11,interior,a_ice,0.00001
HR_Spinup,1614,12,interior,a_ice,0.01757
HR_Spinup,1614,1,labsea,MLD2,1088.34700
HR_Spinup,1614,2,labsea,MLD2,1022.74492
HR_Spinup,1614,3,labsea,MLD2,970.29853
HR_Spinup,1614,4,labsea,MLD2,837.60272
HR_Spinup,1614,5,labsea,MLD2,471.94821
HR_Spinup,1614,6,labsea,MLD2,35.17538
HR_Spinup,1614,7,labsea,MLD2,16.40219
HR_Spinup,1614,8,labsea,MLD2,23.90991
HR_Spinup,1614,9,labsea,MLD2,29.91107
HR_Spinup,1614,10,labsea,MLD2,45.85013
HR_Spinup,1614,11,labsea,MLD2,67.82971
HR_Spinup,1614,12,labsea,MLD2,167.54660
HR_Spinup,1614,1,interior,MLD2,1913.00360
HR_Spinup,1614,2,interior,MLD2,1621.56248
HR_Spinup,1614,3,interior,MLD2,1323.08767
HR_Spinup,1614,4,interior,MLD2,1110.27756
HR_Spinup,1614,5,interior,MLD2,598.05998
HR_Spinup,1614,6,interior,MLD2,37.10601
HR_Spinup,1614,7,interior,MLD2,19.69431
HR_Spinup,1614,8,interior,MLD2,29.22068
HR_Spinup,1614,9,interior,MLD2,36.82809
HR_Spinup,1614,10,interior,MLD2,53.10070
HR_Spinup,1614,11,interior,MLD2,87.21451
HR_Spinup,1614,12,interior,MLD2,266.14398
HR_Spinup,1615,1,labsea,a_ice,0.24234
HR_Spinup,1615,2,labsea,a_ice,0.31603
HR_Spinup,1615,3,labsea,a_ice,0.31530
HR_Spinup,1615,4,labsea,a_ice,0.28870
HR_Spinup,1615,5,labsea,a_ice,0.21486
HR_Spinup,1615,6,labsea,a_ice,0.10355
HR_Spinup,1615,7,labsea,a_ice,0.02558
HR_Spinup,1615,8,labsea,a_ice,0.00025
HR_Spinup,1615,9,labsea,a_ice,0.00005
HR_Spinup,1615,10,labsea,a_ice,0.00023
HR_Spinup,1615,11,labsea,a_ice,0.01280
HR_Spinup,1615,12,labsea,a_ice,0.07847
HR_Spinup,1615,1,interior,a_ice,0.05103
HR_Spinup,1615,2,interior,a_ice,0.07762
HR_Spinup,1615,3,interior,a_ice,0.10636
HR_Spinup,1615,4,interior,a_ice,0.09010
HR_Spinup,1615,5,interior,a_ice,0.02248
HR_Spinup,1615,6,interior,a_ice,0.00151
HR_Spinup,1615,7,interior,a_ice,0.00000
HR_Spinup,1615,8,interior,a_ice,0.00000
HR_Spinup,1615,9,interior,a_ice,0.00000
HR_Spinup,1615,10,interior,a_ice,0.00000
HR_Spinup,1615,11,interior,a_ice,0.00009
HR_Spinup,1615,12,interior,a_ice,0.00150
HR_Spinup,1615,1,labsea,MLD2,876.64535
HR_Spinup,1615,2,labsea,MLD2,1364.05006
HR_Spinup,1615,3,labsea,MLD2,1159.02296
HR_Spinup,1615,4,labsea,MLD2,968.49162
HR_Spinup,1615,5,labsea,MLD2,407.16325
HR_Spinup,1615,6,labsea,MLD2,24.40803
HR_Spinup,1615,7,labsea,MLD2,15.54692
HR_Spinup,1615,8,labsea,MLD2,18.24501
HR_Spinup,1615,9,labsea,MLD2,23.09045
HR_Spinup,1615,10,labsea,MLD2,37.47344
HR_Spinup,1615,11,labsea,MLD2,75.11925
HR_Spinup,1615,12,labsea,MLD2,129.14220
HR_Spinup,1615,1,interior,MLD2,1571.26668
HR_Spinup,1615,2,interior,MLD2,2283.63153
HR_Spinup,1615,3,interior,MLD2,1896.66698
HR_Spinup,1615,4,interior,MLD2,1628.71721
HR_Spinup,1615,5,interior,MLD2,635.70403
HR_Spinup,1615,6,interior,MLD2,30.11632
HR_Spinup,1615,7,interior,MLD2,16.85695
HR_Spinup,1615,8,interior,MLD2,20.48823
HR_Spinup,1615,9,interior,MLD2,26.12939
HR_Spinup,1615,10,interior,MLD2,43.12217
HR_Spinup,1615,11,interior,MLD2,89.17891
HR_Spinup,1615,12,interior,MLD2,201.92481
HR_Spinup,1616,1,labsea,a_ice,0.15008
HR_Spinup,1616,2,labsea,a_ice,0.27786
HR_Spinup,1616,3,labsea,a_ice,0.32362
HR_Spinup,1616,4,labsea,a_ice,0.30708
HR_Spinup,1616,5,labsea,a_ice,0.20403
HR_Spinup,1616,6,labsea,a_ice,0.14464
HR_Spinup,1616,7,labsea,a_ice,0.03705
HR_Spinup,1616,8,labsea,a_ice,0.00264
HR_Spinup,1616,9,labsea,a_ice,0.00021
HR_Spinup,1616,10,labsea,a_ice,0.00013
HR_Spinup,1616,11,labsea,a_ice,0.02827
HR_Spinup,1616,12,labsea,a_ice,0.10461
HR_Spinup,1616,1,interior,a_ice,0.00746
HR_Spinup,1616,2,interior,a_ice,0.04909
HR_Spinup,1616,3,interior,a_ice,0.15057
HR_Spinup,1616,4,interior,a_ice,0.09054
HR_Spinup,1616,5,interior,a_ice,0.06030
HR_Spinup,1616,6,interior,a_ice,0.01058
HR_Spinup,1616,7,interior,a_ice,0.00195
HR_Spinup,1616,8,interior,a_ice,0.00001
HR_Spinup,1616,9,interior,a_ice,0.00000
HR_Spinup,1616,10,interior,a_ice,0.00000
HR_Spinup,1616,11,interior,a_ice,0.00153
HR_Spinup,1616,12,interior,a_ice,0.00607
HR_Spinup,1616,1,labsea,MLD2,223.42099
HR_Spinup,1616,2,labsea,MLD2,703.95266
HR_Spinup,1616,3,labsea,MLD2,808.72121
HR_Spinup,1616,4,labsea,MLD2,723.38513
HR_Spinup,1616,5,labsea,MLD2,242.26757
HR_Spinup,1616,6,labsea,MLD2,51.35046
HR_Spinup,1616,7,labsea,MLD2,18.28920
HR_Spinup,1616,8,labsea,MLD2,16.13102
HR_Spinup,1616,9,labsea,MLD2,24.68505
HR_Spinup,1616,10,labsea,MLD2,39.21396
HR_Spinup,1616,11,labsea,MLD2,61.01752
HR_Spinup,1616,12,labsea,MLD2,87.93842
HR_Spinup,1616,1,interior,MLD2,453.16523
HR_Spinup,1616,2,interior,MLD2,1479.00610
HR_Spinup,1616,3,interior,MLD2,1399.88379
HR_Spinup,1616,4,interior,MLD2,1192.48152
HR_Spinup,1616,5,interior,MLD2,560.17542
HR_Spinup,1616,6,interior,MLD2,96.98152
HR_Spinup,1616,7,interior,MLD2,15.97273
HR_Spinup,1616,8,interior,MLD2,15.79042
HR_Spinup,1616,9,interior,MLD2,27.69413
HR_Spinup,1616,10,interior,MLD2,45.59152
HR_Spinup,1616,11,interior,MLD2,78.55767
HR_Spinup,1616,12,interior,MLD2,132.12764
HR_Spinup,1617,1,labsea,a_ice,0.28079
HR_Spinup,1617,2,labsea,a_ice,0.31790
HR_Spinup,1617,3,labsea,a_ice,0.28212
HR_Spinup,1617,4,labsea,a_ice,0.23287
HR_Spinup,1617,5,labsea,a_ice,0.17797
HR_Spinup,1617,6,labsea,a_ice,0.08159
HR_Spinup,1617,7,labsea,a_ice,0.00690
HR_Spinup,1617,8,labsea,a_ice,0.00015
HR_Spinup,1617,9,labsea,a_ice,0.00042
HR_Spinup,1617,10,labsea,a_ice,0.01287
HR_Spinup,1617,11,labsea,a_ice,0.03750
HR_Spinup,1617,12,labsea,a_ice,0.19039
HR_Spinup,1617,1,interior,a_ice,0.07846
HR_Spinup,1617,2,interior,a_ice,0.12369
HR_Spinup,1617,3,interior,a_ice,0.06434
HR_Spinup,1617,4,interior,a_ice,0.05430
HR_Spinup,1617,5,interior,a_ice,0.02584
HR_Spinup,1617,6,interior,a_ice,0.00168
HR_Spinup,1617,7,interior,a_ice,0.00016
HR_Spinup,1617,8,interior,a_ice,0.00000
HR_Spinup,1617,9,interior,a_ice,0.00000
HR_Spinup,1617,10,interior,a_ice,0.00272
HR_Spinup,1617,11,interior,a_ice,0.00614
HR_Spinup,1617,12,interior,a_ice,0.01882
HR_Spinup,1617,1,labsea,MLD2,310.44721
HR_Spinup,1617,2,labsea,MLD2,723.48616
HR_Spinup,1617,3,labsea,MLD2,812.82100
HR_Spinup,1617,4,labsea,MLD2,764.09129
HR_Spinup,1617,5,labsea,MLD2,235.47563
HR_Spinup,1617,6,labsea,MLD2,22.06875
HR_Spinup,1617,7,labsea,MLD2,17.93552
HR_Spinup,1617,8,labsea,MLD2,15.64043
HR_Spinup,1617,9,labsea,MLD2,29.51630
HR_Spinup,1617,10,labsea,MLD2,40.52380
HR_Spinup,1617,11,labsea,MLD2,77.18879
HR_Spinup,1617,12,labsea,MLD2,188.66856
HR_Spinup,1617,1,interior,MLD2,515.65343
HR_Spinup,1617,2,interior,MLD2,1190.30161
HR_Spinup,1617,3,interior,MLD2,1408.35972
HR_Spinup,1617,4,interior,MLD2,1418.08467
HR_Spinup,1617,5,interior,MLD2,497.68130
HR_Spinup,1617,6,interior,MLD2,24.78611
HR_Spinup,1617,7,interior,MLD2,20.60113
HR_Spinup,1617,8,interior,MLD2,17.82873
HR_Spinup,1617,9,interior,MLD2,36.04884
HR_Spinup,1617,10,interior,MLD2,51.32749
HR_Spinup,1617,11,interior,MLD2,107.11362
HR_Spinup,1617,12,interior,MLD2,305.43204
HR_Spinup,1618,1,labsea,a_ice,0.28765
HR_Spinup,1618,2,labsea,a_ice,0.36689
HR_Spinup,1618,3,labsea,a_ice,0.42178
HR_Spinup,1618,4,labsea,a_ice,0.34418
HR_Spinup,1618,5,labsea,a_ice,0.23573
HR_Spinup,1618,6,labsea,a_ice,0.12021
HR_Spinup,1618,7,labsea,a_ice,0.01736
HR_Spinup,1618,8,labsea,a_ice,0.00000
HR_Spinup,1618,9,labsea,a_ice,0.00000
HR_Spinup,1618,10,labsea,a_ice,0.00029
HR_Spinup,1618,11,labsea,a_ice,0.03818
HR_Spinup,1618,12,labsea,a_ice,0.15426
HR_Spinup,1618,1,interior,a_ice,0.05871
HR_Spinup,1618,2,interior,a_ice,0.14732
HR_Spinup,1618,3,interior,a_ice,0.19488
HR_Spinup,1618,4,interior,a_ice,0.14839
HR_Spinup,1618,5,interior,a_ice,0.07267
HR_Spinup,1618,6,interior,a_ice,0.00774
HR_Spinup,1618,7,interior,a_ice,0.00003
HR_Spinup,1618,8,interior,a_ice,0.00000
HR_Spinup,1618,9,interior,a_ice,0.00000
HR_Spinup,1618,10,interior,a_ice,0.00000
HR_Spinup,1618,11,interior,a_ice,0.00148
HR_Spinup,1618,12,interior,a_ice,0.01763
HR_Spinup,1618,1,labsea,MLD2,846.83911
HR_Spinup,1618,2,labsea,MLD2,1223.89491
HR_Spinup,1618,3,labsea,MLD2,1112.00746
HR_Spinup,1618,4,labsea,MLD2,974.65966
HR_Spinup,1618,5,labsea,MLD2,575.36674
HR_Spinup,1618,6,labsea,MLD2,38.73552
HR_Spinup,1618,7,labsea,MLD2,11.60667
HR_Spinup,1618,8,labsea,MLD2,18.58121
HR_Spinup,1618,9,labsea,MLD2,35.49151
HR_Spinup,1618,10,labsea,MLD2,63.67429
HR_Spinup,1618,11,labsea,MLD2,118.22888
HR_Spinup,1618,12,labsea,MLD2,467.75285
HR_Spinup,1618,1,interior,MLD2,1356.86964
HR_Spinup,1618,2,interior,MLD2,1822.32934
HR_Spinup,1618,3,interior,MLD2,1637.40126
HR_Spinup,1618,4,interior,MLD2,1373.31818
HR_Spinup,1618,5,interior,MLD2,832.86906
HR_Spinup,1618,6,interior,MLD2,54.89473
HR_Spinup,1618,7,interior,MLD2,12.78142
HR_Spinup,1618,8,interior,MLD2,22.98643
HR_Spinup,1618,9,interior,MLD2,44.70891
HR_Spinup,1618,10,interior,MLD2,92.26959
HR_Spinup,1618,11,interior,MLD2,193.09889
HR_Spinup,1618,12,interior,MLD2,986.20120
HR_Spinup,1619,1,labsea,a_ice,0.28547
HR_Spinup,1619,2,labsea,a_ice,0.26569
HR_Spinup,1619,3,labsea,a_ice,0.32934
HR_Spinup,1619,4,labsea,a_ice,0.31466
HR_Spinup,1619,5,labsea,a_ice,0.20193
HR_Spinup,1619,6,labsea,a_ice,0.08313
HR_Spinup,1619,7,labsea,a_ice,0.01411
HR_Spinup,1619,8,labsea,a_ice,0.00002
HR_Spinup,1619,9,labsea,a_ice,0.00025
HR_Spinup,1619,10,labsea,a_ice,0.00082
HR_Spinup,1619,11,labsea,a_ice,0.06040
HR_Spinup,1619,12,labsea,a_ice,0.20522
HR_Spinup,1619,1,interior,a_ice,0.03761
HR_Spinup,1619,2,interior,a_ice,0.04688
HR_Spinup,1619,3,interior,a_ice,0.14696
HR_Spinup,1619,4,interior,a_ice,0.12761
HR_Spinup,1619,5,interior,a_ice,0.04906
HR_Spinup,1619,6,interior,a_ice,0.00223
HR_Spinup,1619,7,interior,a_ice,0.00011
HR_Spinup,1619,8,interior,a_ice,0.00000
HR_Spinup,1619,9,interior,a_ice,0.00000
HR_Spinup,1619,10,interior,a_ice,0.00002
HR_Spinup,1619,11,interior,a_ice,0.00313
HR_Spinup,1619,12,interior,a_ice,0.03319
HR_Spinup,1619,1,labsea,MLD2,1105.42603
HR_Spinup,1619,2,labsea,MLD2,1175.04134
HR_Spinup,1619,3,labsea,MLD2,1063.38796
HR_Spinup,1619,4,labsea,MLD2,884.61381
HR_Spinup,1619,5,labsea,MLD2,371.74889
HR_Spinup,1619,6,labsea,MLD2,29.07546
HR_Spinup,1619,7,labsea,MLD2,20.71367
HR_Spinup,1619,8,labsea,MLD2,25.91238
HR_Spinup,1619,9,labsea,MLD2,32.58548
HR_Spinup,1619,10,labsea,MLD2,51.17138
HR_Spinup,1619,11,labsea,MLD2,105.81595
HR_Spinup,1619,12,labsea,MLD2,575.47478
HR_Spinup,1619,1,interior,MLD2,2106.92171
HR_Spinup,1619,2,interior,MLD2,2125.63710
HR_Spinup,1619,3,interior,MLD2,1846.95186
HR_Spinup,1619,4,interior,MLD2,1392.56366
HR_Spinup,1619,5,interior,MLD2,661.58923
HR_Spinup,1619,6,interior,MLD2,37.55728
HR_Spinup,1619,7,interior,MLD2,26.37695
HR_Spinup,1619,8,interior,MLD2,33.50745
HR_Spinup,1619,9,interior,MLD2,40.86578
HR_Spinup,1619,10,interior,MLD2,67.76621
HR_Spinup,1619,11,interior,MLD2,148.25978
HR_Spinup,1619,12,interior,MLD2,1010.17438
HR_Spinup,1620,1,labsea,a_ice,0.34179
HR_Spinup,1620,2,labsea,a_ice,0.35789
HR_Spinup,1620,3,labsea,a_ice,0.34973
HR_Spinup,1620,4,labsea,a_ice,0.32755
HR_Spinup,1620,5,labsea,a_ice,0.25639
HR_Spinup,1620,6,labsea,a_ice,0.10118
HR_Spinup,1620,7,labsea,a_ice,0.01711
HR_Spinup,1620,8,labsea,a_ice,0.00040
HR_Spinup,1620,9,labsea,a_ice,0.00016
HR_Spinup,1620,10,labsea,a_ice,0.00332
HR_Spinup,1620,11,labsea,a_ice,0.02810
HR_Spinup,1620,12,labsea,a_ice,0.11939
HR_Spinup,1620,1,interior,a_ice,0.10547
HR_Spinup,1620,2,interior,a_ice,0.11747
HR_Spinup,1620,3,interior,a_ice,0.10486
HR_Spinup,1620,4,interior,a_ice,0.09690
HR_Spinup,1620,5,interior,a_ice,0.08641
HR_Spinup,1620,6,interior,a_ice,0.01878
HR_Spinup,1620,7,interior,a_ice,0.00096
HR_Spinup,1620,8,interior,a_ice,0.00000
HR_Spinup,1620,9,interior,a_ice,0.00000
HR_Spinup,1620,10,interior,a_ice,0.00046
HR_Spinup,1620,11,interior,a_ice,0.00104
HR_Spinup,1620,12,interior,a_ice,0.00674
HR_Spinup,1620,1,labsea,MLD2,1092.09704
HR_Spinup,1620,2,labsea,MLD2,1193.00228
HR_Spinup,1620,3,labsea,MLD2,1125.88753
HR_Spinup,1620,4,labsea,MLD2,1027.38921
HR_Spinup,1620,5,labsea,MLD2,592.32386
HR_Spinup,1620,6,labsea,MLD2,27.54319
HR_Spinup,1620,7,labsea,MLD2,19.79543
HR_Spinup,1620,8,labsea,MLD2,20.66088
HR_Spinup,1620,9,labsea,MLD2,27.26675
HR_Spinup,1620,10,labsea,MLD2,39.83047
HR_Spinup,1620,11,labsea,MLD2,70.03442
HR_Spinup,1620,12,labsea,MLD2,207.24778
HR_Spinup,1620,1,interior,MLD2,1924.84586
HR_Spinup,1620,2,interior,MLD2,2013.30256
HR_Spinup,1620,3,interior,MLD2,2011.12377
HR_Spinup,1620,4,interior,MLD2,1937.64123
HR_Spinup,1620,5,interior,MLD2,1143.32528
HR_Spinup,1620,6,interior,MLD2,33.71744
HR_Spinup,1620,7,interior,MLD2,24.51292
HR_Spinup,1620,8,interior,MLD2,24.46030
HR_Spinup,1620,9,interior,MLD2,31.81850
HR_Spinup,1620,10,interior,MLD2,49.64558
HR_Spinup,1620,11,interior,MLD2,99.49093
HR_Spinup,1620,12,interior,MLD2,394.67284
HR_Spinup,1621,1,labsea,a_ice,0.21822
HR_Spinup,1621,2,labsea,a_ice,0.24406
HR_Spinup,1621,3,labsea,a_ice,0.28786
HR_Spinup,1621,4,labsea,a_ice,0.25906
HR_Spinup,1621,5,labsea,a_ice,0.16851
HR_Spinup,1621,6,labsea,a_ice,0.07033
HR_Spinup,1621,7,labsea,a_ice,0.00723
HR_Spinup,1621,8,labsea,a_ice,0.00112
HR_Spinup,1621,9,labsea,a_ice,0.00002
HR_Spinup,1621,10,labsea,a_ice,0.00051
HR_Spinup,1621,11,labsea,a_ice,0.03310
HR_Spinup,1621,12,labsea,a_ice,0.19888
HR_Spinup,1621,1,interior,a_ice,0.06342
HR_Spinup,1621,2,interior,a_ice,0.03526
HR_Spinup,1621,3,interior,a_ice,0.06081
HR_Spinup,1621,4,interior,a_ice,0.07317
HR_Spinup,1621,5,interior,a_ice,0.01959
HR_Spinup,1621,6,interior,a_ice,0.00204
HR_Spinup,1621,7,interior,a_ice,0.00012
HR_Spinup,1621,8,interior,a_ice,0.00016
HR_Spinup,1621,9,interior,a_ice,0.00000
HR_Spinup,1621,10,interior,a_ice,0.00002
HR_Spinup,1621,11,interior,a_ice,0.00119
HR_Spinup,1621,12,interior,a_ice,0.02309
HR_Spinup,1621,1,labsea,MLD2,900.15571
HR_Spinup,1621,2,labsea,MLD2,1083.54541
HR_Spinup,1621,3,labsea,MLD2,1184.99145
HR_Spinup,1621,4,labsea,MLD2,1026.10088
HR_Spinup,1621,5,labsea,MLD2,358.34582
HR_Spinup,1621,6,labsea,MLD2,25.14937
HR_Spinup,1621,7,labsea,MLD2,23.38843
HR_Spinup,1621,8,labsea,MLD2,14.00431
HR_Spinup,1621,9,labsea,MLD2,22.95234
HR_Spinup,1621,10,labsea,MLD2,38.68336
HR_Spinup,1621,11,labsea,MLD2,65.46802
HR_Spinup,1621,12,labsea,MLD2,156.66962
HR_Spinup,1621,1,interior,MLD2,1523.52881
HR_Spinup,1621,2,interior,MLD2,2002.79029
HR_Spinup,1621,3,interior,MLD2,2232.47501
HR_Spinup,1621,4,interior,MLD2,1800.07792
HR_Spinup,1621,5,interior,MLD2,639.89214
HR_Spinup,1621,6,interior,MLD2,30.60189
HR_Spinup,1621,7,interior,MLD2,28.51791
HR_Spinup,1621,8,interior,MLD2,14.45561
HR_Spinup,1621,9,interior,MLD2,24.67688
HR_Spinup,1621,10,interior,MLD2,45.76699
HR_Spinup,1621,11,interior,MLD2,90.93982
HR_Spinup,1621,12,interior,MLD2,306.44975
HR_Spinup,1622,1,labsea,a_ice,0.34115
HR_Spinup,1622,2,labsea,a_ice,0.41102
HR_Spinup,1622,3,labsea,a_ice,0.44986
HR_Spinup,1622,4,labsea,a_ice,0.37135
HR_Spinup,1622,5,labsea,a_ice,0.26939
HR_Spinup,1622,6,labsea,a_ice,0.13550
HR_Spinup,1622,7,labsea,a_ice,0.02476
HR_Spinup,1622,8,labsea,a_ice,0.00034
HR_Spinup,1622,9,labsea,a_ice,0.00000
HR_Spinup,1622,10,labsea,a_ice,0.00010
HR_Spinup,1622,11,labsea,a_ice,0.03441
HR_Spinup,1622,12,labsea,a_ice,0.17558
HR_Spinup,1622,1,interior,a_ice,0.14612
HR_Spinup,1622,2,interior,a_ice,0.21843
HR_Spinup,1622,3,interior,a_ice,0.28920
HR_Spinup,1622,4,interior,a_ice,0.21786
HR_Spinup,1622,5,interior,a_ice,0.06988
HR_Spinup,1622,6,interior,a_ice,0.03761
HR_Spinup,1622,7,interior,a_ice,0.00226
HR_Spinup,1622,8,interior,a_ice,0.00000
HR_Spinup,1622,9,interior,a_ice,0.00000
HR_Spinup,1622,10,interior,a_ice,0.00000
HR_Spinup,1622,11,interior,a_ice,0.00009
HR_Spinup,1622,12,interior,a_ice,0.01966
HR_Spinup,1622,1,labsea,MLD2,818.75141
HR_Spinup,1622,2,labsea,MLD2,1120.52502
HR_Spinup,1622,3,labsea,MLD2,1066.26618
HR_Spinup,1622,4,labsea,MLD2,804.19663
HR_Spinup,1622,5,labsea,MLD2,319.23918
HR_Spinup,1622,6,labsea,MLD2,27.71856
HR_Spinup,1622,7,labsea,MLD2,15.71930
HR_Spinup,1622,8,labsea,MLD2,17.87685
HR_Spinup,1622,9,labsea,MLD2,29.44589
HR_Spinup,1622,10,labsea,MLD2,39.02238
HR_Spinup,1622,11,labsea,MLD2,94.42244
HR_Spinup,1622,12,labsea,MLD2,505.15776
HR_Spinup,1622,1,interior,MLD2,1445.72020
HR_Spinup,1622,2,interior,MLD2,1587.12848
HR_Spinup,1622,3,interior,MLD2,1440.48251
HR_Spinup,1622,4,interior,MLD2,1015.97781
HR_Spinup,1622,5,interior,MLD2,368.65113
HR_Spinup,1622,6,interior,MLD2,25.64148
HR_Spinup,1622,7,interior,MLD2,18.06023
HR_Spinup,1622,8,interior,MLD2,22.25679
HR_Spinup,1622,9,interior,MLD2,36.42837
HR_Spinup,1622,10,interior,MLD2,48.98977
HR_Spinup,1622,11,interior,MLD2,129.56454
HR_Spinup,1622,12,interior,MLD2,930.29927
HR_Spinup,1623,1,labsea,a_ice,0.25588
HR_Spinup,1623,2,labsea,a_ice,0.33354
HR_Spinup,1623,3,labsea,a_ice,0.32084
HR_Spinup,1623,4,labsea,a_ice,0.25911
HR_Spinup,1623,5,labsea,a_ice,0.18759
HR_Spinup,1623,6,labsea,a_ice,0.11573
HR_Spinup,1623,7,labsea,a_ice,0.02090
HR_Spinup,1623,8,labsea,a_ice,0.00097
HR_Spinup,1623,9,labsea,a_ice,0.00000
HR_Spinup,1623,10,labsea,a_ice,0.00000
HR_Spinup,1623,11,labsea,a_ice,0.01614
HR_Spinup,1623,12,labsea,a_ice,0.11860
HR_Spinup,1623,1,interior,a_ice,0.06009
HR_Spinup,1623,2,interior,a_ice,0.15474
HR_Spinup,1623,3,interior,a_ice,0.09247
HR_Spinup,1623,4,interior,a_ice,0.04655
HR_Spinup,1623,5,interior,a_ice,0.02354
HR_Spinup,1623,6,interior,a_ice,0.00278
HR_Spinup,1623,7,interior,a_ice,0.00000
HR_Spinup,1623,8,interior,a_ice,0.00000
HR_Spinup,1623,9,interior,a_ice,0.00000
HR_Spinup,1623,10,interior,a_ice,0.00000
HR_Spinup,1623,11,interior,a_ice,0.00026
HR_Spinup,1623,12,interior,a_ice,0.00417
HR_Spinup,1623,1,labsea,MLD2,1024.12932
HR_Spinup,1623,2,labsea,MLD2,1019.56108
HR_Spinup,1623,3,labsea,MLD2,1070.25451
HR_Spinup,1623,4,labsea,MLD2,738.58936
HR_Spinup,1623,5,labsea,MLD2,387.07547
HR_Spinup,1623,6,labsea,MLD2,34.30077
HR_Spinup,1623,7,labsea,MLD2,16.39087
HR_Spinup,1623,8,labsea,MLD2,19.56646
HR_Spinup,1623,9,labsea,MLD2,28.38791
HR_Spinup,1623,10,labsea,MLD2,46.93369
HR_Spinup,1623,11,labsea,MLD2,100.77833
HR_Spinup,1623,12,labsea,MLD2,195.53402
HR_Spinup,1623,1,interior,MLD2,1849.43989
HR_Spinup,1623,2,interior,MLD2,1727.83833
HR_Spinup,1623,3,interior,MLD2,2033.47960
HR_Spinup,1623,4,interior,MLD2,1534.82521
HR_Spinup,1623,5,interior,MLD2,882.29837
HR_Spinup,1623,6,interior,MLD2,53.80267
HR_Spinup,1623,7,interior,MLD2,19.12936
HR_Spinup,1623,8,interior,MLD2,23.70284
HR_Spinup,1623,9,interior,MLD2,33.74642
HR_Spinup,1623,10,interior,MLD2,61.28717
HR_Spinup,1623,11,interior,MLD2,151.68812
HR_Spinup,1623,12,interior,MLD2,361.83706
HR_Spinup,1624,1,labsea,a_ice,0.21868
HR_Spinup,1624,2,labsea,a_ice,0.27626
HR_Spinup,1624,3,labsea,a_ice,0.27513
HR_Spinup,1624,4,labsea,a_ice,0.29152
HR_Spinup,1624,5,labsea,a_ice,0.23792
HR_Spinup,1624,6,labsea,a_ice,0.11005
HR_Spinup,1624,7,labsea,a_ice,0.01648
HR_Spinup,1624,8,labsea,a_ice,0.00011
HR_Spinup,1624,9,labsea,a_ice,0.00000
HR_Spinup,1624,10,labsea,a_ice,0.00000
HR_Spinup,1624,11,labsea,a_ice,0.02114
HR_Spinup,1624,12,labsea,a_ice,0.12837
HR_Spinup,1624,1,interior,a_ice,0.03016
HR_Spinup,1624,2,interior,a_ice,0.05382
HR_Spinup,1624,3,interior,a_ice,0.08796
HR_Spinup,1624,4,interior,a_ice,0.07435
HR_Spinup,1624,5,interior,a_ice,0.06020
HR_Spinup,1624,6,interior,a_ice,0.02300
HR_Spinup,1624,7,interior,a_ice,0.00003
HR_Spinup,1624,8,interior,a_ice,0.00000
HR_Spinup,1624,9,interior,a_ice,0.00000
HR_Spinup,1624,10,interior,a_ice,0.00000
HR_Spinup,1624,11,interior,a_ice,0.00006
HR_Spinup,1624,12,interior,a_ice,0.01479
HR_Spinup,1624,1,labsea,MLD2,751.40062
HR_Spinup,1624,2,labsea,MLD2,1157.02724
HR_Spinup,1624,3,labsea,MLD2,1203.71538
HR_Spinup,1624,4,labsea,MLD2,1072.98982
HR_Spinup,1624,5,labsea,MLD2,547.44553
HR_Spinup,1624,6,labsea,MLD2,32.48038
HR_Spinup,1624,7,labsea,MLD2,21.15205
HR_Spinup,1624,8,labsea,MLD2,24.81788
HR_Spinup,1624,9,labsea,MLD2,29.55701
HR_Spinup,1624,10,labsea,MLD2,49.72587
HR_Spinup,1624,11,labsea,MLD2,88.78321
HR_Spinup,1624,12,labsea,MLD2,214.45266
HR_Spinup,1624,1,interior,MLD2,1528.44826
HR_Spinup,1624,2,interior,MLD2,1921.58395
HR_Spinup,1624,3,interior,MLD2,1936.71899
HR_Spinup,1624,4,interior,MLD2,1777.81130
HR_Spinup,1624,5,interior,MLD2,950.14534
HR_Spinup,1624,6,interior,MLD2,42.35684
HR_Spinup,1624,7,interior,MLD2,25.77962
HR_Spinup,1624,8,interior,MLD2,32.05168
HR_Spinup,1624,9,interior,MLD2,37.81740
HR_Spinup,1624,10,interior,MLD2,59.99770
HR_Spinup,1624,11,interior,MLD2,103.77284
HR_Spinup,1624,12,interior,MLD2,285.30520
HR_Spinup,1625,1,labsea,a_ice,0.21867
HR_Spinup,1625,2,labsea,a_ice,0.24884
HR_Spinup,1625,3,labsea,a_ice,0.27252
HR_Spinup,1625,4,labsea,a_ice,0.24122
HR_Spinup,1625,5,labsea,a_ice,0.15395
HR_Spinup,1625,6,labsea,a_ice,0.04609
HR_Spinup,1625,7,labsea,a_ice,0.00635
HR_Spinup,1625,8,labsea,a_ice,0.00000
HR_Spinup,1625,9,labsea,a_ice,0.00000
HR_Spinup,1625,10,labsea,a_ice,0.00016
HR_Spinup,1625,11,labsea,a_ice,0.05424
HR_Spinup,1625,12,labsea,a_ice,0.18919
HR_Spinup,1625,1,interior,a_ice,0.03360
HR_Spinup,1625,2,interior,a_ice,0.05460
HR_Spinup,1625,3,interior,a_ice,0.07186
HR_Spinup,1625,4,interior,a_ice,0.05118
HR_Spinup,1625,5,interior,a_ice,0.03449
HR_Spinup,1625,6,interior,a_ice,0.00183
HR_Spinup,1625,7,interior,a_ice,0.00000
HR_Spinup,1625,8,interior,a_ice,0.00000
HR_Spinup,1625,9,interior,a_ice,0.00000
HR_Spinup,1625,10,interior,a_ice,0.00000
HR_Spinup,1625,11,interior,a_ice,0.00189
HR_Spinup,1625,12,interior,a_ice,0.03350
HR_Spinup,1625,1,labsea,MLD2,1003.65737
HR_Spinup,1625,2,labsea,MLD2,1273.61898
HR_Spinup,1625,3,labsea,MLD2,1242.05310
HR_Spinup,1625,4,labsea,MLD2,1132.27391
HR_Spinup,1625,5,labsea,MLD2,320.72622
HR_Spinup,1625,6,labsea,MLD2,36.47207
HR_Spinup,1625,7,labsea,MLD2,22.18958
HR_Spinup,1625,8,labsea,MLD2,20.89879
HR_Spinup,1625,9,labsea,MLD2,29.46705
HR_Spinup,1625,10,labsea,MLD2,45.87255
HR_Spinup,1625,11,labsea,MLD2,128.74610
HR_Spinup,1625,12,labsea,MLD2,671.05185
HR_Spinup,1625,1,interior,MLD2,1652.53243
HR_Spinup,1625,2,interior,MLD2,2044.35409
HR_Spinup,1625,3,interior,MLD2,2032.83545
HR_Spinup,1625,4,interior,MLD2,1939.93553
HR_Spinup,1625,5,interior,MLD2,631.78213
HR_Spinup,1625,6,interior,MLD2,51.59546
HR_Spinup,1625,7,interior,MLD2,25.61766
HR_Spinup,1625,8,interior,MLD2,25.68211
HR_Spinup,1625,9,interior,MLD2,34.71293
HR_Spinup,1625,10,interior,MLD2,57.78247
HR_Spinup,1625,11,interior,MLD2,181.93923
HR_Spinup,1625,12,interior,MLD2,1247.56056
HR_Spinup,1626,1,labsea,a_ice,0.29344
HR_Spinup,1626,2,labsea,a_ice,0.31991
HR_Spinup,1626,3,labsea,a_ice,0.34064
HR_Spinup,1626,4,labsea,a_ice,0.26902
HR_Spinup,1626,5,labsea,a_ice,0.18301
HR_Spinup,1626,6,labsea,a_ice,0.08829
HR_Spinup,1626,7,labsea,a_ice,0.00295
HR_Spinup,1626,8,labsea,a_ice,0.00000
HR_Spinup,1626,9,labsea,a_ice,0.00000
HR_Spinup,1626,10,labsea,a_ice,0.00209
HR_Spinup,1626,11,labsea,a_ice,0.09940
HR_Spinup,1626,12,labsea,a_ice,0.24561
HR_Spinup,1626,1,interior,a_ice,0.07182
HR_Spinup,1626,2,interior,a_ice,0.09544
HR_Spinup,1626,3,interior,a_ice,0.09545
HR_Spinup,1626,4,interior,a_ice,0.08449
HR_Spinup,1626,5,interior,a_ice,0.04450
HR_Spinup,1626,6,interior,a_ice,0.00492
HR_Spinup,1626,7,interior,a_ice,0.00023
HR_Spinup,1626,8,interior,a_ice,0.00000
HR_Spinup,1626,9,interior,a_ice,0.00000
HR_Spinup,1626,10,interior,a_ice,0.00000
HR_Spinup,1626,11,interior,a_ice,0.01376
HR_Spinup,1626,12,interior,a_ice,0.07105
HR_Spinup,1626,1,labsea,MLD2,1174.87040
HR_Spinup,1626,2,labsea,MLD2,1314.20490
HR_Spinup,1626,3,labsea,MLD2,1382.62944
HR_Spinup,1626,4,labsea,MLD2,1210.25547
HR_Spinup,1626,5,labsea,MLD2,515.50066
HR_Spinup,1626,6,labsea,MLD2,46.75362
HR_Spinup,1626,7,labsea,MLD2,21.27271
HR_Spinup,1626,8,labsea,MLD2,24.34767
HR_Spinup,1626,9,labsea,MLD2,33.20020
HR_Spinup,1626,10,labsea,MLD2,58.39787
HR_Spinup,1626,11,labsea,MLD2,284.26963
HR_Spinup,1626,12,labsea,MLD2,1053.95771
HR_Spinup,1626,1,interior,MLD2,1983.06368
HR_Spinup,1626,2,interior,MLD2,2212.10790
HR_Spinup,1626,3,interior,MLD2,2178.81735
HR_Spinup,1626,4,interior,MLD2,1948.55671
HR_Spinup,1626,5,interior,MLD2,1056.71274
HR_Spinup,1626,6,interior,MLD2,86.50928
HR_Spinup,1626,7,interior,MLD2,27.11981
HR_Spinup,1626,8,interior,MLD2,28.03320
HR_Spinup,1626,9,interior,MLD2,40.45363
HR_Spinup,1626,10,interior,MLD2,70.03400
HR_Spinup,1626,11,interior,MLD2,473.50849
HR_Spinup,1626,12,interior,MLD2,1636.87309
HR_Spinup,1627,1,labsea,a_ice,0.27028
HR_Spinup,1627,2,labsea,a_ice,0.33354
HR_Spinup,1627,3,labsea,a_ice,0.31051
HR_Spinup,1627,4,labsea,a_ice,0.29142
HR_Spinup,1627,5,labsea,a_ice,0.21202
HR_Spinup,1627,6,labsea,a_ice,0.07105
HR_Spinup,1627,7,labsea,a_ice,0.01115
HR_Spinup,1627,8,labsea,a_ice,0.00006
HR_Spinup,1627,9,labsea,a_ice,0.00000
HR_Spinup,1627,10,labsea,a_ice,0.00170
HR_Spinup,1627,11,labsea,a_ice,0.04295
HR_Spinup,1627,12,labsea,a_ice,0.16840
HR_Spinup,1627,1,interior,a_ice,0.06852
HR_Spinup,1627,2,interior,a_ice,0.09002
HR_Spinup,1627,3,interior,a_ice,0.10785
HR_Spinup,1627,4,interior,a_ice,0.09599
HR_Spinup,1627,5,interior,a_ice,0.06712
HR_Spinup,1627,6,interior,a_ice,0.00458
HR_Spinup,1627,7,interior,a_ice,0.00000
HR_Spinup,1627,8,interior,a_ice,0.00000
HR_Spinup,1627,9,interior,a_ice,0.00000
HR_Spinup,1627,10,interior,a_ice,0.00000
HR_Spinup,1627,11,interior,a_ice,0.00037
HR_Spinup,1627,12,interior,a_ice,0.02478
HR_Spinup,1627,1,labsea,MLD2,1374.78815
HR_Spinup,1627,2,labsea,MLD2,1465.83672
HR_Spinup,1627,3,labsea,MLD2,1416.28447
HR_Spinup,1627,4,labsea,MLD2,1314.83594
HR_Spinup,1627,5,labsea,MLD2,660.65821
HR_Spinup,1627,6,labsea,MLD2,29.35525
HR_Spinup,1627,7,labsea,MLD2,26.23659
HR_Spinup,1627,8,labsea,MLD2,28.15313
HR_Spinup,1627,9,labsea,MLD2,35.62497
HR_Spinup,1627,10,labsea,MLD2,53.23914
HR_Spinup,1627,11,labsea,MLD2,98.30592
HR_Spinup,1627,12,labsea,MLD2,633.63594
HR_Spinup,1627,1,interior,MLD2,1991.49220
HR_Spinup,1627,2,interior,MLD2,2238.13634
HR_Spinup,1627,3,interior,MLD2,2078.76562
HR_Spinup,1627,4,interior,MLD2,1922.60585
HR_Spinup,1627,5,interior,MLD2,1219.50265
HR_Spinup,1627,6,interior,MLD2,34.14337
HR_Spinup,1627,7,interior,MLD2,28.94585
HR_Spinup,1627,8,interior,MLD2,35.69982
HR_Spinup,1627,9,interior,MLD2,44.51594
HR_Spinup,1627,10,interior,MLD2,68.14848
HR_Spinup,1627,11,interior,MLD2,136.04056
HR_Spinup,1627,12,interior,MLD2,1078.83442
HR_Spinup,1628,1,labsea,a_ice,0.25945
HR_Spinup,1628,2,labsea,a_ice,0.31390
HR_Spinup,1628,3,labsea,a_ice,0.33119
HR_Spinup,1628,4,labsea,a_ice,0.26908
HR_Spinup,1628,5,labsea,a_ice,0.16386
HR_Spinup,1628,6,labsea,a_ice,0.08294
HR_Spinup,1628,7,labsea,a_ice,0.00765
HR_Spinup,1628,8,labsea,a_ice,0.00000
HR_Spinup,1628,9,labsea,a_ice,0.00000
HR_Spinup,1628,10,labsea,a_ice,0.00041
HR_Spinup,1628,11,labsea,a_ice,0.03383
HR_Spinup,1628,12,labsea,a_ice,0.16909
HR_Spinup,1628,1,interior,a_ice,0.06588
HR_Spinup,1628,2,interior,a_ice,0.13322
HR_Spinup,1628,3,interior,a_ice,0.15089
HR_Spinup,1628,4,interior,a_ice,0.09287
HR_Spinup,1628,5,interior,a_ice,0.02331
HR_Spinup,1628,6,interior,a_ice,0.00206
HR_Spinup,1628,7,interior,a_ice,0.00008
HR_Spinup,1628,8,interior,a_ice,0.00000
HR_Spinup,1628,9,interior,a_ice,0.00000
HR_Spinup,1628,10,interior,a_ice,0.00001
HR_Spinup,1628,11,interior,a_ice,0.00029
HR_Spinup,1628,12,interior,a_ice,0.02068
HR_Spinup,1628,1,labsea,MLD2,1390.60968
HR_Spinup,1628,2,labsea,MLD2,1337.99069
HR_Spinup,1628,3,labsea,MLD2,1217.24697
HR_Spinup,1628,4,labsea,MLD2,1117.42246
HR_Spinup,1628,5,labsea,MLD2,402.96264
HR_Spinup,1628,6,labsea,MLD2,28.66818
HR_Spinup,1628,7,labsea,MLD2,19.81650
HR_Spinup,1628,8,labsea,MLD2,16.80656
HR_Spinup,1628,9,labsea,MLD2,30.33178
HR_Spinup,1628,10,labsea,MLD2,42.64519
HR_Spinup,1628,11,labsea,MLD2,79.80065
HR_Spinup,1628,12,labsea,MLD2,488.75548
HR_Spinup,1628,1,interior,MLD2,2085.96446
HR_Spinup,1628,2,interior,MLD2,1902.70116
HR_Spinup,1628,3,interior,MLD2,1804.16877
HR_Spinup,1628,4,interior,MLD2,1893.27449
HR_Spinup,1628,5,interior,MLD2,690.27508
HR_Spinup,1628,6,interior,MLD2,36.74449
HR_Spinup,1628,7,interior,MLD2,24.47317
HR_Spinup,1628,8,interior,MLD2,19.92176
HR_Spinup,1628,9,interior,MLD2,37.62574
HR_Spinup,1628,10,interior,MLD2,51.92985
HR_Spinup,1628,11,interior,MLD2,116.02985
HR_Spinup,1628,12,interior,MLD2,959.08972
HR_Spinup,1629,1,labsea,a_ice,0.27969
HR_Spinup,1629,2,labsea,a_ice,0.38256
HR_Spinup,1629,3,labsea,a_ice,0.36286
HR_Spinup,1629,4,labsea,a_ice,0.32461
HR_Spinup,1629,5,labsea,a_ice,0.18242
HR_Spinup,1629,6,labsea,a_ice,0.05836
HR_Spinup,1629,7,labsea,a_ice,0.01481
HR_Spinup,1629,8,labsea,a_ice,0.00006
HR_Spinup,1629,9,labsea,a_ice,0.00000
HR_Spinup,1629,10,labsea,a_ice,0.00000
HR_Spinup,1629,11,labsea,a_ice,0.02541
HR_Spinup,1629,12,labsea,a_ice,0.15098
HR_Spinup,1629,1,interior,a_ice,0.07404
HR_Spinup,1629,2,interior,a_ice,0.17867
HR_Spinup,1629,3,interior,a_ice,0.16552
HR_Spinup,1629,4,interior,a_ice,0.15676
HR_Spinup,1629,5,interior,a_ice,0.05259
HR_Spinup,1629,6,interior,a_ice,0.00819
HR_Spinup,1629,7,interior,a_ice,0.00000
HR_Spinup,1629,8,interior,a_ice,0.00000
HR_Spinup,1629,9,interior,a_ice,0.00000
HR_Spinup,1629,10,interior,a_ice,0.00000
HR_Spinup,1629,11,interior,a_ice,0.00027
HR_Spinup,1629,12,interior,a_ice,0.01814
HR_Spinup,1629,1,labsea,MLD2,1299.89251
HR_Spinup,1629,2,labsea,MLD2,1312.16151
HR_Spinup,1629,3,labsea,MLD2,1129.01823
HR_Spinup,1629,4,labsea,MLD2,1041.81269
HR_Spinup,1629,5,labsea,MLD2,388.41885
HR_Spinup,1629,6,labsea,MLD2,33.79287
HR_Spinup,1629,7,labsea,MLD2,22.23230
HR_Spinup,1629,8,labsea,MLD2,12.87502
HR_Spinup,1629,9,labsea,MLD2,22.57218
HR_Spinup,1629,10,labsea,MLD2,38.65724
HR_Spinup,1629,11,labsea,MLD2,83.38832
HR_Spinup,1629,12,labsea,MLD2,352.89651
HR_Spinup,1629,1,interior,MLD2,2253.64155
HR_Spinup,1629,2,interior,MLD2,2032.28120
HR_Spinup,1629,3,interior,MLD2,1695.96077
HR_Spinup,1629,4,interior,MLD2,1772.99036
HR_Spinup,1629,5,interior,MLD2,731.31897
HR_Spinup,1629,6,interior,MLD2,52.60184
HR_Spinup,1629,7,interior,MLD2,25.87140
HR_Spinup,1629,8,interior,MLD2,13.67514
HR_Spinup,1629,9,interior,MLD2,28.71534
HR_Spinup,1629,10,interior,MLD2,44.43516
HR_Spinup,1629,11,interior,MLD2,101.05920
HR_Spinup,1629,12,interior,MLD2,742.39930
HR_Spinup,1630,1,labsea,a_ice,0.29021
HR_Spinup,1630,2,labsea,a_ice,0.31553
HR_Spinup,1630,3,labsea,a_ice,0.28544
HR_Spinup,1630,4,labsea,a_ice,0.24011
HR_Spinup,1630,5,labsea,a_ice,0.16553
HR_Spinup,1630,6,labsea,a_ice,0.05795
HR_Spinup,1630,7,labsea,a_ice,0.00217
HR_Spinup,1630,8,labsea,a_ice,0.00000
HR_Spinup,1630,9,labsea,a_ice,0.00000
HR_Spinup,1630,10,labsea,a_ice,0.00000
HR_Spinup,1630,11,labsea,a_ice,0.01064
HR_Spinup,1630,12,labsea,a_ice,0.10987
HR_Spinup,1630,1,interior,a_ice,0.07617
HR_Spinup,1630,2,interior,a_ice,0.12331
HR_Spinup,1630,3,interior,a_ice,0.09481
HR_Spinup,1630,4,interior,a_ice,0.06593
HR_Spinup,1630,5,interior,a_ice,0.02480
HR_Spinup,1630,6,interior,a_ice,0.00230
HR_Spinup,1630,7,interior,a_ice,0.00000
HR_Spinup,1630,8,interior,a_ice,0.00000
HR_Spinup,1630,9,interior,a_ice,0.00000
HR_Spinup,1630,10,interior,a_ice,0.00000
HR_Spinup,1630,11,interior,a_ice,0.00008
HR_Spinup,1630,12,interior,a_ice,0.01190
HR_Spinup,1630,1,labsea,MLD2,1143.93477
HR_Spinup,1630,2,labsea,MLD2,1171.38230
HR_Spinup,1630,3,labsea,MLD2,1147.69360
HR_Spinup,1630,4,labsea,MLD2,1065.84161
HR_Spinup,1630,5,labsea,MLD2,264.65555
HR_Spinup,1630,6,labsea,MLD2,21.81702
HR_Spinup,1630,7,labsea,MLD2,11.70190
HR_Spinup,1630,8,labsea,MLD2,16.98581
HR_Spinup,1630,9,labsea,MLD2,26.44702
HR_Spinup,1630,10,labsea,MLD2,42.93636
HR_Spinup,1630,11,labsea,MLD2,70.83760
HR_Spinup,1630,12,labsea,MLD2,218.02655
HR_Spinup,1630,1,interior,MLD2,2102.48528
HR_Spinup,1630,2,interior,MLD2,1967.84285
HR_Spinup,1630,3,interior,MLD2,1962.98378
HR_Spinup,1630,4,interior,MLD2,1805.06274
HR_Spinup,1630,5,interior,MLD2,489.06417
HR_Spinup,1630,6,interior,MLD2,30.17735
HR_Spinup,1630,7,interior,MLD2,12.44279
HR_Spinup,1630,8,interior,MLD2,20.59798
HR_Spinup,1630,9,interior,MLD2,33.11309
HR_Spinup,1630,10,interior,MLD2,50.86449
HR_Spinup,1630,11,interior,MLD2,89.54098
HR_Spinup,1630,12,interior,MLD2,353.59825
HR_Spinup,1631,1,labsea,a_ice,0.25695
HR_Spinup,1631,2,labsea,a_ice,0.38833
HR_Spinup,1631,3,labsea,a_ice,0.41509
HR_Spinup,1631,4,labsea,a_ice,0.28543
HR_Spinup,1631,5,labsea,a_ice,0.20005
HR_Spinup,1631,6,labsea,a_ice,0.09142
HR_Spinup,1631,7,labsea,a_ice,0.01729
HR_Spinup,1631,8,labsea,a_ice,0.00013
HR_Spinup,1631,9,labsea,a_ice,0.00000
HR_Spinup,1631,10,labsea,a_ice,0.00000
HR_Spinup,1631,11,labsea,a_ice,0.01602
HR_Spinup,1631,12,labsea,a_ice,0.13658
HR_Spinup,1631,1,interior,a_ice,0.06965
HR_Spinup,1631,2,interior,a_ice,0.22105
HR_Spinup,1631,3,interior,a_ice,0.29905
HR_Spinup,1631,4,interior,a_ice,0.12784
HR_Spinup,1631,5,interior,a_ice,0.04717
HR_Spinup,1631,6,interior,a_ice,0.01934
HR_Spinup,1631,7,interior,a_ice,0.00025
HR_Spinup,1631,8,interior,a_ice,0.00000
HR_Spinup,1631,9,interior,a_ice,0.00000
HR_Spinup,1631,10,interior,a_ice,0.00000
HR_Spinup,1631,11,interior,a_ice,0.00000
HR_Spinup,1631,12,interior,a_ice,0.01495
HR_Spinup,1631,1,labsea,MLD2,947.32109
HR_Spinup,1631,2,labsea,MLD2,1200.24153
HR_Spinup,1631,3,labsea,MLD2,1061.58968
HR_Spinup,1631,4,labsea,MLD2,877.47707
HR_Spinup,1631,5,labsea,MLD2,563.80352
HR_Spinup,1631,6,labsea,MLD2,34.16204
HR_Spinup,1631,7,labsea,MLD2,22.38202
HR_Spinup,1631,8,labsea,MLD2,23.54129
HR_Spinup,1631,9,labsea,MLD2,29.08328
HR_Spinup,1631,10,labsea,MLD2,38.51656
HR_Spinup,1631,11,labsea,MLD2,85.64940
HR_Spinup,1631,12,labsea,MLD2,270.49998
HR_Spinup,1631,1,interior,MLD2,1454.31233
HR_Spinup,1631,2,interior,MLD2,1581.79230
HR_Spinup,1631,3,interior,MLD2,1192.82234
HR_Spinup,1631,4,interior,MLD2,971.13993
HR_Spinup,1631,5,interior,MLD2,648.78420
HR_Spinup,1631,6,interior,MLD2,40.48847
HR_Spinup,1631,7,interior,MLD2,27.29295
HR_Spinup,1631,8,interior,MLD2,29.42331
HR_Spinup,1631,9,interior,MLD2,36.24411
HR_Spinup,1631,10,interior,MLD2,47.97208
HR_Spinup,1631,11,interior,MLD2,116.74061
HR_Spinup,1631,12,interior,MLD2,392.60270
HR_Spinup,1632,1,labsea,a_ice,0.23494
HR_Spinup,1632,2,labsea,a_ice,0.26109
HR_Spinup,1632,3,labsea,a_ice,0.31582
HR_Spinup,1632,4,labsea,a_ice,0.24446
HR_Spinup,1632,5,labsea,a_ice,0.19709
HR_Spinup,1632,6,labsea,a_ice,0.08044
HR_Spinup,1632,7,labsea,a_ice,0.00871
HR_Spinup,1632,8,labsea,a_ice,0.00000
HR_Spinup,1632,9,labsea,a_ice,0.00000
HR_Spinup,1632,10,labsea,a_ice,0.00003
HR_Spinup,1632,11,labsea,a_ice,0.05957
HR_Spinup,1632,12,labsea,a_ice,0.23681
HR_Spinup,1632,1,interior,a_ice,0.05500
HR_Spinup,1632,2,interior,a_ice,0.05657
HR_Spinup,1632,3,interior,a_ice,0.09441
HR_Spinup,1632,4,interior,a_ice,0.05478
HR_Spinup,1632,5,interior,a_ice,0.03931
HR_Spinup,1632,6,interior,a_ice,0.01529
HR_Spinup,1632,7,interior,a_ice,0.00006
HR_Spinup,1632,8,interior,a_ice,0.00000
HR_Spinup,1632,9,interior,a_ice,0.00000
HR_Spinup,1632,10,interior,a_ice,0.00000
HR_Spinup,1632,11,interior,a_ice,0.00443
HR_Spinup,1632,12,interior,a_ice,0.09015
HR_Spinup,1632,1,labsea,MLD2,1112.72917
HR_Spinup,1632,2,labsea,MLD2,1188.68385
HR_Spinup,1632,3,labsea,MLD2,1244.15555
HR_Spinup,1632,4,labsea,MLD2,1012.76312
HR_Spinup,1632,5,labsea,MLD2,669.80237
HR_Spinup,1632,6,labsea,MLD2,60.05223
HR_Spinup,1632,7,labsea,MLD2,16.74783
HR_Spinup,1632,8,labsea,MLD2,20.25614
HR_Spinup,1632,9,labsea,MLD2,33.78552
HR_Spinup,1632,10,labsea,MLD2,61.46659
HR_Spinup,1632,11,labsea,MLD2,131.23269
HR_Spinup,1632,12,labsea,MLD2,748.85661
HR_Spinup,1632,1,interior,MLD2,1839.42740
HR_Spinup,1632,2,interior,MLD2,1839.69576
HR_Spinup,1632,3,interior,MLD2,2029.92920
HR_Spinup,1632,4,interior,MLD2,1805.63585
HR_Spinup,1632,5,interior,MLD2,1356.35337
HR_Spinup,1632,6,interior,MLD2,108.48870
HR_Spinup,1632,7,interior,MLD2,16.99500
HR_Spinup,1632,8,interior,MLD2,23.53374
HR_Spinup,1632,9,interior,MLD2,37.81641
HR_Spinup,1632,10,interior,MLD2,71.18876
HR_Spinup,1632,11,interior,MLD2,207.56183
HR_Spinup,1632,12,interior,MLD2,1288.71244
HR_Spinup,1633,1,labsea,a_ice,0.33160
HR_Spinup,1633,2,labsea,a_ice,0.38308
HR_Spinup,1633,3,labsea,a_ice,0.38220
HR_Spinup,1633,4,labsea,a_ice,0.29691
HR_Spinup,1633,5,labsea,a_ice,0.21996
HR_Spinup,1633,6,labsea,a_ice,0.12182
HR_Spinup,1633,7,labsea,a_ice,0.02062
HR_Spinup,1633,8,labsea,a_ice,0.00120
HR_Spinup,1633,9,labsea,a_ice,0.00000
HR_Spinup,1633,10,labsea,a_ice,0.00003
HR_Spinup,1633,11,labsea,a_ice,0.03730
HR_Spinup,1633,12,labsea,a_ice,0.19148
HR_Spinup,1633,1,interior,a_ice,0.10826
HR_Spinup,1633,2,interior,a_ice,0.16517
HR_Spinup,1633,3,interior,a_ice,0.13958
HR_Spinup,1633,4,interior,a_ice,0.07905
HR_Spinup,1633,5,interior,a_ice,0.04329
HR_Spinup,1633,6,interior,a_ice,0.01669
HR_Spinup,1633,7,interior,a_ice,0.00018
HR_Spinup,1633,8,interior,a_ice,0.00000
HR_Spinup,1633,9,interior,a_ice,0.00000
HR_Spinup,1633,10,interior,a_ice,0.00000
HR_Spinup,1633,11,interior,a_ice,0.00141
HR_Spinup,1633,12,interior,a_ice,0.03245
HR_Spinup,1633,1,labsea,MLD2,1234.51457
HR_Spinup,1633,2,labsea,MLD2,1239.04750
HR_Spinup,1633,3,labsea,MLD2,1250.70033
HR_Spinup,1633,4,labsea,MLD2,1082.62670
HR_Spinup,1633,5,labsea,MLD2,545.25185
HR_Spinup,1633,6,labsea,MLD2,79.25317
HR_Spinup,1633,7,labsea,MLD2,23.78447
HR_Spinup,1633,8,labsea,MLD2,22.78455
HR_Spinup,1633,9,labsea,MLD2,30.09099
HR_Spinup,1633,10,labsea,MLD2,50.84875
HR_Spinup,1633,11,labsea,MLD2,130.01771
HR_Spinup,1633,12,labsea,MLD2,979.58201
HR_Spinup,1633,1,interior,MLD2,1758.13683
HR_Spinup,1633,2,interior,MLD2,1779.69586
HR_Spinup,1633,3,interior,MLD2,1797.07375
HR_Spinup,1633,4,interior,MLD2,1628.83187
HR_Spinup,1633,5,interior,MLD2,888.74734
HR_Spinup,1633,6,interior,MLD2,151.98906
HR_Spinup,1633,7,interior,MLD2,26.76870
HR_Spinup,1633,8,interior,MLD2,26.53042
HR_Spinup,1633,9,interior,MLD2,38.22270
HR_Spinup,1633,10,interior,MLD2,61.74005
HR_Spinup,1633,11,interior,MLD2,182.00914
HR_Spinup,1633,12,interior,MLD2,1703.99694
HR_Spinup,1634,1,labsea,a_ice,0.28979
HR_Spinup,1634,2,labsea,a_ice,0.30187
HR_Spinup,1634,3,labsea,a_ice,0.29375
HR_Spinup,1634,4,labsea,a_ice,0.25033
HR_Spinup,1634,5,labsea,a_ice,0.18058
HR_Spinup,1634,6,labsea,a_ice,0.08802
HR_Spinup,1634,7,labsea,a_ice,0.01467
HR_Spinup,1634,8,labsea,a_ice,0.00001
HR_Spinup,1634,9,labsea,a_ice,0.00000
HR_Spinup,1634,10,labsea,a_ice,0.00001
HR_Spinup,1634,11,labsea,a_ice,0.03598
HR_Spinup,1634,12,labsea,a_ice,0.16504
HR_Spinup,1634,1,interior,a_ice,0.09586
HR_Spinup,1634,2,interior,a_ice,0.11789
HR_Spinup,1634,3,interior,a_ice,0.07922
HR_Spinup,1634,4,interior,a_ice,0.06112
HR_Spinup,1634,5,interior,a_ice,0.01948
HR_Spinup,1634,6,interior,a_ice,0.00126
HR_Spinup,1634,7,interior,a_ice,0.00001
HR_Spinup,1634,8,interior,a_ice,0.00000
HR_Spinup,1634,9,interior,a_ice,0.00000
HR_Spinup,1634,10,interior,a_ice,0.00000
HR_Spinup,1634,11,interior,a_ice,0.00028
HR_Spinup,1634,12,interior,a_ice,0.03410
HR_Spinup,1634,1,labsea,MLD2,1278.58709
HR_Spinup,1634,2,labsea,MLD2,1315.88128
HR_Spinup,1634,3,labsea,MLD2,1397.22294
HR_Spinup,1634,4,labsea,MLD2,1336.90746
HR_Spinup,1634,5,labsea,MLD2,476.08924
HR_Spinup,1634,6,labsea,MLD2,29.08697
HR_Spinup,1634,7,labsea,MLD2,16.35080
HR_Spinup,1634,8,labsea,MLD2,19.14246
HR_Spinup,1634,9,labsea,MLD2,33.00298
HR_Spinup,1634,10,labsea,MLD2,51.50995
HR_Spinup,1634,11,labsea,MLD2,120.40888
HR_Spinup,1634,12,labsea,MLD2,693.27438
HR_Spinup,1634,1,interior,MLD2,2040.77762
HR_Spinup,1634,2,interior,MLD2,2023.16884
HR_Spinup,1634,3,interior,MLD2,2046.06919
HR_Spinup,1634,4,interior,MLD2,1990.11228
HR_Spinup,1634,5,interior,MLD2,969.79541
HR_Spinup,1634,6,interior,MLD2,43.56906
HR_Spinup,1634,7,interior,MLD2,19.87077
HR_Spinup,1634,8,interior,MLD2,23.26021
HR_Spinup,1634,9,interior,MLD2,39.16847
HR_Spinup,1634,10,interior,MLD2,64.10873
HR_Spinup,1634,11,interior,MLD2,181.47790
HR_Spinup,1634,12,interior,MLD2,1361.82734
HR_Spinup,1635,1,labsea,a_ice,0.24560
HR_Spinup,1635,2,labsea,a_ice,0.26910
HR_Spinup,1635,3,labsea,a_ice,0.28218
HR_Spinup,1635,4,labsea,a_ice,0.21710
HR_Spinup,1635,5,labsea,a_ice,0.17873
HR_Spinup,1635,6,labsea,a_ice,0.07544
HR_Spinup,1635,7,labsea,a_ice,0.00496
HR_Spinup,1635,8,labsea,a_ice,0.00000
HR_Spinup,1635,9,labsea,a_ice,0.00000
HR_Spinup,1635,10,labsea,a_ice,0.00096
HR_Spinup,1635,11,labsea,a_ice,0.06907
HR_Spinup,1635,12,labsea,a_ice,0.16987
HR_Spinup,1635,1,interior,a_ice,0.05076
HR_Spinup,1635,2,interior,a_ice,0.05687
HR_Spinup,1635,3,interior,a_ice,0.07588
HR_Spinup,1635,4,interior,a_ice,0.03800
HR_Spinup,1635,5,interior,a_ice,0.03380
HR_Spinup,1635,6,interior,a_ice,0.01691
HR_Spinup,1635,7,interior,a_ice,0.00001
HR_Spinup,1635,8,interior,a_ice,0.00000
HR_Spinup,1635,9,interior,a_ice,0.00000
HR_Spinup,1635,10,interior,a_ice,0.00000
HR_Spinup,1635,11,interior,a_ice,0.00705
HR_Spinup,1635,12,interior,a_ice,0.01859
HR_Spinup,1635,1,labsea,MLD2,1208.71402
HR_Spinup,1635,2,labsea,MLD2,1278.30035
HR_Spinup,1635,3,labsea,MLD2,1277.93073
HR_Spinup,1635,4,labsea,MLD2,1064.62413
HR_Spinup,1635,5,labsea,MLD2,350.42905
HR_Spinup,1635,6,labsea,MLD2,29.31759
HR_Spinup,1635,7,labsea,MLD2,18.14719
HR_Spinup,1635,8,labsea,MLD2,22.81872
HR_Spinup,1635,9,labsea,MLD2,30.48238
HR_Spinup,1635,10,labsea,MLD2,45.33857
HR_Spinup,1635,11,labsea,MLD2,86.48437
HR_Spinup,1635,12,labsea,MLD2,387.13417
HR_Spinup,1635,1,interior,MLD2,2037.17140
HR_Spinup,1635,2,interior,MLD2,2130.10549
HR_Spinup,1635,3,interior,MLD2,2123.40800
HR_Spinup,1635,4,interior,MLD2,1931.09457
HR_Spinup,1635,5,interior,MLD2,748.86232
HR_Spinup,1635,6,interior,MLD2,39.81013
HR_Spinup,1635,7,interior,MLD2,23.01761
HR_Spinup,1635,8,interior,MLD2,28.67417
HR_Spinup,1635,9,interior,MLD2,38.11419
HR_Spinup,1635,10,interior,MLD2,54.08804
HR_Spinup,1635,11,interior,MLD2,100.28712
HR_Spinup,1635,12,interior,MLD2,574.29529
HR_Spinup,1636,1,labsea,a_ice,0.29235
HR_Spinup,1636,2,labsea,a_ice,0.33706
HR_Spinup,1636,3,labsea,a_ice,0.35206
HR_Spinup,1636,4,labsea,a_ice,0.32475
HR_Spinup,1636,5,labsea,a_ice,0.24699
HR_Spinup,1636,6,labsea,a_ice,0.09648
HR_Spinup,1636,7,labsea,a_ice,0.00724
HR_Spinup,1636,8,labsea,a_ice,0.00000
HR_Spinup,1636,9,labsea,a_ice,0.00000
HR_Spinup,1636,10,labsea,a_ice,0.00006
HR_Spinup,1636,11,labsea,a_ice,0.03492
HR_Spinup,1636,12,labsea,a_ice,0.17040
HR_Spinup,1636,1,interior,a_ice,0.05062
HR_Spinup,1636,2,interior,a_ice,0.12890
HR_Spinup,1636,3,interior,a_ice,0.13351
HR_Spinup,1636,4,interior,a_ice,0.13505
HR_Spinup,1636,5,interior,a_ice,0.06152
HR_Spinup,1636,6,interior,a_ice,0.02245
HR_Spinup,1636,7,interior,a_ice,0.00004
HR_Spinup,1636,8,interior,a_ice,0.00000
HR_Spinup,1636,9,interior,a_ice,0.00000
HR_Spinup,1636,10,interior,a_ice,0.00000
HR_Spinup,1636,11,interior,a_ice,0.00046
HR_Spinup,1636,12,interior,a_ice,0.01737
HR_Spinup,1636,1,labsea,MLD2,1091.75519
HR_Spinup,1636,2,labsea,MLD2,1294.01256
HR_Spinup,1636,3,labsea,MLD2,1234.45477
HR_Spinup,1636,4,labsea,MLD2,1137.91479
HR_Spinup,1636,5,labsea,MLD2,416.82970
HR_Spinup,1636,6,labsea,MLD2,20.35079
HR_Spinup,1636,7,labsea,MLD2,17.60048
HR_Spinup,1636,8,labsea,MLD2,24.42258
HR_Spinup,1636,9,labsea,MLD2,30.02640
HR_Spinup,1636,10,labsea,MLD2,43.60933
HR_Spinup,1636,11,labsea,MLD2,82.49163
HR_Spinup,1636,12,labsea,MLD2,519.20864
HR_Spinup,1636,1,interior,MLD2,1778.24594
HR_Spinup,1636,2,interior,MLD2,1978.69084
HR_Spinup,1636,3,interior,MLD2,1751.78531
HR_Spinup,1636,4,interior,MLD2,1587.67857
HR_Spinup,1636,5,interior,MLD2,744.50329
HR_Spinup,1636,6,interior,MLD2,25.17052
HR_Spinup,1636,7,interior,MLD2,21.79144
HR_Spinup,1636,8,interior,MLD2,32.34233
HR_Spinup,1636,9,interior,MLD2,38.24670
HR_Spinup,1636,10,interior,MLD2,57.28299
HR_Spinup,1636,11,interior,MLD2,116.05956
HR_Spinup,1636,12,interior,MLD2,841.50548
HR_Spinup,1637,1,labsea,a_ice,0.31119
HR_Spinup,1637,2,labsea,a_ice,0.40122
HR_Spinup,1637,3,labsea,a_ice,0.43003
HR_Spinup,1637,4,labsea,a_ice,0.39079
HR_Spinup,1637,5,labsea,a_ice,0.26726
HR_Spinup,1637,6,labsea,a_ice,0.08871
HR_Spinup,1637,7,labsea,a_ice,0.02430
HR_Spinup,1637,8,labsea,a_ice,0.00018
HR_Spinup,1637,9,labsea,a_ice,0.00000
HR_Spinup,1637,10,labsea,a_ice,0.00007
HR_Spinup,1637,11,labsea,a_ice,0.01224
HR_Spinup,1637,12,labsea,a_ice,0.10997
HR_Spinup,1637,1,interior,a_ice,0.08325
HR_Spinup,1637,2,interior,a_ice,0.28362
HR_Spinup,1637,3,interior,a_ice,0.31931
HR_Spinup,1637,4,interior,a_ice,0.20936
HR_Spinup,1637,5,interior,a_ice,0.10799
HR_Spinup,1637,6,interior,a_ice,0.01804
HR_Spinup,1637,7,interior,a_ice,0.00000
HR_Spinup,1637,8,interior,a_ice,0.00000
HR_Spinup,1637,9,interior,a_ice,0.00000
HR_Spinup,1637,10,interior,a_ice,0.00000
HR_Spinup,1637,11,interior,a_ice,0.00032
HR_Spinup,1637,12,interior,a_ice,0.00399
HR_Spinup,1637,1,labsea,MLD2,1232.04343
HR_Spinup,1637,2,labsea,MLD2,1113.99132
HR_Spinup,1637,3,labsea,MLD2,867.46962
HR_Spinup,1637,4,labsea,MLD2,720.40217
HR_Spinup,1637,5,labsea,MLD2,500.59435
HR_Spinup,1637,6,labsea,MLD2,29.38397
HR_Spinup,1637,7,labsea,MLD2,16.75399
HR_Spinup,1637,8,labsea,MLD2,15.72282
HR_Spinup,1637,9,labsea,MLD2,23.19732
HR_Spinup,1637,10,labsea,MLD2,39.31638
HR_Spinup,1637,11,labsea,MLD2,63.74508
HR_Spinup,1637,12,labsea,MLD2,141.42703
HR_Spinup,1637,1,interior,MLD2,2023.97932
HR_Spinup,1637,2,interior,MLD2,1520.51156
HR_Spinup,1637,3,interior,MLD2,1172.63553
HR_Spinup,1637,4,interior,MLD2,1056.59594
HR_Spinup,1637,5,interior,MLD2,766.71096
HR_Spinup,1637,6,interior,MLD2,27.66533
HR_Spinup,1637,7,interior,MLD2,19.12111
HR_Spinup,1637,8,interior,MLD2,18.27789
HR_Spinup,1637,9,interior,MLD2,28.08254
HR_Spinup,1637,10,interior,MLD2,47.29792
HR_Spinup,1637,11,interior,MLD2,79.67987
HR_Spinup,1637,12,interior,MLD2,233.33205
HR_Spinup,1638,1,labsea,a_ice,0.22318
HR_Spinup,1638,2,labsea,a_ice,0.29583
HR_Spinup,1638,3,labsea,a_ice,0.36457
HR_Spinup,1638,4,labsea,a_ice,0.29247
HR_Spinup,1638,5,labsea,a_ice,0.17356
HR_Spinup,1638,6,labsea,a_ice,0.07618
HR_Spinup,1638,7,labsea,a_ice,0.00545
HR_Spinup,1638,8,labsea,a_ice,0.00000
HR_Spinup,1638,9,labsea,a_ice,0.00000
HR_Spinup,1638,10,labsea,a_ice,0.00003
HR_Spinup,1638,11,labsea,a_ice,0.02571
HR_Spinup,1638,12,labsea,a_ice,0.18125
HR_Spinup,1638,1,interior,a_ice,0.04884
HR_Spinup,1638,2,interior,a_ice,0.10294
HR_Spinup,1638,3,interior,a_ice,0.16988
HR_Spinup,1638,4,interior,a_ice,0.12241
HR_Spinup,1638,5,interior,a_ice,0.00894
HR_Spinup,1638,6,interior,a_ice,0.00218
HR_Spinup,1638,7,interior,a_ice,0.00000
HR_Spinup,1638,8,interior,a_ice,0.00000
HR_Spinup,1638,9,interior,a_ice,0.00000
HR_Spinup,1638,10,interior,a_ice,0.00000
HR_Spinup,1638,11,interior,a_ice,0.00042
HR_Spinup,1638,12,interior,a_ice,0.03475
HR_Spinup,1638,1,labsea,MLD2,457.16262
HR_Spinup,1638,2,labsea,MLD2,1125.11350
HR_Spinup,1638,3,labsea,MLD2,1084.39418
HR_Spinup,1638,4,labsea,MLD2,720.49987
HR_Spinup,1638,5,labsea,MLD2,185.10099
HR_Spinup,1638,6,labsea,MLD2,22.62555
HR_Spinup,1638,7,labsea,MLD2,14.39797
HR_Spinup,1638,8,labsea,MLD2,19.25121
HR_Spinup,1638,9,labsea,MLD2,27.92001
HR_Spinup,1638,10,labsea,MLD2,48.92626
HR_Spinup,1638,11,labsea,MLD2,81.72642
HR_Spinup,1638,12,labsea,MLD2,322.59020
HR_Spinup,1638,1,interior,MLD2,1006.59469
HR_Spinup,1638,2,interior,MLD2,2021.23960
HR_Spinup,1638,3,interior,MLD2,1649.37702
HR_Spinup,1638,4,interior,MLD2,1016.53269
HR_Spinup,1638,5,interior,MLD2,293.75844
HR_Spinup,1638,6,interior,MLD2,27.85236
HR_Spinup,1638,7,interior,MLD2,17.27064
HR_Spinup,1638,8,interior,MLD2,23.11080
HR_Spinup,1638,9,interior,MLD2,34.65348
HR_Spinup,1638,10,interior,MLD2,58.96536
HR_Spinup,1638,11,interior,MLD2,100.71442
HR_Spinup,1638,12,interior,MLD2,563.86968
HR_Spinup,1639,1,labsea,a_ice,0.28825
HR_Spinup,1639,2,labsea,a_ice,0.28553
HR_Spinup,1639,3,labsea,a_ice,0.27777
HR_Spinup,1639,4,labsea,a_ice,0.26131
HR_Spinup,1639,5,labsea,a_ice,0.19253
HR_Spinup,1639,6,labsea,a_ice,0.07237
HR_Spinup,1639,7,labsea,a_ice,0.01605
HR_Spinup,1639,8,labsea,a_ice,0.00073
HR_Spinup,1639,9,labsea,a_ice,0.00000
HR_Spinup,1639,10,labsea,a_ice,0.00023
HR_Spinup,1639,11,labsea,a_ice,0.03324
HR_Spinup,1639,12,labsea,a_ice,0.18142
HR_Spinup,1639,1,interior,a_ice,0.11862
HR_Spinup,1639,2,interior,a_ice,0.07460
HR_Spinup,1639,3,interior,a_ice,0.06375
HR_Spinup,1639,4,interior,a_ice,0.06966
HR_Spinup,1639,5,interior,a_ice,0.03424
HR_Spinup,1639,6,interior,a_ice,0.00352
HR_Spinup,1639,7,interior,a_ice,0.00000
HR_Spinup,1639,8,interior,a_ice,0.00000
HR_Spinup,1639,9,interior,a_ice,0.00000
HR_Spinup,1639,10,interior,a_ice,0.00000
HR_Spinup,1639,11,interior,a_ice,0.00051
HR_Spinup,1639,12,interior,a_ice,0.02900
HR_Spinup,1639,1,labsea,MLD2,911.60892
HR_Spinup,1639,2,labsea,MLD2,1089.57146
HR_Spinup,1639,3,labsea,MLD2,1082.96010
HR_Spinup,1639,4,labsea,MLD2,854.75991
HR_Spinup,1639,5,labsea,MLD2,262.33419
HR_Spinup,1639,6,labsea,MLD2,31.19253
HR_Spinup,1639,7,labsea,MLD2,18.86619
HR_Spinup,1639,8,labsea,MLD2,21.93902
HR_Spinup,1639,9,labsea,MLD2,27.83155
HR_Spinup,1639,10,labsea,MLD2,42.05241
HR_Spinup,1639,11,labsea,MLD2,84.54032
HR_Spinup,1639,12,labsea,MLD2,244.09291
HR_Spinup,1639,1,interior,MLD2,1555.27577
HR_Spinup,1639,2,interior,MLD2,1765.48412
HR_Spinup,1639,3,interior,MLD2,1843.49492
HR_Spinup,1639,4,interior,MLD2,1712.21717
HR_Spinup,1639,5,interior,MLD2,619.74767
HR_Spinup,1639,6,interior,MLD2,42.05609
HR_Spinup,1639,7,interior,MLD2,22.88637
HR_Spinup,1639,8,interior,MLD2,26.95920
HR_Spinup,1639,9,interior,MLD2,34.43978
HR_Spinup,1639,10,interior,MLD2,54.65840
HR_Spinup,1639,11,interior,MLD2,114.01031
HR_Spinup,1639,12,interior,MLD2,407.85679
HR_Spinup,1640,1,labsea,a_ice,0.26196
HR_Spinup,1640,2,labsea,a_ice,0.29956
HR_Spinup,1640,3,labsea,a_ice,0.28595
HR_Spinup,1640,4,labsea,a_ice,0.27887
HR_Spinup,1640,5,labsea,a_ice,0.19813
HR_Spinup,1640,6,labsea,a_ice,0.09686
HR_Spinup,1640,7,labsea,a_ice,0.02984
HR_Spinup,1640,8,labsea,a_ice,0.00400
HR_Spinup,1640,9,labsea,a_ice,0.00006
HR_Spinup,1640,10,labsea,a_ice,0.00016
HR_Spinup,1640,11,labsea,a_ice,0.03828
HR_Spinup,1640,12,labsea,a_ice,0.17875
HR_Spinup,1640,1,interior,a_ice,0.08535
HR_Spinup,1640,2,interior,a_ice,0.05890
HR_Spinup,1640,3,interior,a_ice,0.11352
HR_Spinup,1640,4,interior,a_ice,0.13131
HR_Spinup,1640,5,interior,a_ice,0.04608
HR_Spinup,1640,6,interior,a_ice,0.00750
HR_Spinup,1640,7,interior,a_ice,0.00000
HR_Spinup,1640,8,interior,a_ice,0.00000
HR_Spinup,1640,9,interior,a_ice,0.00000
HR_Spinup,1640,10,interior,a_ice,0.00000
HR_Spinup,1640,11,interior,a_ice,0.00001
HR_Spinup,1640,12,interior,a_ice,0.02502
HR_Spinup,1640,1,labsea,MLD2,804.08118
HR_Spinup,1640,2,labsea,MLD2,1083.83010
HR_Spinup,1640,3,labsea,MLD2,931.63084
HR_Spinup,1640,4,labsea,MLD2,856.01954
HR_Spinup,1640,5,labsea,MLD2,391.49611
HR_Spinup,1640,6,labsea,MLD2,22.41330
HR_Spinup,1640,7,labsea,MLD2,21.27717
HR_Spinup,1640,8,labsea,MLD2,20.29191
HR_Spinup,1640,9,labsea,MLD2,29.21926
HR_Spinup,1640,10,labsea,MLD2,51.81189
HR_Spinup,1640,11,labsea,MLD2,101.58424
HR_Spinup,1640,12,labsea,MLD2,281.40493
HR_Spinup,1640,1,interior,MLD2,1410.31797
HR_Spinup,1640,2,interior,MLD2,1825.01529
HR_Spinup,1640,3,interior,MLD2,1478.61850
HR_Spinup,1640,4,interior,MLD2,1449.61498
HR_Spinup,1640,5,interior,MLD2,695.97884
HR_Spinup,1640,6,interior,MLD2,29.82910
HR_Spinup,1640,7,interior,MLD2,26.40542
HR_Spinup,1640,8,interior,MLD2,22.83901
HR_Spinup,1640,9,interior,MLD2,37.99368
HR_Spinup,1640,10,interior,MLD2,61.56395
HR_Spinup,1640,11,interior,MLD2,132.55705
HR_Spinup,1640,12,interior,MLD2,500.83260
HR_Spinup,1641,1,labsea,a_ice,0.30047
HR_Spinup,1641,2,labsea,a_ice,0.35187
HR_Spinup,1641,3,labsea,a_ice,0.35281
HR_Spinup,1641,4,labsea,a_ice,0.26787
HR_Spinup,1641,5,labsea,a_ice,0.20648
HR_Spinup,1641,6,labsea,a_ice,0.13271
HR_Spinup,1641,7,labsea,a_ice,0.02981
HR_Spinup,1641,8,labsea,a_ice,0.00000
HR_Spinup,1641,9,labsea,a_ice,0.00000
HR_Spinup,1641,10,labsea,a_ice,0.00001
HR_Spinup,1641,11,labsea,a_ice,0.01572
HR_Spinup,1641,12,labsea,a_ice,0.10261
HR_Spinup,1641,1,interior,a_ice,0.12154
HR_Spinup,1641,2,interior,a_ice,0.19194
HR_Spinup,1641,3,interior,a_ice,0.14517
HR_Spinup,1641,4,interior,a_ice,0.07913
HR_Spinup,1641,5,interior,a_ice,0.05290
HR_Spinup,1641,6,interior,a_ice,0.01807
HR_Spinup,1641,7,interior,a_ice,0.00312
HR_Spinup,1641,8,interior,a_ice,0.00000
HR_Spinup,1641,9,interior,a_ice,0.00000
HR_Spinup,1641,10,interior,a_ice,0.00000
HR_Spinup,1641,11,interior,a_ice,0.00005
HR_Spinup,1641,12,interior,a_ice,0.01046
HR_Spinup,1641,1,labsea,MLD2,1071.78817
HR_Spinup,1641,2,labsea,MLD2,1198.25298
HR_Spinup,1641,3,labsea,MLD2,1124.82516
HR_Spinup,1641,4,labsea,MLD2,897.38092
HR_Spinup,1641,5,labsea,MLD2,582.11984
HR_Spinup,1641,6,labsea,MLD2,46.45344
HR_Spinup,1641,7,labsea,MLD2,17.83018
HR_Spinup,1641,8,labsea,MLD2,17.59860
HR_Spinup,1641,9,labsea,MLD2,27.60853
HR_Spinup,1641,10,labsea,MLD2,42.73810
HR_Spinup,1641,11,labsea,MLD2,78.33241
HR_Spinup,1641,12,labsea,MLD2,171.51916
HR_Spinup,1641,1,interior,MLD2,1745.86067
HR_Spinup,1641,2,interior,MLD2,1749.12822
HR_Spinup,1641,3,interior,MLD2,1778.45330
HR_Spinup,1641,4,interior,MLD2,1472.27567
HR_Spinup,1641,5,interior,MLD2,1047.57060
HR_Spinup,1641,6,interior,MLD2,67.57615
HR_Spinup,1641,7,interior,MLD2,22.02571
HR_Spinup,1641,8,interior,MLD2,19.88326
HR_Spinup,1641,9,interior,MLD2,31.80721
HR_Spinup,1641,10,interior,MLD2,49.19600
HR_Spinup,1641,11,interior,MLD2,102.04905
HR_Spinup,1641,12,interior,MLD2,280.17208
HR_Spinup,1642,1,labsea,a_ice,0.25177
HR_Spinup,1642,2,labsea,a_ice,0.32056
HR_Spinup,1642,3,labsea,a_ice,0.31396
HR_Spinup,1642,4,labsea,a_ice,0.27742
HR_Spinup,1642,5,labsea,a_ice,0.17522
HR_Spinup,1642,6,labsea,a_ice,0.05850
HR_Spinup,1642,7,labsea,a_ice,0.00152
HR_Spinup,1642,8,labsea,a_ice,0.00015
HR_Spinup,1642,9,labsea,a_ice,0.00000
HR_Spinup,1642,10,labsea,a_ice,0.00009
HR_Spinup,1642,11,labsea,a_ice,0.03823
HR_Spinup,1642,12,labsea,a_ice,0.24652
HR_Spinup,1642,1,interior,a_ice,0.03390
HR_Spinup,1642,2,interior,a_ice,0.08656
HR_Spinup,1642,3,interior,a_ice,0.10080
HR_Spinup,1642,4,interior,a_ice,0.09658
HR_Spinup,1642,5,interior,a_ice,0.06073
HR_Spinup,1642,6,interior,a_ice,0.00173
HR_Spinup,1642,7,interior,a_ice,0.00000
HR_Spinup,1642,8,interior,a_ice,0.00000
HR_Spinup,1642,9,interior,a_ice,0.00000
HR_Spinup,1642,10,interior,a_ice,0.00000
HR_Spinup,1642,11,interior,a_ice,0.00039
HR_Spinup,1642,12,interior,a_ice,0.09471
HR_Spinup,1642,1,labsea,MLD2,751.10494
HR_Spinup,1642,2,labsea,MLD2,1196.88079
HR_Spinup,1642,3,labsea,MLD2,1277.21311
HR_Spinup,1642,4,labsea,MLD2,1190.17145
HR_Spinup,1642,5,labsea,MLD2,382.86857
HR_Spinup,1642,6,labsea,MLD2,23.29759
HR_Spinup,1642,7,labsea,MLD2,19.50444
HR_Spinup,1642,8,labsea,MLD2,16.89587
HR_Spinup,1642,9,labsea,MLD2,28.74043
HR_Spinup,1642,10,labsea,MLD2,43.86654
HR_Spinup,1642,11,labsea,MLD2,142.06095
HR_Spinup,1642,12,labsea,MLD2,746.04616
HR_Spinup,1642,1,interior,MLD2,1531.43503
HR_Spinup,1642,2,interior,MLD2,1964.03566
HR_Spinup,1642,3,interior,MLD2,1882.00781
HR_Spinup,1642,4,interior,MLD2,1826.22989
HR_Spinup,1642,5,interior,MLD2,625.07557
HR_Spinup,1642,6,interior,MLD2,29.81464
HR_Spinup,1642,7,interior,MLD2,24.07240
HR_Spinup,1642,8,interior,MLD2,18.86901
HR_Spinup,1642,9,interior,MLD2,35.67334
HR_Spinup,1642,10,interior,MLD2,52.95841
HR_Spinup,1642,11,interior,MLD2,196.59263
HR_Spinup,1642,12,interior,MLD2,1110.70163
HR_Spinup,1643,1,labsea,a_ice,0.47165
HR_Spinup,1643,2,labsea,a_ice,0.50203
HR_Spinup,1643,3,labsea,a_ice,0.45502
HR_Spinup,1643,4,labsea,a_ice,0.38252
HR_Spinup,1643,5,labsea,a_ice,0.26835
HR_Spinup,1643,6,labsea,a_ice,0.11071
HR_Spinup,1643,7,labsea,a_ice,0.00929
HR_Spinup,1643,8,labsea,a_ice,0.00008
HR_Spinup,1643,9,labsea,a_ice,0.00000
HR_Spinup,1643,10,labsea,a_ice,0.00000
HR_Spinup,1643,11,labsea,a_ice,0.00410
HR_Spinup,1643,12,labsea,a_ice,0.12496
HR_Spinup,1643,1,interior,a_ice,0.42440
HR_Spinup,1643,2,interior,a_ice,0.45178
HR_Spinup,1643,3,interior,a_ice,0.32294
HR_Spinup,1643,4,interior,a_ice,0.21214
HR_Spinup,1643,5,interior,a_ice,0.10044
HR_Spinup,1643,6,interior,a_ice,0.01112
HR_Spinup,1643,7,interior,a_ice,0.00000
HR_Spinup,1643,8,interior,a_ice,0.00000
HR_Spinup,1643,9,interior,a_ice,0.00000
HR_Spinup,1643,10,interior,a_ice,0.00000
HR_Spinup,1643,11,interior,a_ice,0.00005
HR_Spinup,1643,12,interior,a_ice,0.01233
HR_Spinup,1643,1,labsea,MLD2,1044.33360
HR_Spinup,1643,2,labsea,MLD2,1040.25669
HR_Spinup,1643,3,labsea,MLD2,1013.01696
HR_Spinup,1643,4,labsea,MLD2,1167.97833
HR_Spinup,1643,5,labsea,MLD2,779.26020
HR_Spinup,1643,6,labsea,MLD2,52.07010
HR_Spinup,1643,7,labsea,MLD2,21.94985
HR_Spinup,1643,8,labsea,MLD2,18.55983
HR_Spinup,1643,9,labsea,MLD2,27.96015
HR_Spinup,1643,10,labsea,MLD2,41.61478
HR_Spinup,1643,11,labsea,MLD2,69.24530
HR_Spinup,1643,12,labsea,MLD2,382.46414
HR_Spinup,1643,1,interior,MLD2,1240.37968
HR_Spinup,1643,2,interior,MLD2,1081.10173
HR_Spinup,1643,3,interior,MLD2,1127.79862
HR_Spinup,1643,4,interior,MLD2,1629.56453
HR_Spinup,1643,5,interior,MLD2,969.97598
HR_Spinup,1643,6,interior,MLD2,51.19677
HR_Spinup,1643,7,interior,MLD2,25.53417
HR_Spinup,1643,8,interior,MLD2,20.69925
HR_Spinup,1643,9,interior,MLD2,32.71369
HR_Spinup,1643,10,interior,MLD2,48.09252
HR_Spinup,1643,11,interior,MLD2,86.16577
HR_Spinup,1643,12,interior,MLD2,716.43203
HR_Spinup,1644,1,labsea,a_ice,0.30515
HR_Spinup,1644,2,labsea,a_ice,0.34725
HR_Spinup,1644,3,labsea,a_ice,0.32282
HR_Spinup,1644,4,labsea,a_ice,0.28255
HR_Spinup,1644,5,labsea,a_ice,0.16918
HR_Spinup,1644,6,labsea,a_ice,0.02968
HR_Spinup,1644,7,labsea,a_ice,0.00000
HR_Spinup,1644,8,labsea,a_ice,0.00000
HR_Spinup,1644,9,labsea,a_ice,0.00000
HR_Spinup,1644,10,labsea,a_ice,0.00000
HR_Spinup,1644,11,labsea,a_ice,0.00301
HR_Spinup,1644,12,labsea,a_ice,0.06890
HR_Spinup,1644,1,interior,a_ice,0.12008
HR_Spinup,1644,2,interior,a_ice,0.16999
HR_Spinup,1644,3,interior,a_ice,0.11957
HR_Spinup,1644,4,interior,a_ice,0.08709
HR_Spinup,1644,5,interior,a_ice,0.05085
HR_Spinup,1644,6,interior,a_ice,0.00316
HR_Spinup,1644,7,interior,a_ice,0.00000
HR_Spinup,1644,8,interior,a_ice,0.00000
HR_Spinup,1644,9,interior,a_ice,0.00000
HR_Spinup,1644,10,interior,a_ice,0.00000
HR_Spinup,1644,11,interior,a_ice,0.00000
HR_Spinup,1644,12,interior,a_ice,0.00448
HR_Spinup,1644,1,labsea,MLD2,1258.96148
HR_Spinup,1644,2,labsea,MLD2,1250.14498
HR_Spinup,1644,3,labsea,MLD2,1252.80946
HR_Spinup,1644,4,labsea,MLD2,1143.97997
HR_Spinup,1644,5,labsea,MLD2,100.13938
HR_Spinup,1644,6,labsea,MLD2,16.01384
HR_Spinup,1644,7,labsea,MLD2,16.89793
HR_Spinup,1644,8,labsea,MLD2,16.06250
HR_Spinup,1644,9,labsea,MLD2,30.34290
HR_Spinup,1644,10,labsea,MLD2,43.79268
HR_Spinup,1644,11,labsea,MLD2,81.54921
HR_Spinup,1644,12,labsea,MLD2,203.27783
HR_Spinup,1644,1,interior,MLD2,1972.86926
HR_Spinup,1644,2,interior,MLD2,1769.16291
HR_Spinup,1644,3,interior,MLD2,1925.22399
HR_Spinup,1644,4,interior,MLD2,1825.60637
HR_Spinup,1644,5,interior,MLD2,184.94027
HR_Spinup,1644,6,interior,MLD2,17.84838
HR_Spinup,1644,7,interior,MLD2,19.69067
HR_Spinup,1644,8,interior,MLD2,18.81227
HR_Spinup,1644,9,interior,MLD2,34.85293
HR_Spinup,1644,10,interior,MLD2,49.23868
HR_Spinup,1644,11,interior,MLD2,96.65399
HR_Spinup,1644,12,interior,MLD2,345.77771
HR_Spinup,1645,1,labsea,a_ice,0.22425
HR_Spinup,1645,2,labsea,a_ice,0.24171
HR_Spinup,1645,3,labsea,a_ice,0.27088
HR_Spinup,1645,4,labsea,a_ice,0.22600
HR_Spinup,1645,5,labsea,a_ice,0.16401
HR_Spinup,1645,6,labsea,a_ice,0.08657
HR_Spinup,1645,7,labsea,a_ice,0.00998
HR_Spinup,1645,8,labsea,a_ice,0.00004
HR_Spinup,1645,9,labsea,a_ice,0.00000
HR_Spinup,1645,10,labsea,a_ice,0.00002
HR_Spinup,1645,11,labsea,a_ice,0.03548
HR_Spinup,1645,12,labsea,a_ice,0.19404
HR_Spinup,1645,1,interior,a_ice,0.03195
HR_Spinup,1645,2,interior,a_ice,0.01912
HR_Spinup,1645,3,interior,a_ice,0.06593
HR_Spinup,1645,4,interior,a_ice,0.08002
HR_Spinup,1645,5,interior,a_ice,0.01654
HR_Spinup,1645,6,interior,a_ice,0.02824
HR_Spinup,1645,7,interior,a_ice,0.00056
HR_Spinup,1645,8,interior,a_ice,0.00000
HR_Spinup,1645,9,interior,a_ice,0.00000
HR_Spinup,1645,10,interior,a_ice,0.00000
HR_Spinup,1645,11,interior,a_ice,0.00206
HR_Spinup,1645,12,interior,a_ice,0.05185
HR_Spinup,1645,1,labsea,MLD2,1034.53644
HR_Spinup,1645,2,labsea,MLD2,1220.93168
HR_Spinup,1645,3,labsea,MLD2,1210.55127
HR_Spinup,1645,4,labsea,MLD2,1024.07590
HR_Spinup,1645,5,labsea,MLD2,385.62696
HR_Spinup,1645,6,labsea,MLD2,44.85072
HR_Spinup,1645,7,labsea,MLD2,15.97994
HR_Spinup,1645,8,labsea,MLD2,20.17736
HR_Spinup,1645,9,labsea,MLD2,30.03749
HR_Spinup,1645,10,labsea,MLD2,44.60701
HR_Spinup,1645,11,labsea,MLD2,96.59333
HR_Spinup,1645,12,labsea,MLD2,484.62968
HR_Spinup,1645,1,interior,MLD2,1957.43657
HR_Spinup,1645,2,interior,MLD2,2166.50038
HR_Spinup,1645,3,interior,MLD2,2010.08488
HR_Spinup,1645,4,interior,MLD2,1648.85953
HR_Spinup,1645,5,interior,MLD2,768.28251
HR_Spinup,1645,6,interior,MLD2,73.30546
HR_Spinup,1645,7,interior,MLD2,19.42454
HR_Spinup,1645,8,interior,MLD2,24.82574
HR_Spinup,1645,9,interior,MLD2,36.25827
HR_Spinup,1645,10,interior,MLD2,53.90514
HR_Spinup,1645,11,interior,MLD2,131.41147
HR_Spinup,1645,12,interior,MLD2,677.99792
HR_Spinup,1646,1,labsea,a_ice,0.28461
HR_Spinup,1646,2,labsea,a_ice,0.27494
HR_Spinup,1646,3,labsea,a_ice,0.24116
HR_Spinup,1646,4,labsea,a_ice,0.22362
HR_Spinup,1646,5,labsea,a_ice,0.16845
HR_Spinup,1646,6,labsea,a_ice,0.08526
HR_Spinup,1646,7,labsea,a_ice,0.02410
HR_Spinup,1646,8,labsea,a_ice,0.00081
HR_Spinup,1646,9,labsea,a_ice,0.00019
HR_Spinup,1646,10,labsea,a_ice,0.00552
HR_Spinup,1646,11,labsea,a_ice,0.08421
HR_Spinup,1646,12,labsea,a_ice,0.22310
HR_Spinup,1646,1,interior,a_ice,0.17184
HR_Spinup,1646,2,interior,a_ice,0.09315
HR_Spinup,1646,3,interior,a_ice,0.03767
HR_Spinup,1646,4,interior,a_ice,0.04145
HR_Spinup,1646,5,interior,a_ice,0.05204
HR_Spinup,1646,6,interior,a_ice,0.00973
HR_Spinup,1646,7,interior,a_ice,0.00043
HR_Spinup,1646,8,interior,a_ice,0.00000
HR_Spinup,1646,9,interior,a_ice,0.00000
HR_Spinup,1646,10,interior,a_ice,0.00000
HR_Spinup,1646,11,interior,a_ice,0.00207
HR_Spinup,1646,12,interior,a_ice,0.05554
HR_Spinup,1646,1,labsea,MLD2,824.24424
HR_Spinup,1646,2,labsea,MLD2,942.32339
HR_Spinup,1646,3,labsea,MLD2,1023.65071
HR_Spinup,1646,4,labsea,MLD2,890.37820
HR_Spinup,1646,5,labsea,MLD2,349.90201
HR_Spinup,1646,6,labsea,MLD2,34.78662
HR_Spinup,1646,7,labsea,MLD2,19.29753
HR_Spinup,1646,8,labsea,MLD2,21.29940
HR_Spinup,1646,9,labsea,MLD2,27.21291
HR_Spinup,1646,10,labsea,MLD2,48.34773
HR_Spinup,1646,11,labsea,MLD2,91.00293
HR_Spinup,1646,12,labsea,MLD2,289.41058
HR_Spinup,1646,1,interior,MLD2,868.66036
HR_Spinup,1646,2,interior,MLD2,971.46213
HR_Spinup,1646,3,interior,MLD2,1292.94350
HR_Spinup,1646,4,interior,MLD2,1315.58951
HR_Spinup,1646,5,interior,MLD2,451.00483
HR_Spinup,1646,6,interior,MLD2,45.17324
HR_Spinup,1646,7,interior,MLD2,23.40357
HR_Spinup,1646,8,interior,MLD2,23.79581
HR_Spinup,1646,9,interior,MLD2,31.73083
HR_Spinup,1646,10,interior,MLD2,55.31787
HR_Spinup,1646,11,interior,MLD2,127.96447
HR_Spinup,1646,12,interior,MLD2,572.09583
HR_Spinup,1647,1,labsea,a_ice,0.24851
HR_Spinup,1647,2,labsea,a_ice,0.31043
HR_Spinup,1647,3,labsea,a_ice,0.31434
HR_Spinup,1647,4,labsea,a_ice,0.29206
HR_Spinup,1647,5,labsea,a_ice,0.22762
HR_Spinup,1647,6,labsea,a_ice,0.11105
HR_Spinup,1647,7,labsea,a_ice,0.01450
HR_Spinup,1647,8,labsea,a_ice,0.00026
HR_Spinup,1647,9,labsea,a_ice,0.00000
HR_Spinup,1647,10,labsea,a_ice,0.00008
HR_Spinup,1647,11,labsea,a_ice,0.04093
HR_Spinup,1647,12,labsea,a_ice,0.13430
HR_Spinup,1647,1,interior,a_ice,0.05136
HR_Spinup,1647,2,interior,a_ice,0.07345
HR_Spinup,1647,3,interior,a_ice,0.09046
HR_Spinup,1647,4,interior,a_ice,0.08788
HR_Spinup,1647,5,interior,a_ice,0.04564
HR_Spinup,1647,6,interior,a_ice,0.02267
HR_Spinup,1647,7,interior,a_ice,0.00000
HR_Spinup,1647,8,interior,a_ice,0.00000
HR_Spinup,1647,9,interior,a_ice,0.00000
HR_Spinup,1647,10,interior,a_ice,0.00000
HR_Spinup,1647,11,interior,a_ice,0.00160
HR_Spinup,1647,12,interior,a_ice,0.00833
HR_Spinup,1647,1,labsea,MLD2,662.57868
HR_Spinup,1647,2,labsea,MLD2,1162.60233
HR_Spinup,1647,3,labsea,MLD2,1141.64604
HR_Spinup,1647,4,labsea,MLD2,1004.49204
HR_Spinup,1647,5,labsea,MLD2,504.97959
HR_Spinup,1647,6,labsea,MLD2,50.70884
HR_Spinup,1647,7,labsea,MLD2,19.47879
HR_Spinup,1647,8,labsea,MLD2,18.66921
HR_Spinup,1647,9,labsea,MLD2,28.86189
HR_Spinup,1647,10,labsea,MLD2,47.25252
HR_Spinup,1647,11,labsea,MLD2,71.51651
HR_Spinup,1647,12,labsea,MLD2,140.63471
HR_Spinup,1647,1,interior,MLD2,1417.54203
HR_Spinup,1647,2,interior,MLD2,2148.93402
HR_Spinup,1647,3,interior,MLD2,2132.21063
HR_Spinup,1647,4,interior,MLD2,1973.38501
HR_Spinup,1647,5,interior,MLD2,1150.97802
HR_Spinup,1647,6,interior,MLD2,79.23045
HR_Spinup,1647,7,interior,MLD2,23.43620
HR_Spinup,1647,8,interior,MLD2,20.54071
HR_Spinup,1647,9,interior,MLD2,32.39911
HR_Spinup,1647,10,interior,MLD2,55.39330
HR_Spinup,1647,11,interior,MLD2,89.60761
HR_Spinup,1647,12,interior,MLD2,225.11433
HR_Spinup,1648,1,labsea,a_ice,0.21294
HR_Spinup,1648,2,labsea,a_ice,0.26558
HR_Spinup,1648,3,labsea,a_ice,0.30097
HR_Spinup,1648,4,labsea,a_ice,0.23286
HR_Spinup,1648,5,labsea,a_ice,0.16270
HR_Spinup,1648,6,labsea,a_ice,0.04733
HR_Spinup,1648,7,labsea,a_ice,0.00427
HR_Spinup,1648,8,labsea,a_ice,0.00000
HR_Spinup,1648,9,labsea,a_ice,0.00001
HR_Spinup,1648,10,labsea,a_ice,0.00184
HR_Spinup,1648,11,labsea,a_ice,0.03556
HR_Spinup,1648,12,labsea,a_ice,0.14394
HR_Spinup,1648,1,interior,a_ice,0.03005
HR_Spinup,1648,2,interior,a_ice,0.05916
HR_Spinup,1648,3,interior,a_ice,0.09136
HR_Spinup,1648,4,interior,a_ice,0.03992
HR_Spinup,1648,5,interior,a_ice,0.03728
HR_Spinup,1648,6,interior,a_ice,0.00480
HR_Spinup,1648,7,interior,a_ice,0.00005
HR_Spinup,1648,8,interior,a_ice,0.00000
HR_Spinup,1648,9,interior,a_ice,0.00000
HR_Spinup,1648,10,interior,a_ice,0.00000
HR_Spinup,1648,11,interior,a_ice,0.00001
HR_Spinup,1648,12,interior,a_ice,0.01466
HR_Spinup,1648,1,labsea,MLD2,411.20555
HR_Spinup,1648,2,labsea,MLD2,1065.69626
HR_Spinup,1648,3,labsea,MLD2,1179.19175
HR_Spinup,1648,4,labsea,MLD2,1030.49214
HR_Spinup,1648,5,labsea,MLD2,579.47294
HR_Spinup,1648,6,labsea,MLD2,24.77881
HR_Spinup,1648,7,labsea,MLD2,18.40442
HR_Spinup,1648,8,labsea,MLD2,18.75554
HR_Spinup,1648,9,labsea,MLD2,25.91859
HR_Spinup,1648,10,labsea,MLD2,42.89369
HR_Spinup,1648,11,labsea,MLD2,60.41671
HR_Spinup,1648,12,labsea,MLD2,291.51001
HR_Spinup,1648,1,interior,MLD2,941.26449
HR_Spinup,1648,2,interior,MLD2,1874.92135
HR_Spinup,1648,3,interior,MLD2,1923.29113
HR_Spinup,1648,4,interior,MLD2,1700.69911
HR_Spinup,1648,5,interior,MLD2,1020.70156
HR_Spinup,1648,6,interior,MLD2,34.68428
HR_Spinup,1648,7,interior,MLD2,22.43499
HR_Spinup,1648,8,interior,MLD2,22.25665
HR_Spinup,1648,9,interior,MLD2,31.59559
HR_Spinup,1648,10,interior,MLD2,53.41058
HR_Spinup,1648,11,interior,MLD2,74.66248
HR_Spinup,1648,12,interior,MLD2,547.65350
HR_Spinup,1649,1,labsea,a_ice,0.23310
HR_Spinup,1649,2,labsea,a_ice,0.29242
HR_Spinup,1649,3,labsea,a_ice,0.26092
HR_Spinup,1649,4,labsea,a_ice,0.23545
HR_Spinup,1649,5,labsea,a_ice,0.16811
HR_Spinup,1649,6,labsea,a_ice,0.04692
HR_Spinup,1649,7,labsea,a_ice,0.00461
HR_Spinup,1649,8,labsea,a_ice,0.00006
HR_Spinup,1649,9,labsea,a_ice,0.00043
HR_Spinup,1649,10,labsea,a_ice,0.00057
HR_Spinup,1649,11,labsea,a_ice,0.02762
HR_Spinup,1649,12,labsea,a_ice,0.09784
HR_Spinup,1649,1,interior,a_ice,0.03934
HR_Spinup,1649,2,interior,a_ice,0.09560
HR_Spinup,1649,3,interior,a_ice,0.05393
HR_Spinup,1649,4,interior,a_ice,0.05343
HR_Spinup,1649,5,interior,a_ice,0.03440
HR_Spinup,1649,6,interior,a_ice,0.00164
HR_Spinup,1649,7,interior,a_ice,0.00000
HR_Spinup,1649,8,interior,a_ice,0.00000
HR_Spinup,1649,9,interior,a_ice,0.00000
HR_Spinup,1649,10,interior,a_ice,0.00000
HR_Spinup,1649,11,interior,a_ice,0.00018
HR_Spinup,1649,12,interior,a_ice,0.00906
HR_Spinup,1649,1,labsea,MLD2,1036.43989
HR_Spinup,1649,2,labsea,MLD2,1227.54562
HR_Spinup,1649,3,labsea,MLD2,1232.04347
HR_Spinup,1649,4,labsea,MLD2,1136.04098
HR_Spinup,1649,5,labsea,MLD2,313.30814
HR_Spinup,1649,6,labsea,MLD2,21.08935
HR_Spinup,1649,7,labsea,MLD2,20.82925
HR_Spinup,1649,8,labsea,MLD2,20.03523
HR_Spinup,1649,9,labsea,MLD2,33.92269
HR_Spinup,1649,10,labsea,MLD2,54.67691
HR_Spinup,1649,11,labsea,MLD2,82.25846
HR_Spinup,1649,12,labsea,MLD2,160.31466
HR_Spinup,1649,1,interior,MLD2,1919.03613
HR_Spinup,1649,2,interior,MLD2,1965.77278
HR_Spinup,1649,3,interior,MLD2,1958.75222
HR_Spinup,1649,4,interior,MLD2,1899.19145
HR_Spinup,1649,5,interior,MLD2,594.44050
HR_Spinup,1649,6,interior,MLD2,21.41962
HR_Spinup,1649,7,interior,MLD2,24.09306
HR_Spinup,1649,8,interior,MLD2,23.36170
HR_Spinup,1649,9,interior,MLD2,40.02522
HR_Spinup,1649,10,interior,MLD2,67.46070
HR_Spinup,1649,11,interior,MLD2,110.39548
HR_Spinup,1649,12,interior,MLD2,259.16505
HR_Spinup,1650,1,labsea,a_ice,0.25551
HR_Spinup,1650,2,labsea,a_ice,0.39992
HR_Spinup,1650,3,labsea,a_ice,0.42389
HR_Spinup,1650,4,labsea,a_ice,0.32075
HR_Spinup,1650,5,labsea,a_ice,0.19495
HR_Spinup,1650,6,labsea,a_ice,0.09818
HR_Spinup,1650,7,labsea,a_ice,0.01163
HR_Spinup,1650,8,labsea,a_ice,0.00000
HR_Spinup,1650,9,labsea,a_ice,0.00000
HR_Spinup,1650,10,labsea,a_ice,0.00001
HR_Spinup,1650,11,labsea,a_ice,0.01410
HR_Spinup,1650,12,labsea,a_ice,0.13694
HR_Spinup,1650,1,interior,a_ice,0.06228
HR_Spinup,1650,2,interior,a_ice,0.25864
HR_Spinup,1650,3,interior,a_ice,0.38433
HR_Spinup,1650,4,interior,a_ice,0.12067
HR_Spinup,1650,5,interior,a_ice,0.04332
HR_Spinup,1650,6,interior,a_ice,0.01083
HR_Spinup,1650,7,interior,a_ice,0.00020
HR_Spinup,1650,8,interior,a_ice,0.00000
HR_Spinup,1650,9,interior,a_ice,0.00000
HR_Spinup,1650,10,interior,a_ice,0.00000
HR_Spinup,1650,11,interior,a_ice,0.00001
HR_Spinup,1650,12,interior,a_ice,0.00760
HR_Spinup,1650,1,labsea,MLD2,752.10664
HR_Spinup,1650,2,labsea,MLD2,1041.90859
HR_Spinup,1650,3,labsea,MLD2,970.95008
HR_Spinup,1650,4,labsea,MLD2,867.47907
HR_Spinup,1650,5,labsea,MLD2,483.05849
HR_Spinup,1650,6,labsea,MLD2,83.08997
HR_Spinup,1650,7,labsea,MLD2,19.29337
HR_Spinup,1650,8,labsea,MLD2,20.99630
HR_Spinup,1650,9,labsea,MLD2,25.90437
HR_Spinup,1650,10,labsea,MLD2,44.92372
HR_Spinup,1650,11,labsea,MLD2,77.94855
HR_Spinup,1650,12,labsea,MLD2,208.54391
HR_Spinup,1650,1,interior,MLD2,1426.53699
HR_Spinup,1650,2,interior,MLD2,1413.53028
HR_Spinup,1650,3,interior,MLD2,915.10356
HR_Spinup,1650,4,interior,MLD2,870.21608
HR_Spinup,1650,5,interior,MLD2,561.48069
HR_Spinup,1650,6,interior,MLD2,118.46348
HR_Spinup,1650,7,interior,MLD2,22.77347
HR_Spinup,1650,8,interior,MLD2,27.04986
HR_Spinup,1650,9,interior,MLD2,34.02989
HR_Spinup,1650,10,interior,MLD2,52.82019
HR_Spinup,1650,11,interior,MLD2,103.58241
HR_Spinup,1650,12,interior,MLD2,349.79960
HR_Spinup,1651,1,labsea,a_ice,0.27188
HR_Spinup,1651,2,labsea,a_ice,0.31148
HR_Spinup,1651,3,labsea,a_ice,0.36208
HR_Spinup,1651,4,labsea,a_ice,0.33496
HR_Spinup,1651,5,labsea,a_ice,0.22393
HR_Spinup,1651,6,labsea,a_ice,0.07335
HR_Spinup,1651,7,labsea,a_ice,0.00168
HR_Spinup,1651,8,labsea,a_ice,0.00000
HR_Spinup,1651,9,labsea,a_ice,0.00000
HR_Spinup,1651,10,labsea,a_ice,0.00000
HR_Spinup,1651,11,labsea,a_ice,0.01603
HR_Spinup,1651,12,labsea,a_ice,0.14065
HR_Spinup,1651,1,interior,a_ice,0.09007
HR_Spinup,1651,2,interior,a_ice,0.10175
HR_Spinup,1651,3,interior,a_ice,0.15004
HR_Spinup,1651,4,interior,a_ice,0.12957
HR_Spinup,1651,5,interior,a_ice,0.05751
HR_Spinup,1651,6,interior,a_ice,0.01791
HR_Spinup,1651,7,interior,a_ice,0.00010
HR_Spinup,1651,8,interior,a_ice,0.00000
HR_Spinup,1651,9,interior,a_ice,0.00000
HR_Spinup,1651,10,interior,a_ice,0.00000
HR_Spinup,1651,11,interior,a_ice,0.00008
HR_Spinup,1651,12,interior,a_ice,0.01284
HR_Spinup,1651,1,labsea,MLD2,847.17727
HR_Spinup,1651,2,labsea,MLD2,1187.70609
HR_Spinup,1651,3,labsea,MLD2,1100.75575
HR_Spinup,1651,4,labsea,MLD2,945.44725
HR_Spinup,1651,5,labsea,MLD2,451.43219
HR_Spinup,1651,6,labsea,MLD2,20.14689
HR_Spinup,1651,7,labsea,MLD2,19.84257
HR_Spinup,1651,8,labsea,MLD2,21.20205
HR_Spinup,1651,9,labsea,MLD2,29.01341
HR_Spinup,1651,10,labsea,MLD2,43.85014
HR_Spinup,1651,11,labsea,MLD2,80.06300
HR_Spinup,1651,12,labsea,MLD2,217.85388
HR_Spinup,1651,1,interior,MLD2,1556.07778
HR_Spinup,1651,2,interior,MLD2,2001.71123
HR_Spinup,1651,3,interior,MLD2,1752.71572
HR_Spinup,1651,4,interior,MLD2,1480.13188
HR_Spinup,1651,5,interior,MLD2,803.44305
HR_Spinup,1651,6,interior,MLD2,26.54118
HR_Spinup,1651,7,interior,MLD2,24.24130
HR_Spinup,1651,8,interior,MLD2,24.67819
HR_Spinup,1651,9,interior,MLD2,33.11864
HR_Spinup,1651,10,interior,MLD2,51.27583
HR_Spinup,1651,11,interior,MLD2,105.51922
HR_Spinup,1651,12,interior,MLD2,421.56546
HR_Spinup,1652,1,labsea,a_ice,0.22403
HR_Spinup,1652,2,labsea,a_ice,0.26599
HR_Spinup,1652,3,labsea,a_ice,0.31271
HR_Spinup,1652,4,labsea,a_ice,0.27612
HR_Spinup,1652,5,labsea,a_ice,0.20378
HR_Spinup,1652,6,labsea,a_ice,0.09016
HR_Spinup,1652,7,labsea,a_ice,0.01441
HR_Spinup,1652,8,labsea,a_ice,0.00027
HR_Spinup,1652,9,labsea,a_ice,0.00000
HR_Spinup,1652,10,labsea,a_ice,0.00005
HR_Spinup,1652,11,labsea,a_ice,0.03178
HR_Spinup,1652,12,labsea,a_ice,0.14980
HR_Spinup,1652,1,interior,a_ice,0.03987
HR_Spinup,1652,2,interior,a_ice,0.05769
HR_Spinup,1652,3,interior,a_ice,0.07622
HR_Spinup,1652,4,interior,a_ice,0.05950
HR_Spinup,1652,5,interior,a_ice,0.07327
HR_Spinup,1652,6,interior,a_ice,0.00177
HR_Spinup,1652,7,interior,a_ice,0.00000
HR_Spinup,1652,8,interior,a_ice,0.00000
HR_Spinup,1652,9,interior,a_ice,0.00000
HR_Spinup,1652,10,interior,a_ice,0.00000
HR_Spinup,1652,11,interior,a_ice,0.00038
HR_Spinup,1652,12,interior,a_ice,0.01909
HR_Spinup,1652,1,labsea,MLD2,877.88092
HR_Spinup,1652,2,labsea,MLD2,1171.36905
HR_Spinup,1652,3,labsea,MLD2,1281.12093
HR_Spinup,1652,4,labsea,MLD2,1063.12128
HR_Spinup,1652,5,labsea,MLD2,204.91457
HR_Spinup,1652,6,labsea,MLD2,28.17385
HR_Spinup,1652,7,labsea,MLD2,19.41406
HR_Spinup,1652,8,labsea,MLD2,20.45922
HR_Spinup,1652,9,labsea,MLD2,26.52471
HR_Spinup,1652,10,labsea,MLD2,39.05458
HR_Spinup,1652,11,labsea,MLD2,60.77813
HR_Spinup,1652,12,labsea,MLD2,131.57263
HR_Spinup,1652,1,interior,MLD2,1679.63339
HR_Spinup,1652,2,interior,MLD2,2077.23900
HR_Spinup,1652,3,interior,MLD2,2118.17788
HR_Spinup,1652,4,interior,MLD2,1869.42597
HR_Spinup,1652,5,interior,MLD2,408.53215
HR_Spinup,1652,6,interior,MLD2,33.64683
HR_Spinup,1652,7,interior,MLD2,21.19279
HR_Spinup,1652,8,interior,MLD2,24.64152
HR_Spinup,1652,9,interior,MLD2,32.57539
HR_Spinup,1652,10,interior,MLD2,48.96591
HR_Spinup,1652,11,interior,MLD2,76.42460
HR_Spinup,1652,12,interior,MLD2,178.49680
HR_Spinup,1653,1,labsea,a_ice,0.22498
HR_Spinup,1653,2,labsea,a_ice,0.25301
HR_Spinup,1653,3,labsea,a_ice,0.23566
HR_Spinup,1653,4,labsea,a_ice,0.23840
HR_Spinup,1653,5,labsea,a_ice,0.20148
HR_Spinup,1653,6,labsea,a_ice,0.12100
HR_Spinup,1653,7,labsea,a_ice,0.02312
HR_Spinup,1653,8,labsea,a_ice,0.00009
HR_Spinup,1653,9,labsea,a_ice,0.00000
HR_Spinup,1653,10,labsea,a_ice,0.00001
HR_Spinup,1653,11,labsea,a_ice,0.02104
HR_Spinup,1653,12,labsea,a_ice,0.17541
HR_Spinup,1653,1,interior,a_ice,0.06640
HR_Spinup,1653,2,interior,a_ice,0.05674
HR_Spinup,1653,3,interior,a_ice,0.05569
HR_Spinup,1653,4,interior,a_ice,0.04526
HR_Spinup,1653,5,interior,a_ice,0.04307
HR_Spinup,1653,6,interior,a_ice,0.02032
HR_Spinup,1653,7,interior,a_ice,0.00000
HR_Spinup,1653,8,interior,a_ice,0.00000
HR_Spinup,1653,9,interior,a_ice,0.00000
HR_Spinup,1653,10,interior,a_ice,0.00000
HR_Spinup,1653,11,interior,a_ice,0.00000
HR_Spinup,1653,12,interior,a_ice,0.02895
HR_Spinup,1653,1,labsea,MLD2,388.99615
HR_Spinup,1653,2,labsea,MLD2,1039.11302
HR_Spinup,1653,3,labsea,MLD2,1200.11448
HR_Spinup,1653,4,labsea,MLD2,988.36148
HR_Spinup,1653,5,labsea,MLD2,522.93711
HR_Spinup,1653,6,labsea,MLD2,37.52739
HR_Spinup,1653,7,labsea,MLD2,15.55058
HR_Spinup,1653,8,labsea,MLD2,17.45011
HR_Spinup,1653,9,labsea,MLD2,31.75655
HR_Spinup,1653,10,labsea,MLD2,49.08469
HR_Spinup,1653,11,labsea,MLD2,103.26127
HR_Spinup,1653,12,labsea,MLD2,457.66597
HR_Spinup,1653,1,interior,MLD2,648.15563
HR_Spinup,1653,2,interior,MLD2,1652.31594
HR_Spinup,1653,3,interior,MLD2,1852.13531
HR_Spinup,1653,4,interior,MLD2,1576.41512
HR_Spinup,1653,5,interior,MLD2,954.25197
HR_Spinup,1653,6,interior,MLD2,52.60232
HR_Spinup,1653,7,interior,MLD2,17.36073
HR_Spinup,1653,8,interior,MLD2,21.34835
HR_Spinup,1653,9,interior,MLD2,37.22528
HR_Spinup,1653,10,interior,MLD2,57.90872
HR_Spinup,1653,11,interior,MLD2,148.99301
HR_Spinup,1653,12,interior,MLD2,786.81431
HR_Spinup,1654,1,labsea,a_ice,0.28859
HR_Spinup,1654,2,labsea,a_ice,0.34863
HR_Spinup,1654,3,labsea,a_ice,0.34348
HR_Spinup,1654,4,labsea,a_ice,0.34314
HR_Spinup,1654,5,labsea,a_ice,0.18832
HR_Spinup,1654,6,labsea,a_ice,0.07348
HR_Spinup,1654,7,labsea,a_ice,0.01867
HR_Spinup,1654,8,labsea,a_ice,0.00001
HR_Spinup,1654,9,labsea,a_ice,0.00000
HR_Spinup,1654,10,labsea,a_ice,0.00009
HR_Spinup,1654,11,labsea,a_ice,0.03138
HR_Spinup,1654,12,labsea,a_ice,0.09996
HR_Spinup,1654,1,interior,a_ice,0.07119
HR_Spinup,1654,2,interior,a_ice,0.15477
HR_Spinup,1654,3,interior,a_ice,0.12546
HR_Spinup,1654,4,interior,a_ice,0.14224
HR_Spinup,1654,5,interior,a_ice,0.06234
HR_Spinup,1654,6,interior,a_ice,0.00006
HR_Spinup,1654,7,interior,a_ice,0.00000
HR_Spinup,1654,8,interior,a_ice,0.00000
HR_Spinup,1654,9,interior,a_ice,0.00000
HR_Spinup,1654,10,interior,a_ice,0.00000
HR_Spinup,1654,11,interior,a_ice,0.00000
HR_Spinup,1654,12,interior,a_ice,0.00031
HR_Spinup,1654,1,labsea,MLD2,1184.75606
HR_Spinup,1654,2,labsea,MLD2,1252.03001
HR_Spinup,1654,3,labsea,MLD2,1239.85538
HR_Spinup,1654,4,labsea,MLD2,1085.72880
HR_Spinup,1654,5,labsea,MLD2,478.20008
HR_Spinup,1654,6,labsea,MLD2,31.35083
HR_Spinup,1654,7,labsea,MLD2,21.84663
HR_Spinup,1654,8,labsea,MLD2,17.49640
HR_Spinup,1654,9,labsea,MLD2,24.57117
HR_Spinup,1654,10,labsea,MLD2,37.92420
HR_Spinup,1654,11,labsea,MLD2,91.27503
HR_Spinup,1654,12,labsea,MLD2,199.23636
HR_Spinup,1654,1,interior,MLD2,1894.16955
HR_Spinup,1654,2,interior,MLD2,1942.05850
HR_Spinup,1654,3,interior,MLD2,2049.29139
HR_Spinup,1654,4,interior,MLD2,1783.73054
HR_Spinup,1654,5,interior,MLD2,958.60222
HR_Spinup,1654,6,interior,MLD2,38.20092
HR_Spinup,1654,7,interior,MLD2,27.74725
HR_Spinup,1654,8,interior,MLD2,20.53977
HR_Spinup,1654,9,interior,MLD2,29.64864
HR_Spinup,1654,10,interior,MLD2,49.17508
HR_Spinup,1654,11,interior,MLD2,137.23405
HR_Spinup,1654,12,interior,MLD2,338.04246
HR_Spinup,1655,1,labsea,a_ice,0.19301
HR_Spinup,1655,2,labsea,a_ice,0.24891
HR_Spinup,1655,3,labsea,a_ice,0.27280
HR_Spinup,1655,4,labsea,a_ice,0.29326
HR_Spinup,1655,5,labsea,a_ice,0.20352
HR_Spinup,1655,6,labsea,a_ice,0.07140
HR_Spinup,1655,7,labsea,a_ice,0.00320
HR_Spinup,1655,8,labsea,a_ice,0.00000
HR_Spinup,1655,9,labsea,a_ice,0.00000
HR_Spinup,1655,10,labsea,a_ice,0.00081
HR_Spinup,1655,11,labsea,a_ice,0.04129
HR_Spinup,1655,12,labsea,a_ice,0.13260
HR_Spinup,1655,1,interior,a_ice,0.01838
HR_Spinup,1655,2,interior,a_ice,0.04797
HR_Spinup,1655,3,interior,a_ice,0.06478
HR_Spinup,1655,4,interior,a_ice,0.10279
HR_Spinup,1655,5,interior,a_ice,0.06385
HR_Spinup,1655,6,interior,a_ice,0.00782
HR_Spinup,1655,7,interior,a_ice,0.00000
HR_Spinup,1655,8,interior,a_ice,0.00000
HR_Spinup,1655,9,interior,a_ice,0.00000
HR_Spinup,1655,10,interior,a_ice,0.00000
HR_Spinup,1655,11,interior,a_ice,0.00006
HR_Spinup,1655,12,interior,a_ice,0.00974
HR_Spinup,1655,1,labsea,MLD2,497.57127
HR_Spinup,1655,2,labsea,MLD2,959.36983
HR_Spinup,1655,3,labsea,MLD2,1202.17491
HR_Spinup,1655,4,labsea,MLD2,1036.66206
HR_Spinup,1655,5,labsea,MLD2,270.90146
HR_Spinup,1655,6,labsea,MLD2,18.40140
HR_Spinup,1655,7,labsea,MLD2,19.42046
HR_Spinup,1655,8,labsea,MLD2,19.49908
HR_Spinup,1655,9,labsea,MLD2,29.26887
HR_Spinup,1655,10,labsea,MLD2,44.36638
HR_Spinup,1655,11,labsea,MLD2,90.06585
HR_Spinup,1655,12,labsea,MLD2,176.13759
HR_Spinup,1655,1,interior,MLD2,1208.87168
HR_Spinup,1655,2,interior,MLD2,2157.55935
HR_Spinup,1655,3,interior,MLD2,2232.48158
HR_Spinup,1655,4,interior,MLD2,1783.39272
HR_Spinup,1655,5,interior,MLD2,574.51724
HR_Spinup,1655,6,interior,MLD2,21.80666
HR_Spinup,1655,7,interior,MLD2,24.97361
HR_Spinup,1655,8,interior,MLD2,23.32608
HR_Spinup,1655,9,interior,MLD2,35.37581
HR_Spinup,1655,10,interior,MLD2,54.25719
HR_Spinup,1655,11,interior,MLD2,111.62907
HR_Spinup,1655,12,interior,MLD2,273.07202
HR_Spinup,1656,1,labsea,a_ice,0.19645
HR_Spinup,1656,2,labsea,a_ice,0.24998
HR_Spinup,1656,3,labsea,a_ice,0.23883
HR_Spinup,1656,4,labsea,a_ice,0.20580
HR_Spinup,1656,5,labsea,a_ice,0.11153
HR_Spinup,1656,6,labsea,a_ice,0.01094
HR_Spinup,1656,7,labsea,a_ice,0.00000
HR_Spinup,1656,8,labsea,a_ice,0.00000
HR_Spinup,1656,9,labsea,a_ice,0.00018
HR_Spinup,1656,10,labsea,a_ice,0.00325
HR_Spinup,1656,11,labsea,a_ice,0.02657
HR_Spinup,1656,12,labsea,a_ice,0.14843
HR_Spinup,1656,1,interior,a_ice,0.02858
HR_Spinup,1656,2,interior,a_ice,0.06416
HR_Spinup,1656,3,interior,a_ice,0.06018
HR_Spinup,1656,4,interior,a_ice,0.05650
HR_Spinup,1656,5,interior,a_ice,0.02948
HR_Spinup,1656,6,interior,a_ice,0.00065
HR_Spinup,1656,7,interior,a_ice,0.00000
HR_Spinup,1656,8,interior,a_ice,0.00000
HR_Spinup,1656,9,interior,a_ice,0.00000
HR_Spinup,1656,10,interior,a_ice,0.00038
HR_Spinup,1656,11,interior,a_ice,0.00072
HR_Spinup,1656,12,interior,a_ice,0.00271
HR_Spinup,1656,1,labsea,MLD2,553.77430
HR_Spinup,1656,2,labsea,MLD2,1166.71073
HR_Spinup,1656,3,labsea,MLD2,1308.50937
HR_Spinup,1656,4,labsea,MLD2,1218.18108
HR_Spinup,1656,5,labsea,MLD2,334.95824
HR_Spinup,1656,6,labsea,MLD2,21.77084
HR_Spinup,1656,7,labsea,MLD2,19.52023
HR_Spinup,1656,8,labsea,MLD2,21.68016
HR_Spinup,1656,9,labsea,MLD2,32.25514
HR_Spinup,1656,10,labsea,MLD2,49.23953
HR_Spinup,1656,11,labsea,MLD2,75.28720
HR_Spinup,1656,12,labsea,MLD2,136.40634
HR_Spinup,1656,1,interior,MLD2,1138.17106
HR_Spinup,1656,2,interior,MLD2,2070.93400
HR_Spinup,1656,3,interior,MLD2,2155.27493
HR_Spinup,1656,4,interior,MLD2,2022.37427
HR_Spinup,1656,5,interior,MLD2,601.76722
HR_Spinup,1656,6,interior,MLD2,23.85228
HR_Spinup,1656,7,interior,MLD2,21.22634
HR_Spinup,1656,8,interior,MLD2,24.93654
HR_Spinup,1656,9,interior,MLD2,35.90358
HR_Spinup,1656,10,interior,MLD2,57.16636
HR_Spinup,1656,11,interior,MLD2,95.85482
HR_Spinup,1656,12,interior,MLD2,216.55416
HR_Spinup,1657,1,labsea,a_ice,0.30056
HR_Spinup,1657,2,labsea,a_ice,0.38880
HR_Spinup,1657,3,labsea,a_ice,0.46944
HR_Spinup,1657,4,labsea,a_ice,0.37427
HR_Spinup,1657,5,labsea,a_ice,0.23819
HR_Spinup,1657,6,labsea,a_ice,0.13876
HR_Spinup,1657,7,labsea,a_ice,0.02799
HR_Spinup,1657,8,labsea,a_ice,0.00118
HR_Spinup,1657,9,labsea,a_ice,0.00003
HR_Spinup,1657,10,labsea,a_ice,0.00648
HR_Spinup,1657,11,labsea,a_ice,0.06090
HR_Spinup,1657,12,labsea,a_ice,0.18471
HR_Spinup,1657,1,interior,a_ice,0.07662
HR_Spinup,1657,2,interior,a_ice,0.27276
HR_Spinup,1657,3,interior,a_ice,0.38772
HR_Spinup,1657,4,interior,a_ice,0.24403
HR_Spinup,1657,5,interior,a_ice,0.05019
HR_Spinup,1657,6,interior,a_ice,0.01045
HR_Spinup,1657,7,interior,a_ice,0.00011
HR_Spinup,1657,8,interior,a_ice,0.00000
HR_Spinup,1657,9,interior,a_ice,0.00000
HR_Spinup,1657,10,interior,a_ice,0.00010
HR_Spinup,1657,11,interior,a_ice,0.00257
HR_Spinup,1657,12,interior,a_ice,0.03248
HR_Spinup,1657,1,labsea,MLD2,580.03986
HR_Spinup,1657,2,labsea,MLD2,1142.47689
HR_Spinup,1657,3,labsea,MLD2,989.65799
HR_Spinup,1657,4,labsea,MLD2,766.68613
HR_Spinup,1657,5,labsea,MLD2,440.05062
HR_Spinup,1657,6,labsea,MLD2,25.10121
HR_Spinup,1657,7,labsea,MLD2,17.75326
HR_Spinup,1657,8,labsea,MLD2,20.91100
HR_Spinup,1657,9,labsea,MLD2,30.27541
HR_Spinup,1657,10,labsea,MLD2,45.52799
HR_Spinup,1657,11,labsea,MLD2,96.59064
HR_Spinup,1657,12,labsea,MLD2,502.14294
HR_Spinup,1657,1,interior,MLD2,1124.39789
HR_Spinup,1657,2,interior,MLD2,1557.33669
HR_Spinup,1657,3,interior,MLD2,1182.46200
HR_Spinup,1657,4,interior,MLD2,919.37691
HR_Spinup,1657,5,interior,MLD2,730.29248
HR_Spinup,1657,6,interior,MLD2,28.04896
HR_Spinup,1657,7,interior,MLD2,22.56449
HR_Spinup,1657,8,interior,MLD2,24.18925
HR_Spinup,1657,9,interior,MLD2,34.64032
HR_Spinup,1657,10,interior,MLD2,55.49834
HR_Spinup,1657,11,interior,MLD2,126.34972
HR_Spinup,1657,12,interior,MLD2,862.59696
HR_Spinup,1658,1,labsea,a_ice,0.37818
HR_Spinup,1658,2,labsea,a_ice,0.42811
HR_Spinup,1658,3,labsea,a_ice,0.43252
HR_Spinup,1658,4,labsea,a_ice,0.32296
HR_Spinup,1658,5,labsea,a_ice,0.21512
HR_Spinup,1658,6,labsea,a_ice,0.11995
HR_Spinup,1658,7,labsea,a_ice,0.05611
HR_Spinup,1658,8,labsea,a_ice,0.01661
HR_Spinup,1658,9,labsea,a_ice,0.00208
HR_Spinup,1658,10,labsea,a_ice,0.01097
HR_Spinup,1658,11,labsea,a_ice,0.09895
HR_Spinup,1658,12,labsea,a_ice,0.22102
HR_Spinup,1658,1,interior,a_ice,0.15096
HR_Spinup,1658,2,interior,a_ice,0.23341
HR_Spinup,1658,3,interior,a_ice,0.26510
HR_Spinup,1658,4,interior,a_ice,0.13099
HR_Spinup,1658,5,interior,a_ice,0.09545
HR_Spinup,1658,6,interior,a_ice,0.02094
HR_Spinup,1658,7,interior,a_ice,0.00213
HR_Spinup,1658,8,interior,a_ice,0.00007
HR_Spinup,1658,9,interior,a_ice,0.00001
HR_Spinup,1658,10,interior,a_ice,0.00038
HR_Spinup,1658,11,interior,a_ice,0.00232
HR_Spinup,1658,12,interior,a_ice,0.04184
HR_Spinup,1658,1,labsea,MLD2,1116.41167
HR_Spinup,1658,2,labsea,MLD2,1128.92197
HR_Spinup,1658,3,labsea,MLD2,985.22191
HR_Spinup,1658,4,labsea,MLD2,877.96789
HR_Spinup,1658,5,labsea,MLD2,608.59201
HR_Spinup,1658,6,labsea,MLD2,117.75285
HR_Spinup,1658,7,labsea,MLD2,24.55782
HR_Spinup,1658,8,labsea,MLD2,20.88929
HR_Spinup,1658,9,labsea,MLD2,26.50041
HR_Spinup,1658,10,labsea,MLD2,45.88689
HR_Spinup,1658,11,labsea,MLD2,125.65479
HR_Spinup,1658,12,labsea,MLD2,820.70020
HR_Spinup,1658,1,interior,MLD2,1919.45360
HR_Spinup,1658,2,interior,MLD2,1777.83357
HR_Spinup,1658,3,interior,MLD2,1334.00436
HR_Spinup,1658,4,interior,MLD2,1168.20833
HR_Spinup,1658,5,interior,MLD2,860.93648
HR_Spinup,1658,6,interior,MLD2,164.66857
HR_Spinup,1658,7,interior,MLD2,33.21369
HR_Spinup,1658,8,interior,MLD2,25.81767
HR_Spinup,1658,9,interior,MLD2,34.91967
HR_Spinup,1658,10,interior,MLD2,62.71373
HR_Spinup,1658,11,interior,MLD2,212.23347
HR_Spinup,1658,12,interior,MLD2,1631.70472
HR_Spinup,1659,1,labsea,a_ice,0.32647
HR_Spinup,1659,2,labsea,a_ice,0.36631
HR_Spinup,1659,3,labsea,a_ice,0.34802
HR_Spinup,1659,4,labsea,a_ice,0.30647
HR_Spinup,1659,5,labsea,a_ice,0.27314
HR_Spinup,1659,6,labsea,a_ice,0.19113
HR_Spinup,1659,7,labsea,a_ice,0.06331
HR_Spinup,1659,8,labsea,a_ice,0.00258
HR_Spinup,1659,9,labsea,a_ice,0.00000
HR_Spinup,1659,10,labsea,a_ice,0.00013
HR_Spinup,1659,11,labsea,a_ice,0.03521
HR_Spinup,1659,12,labsea,a_ice,0.18268
HR_Spinup,1659,1,interior,a_ice,0.09693
HR_Spinup,1659,2,interior,a_ice,0.14596
HR_Spinup,1659,3,interior,a_ice,0.09772
HR_Spinup,1659,4,interior,a_ice,0.10927
HR_Spinup,1659,5,interior,a_ice,0.09552
HR_Spinup,1659,6,interior,a_ice,0.05401
HR_Spinup,1659,7,interior,a_ice,0.00905
HR_Spinup,1659,8,interior,a_ice,0.00040
HR_Spinup,1659,9,interior,a_ice,0.00000
HR_Spinup,1659,10,interior,a_ice,0.00000
HR_Spinup,1659,11,interior,a_ice,0.00000
HR_Spinup,1659,12,interior,a_ice,0.03043
HR_Spinup,1659,1,labsea,MLD2,1189.13712
HR_Spinup,1659,2,labsea,MLD2,1094.16053
HR_Spinup,1659,3,labsea,MLD2,1228.92737
HR_Spinup,1659,4,labsea,MLD2,1161.48699
HR_Spinup,1659,5,labsea,MLD2,603.43686
HR_Spinup,1659,6,labsea,MLD2,155.32633
HR_Spinup,1659,7,labsea,MLD2,18.11568
HR_Spinup,1659,8,labsea,MLD2,20.49672
HR_Spinup,1659,9,labsea,MLD2,30.69988
HR_Spinup,1659,10,labsea,MLD2,52.23214
HR_Spinup,1659,11,labsea,MLD2,102.88705
HR_Spinup,1659,12,labsea,MLD2,558.72258
HR_Spinup,1659,1,interior,MLD2,2239.76417
HR_Spinup,1659,2,interior,MLD2,2065.77038
HR_Spinup,1659,3,interior,MLD2,2222.55698
HR_Spinup,1659,4,interior,MLD2,2121.19682
HR_Spinup,1659,5,interior,MLD2,1179.45709
HR_Spinup,1659,6,interior,MLD2,309.06183
HR_Spinup,1659,7,interior,MLD2,18.73932
HR_Spinup,1659,8,interior,MLD2,22.77554
HR_Spinup,1659,9,interior,MLD2,38.16273
HR_Spinup,1659,10,interior,MLD2,61.23755
HR_Spinup,1659,11,interior,MLD2,152.02362
HR_Spinup,1659,12,interior,MLD2,896.78844
HR_Spinup,1660,1,labsea,a_ice,0.35625
HR_Spinup,1660,2,labsea,a_ice,0.44370
HR_Spinup,1660,3,labsea,a_ice,0.45248
HR_Spinup,1660,4,labsea,a_ice,0.38012
HR_Spinup,1660,5,labsea,a_ice,0.25527
HR_Spinup,1660,6,labsea,a_ice,0.13296
HR_Spinup,1660,7,labsea,a_ice,0.03098
HR_Spinup,1660,8,labsea,a_ice,0.00148
HR_Spinup,1660,9,labsea,a_ice,0.00000
HR_Spinup,1660,10,labsea,a_ice,0.00211
HR_Spinup,1660,11,labsea,a_ice,0.05465
HR_Spinup,1660,12,labsea,a_ice,0.16182
HR_Spinup,1660,1,interior,a_ice,0.19687
HR_Spinup,1660,2,interior,a_ice,0.30701
HR_Spinup,1660,3,interior,a_ice,0.31646
HR_Spinup,1660,4,interior,a_ice,0.25400
HR_Spinup,1660,5,interior,a_ice,0.07145
HR_Spinup,1660,6,interior,a_ice,0.02670
HR_Spinup,1660,7,interior,a_ice,0.00602
HR_Spinup,1660,8,interior,a_ice,0.00000
HR_Spinup,1660,9,interior,a_ice,0.00000
HR_Spinup,1660,10,interior,a_ice,0.00005
HR_Spinup,1660,11,interior,a_ice,0.00349
HR_Spinup,1660,12,interior,a_ice,0.03070
HR_Spinup,1660,1,labsea,MLD2,1131.11190
HR_Spinup,1660,2,labsea,MLD2,1108.45784
HR_Spinup,1660,3,labsea,MLD2,1045.53870
HR_Spinup,1660,4,labsea,MLD2,919.31946
HR_Spinup,1660,5,labsea,MLD2,385.43713
HR_Spinup,1660,6,labsea,MLD2,31.90036
HR_Spinup,1660,7,labsea,MLD2,18.53431
HR_Spinup,1660,8,labsea,MLD2,20.89910
HR_Spinup,1660,9,labsea,MLD2,37.10123
HR_Spinup,1660,10,labsea,MLD2,47.24372
HR_Spinup,1660,11,labsea,MLD2,94.66716
HR_Spinup,1660,12,labsea,MLD2,286.27051
HR_Spinup,1660,1,interior,MLD2,1854.38617
HR_Spinup,1660,2,interior,MLD2,1496.52216
HR_Spinup,1660,3,interior,MLD2,1418.11285
HR_Spinup,1660,4,interior,MLD2,1460.62820
HR_Spinup,1660,5,interior,MLD2,666.28854
HR_Spinup,1660,6,interior,MLD2,42.10126
HR_Spinup,1660,7,interior,MLD2,22.88205
HR_Spinup,1660,8,interior,MLD2,26.04543
HR_Spinup,1660,9,interior,MLD2,46.04839
HR_Spinup,1660,10,interior,MLD2,60.80682
HR_Spinup,1660,11,interior,MLD2,127.41959
HR_Spinup,1660,12,interior,MLD2,646.53821
HR_Spinup,1661,1,labsea,a_ice,0.29515
HR_Spinup,1661,2,labsea,a_ice,0.36444
HR_Spinup,1661,3,labsea,a_ice,0.36721
HR_Spinup,1661,4,labsea,a_ice,0.29350
HR_Spinup,1661,5,labsea,a_ice,0.22791
HR_Spinup,1661,6,labsea,a_ice,0.14668
HR_Spinup,1661,7,labsea,a_ice,0.02661
HR_Spinup,1661,8,labsea,a_ice,0.00001
HR_Spinup,1661,9,labsea,a_ice,0.00000
HR_Spinup,1661,10,labsea,a_ice,0.00006
HR_Spinup,1661,11,labsea,a_ice,0.04721
HR_Spinup,1661,12,labsea,a_ice,0.16435
HR_Spinup,1661,1,interior,a_ice,0.05580
HR_Spinup,1661,2,interior,a_ice,0.12985
HR_Spinup,1661,3,interior,a_ice,0.14749
HR_Spinup,1661,4,interior,a_ice,0.08288
HR_Spinup,1661,5,interior,a_ice,0.04398
HR_Spinup,1661,6,interior,a_ice,0.02421
HR_Spinup,1661,7,interior,a_ice,0.00113
HR_Spinup,1661,8,interior,a_ice,0.00000
HR_Spinup,1661,9,interior,a_ice,0.00000
HR_Spinup,1661,10,interior,a_ice,0.00000
HR_Spinup,1661,11,interior,a_ice,0.00018
HR_Spinup,1661,12,interior,a_ice,0.02044
HR_Spinup,1661,1,labsea,MLD2,834.97233
HR_Spinup,1661,2,labsea,MLD2,1057.05046
HR_Spinup,1661,3,labsea,MLD2,1110.68206
HR_Spinup,1661,4,labsea,MLD2,878.19316
HR_Spinup,1661,5,labsea,MLD2,315.76617
HR_Spinup,1661,6,labsea,MLD2,21.19485
HR_Spinup,1661,7,labsea,MLD2,19.93454
HR_Spinup,1661,8,labsea,MLD2,21.63306
HR_Spinup,1661,9,labsea,MLD2,31.77854
HR_Spinup,1661,10,labsea,MLD2,46.15924
HR_Spinup,1661,11,labsea,MLD2,82.93950
HR_Spinup,1661,12,labsea,MLD2,222.23276
HR_Spinup,1661,1,interior,MLD2,1803.18181
HR_Spinup,1661,2,interior,MLD2,1876.92069
HR_Spinup,1661,3,interior,MLD2,1835.72854
HR_Spinup,1661,4,interior,MLD2,1583.76278
HR_Spinup,1661,5,interior,MLD2,590.96017
HR_Spinup,1661,6,interior,MLD2,26.36287
HR_Spinup,1661,7,interior,MLD2,25.62487
HR_Spinup,1661,8,interior,MLD2,27.74845
HR_Spinup,1661,9,interior,MLD2,37.39872
HR_Spinup,1661,10,interior,MLD2,57.03650
HR_Spinup,1661,11,interior,MLD2,106.61990
HR_Spinup,1661,12,interior,MLD2,401.68155
HR_Spinup,1662,1,labsea,a_ice,0.27581
HR_Spinup,1662,2,labsea,a_ice,0.38054
HR_Spinup,1662,3,labsea,a_ice,0.42125
HR_Spinup,1662,4,labsea,a_ice,0.43610
HR_Spinup,1662,5,labsea,a_ice,0.34180
HR_Spinup,1662,6,labsea,a_ice,0.17030
HR_Spinup,1662,7,labsea,a_ice,0.01275
HR_Spinup,1662,8,labsea,a_ice,0.00000
HR_Spinup,1662,9,labsea,a_ice,0.00000
HR_Spinup,1662,10,labsea,a_ice,0.00000
HR_Spinup,1662,11,labsea,a_ice,0.02516
HR_Spinup,1662,12,labsea,a_ice,0.14927
HR_Spinup,1662,1,interior,a_ice,0.08860
HR_Spinup,1662,2,interior,a_ice,0.16910
HR_Spinup,1662,3,interior,a_ice,0.24310
HR_Spinup,1662,4,interior,a_ice,0.30941
HR_Spinup,1662,5,interior,a_ice,0.17590
HR_Spinup,1662,6,interior,a_ice,0.05521
HR_Spinup,1662,7,interior,a_ice,0.00064
HR_Spinup,1662,8,interior,a_ice,0.00000
HR_Spinup,1662,9,interior,a_ice,0.00000
HR_Spinup,1662,10,interior,a_ice,0.00000
HR_Spinup,1662,11,interior,a_ice,0.00013
HR_Spinup,1662,12,interior,a_ice,0.01354
HR_Spinup,1662,1,labsea,MLD2,1031.90179
HR_Spinup,1662,2,labsea,MLD2,1153.29271
HR_Spinup,1662,3,labsea,MLD2,1051.47462
HR_Spinup,1662,4,labsea,MLD2,869.57330
HR_Spinup,1662,5,labsea,MLD2,472.45996
HR_Spinup,1662,6,labsea,MLD2,24.35190
HR_Spinup,1662,7,labsea,MLD2,17.86752
HR_Spinup,1662,8,labsea,MLD2,22.35702
HR_Spinup,1662,9,labsea,MLD2,24.75764
HR_Spinup,1662,10,labsea,MLD2,45.07965
HR_Spinup,1662,11,labsea,MLD2,99.15674
HR_Spinup,1662,12,labsea,MLD2,432.71001
HR_Spinup,1662,1,interior,MLD2,1784.97104
HR_Spinup,1662,2,interior,MLD2,1860.22561
HR_Spinup,1662,3,interior,MLD2,1497.05495
HR_Spinup,1662,4,interior,MLD2,1095.06437
HR_Spinup,1662,5,interior,MLD2,599.07281
HR_Spinup,1662,6,interior,MLD2,25.38682
HR_Spinup,1662,7,interior,MLD2,21.29934
HR_Spinup,1662,8,interior,MLD2,26.46353
HR_Spinup,1662,9,interior,MLD2,28.84302
HR_Spinup,1662,10,interior,MLD2,52.18122
HR_Spinup,1662,11,interior,MLD2,146.63277
HR_Spinup,1662,12,interior,MLD2,726.17388
HR_Spinup,1663,1,labsea,a_ice,0.24572
HR_Spinup,1663,2,labsea,a_ice,0.30352
HR_Spinup,1663,3,labsea,a_ice,0.25931
HR_Spinup,1663,4,labsea,a_ice,0.23749
HR_Spinup,1663,5,labsea,a_ice,0.17013
HR_Spinup,1663,6,labsea,a_ice,0.05014
HR_Spinup,1663,7,labsea,a_ice,0.00656
HR_Spinup,1663,8,labsea,a_ice,0.00000
HR_Spinup,1663,9,labsea,a_ice,0.00000
HR_Spinup,1663,10,labsea,a_ice,0.00165
HR_Spinup,1663,11,labsea,a_ice,0.01175
HR_Spinup,1663,12,labsea,a_ice,0.09487
HR_Spinup,1663,1,interior,a_ice,0.03895
HR_Spinup,1663,2,interior,a_ice,0.06673
HR_Spinup,1663,3,interior,a_ice,0.07915
HR_Spinup,1663,4,interior,a_ice,0.06271
HR_Spinup,1663,5,interior,a_ice,0.03391
HR_Spinup,1663,6,interior,a_ice,0.00502
HR_Spinup,1663,7,interior,a_ice,0.00000
HR_Spinup,1663,8,interior,a_ice,0.00000
HR_Spinup,1663,9,interior,a_ice,0.00000
HR_Spinup,1663,10,interior,a_ice,0.00019
HR_Spinup,1663,11,interior,a_ice,0.00072
HR_Spinup,1663,12,interior,a_ice,0.00569
HR_Spinup,1663,1,labsea,MLD2,1081.29273
HR_Spinup,1663,2,labsea,MLD2,1188.96218
HR_Spinup,1663,3,labsea,MLD2,998.67130
HR_Spinup,1663,4,labsea,MLD2,942.15167
HR_Spinup,1663,5,labsea,MLD2,495.07494
HR_Spinup,1663,6,labsea,MLD2,24.88357
HR_Spinup,1663,7,labsea,MLD2,19.96232
HR_Spinup,1663,8,labsea,MLD2,18.89232
HR_Spinup,1663,9,labsea,MLD2,26.46015
HR_Spinup,1663,10,labsea,MLD2,32.97595
HR_Spinup,1663,11,labsea,MLD2,67.53365
HR_Spinup,1663,12,labsea,MLD2,123.82925
HR_Spinup,1663,1,interior,MLD2,1962.92290
HR_Spinup,1663,2,interior,MLD2,2016.52786
HR_Spinup,1663,3,interior,MLD2,1780.41349
HR_Spinup,1663,4,interior,MLD2,1836.96298
HR_Spinup,1663,5,interior,MLD2,969.22206
HR_Spinup,1663,6,interior,MLD2,36.10835
HR_Spinup,1663,7,interior,MLD2,22.66429
HR_Spinup,1663,8,interior,MLD2,21.76581
HR_Spinup,1663,9,interior,MLD2,31.27961
HR_Spinup,1663,10,interior,MLD2,40.22362
HR_Spinup,1663,11,interior,MLD2,83.77714
HR_Spinup,1663,12,interior,MLD2,157.76609
HR_Spinup,1664,1,labsea,a_ice,0.19636
HR_Spinup,1664,2,labsea,a_ice,0.27964
HR_Spinup,1664,3,labsea,a_ice,0.33508
HR_Spinup,1664,4,labsea,a_ice,0.31551
HR_Spinup,1664,5,labsea,a_ice,0.21157
HR_Spinup,1664,6,labsea,a_ice,0.06992
HR_Spinup,1664,7,labsea,a_ice,0.01005
HR_Spinup,1664,8,labsea,a_ice,0.00240
HR_Spinup,1664,9,labsea,a_ice,0.00101
HR_Spinup,1664,10,labsea,a_ice,0.00061
HR_Spinup,1664,11,labsea,a_ice,0.05175
HR_Spinup,1664,12,labsea,a_ice,0.27890
HR_Spinup,1664,1,interior,a_ice,0.01150
HR_Spinup,1664,2,interior,a_ice,0.06386
HR_Spinup,1664,3,interior,a_ice,0.08820
HR_Spinup,1664,4,interior,a_ice,0.14824
HR_Spinup,1664,5,interior,a_ice,0.08900
HR_Spinup,1664,6,interior,a_ice,0.01793
HR_Spinup,1664,7,interior,a_ice,0.00014
HR_Spinup,1664,8,interior,a_ice,0.00007
HR_Spinup,1664,9,interior,a_ice,0.00007
HR_Spinup,1664,10,interior,a_ice,0.00004
HR_Spinup,1664,11,interior,a_ice,0.00376
HR_Spinup,1664,12,interior,a_ice,0.09593
HR_Spinup,1664,1,labsea,MLD2,248.33765
HR_Spinup,1664,2,labsea,MLD2,904.85637
HR_Spinup,1664,3,labsea,MLD2,975.46039
HR_Spinup,1664,4,labsea,MLD2,858.84430
HR_Spinup,1664,5,labsea,MLD2,464.47539
HR_Spinup,1664,6,labsea,MLD2,37.69579
HR_Spinup,1664,7,labsea,MLD2,16.48322
HR_Spinup,1664,8,labsea,MLD2,17.53279
HR_Spinup,1664,9,labsea,MLD2,27.25908
HR_Spinup,1664,10,labsea,MLD2,35.04803
HR_Spinup,1664,11,labsea,MLD2,71.50760
HR_Spinup,1664,12,labsea,MLD2,351.55433
HR_Spinup,1664,1,interior,MLD2,418.12798
HR_Spinup,1664,2,interior,MLD2,1663.82322
HR_Spinup,1664,3,interior,MLD2,1701.62051
HR_Spinup,1664,4,interior,MLD2,1286.85238
HR_Spinup,1664,5,interior,MLD2,754.91015
HR_Spinup,1664,6,interior,MLD2,59.70740
HR_Spinup,1664,7,interior,MLD2,18.93669
HR_Spinup,1664,8,interior,MLD2,19.83580
HR_Spinup,1664,9,interior,MLD2,32.05720
HR_Spinup,1664,10,interior,MLD2,39.13817
HR_Spinup,1664,11,interior,MLD2,95.28857
HR_Spinup,1664,12,interior,MLD2,506.19988
HR_Spinup,1665,1,labsea,a_ice,0.41128
HR_Spinup,1665,2,labsea,a_ice,0.50421
HR_Spinup,1665,3,labsea,a_ice,0.49439
HR_Spinup,1665,4,labsea,a_ice,0.41599
HR_Spinup,1665,5,labsea,a_ice,0.25733
HR_Spinup,1665,6,labsea,a_ice,0.15274
HR_Spinup,1665,7,labsea,a_ice,0.03883
HR_Spinup,1665,8,labsea,a_ice,0.00346
HR_Spinup,1665,9,labsea,a_ice,0.00022
HR_Spinup,1665,10,labsea,a_ice,0.00001
HR_Spinup,1665,11,labsea,a_ice,0.03629
HR_Spinup,1665,12,labsea,a_ice,0.12366
HR_Spinup,1665,1,interior,a_ice,0.31623
HR_Spinup,1665,2,interior,a_ice,0.44092
HR_Spinup,1665,3,interior,a_ice,0.32537
HR_Spinup,1665,4,interior,a_ice,0.23707
HR_Spinup,1665,5,interior,a_ice,0.06220
HR_Spinup,1665,6,interior,a_ice,0.01984
HR_Spinup,1665,7,interior,a_ice,0.00203
HR_Spinup,1665,8,interior,a_ice,0.00000
HR_Spinup,1665,9,interior,a_ice,0.00000
HR_Spinup,1665,10,interior,a_ice,0.00000
HR_Spinup,1665,11,interior,a_ice,0.00051
HR_Spinup,1665,12,interior,a_ice,0.00573
HR_Spinup,1665,1,labsea,MLD2,843.95313
HR_Spinup,1665,2,labsea,MLD2,782.23738
HR_Spinup,1665,3,labsea,MLD2,736.84815
HR_Spinup,1665,4,labsea,MLD2,724.37021
HR_Spinup,1665,5,labsea,MLD2,350.78395
HR_Spinup,1665,6,labsea,MLD2,31.05005
HR_Spinup,1665,7,labsea,MLD2,27.02445
HR_Spinup,1665,8,labsea,MLD2,28.74713
HR_Spinup,1665,9,labsea,MLD2,34.57834
HR_Spinup,1665,10,labsea,MLD2,47.33040
HR_Spinup,1665,11,labsea,MLD2,121.57569
HR_Spinup,1665,12,labsea,MLD2,334.70722
HR_Spinup,1665,1,interior,MLD2,1231.44029
HR_Spinup,1665,2,interior,MLD2,915.22517
HR_Spinup,1665,3,interior,MLD2,976.50053
HR_Spinup,1665,4,interior,MLD2,1154.10015
HR_Spinup,1665,5,interior,MLD2,687.37585
HR_Spinup,1665,6,interior,MLD2,46.58431
HR_Spinup,1665,7,interior,MLD2,37.26922
HR_Spinup,1665,8,interior,MLD2,35.05619
HR_Spinup,1665,9,interior,MLD2,42.75764
HR_Spinup,1665,10,interior,MLD2,61.84513
HR_Spinup,1665,11,interior,MLD2,179.53536
HR_Spinup,1665,12,interior,MLD2,604.12913
HR_Spinup,1666,1,labsea,a_ice,0.20000
HR_Spinup,1666,2,labsea,a_ice,0.24783
HR_Spinup,1666,3,labsea,a_ice,0.33451
HR_Spinup,1666,4,labsea,a_ice,0.34162
HR_Spinup,1666,5,labsea,a_ice,0.16655
HR_Spinup,1666,6,labsea,a_ice,0.06195
HR_Spinup,1666,7,labsea,a_ice,0.01221
HR_Spinup,1666,8,labsea,a_ice,0.00002
HR_Spinup,1666,9,labsea,a_ice,0.00000
HR_Spinup,1666,10,labsea,a_ice,0.00000
HR_Spinup,1666,11,labsea,a_ice,0.00734
HR_Spinup,1666,12,labsea,a_ice,0.10341
HR_Spinup,1666,1,interior,a_ice,0.02261
HR_Spinup,1666,2,interior,a_ice,0.05615
HR_Spinup,1666,3,interior,a_ice,0.11909
HR_Spinup,1666,4,interior,a_ice,0.14647
HR_Spinup,1666,5,interior,a_ice,0.04798
HR_Spinup,1666,6,interior,a_ice,0.00073
HR_Spinup,1666,7,interior,a_ice,0.00013
HR_Spinup,1666,8,interior,a_ice,0.00000
HR_Spinup,1666,9,interior,a_ice,0.00000
HR_Spinup,1666,10,interior,a_ice,0.00000
HR_Spinup,1666,11,interior,a_ice,0.00012
HR_Spinup,1666,12,interior,a_ice,0.00660
HR_Spinup,1666,1,labsea,MLD2,939.86361
HR_Spinup,1666,2,labsea,MLD2,1298.08272
HR_Spinup,1666,3,labsea,MLD2,1267.94258
HR_Spinup,1666,4,labsea,MLD2,1000.26271
HR_Spinup,1666,5,labsea,MLD2,298.06058
HR_Spinup,1666,6,labsea,MLD2,28.57563
HR_Spinup,1666,7,labsea,MLD2,15.35297
HR_Spinup,1666,8,labsea,MLD2,18.31017
HR_Spinup,1666,9,labsea,MLD2,25.60707
HR_Spinup,1666,10,labsea,MLD2,41.77844
HR_Spinup,1666,11,labsea,MLD2,74.50415
HR_Spinup,1666,12,labsea,MLD2,156.72483
HR_Spinup,1666,1,interior,MLD2,1877.40130
HR_Spinup,1666,2,interior,MLD2,2349.13915
HR_Spinup,1666,3,interior,MLD2,2142.07712
HR_Spinup,1666,4,interior,MLD2,1612.92602
HR_Spinup,1666,5,interior,MLD2,599.11297
HR_Spinup,1666,6,interior,MLD2,40.34847
HR_Spinup,1666,7,interior,MLD2,17.59275
HR_Spinup,1666,8,interior,MLD2,18.95240
HR_Spinup,1666,9,interior,MLD2,30.35782
HR_Spinup,1666,10,interior,MLD2,51.99566
HR_Spinup,1666,11,interior,MLD2,96.51494
HR_Spinup,1666,12,interior,MLD2,268.89522
HR_Spinup,1667,1,labsea,a_ice,0.22193
HR_Spinup,1667,2,labsea,a_ice,0.27654
HR_Spinup,1667,3,labsea,a_ice,0.26362
HR_Spinup,1667,4,labsea,a_ice,0.23419
HR_Spinup,1667,5,labsea,a_ice,0.18577
HR_Spinup,1667,6,labsea,a_ice,0.08178
HR_Spinup,1667,7,labsea,a_ice,0.01485
HR_Spinup,1667,8,labsea,a_ice,0.00012
HR_Spinup,1667,9,labsea,a_ice,0.00006
HR_Spinup,1667,10,labsea,a_ice,0.00760
HR_Spinup,1667,11,labsea,a_ice,0.05845
HR_Spinup,1667,12,labsea,a_ice,0.16050
HR_Spinup,1667,1,interior,a_ice,0.02730
HR_Spinup,1667,2,interior,a_ice,0.07764
HR_Spinup,1667,3,interior,a_ice,0.06123
HR_Spinup,1667,4,interior,a_ice,0.07083
HR_Spinup,1667,5,interior,a_ice,0.04176
HR_Spinup,1667,6,interior,a_ice,0.00605
HR_Spinup,1667,7,interior,a_ice,0.00058
HR_Spinup,1667,8,interior,a_ice,0.00000
HR_Spinup,1667,9,interior,a_ice,0.00000
HR_Spinup,1667,10,interior,a_ice,0.00000
HR_Spinup,1667,11,interior,a_ice,0.00160
HR_Spinup,1667,12,interior,a_ice,0.01218
HR_Spinup,1667,1,labsea,MLD2,648.94973
HR_Spinup,1667,2,labsea,MLD2,1096.62642
HR_Spinup,1667,3,labsea,MLD2,988.29428
HR_Spinup,1667,4,labsea,MLD2,902.33615
HR_Spinup,1667,5,labsea,MLD2,447.67901
HR_Spinup,1667,6,labsea,MLD2,24.48224
HR_Spinup,1667,7,labsea,MLD2,14.04310
HR_Spinup,1667,8,labsea,MLD2,20.35204
HR_Spinup,1667,9,labsea,MLD2,30.96408
HR_Spinup,1667,10,labsea,MLD2,43.18776
HR_Spinup,1667,11,labsea,MLD2,62.90911
HR_Spinup,1667,12,labsea,MLD2,194.64305
HR_Spinup,1667,1,interior,MLD2,1419.46319
HR_Spinup,1667,2,interior,MLD2,1992.33987
HR_Spinup,1667,3,interior,MLD2,1844.67877
HR_Spinup,1667,4,interior,MLD2,1688.76156
HR_Spinup,1667,5,interior,MLD2,900.31816
HR_Spinup,1667,6,interior,MLD2,31.50622
HR_Spinup,1667,7,interior,MLD2,16.39540
HR_Spinup,1667,8,interior,MLD2,24.28992
HR_Spinup,1667,9,interior,MLD2,36.89395
HR_Spinup,1667,10,interior,MLD2,52.69891
HR_Spinup,1667,11,interior,MLD2,84.38466
HR_Spinup,1667,12,interior,MLD2,285.62817
HR_Spinup,1668,1,labsea,a_ice,0.34934
HR_Spinup,1668,2,labsea,a_ice,0.34666
HR_Spinup,1668,3,labsea,a_ice,0.32419
HR_Spinup,1668,4,labsea,a_ice,0.31641
HR_Spinup,1668,5,labsea,a_ice,0.24746
HR_Spinup,1668,6,labsea,a_ice,0.17187
HR_Spinup,1668,7,labsea,a_ice,0.07996
HR_Spinup,1668,8,labsea,a_ice,0.01854
HR_Spinup,1668,9,labsea,a_ice,0.00064
HR_Spinup,1668,10,labsea,a_ice,0.00257
HR_Spinup,1668,11,labsea,a_ice,0.12111
HR_Spinup,1668,12,labsea,a_ice,0.21745
HR_Spinup,1668,1,interior,a_ice,0.10700
HR_Spinup,1668,2,interior,a_ice,0.11006
HR_Spinup,1668,3,interior,a_ice,0.07096
HR_Spinup,1668,4,interior,a_ice,0.09897
HR_Spinup,1668,5,interior,a_ice,0.05770
HR_Spinup,1668,6,interior,a_ice,0.03011
HR_Spinup,1668,7,interior,a_ice,0.00516
HR_Spinup,1668,8,interior,a_ice,0.00021
HR_Spinup,1668,9,interior,a_ice,0.00000
HR_Spinup,1668,10,interior,a_ice,0.00000
HR_Spinup,1668,11,interior,a_ice,0.01206
HR_Spinup,1668,12,interior,a_ice,0.03143
HR_Spinup,1668,1,labsea,MLD2,1013.12829
HR_Spinup,1668,2,labsea,MLD2,1216.45427
HR_Spinup,1668,3,labsea,MLD2,1211.84049
HR_Spinup,1668,4,labsea,MLD2,1071.82512
HR_Spinup,1668,5,labsea,MLD2,787.31242
HR_Spinup,1668,6,labsea,MLD2,176.99506
HR_Spinup,1668,7,labsea,MLD2,20.66050
HR_Spinup,1668,8,labsea,MLD2,18.13234
HR_Spinup,1668,9,labsea,MLD2,21.72440
HR_Spinup,1668,10,labsea,MLD2,43.25156
HR_Spinup,1668,11,labsea,MLD2,177.12675
HR_Spinup,1668,12,labsea,MLD2,743.11996
HR_Spinup,1668,1,interior,MLD2,1656.32694
HR_Spinup,1668,2,interior,MLD2,2030.16826
HR_Spinup,1668,3,interior,MLD2,2039.12549
HR_Spinup,1668,4,interior,MLD2,1735.84957
HR_Spinup,1668,5,interior,MLD2,1346.59725
HR_Spinup,1668,6,interior,MLD2,303.73997
HR_Spinup,1668,7,interior,MLD2,22.75444
HR_Spinup,1668,8,interior,MLD2,22.44914
HR_Spinup,1668,9,interior,MLD2,25.30715
HR_Spinup,1668,10,interior,MLD2,48.72520
HR_Spinup,1668,11,interior,MLD2,307.99280
HR_Spinup,1668,12,interior,MLD2,1312.24572
HR_Spinup,1669,1,labsea,a_ice,0.27025
HR_Spinup,1669,2,labsea,a_ice,0.38333
HR_Spinup,1669,3,labsea,a_ice,0.40428
HR_Spinup,1669,4,labsea,a_ice,0.34307
HR_Spinup,1669,5,labsea,a_ice,0.21608
HR_Spinup,1669,6,labsea,a_ice,0.08076
HR_Spinup,1669,7,labsea,a_ice,0.00794
HR_Spinup,1669,8,labsea,a_ice,0.00001
HR_Spinup,1669,9,labsea,a_ice,0.00000
HR_Spinup,1669,10,labsea,a_ice,0.00331
HR_Spinup,1669,11,labsea,a_ice,0.05290
HR_Spinup,1669,12,labsea,a_ice,0.19927
HR_Spinup,1669,1,interior,a_ice,0.04961
HR_Spinup,1669,2,interior,a_ice,0.18315
HR_Spinup,1669,3,interior,a_ice,0.19459
HR_Spinup,1669,4,interior,a_ice,0.16118
HR_Spinup,1669,5,interior,a_ice,0.06832
HR_Spinup,1669,6,interior,a_ice,0.00699
HR_Spinup,1669,7,interior,a_ice,0.00000
HR_Spinup,1669,8,interior,a_ice,0.00000
HR_Spinup,1669,9,interior,a_ice,0.00000
HR_Spinup,1669,10,interior,a_ice,0.00000
HR_Spinup,1669,11,interior,a_ice,0.00054
HR_Spinup,1669,12,interior,a_ice,0.02603
HR_Spinup,1669,1,labsea,MLD2,1147.75187
HR_Spinup,1669,2,labsea,MLD2,1145.68571
HR_Spinup,1669,3,labsea,MLD2,1031.14251
HR_Spinup,1669,4,labsea,MLD2,876.38261
HR_Spinup,1669,5,labsea,MLD2,205.91333
HR_Spinup,1669,6,labsea,MLD2,25.40342
HR_Spinup,1669,7,labsea,MLD2,22.50477
HR_Spinup,1669,8,labsea,MLD2,20.16547
HR_Spinup,1669,9,labsea,MLD2,28.64440
HR_Spinup,1669,10,labsea,MLD2,44.28846
HR_Spinup,1669,11,labsea,MLD2,73.01324
HR_Spinup,1669,12,labsea,MLD2,241.32729
HR_Spinup,1669,1,interior,MLD2,1928.91946
HR_Spinup,1669,2,interior,MLD2,1812.25252
HR_Spinup,1669,3,interior,MLD2,1562.38148
HR_Spinup,1669,4,interior,MLD2,1206.91070
HR_Spinup,1669,5,interior,MLD2,397.58069
HR_Spinup,1669,6,interior,MLD2,32.67245
HR_Spinup,1669,7,interior,MLD2,28.88739
HR_Spinup,1669,8,interior,MLD2,26.19315
HR_Spinup,1669,9,interior,MLD2,37.30633
HR_Spinup,1669,10,interior,MLD2,57.44029
HR_Spinup,1669,11,interior,MLD2,105.58507
HR_Spinup,1669,12,interior,MLD2,450.98727
HR_Spinup,1670,1,labsea,a_ice,0.33866
HR_Spinup,1670,2,labsea,a_ice,0.40810
HR_Spinup,1670,3,labsea,a_ice,0.40855
HR_Spinup,1670,4,labsea,a_ice,0.28858
HR_Spinup,1670,5,labsea,a_ice,0.23568
HR_Spinup,1670,6,labsea,a_ice,0.13031
HR_Spinup,1670,7,labsea,a_ice,0.02137
HR_Spinup,1670,8,labsea,a_ice,0.00019
HR_Spinup,1670,9,labsea,a_ice,0.00000
HR_Spinup,1670,10,labsea,a_ice,0.00268
HR_Spinup,1670,11,labsea,a_ice,0.03817
HR_Spinup,1670,12,labsea,a_ice,0.15897
HR_Spinup,1670,1,interior,a_ice,0.16264
HR_Spinup,1670,2,interior,a_ice,0.25560
HR_Spinup,1670,3,interior,a_ice,0.15389
HR_Spinup,1670,4,interior,a_ice,0.07667
HR_Spinup,1670,5,interior,a_ice,0.06445
HR_Spinup,1670,6,interior,a_ice,0.02810
HR_Spinup,1670,7,interior,a_ice,0.00089
HR_Spinup,1670,8,interior,a_ice,0.00000
HR_Spinup,1670,9,interior,a_ice,0.00000
HR_Spinup,1670,10,interior,a_ice,0.00000
HR_Spinup,1670,11,interior,a_ice,0.00020
HR_Spinup,1670,12,interior,a_ice,0.01994
HR_Spinup,1670,1,labsea,MLD2,1003.20209
HR_Spinup,1670,2,labsea,MLD2,1040.66769
HR_Spinup,1670,3,labsea,MLD2,1029.47559
HR_Spinup,1670,4,labsea,MLD2,954.82963
HR_Spinup,1670,5,labsea,MLD2,467.95842
HR_Spinup,1670,6,labsea,MLD2,34.65352
HR_Spinup,1670,7,labsea,MLD2,19.56026
HR_Spinup,1670,8,labsea,MLD2,21.05285
HR_Spinup,1670,9,labsea,MLD2,29.10907
HR_Spinup,1670,10,labsea,MLD2,50.51194
HR_Spinup,1670,11,labsea,MLD2,98.96778
HR_Spinup,1670,12,labsea,MLD2,310.27846
HR_Spinup,1670,1,interior,MLD2,1692.53596
HR_Spinup,1670,2,interior,MLD2,1705.27006
HR_Spinup,1670,3,interior,MLD2,1761.96345
HR_Spinup,1670,4,interior,MLD2,1810.82819
HR_Spinup,1670,5,interior,MLD2,904.84992
HR_Spinup,1670,6,interior,MLD2,48.39488
HR_Spinup,1670,7,interior,MLD2,25.50534
HR_Spinup,1670,8,interior,MLD2,27.19784
HR_Spinup,1670,9,interior,MLD2,36.18829
HR_Spinup,1670,10,interior,MLD2,60.83626
HR_Spinup,1670,11,interior,MLD2,137.64715
HR_Spinup,1670,12,interior,MLD2,540.75195
HR_Spinup,1671,1,labsea,a_ice,0.24757
HR_Spinup,1671,2,labsea,a_ice,0.25875
HR_Spinup,1671,3,labsea,a_ice,0.28624
HR_Spinup,1671,4,labsea,a_ice,0.22860
HR_Spinup,1671,5,labsea,a_ice,0.19697
HR_Spinup,1671,6,labsea,a_ice,0.10320
HR_Spinup,1671,7,labsea,a_ice,0.04120
HR_Spinup,1671,8,labsea,a_ice,0.00153
HR_Spinup,1671,9,labsea,a_ice,0.00000
HR_Spinup,1671,10,labsea,a_ice,0.00000
HR_Spinup,1671,11,labsea,a_ice,0.04928
HR_Spinup,1671,12,labsea,a_ice,0.18772
HR_Spinup,1671,1,interior,a_ice,0.03901
HR_Spinup,1671,2,interior,a_ice,0.06192
HR_Spinup,1671,3,interior,a_ice,0.10176
HR_Spinup,1671,4,interior,a_ice,0.03519
HR_Spinup,1671,5,interior,a_ice,0.04447
HR_Spinup,1671,6,interior,a_ice,0.00774
HR_Spinup,1671,7,interior,a_ice,0.00116
HR_Spinup,1671,8,interior,a_ice,0.00001
HR_Spinup,1671,9,interior,a_ice,0.00000
HR_Spinup,1671,10,interior,a_ice,0.00000
HR_Spinup,1671,11,interior,a_ice,0.00184
HR_Spinup,1671,12,interior,a_ice,0.03279
HR_Spinup,1671,1,labsea,MLD2,1041.60061
HR_Spinup,1671,2,labsea,MLD2,1366.08668
HR_Spinup,1671,3,labsea,MLD2,1248.77976
HR_Spinup,1671,4,labsea,MLD2,985.97510
HR_Spinup,1671,5,labsea,MLD2,548.57964
HR_Spinup,1671,6,labsea,MLD2,55.40536
HR_Spinup,1671,7,labsea,MLD2,26.35508
HR_Spinup,1671,8,labsea,MLD2,26.87503
HR_Spinup,1671,9,labsea,MLD2,33.28118
HR_Spinup,1671,10,labsea,MLD2,42.40254
HR_Spinup,1671,11,labsea,MLD2,80.51303
HR_Spinup,1671,12,labsea,MLD2,162.38694
HR_Spinup,1671,1,interior,MLD2,1851.62338
HR_Spinup,1671,2,interior,MLD2,2309.04989
HR_Spinup,1671,3,interior,MLD2,1933.23666
HR_Spinup,1671,4,interior,MLD2,1703.63438
HR_Spinup,1671,5,interior,MLD2,1010.08807
HR_Spinup,1671,6,interior,MLD2,81.63392
HR_Spinup,1671,7,interior,MLD2,35.25642
HR_Spinup,1671,8,interior,MLD2,34.19831
HR_Spinup,1671,9,interior,MLD2,42.33592
HR_Spinup,1671,10,interior,MLD2,53.36692
HR_Spinup,1671,11,interior,MLD2,108.15577
HR_Spinup,1671,12,interior,MLD2,251.72479
HR_Spinup,1672,1,labsea,a_ice,0.36444
HR_Spinup,1672,2,labsea,a_ice,0.35070
HR_Spinup,1672,3,labsea,a_ice,0.32825
HR_Spinup,1672,4,labsea,a_ice,0.31384
HR_Spinup,1672,5,labsea,a_ice,0.24025
HR_Spinup,1672,6,labsea,a_ice,0.11999
HR_Spinup,1672,7,labsea,a_ice,0.02192
HR_Spinup,1672,8,labsea,a_ice,0.00084
HR_Spinup,1672,9,labsea,a_ice,0.00001
HR_Spinup,1672,10,labsea,a_ice,0.00174
HR_Spinup,1672,11,labsea,a_ice,0.06749
HR_Spinup,1672,12,labsea,a_ice,0.18021
HR_Spinup,1672,1,interior,a_ice,0.16802
HR_Spinup,1672,2,interior,a_ice,0.13023
HR_Spinup,1672,3,interior,a_ice,0.08598
HR_Spinup,1672,4,interior,a_ice,0.11871
HR_Spinup,1672,5,interior,a_ice,0.05796
HR_Spinup,1672,6,interior,a_ice,0.01519
HR_Spinup,1672,7,interior,a_ice,0.00001
HR_Spinup,1672,8,interior,a_ice,0.00000
HR_Spinup,1672,9,interior,a_ice,0.00000
HR_Spinup,1672,10,interior,a_ice,0.00000
HR_Spinup,1672,11,interior,a_ice,0.00191
HR_Spinup,1672,12,interior,a_ice,0.03291
HR_Spinup,1672,1,labsea,MLD2,783.01804
HR_Spinup,1672,2,labsea,MLD2,908.12787
HR_Spinup,1672,3,labsea,MLD2,1126.60996
HR_Spinup,1672,4,labsea,MLD2,1160.52045
HR_Spinup,1672,5,labsea,MLD2,589.02393
HR_Spinup,1672,6,labsea,MLD2,30.41679
HR_Spinup,1672,7,labsea,MLD2,19.74540
HR_Spinup,1672,8,labsea,MLD2,24.13987
HR_Spinup,1672,9,labsea,MLD2,36.58414
HR_Spinup,1672,10,labsea,MLD2,67.93852
HR_Spinup,1672,11,labsea,MLD2,170.14187
HR_Spinup,1672,12,labsea,MLD2,756.99751
HR_Spinup,1672,1,interior,MLD2,1271.86638
HR_Spinup,1672,2,interior,MLD2,1214.99371
HR_Spinup,1672,3,interior,MLD2,1655.91779
HR_Spinup,1672,4,interior,MLD2,1637.82112
HR_Spinup,1672,5,interior,MLD2,938.22428
HR_Spinup,1672,6,interior,MLD2,48.60297
HR_Spinup,1672,7,interior,MLD2,24.80084
HR_Spinup,1672,8,interior,MLD2,27.37165
HR_Spinup,1672,9,interior,MLD2,42.00047
HR_Spinup,1672,10,interior,MLD2,81.80143
HR_Spinup,1672,11,interior,MLD2,268.77043
HR_Spinup,1672,12,interior,MLD2,1548.63635
HR_Spinup,1673,1,labsea,a_ice,0.30490
HR_Spinup,1673,2,labsea,a_ice,0.37675
HR_Spinup,1673,3,labsea,a_ice,0.44989
HR_Spinup,1673,4,labsea,a_ice,0.37304
HR_Spinup,1673,5,labsea,a_ice,0.24281
HR_Spinup,1673,6,labsea,a_ice,0.15136
HR_Spinup,1673,7,labsea,a_ice,0.06478
HR_Spinup,1673,8,labsea,a_ice,0.01304
HR_Spinup,1673,9,labsea,a_ice,0.00997
HR_Spinup,1673,10,labsea,a_ice,0.03621
HR_Spinup,1673,11,labsea,a_ice,0.11603
HR_Spinup,1673,12,labsea,a_ice,0.33141
HR_Spinup,1673,1,interior,a_ice,0.08249
HR_Spinup,1673,2,interior,a_ice,0.16044
HR_Spinup,1673,3,interior,a_ice,0.26911
HR_Spinup,1673,4,interior,a_ice,0.21278
HR_Spinup,1673,5,interior,a_ice,0.05872
HR_Spinup,1673,6,interior,a_ice,0.01515
HR_Spinup,1673,7,interior,a_ice,0.00367
HR_Spinup,1673,8,interior,a_ice,0.00026
HR_Spinup,1673,9,interior,a_ice,0.00018
HR_Spinup,1673,10,interior,a_ice,0.00161
HR_Spinup,1673,11,interior,a_ice,0.00572
HR_Spinup,1673,12,interior,a_ice,0.15382
HR_Spinup,1673,1,labsea,MLD2,1245.93666
HR_Spinup,1673,2,labsea,MLD2,1277.13149
HR_Spinup,1673,3,labsea,MLD2,1033.92357
HR_Spinup,1673,4,labsea,MLD2,729.80970
HR_Spinup,1673,5,labsea,MLD2,406.02672
HR_Spinup,1673,6,labsea,MLD2,40.83670
HR_Spinup,1673,7,labsea,MLD2,19.66556
HR_Spinup,1673,8,labsea,MLD2,15.83079
HR_Spinup,1673,9,labsea,MLD2,26.84862
HR_Spinup,1673,10,labsea,MLD2,41.12508
HR_Spinup,1673,11,labsea,MLD2,131.76923
HR_Spinup,1673,12,labsea,MLD2,513.40378
HR_Spinup,1673,1,interior,MLD2,2127.16890
HR_Spinup,1673,2,interior,MLD2,1963.27686
HR_Spinup,1673,3,interior,MLD2,1521.32757
HR_Spinup,1673,4,interior,MLD2,1118.04839
HR_Spinup,1673,5,interior,MLD2,540.77343
HR_Spinup,1673,6,interior,MLD2,49.75983
HR_Spinup,1673,7,interior,MLD2,23.17090
HR_Spinup,1673,8,interior,MLD2,18.62245
HR_Spinup,1673,9,interior,MLD2,32.36774
HR_Spinup,1673,10,interior,MLD2,51.40157
HR_Spinup,1673,11,interior,MLD2,229.53700
HR_Spinup,1673,12,interior,MLD2,987.09918
HR_Spinup,1674,1,labsea,a_ice,0.50062
HR_Spinup,1674,2,labsea,a_ice,0.54283
HR_Spinup,1674,3,labsea,a_ice,0.60531
HR_Spinup,1674,4,labsea,a_ice,0.49236
HR_Spinup,1674,5,labsea,a_ice,0.31281
HR_Spinup,1674,6,labsea,a_ice,0.19990
HR_Spinup,1674,7,labsea,a_ice,0.07273
HR_Spinup,1674,8,labsea,a_ice,0.02638
HR_Spinup,1674,9,labsea,a_ice,0.01620
HR_Spinup,1674,10,labsea,a_ice,0.02773
HR_Spinup,1674,11,labsea,a_ice,0.08183
HR_Spinup,1674,12,labsea,a_ice,0.20479
HR_Spinup,1674,1,interior,a_ice,0.48073
HR_Spinup,1674,2,interior,a_ice,0.56650
HR_Spinup,1674,3,interior,a_ice,0.67058
HR_Spinup,1674,4,interior,a_ice,0.45738
HR_Spinup,1674,5,interior,a_ice,0.14237
HR_Spinup,1674,6,interior,a_ice,0.06642
HR_Spinup,1674,7,interior,a_ice,0.01113
HR_Spinup,1674,8,interior,a_ice,0.00000
HR_Spinup,1674,9,interior,a_ice,0.00000
HR_Spinup,1674,10,interior,a_ice,0.00007
HR_Spinup,1674,11,interior,a_ice,0.00110
HR_Spinup,1674,12,interior,a_ice,0.00843
HR_Spinup,1674,1,labsea,MLD2,754.86885
HR_Spinup,1674,2,labsea,MLD2,686.31638
HR_Spinup,1674,3,labsea,MLD2,566.86907
HR_Spinup,1674,4,labsea,MLD2,337.45773
HR_Spinup,1674,5,labsea,MLD2,161.16308
HR_Spinup,1674,6,labsea,MLD2,33.67063
HR_Spinup,1674,7,labsea,MLD2,19.08067
HR_Spinup,1674,8,labsea,MLD2,24.39523
HR_Spinup,1674,9,labsea,MLD2,35.12786
HR_Spinup,1674,10,labsea,MLD2,48.47532
HR_Spinup,1674,11,labsea,MLD2,91.36456
HR_Spinup,1674,12,labsea,MLD2,208.38150
HR_Spinup,1674,1,interior,MLD2,934.58328
HR_Spinup,1674,2,interior,MLD2,574.17002
HR_Spinup,1674,3,interior,MLD2,294.05193
HR_Spinup,1674,4,interior,MLD2,118.65500
HR_Spinup,1674,5,interior,MLD2,48.69720
HR_Spinup,1674,6,interior,MLD2,32.54378
HR_Spinup,1674,7,interior,MLD2,21.50251
HR_Spinup,1674,8,interior,MLD2,29.04032
HR_Spinup,1674,9,interior,MLD2,42.10315
HR_Spinup,1674,10,interior,MLD2,59.04103
HR_Spinup,1674,11,interior,MLD2,127.89412
HR_Spinup,1674,12,interior,MLD2,450.94082
HR_Spinup,1675,1,labsea,a_ice,0.32492
HR_Spinup,1675,2,labsea,a_ice,0.34009
HR_Spinup,1675,3,labsea,a_ice,0.33932
HR_Spinup,1675,4,labsea,a_ice,0.36508
HR_Spinup,1675,5,labsea,a_ice,0.25128
HR_Spinup,1675,6,labsea,a_ice,0.07950
HR_Spinup,1675,7,labsea,a_ice,0.00517
HR_Spinup,1675,8,labsea,a_ice,0.00000
HR_Spinup,1675,9,labsea,a_ice,0.00006
HR_Spinup,1675,10,labsea,a_ice,0.00805
HR_Spinup,1675,11,labsea,a_ice,0.05125
HR_Spinup,1675,12,labsea,a_ice,0.17571
HR_Spinup,1675,1,interior,a_ice,0.09488
HR_Spinup,1675,2,interior,a_ice,0.10069
HR_Spinup,1675,3,interior,a_ice,0.12752
HR_Spinup,1675,4,interior,a_ice,0.18370
HR_Spinup,1675,5,interior,a_ice,0.14739
HR_Spinup,1675,6,interior,a_ice,0.02402
HR_Spinup,1675,7,interior,a_ice,0.00038
HR_Spinup,1675,8,interior,a_ice,0.00000
HR_Spinup,1675,9,interior,a_ice,0.00000
HR_Spinup,1675,10,interior,a_ice,0.00000
HR_Spinup,1675,11,interior,a_ice,0.00331
HR_Spinup,1675,12,interior,a_ice,0.02362
HR_Spinup,1675,1,labsea,MLD2,537.16372
HR_Spinup,1675,2,labsea,MLD2,728.34082
HR_Spinup,1675,3,labsea,MLD2,785.27593
HR_Spinup,1675,4,labsea,MLD2,690.82726
HR_Spinup,1675,5,labsea,MLD2,401.87132
HR_Spinup,1675,6,labsea,MLD2,27.64018
HR_Spinup,1675,7,labsea,MLD2,16.41444
HR_Spinup,1675,8,labsea,MLD2,20.40676
HR_Spinup,1675,9,labsea,MLD2,30.60052
HR_Spinup,1675,10,labsea,MLD2,64.75848
HR_Spinup,1675,11,labsea,MLD2,96.36973
HR_Spinup,1675,12,labsea,MLD2,195.84877
HR_Spinup,1675,1,interior,MLD2,1179.17724
HR_Spinup,1675,2,interior,MLD2,1393.50994
HR_Spinup,1675,3,interior,MLD2,1537.59451
HR_Spinup,1675,4,interior,MLD2,1395.29498
HR_Spinup,1675,5,interior,MLD2,942.60048
HR_Spinup,1675,6,interior,MLD2,47.74300
HR_Spinup,1675,7,interior,MLD2,18.92034
HR_Spinup,1675,8,interior,MLD2,24.45610
HR_Spinup,1675,9,interior,MLD2,33.45227
HR_Spinup,1675,10,interior,MLD2,66.81247
HR_Spinup,1675,11,interior,MLD2,120.04012
HR_Spinup,1675,12,interior,MLD2,303.62526
HR_Spinup,1676,1,labsea,a_ice,0.24499
HR_Spinup,1676,2,labsea,a_ice,0.35676
HR_Spinup,1676,3,labsea,a_ice,0.43486
HR_Spinup,1676,4,labsea,a_ice,0.40617
HR_Spinup,1676,5,labsea,a_ice,0.32733
HR_Spinup,1676,6,labsea,a_ice,0.23125
HR_Spinup,1676,7,labsea,a_ice,0.08808
HR_Spinup,1676,8,labsea,a_ice,0.00689
HR_Spinup,1676,9,labsea,a_ice,0.00010
HR_Spinup,1676,10,labsea,a_ice,0.00221
HR_Spinup,1676,11,labsea,a_ice,0.08631
HR_Spinup,1676,12,labsea,a_ice,0.20163
HR_Spinup,1676,1,interior,a_ice,0.04635
HR_Spinup,1676,2,interior,a_ice,0.15573
HR_Spinup,1676,3,interior,a_ice,0.23488
HR_Spinup,1676,4,interior,a_ice,0.22544
HR_Spinup,1676,5,interior,a_ice,0.14113
HR_Spinup,1676,6,interior,a_ice,0.09602
HR_Spinup,1676,7,interior,a_ice,0.01862
HR_Spinup,1676,8,interior,a_ice,0.00000
HR_Spinup,1676,9,interior,a_ice,0.00000
HR_Spinup,1676,10,interior,a_ice,0.00000
HR_Spinup,1676,11,interior,a_ice,0.00217
HR_Spinup,1676,12,interior,a_ice,0.01949
HR_Spinup,1676,1,labsea,MLD2,520.33737
HR_Spinup,1676,2,labsea,MLD2,1022.07808
HR_Spinup,1676,3,labsea,MLD2,916.05361
HR_Spinup,1676,4,labsea,MLD2,734.97122
HR_Spinup,1676,5,labsea,MLD2,325.97284
HR_Spinup,1676,6,labsea,MLD2,40.67656
HR_Spinup,1676,7,labsea,MLD2,15.09901
HR_Spinup,1676,8,labsea,MLD2,22.51517
HR_Spinup,1676,9,labsea,MLD2,28.14112
HR_Spinup,1676,10,labsea,MLD2,40.55211
HR_Spinup,1676,11,labsea,MLD2,85.30389
HR_Spinup,1676,12,labsea,MLD2,132.62589
HR_Spinup,1676,1,interior,MLD2,1077.84474
HR_Spinup,1676,2,interior,MLD2,1797.37777
HR_Spinup,1676,3,interior,MLD2,1511.75984
HR_Spinup,1676,4,interior,MLD2,1285.95871
HR_Spinup,1676,5,interior,MLD2,608.28969
HR_Spinup,1676,6,interior,MLD2,75.22750
HR_Spinup,1676,7,interior,MLD2,16.76246
HR_Spinup,1676,8,interior,MLD2,26.84426
HR_Spinup,1676,9,interior,MLD2,35.16060
HR_Spinup,1676,10,interior,MLD2,48.75188
HR_Spinup,1676,11,interior,MLD2,120.37323
HR_Spinup,1676,12,interior,MLD2,232.96756
HR_Spinup,1677,1,labsea,a_ice,0.30566
HR_Spinup,1677,2,labsea,a_ice,0.40923
HR_Spinup,1677,3,labsea,a_ice,0.38526
HR_Spinup,1677,4,labsea,a_ice,0.34227
HR_Spinup,1677,5,labsea,a_ice,0.26371
HR_Spinup,1677,6,labsea,a_ice,0.10769
HR_Spinup,1677,7,labsea,a_ice,0.02810
HR_Spinup,1677,8,labsea,a_ice,0.00247
HR_Spinup,1677,9,labsea,a_ice,0.00000
HR_Spinup,1677,10,labsea,a_ice,0.00024
HR_Spinup,1677,11,labsea,a_ice,0.04080
HR_Spinup,1677,12,labsea,a_ice,0.18982
HR_Spinup,1677,1,interior,a_ice,0.10258
HR_Spinup,1677,2,interior,a_ice,0.18931
HR_Spinup,1677,3,interior,a_ice,0.16549
HR_Spinup,1677,4,interior,a_ice,0.15036
HR_Spinup,1677,5,interior,a_ice,0.08706
HR_Spinup,1677,6,interior,a_ice,0.01523
HR_Spinup,1677,7,interior,a_ice,0.00007
HR_Spinup,1677,8,interior,a_ice,0.00000
HR_Spinup,1677,9,interior,a_ice,0.00000
HR_Spinup,1677,10,interior,a_ice,0.00000
HR_Spinup,1677,11,interior,a_ice,0.00002
HR_Spinup,1677,12,interior,a_ice,0.02162
HR_Spinup,1677,1,labsea,MLD2,556.76353
HR_Spinup,1677,2,labsea,MLD2,1007.74785
HR_Spinup,1677,3,labsea,MLD2,929.88143
HR_Spinup,1677,4,labsea,MLD2,919.61159
HR_Spinup,1677,5,labsea,MLD2,321.38386
HR_Spinup,1677,6,labsea,MLD2,33.47888
HR_Spinup,1677,7,labsea,MLD2,18.13592
HR_Spinup,1677,8,labsea,MLD2,21.62272
HR_Spinup,1677,9,labsea,MLD2,32.10774
HR_Spinup,1677,10,labsea,MLD2,38.62423
HR_Spinup,1677,11,labsea,MLD2,89.32536
HR_Spinup,1677,12,labsea,MLD2,291.14168
HR_Spinup,1677,1,interior,MLD2,1088.65627
HR_Spinup,1677,2,interior,MLD2,1750.52010
HR_Spinup,1677,3,interior,MLD2,1502.51016
HR_Spinup,1677,4,interior,MLD2,1417.36385
HR_Spinup,1677,5,interior,MLD2,540.58700
HR_Spinup,1677,6,interior,MLD2,41.59699
HR_Spinup,1677,7,interior,MLD2,22.94894
HR_Spinup,1677,8,interior,MLD2,27.82704
HR_Spinup,1677,9,interior,MLD2,39.07640
HR_Spinup,1677,10,interior,MLD2,50.71951
HR_Spinup,1677,11,interior,MLD2,126.54308
HR_Spinup,1677,12,interior,MLD2,480.65025
HR_Spinup,1678,1,labsea,a_ice,0.26892
HR_Spinup,1678,2,labsea,a_ice,0.33518
HR_Spinup,1678,3,labsea,a_ice,0.38237
HR_Spinup,1678,4,labsea,a_ice,0.33843
HR_Spinup,1678,5,labsea,a_ice,0.23667
HR_Spinup,1678,6,labsea,a_ice,0.09612
HR_Spinup,1678,7,labsea,a_ice,0.02118
HR_Spinup,1678,8,labsea,a_ice,0.00036
HR_Spinup,1678,9,labsea,a_ice,0.00000
HR_Spinup,1678,10,labsea,a_ice,0.00080
HR_Spinup,1678,11,labsea,a_ice,0.04132
HR_Spinup,1678,12,labsea,a_ice,0.15652
HR_Spinup,1678,1,interior,a_ice,0.04364
HR_Spinup,1678,2,interior,a_ice,0.12174
HR_Spinup,1678,3,interior,a_ice,0.17904
HR_Spinup,1678,4,interior,a_ice,0.12154
HR_Spinup,1678,5,interior,a_ice,0.08210
HR_Spinup,1678,6,interior,a_ice,0.00468
HR_Spinup,1678,7,interior,a_ice,0.00018
HR_Spinup,1678,8,interior,a_ice,0.00000
HR_Spinup,1678,9,interior,a_ice,0.00000
HR_Spinup,1678,10,interior,a_ice,0.00000
HR_Spinup,1678,11,interior,a_ice,0.00095
HR_Spinup,1678,12,interior,a_ice,0.01142
HR_Spinup,1678,1,labsea,MLD2,1014.01702
HR_Spinup,1678,2,labsea,MLD2,1238.44244
HR_Spinup,1678,3,labsea,MLD2,1138.74747
HR_Spinup,1678,4,labsea,MLD2,988.01503
HR_Spinup,1678,5,labsea,MLD2,567.09399
HR_Spinup,1678,6,labsea,MLD2,38.99380
HR_Spinup,1678,7,labsea,MLD2,22.23817
HR_Spinup,1678,8,labsea,MLD2,20.61060
HR_Spinup,1678,9,labsea,MLD2,33.27280
HR_Spinup,1678,10,labsea,MLD2,45.50311
HR_Spinup,1678,11,labsea,MLD2,100.09456
HR_Spinup,1678,12,labsea,MLD2,463.37291
HR_Spinup,1678,1,interior,MLD2,1961.13622
HR_Spinup,1678,2,interior,MLD2,2094.89831
HR_Spinup,1678,3,interior,MLD2,1906.26075
HR_Spinup,1678,4,interior,MLD2,1479.76568
HR_Spinup,1678,5,interior,MLD2,901.70511
HR_Spinup,1678,6,interior,MLD2,68.68049
HR_Spinup,1678,7,interior,MLD2,28.96540
HR_Spinup,1678,8,interior,MLD2,24.74336
HR_Spinup,1678,9,interior,MLD2,40.88680
HR_Spinup,1678,10,interior,MLD2,53.42059
HR_Spinup,1678,11,interior,MLD2,124.53893
HR_Spinup,1678,12,interior,MLD2,753.81340
HR_Spinup,1679,1,labsea,a_ice,0.25753
HR_Spinup,1679,2,labsea,a_ice,0.28643
HR_Spinup,1679,3,labsea,a_ice,0.35239
HR_Spinup,1679,4,labsea,a_ice,0.32076
HR_Spinup,1679,5,labsea,a_ice,0.25153
HR_Spinup,1679,6,labsea,a_ice,0.15607
HR_Spinup,1679,7,labsea,a_ice,0.01811
HR_Spinup,1679,8,labsea,a_ice,0.00000
HR_Spinup,1679,9,labsea,a_ice,0.00002
HR_Spinup,1679,10,labsea,a_ice,0.01617
HR_Spinup,1679,11,labsea,a_ice,0.11494
HR_Spinup,1679,12,labsea,a_ice,0.25362
HR_Spinup,1679,1,interior,a_ice,0.04346
HR_Spinup,1679,2,interior,a_ice,0.07628
HR_Spinup,1679,3,interior,a_ice,0.12333
HR_Spinup,1679,4,interior,a_ice,0.10005
HR_Spinup,1679,5,interior,a_ice,0.05958
HR_Spinup,1679,6,interior,a_ice,0.03190
HR_Spinup,1679,7,interior,a_ice,0.00452
HR_Spinup,1679,8,interior,a_ice,0.00000
HR_Spinup,1679,9,interior,a_ice,0.00000
HR_Spinup,1679,10,interior,a_ice,0.00023
HR_Spinup,1679,11,interior,a_ice,0.01253
HR_Spinup,1679,12,interior,a_ice,0.04055
HR_Spinup,1679,1,labsea,MLD2,1101.80075
HR_Spinup,1679,2,labsea,MLD2,1183.09841
HR_Spinup,1679,3,labsea,MLD2,1148.61333
HR_Spinup,1679,4,labsea,MLD2,951.78214
HR_Spinup,1679,5,labsea,MLD2,390.98048
HR_Spinup,1679,6,labsea,MLD2,22.34761
HR_Spinup,1679,7,labsea,MLD2,15.54377
HR_Spinup,1679,8,labsea,MLD2,22.91118
HR_Spinup,1679,9,labsea,MLD2,30.37904
HR_Spinup,1679,10,labsea,MLD2,64.85223
HR_Spinup,1679,11,labsea,MLD2,154.50773
HR_Spinup,1679,12,labsea,MLD2,485.42110
HR_Spinup,1679,1,interior,MLD2,1997.21981
HR_Spinup,1679,2,interior,MLD2,2192.72172
HR_Spinup,1679,3,interior,MLD2,1998.03851
HR_Spinup,1679,4,interior,MLD2,1571.17609
HR_Spinup,1679,5,interior,MLD2,737.15916
HR_Spinup,1679,6,interior,MLD2,28.27024
HR_Spinup,1679,7,interior,MLD2,18.78458
HR_Spinup,1679,8,interior,MLD2,28.20148
HR_Spinup,1679,9,interior,MLD2,36.64771
HR_Spinup,1679,10,interior,MLD2,89.42217
HR_Spinup,1679,11,interior,MLD2,256.31342
HR_Spinup,1679,12,interior,MLD2,902.16416
