LR02_CMIP7hist_noMR,1850,1,labsea,a_ice,0.32872
LR02_CMIP7hist_noMR,1850,2,labsea,a_ice,0.39742
LR02_CMIP7hist_noMR,1850,3,labsea,a_ice,0.43349
LR02_CMIP7hist_noMR,1850,4,labsea,a_ice,0.39187
LR02_CMIP7hist_noMR,1850,5,labsea,a_ice,0.30954
LR02_CMIP7hist_noMR,1850,6,labsea,a_ice,0.17824
LR02_CMIP7hist_noMR,1850,7,labsea,a_ice,0.06154
LR02_CMIP7hist_noMR,1850,8,labsea,a_ice,0.00874
LR02_CMIP7hist_noMR,1850,9,labsea,a_ice,0.00015
LR02_CMIP7hist_noMR,1850,10,labsea,a_ice,0.00120
LR02_CMIP7hist_noMR,1850,11,labsea,a_ice,0.02477
LR02_CMIP7hist_noMR,1850,12,labsea,a_ice,0.24578
LR02_CMIP7hist_noMR,1850,1,interior,a_ice,0.15151
LR02_CMIP7hist_noMR,1850,2,interior,a_ice,0.22299
LR02_CMIP7hist_noMR,1850,3,interior,a_ice,0.27448
LR02_CMIP7hist_noMR,1850,4,interior,a_ice,0.21520
LR02_CMIP7hist_noMR,1850,5,interior,a_ice,0.15504
LR02_CMIP7hist_noMR,1850,6,interior,a_ice,0.02483
LR02_CMIP7hist_noMR,1850,7,interior,a_ice,0.00002
LR02_CMIP7hist_noMR,1850,8,interior,a_ice,0.00000
LR02_CMIP7hist_noMR,1850,9,interior,a_ice,0.00000
LR02_CMIP7hist_noMR,1850,10,interior,a_ice,0.00000
LR02_CMIP7hist_noMR,1850,11,interior,a_ice,0.00070
LR02_CMIP7hist_noMR,1850,12,interior,a_ice,0.08866
LR02_CMIP7hist_noMR,1850,1,labsea,MLD2,701.18274
LR02_CMIP7hist_noMR,1850,2,labsea,MLD2,837.77082
LR02_CMIP7hist_noMR,1850,3,labsea,MLD2,897.90025
LR02_CMIP7hist_noMR,1850,4,labsea,MLD2,549.19408
LR02_CMIP7hist_noMR,1850,5,labsea,MLD2,133.10872
LR02_CMIP7hist_noMR,1850,6,labsea,MLD2,15.67922
LR02_CMIP7hist_noMR,1850,7,labsea,MLD2,13.01221
LR02_CMIP7hist_noMR,1850,8,labsea,MLD2,14.47165
LR02_CMIP7hist_noMR,1850,9,labsea,MLD2,18.06613
LR02_CMIP7hist_noMR,1850,10,labsea,MLD2,23.50705
LR02_CMIP7hist_noMR,1850,11,labsea,MLD2,35.07111
LR02_CMIP7hist_noMR,1850,12,labsea,MLD2,91.05933
LR02_CMIP7hist_noMR,1850,1,interior,MLD2,1494.85140
LR02_CMIP7hist_noMR,1850,2,interior,MLD2,1765.33776
LR02_CMIP7hist_noMR,1850,3,interior,MLD2,1722.39711
LR02_CMIP7hist_noMR,1850,4,interior,MLD2,1059.89800
LR02_CMIP7hist_noMR,1850,5,interior,MLD2,309.19494
LR02_CMIP7hist_noMR,1850,6,interior,MLD2,14.71394
LR02_CMIP7hist_noMR,1850,7,interior,MLD2,14.42518
LR02_CMIP7hist_noMR,1850,8,interior,MLD2,15.81853
LR02_CMIP7hist_noMR,1850,9,interior,MLD2,18.84321
LR02_CMIP7hist_noMR,1850,10,interior,MLD2,25.35012
LR02_CMIP7hist_noMR,1850,11,interior,MLD2,36.20889
LR02_CMIP7hist_noMR,1850,12,interior,MLD2,108.31443
LR02_CMIP7hist_noMR,1851,1,labsea,a_ice,0.45862
LR02_CMIP7hist_noMR,1851,2,labsea,a_ice,0.51415
LR02_CMIP7hist_noMR,1851,3,labsea,a_ice,0.54374
LR02_CMIP7hist_noMR,1851,4,labsea,a_ice,0.51033
LR02_CMIP7hist_noMR,1851,5,labsea,a_ice,0.44399
LR02_CMIP7hist_noMR,1851,6,labsea,a_ice,0.29601
LR02_CMIP7hist_noMR,1851,7,labsea,a_ice,0.11723
LR02_CMIP7hist_noMR,1851,8,labsea,a_ice,0.01572
LR02_CMIP7hist_noMR,1851,9,labsea,a_ice,0.00110
LR02_CMIP7hist_noMR,1851,10,labsea,a_ice,0.00053
LR02_CMIP7hist_noMR,1851,11,labsea,a_ice,0.04972
LR02_CMIP7hist_noMR,1851,12,labsea,a_ice,0.23616
LR02_CMIP7hist_noMR,1851,1,interior,a_ice,0.32490
LR02_CMIP7hist_noMR,1851,2,interior,a_ice,0.50065
LR02_CMIP7hist_noMR,1851,3,interior,a_ice,0.59701
LR02_CMIP7hist_noMR,1851,4,interior,a_ice,0.46274
LR02_CMIP7hist_noMR,1851,5,interior,a_ice,0.31926
LR02_CMIP7hist_noMR,1851,6,interior,a_ice,0.10168
LR02_CMIP7hist_noMR,1851,7,interior,a_ice,0.01909
LR02_CMIP7hist_noMR,1851,8,interior,a_ice,0.00106
LR02_CMIP7hist_noMR,1851,9,interior,a_ice,0.00008
LR02_CMIP7hist_noMR,1851,10,interior,a_ice,0.00000
LR02_CMIP7hist_noMR,1851,11,interior,a_ice,0.00106
LR02_CMIP7hist_noMR,1851,12,interior,a_ice,0.05303
LR02_CMIP7hist_noMR,1851,1,labsea,MLD2,447.62819
LR02_CMIP7hist_noMR,1851,2,labsea,MLD2,774.07973
LR02_CMIP7hist_noMR,1851,3,labsea,MLD2,618.43120
LR02_CMIP7hist_noMR,1851,4,labsea,MLD2,391.70496
LR02_CMIP7hist_noMR,1851,5,labsea,MLD2,135.35785
LR02_CMIP7hist_noMR,1851,6,labsea,MLD2,16.40799
LR02_CMIP7hist_noMR,1851,7,labsea,MLD2,12.02316
LR02_CMIP7hist_noMR,1851,8,labsea,MLD2,12.57768
LR02_CMIP7hist_noMR,1851,9,labsea,MLD2,16.35348
LR02_CMIP7hist_noMR,1851,10,labsea,MLD2,19.77966
LR02_CMIP7hist_noMR,1851,11,labsea,MLD2,35.81975
LR02_CMIP7hist_noMR,1851,12,labsea,MLD2,69.08109
LR02_CMIP7hist_noMR,1851,1,interior,MLD2,743.90462
LR02_CMIP7hist_noMR,1851,2,interior,MLD2,966.63857
LR02_CMIP7hist_noMR,1851,3,interior,MLD2,570.70374
LR02_CMIP7hist_noMR,1851,4,interior,MLD2,287.02626
LR02_CMIP7hist_noMR,1851,5,interior,MLD2,69.99281
LR02_CMIP7hist_noMR,1851,6,interior,MLD2,17.20971
LR02_CMIP7hist_noMR,1851,7,interior,MLD2,13.92954
LR02_CMIP7hist_noMR,1851,8,interior,MLD2,14.42681
LR02_CMIP7hist_noMR,1851,9,interior,MLD2,16.25581
LR02_CMIP7hist_noMR,1851,10,interior,MLD2,20.21939
LR02_CMIP7hist_noMR,1851,11,interior,MLD2,34.51426
LR02_CMIP7hist_noMR,1851,12,interior,MLD2,63.89256
LR02_CMIP7hist_noMR,1852,1,labsea,a_ice,0.55136
LR02_CMIP7hist_noMR,1852,2,labsea,a_ice,0.61450
LR02_CMIP7hist_noMR,1852,3,labsea,a_ice,0.72467
LR02_CMIP7hist_noMR,1852,4,labsea,a_ice,0.68087
LR02_CMIP7hist_noMR,1852,5,labsea,a_ice,0.53125
LR02_CMIP7hist_noMR,1852,6,labsea,a_ice,0.26560
LR02_CMIP7hist_noMR,1852,7,labsea,a_ice,0.03630
LR02_CMIP7hist_noMR,1852,8,labsea,a_ice,0.00244
LR02_CMIP7hist_noMR,1852,9,labsea,a_ice,0.00004
LR02_CMIP7hist_noMR,1852,10,labsea,a_ice,0.00001
LR02_CMIP7hist_noMR,1852,11,labsea,a_ice,0.02951
LR02_CMIP7hist_noMR,1852,12,labsea,a_ice,0.22408
LR02_CMIP7hist_noMR,1852,1,interior,a_ice,0.47394
LR02_CMIP7hist_noMR,1852,2,interior,a_ice,0.51834
LR02_CMIP7hist_noMR,1852,3,interior,a_ice,0.77139
LR02_CMIP7hist_noMR,1852,4,interior,a_ice,0.77411
LR02_CMIP7hist_noMR,1852,5,interior,a_ice,0.56722
LR02_CMIP7hist_noMR,1852,6,interior,a_ice,0.18664
LR02_CMIP7hist_noMR,1852,7,interior,a_ice,0.00473
LR02_CMIP7hist_noMR,1852,8,interior,a_ice,0.00000
LR02_CMIP7hist_noMR,1852,9,interior,a_ice,0.00000
LR02_CMIP7hist_noMR,1852,10,interior,a_ice,0.00000
LR02_CMIP7hist_noMR,1852,11,interior,a_ice,0.00002
LR02_CMIP7hist_noMR,1852,12,interior,a_ice,0.09593
LR02_CMIP7hist_noMR,1852,1,labsea,MLD2,281.09805
LR02_CMIP7hist_noMR,1852,2,labsea,MLD2,470.38466
LR02_CMIP7hist_noMR,1852,3,labsea,MLD2,313.17764
LR02_CMIP7hist_noMR,1852,4,labsea,MLD2,116.78245
LR02_CMIP7hist_noMR,1852,5,labsea,MLD2,23.22579
LR02_CMIP7hist_noMR,1852,6,labsea,MLD2,11.40140
LR02_CMIP7hist_noMR,1852,7,labsea,MLD2,10.78391
LR02_CMIP7hist_noMR,1852,8,labsea,MLD2,12.12224
LR02_CMIP7hist_noMR,1852,9,labsea,MLD2,15.35209
LR02_CMIP7hist_noMR,1852,10,labsea,MLD2,20.05067
LR02_CMIP7hist_noMR,1852,11,labsea,MLD2,29.30976
LR02_CMIP7hist_noMR,1852,12,labsea,MLD2,46.84906
LR02_CMIP7hist_noMR,1852,1,interior,MLD2,392.78235
LR02_CMIP7hist_noMR,1852,2,interior,MLD2,651.90247
LR02_CMIP7hist_noMR,1852,3,interior,MLD2,284.32706
LR02_CMIP7hist_noMR,1852,4,interior,MLD2,46.21900
LR02_CMIP7hist_noMR,1852,5,interior,MLD2,22.68909
LR02_CMIP7hist_noMR,1852,6,interior,MLD2,12.18888
LR02_CMIP7hist_noMR,1852,7,interior,MLD2,12.36020
LR02_CMIP7hist_noMR,1852,8,interior,MLD2,13.60797
LR02_CMIP7hist_noMR,1852,9,interior,MLD2,15.84639
LR02_CMIP7hist_noMR,1852,10,interior,MLD2,21.13243
LR02_CMIP7hist_noMR,1852,11,interior,MLD2,30.28265
LR02_CMIP7hist_noMR,1852,12,interior,MLD2,40.29393
LR02_CMIP7hist_noMR,1853,1,labsea,a_ice,0.62850
LR02_CMIP7hist_noMR,1853,2,labsea,a_ice,0.73863
LR02_CMIP7hist_noMR,1853,3,labsea,a_ice,0.71481
LR02_CMIP7hist_noMR,1853,4,labsea,a_ice,0.70177
LR02_CMIP7hist_noMR,1853,5,labsea,a_ice,0.57692
LR02_CMIP7hist_noMR,1853,6,labsea,a_ice,0.33204
LR02_CMIP7hist_noMR,1853,7,labsea,a_ice,0.09275
LR02_CMIP7hist_noMR,1853,8,labsea,a_ice,0.00598
LR02_CMIP7hist_noMR,1853,9,labsea,a_ice,0.00003
LR02_CMIP7hist_noMR,1853,10,labsea,a_ice,0.00084
LR02_CMIP7hist_noMR,1853,11,labsea,a_ice,0.02169
LR02_CMIP7hist_noMR,1853,12,labsea,a_ice,0.26235
LR02_CMIP7hist_noMR,1853,1,interior,a_ice,0.67181
LR02_CMIP7hist_noMR,1853,2,interior,a_ice,0.83230
LR02_CMIP7hist_noMR,1853,3,interior,a_ice,0.83301
LR02_CMIP7hist_noMR,1853,4,interior,a_ice,0.74151
LR02_CMIP7hist_noMR,1853,5,interior,a_ice,0.50143
LR02_CMIP7hist_noMR,1853,6,interior,a_ice,0.21840
LR02_CMIP7hist_noMR,1853,7,interior,a_ice,0.04137
LR02_CMIP7hist_noMR,1853,8,interior,a_ice,0.00001
LR02_CMIP7hist_noMR,1853,9,interior,a_ice,0.00000
LR02_CMIP7hist_noMR,1853,10,interior,a_ice,0.00000
LR02_CMIP7hist_noMR,1853,11,interior,a_ice,0.00037
LR02_CMIP7hist_noMR,1853,12,interior,a_ice,0.13828
LR02_CMIP7hist_noMR,1853,1,labsea,MLD2,160.82202
LR02_CMIP7hist_noMR,1853,2,labsea,MLD2,241.77288
LR02_CMIP7hist_noMR,1853,3,labsea,MLD2,233.75207
LR02_CMIP7hist_noMR,1853,4,labsea,MLD2,118.28319
LR02_CMIP7hist_noMR,1853,5,labsea,MLD2,23.18568
LR02_CMIP7hist_noMR,1853,6,labsea,MLD2,11.41554
LR02_CMIP7hist_noMR,1853,7,labsea,MLD2,12.04812
LR02_CMIP7hist_noMR,1853,8,labsea,MLD2,12.48692
LR02_CMIP7hist_noMR,1853,9,labsea,MLD2,17.52309
LR02_CMIP7hist_noMR,1853,10,labsea,MLD2,21.83852
LR02_CMIP7hist_noMR,1853,11,labsea,MLD2,26.54640
LR02_CMIP7hist_noMR,1853,12,labsea,MLD2,36.35334
LR02_CMIP7hist_noMR,1853,1,interior,MLD2,115.62048
LR02_CMIP7hist_noMR,1853,2,interior,MLD2,173.16324
LR02_CMIP7hist_noMR,1853,3,interior,MLD2,75.58269
LR02_CMIP7hist_noMR,1853,4,interior,MLD2,52.13417
LR02_CMIP7hist_noMR,1853,5,interior,MLD2,23.05633
LR02_CMIP7hist_noMR,1853,6,interior,MLD2,11.80874
LR02_CMIP7hist_noMR,1853,7,interior,MLD2,13.83397
LR02_CMIP7hist_noMR,1853,8,interior,MLD2,14.49208
LR02_CMIP7hist_noMR,1853,9,interior,MLD2,19.79860
LR02_CMIP7hist_noMR,1853,10,interior,MLD2,25.25443
LR02_CMIP7hist_noMR,1853,11,interior,MLD2,28.17974
LR02_CMIP7hist_noMR,1853,12,interior,MLD2,33.68886
LR02_CMIP7hist_noMR,1854,1,labsea,a_ice,0.60825
LR02_CMIP7hist_noMR,1854,2,labsea,a_ice,0.74508
LR02_CMIP7hist_noMR,1854,3,labsea,a_ice,0.73669
LR02_CMIP7hist_noMR,1854,4,labsea,a_ice,0.60112
LR02_CMIP7hist_noMR,1854,5,labsea,a_ice,0.40802
LR02_CMIP7hist_noMR,1854,6,labsea,a_ice,0.20624
LR02_CMIP7hist_noMR,1854,7,labsea,a_ice,0.05671
LR02_CMIP7hist_noMR,1854,8,labsea,a_ice,0.01882
LR02_CMIP7hist_noMR,1854,9,labsea,a_ice,0.00478
LR02_CMIP7hist_noMR,1854,10,labsea,a_ice,0.01437
LR02_CMIP7hist_noMR,1854,11,labsea,a_ice,0.07981
LR02_CMIP7hist_noMR,1854,12,labsea,a_ice,0.33771
LR02_CMIP7hist_noMR,1854,1,interior,a_ice,0.65433
LR02_CMIP7hist_noMR,1854,2,interior,a_ice,0.80888
LR02_CMIP7hist_noMR,1854,3,interior,a_ice,0.75324
LR02_CMIP7hist_noMR,1854,4,interior,a_ice,0.56092
LR02_CMIP7hist_noMR,1854,5,interior,a_ice,0.36798
LR02_CMIP7hist_noMR,1854,6,interior,a_ice,0.03958
LR02_CMIP7hist_noMR,1854,7,interior,a_ice,0.00083
LR02_CMIP7hist_noMR,1854,8,interior,a_ice,0.00000
LR02_CMIP7hist_noMR,1854,9,interior,a_ice,0.00000
LR02_CMIP7hist_noMR,1854,10,interior,a_ice,0.00000
LR02_CMIP7hist_noMR,1854,11,interior,a_ice,0.00041
LR02_CMIP7hist_noMR,1854,12,interior,a_ice,0.17979
LR02_CMIP7hist_noMR,1854,1,labsea,MLD2,89.69151
LR02_CMIP7hist_noMR,1854,2,labsea,MLD2,208.15756
LR02_CMIP7hist_noMR,1854,3,labsea,MLD2,217.86241
LR02_CMIP7hist_noMR,1854,4,labsea,MLD2,127.17168
LR02_CMIP7hist_noMR,1854,5,labsea,MLD2,27.72911
LR02_CMIP7hist_noMR,1854,6,labsea,MLD2,15.34627
LR02_CMIP7hist_noMR,1854,7,labsea,MLD2,13.64033
LR02_CMIP7hist_noMR,1854,8,labsea,MLD2,14.27300
LR02_CMIP7hist_noMR,1854,9,labsea,MLD2,16.54329
LR02_CMIP7hist_noMR,1854,10,labsea,MLD2,23.49824
LR02_CMIP7hist_noMR,1854,11,labsea,MLD2,30.57108
LR02_CMIP7hist_noMR,1854,12,labsea,MLD2,50.93205
LR02_CMIP7hist_noMR,1854,1,interior,MLD2,46.13153
LR02_CMIP7hist_noMR,1854,2,interior,MLD2,132.68413
LR02_CMIP7hist_noMR,1854,3,interior,MLD2,127.59493
LR02_CMIP7hist_noMR,1854,4,interior,MLD2,105.06728
LR02_CMIP7hist_noMR,1854,5,interior,MLD2,33.37735
LR02_CMIP7hist_noMR,1854,6,interior,MLD2,18.86603
LR02_CMIP7hist_noMR,1854,7,interior,MLD2,15.60813
LR02_CMIP7hist_noMR,1854,8,interior,MLD2,15.89050
LR02_CMIP7hist_noMR,1854,9,interior,MLD2,18.69865
LR02_CMIP7hist_noMR,1854,10,interior,MLD2,25.01716
LR02_CMIP7hist_noMR,1854,11,interior,MLD2,34.17995
LR02_CMIP7hist_noMR,1854,12,interior,MLD2,56.63834
LR02_CMIP7hist_noMR,1855,1,labsea,a_ice,0.47441
LR02_CMIP7hist_noMR,1855,2,labsea,a_ice,0.64059
LR02_CMIP7hist_noMR,1855,3,labsea,a_ice,0.70473
LR02_CMIP7hist_noMR,1855,4,labsea,a_ice,0.69617
LR02_CMIP7hist_noMR,1855,5,labsea,a_ice,0.59668
LR02_CMIP7hist_noMR,1855,6,labsea,a_ice,0.38381
LR02_CMIP7hist_noMR,1855,7,labsea,a_ice,0.10201
LR02_CMIP7hist_noMR,1855,8,labsea,a_ice,0.01840
LR02_CMIP7hist_noMR,1855,9,labsea,a_ice,0.00052
LR02_CMIP7hist_noMR,1855,10,labsea,a_ice,0.00001
LR02_CMIP7hist_noMR,1855,11,labsea,a_ice,0.03222
LR02_CMIP7hist_noMR,1855,12,labsea,a_ice,0.27416
LR02_CMIP7hist_noMR,1855,1,interior,a_ice,0.32497
LR02_CMIP7hist_noMR,1855,2,interior,a_ice,0.56163
LR02_CMIP7hist_noMR,1855,3,interior,a_ice,0.75640
LR02_CMIP7hist_noMR,1855,4,interior,a_ice,0.82407
LR02_CMIP7hist_noMR,1855,5,interior,a_ice,0.70505
LR02_CMIP7hist_noMR,1855,6,interior,a_ice,0.46917
LR02_CMIP7hist_noMR,1855,7,interior,a_ice,0.06948
LR02_CMIP7hist_noMR,1855,8,interior,a_ice,0.00000
LR02_CMIP7hist_noMR,1855,9,interior,a_ice,0.00000
LR02_CMIP7hist_noMR,1855,10,interior,a_ice,0.00000
LR02_CMIP7hist_noMR,1855,11,interior,a_ice,0.00030
LR02_CMIP7hist_noMR,1855,12,interior,a_ice,0.12269
LR02_CMIP7hist_noMR,1855,1,labsea,MLD2,187.19203
LR02_CMIP7hist_noMR,1855,2,labsea,MLD2,381.57628
LR02_CMIP7hist_noMR,1855,3,labsea,MLD2,270.92720
LR02_CMIP7hist_noMR,1855,4,labsea,MLD2,193.66472
LR02_CMIP7hist_noMR,1855,5,labsea,MLD2,46.84717
LR02_CMIP7hist_noMR,1855,6,labsea,MLD2,10.85664
LR02_CMIP7hist_noMR,1855,7,labsea,MLD2,9.14593
LR02_CMIP7hist_noMR,1855,8,labsea,MLD2,11.44332
LR02_CMIP7hist_noMR,1855,9,labsea,MLD2,14.96016
LR02_CMIP7hist_noMR,1855,10,labsea,MLD2,18.94720
LR02_CMIP7hist_noMR,1855,11,labsea,MLD2,26.67045
LR02_CMIP7hist_noMR,1855,12,labsea,MLD2,38.99214
LR02_CMIP7hist_noMR,1855,1,interior,MLD2,370.59949
LR02_CMIP7hist_noMR,1855,2,interior,MLD2,695.79672
LR02_CMIP7hist_noMR,1855,3,interior,MLD2,326.69081
LR02_CMIP7hist_noMR,1855,4,interior,MLD2,132.99697
LR02_CMIP7hist_noMR,1855,5,interior,MLD2,26.94038
LR02_CMIP7hist_noMR,1855,6,interior,MLD2,9.32418
LR02_CMIP7hist_noMR,1855,7,interior,MLD2,8.62959
LR02_CMIP7hist_noMR,1855,8,interior,MLD2,11.03935
LR02_CMIP7hist_noMR,1855,9,interior,MLD2,15.27636
LR02_CMIP7hist_noMR,1855,10,interior,MLD2,18.91304
LR02_CMIP7hist_noMR,1855,11,interior,MLD2,26.93859
LR02_CMIP7hist_noMR,1855,12,interior,MLD2,46.71611
LR02_CMIP7hist_noMR,1856,1,labsea,a_ice,0.42911
LR02_CMIP7hist_noMR,1856,2,labsea,a_ice,0.56077
LR02_CMIP7hist_noMR,1856,3,labsea,a_ice,0.75005
LR02_CMIP7hist_noMR,1856,4,labsea,a_ice,0.69825
LR02_CMIP7hist_noMR,1856,5,labsea,a_ice,0.56966
LR02_CMIP7hist_noMR,1856,6,labsea,a_ice,0.25987
LR02_CMIP7hist_noMR,1856,7,labsea,a_ice,0.03175
LR02_CMIP7hist_noMR,1856,8,labsea,a_ice,0.00009
LR02_CMIP7hist_noMR,1856,9,labsea,a_ice,0.00000
LR02_CMIP7hist_noMR,1856,10,labsea,a_ice,0.00157
LR02_CMIP7hist_noMR,1856,11,labsea,a_ice,0.06457
LR02_CMIP7hist_noMR,1856,12,labsea,a_ice,0.38593
LR02_CMIP7hist_noMR,1856,1,interior,a_ice,0.26684
LR02_CMIP7hist_noMR,1856,2,interior,a_ice,0.37437
LR02_CMIP7hist_noMR,1856,3,interior,a_ice,0.70067
LR02_CMIP7hist_noMR,1856,4,interior,a_ice,0.69589
LR02_CMIP7hist_noMR,1856,5,interior,a_ice,0.65118
LR02_CMIP7hist_noMR,1856,6,interior,a_ice,0.26600
LR02_CMIP7hist_noMR,1856,7,interior,a_ice,0.00622
LR02_CMIP7hist_noMR,1856,8,interior,a_ice,0.00000
LR02_CMIP7hist_noMR,1856,9,interior,a_ice,0.00000
LR02_CMIP7hist_noMR,1856,10,interior,a_ice,0.00000
LR02_CMIP7hist_noMR,1856,11,interior,a_ice,0.00200
LR02_CMIP7hist_noMR,1856,12,interior,a_ice,0.34978
LR02_CMIP7hist_noMR,1856,1,labsea,MLD2,86.99260
LR02_CMIP7hist_noMR,1856,2,labsea,MLD2,135.97558
LR02_CMIP7hist_noMR,1856,3,labsea,MLD2,88.44203
LR02_CMIP7hist_noMR,1856,4,labsea,MLD2,32.23921
LR02_CMIP7hist_noMR,1856,5,labsea,MLD2,14.88560
LR02_CMIP7hist_noMR,1856,6,labsea,MLD2,11.84329
LR02_CMIP7hist_noMR,1856,7,labsea,MLD2,12.08667
LR02_CMIP7hist_noMR,1856,8,labsea,MLD2,12.85460
LR02_CMIP7hist_noMR,1856,9,labsea,MLD2,15.70086
LR02_CMIP7hist_noMR,1856,10,labsea,MLD2,17.97777
LR02_CMIP7hist_noMR,1856,11,labsea,MLD2,22.32245
LR02_CMIP7hist_noMR,1856,12,labsea,MLD2,44.72268
LR02_CMIP7hist_noMR,1856,1,interior,MLD2,171.89645
LR02_CMIP7hist_noMR,1856,2,interior,MLD2,328.29484
LR02_CMIP7hist_noMR,1856,3,interior,MLD2,189.96113
LR02_CMIP7hist_noMR,1856,4,interior,MLD2,32.43598
LR02_CMIP7hist_noMR,1856,5,interior,MLD2,12.32163
LR02_CMIP7hist_noMR,1856,6,interior,MLD2,11.15270
LR02_CMIP7hist_noMR,1856,7,interior,MLD2,12.91978
LR02_CMIP7hist_noMR,1856,8,interior,MLD2,13.76341
LR02_CMIP7hist_noMR,1856,9,interior,MLD2,15.74927
LR02_CMIP7hist_noMR,1856,10,interior,MLD2,16.97714
LR02_CMIP7hist_noMR,1856,11,interior,MLD2,20.72539
LR02_CMIP7hist_noMR,1856,12,interior,MLD2,37.16686
LR02_CMIP7hist_noMR,1857,1,labsea,a_ice,0.64971
LR02_CMIP7hist_noMR,1857,2,labsea,a_ice,0.78604
LR02_CMIP7hist_noMR,1857,3,labsea,a_ice,0.80236
LR02_CMIP7hist_noMR,1857,4,labsea,a_ice,0.79055
LR02_CMIP7hist_noMR,1857,5,labsea,a_ice,0.69508
LR02_CMIP7hist_noMR,1857,6,labsea,a_ice,0.47922
LR02_CMIP7hist_noMR,1857,7,labsea,a_ice,0.22815
LR02_CMIP7hist_noMR,1857,8,labsea,a_ice,0.08305
LR02_CMIP7hist_noMR,1857,9,labsea,a_ice,0.03388
LR02_CMIP7hist_noMR,1857,10,labsea,a_ice,0.01644
LR02_CMIP7hist_noMR,1857,11,labsea,a_ice,0.06227
LR02_CMIP7hist_noMR,1857,12,labsea,a_ice,0.30987
LR02_CMIP7hist_noMR,1857,1,interior,a_ice,0.67547
LR02_CMIP7hist_noMR,1857,2,interior,a_ice,0.84694
LR02_CMIP7hist_noMR,1857,3,interior,a_ice,0.87381
LR02_CMIP7hist_noMR,1857,4,interior,a_ice,0.87022
LR02_CMIP7hist_noMR,1857,5,interior,a_ice,0.80229
LR02_CMIP7hist_noMR,1857,6,interior,a_ice,0.54125
LR02_CMIP7hist_noMR,1857,7,interior,a_ice,0.14990
LR02_CMIP7hist_noMR,1857,8,interior,a_ice,0.00605
LR02_CMIP7hist_noMR,1857,9,interior,a_ice,0.00071
LR02_CMIP7hist_noMR,1857,10,interior,a_ice,0.00011
LR02_CMIP7hist_noMR,1857,11,interior,a_ice,0.00134
LR02_CMIP7hist_noMR,1857,12,interior,a_ice,0.14233
LR02_CMIP7hist_noMR,1857,1,labsea,MLD2,148.08728
LR02_CMIP7hist_noMR,1857,2,labsea,MLD2,172.57539
LR02_CMIP7hist_noMR,1857,3,labsea,MLD2,80.18792
LR02_CMIP7hist_noMR,1857,4,labsea,MLD2,41.80889
LR02_CMIP7hist_noMR,1857,5,labsea,MLD2,21.63555
LR02_CMIP7hist_noMR,1857,6,labsea,MLD2,12.67011
LR02_CMIP7hist_noMR,1857,7,labsea,MLD2,10.81267
LR02_CMIP7hist_noMR,1857,8,labsea,MLD2,11.45707
LR02_CMIP7hist_noMR,1857,9,labsea,MLD2,14.98906
LR02_CMIP7hist_noMR,1857,10,labsea,MLD2,17.10047
LR02_CMIP7hist_noMR,1857,11,labsea,MLD2,25.51641
LR02_CMIP7hist_noMR,1857,12,labsea,MLD2,40.80014
LR02_CMIP7hist_noMR,1857,1,interior,MLD2,118.16644
LR02_CMIP7hist_noMR,1857,2,interior,MLD2,126.26981
LR02_CMIP7hist_noMR,1857,3,interior,MLD2,37.89594
LR02_CMIP7hist_noMR,1857,4,interior,MLD2,31.61262
LR02_CMIP7hist_noMR,1857,5,interior,MLD2,20.22428
LR02_CMIP7hist_noMR,1857,6,interior,MLD2,13.04968
LR02_CMIP7hist_noMR,1857,7,interior,MLD2,12.19383
LR02_CMIP7hist_noMR,1857,8,interior,MLD2,12.94587
LR02_CMIP7hist_noMR,1857,9,interior,MLD2,16.46863
LR02_CMIP7hist_noMR,1857,10,interior,MLD2,20.12568
LR02_CMIP7hist_noMR,1857,11,interior,MLD2,29.10351
LR02_CMIP7hist_noMR,1857,12,interior,MLD2,45.68723
LR02_CMIP7hist_noMR,1858,1,labsea,a_ice,0.56283
LR02_CMIP7hist_noMR,1858,2,labsea,a_ice,0.66707
LR02_CMIP7hist_noMR,1858,3,labsea,a_ice,0.77008
LR02_CMIP7hist_noMR,1858,4,labsea,a_ice,0.75725
LR02_CMIP7hist_noMR,1858,5,labsea,a_ice,0.60379
LR02_CMIP7hist_noMR,1858,6,labsea,a_ice,0.31815
LR02_CMIP7hist_noMR,1858,7,labsea,a_ice,0.10500
LR02_CMIP7hist_noMR,1858,8,labsea,a_ice,0.02267
LR02_CMIP7hist_noMR,1858,9,labsea,a_ice,0.00640
LR02_CMIP7hist_noMR,1858,10,labsea,a_ice,0.01156
LR02_CMIP7hist_noMR,1858,11,labsea,a_ice,0.12310
LR02_CMIP7hist_noMR,1858,12,labsea,a_ice,0.36775
LR02_CMIP7hist_noMR,1858,1,interior,a_ice,0.45843
LR02_CMIP7hist_noMR,1858,2,interior,a_ice,0.73241
LR02_CMIP7hist_noMR,1858,3,interior,a_ice,0.86386
LR02_CMIP7hist_noMR,1858,4,interior,a_ice,0.86864
LR02_CMIP7hist_noMR,1858,5,interior,a_ice,0.73384
LR02_CMIP7hist_noMR,1858,6,interior,a_ice,0.33213
LR02_CMIP7hist_noMR,1858,7,interior,a_ice,0.03320
LR02_CMIP7hist_noMR,1858,8,interior,a_ice,0.00000
LR02_CMIP7hist_noMR,1858,9,interior,a_ice,0.00000
LR02_CMIP7hist_noMR,1858,10,interior,a_ice,0.00000
LR02_CMIP7hist_noMR,1858,11,interior,a_ice,0.01921
LR02_CMIP7hist_noMR,1858,12,interior,a_ice,0.23789
LR02_CMIP7hist_noMR,1858,1,labsea,MLD2,63.72026
LR02_CMIP7hist_noMR,1858,2,labsea,MLD2,90.79429
LR02_CMIP7hist_noMR,1858,3,labsea,MLD2,124.34024
LR02_CMIP7hist_noMR,1858,4,labsea,MLD2,77.43983
LR02_CMIP7hist_noMR,1858,5,labsea,MLD2,31.23010
LR02_CMIP7hist_noMR,1858,6,labsea,MLD2,11.34838
LR02_CMIP7hist_noMR,1858,7,labsea,MLD2,10.25460
LR02_CMIP7hist_noMR,1858,8,labsea,MLD2,13.48920
LR02_CMIP7hist_noMR,1858,9,labsea,MLD2,18.43208
LR02_CMIP7hist_noMR,1858,10,labsea,MLD2,24.83801
LR02_CMIP7hist_noMR,1858,11,labsea,MLD2,29.96411
LR02_CMIP7hist_noMR,1858,12,labsea,MLD2,44.72516
LR02_CMIP7hist_noMR,1858,1,interior,MLD2,75.83217
LR02_CMIP7hist_noMR,1858,2,interior,MLD2,65.97024
LR02_CMIP7hist_noMR,1858,3,interior,MLD2,54.94636
LR02_CMIP7hist_noMR,1858,4,interior,MLD2,50.44385
LR02_CMIP7hist_noMR,1858,5,interior,MLD2,34.56750
LR02_CMIP7hist_noMR,1858,6,interior,MLD2,11.08650
LR02_CMIP7hist_noMR,1858,7,interior,MLD2,9.62486
LR02_CMIP7hist_noMR,1858,8,interior,MLD2,13.79663
LR02_CMIP7hist_noMR,1858,9,interior,MLD2,18.49996
LR02_CMIP7hist_noMR,1858,10,interior,MLD2,24.74305
LR02_CMIP7hist_noMR,1858,11,interior,MLD2,31.76363
LR02_CMIP7hist_noMR,1858,12,interior,MLD2,45.60882
LR02_CMIP7hist_noMR,1859,1,labsea,a_ice,0.52906
LR02_CMIP7hist_noMR,1859,2,labsea,a_ice,0.61733
LR02_CMIP7hist_noMR,1859,3,labsea,a_ice,0.60743
LR02_CMIP7hist_noMR,1859,4,labsea,a_ice,0.51937
LR02_CMIP7hist_noMR,1859,5,labsea,a_ice,0.39102
LR02_CMIP7hist_noMR,1859,6,labsea,a_ice,0.23951
LR02_CMIP7hist_noMR,1859,7,labsea,a_ice,0.05643
LR02_CMIP7hist_noMR,1859,8,labsea,a_ice,0.00695
LR02_CMIP7hist_noMR,1859,9,labsea,a_ice,0.00015
LR02_CMIP7hist_noMR,1859,10,labsea,a_ice,0.00022
LR02_CMIP7hist_noMR,1859,11,labsea,a_ice,0.05241
LR02_CMIP7hist_noMR,1859,12,labsea,a_ice,0.32698
LR02_CMIP7hist_noMR,1859,1,interior,a_ice,0.47310
LR02_CMIP7hist_noMR,1859,2,interior,a_ice,0.50521
LR02_CMIP7hist_noMR,1859,3,interior,a_ice,0.44268
LR02_CMIP7hist_noMR,1859,4,interior,a_ice,0.38445
LR02_CMIP7hist_noMR,1859,5,interior,a_ice,0.20269
LR02_CMIP7hist_noMR,1859,6,interior,a_ice,0.08744
LR02_CMIP7hist_noMR,1859,7,interior,a_ice,0.00579
LR02_CMIP7hist_noMR,1859,8,interior,a_ice,0.00000
LR02_CMIP7hist_noMR,1859,9,interior,a_ice,0.00000
LR02_CMIP7hist_noMR,1859,10,interior,a_ice,0.00000
LR02_CMIP7hist_noMR,1859,11,interior,a_ice,0.00160
LR02_CMIP7hist_noMR,1859,12,interior,a_ice,0.18984
LR02_CMIP7hist_noMR,1859,1,labsea,MLD2,124.21313
LR02_CMIP7hist_noMR,1859,2,labsea,MLD2,411.31270
LR02_CMIP7hist_noMR,1859,3,labsea,MLD2,520.97859
LR02_CMIP7hist_noMR,1859,4,labsea,MLD2,272.29823
LR02_CMIP7hist_noMR,1859,5,labsea,MLD2,36.13415
LR02_CMIP7hist_noMR,1859,6,labsea,MLD2,13.22539
LR02_CMIP7hist_noMR,1859,7,labsea,MLD2,11.37362
LR02_CMIP7hist_noMR,1859,8,labsea,MLD2,13.15193
LR02_CMIP7hist_noMR,1859,9,labsea,MLD2,17.23841
LR02_CMIP7hist_noMR,1859,10,labsea,MLD2,20.45004
LR02_CMIP7hist_noMR,1859,11,labsea,MLD2,28.18616
LR02_CMIP7hist_noMR,1859,12,labsea,MLD2,82.71651
LR02_CMIP7hist_noMR,1859,1,interior,MLD2,152.93664
LR02_CMIP7hist_noMR,1859,2,interior,MLD2,755.64170
LR02_CMIP7hist_noMR,1859,3,interior,MLD2,1004.87570
LR02_CMIP7hist_noMR,1859,4,interior,MLD2,589.67250
LR02_CMIP7hist_noMR,1859,5,interior,MLD2,71.89214
LR02_CMIP7hist_noMR,1859,6,interior,MLD2,15.91375
LR02_CMIP7hist_noMR,1859,7,interior,MLD2,14.60722
LR02_CMIP7hist_noMR,1859,8,interior,MLD2,15.33978
LR02_CMIP7hist_noMR,1859,9,interior,MLD2,17.59145
LR02_CMIP7hist_noMR,1859,10,interior,MLD2,20.56332
LR02_CMIP7hist_noMR,1859,11,interior,MLD2,29.17195
LR02_CMIP7hist_noMR,1859,12,interior,MLD2,101.92214
LR02_CMIP7hist_noMR,1860,1,labsea,a_ice,0.59516
LR02_CMIP7hist_noMR,1860,2,labsea,a_ice,0.56632
LR02_CMIP7hist_noMR,1860,3,labsea,a_ice,0.58370
LR02_CMIP7hist_noMR,1860,4,labsea,a_ice,0.56947
LR02_CMIP7hist_noMR,1860,5,labsea,a_ice,0.43707
LR02_CMIP7hist_noMR,1860,6,labsea,a_ice,0.24608
LR02_CMIP7hist_noMR,1860,7,labsea,a_ice,0.07961
LR02_CMIP7hist_noMR,1860,8,labsea,a_ice,0.00335
LR02_CMIP7hist_noMR,1860,9,labsea,a_ice,0.00000
LR02_CMIP7hist_noMR,1860,10,labsea,a_ice,0.02060
LR02_CMIP7hist_noMR,1860,11,labsea,a_ice,0.16369
LR02_CMIP7hist_noMR,1860,12,labsea,a_ice,0.37288
LR02_CMIP7hist_noMR,1860,1,interior,a_ice,0.50684
LR02_CMIP7hist_noMR,1860,2,interior,a_ice,0.37038
LR02_CMIP7hist_noMR,1860,3,interior,a_ice,0.52350
LR02_CMIP7hist_noMR,1860,4,interior,a_ice,0.56129
LR02_CMIP7hist_noMR,1860,5,interior,a_ice,0.33609
LR02_CMIP7hist_noMR,1860,6,interior,a_ice,0.10109
LR02_CMIP7hist_noMR,1860,7,interior,a_ice,0.00690
LR02_CMIP7hist_noMR,1860,8,interior,a_ice,0.00005
LR02_CMIP7hist_noMR,1860,9,interior,a_ice,0.00000
LR02_CMIP7hist_noMR,1860,10,interior,a_ice,0.00000
LR02_CMIP7hist_noMR,1860,11,interior,a_ice,0.02630
LR02_CMIP7hist_noMR,1860,12,interior,a_ice,0.23818
LR02_CMIP7hist_noMR,1860,1,labsea,MLD2,266.46504
LR02_CMIP7hist_noMR,1860,2,labsea,MLD2,390.55812
LR02_CMIP7hist_noMR,1860,3,labsea,MLD2,317.82143
LR02_CMIP7hist_noMR,1860,4,labsea,MLD2,177.38157
LR02_CMIP7hist_noMR,1860,5,labsea,MLD2,66.67190
LR02_CMIP7hist_noMR,1860,6,labsea,MLD2,15.26603
LR02_CMIP7hist_noMR,1860,7,labsea,MLD2,14.57728
LR02_CMIP7hist_noMR,1860,8,labsea,MLD2,13.23294
LR02_CMIP7hist_noMR,1860,9,labsea,MLD2,16.96229
LR02_CMIP7hist_noMR,1860,10,labsea,MLD2,24.06294
LR02_CMIP7hist_noMR,1860,11,labsea,MLD2,33.44460
LR02_CMIP7hist_noMR,1860,12,labsea,MLD2,42.45001
LR02_CMIP7hist_noMR,1860,1,interior,MLD2,489.63737
LR02_CMIP7hist_noMR,1860,2,interior,MLD2,829.86742
LR02_CMIP7hist_noMR,1860,3,interior,MLD2,551.66357
LR02_CMIP7hist_noMR,1860,4,interior,MLD2,185.22481
LR02_CMIP7hist_noMR,1860,5,interior,MLD2,63.17876
LR02_CMIP7hist_noMR,1860,6,interior,MLD2,16.44722
LR02_CMIP7hist_noMR,1860,7,interior,MLD2,17.51605
LR02_CMIP7hist_noMR,1860,8,interior,MLD2,15.82903
LR02_CMIP7hist_noMR,1860,9,interior,MLD2,18.92066
LR02_CMIP7hist_noMR,1860,10,interior,MLD2,25.09520
LR02_CMIP7hist_noMR,1860,11,interior,MLD2,35.36150
LR02_CMIP7hist_noMR,1860,12,interior,MLD2,47.75106
LR02_CMIP7hist_noMR,1861,1,labsea,a_ice,0.55657
LR02_CMIP7hist_noMR,1861,2,labsea,a_ice,0.61863
LR02_CMIP7hist_noMR,1861,3,labsea,a_ice,0.57914
LR02_CMIP7hist_noMR,1861,4,labsea,a_ice,0.53006
LR02_CMIP7hist_noMR,1861,5,labsea,a_ice,0.40239
LR02_CMIP7hist_noMR,1861,6,labsea,a_ice,0.22733
LR02_CMIP7hist_noMR,1861,7,labsea,a_ice,0.07030
LR02_CMIP7hist_noMR,1861,8,labsea,a_ice,0.00931
LR02_CMIP7hist_noMR,1861,9,labsea,a_ice,0.00010
LR02_CMIP7hist_noMR,1861,10,labsea,a_ice,0.00039
LR02_CMIP7hist_noMR,1861,11,labsea,a_ice,0.04879
LR02_CMIP7hist_noMR,1861,12,labsea,a_ice,0.32195
LR02_CMIP7hist_noMR,1861,1,interior,a_ice,0.51274
LR02_CMIP7hist_noMR,1861,2,interior,a_ice,0.58243
LR02_CMIP7hist_noMR,1861,3,interior,a_ice,0.52387
LR02_CMIP7hist_noMR,1861,4,interior,a_ice,0.49649
LR02_CMIP7hist_noMR,1861,5,interior,a_ice,0.29377
LR02_CMIP7hist_noMR,1861,6,interior,a_ice,0.10327
LR02_CMIP7hist_noMR,1861,7,interior,a_ice,0.00355
LR02_CMIP7hist_noMR,1861,8,interior,a_ice,0.00000
LR02_CMIP7hist_noMR,1861,9,interior,a_ice,0.00000
LR02_CMIP7hist_noMR,1861,10,interior,a_ice,0.00000
LR02_CMIP7hist_noMR,1861,11,interior,a_ice,0.00829
LR02_CMIP7hist_noMR,1861,12,interior,a_ice,0.17184
LR02_CMIP7hist_noMR,1861,1,labsea,MLD2,113.09377
LR02_CMIP7hist_noMR,1861,2,labsea,MLD2,448.76602
LR02_CMIP7hist_noMR,1861,3,labsea,MLD2,544.81340
LR02_CMIP7hist_noMR,1861,4,labsea,MLD2,401.09960
LR02_CMIP7hist_noMR,1861,5,labsea,MLD2,132.15910
LR02_CMIP7hist_noMR,1861,6,labsea,MLD2,14.49576
LR02_CMIP7hist_noMR,1861,7,labsea,MLD2,12.76808
LR02_CMIP7hist_noMR,1861,8,labsea,MLD2,12.04757
LR02_CMIP7hist_noMR,1861,9,labsea,MLD2,15.70278
LR02_CMIP7hist_noMR,1861,10,labsea,MLD2,21.89779
LR02_CMIP7hist_noMR,1861,11,labsea,MLD2,31.38409
LR02_CMIP7hist_noMR,1861,12,labsea,MLD2,97.25162
LR02_CMIP7hist_noMR,1861,1,interior,MLD2,168.36578
LR02_CMIP7hist_noMR,1861,2,interior,MLD2,664.18144
LR02_CMIP7hist_noMR,1861,3,interior,MLD2,724.65680
LR02_CMIP7hist_noMR,1861,4,interior,MLD2,421.19213
LR02_CMIP7hist_noMR,1861,5,interior,MLD2,93.56561
LR02_CMIP7hist_noMR,1861,6,interior,MLD2,15.60358
LR02_CMIP7hist_noMR,1861,7,interior,MLD2,14.69864
LR02_CMIP7hist_noMR,1861,8,interior,MLD2,14.13828
LR02_CMIP7hist_noMR,1861,9,interior,MLD2,17.78043
LR02_CMIP7hist_noMR,1861,10,interior,MLD2,25.27953
LR02_CMIP7hist_noMR,1861,11,interior,MLD2,36.13638
LR02_CMIP7hist_noMR,1861,12,interior,MLD2,61.81496
LR02_CMIP7hist_noMR,1862,1,labsea,a_ice,0.57920
LR02_CMIP7hist_noMR,1862,2,labsea,a_ice,0.67411
LR02_CMIP7hist_noMR,1862,3,labsea,a_ice,0.70994
LR02_CMIP7hist_noMR,1862,4,labsea,a_ice,0.67309
LR02_CMIP7hist_noMR,1862,5,labsea,a_ice,0.54556
LR02_CMIP7hist_noMR,1862,6,labsea,a_ice,0.29761
LR02_CMIP7hist_noMR,1862,7,labsea,a_ice,0.10356
LR02_CMIP7hist_noMR,1862,8,labsea,a_ice,0.02354
LR02_CMIP7hist_noMR,1862,9,labsea,a_ice,0.00136
LR02_CMIP7hist_noMR,1862,10,labsea,a_ice,0.01563
LR02_CMIP7hist_noMR,1862,11,labsea,a_ice,0.12976
LR02_CMIP7hist_noMR,1862,12,labsea,a_ice,0.57325
LR02_CMIP7hist_noMR,1862,1,interior,a_ice,0.46588
LR02_CMIP7hist_noMR,1862,2,interior,a_ice,0.62009
LR02_CMIP7hist_noMR,1862,3,interior,a_ice,0.74374
LR02_CMIP7hist_noMR,1862,4,interior,a_ice,0.75527
LR02_CMIP7hist_noMR,1862,5,interior,a_ice,0.54967
LR02_CMIP7hist_noMR,1862,6,interior,a_ice,0.14474
LR02_CMIP7hist_noMR,1862,7,interior,a_ice,0.02053
LR02_CMIP7hist_noMR,1862,8,interior,a_ice,0.00018
LR02_CMIP7hist_noMR,1862,9,interior,a_ice,0.00000
LR02_CMIP7hist_noMR,1862,10,interior,a_ice,0.00002
LR02_CMIP7hist_noMR,1862,11,interior,a_ice,0.03714
LR02_CMIP7hist_noMR,1862,12,interior,a_ice,0.57713
LR02_CMIP7hist_noMR,1862,1,labsea,MLD2,280.65704
LR02_CMIP7hist_noMR,1862,2,labsea,MLD2,332.33664
LR02_CMIP7hist_noMR,1862,3,labsea,MLD2,235.13444
LR02_CMIP7hist_noMR,1862,4,labsea,MLD2,87.53491
LR02_CMIP7hist_noMR,1862,5,labsea,MLD2,27.65033
LR02_CMIP7hist_noMR,1862,6,labsea,MLD2,14.22337
LR02_CMIP7hist_noMR,1862,7,labsea,MLD2,11.76260
LR02_CMIP7hist_noMR,1862,8,labsea,MLD2,13.77363
LR02_CMIP7hist_noMR,1862,9,labsea,MLD2,16.48084
LR02_CMIP7hist_noMR,1862,10,labsea,MLD2,24.72044
LR02_CMIP7hist_noMR,1862,11,labsea,MLD2,28.92251
LR02_CMIP7hist_noMR,1862,12,labsea,MLD2,40.59421
LR02_CMIP7hist_noMR,1862,1,interior,MLD2,193.70384
LR02_CMIP7hist_noMR,1862,2,interior,MLD2,359.04734
LR02_CMIP7hist_noMR,1862,3,interior,MLD2,208.72558
LR02_CMIP7hist_noMR,1862,4,interior,MLD2,57.63320
LR02_CMIP7hist_noMR,1862,5,interior,MLD2,27.83192
LR02_CMIP7hist_noMR,1862,6,interior,MLD2,17.56153
LR02_CMIP7hist_noMR,1862,7,interior,MLD2,14.43078
LR02_CMIP7hist_noMR,1862,8,interior,MLD2,16.11324
LR02_CMIP7hist_noMR,1862,9,interior,MLD2,17.85697
LR02_CMIP7hist_noMR,1862,10,interior,MLD2,25.90798
LR02_CMIP7hist_noMR,1862,11,interior,MLD2,31.35351
LR02_CMIP7hist_noMR,1862,12,interior,MLD2,45.69024
LR02_CMIP7hist_noMR,1863,1,labsea,a_ice,0.79389
LR02_CMIP7hist_noMR,1863,2,labsea,a_ice,0.94062
LR02_CMIP7hist_noMR,1863,3,labsea,a_ice,0.92070
LR02_CMIP7hist_noMR,1863,4,labsea,a_ice,0.84282
LR02_CMIP7hist_noMR,1863,5,labsea,a_ice,0.68521
LR02_CMIP7hist_noMR,1863,6,labsea,a_ice,0.49889
LR02_CMIP7hist_noMR,1863,7,labsea,a_ice,0.23848
LR02_CMIP7hist_noMR,1863,8,labsea,a_ice,0.05178
LR02_CMIP7hist_noMR,1863,9,labsea,a_ice,0.01934
LR02_CMIP7hist_noMR,1863,10,labsea,a_ice,0.00673
LR02_CMIP7hist_noMR,1863,11,labsea,a_ice,0.08929
LR02_CMIP7hist_noMR,1863,12,labsea,a_ice,0.28455
LR02_CMIP7hist_noMR,1863,1,interior,a_ice,0.83834
LR02_CMIP7hist_noMR,1863,2,interior,a_ice,0.97737
LR02_CMIP7hist_noMR,1863,3,interior,a_ice,0.96868
LR02_CMIP7hist_noMR,1863,4,interior,a_ice,0.92268
LR02_CMIP7hist_noMR,1863,5,interior,a_ice,0.79407
LR02_CMIP7hist_noMR,1863,6,interior,a_ice,0.56964
LR02_CMIP7hist_noMR,1863,7,interior,a_ice,0.18407
LR02_CMIP7hist_noMR,1863,8,interior,a_ice,0.01031
LR02_CMIP7hist_noMR,1863,9,interior,a_ice,0.00004
LR02_CMIP7hist_noMR,1863,10,interior,a_ice,0.00001
LR02_CMIP7hist_noMR,1863,11,interior,a_ice,0.01087
LR02_CMIP7hist_noMR,1863,12,interior,a_ice,0.12953
LR02_CMIP7hist_noMR,1863,1,labsea,MLD2,51.50156
LR02_CMIP7hist_noMR,1863,2,labsea,MLD2,49.65494
LR02_CMIP7hist_noMR,1863,3,labsea,MLD2,46.33367
LR02_CMIP7hist_noMR,1863,4,labsea,MLD2,44.82767
LR02_CMIP7hist_noMR,1863,5,labsea,MLD2,29.34529
LR02_CMIP7hist_noMR,1863,6,labsea,MLD2,15.16416
LR02_CMIP7hist_noMR,1863,7,labsea,MLD2,13.97847
LR02_CMIP7hist_noMR,1863,8,labsea,MLD2,15.05249
LR02_CMIP7hist_noMR,1863,9,labsea,MLD2,18.00675
LR02_CMIP7hist_noMR,1863,10,labsea,MLD2,22.42865
LR02_CMIP7hist_noMR,1863,11,labsea,MLD2,30.72226
LR02_CMIP7hist_noMR,1863,12,labsea,MLD2,44.26023
LR02_CMIP7hist_noMR,1863,1,interior,MLD2,49.24062
LR02_CMIP7hist_noMR,1863,2,interior,MLD2,51.14185
LR02_CMIP7hist_noMR,1863,3,interior,MLD2,46.55258
LR02_CMIP7hist_noMR,1863,4,interior,MLD2,46.99111
LR02_CMIP7hist_noMR,1863,5,interior,MLD2,33.34806
LR02_CMIP7hist_noMR,1863,6,interior,MLD2,16.04648
LR02_CMIP7hist_noMR,1863,7,interior,MLD2,15.30052
LR02_CMIP7hist_noMR,1863,8,interior,MLD2,16.36221
LR02_CMIP7hist_noMR,1863,9,interior,MLD2,19.15213
LR02_CMIP7hist_noMR,1863,10,interior,MLD2,23.15558
LR02_CMIP7hist_noMR,1863,11,interior,MLD2,32.17699
LR02_CMIP7hist_noMR,1863,12,interior,MLD2,46.44373
LR02_CMIP7hist_noMR,1864,1,labsea,a_ice,0.66992
LR02_CMIP7hist_noMR,1864,2,labsea,a_ice,0.85150
LR02_CMIP7hist_noMR,1864,3,labsea,a_ice,0.80277
LR02_CMIP7hist_noMR,1864,4,labsea,a_ice,0.75507
LR02_CMIP7hist_noMR,1864,5,labsea,a_ice,0.60158
LR02_CMIP7hist_noMR,1864,6,labsea,a_ice,0.32153
LR02_CMIP7hist_noMR,1864,7,labsea,a_ice,0.10228
LR02_CMIP7hist_noMR,1864,8,labsea,a_ice,0.03295
LR02_CMIP7hist_noMR,1864,9,labsea,a_ice,0.00256
LR02_CMIP7hist_noMR,1864,10,labsea,a_ice,0.01409
LR02_CMIP7hist_noMR,1864,11,labsea,a_ice,0.11936
LR02_CMIP7hist_noMR,1864,12,labsea,a_ice,0.33674
LR02_CMIP7hist_noMR,1864,1,interior,a_ice,0.60339
LR02_CMIP7hist_noMR,1864,2,interior,a_ice,0.88829
LR02_CMIP7hist_noMR,1864,3,interior,a_ice,0.87159
LR02_CMIP7hist_noMR,1864,4,interior,a_ice,0.81237
LR02_CMIP7hist_noMR,1864,5,interior,a_ice,0.68850
LR02_CMIP7hist_noMR,1864,6,interior,a_ice,0.25548
LR02_CMIP7hist_noMR,1864,7,interior,a_ice,0.02931
LR02_CMIP7hist_noMR,1864,8,interior,a_ice,0.00000
LR02_CMIP7hist_noMR,1864,9,interior,a_ice,0.00000
LR02_CMIP7hist_noMR,1864,10,interior,a_ice,0.00000
LR02_CMIP7hist_noMR,1864,11,interior,a_ice,0.01792
LR02_CMIP7hist_noMR,1864,12,interior,a_ice,0.17798
LR02_CMIP7hist_noMR,1864,1,labsea,MLD2,95.44102
LR02_CMIP7hist_noMR,1864,2,labsea,MLD2,130.28457
LR02_CMIP7hist_noMR,1864,3,labsea,MLD2,89.91211
LR02_CMIP7hist_noMR,1864,4,labsea,MLD2,57.53122
LR02_CMIP7hist_noMR,1864,5,labsea,MLD2,20.52310
LR02_CMIP7hist_noMR,1864,6,labsea,MLD2,14.80636
LR02_CMIP7hist_noMR,1864,7,labsea,MLD2,13.64464
LR02_CMIP7hist_noMR,1864,8,labsea,MLD2,11.80331
LR02_CMIP7hist_noMR,1864,9,labsea,MLD2,15.16607
LR02_CMIP7hist_noMR,1864,10,labsea,MLD2,20.08398
LR02_CMIP7hist_noMR,1864,11,labsea,MLD2,29.00295
LR02_CMIP7hist_noMR,1864,12,labsea,MLD2,44.73889
LR02_CMIP7hist_noMR,1864,1,interior,MLD2,83.87643
LR02_CMIP7hist_noMR,1864,2,interior,MLD2,142.33267
LR02_CMIP7hist_noMR,1864,3,interior,MLD2,103.90055
LR02_CMIP7hist_noMR,1864,4,interior,MLD2,72.71986
LR02_CMIP7hist_noMR,1864,5,interior,MLD2,20.62053
LR02_CMIP7hist_noMR,1864,6,interior,MLD2,14.64236
LR02_CMIP7hist_noMR,1864,7,interior,MLD2,14.90828
LR02_CMIP7hist_noMR,1864,8,interior,MLD2,13.68637
LR02_CMIP7hist_noMR,1864,9,interior,MLD2,16.67901
LR02_CMIP7hist_noMR,1864,10,interior,MLD2,21.06339
LR02_CMIP7hist_noMR,1864,11,interior,MLD2,28.68958
LR02_CMIP7hist_noMR,1864,12,interior,MLD2,43.31411
LR02_CMIP7hist_noMR,1865,1,labsea,a_ice,0.58809
LR02_CMIP7hist_noMR,1865,2,labsea,a_ice,0.69208
LR02_CMIP7hist_noMR,1865,3,labsea,a_ice,0.62499
LR02_CMIP7hist_noMR,1865,4,labsea,a_ice,0.54086
LR02_CMIP7hist_noMR,1865,5,labsea,a_ice,0.41547
LR02_CMIP7hist_noMR,1865,6,labsea,a_ice,0.14790
LR02_CMIP7hist_noMR,1865,7,labsea,a_ice,0.02488
LR02_CMIP7hist_noMR,1865,8,labsea,a_ice,0.00024
LR02_CMIP7hist_noMR,1865,9,labsea,a_ice,0.00003
LR02_CMIP7hist_noMR,1865,10,labsea,a_ice,0.00254
LR02_CMIP7hist_noMR,1865,11,labsea,a_ice,0.06114
LR02_CMIP7hist_noMR,1865,12,labsea,a_ice,0.22562
LR02_CMIP7hist_noMR,1865,1,interior,a_ice,0.56093
LR02_CMIP7hist_noMR,1865,2,interior,a_ice,0.66869
LR02_CMIP7hist_noMR,1865,3,interior,a_ice,0.56153
LR02_CMIP7hist_noMR,1865,4,interior,a_ice,0.48330
LR02_CMIP7hist_noMR,1865,5,interior,a_ice,0.31958
LR02_CMIP7hist_noMR,1865,6,interior,a_ice,0.09295
LR02_CMIP7hist_noMR,1865,7,interior,a_ice,0.00001
LR02_CMIP7hist_noMR,1865,8,interior,a_ice,0.00000
LR02_CMIP7hist_noMR,1865,9,interior,a_ice,0.00000
LR02_CMIP7hist_noMR,1865,10,interior,a_ice,0.00000
LR02_CMIP7hist_noMR,1865,11,interior,a_ice,0.00189
LR02_CMIP7hist_noMR,1865,12,interior,a_ice,0.06063
LR02_CMIP7hist_noMR,1865,1,labsea,MLD2,75.67267
LR02_CMIP7hist_noMR,1865,2,labsea,MLD2,101.39113
LR02_CMIP7hist_noMR,1865,3,labsea,MLD2,99.55554
LR02_CMIP7hist_noMR,1865,4,labsea,MLD2,44.93873
LR02_CMIP7hist_noMR,1865,5,labsea,MLD2,22.72733
LR02_CMIP7hist_noMR,1865,6,labsea,MLD2,14.01482
LR02_CMIP7hist_noMR,1865,7,labsea,MLD2,9.12563
LR02_CMIP7hist_noMR,1865,8,labsea,MLD2,14.63604
LR02_CMIP7hist_noMR,1865,9,labsea,MLD2,17.02382
LR02_CMIP7hist_noMR,1865,10,labsea,MLD2,21.25362
LR02_CMIP7hist_noMR,1865,11,labsea,MLD2,32.89137
LR02_CMIP7hist_noMR,1865,12,labsea,MLD2,47.35630
LR02_CMIP7hist_noMR,1865,1,interior,MLD2,78.09587
LR02_CMIP7hist_noMR,1865,2,interior,MLD2,110.60100
LR02_CMIP7hist_noMR,1865,3,interior,MLD2,144.70410
LR02_CMIP7hist_noMR,1865,4,interior,MLD2,63.99052
LR02_CMIP7hist_noMR,1865,5,interior,MLD2,27.37939
LR02_CMIP7hist_noMR,1865,6,interior,MLD2,15.21248
LR02_CMIP7hist_noMR,1865,7,interior,MLD2,9.18066
LR02_CMIP7hist_noMR,1865,8,interior,MLD2,14.71500
LR02_CMIP7hist_noMR,1865,9,interior,MLD2,16.55771
LR02_CMIP7hist_noMR,1865,10,interior,MLD2,21.48307
LR02_CMIP7hist_noMR,1865,11,interior,MLD2,35.06181
LR02_CMIP7hist_noMR,1865,12,interior,MLD2,55.45277
LR02_CMIP7hist_noMR,1866,1,labsea,a_ice,0.60555
LR02_CMIP7hist_noMR,1866,2,labsea,a_ice,0.77151
LR02_CMIP7hist_noMR,1866,3,labsea,a_ice,0.85836
LR02_CMIP7hist_noMR,1866,4,labsea,a_ice,0.83506
LR02_CMIP7hist_noMR,1866,5,labsea,a_ice,0.71080
LR02_CMIP7hist_noMR,1866,6,labsea,a_ice,0.44476
LR02_CMIP7hist_noMR,1866,7,labsea,a_ice,0.13937
LR02_CMIP7hist_noMR,1866,8,labsea,a_ice,0.01340
LR02_CMIP7hist_noMR,1866,9,labsea,a_ice,0.00033
LR02_CMIP7hist_noMR,1866,10,labsea,a_ice,0.00245
LR02_CMIP7hist_noMR,1866,11,labsea,a_ice,0.08315
LR02_CMIP7hist_noMR,1866,12,labsea,a_ice,0.41373
LR02_CMIP7hist_noMR,1866,1,interior,a_ice,0.59051
LR02_CMIP7hist_noMR,1866,2,interior,a_ice,0.77774
LR02_CMIP7hist_noMR,1866,3,interior,a_ice,0.90256
LR02_CMIP7hist_noMR,1866,4,interior,a_ice,0.90420
LR02_CMIP7hist_noMR,1866,5,interior,a_ice,0.78056
LR02_CMIP7hist_noMR,1866,6,interior,a_ice,0.41776
LR02_CMIP7hist_noMR,1866,7,interior,a_ice,0.08201
LR02_CMIP7hist_noMR,1866,8,interior,a_ice,0.00000
LR02_CMIP7hist_noMR,1866,9,interior,a_ice,0.00000
LR02_CMIP7hist_noMR,1866,10,interior,a_ice,0.00000
LR02_CMIP7hist_noMR,1866,11,interior,a_ice,0.00850
LR02_CMIP7hist_noMR,1866,12,interior,a_ice,0.37459
LR02_CMIP7hist_noMR,1866,1,labsea,MLD2,80.74786
LR02_CMIP7hist_noMR,1866,2,labsea,MLD2,88.71402
LR02_CMIP7hist_noMR,1866,3,labsea,MLD2,57.47688
LR02_CMIP7hist_noMR,1866,4,labsea,MLD2,46.10487
LR02_CMIP7hist_noMR,1866,5,labsea,MLD2,27.69658
LR02_CMIP7hist_noMR,1866,6,labsea,MLD2,10.85058
LR02_CMIP7hist_noMR,1866,7,labsea,MLD2,9.92377
LR02_CMIP7hist_noMR,1866,8,labsea,MLD2,11.59334
LR02_CMIP7hist_noMR,1866,9,labsea,MLD2,15.04150
LR02_CMIP7hist_noMR,1866,10,labsea,MLD2,19.10938
LR02_CMIP7hist_noMR,1866,11,labsea,MLD2,26.90341
LR02_CMIP7hist_noMR,1866,12,labsea,MLD2,36.80636
LR02_CMIP7hist_noMR,1866,1,interior,MLD2,123.96527
LR02_CMIP7hist_noMR,1866,2,interior,MLD2,158.04637
LR02_CMIP7hist_noMR,1866,3,interior,MLD2,59.84418
LR02_CMIP7hist_noMR,1866,4,interior,MLD2,47.37427
LR02_CMIP7hist_noMR,1866,5,interior,MLD2,29.40389
LR02_CMIP7hist_noMR,1866,6,interior,MLD2,11.18313
LR02_CMIP7hist_noMR,1866,7,interior,MLD2,10.53299
LR02_CMIP7hist_noMR,1866,8,interior,MLD2,12.75343
LR02_CMIP7hist_noMR,1866,9,interior,MLD2,15.78358
LR02_CMIP7hist_noMR,1866,10,interior,MLD2,18.14026
LR02_CMIP7hist_noMR,1866,11,interior,MLD2,26.55135
LR02_CMIP7hist_noMR,1866,12,interior,MLD2,37.68558
LR02_CMIP7hist_noMR,1867,1,labsea,a_ice,0.83644
LR02_CMIP7hist_noMR,1867,2,labsea,a_ice,0.84678
LR02_CMIP7hist_noMR,1867,3,labsea,a_ice,0.83158
LR02_CMIP7hist_noMR,1867,4,labsea,a_ice,0.74837
LR02_CMIP7hist_noMR,1867,5,labsea,a_ice,0.61171
LR02_CMIP7hist_noMR,1867,6,labsea,a_ice,0.40936
LR02_CMIP7hist_noMR,1867,7,labsea,a_ice,0.14442
LR02_CMIP7hist_noMR,1867,8,labsea,a_ice,0.03111
LR02_CMIP7hist_noMR,1867,9,labsea,a_ice,0.00295
LR02_CMIP7hist_noMR,1867,10,labsea,a_ice,0.00011
LR02_CMIP7hist_noMR,1867,11,labsea,a_ice,0.05999
LR02_CMIP7hist_noMR,1867,12,labsea,a_ice,0.31654
LR02_CMIP7hist_noMR,1867,1,interior,a_ice,0.90683
LR02_CMIP7hist_noMR,1867,2,interior,a_ice,0.85311
LR02_CMIP7hist_noMR,1867,3,interior,a_ice,0.81772
LR02_CMIP7hist_noMR,1867,4,interior,a_ice,0.74161
LR02_CMIP7hist_noMR,1867,5,interior,a_ice,0.56820
LR02_CMIP7hist_noMR,1867,6,interior,a_ice,0.39701
LR02_CMIP7hist_noMR,1867,7,interior,a_ice,0.12715
LR02_CMIP7hist_noMR,1867,8,interior,a_ice,0.00128
LR02_CMIP7hist_noMR,1867,9,interior,a_ice,0.00000
LR02_CMIP7hist_noMR,1867,10,interior,a_ice,0.00000
LR02_CMIP7hist_noMR,1867,11,interior,a_ice,0.01422
LR02_CMIP7hist_noMR,1867,12,interior,a_ice,0.20970
LR02_CMIP7hist_noMR,1867,1,labsea,MLD2,53.13155
LR02_CMIP7hist_noMR,1867,2,labsea,MLD2,90.61945
LR02_CMIP7hist_noMR,1867,3,labsea,MLD2,103.86944
LR02_CMIP7hist_noMR,1867,4,labsea,MLD2,53.60767
LR02_CMIP7hist_noMR,1867,5,labsea,MLD2,33.38187
LR02_CMIP7hist_noMR,1867,6,labsea,MLD2,13.09682
LR02_CMIP7hist_noMR,1867,7,labsea,MLD2,11.37725
LR02_CMIP7hist_noMR,1867,8,labsea,MLD2,12.35949
LR02_CMIP7hist_noMR,1867,9,labsea,MLD2,16.52800
LR02_CMIP7hist_noMR,1867,10,labsea,MLD2,22.03094
LR02_CMIP7hist_noMR,1867,11,labsea,MLD2,36.55852
LR02_CMIP7hist_noMR,1867,12,labsea,MLD2,99.80821
LR02_CMIP7hist_noMR,1867,1,interior,MLD2,57.77939
LR02_CMIP7hist_noMR,1867,2,interior,MLD2,125.23784
LR02_CMIP7hist_noMR,1867,3,interior,MLD2,159.14960
LR02_CMIP7hist_noMR,1867,4,interior,MLD2,58.04046
LR02_CMIP7hist_noMR,1867,5,interior,MLD2,35.58728
LR02_CMIP7hist_noMR,1867,6,interior,MLD2,12.78014
LR02_CMIP7hist_noMR,1867,7,interior,MLD2,11.00495
LR02_CMIP7hist_noMR,1867,8,interior,MLD2,13.06500
LR02_CMIP7hist_noMR,1867,9,interior,MLD2,17.93768
LR02_CMIP7hist_noMR,1867,10,interior,MLD2,23.72477
LR02_CMIP7hist_noMR,1867,11,interior,MLD2,33.99266
LR02_CMIP7hist_noMR,1867,12,interior,MLD2,63.39950
LR02_CMIP7hist_noMR,1868,1,labsea,a_ice,0.51483
LR02_CMIP7hist_noMR,1868,2,labsea,a_ice,0.62679
LR02_CMIP7hist_noMR,1868,3,labsea,a_ice,0.59287
LR02_CMIP7hist_noMR,1868,4,labsea,a_ice,0.56124
LR02_CMIP7hist_noMR,1868,5,labsea,a_ice,0.40707
LR02_CMIP7hist_noMR,1868,6,labsea,a_ice,0.26302
LR02_CMIP7hist_noMR,1868,7,labsea,a_ice,0.09680
LR02_CMIP7hist_noMR,1868,8,labsea,a_ice,0.01031
LR02_CMIP7hist_noMR,1868,9,labsea,a_ice,0.00030
LR02_CMIP7hist_noMR,1868,10,labsea,a_ice,0.00009
LR02_CMIP7hist_noMR,1868,11,labsea,a_ice,0.08709
LR02_CMIP7hist_noMR,1868,12,labsea,a_ice,0.26398
LR02_CMIP7hist_noMR,1868,1,interior,a_ice,0.43332
LR02_CMIP7hist_noMR,1868,2,interior,a_ice,0.45254
LR02_CMIP7hist_noMR,1868,3,interior,a_ice,0.38320
LR02_CMIP7hist_noMR,1868,4,interior,a_ice,0.44298
LR02_CMIP7hist_noMR,1868,5,interior,a_ice,0.32132
LR02_CMIP7hist_noMR,1868,6,interior,a_ice,0.15737
LR02_CMIP7hist_noMR,1868,7,interior,a_ice,0.02443
LR02_CMIP7hist_noMR,1868,8,interior,a_ice,0.00119
LR02_CMIP7hist_noMR,1868,9,interior,a_ice,0.00000
LR02_CMIP7hist_noMR,1868,10,interior,a_ice,0.00000
LR02_CMIP7hist_noMR,1868,11,interior,a_ice,0.01044
LR02_CMIP7hist_noMR,1868,12,interior,a_ice,0.07939
LR02_CMIP7hist_noMR,1868,1,labsea,MLD2,273.34098
LR02_CMIP7hist_noMR,1868,2,labsea,MLD2,378.66644
LR02_CMIP7hist_noMR,1868,3,labsea,MLD2,313.71796
LR02_CMIP7hist_noMR,1868,4,labsea,MLD2,129.17320
LR02_CMIP7hist_noMR,1868,5,labsea,MLD2,26.39250
LR02_CMIP7hist_noMR,1868,6,labsea,MLD2,14.27401
LR02_CMIP7hist_noMR,1868,7,labsea,MLD2,12.85279
LR02_CMIP7hist_noMR,1868,8,labsea,MLD2,13.75072
LR02_CMIP7hist_noMR,1868,9,labsea,MLD2,18.56096
LR02_CMIP7hist_noMR,1868,10,labsea,MLD2,22.67192
LR02_CMIP7hist_noMR,1868,11,labsea,MLD2,32.06824
LR02_CMIP7hist_noMR,1868,12,labsea,MLD2,49.67651
LR02_CMIP7hist_noMR,1868,1,interior,MLD2,267.59384
LR02_CMIP7hist_noMR,1868,2,interior,MLD2,668.63752
LR02_CMIP7hist_noMR,1868,3,interior,MLD2,709.91170
LR02_CMIP7hist_noMR,1868,4,interior,MLD2,303.95096
LR02_CMIP7hist_noMR,1868,5,interior,MLD2,19.76798
LR02_CMIP7hist_noMR,1868,6,interior,MLD2,14.22362
LR02_CMIP7hist_noMR,1868,7,interior,MLD2,14.17946
LR02_CMIP7hist_noMR,1868,8,interior,MLD2,15.18264
LR02_CMIP7hist_noMR,1868,9,interior,MLD2,18.30607
LR02_CMIP7hist_noMR,1868,10,interior,MLD2,21.92060
LR02_CMIP7hist_noMR,1868,11,interior,MLD2,33.65540
LR02_CMIP7hist_noMR,1868,12,interior,MLD2,58.52861
LR02_CMIP7hist_noMR,1869,1,labsea,a_ice,0.52551
LR02_CMIP7hist_noMR,1869,2,labsea,a_ice,0.59645
LR02_CMIP7hist_noMR,1869,3,labsea,a_ice,0.68908
LR02_CMIP7hist_noMR,1869,4,labsea,a_ice,0.54984
LR02_CMIP7hist_noMR,1869,5,labsea,a_ice,0.42424
LR02_CMIP7hist_noMR,1869,6,labsea,a_ice,0.24357
LR02_CMIP7hist_noMR,1869,7,labsea,a_ice,0.05663
LR02_CMIP7hist_noMR,1869,8,labsea,a_ice,0.00022
LR02_CMIP7hist_noMR,1869,9,labsea,a_ice,0.00000
LR02_CMIP7hist_noMR,1869,10,labsea,a_ice,0.00182
LR02_CMIP7hist_noMR,1869,11,labsea,a_ice,0.07047
LR02_CMIP7hist_noMR,1869,12,labsea,a_ice,0.22679
LR02_CMIP7hist_noMR,1869,1,interior,a_ice,0.36471
LR02_CMIP7hist_noMR,1869,2,interior,a_ice,0.45949
LR02_CMIP7hist_noMR,1869,3,interior,a_ice,0.68356
LR02_CMIP7hist_noMR,1869,4,interior,a_ice,0.55440
LR02_CMIP7hist_noMR,1869,5,interior,a_ice,0.32831
LR02_CMIP7hist_noMR,1869,6,interior,a_ice,0.14765
LR02_CMIP7hist_noMR,1869,7,interior,a_ice,0.00859
LR02_CMIP7hist_noMR,1869,8,interior,a_ice,0.00000
LR02_CMIP7hist_noMR,1869,9,interior,a_ice,0.00000
LR02_CMIP7hist_noMR,1869,10,interior,a_ice,0.00000
LR02_CMIP7hist_noMR,1869,11,interior,a_ice,0.00678
LR02_CMIP7hist_noMR,1869,12,interior,a_ice,0.08105
LR02_CMIP7hist_noMR,1869,1,labsea,MLD2,134.10961
LR02_CMIP7hist_noMR,1869,2,labsea,MLD2,324.90029
LR02_CMIP7hist_noMR,1869,3,labsea,MLD2,350.08543
LR02_CMIP7hist_noMR,1869,4,labsea,MLD2,159.57620
LR02_CMIP7hist_noMR,1869,5,labsea,MLD2,29.25350
LR02_CMIP7hist_noMR,1869,6,labsea,MLD2,16.80373
LR02_CMIP7hist_noMR,1869,7,labsea,MLD2,11.49754
LR02_CMIP7hist_noMR,1869,8,labsea,MLD2,14.55345
LR02_CMIP7hist_noMR,1869,9,labsea,MLD2,20.01562
LR02_CMIP7hist_noMR,1869,10,labsea,MLD2,24.24599
LR02_CMIP7hist_noMR,1869,11,labsea,MLD2,42.37777
LR02_CMIP7hist_noMR,1869,12,labsea,MLD2,56.59547
LR02_CMIP7hist_noMR,1869,1,interior,MLD2,272.30515
LR02_CMIP7hist_noMR,1869,2,interior,MLD2,727.05183
LR02_CMIP7hist_noMR,1869,3,interior,MLD2,577.80663
LR02_CMIP7hist_noMR,1869,4,interior,MLD2,189.99574
LR02_CMIP7hist_noMR,1869,5,interior,MLD2,30.91931
LR02_CMIP7hist_noMR,1869,6,interior,MLD2,18.00075
LR02_CMIP7hist_noMR,1869,7,interior,MLD2,12.29051
LR02_CMIP7hist_noMR,1869,8,interior,MLD2,15.83809
LR02_CMIP7hist_noMR,1869,9,interior,MLD2,21.50597
LR02_CMIP7hist_noMR,1869,10,interior,MLD2,26.16816
LR02_CMIP7hist_noMR,1869,11,interior,MLD2,45.85845
LR02_CMIP7hist_noMR,1869,12,interior,MLD2,72.96346
LR02_CMIP7hist_noMR,1870,1,labsea,a_ice,0.37263
LR02_CMIP7hist_noMR,1870,2,labsea,a_ice,0.40388
LR02_CMIP7hist_noMR,1870,3,labsea,a_ice,0.50890
LR02_CMIP7hist_noMR,1870,4,labsea,a_ice,0.50057
LR02_CMIP7hist_noMR,1870,5,labsea,a_ice,0.42671
LR02_CMIP7hist_noMR,1870,6,labsea,a_ice,0.26385
LR02_CMIP7hist_noMR,1870,7,labsea,a_ice,0.05640
LR02_CMIP7hist_noMR,1870,8,labsea,a_ice,0.00270
LR02_CMIP7hist_noMR,1870,9,labsea,a_ice,0.00000
LR02_CMIP7hist_noMR,1870,10,labsea,a_ice,0.00034
LR02_CMIP7hist_noMR,1870,11,labsea,a_ice,0.03639
LR02_CMIP7hist_noMR,1870,12,labsea,a_ice,0.21275
LR02_CMIP7hist_noMR,1870,1,interior,a_ice,0.19004
LR02_CMIP7hist_noMR,1870,2,interior,a_ice,0.20670
LR02_CMIP7hist_noMR,1870,3,interior,a_ice,0.37238
LR02_CMIP7hist_noMR,1870,4,interior,a_ice,0.42297
LR02_CMIP7hist_noMR,1870,5,interior,a_ice,0.33325
LR02_CMIP7hist_noMR,1870,6,interior,a_ice,0.13226
LR02_CMIP7hist_noMR,1870,7,interior,a_ice,0.02572
LR02_CMIP7hist_noMR,1870,8,interior,a_ice,0.00000
LR02_CMIP7hist_noMR,1870,9,interior,a_ice,0.00000
LR02_CMIP7hist_noMR,1870,10,interior,a_ice,0.00000
LR02_CMIP7hist_noMR,1870,11,interior,a_ice,0.00003
LR02_CMIP7hist_noMR,1870,12,interior,a_ice,0.05316
LR02_CMIP7hist_noMR,1870,1,labsea,MLD2,115.72485
LR02_CMIP7hist_noMR,1870,2,labsea,MLD2,100.62599
LR02_CMIP7hist_noMR,1870,3,labsea,MLD2,139.50063
LR02_CMIP7hist_noMR,1870,4,labsea,MLD2,83.01949
LR02_CMIP7hist_noMR,1870,5,labsea,MLD2,37.76192
LR02_CMIP7hist_noMR,1870,6,labsea,MLD2,16.27422
LR02_CMIP7hist_noMR,1870,7,labsea,MLD2,11.56444
LR02_CMIP7hist_noMR,1870,8,labsea,MLD2,11.74652
LR02_CMIP7hist_noMR,1870,9,labsea,MLD2,19.36014
LR02_CMIP7hist_noMR,1870,10,labsea,MLD2,25.14512
LR02_CMIP7hist_noMR,1870,11,labsea,MLD2,36.28603
LR02_CMIP7hist_noMR,1870,12,labsea,MLD2,62.30985
LR02_CMIP7hist_noMR,1870,1,interior,MLD2,230.86495
LR02_CMIP7hist_noMR,1870,2,interior,MLD2,195.43348
LR02_CMIP7hist_noMR,1870,3,interior,MLD2,226.13868
LR02_CMIP7hist_noMR,1870,4,interior,MLD2,75.63455
LR02_CMIP7hist_noMR,1870,5,interior,MLD2,30.02618
LR02_CMIP7hist_noMR,1870,6,interior,MLD2,18.56453
LR02_CMIP7hist_noMR,1870,7,interior,MLD2,13.18537
LR02_CMIP7hist_noMR,1870,8,interior,MLD2,13.29361
LR02_CMIP7hist_noMR,1870,9,interior,MLD2,20.32133
LR02_CMIP7hist_noMR,1870,10,interior,MLD2,27.53951
LR02_CMIP7hist_noMR,1870,11,interior,MLD2,37.64831
LR02_CMIP7hist_noMR,1870,12,interior,MLD2,76.35788
LR02_CMIP7hist_noMR,1871,1,labsea,a_ice,0.32992
LR02_CMIP7hist_noMR,1871,2,labsea,a_ice,0.36953
LR02_CMIP7hist_noMR,1871,3,labsea,a_ice,0.38533
LR02_CMIP7hist_noMR,1871,4,labsea,a_ice,0.37308
LR02_CMIP7hist_noMR,1871,5,labsea,a_ice,0.34454
LR02_CMIP7hist_noMR,1871,6,labsea,a_ice,0.17002
LR02_CMIP7hist_noMR,1871,7,labsea,a_ice,0.05006
LR02_CMIP7hist_noMR,1871,8,labsea,a_ice,0.01159
LR02_CMIP7hist_noMR,1871,9,labsea,a_ice,0.00011
LR02_CMIP7hist_noMR,1871,10,labsea,a_ice,0.00006
LR02_CMIP7hist_noMR,1871,11,labsea,a_ice,0.02314
LR02_CMIP7hist_noMR,1871,12,labsea,a_ice,0.12321
LR02_CMIP7hist_noMR,1871,1,interior,a_ice,0.12541
LR02_CMIP7hist_noMR,1871,2,interior,a_ice,0.16595
LR02_CMIP7hist_noMR,1871,3,interior,a_ice,0.14945
LR02_CMIP7hist_noMR,1871,4,interior,a_ice,0.20402
LR02_CMIP7hist_noMR,1871,5,interior,a_ice,0.24377
LR02_CMIP7hist_noMR,1871,6,interior,a_ice,0.08255
LR02_CMIP7hist_noMR,1871,7,interior,a_ice,0.00152
LR02_CMIP7hist_noMR,1871,8,interior,a_ice,0.00000
LR02_CMIP7hist_noMR,1871,9,interior,a_ice,0.00000
LR02_CMIP7hist_noMR,1871,10,interior,a_ice,0.00000
LR02_CMIP7hist_noMR,1871,11,interior,a_ice,0.00028
LR02_CMIP7hist_noMR,1871,12,interior,a_ice,0.01860
LR02_CMIP7hist_noMR,1871,1,labsea,MLD2,187.66312
LR02_CMIP7hist_noMR,1871,2,labsea,MLD2,555.80502
LR02_CMIP7hist_noMR,1871,3,labsea,MLD2,696.47466
LR02_CMIP7hist_noMR,1871,4,labsea,MLD2,484.58292
LR02_CMIP7hist_noMR,1871,5,labsea,MLD2,83.63265
LR02_CMIP7hist_noMR,1871,6,labsea,MLD2,14.99299
LR02_CMIP7hist_noMR,1871,7,labsea,MLD2,14.32548
LR02_CMIP7hist_noMR,1871,8,labsea,MLD2,14.62935
LR02_CMIP7hist_noMR,1871,9,labsea,MLD2,16.00590
LR02_CMIP7hist_noMR,1871,10,labsea,MLD2,21.37878
LR02_CMIP7hist_noMR,1871,11,labsea,MLD2,30.41915
LR02_CMIP7hist_noMR,1871,12,labsea,MLD2,49.24220
LR02_CMIP7hist_noMR,1871,1,interior,MLD2,332.76741
LR02_CMIP7hist_noMR,1871,2,interior,MLD2,1171.88448
LR02_CMIP7hist_noMR,1871,3,interior,MLD2,1536.51899
LR02_CMIP7hist_noMR,1871,4,interior,MLD2,1047.97095
LR02_CMIP7hist_noMR,1871,5,interior,MLD2,177.02348
LR02_CMIP7hist_noMR,1871,6,interior,MLD2,16.13835
LR02_CMIP7hist_noMR,1871,7,interior,MLD2,16.70508
LR02_CMIP7hist_noMR,1871,8,interior,MLD2,16.40595
LR02_CMIP7hist_noMR,1871,9,interior,MLD2,17.24965
LR02_CMIP7hist_noMR,1871,10,interior,MLD2,21.73270
LR02_CMIP7hist_noMR,1871,11,interior,MLD2,30.61050
LR02_CMIP7hist_noMR,1871,12,interior,MLD2,55.16921
LR02_CMIP7hist_noMR,1872,1,labsea,a_ice,0.28004
LR02_CMIP7hist_noMR,1872,2,labsea,a_ice,0.34635
LR02_CMIP7hist_noMR,1872,3,labsea,a_ice,0.38233
LR02_CMIP7hist_noMR,1872,4,labsea,a_ice,0.42514
LR02_CMIP7hist_noMR,1872,5,labsea,a_ice,0.29877
LR02_CMIP7hist_noMR,1872,6,labsea,a_ice,0.17085
LR02_CMIP7hist_noMR,1872,7,labsea,a_ice,0.06527
LR02_CMIP7hist_noMR,1872,8,labsea,a_ice,0.01497
LR02_CMIP7hist_noMR,1872,9,labsea,a_ice,0.00391
LR02_CMIP7hist_noMR,1872,10,labsea,a_ice,0.00439
LR02_CMIP7hist_noMR,1872,11,labsea,a_ice,0.05188
LR02_CMIP7hist_noMR,1872,12,labsea,a_ice,0.17609
LR02_CMIP7hist_noMR,1872,1,interior,a_ice,0.10904
LR02_CMIP7hist_noMR,1872,2,interior,a_ice,0.14240
LR02_CMIP7hist_noMR,1872,3,interior,a_ice,0.20115
LR02_CMIP7hist_noMR,1872,4,interior,a_ice,0.27912
LR02_CMIP7hist_noMR,1872,5,interior,a_ice,0.12825
LR02_CMIP7hist_noMR,1872,6,interior,a_ice,0.04657
LR02_CMIP7hist_noMR,1872,7,interior,a_ice,0.00154
LR02_CMIP7hist_noMR,1872,8,interior,a_ice,0.00000
LR02_CMIP7hist_noMR,1872,9,interior,a_ice,0.00000
LR02_CMIP7hist_noMR,1872,10,interior,a_ice,0.00000
LR02_CMIP7hist_noMR,1872,11,interior,a_ice,0.00002
LR02_CMIP7hist_noMR,1872,12,interior,a_ice,0.01631
LR02_CMIP7hist_noMR,1872,1,labsea,MLD2,93.42914
LR02_CMIP7hist_noMR,1872,2,labsea,MLD2,181.12823
LR02_CMIP7hist_noMR,1872,3,labsea,MLD2,199.32455
LR02_CMIP7hist_noMR,1872,4,labsea,MLD2,168.97408
LR02_CMIP7hist_noMR,1872,5,labsea,MLD2,48.68823
LR02_CMIP7hist_noMR,1872,6,labsea,MLD2,19.24418
LR02_CMIP7hist_noMR,1872,7,labsea,MLD2,15.36620
LR02_CMIP7hist_noMR,1872,8,labsea,MLD2,13.21833
LR02_CMIP7hist_noMR,1872,9,labsea,MLD2,18.53947
LR02_CMIP7hist_noMR,1872,10,labsea,MLD2,23.22153
LR02_CMIP7hist_noMR,1872,11,labsea,MLD2,28.69375
LR02_CMIP7hist_noMR,1872,12,labsea,MLD2,39.47512
LR02_CMIP7hist_noMR,1872,1,interior,MLD2,112.95729
LR02_CMIP7hist_noMR,1872,2,interior,MLD2,229.44724
LR02_CMIP7hist_noMR,1872,3,interior,MLD2,225.33285
LR02_CMIP7hist_noMR,1872,4,interior,MLD2,120.26487
LR02_CMIP7hist_noMR,1872,5,interior,MLD2,43.29349
LR02_CMIP7hist_noMR,1872,6,interior,MLD2,22.45742
LR02_CMIP7hist_noMR,1872,7,interior,MLD2,17.62170
LR02_CMIP7hist_noMR,1872,8,interior,MLD2,14.76947
LR02_CMIP7hist_noMR,1872,9,interior,MLD2,21.17784
LR02_CMIP7hist_noMR,1872,10,interior,MLD2,24.90673
LR02_CMIP7hist_noMR,1872,11,interior,MLD2,30.32684
LR02_CMIP7hist_noMR,1872,12,interior,MLD2,40.92703
LR02_CMIP7hist_noMR,1873,1,labsea,a_ice,0.35243
LR02_CMIP7hist_noMR,1873,2,labsea,a_ice,0.50511
LR02_CMIP7hist_noMR,1873,3,labsea,a_ice,0.55833
LR02_CMIP7hist_noMR,1873,4,labsea,a_ice,0.57425
LR02_CMIP7hist_noMR,1873,5,labsea,a_ice,0.42629
LR02_CMIP7hist_noMR,1873,6,labsea,a_ice,0.24119
LR02_CMIP7hist_noMR,1873,7,labsea,a_ice,0.03187
LR02_CMIP7hist_noMR,1873,8,labsea,a_ice,0.00016
LR02_CMIP7hist_noMR,1873,9,labsea,a_ice,0.00000
LR02_CMIP7hist_noMR,1873,10,labsea,a_ice,0.00109
LR02_CMIP7hist_noMR,1873,11,labsea,a_ice,0.02539
LR02_CMIP7hist_noMR,1873,12,labsea,a_ice,0.16454
LR02_CMIP7hist_noMR,1873,1,interior,a_ice,0.22316
LR02_CMIP7hist_noMR,1873,2,interior,a_ice,0.49153
LR02_CMIP7hist_noMR,1873,3,interior,a_ice,0.57738
LR02_CMIP7hist_noMR,1873,4,interior,a_ice,0.60790
LR02_CMIP7hist_noMR,1873,5,interior,a_ice,0.38262
LR02_CMIP7hist_noMR,1873,6,interior,a_ice,0.18079
LR02_CMIP7hist_noMR,1873,7,interior,a_ice,0.00494
LR02_CMIP7hist_noMR,1873,8,interior,a_ice,0.00000
LR02_CMIP7hist_noMR,1873,9,interior,a_ice,0.00000
LR02_CMIP7hist_noMR,1873,10,interior,a_ice,0.00000
LR02_CMIP7hist_noMR,1873,11,interior,a_ice,0.00004
LR02_CMIP7hist_noMR,1873,12,interior,a_ice,0.06975
LR02_CMIP7hist_noMR,1873,1,labsea,MLD2,73.35295
LR02_CMIP7hist_noMR,1873,2,labsea,MLD2,250.28552
LR02_CMIP7hist_noMR,1873,3,labsea,MLD2,407.08155
LR02_CMIP7hist_noMR,1873,4,labsea,MLD2,202.54469
LR02_CMIP7hist_noMR,1873,5,labsea,MLD2,28.53459
LR02_CMIP7hist_noMR,1873,6,labsea,MLD2,11.89278
LR02_CMIP7hist_noMR,1873,7,labsea,MLD2,13.15412
LR02_CMIP7hist_noMR,1873,8,labsea,MLD2,12.76144
LR02_CMIP7hist_noMR,1873,9,labsea,MLD2,15.88137
LR02_CMIP7hist_noMR,1873,10,labsea,MLD2,22.54422
LR02_CMIP7hist_noMR,1873,11,labsea,MLD2,30.76563
LR02_CMIP7hist_noMR,1873,12,labsea,MLD2,44.89657
LR02_CMIP7hist_noMR,1873,1,interior,MLD2,73.80577
LR02_CMIP7hist_noMR,1873,2,interior,MLD2,313.91542
LR02_CMIP7hist_noMR,1873,3,interior,MLD2,420.88531
LR02_CMIP7hist_noMR,1873,4,interior,MLD2,87.20945
LR02_CMIP7hist_noMR,1873,5,interior,MLD2,18.08416
LR02_CMIP7hist_noMR,1873,6,interior,MLD2,11.34413
LR02_CMIP7hist_noMR,1873,7,interior,MLD2,14.03829
LR02_CMIP7hist_noMR,1873,8,interior,MLD2,14.28854
LR02_CMIP7hist_noMR,1873,9,interior,MLD2,16.06482
LR02_CMIP7hist_noMR,1873,10,interior,MLD2,24.03484
LR02_CMIP7hist_noMR,1873,11,interior,MLD2,32.28887
LR02_CMIP7hist_noMR,1873,12,interior,MLD2,51.55868
LR02_CMIP7hist_noMR,1874,1,labsea,a_ice,0.33208
LR02_CMIP7hist_noMR,1874,2,labsea,a_ice,0.40513
LR02_CMIP7hist_noMR,1874,3,labsea,a_ice,0.41774
LR02_CMIP7hist_noMR,1874,4,labsea,a_ice,0.33152
LR02_CMIP7hist_noMR,1874,5,labsea,a_ice,0.26146
LR02_CMIP7hist_noMR,1874,6,labsea,a_ice,0.14036
LR02_CMIP7hist_noMR,1874,7,labsea,a_ice,0.03382
LR02_CMIP7hist_noMR,1874,8,labsea,a_ice,0.00442
LR02_CMIP7hist_noMR,1874,9,labsea,a_ice,0.00000
LR02_CMIP7hist_noMR,1874,10,labsea,a_ice,0.00016
LR02_CMIP7hist_noMR,1874,11,labsea,a_ice,0.02778
LR02_CMIP7hist_noMR,1874,12,labsea,a_ice,0.15164
LR02_CMIP7hist_noMR,1874,1,interior,a_ice,0.22132
LR02_CMIP7hist_noMR,1874,2,interior,a_ice,0.26254
LR02_CMIP7hist_noMR,1874,3,interior,a_ice,0.19544
LR02_CMIP7hist_noMR,1874,4,interior,a_ice,0.08005
LR02_CMIP7hist_noMR,1874,5,interior,a_ice,0.06422
LR02_CMIP7hist_noMR,1874,6,interior,a_ice,0.03984
LR02_CMIP7hist_noMR,1874,7,interior,a_ice,0.00132
LR02_CMIP7hist_noMR,1874,8,interior,a_ice,0.00003
LR02_CMIP7hist_noMR,1874,9,interior,a_ice,0.00000
LR02_CMIP7hist_noMR,1874,10,interior,a_ice,0.00000
LR02_CMIP7hist_noMR,1874,11,interior,a_ice,0.00090
LR02_CMIP7hist_noMR,1874,12,interior,a_ice,0.01765
LR02_CMIP7hist_noMR,1874,1,labsea,MLD2,126.24352
LR02_CMIP7hist_noMR,1874,2,labsea,MLD2,329.11993
LR02_CMIP7hist_noMR,1874,3,labsea,MLD2,492.12652
LR02_CMIP7hist_noMR,1874,4,labsea,MLD2,307.86950
LR02_CMIP7hist_noMR,1874,5,labsea,MLD2,42.94492
LR02_CMIP7hist_noMR,1874,6,labsea,MLD2,17.41078
LR02_CMIP7hist_noMR,1874,7,labsea,MLD2,15.68465
LR02_CMIP7hist_noMR,1874,8,labsea,MLD2,15.03883
LR02_CMIP7hist_noMR,1874,9,labsea,MLD2,20.53522
LR02_CMIP7hist_noMR,1874,10,labsea,MLD2,24.41163
LR02_CMIP7hist_noMR,1874,11,labsea,MLD2,37.99429
LR02_CMIP7hist_noMR,1874,12,labsea,MLD2,54.94301
LR02_CMIP7hist_noMR,1874,1,interior,MLD2,154.58265
LR02_CMIP7hist_noMR,1874,2,interior,MLD2,530.08528
LR02_CMIP7hist_noMR,1874,3,interior,MLD2,885.54522
LR02_CMIP7hist_noMR,1874,4,interior,MLD2,581.87141
LR02_CMIP7hist_noMR,1874,5,interior,MLD2,78.48491
LR02_CMIP7hist_noMR,1874,6,interior,MLD2,22.97760
LR02_CMIP7hist_noMR,1874,7,interior,MLD2,19.73104
LR02_CMIP7hist_noMR,1874,8,interior,MLD2,16.96188
LR02_CMIP7hist_noMR,1874,9,interior,MLD2,22.56448
LR02_CMIP7hist_noMR,1874,10,interior,MLD2,28.19961
LR02_CMIP7hist_noMR,1874,11,interior,MLD2,43.78013
LR02_CMIP7hist_noMR,1874,12,interior,MLD2,74.57018
LR02_CMIP7hist_noMR,1875,1,labsea,a_ice,0.28164
LR02_CMIP7hist_noMR,1875,2,labsea,a_ice,0.43340
LR02_CMIP7hist_noMR,1875,3,labsea,a_ice,0.43929
LR02_CMIP7hist_noMR,1875,4,labsea,a_ice,0.37541
LR02_CMIP7hist_noMR,1875,5,labsea,a_ice,0.34258
LR02_CMIP7hist_noMR,1875,6,labsea,a_ice,0.24269
LR02_CMIP7hist_noMR,1875,7,labsea,a_ice,0.09823
LR02_CMIP7hist_noMR,1875,8,labsea,a_ice,0.01893
LR02_CMIP7hist_noMR,1875,9,labsea,a_ice,0.00001
LR02_CMIP7hist_noMR,1875,10,labsea,a_ice,0.00509
LR02_CMIP7hist_noMR,1875,11,labsea,a_ice,0.07314
LR02_CMIP7hist_noMR,1875,12,labsea,a_ice,0.20943
LR02_CMIP7hist_noMR,1875,1,interior,a_ice,0.11075
LR02_CMIP7hist_noMR,1875,2,interior,a_ice,0.29967
LR02_CMIP7hist_noMR,1875,3,interior,a_ice,0.29736
LR02_CMIP7hist_noMR,1875,4,interior,a_ice,0.21016
LR02_CMIP7hist_noMR,1875,5,interior,a_ice,0.14630
LR02_CMIP7hist_noMR,1875,6,interior,a_ice,0.10750
LR02_CMIP7hist_noMR,1875,7,interior,a_ice,0.01662
LR02_CMIP7hist_noMR,1875,8,interior,a_ice,0.00001
LR02_CMIP7hist_noMR,1875,9,interior,a_ice,0.00000
LR02_CMIP7hist_noMR,1875,10,interior,a_ice,0.00000
LR02_CMIP7hist_noMR,1875,11,interior,a_ice,0.00344
LR02_CMIP7hist_noMR,1875,12,interior,a_ice,0.08981
LR02_CMIP7hist_noMR,1875,1,labsea,MLD2,207.99602
LR02_CMIP7hist_noMR,1875,2,labsea,MLD2,650.80632
LR02_CMIP7hist_noMR,1875,3,labsea,MLD2,659.31570
LR02_CMIP7hist_noMR,1875,4,labsea,MLD2,488.32600
LR02_CMIP7hist_noMR,1875,5,labsea,MLD2,194.67214
LR02_CMIP7hist_noMR,1875,6,labsea,MLD2,20.05671
LR02_CMIP7hist_noMR,1875,7,labsea,MLD2,14.35860
LR02_CMIP7hist_noMR,1875,8,labsea,MLD2,12.77686
LR02_CMIP7hist_noMR,1875,9,labsea,MLD2,16.72445
LR02_CMIP7hist_noMR,1875,10,labsea,MLD2,23.18105
LR02_CMIP7hist_noMR,1875,11,labsea,MLD2,34.19765
LR02_CMIP7hist_noMR,1875,12,labsea,MLD2,52.18919
LR02_CMIP7hist_noMR,1875,1,interior,MLD2,520.92234
LR02_CMIP7hist_noMR,1875,2,interior,MLD2,1254.91618
LR02_CMIP7hist_noMR,1875,3,interior,MLD2,976.87542
LR02_CMIP7hist_noMR,1875,4,interior,MLD2,717.89188
LR02_CMIP7hist_noMR,1875,5,interior,MLD2,315.35303
LR02_CMIP7hist_noMR,1875,6,interior,MLD2,22.89628
LR02_CMIP7hist_noMR,1875,7,interior,MLD2,17.20498
LR02_CMIP7hist_noMR,1875,8,interior,MLD2,15.38740
LR02_CMIP7hist_noMR,1875,9,interior,MLD2,20.19485
LR02_CMIP7hist_noMR,1875,10,interior,MLD2,27.14644
LR02_CMIP7hist_noMR,1875,11,interior,MLD2,40.93807
LR02_CMIP7hist_noMR,1875,12,interior,MLD2,66.11621
LR02_CMIP7hist_noMR,1876,1,labsea,a_ice,0.35111
LR02_CMIP7hist_noMR,1876,2,labsea,a_ice,0.49588
LR02_CMIP7hist_noMR,1876,3,labsea,a_ice,0.52025
LR02_CMIP7hist_noMR,1876,4,labsea,a_ice,0.51581
LR02_CMIP7hist_noMR,1876,5,labsea,a_ice,0.37345
LR02_CMIP7hist_noMR,1876,6,labsea,a_ice,0.21039
LR02_CMIP7hist_noMR,1876,7,labsea,a_ice,0.03814
LR02_CMIP7hist_noMR,1876,8,labsea,a_ice,0.00224
LR02_CMIP7hist_noMR,1876,9,labsea,a_ice,0.00000
LR02_CMIP7hist_noMR,1876,10,labsea,a_ice,0.00022
LR02_CMIP7hist_noMR,1876,11,labsea,a_ice,0.05815
LR02_CMIP7hist_noMR,1876,12,labsea,a_ice,0.27336
LR02_CMIP7hist_noMR,1876,1,interior,a_ice,0.21811
LR02_CMIP7hist_noMR,1876,2,interior,a_ice,0.39233
LR02_CMIP7hist_noMR,1876,3,interior,a_ice,0.44581
LR02_CMIP7hist_noMR,1876,4,interior,a_ice,0.41339
LR02_CMIP7hist_noMR,1876,5,interior,a_ice,0.22133
LR02_CMIP7hist_noMR,1876,6,interior,a_ice,0.05114
LR02_CMIP7hist_noMR,1876,7,interior,a_ice,0.00190
LR02_CMIP7hist_noMR,1876,8,interior,a_ice,0.00000
LR02_CMIP7hist_noMR,1876,9,interior,a_ice,0.00000
LR02_CMIP7hist_noMR,1876,10,interior,a_ice,0.00000
LR02_CMIP7hist_noMR,1876,11,interior,a_ice,0.00130
LR02_CMIP7hist_noMR,1876,12,interior,a_ice,0.14909
LR02_CMIP7hist_noMR,1876,1,labsea,MLD2,113.27209
LR02_CMIP7hist_noMR,1876,2,labsea,MLD2,500.82962
LR02_CMIP7hist_noMR,1876,3,labsea,MLD2,464.45061
LR02_CMIP7hist_noMR,1876,4,labsea,MLD2,258.94443
LR02_CMIP7hist_noMR,1876,5,labsea,MLD2,44.40863
LR02_CMIP7hist_noMR,1876,6,labsea,MLD2,13.58480
LR02_CMIP7hist_noMR,1876,7,labsea,MLD2,13.19135
LR02_CMIP7hist_noMR,1876,8,labsea,MLD2,15.36522
LR02_CMIP7hist_noMR,1876,9,labsea,MLD2,17.40243
LR02_CMIP7hist_noMR,1876,10,labsea,MLD2,21.86854
LR02_CMIP7hist_noMR,1876,11,labsea,MLD2,31.46310
LR02_CMIP7hist_noMR,1876,12,labsea,MLD2,47.86793
LR02_CMIP7hist_noMR,1876,1,interior,MLD2,183.04811
LR02_CMIP7hist_noMR,1876,2,interior,MLD2,850.24460
LR02_CMIP7hist_noMR,1876,3,interior,MLD2,659.67475
LR02_CMIP7hist_noMR,1876,4,interior,MLD2,316.76652
LR02_CMIP7hist_noMR,1876,5,interior,MLD2,43.13426
LR02_CMIP7hist_noMR,1876,6,interior,MLD2,16.45135
LR02_CMIP7hist_noMR,1876,7,interior,MLD2,15.72849
LR02_CMIP7hist_noMR,1876,8,interior,MLD2,16.67288
LR02_CMIP7hist_noMR,1876,9,interior,MLD2,18.29433
LR02_CMIP7hist_noMR,1876,10,interior,MLD2,23.51441
LR02_CMIP7hist_noMR,1876,11,interior,MLD2,31.53475
LR02_CMIP7hist_noMR,1876,12,interior,MLD2,55.58249
LR02_CMIP7hist_noMR,1877,1,labsea,a_ice,0.51000
LR02_CMIP7hist_noMR,1877,2,labsea,a_ice,0.62123
LR02_CMIP7hist_noMR,1877,3,labsea,a_ice,0.53885
LR02_CMIP7hist_noMR,1877,4,labsea,a_ice,0.59525
LR02_CMIP7hist_noMR,1877,5,labsea,a_ice,0.44575
LR02_CMIP7hist_noMR,1877,6,labsea,a_ice,0.28025
LR02_CMIP7hist_noMR,1877,7,labsea,a_ice,0.09688
LR02_CMIP7hist_noMR,1877,8,labsea,a_ice,0.00674
LR02_CMIP7hist_noMR,1877,9,labsea,a_ice,0.00000
LR02_CMIP7hist_noMR,1877,10,labsea,a_ice,0.00094
LR02_CMIP7hist_noMR,1877,11,labsea,a_ice,0.06961
LR02_CMIP7hist_noMR,1877,12,labsea,a_ice,0.21236
LR02_CMIP7hist_noMR,1877,1,interior,a_ice,0.50123
LR02_CMIP7hist_noMR,1877,2,interior,a_ice,0.64043
LR02_CMIP7hist_noMR,1877,3,interior,a_ice,0.43164
LR02_CMIP7hist_noMR,1877,4,interior,a_ice,0.54946
LR02_CMIP7hist_noMR,1877,5,interior,a_ice,0.37628
LR02_CMIP7hist_noMR,1877,6,interior,a_ice,0.21048
LR02_CMIP7hist_noMR,1877,7,interior,a_ice,0.03408
LR02_CMIP7hist_noMR,1877,8,interior,a_ice,0.00000
LR02_CMIP7hist_noMR,1877,9,interior,a_ice,0.00000
LR02_CMIP7hist_noMR,1877,10,interior,a_ice,0.00000
LR02_CMIP7hist_noMR,1877,11,interior,a_ice,0.00100
LR02_CMIP7hist_noMR,1877,12,interior,a_ice,0.05755
LR02_CMIP7hist_noMR,1877,1,labsea,MLD2,71.32534
LR02_CMIP7hist_noMR,1877,2,labsea,MLD2,142.49537
LR02_CMIP7hist_noMR,1877,3,labsea,MLD2,179.74310
LR02_CMIP7hist_noMR,1877,4,labsea,MLD2,197.59346
LR02_CMIP7hist_noMR,1877,5,labsea,MLD2,52.23269
LR02_CMIP7hist_noMR,1877,6,labsea,MLD2,17.85316
LR02_CMIP7hist_noMR,1877,7,labsea,MLD2,11.01974
LR02_CMIP7hist_noMR,1877,8,labsea,MLD2,13.77246
LR02_CMIP7hist_noMR,1877,9,labsea,MLD2,16.54992
LR02_CMIP7hist_noMR,1877,10,labsea,MLD2,22.19210
LR02_CMIP7hist_noMR,1877,11,labsea,MLD2,34.34216
LR02_CMIP7hist_noMR,1877,12,labsea,MLD2,47.06124
LR02_CMIP7hist_noMR,1877,1,interior,MLD2,110.74596
LR02_CMIP7hist_noMR,1877,2,interior,MLD2,197.93246
LR02_CMIP7hist_noMR,1877,3,interior,MLD2,121.64875
LR02_CMIP7hist_noMR,1877,4,interior,MLD2,86.74938
LR02_CMIP7hist_noMR,1877,5,interior,MLD2,32.57365
LR02_CMIP7hist_noMR,1877,6,interior,MLD2,18.64765
LR02_CMIP7hist_noMR,1877,7,interior,MLD2,11.67415
LR02_CMIP7hist_noMR,1877,8,interior,MLD2,15.26470
LR02_CMIP7hist_noMR,1877,9,interior,MLD2,18.06153
LR02_CMIP7hist_noMR,1877,10,interior,MLD2,23.30723
LR02_CMIP7hist_noMR,1877,11,interior,MLD2,32.69663
LR02_CMIP7hist_noMR,1877,12,interior,MLD2,47.80687
LR02_CMIP7hist_noMR,1878,1,labsea,a_ice,0.42057
LR02_CMIP7hist_noMR,1878,2,labsea,a_ice,0.55968
LR02_CMIP7hist_noMR,1878,3,labsea,a_ice,0.51170
LR02_CMIP7hist_noMR,1878,4,labsea,a_ice,0.37605
LR02_CMIP7hist_noMR,1878,5,labsea,a_ice,0.30788
LR02_CMIP7hist_noMR,1878,6,labsea,a_ice,0.22075
LR02_CMIP7hist_noMR,1878,7,labsea,a_ice,0.06535
LR02_CMIP7hist_noMR,1878,8,labsea,a_ice,0.00332
LR02_CMIP7hist_noMR,1878,9,labsea,a_ice,0.00000
LR02_CMIP7hist_noMR,1878,10,labsea,a_ice,0.00000
LR02_CMIP7hist_noMR,1878,11,labsea,a_ice,0.00568
LR02_CMIP7hist_noMR,1878,12,labsea,a_ice,0.18656
LR02_CMIP7hist_noMR,1878,1,interior,a_ice,0.28889
LR02_CMIP7hist_noMR,1878,2,interior,a_ice,0.36972
LR02_CMIP7hist_noMR,1878,3,interior,a_ice,0.26233
LR02_CMIP7hist_noMR,1878,4,interior,a_ice,0.13685
LR02_CMIP7hist_noMR,1878,5,interior,a_ice,0.09732
LR02_CMIP7hist_noMR,1878,6,interior,a_ice,0.05925
LR02_CMIP7hist_noMR,1878,7,interior,a_ice,0.00307
LR02_CMIP7hist_noMR,1878,8,interior,a_ice,0.00000
LR02_CMIP7hist_noMR,1878,9,interior,a_ice,0.00000
LR02_CMIP7hist_noMR,1878,10,interior,a_ice,0.00000
LR02_CMIP7hist_noMR,1878,11,interior,a_ice,0.00175
LR02_CMIP7hist_noMR,1878,12,interior,a_ice,0.05343
LR02_CMIP7hist_noMR,1878,1,labsea,MLD2,70.48747
LR02_CMIP7hist_noMR,1878,2,labsea,MLD2,310.83393
LR02_CMIP7hist_noMR,1878,3,labsea,MLD2,477.72287
LR02_CMIP7hist_noMR,1878,4,labsea,MLD2,483.52488
LR02_CMIP7hist_noMR,1878,5,labsea,MLD2,163.62660
LR02_CMIP7hist_noMR,1878,6,labsea,MLD2,17.40161
LR02_CMIP7hist_noMR,1878,7,labsea,MLD2,13.80373
LR02_CMIP7hist_noMR,1878,8,labsea,MLD2,16.25767
LR02_CMIP7hist_noMR,1878,9,labsea,MLD2,19.26505
LR02_CMIP7hist_noMR,1878,10,labsea,MLD2,25.97496
LR02_CMIP7hist_noMR,1878,11,labsea,MLD2,33.35637
LR02_CMIP7hist_noMR,1878,12,labsea,MLD2,48.74416
LR02_CMIP7hist_noMR,1878,1,interior,MLD2,83.99712
LR02_CMIP7hist_noMR,1878,2,interior,MLD2,602.81208
LR02_CMIP7hist_noMR,1878,3,interior,MLD2,1032.39032
LR02_CMIP7hist_noMR,1878,4,interior,MLD2,1150.77202
LR02_CMIP7hist_noMR,1878,5,interior,MLD2,449.96987
LR02_CMIP7hist_noMR,1878,6,interior,MLD2,22.16882
LR02_CMIP7hist_noMR,1878,7,interior,MLD2,16.71391
LR02_CMIP7hist_noMR,1878,8,interior,MLD2,17.34540
LR02_CMIP7hist_noMR,1878,9,interior,MLD2,21.86479
LR02_CMIP7hist_noMR,1878,10,interior,MLD2,28.82291
LR02_CMIP7hist_noMR,1878,11,interior,MLD2,35.80067
LR02_CMIP7hist_noMR,1878,12,interior,MLD2,59.72673
LR02_CMIP7hist_noMR,1879,1,labsea,a_ice,0.29233
LR02_CMIP7hist_noMR,1879,2,labsea,a_ice,0.41493
LR02_CMIP7hist_noMR,1879,3,labsea,a_ice,0.51460
LR02_CMIP7hist_noMR,1879,4,labsea,a_ice,0.44854
LR02_CMIP7hist_noMR,1879,5,labsea,a_ice,0.28080
LR02_CMIP7hist_noMR,1879,6,labsea,a_ice,0.08513
LR02_CMIP7hist_noMR,1879,7,labsea,a_ice,0.01244
LR02_CMIP7hist_noMR,1879,8,labsea,a_ice,0.00000
LR02_CMIP7hist_noMR,1879,9,labsea,a_ice,0.00000
LR02_CMIP7hist_noMR,1879,10,labsea,a_ice,0.00039
LR02_CMIP7hist_noMR,1879,11,labsea,a_ice,0.03679
LR02_CMIP7hist_noMR,1879,12,labsea,a_ice,0.18216
LR02_CMIP7hist_noMR,1879,1,interior,a_ice,0.10814
LR02_CMIP7hist_noMR,1879,2,interior,a_ice,0.16948
LR02_CMIP7hist_noMR,1879,3,interior,a_ice,0.43411
LR02_CMIP7hist_noMR,1879,4,interior,a_ice,0.40231
LR02_CMIP7hist_noMR,1879,5,interior,a_ice,0.26152
LR02_CMIP7hist_noMR,1879,6,interior,a_ice,0.04843
LR02_CMIP7hist_noMR,1879,7,interior,a_ice,0.00000
LR02_CMIP7hist_noMR,1879,8,interior,a_ice,0.00000
LR02_CMIP7hist_noMR,1879,9,interior,a_ice,0.00000
LR02_CMIP7hist_noMR,1879,10,interior,a_ice,0.00000
LR02_CMIP7hist_noMR,1879,11,interior,a_ice,0.00064
LR02_CMIP7hist_noMR,1879,12,interior,a_ice,0.05574
LR02_CMIP7hist_noMR,1879,1,labsea,MLD2,161.76423
LR02_CMIP7hist_noMR,1879,2,labsea,MLD2,587.85229
LR02_CMIP7hist_noMR,1879,3,labsea,MLD2,574.64569
LR02_CMIP7hist_noMR,1879,4,labsea,MLD2,226.87295
LR02_CMIP7hist_noMR,1879,5,labsea,MLD2,18.80729
LR02_CMIP7hist_noMR,1879,6,labsea,MLD2,12.69067
LR02_CMIP7hist_noMR,1879,7,labsea,MLD2,10.84080
LR02_CMIP7hist_noMR,1879,8,labsea,MLD2,14.35871
LR02_CMIP7hist_noMR,1879,9,labsea,MLD2,17.38618
LR02_CMIP7hist_noMR,1879,10,labsea,MLD2,23.49967
LR02_CMIP7hist_noMR,1879,11,labsea,MLD2,31.50923
LR02_CMIP7hist_noMR,1879,12,labsea,MLD2,47.79671
LR02_CMIP7hist_noMR,1879,1,interior,MLD2,405.91559
LR02_CMIP7hist_noMR,1879,2,interior,MLD2,1415.92125
LR02_CMIP7hist_noMR,1879,3,interior,MLD2,999.08162
LR02_CMIP7hist_noMR,1879,4,interior,MLD2,200.07536
LR02_CMIP7hist_noMR,1879,5,interior,MLD2,15.46073
LR02_CMIP7hist_noMR,1879,6,interior,MLD2,12.34373
LR02_CMIP7hist_noMR,1879,7,interior,MLD2,10.08914
LR02_CMIP7hist_noMR,1879,8,interior,MLD2,14.60219
LR02_CMIP7hist_noMR,1879,9,interior,MLD2,17.06404
LR02_CMIP7hist_noMR,1879,10,interior,MLD2,22.48731
LR02_CMIP7hist_noMR,1879,11,interior,MLD2,29.70042
LR02_CMIP7hist_noMR,1879,12,interior,MLD2,47.79933
LR02_CMIP7hist_noMR,1880,1,labsea,a_ice,0.37992
LR02_CMIP7hist_noMR,1880,2,labsea,a_ice,0.45443
LR02_CMIP7hist_noMR,1880,3,labsea,a_ice,0.42161
LR02_CMIP7hist_noMR,1880,4,labsea,a_ice,0.41136
LR02_CMIP7hist_noMR,1880,5,labsea,a_ice,0.28329
LR02_CMIP7hist_noMR,1880,6,labsea,a_ice,0.18926
LR02_CMIP7hist_noMR,1880,7,labsea,a_ice,0.06291
LR02_CMIP7hist_noMR,1880,8,labsea,a_ice,0.00372
LR02_CMIP7hist_noMR,1880,9,labsea,a_ice,0.00001
LR02_CMIP7hist_noMR,1880,10,labsea,a_ice,0.00964
LR02_CMIP7hist_noMR,1880,11,labsea,a_ice,0.05067
LR02_CMIP7hist_noMR,1880,12,labsea,a_ice,0.20563
LR02_CMIP7hist_noMR,1880,1,interior,a_ice,0.22094
LR02_CMIP7hist_noMR,1880,2,interior,a_ice,0.24529
LR02_CMIP7hist_noMR,1880,3,interior,a_ice,0.19077
LR02_CMIP7hist_noMR,1880,4,interior,a_ice,0.16015
LR02_CMIP7hist_noMR,1880,5,interior,a_ice,0.08893
LR02_CMIP7hist_noMR,1880,6,interior,a_ice,0.03497
LR02_CMIP7hist_noMR,1880,7,interior,a_ice,0.00649
LR02_CMIP7hist_noMR,1880,8,interior,a_ice,0.00000
LR02_CMIP7hist_noMR,1880,9,interior,a_ice,0.00000
LR02_CMIP7hist_noMR,1880,10,interior,a_ice,0.00000
LR02_CMIP7hist_noMR,1880,11,interior,a_ice,0.00033
LR02_CMIP7hist_noMR,1880,12,interior,a_ice,0.05460
LR02_CMIP7hist_noMR,1880,1,labsea,MLD2,85.16021
LR02_CMIP7hist_noMR,1880,2,labsea,MLD2,246.95239
LR02_CMIP7hist_noMR,1880,3,labsea,MLD2,392.87618
LR02_CMIP7hist_noMR,1880,4,labsea,MLD2,253.09293
LR02_CMIP7hist_noMR,1880,5,labsea,MLD2,28.59783
LR02_CMIP7hist_noMR,1880,6,labsea,MLD2,14.25142
LR02_CMIP7hist_noMR,1880,7,labsea,MLD2,12.08913
LR02_CMIP7hist_noMR,1880,8,labsea,MLD2,13.68686
LR02_CMIP7hist_noMR,1880,9,labsea,MLD2,19.01320
LR02_CMIP7hist_noMR,1880,10,labsea,MLD2,27.29997
LR02_CMIP7hist_noMR,1880,11,labsea,MLD2,34.84908
LR02_CMIP7hist_noMR,1880,12,labsea,MLD2,52.43535
LR02_CMIP7hist_noMR,1880,1,interior,MLD2,111.58690
LR02_CMIP7hist_noMR,1880,2,interior,MLD2,478.64041
LR02_CMIP7hist_noMR,1880,3,interior,MLD2,750.34159
LR02_CMIP7hist_noMR,1880,4,interior,MLD2,519.55160
LR02_CMIP7hist_noMR,1880,5,interior,MLD2,37.60246
LR02_CMIP7hist_noMR,1880,6,interior,MLD2,16.38866
LR02_CMIP7hist_noMR,1880,7,interior,MLD2,13.49474
LR02_CMIP7hist_noMR,1880,8,interior,MLD2,15.96639
LR02_CMIP7hist_noMR,1880,9,interior,MLD2,21.87982
LR02_CMIP7hist_noMR,1880,10,interior,MLD2,30.77796
LR02_CMIP7hist_noMR,1880,11,interior,MLD2,42.01341
LR02_CMIP7hist_noMR,1880,12,interior,MLD2,62.96651
LR02_CMIP7hist_noMR,1881,1,labsea,a_ice,0.33600
LR02_CMIP7hist_noMR,1881,2,labsea,a_ice,0.44864
LR02_CMIP7hist_noMR,1881,3,labsea,a_ice,0.44497
LR02_CMIP7hist_noMR,1881,4,labsea,a_ice,0.35356
LR02_CMIP7hist_noMR,1881,5,labsea,a_ice,0.27681
LR02_CMIP7hist_noMR,1881,6,labsea,a_ice,0.09985
LR02_CMIP7hist_noMR,1881,7,labsea,a_ice,0.00987
LR02_CMIP7hist_noMR,1881,8,labsea,a_ice,0.00000
LR02_CMIP7hist_noMR,1881,9,labsea,a_ice,0.00000
LR02_CMIP7hist_noMR,1881,10,labsea,a_ice,0.00106
LR02_CMIP7hist_noMR,1881,11,labsea,a_ice,0.04112
LR02_CMIP7hist_noMR,1881,12,labsea,a_ice,0.21837
LR02_CMIP7hist_noMR,1881,1,interior,a_ice,0.17002
LR02_CMIP7hist_noMR,1881,2,interior,a_ice,0.29219
LR02_CMIP7hist_noMR,1881,3,interior,a_ice,0.26269
LR02_CMIP7hist_noMR,1881,4,interior,a_ice,0.21548
LR02_CMIP7hist_noMR,1881,5,interior,a_ice,0.14175
LR02_CMIP7hist_noMR,1881,6,interior,a_ice,0.01300
LR02_CMIP7hist_noMR,1881,7,interior,a_ice,0.00000
LR02_CMIP7hist_noMR,1881,8,interior,a_ice,0.00000
LR02_CMIP7hist_noMR,1881,9,interior,a_ice,0.00000
LR02_CMIP7hist_noMR,1881,10,interior,a_ice,0.00000
LR02_CMIP7hist_noMR,1881,11,interior,a_ice,0.00029
LR02_CMIP7hist_noMR,1881,12,interior,a_ice,0.04263
LR02_CMIP7hist_noMR,1881,1,labsea,MLD2,99.26895
LR02_CMIP7hist_noMR,1881,2,labsea,MLD2,307.73119
LR02_CMIP7hist_noMR,1881,3,labsea,MLD2,517.53116
LR02_CMIP7hist_noMR,1881,4,labsea,MLD2,334.39301
LR02_CMIP7hist_noMR,1881,5,labsea,MLD2,68.97220
LR02_CMIP7hist_noMR,1881,6,labsea,MLD2,15.88656
LR02_CMIP7hist_noMR,1881,7,labsea,MLD2,13.68823
LR02_CMIP7hist_noMR,1881,8,labsea,MLD2,13.92810
LR02_CMIP7hist_noMR,1881,9,labsea,MLD2,18.03743
LR02_CMIP7hist_noMR,1881,10,labsea,MLD2,27.28279
LR02_CMIP7hist_noMR,1881,11,labsea,MLD2,46.38918
LR02_CMIP7hist_noMR,1881,12,labsea,MLD2,107.66007
LR02_CMIP7hist_noMR,1881,1,interior,MLD2,125.69478
LR02_CMIP7hist_noMR,1881,2,interior,MLD2,387.17688
LR02_CMIP7hist_noMR,1881,3,interior,MLD2,755.42974
LR02_CMIP7hist_noMR,1881,4,interior,MLD2,389.47797
LR02_CMIP7hist_noMR,1881,5,interior,MLD2,66.99178
LR02_CMIP7hist_noMR,1881,6,interior,MLD2,18.11010
LR02_CMIP7hist_noMR,1881,7,interior,MLD2,16.58309
LR02_CMIP7hist_noMR,1881,8,interior,MLD2,15.31781
LR02_CMIP7hist_noMR,1881,9,interior,MLD2,18.81187
LR02_CMIP7hist_noMR,1881,10,interior,MLD2,28.92133
LR02_CMIP7hist_noMR,1881,11,interior,MLD2,51.00415
LR02_CMIP7hist_noMR,1881,12,interior,MLD2,167.93903
LR02_CMIP7hist_noMR,1882,1,labsea,a_ice,0.36769
LR02_CMIP7hist_noMR,1882,2,labsea,a_ice,0.46568
LR02_CMIP7hist_noMR,1882,3,labsea,a_ice,0.44296
LR02_CMIP7hist_noMR,1882,4,labsea,a_ice,0.39145
LR02_CMIP7hist_noMR,1882,5,labsea,a_ice,0.30621
LR02_CMIP7hist_noMR,1882,6,labsea,a_ice,0.17308
LR02_CMIP7hist_noMR,1882,7,labsea,a_ice,0.02662
LR02_CMIP7hist_noMR,1882,8,labsea,a_ice,0.00000
LR02_CMIP7hist_noMR,1882,9,labsea,a_ice,0.00000
LR02_CMIP7hist_noMR,1882,10,labsea,a_ice,0.00000
LR02_CMIP7hist_noMR,1882,11,labsea,a_ice,0.01510
LR02_CMIP7hist_noMR,1882,12,labsea,a_ice,0.14717
LR02_CMIP7hist_noMR,1882,1,interior,a_ice,0.19834
LR02_CMIP7hist_noMR,1882,2,interior,a_ice,0.32447
LR02_CMIP7hist_noMR,1882,3,interior,a_ice,0.29615
LR02_CMIP7hist_noMR,1882,4,interior,a_ice,0.18802
LR02_CMIP7hist_noMR,1882,5,interior,a_ice,0.11113
LR02_CMIP7hist_noMR,1882,6,interior,a_ice,0.08977
LR02_CMIP7hist_noMR,1882,7,interior,a_ice,0.00019
LR02_CMIP7hist_noMR,1882,8,interior,a_ice,0.00000
LR02_CMIP7hist_noMR,1882,9,interior,a_ice,0.00000
LR02_CMIP7hist_noMR,1882,10,interior,a_ice,0.00000
LR02_CMIP7hist_noMR,1882,11,interior,a_ice,0.00065
LR02_CMIP7hist_noMR,1882,12,interior,a_ice,0.05589
LR02_CMIP7hist_noMR,1882,1,labsea,MLD2,562.12388
LR02_CMIP7hist_noMR,1882,2,labsea,MLD2,970.66773
LR02_CMIP7hist_noMR,1882,3,labsea,MLD2,843.25678
LR02_CMIP7hist_noMR,1882,4,labsea,MLD2,512.65454
LR02_CMIP7hist_noMR,1882,5,labsea,MLD2,257.94478
LR02_CMIP7hist_noMR,1882,6,labsea,MLD2,12.58067
LR02_CMIP7hist_noMR,1882,7,labsea,MLD2,12.35515
LR02_CMIP7hist_noMR,1882,8,labsea,MLD2,13.54380
LR02_CMIP7hist_noMR,1882,9,labsea,MLD2,16.45592
LR02_CMIP7hist_noMR,1882,10,labsea,MLD2,26.55766
LR02_CMIP7hist_noMR,1882,11,labsea,MLD2,33.41538
LR02_CMIP7hist_noMR,1882,12,labsea,MLD2,53.78325
LR02_CMIP7hist_noMR,1882,1,interior,MLD2,962.45285
LR02_CMIP7hist_noMR,1882,2,interior,MLD2,1587.77379
LR02_CMIP7hist_noMR,1882,3,interior,MLD2,1290.82402
LR02_CMIP7hist_noMR,1882,4,interior,MLD2,965.24395
LR02_CMIP7hist_noMR,1882,5,interior,MLD2,531.65410
LR02_CMIP7hist_noMR,1882,6,interior,MLD2,15.11007
LR02_CMIP7hist_noMR,1882,7,interior,MLD2,13.87284
LR02_CMIP7hist_noMR,1882,8,interior,MLD2,15.86002
LR02_CMIP7hist_noMR,1882,9,interior,MLD2,17.24206
LR02_CMIP7hist_noMR,1882,10,interior,MLD2,27.75071
LR02_CMIP7hist_noMR,1882,11,interior,MLD2,37.25787
LR02_CMIP7hist_noMR,1882,12,interior,MLD2,59.03115
LR02_CMIP7hist_noMR,1883,1,labsea,a_ice,0.33523
LR02_CMIP7hist_noMR,1883,2,labsea,a_ice,0.37571
LR02_CMIP7hist_noMR,1883,3,labsea,a_ice,0.38208
LR02_CMIP7hist_noMR,1883,4,labsea,a_ice,0.33649
LR02_CMIP7hist_noMR,1883,5,labsea,a_ice,0.26093
LR02_CMIP7hist_noMR,1883,6,labsea,a_ice,0.15745
LR02_CMIP7hist_noMR,1883,7,labsea,a_ice,0.03209
LR02_CMIP7hist_noMR,1883,8,labsea,a_ice,0.00045
LR02_CMIP7hist_noMR,1883,9,labsea,a_ice,0.00000
LR02_CMIP7hist_noMR,1883,10,labsea,a_ice,0.00027
LR02_CMIP7hist_noMR,1883,11,labsea,a_ice,0.02786
LR02_CMIP7hist_noMR,1883,12,labsea,a_ice,0.12487
LR02_CMIP7hist_noMR,1883,1,interior,a_ice,0.16383
LR02_CMIP7hist_noMR,1883,2,interior,a_ice,0.18222
LR02_CMIP7hist_noMR,1883,3,interior,a_ice,0.19443
LR02_CMIP7hist_noMR,1883,4,interior,a_ice,0.15696
LR02_CMIP7hist_noMR,1883,5,interior,a_ice,0.08873
LR02_CMIP7hist_noMR,1883,6,interior,a_ice,0.01223
LR02_CMIP7hist_noMR,1883,7,interior,a_ice,0.00381
LR02_CMIP7hist_noMR,1883,8,interior,a_ice,0.00000
LR02_CMIP7hist_noMR,1883,9,interior,a_ice,0.00000
LR02_CMIP7hist_noMR,1883,10,interior,a_ice,0.00000
LR02_CMIP7hist_noMR,1883,11,interior,a_ice,0.00000
LR02_CMIP7hist_noMR,1883,12,interior,a_ice,0.01830
LR02_CMIP7hist_noMR,1883,1,labsea,MLD2,226.36272
LR02_CMIP7hist_noMR,1883,2,labsea,MLD2,581.96448
LR02_CMIP7hist_noMR,1883,3,labsea,MLD2,682.38071
LR02_CMIP7hist_noMR,1883,4,labsea,MLD2,590.87072
LR02_CMIP7hist_noMR,1883,5,labsea,MLD2,139.36116
LR02_CMIP7hist_noMR,1883,6,labsea,MLD2,14.96935
LR02_CMIP7hist_noMR,1883,7,labsea,MLD2,12.65789
LR02_CMIP7hist_noMR,1883,8,labsea,MLD2,14.49540
LR02_CMIP7hist_noMR,1883,9,labsea,MLD2,18.28312
LR02_CMIP7hist_noMR,1883,10,labsea,MLD2,28.83866
LR02_CMIP7hist_noMR,1883,11,labsea,MLD2,43.49307
LR02_CMIP7hist_noMR,1883,12,labsea,MLD2,68.98914
LR02_CMIP7hist_noMR,1883,1,interior,MLD2,283.90299
LR02_CMIP7hist_noMR,1883,2,interior,MLD2,1053.73934
LR02_CMIP7hist_noMR,1883,3,interior,MLD2,1289.77297
LR02_CMIP7hist_noMR,1883,4,interior,MLD2,1156.00533
LR02_CMIP7hist_noMR,1883,5,interior,MLD2,332.92538
LR02_CMIP7hist_noMR,1883,6,interior,MLD2,18.02673
LR02_CMIP7hist_noMR,1883,7,interior,MLD2,15.16260
LR02_CMIP7hist_noMR,1883,8,interior,MLD2,16.05234
LR02_CMIP7hist_noMR,1883,9,interior,MLD2,18.71829
LR02_CMIP7hist_noMR,1883,10,interior,MLD2,29.48555
LR02_CMIP7hist_noMR,1883,11,interior,MLD2,48.20065
LR02_CMIP7hist_noMR,1883,12,interior,MLD2,88.37001
LR02_CMIP7hist_noMR,1884,1,labsea,a_ice,0.19613
LR02_CMIP7hist_noMR,1884,2,labsea,a_ice,0.28397
LR02_CMIP7hist_noMR,1884,3,labsea,a_ice,0.33433
LR02_CMIP7hist_noMR,1884,4,labsea,a_ice,0.32254
LR02_CMIP7hist_noMR,1884,5,labsea,a_ice,0.20911
LR02_CMIP7hist_noMR,1884,6,labsea,a_ice,0.11826
LR02_CMIP7hist_noMR,1884,7,labsea,a_ice,0.02086
LR02_CMIP7hist_noMR,1884,8,labsea,a_ice,0.00000
LR02_CMIP7hist_noMR,1884,9,labsea,a_ice,0.00000
LR02_CMIP7hist_noMR,1884,10,labsea,a_ice,0.00318
LR02_CMIP7hist_noMR,1884,11,labsea,a_ice,0.06670
LR02_CMIP7hist_noMR,1884,12,labsea,a_ice,0.23002
LR02_CMIP7hist_noMR,1884,1,interior,a_ice,0.03803
LR02_CMIP7hist_noMR,1884,2,interior,a_ice,0.10415
LR02_CMIP7hist_noMR,1884,3,interior,a_ice,0.14413
LR02_CMIP7hist_noMR,1884,4,interior,a_ice,0.11695
LR02_CMIP7hist_noMR,1884,5,interior,a_ice,0.06810
LR02_CMIP7hist_noMR,1884,6,interior,a_ice,0.00938
LR02_CMIP7hist_noMR,1884,7,interior,a_ice,0.00225
LR02_CMIP7hist_noMR,1884,8,interior,a_ice,0.00000
LR02_CMIP7hist_noMR,1884,9,interior,a_ice,0.00000
LR02_CMIP7hist_noMR,1884,10,interior,a_ice,0.00000
LR02_CMIP7hist_noMR,1884,11,interior,a_ice,0.00134
LR02_CMIP7hist_noMR,1884,12,interior,a_ice,0.05740
LR02_CMIP7hist_noMR,1884,1,labsea,MLD2,121.17703
LR02_CMIP7hist_noMR,1884,2,labsea,MLD2,576.80657
LR02_CMIP7hist_noMR,1884,3,labsea,MLD2,1058.32815
LR02_CMIP7hist_noMR,1884,4,labsea,MLD2,729.20708
LR02_CMIP7hist_noMR,1884,5,labsea,MLD2,83.91432
LR02_CMIP7hist_noMR,1884,6,labsea,MLD2,17.78515
LR02_CMIP7hist_noMR,1884,7,labsea,MLD2,14.94857
LR02_CMIP7hist_noMR,1884,8,labsea,MLD2,15.63208
LR02_CMIP7hist_noMR,1884,9,labsea,MLD2,18.64712
LR02_CMIP7hist_noMR,1884,10,labsea,MLD2,28.98908
LR02_CMIP7hist_noMR,1884,11,labsea,MLD2,46.45712
LR02_CMIP7hist_noMR,1884,12,labsea,MLD2,102.63292
LR02_CMIP7hist_noMR,1884,1,interior,MLD2,190.47025
LR02_CMIP7hist_noMR,1884,2,interior,MLD2,1134.88071
LR02_CMIP7hist_noMR,1884,3,interior,MLD2,1789.31019
LR02_CMIP7hist_noMR,1884,4,interior,MLD2,1331.53270
LR02_CMIP7hist_noMR,1884,5,interior,MLD2,165.30598
LR02_CMIP7hist_noMR,1884,6,interior,MLD2,21.33250
LR02_CMIP7hist_noMR,1884,7,interior,MLD2,17.61824
LR02_CMIP7hist_noMR,1884,8,interior,MLD2,17.46615
LR02_CMIP7hist_noMR,1884,9,interior,MLD2,20.50937
LR02_CMIP7hist_noMR,1884,10,interior,MLD2,32.38834
LR02_CMIP7hist_noMR,1884,11,interior,MLD2,57.76786
LR02_CMIP7hist_noMR,1884,12,interior,MLD2,161.62405
LR02_CMIP7hist_noMR,1885,1,labsea,a_ice,0.36495
LR02_CMIP7hist_noMR,1885,2,labsea,a_ice,0.40693
LR02_CMIP7hist_noMR,1885,3,labsea,a_ice,0.47600
LR02_CMIP7hist_noMR,1885,4,labsea,a_ice,0.40115
LR02_CMIP7hist_noMR,1885,5,labsea,a_ice,0.30213
LR02_CMIP7hist_noMR,1885,6,labsea,a_ice,0.16786
LR02_CMIP7hist_noMR,1885,7,labsea,a_ice,0.03493
LR02_CMIP7hist_noMR,1885,8,labsea,a_ice,0.00017
LR02_CMIP7hist_noMR,1885,9,labsea,a_ice,0.00000
LR02_CMIP7hist_noMR,1885,10,labsea,a_ice,0.00831
LR02_CMIP7hist_noMR,1885,11,labsea,a_ice,0.07811
LR02_CMIP7hist_noMR,1885,12,labsea,a_ice,0.20279
LR02_CMIP7hist_noMR,1885,1,interior,a_ice,0.19664
LR02_CMIP7hist_noMR,1885,2,interior,a_ice,0.25997
LR02_CMIP7hist_noMR,1885,3,interior,a_ice,0.44422
LR02_CMIP7hist_noMR,1885,4,interior,a_ice,0.32612
LR02_CMIP7hist_noMR,1885,5,interior,a_ice,0.16980
LR02_CMIP7hist_noMR,1885,6,interior,a_ice,0.04676
LR02_CMIP7hist_noMR,1885,7,interior,a_ice,0.00550
LR02_CMIP7hist_noMR,1885,8,interior,a_ice,0.00000
LR02_CMIP7hist_noMR,1885,9,interior,a_ice,0.00000
LR02_CMIP7hist_noMR,1885,10,interior,a_ice,0.00000
LR02_CMIP7hist_noMR,1885,11,interior,a_ice,0.00159
LR02_CMIP7hist_noMR,1885,12,interior,a_ice,0.06857
LR02_CMIP7hist_noMR,1885,1,labsea,MLD2,533.91627
LR02_CMIP7hist_noMR,1885,2,labsea,MLD2,872.08099
LR02_CMIP7hist_noMR,1885,3,labsea,MLD2,868.15752
LR02_CMIP7hist_noMR,1885,4,labsea,MLD2,679.02391
LR02_CMIP7hist_noMR,1885,5,labsea,MLD2,207.51825
LR02_CMIP7hist_noMR,1885,6,labsea,MLD2,16.39424
LR02_CMIP7hist_noMR,1885,7,labsea,MLD2,13.13891
LR02_CMIP7hist_noMR,1885,8,labsea,MLD2,16.33844
LR02_CMIP7hist_noMR,1885,9,labsea,MLD2,25.16432
LR02_CMIP7hist_noMR,1885,10,labsea,MLD2,31.67765
LR02_CMIP7hist_noMR,1885,11,labsea,MLD2,57.15425
LR02_CMIP7hist_noMR,1885,12,labsea,MLD2,91.06323
LR02_CMIP7hist_noMR,1885,1,interior,MLD2,721.84242
LR02_CMIP7hist_noMR,1885,2,interior,MLD2,1061.09275
LR02_CMIP7hist_noMR,1885,3,interior,MLD2,776.72364
LR02_CMIP7hist_noMR,1885,4,interior,MLD2,562.76513
LR02_CMIP7hist_noMR,1885,5,interior,MLD2,129.26768
LR02_CMIP7hist_noMR,1885,6,interior,MLD2,16.87212
LR02_CMIP7hist_noMR,1885,7,interior,MLD2,14.53344
LR02_CMIP7hist_noMR,1885,8,interior,MLD2,17.54319
LR02_CMIP7hist_noMR,1885,9,interior,MLD2,27.24850
LR02_CMIP7hist_noMR,1885,10,interior,MLD2,34.56676
LR02_CMIP7hist_noMR,1885,11,interior,MLD2,68.66943
LR02_CMIP7hist_noMR,1885,12,interior,MLD2,133.07676
LR02_CMIP7hist_noMR,1886,1,labsea,a_ice,0.35259
LR02_CMIP7hist_noMR,1886,2,labsea,a_ice,0.37870
LR02_CMIP7hist_noMR,1886,3,labsea,a_ice,0.39069
LR02_CMIP7hist_noMR,1886,4,labsea,a_ice,0.32259
LR02_CMIP7hist_noMR,1886,5,labsea,a_ice,0.26897
LR02_CMIP7hist_noMR,1886,6,labsea,a_ice,0.20011
LR02_CMIP7hist_noMR,1886,7,labsea,a_ice,0.06191
LR02_CMIP7hist_noMR,1886,8,labsea,a_ice,0.01214
LR02_CMIP7hist_noMR,1886,9,labsea,a_ice,0.00120
LR02_CMIP7hist_noMR,1886,10,labsea,a_ice,0.00441
LR02_CMIP7hist_noMR,1886,11,labsea,a_ice,0.05085
LR02_CMIP7hist_noMR,1886,12,labsea,a_ice,0.11178
LR02_CMIP7hist_noMR,1886,1,interior,a_ice,0.17852
LR02_CMIP7hist_noMR,1886,2,interior,a_ice,0.24141
LR02_CMIP7hist_noMR,1886,3,interior,a_ice,0.23023
LR02_CMIP7hist_noMR,1886,4,interior,a_ice,0.15210
LR02_CMIP7hist_noMR,1886,5,interior,a_ice,0.10400
LR02_CMIP7hist_noMR,1886,6,interior,a_ice,0.11950
LR02_CMIP7hist_noMR,1886,7,interior,a_ice,0.02150
LR02_CMIP7hist_noMR,1886,8,interior,a_ice,0.00000
LR02_CMIP7hist_noMR,1886,9,interior,a_ice,0.00000
LR02_CMIP7hist_noMR,1886,10,interior,a_ice,0.00000
LR02_CMIP7hist_noMR,1886,11,interior,a_ice,0.00339
LR02_CMIP7hist_noMR,1886,12,interior,a_ice,0.01857
LR02_CMIP7hist_noMR,1886,1,labsea,MLD2,298.56465
LR02_CMIP7hist_noMR,1886,2,labsea,MLD2,706.70781
LR02_CMIP7hist_noMR,1886,3,labsea,MLD2,790.13398
LR02_CMIP7hist_noMR,1886,4,labsea,MLD2,578.32024
LR02_CMIP7hist_noMR,1886,5,labsea,MLD2,185.05069
LR02_CMIP7hist_noMR,1886,6,labsea,MLD2,23.64176
LR02_CMIP7hist_noMR,1886,7,labsea,MLD2,15.02772
LR02_CMIP7hist_noMR,1886,8,labsea,MLD2,17.13371
LR02_CMIP7hist_noMR,1886,9,labsea,MLD2,21.23694
LR02_CMIP7hist_noMR,1886,10,labsea,MLD2,27.87675
LR02_CMIP7hist_noMR,1886,11,labsea,MLD2,45.82853
LR02_CMIP7hist_noMR,1886,12,labsea,MLD2,83.24607
LR02_CMIP7hist_noMR,1886,1,interior,MLD2,510.71380
LR02_CMIP7hist_noMR,1886,2,interior,MLD2,1221.68039
LR02_CMIP7hist_noMR,1886,3,interior,MLD2,1142.46950
LR02_CMIP7hist_noMR,1886,4,interior,MLD2,814.04834
LR02_CMIP7hist_noMR,1886,5,interior,MLD2,114.00930
LR02_CMIP7hist_noMR,1886,6,interior,MLD2,22.73276
LR02_CMIP7hist_noMR,1886,7,interior,MLD2,16.58861
LR02_CMIP7hist_noMR,1886,8,interior,MLD2,18.96326
LR02_CMIP7hist_noMR,1886,9,interior,MLD2,22.94880
LR02_CMIP7hist_noMR,1886,10,interior,MLD2,29.37362
LR02_CMIP7hist_noMR,1886,11,interior,MLD2,47.10778
LR02_CMIP7hist_noMR,1886,12,interior,MLD2,115.41125
LR02_CMIP7hist_noMR,1887,1,labsea,a_ice,0.28231
LR02_CMIP7hist_noMR,1887,2,labsea,a_ice,0.32811
LR02_CMIP7hist_noMR,1887,3,labsea,a_ice,0.38051
LR02_CMIP7hist_noMR,1887,4,labsea,a_ice,0.34500
LR02_CMIP7hist_noMR,1887,5,labsea,a_ice,0.27128
LR02_CMIP7hist_noMR,1887,6,labsea,a_ice,0.16340
LR02_CMIP7hist_noMR,1887,7,labsea,a_ice,0.04044
LR02_CMIP7hist_noMR,1887,8,labsea,a_ice,0.00304
LR02_CMIP7hist_noMR,1887,9,labsea,a_ice,0.00000
LR02_CMIP7hist_noMR,1887,10,labsea,a_ice,0.00000
LR02_CMIP7hist_noMR,1887,11,labsea,a_ice,0.03706
LR02_CMIP7hist_noMR,1887,12,labsea,a_ice,0.17166
LR02_CMIP7hist_noMR,1887,1,interior,a_ice,0.09020
LR02_CMIP7hist_noMR,1887,2,interior,a_ice,0.12822
LR02_CMIP7hist_noMR,1887,3,interior,a_ice,0.24168
LR02_CMIP7hist_noMR,1887,4,interior,a_ice,0.16633
LR02_CMIP7hist_noMR,1887,5,interior,a_ice,0.06927
LR02_CMIP7hist_noMR,1887,6,interior,a_ice,0.03838
LR02_CMIP7hist_noMR,1887,7,interior,a_ice,0.00005
LR02_CMIP7hist_noMR,1887,8,interior,a_ice,0.00000
LR02_CMIP7hist_noMR,1887,9,interior,a_ice,0.00000
LR02_CMIP7hist_noMR,1887,10,interior,a_ice,0.00000
LR02_CMIP7hist_noMR,1887,11,interior,a_ice,0.00338
LR02_CMIP7hist_noMR,1887,12,interior,a_ice,0.03587
LR02_CMIP7hist_noMR,1887,1,labsea,MLD2,335.45499
LR02_CMIP7hist_noMR,1887,2,labsea,MLD2,947.18272
LR02_CMIP7hist_noMR,1887,3,labsea,MLD2,960.56749
LR02_CMIP7hist_noMR,1887,4,labsea,MLD2,785.23841
LR02_CMIP7hist_noMR,1887,5,labsea,MLD2,279.21573
LR02_CMIP7hist_noMR,1887,6,labsea,MLD2,14.31152
LR02_CMIP7hist_noMR,1887,7,labsea,MLD2,11.34993
LR02_CMIP7hist_noMR,1887,8,labsea,MLD2,13.40147
LR02_CMIP7hist_noMR,1887,9,labsea,MLD2,17.82005
LR02_CMIP7hist_noMR,1887,10,labsea,MLD2,27.12170
LR02_CMIP7hist_noMR,1887,11,labsea,MLD2,45.21125
LR02_CMIP7hist_noMR,1887,12,labsea,MLD2,141.86771
LR02_CMIP7hist_noMR,1887,1,interior,MLD2,573.02334
LR02_CMIP7hist_noMR,1887,2,interior,MLD2,1835.04898
LR02_CMIP7hist_noMR,1887,3,interior,MLD2,1648.70685
LR02_CMIP7hist_noMR,1887,4,interior,MLD2,1226.69615
LR02_CMIP7hist_noMR,1887,5,interior,MLD2,582.43635
LR02_CMIP7hist_noMR,1887,6,interior,MLD2,14.75379
LR02_CMIP7hist_noMR,1887,7,interior,MLD2,12.75810
LR02_CMIP7hist_noMR,1887,8,interior,MLD2,14.75795
LR02_CMIP7hist_noMR,1887,9,interior,MLD2,18.30487
LR02_CMIP7hist_noMR,1887,10,interior,MLD2,27.37347
LR02_CMIP7hist_noMR,1887,11,interior,MLD2,49.43982
LR02_CMIP7hist_noMR,1887,12,interior,MLD2,281.36616
LR02_CMIP7hist_noMR,1888,1,labsea,a_ice,0.26152
LR02_CMIP7hist_noMR,1888,2,labsea,a_ice,0.31954
LR02_CMIP7hist_noMR,1888,3,labsea,a_ice,0.39921
LR02_CMIP7hist_noMR,1888,4,labsea,a_ice,0.37035
LR02_CMIP7hist_noMR,1888,5,labsea,a_ice,0.30816
LR02_CMIP7hist_noMR,1888,6,labsea,a_ice,0.20109
LR02_CMIP7hist_noMR,1888,7,labsea,a_ice,0.04144
LR02_CMIP7hist_noMR,1888,8,labsea,a_ice,0.00007
LR02_CMIP7hist_noMR,1888,9,labsea,a_ice,0.00000
LR02_CMIP7hist_noMR,1888,10,labsea,a_ice,0.00046
LR02_CMIP7hist_noMR,1888,11,labsea,a_ice,0.05097
LR02_CMIP7hist_noMR,1888,12,labsea,a_ice,0.16690
LR02_CMIP7hist_noMR,1888,1,interior,a_ice,0.07068
LR02_CMIP7hist_noMR,1888,2,interior,a_ice,0.14647
LR02_CMIP7hist_noMR,1888,3,interior,a_ice,0.26770
LR02_CMIP7hist_noMR,1888,4,interior,a_ice,0.21335
LR02_CMIP7hist_noMR,1888,5,interior,a_ice,0.09774
LR02_CMIP7hist_noMR,1888,6,interior,a_ice,0.06084
LR02_CMIP7hist_noMR,1888,7,interior,a_ice,0.01092
LR02_CMIP7hist_noMR,1888,8,interior,a_ice,0.00000
LR02_CMIP7hist_noMR,1888,9,interior,a_ice,0.00000
LR02_CMIP7hist_noMR,1888,10,interior,a_ice,0.00000
LR02_CMIP7hist_noMR,1888,11,interior,a_ice,0.00039
LR02_CMIP7hist_noMR,1888,12,interior,a_ice,0.02663
LR02_CMIP7hist_noMR,1888,1,labsea,MLD2,1054.90885
LR02_CMIP7hist_noMR,1888,2,labsea,MLD2,1397.67167
LR02_CMIP7hist_noMR,1888,3,labsea,MLD2,1302.55475
LR02_CMIP7hist_noMR,1888,4,labsea,MLD2,1115.21420
LR02_CMIP7hist_noMR,1888,5,labsea,MLD2,335.72270
LR02_CMIP7hist_noMR,1888,6,labsea,MLD2,14.91338
LR02_CMIP7hist_noMR,1888,7,labsea,MLD2,11.59826
LR02_CMIP7hist_noMR,1888,8,labsea,MLD2,13.02561
LR02_CMIP7hist_noMR,1888,9,labsea,MLD2,18.09050
LR02_CMIP7hist_noMR,1888,10,labsea,MLD2,26.95761
LR02_CMIP7hist_noMR,1888,11,labsea,MLD2,48.11009
LR02_CMIP7hist_noMR,1888,12,labsea,MLD2,85.24738
LR02_CMIP7hist_noMR,1888,1,interior,MLD2,1980.39827
LR02_CMIP7hist_noMR,1888,2,interior,MLD2,2263.09297
LR02_CMIP7hist_noMR,1888,3,interior,MLD2,1905.73154
LR02_CMIP7hist_noMR,1888,4,interior,MLD2,1724.53236
LR02_CMIP7hist_noMR,1888,5,interior,MLD2,600.91582
LR02_CMIP7hist_noMR,1888,6,interior,MLD2,17.90989
LR02_CMIP7hist_noMR,1888,7,interior,MLD2,13.89601
LR02_CMIP7hist_noMR,1888,8,interior,MLD2,15.00844
LR02_CMIP7hist_noMR,1888,9,interior,MLD2,20.10380
LR02_CMIP7hist_noMR,1888,10,interior,MLD2,28.85208
LR02_CMIP7hist_noMR,1888,11,interior,MLD2,50.66907
LR02_CMIP7hist_noMR,1888,12,interior,MLD2,109.51289
LR02_CMIP7hist_noMR,1889,1,labsea,a_ice,0.27451
LR02_CMIP7hist_noMR,1889,2,labsea,a_ice,0.25895
LR02_CMIP7hist_noMR,1889,3,labsea,a_ice,0.33036
LR02_CMIP7hist_noMR,1889,4,labsea,a_ice,0.38838
LR02_CMIP7hist_noMR,1889,5,labsea,a_ice,0.33569
LR02_CMIP7hist_noMR,1889,6,labsea,a_ice,0.21188
LR02_CMIP7hist_noMR,1889,7,labsea,a_ice,0.07538
LR02_CMIP7hist_noMR,1889,8,labsea,a_ice,0.00371
LR02_CMIP7hist_noMR,1889,9,labsea,a_ice,0.00007
LR02_CMIP7hist_noMR,1889,10,labsea,a_ice,0.00002
LR02_CMIP7hist_noMR,1889,11,labsea,a_ice,0.03738
LR02_CMIP7hist_noMR,1889,12,labsea,a_ice,0.12093
LR02_CMIP7hist_noMR,1889,1,interior,a_ice,0.10021
LR02_CMIP7hist_noMR,1889,2,interior,a_ice,0.06700
LR02_CMIP7hist_noMR,1889,3,interior,a_ice,0.15090
LR02_CMIP7hist_noMR,1889,4,interior,a_ice,0.26786
LR02_CMIP7hist_noMR,1889,5,interior,a_ice,0.18533
LR02_CMIP7hist_noMR,1889,6,interior,a_ice,0.05056
LR02_CMIP7hist_noMR,1889,7,interior,a_ice,0.01363
LR02_CMIP7hist_noMR,1889,8,interior,a_ice,0.00000
LR02_CMIP7hist_noMR,1889,9,interior,a_ice,0.00000
LR02_CMIP7hist_noMR,1889,10,interior,a_ice,0.00000
LR02_CMIP7hist_noMR,1889,11,interior,a_ice,0.00000
LR02_CMIP7hist_noMR,1889,12,interior,a_ice,0.02175
LR02_CMIP7hist_noMR,1889,1,labsea,MLD2,479.36614
LR02_CMIP7hist_noMR,1889,2,labsea,MLD2,966.23063
LR02_CMIP7hist_noMR,1889,3,labsea,MLD2,1105.44296
LR02_CMIP7hist_noMR,1889,4,labsea,MLD2,894.83481
LR02_CMIP7hist_noMR,1889,5,labsea,MLD2,146.36202
LR02_CMIP7hist_noMR,1889,6,labsea,MLD2,12.88193
LR02_CMIP7hist_noMR,1889,7,labsea,MLD2,11.97794
LR02_CMIP7hist_noMR,1889,8,labsea,MLD2,13.92739
LR02_CMIP7hist_noMR,1889,9,labsea,MLD2,16.36778
LR02_CMIP7hist_noMR,1889,10,labsea,MLD2,21.35135
LR02_CMIP7hist_noMR,1889,11,labsea,MLD2,32.36494
LR02_CMIP7hist_noMR,1889,12,labsea,MLD2,48.43207
LR02_CMIP7hist_noMR,1889,1,interior,MLD2,723.12773
LR02_CMIP7hist_noMR,1889,2,interior,MLD2,1776.03928
LR02_CMIP7hist_noMR,1889,3,interior,MLD2,1833.34921
LR02_CMIP7hist_noMR,1889,4,interior,MLD2,1300.60579
LR02_CMIP7hist_noMR,1889,5,interior,MLD2,197.64448
LR02_CMIP7hist_noMR,1889,6,interior,MLD2,15.30346
LR02_CMIP7hist_noMR,1889,7,interior,MLD2,13.84659
LR02_CMIP7hist_noMR,1889,8,interior,MLD2,15.50748
LR02_CMIP7hist_noMR,1889,9,interior,MLD2,17.26131
LR02_CMIP7hist_noMR,1889,10,interior,MLD2,23.22342
LR02_CMIP7hist_noMR,1889,11,interior,MLD2,30.46702
LR02_CMIP7hist_noMR,1889,12,interior,MLD2,55.37759
LR02_CMIP7hist_noMR,1890,1,labsea,a_ice,0.27166
LR02_CMIP7hist_noMR,1890,2,labsea,a_ice,0.31735
LR02_CMIP7hist_noMR,1890,3,labsea,a_ice,0.31938
LR02_CMIP7hist_noMR,1890,4,labsea,a_ice,0.30153
LR02_CMIP7hist_noMR,1890,5,labsea,a_ice,0.27796
LR02_CMIP7hist_noMR,1890,6,labsea,a_ice,0.14308
LR02_CMIP7hist_noMR,1890,7,labsea,a_ice,0.02496
LR02_CMIP7hist_noMR,1890,8,labsea,a_ice,0.00029
LR02_CMIP7hist_noMR,1890,9,labsea,a_ice,0.00000
LR02_CMIP7hist_noMR,1890,10,labsea,a_ice,0.00000
LR02_CMIP7hist_noMR,1890,11,labsea,a_ice,0.00840
LR02_CMIP7hist_noMR,1890,12,labsea,a_ice,0.14805
LR02_CMIP7hist_noMR,1890,1,interior,a_ice,0.09884
LR02_CMIP7hist_noMR,1890,2,interior,a_ice,0.12229
LR02_CMIP7hist_noMR,1890,3,interior,a_ice,0.12672
LR02_CMIP7hist_noMR,1890,4,interior,a_ice,0.11197
LR02_CMIP7hist_noMR,1890,5,interior,a_ice,0.12807
LR02_CMIP7hist_noMR,1890,6,interior,a_ice,0.08801
LR02_CMIP7hist_noMR,1890,7,interior,a_ice,0.00454
LR02_CMIP7hist_noMR,1890,8,interior,a_ice,0.00000
LR02_CMIP7hist_noMR,1890,9,interior,a_ice,0.00000
LR02_CMIP7hist_noMR,1890,10,interior,a_ice,0.00000
LR02_CMIP7hist_noMR,1890,11,interior,a_ice,0.00000
LR02_CMIP7hist_noMR,1890,12,interior,a_ice,0.02243
LR02_CMIP7hist_noMR,1890,1,labsea,MLD2,405.50438
LR02_CMIP7hist_noMR,1890,2,labsea,MLD2,1113.37466
LR02_CMIP7hist_noMR,1890,3,labsea,MLD2,1027.13190
LR02_CMIP7hist_noMR,1890,4,labsea,MLD2,814.92673
LR02_CMIP7hist_noMR,1890,5,labsea,MLD2,364.05546
LR02_CMIP7hist_noMR,1890,6,labsea,MLD2,15.78085
LR02_CMIP7hist_noMR,1890,7,labsea,MLD2,12.95185
LR02_CMIP7hist_noMR,1890,8,labsea,MLD2,14.67867
LR02_CMIP7hist_noMR,1890,9,labsea,MLD2,17.24705
LR02_CMIP7hist_noMR,1890,10,labsea,MLD2,23.67966
LR02_CMIP7hist_noMR,1890,11,labsea,MLD2,32.47082
LR02_CMIP7hist_noMR,1890,12,labsea,MLD2,59.06942
LR02_CMIP7hist_noMR,1890,1,interior,MLD2,734.27729
LR02_CMIP7hist_noMR,1890,2,interior,MLD2,1945.56666
LR02_CMIP7hist_noMR,1890,3,interior,MLD2,1591.20909
LR02_CMIP7hist_noMR,1890,4,interior,MLD2,981.11236
LR02_CMIP7hist_noMR,1890,5,interior,MLD2,334.57070
LR02_CMIP7hist_noMR,1890,6,interior,MLD2,16.03486
LR02_CMIP7hist_noMR,1890,7,interior,MLD2,15.41304
LR02_CMIP7hist_noMR,1890,8,interior,MLD2,16.62551
LR02_CMIP7hist_noMR,1890,9,interior,MLD2,18.44744
LR02_CMIP7hist_noMR,1890,10,interior,MLD2,25.34836
LR02_CMIP7hist_noMR,1890,11,interior,MLD2,33.28101
LR02_CMIP7hist_noMR,1890,12,interior,MLD2,76.04232
LR02_CMIP7hist_noMR,1891,1,labsea,a_ice,0.24733
LR02_CMIP7hist_noMR,1891,2,labsea,a_ice,0.25563
LR02_CMIP7hist_noMR,1891,3,labsea,a_ice,0.26562
LR02_CMIP7hist_noMR,1891,4,labsea,a_ice,0.24796
LR02_CMIP7hist_noMR,1891,5,labsea,a_ice,0.18800
LR02_CMIP7hist_noMR,1891,6,labsea,a_ice,0.08833
LR02_CMIP7hist_noMR,1891,7,labsea,a_ice,0.01405
LR02_CMIP7hist_noMR,1891,8,labsea,a_ice,0.00001
LR02_CMIP7hist_noMR,1891,9,labsea,a_ice,0.00000
LR02_CMIP7hist_noMR,1891,10,labsea,a_ice,0.00032
LR02_CMIP7hist_noMR,1891,11,labsea,a_ice,0.03414
LR02_CMIP7hist_noMR,1891,12,labsea,a_ice,0.17156
LR02_CMIP7hist_noMR,1891,1,interior,a_ice,0.06240
LR02_CMIP7hist_noMR,1891,2,interior,a_ice,0.06277
LR02_CMIP7hist_noMR,1891,3,interior,a_ice,0.06583
LR02_CMIP7hist_noMR,1891,4,interior,a_ice,0.07964
LR02_CMIP7hist_noMR,1891,5,interior,a_ice,0.06552
LR02_CMIP7hist_noMR,1891,6,interior,a_ice,0.01412
LR02_CMIP7hist_noMR,1891,7,interior,a_ice,0.00000
LR02_CMIP7hist_noMR,1891,8,interior,a_ice,0.00000
LR02_CMIP7hist_noMR,1891,9,interior,a_ice,0.00000
LR02_CMIP7hist_noMR,1891,10,interior,a_ice,0.00000
LR02_CMIP7hist_noMR,1891,11,interior,a_ice,0.00010
LR02_CMIP7hist_noMR,1891,12,interior,a_ice,0.05905
LR02_CMIP7hist_noMR,1891,1,labsea,MLD2,139.47876
LR02_CMIP7hist_noMR,1891,2,labsea,MLD2,221.84677
LR02_CMIP7hist_noMR,1891,3,labsea,MLD2,370.18721
LR02_CMIP7hist_noMR,1891,4,labsea,MLD2,475.04606
LR02_CMIP7hist_noMR,1891,5,labsea,MLD2,92.58655
LR02_CMIP7hist_noMR,1891,6,labsea,MLD2,15.28073
LR02_CMIP7hist_noMR,1891,7,labsea,MLD2,10.17530
LR02_CMIP7hist_noMR,1891,8,labsea,MLD2,12.26308
LR02_CMIP7hist_noMR,1891,9,labsea,MLD2,16.31286
LR02_CMIP7hist_noMR,1891,10,labsea,MLD2,22.21594
LR02_CMIP7hist_noMR,1891,11,labsea,MLD2,33.39332
LR02_CMIP7hist_noMR,1891,12,labsea,MLD2,55.93981
LR02_CMIP7hist_noMR,1891,1,interior,MLD2,222.41889
LR02_CMIP7hist_noMR,1891,2,interior,MLD2,367.56332
LR02_CMIP7hist_noMR,1891,3,interior,MLD2,748.85161
LR02_CMIP7hist_noMR,1891,4,interior,MLD2,1103.47724
LR02_CMIP7hist_noMR,1891,5,interior,MLD2,177.96367
LR02_CMIP7hist_noMR,1891,6,interior,MLD2,17.62457
LR02_CMIP7hist_noMR,1891,7,interior,MLD2,10.68038
LR02_CMIP7hist_noMR,1891,8,interior,MLD2,13.62735
LR02_CMIP7hist_noMR,1891,9,interior,MLD2,18.07376
LR02_CMIP7hist_noMR,1891,10,interior,MLD2,23.39511
LR02_CMIP7hist_noMR,1891,11,interior,MLD2,37.23977
LR02_CMIP7hist_noMR,1891,12,interior,MLD2,66.75066
LR02_CMIP7hist_noMR,1892,1,labsea,a_ice,0.30350
LR02_CMIP7hist_noMR,1892,2,labsea,a_ice,0.31528
LR02_CMIP7hist_noMR,1892,3,labsea,a_ice,0.29941
LR02_CMIP7hist_noMR,1892,4,labsea,a_ice,0.27426
LR02_CMIP7hist_noMR,1892,5,labsea,a_ice,0.25188
LR02_CMIP7hist_noMR,1892,6,labsea,a_ice,0.13994
LR02_CMIP7hist_noMR,1892,7,labsea,a_ice,0.03880
LR02_CMIP7hist_noMR,1892,8,labsea,a_ice,0.00486
LR02_CMIP7hist_noMR,1892,9,labsea,a_ice,0.00000
LR02_CMIP7hist_noMR,1892,10,labsea,a_ice,0.00161
LR02_CMIP7hist_noMR,1892,11,labsea,a_ice,0.04062
LR02_CMIP7hist_noMR,1892,12,labsea,a_ice,0.20653
LR02_CMIP7hist_noMR,1892,1,interior,a_ice,0.16088
LR02_CMIP7hist_noMR,1892,2,interior,a_ice,0.12480
LR02_CMIP7hist_noMR,1892,3,interior,a_ice,0.11532
LR02_CMIP7hist_noMR,1892,4,interior,a_ice,0.08014
LR02_CMIP7hist_noMR,1892,5,interior,a_ice,0.05353
LR02_CMIP7hist_noMR,1892,6,interior,a_ice,0.01266
LR02_CMIP7hist_noMR,1892,7,interior,a_ice,0.00003
LR02_CMIP7hist_noMR,1892,8,interior,a_ice,0.00000
LR02_CMIP7hist_noMR,1892,9,interior,a_ice,0.00000
LR02_CMIP7hist_noMR,1892,10,interior,a_ice,0.00000
LR02_CMIP7hist_noMR,1892,11,interior,a_ice,0.00007
LR02_CMIP7hist_noMR,1892,12,interior,a_ice,0.06129
LR02_CMIP7hist_noMR,1892,1,labsea,MLD2,105.15230
LR02_CMIP7hist_noMR,1892,2,labsea,MLD2,226.87236
LR02_CMIP7hist_noMR,1892,3,labsea,MLD2,517.01669
LR02_CMIP7hist_noMR,1892,4,labsea,MLD2,212.51137
LR02_CMIP7hist_noMR,1892,5,labsea,MLD2,48.51011
LR02_CMIP7hist_noMR,1892,6,labsea,MLD2,17.08277
LR02_CMIP7hist_noMR,1892,7,labsea,MLD2,13.51401
LR02_CMIP7hist_noMR,1892,8,labsea,MLD2,12.97756
LR02_CMIP7hist_noMR,1892,9,labsea,MLD2,18.33986
LR02_CMIP7hist_noMR,1892,10,labsea,MLD2,25.25917
LR02_CMIP7hist_noMR,1892,11,labsea,MLD2,40.80612
LR02_CMIP7hist_noMR,1892,12,labsea,MLD2,105.93633
LR02_CMIP7hist_noMR,1892,1,interior,MLD2,148.84564
LR02_CMIP7hist_noMR,1892,2,interior,MLD2,352.32755
LR02_CMIP7hist_noMR,1892,3,interior,MLD2,690.75039
LR02_CMIP7hist_noMR,1892,4,interior,MLD2,263.69057
LR02_CMIP7hist_noMR,1892,5,interior,MLD2,71.57082
LR02_CMIP7hist_noMR,1892,6,interior,MLD2,20.57139
LR02_CMIP7hist_noMR,1892,7,interior,MLD2,16.70863
LR02_CMIP7hist_noMR,1892,8,interior,MLD2,15.20433
LR02_CMIP7hist_noMR,1892,9,interior,MLD2,20.25450
LR02_CMIP7hist_noMR,1892,10,interior,MLD2,28.65862
LR02_CMIP7hist_noMR,1892,11,interior,MLD2,49.25034
LR02_CMIP7hist_noMR,1892,12,interior,MLD2,174.28621
LR02_CMIP7hist_noMR,1893,1,labsea,a_ice,0.29882
LR02_CMIP7hist_noMR,1893,2,labsea,a_ice,0.30020
LR02_CMIP7hist_noMR,1893,3,labsea,a_ice,0.29357
LR02_CMIP7hist_noMR,1893,4,labsea,a_ice,0.30017
LR02_CMIP7hist_noMR,1893,5,labsea,a_ice,0.28086
LR02_CMIP7hist_noMR,1893,6,labsea,a_ice,0.17003
LR02_CMIP7hist_noMR,1893,7,labsea,a_ice,0.04056
LR02_CMIP7hist_noMR,1893,8,labsea,a_ice,0.00079
LR02_CMIP7hist_noMR,1893,9,labsea,a_ice,0.00000
LR02_CMIP7hist_noMR,1893,10,labsea,a_ice,0.00015
LR02_CMIP7hist_noMR,1893,11,labsea,a_ice,0.03094
LR02_CMIP7hist_noMR,1893,12,labsea,a_ice,0.12008
LR02_CMIP7hist_noMR,1893,1,interior,a_ice,0.10442
LR02_CMIP7hist_noMR,1893,2,interior,a_ice,0.09603
LR02_CMIP7hist_noMR,1893,3,interior,a_ice,0.11780
LR02_CMIP7hist_noMR,1893,4,interior,a_ice,0.15005
LR02_CMIP7hist_noMR,1893,5,interior,a_ice,0.11230
LR02_CMIP7hist_noMR,1893,6,interior,a_ice,0.05010
LR02_CMIP7hist_noMR,1893,7,interior,a_ice,0.01138
LR02_CMIP7hist_noMR,1893,8,interior,a_ice,0.00000
LR02_CMIP7hist_noMR,1893,9,interior,a_ice,0.00000
LR02_CMIP7hist_noMR,1893,10,interior,a_ice,0.00000
LR02_CMIP7hist_noMR,1893,11,interior,a_ice,0.00143
LR02_CMIP7hist_noMR,1893,12,interior,a_ice,0.01052
LR02_CMIP7hist_noMR,1893,1,labsea,MLD2,298.68807
LR02_CMIP7hist_noMR,1893,2,labsea,MLD2,809.82419
LR02_CMIP7hist_noMR,1893,3,labsea,MLD2,907.22266
LR02_CMIP7hist_noMR,1893,4,labsea,MLD2,799.47922
LR02_CMIP7hist_noMR,1893,5,labsea,MLD2,370.61077
LR02_CMIP7hist_noMR,1893,6,labsea,MLD2,21.45125
LR02_CMIP7hist_noMR,1893,7,labsea,MLD2,13.76400
LR02_CMIP7hist_noMR,1893,8,labsea,MLD2,13.80055
LR02_CMIP7hist_noMR,1893,9,labsea,MLD2,17.25719
LR02_CMIP7hist_noMR,1893,10,labsea,MLD2,25.84254
LR02_CMIP7hist_noMR,1893,11,labsea,MLD2,52.15189
LR02_CMIP7hist_noMR,1893,12,labsea,MLD2,127.62084
LR02_CMIP7hist_noMR,1893,1,interior,MLD2,533.50492
LR02_CMIP7hist_noMR,1893,2,interior,MLD2,1303.51327
LR02_CMIP7hist_noMR,1893,3,interior,MLD2,1270.78641
LR02_CMIP7hist_noMR,1893,4,interior,MLD2,934.43791
LR02_CMIP7hist_noMR,1893,5,interior,MLD2,391.87669
LR02_CMIP7hist_noMR,1893,6,interior,MLD2,23.22763
LR02_CMIP7hist_noMR,1893,7,interior,MLD2,15.64726
LR02_CMIP7hist_noMR,1893,8,interior,MLD2,15.65520
LR02_CMIP7hist_noMR,1893,9,interior,MLD2,18.60322
LR02_CMIP7hist_noMR,1893,10,interior,MLD2,27.95585
LR02_CMIP7hist_noMR,1893,11,interior,MLD2,64.26692
LR02_CMIP7hist_noMR,1893,12,interior,MLD2,188.09420
LR02_CMIP7hist_noMR,1894,1,labsea,a_ice,0.26112
LR02_CMIP7hist_noMR,1894,2,labsea,a_ice,0.30995
LR02_CMIP7hist_noMR,1894,3,labsea,a_ice,0.32022
LR02_CMIP7hist_noMR,1894,4,labsea,a_ice,0.32606
LR02_CMIP7hist_noMR,1894,5,labsea,a_ice,0.26397
LR02_CMIP7hist_noMR,1894,6,labsea,a_ice,0.14431
LR02_CMIP7hist_noMR,1894,7,labsea,a_ice,0.02924
LR02_CMIP7hist_noMR,1894,8,labsea,a_ice,0.00037
LR02_CMIP7hist_noMR,1894,9,labsea,a_ice,0.00000
LR02_CMIP7hist_noMR,1894,10,labsea,a_ice,0.00088
LR02_CMIP7hist_noMR,1894,11,labsea,a_ice,0.05343
LR02_CMIP7hist_noMR,1894,12,labsea,a_ice,0.17232
LR02_CMIP7hist_noMR,1894,1,interior,a_ice,0.08002
LR02_CMIP7hist_noMR,1894,2,interior,a_ice,0.11580
LR02_CMIP7hist_noMR,1894,3,interior,a_ice,0.14095
LR02_CMIP7hist_noMR,1894,4,interior,a_ice,0.16597
LR02_CMIP7hist_noMR,1894,5,interior,a_ice,0.08880
LR02_CMIP7hist_noMR,1894,6,interior,a_ice,0.05654
LR02_CMIP7hist_noMR,1894,7,interior,a_ice,0.00595
LR02_CMIP7hist_noMR,1894,8,interior,a_ice,0.00000
LR02_CMIP7hist_noMR,1894,9,interior,a_ice,0.00000
LR02_CMIP7hist_noMR,1894,10,interior,a_ice,0.00000
LR02_CMIP7hist_noMR,1894,11,interior,a_ice,0.00105
LR02_CMIP7hist_noMR,1894,12,interior,a_ice,0.03806
LR02_CMIP7hist_noMR,1894,1,labsea,MLD2,496.30955
LR02_CMIP7hist_noMR,1894,2,labsea,MLD2,1129.12712
LR02_CMIP7hist_noMR,1894,3,labsea,MLD2,1152.64648
LR02_CMIP7hist_noMR,1894,4,labsea,MLD2,993.88860
LR02_CMIP7hist_noMR,1894,5,labsea,MLD2,414.32647
LR02_CMIP7hist_noMR,1894,6,labsea,MLD2,21.33924
LR02_CMIP7hist_noMR,1894,7,labsea,MLD2,12.31278
LR02_CMIP7hist_noMR,1894,8,labsea,MLD2,12.49980
LR02_CMIP7hist_noMR,1894,9,labsea,MLD2,18.44064
LR02_CMIP7hist_noMR,1894,10,labsea,MLD2,28.27899
LR02_CMIP7hist_noMR,1894,11,labsea,MLD2,38.19263
LR02_CMIP7hist_noMR,1894,12,labsea,MLD2,79.03067
LR02_CMIP7hist_noMR,1894,1,interior,MLD2,682.84409
LR02_CMIP7hist_noMR,1894,2,interior,MLD2,1796.73491
LR02_CMIP7hist_noMR,1894,3,interior,MLD2,1726.12379
LR02_CMIP7hist_noMR,1894,4,interior,MLD2,1521.60608
LR02_CMIP7hist_noMR,1894,5,interior,MLD2,791.64633
LR02_CMIP7hist_noMR,1894,6,interior,MLD2,29.77741
LR02_CMIP7hist_noMR,1894,7,interior,MLD2,13.43211
LR02_CMIP7hist_noMR,1894,8,interior,MLD2,14.41725
LR02_CMIP7hist_noMR,1894,9,interior,MLD2,20.84103
LR02_CMIP7hist_noMR,1894,10,interior,MLD2,29.36083
LR02_CMIP7hist_noMR,1894,11,interior,MLD2,38.71626
LR02_CMIP7hist_noMR,1894,12,interior,MLD2,105.77750
LR02_CMIP7hist_noMR,1895,1,labsea,a_ice,0.27912
LR02_CMIP7hist_noMR,1895,2,labsea,a_ice,0.33562
LR02_CMIP7hist_noMR,1895,3,labsea,a_ice,0.33541
LR02_CMIP7hist_noMR,1895,4,labsea,a_ice,0.28536
LR02_CMIP7hist_noMR,1895,5,labsea,a_ice,0.23582
LR02_CMIP7hist_noMR,1895,6,labsea,a_ice,0.10078
LR02_CMIP7hist_noMR,1895,7,labsea,a_ice,0.02612
LR02_CMIP7hist_noMR,1895,8,labsea,a_ice,0.00353
LR02_CMIP7hist_noMR,1895,9,labsea,a_ice,0.00000
LR02_CMIP7hist_noMR,1895,10,labsea,a_ice,0.00619
LR02_CMIP7hist_noMR,1895,11,labsea,a_ice,0.04021
LR02_CMIP7hist_noMR,1895,12,labsea,a_ice,0.12582
LR02_CMIP7hist_noMR,1895,1,interior,a_ice,0.06993
LR02_CMIP7hist_noMR,1895,2,interior,a_ice,0.15870
LR02_CMIP7hist_noMR,1895,3,interior,a_ice,0.13278
LR02_CMIP7hist_noMR,1895,4,interior,a_ice,0.11696
LR02_CMIP7hist_noMR,1895,5,interior,a_ice,0.10852
LR02_CMIP7hist_noMR,1895,6,interior,a_ice,0.04929
LR02_CMIP7hist_noMR,1895,7,interior,a_ice,0.00014
LR02_CMIP7hist_noMR,1895,8,interior,a_ice,0.00000
LR02_CMIP7hist_noMR,1895,9,interior,a_ice,0.00000
LR02_CMIP7hist_noMR,1895,10,interior,a_ice,0.00000
LR02_CMIP7hist_noMR,1895,11,interior,a_ice,0.00000
LR02_CMIP7hist_noMR,1895,12,interior,a_ice,0.01838
LR02_CMIP7hist_noMR,1895,1,labsea,MLD2,451.08236
LR02_CMIP7hist_noMR,1895,2,labsea,MLD2,1110.77356
LR02_CMIP7hist_noMR,1895,3,labsea,MLD2,1061.04939
LR02_CMIP7hist_noMR,1895,4,labsea,MLD2,753.03508
LR02_CMIP7hist_noMR,1895,5,labsea,MLD2,388.25208
LR02_CMIP7hist_noMR,1895,6,labsea,MLD2,16.82210
LR02_CMIP7hist_noMR,1895,7,labsea,MLD2,12.76191
LR02_CMIP7hist_noMR,1895,8,labsea,MLD2,16.35321
LR02_CMIP7hist_noMR,1895,9,labsea,MLD2,19.06757
LR02_CMIP7hist_noMR,1895,10,labsea,MLD2,26.08008
LR02_CMIP7hist_noMR,1895,11,labsea,MLD2,39.81101
LR02_CMIP7hist_noMR,1895,12,labsea,MLD2,100.17230
LR02_CMIP7hist_noMR,1895,1,interior,MLD2,835.90387
LR02_CMIP7hist_noMR,1895,2,interior,MLD2,1836.78341
LR02_CMIP7hist_noMR,1895,3,interior,MLD2,1851.14843
LR02_CMIP7hist_noMR,1895,4,interior,MLD2,1370.11734
LR02_CMIP7hist_noMR,1895,5,interior,MLD2,778.58742
LR02_CMIP7hist_noMR,1895,6,interior,MLD2,22.11275
LR02_CMIP7hist_noMR,1895,7,interior,MLD2,14.70970
LR02_CMIP7hist_noMR,1895,8,interior,MLD2,19.68717
LR02_CMIP7hist_noMR,1895,9,interior,MLD2,22.41786
LR02_CMIP7hist_noMR,1895,10,interior,MLD2,29.62147
LR02_CMIP7hist_noMR,1895,11,interior,MLD2,47.50463
LR02_CMIP7hist_noMR,1895,12,interior,MLD2,155.70947
LR02_CMIP7hist_noMR,1896,1,labsea,a_ice,0.24338
LR02_CMIP7hist_noMR,1896,2,labsea,a_ice,0.35643
LR02_CMIP7hist_noMR,1896,3,labsea,a_ice,0.35699
LR02_CMIP7hist_noMR,1896,4,labsea,a_ice,0.42372
LR02_CMIP7hist_noMR,1896,5,labsea,a_ice,0.34536
LR02_CMIP7hist_noMR,1896,6,labsea,a_ice,0.21949
LR02_CMIP7hist_noMR,1896,7,labsea,a_ice,0.04349
LR02_CMIP7hist_noMR,1896,8,labsea,a_ice,0.00087
LR02_CMIP7hist_noMR,1896,9,labsea,a_ice,0.00000
LR02_CMIP7hist_noMR,1896,10,labsea,a_ice,0.00000
LR02_CMIP7hist_noMR,1896,11,labsea,a_ice,0.06213
LR02_CMIP7hist_noMR,1896,12,labsea,a_ice,0.19369
LR02_CMIP7hist_noMR,1896,1,interior,a_ice,0.07342
LR02_CMIP7hist_noMR,1896,2,interior,a_ice,0.24506
LR02_CMIP7hist_noMR,1896,3,interior,a_ice,0.30424
LR02_CMIP7hist_noMR,1896,4,interior,a_ice,0.41054
LR02_CMIP7hist_noMR,1896,5,interior,a_ice,0.18779
LR02_CMIP7hist_noMR,1896,6,interior,a_ice,0.08832
LR02_CMIP7hist_noMR,1896,7,interior,a_ice,0.00878
LR02_CMIP7hist_noMR,1896,8,interior,a_ice,0.00000
LR02_CMIP7hist_noMR,1896,9,interior,a_ice,0.00000
LR02_CMIP7hist_noMR,1896,10,interior,a_ice,0.00000
LR02_CMIP7hist_noMR,1896,11,interior,a_ice,0.01072
LR02_CMIP7hist_noMR,1896,12,interior,a_ice,0.07616
LR02_CMIP7hist_noMR,1896,1,labsea,MLD2,283.14987
LR02_CMIP7hist_noMR,1896,2,labsea,MLD2,740.93574
LR02_CMIP7hist_noMR,1896,3,labsea,MLD2,572.21690
LR02_CMIP7hist_noMR,1896,4,labsea,MLD2,575.07005
LR02_CMIP7hist_noMR,1896,5,labsea,MLD2,263.20115
LR02_CMIP7hist_noMR,1896,6,labsea,MLD2,14.88606
LR02_CMIP7hist_noMR,1896,7,labsea,MLD2,11.38574
LR02_CMIP7hist_noMR,1896,8,labsea,MLD2,11.47179
LR02_CMIP7hist_noMR,1896,9,labsea,MLD2,17.71591
LR02_CMIP7hist_noMR,1896,10,labsea,MLD2,24.02782
LR02_CMIP7hist_noMR,1896,11,labsea,MLD2,44.84414
LR02_CMIP7hist_noMR,1896,12,labsea,MLD2,92.50510
LR02_CMIP7hist_noMR,1896,1,interior,MLD2,497.09970
LR02_CMIP7hist_noMR,1896,2,interior,MLD2,1176.40789
LR02_CMIP7hist_noMR,1896,3,interior,MLD2,643.77157
LR02_CMIP7hist_noMR,1896,4,interior,MLD2,444.80940
LR02_CMIP7hist_noMR,1896,5,interior,MLD2,196.45397
LR02_CMIP7hist_noMR,1896,6,interior,MLD2,16.74778
LR02_CMIP7hist_noMR,1896,7,interior,MLD2,12.87509
LR02_CMIP7hist_noMR,1896,8,interior,MLD2,12.91934
LR02_CMIP7hist_noMR,1896,9,interior,MLD2,19.74364
LR02_CMIP7hist_noMR,1896,10,interior,MLD2,26.56707
LR02_CMIP7hist_noMR,1896,11,interior,MLD2,52.79605
LR02_CMIP7hist_noMR,1896,12,interior,MLD2,130.89129
LR02_CMIP7hist_noMR,1897,1,labsea,a_ice,0.27958
LR02_CMIP7hist_noMR,1897,2,labsea,a_ice,0.28515
LR02_CMIP7hist_noMR,1897,3,labsea,a_ice,0.26494
LR02_CMIP7hist_noMR,1897,4,labsea,a_ice,0.21250
LR02_CMIP7hist_noMR,1897,5,labsea,a_ice,0.16131
LR02_CMIP7hist_noMR,1897,6,labsea,a_ice,0.12257
LR02_CMIP7hist_noMR,1897,7,labsea,a_ice,0.03402
LR02_CMIP7hist_noMR,1897,8,labsea,a_ice,0.00267
LR02_CMIP7hist_noMR,1897,9,labsea,a_ice,0.00000
LR02_CMIP7hist_noMR,1897,10,labsea,a_ice,0.00322
LR02_CMIP7hist_noMR,1897,11,labsea,a_ice,0.04682
LR02_CMIP7hist_noMR,1897,12,labsea,a_ice,0.23184
LR02_CMIP7hist_noMR,1897,1,interior,a_ice,0.09179
LR02_CMIP7hist_noMR,1897,2,interior,a_ice,0.09036
LR02_CMIP7hist_noMR,1897,3,interior,a_ice,0.07646
LR02_CMIP7hist_noMR,1897,4,interior,a_ice,0.07048
LR02_CMIP7hist_noMR,1897,5,interior,a_ice,0.01981
LR02_CMIP7hist_noMR,1897,6,interior,a_ice,0.02227
LR02_CMIP7hist_noMR,1897,7,interior,a_ice,0.00205
LR02_CMIP7hist_noMR,1897,8,interior,a_ice,0.00000
LR02_CMIP7hist_noMR,1897,9,interior,a_ice,0.00000
LR02_CMIP7hist_noMR,1897,10,interior,a_ice,0.00000
LR02_CMIP7hist_noMR,1897,11,interior,a_ice,0.00051
LR02_CMIP7hist_noMR,1897,12,interior,a_ice,0.08606
LR02_CMIP7hist_noMR,1897,1,labsea,MLD2,293.80581
LR02_CMIP7hist_noMR,1897,2,labsea,MLD2,589.50432
LR02_CMIP7hist_noMR,1897,3,labsea,MLD2,670.51906
LR02_CMIP7hist_noMR,1897,4,labsea,MLD2,340.56697
LR02_CMIP7hist_noMR,1897,5,labsea,MLD2,50.00125
LR02_CMIP7hist_noMR,1897,6,labsea,MLD2,17.55606
LR02_CMIP7hist_noMR,1897,7,labsea,MLD2,12.25678
LR02_CMIP7hist_noMR,1897,8,labsea,MLD2,14.32382
LR02_CMIP7hist_noMR,1897,9,labsea,MLD2,17.79393
LR02_CMIP7hist_noMR,1897,10,labsea,MLD2,26.13987
LR02_CMIP7hist_noMR,1897,11,labsea,MLD2,45.08557
LR02_CMIP7hist_noMR,1897,12,labsea,MLD2,165.87402
LR02_CMIP7hist_noMR,1897,1,interior,MLD2,404.29674
LR02_CMIP7hist_noMR,1897,2,interior,MLD2,844.33374
LR02_CMIP7hist_noMR,1897,3,interior,MLD2,1269.03843
LR02_CMIP7hist_noMR,1897,4,interior,MLD2,560.72405
LR02_CMIP7hist_noMR,1897,5,interior,MLD2,73.87910
LR02_CMIP7hist_noMR,1897,6,interior,MLD2,20.95187
LR02_CMIP7hist_noMR,1897,7,interior,MLD2,13.50461
LR02_CMIP7hist_noMR,1897,8,interior,MLD2,15.92261
LR02_CMIP7hist_noMR,1897,9,interior,MLD2,17.97383
LR02_CMIP7hist_noMR,1897,10,interior,MLD2,26.66082
LR02_CMIP7hist_noMR,1897,11,interior,MLD2,51.23770
LR02_CMIP7hist_noMR,1897,12,interior,MLD2,245.97111
LR02_CMIP7hist_noMR,1898,1,labsea,a_ice,0.35570
LR02_CMIP7hist_noMR,1898,2,labsea,a_ice,0.42075
LR02_CMIP7hist_noMR,1898,3,labsea,a_ice,0.44314
LR02_CMIP7hist_noMR,1898,4,labsea,a_ice,0.42435
LR02_CMIP7hist_noMR,1898,5,labsea,a_ice,0.32506
LR02_CMIP7hist_noMR,1898,6,labsea,a_ice,0.20816
LR02_CMIP7hist_noMR,1898,7,labsea,a_ice,0.06500
LR02_CMIP7hist_noMR,1898,8,labsea,a_ice,0.00427
LR02_CMIP7hist_noMR,1898,9,labsea,a_ice,0.00000
LR02_CMIP7hist_noMR,1898,10,labsea,a_ice,0.00315
LR02_CMIP7hist_noMR,1898,11,labsea,a_ice,0.09074
LR02_CMIP7hist_noMR,1898,12,labsea,a_ice,0.18748
LR02_CMIP7hist_noMR,1898,1,interior,a_ice,0.22968
LR02_CMIP7hist_noMR,1898,2,interior,a_ice,0.26235
LR02_CMIP7hist_noMR,1898,3,interior,a_ice,0.31029
LR02_CMIP7hist_noMR,1898,4,interior,a_ice,0.26383
LR02_CMIP7hist_noMR,1898,5,interior,a_ice,0.12425
LR02_CMIP7hist_noMR,1898,6,interior,a_ice,0.06991
LR02_CMIP7hist_noMR,1898,7,interior,a_ice,0.00520
LR02_CMIP7hist_noMR,1898,8,interior,a_ice,0.00000
LR02_CMIP7hist_noMR,1898,9,interior,a_ice,0.00000
LR02_CMIP7hist_noMR,1898,10,interior,a_ice,0.00000
LR02_CMIP7hist_noMR,1898,11,interior,a_ice,0.01161
LR02_CMIP7hist_noMR,1898,12,interior,a_ice,0.03145
LR02_CMIP7hist_noMR,1898,1,labsea,MLD2,577.12255
LR02_CMIP7hist_noMR,1898,2,labsea,MLD2,853.57965
LR02_CMIP7hist_noMR,1898,3,labsea,MLD2,792.65697
LR02_CMIP7hist_noMR,1898,4,labsea,MLD2,284.43623
LR02_CMIP7hist_noMR,1898,5,labsea,MLD2,23.69433
LR02_CMIP7hist_noMR,1898,6,labsea,MLD2,12.15030
LR02_CMIP7hist_noMR,1898,7,labsea,MLD2,11.28782
LR02_CMIP7hist_noMR,1898,8,labsea,MLD2,13.76437
LR02_CMIP7hist_noMR,1898,9,labsea,MLD2,18.22618
LR02_CMIP7hist_noMR,1898,10,labsea,MLD2,25.33897
LR02_CMIP7hist_noMR,1898,11,labsea,MLD2,38.00794
LR02_CMIP7hist_noMR,1898,12,labsea,MLD2,89.30791
LR02_CMIP7hist_noMR,1898,1,interior,MLD2,879.32360
LR02_CMIP7hist_noMR,1898,2,interior,MLD2,1350.91605
LR02_CMIP7hist_noMR,1898,3,interior,MLD2,1276.81789
LR02_CMIP7hist_noMR,1898,4,interior,MLD2,464.48747
LR02_CMIP7hist_noMR,1898,5,interior,MLD2,19.08469
LR02_CMIP7hist_noMR,1898,6,interior,MLD2,13.12207
LR02_CMIP7hist_noMR,1898,7,interior,MLD2,12.43349
LR02_CMIP7hist_noMR,1898,8,interior,MLD2,15.01961
LR02_CMIP7hist_noMR,1898,9,interior,MLD2,20.25430
LR02_CMIP7hist_noMR,1898,10,interior,MLD2,27.27724
LR02_CMIP7hist_noMR,1898,11,interior,MLD2,39.54787
LR02_CMIP7hist_noMR,1898,12,interior,MLD2,93.17215
LR02_CMIP7hist_noMR,1899,1,labsea,a_ice,0.32371
LR02_CMIP7hist_noMR,1899,2,labsea,a_ice,0.37317
LR02_CMIP7hist_noMR,1899,3,labsea,a_ice,0.37437
LR02_CMIP7hist_noMR,1899,4,labsea,a_ice,0.36930
LR02_CMIP7hist_noMR,1899,5,labsea,a_ice,0.28103
LR02_CMIP7hist_noMR,1899,6,labsea,a_ice,0.18668
LR02_CMIP7hist_noMR,1899,7,labsea,a_ice,0.07564
LR02_CMIP7hist_noMR,1899,8,labsea,a_ice,0.00966
LR02_CMIP7hist_noMR,1899,9,labsea,a_ice,0.00001
LR02_CMIP7hist_noMR,1899,10,labsea,a_ice,0.00049
LR02_CMIP7hist_noMR,1899,11,labsea,a_ice,0.02027
LR02_CMIP7hist_noMR,1899,12,labsea,a_ice,0.11775
LR02_CMIP7hist_noMR,1899,1,interior,a_ice,0.12553
LR02_CMIP7hist_noMR,1899,2,interior,a_ice,0.17701
LR02_CMIP7hist_noMR,1899,3,interior,a_ice,0.19475
LR02_CMIP7hist_noMR,1899,4,interior,a_ice,0.23692
LR02_CMIP7hist_noMR,1899,5,interior,a_ice,0.12378
LR02_CMIP7hist_noMR,1899,6,interior,a_ice,0.04388
LR02_CMIP7hist_noMR,1899,7,interior,a_ice,0.01208
LR02_CMIP7hist_noMR,1899,8,interior,a_ice,0.00000
LR02_CMIP7hist_noMR,1899,9,interior,a_ice,0.00000
LR02_CMIP7hist_noMR,1899,10,interior,a_ice,0.00000
LR02_CMIP7hist_noMR,1899,11,interior,a_ice,0.00006
LR02_CMIP7hist_noMR,1899,12,interior,a_ice,0.01414
LR02_CMIP7hist_noMR,1899,1,labsea,MLD2,468.32072
LR02_CMIP7hist_noMR,1899,2,labsea,MLD2,1079.40349
LR02_CMIP7hist_noMR,1899,3,labsea,MLD2,1169.36311
LR02_CMIP7hist_noMR,1899,4,labsea,MLD2,837.82463
LR02_CMIP7hist_noMR,1899,5,labsea,MLD2,201.80040
LR02_CMIP7hist_noMR,1899,6,labsea,MLD2,16.46528
LR02_CMIP7hist_noMR,1899,7,labsea,MLD2,12.28925
LR02_CMIP7hist_noMR,1899,8,labsea,MLD2,14.47580
LR02_CMIP7hist_noMR,1899,9,labsea,MLD2,20.42921
LR02_CMIP7hist_noMR,1899,10,labsea,MLD2,27.47005
LR02_CMIP7hist_noMR,1899,11,labsea,MLD2,34.58974
LR02_CMIP7hist_noMR,1899,12,labsea,MLD2,64.35460
LR02_CMIP7hist_noMR,1899,1,interior,MLD2,697.89207
LR02_CMIP7hist_noMR,1899,2,interior,MLD2,1938.46582
LR02_CMIP7hist_noMR,1899,3,interior,MLD2,2040.54211
LR02_CMIP7hist_noMR,1899,4,interior,MLD2,1445.32635
LR02_CMIP7hist_noMR,1899,5,interior,MLD2,363.28018
LR02_CMIP7hist_noMR,1899,6,interior,MLD2,20.45435
LR02_CMIP7hist_noMR,1899,7,interior,MLD2,13.33602
LR02_CMIP7hist_noMR,1899,8,interior,MLD2,16.58182
LR02_CMIP7hist_noMR,1899,9,interior,MLD2,23.64202
LR02_CMIP7hist_noMR,1899,10,interior,MLD2,28.19366
LR02_CMIP7hist_noMR,1899,11,interior,MLD2,34.40903
LR02_CMIP7hist_noMR,1899,12,interior,MLD2,79.14201
LR02_CMIP7hist_noMR,1900,1,labsea,a_ice,0.27936
LR02_CMIP7hist_noMR,1900,2,labsea,a_ice,0.35115
LR02_CMIP7hist_noMR,1900,3,labsea,a_ice,0.32820
LR02_CMIP7hist_noMR,1900,4,labsea,a_ice,0.30969
LR02_CMIP7hist_noMR,1900,5,labsea,a_ice,0.24569
LR02_CMIP7hist_noMR,1900,6,labsea,a_ice,0.11848
LR02_CMIP7hist_noMR,1900,7,labsea,a_ice,0.02700
LR02_CMIP7hist_noMR,1900,8,labsea,a_ice,0.00177
LR02_CMIP7hist_noMR,1900,9,labsea,a_ice,0.00000
LR02_CMIP7hist_noMR,1900,10,labsea,a_ice,0.00000
LR02_CMIP7hist_noMR,1900,11,labsea,a_ice,0.00396
LR02_CMIP7hist_noMR,1900,12,labsea,a_ice,0.05440
LR02_CMIP7hist_noMR,1900,1,interior,a_ice,0.10444
LR02_CMIP7hist_noMR,1900,2,interior,a_ice,0.16431
LR02_CMIP7hist_noMR,1900,3,interior,a_ice,0.10410
LR02_CMIP7hist_noMR,1900,4,interior,a_ice,0.12082
LR02_CMIP7hist_noMR,1900,5,interior,a_ice,0.12259
LR02_CMIP7hist_noMR,1900,6,interior,a_ice,0.01498
LR02_CMIP7hist_noMR,1900,7,interior,a_ice,0.00017
LR02_CMIP7hist_noMR,1900,8,interior,a_ice,0.00000
LR02_CMIP7hist_noMR,1900,9,interior,a_ice,0.00000
LR02_CMIP7hist_noMR,1900,10,interior,a_ice,0.00000
LR02_CMIP7hist_noMR,1900,11,interior,a_ice,0.00000
LR02_CMIP7hist_noMR,1900,12,interior,a_ice,0.00004
LR02_CMIP7hist_noMR,1900,1,labsea,MLD2,748.58289
LR02_CMIP7hist_noMR,1900,2,labsea,MLD2,1165.60624
LR02_CMIP7hist_noMR,1900,3,labsea,MLD2,1193.35802
LR02_CMIP7hist_noMR,1900,4,labsea,MLD2,974.50425
LR02_CMIP7hist_noMR,1900,5,labsea,MLD2,253.60401
LR02_CMIP7hist_noMR,1900,6,labsea,MLD2,14.25604
LR02_CMIP7hist_noMR,1900,7,labsea,MLD2,12.57472
LR02_CMIP7hist_noMR,1900,8,labsea,MLD2,14.62770
LR02_CMIP7hist_noMR,1900,9,labsea,MLD2,21.00902
LR02_CMIP7hist_noMR,1900,10,labsea,MLD2,31.15833
LR02_CMIP7hist_noMR,1900,11,labsea,MLD2,41.54661
LR02_CMIP7hist_noMR,1900,12,labsea,MLD2,60.26550
LR02_CMIP7hist_noMR,1900,1,interior,MLD2,1371.06418
LR02_CMIP7hist_noMR,1900,2,interior,MLD2,2039.54325
LR02_CMIP7hist_noMR,1900,3,interior,MLD2,2132.25537
LR02_CMIP7hist_noMR,1900,4,interior,MLD2,1783.36049
LR02_CMIP7hist_noMR,1900,5,interior,MLD2,380.61733
LR02_CMIP7hist_noMR,1900,6,interior,MLD2,16.95469
LR02_CMIP7hist_noMR,1900,7,interior,MLD2,13.88719
LR02_CMIP7hist_noMR,1900,8,interior,MLD2,16.69665
LR02_CMIP7hist_noMR,1900,9,interior,MLD2,22.67712
LR02_CMIP7hist_noMR,1900,10,interior,MLD2,36.21422
LR02_CMIP7hist_noMR,1900,11,interior,MLD2,48.22239
LR02_CMIP7hist_noMR,1900,12,interior,MLD2,75.75671
LR02_CMIP7hist_noMR,1901,1,labsea,a_ice,0.22124
LR02_CMIP7hist_noMR,1901,2,labsea,a_ice,0.26741
LR02_CMIP7hist_noMR,1901,3,labsea,a_ice,0.28217
LR02_CMIP7hist_noMR,1901,4,labsea,a_ice,0.26321
LR02_CMIP7hist_noMR,1901,5,labsea,a_ice,0.21275
LR02_CMIP7hist_noMR,1901,6,labsea,a_ice,0.12144
LR02_CMIP7hist_noMR,1901,7,labsea,a_ice,0.04755
LR02_CMIP7hist_noMR,1901,8,labsea,a_ice,0.00752
LR02_CMIP7hist_noMR,1901,9,labsea,a_ice,0.00013
LR02_CMIP7hist_noMR,1901,10,labsea,a_ice,0.00948
LR02_CMIP7hist_noMR,1901,11,labsea,a_ice,0.05433
LR02_CMIP7hist_noMR,1901,12,labsea,a_ice,0.12643
LR02_CMIP7hist_noMR,1901,1,interior,a_ice,0.07408
LR02_CMIP7hist_noMR,1901,2,interior,a_ice,0.10692
LR02_CMIP7hist_noMR,1901,3,interior,a_ice,0.09815
LR02_CMIP7hist_noMR,1901,4,interior,a_ice,0.09091
LR02_CMIP7hist_noMR,1901,5,interior,a_ice,0.04060
LR02_CMIP7hist_noMR,1901,6,interior,a_ice,0.02519
LR02_CMIP7hist_noMR,1901,7,interior,a_ice,0.00143
LR02_CMIP7hist_noMR,1901,8,interior,a_ice,0.00000
LR02_CMIP7hist_noMR,1901,9,interior,a_ice,0.00000
LR02_CMIP7hist_noMR,1901,10,interior,a_ice,0.00000
LR02_CMIP7hist_noMR,1901,11,interior,a_ice,0.00000
LR02_CMIP7hist_noMR,1901,12,interior,a_ice,0.00686
LR02_CMIP7hist_noMR,1901,1,labsea,MLD2,182.47527
LR02_CMIP7hist_noMR,1901,2,labsea,MLD2,974.84292
LR02_CMIP7hist_noMR,1901,3,labsea,MLD2,1112.05537
LR02_CMIP7hist_noMR,1901,4,labsea,MLD2,819.17482
LR02_CMIP7hist_noMR,1901,5,labsea,MLD2,491.84004
LR02_CMIP7hist_noMR,1901,6,labsea,MLD2,19.26140
LR02_CMIP7hist_noMR,1901,7,labsea,MLD2,13.91654
LR02_CMIP7hist_noMR,1901,8,labsea,MLD2,12.61177
LR02_CMIP7hist_noMR,1901,9,labsea,MLD2,19.72378
LR02_CMIP7hist_noMR,1901,10,labsea,MLD2,26.91504
LR02_CMIP7hist_noMR,1901,11,labsea,MLD2,40.16644
LR02_CMIP7hist_noMR,1901,12,labsea,MLD2,78.18154
LR02_CMIP7hist_noMR,1901,1,interior,MLD2,277.11299
LR02_CMIP7hist_noMR,1901,2,interior,MLD2,1668.23179
LR02_CMIP7hist_noMR,1901,3,interior,MLD2,1910.59236
LR02_CMIP7hist_noMR,1901,4,interior,MLD2,1386.91346
LR02_CMIP7hist_noMR,1901,5,interior,MLD2,890.92393
LR02_CMIP7hist_noMR,1901,6,interior,MLD2,20.88704
LR02_CMIP7hist_noMR,1901,7,interior,MLD2,15.63163
LR02_CMIP7hist_noMR,1901,8,interior,MLD2,13.34631
LR02_CMIP7hist_noMR,1901,9,interior,MLD2,20.71322
LR02_CMIP7hist_noMR,1901,10,interior,MLD2,30.11512
LR02_CMIP7hist_noMR,1901,11,interior,MLD2,43.84586
LR02_CMIP7hist_noMR,1901,12,interior,MLD2,97.37006
LR02_CMIP7hist_noMR,1902,1,labsea,a_ice,0.19716
LR02_CMIP7hist_noMR,1902,2,labsea,a_ice,0.25177
LR02_CMIP7hist_noMR,1902,3,labsea,a_ice,0.26601
LR02_CMIP7hist_noMR,1902,4,labsea,a_ice,0.24784
LR02_CMIP7hist_noMR,1902,5,labsea,a_ice,0.18011
LR02_CMIP7hist_noMR,1902,6,labsea,a_ice,0.07789
LR02_CMIP7hist_noMR,1902,7,labsea,a_ice,0.02776
LR02_CMIP7hist_noMR,1902,8,labsea,a_ice,0.00243
LR02_CMIP7hist_noMR,1902,9,labsea,a_ice,0.00000
LR02_CMIP7hist_noMR,1902,10,labsea,a_ice,0.00000
LR02_CMIP7hist_noMR,1902,11,labsea,a_ice,0.01053
LR02_CMIP7hist_noMR,1902,12,labsea,a_ice,0.12382
LR02_CMIP7hist_noMR,1902,1,interior,a_ice,0.04733
LR02_CMIP7hist_noMR,1902,2,interior,a_ice,0.08000
LR02_CMIP7hist_noMR,1902,3,interior,a_ice,0.11661
LR02_CMIP7hist_noMR,1902,4,interior,a_ice,0.09504
LR02_CMIP7hist_noMR,1902,5,interior,a_ice,0.02901
LR02_CMIP7hist_noMR,1902,6,interior,a_ice,0.00566
LR02_CMIP7hist_noMR,1902,7,interior,a_ice,0.00001
LR02_CMIP7hist_noMR,1902,8,interior,a_ice,0.00000
LR02_CMIP7hist_noMR,1902,9,interior,a_ice,0.00000
LR02_CMIP7hist_noMR,1902,10,interior,a_ice,0.00000
LR02_CMIP7hist_noMR,1902,11,interior,a_ice,0.00000
LR02_CMIP7hist_noMR,1902,12,interior,a_ice,0.02501
LR02_CMIP7hist_noMR,1902,1,labsea,MLD2,133.08803
LR02_CMIP7hist_noMR,1902,2,labsea,MLD2,788.94863
LR02_CMIP7hist_noMR,1902,3,labsea,MLD2,962.84536
LR02_CMIP7hist_noMR,1902,4,labsea,MLD2,599.79710
LR02_CMIP7hist_noMR,1902,5,labsea,MLD2,62.26760
LR02_CMIP7hist_noMR,1902,6,labsea,MLD2,16.29011
LR02_CMIP7hist_noMR,1902,7,labsea,MLD2,14.59109
LR02_CMIP7hist_noMR,1902,8,labsea,MLD2,13.51668
LR02_CMIP7hist_noMR,1902,9,labsea,MLD2,19.40206
LR02_CMIP7hist_noMR,1902,10,labsea,MLD2,22.00599
LR02_CMIP7hist_noMR,1902,11,labsea,MLD2,33.47830
LR02_CMIP7hist_noMR,1902,12,labsea,MLD2,90.58696
LR02_CMIP7hist_noMR,1902,1,interior,MLD2,209.78693
LR02_CMIP7hist_noMR,1902,2,interior,MLD2,1447.16488
LR02_CMIP7hist_noMR,1902,3,interior,MLD2,1597.63703
LR02_CMIP7hist_noMR,1902,4,interior,MLD2,1028.60283
LR02_CMIP7hist_noMR,1902,5,interior,MLD2,105.12062
LR02_CMIP7hist_noMR,1902,6,interior,MLD2,21.27333
LR02_CMIP7hist_noMR,1902,7,interior,MLD2,17.94630
LR02_CMIP7hist_noMR,1902,8,interior,MLD2,16.45016
LR02_CMIP7hist_noMR,1902,9,interior,MLD2,23.35701
LR02_CMIP7hist_noMR,1902,10,interior,MLD2,26.59847
LR02_CMIP7hist_noMR,1902,11,interior,MLD2,36.81934
LR02_CMIP7hist_noMR,1902,12,interior,MLD2,136.53733
LR02_CMIP7hist_noMR,1903,1,labsea,a_ice,0.24813
LR02_CMIP7hist_noMR,1903,2,labsea,a_ice,0.33666
LR02_CMIP7hist_noMR,1903,3,labsea,a_ice,0.35154
LR02_CMIP7hist_noMR,1903,4,labsea,a_ice,0.32809
LR02_CMIP7hist_noMR,1903,5,labsea,a_ice,0.26485
LR02_CMIP7hist_noMR,1903,6,labsea,a_ice,0.13872
LR02_CMIP7hist_noMR,1903,7,labsea,a_ice,0.02298
LR02_CMIP7hist_noMR,1903,8,labsea,a_ice,0.00000
LR02_CMIP7hist_noMR,1903,9,labsea,a_ice,0.00000
LR02_CMIP7hist_noMR,1903,10,labsea,a_ice,0.00001
LR02_CMIP7hist_noMR,1903,11,labsea,a_ice,0.01688
LR02_CMIP7hist_noMR,1903,12,labsea,a_ice,0.10706
LR02_CMIP7hist_noMR,1903,1,interior,a_ice,0.09337
LR02_CMIP7hist_noMR,1903,2,interior,a_ice,0.16677
LR02_CMIP7hist_noMR,1903,3,interior,a_ice,0.17899
LR02_CMIP7hist_noMR,1903,4,interior,a_ice,0.13159
LR02_CMIP7hist_noMR,1903,5,interior,a_ice,0.07493
LR02_CMIP7hist_noMR,1903,6,interior,a_ice,0.03544
LR02_CMIP7hist_noMR,1903,7,interior,a_ice,0.00119
LR02_CMIP7hist_noMR,1903,8,interior,a_ice,0.00000
LR02_CMIP7hist_noMR,1903,9,interior,a_ice,0.00000
LR02_CMIP7hist_noMR,1903,10,interior,a_ice,0.00000
LR02_CMIP7hist_noMR,1903,11,interior,a_ice,0.00000
LR02_CMIP7hist_noMR,1903,12,interior,a_ice,0.01165
LR02_CMIP7hist_noMR,1903,1,labsea,MLD2,769.07095
LR02_CMIP7hist_noMR,1903,2,labsea,MLD2,1205.90408
LR02_CMIP7hist_noMR,1903,3,labsea,MLD2,1038.32805
LR02_CMIP7hist_noMR,1903,4,labsea,MLD2,824.94837
LR02_CMIP7hist_noMR,1903,5,labsea,MLD2,232.13803
LR02_CMIP7hist_noMR,1903,6,labsea,MLD2,13.52120
LR02_CMIP7hist_noMR,1903,7,labsea,MLD2,12.74604
LR02_CMIP7hist_noMR,1903,8,labsea,MLD2,13.90450
LR02_CMIP7hist_noMR,1903,9,labsea,MLD2,14.73267
LR02_CMIP7hist_noMR,1903,10,labsea,MLD2,20.19235
LR02_CMIP7hist_noMR,1903,11,labsea,MLD2,31.37284
LR02_CMIP7hist_noMR,1903,12,labsea,MLD2,54.66752
LR02_CMIP7hist_noMR,1903,1,interior,MLD2,1248.44516
LR02_CMIP7hist_noMR,1903,2,interior,MLD2,1902.34558
LR02_CMIP7hist_noMR,1903,3,interior,MLD2,1599.74721
LR02_CMIP7hist_noMR,1903,4,interior,MLD2,1307.07285
LR02_CMIP7hist_noMR,1903,5,interior,MLD2,395.63659
LR02_CMIP7hist_noMR,1903,6,interior,MLD2,15.93143
LR02_CMIP7hist_noMR,1903,7,interior,MLD2,13.77275
LR02_CMIP7hist_noMR,1903,8,interior,MLD2,15.56561
LR02_CMIP7hist_noMR,1903,9,interior,MLD2,16.19140
LR02_CMIP7hist_noMR,1903,10,interior,MLD2,21.08725
LR02_CMIP7hist_noMR,1903,11,interior,MLD2,30.41983
LR02_CMIP7hist_noMR,1903,12,interior,MLD2,63.45545
LR02_CMIP7hist_noMR,1904,1,labsea,a_ice,0.20942
LR02_CMIP7hist_noMR,1904,2,labsea,a_ice,0.25954
LR02_CMIP7hist_noMR,1904,3,labsea,a_ice,0.23561
LR02_CMIP7hist_noMR,1904,4,labsea,a_ice,0.21102
LR02_CMIP7hist_noMR,1904,5,labsea,a_ice,0.15764
LR02_CMIP7hist_noMR,1904,6,labsea,a_ice,0.09522
LR02_CMIP7hist_noMR,1904,7,labsea,a_ice,0.02197
LR02_CMIP7hist_noMR,1904,8,labsea,a_ice,0.00003
LR02_CMIP7hist_noMR,1904,9,labsea,a_ice,0.00000
LR02_CMIP7hist_noMR,1904,10,labsea,a_ice,0.00067
LR02_CMIP7hist_noMR,1904,11,labsea,a_ice,0.02015
LR02_CMIP7hist_noMR,1904,12,labsea,a_ice,0.05767
LR02_CMIP7hist_noMR,1904,1,interior,a_ice,0.05523
LR02_CMIP7hist_noMR,1904,2,interior,a_ice,0.06892
LR02_CMIP7hist_noMR,1904,3,interior,a_ice,0.05752
LR02_CMIP7hist_noMR,1904,4,interior,a_ice,0.04503
LR02_CMIP7hist_noMR,1904,5,interior,a_ice,0.04668
LR02_CMIP7hist_noMR,1904,6,interior,a_ice,0.00715
LR02_CMIP7hist_noMR,1904,7,interior,a_ice,0.00014
LR02_CMIP7hist_noMR,1904,8,interior,a_ice,0.00000
LR02_CMIP7hist_noMR,1904,9,interior,a_ice,0.00000
LR02_CMIP7hist_noMR,1904,10,interior,a_ice,0.00000
LR02_CMIP7hist_noMR,1904,11,interior,a_ice,0.00000
LR02_CMIP7hist_noMR,1904,12,interior,a_ice,0.00010
LR02_CMIP7hist_noMR,1904,1,labsea,MLD2,137.35708
LR02_CMIP7hist_noMR,1904,2,labsea,MLD2,352.92971
LR02_CMIP7hist_noMR,1904,3,labsea,MLD2,508.38630
LR02_CMIP7hist_noMR,1904,4,labsea,MLD2,351.88301
LR02_CMIP7hist_noMR,1904,5,labsea,MLD2,43.61324
LR02_CMIP7hist_noMR,1904,6,labsea,MLD2,19.11336
LR02_CMIP7hist_noMR,1904,7,labsea,MLD2,13.66409
LR02_CMIP7hist_noMR,1904,8,labsea,MLD2,14.97646
LR02_CMIP7hist_noMR,1904,9,labsea,MLD2,19.44159
LR02_CMIP7hist_noMR,1904,10,labsea,MLD2,25.27954
LR02_CMIP7hist_noMR,1904,11,labsea,MLD2,36.20533
LR02_CMIP7hist_noMR,1904,12,labsea,MLD2,51.83752
LR02_CMIP7hist_noMR,1904,1,interior,MLD2,198.78478
LR02_CMIP7hist_noMR,1904,2,interior,MLD2,554.18058
LR02_CMIP7hist_noMR,1904,3,interior,MLD2,1005.86620
LR02_CMIP7hist_noMR,1904,4,interior,MLD2,834.04103
LR02_CMIP7hist_noMR,1904,5,interior,MLD2,70.16410
LR02_CMIP7hist_noMR,1904,6,interior,MLD2,21.22169
LR02_CMIP7hist_noMR,1904,7,interior,MLD2,15.50051
LR02_CMIP7hist_noMR,1904,8,interior,MLD2,16.24637
LR02_CMIP7hist_noMR,1904,9,interior,MLD2,20.13861
LR02_CMIP7hist_noMR,1904,10,interior,MLD2,27.61522
LR02_CMIP7hist_noMR,1904,11,interior,MLD2,42.22749
LR02_CMIP7hist_noMR,1904,12,interior,MLD2,64.00606
LR02_CMIP7hist_noMR,1905,1,labsea,a_ice,0.18296
LR02_CMIP7hist_noMR,1905,2,labsea,a_ice,0.29487
LR02_CMIP7hist_noMR,1905,3,labsea,a_ice,0.31010
LR02_CMIP7hist_noMR,1905,4,labsea,a_ice,0.26353
LR02_CMIP7hist_noMR,1905,5,labsea,a_ice,0.23847
LR02_CMIP7hist_noMR,1905,6,labsea,a_ice,0.14511
LR02_CMIP7hist_noMR,1905,7,labsea,a_ice,0.03582
LR02_CMIP7hist_noMR,1905,8,labsea,a_ice,0.00314
LR02_CMIP7hist_noMR,1905,9,labsea,a_ice,0.00000
LR02_CMIP7hist_noMR,1905,10,labsea,a_ice,0.00156
LR02_CMIP7hist_noMR,1905,11,labsea,a_ice,0.02837
LR02_CMIP7hist_noMR,1905,12,labsea,a_ice,0.12176
LR02_CMIP7hist_noMR,1905,1,interior,a_ice,0.03736
LR02_CMIP7hist_noMR,1905,2,interior,a_ice,0.10888
LR02_CMIP7hist_noMR,1905,3,interior,a_ice,0.12972
LR02_CMIP7hist_noMR,1905,4,interior,a_ice,0.09567
LR02_CMIP7hist_noMR,1905,5,interior,a_ice,0.08274
LR02_CMIP7hist_noMR,1905,6,interior,a_ice,0.03833
LR02_CMIP7hist_noMR,1905,7,interior,a_ice,0.00020
LR02_CMIP7hist_noMR,1905,8,interior,a_ice,0.00000
LR02_CMIP7hist_noMR,1905,9,interior,a_ice,0.00000
LR02_CMIP7hist_noMR,1905,10,interior,a_ice,0.00000
LR02_CMIP7hist_noMR,1905,11,interior,a_ice,0.00000
LR02_CMIP7hist_noMR,1905,12,interior,a_ice,0.02049
LR02_CMIP7hist_noMR,1905,1,labsea,MLD2,96.86580
LR02_CMIP7hist_noMR,1905,2,labsea,MLD2,392.14853
LR02_CMIP7hist_noMR,1905,3,labsea,MLD2,919.50801
LR02_CMIP7hist_noMR,1905,4,labsea,MLD2,607.74736
LR02_CMIP7hist_noMR,1905,5,labsea,MLD2,196.69725
LR02_CMIP7hist_noMR,1905,6,labsea,MLD2,13.50256
LR02_CMIP7hist_noMR,1905,7,labsea,MLD2,13.91470
LR02_CMIP7hist_noMR,1905,8,labsea,MLD2,14.83624
LR02_CMIP7hist_noMR,1905,9,labsea,MLD2,20.68804
LR02_CMIP7hist_noMR,1905,10,labsea,MLD2,28.33284
LR02_CMIP7hist_noMR,1905,11,labsea,MLD2,36.96671
LR02_CMIP7hist_noMR,1905,12,labsea,MLD2,85.05844
LR02_CMIP7hist_noMR,1905,1,interior,MLD2,128.28713
LR02_CMIP7hist_noMR,1905,2,interior,MLD2,550.49333
LR02_CMIP7hist_noMR,1905,3,interior,MLD2,1368.17118
LR02_CMIP7hist_noMR,1905,4,interior,MLD2,1052.92300
LR02_CMIP7hist_noMR,1905,5,interior,MLD2,417.86545
LR02_CMIP7hist_noMR,1905,6,interior,MLD2,15.84828
LR02_CMIP7hist_noMR,1905,7,interior,MLD2,16.05602
LR02_CMIP7hist_noMR,1905,8,interior,MLD2,16.22774
LR02_CMIP7hist_noMR,1905,9,interior,MLD2,21.35561
LR02_CMIP7hist_noMR,1905,10,interior,MLD2,32.39861
LR02_CMIP7hist_noMR,1905,11,interior,MLD2,42.32462
LR02_CMIP7hist_noMR,1905,12,interior,MLD2,129.92471
LR02_CMIP7hist_noMR,1906,1,labsea,a_ice,0.25724
LR02_CMIP7hist_noMR,1906,2,labsea,a_ice,0.33877
LR02_CMIP7hist_noMR,1906,3,labsea,a_ice,0.36879
LR02_CMIP7hist_noMR,1906,4,labsea,a_ice,0.32308
LR02_CMIP7hist_noMR,1906,5,labsea,a_ice,0.29012
LR02_CMIP7hist_noMR,1906,6,labsea,a_ice,0.17943
LR02_CMIP7hist_noMR,1906,7,labsea,a_ice,0.04222
LR02_CMIP7hist_noMR,1906,8,labsea,a_ice,0.00016
LR02_CMIP7hist_noMR,1906,9,labsea,a_ice,0.00000
LR02_CMIP7hist_noMR,1906,10,labsea,a_ice,0.00001
LR02_CMIP7hist_noMR,1906,11,labsea,a_ice,0.01989
LR02_CMIP7hist_noMR,1906,12,labsea,a_ice,0.13710
LR02_CMIP7hist_noMR,1906,1,interior,a_ice,0.06911
LR02_CMIP7hist_noMR,1906,2,interior,a_ice,0.17048
LR02_CMIP7hist_noMR,1906,3,interior,a_ice,0.20163
LR02_CMIP7hist_noMR,1906,4,interior,a_ice,0.12965
LR02_CMIP7hist_noMR,1906,5,interior,a_ice,0.12243
LR02_CMIP7hist_noMR,1906,6,interior,a_ice,0.03664
LR02_CMIP7hist_noMR,1906,7,interior,a_ice,0.01002
LR02_CMIP7hist_noMR,1906,8,interior,a_ice,0.00000
LR02_CMIP7hist_noMR,1906,9,interior,a_ice,0.00000
LR02_CMIP7hist_noMR,1906,10,interior,a_ice,0.00000
LR02_CMIP7hist_noMR,1906,11,interior,a_ice,0.00000
LR02_CMIP7hist_noMR,1906,12,interior,a_ice,0.02736
LR02_CMIP7hist_noMR,1906,1,labsea,MLD2,728.47532
LR02_CMIP7hist_noMR,1906,2,labsea,MLD2,1189.36421
LR02_CMIP7hist_noMR,1906,3,labsea,MLD2,1133.33480
LR02_CMIP7hist_noMR,1906,4,labsea,MLD2,737.65664
LR02_CMIP7hist_noMR,1906,5,labsea,MLD2,181.23163
LR02_CMIP7hist_noMR,1906,6,labsea,MLD2,15.65598
LR02_CMIP7hist_noMR,1906,7,labsea,MLD2,11.62350
LR02_CMIP7hist_noMR,1906,8,labsea,MLD2,13.82333
LR02_CMIP7hist_noMR,1906,9,labsea,MLD2,17.92363
LR02_CMIP7hist_noMR,1906,10,labsea,MLD2,26.49886
LR02_CMIP7hist_noMR,1906,11,labsea,MLD2,32.81042
LR02_CMIP7hist_noMR,1906,12,labsea,MLD2,47.93997
LR02_CMIP7hist_noMR,1906,1,interior,MLD2,1277.02837
LR02_CMIP7hist_noMR,1906,2,interior,MLD2,2005.16617
LR02_CMIP7hist_noMR,1906,3,interior,MLD2,1657.50220
LR02_CMIP7hist_noMR,1906,4,interior,MLD2,1169.75068
LR02_CMIP7hist_noMR,1906,5,interior,MLD2,281.93834
LR02_CMIP7hist_noMR,1906,6,interior,MLD2,18.11122
LR02_CMIP7hist_noMR,1906,7,interior,MLD2,13.15290
LR02_CMIP7hist_noMR,1906,8,interior,MLD2,14.95454
LR02_CMIP7hist_noMR,1906,9,interior,MLD2,17.15677
LR02_CMIP7hist_noMR,1906,10,interior,MLD2,24.93902
LR02_CMIP7hist_noMR,1906,11,interior,MLD2,30.72058
LR02_CMIP7hist_noMR,1906,12,interior,MLD2,52.83322
LR02_CMIP7hist_noMR,1907,1,labsea,a_ice,0.27250
LR02_CMIP7hist_noMR,1907,2,labsea,a_ice,0.36687
LR02_CMIP7hist_noMR,1907,3,labsea,a_ice,0.39855
LR02_CMIP7hist_noMR,1907,4,labsea,a_ice,0.39479
LR02_CMIP7hist_noMR,1907,5,labsea,a_ice,0.27951
LR02_CMIP7hist_noMR,1907,6,labsea,a_ice,0.14423
LR02_CMIP7hist_noMR,1907,7,labsea,a_ice,0.04037
LR02_CMIP7hist_noMR,1907,8,labsea,a_ice,0.00850
LR02_CMIP7hist_noMR,1907,9,labsea,a_ice,0.00007
LR02_CMIP7hist_noMR,1907,10,labsea,a_ice,0.00166
LR02_CMIP7hist_noMR,1907,11,labsea,a_ice,0.04909
LR02_CMIP7hist_noMR,1907,12,labsea,a_ice,0.17078
LR02_CMIP7hist_noMR,1907,1,interior,a_ice,0.09777
LR02_CMIP7hist_noMR,1907,2,interior,a_ice,0.16883
LR02_CMIP7hist_noMR,1907,3,interior,a_ice,0.29345
LR02_CMIP7hist_noMR,1907,4,interior,a_ice,0.31744
LR02_CMIP7hist_noMR,1907,5,interior,a_ice,0.11950
LR02_CMIP7hist_noMR,1907,6,interior,a_ice,0.05953
LR02_CMIP7hist_noMR,1907,7,interior,a_ice,0.00013
LR02_CMIP7hist_noMR,1907,8,interior,a_ice,0.00000
LR02_CMIP7hist_noMR,1907,9,interior,a_ice,0.00000
LR02_CMIP7hist_noMR,1907,10,interior,a_ice,0.00000
LR02_CMIP7hist_noMR,1907,11,interior,a_ice,0.00084
LR02_CMIP7hist_noMR,1907,12,interior,a_ice,0.05296
LR02_CMIP7hist_noMR,1907,1,labsea,MLD2,248.72371
LR02_CMIP7hist_noMR,1907,2,labsea,MLD2,758.77495
LR02_CMIP7hist_noMR,1907,3,labsea,MLD2,887.44758
LR02_CMIP7hist_noMR,1907,4,labsea,MLD2,663.23930
LR02_CMIP7hist_noMR,1907,5,labsea,MLD2,240.88081
LR02_CMIP7hist_noMR,1907,6,labsea,MLD2,16.55468
LR02_CMIP7hist_noMR,1907,7,labsea,MLD2,14.59585
LR02_CMIP7hist_noMR,1907,8,labsea,MLD2,14.60429
LR02_CMIP7hist_noMR,1907,9,labsea,MLD2,18.52467
LR02_CMIP7hist_noMR,1907,10,labsea,MLD2,26.78014
LR02_CMIP7hist_noMR,1907,11,labsea,MLD2,38.59980
LR02_CMIP7hist_noMR,1907,12,labsea,MLD2,90.60013
LR02_CMIP7hist_noMR,1907,1,interior,MLD2,460.85949
LR02_CMIP7hist_noMR,1907,2,interior,MLD2,1589.18248
LR02_CMIP7hist_noMR,1907,3,interior,MLD2,1347.83398
LR02_CMIP7hist_noMR,1907,4,interior,MLD2,708.36925
LR02_CMIP7hist_noMR,1907,5,interior,MLD2,369.31948
LR02_CMIP7hist_noMR,1907,6,interior,MLD2,19.11165
LR02_CMIP7hist_noMR,1907,7,interior,MLD2,16.08403
LR02_CMIP7hist_noMR,1907,8,interior,MLD2,15.63827
LR02_CMIP7hist_noMR,1907,9,interior,MLD2,18.79945
LR02_CMIP7hist_noMR,1907,10,interior,MLD2,28.86510
LR02_CMIP7hist_noMR,1907,11,interior,MLD2,44.23954
LR02_CMIP7hist_noMR,1907,12,interior,MLD2,150.02306
LR02_CMIP7hist_noMR,1908,1,labsea,a_ice,0.22195
LR02_CMIP7hist_noMR,1908,2,labsea,a_ice,0.25680
LR02_CMIP7hist_noMR,1908,3,labsea,a_ice,0.27283
LR02_CMIP7hist_noMR,1908,4,labsea,a_ice,0.26998
LR02_CMIP7hist_noMR,1908,5,labsea,a_ice,0.21433
LR02_CMIP7hist_noMR,1908,6,labsea,a_ice,0.13000
LR02_CMIP7hist_noMR,1908,7,labsea,a_ice,0.02888
LR02_CMIP7hist_noMR,1908,8,labsea,a_ice,0.00074
LR02_CMIP7hist_noMR,1908,9,labsea,a_ice,0.00000
LR02_CMIP7hist_noMR,1908,10,labsea,a_ice,0.00000
LR02_CMIP7hist_noMR,1908,11,labsea,a_ice,0.01881
LR02_CMIP7hist_noMR,1908,12,labsea,a_ice,0.11161
LR02_CMIP7hist_noMR,1908,1,interior,a_ice,0.06262
LR02_CMIP7hist_noMR,1908,2,interior,a_ice,0.06578
LR02_CMIP7hist_noMR,1908,3,interior,a_ice,0.07932
LR02_CMIP7hist_noMR,1908,4,interior,a_ice,0.07515
LR02_CMIP7hist_noMR,1908,5,interior,a_ice,0.03340
LR02_CMIP7hist_noMR,1908,6,interior,a_ice,0.00828
LR02_CMIP7hist_noMR,1908,7,interior,a_ice,0.00027
LR02_CMIP7hist_noMR,1908,8,interior,a_ice,0.00000
LR02_CMIP7hist_noMR,1908,9,interior,a_ice,0.00000
LR02_CMIP7hist_noMR,1908,10,interior,a_ice,0.00000
LR02_CMIP7hist_noMR,1908,11,interior,a_ice,0.00000
LR02_CMIP7hist_noMR,1908,12,interior,a_ice,0.00346
LR02_CMIP7hist_noMR,1908,1,labsea,MLD2,251.05265
LR02_CMIP7hist_noMR,1908,2,labsea,MLD2,715.53219
LR02_CMIP7hist_noMR,1908,3,labsea,MLD2,949.51796
LR02_CMIP7hist_noMR,1908,4,labsea,MLD2,636.22705
LR02_CMIP7hist_noMR,1908,5,labsea,MLD2,81.14985
LR02_CMIP7hist_noMR,1908,6,labsea,MLD2,13.48884
LR02_CMIP7hist_noMR,1908,7,labsea,MLD2,11.16068
LR02_CMIP7hist_noMR,1908,8,labsea,MLD2,12.67710
LR02_CMIP7hist_noMR,1908,9,labsea,MLD2,17.17204
LR02_CMIP7hist_noMR,1908,10,labsea,MLD2,26.28249
LR02_CMIP7hist_noMR,1908,11,labsea,MLD2,39.53489
LR02_CMIP7hist_noMR,1908,12,labsea,MLD2,78.76262
LR02_CMIP7hist_noMR,1908,1,interior,MLD2,611.36581
LR02_CMIP7hist_noMR,1908,2,interior,MLD2,1763.32054
LR02_CMIP7hist_noMR,1908,3,interior,MLD2,1961.99728
LR02_CMIP7hist_noMR,1908,4,interior,MLD2,1396.34891
LR02_CMIP7hist_noMR,1908,5,interior,MLD2,229.74325
LR02_CMIP7hist_noMR,1908,6,interior,MLD2,16.15052
LR02_CMIP7hist_noMR,1908,7,interior,MLD2,13.38700
LR02_CMIP7hist_noMR,1908,8,interior,MLD2,14.52091
LR02_CMIP7hist_noMR,1908,9,interior,MLD2,18.69502
LR02_CMIP7hist_noMR,1908,10,interior,MLD2,27.24659
LR02_CMIP7hist_noMR,1908,11,interior,MLD2,43.71240
LR02_CMIP7hist_noMR,1908,12,interior,MLD2,110.45758
LR02_CMIP7hist_noMR,1909,1,labsea,a_ice,0.26696
LR02_CMIP7hist_noMR,1909,2,labsea,a_ice,0.31015
LR02_CMIP7hist_noMR,1909,3,labsea,a_ice,0.31966
LR02_CMIP7hist_noMR,1909,4,labsea,a_ice,0.27511
LR02_CMIP7hist_noMR,1909,5,labsea,a_ice,0.21193
LR02_CMIP7hist_noMR,1909,6,labsea,a_ice,0.12156
LR02_CMIP7hist_noMR,1909,7,labsea,a_ice,0.03467
LR02_CMIP7hist_noMR,1909,8,labsea,a_ice,0.00316
LR02_CMIP7hist_noMR,1909,9,labsea,a_ice,0.00000
LR02_CMIP7hist_noMR,1909,10,labsea,a_ice,0.00006
LR02_CMIP7hist_noMR,1909,11,labsea,a_ice,0.05648
LR02_CMIP7hist_noMR,1909,12,labsea,a_ice,0.25805
LR02_CMIP7hist_noMR,1909,1,interior,a_ice,0.09990
LR02_CMIP7hist_noMR,1909,2,interior,a_ice,0.11364
LR02_CMIP7hist_noMR,1909,3,interior,a_ice,0.15260
LR02_CMIP7hist_noMR,1909,4,interior,a_ice,0.11312
LR02_CMIP7hist_noMR,1909,5,interior,a_ice,0.04625
LR02_CMIP7hist_noMR,1909,6,interior,a_ice,0.00387
LR02_CMIP7hist_noMR,1909,7,interior,a_ice,0.00012
LR02_CMIP7hist_noMR,1909,8,interior,a_ice,0.00000
LR02_CMIP7hist_noMR,1909,9,interior,a_ice,0.00000
LR02_CMIP7hist_noMR,1909,10,interior,a_ice,0.00000
LR02_CMIP7hist_noMR,1909,11,interior,a_ice,0.00878
LR02_CMIP7hist_noMR,1909,12,interior,a_ice,0.10478
LR02_CMIP7hist_noMR,1909,1,labsea,MLD2,446.82762
LR02_CMIP7hist_noMR,1909,2,labsea,MLD2,1141.77299
LR02_CMIP7hist_noMR,1909,3,labsea,MLD2,1000.81204
LR02_CMIP7hist_noMR,1909,4,labsea,MLD2,549.42765
LR02_CMIP7hist_noMR,1909,5,labsea,MLD2,154.34965
LR02_CMIP7hist_noMR,1909,6,labsea,MLD2,14.49268
LR02_CMIP7hist_noMR,1909,7,labsea,MLD2,12.72284
LR02_CMIP7hist_noMR,1909,8,labsea,MLD2,13.63592
LR02_CMIP7hist_noMR,1909,9,labsea,MLD2,16.65517
LR02_CMIP7hist_noMR,1909,10,labsea,MLD2,23.12237
LR02_CMIP7hist_noMR,1909,11,labsea,MLD2,38.15113
LR02_CMIP7hist_noMR,1909,12,labsea,MLD2,138.59524
LR02_CMIP7hist_noMR,1909,1,interior,MLD2,774.62110
LR02_CMIP7hist_noMR,1909,2,interior,MLD2,1861.18565
LR02_CMIP7hist_noMR,1909,3,interior,MLD2,1538.68606
LR02_CMIP7hist_noMR,1909,4,interior,MLD2,630.13700
LR02_CMIP7hist_noMR,1909,5,interior,MLD2,122.52978
LR02_CMIP7hist_noMR,1909,6,interior,MLD2,17.38658
LR02_CMIP7hist_noMR,1909,7,interior,MLD2,14.96804
LR02_CMIP7hist_noMR,1909,8,interior,MLD2,16.09192
LR02_CMIP7hist_noMR,1909,9,interior,MLD2,19.25330
LR02_CMIP7hist_noMR,1909,10,interior,MLD2,26.02740
LR02_CMIP7hist_noMR,1909,11,interior,MLD2,38.32889
LR02_CMIP7hist_noMR,1909,12,interior,MLD2,197.40860
LR02_CMIP7hist_noMR,1910,1,labsea,a_ice,0.31913
LR02_CMIP7hist_noMR,1910,2,labsea,a_ice,0.33019
LR02_CMIP7hist_noMR,1910,3,labsea,a_ice,0.38503
LR02_CMIP7hist_noMR,1910,4,labsea,a_ice,0.31644
LR02_CMIP7hist_noMR,1910,5,labsea,a_ice,0.23467
LR02_CMIP7hist_noMR,1910,6,labsea,a_ice,0.11475
LR02_CMIP7hist_noMR,1910,7,labsea,a_ice,0.01542
LR02_CMIP7hist_noMR,1910,8,labsea,a_ice,0.00000
LR02_CMIP7hist_noMR,1910,9,labsea,a_ice,0.00000
LR02_CMIP7hist_noMR,1910,10,labsea,a_ice,0.00001
LR02_CMIP7hist_noMR,1910,11,labsea,a_ice,0.01650
LR02_CMIP7hist_noMR,1910,12,labsea,a_ice,0.07866
LR02_CMIP7hist_noMR,1910,1,interior,a_ice,0.14377
LR02_CMIP7hist_noMR,1910,2,interior,a_ice,0.10868
LR02_CMIP7hist_noMR,1910,3,interior,a_ice,0.23834
LR02_CMIP7hist_noMR,1910,4,interior,a_ice,0.13700
LR02_CMIP7hist_noMR,1910,5,interior,a_ice,0.06071
LR02_CMIP7hist_noMR,1910,6,interior,a_ice,0.00477
LR02_CMIP7hist_noMR,1910,7,interior,a_ice,0.00000
LR02_CMIP7hist_noMR,1910,8,interior,a_ice,0.00000
LR02_CMIP7hist_noMR,1910,9,interior,a_ice,0.00000
LR02_CMIP7hist_noMR,1910,10,interior,a_ice,0.00000
LR02_CMIP7hist_noMR,1910,11,interior,a_ice,0.00000
LR02_CMIP7hist_noMR,1910,12,interior,a_ice,0.02650
LR02_CMIP7hist_noMR,1910,1,labsea,MLD2,764.46772
LR02_CMIP7hist_noMR,1910,2,labsea,MLD2,919.51679
LR02_CMIP7hist_noMR,1910,3,labsea,MLD2,906.52021
LR02_CMIP7hist_noMR,1910,4,labsea,MLD2,484.81434
LR02_CMIP7hist_noMR,1910,5,labsea,MLD2,78.17433
LR02_CMIP7hist_noMR,1910,6,labsea,MLD2,13.33751
LR02_CMIP7hist_noMR,1910,7,labsea,MLD2,12.84228
LR02_CMIP7hist_noMR,1910,8,labsea,MLD2,14.97422
LR02_CMIP7hist_noMR,1910,9,labsea,MLD2,17.56089
LR02_CMIP7hist_noMR,1910,10,labsea,MLD2,21.77568
LR02_CMIP7hist_noMR,1910,11,labsea,MLD2,32.11934
LR02_CMIP7hist_noMR,1910,12,labsea,MLD2,45.89617
LR02_CMIP7hist_noMR,1910,1,interior,MLD2,1216.43341
LR02_CMIP7hist_noMR,1910,2,interior,MLD2,1530.39986
LR02_CMIP7hist_noMR,1910,3,interior,MLD2,1409.33989
LR02_CMIP7hist_noMR,1910,4,interior,MLD2,681.65550
LR02_CMIP7hist_noMR,1910,5,interior,MLD2,98.31676
LR02_CMIP7hist_noMR,1910,6,interior,MLD2,16.44919
LR02_CMIP7hist_noMR,1910,7,interior,MLD2,15.15469
LR02_CMIP7hist_noMR,1910,8,interior,MLD2,16.63565
LR02_CMIP7hist_noMR,1910,9,interior,MLD2,16.51484
LR02_CMIP7hist_noMR,1910,10,interior,MLD2,21.63031
LR02_CMIP7hist_noMR,1910,11,interior,MLD2,33.98317
LR02_CMIP7hist_noMR,1910,12,interior,MLD2,49.20755
LR02_CMIP7hist_noMR,1911,1,labsea,a_ice,0.24177
LR02_CMIP7hist_noMR,1911,2,labsea,a_ice,0.41694
LR02_CMIP7hist_noMR,1911,3,labsea,a_ice,0.38945
LR02_CMIP7hist_noMR,1911,4,labsea,a_ice,0.32676
LR02_CMIP7hist_noMR,1911,5,labsea,a_ice,0.30791
LR02_CMIP7hist_noMR,1911,6,labsea,a_ice,0.21514
LR02_CMIP7hist_noMR,1911,7,labsea,a_ice,0.06470
LR02_CMIP7hist_noMR,1911,8,labsea,a_ice,0.00296
LR02_CMIP7hist_noMR,1911,9,labsea,a_ice,0.00000
LR02_CMIP7hist_noMR,1911,10,labsea,a_ice,0.00227
LR02_CMIP7hist_noMR,1911,11,labsea,a_ice,0.02692
LR02_CMIP7hist_noMR,1911,12,labsea,a_ice,0.11672
LR02_CMIP7hist_noMR,1911,1,interior,a_ice,0.06889
LR02_CMIP7hist_noMR,1911,2,interior,a_ice,0.28171
LR02_CMIP7hist_noMR,1911,3,interior,a_ice,0.27513
LR02_CMIP7hist_noMR,1911,4,interior,a_ice,0.22990
LR02_CMIP7hist_noMR,1911,5,interior,a_ice,0.12408
LR02_CMIP7hist_noMR,1911,6,interior,a_ice,0.07250
LR02_CMIP7hist_noMR,1911,7,interior,a_ice,0.03462
LR02_CMIP7hist_noMR,1911,8,interior,a_ice,0.00000
LR02_CMIP7hist_noMR,1911,9,interior,a_ice,0.00000
LR02_CMIP7hist_noMR,1911,10,interior,a_ice,0.00000
LR02_CMIP7hist_noMR,1911,11,interior,a_ice,0.00001
LR02_CMIP7hist_noMR,1911,12,interior,a_ice,0.01625
LR02_CMIP7hist_noMR,1911,1,labsea,MLD2,68.97448
LR02_CMIP7hist_noMR,1911,2,labsea,MLD2,260.97083
LR02_CMIP7hist_noMR,1911,3,labsea,MLD2,566.83485
LR02_CMIP7hist_noMR,1911,4,labsea,MLD2,325.34922
LR02_CMIP7hist_noMR,1911,5,labsea,MLD2,84.10494
LR02_CMIP7hist_noMR,1911,6,labsea,MLD2,15.63183
LR02_CMIP7hist_noMR,1911,7,labsea,MLD2,11.85439
LR02_CMIP7hist_noMR,1911,8,labsea,MLD2,12.04610
LR02_CMIP7hist_noMR,1911,9,labsea,MLD2,16.19111
LR02_CMIP7hist_noMR,1911,10,labsea,MLD2,27.29920
LR02_CMIP7hist_noMR,1911,11,labsea,MLD2,37.12478
LR02_CMIP7hist_noMR,1911,12,labsea,MLD2,65.07863
LR02_CMIP7hist_noMR,1911,1,interior,MLD2,95.36149
LR02_CMIP7hist_noMR,1911,2,interior,MLD2,340.19168
LR02_CMIP7hist_noMR,1911,3,interior,MLD2,902.14475
LR02_CMIP7hist_noMR,1911,4,interior,MLD2,368.09020
LR02_CMIP7hist_noMR,1911,5,interior,MLD2,61.85142
LR02_CMIP7hist_noMR,1911,6,interior,MLD2,16.73450
LR02_CMIP7hist_noMR,1911,7,interior,MLD2,13.07628
LR02_CMIP7hist_noMR,1911,8,interior,MLD2,13.61217
LR02_CMIP7hist_noMR,1911,9,interior,MLD2,17.14536
LR02_CMIP7hist_noMR,1911,10,interior,MLD2,28.46386
LR02_CMIP7hist_noMR,1911,11,interior,MLD2,37.00809
LR02_CMIP7hist_noMR,1911,12,interior,MLD2,73.09588
LR02_CMIP7hist_noMR,1912,1,labsea,a_ice,0.24185
LR02_CMIP7hist_noMR,1912,2,labsea,a_ice,0.31722
LR02_CMIP7hist_noMR,1912,3,labsea,a_ice,0.33892
LR02_CMIP7hist_noMR,1912,4,labsea,a_ice,0.27512
LR02_CMIP7hist_noMR,1912,5,labsea,a_ice,0.14017
LR02_CMIP7hist_noMR,1912,6,labsea,a_ice,0.08100
LR02_CMIP7hist_noMR,1912,7,labsea,a_ice,0.01268
LR02_CMIP7hist_noMR,1912,8,labsea,a_ice,0.00002
LR02_CMIP7hist_noMR,1912,9,labsea,a_ice,0.00000
LR02_CMIP7hist_noMR,1912,10,labsea,a_ice,0.00162
LR02_CMIP7hist_noMR,1912,11,labsea,a_ice,0.04059
LR02_CMIP7hist_noMR,1912,12,labsea,a_ice,0.18422
LR02_CMIP7hist_noMR,1912,1,interior,a_ice,0.07037
LR02_CMIP7hist_noMR,1912,2,interior,a_ice,0.11227
LR02_CMIP7hist_noMR,1912,3,interior,a_ice,0.16442
LR02_CMIP7hist_noMR,1912,4,interior,a_ice,0.16327
LR02_CMIP7hist_noMR,1912,5,interior,a_ice,0.02786
LR02_CMIP7hist_noMR,1912,6,interior,a_ice,0.00011
LR02_CMIP7hist_noMR,1912,7,interior,a_ice,0.00000
LR02_CMIP7hist_noMR,1912,8,interior,a_ice,0.00000
LR02_CMIP7hist_noMR,1912,9,interior,a_ice,0.00000
LR02_CMIP7hist_noMR,1912,10,interior,a_ice,0.00000
LR02_CMIP7hist_noMR,1912,11,interior,a_ice,0.00083
LR02_CMIP7hist_noMR,1912,12,interior,a_ice,0.04281
LR02_CMIP7hist_noMR,1912,1,labsea,MLD2,112.54079
LR02_CMIP7hist_noMR,1912,2,labsea,MLD2,306.51233
LR02_CMIP7hist_noMR,1912,3,labsea,MLD2,517.75275
LR02_CMIP7hist_noMR,1912,4,labsea,MLD2,98.07560
LR02_CMIP7hist_noMR,1912,5,labsea,MLD2,20.13601
LR02_CMIP7hist_noMR,1912,6,labsea,MLD2,15.52312
LR02_CMIP7hist_noMR,1912,7,labsea,MLD2,13.67596
LR02_CMIP7hist_noMR,1912,8,labsea,MLD2,14.15032
LR02_CMIP7hist_noMR,1912,9,labsea,MLD2,19.81387
LR02_CMIP7hist_noMR,1912,10,labsea,MLD2,24.88607
LR02_CMIP7hist_noMR,1912,11,labsea,MLD2,37.17280
LR02_CMIP7hist_noMR,1912,12,labsea,MLD2,68.85209
LR02_CMIP7hist_noMR,1912,1,interior,MLD2,166.60866
LR02_CMIP7hist_noMR,1912,2,interior,MLD2,487.80755
LR02_CMIP7hist_noMR,1912,3,interior,MLD2,906.65616
LR02_CMIP7hist_noMR,1912,4,interior,MLD2,115.33323
LR02_CMIP7hist_noMR,1912,5,interior,MLD2,24.43415
LR02_CMIP7hist_noMR,1912,6,interior,MLD2,20.01601
LR02_CMIP7hist_noMR,1912,7,interior,MLD2,16.07739
LR02_CMIP7hist_noMR,1912,8,interior,MLD2,15.83950
LR02_CMIP7hist_noMR,1912,9,interior,MLD2,21.74655
LR02_CMIP7hist_noMR,1912,10,interior,MLD2,29.55042
LR02_CMIP7hist_noMR,1912,11,interior,MLD2,42.59589
LR02_CMIP7hist_noMR,1912,12,interior,MLD2,92.31572
LR02_CMIP7hist_noMR,1913,1,labsea,a_ice,0.30910
LR02_CMIP7hist_noMR,1913,2,labsea,a_ice,0.33087
LR02_CMIP7hist_noMR,1913,3,labsea,a_ice,0.40466
LR02_CMIP7hist_noMR,1913,4,labsea,a_ice,0.36150
LR02_CMIP7hist_noMR,1913,5,labsea,a_ice,0.29296
LR02_CMIP7hist_noMR,1913,6,labsea,a_ice,0.17605
LR02_CMIP7hist_noMR,1913,7,labsea,a_ice,0.03311
LR02_CMIP7hist_noMR,1913,8,labsea,a_ice,0.00022
LR02_CMIP7hist_noMR,1913,9,labsea,a_ice,0.00000
LR02_CMIP7hist_noMR,1913,10,labsea,a_ice,0.00020
LR02_CMIP7hist_noMR,1913,11,labsea,a_ice,0.01043
LR02_CMIP7hist_noMR,1913,12,labsea,a_ice,0.10933
LR02_CMIP7hist_noMR,1913,1,interior,a_ice,0.13416
LR02_CMIP7hist_noMR,1913,2,interior,a_ice,0.14676
LR02_CMIP7hist_noMR,1913,3,interior,a_ice,0.19316
LR02_CMIP7hist_noMR,1913,4,interior,a_ice,0.19756
LR02_CMIP7hist_noMR,1913,5,interior,a_ice,0.09287
LR02_CMIP7hist_noMR,1913,6,interior,a_ice,0.03590
LR02_CMIP7hist_noMR,1913,7,interior,a_ice,0.00511
LR02_CMIP7hist_noMR,1913,8,interior,a_ice,0.00000
LR02_CMIP7hist_noMR,1913,9,interior,a_ice,0.00000
LR02_CMIP7hist_noMR,1913,10,interior,a_ice,0.00000
LR02_CMIP7hist_noMR,1913,11,interior,a_ice,0.00000
LR02_CMIP7hist_noMR,1913,12,interior,a_ice,0.01741
LR02_CMIP7hist_noMR,1913,1,labsea,MLD2,120.71132
LR02_CMIP7hist_noMR,1913,2,labsea,MLD2,174.37019
LR02_CMIP7hist_noMR,1913,3,labsea,MLD2,432.94624
LR02_CMIP7hist_noMR,1913,4,labsea,MLD2,381.18076
LR02_CMIP7hist_noMR,1913,5,labsea,MLD2,73.70925
LR02_CMIP7hist_noMR,1913,6,labsea,MLD2,20.23698
LR02_CMIP7hist_noMR,1913,7,labsea,MLD2,12.35473
LR02_CMIP7hist_noMR,1913,8,labsea,MLD2,13.97506
LR02_CMIP7hist_noMR,1913,9,labsea,MLD2,17.89731
LR02_CMIP7hist_noMR,1913,10,labsea,MLD2,25.47092
LR02_CMIP7hist_noMR,1913,11,labsea,MLD2,34.99015
LR02_CMIP7hist_noMR,1913,12,labsea,MLD2,49.71642
LR02_CMIP7hist_noMR,1913,1,interior,MLD2,200.55077
LR02_CMIP7hist_noMR,1913,2,interior,MLD2,344.94452
LR02_CMIP7hist_noMR,1913,3,interior,MLD2,841.53597
LR02_CMIP7hist_noMR,1913,4,interior,MLD2,800.96418
LR02_CMIP7hist_noMR,1913,5,interior,MLD2,120.58728
LR02_CMIP7hist_noMR,1913,6,interior,MLD2,25.04305
LR02_CMIP7hist_noMR,1913,7,interior,MLD2,14.24870
LR02_CMIP7hist_noMR,1913,8,interior,MLD2,15.81562
LR02_CMIP7hist_noMR,1913,9,interior,MLD2,20.20947
LR02_CMIP7hist_noMR,1913,10,interior,MLD2,29.10001
LR02_CMIP7hist_noMR,1913,11,interior,MLD2,37.74580
LR02_CMIP7hist_noMR,1913,12,interior,MLD2,58.13391
LR02_CMIP7hist_noMR,1914,1,labsea,a_ice,0.28166
LR02_CMIP7hist_noMR,1914,2,labsea,a_ice,0.32834
LR02_CMIP7hist_noMR,1914,3,labsea,a_ice,0.33980
LR02_CMIP7hist_noMR,1914,4,labsea,a_ice,0.31384
LR02_CMIP7hist_noMR,1914,5,labsea,a_ice,0.26647
LR02_CMIP7hist_noMR,1914,6,labsea,a_ice,0.17038
LR02_CMIP7hist_noMR,1914,7,labsea,a_ice,0.07292
LR02_CMIP7hist_noMR,1914,8,labsea,a_ice,0.02339
LR02_CMIP7hist_noMR,1914,9,labsea,a_ice,0.01015
LR02_CMIP7hist_noMR,1914,10,labsea,a_ice,0.00506
LR02_CMIP7hist_noMR,1914,11,labsea,a_ice,0.02446
LR02_CMIP7hist_noMR,1914,12,labsea,a_ice,0.16549
LR02_CMIP7hist_noMR,1914,1,interior,a_ice,0.11231
LR02_CMIP7hist_noMR,1914,2,interior,a_ice,0.15426
LR02_CMIP7hist_noMR,1914,3,interior,a_ice,0.15694
LR02_CMIP7hist_noMR,1914,4,interior,a_ice,0.14329
LR02_CMIP7hist_noMR,1914,5,interior,a_ice,0.11402
LR02_CMIP7hist_noMR,1914,6,interior,a_ice,0.06049
LR02_CMIP7hist_noMR,1914,7,interior,a_ice,0.00122
LR02_CMIP7hist_noMR,1914,8,interior,a_ice,0.00000
LR02_CMIP7hist_noMR,1914,9,interior,a_ice,0.00000
LR02_CMIP7hist_noMR,1914,10,interior,a_ice,0.00000
LR02_CMIP7hist_noMR,1914,11,interior,a_ice,0.00129
LR02_CMIP7hist_noMR,1914,12,interior,a_ice,0.05062
LR02_CMIP7hist_noMR,1914,1,labsea,MLD2,158.17254
LR02_CMIP7hist_noMR,1914,2,labsea,MLD2,518.53238
LR02_CMIP7hist_noMR,1914,3,labsea,MLD2,805.92895
LR02_CMIP7hist_noMR,1914,4,labsea,MLD2,774.23746
LR02_CMIP7hist_noMR,1914,5,labsea,MLD2,97.93386
LR02_CMIP7hist_noMR,1914,6,labsea,MLD2,19.51511
LR02_CMIP7hist_noMR,1914,7,labsea,MLD2,16.07255
LR02_CMIP7hist_noMR,1914,8,labsea,MLD2,15.63407
LR02_CMIP7hist_noMR,1914,9,labsea,MLD2,17.61747
LR02_CMIP7hist_noMR,1914,10,labsea,MLD2,22.25167
LR02_CMIP7hist_noMR,1914,11,labsea,MLD2,29.83255
LR02_CMIP7hist_noMR,1914,12,labsea,MLD2,43.59300
LR02_CMIP7hist_noMR,1914,1,interior,MLD2,262.92692
LR02_CMIP7hist_noMR,1914,2,interior,MLD2,905.19875
LR02_CMIP7hist_noMR,1914,3,interior,MLD2,1385.91451
LR02_CMIP7hist_noMR,1914,4,interior,MLD2,1239.56145
LR02_CMIP7hist_noMR,1914,5,interior,MLD2,134.81738
LR02_CMIP7hist_noMR,1914,6,interior,MLD2,19.00778
LR02_CMIP7hist_noMR,1914,7,interior,MLD2,18.31991
LR02_CMIP7hist_noMR,1914,8,interior,MLD2,17.14591
LR02_CMIP7hist_noMR,1914,9,interior,MLD2,18.67248
LR02_CMIP7hist_noMR,1914,10,interior,MLD2,25.09924
LR02_CMIP7hist_noMR,1914,11,interior,MLD2,33.44964
LR02_CMIP7hist_noMR,1914,12,interior,MLD2,47.94565
LR02_CMIP7hist_noMR,1915,1,labsea,a_ice,0.34604
LR02_CMIP7hist_noMR,1915,2,labsea,a_ice,0.52767
LR02_CMIP7hist_noMR,1915,3,labsea,a_ice,0.55183
LR02_CMIP7hist_noMR,1915,4,labsea,a_ice,0.57592
LR02_CMIP7hist_noMR,1915,5,labsea,a_ice,0.42151
LR02_CMIP7hist_noMR,1915,6,labsea,a_ice,0.18656
LR02_CMIP7hist_noMR,1915,7,labsea,a_ice,0.02243
LR02_CMIP7hist_noMR,1915,8,labsea,a_ice,0.00022
LR02_CMIP7hist_noMR,1915,9,labsea,a_ice,0.00000
LR02_CMIP7hist_noMR,1915,10,labsea,a_ice,0.00012
LR02_CMIP7hist_noMR,1915,11,labsea,a_ice,0.03102
LR02_CMIP7hist_noMR,1915,12,labsea,a_ice,0.19869
LR02_CMIP7hist_noMR,1915,1,interior,a_ice,0.17197
LR02_CMIP7hist_noMR,1915,2,interior,a_ice,0.41600
LR02_CMIP7hist_noMR,1915,3,interior,a_ice,0.55459
LR02_CMIP7hist_noMR,1915,4,interior,a_ice,0.69290
LR02_CMIP7hist_noMR,1915,5,interior,a_ice,0.42596
LR02_CMIP7hist_noMR,1915,6,interior,a_ice,0.10017
LR02_CMIP7hist_noMR,1915,7,interior,a_ice,0.00086
LR02_CMIP7hist_noMR,1915,8,interior,a_ice,0.00000
LR02_CMIP7hist_noMR,1915,9,interior,a_ice,0.00000
LR02_CMIP7hist_noMR,1915,10,interior,a_ice,0.00000
LR02_CMIP7hist_noMR,1915,11,interior,a_ice,0.00023
LR02_CMIP7hist_noMR,1915,12,interior,a_ice,0.05666
LR02_CMIP7hist_noMR,1915,1,labsea,MLD2,75.08212
LR02_CMIP7hist_noMR,1915,2,labsea,MLD2,229.07083
LR02_CMIP7hist_noMR,1915,3,labsea,MLD2,300.65651
LR02_CMIP7hist_noMR,1915,4,labsea,MLD2,160.78404
LR02_CMIP7hist_noMR,1915,5,labsea,MLD2,45.32778
LR02_CMIP7hist_noMR,1915,6,labsea,MLD2,11.06965
LR02_CMIP7hist_noMR,1915,7,labsea,MLD2,11.62664
LR02_CMIP7hist_noMR,1915,8,labsea,MLD2,11.23820
LR02_CMIP7hist_noMR,1915,9,labsea,MLD2,15.05713
LR02_CMIP7hist_noMR,1915,10,labsea,MLD2,22.06041
LR02_CMIP7hist_noMR,1915,11,labsea,MLD2,31.26805
LR02_CMIP7hist_noMR,1915,12,labsea,MLD2,47.97275
LR02_CMIP7hist_noMR,1915,1,interior,MLD2,88.24151
LR02_CMIP7hist_noMR,1915,2,interior,MLD2,299.11079
LR02_CMIP7hist_noMR,1915,3,interior,MLD2,467.78072
LR02_CMIP7hist_noMR,1915,4,interior,MLD2,83.65031
LR02_CMIP7hist_noMR,1915,5,interior,MLD2,25.46734
LR02_CMIP7hist_noMR,1915,6,interior,MLD2,12.27274
LR02_CMIP7hist_noMR,1915,7,interior,MLD2,12.81133
LR02_CMIP7hist_noMR,1915,8,interior,MLD2,12.12819
LR02_CMIP7hist_noMR,1915,9,interior,MLD2,16.36153
LR02_CMIP7hist_noMR,1915,10,interior,MLD2,23.82203
LR02_CMIP7hist_noMR,1915,11,interior,MLD2,32.31888
LR02_CMIP7hist_noMR,1915,12,interior,MLD2,55.53439
LR02_CMIP7hist_noMR,1916,1,labsea,a_ice,0.35242
LR02_CMIP7hist_noMR,1916,2,labsea,a_ice,0.43073
LR02_CMIP7hist_noMR,1916,3,labsea,a_ice,0.50022
LR02_CMIP7hist_noMR,1916,4,labsea,a_ice,0.49251
LR02_CMIP7hist_noMR,1916,5,labsea,a_ice,0.37536
LR02_CMIP7hist_noMR,1916,6,labsea,a_ice,0.23644
LR02_CMIP7hist_noMR,1916,7,labsea,a_ice,0.07782
LR02_CMIP7hist_noMR,1916,8,labsea,a_ice,0.01449
LR02_CMIP7hist_noMR,1916,9,labsea,a_ice,0.00597
LR02_CMIP7hist_noMR,1916,10,labsea,a_ice,0.01703
LR02_CMIP7hist_noMR,1916,11,labsea,a_ice,0.04446
LR02_CMIP7hist_noMR,1916,12,labsea,a_ice,0.24063
LR02_CMIP7hist_noMR,1916,1,interior,a_ice,0.20323
LR02_CMIP7hist_noMR,1916,2,interior,a_ice,0.28021
LR02_CMIP7hist_noMR,1916,3,interior,a_ice,0.38903
LR02_CMIP7hist_noMR,1916,4,interior,a_ice,0.36233
LR02_CMIP7hist_noMR,1916,5,interior,a_ice,0.21282
LR02_CMIP7hist_noMR,1916,6,interior,a_ice,0.09650
LR02_CMIP7hist_noMR,1916,7,interior,a_ice,0.00951
LR02_CMIP7hist_noMR,1916,8,interior,a_ice,0.00000
LR02_CMIP7hist_noMR,1916,9,interior,a_ice,0.00000
LR02_CMIP7hist_noMR,1916,10,interior,a_ice,0.00000
LR02_CMIP7hist_noMR,1916,11,interior,a_ice,0.00006
LR02_CMIP7hist_noMR,1916,12,interior,a_ice,0.11421
LR02_CMIP7hist_noMR,1916,1,labsea,MLD2,82.78205
LR02_CMIP7hist_noMR,1916,2,labsea,MLD2,250.23326
LR02_CMIP7hist_noMR,1916,3,labsea,MLD2,583.53577
LR02_CMIP7hist_noMR,1916,4,labsea,MLD2,440.58746
LR02_CMIP7hist_noMR,1916,5,labsea,MLD2,103.03214
LR02_CMIP7hist_noMR,1916,6,labsea,MLD2,14.33957
LR02_CMIP7hist_noMR,1916,7,labsea,MLD2,12.66506
LR02_CMIP7hist_noMR,1916,8,labsea,MLD2,13.66514
LR02_CMIP7hist_noMR,1916,9,labsea,MLD2,15.97636
LR02_CMIP7hist_noMR,1916,10,labsea,MLD2,22.81461
LR02_CMIP7hist_noMR,1916,11,labsea,MLD2,29.51383
LR02_CMIP7hist_noMR,1916,12,labsea,MLD2,43.90052
LR02_CMIP7hist_noMR,1916,1,interior,MLD2,115.63062
LR02_CMIP7hist_noMR,1916,2,interior,MLD2,311.16006
LR02_CMIP7hist_noMR,1916,3,interior,MLD2,883.08368
LR02_CMIP7hist_noMR,1916,4,interior,MLD2,752.05738
LR02_CMIP7hist_noMR,1916,5,interior,MLD2,217.85693
LR02_CMIP7hist_noMR,1916,6,interior,MLD2,16.81577
LR02_CMIP7hist_noMR,1916,7,interior,MLD2,14.04936
LR02_CMIP7hist_noMR,1916,8,interior,MLD2,15.33668
LR02_CMIP7hist_noMR,1916,9,interior,MLD2,17.40155
LR02_CMIP7hist_noMR,1916,10,interior,MLD2,24.36816
LR02_CMIP7hist_noMR,1916,11,interior,MLD2,31.04234
LR02_CMIP7hist_noMR,1916,12,interior,MLD2,43.78260
LR02_CMIP7hist_noMR,1917,1,labsea,a_ice,0.45047
LR02_CMIP7hist_noMR,1917,2,labsea,a_ice,0.61902
LR02_CMIP7hist_noMR,1917,3,labsea,a_ice,0.61021
LR02_CMIP7hist_noMR,1917,4,labsea,a_ice,0.54868
LR02_CMIP7hist_noMR,1917,5,labsea,a_ice,0.40894
LR02_CMIP7hist_noMR,1917,6,labsea,a_ice,0.25775
LR02_CMIP7hist_noMR,1917,7,labsea,a_ice,0.07856
LR02_CMIP7hist_noMR,1917,8,labsea,a_ice,0.01076
LR02_CMIP7hist_noMR,1917,9,labsea,a_ice,0.00004
LR02_CMIP7hist_noMR,1917,10,labsea,a_ice,0.00021
LR02_CMIP7hist_noMR,1917,11,labsea,a_ice,0.04059
LR02_CMIP7hist_noMR,1917,12,labsea,a_ice,0.21724
LR02_CMIP7hist_noMR,1917,1,interior,a_ice,0.37807
LR02_CMIP7hist_noMR,1917,2,interior,a_ice,0.61764
LR02_CMIP7hist_noMR,1917,3,interior,a_ice,0.53835
LR02_CMIP7hist_noMR,1917,4,interior,a_ice,0.54478
LR02_CMIP7hist_noMR,1917,5,interior,a_ice,0.27654
LR02_CMIP7hist_noMR,1917,6,interior,a_ice,0.07454
LR02_CMIP7hist_noMR,1917,7,interior,a_ice,0.00994
LR02_CMIP7hist_noMR,1917,8,interior,a_ice,0.00000
LR02_CMIP7hist_noMR,1917,9,interior,a_ice,0.00000
LR02_CMIP7hist_noMR,1917,10,interior,a_ice,0.00000
LR02_CMIP7hist_noMR,1917,11,interior,a_ice,0.00077
LR02_CMIP7hist_noMR,1917,12,interior,a_ice,0.07286
LR02_CMIP7hist_noMR,1917,1,labsea,MLD2,108.12609
LR02_CMIP7hist_noMR,1917,2,labsea,MLD2,296.72644
LR02_CMIP7hist_noMR,1917,3,labsea,MLD2,225.90071
LR02_CMIP7hist_noMR,1917,4,labsea,MLD2,66.01065
LR02_CMIP7hist_noMR,1917,5,labsea,MLD2,21.56614
LR02_CMIP7hist_noMR,1917,6,labsea,MLD2,13.10757
LR02_CMIP7hist_noMR,1917,7,labsea,MLD2,12.58513
LR02_CMIP7hist_noMR,1917,8,labsea,MLD2,14.60916
LR02_CMIP7hist_noMR,1917,9,labsea,MLD2,17.22988
LR02_CMIP7hist_noMR,1917,10,labsea,MLD2,21.89182
LR02_CMIP7hist_noMR,1917,11,labsea,MLD2,35.20041
LR02_CMIP7hist_noMR,1917,12,labsea,MLD2,67.39697
LR02_CMIP7hist_noMR,1917,1,interior,MLD2,72.77091
LR02_CMIP7hist_noMR,1917,2,interior,MLD2,186.36985
LR02_CMIP7hist_noMR,1917,3,interior,MLD2,176.46779
LR02_CMIP7hist_noMR,1917,4,interior,MLD2,38.45339
LR02_CMIP7hist_noMR,1917,5,interior,MLD2,21.35041
LR02_CMIP7hist_noMR,1917,6,interior,MLD2,15.25532
LR02_CMIP7hist_noMR,1917,7,interior,MLD2,13.81311
LR02_CMIP7hist_noMR,1917,8,interior,MLD2,15.72396
LR02_CMIP7hist_noMR,1917,9,interior,MLD2,17.79438
LR02_CMIP7hist_noMR,1917,10,interior,MLD2,22.61574
LR02_CMIP7hist_noMR,1917,11,interior,MLD2,37.09960
LR02_CMIP7hist_noMR,1917,12,interior,MLD2,86.84801
LR02_CMIP7hist_noMR,1918,1,labsea,a_ice,0.34373
LR02_CMIP7hist_noMR,1918,2,labsea,a_ice,0.43744
LR02_CMIP7hist_noMR,1918,3,labsea,a_ice,0.37707
LR02_CMIP7hist_noMR,1918,4,labsea,a_ice,0.32383
LR02_CMIP7hist_noMR,1918,5,labsea,a_ice,0.26166
LR02_CMIP7hist_noMR,1918,6,labsea,a_ice,0.14828
LR02_CMIP7hist_noMR,1918,7,labsea,a_ice,0.02895
LR02_CMIP7hist_noMR,1918,8,labsea,a_ice,0.00009
LR02_CMIP7hist_noMR,1918,9,labsea,a_ice,0.00000
LR02_CMIP7hist_noMR,1918,10,labsea,a_ice,0.00000
LR02_CMIP7hist_noMR,1918,11,labsea,a_ice,0.00383
LR02_CMIP7hist_noMR,1918,12,labsea,a_ice,0.15886
LR02_CMIP7hist_noMR,1918,1,interior,a_ice,0.13951
LR02_CMIP7hist_noMR,1918,2,interior,a_ice,0.24283
LR02_CMIP7hist_noMR,1918,3,interior,a_ice,0.21930
LR02_CMIP7hist_noMR,1918,4,interior,a_ice,0.20946
LR02_CMIP7hist_noMR,1918,5,interior,a_ice,0.11998
LR02_CMIP7hist_noMR,1918,6,interior,a_ice,0.05396
LR02_CMIP7hist_noMR,1918,7,interior,a_ice,0.00870
LR02_CMIP7hist_noMR,1918,8,interior,a_ice,0.00000
LR02_CMIP7hist_noMR,1918,9,interior,a_ice,0.00000
LR02_CMIP7hist_noMR,1918,10,interior,a_ice,0.00000
LR02_CMIP7hist_noMR,1918,11,interior,a_ice,0.00000
LR02_CMIP7hist_noMR,1918,12,interior,a_ice,0.04913
LR02_CMIP7hist_noMR,1918,1,labsea,MLD2,236.99387
LR02_CMIP7hist_noMR,1918,2,labsea,MLD2,727.73247
LR02_CMIP7hist_noMR,1918,3,labsea,MLD2,845.37709
LR02_CMIP7hist_noMR,1918,4,labsea,MLD2,512.92050
LR02_CMIP7hist_noMR,1918,5,labsea,MLD2,165.95956
LR02_CMIP7hist_noMR,1918,6,labsea,MLD2,13.92043
LR02_CMIP7hist_noMR,1918,7,labsea,MLD2,10.82896
LR02_CMIP7hist_noMR,1918,8,labsea,MLD2,12.06718
LR02_CMIP7hist_noMR,1918,9,labsea,MLD2,15.58396
LR02_CMIP7hist_noMR,1918,10,labsea,MLD2,21.93269
LR02_CMIP7hist_noMR,1918,11,labsea,MLD2,31.04682
LR02_CMIP7hist_noMR,1918,12,labsea,MLD2,54.12455
LR02_CMIP7hist_noMR,1918,1,interior,MLD2,306.00119
LR02_CMIP7hist_noMR,1918,2,interior,MLD2,1263.02756
LR02_CMIP7hist_noMR,1918,3,interior,MLD2,1619.30199
LR02_CMIP7hist_noMR,1918,4,interior,MLD2,968.03112
LR02_CMIP7hist_noMR,1918,5,interior,MLD2,306.20999
LR02_CMIP7hist_noMR,1918,6,interior,MLD2,15.43117
LR02_CMIP7hist_noMR,1918,7,interior,MLD2,12.36538
LR02_CMIP7hist_noMR,1918,8,interior,MLD2,13.18043
LR02_CMIP7hist_noMR,1918,9,interior,MLD2,16.74875
LR02_CMIP7hist_noMR,1918,10,interior,MLD2,22.13493
LR02_CMIP7hist_noMR,1918,11,interior,MLD2,32.90905
LR02_CMIP7hist_noMR,1918,12,interior,MLD2,59.22120
LR02_CMIP7hist_noMR,1919,1,labsea,a_ice,0.34081
LR02_CMIP7hist_noMR,1919,2,labsea,a_ice,0.52024
LR02_CMIP7hist_noMR,1919,3,labsea,a_ice,0.62190
LR02_CMIP7hist_noMR,1919,4,labsea,a_ice,0.55677
LR02_CMIP7hist_noMR,1919,5,labsea,a_ice,0.46910
LR02_CMIP7hist_noMR,1919,6,labsea,a_ice,0.29385
LR02_CMIP7hist_noMR,1919,7,labsea,a_ice,0.10599
LR02_CMIP7hist_noMR,1919,8,labsea,a_ice,0.00521
LR02_CMIP7hist_noMR,1919,9,labsea,a_ice,0.00000
LR02_CMIP7hist_noMR,1919,10,labsea,a_ice,0.00111
LR02_CMIP7hist_noMR,1919,11,labsea,a_ice,0.07011
LR02_CMIP7hist_noMR,1919,12,labsea,a_ice,0.27190
LR02_CMIP7hist_noMR,1919,1,interior,a_ice,0.19471
LR02_CMIP7hist_noMR,1919,2,interior,a_ice,0.48129
LR02_CMIP7hist_noMR,1919,3,interior,a_ice,0.70612
LR02_CMIP7hist_noMR,1919,4,interior,a_ice,0.73576
LR02_CMIP7hist_noMR,1919,5,interior,a_ice,0.51426
LR02_CMIP7hist_noMR,1919,6,interior,a_ice,0.15626
LR02_CMIP7hist_noMR,1919,7,interior,a_ice,0.03395
LR02_CMIP7hist_noMR,1919,8,interior,a_ice,0.00249
LR02_CMIP7hist_noMR,1919,9,interior,a_ice,0.00000
LR02_CMIP7hist_noMR,1919,10,interior,a_ice,0.00000
LR02_CMIP7hist_noMR,1919,11,interior,a_ice,0.01044
LR02_CMIP7hist_noMR,1919,12,interior,a_ice,0.12712
LR02_CMIP7hist_noMR,1919,1,labsea,MLD2,195.14295
LR02_CMIP7hist_noMR,1919,2,labsea,MLD2,611.86838
LR02_CMIP7hist_noMR,1919,3,labsea,MLD2,540.39424
LR02_CMIP7hist_noMR,1919,4,labsea,MLD2,408.93854
LR02_CMIP7hist_noMR,1919,5,labsea,MLD2,202.60483
LR02_CMIP7hist_noMR,1919,6,labsea,MLD2,16.35067
LR02_CMIP7hist_noMR,1919,7,labsea,MLD2,13.03856
LR02_CMIP7hist_noMR,1919,8,labsea,MLD2,13.10660
LR02_CMIP7hist_noMR,1919,9,labsea,MLD2,16.36980
LR02_CMIP7hist_noMR,1919,10,labsea,MLD2,22.79437
LR02_CMIP7hist_noMR,1919,11,labsea,MLD2,29.72410
LR02_CMIP7hist_noMR,1919,12,labsea,MLD2,50.50120
LR02_CMIP7hist_noMR,1919,1,interior,MLD2,161.32996
LR02_CMIP7hist_noMR,1919,2,interior,MLD2,919.43860
LR02_CMIP7hist_noMR,1919,3,interior,MLD2,509.52238
LR02_CMIP7hist_noMR,1919,4,interior,MLD2,182.04886
LR02_CMIP7hist_noMR,1919,5,interior,MLD2,40.82852
LR02_CMIP7hist_noMR,1919,6,interior,MLD2,17.44922
LR02_CMIP7hist_noMR,1919,7,interior,MLD2,14.63277
LR02_CMIP7hist_noMR,1919,8,interior,MLD2,13.93438
LR02_CMIP7hist_noMR,1919,9,interior,MLD2,16.60253
LR02_CMIP7hist_noMR,1919,10,interior,MLD2,24.65830
LR02_CMIP7hist_noMR,1919,11,interior,MLD2,31.50336
LR02_CMIP7hist_noMR,1919,12,interior,MLD2,56.21968
LR02_CMIP7hist_noMR,1920,1,labsea,a_ice,0.44265
LR02_CMIP7hist_noMR,1920,2,labsea,a_ice,0.52265
LR02_CMIP7hist_noMR,1920,3,labsea,a_ice,0.45286
LR02_CMIP7hist_noMR,1920,4,labsea,a_ice,0.43332
LR02_CMIP7hist_noMR,1920,5,labsea,a_ice,0.30456
LR02_CMIP7hist_noMR,1920,6,labsea,a_ice,0.18402
LR02_CMIP7hist_noMR,1920,7,labsea,a_ice,0.04193
LR02_CMIP7hist_noMR,1920,8,labsea,a_ice,0.00132
LR02_CMIP7hist_noMR,1920,9,labsea,a_ice,0.00000
LR02_CMIP7hist_noMR,1920,10,labsea,a_ice,0.00003
LR02_CMIP7hist_noMR,1920,11,labsea,a_ice,0.02722
LR02_CMIP7hist_noMR,1920,12,labsea,a_ice,0.13185
LR02_CMIP7hist_noMR,1920,1,interior,a_ice,0.29568
LR02_CMIP7hist_noMR,1920,2,interior,a_ice,0.34844
LR02_CMIP7hist_noMR,1920,3,interior,a_ice,0.26787
LR02_CMIP7hist_noMR,1920,4,interior,a_ice,0.19130
LR02_CMIP7hist_noMR,1920,5,interior,a_ice,0.09900
LR02_CMIP7hist_noMR,1920,6,interior,a_ice,0.05019
LR02_CMIP7hist_noMR,1920,7,interior,a_ice,0.00812
LR02_CMIP7hist_noMR,1920,8,interior,a_ice,0.00000
LR02_CMIP7hist_noMR,1920,9,interior,a_ice,0.00000
LR02_CMIP7hist_noMR,1920,10,interior,a_ice,0.00000
LR02_CMIP7hist_noMR,1920,11,interior,a_ice,0.00148
LR02_CMIP7hist_noMR,1920,12,interior,a_ice,0.02299
LR02_CMIP7hist_noMR,1920,1,labsea,MLD2,132.24674
LR02_CMIP7hist_noMR,1920,2,labsea,MLD2,565.63048
LR02_CMIP7hist_noMR,1920,3,labsea,MLD2,772.30421
LR02_CMIP7hist_noMR,1920,4,labsea,MLD2,562.53719
LR02_CMIP7hist_noMR,1920,5,labsea,MLD2,81.61842
LR02_CMIP7hist_noMR,1920,6,labsea,MLD2,16.74884
LR02_CMIP7hist_noMR,1920,7,labsea,MLD2,11.54853
LR02_CMIP7hist_noMR,1920,8,labsea,MLD2,12.31143
LR02_CMIP7hist_noMR,1920,9,labsea,MLD2,18.69302
LR02_CMIP7hist_noMR,1920,10,labsea,MLD2,24.20080
LR02_CMIP7hist_noMR,1920,11,labsea,MLD2,33.59942
LR02_CMIP7hist_noMR,1920,12,labsea,MLD2,47.52114
LR02_CMIP7hist_noMR,1920,1,interior,MLD2,183.76125
LR02_CMIP7hist_noMR,1920,2,interior,MLD2,953.83267
LR02_CMIP7hist_noMR,1920,3,interior,MLD2,1384.53402
LR02_CMIP7hist_noMR,1920,4,interior,MLD2,1092.40576
LR02_CMIP7hist_noMR,1920,5,interior,MLD2,184.18552
LR02_CMIP7hist_noMR,1920,6,interior,MLD2,22.03831
LR02_CMIP7hist_noMR,1920,7,interior,MLD2,13.67373
LR02_CMIP7hist_noMR,1920,8,interior,MLD2,13.35645
LR02_CMIP7hist_noMR,1920,9,interior,MLD2,21.46212
LR02_CMIP7hist_noMR,1920,10,interior,MLD2,27.45298
LR02_CMIP7hist_noMR,1920,11,interior,MLD2,38.74910
LR02_CMIP7hist_noMR,1920,12,interior,MLD2,59.59032
LR02_CMIP7hist_noMR,1921,1,labsea,a_ice,0.30639
LR02_CMIP7hist_noMR,1921,2,labsea,a_ice,0.31086
LR02_CMIP7hist_noMR,1921,3,labsea,a_ice,0.33445
LR02_CMIP7hist_noMR,1921,4,labsea,a_ice,0.36157
LR02_CMIP7hist_noMR,1921,5,labsea,a_ice,0.27337
LR02_CMIP7hist_noMR,1921,6,labsea,a_ice,0.18270
LR02_CMIP7hist_noMR,1921,7,labsea,a_ice,0.03939
LR02_CMIP7hist_noMR,1921,8,labsea,a_ice,0.00032
LR02_CMIP7hist_noMR,1921,9,labsea,a_ice,0.00000
LR02_CMIP7hist_noMR,1921,10,labsea,a_ice,0.00058
LR02_CMIP7hist_noMR,1921,11,labsea,a_ice,0.03540
LR02_CMIP7hist_noMR,1921,12,labsea,a_ice,0.18722
LR02_CMIP7hist_noMR,1921,1,interior,a_ice,0.13793
LR02_CMIP7hist_noMR,1921,2,interior,a_ice,0.12393
LR02_CMIP7hist_noMR,1921,3,interior,a_ice,0.22814
LR02_CMIP7hist_noMR,1921,4,interior,a_ice,0.19142
LR02_CMIP7hist_noMR,1921,5,interior,a_ice,0.07381
LR02_CMIP7hist_noMR,1921,6,interior,a_ice,0.02848
LR02_CMIP7hist_noMR,1921,7,interior,a_ice,0.00844
LR02_CMIP7hist_noMR,1921,8,interior,a_ice,0.00000
LR02_CMIP7hist_noMR,1921,9,interior,a_ice,0.00000
LR02_CMIP7hist_noMR,1921,10,interior,a_ice,0.00000
LR02_CMIP7hist_noMR,1921,11,interior,a_ice,0.00088
LR02_CMIP7hist_noMR,1921,12,interior,a_ice,0.04913
LR02_CMIP7hist_noMR,1921,1,labsea,MLD2,123.95823
LR02_CMIP7hist_noMR,1921,2,labsea,MLD2,512.75614
LR02_CMIP7hist_noMR,1921,3,labsea,MLD2,650.12014
LR02_CMIP7hist_noMR,1921,4,labsea,MLD2,623.03114
LR02_CMIP7hist_noMR,1921,5,labsea,MLD2,175.34328
LR02_CMIP7hist_noMR,1921,6,labsea,MLD2,14.47227
LR02_CMIP7hist_noMR,1921,7,labsea,MLD2,12.58061
LR02_CMIP7hist_noMR,1921,8,labsea,MLD2,14.74637
LR02_CMIP7hist_noMR,1921,9,labsea,MLD2,18.28514
LR02_CMIP7hist_noMR,1921,10,labsea,MLD2,25.53051
LR02_CMIP7hist_noMR,1921,11,labsea,MLD2,28.84765
LR02_CMIP7hist_noMR,1921,12,labsea,MLD2,46.26937
LR02_CMIP7hist_noMR,1921,1,interior,MLD2,215.87124
LR02_CMIP7hist_noMR,1921,2,interior,MLD2,1015.38120
LR02_CMIP7hist_noMR,1921,3,interior,MLD2,1236.20329
LR02_CMIP7hist_noMR,1921,4,interior,MLD2,1237.68803
LR02_CMIP7hist_noMR,1921,5,interior,MLD2,318.88312
LR02_CMIP7hist_noMR,1921,6,interior,MLD2,16.80791
LR02_CMIP7hist_noMR,1921,7,interior,MLD2,14.37316
LR02_CMIP7hist_noMR,1921,8,interior,MLD2,16.40727
LR02_CMIP7hist_noMR,1921,9,interior,MLD2,19.73939
LR02_CMIP7hist_noMR,1921,10,interior,MLD2,26.83771
LR02_CMIP7hist_noMR,1921,11,interior,MLD2,31.07877
LR02_CMIP7hist_noMR,1921,12,interior,MLD2,48.28818
LR02_CMIP7hist_noMR,1922,1,labsea,a_ice,0.42896
LR02_CMIP7hist_noMR,1922,2,labsea,a_ice,0.50183
LR02_CMIP7hist_noMR,1922,3,labsea,a_ice,0.50995
LR02_CMIP7hist_noMR,1922,4,labsea,a_ice,0.52856
LR02_CMIP7hist_noMR,1922,5,labsea,a_ice,0.42746
LR02_CMIP7hist_noMR,1922,6,labsea,a_ice,0.26758
LR02_CMIP7hist_noMR,1922,7,labsea,a_ice,0.08180
LR02_CMIP7hist_noMR,1922,8,labsea,a_ice,0.00642
LR02_CMIP7hist_noMR,1922,9,labsea,a_ice,0.00000
LR02_CMIP7hist_noMR,1922,10,labsea,a_ice,0.00006
LR02_CMIP7hist_noMR,1922,11,labsea,a_ice,0.03604
LR02_CMIP7hist_noMR,1922,12,labsea,a_ice,0.21551
LR02_CMIP7hist_noMR,1922,1,interior,a_ice,0.29999
LR02_CMIP7hist_noMR,1922,2,interior,a_ice,0.38559
LR02_CMIP7hist_noMR,1922,3,interior,a_ice,0.45471
LR02_CMIP7hist_noMR,1922,4,interior,a_ice,0.55933
LR02_CMIP7hist_noMR,1922,5,interior,a_ice,0.39816
LR02_CMIP7hist_noMR,1922,6,interior,a_ice,0.12907
LR02_CMIP7hist_noMR,1922,7,interior,a_ice,0.01299
LR02_CMIP7hist_noMR,1922,8,interior,a_ice,0.00000
LR02_CMIP7hist_noMR,1922,9,interior,a_ice,0.00000
LR02_CMIP7hist_noMR,1922,10,interior,a_ice,0.00000
LR02_CMIP7hist_noMR,1922,11,interior,a_ice,0.00129
LR02_CMIP7hist_noMR,1922,12,interior,a_ice,0.09809
LR02_CMIP7hist_noMR,1922,1,labsea,MLD2,125.60558
LR02_CMIP7hist_noMR,1922,2,labsea,MLD2,534.63490
LR02_CMIP7hist_noMR,1922,3,labsea,MLD2,531.67487
LR02_CMIP7hist_noMR,1922,4,labsea,MLD2,241.60612
LR02_CMIP7hist_noMR,1922,5,labsea,MLD2,44.27021
LR02_CMIP7hist_noMR,1922,6,labsea,MLD2,15.28781
LR02_CMIP7hist_noMR,1922,7,labsea,MLD2,10.88725
LR02_CMIP7hist_noMR,1922,8,labsea,MLD2,12.79125
LR02_CMIP7hist_noMR,1922,9,labsea,MLD2,16.25402
LR02_CMIP7hist_noMR,1922,10,labsea,MLD2,23.89083
LR02_CMIP7hist_noMR,1922,11,labsea,MLD2,33.20071
LR02_CMIP7hist_noMR,1922,12,labsea,MLD2,44.09331
LR02_CMIP7hist_noMR,1922,1,interior,MLD2,116.72724
LR02_CMIP7hist_noMR,1922,2,interior,MLD2,694.62974
LR02_CMIP7hist_noMR,1922,3,interior,MLD2,766.46320
LR02_CMIP7hist_noMR,1922,4,interior,MLD2,262.46386
LR02_CMIP7hist_noMR,1922,5,interior,MLD2,20.78944
LR02_CMIP7hist_noMR,1922,6,interior,MLD2,14.85971
LR02_CMIP7hist_noMR,1922,7,interior,MLD2,12.08225
LR02_CMIP7hist_noMR,1922,8,interior,MLD2,14.75369
LR02_CMIP7hist_noMR,1922,9,interior,MLD2,16.62507
LR02_CMIP7hist_noMR,1922,10,interior,MLD2,24.19631
LR02_CMIP7hist_noMR,1922,11,interior,MLD2,33.51468
LR02_CMIP7hist_noMR,1922,12,interior,MLD2,45.70155
LR02_CMIP7hist_noMR,1923,1,labsea,a_ice,0.39007
LR02_CMIP7hist_noMR,1923,2,labsea,a_ice,0.45946
LR02_CMIP7hist_noMR,1923,3,labsea,a_ice,0.44090
LR02_CMIP7hist_noMR,1923,4,labsea,a_ice,0.36744
LR02_CMIP7hist_noMR,1923,5,labsea,a_ice,0.32959
LR02_CMIP7hist_noMR,1923,6,labsea,a_ice,0.22831
LR02_CMIP7hist_noMR,1923,7,labsea,a_ice,0.06796
LR02_CMIP7hist_noMR,1923,8,labsea,a_ice,0.01141
LR02_CMIP7hist_noMR,1923,9,labsea,a_ice,0.00097
LR02_CMIP7hist_noMR,1923,10,labsea,a_ice,0.00256
LR02_CMIP7hist_noMR,1923,11,labsea,a_ice,0.07290
LR02_CMIP7hist_noMR,1923,12,labsea,a_ice,0.21765
LR02_CMIP7hist_noMR,1923,1,interior,a_ice,0.27623
LR02_CMIP7hist_noMR,1923,2,interior,a_ice,0.31082
LR02_CMIP7hist_noMR,1923,3,interior,a_ice,0.25997
LR02_CMIP7hist_noMR,1923,4,interior,a_ice,0.17551
LR02_CMIP7hist_noMR,1923,5,interior,a_ice,0.18921
LR02_CMIP7hist_noMR,1923,6,interior,a_ice,0.12796
LR02_CMIP7hist_noMR,1923,7,interior,a_ice,0.01131
LR02_CMIP7hist_noMR,1923,8,interior,a_ice,0.00000
LR02_CMIP7hist_noMR,1923,9,interior,a_ice,0.00000
LR02_CMIP7hist_noMR,1923,10,interior,a_ice,0.00000
LR02_CMIP7hist_noMR,1923,11,interior,a_ice,0.00124
LR02_CMIP7hist_noMR,1923,12,interior,a_ice,0.04626
LR02_CMIP7hist_noMR,1923,1,labsea,MLD2,70.13564
LR02_CMIP7hist_noMR,1923,2,labsea,MLD2,126.41830
LR02_CMIP7hist_noMR,1923,3,labsea,MLD2,166.34521
LR02_CMIP7hist_noMR,1923,4,labsea,MLD2,171.58587
LR02_CMIP7hist_noMR,1923,5,labsea,MLD2,51.81169
LR02_CMIP7hist_noMR,1923,6,labsea,MLD2,15.37591
LR02_CMIP7hist_noMR,1923,7,labsea,MLD2,12.26045
LR02_CMIP7hist_noMR,1923,8,labsea,MLD2,12.37642
LR02_CMIP7hist_noMR,1923,9,labsea,MLD2,16.16493
LR02_CMIP7hist_noMR,1923,10,labsea,MLD2,25.63006
LR02_CMIP7hist_noMR,1923,11,labsea,MLD2,39.36309
LR02_CMIP7hist_noMR,1923,12,labsea,MLD2,65.88060
LR02_CMIP7hist_noMR,1923,1,interior,MLD2,72.59979
LR02_CMIP7hist_noMR,1923,2,interior,MLD2,114.73942
LR02_CMIP7hist_noMR,1923,3,interior,MLD2,129.34094
LR02_CMIP7hist_noMR,1923,4,interior,MLD2,161.64518
LR02_CMIP7hist_noMR,1923,5,interior,MLD2,73.29423
LR02_CMIP7hist_noMR,1923,6,interior,MLD2,16.68637
LR02_CMIP7hist_noMR,1923,7,interior,MLD2,13.36991
LR02_CMIP7hist_noMR,1923,8,interior,MLD2,13.77731
LR02_CMIP7hist_noMR,1923,9,interior,MLD2,19.56559
LR02_CMIP7hist_noMR,1923,10,interior,MLD2,29.27135
LR02_CMIP7hist_noMR,1923,11,interior,MLD2,42.26994
LR02_CMIP7hist_noMR,1923,12,interior,MLD2,75.99403
LR02_CMIP7hist_noMR,1924,1,labsea,a_ice,0.35208
LR02_CMIP7hist_noMR,1924,2,labsea,a_ice,0.39475
LR02_CMIP7hist_noMR,1924,3,labsea,a_ice,0.39688
LR02_CMIP7hist_noMR,1924,4,labsea,a_ice,0.30192
LR02_CMIP7hist_noMR,1924,5,labsea,a_ice,0.24195
LR02_CMIP7hist_noMR,1924,6,labsea,a_ice,0.14312
LR02_CMIP7hist_noMR,1924,7,labsea,a_ice,0.03799
LR02_CMIP7hist_noMR,1924,8,labsea,a_ice,0.00377
LR02_CMIP7hist_noMR,1924,9,labsea,a_ice,0.00001
LR02_CMIP7hist_noMR,1924,10,labsea,a_ice,0.00308
LR02_CMIP7hist_noMR,1924,11,labsea,a_ice,0.06588
LR02_CMIP7hist_noMR,1924,12,labsea,a_ice,0.24556
LR02_CMIP7hist_noMR,1924,1,interior,a_ice,0.20028
LR02_CMIP7hist_noMR,1924,2,interior,a_ice,0.25387
LR02_CMIP7hist_noMR,1924,3,interior,a_ice,0.23720
LR02_CMIP7hist_noMR,1924,4,interior,a_ice,0.11545
LR02_CMIP7hist_noMR,1924,5,interior,a_ice,0.11390
LR02_CMIP7hist_noMR,1924,6,interior,a_ice,0.04049
LR02_CMIP7hist_noMR,1924,7,interior,a_ice,0.00438
LR02_CMIP7hist_noMR,1924,8,interior,a_ice,0.00000
LR02_CMIP7hist_noMR,1924,9,interior,a_ice,0.00000
LR02_CMIP7hist_noMR,1924,10,interior,a_ice,0.00000
LR02_CMIP7hist_noMR,1924,11,interior,a_ice,0.00225
LR02_CMIP7hist_noMR,1924,12,interior,a_ice,0.08728
LR02_CMIP7hist_noMR,1924,1,labsea,MLD2,173.41697
LR02_CMIP7hist_noMR,1924,2,labsea,MLD2,314.08616
LR02_CMIP7hist_noMR,1924,3,labsea,MLD2,390.03810
LR02_CMIP7hist_noMR,1924,4,labsea,MLD2,266.38707
LR02_CMIP7hist_noMR,1924,5,labsea,MLD2,36.56991
LR02_CMIP7hist_noMR,1924,6,labsea,MLD2,21.27004
LR02_CMIP7hist_noMR,1924,7,labsea,MLD2,16.54990
LR02_CMIP7hist_noMR,1924,8,labsea,MLD2,15.06289
LR02_CMIP7hist_noMR,1924,9,labsea,MLD2,16.93213
LR02_CMIP7hist_noMR,1924,10,labsea,MLD2,25.84848
LR02_CMIP7hist_noMR,1924,11,labsea,MLD2,40.70089
LR02_CMIP7hist_noMR,1924,12,labsea,MLD2,66.35887
LR02_CMIP7hist_noMR,1924,1,interior,MLD2,180.69399
LR02_CMIP7hist_noMR,1924,2,interior,MLD2,296.06302
LR02_CMIP7hist_noMR,1924,3,interior,MLD2,416.13166
LR02_CMIP7hist_noMR,1924,4,interior,MLD2,319.81326
LR02_CMIP7hist_noMR,1924,5,interior,MLD2,44.14848
LR02_CMIP7hist_noMR,1924,6,interior,MLD2,24.75968
LR02_CMIP7hist_noMR,1924,7,interior,MLD2,19.83087
LR02_CMIP7hist_noMR,1924,8,interior,MLD2,16.03206
LR02_CMIP7hist_noMR,1924,9,interior,MLD2,16.86350
LR02_CMIP7hist_noMR,1924,10,interior,MLD2,26.91137
LR02_CMIP7hist_noMR,1924,11,interior,MLD2,44.97076
LR02_CMIP7hist_noMR,1924,12,interior,MLD2,77.76885
LR02_CMIP7hist_noMR,1925,1,labsea,a_ice,0.44064
LR02_CMIP7hist_noMR,1925,2,labsea,a_ice,0.44975
LR02_CMIP7hist_noMR,1925,3,labsea,a_ice,0.53041
LR02_CMIP7hist_noMR,1925,4,labsea,a_ice,0.46663
LR02_CMIP7hist_noMR,1925,5,labsea,a_ice,0.38810
LR02_CMIP7hist_noMR,1925,6,labsea,a_ice,0.26608
LR02_CMIP7hist_noMR,1925,7,labsea,a_ice,0.09939
LR02_CMIP7hist_noMR,1925,8,labsea,a_ice,0.01886
LR02_CMIP7hist_noMR,1925,9,labsea,a_ice,0.00158
LR02_CMIP7hist_noMR,1925,10,labsea,a_ice,0.00552
LR02_CMIP7hist_noMR,1925,11,labsea,a_ice,0.04679
LR02_CMIP7hist_noMR,1925,12,labsea,a_ice,0.20382
LR02_CMIP7hist_noMR,1925,1,interior,a_ice,0.40778
LR02_CMIP7hist_noMR,1925,2,interior,a_ice,0.47667
LR02_CMIP7hist_noMR,1925,3,interior,a_ice,0.59481
LR02_CMIP7hist_noMR,1925,4,interior,a_ice,0.44202
LR02_CMIP7hist_noMR,1925,5,interior,a_ice,0.25329
LR02_CMIP7hist_noMR,1925,6,interior,a_ice,0.07178
LR02_CMIP7hist_noMR,1925,7,interior,a_ice,0.01316
LR02_CMIP7hist_noMR,1925,8,interior,a_ice,0.00004
LR02_CMIP7hist_noMR,1925,9,interior,a_ice,0.00000
LR02_CMIP7hist_noMR,1925,10,interior,a_ice,0.00000
LR02_CMIP7hist_noMR,1925,11,interior,a_ice,0.00099
LR02_CMIP7hist_noMR,1925,12,interior,a_ice,0.05943
LR02_CMIP7hist_noMR,1925,1,labsea,MLD2,227.22970
LR02_CMIP7hist_noMR,1925,2,labsea,MLD2,379.89492
LR02_CMIP7hist_noMR,1925,3,labsea,MLD2,496.00443
LR02_CMIP7hist_noMR,1925,4,labsea,MLD2,387.00199
LR02_CMIP7hist_noMR,1925,5,labsea,MLD2,126.46344
LR02_CMIP7hist_noMR,1925,6,labsea,MLD2,16.09336
LR02_CMIP7hist_noMR,1925,7,labsea,MLD2,14.87439
LR02_CMIP7hist_noMR,1925,8,labsea,MLD2,13.51886
LR02_CMIP7hist_noMR,1925,9,labsea,MLD2,19.58890
LR02_CMIP7hist_noMR,1925,10,labsea,MLD2,24.72055
LR02_CMIP7hist_noMR,1925,11,labsea,MLD2,33.90994
LR02_CMIP7hist_noMR,1925,12,labsea,MLD2,57.88159
LR02_CMIP7hist_noMR,1925,1,interior,MLD2,262.21317
LR02_CMIP7hist_noMR,1925,2,interior,MLD2,334.45400
LR02_CMIP7hist_noMR,1925,3,interior,MLD2,157.81093
LR02_CMIP7hist_noMR,1925,4,interior,MLD2,96.11449
LR02_CMIP7hist_noMR,1925,5,interior,MLD2,43.73195
LR02_CMIP7hist_noMR,1925,6,interior,MLD2,17.99629
LR02_CMIP7hist_noMR,1925,7,interior,MLD2,16.99720
LR02_CMIP7hist_noMR,1925,8,interior,MLD2,15.36425
LR02_CMIP7hist_noMR,1925,9,interior,MLD2,21.22526
LR02_CMIP7hist_noMR,1925,10,interior,MLD2,27.05528
LR02_CMIP7hist_noMR,1925,11,interior,MLD2,34.50651
LR02_CMIP7hist_noMR,1925,12,interior,MLD2,73.81061
LR02_CMIP7hist_noMR,1926,1,labsea,a_ice,0.32039
LR02_CMIP7hist_noMR,1926,2,labsea,a_ice,0.36168
LR02_CMIP7hist_noMR,1926,3,labsea,a_ice,0.35348
LR02_CMIP7hist_noMR,1926,4,labsea,a_ice,0.33808
LR02_CMIP7hist_noMR,1926,5,labsea,a_ice,0.29262
LR02_CMIP7hist_noMR,1926,6,labsea,a_ice,0.13655
LR02_CMIP7hist_noMR,1926,7,labsea,a_ice,0.02776
LR02_CMIP7hist_noMR,1926,8,labsea,a_ice,0.00065
LR02_CMIP7hist_noMR,1926,9,labsea,a_ice,0.00000
LR02_CMIP7hist_noMR,1926,10,labsea,a_ice,0.00000
LR02_CMIP7hist_noMR,1926,11,labsea,a_ice,0.02235
LR02_CMIP7hist_noMR,1926,12,labsea,a_ice,0.15614
LR02_CMIP7hist_noMR,1926,1,interior,a_ice,0.14820
LR02_CMIP7hist_noMR,1926,2,interior,a_ice,0.20016
LR02_CMIP7hist_noMR,1926,3,interior,a_ice,0.18138
LR02_CMIP7hist_noMR,1926,4,interior,a_ice,0.20831
LR02_CMIP7hist_noMR,1926,5,interior,a_ice,0.16578
LR02_CMIP7hist_noMR,1926,6,interior,a_ice,0.05577
LR02_CMIP7hist_noMR,1926,7,interior,a_ice,0.00129
LR02_CMIP7hist_noMR,1926,8,interior,a_ice,0.00000
LR02_CMIP7hist_noMR,1926,9,interior,a_ice,0.00000
LR02_CMIP7hist_noMR,1926,10,interior,a_ice,0.00000
LR02_CMIP7hist_noMR,1926,11,interior,a_ice,0.00000
LR02_CMIP7hist_noMR,1926,12,interior,a_ice,0.01711
LR02_CMIP7hist_noMR,1926,1,labsea,MLD2,140.47851
LR02_CMIP7hist_noMR,1926,2,labsea,MLD2,601.53327
LR02_CMIP7hist_noMR,1926,3,labsea,MLD2,750.18170
LR02_CMIP7hist_noMR,1926,4,labsea,MLD2,490.11450
LR02_CMIP7hist_noMR,1926,5,labsea,MLD2,147.14294
LR02_CMIP7hist_noMR,1926,6,labsea,MLD2,13.06163
LR02_CMIP7hist_noMR,1926,7,labsea,MLD2,13.35844
LR02_CMIP7hist_noMR,1926,8,labsea,MLD2,14.02801
LR02_CMIP7hist_noMR,1926,9,labsea,MLD2,16.77851
LR02_CMIP7hist_noMR,1926,10,labsea,MLD2,26.08223
LR02_CMIP7hist_noMR,1926,11,labsea,MLD2,36.94681
LR02_CMIP7hist_noMR,1926,12,labsea,MLD2,128.53612
LR02_CMIP7hist_noMR,1926,1,interior,MLD2,201.82111
LR02_CMIP7hist_noMR,1926,2,interior,MLD2,903.92658
LR02_CMIP7hist_noMR,1926,3,interior,MLD2,1251.78783
LR02_CMIP7hist_noMR,1926,4,interior,MLD2,723.16762
LR02_CMIP7hist_noMR,1926,5,interior,MLD2,227.17897
LR02_CMIP7hist_noMR,1926,6,interior,MLD2,14.73415
LR02_CMIP7hist_noMR,1926,7,interior,MLD2,14.70082
LR02_CMIP7hist_noMR,1926,8,interior,MLD2,15.02243
LR02_CMIP7hist_noMR,1926,9,interior,MLD2,18.04964
LR02_CMIP7hist_noMR,1926,10,interior,MLD2,27.31980
LR02_CMIP7hist_noMR,1926,11,interior,MLD2,37.79865
LR02_CMIP7hist_noMR,1926,12,interior,MLD2,168.82096
LR02_CMIP7hist_noMR,1927,1,labsea,a_ice,0.31841
LR02_CMIP7hist_noMR,1927,2,labsea,a_ice,0.37697
LR02_CMIP7hist_noMR,1927,3,labsea,a_ice,0.45894
LR02_CMIP7hist_noMR,1927,4,labsea,a_ice,0.43135
LR02_CMIP7hist_noMR,1927,5,labsea,a_ice,0.32220
LR02_CMIP7hist_noMR,1927,6,labsea,a_ice,0.17178
LR02_CMIP7hist_noMR,1927,7,labsea,a_ice,0.02895
LR02_CMIP7hist_noMR,1927,8,labsea,a_ice,0.00063
LR02_CMIP7hist_noMR,1927,9,labsea,a_ice,0.00000
LR02_CMIP7hist_noMR,1927,10,labsea,a_ice,0.00312
LR02_CMIP7hist_noMR,1927,11,labsea,a_ice,0.04279
LR02_CMIP7hist_noMR,1927,12,labsea,a_ice,0.11436
LR02_CMIP7hist_noMR,1927,1,interior,a_ice,0.13138
LR02_CMIP7hist_noMR,1927,2,interior,a_ice,0.20594
LR02_CMIP7hist_noMR,1927,3,interior,a_ice,0.32920
LR02_CMIP7hist_noMR,1927,4,interior,a_ice,0.31830
LR02_CMIP7hist_noMR,1927,5,interior,a_ice,0.19268
LR02_CMIP7hist_noMR,1927,6,interior,a_ice,0.03061
LR02_CMIP7hist_noMR,1927,7,interior,a_ice,0.00179
LR02_CMIP7hist_noMR,1927,8,interior,a_ice,0.00000
LR02_CMIP7hist_noMR,1927,9,interior,a_ice,0.00000
LR02_CMIP7hist_noMR,1927,10,interior,a_ice,0.00000
LR02_CMIP7hist_noMR,1927,11,interior,a_ice,0.00000
LR02_CMIP7hist_noMR,1927,12,interior,a_ice,0.00501
LR02_CMIP7hist_noMR,1927,1,labsea,MLD2,666.08284
LR02_CMIP7hist_noMR,1927,2,labsea,MLD2,949.46077
LR02_CMIP7hist_noMR,1927,3,labsea,MLD2,866.12603
LR02_CMIP7hist_noMR,1927,4,labsea,MLD2,492.66557
LR02_CMIP7hist_noMR,1927,5,labsea,MLD2,134.07755
LR02_CMIP7hist_noMR,1927,6,labsea,MLD2,14.51088
LR02_CMIP7hist_noMR,1927,7,labsea,MLD2,13.51722
LR02_CMIP7hist_noMR,1927,8,labsea,MLD2,14.40246
LR02_CMIP7hist_noMR,1927,9,labsea,MLD2,16.35868
LR02_CMIP7hist_noMR,1927,10,labsea,MLD2,23.86278
LR02_CMIP7hist_noMR,1927,11,labsea,MLD2,33.00108
LR02_CMIP7hist_noMR,1927,12,labsea,MLD2,43.53230
LR02_CMIP7hist_noMR,1927,1,interior,MLD2,1101.62483
LR02_CMIP7hist_noMR,1927,2,interior,MLD2,1586.77395
LR02_CMIP7hist_noMR,1927,3,interior,MLD2,1273.76249
LR02_CMIP7hist_noMR,1927,4,interior,MLD2,622.35910
LR02_CMIP7hist_noMR,1927,5,interior,MLD2,151.60507
LR02_CMIP7hist_noMR,1927,6,interior,MLD2,17.35154
LR02_CMIP7hist_noMR,1927,7,interior,MLD2,15.42098
LR02_CMIP7hist_noMR,1927,8,interior,MLD2,15.76378
LR02_CMIP7hist_noMR,1927,9,interior,MLD2,16.54826
LR02_CMIP7hist_noMR,1927,10,interior,MLD2,23.21351
LR02_CMIP7hist_noMR,1927,11,interior,MLD2,33.89762
LR02_CMIP7hist_noMR,1927,12,interior,MLD2,45.91075
LR02_CMIP7hist_noMR,1928,1,labsea,a_ice,0.27006
LR02_CMIP7hist_noMR,1928,2,labsea,a_ice,0.39106
LR02_CMIP7hist_noMR,1928,3,labsea,a_ice,0.45355
LR02_CMIP7hist_noMR,1928,4,labsea,a_ice,0.36504
LR02_CMIP7hist_noMR,1928,5,labsea,a_ice,0.29751
LR02_CMIP7hist_noMR,1928,6,labsea,a_ice,0.17632
LR02_CMIP7hist_noMR,1928,7,labsea,a_ice,0.05818
LR02_CMIP7hist_noMR,1928,8,labsea,a_ice,0.00161
LR02_CMIP7hist_noMR,1928,9,labsea,a_ice,0.00000
LR02_CMIP7hist_noMR,1928,10,labsea,a_ice,0.00009
LR02_CMIP7hist_noMR,1928,11,labsea,a_ice,0.02796
LR02_CMIP7hist_noMR,1928,12,labsea,a_ice,0.13141
LR02_CMIP7hist_noMR,1928,1,interior,a_ice,0.08748
LR02_CMIP7hist_noMR,1928,2,interior,a_ice,0.21585
LR02_CMIP7hist_noMR,1928,3,interior,a_ice,0.28133
LR02_CMIP7hist_noMR,1928,4,interior,a_ice,0.16752
LR02_CMIP7hist_noMR,1928,5,interior,a_ice,0.06600
LR02_CMIP7hist_noMR,1928,6,interior,a_ice,0.01832
LR02_CMIP7hist_noMR,1928,7,interior,a_ice,0.00136
LR02_CMIP7hist_noMR,1928,8,interior,a_ice,0.00000
LR02_CMIP7hist_noMR,1928,9,interior,a_ice,0.00000
LR02_CMIP7hist_noMR,1928,10,interior,a_ice,0.00000
LR02_CMIP7hist_noMR,1928,11,interior,a_ice,0.00002
LR02_CMIP7hist_noMR,1928,12,interior,a_ice,0.00865
LR02_CMIP7hist_noMR,1928,1,labsea,MLD2,95.21667
LR02_CMIP7hist_noMR,1928,2,labsea,MLD2,398.15791
LR02_CMIP7hist_noMR,1928,3,labsea,MLD2,688.19880
LR02_CMIP7hist_noMR,1928,4,labsea,MLD2,391.65442
LR02_CMIP7hist_noMR,1928,5,labsea,MLD2,77.48873
LR02_CMIP7hist_noMR,1928,6,labsea,MLD2,15.51631
LR02_CMIP7hist_noMR,1928,7,labsea,MLD2,12.75818
LR02_CMIP7hist_noMR,1928,8,labsea,MLD2,14.17338
LR02_CMIP7hist_noMR,1928,9,labsea,MLD2,17.88106
LR02_CMIP7hist_noMR,1928,10,labsea,MLD2,26.72551
LR02_CMIP7hist_noMR,1928,11,labsea,MLD2,46.17874
LR02_CMIP7hist_noMR,1928,12,labsea,MLD2,87.77980
LR02_CMIP7hist_noMR,1928,1,interior,MLD2,146.14251
LR02_CMIP7hist_noMR,1928,2,interior,MLD2,720.57805
LR02_CMIP7hist_noMR,1928,3,interior,MLD2,1333.85470
LR02_CMIP7hist_noMR,1928,4,interior,MLD2,731.57327
LR02_CMIP7hist_noMR,1928,5,interior,MLD2,147.54319
LR02_CMIP7hist_noMR,1928,6,interior,MLD2,18.11715
LR02_CMIP7hist_noMR,1928,7,interior,MLD2,14.35169
LR02_CMIP7hist_noMR,1928,8,interior,MLD2,14.90527
LR02_CMIP7hist_noMR,1928,9,interior,MLD2,18.93769
LR02_CMIP7hist_noMR,1928,10,interior,MLD2,28.36475
LR02_CMIP7hist_noMR,1928,11,interior,MLD2,46.94029
LR02_CMIP7hist_noMR,1928,12,interior,MLD2,109.03790
LR02_CMIP7hist_noMR,1929,1,labsea,a_ice,0.28854
LR02_CMIP7hist_noMR,1929,2,labsea,a_ice,0.36408
LR02_CMIP7hist_noMR,1929,3,labsea,a_ice,0.39364
LR02_CMIP7hist_noMR,1929,4,labsea,a_ice,0.39396
LR02_CMIP7hist_noMR,1929,5,labsea,a_ice,0.30904
LR02_CMIP7hist_noMR,1929,6,labsea,a_ice,0.17584
LR02_CMIP7hist_noMR,1929,7,labsea,a_ice,0.03174
LR02_CMIP7hist_noMR,1929,8,labsea,a_ice,0.00027
LR02_CMIP7hist_noMR,1929,9,labsea,a_ice,0.00000
LR02_CMIP7hist_noMR,1929,10,labsea,a_ice,0.00134
LR02_CMIP7hist_noMR,1929,11,labsea,a_ice,0.08086
LR02_CMIP7hist_noMR,1929,12,labsea,a_ice,0.22088
LR02_CMIP7hist_noMR,1929,1,interior,a_ice,0.09852
LR02_CMIP7hist_noMR,1929,2,interior,a_ice,0.19434
LR02_CMIP7hist_noMR,1929,3,interior,a_ice,0.25271
LR02_CMIP7hist_noMR,1929,4,interior,a_ice,0.25246
LR02_CMIP7hist_noMR,1929,5,interior,a_ice,0.11477
LR02_CMIP7hist_noMR,1929,6,interior,a_ice,0.03634
LR02_CMIP7hist_noMR,1929,7,interior,a_ice,0.00035
LR02_CMIP7hist_noMR,1929,8,interior,a_ice,0.00000
LR02_CMIP7hist_noMR,1929,9,interior,a_ice,0.00000
LR02_CMIP7hist_noMR,1929,10,interior,a_ice,0.00000
LR02_CMIP7hist_noMR,1929,11,interior,a_ice,0.00382
LR02_CMIP7hist_noMR,1929,12,interior,a_ice,0.08205
LR02_CMIP7hist_noMR,1929,1,labsea,MLD2,518.03332
LR02_CMIP7hist_noMR,1929,2,labsea,MLD2,990.21026
LR02_CMIP7hist_noMR,1929,3,labsea,MLD2,980.41391
LR02_CMIP7hist_noMR,1929,4,labsea,MLD2,486.79620
LR02_CMIP7hist_noMR,1929,5,labsea,MLD2,59.24148
LR02_CMIP7hist_noMR,1929,6,labsea,MLD2,15.84232
LR02_CMIP7hist_noMR,1929,7,labsea,MLD2,10.01923
LR02_CMIP7hist_noMR,1929,8,labsea,MLD2,13.79790
LR02_CMIP7hist_noMR,1929,9,labsea,MLD2,19.53710
LR02_CMIP7hist_noMR,1929,10,labsea,MLD2,30.47976
LR02_CMIP7hist_noMR,1929,11,labsea,MLD2,91.67108
LR02_CMIP7hist_noMR,1929,12,labsea,MLD2,345.99284
LR02_CMIP7hist_noMR,1929,1,interior,MLD2,759.72744
LR02_CMIP7hist_noMR,1929,2,interior,MLD2,1686.84303
LR02_CMIP7hist_noMR,1929,3,interior,MLD2,1506.05354
LR02_CMIP7hist_noMR,1929,4,interior,MLD2,578.80709
LR02_CMIP7hist_noMR,1929,5,interior,MLD2,71.58279
LR02_CMIP7hist_noMR,1929,6,interior,MLD2,19.79522
LR02_CMIP7hist_noMR,1929,7,interior,MLD2,10.64326
LR02_CMIP7hist_noMR,1929,8,interior,MLD2,16.12542
LR02_CMIP7hist_noMR,1929,9,interior,MLD2,23.11103
LR02_CMIP7hist_noMR,1929,10,interior,MLD2,32.82068
LR02_CMIP7hist_noMR,1929,11,interior,MLD2,113.87988
LR02_CMIP7hist_noMR,1929,12,interior,MLD2,470.39303
LR02_CMIP7hist_noMR,1930,1,labsea,a_ice,0.31569
LR02_CMIP7hist_noMR,1930,2,labsea,a_ice,0.38645
LR02_CMIP7hist_noMR,1930,3,labsea,a_ice,0.37294
LR02_CMIP7hist_noMR,1930,4,labsea,a_ice,0.34982
LR02_CMIP7hist_noMR,1930,5,labsea,a_ice,0.29874
LR02_CMIP7hist_noMR,1930,6,labsea,a_ice,0.19298
LR02_CMIP7hist_noMR,1930,7,labsea,a_ice,0.05045
LR02_CMIP7hist_noMR,1930,8,labsea,a_ice,0.00121
LR02_CMIP7hist_noMR,1930,9,labsea,a_ice,0.00000
LR02_CMIP7hist_noMR,1930,10,labsea,a_ice,0.00017
LR02_CMIP7hist_noMR,1930,11,labsea,a_ice,0.02846
LR02_CMIP7hist_noMR,1930,12,labsea,a_ice,0.19042
LR02_CMIP7hist_noMR,1930,1,interior,a_ice,0.10883
LR02_CMIP7hist_noMR,1930,2,interior,a_ice,0.23829
LR02_CMIP7hist_noMR,1930,3,interior,a_ice,0.22500
LR02_CMIP7hist_noMR,1930,4,interior,a_ice,0.16484
LR02_CMIP7hist_noMR,1930,5,interior,a_ice,0.10301
LR02_CMIP7hist_noMR,1930,6,interior,a_ice,0.08123
LR02_CMIP7hist_noMR,1930,7,interior,a_ice,0.02428
LR02_CMIP7hist_noMR,1930,8,interior,a_ice,0.00000
LR02_CMIP7hist_noMR,1930,9,interior,a_ice,0.00000
LR02_CMIP7hist_noMR,1930,10,interior,a_ice,0.00000
LR02_CMIP7hist_noMR,1930,11,interior,a_ice,0.00032
LR02_CMIP7hist_noMR,1930,12,interior,a_ice,0.04622
LR02_CMIP7hist_noMR,1930,1,labsea,MLD2,950.36141
LR02_CMIP7hist_noMR,1930,2,labsea,MLD2,1123.73099
LR02_CMIP7hist_noMR,1930,3,labsea,MLD2,1103.42285
LR02_CMIP7hist_noMR,1930,4,labsea,MLD2,913.68336
LR02_CMIP7hist_noMR,1930,5,labsea,MLD2,489.33812
LR02_CMIP7hist_noMR,1930,6,labsea,MLD2,34.59142
LR02_CMIP7hist_noMR,1930,7,labsea,MLD2,12.65283
LR02_CMIP7hist_noMR,1930,8,labsea,MLD2,13.17119
LR02_CMIP7hist_noMR,1930,9,labsea,MLD2,15.86178
LR02_CMIP7hist_noMR,1930,10,labsea,MLD2,22.31562
LR02_CMIP7hist_noMR,1930,11,labsea,MLD2,34.85334
LR02_CMIP7hist_noMR,1930,12,labsea,MLD2,114.29435
LR02_CMIP7hist_noMR,1930,1,interior,MLD2,1748.00248
LR02_CMIP7hist_noMR,1930,2,interior,MLD2,1733.33800
LR02_CMIP7hist_noMR,1930,3,interior,MLD2,1610.03602
LR02_CMIP7hist_noMR,1930,4,interior,MLD2,1324.46158
LR02_CMIP7hist_noMR,1930,5,interior,MLD2,772.00381
LR02_CMIP7hist_noMR,1930,6,interior,MLD2,50.72823
LR02_CMIP7hist_noMR,1930,7,interior,MLD2,14.37186
LR02_CMIP7hist_noMR,1930,8,interior,MLD2,14.89923
LR02_CMIP7hist_noMR,1930,9,interior,MLD2,16.34538
LR02_CMIP7hist_noMR,1930,10,interior,MLD2,21.69420
LR02_CMIP7hist_noMR,1930,11,interior,MLD2,35.39828
LR02_CMIP7hist_noMR,1930,12,interior,MLD2,136.89653
LR02_CMIP7hist_noMR,1931,1,labsea,a_ice,0.28562
LR02_CMIP7hist_noMR,1931,2,labsea,a_ice,0.30432
LR02_CMIP7hist_noMR,1931,3,labsea,a_ice,0.34471
LR02_CMIP7hist_noMR,1931,4,labsea,a_ice,0.36036
LR02_CMIP7hist_noMR,1931,5,labsea,a_ice,0.30718
LR02_CMIP7hist_noMR,1931,6,labsea,a_ice,0.19663
LR02_CMIP7hist_noMR,1931,7,labsea,a_ice,0.07082
LR02_CMIP7hist_noMR,1931,8,labsea,a_ice,0.00113
LR02_CMIP7hist_noMR,1931,9,labsea,a_ice,0.00000
LR02_CMIP7hist_noMR,1931,10,labsea,a_ice,0.00002
LR02_CMIP7hist_noMR,1931,11,labsea,a_ice,0.04326
LR02_CMIP7hist_noMR,1931,12,labsea,a_ice,0.19177
LR02_CMIP7hist_noMR,1931,1,interior,a_ice,0.07906
LR02_CMIP7hist_noMR,1931,2,interior,a_ice,0.12423
LR02_CMIP7hist_noMR,1931,3,interior,a_ice,0.14725
LR02_CMIP7hist_noMR,1931,4,interior,a_ice,0.15278
LR02_CMIP7hist_noMR,1931,5,interior,a_ice,0.10786
LR02_CMIP7hist_noMR,1931,6,interior,a_ice,0.04089
LR02_CMIP7hist_noMR,1931,7,interior,a_ice,0.01361
LR02_CMIP7hist_noMR,1931,8,interior,a_ice,0.00000
LR02_CMIP7hist_noMR,1931,9,interior,a_ice,0.00000
LR02_CMIP7hist_noMR,1931,10,interior,a_ice,0.00000
LR02_CMIP7hist_noMR,1931,11,interior,a_ice,0.00033
LR02_CMIP7hist_noMR,1931,12,interior,a_ice,0.05046
LR02_CMIP7hist_noMR,1931,1,labsea,MLD2,799.36167
LR02_CMIP7hist_noMR,1931,2,labsea,MLD2,1093.48653
LR02_CMIP7hist_noMR,1931,3,labsea,MLD2,1088.62182
LR02_CMIP7hist_noMR,1931,4,labsea,MLD2,878.70270
LR02_CMIP7hist_noMR,1931,5,labsea,MLD2,448.50446
LR02_CMIP7hist_noMR,1931,6,labsea,MLD2,20.14765
LR02_CMIP7hist_noMR,1931,7,labsea,MLD2,14.22034
LR02_CMIP7hist_noMR,1931,8,labsea,MLD2,12.15016
LR02_CMIP7hist_noMR,1931,9,labsea,MLD2,16.05027
LR02_CMIP7hist_noMR,1931,10,labsea,MLD2,24.83587
LR02_CMIP7hist_noMR,1931,11,labsea,MLD2,44.19991
LR02_CMIP7hist_noMR,1931,12,labsea,MLD2,73.64633
LR02_CMIP7hist_noMR,1931,1,interior,MLD2,1316.86775
LR02_CMIP7hist_noMR,1931,2,interior,MLD2,1833.13389
LR02_CMIP7hist_noMR,1931,3,interior,MLD2,1671.93303
LR02_CMIP7hist_noMR,1931,4,interior,MLD2,1291.41920
LR02_CMIP7hist_noMR,1931,5,interior,MLD2,712.99995
LR02_CMIP7hist_noMR,1931,6,interior,MLD2,23.85072
LR02_CMIP7hist_noMR,1931,7,interior,MLD2,16.50864
LR02_CMIP7hist_noMR,1931,8,interior,MLD2,13.88671
LR02_CMIP7hist_noMR,1931,9,interior,MLD2,17.78030
LR02_CMIP7hist_noMR,1931,10,interior,MLD2,25.97247
LR02_CMIP7hist_noMR,1931,11,interior,MLD2,43.66783
LR02_CMIP7hist_noMR,1931,12,interior,MLD2,85.39577
LR02_CMIP7hist_noMR,1932,1,labsea,a_ice,0.28451
LR02_CMIP7hist_noMR,1932,2,labsea,a_ice,0.34276
LR02_CMIP7hist_noMR,1932,3,labsea,a_ice,0.28202
LR02_CMIP7hist_noMR,1932,4,labsea,a_ice,0.25576
LR02_CMIP7hist_noMR,1932,5,labsea,a_ice,0.21477
LR02_CMIP7hist_noMR,1932,6,labsea,a_ice,0.12146
LR02_CMIP7hist_noMR,1932,7,labsea,a_ice,0.03368
LR02_CMIP7hist_noMR,1932,8,labsea,a_ice,0.00053
LR02_CMIP7hist_noMR,1932,9,labsea,a_ice,0.00000
LR02_CMIP7hist_noMR,1932,10,labsea,a_ice,0.00000
LR02_CMIP7hist_noMR,1932,11,labsea,a_ice,0.01173
LR02_CMIP7hist_noMR,1932,12,labsea,a_ice,0.09012
LR02_CMIP7hist_noMR,1932,1,interior,a_ice,0.12517
LR02_CMIP7hist_noMR,1932,2,interior,a_ice,0.17707
LR02_CMIP7hist_noMR,1932,3,interior,a_ice,0.09381
LR02_CMIP7hist_noMR,1932,4,interior,a_ice,0.05887
LR02_CMIP7hist_noMR,1932,5,interior,a_ice,0.04440
LR02_CMIP7hist_noMR,1932,6,interior,a_ice,0.01837
LR02_CMIP7hist_noMR,1932,7,interior,a_ice,0.00054
LR02_CMIP7hist_noMR,1932,8,interior,a_ice,0.00000
LR02_CMIP7hist_noMR,1932,9,interior,a_ice,0.00000
LR02_CMIP7hist_noMR,1932,10,interior,a_ice,0.00000
LR02_CMIP7hist_noMR,1932,11,interior,a_ice,0.00000
LR02_CMIP7hist_noMR,1932,12,interior,a_ice,0.00785
LR02_CMIP7hist_noMR,1932,1,labsea,MLD2,185.03795
LR02_CMIP7hist_noMR,1932,2,labsea,MLD2,710.15293
LR02_CMIP7hist_noMR,1932,3,labsea,MLD2,793.79166
LR02_CMIP7hist_noMR,1932,4,labsea,MLD2,571.97360
LR02_CMIP7hist_noMR,1932,5,labsea,MLD2,135.18354
LR02_CMIP7hist_noMR,1932,6,labsea,MLD2,18.65657
LR02_CMIP7hist_noMR,1932,7,labsea,MLD2,12.13431
LR02_CMIP7hist_noMR,1932,8,labsea,MLD2,12.83069
LR02_CMIP7hist_noMR,1932,9,labsea,MLD2,16.38277
LR02_CMIP7hist_noMR,1932,10,labsea,MLD2,25.44620
LR02_CMIP7hist_noMR,1932,11,labsea,MLD2,40.92614
LR02_CMIP7hist_noMR,1932,12,labsea,MLD2,69.43048
LR02_CMIP7hist_noMR,1932,1,interior,MLD2,270.00844
LR02_CMIP7hist_noMR,1932,2,interior,MLD2,1012.43115
LR02_CMIP7hist_noMR,1932,3,interior,MLD2,1335.87582
LR02_CMIP7hist_noMR,1932,4,interior,MLD2,1005.50173
LR02_CMIP7hist_noMR,1932,5,interior,MLD2,319.55554
LR02_CMIP7hist_noMR,1932,6,interior,MLD2,23.19362
LR02_CMIP7hist_noMR,1932,7,interior,MLD2,13.43775
LR02_CMIP7hist_noMR,1932,8,interior,MLD2,13.63976
LR02_CMIP7hist_noMR,1932,9,interior,MLD2,17.60125
LR02_CMIP7hist_noMR,1932,10,interior,MLD2,27.76871
LR02_CMIP7hist_noMR,1932,11,interior,MLD2,44.01314
LR02_CMIP7hist_noMR,1932,12,interior,MLD2,86.24614
LR02_CMIP7hist_noMR,1933,1,labsea,a_ice,0.18339
LR02_CMIP7hist_noMR,1933,2,labsea,a_ice,0.25626
LR02_CMIP7hist_noMR,1933,3,labsea,a_ice,0.29397
LR02_CMIP7hist_noMR,1933,4,labsea,a_ice,0.31379
LR02_CMIP7hist_noMR,1933,5,labsea,a_ice,0.25770
LR02_CMIP7hist_noMR,1933,6,labsea,a_ice,0.11763
LR02_CMIP7hist_noMR,1933,7,labsea,a_ice,0.03697
LR02_CMIP7hist_noMR,1933,8,labsea,a_ice,0.00280
LR02_CMIP7hist_noMR,1933,9,labsea,a_ice,0.00000
LR02_CMIP7hist_noMR,1933,10,labsea,a_ice,0.00016
LR02_CMIP7hist_noMR,1933,11,labsea,a_ice,0.03581
LR02_CMIP7hist_noMR,1933,12,labsea,a_ice,0.15988
LR02_CMIP7hist_noMR,1933,1,interior,a_ice,0.04191
LR02_CMIP7hist_noMR,1933,2,interior,a_ice,0.08219
LR02_CMIP7hist_noMR,1933,3,interior,a_ice,0.11942
LR02_CMIP7hist_noMR,1933,4,interior,a_ice,0.16477
LR02_CMIP7hist_noMR,1933,5,interior,a_ice,0.09941
LR02_CMIP7hist_noMR,1933,6,interior,a_ice,0.00997
LR02_CMIP7hist_noMR,1933,7,interior,a_ice,0.00002
LR02_CMIP7hist_noMR,1933,8,interior,a_ice,0.00000
LR02_CMIP7hist_noMR,1933,9,interior,a_ice,0.00000
LR02_CMIP7hist_noMR,1933,10,interior,a_ice,0.00000
LR02_CMIP7hist_noMR,1933,11,interior,a_ice,0.00000
LR02_CMIP7hist_noMR,1933,12,interior,a_ice,0.03347
LR02_CMIP7hist_noMR,1933,1,labsea,MLD2,116.16377
LR02_CMIP7hist_noMR,1933,2,labsea,MLD2,384.69775
LR02_CMIP7hist_noMR,1933,3,labsea,MLD2,698.60098
LR02_CMIP7hist_noMR,1933,4,labsea,MLD2,613.75228
LR02_CMIP7hist_noMR,1933,5,labsea,MLD2,170.12808
LR02_CMIP7hist_noMR,1933,6,labsea,MLD2,22.00546
LR02_CMIP7hist_noMR,1933,7,labsea,MLD2,14.26397
LR02_CMIP7hist_noMR,1933,8,labsea,MLD2,15.28435
LR02_CMIP7hist_noMR,1933,9,labsea,MLD2,17.87557
LR02_CMIP7hist_noMR,1933,10,labsea,MLD2,24.81093
LR02_CMIP7hist_noMR,1933,11,labsea,MLD2,38.82719
LR02_CMIP7hist_noMR,1933,12,labsea,MLD2,63.05320
LR02_CMIP7hist_noMR,1933,1,interior,MLD2,169.65395
LR02_CMIP7hist_noMR,1933,2,interior,MLD2,567.32899
LR02_CMIP7hist_noMR,1933,3,interior,MLD2,1277.44846
LR02_CMIP7hist_noMR,1933,4,interior,MLD2,1119.33478
LR02_CMIP7hist_noMR,1933,5,interior,MLD2,354.79936
LR02_CMIP7hist_noMR,1933,6,interior,MLD2,28.57360
LR02_CMIP7hist_noMR,1933,7,interior,MLD2,17.24679
LR02_CMIP7hist_noMR,1933,8,interior,MLD2,17.45701
LR02_CMIP7hist_noMR,1933,9,interior,MLD2,20.40029
LR02_CMIP7hist_noMR,1933,10,interior,MLD2,28.00534
LR02_CMIP7hist_noMR,1933,11,interior,MLD2,40.22602
LR02_CMIP7hist_noMR,1933,12,interior,MLD2,74.46948
LR02_CMIP7hist_noMR,1934,1,labsea,a_ice,0.31652
LR02_CMIP7hist_noMR,1934,2,labsea,a_ice,0.37918
LR02_CMIP7hist_noMR,1934,3,labsea,a_ice,0.43730
LR02_CMIP7hist_noMR,1934,4,labsea,a_ice,0.41603
LR02_CMIP7hist_noMR,1934,5,labsea,a_ice,0.33094
LR02_CMIP7hist_noMR,1934,6,labsea,a_ice,0.22490
LR02_CMIP7hist_noMR,1934,7,labsea,a_ice,0.05799
LR02_CMIP7hist_noMR,1934,8,labsea,a_ice,0.00109
LR02_CMIP7hist_noMR,1934,9,labsea,a_ice,0.00000
LR02_CMIP7hist_noMR,1934,10,labsea,a_ice,0.00001
LR02_CMIP7hist_noMR,1934,11,labsea,a_ice,0.03652
LR02_CMIP7hist_noMR,1934,12,labsea,a_ice,0.11676
LR02_CMIP7hist_noMR,1934,1,interior,a_ice,0.14008
LR02_CMIP7hist_noMR,1934,2,interior,a_ice,0.26394
LR02_CMIP7hist_noMR,1934,3,interior,a_ice,0.36423
LR02_CMIP7hist_noMR,1934,4,interior,a_ice,0.28657
LR02_CMIP7hist_noMR,1934,5,interior,a_ice,0.13372
LR02_CMIP7hist_noMR,1934,6,interior,a_ice,0.06087
LR02_CMIP7hist_noMR,1934,7,interior,a_ice,0.01056
LR02_CMIP7hist_noMR,1934,8,interior,a_ice,0.00000
LR02_CMIP7hist_noMR,1934,9,interior,a_ice,0.00000
LR02_CMIP7hist_noMR,1934,10,interior,a_ice,0.00000
LR02_CMIP7hist_noMR,1934,11,interior,a_ice,0.00048
LR02_CMIP7hist_noMR,1934,12,interior,a_ice,0.00823
LR02_CMIP7hist_noMR,1934,1,labsea,MLD2,217.35150
LR02_CMIP7hist_noMR,1934,2,labsea,MLD2,683.33114
LR02_CMIP7hist_noMR,1934,3,labsea,MLD2,669.06304
LR02_CMIP7hist_noMR,1934,4,labsea,MLD2,201.60446
LR02_CMIP7hist_noMR,1934,5,labsea,MLD2,29.90040
LR02_CMIP7hist_noMR,1934,6,labsea,MLD2,13.08741
LR02_CMIP7hist_noMR,1934,7,labsea,MLD2,12.94297
LR02_CMIP7hist_noMR,1934,8,labsea,MLD2,12.34621
LR02_CMIP7hist_noMR,1934,9,labsea,MLD2,15.98132
LR02_CMIP7hist_noMR,1934,10,labsea,MLD2,25.34673
LR02_CMIP7hist_noMR,1934,11,labsea,MLD2,34.64838
LR02_CMIP7hist_noMR,1934,12,labsea,MLD2,46.62098
LR02_CMIP7hist_noMR,1934,1,interior,MLD2,265.18816
LR02_CMIP7hist_noMR,1934,2,interior,MLD2,1023.29233
LR02_CMIP7hist_noMR,1934,3,interior,MLD2,778.30370
LR02_CMIP7hist_noMR,1934,4,interior,MLD2,157.24473
LR02_CMIP7hist_noMR,1934,5,interior,MLD2,29.72362
LR02_CMIP7hist_noMR,1934,6,interior,MLD2,15.02263
LR02_CMIP7hist_noMR,1934,7,interior,MLD2,14.31333
LR02_CMIP7hist_noMR,1934,8,interior,MLD2,13.43290
LR02_CMIP7hist_noMR,1934,9,interior,MLD2,17.41196
LR02_CMIP7hist_noMR,1934,10,interior,MLD2,28.34037
LR02_CMIP7hist_noMR,1934,11,interior,MLD2,37.84036
LR02_CMIP7hist_noMR,1934,12,interior,MLD2,53.77276
LR02_CMIP7hist_noMR,1935,1,labsea,a_ice,0.22979
LR02_CMIP7hist_noMR,1935,2,labsea,a_ice,0.31745
LR02_CMIP7hist_noMR,1935,3,labsea,a_ice,0.34619
LR02_CMIP7hist_noMR,1935,4,labsea,a_ice,0.29611
LR02_CMIP7hist_noMR,1935,5,labsea,a_ice,0.23142
LR02_CMIP7hist_noMR,1935,6,labsea,a_ice,0.16936
LR02_CMIP7hist_noMR,1935,7,labsea,a_ice,0.07862
LR02_CMIP7hist_noMR,1935,8,labsea,a_ice,0.00391
LR02_CMIP7hist_noMR,1935,9,labsea,a_ice,0.00000
LR02_CMIP7hist_noMR,1935,10,labsea,a_ice,0.00000
LR02_CMIP7hist_noMR,1935,11,labsea,a_ice,0.01108
LR02_CMIP7hist_noMR,1935,12,labsea,a_ice,0.12497
LR02_CMIP7hist_noMR,1935,1,interior,a_ice,0.05553
LR02_CMIP7hist_noMR,1935,2,interior,a_ice,0.14017
LR02_CMIP7hist_noMR,1935,3,interior,a_ice,0.16304
LR02_CMIP7hist_noMR,1935,4,interior,a_ice,0.08702
LR02_CMIP7hist_noMR,1935,5,interior,a_ice,0.03061
LR02_CMIP7hist_noMR,1935,6,interior,a_ice,0.01640
LR02_CMIP7hist_noMR,1935,7,interior,a_ice,0.02277
LR02_CMIP7hist_noMR,1935,8,interior,a_ice,0.00013
LR02_CMIP7hist_noMR,1935,9,interior,a_ice,0.00000
LR02_CMIP7hist_noMR,1935,10,interior,a_ice,0.00000
LR02_CMIP7hist_noMR,1935,11,interior,a_ice,0.00000
LR02_CMIP7hist_noMR,1935,12,interior,a_ice,0.02192
LR02_CMIP7hist_noMR,1935,1,labsea,MLD2,75.77904
LR02_CMIP7hist_noMR,1935,2,labsea,MLD2,207.40871
LR02_CMIP7hist_noMR,1935,3,labsea,MLD2,467.76768
LR02_CMIP7hist_noMR,1935,4,labsea,MLD2,319.82742
LR02_CMIP7hist_noMR,1935,5,labsea,MLD2,55.38991
LR02_CMIP7hist_noMR,1935,6,labsea,MLD2,16.30729
LR02_CMIP7hist_noMR,1935,7,labsea,MLD2,10.79795
LR02_CMIP7hist_noMR,1935,8,labsea,MLD2,11.29731
LR02_CMIP7hist_noMR,1935,9,labsea,MLD2,13.48789
LR02_CMIP7hist_noMR,1935,10,labsea,MLD2,19.89030
LR02_CMIP7hist_noMR,1935,11,labsea,MLD2,28.25362
LR02_CMIP7hist_noMR,1935,12,labsea,MLD2,54.02842
LR02_CMIP7hist_noMR,1935,1,interior,MLD2,93.59290
LR02_CMIP7hist_noMR,1935,2,interior,MLD2,220.73613
LR02_CMIP7hist_noMR,1935,3,interior,MLD2,680.96245
LR02_CMIP7hist_noMR,1935,4,interior,MLD2,481.08170
LR02_CMIP7hist_noMR,1935,5,interior,MLD2,94.63008
LR02_CMIP7hist_noMR,1935,6,interior,MLD2,19.66233
LR02_CMIP7hist_noMR,1935,7,interior,MLD2,11.26814
LR02_CMIP7hist_noMR,1935,8,interior,MLD2,11.46716
LR02_CMIP7hist_noMR,1935,9,interior,MLD2,14.49783
LR02_CMIP7hist_noMR,1935,10,interior,MLD2,21.37929
LR02_CMIP7hist_noMR,1935,11,interior,MLD2,28.71220
LR02_CMIP7hist_noMR,1935,12,interior,MLD2,69.55540
LR02_CMIP7hist_noMR,1936,1,labsea,a_ice,0.32749
LR02_CMIP7hist_noMR,1936,2,labsea,a_ice,0.41457
LR02_CMIP7hist_noMR,1936,3,labsea,a_ice,0.41915
LR02_CMIP7hist_noMR,1936,4,labsea,a_ice,0.37350
LR02_CMIP7hist_noMR,1936,5,labsea,a_ice,0.28125
LR02_CMIP7hist_noMR,1936,6,labsea,a_ice,0.20939
LR02_CMIP7hist_noMR,1936,7,labsea,a_ice,0.07305
LR02_CMIP7hist_noMR,1936,8,labsea,a_ice,0.00180
LR02_CMIP7hist_noMR,1936,9,labsea,a_ice,0.00000
LR02_CMIP7hist_noMR,1936,10,labsea,a_ice,0.00099
LR02_CMIP7hist_noMR,1936,11,labsea,a_ice,0.02219
LR02_CMIP7hist_noMR,1936,12,labsea,a_ice,0.17339
LR02_CMIP7hist_noMR,1936,1,interior,a_ice,0.18380
LR02_CMIP7hist_noMR,1936,2,interior,a_ice,0.27800
LR02_CMIP7hist_noMR,1936,3,interior,a_ice,0.24824
LR02_CMIP7hist_noMR,1936,4,interior,a_ice,0.18274
LR02_CMIP7hist_noMR,1936,5,interior,a_ice,0.08353
LR02_CMIP7hist_noMR,1936,6,interior,a_ice,0.04217
LR02_CMIP7hist_noMR,1936,7,interior,a_ice,0.02204
LR02_CMIP7hist_noMR,1936,8,interior,a_ice,0.00003
LR02_CMIP7hist_noMR,1936,9,interior,a_ice,0.00000
LR02_CMIP7hist_noMR,1936,10,interior,a_ice,0.00000
LR02_CMIP7hist_noMR,1936,11,interior,a_ice,0.00040
LR02_CMIP7hist_noMR,1936,12,interior,a_ice,0.06805
LR02_CMIP7hist_noMR,1936,1,labsea,MLD2,208.61224
LR02_CMIP7hist_noMR,1936,2,labsea,MLD2,537.17496
LR02_CMIP7hist_noMR,1936,3,labsea,MLD2,506.49800
LR02_CMIP7hist_noMR,1936,4,labsea,MLD2,202.99861
LR02_CMIP7hist_noMR,1936,5,labsea,MLD2,46.36964
LR02_CMIP7hist_noMR,1936,6,labsea,MLD2,16.68030
LR02_CMIP7hist_noMR,1936,7,labsea,MLD2,13.10454
LR02_CMIP7hist_noMR,1936,8,labsea,MLD2,11.62538
LR02_CMIP7hist_noMR,1936,9,labsea,MLD2,18.98521
LR02_CMIP7hist_noMR,1936,10,labsea,MLD2,25.38118
LR02_CMIP7hist_noMR,1936,11,labsea,MLD2,33.91599
LR02_CMIP7hist_noMR,1936,12,labsea,MLD2,57.13461
LR02_CMIP7hist_noMR,1936,1,interior,MLD2,286.71831
LR02_CMIP7hist_noMR,1936,2,interior,MLD2,911.65764
LR02_CMIP7hist_noMR,1936,3,interior,MLD2,964.10176
LR02_CMIP7hist_noMR,1936,4,interior,MLD2,445.09351
LR02_CMIP7hist_noMR,1936,5,interior,MLD2,92.87505
LR02_CMIP7hist_noMR,1936,6,interior,MLD2,19.94182
LR02_CMIP7hist_noMR,1936,7,interior,MLD2,14.73286
LR02_CMIP7hist_noMR,1936,8,interior,MLD2,13.01341
LR02_CMIP7hist_noMR,1936,9,interior,MLD2,21.34787
LR02_CMIP7hist_noMR,1936,10,interior,MLD2,27.32909
LR02_CMIP7hist_noMR,1936,11,interior,MLD2,36.31793
LR02_CMIP7hist_noMR,1936,12,interior,MLD2,67.98734
LR02_CMIP7hist_noMR,1937,1,labsea,a_ice,0.33736
LR02_CMIP7hist_noMR,1937,2,labsea,a_ice,0.36949
LR02_CMIP7hist_noMR,1937,3,labsea,a_ice,0.41111
LR02_CMIP7hist_noMR,1937,4,labsea,a_ice,0.36109
LR02_CMIP7hist_noMR,1937,5,labsea,a_ice,0.29820
LR02_CMIP7hist_noMR,1937,6,labsea,a_ice,0.16042
LR02_CMIP7hist_noMR,1937,7,labsea,a_ice,0.02835
LR02_CMIP7hist_noMR,1937,8,labsea,a_ice,0.00000
LR02_CMIP7hist_noMR,1937,9,labsea,a_ice,0.00000
LR02_CMIP7hist_noMR,1937,10,labsea,a_ice,0.00006
LR02_CMIP7hist_noMR,1937,11,labsea,a_ice,0.00647
LR02_CMIP7hist_noMR,1937,12,labsea,a_ice,0.11262
LR02_CMIP7hist_noMR,1937,1,interior,a_ice,0.14143
LR02_CMIP7hist_noMR,1937,2,interior,a_ice,0.16921
LR02_CMIP7hist_noMR,1937,3,interior,a_ice,0.25116
LR02_CMIP7hist_noMR,1937,4,interior,a_ice,0.18880
LR02_CMIP7hist_noMR,1937,5,interior,a_ice,0.10714
LR02_CMIP7hist_noMR,1937,6,interior,a_ice,0.05672
LR02_CMIP7hist_noMR,1937,7,interior,a_ice,0.01445
LR02_CMIP7hist_noMR,1937,8,interior,a_ice,0.00000
LR02_CMIP7hist_noMR,1937,9,interior,a_ice,0.00000
LR02_CMIP7hist_noMR,1937,10,interior,a_ice,0.00000
LR02_CMIP7hist_noMR,1937,11,interior,a_ice,0.00000
LR02_CMIP7hist_noMR,1937,12,interior,a_ice,0.00620
LR02_CMIP7hist_noMR,1937,1,labsea,MLD2,121.39722
LR02_CMIP7hist_noMR,1937,2,labsea,MLD2,321.24654
LR02_CMIP7hist_noMR,1937,3,labsea,MLD2,761.42867
LR02_CMIP7hist_noMR,1937,4,labsea,MLD2,637.91199
LR02_CMIP7hist_noMR,1937,5,labsea,MLD2,340.91262
LR02_CMIP7hist_noMR,1937,6,labsea,MLD2,17.64103
LR02_CMIP7hist_noMR,1937,7,labsea,MLD2,14.02914
LR02_CMIP7hist_noMR,1937,8,labsea,MLD2,14.37992
LR02_CMIP7hist_noMR,1937,9,labsea,MLD2,17.90232
LR02_CMIP7hist_noMR,1937,10,labsea,MLD2,23.75800
LR02_CMIP7hist_noMR,1937,11,labsea,MLD2,31.35705
LR02_CMIP7hist_noMR,1937,12,labsea,MLD2,53.47758
LR02_CMIP7hist_noMR,1937,1,interior,MLD2,187.13129
LR02_CMIP7hist_noMR,1937,2,interior,MLD2,525.52163
LR02_CMIP7hist_noMR,1937,3,interior,MLD2,1341.78686
LR02_CMIP7hist_noMR,1937,4,interior,MLD2,1044.01340
LR02_CMIP7hist_noMR,1937,5,interior,MLD2,553.94917
LR02_CMIP7hist_noMR,1937,6,interior,MLD2,18.82996
LR02_CMIP7hist_noMR,1937,7,interior,MLD2,14.83137
LR02_CMIP7hist_noMR,1937,8,interior,MLD2,15.17621
LR02_CMIP7hist_noMR,1937,9,interior,MLD2,18.59765
LR02_CMIP7hist_noMR,1937,10,interior,MLD2,27.47989
LR02_CMIP7hist_noMR,1937,11,interior,MLD2,37.58709
LR02_CMIP7hist_noMR,1937,12,interior,MLD2,61.71559
LR02_CMIP7hist_noMR,1938,1,labsea,a_ice,0.27167
LR02_CMIP7hist_noMR,1938,2,labsea,a_ice,0.29817
LR02_CMIP7hist_noMR,1938,3,labsea,a_ice,0.27291
LR02_CMIP7hist_noMR,1938,4,labsea,a_ice,0.26251
LR02_CMIP7hist_noMR,1938,5,labsea,a_ice,0.24209
LR02_CMIP7hist_noMR,1938,6,labsea,a_ice,0.13501
LR02_CMIP7hist_noMR,1938,7,labsea,a_ice,0.02913
LR02_CMIP7hist_noMR,1938,8,labsea,a_ice,0.00176
LR02_CMIP7hist_noMR,1938,9,labsea,a_ice,0.00000
LR02_CMIP7hist_noMR,1938,10,labsea,a_ice,0.00235
LR02_CMIP7hist_noMR,1938,11,labsea,a_ice,0.03817
LR02_CMIP7hist_noMR,1938,12,labsea,a_ice,0.11620
LR02_CMIP7hist_noMR,1938,1,interior,a_ice,0.09644
LR02_CMIP7hist_noMR,1938,2,interior,a_ice,0.11011
LR02_CMIP7hist_noMR,1938,3,interior,a_ice,0.07508
LR02_CMIP7hist_noMR,1938,4,interior,a_ice,0.08859
LR02_CMIP7hist_noMR,1938,5,interior,a_ice,0.08301
LR02_CMIP7hist_noMR,1938,6,interior,a_ice,0.02039
LR02_CMIP7hist_noMR,1938,7,interior,a_ice,0.00013
LR02_CMIP7hist_noMR,1938,8,interior,a_ice,0.00000
LR02_CMIP7hist_noMR,1938,9,interior,a_ice,0.00000
LR02_CMIP7hist_noMR,1938,10,interior,a_ice,0.00000
LR02_CMIP7hist_noMR,1938,11,interior,a_ice,0.00000
LR02_CMIP7hist_noMR,1938,12,interior,a_ice,0.00751
LR02_CMIP7hist_noMR,1938,1,labsea,MLD2,132.87242
LR02_CMIP7hist_noMR,1938,2,labsea,MLD2,370.52403
LR02_CMIP7hist_noMR,1938,3,labsea,MLD2,565.98477
LR02_CMIP7hist_noMR,1938,4,labsea,MLD2,324.48514
LR02_CMIP7hist_noMR,1938,5,labsea,MLD2,75.73078
LR02_CMIP7hist_noMR,1938,6,labsea,MLD2,19.79006
LR02_CMIP7hist_noMR,1938,7,labsea,MLD2,16.43949
LR02_CMIP7hist_noMR,1938,8,labsea,MLD2,14.85365
LR02_CMIP7hist_noMR,1938,9,labsea,MLD2,20.37139
LR02_CMIP7hist_noMR,1938,10,labsea,MLD2,28.67247
LR02_CMIP7hist_noMR,1938,11,labsea,MLD2,42.62821
LR02_CMIP7hist_noMR,1938,12,labsea,MLD2,73.13622
LR02_CMIP7hist_noMR,1938,1,interior,MLD2,179.44846
LR02_CMIP7hist_noMR,1938,2,interior,MLD2,541.02313
LR02_CMIP7hist_noMR,1938,3,interior,MLD2,878.31972
LR02_CMIP7hist_noMR,1938,4,interior,MLD2,627.22765
LR02_CMIP7hist_noMR,1938,5,interior,MLD2,138.73494
LR02_CMIP7hist_noMR,1938,6,interior,MLD2,22.50142
LR02_CMIP7hist_noMR,1938,7,interior,MLD2,19.19228
LR02_CMIP7hist_noMR,1938,8,interior,MLD2,15.96436
LR02_CMIP7hist_noMR,1938,9,interior,MLD2,21.15936
LR02_CMIP7hist_noMR,1938,10,interior,MLD2,32.10952
LR02_CMIP7hist_noMR,1938,11,interior,MLD2,52.00420
LR02_CMIP7hist_noMR,1938,12,interior,MLD2,92.30290
LR02_CMIP7hist_noMR,1939,1,labsea,a_ice,0.27160
LR02_CMIP7hist_noMR,1939,2,labsea,a_ice,0.34888
LR02_CMIP7hist_noMR,1939,3,labsea,a_ice,0.36900
LR02_CMIP7hist_noMR,1939,4,labsea,a_ice,0.32910
LR02_CMIP7hist_noMR,1939,5,labsea,a_ice,0.26091
LR02_CMIP7hist_noMR,1939,6,labsea,a_ice,0.18633
LR02_CMIP7hist_noMR,1939,7,labsea,a_ice,0.05748
LR02_CMIP7hist_noMR,1939,8,labsea,a_ice,0.00213
LR02_CMIP7hist_noMR,1939,9,labsea,a_ice,0.00000
LR02_CMIP7hist_noMR,1939,10,labsea,a_ice,0.00000
LR02_CMIP7hist_noMR,1939,11,labsea,a_ice,0.03116
LR02_CMIP7hist_noMR,1939,12,labsea,a_ice,0.17364
LR02_CMIP7hist_noMR,1939,1,interior,a_ice,0.09251
LR02_CMIP7hist_noMR,1939,2,interior,a_ice,0.16158
LR02_CMIP7hist_noMR,1939,3,interior,a_ice,0.20269
LR02_CMIP7hist_noMR,1939,4,interior,a_ice,0.23766
LR02_CMIP7hist_noMR,1939,5,interior,a_ice,0.11503
LR02_CMIP7hist_noMR,1939,6,interior,a_ice,0.04802
LR02_CMIP7hist_noMR,1939,7,interior,a_ice,0.00385
LR02_CMIP7hist_noMR,1939,8,interior,a_ice,0.00000
LR02_CMIP7hist_noMR,1939,9,interior,a_ice,0.00000
LR02_CMIP7hist_noMR,1939,10,interior,a_ice,0.00000
LR02_CMIP7hist_noMR,1939,11,interior,a_ice,0.00109
LR02_CMIP7hist_noMR,1939,12,interior,a_ice,0.08367
LR02_CMIP7hist_noMR,1939,1,labsea,MLD2,127.05838
LR02_CMIP7hist_noMR,1939,2,labsea,MLD2,238.52766
LR02_CMIP7hist_noMR,1939,3,labsea,MLD2,402.53902
LR02_CMIP7hist_noMR,1939,4,labsea,MLD2,387.59019
LR02_CMIP7hist_noMR,1939,5,labsea,MLD2,53.89023
LR02_CMIP7hist_noMR,1939,6,labsea,MLD2,16.91626
LR02_CMIP7hist_noMR,1939,7,labsea,MLD2,13.02175
LR02_CMIP7hist_noMR,1939,8,labsea,MLD2,13.07766
LR02_CMIP7hist_noMR,1939,9,labsea,MLD2,17.46992
LR02_CMIP7hist_noMR,1939,10,labsea,MLD2,21.57555
LR02_CMIP7hist_noMR,1939,11,labsea,MLD2,33.55481
LR02_CMIP7hist_noMR,1939,12,labsea,MLD2,47.29142
LR02_CMIP7hist_noMR,1939,1,interior,MLD2,188.61547
LR02_CMIP7hist_noMR,1939,2,interior,MLD2,355.48100
LR02_CMIP7hist_noMR,1939,3,interior,MLD2,715.41515
LR02_CMIP7hist_noMR,1939,4,interior,MLD2,705.50420
LR02_CMIP7hist_noMR,1939,5,interior,MLD2,74.53437
LR02_CMIP7hist_noMR,1939,6,interior,MLD2,19.12109
LR02_CMIP7hist_noMR,1939,7,interior,MLD2,14.06290
LR02_CMIP7hist_noMR,1939,8,interior,MLD2,15.18910
LR02_CMIP7hist_noMR,1939,9,interior,MLD2,18.03111
LR02_CMIP7hist_noMR,1939,10,interior,MLD2,22.46911
LR02_CMIP7hist_noMR,1939,11,interior,MLD2,33.74944
LR02_CMIP7hist_noMR,1939,12,interior,MLD2,60.01655
LR02_CMIP7hist_noMR,1940,1,labsea,a_ice,0.27856
LR02_CMIP7hist_noMR,1940,2,labsea,a_ice,0.33304
LR02_CMIP7hist_noMR,1940,3,labsea,a_ice,0.44842
LR02_CMIP7hist_noMR,1940,4,labsea,a_ice,0.36716
LR02_CMIP7hist_noMR,1940,5,labsea,a_ice,0.30684
LR02_CMIP7hist_noMR,1940,6,labsea,a_ice,0.16989
LR02_CMIP7hist_noMR,1940,7,labsea,a_ice,0.05423
LR02_CMIP7hist_noMR,1940,8,labsea,a_ice,0.00425
LR02_CMIP7hist_noMR,1940,9,labsea,a_ice,0.00000
LR02_CMIP7hist_noMR,1940,10,labsea,a_ice,0.00000
LR02_CMIP7hist_noMR,1940,11,labsea,a_ice,0.00689
LR02_CMIP7hist_noMR,1940,12,labsea,a_ice,0.08752
LR02_CMIP7hist_noMR,1940,1,interior,a_ice,0.10959
LR02_CMIP7hist_noMR,1940,2,interior,a_ice,0.18137
LR02_CMIP7hist_noMR,1940,3,interior,a_ice,0.34015
LR02_CMIP7hist_noMR,1940,4,interior,a_ice,0.17997
LR02_CMIP7hist_noMR,1940,5,interior,a_ice,0.14267
LR02_CMIP7hist_noMR,1940,6,interior,a_ice,0.05696
LR02_CMIP7hist_noMR,1940,7,interior,a_ice,0.00385
LR02_CMIP7hist_noMR,1940,8,interior,a_ice,0.00000
LR02_CMIP7hist_noMR,1940,9,interior,a_ice,0.00000
LR02_CMIP7hist_noMR,1940,10,interior,a_ice,0.00000
LR02_CMIP7hist_noMR,1940,11,interior,a_ice,0.00000
LR02_CMIP7hist_noMR,1940,12,interior,a_ice,0.01188
LR02_CMIP7hist_noMR,1940,1,labsea,MLD2,72.12129
LR02_CMIP7hist_noMR,1940,2,labsea,MLD2,95.86905
LR02_CMIP7hist_noMR,1940,3,labsea,MLD2,86.34268
LR02_CMIP7hist_noMR,1940,4,labsea,MLD2,87.36350
LR02_CMIP7hist_noMR,1940,5,labsea,MLD2,44.46141
LR02_CMIP7hist_noMR,1940,6,labsea,MLD2,19.85487
LR02_CMIP7hist_noMR,1940,7,labsea,MLD2,14.65948
LR02_CMIP7hist_noMR,1940,8,labsea,MLD2,13.85013
LR02_CMIP7hist_noMR,1940,9,labsea,MLD2,17.39540
LR02_CMIP7hist_noMR,1940,10,labsea,MLD2,19.42847
LR02_CMIP7hist_noMR,1940,11,labsea,MLD2,29.25879
LR02_CMIP7hist_noMR,1940,12,labsea,MLD2,42.11903
LR02_CMIP7hist_noMR,1940,1,interior,MLD2,112.36165
LR02_CMIP7hist_noMR,1940,2,interior,MLD2,144.86795
LR02_CMIP7hist_noMR,1940,3,interior,MLD2,99.89037
LR02_CMIP7hist_noMR,1940,4,interior,MLD2,121.57628
LR02_CMIP7hist_noMR,1940,5,interior,MLD2,54.94821
LR02_CMIP7hist_noMR,1940,6,interior,MLD2,22.62959
LR02_CMIP7hist_noMR,1940,7,interior,MLD2,17.05148
LR02_CMIP7hist_noMR,1940,8,interior,MLD2,15.18698
LR02_CMIP7hist_noMR,1940,9,interior,MLD2,17.63309
LR02_CMIP7hist_noMR,1940,10,interior,MLD2,19.81605
LR02_CMIP7hist_noMR,1940,11,interior,MLD2,31.76590
LR02_CMIP7hist_noMR,1940,12,interior,MLD2,45.28871
LR02_CMIP7hist_noMR,1941,1,labsea,a_ice,0.25030
LR02_CMIP7hist_noMR,1941,2,labsea,a_ice,0.35228
LR02_CMIP7hist_noMR,1941,3,labsea,a_ice,0.35947
LR02_CMIP7hist_noMR,1941,4,labsea,a_ice,0.30639
LR02_CMIP7hist_noMR,1941,5,labsea,a_ice,0.28023
LR02_CMIP7hist_noMR,1941,6,labsea,a_ice,0.19239
LR02_CMIP7hist_noMR,1941,7,labsea,a_ice,0.04548
LR02_CMIP7hist_noMR,1941,8,labsea,a_ice,0.00109
LR02_CMIP7hist_noMR,1941,9,labsea,a_ice,0.00000
LR02_CMIP7hist_noMR,1941,10,labsea,a_ice,0.00004
LR02_CMIP7hist_noMR,1941,11,labsea,a_ice,0.01681
LR02_CMIP7hist_noMR,1941,12,labsea,a_ice,0.13845
LR02_CMIP7hist_noMR,1941,1,interior,a_ice,0.07982
LR02_CMIP7hist_noMR,1941,2,interior,a_ice,0.18927
LR02_CMIP7hist_noMR,1941,3,interior,a_ice,0.17227
LR02_CMIP7hist_noMR,1941,4,interior,a_ice,0.10954
LR02_CMIP7hist_noMR,1941,5,interior,a_ice,0.11435
LR02_CMIP7hist_noMR,1941,6,interior,a_ice,0.06675
LR02_CMIP7hist_noMR,1941,7,interior,a_ice,0.00559
LR02_CMIP7hist_noMR,1941,8,interior,a_ice,0.00000
LR02_CMIP7hist_noMR,1941,9,interior,a_ice,0.00000
LR02_CMIP7hist_noMR,1941,10,interior,a_ice,0.00000
LR02_CMIP7hist_noMR,1941,11,interior,a_ice,0.00000
LR02_CMIP7hist_noMR,1941,12,interior,a_ice,0.04764
LR02_CMIP7hist_noMR,1941,1,labsea,MLD2,91.45855
LR02_CMIP7hist_noMR,1941,2,labsea,MLD2,203.65501
LR02_CMIP7hist_noMR,1941,3,labsea,MLD2,394.35764
LR02_CMIP7hist_noMR,1941,4,labsea,MLD2,310.31881
LR02_CMIP7hist_noMR,1941,5,labsea,MLD2,73.87020
LR02_CMIP7hist_noMR,1941,6,labsea,MLD2,15.81515
LR02_CMIP7hist_noMR,1941,7,labsea,MLD2,12.88586
LR02_CMIP7hist_noMR,1941,8,labsea,MLD2,13.34944
LR02_CMIP7hist_noMR,1941,9,labsea,MLD2,18.49551
LR02_CMIP7hist_noMR,1941,10,labsea,MLD2,23.33937
LR02_CMIP7hist_noMR,1941,11,labsea,MLD2,30.69167
LR02_CMIP7hist_noMR,1941,12,labsea,MLD2,58.57639
LR02_CMIP7hist_noMR,1941,1,interior,MLD2,120.75518
LR02_CMIP7hist_noMR,1941,2,interior,MLD2,312.24374
LR02_CMIP7hist_noMR,1941,3,interior,MLD2,685.51059
LR02_CMIP7hist_noMR,1941,4,interior,MLD2,607.42522
LR02_CMIP7hist_noMR,1941,5,interior,MLD2,140.16630
LR02_CMIP7hist_noMR,1941,6,interior,MLD2,16.87580
LR02_CMIP7hist_noMR,1941,7,interior,MLD2,15.11872
LR02_CMIP7hist_noMR,1941,8,interior,MLD2,15.29177
LR02_CMIP7hist_noMR,1941,9,interior,MLD2,18.10837
LR02_CMIP7hist_noMR,1941,10,interior,MLD2,23.24930
LR02_CMIP7hist_noMR,1941,11,interior,MLD2,30.31996
LR02_CMIP7hist_noMR,1941,12,interior,MLD2,76.59859
LR02_CMIP7hist_noMR,1942,1,labsea,a_ice,0.31638
LR02_CMIP7hist_noMR,1942,2,labsea,a_ice,0.32202
LR02_CMIP7hist_noMR,1942,3,labsea,a_ice,0.27605
LR02_CMIP7hist_noMR,1942,4,labsea,a_ice,0.26682
LR02_CMIP7hist_noMR,1942,5,labsea,a_ice,0.23382
LR02_CMIP7hist_noMR,1942,6,labsea,a_ice,0.14787
LR02_CMIP7hist_noMR,1942,7,labsea,a_ice,0.05195
LR02_CMIP7hist_noMR,1942,8,labsea,a_ice,0.00134
LR02_CMIP7hist_noMR,1942,9,labsea,a_ice,0.00000
LR02_CMIP7hist_noMR,1942,10,labsea,a_ice,0.00000
LR02_CMIP7hist_noMR,1942,11,labsea,a_ice,0.01329
LR02_CMIP7hist_noMR,1942,12,labsea,a_ice,0.09693
LR02_CMIP7hist_noMR,1942,1,interior,a_ice,0.12577
LR02_CMIP7hist_noMR,1942,2,interior,a_ice,0.10615
LR02_CMIP7hist_noMR,1942,3,interior,a_ice,0.08257
LR02_CMIP7hist_noMR,1942,4,interior,a_ice,0.08730
LR02_CMIP7hist_noMR,1942,5,interior,a_ice,0.05134
LR02_CMIP7hist_noMR,1942,6,interior,a_ice,0.00511
LR02_CMIP7hist_noMR,1942,7,interior,a_ice,0.00619
LR02_CMIP7hist_noMR,1942,8,interior,a_ice,0.00000
LR02_CMIP7hist_noMR,1942,9,interior,a_ice,0.00000
LR02_CMIP7hist_noMR,1942,10,interior,a_ice,0.00000
LR02_CMIP7hist_noMR,1942,11,interior,a_ice,0.00000
LR02_CMIP7hist_noMR,1942,12,interior,a_ice,0.00528
LR02_CMIP7hist_noMR,1942,1,labsea,MLD2,185.50515
LR02_CMIP7hist_noMR,1942,2,labsea,MLD2,294.83615
LR02_CMIP7hist_noMR,1942,3,labsea,MLD2,311.03133
LR02_CMIP7hist_noMR,1942,4,labsea,MLD2,174.44468
LR02_CMIP7hist_noMR,1942,5,labsea,MLD2,46.38655
LR02_CMIP7hist_noMR,1942,6,labsea,MLD2,16.18961
LR02_CMIP7hist_noMR,1942,7,labsea,MLD2,11.58502
LR02_CMIP7hist_noMR,1942,8,labsea,MLD2,12.44893
LR02_CMIP7hist_noMR,1942,9,labsea,MLD2,15.54287
LR02_CMIP7hist_noMR,1942,10,labsea,MLD2,24.02642
LR02_CMIP7hist_noMR,1942,11,labsea,MLD2,33.70507
LR02_CMIP7hist_noMR,1942,12,labsea,MLD2,54.86653
LR02_CMIP7hist_noMR,1942,1,interior,MLD2,304.23572
LR02_CMIP7hist_noMR,1942,2,interior,MLD2,563.68283
LR02_CMIP7hist_noMR,1942,3,interior,MLD2,599.31189
LR02_CMIP7hist_noMR,1942,4,interior,MLD2,363.07004
LR02_CMIP7hist_noMR,1942,5,interior,MLD2,84.72968
LR02_CMIP7hist_noMR,1942,6,interior,MLD2,19.19810
LR02_CMIP7hist_noMR,1942,7,interior,MLD2,13.41257
LR02_CMIP7hist_noMR,1942,8,interior,MLD2,13.91644
LR02_CMIP7hist_noMR,1942,9,interior,MLD2,16.96542
LR02_CMIP7hist_noMR,1942,10,interior,MLD2,25.07921
LR02_CMIP7hist_noMR,1942,11,interior,MLD2,35.66828
LR02_CMIP7hist_noMR,1942,12,interior,MLD2,71.49928
LR02_CMIP7hist_noMR,1943,1,labsea,a_ice,0.28727
LR02_CMIP7hist_noMR,1943,2,labsea,a_ice,0.42304
LR02_CMIP7hist_noMR,1943,3,labsea,a_ice,0.47642
LR02_CMIP7hist_noMR,1943,4,labsea,a_ice,0.41384
LR02_CMIP7hist_noMR,1943,5,labsea,a_ice,0.29372
LR02_CMIP7hist_noMR,1943,6,labsea,a_ice,0.19315
LR02_CMIP7hist_noMR,1943,7,labsea,a_ice,0.05897
LR02_CMIP7hist_noMR,1943,8,labsea,a_ice,0.00049
LR02_CMIP7hist_noMR,1943,9,labsea,a_ice,0.00000
LR02_CMIP7hist_noMR,1943,10,labsea,a_ice,0.00004
LR02_CMIP7hist_noMR,1943,11,labsea,a_ice,0.04353
LR02_CMIP7hist_noMR,1943,12,labsea,a_ice,0.19705
LR02_CMIP7hist_noMR,1943,1,interior,a_ice,0.13988
LR02_CMIP7hist_noMR,1943,2,interior,a_ice,0.25133
LR02_CMIP7hist_noMR,1943,3,interior,a_ice,0.40900
LR02_CMIP7hist_noMR,1943,4,interior,a_ice,0.30210
LR02_CMIP7hist_noMR,1943,5,interior,a_ice,0.09196
LR02_CMIP7hist_noMR,1943,6,interior,a_ice,0.03178
LR02_CMIP7hist_noMR,1943,7,interior,a_ice,0.00196
LR02_CMIP7hist_noMR,1943,8,interior,a_ice,0.00000
LR02_CMIP7hist_noMR,1943,9,interior,a_ice,0.00000
LR02_CMIP7hist_noMR,1943,10,interior,a_ice,0.00000
LR02_CMIP7hist_noMR,1943,11,interior,a_ice,0.00206
LR02_CMIP7hist_noMR,1943,12,interior,a_ice,0.05090
LR02_CMIP7hist_noMR,1943,1,labsea,MLD2,92.57069
LR02_CMIP7hist_noMR,1943,2,labsea,MLD2,225.65780
LR02_CMIP7hist_noMR,1943,3,labsea,MLD2,437.64095
LR02_CMIP7hist_noMR,1943,4,labsea,MLD2,405.01780
LR02_CMIP7hist_noMR,1943,5,labsea,MLD2,108.84990
LR02_CMIP7hist_noMR,1943,6,labsea,MLD2,14.56138
LR02_CMIP7hist_noMR,1943,7,labsea,MLD2,13.35188
LR02_CMIP7hist_noMR,1943,8,labsea,MLD2,13.21465
LR02_CMIP7hist_noMR,1943,9,labsea,MLD2,16.57157
LR02_CMIP7hist_noMR,1943,10,labsea,MLD2,26.54338
LR02_CMIP7hist_noMR,1943,11,labsea,MLD2,36.20559
LR02_CMIP7hist_noMR,1943,12,labsea,MLD2,58.24149
LR02_CMIP7hist_noMR,1943,1,interior,MLD2,147.71470
LR02_CMIP7hist_noMR,1943,2,interior,MLD2,332.35548
LR02_CMIP7hist_noMR,1943,3,interior,MLD2,674.84044
LR02_CMIP7hist_noMR,1943,4,interior,MLD2,584.71983
LR02_CMIP7hist_noMR,1943,5,interior,MLD2,149.70143
LR02_CMIP7hist_noMR,1943,6,interior,MLD2,17.42804
LR02_CMIP7hist_noMR,1943,7,interior,MLD2,15.51149
LR02_CMIP7hist_noMR,1943,8,interior,MLD2,14.49392
LR02_CMIP7hist_noMR,1943,9,interior,MLD2,16.93987
LR02_CMIP7hist_noMR,1943,10,interior,MLD2,27.83779
LR02_CMIP7hist_noMR,1943,11,interior,MLD2,38.61768
LR02_CMIP7hist_noMR,1943,12,interior,MLD2,63.21446
LR02_CMIP7hist_noMR,1944,1,labsea,a_ice,0.35398
LR02_CMIP7hist_noMR,1944,2,labsea,a_ice,0.46026
LR02_CMIP7hist_noMR,1944,3,labsea,a_ice,0.46626
LR02_CMIP7hist_noMR,1944,4,labsea,a_ice,0.44790
LR02_CMIP7hist_noMR,1944,5,labsea,a_ice,0.40258
LR02_CMIP7hist_noMR,1944,6,labsea,a_ice,0.27671
LR02_CMIP7hist_noMR,1944,7,labsea,a_ice,0.06710
LR02_CMIP7hist_noMR,1944,8,labsea,a_ice,0.00084
LR02_CMIP7hist_noMR,1944,9,labsea,a_ice,0.00000
LR02_CMIP7hist_noMR,1944,10,labsea,a_ice,0.00000
LR02_CMIP7hist_noMR,1944,11,labsea,a_ice,0.01624
LR02_CMIP7hist_noMR,1944,12,labsea,a_ice,0.23014
LR02_CMIP7hist_noMR,1944,1,interior,a_ice,0.20252
LR02_CMIP7hist_noMR,1944,2,interior,a_ice,0.46212
LR02_CMIP7hist_noMR,1944,3,interior,a_ice,0.44146
LR02_CMIP7hist_noMR,1944,4,interior,a_ice,0.42716
LR02_CMIP7hist_noMR,1944,5,interior,a_ice,0.34005
LR02_CMIP7hist_noMR,1944,6,interior,a_ice,0.15148
LR02_CMIP7hist_noMR,1944,7,interior,a_ice,0.00199
LR02_CMIP7hist_noMR,1944,8,interior,a_ice,0.00000
LR02_CMIP7hist_noMR,1944,9,interior,a_ice,0.00000
LR02_CMIP7hist_noMR,1944,10,interior,a_ice,0.00000
LR02_CMIP7hist_noMR,1944,11,interior,a_ice,0.00050
LR02_CMIP7hist_noMR,1944,12,interior,a_ice,0.10681
LR02_CMIP7hist_noMR,1944,1,labsea,MLD2,118.09130
LR02_CMIP7hist_noMR,1944,2,labsea,MLD2,291.87193
LR02_CMIP7hist_noMR,1944,3,labsea,MLD2,468.39846
LR02_CMIP7hist_noMR,1944,4,labsea,MLD2,460.57755
LR02_CMIP7hist_noMR,1944,5,labsea,MLD2,102.86437
LR02_CMIP7hist_noMR,1944,6,labsea,MLD2,15.10115
LR02_CMIP7hist_noMR,1944,7,labsea,MLD2,13.16142
LR02_CMIP7hist_noMR,1944,8,labsea,MLD2,13.51705
LR02_CMIP7hist_noMR,1944,9,labsea,MLD2,17.68895
LR02_CMIP7hist_noMR,1944,10,labsea,MLD2,27.73655
LR02_CMIP7hist_noMR,1944,11,labsea,MLD2,39.41242
LR02_CMIP7hist_noMR,1944,12,labsea,MLD2,63.39726
LR02_CMIP7hist_noMR,1944,1,interior,MLD2,136.06112
LR02_CMIP7hist_noMR,1944,2,interior,MLD2,135.80484
LR02_CMIP7hist_noMR,1944,3,interior,MLD2,191.48238
LR02_CMIP7hist_noMR,1944,4,interior,MLD2,264.69241
LR02_CMIP7hist_noMR,1944,5,interior,MLD2,67.56541
LR02_CMIP7hist_noMR,1944,6,interior,MLD2,15.41462
LR02_CMIP7hist_noMR,1944,7,interior,MLD2,14.40087
LR02_CMIP7hist_noMR,1944,8,interior,MLD2,15.35120
LR02_CMIP7hist_noMR,1944,9,interior,MLD2,19.90985
LR02_CMIP7hist_noMR,1944,10,interior,MLD2,30.32140
LR02_CMIP7hist_noMR,1944,11,interior,MLD2,43.01052
LR02_CMIP7hist_noMR,1944,12,interior,MLD2,79.78957
LR02_CMIP7hist_noMR,1945,1,labsea,a_ice,0.34911
LR02_CMIP7hist_noMR,1945,2,labsea,a_ice,0.43630
LR02_CMIP7hist_noMR,1945,3,labsea,a_ice,0.55245
LR02_CMIP7hist_noMR,1945,4,labsea,a_ice,0.44190
LR02_CMIP7hist_noMR,1945,5,labsea,a_ice,0.39072
LR02_CMIP7hist_noMR,1945,6,labsea,a_ice,0.26205
LR02_CMIP7hist_noMR,1945,7,labsea,a_ice,0.09363
LR02_CMIP7hist_noMR,1945,8,labsea,a_ice,0.00280
LR02_CMIP7hist_noMR,1945,9,labsea,a_ice,0.00000
LR02_CMIP7hist_noMR,1945,10,labsea,a_ice,0.00000
LR02_CMIP7hist_noMR,1945,11,labsea,a_ice,0.01358
LR02_CMIP7hist_noMR,1945,12,labsea,a_ice,0.18193
LR02_CMIP7hist_noMR,1945,1,interior,a_ice,0.16262
LR02_CMIP7hist_noMR,1945,2,interior,a_ice,0.31012
LR02_CMIP7hist_noMR,1945,3,interior,a_ice,0.54416
LR02_CMIP7hist_noMR,1945,4,interior,a_ice,0.39383
LR02_CMIP7hist_noMR,1945,5,interior,a_ice,0.28806
LR02_CMIP7hist_noMR,1945,6,interior,a_ice,0.14025
LR02_CMIP7hist_noMR,1945,7,interior,a_ice,0.04612
LR02_CMIP7hist_noMR,1945,8,interior,a_ice,0.00000
LR02_CMIP7hist_noMR,1945,9,interior,a_ice,0.00000
LR02_CMIP7hist_noMR,1945,10,interior,a_ice,0.00000
LR02_CMIP7hist_noMR,1945,11,interior,a_ice,0.00004
LR02_CMIP7hist_noMR,1945,12,interior,a_ice,0.04140
LR02_CMIP7hist_noMR,1945,1,labsea,MLD2,190.71414
LR02_CMIP7hist_noMR,1945,2,labsea,MLD2,500.67382
LR02_CMIP7hist_noMR,1945,3,labsea,MLD2,429.87946
LR02_CMIP7hist_noMR,1945,4,labsea,MLD2,171.54589
LR02_CMIP7hist_noMR,1945,5,labsea,MLD2,36.61880
LR02_CMIP7hist_noMR,1945,6,labsea,MLD2,17.34151
LR02_CMIP7hist_noMR,1945,7,labsea,MLD2,12.77000
LR02_CMIP7hist_noMR,1945,8,labsea,MLD2,11.83323
LR02_CMIP7hist_noMR,1945,9,labsea,MLD2,16.50272
LR02_CMIP7hist_noMR,1945,10,labsea,MLD2,23.78085
LR02_CMIP7hist_noMR,1945,11,labsea,MLD2,34.17964
LR02_CMIP7hist_noMR,1945,12,labsea,MLD2,68.11714
LR02_CMIP7hist_noMR,1945,1,interior,MLD2,301.04076
LR02_CMIP7hist_noMR,1945,2,interior,MLD2,848.39260
LR02_CMIP7hist_noMR,1945,3,interior,MLD2,529.38085
LR02_CMIP7hist_noMR,1945,4,interior,MLD2,67.28767
LR02_CMIP7hist_noMR,1945,5,interior,MLD2,24.88964
LR02_CMIP7hist_noMR,1945,6,interior,MLD2,18.71298
LR02_CMIP7hist_noMR,1945,7,interior,MLD2,14.10425
LR02_CMIP7hist_noMR,1945,8,interior,MLD2,13.50344
LR02_CMIP7hist_noMR,1945,9,interior,MLD2,17.37826
LR02_CMIP7hist_noMR,1945,10,interior,MLD2,24.79688
LR02_CMIP7hist_noMR,1945,11,interior,MLD2,33.08620
LR02_CMIP7hist_noMR,1945,12,interior,MLD2,75.12757
LR02_CMIP7hist_noMR,1946,1,labsea,a_ice,0.36854
LR02_CMIP7hist_noMR,1946,2,labsea,a_ice,0.41995
LR02_CMIP7hist_noMR,1946,3,labsea,a_ice,0.44227
LR02_CMIP7hist_noMR,1946,4,labsea,a_ice,0.38851
LR02_CMIP7hist_noMR,1946,5,labsea,a_ice,0.31685
LR02_CMIP7hist_noMR,1946,6,labsea,a_ice,0.22023
LR02_CMIP7hist_noMR,1946,7,labsea,a_ice,0.06610
LR02_CMIP7hist_noMR,1946,8,labsea,a_ice,0.00240
LR02_CMIP7hist_noMR,1946,9,labsea,a_ice,0.00000
LR02_CMIP7hist_noMR,1946,10,labsea,a_ice,0.00118
LR02_CMIP7hist_noMR,1946,11,labsea,a_ice,0.04075
LR02_CMIP7hist_noMR,1946,12,labsea,a_ice,0.18310
LR02_CMIP7hist_noMR,1946,1,interior,a_ice,0.21325
LR02_CMIP7hist_noMR,1946,2,interior,a_ice,0.25847
LR02_CMIP7hist_noMR,1946,3,interior,a_ice,0.24708
LR02_CMIP7hist_noMR,1946,4,interior,a_ice,0.17757
LR02_CMIP7hist_noMR,1946,5,interior,a_ice,0.11604
LR02_CMIP7hist_noMR,1946,6,interior,a_ice,0.03640
LR02_CMIP7hist_noMR,1946,7,interior,a_ice,0.01298
LR02_CMIP7hist_noMR,1946,8,interior,a_ice,0.00000
LR02_CMIP7hist_noMR,1946,9,interior,a_ice,0.00000
LR02_CMIP7hist_noMR,1946,10,interior,a_ice,0.00000
LR02_CMIP7hist_noMR,1946,11,interior,a_ice,0.00015
LR02_CMIP7hist_noMR,1946,12,interior,a_ice,0.04815
LR02_CMIP7hist_noMR,1946,1,labsea,MLD2,342.77999
LR02_CMIP7hist_noMR,1946,2,labsea,MLD2,743.30944
LR02_CMIP7hist_noMR,1946,3,labsea,MLD2,850.01023
LR02_CMIP7hist_noMR,1946,4,labsea,MLD2,776.00290
LR02_CMIP7hist_noMR,1946,5,labsea,MLD2,189.82528
LR02_CMIP7hist_noMR,1946,6,labsea,MLD2,15.04716
LR02_CMIP7hist_noMR,1946,7,labsea,MLD2,12.95164
LR02_CMIP7hist_noMR,1946,8,labsea,MLD2,12.76165
LR02_CMIP7hist_noMR,1946,9,labsea,MLD2,16.88916
LR02_CMIP7hist_noMR,1946,10,labsea,MLD2,24.97097
LR02_CMIP7hist_noMR,1946,11,labsea,MLD2,37.12592
LR02_CMIP7hist_noMR,1946,12,labsea,MLD2,64.93760
LR02_CMIP7hist_noMR,1946,1,interior,MLD2,409.30438
LR02_CMIP7hist_noMR,1946,2,interior,MLD2,1195.68866
LR02_CMIP7hist_noMR,1946,3,interior,MLD2,1517.19455
LR02_CMIP7hist_noMR,1946,4,interior,MLD2,1522.08404
LR02_CMIP7hist_noMR,1946,5,interior,MLD2,368.13592
LR02_CMIP7hist_noMR,1946,6,interior,MLD2,17.90244
LR02_CMIP7hist_noMR,1946,7,interior,MLD2,14.66851
LR02_CMIP7hist_noMR,1946,8,interior,MLD2,14.45860
LR02_CMIP7hist_noMR,1946,9,interior,MLD2,18.78503
LR02_CMIP7hist_noMR,1946,10,interior,MLD2,27.61710
LR02_CMIP7hist_noMR,1946,11,interior,MLD2,42.11336
LR02_CMIP7hist_noMR,1946,12,interior,MLD2,64.92208
LR02_CMIP7hist_noMR,1947,1,labsea,a_ice,0.35147
LR02_CMIP7hist_noMR,1947,2,labsea,a_ice,0.39327
LR02_CMIP7hist_noMR,1947,3,labsea,a_ice,0.42248
LR02_CMIP7hist_noMR,1947,4,labsea,a_ice,0.42063
LR02_CMIP7hist_noMR,1947,5,labsea,a_ice,0.35549
LR02_CMIP7hist_noMR,1947,6,labsea,a_ice,0.13937
LR02_CMIP7hist_noMR,1947,7,labsea,a_ice,0.00791
LR02_CMIP7hist_noMR,1947,8,labsea,a_ice,0.00000
LR02_CMIP7hist_noMR,1947,9,labsea,a_ice,0.00000
LR02_CMIP7hist_noMR,1947,10,labsea,a_ice,0.00000
LR02_CMIP7hist_noMR,1947,11,labsea,a_ice,0.05542
LR02_CMIP7hist_noMR,1947,12,labsea,a_ice,0.21947
LR02_CMIP7hist_noMR,1947,1,interior,a_ice,0.19327
LR02_CMIP7hist_noMR,1947,2,interior,a_ice,0.23374
LR02_CMIP7hist_noMR,1947,3,interior,a_ice,0.28196
LR02_CMIP7hist_noMR,1947,4,interior,a_ice,0.25402
LR02_CMIP7hist_noMR,1947,5,interior,a_ice,0.18806
LR02_CMIP7hist_noMR,1947,6,interior,a_ice,0.06501
LR02_CMIP7hist_noMR,1947,7,interior,a_ice,0.00060
LR02_CMIP7hist_noMR,1947,8,interior,a_ice,0.00000
LR02_CMIP7hist_noMR,1947,9,interior,a_ice,0.00000
LR02_CMIP7hist_noMR,1947,10,interior,a_ice,0.00000
LR02_CMIP7hist_noMR,1947,11,interior,a_ice,0.00004
LR02_CMIP7hist_noMR,1947,12,interior,a_ice,0.07226
LR02_CMIP7hist_noMR,1947,1,labsea,MLD2,330.21765
LR02_CMIP7hist_noMR,1947,2,labsea,MLD2,748.38792
LR02_CMIP7hist_noMR,1947,3,labsea,MLD2,974.25163
LR02_CMIP7hist_noMR,1947,4,labsea,MLD2,734.85890
LR02_CMIP7hist_noMR,1947,5,labsea,MLD2,139.77781
LR02_CMIP7hist_noMR,1947,6,labsea,MLD2,12.26334
LR02_CMIP7hist_noMR,1947,7,labsea,MLD2,10.69946
LR02_CMIP7hist_noMR,1947,8,labsea,MLD2,11.44536
LR02_CMIP7hist_noMR,1947,9,labsea,MLD2,17.29504
LR02_CMIP7hist_noMR,1947,10,labsea,MLD2,22.85411
LR02_CMIP7hist_noMR,1947,11,labsea,MLD2,46.41501
LR02_CMIP7hist_noMR,1947,12,labsea,MLD2,116.56316
LR02_CMIP7hist_noMR,1947,1,interior,MLD2,302.63351
LR02_CMIP7hist_noMR,1947,2,interior,MLD2,1024.08484
LR02_CMIP7hist_noMR,1947,3,interior,MLD2,1615.39461
LR02_CMIP7hist_noMR,1947,4,interior,MLD2,1226.22635
LR02_CMIP7hist_noMR,1947,5,interior,MLD2,255.67587
LR02_CMIP7hist_noMR,1947,6,interior,MLD2,13.84905
LR02_CMIP7hist_noMR,1947,7,interior,MLD2,12.28703
LR02_CMIP7hist_noMR,1947,8,interior,MLD2,13.02410
LR02_CMIP7hist_noMR,1947,9,interior,MLD2,18.35869
LR02_CMIP7hist_noMR,1947,10,interior,MLD2,24.08599
LR02_CMIP7hist_noMR,1947,11,interior,MLD2,49.84691
LR02_CMIP7hist_noMR,1947,12,interior,MLD2,156.27218
LR02_CMIP7hist_noMR,1948,1,labsea,a_ice,0.35812
LR02_CMIP7hist_noMR,1948,2,labsea,a_ice,0.39260
LR02_CMIP7hist_noMR,1948,3,labsea,a_ice,0.37011
LR02_CMIP7hist_noMR,1948,4,labsea,a_ice,0.37133
LR02_CMIP7hist_noMR,1948,5,labsea,a_ice,0.30810
LR02_CMIP7hist_noMR,1948,6,labsea,a_ice,0.21417
LR02_CMIP7hist_noMR,1948,7,labsea,a_ice,0.04878
LR02_CMIP7hist_noMR,1948,8,labsea,a_ice,0.00024
LR02_CMIP7hist_noMR,1948,9,labsea,a_ice,0.00000
LR02_CMIP7hist_noMR,1948,10,labsea,a_ice,0.00008
LR02_CMIP7hist_noMR,1948,11,labsea,a_ice,0.03296
LR02_CMIP7hist_noMR,1948,12,labsea,a_ice,0.20986
LR02_CMIP7hist_noMR,1948,1,interior,a_ice,0.18743
LR02_CMIP7hist_noMR,1948,2,interior,a_ice,0.22892
LR02_CMIP7hist_noMR,1948,3,interior,a_ice,0.20721
LR02_CMIP7hist_noMR,1948,4,interior,a_ice,0.18010
LR02_CMIP7hist_noMR,1948,5,interior,a_ice,0.14866
LR02_CMIP7hist_noMR,1948,6,interior,a_ice,0.06545
LR02_CMIP7hist_noMR,1948,7,interior,a_ice,0.01604
LR02_CMIP7hist_noMR,1948,8,interior,a_ice,0.00000
LR02_CMIP7hist_noMR,1948,9,interior,a_ice,0.00000
LR02_CMIP7hist_noMR,1948,10,interior,a_ice,0.00000
LR02_CMIP7hist_noMR,1948,11,interior,a_ice,0.00022
LR02_CMIP7hist_noMR,1948,12,interior,a_ice,0.05937
LR02_CMIP7hist_noMR,1948,1,labsea,MLD2,594.09847
LR02_CMIP7hist_noMR,1948,2,labsea,MLD2,1098.81234
LR02_CMIP7hist_noMR,1948,3,labsea,MLD2,983.58780
LR02_CMIP7hist_noMR,1948,4,labsea,MLD2,554.84357
LR02_CMIP7hist_noMR,1948,5,labsea,MLD2,90.23364
LR02_CMIP7hist_noMR,1948,6,labsea,MLD2,16.25816
LR02_CMIP7hist_noMR,1948,7,labsea,MLD2,15.90963
LR02_CMIP7hist_noMR,1948,8,labsea,MLD2,14.22439
LR02_CMIP7hist_noMR,1948,9,labsea,MLD2,20.09334
LR02_CMIP7hist_noMR,1948,10,labsea,MLD2,25.01988
LR02_CMIP7hist_noMR,1948,11,labsea,MLD2,43.23624
LR02_CMIP7hist_noMR,1948,12,labsea,MLD2,139.27675
LR02_CMIP7hist_noMR,1948,1,interior,MLD2,972.51435
LR02_CMIP7hist_noMR,1948,2,interior,MLD2,1812.29570
LR02_CMIP7hist_noMR,1948,3,interior,MLD2,1627.73637
LR02_CMIP7hist_noMR,1948,4,interior,MLD2,859.45075
LR02_CMIP7hist_noMR,1948,5,interior,MLD2,151.43787
LR02_CMIP7hist_noMR,1948,6,interior,MLD2,16.80286
LR02_CMIP7hist_noMR,1948,7,interior,MLD2,17.91825
LR02_CMIP7hist_noMR,1948,8,interior,MLD2,16.06241
LR02_CMIP7hist_noMR,1948,9,interior,MLD2,20.12201
LR02_CMIP7hist_noMR,1948,10,interior,MLD2,26.06468
LR02_CMIP7hist_noMR,1948,11,interior,MLD2,45.73385
LR02_CMIP7hist_noMR,1948,12,interior,MLD2,203.68624
LR02_CMIP7hist_noMR,1949,1,labsea,a_ice,0.32659
LR02_CMIP7hist_noMR,1949,2,labsea,a_ice,0.37757
LR02_CMIP7hist_noMR,1949,3,labsea,a_ice,0.39968
LR02_CMIP7hist_noMR,1949,4,labsea,a_ice,0.36309
LR02_CMIP7hist_noMR,1949,5,labsea,a_ice,0.27962
LR02_CMIP7hist_noMR,1949,6,labsea,a_ice,0.13455
LR02_CMIP7hist_noMR,1949,7,labsea,a_ice,0.01503
LR02_CMIP7hist_noMR,1949,8,labsea,a_ice,0.00000
LR02_CMIP7hist_noMR,1949,9,labsea,a_ice,0.00000
LR02_CMIP7hist_noMR,1949,10,labsea,a_ice,0.00000
LR02_CMIP7hist_noMR,1949,11,labsea,a_ice,0.02907
LR02_CMIP7hist_noMR,1949,12,labsea,a_ice,0.13067
LR02_CMIP7hist_noMR,1949,1,interior,a_ice,0.13500
LR02_CMIP7hist_noMR,1949,2,interior,a_ice,0.20884
LR02_CMIP7hist_noMR,1949,3,interior,a_ice,0.19437
LR02_CMIP7hist_noMR,1949,4,interior,a_ice,0.14984
LR02_CMIP7hist_noMR,1949,5,interior,a_ice,0.10120
LR02_CMIP7hist_noMR,1949,6,interior,a_ice,0.04637
LR02_CMIP7hist_noMR,1949,7,interior,a_ice,0.00075
LR02_CMIP7hist_noMR,1949,8,interior,a_ice,0.00000
LR02_CMIP7hist_noMR,1949,9,interior,a_ice,0.00000
LR02_CMIP7hist_noMR,1949,10,interior,a_ice,0.00000
LR02_CMIP7hist_noMR,1949,11,interior,a_ice,0.00000
LR02_CMIP7hist_noMR,1949,12,interior,a_ice,0.01792
LR02_CMIP7hist_noMR,1949,1,labsea,MLD2,683.35699
LR02_CMIP7hist_noMR,1949,2,labsea,MLD2,1067.47730
LR02_CMIP7hist_noMR,1949,3,labsea,MLD2,981.69369
LR02_CMIP7hist_noMR,1949,4,labsea,MLD2,587.69624
LR02_CMIP7hist_noMR,1949,5,labsea,MLD2,191.17705
LR02_CMIP7hist_noMR,1949,6,labsea,MLD2,14.43743
LR02_CMIP7hist_noMR,1949,7,labsea,MLD2,12.97006
LR02_CMIP7hist_noMR,1949,8,labsea,MLD2,13.62817
LR02_CMIP7hist_noMR,1949,9,labsea,MLD2,19.74979
LR02_CMIP7hist_noMR,1949,10,labsea,MLD2,28.59501
LR02_CMIP7hist_noMR,1949,11,labsea,MLD2,45.87524
LR02_CMIP7hist_noMR,1949,12,labsea,MLD2,67.50498
LR02_CMIP7hist_noMR,1949,1,interior,MLD2,1277.04316
LR02_CMIP7hist_noMR,1949,2,interior,MLD2,1799.87605
LR02_CMIP7hist_noMR,1949,3,interior,MLD2,1649.68429
LR02_CMIP7hist_noMR,1949,4,interior,MLD2,1031.46980
LR02_CMIP7hist_noMR,1949,5,interior,MLD2,383.88502
LR02_CMIP7hist_noMR,1949,6,interior,MLD2,15.90100
LR02_CMIP7hist_noMR,1949,7,interior,MLD2,14.33526
LR02_CMIP7hist_noMR,1949,8,interior,MLD2,14.66769
LR02_CMIP7hist_noMR,1949,9,interior,MLD2,19.88423
LR02_CMIP7hist_noMR,1949,10,interior,MLD2,30.71664
LR02_CMIP7hist_noMR,1949,11,interior,MLD2,54.94082
LR02_CMIP7hist_noMR,1949,12,interior,MLD2,94.28843
LR02_CMIP7hist_noMR,1950,1,labsea,a_ice,0.29455
LR02_CMIP7hist_noMR,1950,2,labsea,a_ice,0.26846
LR02_CMIP7hist_noMR,1950,3,labsea,a_ice,0.27194
LR02_CMIP7hist_noMR,1950,4,labsea,a_ice,0.24079
LR02_CMIP7hist_noMR,1950,5,labsea,a_ice,0.19587
LR02_CMIP7hist_noMR,1950,6,labsea,a_ice,0.10804
LR02_CMIP7hist_noMR,1950,7,labsea,a_ice,0.02231
LR02_CMIP7hist_noMR,1950,8,labsea,a_ice,0.00017
LR02_CMIP7hist_noMR,1950,9,labsea,a_ice,0.00000
LR02_CMIP7hist_noMR,1950,10,labsea,a_ice,0.00132
LR02_CMIP7hist_noMR,1950,11,labsea,a_ice,0.02539
LR02_CMIP7hist_noMR,1950,12,labsea,a_ice,0.10535
LR02_CMIP7hist_noMR,1950,1,interior,a_ice,0.12218
LR02_CMIP7hist_noMR,1950,2,interior,a_ice,0.05959
LR02_CMIP7hist_noMR,1950,3,interior,a_ice,0.06207
LR02_CMIP7hist_noMR,1950,4,interior,a_ice,0.06447
LR02_CMIP7hist_noMR,1950,5,interior,a_ice,0.06091
LR02_CMIP7hist_noMR,1950,6,interior,a_ice,0.00115
LR02_CMIP7hist_noMR,1950,7,interior,a_ice,0.00099
LR02_CMIP7hist_noMR,1950,8,interior,a_ice,0.00000
LR02_CMIP7hist_noMR,1950,9,interior,a_ice,0.00000
LR02_CMIP7hist_noMR,1950,10,interior,a_ice,0.00000
LR02_CMIP7hist_noMR,1950,11,interior,a_ice,0.00000
LR02_CMIP7hist_noMR,1950,12,interior,a_ice,0.00822
LR02_CMIP7hist_noMR,1950,1,labsea,MLD2,278.87738
LR02_CMIP7hist_noMR,1950,2,labsea,MLD2,432.25350
LR02_CMIP7hist_noMR,1950,3,labsea,MLD2,592.44363
LR02_CMIP7hist_noMR,1950,4,labsea,MLD2,402.00816
LR02_CMIP7hist_noMR,1950,5,labsea,MLD2,66.31199
LR02_CMIP7hist_noMR,1950,6,labsea,MLD2,14.98960
LR02_CMIP7hist_noMR,1950,7,labsea,MLD2,12.49102
LR02_CMIP7hist_noMR,1950,8,labsea,MLD2,12.96596
LR02_CMIP7hist_noMR,1950,9,labsea,MLD2,17.56138
LR02_CMIP7hist_noMR,1950,10,labsea,MLD2,24.10318
LR02_CMIP7hist_noMR,1950,11,labsea,MLD2,33.29657
LR02_CMIP7hist_noMR,1950,12,labsea,MLD2,51.85500
LR02_CMIP7hist_noMR,1950,1,interior,MLD2,367.96111
LR02_CMIP7hist_noMR,1950,2,interior,MLD2,634.89068
LR02_CMIP7hist_noMR,1950,3,interior,MLD2,1137.10763
LR02_CMIP7hist_noMR,1950,4,interior,MLD2,846.34807
LR02_CMIP7hist_noMR,1950,5,interior,MLD2,134.77562
LR02_CMIP7hist_noMR,1950,6,interior,MLD2,17.34002
LR02_CMIP7hist_noMR,1950,7,interior,MLD2,14.03793
LR02_CMIP7hist_noMR,1950,8,interior,MLD2,14.72050
LR02_CMIP7hist_noMR,1950,9,interior,MLD2,17.89949
LR02_CMIP7hist_noMR,1950,10,interior,MLD2,26.07135
LR02_CMIP7hist_noMR,1950,11,interior,MLD2,38.12462
LR02_CMIP7hist_noMR,1950,12,interior,MLD2,65.43240
LR02_CMIP7hist_noMR,1951,1,labsea,a_ice,0.22457
LR02_CMIP7hist_noMR,1951,2,labsea,a_ice,0.30630
LR02_CMIP7hist_noMR,1951,3,labsea,a_ice,0.31259
LR02_CMIP7hist_noMR,1951,4,labsea,a_ice,0.33196
LR02_CMIP7hist_noMR,1951,5,labsea,a_ice,0.27589
LR02_CMIP7hist_noMR,1951,6,labsea,a_ice,0.12154
LR02_CMIP7hist_noMR,1951,7,labsea,a_ice,0.00353
LR02_CMIP7hist_noMR,1951,8,labsea,a_ice,0.00000
LR02_CMIP7hist_noMR,1951,9,labsea,a_ice,0.00000
LR02_CMIP7hist_noMR,1951,10,labsea,a_ice,0.00003
LR02_CMIP7hist_noMR,1951,11,labsea,a_ice,0.03717
LR02_CMIP7hist_noMR,1951,12,labsea,a_ice,0.22954
LR02_CMIP7hist_noMR,1951,1,interior,a_ice,0.06129
LR02_CMIP7hist_noMR,1951,2,interior,a_ice,0.14485
LR02_CMIP7hist_noMR,1951,3,interior,a_ice,0.13503
LR02_CMIP7hist_noMR,1951,4,interior,a_ice,0.16916
LR02_CMIP7hist_noMR,1951,5,interior,a_ice,0.14684
LR02_CMIP7hist_noMR,1951,6,interior,a_ice,0.02664
LR02_CMIP7hist_noMR,1951,7,interior,a_ice,0.00007
LR02_CMIP7hist_noMR,1951,8,interior,a_ice,0.00000
LR02_CMIP7hist_noMR,1951,9,interior,a_ice,0.00000
LR02_CMIP7hist_noMR,1951,10,interior,a_ice,0.00000
LR02_CMIP7hist_noMR,1951,11,interior,a_ice,0.00067
LR02_CMIP7hist_noMR,1951,12,interior,a_ice,0.07062
LR02_CMIP7hist_noMR,1951,1,labsea,MLD2,131.21399
LR02_CMIP7hist_noMR,1951,2,labsea,MLD2,499.13977
LR02_CMIP7hist_noMR,1951,3,labsea,MLD2,840.19249
LR02_CMIP7hist_noMR,1951,4,labsea,MLD2,760.37119
LR02_CMIP7hist_noMR,1951,5,labsea,MLD2,327.28807
LR02_CMIP7hist_noMR,1951,6,labsea,MLD2,14.82117
LR02_CMIP7hist_noMR,1951,7,labsea,MLD2,11.08448
LR02_CMIP7hist_noMR,1951,8,labsea,MLD2,15.70647
LR02_CMIP7hist_noMR,1951,9,labsea,MLD2,17.73835
LR02_CMIP7hist_noMR,1951,10,labsea,MLD2,26.61066
LR02_CMIP7hist_noMR,1951,11,labsea,MLD2,53.25920
LR02_CMIP7hist_noMR,1951,12,labsea,MLD2,99.44654
LR02_CMIP7hist_noMR,1951,1,interior,MLD2,170.63403
LR02_CMIP7hist_noMR,1951,2,interior,MLD2,657.00037
LR02_CMIP7hist_noMR,1951,3,interior,MLD2,1175.61321
LR02_CMIP7hist_noMR,1951,4,interior,MLD2,1054.55007
LR02_CMIP7hist_noMR,1951,5,interior,MLD2,353.20285
LR02_CMIP7hist_noMR,1951,6,interior,MLD2,16.55053
LR02_CMIP7hist_noMR,1951,7,interior,MLD2,12.71981
LR02_CMIP7hist_noMR,1951,8,interior,MLD2,17.49102
LR02_CMIP7hist_noMR,1951,9,interior,MLD2,18.74104
LR02_CMIP7hist_noMR,1951,10,interior,MLD2,28.10859
LR02_CMIP7hist_noMR,1951,11,interior,MLD2,61.13350
LR02_CMIP7hist_noMR,1951,12,interior,MLD2,140.92001
LR02_CMIP7hist_noMR,1952,1,labsea,a_ice,0.31783
LR02_CMIP7hist_noMR,1952,2,labsea,a_ice,0.40208
LR02_CMIP7hist_noMR,1952,3,labsea,a_ice,0.42854
LR02_CMIP7hist_noMR,1952,4,labsea,a_ice,0.36042
LR02_CMIP7hist_noMR,1952,5,labsea,a_ice,0.28256
LR02_CMIP7hist_noMR,1952,6,labsea,a_ice,0.15801
LR02_CMIP7hist_noMR,1952,7,labsea,a_ice,0.04148
LR02_CMIP7hist_noMR,1952,8,labsea,a_ice,0.00143
LR02_CMIP7hist_noMR,1952,9,labsea,a_ice,0.00003
LR02_CMIP7hist_noMR,1952,10,labsea,a_ice,0.00003
LR02_CMIP7hist_noMR,1952,11,labsea,a_ice,0.01588
LR02_CMIP7hist_noMR,1952,12,labsea,a_ice,0.12269
LR02_CMIP7hist_noMR,1952,1,interior,a_ice,0.14360
LR02_CMIP7hist_noMR,1952,2,interior,a_ice,0.27029
LR02_CMIP7hist_noMR,1952,3,interior,a_ice,0.26835
LR02_CMIP7hist_noMR,1952,4,interior,a_ice,0.14127
LR02_CMIP7hist_noMR,1952,5,interior,a_ice,0.07123
LR02_CMIP7hist_noMR,1952,6,interior,a_ice,0.02898
LR02_CMIP7hist_noMR,1952,7,interior,a_ice,0.01207
LR02_CMIP7hist_noMR,1952,8,interior,a_ice,0.00011
LR02_CMIP7hist_noMR,1952,9,interior,a_ice,0.00000
LR02_CMIP7hist_noMR,1952,10,interior,a_ice,0.00000
LR02_CMIP7hist_noMR,1952,11,interior,a_ice,0.00000
LR02_CMIP7hist_noMR,1952,12,interior,a_ice,0.02432
LR02_CMIP7hist_noMR,1952,1,labsea,MLD2,236.64705
LR02_CMIP7hist_noMR,1952,2,labsea,MLD2,745.72552
LR02_CMIP7hist_noMR,1952,3,labsea,MLD2,751.76876
LR02_CMIP7hist_noMR,1952,4,labsea,MLD2,578.03288
LR02_CMIP7hist_noMR,1952,5,labsea,MLD2,85.71410
LR02_CMIP7hist_noMR,1952,6,labsea,MLD2,15.09607
LR02_CMIP7hist_noMR,1952,7,labsea,MLD2,15.64149
LR02_CMIP7hist_noMR,1952,8,labsea,MLD2,14.31669
LR02_CMIP7hist_noMR,1952,9,labsea,MLD2,18.62867
LR02_CMIP7hist_noMR,1952,10,labsea,MLD2,23.83052
LR02_CMIP7hist_noMR,1952,11,labsea,MLD2,33.97049
LR02_CMIP7hist_noMR,1952,12,labsea,MLD2,53.14599
LR02_CMIP7hist_noMR,1952,1,interior,MLD2,391.29545
LR02_CMIP7hist_noMR,1952,2,interior,MLD2,1250.31780
LR02_CMIP7hist_noMR,1952,3,interior,MLD2,1336.23295
LR02_CMIP7hist_noMR,1952,4,interior,MLD2,1108.95125
LR02_CMIP7hist_noMR,1952,5,interior,MLD2,170.29480
LR02_CMIP7hist_noMR,1952,6,interior,MLD2,18.50055
LR02_CMIP7hist_noMR,1952,7,interior,MLD2,17.67252
LR02_CMIP7hist_noMR,1952,8,interior,MLD2,16.15888
LR02_CMIP7hist_noMR,1952,9,interior,MLD2,21.32114
LR02_CMIP7hist_noMR,1952,10,interior,MLD2,26.81434
LR02_CMIP7hist_noMR,1952,11,interior,MLD2,36.31297
LR02_CMIP7hist_noMR,1952,12,interior,MLD2,62.13929
LR02_CMIP7hist_noMR,1953,1,labsea,a_ice,0.24907
LR02_CMIP7hist_noMR,1953,2,labsea,a_ice,0.28018
LR02_CMIP7hist_noMR,1953,3,labsea,a_ice,0.31902
LR02_CMIP7hist_noMR,1953,4,labsea,a_ice,0.31444
LR02_CMIP7hist_noMR,1953,5,labsea,a_ice,0.25617
LR02_CMIP7hist_noMR,1953,6,labsea,a_ice,0.12976
LR02_CMIP7hist_noMR,1953,7,labsea,a_ice,0.02067
LR02_CMIP7hist_noMR,1953,8,labsea,a_ice,0.00000
LR02_CMIP7hist_noMR,1953,9,labsea,a_ice,0.00000
LR02_CMIP7hist_noMR,1953,10,labsea,a_ice,0.00000
LR02_CMIP7hist_noMR,1953,11,labsea,a_ice,0.02717
LR02_CMIP7hist_noMR,1953,12,labsea,a_ice,0.11257
LR02_CMIP7hist_noMR,1953,1,interior,a_ice,0.07400
LR02_CMIP7hist_noMR,1953,2,interior,a_ice,0.08696
LR02_CMIP7hist_noMR,1953,3,interior,a_ice,0.13190
LR02_CMIP7hist_noMR,1953,4,interior,a_ice,0.13089
LR02_CMIP7hist_noMR,1953,5,interior,a_ice,0.07312
LR02_CMIP7hist_noMR,1953,6,interior,a_ice,0.02116
LR02_CMIP7hist_noMR,1953,7,interior,a_ice,0.00046
LR02_CMIP7hist_noMR,1953,8,interior,a_ice,0.00000
LR02_CMIP7hist_noMR,1953,9,interior,a_ice,0.00000
LR02_CMIP7hist_noMR,1953,10,interior,a_ice,0.00000
LR02_CMIP7hist_noMR,1953,11,interior,a_ice,0.00005
LR02_CMIP7hist_noMR,1953,12,interior,a_ice,0.02156
LR02_CMIP7hist_noMR,1953,1,labsea,MLD2,96.51136
LR02_CMIP7hist_noMR,1953,2,labsea,MLD2,122.52534
LR02_CMIP7hist_noMR,1953,3,labsea,MLD2,341.42804
LR02_CMIP7hist_noMR,1953,4,labsea,MLD2,526.40174
LR02_CMIP7hist_noMR,1953,5,labsea,MLD2,109.75767
LR02_CMIP7hist_noMR,1953,6,labsea,MLD2,18.01290
LR02_CMIP7hist_noMR,1953,7,labsea,MLD2,11.85063
LR02_CMIP7hist_noMR,1953,8,labsea,MLD2,14.56228
LR02_CMIP7hist_noMR,1953,9,labsea,MLD2,17.98621
LR02_CMIP7hist_noMR,1953,10,labsea,MLD2,26.67100
LR02_CMIP7hist_noMR,1953,11,labsea,MLD2,44.41512
LR02_CMIP7hist_noMR,1953,12,labsea,MLD2,98.08773
LR02_CMIP7hist_noMR,1953,1,interior,MLD2,149.44569
LR02_CMIP7hist_noMR,1953,2,interior,MLD2,204.77320
LR02_CMIP7hist_noMR,1953,3,interior,MLD2,684.16630
LR02_CMIP7hist_noMR,1953,4,interior,MLD2,1121.95718
LR02_CMIP7hist_noMR,1953,5,interior,MLD2,239.75759
LR02_CMIP7hist_noMR,1953,6,interior,MLD2,24.35933
LR02_CMIP7hist_noMR,1953,7,interior,MLD2,12.97251
LR02_CMIP7hist_noMR,1953,8,interior,MLD2,17.59058
LR02_CMIP7hist_noMR,1953,9,interior,MLD2,20.92045
LR02_CMIP7hist_noMR,1953,10,interior,MLD2,28.53132
LR02_CMIP7hist_noMR,1953,11,interior,MLD2,50.47813
LR02_CMIP7hist_noMR,1953,12,interior,MLD2,127.94183
LR02_CMIP7hist_noMR,1954,1,labsea,a_ice,0.23828
LR02_CMIP7hist_noMR,1954,2,labsea,a_ice,0.29948
LR02_CMIP7hist_noMR,1954,3,labsea,a_ice,0.31188
LR02_CMIP7hist_noMR,1954,4,labsea,a_ice,0.24380
LR02_CMIP7hist_noMR,1954,5,labsea,a_ice,0.21794
LR02_CMIP7hist_noMR,1954,6,labsea,a_ice,0.10784
LR02_CMIP7hist_noMR,1954,7,labsea,a_ice,0.01501
LR02_CMIP7hist_noMR,1954,8,labsea,a_ice,0.00014
LR02_CMIP7hist_noMR,1954,9,labsea,a_ice,0.00000
LR02_CMIP7hist_noMR,1954,10,labsea,a_ice,0.00001
LR02_CMIP7hist_noMR,1954,11,labsea,a_ice,0.03977
LR02_CMIP7hist_noMR,1954,12,labsea,a_ice,0.18553
LR02_CMIP7hist_noMR,1954,1,interior,a_ice,0.05288
LR02_CMIP7hist_noMR,1954,2,interior,a_ice,0.08910
LR02_CMIP7hist_noMR,1954,3,interior,a_ice,0.13310
LR02_CMIP7hist_noMR,1954,4,interior,a_ice,0.08044
LR02_CMIP7hist_noMR,1954,5,interior,a_ice,0.11473
LR02_CMIP7hist_noMR,1954,6,interior,a_ice,0.03034
LR02_CMIP7hist_noMR,1954,7,interior,a_ice,0.00071
LR02_CMIP7hist_noMR,1954,8,interior,a_ice,0.00000
LR02_CMIP7hist_noMR,1954,9,interior,a_ice,0.00000
LR02_CMIP7hist_noMR,1954,10,interior,a_ice,0.00000
LR02_CMIP7hist_noMR,1954,11,interior,a_ice,0.00000
LR02_CMIP7hist_noMR,1954,12,interior,a_ice,0.04465
LR02_CMIP7hist_noMR,1954,1,labsea,MLD2,185.09008
LR02_CMIP7hist_noMR,1954,2,labsea,MLD2,316.15536
LR02_CMIP7hist_noMR,1954,3,labsea,MLD2,684.14837
LR02_CMIP7hist_noMR,1954,4,labsea,MLD2,373.59264
LR02_CMIP7hist_noMR,1954,5,labsea,MLD2,51.39349
LR02_CMIP7hist_noMR,1954,6,labsea,MLD2,18.72156
LR02_CMIP7hist_noMR,1954,7,labsea,MLD2,12.96358
LR02_CMIP7hist_noMR,1954,8,labsea,MLD2,15.25623
LR02_CMIP7hist_noMR,1954,9,labsea,MLD2,21.65300
LR02_CMIP7hist_noMR,1954,10,labsea,MLD2,27.78912
LR02_CMIP7hist_noMR,1954,11,labsea,MLD2,53.01321
LR02_CMIP7hist_noMR,1954,12,labsea,MLD2,99.92048
LR02_CMIP7hist_noMR,1954,1,interior,MLD2,280.07239
LR02_CMIP7hist_noMR,1954,2,interior,MLD2,633.66996
LR02_CMIP7hist_noMR,1954,3,interior,MLD2,1454.17336
LR02_CMIP7hist_noMR,1954,4,interior,MLD2,877.62558
LR02_CMIP7hist_noMR,1954,5,interior,MLD2,94.73945
LR02_CMIP7hist_noMR,1954,6,interior,MLD2,23.68657
LR02_CMIP7hist_noMR,1954,7,interior,MLD2,15.66587
LR02_CMIP7hist_noMR,1954,8,interior,MLD2,17.46441
LR02_CMIP7hist_noMR,1954,9,interior,MLD2,25.16143
LR02_CMIP7hist_noMR,1954,10,interior,MLD2,31.32966
LR02_CMIP7hist_noMR,1954,11,interior,MLD2,56.01301
LR02_CMIP7hist_noMR,1954,12,interior,MLD2,134.49694
LR02_CMIP7hist_noMR,1955,1,labsea,a_ice,0.28594
LR02_CMIP7hist_noMR,1955,2,labsea,a_ice,0.33877
LR02_CMIP7hist_noMR,1955,3,labsea,a_ice,0.33084
LR02_CMIP7hist_noMR,1955,4,labsea,a_ice,0.32216
LR02_CMIP7hist_noMR,1955,5,labsea,a_ice,0.24936
LR02_CMIP7hist_noMR,1955,6,labsea,a_ice,0.14700
LR02_CMIP7hist_noMR,1955,7,labsea,a_ice,0.03316
LR02_CMIP7hist_noMR,1955,8,labsea,a_ice,0.00111
LR02_CMIP7hist_noMR,1955,9,labsea,a_ice,0.00000
LR02_CMIP7hist_noMR,1955,10,labsea,a_ice,0.00214
LR02_CMIP7hist_noMR,1955,11,labsea,a_ice,0.06430
LR02_CMIP7hist_noMR,1955,12,labsea,a_ice,0.23483
LR02_CMIP7hist_noMR,1955,1,interior,a_ice,0.11721
LR02_CMIP7hist_noMR,1955,2,interior,a_ice,0.17294
LR02_CMIP7hist_noMR,1955,3,interior,a_ice,0.18055
LR02_CMIP7hist_noMR,1955,4,interior,a_ice,0.17119
LR02_CMIP7hist_noMR,1955,5,interior,a_ice,0.12062
LR02_CMIP7hist_noMR,1955,6,interior,a_ice,0.04118
LR02_CMIP7hist_noMR,1955,7,interior,a_ice,0.00105
LR02_CMIP7hist_noMR,1955,8,interior,a_ice,0.00000
LR02_CMIP7hist_noMR,1955,9,interior,a_ice,0.00000
LR02_CMIP7hist_noMR,1955,10,interior,a_ice,0.00000
LR02_CMIP7hist_noMR,1955,11,interior,a_ice,0.00790
LR02_CMIP7hist_noMR,1955,12,interior,a_ice,0.07371
LR02_CMIP7hist_noMR,1955,1,labsea,MLD2,190.49077
LR02_CMIP7hist_noMR,1955,2,labsea,MLD2,503.13194
LR02_CMIP7hist_noMR,1955,3,labsea,MLD2,744.26163
LR02_CMIP7hist_noMR,1955,4,labsea,MLD2,375.48919
LR02_CMIP7hist_noMR,1955,5,labsea,MLD2,69.36340
LR02_CMIP7hist_noMR,1955,6,labsea,MLD2,20.50497
LR02_CMIP7hist_noMR,1955,7,labsea,MLD2,14.35470
LR02_CMIP7hist_noMR,1955,8,labsea,MLD2,15.28573
LR02_CMIP7hist_noMR,1955,9,labsea,MLD2,21.06204
LR02_CMIP7hist_noMR,1955,10,labsea,MLD2,28.68784
LR02_CMIP7hist_noMR,1955,11,labsea,MLD2,47.62614
LR02_CMIP7hist_noMR,1955,12,labsea,MLD2,110.61666
LR02_CMIP7hist_noMR,1955,1,interior,MLD2,300.28864
LR02_CMIP7hist_noMR,1955,2,interior,MLD2,892.51518
LR02_CMIP7hist_noMR,1955,3,interior,MLD2,1180.42348
LR02_CMIP7hist_noMR,1955,4,interior,MLD2,664.48941
LR02_CMIP7hist_noMR,1955,5,interior,MLD2,122.59330
LR02_CMIP7hist_noMR,1955,6,interior,MLD2,26.43188
LR02_CMIP7hist_noMR,1955,7,interior,MLD2,15.92460
LR02_CMIP7hist_noMR,1955,8,interior,MLD2,17.71779
LR02_CMIP7hist_noMR,1955,9,interior,MLD2,24.01328
LR02_CMIP7hist_noMR,1955,10,interior,MLD2,30.57045
LR02_CMIP7hist_noMR,1955,11,interior,MLD2,53.53306
LR02_CMIP7hist_noMR,1955,12,interior,MLD2,150.28705
LR02_CMIP7hist_noMR,1956,1,labsea,a_ice,0.31769
LR02_CMIP7hist_noMR,1956,2,labsea,a_ice,0.30959
LR02_CMIP7hist_noMR,1956,3,labsea,a_ice,0.32083
LR02_CMIP7hist_noMR,1956,4,labsea,a_ice,0.31085
LR02_CMIP7hist_noMR,1956,5,labsea,a_ice,0.27012
LR02_CMIP7hist_noMR,1956,6,labsea,a_ice,0.18769
LR02_CMIP7hist_noMR,1956,7,labsea,a_ice,0.04978
LR02_CMIP7hist_noMR,1956,8,labsea,a_ice,0.00413
LR02_CMIP7hist_noMR,1956,9,labsea,a_ice,0.00000
LR02_CMIP7hist_noMR,1956,10,labsea,a_ice,0.00068
LR02_CMIP7hist_noMR,1956,11,labsea,a_ice,0.02311
LR02_CMIP7hist_noMR,1956,12,labsea,a_ice,0.18023
LR02_CMIP7hist_noMR,1956,1,interior,a_ice,0.14061
LR02_CMIP7hist_noMR,1956,2,interior,a_ice,0.11697
LR02_CMIP7hist_noMR,1956,3,interior,a_ice,0.13459
LR02_CMIP7hist_noMR,1956,4,interior,a_ice,0.17320
LR02_CMIP7hist_noMR,1956,5,interior,a_ice,0.09263
LR02_CMIP7hist_noMR,1956,6,interior,a_ice,0.03071
LR02_CMIP7hist_noMR,1956,7,interior,a_ice,0.00435
LR02_CMIP7hist_noMR,1956,8,interior,a_ice,0.00000
LR02_CMIP7hist_noMR,1956,9,interior,a_ice,0.00000
LR02_CMIP7hist_noMR,1956,10,interior,a_ice,0.00000
LR02_CMIP7hist_noMR,1956,11,interior,a_ice,0.00283
LR02_CMIP7hist_noMR,1956,12,interior,a_ice,0.05173
LR02_CMIP7hist_noMR,1956,1,labsea,MLD2,305.11925
LR02_CMIP7hist_noMR,1956,2,labsea,MLD2,677.60315
LR02_CMIP7hist_noMR,1956,3,labsea,MLD2,617.19307
LR02_CMIP7hist_noMR,1956,4,labsea,MLD2,484.65483
LR02_CMIP7hist_noMR,1956,5,labsea,MLD2,83.59120
LR02_CMIP7hist_noMR,1956,6,labsea,MLD2,14.75683
LR02_CMIP7hist_noMR,1956,7,labsea,MLD2,12.78305
LR02_CMIP7hist_noMR,1956,8,labsea,MLD2,14.18013
LR02_CMIP7hist_noMR,1956,9,labsea,MLD2,19.19663
LR02_CMIP7hist_noMR,1956,10,labsea,MLD2,26.71121
LR02_CMIP7hist_noMR,1956,11,labsea,MLD2,33.86701
LR02_CMIP7hist_noMR,1956,12,labsea,MLD2,72.19639
LR02_CMIP7hist_noMR,1956,1,interior,MLD2,431.43841
LR02_CMIP7hist_noMR,1956,2,interior,MLD2,899.19925
LR02_CMIP7hist_noMR,1956,3,interior,MLD2,722.10896
LR02_CMIP7hist_noMR,1956,4,interior,MLD2,583.42787
LR02_CMIP7hist_noMR,1956,5,interior,MLD2,77.83398
LR02_CMIP7hist_noMR,1956,6,interior,MLD2,17.65371
LR02_CMIP7hist_noMR,1956,7,interior,MLD2,14.26015
LR02_CMIP7hist_noMR,1956,8,interior,MLD2,15.81005
LR02_CMIP7hist_noMR,1956,9,interior,MLD2,21.01086
LR02_CMIP7hist_noMR,1956,10,interior,MLD2,31.32259
LR02_CMIP7hist_noMR,1956,11,interior,MLD2,37.00614
LR02_CMIP7hist_noMR,1956,12,interior,MLD2,105.83566
LR02_CMIP7hist_noMR,1957,1,labsea,a_ice,0.31418
LR02_CMIP7hist_noMR,1957,2,labsea,a_ice,0.39552
LR02_CMIP7hist_noMR,1957,3,labsea,a_ice,0.41810
LR02_CMIP7hist_noMR,1957,4,labsea,a_ice,0.33561
LR02_CMIP7hist_noMR,1957,5,labsea,a_ice,0.21547
LR02_CMIP7hist_noMR,1957,6,labsea,a_ice,0.10567
LR02_CMIP7hist_noMR,1957,7,labsea,a_ice,0.02674
LR02_CMIP7hist_noMR,1957,8,labsea,a_ice,0.00246
LR02_CMIP7hist_noMR,1957,9,labsea,a_ice,0.00000
LR02_CMIP7hist_noMR,1957,10,labsea,a_ice,0.00000
LR02_CMIP7hist_noMR,1957,11,labsea,a_ice,0.01361
LR02_CMIP7hist_noMR,1957,12,labsea,a_ice,0.13630
LR02_CMIP7hist_noMR,1957,1,interior,a_ice,0.15624
LR02_CMIP7hist_noMR,1957,2,interior,a_ice,0.28863
LR02_CMIP7hist_noMR,1957,3,interior,a_ice,0.30213
LR02_CMIP7hist_noMR,1957,4,interior,a_ice,0.18965
LR02_CMIP7hist_noMR,1957,5,interior,a_ice,0.05974
LR02_CMIP7hist_noMR,1957,6,interior,a_ice,0.00326
LR02_CMIP7hist_noMR,1957,7,interior,a_ice,0.00001
LR02_CMIP7hist_noMR,1957,8,interior,a_ice,0.00000
LR02_CMIP7hist_noMR,1957,9,interior,a_ice,0.00000
LR02_CMIP7hist_noMR,1957,10,interior,a_ice,0.00000
LR02_CMIP7hist_noMR,1957,11,interior,a_ice,0.00000
LR02_CMIP7hist_noMR,1957,12,interior,a_ice,0.02465
LR02_CMIP7hist_noMR,1957,1,labsea,MLD2,271.67049
LR02_CMIP7hist_noMR,1957,2,labsea,MLD2,706.88300
LR02_CMIP7hist_noMR,1957,3,labsea,MLD2,647.67103
LR02_CMIP7hist_noMR,1957,4,labsea,MLD2,346.27163
LR02_CMIP7hist_noMR,1957,5,labsea,MLD2,31.57791
LR02_CMIP7hist_noMR,1957,6,labsea,MLD2,15.10617
LR02_CMIP7hist_noMR,1957,7,labsea,MLD2,12.95856
LR02_CMIP7hist_noMR,1957,8,labsea,MLD2,13.29077
LR02_CMIP7hist_noMR,1957,9,labsea,MLD2,15.91601
LR02_CMIP7hist_noMR,1957,10,labsea,MLD2,21.82240
LR02_CMIP7hist_noMR,1957,11,labsea,MLD2,32.76640
LR02_CMIP7hist_noMR,1957,12,labsea,MLD2,66.19857
LR02_CMIP7hist_noMR,1957,1,interior,MLD2,388.32489
LR02_CMIP7hist_noMR,1957,2,interior,MLD2,897.34829
LR02_CMIP7hist_noMR,1957,3,interior,MLD2,704.67142
LR02_CMIP7hist_noMR,1957,4,interior,MLD2,279.16588
LR02_CMIP7hist_noMR,1957,5,interior,MLD2,27.45474
LR02_CMIP7hist_noMR,1957,6,interior,MLD2,17.84779
LR02_CMIP7hist_noMR,1957,7,interior,MLD2,15.46488
LR02_CMIP7hist_noMR,1957,8,interior,MLD2,15.20889
LR02_CMIP7hist_noMR,1957,9,interior,MLD2,16.69636
LR02_CMIP7hist_noMR,1957,10,interior,MLD2,23.82488
LR02_CMIP7hist_noMR,1957,11,interior,MLD2,35.06696
LR02_CMIP7hist_noMR,1957,12,interior,MLD2,85.79844
LR02_CMIP7hist_noMR,1958,1,labsea,a_ice,0.21846
LR02_CMIP7hist_noMR,1958,2,labsea,a_ice,0.27551
LR02_CMIP7hist_noMR,1958,3,labsea,a_ice,0.33168
LR02_CMIP7hist_noMR,1958,4,labsea,a_ice,0.34001
LR02_CMIP7hist_noMR,1958,5,labsea,a_ice,0.27902
LR02_CMIP7hist_noMR,1958,6,labsea,a_ice,0.19537
LR02_CMIP7hist_noMR,1958,7,labsea,a_ice,0.07929
LR02_CMIP7hist_noMR,1958,8,labsea,a_ice,0.00506
LR02_CMIP7hist_noMR,1958,9,labsea,a_ice,0.00000
LR02_CMIP7hist_noMR,1958,10,labsea,a_ice,0.00027
LR02_CMIP7hist_noMR,1958,11,labsea,a_ice,0.04694
LR02_CMIP7hist_noMR,1958,12,labsea,a_ice,0.20708
LR02_CMIP7hist_noMR,1958,1,interior,a_ice,0.07747
LR02_CMIP7hist_noMR,1958,2,interior,a_ice,0.08513
LR02_CMIP7hist_noMR,1958,3,interior,a_ice,0.17475
LR02_CMIP7hist_noMR,1958,4,interior,a_ice,0.20041
LR02_CMIP7hist_noMR,1958,5,interior,a_ice,0.07884
LR02_CMIP7hist_noMR,1958,6,interior,a_ice,0.01329
LR02_CMIP7hist_noMR,1958,7,interior,a_ice,0.00316
LR02_CMIP7hist_noMR,1958,8,interior,a_ice,0.00015
LR02_CMIP7hist_noMR,1958,9,interior,a_ice,0.00000
LR02_CMIP7hist_noMR,1958,10,interior,a_ice,0.00000
LR02_CMIP7hist_noMR,1958,11,interior,a_ice,0.00443
LR02_CMIP7hist_noMR,1958,12,interior,a_ice,0.05234
LR02_CMIP7hist_noMR,1958,1,labsea,MLD2,147.48480
LR02_CMIP7hist_noMR,1958,2,labsea,MLD2,366.25552
LR02_CMIP7hist_noMR,1958,3,labsea,MLD2,774.25867
LR02_CMIP7hist_noMR,1958,4,labsea,MLD2,752.91023
LR02_CMIP7hist_noMR,1958,5,labsea,MLD2,287.84242
LR02_CMIP7hist_noMR,1958,6,labsea,MLD2,20.45075
LR02_CMIP7hist_noMR,1958,7,labsea,MLD2,11.73145
LR02_CMIP7hist_noMR,1958,8,labsea,MLD2,13.35682
LR02_CMIP7hist_noMR,1958,9,labsea,MLD2,16.47697
LR02_CMIP7hist_noMR,1958,10,labsea,MLD2,23.02281
LR02_CMIP7hist_noMR,1958,11,labsea,MLD2,34.79433
LR02_CMIP7hist_noMR,1958,12,labsea,MLD2,69.21496
LR02_CMIP7hist_noMR,1958,1,interior,MLD2,240.09183
LR02_CMIP7hist_noMR,1958,2,interior,MLD2,601.08654
LR02_CMIP7hist_noMR,1958,3,interior,MLD2,1406.19526
LR02_CMIP7hist_noMR,1958,4,interior,MLD2,1280.78560
LR02_CMIP7hist_noMR,1958,5,interior,MLD2,442.89609
LR02_CMIP7hist_noMR,1958,6,interior,MLD2,24.17392
LR02_CMIP7hist_noMR,1958,7,interior,MLD2,12.79728
LR02_CMIP7hist_noMR,1958,8,interior,MLD2,14.85126
LR02_CMIP7hist_noMR,1958,9,interior,MLD2,17.70454
LR02_CMIP7hist_noMR,1958,10,interior,MLD2,24.26747
LR02_CMIP7hist_noMR,1958,11,interior,MLD2,35.82472
LR02_CMIP7hist_noMR,1958,12,interior,MLD2,85.78253
LR02_CMIP7hist_noMR,1959,1,labsea,a_ice,0.34156
LR02_CMIP7hist_noMR,1959,2,labsea,a_ice,0.38806
LR02_CMIP7hist_noMR,1959,3,labsea,a_ice,0.41693
LR02_CMIP7hist_noMR,1959,4,labsea,a_ice,0.40029
LR02_CMIP7hist_noMR,1959,5,labsea,a_ice,0.27851
LR02_CMIP7hist_noMR,1959,6,labsea,a_ice,0.15492
LR02_CMIP7hist_noMR,1959,7,labsea,a_ice,0.03895
LR02_CMIP7hist_noMR,1959,8,labsea,a_ice,0.00006
LR02_CMIP7hist_noMR,1959,9,labsea,a_ice,0.00000
LR02_CMIP7hist_noMR,1959,10,labsea,a_ice,0.00004
LR02_CMIP7hist_noMR,1959,11,labsea,a_ice,0.02785
LR02_CMIP7hist_noMR,1959,12,labsea,a_ice,0.14354
LR02_CMIP7hist_noMR,1959,1,interior,a_ice,0.17802
LR02_CMIP7hist_noMR,1959,2,interior,a_ice,0.26019
LR02_CMIP7hist_noMR,1959,3,interior,a_ice,0.23407
LR02_CMIP7hist_noMR,1959,4,interior,a_ice,0.26379
LR02_CMIP7hist_noMR,1959,5,interior,a_ice,0.09713
LR02_CMIP7hist_noMR,1959,6,interior,a_ice,0.02903
LR02_CMIP7hist_noMR,1959,7,interior,a_ice,0.00038
LR02_CMIP7hist_noMR,1959,8,interior,a_ice,0.00000
LR02_CMIP7hist_noMR,1959,9,interior,a_ice,0.00000
LR02_CMIP7hist_noMR,1959,10,interior,a_ice,0.00000
LR02_CMIP7hist_noMR,1959,11,interior,a_ice,0.00000
LR02_CMIP7hist_noMR,1959,12,interior,a_ice,0.01353
LR02_CMIP7hist_noMR,1959,1,labsea,MLD2,475.67421
LR02_CMIP7hist_noMR,1959,2,labsea,MLD2,803.95045
LR02_CMIP7hist_noMR,1959,3,labsea,MLD2,670.41157
LR02_CMIP7hist_noMR,1959,4,labsea,MLD2,408.91933
LR02_CMIP7hist_noMR,1959,5,labsea,MLD2,23.06923
LR02_CMIP7hist_noMR,1959,6,labsea,MLD2,13.41915
LR02_CMIP7hist_noMR,1959,7,labsea,MLD2,12.00547
LR02_CMIP7hist_noMR,1959,8,labsea,MLD2,11.00570
LR02_CMIP7hist_noMR,1959,9,labsea,MLD2,14.75597
LR02_CMIP7hist_noMR,1959,10,labsea,MLD2,20.15771
LR02_CMIP7hist_noMR,1959,11,labsea,MLD2,31.84988
LR02_CMIP7hist_noMR,1959,12,labsea,MLD2,56.12527
LR02_CMIP7hist_noMR,1959,1,interior,MLD2,510.69930
LR02_CMIP7hist_noMR,1959,2,interior,MLD2,934.42251
LR02_CMIP7hist_noMR,1959,3,interior,MLD2,967.18972
LR02_CMIP7hist_noMR,1959,4,interior,MLD2,536.70484
LR02_CMIP7hist_noMR,1959,5,interior,MLD2,18.30071
LR02_CMIP7hist_noMR,1959,6,interior,MLD2,14.75715
LR02_CMIP7hist_noMR,1959,7,interior,MLD2,12.90035
LR02_CMIP7hist_noMR,1959,8,interior,MLD2,12.04662
LR02_CMIP7hist_noMR,1959,9,interior,MLD2,15.70270
LR02_CMIP7hist_noMR,1959,10,interior,MLD2,21.23318
LR02_CMIP7hist_noMR,1959,11,interior,MLD2,34.60701
LR02_CMIP7hist_noMR,1959,12,interior,MLD2,58.27896
LR02_CMIP7hist_noMR,1960,1,labsea,a_ice,0.28463
LR02_CMIP7hist_noMR,1960,2,labsea,a_ice,0.37328
LR02_CMIP7hist_noMR,1960,3,labsea,a_ice,0.36670
LR02_CMIP7hist_noMR,1960,4,labsea,a_ice,0.30841
LR02_CMIP7hist_noMR,1960,5,labsea,a_ice,0.24826
LR02_CMIP7hist_noMR,1960,6,labsea,a_ice,0.15170
LR02_CMIP7hist_noMR,1960,7,labsea,a_ice,0.02237
LR02_CMIP7hist_noMR,1960,8,labsea,a_ice,0.00008
LR02_CMIP7hist_noMR,1960,9,labsea,a_ice,0.00000
LR02_CMIP7hist_noMR,1960,10,labsea,a_ice,0.00000
LR02_CMIP7hist_noMR,1960,11,labsea,a_ice,0.03445
LR02_CMIP7hist_noMR,1960,12,labsea,a_ice,0.17681
LR02_CMIP7hist_noMR,1960,1,interior,a_ice,0.12075
LR02_CMIP7hist_noMR,1960,2,interior,a_ice,0.19412
LR02_CMIP7hist_noMR,1960,3,interior,a_ice,0.18675
LR02_CMIP7hist_noMR,1960,4,interior,a_ice,0.08143
LR02_CMIP7hist_noMR,1960,5,interior,a_ice,0.06904
LR02_CMIP7hist_noMR,1960,6,interior,a_ice,0.02491
LR02_CMIP7hist_noMR,1960,7,interior,a_ice,0.00152
LR02_CMIP7hist_noMR,1960,8,interior,a_ice,0.00000
LR02_CMIP7hist_noMR,1960,9,interior,a_ice,0.00000
LR02_CMIP7hist_noMR,1960,10,interior,a_ice,0.00000
LR02_CMIP7hist_noMR,1960,11,interior,a_ice,0.00041
LR02_CMIP7hist_noMR,1960,12,interior,a_ice,0.03087
LR02_CMIP7hist_noMR,1960,1,labsea,MLD2,130.43480
LR02_CMIP7hist_noMR,1960,2,labsea,MLD2,360.64374
LR02_CMIP7hist_noMR,1960,3,labsea,MLD2,625.04186
LR02_CMIP7hist_noMR,1960,4,labsea,MLD2,513.20523
LR02_CMIP7hist_noMR,1960,5,labsea,MLD2,49.36398
LR02_CMIP7hist_noMR,1960,6,labsea,MLD2,11.96448
LR02_CMIP7hist_noMR,1960,7,labsea,MLD2,9.59568
LR02_CMIP7hist_noMR,1960,8,labsea,MLD2,11.02783
LR02_CMIP7hist_noMR,1960,9,labsea,MLD2,15.97090
LR02_CMIP7hist_noMR,1960,10,labsea,MLD2,26.21658
LR02_CMIP7hist_noMR,1960,11,labsea,MLD2,33.23434
LR02_CMIP7hist_noMR,1960,12,labsea,MLD2,42.27372
LR02_CMIP7hist_noMR,1960,1,interior,MLD2,170.32060
LR02_CMIP7hist_noMR,1960,2,interior,MLD2,490.74342
LR02_CMIP7hist_noMR,1960,3,interior,MLD2,1151.38437
LR02_CMIP7hist_noMR,1960,4,interior,MLD2,1079.79611
LR02_CMIP7hist_noMR,1960,5,interior,MLD2,106.58370
LR02_CMIP7hist_noMR,1960,6,interior,MLD2,12.99118
LR02_CMIP7hist_noMR,1960,7,interior,MLD2,10.29221
LR02_CMIP7hist_noMR,1960,8,interior,MLD2,12.46275
LR02_CMIP7hist_noMR,1960,9,interior,MLD2,17.05777
LR02_CMIP7hist_noMR,1960,10,interior,MLD2,26.97104
LR02_CMIP7hist_noMR,1960,11,interior,MLD2,33.79223
LR02_CMIP7hist_noMR,1960,12,interior,MLD2,38.58115
LR02_CMIP7hist_noMR,1961,1,labsea,a_ice,0.28825
LR02_CMIP7hist_noMR,1961,2,labsea,a_ice,0.45144
LR02_CMIP7hist_noMR,1961,3,labsea,a_ice,0.51985
LR02_CMIP7hist_noMR,1961,4,labsea,a_ice,0.44285
LR02_CMIP7hist_noMR,1961,5,labsea,a_ice,0.34422
LR02_CMIP7hist_noMR,1961,6,labsea,a_ice,0.18735
LR02_CMIP7hist_noMR,1961,7,labsea,a_ice,0.01353
LR02_CMIP7hist_noMR,1961,8,labsea,a_ice,0.00000
LR02_CMIP7hist_noMR,1961,9,labsea,a_ice,0.00000
LR02_CMIP7hist_noMR,1961,10,labsea,a_ice,0.00000
LR02_CMIP7hist_noMR,1961,11,labsea,a_ice,0.00528
LR02_CMIP7hist_noMR,1961,12,labsea,a_ice,0.12264
LR02_CMIP7hist_noMR,1961,1,interior,a_ice,0.16385
LR02_CMIP7hist_noMR,1961,2,interior,a_ice,0.41460
LR02_CMIP7hist_noMR,1961,3,interior,a_ice,0.52976
LR02_CMIP7hist_noMR,1961,4,interior,a_ice,0.37491
LR02_CMIP7hist_noMR,1961,5,interior,a_ice,0.22375
LR02_CMIP7hist_noMR,1961,6,interior,a_ice,0.14485
LR02_CMIP7hist_noMR,1961,7,interior,a_ice,0.00464
LR02_CMIP7hist_noMR,1961,8,interior,a_ice,0.00000
LR02_CMIP7hist_noMR,1961,9,interior,a_ice,0.00000
LR02_CMIP7hist_noMR,1961,10,interior,a_ice,0.00000
LR02_CMIP7hist_noMR,1961,11,interior,a_ice,0.00025
LR02_CMIP7hist_noMR,1961,12,interior,a_ice,0.02925
LR02_CMIP7hist_noMR,1961,1,labsea,MLD2,60.84165
LR02_CMIP7hist_noMR,1961,2,labsea,MLD2,102.17761
LR02_CMIP7hist_noMR,1961,3,labsea,MLD2,198.63884
LR02_CMIP7hist_noMR,1961,4,labsea,MLD2,102.75524
LR02_CMIP7hist_noMR,1961,5,labsea,MLD2,25.36513
LR02_CMIP7hist_noMR,1961,6,labsea,MLD2,14.27575
LR02_CMIP7hist_noMR,1961,7,labsea,MLD2,11.88851
LR02_CMIP7hist_noMR,1961,8,labsea,MLD2,12.16752
LR02_CMIP7hist_noMR,1961,9,labsea,MLD2,16.34534
LR02_CMIP7hist_noMR,1961,10,labsea,MLD2,21.59991
LR02_CMIP7hist_noMR,1961,11,labsea,MLD2,32.48001
LR02_CMIP7hist_noMR,1961,12,labsea,MLD2,48.05076
LR02_CMIP7hist_noMR,1961,1,interior,MLD2,48.77426
LR02_CMIP7hist_noMR,1961,2,interior,MLD2,66.38704
LR02_CMIP7hist_noMR,1961,3,interior,MLD2,89.37442
LR02_CMIP7hist_noMR,1961,4,interior,MLD2,35.89976
LR02_CMIP7hist_noMR,1961,5,interior,MLD2,19.59940
LR02_CMIP7hist_noMR,1961,6,interior,MLD2,14.03054
LR02_CMIP7hist_noMR,1961,7,interior,MLD2,12.61317
LR02_CMIP7hist_noMR,1961,8,interior,MLD2,12.75462
LR02_CMIP7hist_noMR,1961,9,interior,MLD2,17.31440
LR02_CMIP7hist_noMR,1961,10,interior,MLD2,22.44613
LR02_CMIP7hist_noMR,1961,11,interior,MLD2,33.23246
LR02_CMIP7hist_noMR,1961,12,interior,MLD2,56.32994
LR02_CMIP7hist_noMR,1962,1,labsea,a_ice,0.25844
LR02_CMIP7hist_noMR,1962,2,labsea,a_ice,0.28726
LR02_CMIP7hist_noMR,1962,3,labsea,a_ice,0.28723
LR02_CMIP7hist_noMR,1962,4,labsea,a_ice,0.27871
LR02_CMIP7hist_noMR,1962,5,labsea,a_ice,0.23057
LR02_CMIP7hist_noMR,1962,6,labsea,a_ice,0.12100
LR02_CMIP7hist_noMR,1962,7,labsea,a_ice,0.02350
LR02_CMIP7hist_noMR,1962,8,labsea,a_ice,0.00060
LR02_CMIP7hist_noMR,1962,9,labsea,a_ice,0.00000
LR02_CMIP7hist_noMR,1962,10,labsea,a_ice,0.00000
LR02_CMIP7hist_noMR,1962,11,labsea,a_ice,0.01300
LR02_CMIP7hist_noMR,1962,12,labsea,a_ice,0.12361
LR02_CMIP7hist_noMR,1962,1,interior,a_ice,0.09066
LR02_CMIP7hist_noMR,1962,2,interior,a_ice,0.10135
LR02_CMIP7hist_noMR,1962,3,interior,a_ice,0.10296
LR02_CMIP7hist_noMR,1962,4,interior,a_ice,0.10487
LR02_CMIP7hist_noMR,1962,5,interior,a_ice,0.06347
LR02_CMIP7hist_noMR,1962,6,interior,a_ice,0.01117
LR02_CMIP7hist_noMR,1962,7,interior,a_ice,0.00000
LR02_CMIP7hist_noMR,1962,8,interior,a_ice,0.00000
LR02_CMIP7hist_noMR,1962,9,interior,a_ice,0.00000
LR02_CMIP7hist_noMR,1962,10,interior,a_ice,0.00000
LR02_CMIP7hist_noMR,1962,11,interior,a_ice,0.00000
LR02_CMIP7hist_noMR,1962,12,interior,a_ice,0.02733
LR02_CMIP7hist_noMR,1962,1,labsea,MLD2,125.44384
LR02_CMIP7hist_noMR,1962,2,labsea,MLD2,210.19390
LR02_CMIP7hist_noMR,1962,3,labsea,MLD2,290.26618
LR02_CMIP7hist_noMR,1962,4,labsea,MLD2,298.45410
LR02_CMIP7hist_noMR,1962,5,labsea,MLD2,70.03183
LR02_CMIP7hist_noMR,1962,6,labsea,MLD2,19.35548
LR02_CMIP7hist_noMR,1962,7,labsea,MLD2,14.08354
LR02_CMIP7hist_noMR,1962,8,labsea,MLD2,13.69392
LR02_CMIP7hist_noMR,1962,9,labsea,MLD2,19.47432
LR02_CMIP7hist_noMR,1962,10,labsea,MLD2,28.68559
LR02_CMIP7hist_noMR,1962,11,labsea,MLD2,39.27378
LR02_CMIP7hist_noMR,1962,12,labsea,MLD2,59.00843
LR02_CMIP7hist_noMR,1962,1,interior,MLD2,198.65218
LR02_CMIP7hist_noMR,1962,2,interior,MLD2,340.85966
LR02_CMIP7hist_noMR,1962,3,interior,MLD2,488.96995
LR02_CMIP7hist_noMR,1962,4,interior,MLD2,562.79574
LR02_CMIP7hist_noMR,1962,5,interior,MLD2,124.52902
LR02_CMIP7hist_noMR,1962,6,interior,MLD2,25.67613
LR02_CMIP7hist_noMR,1962,7,interior,MLD2,18.21458
LR02_CMIP7hist_noMR,1962,8,interior,MLD2,16.98137
LR02_CMIP7hist_noMR,1962,9,interior,MLD2,23.04696
LR02_CMIP7hist_noMR,1962,10,interior,MLD2,32.48735
LR02_CMIP7hist_noMR,1962,11,interior,MLD2,43.60713
LR02_CMIP7hist_noMR,1962,12,interior,MLD2,65.83713
LR02_CMIP7hist_noMR,1963,1,labsea,a_ice,0.32160
LR02_CMIP7hist_noMR,1963,2,labsea,a_ice,0.34855
LR02_CMIP7hist_noMR,1963,3,labsea,a_ice,0.32722
LR02_CMIP7hist_noMR,1963,4,labsea,a_ice,0.30152
LR02_CMIP7hist_noMR,1963,5,labsea,a_ice,0.25493
LR02_CMIP7hist_noMR,1963,6,labsea,a_ice,0.12370
LR02_CMIP7hist_noMR,1963,7,labsea,a_ice,0.03389
LR02_CMIP7hist_noMR,1963,8,labsea,a_ice,0.00237
LR02_CMIP7hist_noMR,1963,9,labsea,a_ice,0.00000
LR02_CMIP7hist_noMR,1963,10,labsea,a_ice,0.00000
LR02_CMIP7hist_noMR,1963,11,labsea,a_ice,0.02622
LR02_CMIP7hist_noMR,1963,12,labsea,a_ice,0.13866
LR02_CMIP7hist_noMR,1963,1,interior,a_ice,0.17044
LR02_CMIP7hist_noMR,1963,2,interior,a_ice,0.17267
LR02_CMIP7hist_noMR,1963,3,interior,a_ice,0.14910
LR02_CMIP7hist_noMR,1963,4,interior,a_ice,0.09428
LR02_CMIP7hist_noMR,1963,5,interior,a_ice,0.06575
LR02_CMIP7hist_noMR,1963,6,interior,a_ice,0.01535
LR02_CMIP7hist_noMR,1963,7,interior,a_ice,0.00032
LR02_CMIP7hist_noMR,1963,8,interior,a_ice,0.00000
LR02_CMIP7hist_noMR,1963,9,interior,a_ice,0.00000
LR02_CMIP7hist_noMR,1963,10,interior,a_ice,0.00000
LR02_CMIP7hist_noMR,1963,11,interior,a_ice,0.00000
LR02_CMIP7hist_noMR,1963,12,interior,a_ice,0.00750
LR02_CMIP7hist_noMR,1963,1,labsea,MLD2,230.12012
LR02_CMIP7hist_noMR,1963,2,labsea,MLD2,534.67652
LR02_CMIP7hist_noMR,1963,3,labsea,MLD2,611.09368
LR02_CMIP7hist_noMR,1963,4,labsea,MLD2,450.84830
LR02_CMIP7hist_noMR,1963,5,labsea,MLD2,169.61488
LR02_CMIP7hist_noMR,1963,6,labsea,MLD2,19.81267
LR02_CMIP7hist_noMR,1963,7,labsea,MLD2,16.34666
LR02_CMIP7hist_noMR,1963,8,labsea,MLD2,15.07769
LR02_CMIP7hist_noMR,1963,9,labsea,MLD2,17.24370
LR02_CMIP7hist_noMR,1963,10,labsea,MLD2,21.79191
LR02_CMIP7hist_noMR,1963,11,labsea,MLD2,32.33890
LR02_CMIP7hist_noMR,1963,12,labsea,MLD2,47.58378
LR02_CMIP7hist_noMR,1963,1,interior,MLD2,305.60569
LR02_CMIP7hist_noMR,1963,2,interior,MLD2,734.67937
LR02_CMIP7hist_noMR,1963,3,interior,MLD2,952.60694
LR02_CMIP7hist_noMR,1963,4,interior,MLD2,794.91628
LR02_CMIP7hist_noMR,1963,5,interior,MLD2,330.74262
LR02_CMIP7hist_noMR,1963,6,interior,MLD2,28.77500
LR02_CMIP7hist_noMR,1963,7,interior,MLD2,21.19990
LR02_CMIP7hist_noMR,1963,8,interior,MLD2,18.69894
LR02_CMIP7hist_noMR,1963,9,interior,MLD2,20.29604
LR02_CMIP7hist_noMR,1963,10,interior,MLD2,24.04983
LR02_CMIP7hist_noMR,1963,11,interior,MLD2,36.20050
LR02_CMIP7hist_noMR,1963,12,interior,MLD2,52.46117
LR02_CMIP7hist_noMR,1964,1,labsea,a_ice,0.30963
LR02_CMIP7hist_noMR,1964,2,labsea,a_ice,0.39824
LR02_CMIP7hist_noMR,1964,3,labsea,a_ice,0.35216
LR02_CMIP7hist_noMR,1964,4,labsea,a_ice,0.32964
LR02_CMIP7hist_noMR,1964,5,labsea,a_ice,0.31092
LR02_CMIP7hist_noMR,1964,6,labsea,a_ice,0.20425
LR02_CMIP7hist_noMR,1964,7,labsea,a_ice,0.07407
LR02_CMIP7hist_noMR,1964,8,labsea,a_ice,0.00515
LR02_CMIP7hist_noMR,1964,9,labsea,a_ice,0.00000
LR02_CMIP7hist_noMR,1964,10,labsea,a_ice,0.00118
LR02_CMIP7hist_noMR,1964,11,labsea,a_ice,0.03274
LR02_CMIP7hist_noMR,1964,12,labsea,a_ice,0.18925
LR02_CMIP7hist_noMR,1964,1,interior,a_ice,0.14780
LR02_CMIP7hist_noMR,1964,2,interior,a_ice,0.24158
LR02_CMIP7hist_noMR,1964,3,interior,a_ice,0.20534
LR02_CMIP7hist_noMR,1964,4,interior,a_ice,0.18250
LR02_CMIP7hist_noMR,1964,5,interior,a_ice,0.08457
LR02_CMIP7hist_noMR,1964,6,interior,a_ice,0.01727
LR02_CMIP7hist_noMR,1964,7,interior,a_ice,0.01266
LR02_CMIP7hist_noMR,1964,8,interior,a_ice,0.00008
LR02_CMIP7hist_noMR,1964,9,interior,a_ice,0.00000
LR02_CMIP7hist_noMR,1964,10,interior,a_ice,0.00000
LR02_CMIP7hist_noMR,1964,11,interior,a_ice,0.00101
LR02_CMIP7hist_noMR,1964,12,interior,a_ice,0.05020
LR02_CMIP7hist_noMR,1964,1,labsea,MLD2,107.50014
LR02_CMIP7hist_noMR,1964,2,labsea,MLD2,485.96630
LR02_CMIP7hist_noMR,1964,3,labsea,MLD2,710.72969
LR02_CMIP7hist_noMR,1964,4,labsea,MLD2,532.55416
LR02_CMIP7hist_noMR,1964,5,labsea,MLD2,171.81747
LR02_CMIP7hist_noMR,1964,6,labsea,MLD2,15.62839
LR02_CMIP7hist_noMR,1964,7,labsea,MLD2,15.50723
LR02_CMIP7hist_noMR,1964,8,labsea,MLD2,14.20857
LR02_CMIP7hist_noMR,1964,9,labsea,MLD2,18.23529
LR02_CMIP7hist_noMR,1964,10,labsea,MLD2,27.95956
LR02_CMIP7hist_noMR,1964,11,labsea,MLD2,37.68497
LR02_CMIP7hist_noMR,1964,12,labsea,MLD2,64.59309
LR02_CMIP7hist_noMR,1964,1,interior,MLD2,138.09831
LR02_CMIP7hist_noMR,1964,2,interior,MLD2,751.88767
LR02_CMIP7hist_noMR,1964,3,interior,MLD2,1178.79311
LR02_CMIP7hist_noMR,1964,4,interior,MLD2,940.51601
LR02_CMIP7hist_noMR,1964,5,interior,MLD2,340.66077
LR02_CMIP7hist_noMR,1964,6,interior,MLD2,20.08142
LR02_CMIP7hist_noMR,1964,7,interior,MLD2,18.77105
LR02_CMIP7hist_noMR,1964,8,interior,MLD2,16.37235
LR02_CMIP7hist_noMR,1964,9,interior,MLD2,19.78317
LR02_CMIP7hist_noMR,1964,10,interior,MLD2,28.32701
LR02_CMIP7hist_noMR,1964,11,interior,MLD2,39.04316
LR02_CMIP7hist_noMR,1964,12,interior,MLD2,71.71891
LR02_CMIP7hist_noMR,1965,1,labsea,a_ice,0.33669
LR02_CMIP7hist_noMR,1965,2,labsea,a_ice,0.38213
LR02_CMIP7hist_noMR,1965,3,labsea,a_ice,0.42554
LR02_CMIP7hist_noMR,1965,4,labsea,a_ice,0.39290
LR02_CMIP7hist_noMR,1965,5,labsea,a_ice,0.32874
LR02_CMIP7hist_noMR,1965,6,labsea,a_ice,0.19958
LR02_CMIP7hist_noMR,1965,7,labsea,a_ice,0.05273
LR02_CMIP7hist_noMR,1965,8,labsea,a_ice,0.00120
LR02_CMIP7hist_noMR,1965,9,labsea,a_ice,0.00000
LR02_CMIP7hist_noMR,1965,10,labsea,a_ice,0.00000
LR02_CMIP7hist_noMR,1965,11,labsea,a_ice,0.00822
LR02_CMIP7hist_noMR,1965,12,labsea,a_ice,0.07337
LR02_CMIP7hist_noMR,1965,1,interior,a_ice,0.17559
LR02_CMIP7hist_noMR,1965,2,interior,a_ice,0.22521
LR02_CMIP7hist_noMR,1965,3,interior,a_ice,0.26982
LR02_CMIP7hist_noMR,1965,4,interior,a_ice,0.20584
LR02_CMIP7hist_noMR,1965,5,interior,a_ice,0.11396
LR02_CMIP7hist_noMR,1965,6,interior,a_ice,0.11475
LR02_CMIP7hist_noMR,1965,7,interior,a_ice,0.01635
LR02_CMIP7hist_noMR,1965,8,interior,a_ice,0.00000
LR02_CMIP7hist_noMR,1965,9,interior,a_ice,0.00000
LR02_CMIP7hist_noMR,1965,10,interior,a_ice,0.00000
LR02_CMIP7hist_noMR,1965,11,interior,a_ice,0.00000
LR02_CMIP7hist_noMR,1965,12,interior,a_ice,0.00618
LR02_CMIP7hist_noMR,1965,1,labsea,MLD2,294.41938
LR02_CMIP7hist_noMR,1965,2,labsea,MLD2,736.76032
LR02_CMIP7hist_noMR,1965,3,labsea,MLD2,778.25000
LR02_CMIP7hist_noMR,1965,4,labsea,MLD2,545.50297
LR02_CMIP7hist_noMR,1965,5,labsea,MLD2,174.32438
LR02_CMIP7hist_noMR,1965,6,labsea,MLD2,14.60459
LR02_CMIP7hist_noMR,1965,7,labsea,MLD2,12.75102
LR02_CMIP7hist_noMR,1965,8,labsea,MLD2,13.69296
LR02_CMIP7hist_noMR,1965,9,labsea,MLD2,15.44862
LR02_CMIP7hist_noMR,1965,10,labsea,MLD2,18.55315
LR02_CMIP7hist_noMR,1965,11,labsea,MLD2,26.69841
LR02_CMIP7hist_noMR,1965,12,labsea,MLD2,38.42436
LR02_CMIP7hist_noMR,1965,1,interior,MLD2,448.25013
LR02_CMIP7hist_noMR,1965,2,interior,MLD2,1177.81663
LR02_CMIP7hist_noMR,1965,3,interior,MLD2,1184.46759
LR02_CMIP7hist_noMR,1965,4,interior,MLD2,842.08052
LR02_CMIP7hist_noMR,1965,5,interior,MLD2,210.10519
LR02_CMIP7hist_noMR,1965,6,interior,MLD2,16.24893
LR02_CMIP7hist_noMR,1965,7,interior,MLD2,14.41233
LR02_CMIP7hist_noMR,1965,8,interior,MLD2,14.65127
LR02_CMIP7hist_noMR,1965,9,interior,MLD2,15.82187
LR02_CMIP7hist_noMR,1965,10,interior,MLD2,19.31140
LR02_CMIP7hist_noMR,1965,11,interior,MLD2,26.99910
LR02_CMIP7hist_noMR,1965,12,interior,MLD2,37.33371
LR02_CMIP7hist_noMR,1966,1,labsea,a_ice,0.23467
LR02_CMIP7hist_noMR,1966,2,labsea,a_ice,0.36449
LR02_CMIP7hist_noMR,1966,3,labsea,a_ice,0.36829
LR02_CMIP7hist_noMR,1966,4,labsea,a_ice,0.33950
LR02_CMIP7hist_noMR,1966,5,labsea,a_ice,0.29098
LR02_CMIP7hist_noMR,1966,6,labsea,a_ice,0.15690
LR02_CMIP7hist_noMR,1966,7,labsea,a_ice,0.04604
LR02_CMIP7hist_noMR,1966,8,labsea,a_ice,0.00352
LR02_CMIP7hist_noMR,1966,9,labsea,a_ice,0.00000
LR02_CMIP7hist_noMR,1966,10,labsea,a_ice,0.00076
LR02_CMIP7hist_noMR,1966,11,labsea,a_ice,0.03290
LR02_CMIP7hist_noMR,1966,12,labsea,a_ice,0.12690
LR02_CMIP7hist_noMR,1966,1,interior,a_ice,0.09266
LR02_CMIP7hist_noMR,1966,2,interior,a_ice,0.20206
LR02_CMIP7hist_noMR,1966,3,interior,a_ice,0.19314
LR02_CMIP7hist_noMR,1966,4,interior,a_ice,0.12580
LR02_CMIP7hist_noMR,1966,5,interior,a_ice,0.09012
LR02_CMIP7hist_noMR,1966,6,interior,a_ice,0.03965
LR02_CMIP7hist_noMR,1966,7,interior,a_ice,0.00628
LR02_CMIP7hist_noMR,1966,8,interior,a_ice,0.00000
LR02_CMIP7hist_noMR,1966,9,interior,a_ice,0.00000
LR02_CMIP7hist_noMR,1966,10,interior,a_ice,0.00000
LR02_CMIP7hist_noMR,1966,11,interior,a_ice,0.00000
LR02_CMIP7hist_noMR,1966,12,interior,a_ice,0.00648
LR02_CMIP7hist_noMR,1966,1,labsea,MLD2,56.16581
LR02_CMIP7hist_noMR,1966,2,labsea,MLD2,126.28102
LR02_CMIP7hist_noMR,1966,3,labsea,MLD2,410.38763
LR02_CMIP7hist_noMR,1966,4,labsea,MLD2,500.97444
LR02_CMIP7hist_noMR,1966,5,labsea,MLD2,138.87158
LR02_CMIP7hist_noMR,1966,6,labsea,MLD2,16.38169
LR02_CMIP7hist_noMR,1966,7,labsea,MLD2,11.93176
LR02_CMIP7hist_noMR,1966,8,labsea,MLD2,12.43822
LR02_CMIP7hist_noMR,1966,9,labsea,MLD2,15.40314
LR02_CMIP7hist_noMR,1966,10,labsea,MLD2,21.36085
LR02_CMIP7hist_noMR,1966,11,labsea,MLD2,31.49377
LR02_CMIP7hist_noMR,1966,12,labsea,MLD2,58.47871
LR02_CMIP7hist_noMR,1966,1,interior,MLD2,54.51043
LR02_CMIP7hist_noMR,1966,2,interior,MLD2,179.93137
LR02_CMIP7hist_noMR,1966,3,interior,MLD2,758.69695
LR02_CMIP7hist_noMR,1966,4,interior,MLD2,991.82361
LR02_CMIP7hist_noMR,1966,5,interior,MLD2,271.19571
LR02_CMIP7hist_noMR,1966,6,interior,MLD2,20.07707
LR02_CMIP7hist_noMR,1966,7,interior,MLD2,13.41262
LR02_CMIP7hist_noMR,1966,8,interior,MLD2,14.27545
LR02_CMIP7hist_noMR,1966,9,interior,MLD2,17.02387
LR02_CMIP7hist_noMR,1966,10,interior,MLD2,22.51822
LR02_CMIP7hist_noMR,1966,11,interior,MLD2,35.17697
LR02_CMIP7hist_noMR,1966,12,interior,MLD2,77.06490
LR02_CMIP7hist_noMR,1967,1,labsea,a_ice,0.26226
LR02_CMIP7hist_noMR,1967,2,labsea,a_ice,0.33363
LR02_CMIP7hist_noMR,1967,3,labsea,a_ice,0.35542
LR02_CMIP7hist_noMR,1967,4,labsea,a_ice,0.38440
LR02_CMIP7hist_noMR,1967,5,labsea,a_ice,0.33700
LR02_CMIP7hist_noMR,1967,6,labsea,a_ice,0.25580
LR02_CMIP7hist_noMR,1967,7,labsea,a_ice,0.10138
LR02_CMIP7hist_noMR,1967,8,labsea,a_ice,0.00650
LR02_CMIP7hist_noMR,1967,9,labsea,a_ice,0.00024
LR02_CMIP7hist_noMR,1967,10,labsea,a_ice,0.00041
LR02_CMIP7hist_noMR,1967,11,labsea,a_ice,0.04385
LR02_CMIP7hist_noMR,1967,12,labsea,a_ice,0.19834
LR02_CMIP7hist_noMR,1967,1,interior,a_ice,0.06785
LR02_CMIP7hist_noMR,1967,2,interior,a_ice,0.17120
LR02_CMIP7hist_noMR,1967,3,interior,a_ice,0.11885
LR02_CMIP7hist_noMR,1967,4,interior,a_ice,0.21518
LR02_CMIP7hist_noMR,1967,5,interior,a_ice,0.19983
LR02_CMIP7hist_noMR,1967,6,interior,a_ice,0.07778
LR02_CMIP7hist_noMR,1967,7,interior,a_ice,0.01791
LR02_CMIP7hist_noMR,1967,8,interior,a_ice,0.00000
LR02_CMIP7hist_noMR,1967,9,interior,a_ice,0.00000
LR02_CMIP7hist_noMR,1967,10,interior,a_ice,0.00000
LR02_CMIP7hist_noMR,1967,11,interior,a_ice,0.00006
LR02_CMIP7hist_noMR,1967,12,interior,a_ice,0.04562
LR02_CMIP7hist_noMR,1967,1,labsea,MLD2,107.15071
LR02_CMIP7hist_noMR,1967,2,labsea,MLD2,255.77016
LR02_CMIP7hist_noMR,1967,3,labsea,MLD2,605.44090
LR02_CMIP7hist_noMR,1967,4,labsea,MLD2,702.47373
LR02_CMIP7hist_noMR,1967,5,labsea,MLD2,206.56855
LR02_CMIP7hist_noMR,1967,6,labsea,MLD2,27.19897
LR02_CMIP7hist_noMR,1967,7,labsea,MLD2,12.58210
LR02_CMIP7hist_noMR,1967,8,labsea,MLD2,14.00398
LR02_CMIP7hist_noMR,1967,9,labsea,MLD2,17.08382
LR02_CMIP7hist_noMR,1967,10,labsea,MLD2,27.49995
LR02_CMIP7hist_noMR,1967,11,labsea,MLD2,42.11262
LR02_CMIP7hist_noMR,1967,12,labsea,MLD2,122.91069
LR02_CMIP7hist_noMR,1967,1,interior,MLD2,189.69224
LR02_CMIP7hist_noMR,1967,2,interior,MLD2,454.49610
LR02_CMIP7hist_noMR,1967,3,interior,MLD2,1044.64264
LR02_CMIP7hist_noMR,1967,4,interior,MLD2,1214.33847
LR02_CMIP7hist_noMR,1967,5,interior,MLD2,422.41841
LR02_CMIP7hist_noMR,1967,6,interior,MLD2,31.90051
LR02_CMIP7hist_noMR,1967,7,interior,MLD2,13.91898
LR02_CMIP7hist_noMR,1967,8,interior,MLD2,16.02199
LR02_CMIP7hist_noMR,1967,9,interior,MLD2,19.21262
LR02_CMIP7hist_noMR,1967,10,interior,MLD2,29.93824
LR02_CMIP7hist_noMR,1967,11,interior,MLD2,48.76200
LR02_CMIP7hist_noMR,1967,12,interior,MLD2,206.55287
LR02_CMIP7hist_noMR,1968,1,labsea,a_ice,0.32877
LR02_CMIP7hist_noMR,1968,2,labsea,a_ice,0.36071
LR02_CMIP7hist_noMR,1968,3,labsea,a_ice,0.36565
LR02_CMIP7hist_noMR,1968,4,labsea,a_ice,0.36650
LR02_CMIP7hist_noMR,1968,5,labsea,a_ice,0.31597
LR02_CMIP7hist_noMR,1968,6,labsea,a_ice,0.18817
LR02_CMIP7hist_noMR,1968,7,labsea,a_ice,0.03299
LR02_CMIP7hist_noMR,1968,8,labsea,a_ice,0.00063
LR02_CMIP7hist_noMR,1968,9,labsea,a_ice,0.00000
LR02_CMIP7hist_noMR,1968,10,labsea,a_ice,0.00000
LR02_CMIP7hist_noMR,1968,11,labsea,a_ice,0.00667
LR02_CMIP7hist_noMR,1968,12,labsea,a_ice,0.11279
LR02_CMIP7hist_noMR,1968,1,interior,a_ice,0.15886
LR02_CMIP7hist_noMR,1968,2,interior,a_ice,0.17119
LR02_CMIP7hist_noMR,1968,3,interior,a_ice,0.18202
LR02_CMIP7hist_noMR,1968,4,interior,a_ice,0.18940
LR02_CMIP7hist_noMR,1968,5,interior,a_ice,0.12601
LR02_CMIP7hist_noMR,1968,6,interior,a_ice,0.05448
LR02_CMIP7hist_noMR,1968,7,interior,a_ice,0.01351
LR02_CMIP7hist_noMR,1968,8,interior,a_ice,0.00000
LR02_CMIP7hist_noMR,1968,9,interior,a_ice,0.00000
LR02_CMIP7hist_noMR,1968,10,interior,a_ice,0.00000
LR02_CMIP7hist_noMR,1968,11,interior,a_ice,0.00004
LR02_CMIP7hist_noMR,1968,12,interior,a_ice,0.02294
LR02_CMIP7hist_noMR,1968,1,labsea,MLD2,654.47322
LR02_CMIP7hist_noMR,1968,2,labsea,MLD2,1001.25235
LR02_CMIP7hist_noMR,1968,3,labsea,MLD2,1070.49378
LR02_CMIP7hist_noMR,1968,4,labsea,MLD2,813.94971
LR02_CMIP7hist_noMR,1968,5,labsea,MLD2,304.82770
LR02_CMIP7hist_noMR,1968,6,labsea,MLD2,18.26414
LR02_CMIP7hist_noMR,1968,7,labsea,MLD2,13.67321
LR02_CMIP7hist_noMR,1968,8,labsea,MLD2,13.68672
LR02_CMIP7hist_noMR,1968,9,labsea,MLD2,17.38154
LR02_CMIP7hist_noMR,1968,10,labsea,MLD2,24.82312
LR02_CMIP7hist_noMR,1968,11,labsea,MLD2,36.15433
LR02_CMIP7hist_noMR,1968,12,labsea,MLD2,61.45925
LR02_CMIP7hist_noMR,1968,1,interior,MLD2,1162.13986
LR02_CMIP7hist_noMR,1968,2,interior,MLD2,1562.63240
LR02_CMIP7hist_noMR,1968,3,interior,MLD2,1580.00017
LR02_CMIP7hist_noMR,1968,4,interior,MLD2,1103.88484
LR02_CMIP7hist_noMR,1968,5,interior,MLD2,423.85902
LR02_CMIP7hist_noMR,1968,6,interior,MLD2,22.29074
LR02_CMIP7hist_noMR,1968,7,interior,MLD2,15.24294
LR02_CMIP7hist_noMR,1968,8,interior,MLD2,15.58430
LR02_CMIP7hist_noMR,1968,9,interior,MLD2,19.38327
LR02_CMIP7hist_noMR,1968,10,interior,MLD2,26.19069
LR02_CMIP7hist_noMR,1968,11,interior,MLD2,38.39420
LR02_CMIP7hist_noMR,1968,12,interior,MLD2,84.56706
LR02_CMIP7hist_noMR,1969,1,labsea,a_ice,0.29416
LR02_CMIP7hist_noMR,1969,2,labsea,a_ice,0.35548
LR02_CMIP7hist_noMR,1969,3,labsea,a_ice,0.34053
LR02_CMIP7hist_noMR,1969,4,labsea,a_ice,0.31991
LR02_CMIP7hist_noMR,1969,5,labsea,a_ice,0.26055
LR02_CMIP7hist_noMR,1969,6,labsea,a_ice,0.15784
LR02_CMIP7hist_noMR,1969,7,labsea,a_ice,0.05684
LR02_CMIP7hist_noMR,1969,8,labsea,a_ice,0.00141
LR02_CMIP7hist_noMR,1969,9,labsea,a_ice,0.00000
LR02_CMIP7hist_noMR,1969,10,labsea,a_ice,0.00000
LR02_CMIP7hist_noMR,1969,11,labsea,a_ice,0.01847
LR02_CMIP7hist_noMR,1969,12,labsea,a_ice,0.13705
LR02_CMIP7hist_noMR,1969,1,interior,a_ice,0.11938
LR02_CMIP7hist_noMR,1969,2,interior,a_ice,0.19733
LR02_CMIP7hist_noMR,1969,3,interior,a_ice,0.11448
LR02_CMIP7hist_noMR,1969,4,interior,a_ice,0.11998
LR02_CMIP7hist_noMR,1969,5,interior,a_ice,0.07007
LR02_CMIP7hist_noMR,1969,6,interior,a_ice,0.02735
LR02_CMIP7hist_noMR,1969,7,interior,a_ice,0.02439
LR02_CMIP7hist_noMR,1969,8,interior,a_ice,0.00004
LR02_CMIP7hist_noMR,1969,9,interior,a_ice,0.00000
LR02_CMIP7hist_noMR,1969,10,interior,a_ice,0.00000
LR02_CMIP7hist_noMR,1969,11,interior,a_ice,0.00007
LR02_CMIP7hist_noMR,1969,12,interior,a_ice,0.01255
LR02_CMIP7hist_noMR,1969,1,labsea,MLD2,331.42773
LR02_CMIP7hist_noMR,1969,2,labsea,MLD2,842.59948
LR02_CMIP7hist_noMR,1969,3,labsea,MLD2,856.85378
LR02_CMIP7hist_noMR,1969,4,labsea,MLD2,711.43623
LR02_CMIP7hist_noMR,1969,5,labsea,MLD2,101.16303
LR02_CMIP7hist_noMR,1969,6,labsea,MLD2,18.48817
LR02_CMIP7hist_noMR,1969,7,labsea,MLD2,15.16288
LR02_CMIP7hist_noMR,1969,8,labsea,MLD2,13.22308
LR02_CMIP7hist_noMR,1969,9,labsea,MLD2,18.69565
LR02_CMIP7hist_noMR,1969,10,labsea,MLD2,25.34201
LR02_CMIP7hist_noMR,1969,11,labsea,MLD2,37.07199
LR02_CMIP7hist_noMR,1969,12,labsea,MLD2,85.06412
LR02_CMIP7hist_noMR,1969,1,interior,MLD2,611.46856
LR02_CMIP7hist_noMR,1969,2,interior,MLD2,1436.68048
LR02_CMIP7hist_noMR,1969,3,interior,MLD2,1479.26354
LR02_CMIP7hist_noMR,1969,4,interior,MLD2,1313.25131
LR02_CMIP7hist_noMR,1969,5,interior,MLD2,175.83398
LR02_CMIP7hist_noMR,1969,6,interior,MLD2,23.76252
LR02_CMIP7hist_noMR,1969,7,interior,MLD2,18.27069
LR02_CMIP7hist_noMR,1969,8,interior,MLD2,15.34202
LR02_CMIP7hist_noMR,1969,9,interior,MLD2,21.44172
LR02_CMIP7hist_noMR,1969,10,interior,MLD2,28.49193
LR02_CMIP7hist_noMR,1969,11,interior,MLD2,41.87433
LR02_CMIP7hist_noMR,1969,12,interior,MLD2,122.90077
LR02_CMIP7hist_noMR,1970,1,labsea,a_ice,0.24916
LR02_CMIP7hist_noMR,1970,2,labsea,a_ice,0.34592
LR02_CMIP7hist_noMR,1970,3,labsea,a_ice,0.34470
LR02_CMIP7hist_noMR,1970,4,labsea,a_ice,0.31920
LR02_CMIP7hist_noMR,1970,5,labsea,a_ice,0.25141
LR02_CMIP7hist_noMR,1970,6,labsea,a_ice,0.10498
LR02_CMIP7hist_noMR,1970,7,labsea,a_ice,0.01104
LR02_CMIP7hist_noMR,1970,8,labsea,a_ice,0.00000
LR02_CMIP7hist_noMR,1970,9,labsea,a_ice,0.00000
LR02_CMIP7hist_noMR,1970,10,labsea,a_ice,0.00000
LR02_CMIP7hist_noMR,1970,11,labsea,a_ice,0.00047
LR02_CMIP7hist_noMR,1970,12,labsea,a_ice,0.11652
LR02_CMIP7hist_noMR,1970,1,interior,a_ice,0.07189
LR02_CMIP7hist_noMR,1970,2,interior,a_ice,0.19456
LR02_CMIP7hist_noMR,1970,3,interior,a_ice,0.20474
LR02_CMIP7hist_noMR,1970,4,interior,a_ice,0.12009
LR02_CMIP7hist_noMR,1970,5,interior,a_ice,0.08405
LR02_CMIP7hist_noMR,1970,6,interior,a_ice,0.01795
LR02_CMIP7hist_noMR,1970,7,interior,a_ice,0.00009
LR02_CMIP7hist_noMR,1970,8,interior,a_ice,0.00000
LR02_CMIP7hist_noMR,1970,9,interior,a_ice,0.00000
LR02_CMIP7hist_noMR,1970,10,interior,a_ice,0.00000
LR02_CMIP7hist_noMR,1970,11,interior,a_ice,0.00000
LR02_CMIP7hist_noMR,1970,12,interior,a_ice,0.04054
LR02_CMIP7hist_noMR,1970,1,labsea,MLD2,468.91315
LR02_CMIP7hist_noMR,1970,2,labsea,MLD2,1039.64365
LR02_CMIP7hist_noMR,1970,3,labsea,MLD2,943.49718
LR02_CMIP7hist_noMR,1970,4,labsea,MLD2,658.17488
LR02_CMIP7hist_noMR,1970,5,labsea,MLD2,133.46033
LR02_CMIP7hist_noMR,1970,6,labsea,MLD2,14.30799
LR02_CMIP7hist_noMR,1970,7,labsea,MLD2,10.65175
LR02_CMIP7hist_noMR,1970,8,labsea,MLD2,14.65705
LR02_CMIP7hist_noMR,1970,9,labsea,MLD2,19.20092
LR02_CMIP7hist_noMR,1970,10,labsea,MLD2,24.47887
LR02_CMIP7hist_noMR,1970,11,labsea,MLD2,33.93044
LR02_CMIP7hist_noMR,1970,12,labsea,MLD2,59.92868
LR02_CMIP7hist_noMR,1970,1,interior,MLD2,786.27806
LR02_CMIP7hist_noMR,1970,2,interior,MLD2,1724.16622
LR02_CMIP7hist_noMR,1970,3,interior,MLD2,1380.38226
LR02_CMIP7hist_noMR,1970,4,interior,MLD2,976.90421
LR02_CMIP7hist_noMR,1970,5,interior,MLD2,253.72162
LR02_CMIP7hist_noMR,1970,6,interior,MLD2,16.62769
LR02_CMIP7hist_noMR,1970,7,interior,MLD2,11.27169
LR02_CMIP7hist_noMR,1970,8,interior,MLD2,16.33099
LR02_CMIP7hist_noMR,1970,9,interior,MLD2,21.89193
LR02_CMIP7hist_noMR,1970,10,interior,MLD2,26.46103
LR02_CMIP7hist_noMR,1970,11,interior,MLD2,37.61377
LR02_CMIP7hist_noMR,1970,12,interior,MLD2,88.27545
LR02_CMIP7hist_noMR,1971,1,labsea,a_ice,0.30105
LR02_CMIP7hist_noMR,1971,2,labsea,a_ice,0.31660
LR02_CMIP7hist_noMR,1971,3,labsea,a_ice,0.33329
LR02_CMIP7hist_noMR,1971,4,labsea,a_ice,0.28023
LR02_CMIP7hist_noMR,1971,5,labsea,a_ice,0.22857
LR02_CMIP7hist_noMR,1971,6,labsea,a_ice,0.12362
LR02_CMIP7hist_noMR,1971,7,labsea,a_ice,0.02680
LR02_CMIP7hist_noMR,1971,8,labsea,a_ice,0.00169
LR02_CMIP7hist_noMR,1971,9,labsea,a_ice,0.00000
LR02_CMIP7hist_noMR,1971,10,labsea,a_ice,0.00058
LR02_CMIP7hist_noMR,1971,11,labsea,a_ice,0.03259
LR02_CMIP7hist_noMR,1971,12,labsea,a_ice,0.12994
LR02_CMIP7hist_noMR,1971,1,interior,a_ice,0.14020
LR02_CMIP7hist_noMR,1971,2,interior,a_ice,0.10325
LR02_CMIP7hist_noMR,1971,3,interior,a_ice,0.12955
LR02_CMIP7hist_noMR,1971,4,interior,a_ice,0.10611
LR02_CMIP7hist_noMR,1971,5,interior,a_ice,0.11181
LR02_CMIP7hist_noMR,1971,6,interior,a_ice,0.03319
LR02_CMIP7hist_noMR,1971,7,interior,a_ice,0.00002
LR02_CMIP7hist_noMR,1971,8,interior,a_ice,0.00000
LR02_CMIP7hist_noMR,1971,9,interior,a_ice,0.00000
LR02_CMIP7hist_noMR,1971,10,interior,a_ice,0.00000
LR02_CMIP7hist_noMR,1971,11,interior,a_ice,0.00000
LR02_CMIP7hist_noMR,1971,12,interior,a_ice,0.02338
LR02_CMIP7hist_noMR,1971,1,labsea,MLD2,349.78407
LR02_CMIP7hist_noMR,1971,2,labsea,MLD2,803.52301
LR02_CMIP7hist_noMR,1971,3,labsea,MLD2,926.24778
LR02_CMIP7hist_noMR,1971,4,labsea,MLD2,573.32117
LR02_CMIP7hist_noMR,1971,5,labsea,MLD2,275.65834
LR02_CMIP7hist_noMR,1971,6,labsea,MLD2,15.27392
LR02_CMIP7hist_noMR,1971,7,labsea,MLD2,12.79052
LR02_CMIP7hist_noMR,1971,8,labsea,MLD2,12.48261
LR02_CMIP7hist_noMR,1971,9,labsea,MLD2,18.18115
LR02_CMIP7hist_noMR,1971,10,labsea,MLD2,25.16571
LR02_CMIP7hist_noMR,1971,11,labsea,MLD2,35.61637
LR02_CMIP7hist_noMR,1971,12,labsea,MLD2,47.89259
LR02_CMIP7hist_noMR,1971,1,interior,MLD2,768.99617
LR02_CMIP7hist_noMR,1971,2,interior,MLD2,1715.46168
LR02_CMIP7hist_noMR,1971,3,interior,MLD2,1782.03680
LR02_CMIP7hist_noMR,1971,4,interior,MLD2,1048.01207
LR02_CMIP7hist_noMR,1971,5,interior,MLD2,564.71055
LR02_CMIP7hist_noMR,1971,6,interior,MLD2,18.38311
LR02_CMIP7hist_noMR,1971,7,interior,MLD2,14.49348
LR02_CMIP7hist_noMR,1971,8,interior,MLD2,13.52117
LR02_CMIP7hist_noMR,1971,9,interior,MLD2,19.41480
LR02_CMIP7hist_noMR,1971,10,interior,MLD2,27.04460
LR02_CMIP7hist_noMR,1971,11,interior,MLD2,36.81091
LR02_CMIP7hist_noMR,1971,12,interior,MLD2,50.68031
LR02_CMIP7hist_noMR,1972,1,labsea,a_ice,0.31002
LR02_CMIP7hist_noMR,1972,2,labsea,a_ice,0.45815
LR02_CMIP7hist_noMR,1972,3,labsea,a_ice,0.50892
LR02_CMIP7hist_noMR,1972,4,labsea,a_ice,0.44202
LR02_CMIP7hist_noMR,1972,5,labsea,a_ice,0.31568
LR02_CMIP7hist_noMR,1972,6,labsea,a_ice,0.15833
LR02_CMIP7hist_noMR,1972,7,labsea,a_ice,0.03810
LR02_CMIP7hist_noMR,1972,8,labsea,a_ice,0.00718
LR02_CMIP7hist_noMR,1972,9,labsea,a_ice,0.00038
LR02_CMIP7hist_noMR,1972,10,labsea,a_ice,0.00013
LR02_CMIP7hist_noMR,1972,11,labsea,a_ice,0.04190
LR02_CMIP7hist_noMR,1972,12,labsea,a_ice,0.17899
LR02_CMIP7hist_noMR,1972,1,interior,a_ice,0.16018
LR02_CMIP7hist_noMR,1972,2,interior,a_ice,0.39421
LR02_CMIP7hist_noMR,1972,3,interior,a_ice,0.55284
LR02_CMIP7hist_noMR,1972,4,interior,a_ice,0.37217
LR02_CMIP7hist_noMR,1972,5,interior,a_ice,0.18116
LR02_CMIP7hist_noMR,1972,6,interior,a_ice,0.02636
LR02_CMIP7hist_noMR,1972,7,interior,a_ice,0.00015
LR02_CMIP7hist_noMR,1972,8,interior,a_ice,0.00000
LR02_CMIP7hist_noMR,1972,9,interior,a_ice,0.00000
LR02_CMIP7hist_noMR,1972,10,interior,a_ice,0.00000
LR02_CMIP7hist_noMR,1972,11,interior,a_ice,0.00000
LR02_CMIP7hist_noMR,1972,12,interior,a_ice,0.01559
LR02_CMIP7hist_noMR,1972,1,labsea,MLD2,86.31738
LR02_CMIP7hist_noMR,1972,2,labsea,MLD2,362.36311
LR02_CMIP7hist_noMR,1972,3,labsea,MLD2,575.01683
LR02_CMIP7hist_noMR,1972,4,labsea,MLD2,344.33172
LR02_CMIP7hist_noMR,1972,5,labsea,MLD2,51.25607
LR02_CMIP7hist_noMR,1972,6,labsea,MLD2,14.79348
LR02_CMIP7hist_noMR,1972,7,labsea,MLD2,12.48816
LR02_CMIP7hist_noMR,1972,8,labsea,MLD2,13.65678
LR02_CMIP7hist_noMR,1972,9,labsea,MLD2,16.33204
LR02_CMIP7hist_noMR,1972,10,labsea,MLD2,22.94223
LR02_CMIP7hist_noMR,1972,11,labsea,MLD2,31.22608
LR02_CMIP7hist_noMR,1972,12,labsea,MLD2,58.73234
LR02_CMIP7hist_noMR,1972,1,interior,MLD2,62.82009
LR02_CMIP7hist_noMR,1972,2,interior,MLD2,264.84546
LR02_CMIP7hist_noMR,1972,3,interior,MLD2,416.71090
LR02_CMIP7hist_noMR,1972,4,interior,MLD2,164.84569
LR02_CMIP7hist_noMR,1972,5,interior,MLD2,28.92297
LR02_CMIP7hist_noMR,1972,6,interior,MLD2,16.81600
LR02_CMIP7hist_noMR,1972,7,interior,MLD2,14.37802
LR02_CMIP7hist_noMR,1972,8,interior,MLD2,15.52294
LR02_CMIP7hist_noMR,1972,9,interior,MLD2,18.33549
LR02_CMIP7hist_noMR,1972,10,interior,MLD2,26.65462
LR02_CMIP7hist_noMR,1972,11,interior,MLD2,34.33259
LR02_CMIP7hist_noMR,1972,12,interior,MLD2,70.10158
LR02_CMIP7hist_noMR,1973,1,labsea,a_ice,0.33618
LR02_CMIP7hist_noMR,1973,2,labsea,a_ice,0.34961
LR02_CMIP7hist_noMR,1973,3,labsea,a_ice,0.37813
LR02_CMIP7hist_noMR,1973,4,labsea,a_ice,0.33607
LR02_CMIP7hist_noMR,1973,5,labsea,a_ice,0.31824
LR02_CMIP7hist_noMR,1973,6,labsea,a_ice,0.15667
LR02_CMIP7hist_noMR,1973,7,labsea,a_ice,0.03694
LR02_CMIP7hist_noMR,1973,8,labsea,a_ice,0.00021
LR02_CMIP7hist_noMR,1973,9,labsea,a_ice,0.00000
LR02_CMIP7hist_noMR,1973,10,labsea,a_ice,0.00070
LR02_CMIP7hist_noMR,1973,11,labsea,a_ice,0.04806
LR02_CMIP7hist_noMR,1973,12,labsea,a_ice,0.14949
LR02_CMIP7hist_noMR,1973,1,interior,a_ice,0.17699
LR02_CMIP7hist_noMR,1973,2,interior,a_ice,0.19241
LR02_CMIP7hist_noMR,1973,3,interior,a_ice,0.24360
LR02_CMIP7hist_noMR,1973,4,interior,a_ice,0.17485
LR02_CMIP7hist_noMR,1973,5,interior,a_ice,0.20250
LR02_CMIP7hist_noMR,1973,6,interior,a_ice,0.07641
LR02_CMIP7hist_noMR,1973,7,interior,a_ice,0.00426
LR02_CMIP7hist_noMR,1973,8,interior,a_ice,0.00000
LR02_CMIP7hist_noMR,1973,9,interior,a_ice,0.00000
LR02_CMIP7hist_noMR,1973,10,interior,a_ice,0.00000
LR02_CMIP7hist_noMR,1973,11,interior,a_ice,0.00050
LR02_CMIP7hist_noMR,1973,12,interior,a_ice,0.03169
LR02_CMIP7hist_noMR,1973,1,labsea,MLD2,126.50733
LR02_CMIP7hist_noMR,1973,2,labsea,MLD2,629.44810
LR02_CMIP7hist_noMR,1973,3,labsea,MLD2,628.65762
LR02_CMIP7hist_noMR,1973,4,labsea,MLD2,369.62945
LR02_CMIP7hist_noMR,1973,5,labsea,MLD2,153.22698
LR02_CMIP7hist_noMR,1973,6,labsea,MLD2,14.75769
LR02_CMIP7hist_noMR,1973,7,labsea,MLD2,13.04378
LR02_CMIP7hist_noMR,1973,8,labsea,MLD2,12.16279
LR02_CMIP7hist_noMR,1973,9,labsea,MLD2,20.76666
LR02_CMIP7hist_noMR,1973,10,labsea,MLD2,26.84197
LR02_CMIP7hist_noMR,1973,11,labsea,MLD2,35.57083
LR02_CMIP7hist_noMR,1973,12,labsea,MLD2,50.13796
LR02_CMIP7hist_noMR,1973,1,interior,MLD2,203.53555
LR02_CMIP7hist_noMR,1973,2,interior,MLD2,1275.48316
LR02_CMIP7hist_noMR,1973,3,interior,MLD2,1198.77275
LR02_CMIP7hist_noMR,1973,4,interior,MLD2,733.22014
LR02_CMIP7hist_noMR,1973,5,interior,MLD2,277.18465
LR02_CMIP7hist_noMR,1973,6,interior,MLD2,15.11729
LR02_CMIP7hist_noMR,1973,7,interior,MLD2,13.11546
LR02_CMIP7hist_noMR,1973,8,interior,MLD2,13.11181
LR02_CMIP7hist_noMR,1973,9,interior,MLD2,22.74229
LR02_CMIP7hist_noMR,1973,10,interior,MLD2,28.61592
LR02_CMIP7hist_noMR,1973,11,interior,MLD2,38.63498
LR02_CMIP7hist_noMR,1973,12,interior,MLD2,61.93018
LR02_CMIP7hist_noMR,1974,1,labsea,a_ice,0.24298
LR02_CMIP7hist_noMR,1974,2,labsea,a_ice,0.31150
LR02_CMIP7hist_noMR,1974,3,labsea,a_ice,0.38009
LR02_CMIP7hist_noMR,1974,4,labsea,a_ice,0.31891
LR02_CMIP7hist_noMR,1974,5,labsea,a_ice,0.21483
LR02_CMIP7hist_noMR,1974,6,labsea,a_ice,0.09423
LR02_CMIP7hist_noMR,1974,7,labsea,a_ice,0.03431
LR02_CMIP7hist_noMR,1974,8,labsea,a_ice,0.00403
LR02_CMIP7hist_noMR,1974,9,labsea,a_ice,0.00000
LR02_CMIP7hist_noMR,1974,10,labsea,a_ice,0.00264
LR02_CMIP7hist_noMR,1974,11,labsea,a_ice,0.05501
LR02_CMIP7hist_noMR,1974,12,labsea,a_ice,0.22505
LR02_CMIP7hist_noMR,1974,1,interior,a_ice,0.10138
LR02_CMIP7hist_noMR,1974,2,interior,a_ice,0.14009
LR02_CMIP7hist_noMR,1974,3,interior,a_ice,0.20537
LR02_CMIP7hist_noMR,1974,4,interior,a_ice,0.15837
LR02_CMIP7hist_noMR,1974,5,interior,a_ice,0.10177
LR02_CMIP7hist_noMR,1974,6,interior,a_ice,0.02782
LR02_CMIP7hist_noMR,1974,7,interior,a_ice,0.00000
LR02_CMIP7hist_noMR,1974,8,interior,a_ice,0.00000
LR02_CMIP7hist_noMR,1974,9,interior,a_ice,0.00000
LR02_CMIP7hist_noMR,1974,10,interior,a_ice,0.00000
LR02_CMIP7hist_noMR,1974,11,interior,a_ice,0.00095
LR02_CMIP7hist_noMR,1974,12,interior,a_ice,0.07294
LR02_CMIP7hist_noMR,1974,1,labsea,MLD2,55.41291
LR02_CMIP7hist_noMR,1974,2,labsea,MLD2,70.06918
LR02_CMIP7hist_noMR,1974,3,labsea,MLD2,93.02151
LR02_CMIP7hist_noMR,1974,4,labsea,MLD2,73.94361
LR02_CMIP7hist_noMR,1974,5,labsea,MLD2,28.45929
LR02_CMIP7hist_noMR,1974,6,labsea,MLD2,18.25308
LR02_CMIP7hist_noMR,1974,7,labsea,MLD2,14.14494
LR02_CMIP7hist_noMR,1974,8,labsea,MLD2,10.31461
LR02_CMIP7hist_noMR,1974,9,labsea,MLD2,17.79561
LR02_CMIP7hist_noMR,1974,10,labsea,MLD2,25.96273
LR02_CMIP7hist_noMR,1974,11,labsea,MLD2,39.45638
LR02_CMIP7hist_noMR,1974,12,labsea,MLD2,63.39340
LR02_CMIP7hist_noMR,1974,1,interior,MLD2,78.43940
LR02_CMIP7hist_noMR,1974,2,interior,MLD2,98.32885
LR02_CMIP7hist_noMR,1974,3,interior,MLD2,147.39180
LR02_CMIP7hist_noMR,1974,4,interior,MLD2,123.65114
LR02_CMIP7hist_noMR,1974,5,interior,MLD2,34.82806
LR02_CMIP7hist_noMR,1974,6,interior,MLD2,22.28095
LR02_CMIP7hist_noMR,1974,7,interior,MLD2,17.87262
LR02_CMIP7hist_noMR,1974,8,interior,MLD2,11.50715
LR02_CMIP7hist_noMR,1974,9,interior,MLD2,20.30776
LR02_CMIP7hist_noMR,1974,10,interior,MLD2,30.38909
LR02_CMIP7hist_noMR,1974,11,interior,MLD2,43.13316
LR02_CMIP7hist_noMR,1974,12,interior,MLD2,75.68806
LR02_CMIP7hist_noMR,1975,1,labsea,a_ice,0.32677
LR02_CMIP7hist_noMR,1975,2,labsea,a_ice,0.42492
LR02_CMIP7hist_noMR,1975,3,labsea,a_ice,0.44246
LR02_CMIP7hist_noMR,1975,4,labsea,a_ice,0.39254
LR02_CMIP7hist_noMR,1975,5,labsea,a_ice,0.32969
LR02_CMIP7hist_noMR,1975,6,labsea,a_ice,0.21213
LR02_CMIP7hist_noMR,1975,7,labsea,a_ice,0.02716
LR02_CMIP7hist_noMR,1975,8,labsea,a_ice,0.00016
LR02_CMIP7hist_noMR,1975,9,labsea,a_ice,0.00000
LR02_CMIP7hist_noMR,1975,10,labsea,a_ice,0.00000
LR02_CMIP7hist_noMR,1975,11,labsea,a_ice,0.02558
LR02_CMIP7hist_noMR,1975,12,labsea,a_ice,0.18484
LR02_CMIP7hist_noMR,1975,1,interior,a_ice,0.16385
LR02_CMIP7hist_noMR,1975,2,interior,a_ice,0.36598
LR02_CMIP7hist_noMR,1975,3,interior,a_ice,0.43244
LR02_CMIP7hist_noMR,1975,4,interior,a_ice,0.30812
LR02_CMIP7hist_noMR,1975,5,interior,a_ice,0.16505
LR02_CMIP7hist_noMR,1975,6,interior,a_ice,0.09563
LR02_CMIP7hist_noMR,1975,7,interior,a_ice,0.00845
LR02_CMIP7hist_noMR,1975,8,interior,a_ice,0.00000
LR02_CMIP7hist_noMR,1975,9,interior,a_ice,0.00000
LR02_CMIP7hist_noMR,1975,10,interior,a_ice,0.00000
LR02_CMIP7hist_noMR,1975,11,interior,a_ice,0.00132
LR02_CMIP7hist_noMR,1975,12,interior,a_ice,0.05149
LR02_CMIP7hist_noMR,1975,1,labsea,MLD2,81.39777
LR02_CMIP7hist_noMR,1975,2,labsea,MLD2,116.45036
LR02_CMIP7hist_noMR,1975,3,labsea,MLD2,167.67949
LR02_CMIP7hist_noMR,1975,4,labsea,MLD2,85.99534
LR02_CMIP7hist_noMR,1975,5,labsea,MLD2,33.51243
LR02_CMIP7hist_noMR,1975,6,labsea,MLD2,13.09634
LR02_CMIP7hist_noMR,1975,7,labsea,MLD2,11.73726
LR02_CMIP7hist_noMR,1975,8,labsea,MLD2,12.96576
LR02_CMIP7hist_noMR,1975,9,labsea,MLD2,18.22199
LR02_CMIP7hist_noMR,1975,10,labsea,MLD2,25.21804
LR02_CMIP7hist_noMR,1975,11,labsea,MLD2,38.93665
LR02_CMIP7hist_noMR,1975,12,labsea,MLD2,89.07104
LR02_CMIP7hist_noMR,1975,1,interior,MLD2,103.12865
LR02_CMIP7hist_noMR,1975,2,interior,MLD2,163.45454
LR02_CMIP7hist_noMR,1975,3,interior,MLD2,207.40838
LR02_CMIP7hist_noMR,1975,4,interior,MLD2,44.78823
LR02_CMIP7hist_noMR,1975,5,interior,MLD2,23.20874
LR02_CMIP7hist_noMR,1975,6,interior,MLD2,14.49863
LR02_CMIP7hist_noMR,1975,7,interior,MLD2,13.09093
LR02_CMIP7hist_noMR,1975,8,interior,MLD2,13.56292
LR02_CMIP7hist_noMR,1975,9,interior,MLD2,17.74962
LR02_CMIP7hist_noMR,1975,10,interior,MLD2,26.51474
LR02_CMIP7hist_noMR,1975,11,interior,MLD2,40.95477
LR02_CMIP7hist_noMR,1975,12,interior,MLD2,117.12941
LR02_CMIP7hist_noMR,1976,1,labsea,a_ice,0.26532
LR02_CMIP7hist_noMR,1976,2,labsea,a_ice,0.30042
LR02_CMIP7hist_noMR,1976,3,labsea,a_ice,0.36019
LR02_CMIP7hist_noMR,1976,4,labsea,a_ice,0.31717
LR02_CMIP7hist_noMR,1976,5,labsea,a_ice,0.25867
LR02_CMIP7hist_noMR,1976,6,labsea,a_ice,0.13795
LR02_CMIP7hist_noMR,1976,7,labsea,a_ice,0.02745
LR02_CMIP7hist_noMR,1976,8,labsea,a_ice,0.00097
LR02_CMIP7hist_noMR,1976,9,labsea,a_ice,0.00000
LR02_CMIP7hist_noMR,1976,10,labsea,a_ice,0.00048
LR02_CMIP7hist_noMR,1976,11,labsea,a_ice,0.02244
LR02_CMIP7hist_noMR,1976,12,labsea,a_ice,0.13617
LR02_CMIP7hist_noMR,1976,1,interior,a_ice,0.08816
LR02_CMIP7hist_noMR,1976,2,interior,a_ice,0.12432
LR02_CMIP7hist_noMR,1976,3,interior,a_ice,0.20464
LR02_CMIP7hist_noMR,1976,4,interior,a_ice,0.10837
LR02_CMIP7hist_noMR,1976,5,interior,a_ice,0.08018
LR02_CMIP7hist_noMR,1976,6,interior,a_ice,0.02443
LR02_CMIP7hist_noMR,1976,7,interior,a_ice,0.00001
LR02_CMIP7hist_noMR,1976,8,interior,a_ice,0.00000
LR02_CMIP7hist_noMR,1976,9,interior,a_ice,0.00000
LR02_CMIP7hist_noMR,1976,10,interior,a_ice,0.00000
LR02_CMIP7hist_noMR,1976,11,interior,a_ice,0.00000
LR02_CMIP7hist_noMR,1976,12,interior,a_ice,0.01402
LR02_CMIP7hist_noMR,1976,1,labsea,MLD2,172.43660
LR02_CMIP7hist_noMR,1976,2,labsea,MLD2,446.19606
LR02_CMIP7hist_noMR,1976,3,labsea,MLD2,692.50878
LR02_CMIP7hist_noMR,1976,4,labsea,MLD2,521.62499
LR02_CMIP7hist_noMR,1976,5,labsea,MLD2,111.33790
LR02_CMIP7hist_noMR,1976,6,labsea,MLD2,12.41033
LR02_CMIP7hist_noMR,1976,7,labsea,MLD2,11.98026
LR02_CMIP7hist_noMR,1976,8,labsea,MLD2,14.07371
LR02_CMIP7hist_noMR,1976,9,labsea,MLD2,16.74618
LR02_CMIP7hist_noMR,1976,10,labsea,MLD2,26.20350
LR02_CMIP7hist_noMR,1976,11,labsea,MLD2,34.10011
LR02_CMIP7hist_noMR,1976,12,labsea,MLD2,66.45709
LR02_CMIP7hist_noMR,1976,1,interior,MLD2,288.68212
LR02_CMIP7hist_noMR,1976,2,interior,MLD2,799.42007
LR02_CMIP7hist_noMR,1976,3,interior,MLD2,1341.08828
LR02_CMIP7hist_noMR,1976,4,interior,MLD2,1073.85783
LR02_CMIP7hist_noMR,1976,5,interior,MLD2,258.28381
LR02_CMIP7hist_noMR,1976,6,interior,MLD2,12.08327
LR02_CMIP7hist_noMR,1976,7,interior,MLD2,13.22320
LR02_CMIP7hist_noMR,1976,8,interior,MLD2,15.84516
LR02_CMIP7hist_noMR,1976,9,interior,MLD2,18.84489
LR02_CMIP7hist_noMR,1976,10,interior,MLD2,27.93036
LR02_CMIP7hist_noMR,1976,11,interior,MLD2,36.92170
LR02_CMIP7hist_noMR,1976,12,interior,MLD2,84.84968
LR02_CMIP7hist_noMR,1977,1,labsea,a_ice,0.24105
LR02_CMIP7hist_noMR,1977,2,labsea,a_ice,0.23267
LR02_CMIP7hist_noMR,1977,3,labsea,a_ice,0.26230
LR02_CMIP7hist_noMR,1977,4,labsea,a_ice,0.26964
LR02_CMIP7hist_noMR,1977,5,labsea,a_ice,0.22959
LR02_CMIP7hist_noMR,1977,6,labsea,a_ice,0.12587
LR02_CMIP7hist_noMR,1977,7,labsea,a_ice,0.02891
LR02_CMIP7hist_noMR,1977,8,labsea,a_ice,0.00028
LR02_CMIP7hist_noMR,1977,9,labsea,a_ice,0.00000
LR02_CMIP7hist_noMR,1977,10,labsea,a_ice,0.00000
LR02_CMIP7hist_noMR,1977,11,labsea,a_ice,0.02102
LR02_CMIP7hist_noMR,1977,12,labsea,a_ice,0.16023
LR02_CMIP7hist_noMR,1977,1,interior,a_ice,0.06178
LR02_CMIP7hist_noMR,1977,2,interior,a_ice,0.03958
LR02_CMIP7hist_noMR,1977,3,interior,a_ice,0.08559
LR02_CMIP7hist_noMR,1977,4,interior,a_ice,0.12371
LR02_CMIP7hist_noMR,1977,5,interior,a_ice,0.07397
LR02_CMIP7hist_noMR,1977,6,interior,a_ice,0.02137
LR02_CMIP7hist_noMR,1977,7,interior,a_ice,0.00020
LR02_CMIP7hist_noMR,1977,8,interior,a_ice,0.00000
LR02_CMIP7hist_noMR,1977,9,interior,a_ice,0.00000
LR02_CMIP7hist_noMR,1977,10,interior,a_ice,0.00000
LR02_CMIP7hist_noMR,1977,11,interior,a_ice,0.00000
LR02_CMIP7hist_noMR,1977,12,interior,a_ice,0.02923
LR02_CMIP7hist_noMR,1977,1,labsea,MLD2,135.27680
LR02_CMIP7hist_noMR,1977,2,labsea,MLD2,152.51019
LR02_CMIP7hist_noMR,1977,3,labsea,MLD2,188.82510
LR02_CMIP7hist_noMR,1977,4,labsea,MLD2,196.13683
LR02_CMIP7hist_noMR,1977,5,labsea,MLD2,65.50582
LR02_CMIP7hist_noMR,1977,6,labsea,MLD2,15.78052
LR02_CMIP7hist_noMR,1977,7,labsea,MLD2,13.15859
LR02_CMIP7hist_noMR,1977,8,labsea,MLD2,13.56894
LR02_CMIP7hist_noMR,1977,9,labsea,MLD2,18.09643
LR02_CMIP7hist_noMR,1977,10,labsea,MLD2,24.72271
LR02_CMIP7hist_noMR,1977,11,labsea,MLD2,38.48101
LR02_CMIP7hist_noMR,1977,12,labsea,MLD2,61.81015
LR02_CMIP7hist_noMR,1977,1,interior,MLD2,191.92831
LR02_CMIP7hist_noMR,1977,2,interior,MLD2,223.97386
LR02_CMIP7hist_noMR,1977,3,interior,MLD2,312.37217
LR02_CMIP7hist_noMR,1977,4,interior,MLD2,328.28198
LR02_CMIP7hist_noMR,1977,5,interior,MLD2,107.12923
LR02_CMIP7hist_noMR,1977,6,interior,MLD2,19.73725
LR02_CMIP7hist_noMR,1977,7,interior,MLD2,14.53613
LR02_CMIP7hist_noMR,1977,8,interior,MLD2,15.10147
LR02_CMIP7hist_noMR,1977,9,interior,MLD2,19.10877
LR02_CMIP7hist_noMR,1977,10,interior,MLD2,25.73837
LR02_CMIP7hist_noMR,1977,11,interior,MLD2,43.03673
LR02_CMIP7hist_noMR,1977,12,interior,MLD2,82.46652
LR02_CMIP7hist_noMR,1978,1,labsea,a_ice,0.27421
LR02_CMIP7hist_noMR,1978,2,labsea,a_ice,0.32030
LR02_CMIP7hist_noMR,1978,3,labsea,a_ice,0.34590
LR02_CMIP7hist_noMR,1978,4,labsea,a_ice,0.30257
LR02_CMIP7hist_noMR,1978,5,labsea,a_ice,0.26528
LR02_CMIP7hist_noMR,1978,6,labsea,a_ice,0.14379
LR02_CMIP7hist_noMR,1978,7,labsea,a_ice,0.03825
LR02_CMIP7hist_noMR,1978,8,labsea,a_ice,0.00000
LR02_CMIP7hist_noMR,1978,9,labsea,a_ice,0.00000
LR02_CMIP7hist_noMR,1978,10,labsea,a_ice,0.00045
LR02_CMIP7hist_noMR,1978,11,labsea,a_ice,0.03663
LR02_CMIP7hist_noMR,1978,12,labsea,a_ice,0.12490
LR02_CMIP7hist_noMR,1978,1,interior,a_ice,0.10010
LR02_CMIP7hist_noMR,1978,2,interior,a_ice,0.16539
LR02_CMIP7hist_noMR,1978,3,interior,a_ice,0.18845
LR02_CMIP7hist_noMR,1978,4,interior,a_ice,0.10610
LR02_CMIP7hist_noMR,1978,5,interior,a_ice,0.10364
LR02_CMIP7hist_noMR,1978,6,interior,a_ice,0.01545
LR02_CMIP7hist_noMR,1978,7,interior,a_ice,0.00002
LR02_CMIP7hist_noMR,1978,8,interior,a_ice,0.00000
LR02_CMIP7hist_noMR,1978,9,interior,a_ice,0.00000
LR02_CMIP7hist_noMR,1978,10,interior,a_ice,0.00000
LR02_CMIP7hist_noMR,1978,11,interior,a_ice,0.00052
LR02_CMIP7hist_noMR,1978,12,interior,a_ice,0.03291
LR02_CMIP7hist_noMR,1978,1,labsea,MLD2,130.33660
LR02_CMIP7hist_noMR,1978,2,labsea,MLD2,263.16936
LR02_CMIP7hist_noMR,1978,3,labsea,MLD2,335.22089
LR02_CMIP7hist_noMR,1978,4,labsea,MLD2,182.14953
LR02_CMIP7hist_noMR,1978,5,labsea,MLD2,40.93136
LR02_CMIP7hist_noMR,1978,6,labsea,MLD2,13.46454
LR02_CMIP7hist_noMR,1978,7,labsea,MLD2,14.14181
LR02_CMIP7hist_noMR,1978,8,labsea,MLD2,12.95273
LR02_CMIP7hist_noMR,1978,9,labsea,MLD2,18.62190
LR02_CMIP7hist_noMR,1978,10,labsea,MLD2,28.07881
LR02_CMIP7hist_noMR,1978,11,labsea,MLD2,54.84905
LR02_CMIP7hist_noMR,1978,12,labsea,MLD2,92.41355
LR02_CMIP7hist_noMR,1978,1,interior,MLD2,181.07374
LR02_CMIP7hist_noMR,1978,2,interior,MLD2,440.82619
LR02_CMIP7hist_noMR,1978,3,interior,MLD2,551.32637
LR02_CMIP7hist_noMR,1978,4,interior,MLD2,304.20238
LR02_CMIP7hist_noMR,1978,5,interior,MLD2,65.08569
LR02_CMIP7hist_noMR,1978,6,interior,MLD2,16.04581
LR02_CMIP7hist_noMR,1978,7,interior,MLD2,16.28288
LR02_CMIP7hist_noMR,1978,8,interior,MLD2,14.50816
LR02_CMIP7hist_noMR,1978,9,interior,MLD2,21.66880
LR02_CMIP7hist_noMR,1978,10,interior,MLD2,30.47991
LR02_CMIP7hist_noMR,1978,11,interior,MLD2,66.18112
LR02_CMIP7hist_noMR,1978,12,interior,MLD2,121.73192
LR02_CMIP7hist_noMR,1979,1,labsea,a_ice,0.28249
LR02_CMIP7hist_noMR,1979,2,labsea,a_ice,0.33252
LR02_CMIP7hist_noMR,1979,3,labsea,a_ice,0.33071
LR02_CMIP7hist_noMR,1979,4,labsea,a_ice,0.28416
LR02_CMIP7hist_noMR,1979,5,labsea,a_ice,0.24537
LR02_CMIP7hist_noMR,1979,6,labsea,a_ice,0.17264
LR02_CMIP7hist_noMR,1979,7,labsea,a_ice,0.04854
LR02_CMIP7hist_noMR,1979,8,labsea,a_ice,0.00132
LR02_CMIP7hist_noMR,1979,9,labsea,a_ice,0.00000
LR02_CMIP7hist_noMR,1979,10,labsea,a_ice,0.00341
LR02_CMIP7hist_noMR,1979,11,labsea,a_ice,0.05411
LR02_CMIP7hist_noMR,1979,12,labsea,a_ice,0.17494
LR02_CMIP7hist_noMR,1979,1,interior,a_ice,0.07388
LR02_CMIP7hist_noMR,1979,2,interior,a_ice,0.15452
LR02_CMIP7hist_noMR,1979,3,interior,a_ice,0.14744
LR02_CMIP7hist_noMR,1979,4,interior,a_ice,0.08350
LR02_CMIP7hist_noMR,1979,5,interior,a_ice,0.04728
LR02_CMIP7hist_noMR,1979,6,interior,a_ice,0.04879
LR02_CMIP7hist_noMR,1979,7,interior,a_ice,0.00561
LR02_CMIP7hist_noMR,1979,8,interior,a_ice,0.00000
LR02_CMIP7hist_noMR,1979,9,interior,a_ice,0.00000
LR02_CMIP7hist_noMR,1979,10,interior,a_ice,0.00000
LR02_CMIP7hist_noMR,1979,11,interior,a_ice,0.00007
LR02_CMIP7hist_noMR,1979,12,interior,a_ice,0.02948
LR02_CMIP7hist_noMR,1979,1,labsea,MLD2,231.66017
LR02_CMIP7hist_noMR,1979,2,labsea,MLD2,546.22463
LR02_CMIP7hist_noMR,1979,3,labsea,MLD2,646.82535
LR02_CMIP7hist_noMR,1979,4,labsea,MLD2,446.95130
LR02_CMIP7hist_noMR,1979,5,labsea,MLD2,83.19356
LR02_CMIP7hist_noMR,1979,6,labsea,MLD2,20.95000
LR02_CMIP7hist_noMR,1979,7,labsea,MLD2,13.90877
LR02_CMIP7hist_noMR,1979,8,labsea,MLD2,12.27526
LR02_CMIP7hist_noMR,1979,9,labsea,MLD2,19.84895
LR02_CMIP7hist_noMR,1979,10,labsea,MLD2,29.79374
LR02_CMIP7hist_noMR,1979,11,labsea,MLD2,53.51474
LR02_CMIP7hist_noMR,1979,12,labsea,MLD2,107.29024
LR02_CMIP7hist_noMR,1979,1,interior,MLD2,290.33124
LR02_CMIP7hist_noMR,1979,2,interior,MLD2,740.72815
LR02_CMIP7hist_noMR,1979,3,interior,MLD2,1015.68687
LR02_CMIP7hist_noMR,1979,4,interior,MLD2,726.05651
LR02_CMIP7hist_noMR,1979,5,interior,MLD2,110.70978
LR02_CMIP7hist_noMR,1979,6,interior,MLD2,25.75198
LR02_CMIP7hist_noMR,1979,7,interior,MLD2,16.35596
LR02_CMIP7hist_noMR,1979,8,interior,MLD2,12.91544
LR02_CMIP7hist_noMR,1979,9,interior,MLD2,20.98228
LR02_CMIP7hist_noMR,1979,10,interior,MLD2,31.95569
LR02_CMIP7hist_noMR,1979,11,interior,MLD2,67.67107
LR02_CMIP7hist_noMR,1979,12,interior,MLD2,167.24928
LR02_CMIP7hist_noMR,1980,1,labsea,a_ice,0.31185
LR02_CMIP7hist_noMR,1980,2,labsea,a_ice,0.40867
LR02_CMIP7hist_noMR,1980,3,labsea,a_ice,0.46348
LR02_CMIP7hist_noMR,1980,4,labsea,a_ice,0.41023
LR02_CMIP7hist_noMR,1980,5,labsea,a_ice,0.31214
LR02_CMIP7hist_noMR,1980,6,labsea,a_ice,0.16680
LR02_CMIP7hist_noMR,1980,7,labsea,a_ice,0.05562
LR02_CMIP7hist_noMR,1980,8,labsea,a_ice,0.00310
LR02_CMIP7hist_noMR,1980,9,labsea,a_ice,0.00000
LR02_CMIP7hist_noMR,1980,10,labsea,a_ice,0.00000
LR02_CMIP7hist_noMR,1980,11,labsea,a_ice,0.01428
LR02_CMIP7hist_noMR,1980,12,labsea,a_ice,0.17504
LR02_CMIP7hist_noMR,1980,1,interior,a_ice,0.13500
LR02_CMIP7hist_noMR,1980,2,interior,a_ice,0.32850
LR02_CMIP7hist_noMR,1980,3,interior,a_ice,0.40456
LR02_CMIP7hist_noMR,1980,4,interior,a_ice,0.29070
LR02_CMIP7hist_noMR,1980,5,interior,a_ice,0.15372
LR02_CMIP7hist_noMR,1980,6,interior,a_ice,0.05156
LR02_CMIP7hist_noMR,1980,7,interior,a_ice,0.00039
LR02_CMIP7hist_noMR,1980,8,interior,a_ice,0.00000
LR02_CMIP7hist_noMR,1980,9,interior,a_ice,0.00000
LR02_CMIP7hist_noMR,1980,10,interior,a_ice,0.00000
LR02_CMIP7hist_noMR,1980,11,interior,a_ice,0.00207
LR02_CMIP7hist_noMR,1980,12,interior,a_ice,0.04162
LR02_CMIP7hist_noMR,1980,1,labsea,MLD2,346.44870
LR02_CMIP7hist_noMR,1980,2,labsea,MLD2,806.40700
LR02_CMIP7hist_noMR,1980,3,labsea,MLD2,746.87262
LR02_CMIP7hist_noMR,1980,4,labsea,MLD2,599.20062
LR02_CMIP7hist_noMR,1980,5,labsea,MLD2,281.95203
LR02_CMIP7hist_noMR,1980,6,labsea,MLD2,16.07758
LR02_CMIP7hist_noMR,1980,7,labsea,MLD2,12.62538
LR02_CMIP7hist_noMR,1980,8,labsea,MLD2,15.17503
LR02_CMIP7hist_noMR,1980,9,labsea,MLD2,16.94800
LR02_CMIP7hist_noMR,1980,10,labsea,MLD2,26.97193
LR02_CMIP7hist_noMR,1980,11,labsea,MLD2,34.36163
LR02_CMIP7hist_noMR,1980,12,labsea,MLD2,75.05270
LR02_CMIP7hist_noMR,1980,1,interior,MLD2,575.26953
LR02_CMIP7hist_noMR,1980,2,interior,MLD2,1229.39712
LR02_CMIP7hist_noMR,1980,3,interior,MLD2,879.84319
LR02_CMIP7hist_noMR,1980,4,interior,MLD2,672.32559
LR02_CMIP7hist_noMR,1980,5,interior,MLD2,315.48775
LR02_CMIP7hist_noMR,1980,6,interior,MLD2,19.30916
LR02_CMIP7hist_noMR,1980,7,interior,MLD2,14.35938
LR02_CMIP7hist_noMR,1980,8,interior,MLD2,16.81184
LR02_CMIP7hist_noMR,1980,9,interior,MLD2,17.87706
LR02_CMIP7hist_noMR,1980,10,interior,MLD2,28.76407
LR02_CMIP7hist_noMR,1980,11,interior,MLD2,34.63739
LR02_CMIP7hist_noMR,1980,12,interior,MLD2,101.67429
LR02_CMIP7hist_noMR,1981,1,labsea,a_ice,0.31185
LR02_CMIP7hist_noMR,1981,2,labsea,a_ice,0.35065
LR02_CMIP7hist_noMR,1981,3,labsea,a_ice,0.35803
LR02_CMIP7hist_noMR,1981,4,labsea,a_ice,0.31092
LR02_CMIP7hist_noMR,1981,5,labsea,a_ice,0.24450
LR02_CMIP7hist_noMR,1981,6,labsea,a_ice,0.10432
LR02_CMIP7hist_noMR,1981,7,labsea,a_ice,0.02678
LR02_CMIP7hist_noMR,1981,8,labsea,a_ice,0.00061
LR02_CMIP7hist_noMR,1981,9,labsea,a_ice,0.00000
LR02_CMIP7hist_noMR,1981,10,labsea,a_ice,0.00053
LR02_CMIP7hist_noMR,1981,11,labsea,a_ice,0.02817
LR02_CMIP7hist_noMR,1981,12,labsea,a_ice,0.12302
LR02_CMIP7hist_noMR,1981,1,interior,a_ice,0.13370
LR02_CMIP7hist_noMR,1981,2,interior,a_ice,0.14933
LR02_CMIP7hist_noMR,1981,3,interior,a_ice,0.16966
LR02_CMIP7hist_noMR,1981,4,interior,a_ice,0.08984
LR02_CMIP7hist_noMR,1981,5,interior,a_ice,0.05763
LR02_CMIP7hist_noMR,1981,6,interior,a_ice,0.03696
LR02_CMIP7hist_noMR,1981,7,interior,a_ice,0.00308
LR02_CMIP7hist_noMR,1981,8,interior,a_ice,0.00000
LR02_CMIP7hist_noMR,1981,9,interior,a_ice,0.00000
LR02_CMIP7hist_noMR,1981,10,interior,a_ice,0.00000
LR02_CMIP7hist_noMR,1981,11,interior,a_ice,0.00012
LR02_CMIP7hist_noMR,1981,12,interior,a_ice,0.03070
LR02_CMIP7hist_noMR,1981,1,labsea,MLD2,423.78844
LR02_CMIP7hist_noMR,1981,2,labsea,MLD2,954.55012
LR02_CMIP7hist_noMR,1981,3,labsea,MLD2,927.18882
LR02_CMIP7hist_noMR,1981,4,labsea,MLD2,636.35341
LR02_CMIP7hist_noMR,1981,5,labsea,MLD2,66.65265
LR02_CMIP7hist_noMR,1981,6,labsea,MLD2,17.76988
LR02_CMIP7hist_noMR,1981,7,labsea,MLD2,14.96156
LR02_CMIP7hist_noMR,1981,8,labsea,MLD2,13.96003
LR02_CMIP7hist_noMR,1981,9,labsea,MLD2,16.90507
LR02_CMIP7hist_noMR,1981,10,labsea,MLD2,25.70151
LR02_CMIP7hist_noMR,1981,11,labsea,MLD2,37.55694
LR02_CMIP7hist_noMR,1981,12,labsea,MLD2,68.35198
LR02_CMIP7hist_noMR,1981,1,interior,MLD2,645.67604
LR02_CMIP7hist_noMR,1981,2,interior,MLD2,1691.81413
LR02_CMIP7hist_noMR,1981,3,interior,MLD2,1666.80432
LR02_CMIP7hist_noMR,1981,4,interior,MLD2,1201.27657
LR02_CMIP7hist_noMR,1981,5,interior,MLD2,99.52756
LR02_CMIP7hist_noMR,1981,6,interior,MLD2,21.77517
LR02_CMIP7hist_noMR,1981,7,interior,MLD2,18.57367
LR02_CMIP7hist_noMR,1981,8,interior,MLD2,15.45330
LR02_CMIP7hist_noMR,1981,9,interior,MLD2,17.74890
LR02_CMIP7hist_noMR,1981,10,interior,MLD2,27.65519
LR02_CMIP7hist_noMR,1981,11,interior,MLD2,40.76047
LR02_CMIP7hist_noMR,1981,12,interior,MLD2,93.87657
LR02_CMIP7hist_noMR,1982,1,labsea,a_ice,0.30358
LR02_CMIP7hist_noMR,1982,2,labsea,a_ice,0.34399
LR02_CMIP7hist_noMR,1982,3,labsea,a_ice,0.31866
LR02_CMIP7hist_noMR,1982,4,labsea,a_ice,0.30837
LR02_CMIP7hist_noMR,1982,5,labsea,a_ice,0.27714
LR02_CMIP7hist_noMR,1982,6,labsea,a_ice,0.17239
LR02_CMIP7hist_noMR,1982,7,labsea,a_ice,0.05526
LR02_CMIP7hist_noMR,1982,8,labsea,a_ice,0.00458
LR02_CMIP7hist_noMR,1982,9,labsea,a_ice,0.00019
LR02_CMIP7hist_noMR,1982,10,labsea,a_ice,0.00006
LR02_CMIP7hist_noMR,1982,11,labsea,a_ice,0.01221
LR02_CMIP7hist_noMR,1982,12,labsea,a_ice,0.14176
LR02_CMIP7hist_noMR,1982,1,interior,a_ice,0.14567
LR02_CMIP7hist_noMR,1982,2,interior,a_ice,0.18380
LR02_CMIP7hist_noMR,1982,3,interior,a_ice,0.12104
LR02_CMIP7hist_noMR,1982,4,interior,a_ice,0.09825
LR02_CMIP7hist_noMR,1982,5,interior,a_ice,0.10180
LR02_CMIP7hist_noMR,1982,6,interior,a_ice,0.01680
LR02_CMIP7hist_noMR,1982,7,interior,a_ice,0.00955
LR02_CMIP7hist_noMR,1982,8,interior,a_ice,0.00000
LR02_CMIP7hist_noMR,1982,9,interior,a_ice,0.00000
LR02_CMIP7hist_noMR,1982,10,interior,a_ice,0.00000
LR02_CMIP7hist_noMR,1982,11,interior,a_ice,0.00000
LR02_CMIP7hist_noMR,1982,12,interior,a_ice,0.03042
LR02_CMIP7hist_noMR,1982,1,labsea,MLD2,217.62564
LR02_CMIP7hist_noMR,1982,2,labsea,MLD2,717.10714
LR02_CMIP7hist_noMR,1982,3,labsea,MLD2,718.47505
LR02_CMIP7hist_noMR,1982,4,labsea,MLD2,508.44628
LR02_CMIP7hist_noMR,1982,5,labsea,MLD2,213.87988
LR02_CMIP7hist_noMR,1982,6,labsea,MLD2,21.73541
LR02_CMIP7hist_noMR,1982,7,labsea,MLD2,13.92518
LR02_CMIP7hist_noMR,1982,8,labsea,MLD2,14.24152
LR02_CMIP7hist_noMR,1982,9,labsea,MLD2,18.47139
LR02_CMIP7hist_noMR,1982,10,labsea,MLD2,22.18412
LR02_CMIP7hist_noMR,1982,11,labsea,MLD2,32.01567
LR02_CMIP7hist_noMR,1982,12,labsea,MLD2,87.16487
LR02_CMIP7hist_noMR,1982,1,interior,MLD2,339.91285
LR02_CMIP7hist_noMR,1982,2,interior,MLD2,1217.49308
LR02_CMIP7hist_noMR,1982,3,interior,MLD2,1147.83021
LR02_CMIP7hist_noMR,1982,4,interior,MLD2,809.60402
LR02_CMIP7hist_noMR,1982,5,interior,MLD2,325.31119
LR02_CMIP7hist_noMR,1982,6,interior,MLD2,24.50805
LR02_CMIP7hist_noMR,1982,7,interior,MLD2,15.07372
LR02_CMIP7hist_noMR,1982,8,interior,MLD2,15.94026
LR02_CMIP7hist_noMR,1982,9,interior,MLD2,20.95573
LR02_CMIP7hist_noMR,1982,10,interior,MLD2,24.98603
LR02_CMIP7hist_noMR,1982,11,interior,MLD2,34.12408
LR02_CMIP7hist_noMR,1982,12,interior,MLD2,116.11639
LR02_CMIP7hist_noMR,1983,1,labsea,a_ice,0.29255
LR02_CMIP7hist_noMR,1983,2,labsea,a_ice,0.32641
LR02_CMIP7hist_noMR,1983,3,labsea,a_ice,0.35972
LR02_CMIP7hist_noMR,1983,4,labsea,a_ice,0.31527
LR02_CMIP7hist_noMR,1983,5,labsea,a_ice,0.25876
LR02_CMIP7hist_noMR,1983,6,labsea,a_ice,0.16326
LR02_CMIP7hist_noMR,1983,7,labsea,a_ice,0.02025
LR02_CMIP7hist_noMR,1983,8,labsea,a_ice,0.00000
LR02_CMIP7hist_noMR,1983,9,labsea,a_ice,0.00000
LR02_CMIP7hist_noMR,1983,10,labsea,a_ice,0.00001
LR02_CMIP7hist_noMR,1983,11,labsea,a_ice,0.03113
LR02_CMIP7hist_noMR,1983,12,labsea,a_ice,0.18980
LR02_CMIP7hist_noMR,1983,1,interior,a_ice,0.10070
LR02_CMIP7hist_noMR,1983,2,interior,a_ice,0.13541
LR02_CMIP7hist_noMR,1983,3,interior,a_ice,0.17446
LR02_CMIP7hist_noMR,1983,4,interior,a_ice,0.10907
LR02_CMIP7hist_noMR,1983,5,interior,a_ice,0.05424
LR02_CMIP7hist_noMR,1983,6,interior,a_ice,0.06716
LR02_CMIP7hist_noMR,1983,7,interior,a_ice,0.00106
LR02_CMIP7hist_noMR,1983,8,interior,a_ice,0.00000
LR02_CMIP7hist_noMR,1983,9,interior,a_ice,0.00000
LR02_CMIP7hist_noMR,1983,10,interior,a_ice,0.00000
LR02_CMIP7hist_noMR,1983,11,interior,a_ice,0.00194
LR02_CMIP7hist_noMR,1983,12,interior,a_ice,0.04284
LR02_CMIP7hist_noMR,1983,1,labsea,MLD2,477.49088
LR02_CMIP7hist_noMR,1983,2,labsea,MLD2,970.59131
LR02_CMIP7hist_noMR,1983,3,labsea,MLD2,1027.08911
LR02_CMIP7hist_noMR,1983,4,labsea,MLD2,678.73210
LR02_CMIP7hist_noMR,1983,5,labsea,MLD2,198.07311
LR02_CMIP7hist_noMR,1983,6,labsea,MLD2,20.30146
LR02_CMIP7hist_noMR,1983,7,labsea,MLD2,11.58103
LR02_CMIP7hist_noMR,1983,8,labsea,MLD2,17.36020
LR02_CMIP7hist_noMR,1983,9,labsea,MLD2,19.76811
LR02_CMIP7hist_noMR,1983,10,labsea,MLD2,26.47487
LR02_CMIP7hist_noMR,1983,11,labsea,MLD2,34.64755
LR02_CMIP7hist_noMR,1983,12,labsea,MLD2,79.86127
LR02_CMIP7hist_noMR,1983,1,interior,MLD2,675.50106
LR02_CMIP7hist_noMR,1983,2,interior,MLD2,1661.48823
LR02_CMIP7hist_noMR,1983,3,interior,MLD2,1725.91783
LR02_CMIP7hist_noMR,1983,4,interior,MLD2,1127.79514
LR02_CMIP7hist_noMR,1983,5,interior,MLD2,372.69074
LR02_CMIP7hist_noMR,1983,6,interior,MLD2,25.01816
LR02_CMIP7hist_noMR,1983,7,interior,MLD2,14.42314
LR02_CMIP7hist_noMR,1983,8,interior,MLD2,20.21505
LR02_CMIP7hist_noMR,1983,9,interior,MLD2,22.80326
LR02_CMIP7hist_noMR,1983,10,interior,MLD2,27.75297
LR02_CMIP7hist_noMR,1983,11,interior,MLD2,37.04872
LR02_CMIP7hist_noMR,1983,12,interior,MLD2,111.26725
LR02_CMIP7hist_noMR,1984,1,labsea,a_ice,0.29675
LR02_CMIP7hist_noMR,1984,2,labsea,a_ice,0.29523
LR02_CMIP7hist_noMR,1984,3,labsea,a_ice,0.31466
LR02_CMIP7hist_noMR,1984,4,labsea,a_ice,0.26492
LR02_CMIP7hist_noMR,1984,5,labsea,a_ice,0.20998
LR02_CMIP7hist_noMR,1984,6,labsea,a_ice,0.14127
LR02_CMIP7hist_noMR,1984,7,labsea,a_ice,0.03792
LR02_CMIP7hist_noMR,1984,8,labsea,a_ice,0.00061
LR02_CMIP7hist_noMR,1984,9,labsea,a_ice,0.00000
LR02_CMIP7hist_noMR,1984,10,labsea,a_ice,0.00020
LR02_CMIP7hist_noMR,1984,11,labsea,a_ice,0.04924
LR02_CMIP7hist_noMR,1984,12,labsea,a_ice,0.19572
LR02_CMIP7hist_noMR,1984,1,interior,a_ice,0.11340
LR02_CMIP7hist_noMR,1984,2,interior,a_ice,0.07599
LR02_CMIP7hist_noMR,1984,3,interior,a_ice,0.12150
LR02_CMIP7hist_noMR,1984,4,interior,a_ice,0.09636
LR02_CMIP7hist_noMR,1984,5,interior,a_ice,0.06911
LR02_CMIP7hist_noMR,1984,6,interior,a_ice,0.02900
LR02_CMIP7hist_noMR,1984,7,interior,a_ice,0.00084
LR02_CMIP7hist_noMR,1984,8,interior,a_ice,0.00000
LR02_CMIP7hist_noMR,1984,9,interior,a_ice,0.00000
LR02_CMIP7hist_noMR,1984,10,interior,a_ice,0.00000
LR02_CMIP7hist_noMR,1984,11,interior,a_ice,0.00257
LR02_CMIP7hist_noMR,1984,12,interior,a_ice,0.05926
LR02_CMIP7hist_noMR,1984,1,labsea,MLD2,302.91731
LR02_CMIP7hist_noMR,1984,2,labsea,MLD2,728.18225
LR02_CMIP7hist_noMR,1984,3,labsea,MLD2,962.42185
LR02_CMIP7hist_noMR,1984,4,labsea,MLD2,722.71026
LR02_CMIP7hist_noMR,1984,5,labsea,MLD2,308.97364
LR02_CMIP7hist_noMR,1984,6,labsea,MLD2,21.58061
LR02_CMIP7hist_noMR,1984,7,labsea,MLD2,15.39642
LR02_CMIP7hist_noMR,1984,8,labsea,MLD2,15.78942
LR02_CMIP7hist_noMR,1984,9,labsea,MLD2,19.50098
LR02_CMIP7hist_noMR,1984,10,labsea,MLD2,28.78327
LR02_CMIP7hist_noMR,1984,11,labsea,MLD2,60.77889
LR02_CMIP7hist_noMR,1984,12,labsea,MLD2,195.53394
LR02_CMIP7hist_noMR,1984,1,interior,MLD2,370.30703
LR02_CMIP7hist_noMR,1984,2,interior,MLD2,1050.67710
LR02_CMIP7hist_noMR,1984,3,interior,MLD2,1514.44707
LR02_CMIP7hist_noMR,1984,4,interior,MLD2,1126.23755
LR02_CMIP7hist_noMR,1984,5,interior,MLD2,507.35847
LR02_CMIP7hist_noMR,1984,6,interior,MLD2,28.51639
LR02_CMIP7hist_noMR,1984,7,interior,MLD2,18.14379
LR02_CMIP7hist_noMR,1984,8,interior,MLD2,18.10201
LR02_CMIP7hist_noMR,1984,9,interior,MLD2,21.29103
LR02_CMIP7hist_noMR,1984,10,interior,MLD2,30.22559
LR02_CMIP7hist_noMR,1984,11,interior,MLD2,86.05503
LR02_CMIP7hist_noMR,1984,12,interior,MLD2,315.23069
LR02_CMIP7hist_noMR,1985,1,labsea,a_ice,0.28736
LR02_CMIP7hist_noMR,1985,2,labsea,a_ice,0.31581
LR02_CMIP7hist_noMR,1985,3,labsea,a_ice,0.28438
LR02_CMIP7hist_noMR,1985,4,labsea,a_ice,0.24714
LR02_CMIP7hist_noMR,1985,5,labsea,a_ice,0.21348
LR02_CMIP7hist_noMR,1985,6,labsea,a_ice,0.13697
LR02_CMIP7hist_noMR,1985,7,labsea,a_ice,0.03438
LR02_CMIP7hist_noMR,1985,8,labsea,a_ice,0.00377
LR02_CMIP7hist_noMR,1985,9,labsea,a_ice,0.00000
LR02_CMIP7hist_noMR,1985,10,labsea,a_ice,0.00000
LR02_CMIP7hist_noMR,1985,11,labsea,a_ice,0.01579
LR02_CMIP7hist_noMR,1985,12,labsea,a_ice,0.08199
LR02_CMIP7hist_noMR,1985,1,interior,a_ice,0.09474
LR02_CMIP7hist_noMR,1985,2,interior,a_ice,0.12073
LR02_CMIP7hist_noMR,1985,3,interior,a_ice,0.07663
LR02_CMIP7hist_noMR,1985,4,interior,a_ice,0.07630
LR02_CMIP7hist_noMR,1985,5,interior,a_ice,0.02901
LR02_CMIP7hist_noMR,1985,6,interior,a_ice,0.00515
LR02_CMIP7hist_noMR,1985,7,interior,a_ice,0.00019
LR02_CMIP7hist_noMR,1985,8,interior,a_ice,0.00000
LR02_CMIP7hist_noMR,1985,9,interior,a_ice,0.00000
LR02_CMIP7hist_noMR,1985,10,interior,a_ice,0.00000
LR02_CMIP7hist_noMR,1985,11,interior,a_ice,0.00000
LR02_CMIP7hist_noMR,1985,12,interior,a_ice,0.01000
LR02_CMIP7hist_noMR,1985,1,labsea,MLD2,790.96394
LR02_CMIP7hist_noMR,1985,2,labsea,MLD2,1042.68209
LR02_CMIP7hist_noMR,1985,3,labsea,MLD2,1098.81135
LR02_CMIP7hist_noMR,1985,4,labsea,MLD2,667.94798
LR02_CMIP7hist_noMR,1985,5,labsea,MLD2,25.38995
LR02_CMIP7hist_noMR,1985,6,labsea,MLD2,17.63641
LR02_CMIP7hist_noMR,1985,7,labsea,MLD2,12.99904
LR02_CMIP7hist_noMR,1985,8,labsea,MLD2,14.71174
LR02_CMIP7hist_noMR,1985,9,labsea,MLD2,18.39956
LR02_CMIP7hist_noMR,1985,10,labsea,MLD2,25.84905
LR02_CMIP7hist_noMR,1985,11,labsea,MLD2,37.52855
LR02_CMIP7hist_noMR,1985,12,labsea,MLD2,59.69982
LR02_CMIP7hist_noMR,1985,1,interior,MLD2,1287.95840
LR02_CMIP7hist_noMR,1985,2,interior,MLD2,1629.26678
LR02_CMIP7hist_noMR,1985,3,interior,MLD2,1777.05591
LR02_CMIP7hist_noMR,1985,4,interior,MLD2,1149.59402
LR02_CMIP7hist_noMR,1985,5,interior,MLD2,33.57836
LR02_CMIP7hist_noMR,1985,6,interior,MLD2,22.90571
LR02_CMIP7hist_noMR,1985,7,interior,MLD2,14.98872
LR02_CMIP7hist_noMR,1985,8,interior,MLD2,16.79678
LR02_CMIP7hist_noMR,1985,9,interior,MLD2,19.80584
LR02_CMIP7hist_noMR,1985,10,interior,MLD2,27.53355
LR02_CMIP7hist_noMR,1985,11,interior,MLD2,41.56431
LR02_CMIP7hist_noMR,1985,12,interior,MLD2,76.44493
LR02_CMIP7hist_noMR,1986,1,labsea,a_ice,0.26760
LR02_CMIP7hist_noMR,1986,2,labsea,a_ice,0.27993
LR02_CMIP7hist_noMR,1986,3,labsea,a_ice,0.24431
LR02_CMIP7hist_noMR,1986,4,labsea,a_ice,0.25867
LR02_CMIP7hist_noMR,1986,5,labsea,a_ice,0.22331
LR02_CMIP7hist_noMR,1986,6,labsea,a_ice,0.10902
LR02_CMIP7hist_noMR,1986,7,labsea,a_ice,0.01227
LR02_CMIP7hist_noMR,1986,8,labsea,a_ice,0.00047
LR02_CMIP7hist_noMR,1986,9,labsea,a_ice,0.00000
LR02_CMIP7hist_noMR,1986,10,labsea,a_ice,0.00010
LR02_CMIP7hist_noMR,1986,11,labsea,a_ice,0.01558
LR02_CMIP7hist_noMR,1986,12,labsea,a_ice,0.17133
LR02_CMIP7hist_noMR,1986,1,interior,a_ice,0.10952
LR02_CMIP7hist_noMR,1986,2,interior,a_ice,0.08590
LR02_CMIP7hist_noMR,1986,3,interior,a_ice,0.05445
LR02_CMIP7hist_noMR,1986,4,interior,a_ice,0.07770
LR02_CMIP7hist_noMR,1986,5,interior,a_ice,0.08994
LR02_CMIP7hist_noMR,1986,6,interior,a_ice,0.00796
LR02_CMIP7hist_noMR,1986,7,interior,a_ice,0.00002
LR02_CMIP7hist_noMR,1986,8,interior,a_ice,0.00000
LR02_CMIP7hist_noMR,1986,9,interior,a_ice,0.00000
LR02_CMIP7hist_noMR,1986,10,interior,a_ice,0.00000
LR02_CMIP7hist_noMR,1986,11,interior,a_ice,0.00000
LR02_CMIP7hist_noMR,1986,12,interior,a_ice,0.04650
LR02_CMIP7hist_noMR,1986,1,labsea,MLD2,277.16616
LR02_CMIP7hist_noMR,1986,2,labsea,MLD2,779.36399
LR02_CMIP7hist_noMR,1986,3,labsea,MLD2,923.19514
LR02_CMIP7hist_noMR,1986,4,labsea,MLD2,774.32365
LR02_CMIP7hist_noMR,1986,5,labsea,MLD2,90.89096
LR02_CMIP7hist_noMR,1986,6,labsea,MLD2,20.06184
LR02_CMIP7hist_noMR,1986,7,labsea,MLD2,16.57634
LR02_CMIP7hist_noMR,1986,8,labsea,MLD2,12.95639
LR02_CMIP7hist_noMR,1986,9,labsea,MLD2,19.14450
LR02_CMIP7hist_noMR,1986,10,labsea,MLD2,32.07940
LR02_CMIP7hist_noMR,1986,11,labsea,MLD2,50.15946
LR02_CMIP7hist_noMR,1986,12,labsea,MLD2,114.80106
LR02_CMIP7hist_noMR,1986,1,interior,MLD2,366.99454
LR02_CMIP7hist_noMR,1986,2,interior,MLD2,1373.48123
LR02_CMIP7hist_noMR,1986,3,interior,MLD2,1737.05002
LR02_CMIP7hist_noMR,1986,4,interior,MLD2,1518.83007
LR02_CMIP7hist_noMR,1986,5,interior,MLD2,156.51177
LR02_CMIP7hist_noMR,1986,6,interior,MLD2,23.80828
LR02_CMIP7hist_noMR,1986,7,interior,MLD2,19.81364
LR02_CMIP7hist_noMR,1986,8,interior,MLD2,15.05490
LR02_CMIP7hist_noMR,1986,9,interior,MLD2,20.93348
LR02_CMIP7hist_noMR,1986,10,interior,MLD2,39.87799
LR02_CMIP7hist_noMR,1986,11,interior,MLD2,63.80010
LR02_CMIP7hist_noMR,1986,12,interior,MLD2,187.19515
LR02_CMIP7hist_noMR,1987,1,labsea,a_ice,0.29342
LR02_CMIP7hist_noMR,1987,2,labsea,a_ice,0.32702
LR02_CMIP7hist_noMR,1987,3,labsea,a_ice,0.29362
LR02_CMIP7hist_noMR,1987,4,labsea,a_ice,0.26175
LR02_CMIP7hist_noMR,1987,5,labsea,a_ice,0.22330
LR02_CMIP7hist_noMR,1987,6,labsea,a_ice,0.14273
LR02_CMIP7hist_noMR,1987,7,labsea,a_ice,0.03852
LR02_CMIP7hist_noMR,1987,8,labsea,a_ice,0.00029
LR02_CMIP7hist_noMR,1987,9,labsea,a_ice,0.00000
LR02_CMIP7hist_noMR,1987,10,labsea,a_ice,0.00000
LR02_CMIP7hist_noMR,1987,11,labsea,a_ice,0.00942
LR02_CMIP7hist_noMR,1987,12,labsea,a_ice,0.08169
LR02_CMIP7hist_noMR,1987,1,interior,a_ice,0.10590
LR02_CMIP7hist_noMR,1987,2,interior,a_ice,0.13481
LR02_CMIP7hist_noMR,1987,3,interior,a_ice,0.08254
LR02_CMIP7hist_noMR,1987,4,interior,a_ice,0.06342
LR02_CMIP7hist_noMR,1987,5,interior,a_ice,0.06284
LR02_CMIP7hist_noMR,1987,6,interior,a_ice,0.01663
LR02_CMIP7hist_noMR,1987,7,interior,a_ice,0.00096
LR02_CMIP7hist_noMR,1987,8,interior,a_ice,0.00000
LR02_CMIP7hist_noMR,1987,9,interior,a_ice,0.00000
LR02_CMIP7hist_noMR,1987,10,interior,a_ice,0.00000
LR02_CMIP7hist_noMR,1987,11,interior,a_ice,0.00007
LR02_CMIP7hist_noMR,1987,12,interior,a_ice,0.00555
LR02_CMIP7hist_noMR,1987,1,labsea,MLD2,498.49466
LR02_CMIP7hist_noMR,1987,2,labsea,MLD2,924.07383
LR02_CMIP7hist_noMR,1987,3,labsea,MLD2,918.97535
LR02_CMIP7hist_noMR,1987,4,labsea,MLD2,756.99051
LR02_CMIP7hist_noMR,1987,5,labsea,MLD2,161.01130
LR02_CMIP7hist_noMR,1987,6,labsea,MLD2,16.51483
LR02_CMIP7hist_noMR,1987,7,labsea,MLD2,12.33323
LR02_CMIP7hist_noMR,1987,8,labsea,MLD2,16.16990
LR02_CMIP7hist_noMR,1987,9,labsea,MLD2,19.68595
LR02_CMIP7hist_noMR,1987,10,labsea,MLD2,24.65815
LR02_CMIP7hist_noMR,1987,11,labsea,MLD2,38.02648
LR02_CMIP7hist_noMR,1987,12,labsea,MLD2,77.00325
LR02_CMIP7hist_noMR,1987,1,interior,MLD2,971.47527
LR02_CMIP7hist_noMR,1987,2,interior,MLD2,1583.82103
LR02_CMIP7hist_noMR,1987,3,interior,MLD2,1444.69843
LR02_CMIP7hist_noMR,1987,4,interior,MLD2,1208.79147
LR02_CMIP7hist_noMR,1987,5,interior,MLD2,313.66753
LR02_CMIP7hist_noMR,1987,6,interior,MLD2,21.16391
LR02_CMIP7hist_noMR,1987,7,interior,MLD2,13.58341
LR02_CMIP7hist_noMR,1987,8,interior,MLD2,18.14756
LR02_CMIP7hist_noMR,1987,9,interior,MLD2,23.15185
LR02_CMIP7hist_noMR,1987,10,interior,MLD2,27.86630
LR02_CMIP7hist_noMR,1987,11,interior,MLD2,45.49704
LR02_CMIP7hist_noMR,1987,12,interior,MLD2,110.48822
LR02_CMIP7hist_noMR,1988,1,labsea,a_ice,0.23680
LR02_CMIP7hist_noMR,1988,2,labsea,a_ice,0.33164
LR02_CMIP7hist_noMR,1988,3,labsea,a_ice,0.32417
LR02_CMIP7hist_noMR,1988,4,labsea,a_ice,0.26690
LR02_CMIP7hist_noMR,1988,5,labsea,a_ice,0.22339
LR02_CMIP7hist_noMR,1988,6,labsea,a_ice,0.12405
LR02_CMIP7hist_noMR,1988,7,labsea,a_ice,0.02865
LR02_CMIP7hist_noMR,1988,8,labsea,a_ice,0.00024
LR02_CMIP7hist_noMR,1988,9,labsea,a_ice,0.00000
LR02_CMIP7hist_noMR,1988,10,labsea,a_ice,0.00001
LR02_CMIP7hist_noMR,1988,11,labsea,a_ice,0.00934
LR02_CMIP7hist_noMR,1988,12,labsea,a_ice,0.09480
LR02_CMIP7hist_noMR,1988,1,interior,a_ice,0.05811
LR02_CMIP7hist_noMR,1988,2,interior,a_ice,0.15178
LR02_CMIP7hist_noMR,1988,3,interior,a_ice,0.16904
LR02_CMIP7hist_noMR,1988,4,interior,a_ice,0.07302
LR02_CMIP7hist_noMR,1988,5,interior,a_ice,0.06503
LR02_CMIP7hist_noMR,1988,6,interior,a_ice,0.04595
LR02_CMIP7hist_noMR,1988,7,interior,a_ice,0.00057
LR02_CMIP7hist_noMR,1988,8,interior,a_ice,0.00000
LR02_CMIP7hist_noMR,1988,9,interior,a_ice,0.00000
LR02_CMIP7hist_noMR,1988,10,interior,a_ice,0.00000
LR02_CMIP7hist_noMR,1988,11,interior,a_ice,0.00000
LR02_CMIP7hist_noMR,1988,12,interior,a_ice,0.00719
LR02_CMIP7hist_noMR,1988,1,labsea,MLD2,227.85697
LR02_CMIP7hist_noMR,1988,2,labsea,MLD2,834.52118
LR02_CMIP7hist_noMR,1988,3,labsea,MLD2,935.33706
LR02_CMIP7hist_noMR,1988,4,labsea,MLD2,757.54001
LR02_CMIP7hist_noMR,1988,5,labsea,MLD2,227.54372
LR02_CMIP7hist_noMR,1988,6,labsea,MLD2,18.06834
LR02_CMIP7hist_noMR,1988,7,labsea,MLD2,12.01350
LR02_CMIP7hist_noMR,1988,8,labsea,MLD2,12.35710
LR02_CMIP7hist_noMR,1988,9,labsea,MLD2,16.66981
LR02_CMIP7hist_noMR,1988,10,labsea,MLD2,24.12142
LR02_CMIP7hist_noMR,1988,11,labsea,MLD2,38.79087
LR02_CMIP7hist_noMR,1988,12,labsea,MLD2,92.74358
LR02_CMIP7hist_noMR,1988,1,interior,MLD2,367.59696
LR02_CMIP7hist_noMR,1988,2,interior,MLD2,1465.63890
LR02_CMIP7hist_noMR,1988,3,interior,MLD2,1586.76805
LR02_CMIP7hist_noMR,1988,4,interior,MLD2,1445.01756
LR02_CMIP7hist_noMR,1988,5,interior,MLD2,533.71378
LR02_CMIP7hist_noMR,1988,6,interior,MLD2,25.26771
LR02_CMIP7hist_noMR,1988,7,interior,MLD2,13.53018
LR02_CMIP7hist_noMR,1988,8,interior,MLD2,13.65220
LR02_CMIP7hist_noMR,1988,9,interior,MLD2,17.66597
LR02_CMIP7hist_noMR,1988,10,interior,MLD2,27.78670
LR02_CMIP7hist_noMR,1988,11,interior,MLD2,43.37053
LR02_CMIP7hist_noMR,1988,12,interior,MLD2,118.27567
LR02_CMIP7hist_noMR,1989,1,labsea,a_ice,0.23513
LR02_CMIP7hist_noMR,1989,2,labsea,a_ice,0.31371
LR02_CMIP7hist_noMR,1989,3,labsea,a_ice,0.33429
LR02_CMIP7hist_noMR,1989,4,labsea,a_ice,0.30167
LR02_CMIP7hist_noMR,1989,5,labsea,a_ice,0.23785
LR02_CMIP7hist_noMR,1989,6,labsea,a_ice,0.16139
LR02_CMIP7hist_noMR,1989,7,labsea,a_ice,0.03129
LR02_CMIP7hist_noMR,1989,8,labsea,a_ice,0.00005
LR02_CMIP7hist_noMR,1989,9,labsea,a_ice,0.00000
LR02_CMIP7hist_noMR,1989,10,labsea,a_ice,0.00000
LR02_CMIP7hist_noMR,1989,11,labsea,a_ice,0.02535
LR02_CMIP7hist_noMR,1989,12,labsea,a_ice,0.12094
LR02_CMIP7hist_noMR,1989,1,interior,a_ice,0.06989
LR02_CMIP7hist_noMR,1989,2,interior,a_ice,0.15363
LR02_CMIP7hist_noMR,1989,3,interior,a_ice,0.14506
LR02_CMIP7hist_noMR,1989,4,interior,a_ice,0.09454
LR02_CMIP7hist_noMR,1989,5,interior,a_ice,0.06838
LR02_CMIP7hist_noMR,1989,6,interior,a_ice,0.02411
LR02_CMIP7hist_noMR,1989,7,interior,a_ice,0.00272
LR02_CMIP7hist_noMR,1989,8,interior,a_ice,0.00000
LR02_CMIP7hist_noMR,1989,9,interior,a_ice,0.00000
LR02_CMIP7hist_noMR,1989,10,interior,a_ice,0.00000
LR02_CMIP7hist_noMR,1989,11,interior,a_ice,0.00000
LR02_CMIP7hist_noMR,1989,12,interior,a_ice,0.01506
LR02_CMIP7hist_noMR,1989,1,labsea,MLD2,483.64335
LR02_CMIP7hist_noMR,1989,2,labsea,MLD2,1132.69236
LR02_CMIP7hist_noMR,1989,3,labsea,MLD2,1165.31197
LR02_CMIP7hist_noMR,1989,4,labsea,MLD2,929.21192
LR02_CMIP7hist_noMR,1989,5,labsea,MLD2,163.38014
LR02_CMIP7hist_noMR,1989,6,labsea,MLD2,16.78358
LR02_CMIP7hist_noMR,1989,7,labsea,MLD2,12.89213
LR02_CMIP7hist_noMR,1989,8,labsea,MLD2,13.86871
LR02_CMIP7hist_noMR,1989,9,labsea,MLD2,16.45537
LR02_CMIP7hist_noMR,1989,10,labsea,MLD2,25.58674
LR02_CMIP7hist_noMR,1989,11,labsea,MLD2,42.83604
LR02_CMIP7hist_noMR,1989,12,labsea,MLD2,83.67114
LR02_CMIP7hist_noMR,1989,1,interior,MLD2,535.95105
LR02_CMIP7hist_noMR,1989,2,interior,MLD2,1809.34535
LR02_CMIP7hist_noMR,1989,3,interior,MLD2,1876.17323
LR02_CMIP7hist_noMR,1989,4,interior,MLD2,1551.92056
LR02_CMIP7hist_noMR,1989,5,interior,MLD2,296.41792
LR02_CMIP7hist_noMR,1989,6,interior,MLD2,20.74822
LR02_CMIP7hist_noMR,1989,7,interior,MLD2,14.77150
LR02_CMIP7hist_noMR,1989,8,interior,MLD2,15.55462
LR02_CMIP7hist_noMR,1989,9,interior,MLD2,18.70773
LR02_CMIP7hist_noMR,1989,10,interior,MLD2,29.43285
LR02_CMIP7hist_noMR,1989,11,interior,MLD2,49.37266
LR02_CMIP7hist_noMR,1989,12,interior,MLD2,115.19670
LR02_CMIP7hist_noMR,1990,1,labsea,a_ice,0.25363
LR02_CMIP7hist_noMR,1990,2,labsea,a_ice,0.30606
LR02_CMIP7hist_noMR,1990,3,labsea,a_ice,0.32616
LR02_CMIP7hist_noMR,1990,4,labsea,a_ice,0.33030
LR02_CMIP7hist_noMR,1990,5,labsea,a_ice,0.28090
LR02_CMIP7hist_noMR,1990,6,labsea,a_ice,0.15149
LR02_CMIP7hist_noMR,1990,7,labsea,a_ice,0.02516
LR02_CMIP7hist_noMR,1990,8,labsea,a_ice,0.00000
LR02_CMIP7hist_noMR,1990,9,labsea,a_ice,0.00000
LR02_CMIP7hist_noMR,1990,10,labsea,a_ice,0.00001
LR02_CMIP7hist_noMR,1990,11,labsea,a_ice,0.00443
LR02_CMIP7hist_noMR,1990,12,labsea,a_ice,0.11503
LR02_CMIP7hist_noMR,1990,1,interior,a_ice,0.08937
LR02_CMIP7hist_noMR,1990,2,interior,a_ice,0.11780
LR02_CMIP7hist_noMR,1990,3,interior,a_ice,0.15232
LR02_CMIP7hist_noMR,1990,4,interior,a_ice,0.14510
LR02_CMIP7hist_noMR,1990,5,interior,a_ice,0.09839
LR02_CMIP7hist_noMR,1990,6,interior,a_ice,0.04233
LR02_CMIP7hist_noMR,1990,7,interior,a_ice,0.00093
LR02_CMIP7hist_noMR,1990,8,interior,a_ice,0.00000
LR02_CMIP7hist_noMR,1990,9,interior,a_ice,0.00000
LR02_CMIP7hist_noMR,1990,10,interior,a_ice,0.00000
LR02_CMIP7hist_noMR,1990,11,interior,a_ice,0.00000
LR02_CMIP7hist_noMR,1990,12,interior,a_ice,0.01392
LR02_CMIP7hist_noMR,1990,1,labsea,MLD2,449.84805
LR02_CMIP7hist_noMR,1990,2,labsea,MLD2,980.77265
LR02_CMIP7hist_noMR,1990,3,labsea,MLD2,1146.27563
LR02_CMIP7hist_noMR,1990,4,labsea,MLD2,965.36521
LR02_CMIP7hist_noMR,1990,5,labsea,MLD2,221.33580
LR02_CMIP7hist_noMR,1990,6,labsea,MLD2,15.06401
LR02_CMIP7hist_noMR,1990,7,labsea,MLD2,12.88476
LR02_CMIP7hist_noMR,1990,8,labsea,MLD2,12.28780
LR02_CMIP7hist_noMR,1990,9,labsea,MLD2,16.24454
LR02_CMIP7hist_noMR,1990,10,labsea,MLD2,23.60304
LR02_CMIP7hist_noMR,1990,11,labsea,MLD2,34.72312
LR02_CMIP7hist_noMR,1990,12,labsea,MLD2,108.70312
LR02_CMIP7hist_noMR,1990,1,interior,MLD2,663.58831
LR02_CMIP7hist_noMR,1990,2,interior,MLD2,1648.23589
LR02_CMIP7hist_noMR,1990,3,interior,MLD2,1718.63600
LR02_CMIP7hist_noMR,1990,4,interior,MLD2,1411.21997
LR02_CMIP7hist_noMR,1990,5,interior,MLD2,413.86814
LR02_CMIP7hist_noMR,1990,6,interior,MLD2,18.44520
LR02_CMIP7hist_noMR,1990,7,interior,MLD2,15.93774
LR02_CMIP7hist_noMR,1990,8,interior,MLD2,13.81509
LR02_CMIP7hist_noMR,1990,9,interior,MLD2,17.04945
LR02_CMIP7hist_noMR,1990,10,interior,MLD2,24.04962
LR02_CMIP7hist_noMR,1990,11,interior,MLD2,36.40680
LR02_CMIP7hist_noMR,1990,12,interior,MLD2,136.13365
LR02_CMIP7hist_noMR,1991,1,labsea,a_ice,0.23782
LR02_CMIP7hist_noMR,1991,2,labsea,a_ice,0.29985
LR02_CMIP7hist_noMR,1991,3,labsea,a_ice,0.25087
LR02_CMIP7hist_noMR,1991,4,labsea,a_ice,0.28069
LR02_CMIP7hist_noMR,1991,5,labsea,a_ice,0.23871
LR02_CMIP7hist_noMR,1991,6,labsea,a_ice,0.13435
LR02_CMIP7hist_noMR,1991,7,labsea,a_ice,0.03378
LR02_CMIP7hist_noMR,1991,8,labsea,a_ice,0.00000
LR02_CMIP7hist_noMR,1991,9,labsea,a_ice,0.00000
LR02_CMIP7hist_noMR,1991,10,labsea,a_ice,0.00000
LR02_CMIP7hist_noMR,1991,11,labsea,a_ice,0.01760
LR02_CMIP7hist_noMR,1991,12,labsea,a_ice,0.14747
LR02_CMIP7hist_noMR,1991,1,interior,a_ice,0.07815
LR02_CMIP7hist_noMR,1991,2,interior,a_ice,0.11358
LR02_CMIP7hist_noMR,1991,3,interior,a_ice,0.06381
LR02_CMIP7hist_noMR,1991,4,interior,a_ice,0.10125
LR02_CMIP7hist_noMR,1991,5,interior,a_ice,0.09072
LR02_CMIP7hist_noMR,1991,6,interior,a_ice,0.01355
LR02_CMIP7hist_noMR,1991,7,interior,a_ice,0.00048
LR02_CMIP7hist_noMR,1991,8,interior,a_ice,0.00000
LR02_CMIP7hist_noMR,1991,9,interior,a_ice,0.00000
LR02_CMIP7hist_noMR,1991,10,interior,a_ice,0.00000
LR02_CMIP7hist_noMR,1991,11,interior,a_ice,0.00002
LR02_CMIP7hist_noMR,1991,12,interior,a_ice,0.01513
LR02_CMIP7hist_noMR,1991,1,labsea,MLD2,688.33166
LR02_CMIP7hist_noMR,1991,2,labsea,MLD2,1137.96145
LR02_CMIP7hist_noMR,1991,3,labsea,MLD2,1016.59174
LR02_CMIP7hist_noMR,1991,4,labsea,MLD2,887.29770
LR02_CMIP7hist_noMR,1991,5,labsea,MLD2,543.87612
LR02_CMIP7hist_noMR,1991,6,labsea,MLD2,19.11537
LR02_CMIP7hist_noMR,1991,7,labsea,MLD2,11.95652
LR02_CMIP7hist_noMR,1991,8,labsea,MLD2,13.12939
LR02_CMIP7hist_noMR,1991,9,labsea,MLD2,18.28576
LR02_CMIP7hist_noMR,1991,10,labsea,MLD2,23.05973
LR02_CMIP7hist_noMR,1991,11,labsea,MLD2,33.07462
LR02_CMIP7hist_noMR,1991,12,labsea,MLD2,65.83355
LR02_CMIP7hist_noMR,1991,1,interior,MLD2,1190.65584
LR02_CMIP7hist_noMR,1991,2,interior,MLD2,1767.57705
LR02_CMIP7hist_noMR,1991,3,interior,MLD2,1568.40247
LR02_CMIP7hist_noMR,1991,4,interior,MLD2,1244.54187
LR02_CMIP7hist_noMR,1991,5,interior,MLD2,724.97532
LR02_CMIP7hist_noMR,1991,6,interior,MLD2,21.14656
LR02_CMIP7hist_noMR,1991,7,interior,MLD2,14.17416
LR02_CMIP7hist_noMR,1991,8,interior,MLD2,14.55480
LR02_CMIP7hist_noMR,1991,9,interior,MLD2,19.36430
LR02_CMIP7hist_noMR,1991,10,interior,MLD2,24.16796
LR02_CMIP7hist_noMR,1991,11,interior,MLD2,35.45797
LR02_CMIP7hist_noMR,1991,12,interior,MLD2,92.77227
LR02_CMIP7hist_noMR,1992,1,labsea,a_ice,0.25572
LR02_CMIP7hist_noMR,1992,2,labsea,a_ice,0.36279
LR02_CMIP7hist_noMR,1992,3,labsea,a_ice,0.29664
LR02_CMIP7hist_noMR,1992,4,labsea,a_ice,0.31563
LR02_CMIP7hist_noMR,1992,5,labsea,a_ice,0.26531
LR02_CMIP7hist_noMR,1992,6,labsea,a_ice,0.15786
LR02_CMIP7hist_noMR,1992,7,labsea,a_ice,0.03868
LR02_CMIP7hist_noMR,1992,8,labsea,a_ice,0.00009
LR02_CMIP7hist_noMR,1992,9,labsea,a_ice,0.00000
LR02_CMIP7hist_noMR,1992,10,labsea,a_ice,0.00035
LR02_CMIP7hist_noMR,1992,11,labsea,a_ice,0.03247
LR02_CMIP7hist_noMR,1992,12,labsea,a_ice,0.19226
LR02_CMIP7hist_noMR,1992,1,interior,a_ice,0.08327
LR02_CMIP7hist_noMR,1992,2,interior,a_ice,0.21618
LR02_CMIP7hist_noMR,1992,3,interior,a_ice,0.10928
LR02_CMIP7hist_noMR,1992,4,interior,a_ice,0.12833
LR02_CMIP7hist_noMR,1992,5,interior,a_ice,0.08228
LR02_CMIP7hist_noMR,1992,6,interior,a_ice,0.02911
LR02_CMIP7hist_noMR,1992,7,interior,a_ice,0.00336
LR02_CMIP7hist_noMR,1992,8,interior,a_ice,0.00000
LR02_CMIP7hist_noMR,1992,9,interior,a_ice,0.00000
LR02_CMIP7hist_noMR,1992,10,interior,a_ice,0.00000
LR02_CMIP7hist_noMR,1992,11,interior,a_ice,0.00000
LR02_CMIP7hist_noMR,1992,12,interior,a_ice,0.05340
LR02_CMIP7hist_noMR,1992,1,labsea,MLD2,208.33616
LR02_CMIP7hist_noMR,1992,2,labsea,MLD2,840.83797
LR02_CMIP7hist_noMR,1992,3,labsea,MLD2,922.54298
LR02_CMIP7hist_noMR,1992,4,labsea,MLD2,781.36086
LR02_CMIP7hist_noMR,1992,5,labsea,MLD2,365.15347
LR02_CMIP7hist_noMR,1992,6,labsea,MLD2,19.64964
LR02_CMIP7hist_noMR,1992,7,labsea,MLD2,12.49771
LR02_CMIP7hist_noMR,1992,8,labsea,MLD2,15.22872
LR02_CMIP7hist_noMR,1992,9,labsea,MLD2,20.09373
LR02_CMIP7hist_noMR,1992,10,labsea,MLD2,27.29525
LR02_CMIP7hist_noMR,1992,11,labsea,MLD2,44.19266
LR02_CMIP7hist_noMR,1992,12,labsea,MLD2,190.21769
LR02_CMIP7hist_noMR,1992,1,interior,MLD2,267.56038
LR02_CMIP7hist_noMR,1992,2,interior,MLD2,1330.81164
LR02_CMIP7hist_noMR,1992,3,interior,MLD2,1495.79748
LR02_CMIP7hist_noMR,1992,4,interior,MLD2,1245.79761
LR02_CMIP7hist_noMR,1992,5,interior,MLD2,666.08196
LR02_CMIP7hist_noMR,1992,6,interior,MLD2,26.83851
LR02_CMIP7hist_noMR,1992,7,interior,MLD2,14.21510
LR02_CMIP7hist_noMR,1992,8,interior,MLD2,17.46417
LR02_CMIP7hist_noMR,1992,9,interior,MLD2,23.35024
LR02_CMIP7hist_noMR,1992,10,interior,MLD2,31.20026
LR02_CMIP7hist_noMR,1992,11,interior,MLD2,47.15974
LR02_CMIP7hist_noMR,1992,12,interior,MLD2,222.42465
LR02_CMIP7hist_noMR,1993,1,labsea,a_ice,0.29555
LR02_CMIP7hist_noMR,1993,2,labsea,a_ice,0.33501
LR02_CMIP7hist_noMR,1993,3,labsea,a_ice,0.31399
LR02_CMIP7hist_noMR,1993,4,labsea,a_ice,0.25680
LR02_CMIP7hist_noMR,1993,5,labsea,a_ice,0.22821
LR02_CMIP7hist_noMR,1993,6,labsea,a_ice,0.12402
LR02_CMIP7hist_noMR,1993,7,labsea,a_ice,0.01803
LR02_CMIP7hist_noMR,1993,8,labsea,a_ice,0.00000
LR02_CMIP7hist_noMR,1993,9,labsea,a_ice,0.00000
LR02_CMIP7hist_noMR,1993,10,labsea,a_ice,0.00000
LR02_CMIP7hist_noMR,1993,11,labsea,a_ice,0.03296
LR02_CMIP7hist_noMR,1993,12,labsea,a_ice,0.16980
LR02_CMIP7hist_noMR,1993,1,interior,a_ice,0.10179
LR02_CMIP7hist_noMR,1993,2,interior,a_ice,0.16307
LR02_CMIP7hist_noMR,1993,3,interior,a_ice,0.11479
LR02_CMIP7hist_noMR,1993,4,interior,a_ice,0.07866
LR02_CMIP7hist_noMR,1993,5,interior,a_ice,0.09151
LR02_CMIP7hist_noMR,1993,6,interior,a_ice,0.03258
LR02_CMIP7hist_noMR,1993,7,interior,a_ice,0.00006
LR02_CMIP7hist_noMR,1993,8,interior,a_ice,0.00000
LR02_CMIP7hist_noMR,1993,9,interior,a_ice,0.00000
LR02_CMIP7hist_noMR,1993,10,interior,a_ice,0.00000
LR02_CMIP7hist_noMR,1993,11,interior,a_ice,0.00042
LR02_CMIP7hist_noMR,1993,12,interior,a_ice,0.05006
LR02_CMIP7hist_noMR,1993,1,labsea,MLD2,789.37337
LR02_CMIP7hist_noMR,1993,2,labsea,MLD2,992.53060
LR02_CMIP7hist_noMR,1993,3,labsea,MLD2,1035.90701
LR02_CMIP7hist_noMR,1993,4,labsea,MLD2,791.17828
LR02_CMIP7hist_noMR,1993,5,labsea,MLD2,263.67586
LR02_CMIP7hist_noMR,1993,6,labsea,MLD2,16.76402
LR02_CMIP7hist_noMR,1993,7,labsea,MLD2,10.72476
LR02_CMIP7hist_noMR,1993,8,labsea,MLD2,15.56126
LR02_CMIP7hist_noMR,1993,9,labsea,MLD2,19.28272
LR02_CMIP7hist_noMR,1993,10,labsea,MLD2,24.06515
LR02_CMIP7hist_noMR,1993,11,labsea,MLD2,42.56998
LR02_CMIP7hist_noMR,1993,12,labsea,MLD2,152.71588
LR02_CMIP7hist_noMR,1993,1,interior,MLD2,1191.27914
LR02_CMIP7hist_noMR,1993,2,interior,MLD2,1474.59734
LR02_CMIP7hist_noMR,1993,3,interior,MLD2,1447.49293
LR02_CMIP7hist_noMR,1993,4,interior,MLD2,1168.71921
LR02_CMIP7hist_noMR,1993,5,interior,MLD2,510.51537
LR02_CMIP7hist_noMR,1993,6,interior,MLD2,21.41988
LR02_CMIP7hist_noMR,1993,7,interior,MLD2,12.76006
LR02_CMIP7hist_noMR,1993,8,interior,MLD2,17.09948
LR02_CMIP7hist_noMR,1993,9,interior,MLD2,22.96894
LR02_CMIP7hist_noMR,1993,10,interior,MLD2,26.73766
LR02_CMIP7hist_noMR,1993,11,interior,MLD2,54.06398
LR02_CMIP7hist_noMR,1993,12,interior,MLD2,227.28176
LR02_CMIP7hist_noMR,1994,1,labsea,a_ice,0.28254
LR02_CMIP7hist_noMR,1994,2,labsea,a_ice,0.29478
LR02_CMIP7hist_noMR,1994,3,labsea,a_ice,0.34326
LR02_CMIP7hist_noMR,1994,4,labsea,a_ice,0.28228
LR02_CMIP7hist_noMR,1994,5,labsea,a_ice,0.25112
LR02_CMIP7hist_noMR,1994,6,labsea,a_ice,0.15354
LR02_CMIP7hist_noMR,1994,7,labsea,a_ice,0.01897
LR02_CMIP7hist_noMR,1994,8,labsea,a_ice,0.00000
LR02_CMIP7hist_noMR,1994,9,labsea,a_ice,0.00000
LR02_CMIP7hist_noMR,1994,10,labsea,a_ice,0.00000
LR02_CMIP7hist_noMR,1994,11,labsea,a_ice,0.00003
LR02_CMIP7hist_noMR,1994,12,labsea,a_ice,0.08196
LR02_CMIP7hist_noMR,1994,1,interior,a_ice,0.09157
LR02_CMIP7hist_noMR,1994,2,interior,a_ice,0.11421
LR02_CMIP7hist_noMR,1994,3,interior,a_ice,0.19217
LR02_CMIP7hist_noMR,1994,4,interior,a_ice,0.08419
LR02_CMIP7hist_noMR,1994,5,interior,a_ice,0.05939
LR02_CMIP7hist_noMR,1994,6,interior,a_ice,0.03987
LR02_CMIP7hist_noMR,1994,7,interior,a_ice,0.00022
LR02_CMIP7hist_noMR,1994,8,interior,a_ice,0.00000
LR02_CMIP7hist_noMR,1994,9,interior,a_ice,0.00000
LR02_CMIP7hist_noMR,1994,10,interior,a_ice,0.00000
LR02_CMIP7hist_noMR,1994,11,interior,a_ice,0.00000
LR02_CMIP7hist_noMR,1994,12,interior,a_ice,0.01077
LR02_CMIP7hist_noMR,1994,1,labsea,MLD2,665.89355
LR02_CMIP7hist_noMR,1994,2,labsea,MLD2,999.14739
LR02_CMIP7hist_noMR,1994,3,labsea,MLD2,873.80843
LR02_CMIP7hist_noMR,1994,4,labsea,MLD2,551.27274
LR02_CMIP7hist_noMR,1994,5,labsea,MLD2,238.26636
LR02_CMIP7hist_noMR,1994,6,labsea,MLD2,12.63704
LR02_CMIP7hist_noMR,1994,7,labsea,MLD2,12.46966
LR02_CMIP7hist_noMR,1994,8,labsea,MLD2,12.31691
LR02_CMIP7hist_noMR,1994,9,labsea,MLD2,15.35151
LR02_CMIP7hist_noMR,1994,10,labsea,MLD2,22.01532
LR02_CMIP7hist_noMR,1994,11,labsea,MLD2,33.01544
LR02_CMIP7hist_noMR,1994,12,labsea,MLD2,53.04134
LR02_CMIP7hist_noMR,1994,1,interior,MLD2,1229.93866
LR02_CMIP7hist_noMR,1994,2,interior,MLD2,1890.92340
LR02_CMIP7hist_noMR,1994,3,interior,MLD2,1468.71977
LR02_CMIP7hist_noMR,1994,4,interior,MLD2,1025.62667
LR02_CMIP7hist_noMR,1994,5,interior,MLD2,554.36490
LR02_CMIP7hist_noMR,1994,6,interior,MLD2,15.64043
LR02_CMIP7hist_noMR,1994,7,interior,MLD2,14.34435
LR02_CMIP7hist_noMR,1994,8,interior,MLD2,13.90908
LR02_CMIP7hist_noMR,1994,9,interior,MLD2,16.63082
LR02_CMIP7hist_noMR,1994,10,interior,MLD2,23.27823
LR02_CMIP7hist_noMR,1994,11,interior,MLD2,33.60316
LR02_CMIP7hist_noMR,1994,12,interior,MLD2,67.02758
LR02_CMIP7hist_noMR,1995,1,labsea,a_ice,0.23834
LR02_CMIP7hist_noMR,1995,2,labsea,a_ice,0.28964
LR02_CMIP7hist_noMR,1995,3,labsea,a_ice,0.26629
LR02_CMIP7hist_noMR,1995,4,labsea,a_ice,0.27310
LR02_CMIP7hist_noMR,1995,5,labsea,a_ice,0.19496
LR02_CMIP7hist_noMR,1995,6,labsea,a_ice,0.08112
LR02_CMIP7hist_noMR,1995,7,labsea,a_ice,0.01527
LR02_CMIP7hist_noMR,1995,8,labsea,a_ice,0.00009
LR02_CMIP7hist_noMR,1995,9,labsea,a_ice,0.00000
LR02_CMIP7hist_noMR,1995,10,labsea,a_ice,0.00042
LR02_CMIP7hist_noMR,1995,11,labsea,a_ice,0.01554
LR02_CMIP7hist_noMR,1995,12,labsea,a_ice,0.10658
LR02_CMIP7hist_noMR,1995,1,interior,a_ice,0.07360
LR02_CMIP7hist_noMR,1995,2,interior,a_ice,0.11836
LR02_CMIP7hist_noMR,1995,3,interior,a_ice,0.07581
LR02_CMIP7hist_noMR,1995,4,interior,a_ice,0.10855
LR02_CMIP7hist_noMR,1995,5,interior,a_ice,0.02498
LR02_CMIP7hist_noMR,1995,6,interior,a_ice,0.00084
LR02_CMIP7hist_noMR,1995,7,interior,a_ice,0.00000
LR02_CMIP7hist_noMR,1995,8,interior,a_ice,0.00000
LR02_CMIP7hist_noMR,1995,9,interior,a_ice,0.00000
LR02_CMIP7hist_noMR,1995,10,interior,a_ice,0.00000
LR02_CMIP7hist_noMR,1995,11,interior,a_ice,0.00000
LR02_CMIP7hist_noMR,1995,12,interior,a_ice,0.00211
LR02_CMIP7hist_noMR,1995,1,labsea,MLD2,267.78075
LR02_CMIP7hist_noMR,1995,2,labsea,MLD2,924.31781
LR02_CMIP7hist_noMR,1995,3,labsea,MLD2,1001.08295
LR02_CMIP7hist_noMR,1995,4,labsea,MLD2,627.13422
LR02_CMIP7hist_noMR,1995,5,labsea,MLD2,61.60987
LR02_CMIP7hist_noMR,1995,6,labsea,MLD2,14.40716
LR02_CMIP7hist_noMR,1995,7,labsea,MLD2,15.41201
LR02_CMIP7hist_noMR,1995,8,labsea,MLD2,16.14447
LR02_CMIP7hist_noMR,1995,9,labsea,MLD2,18.62335
LR02_CMIP7hist_noMR,1995,10,labsea,MLD2,27.98205
LR02_CMIP7hist_noMR,1995,11,labsea,MLD2,42.33541
LR02_CMIP7hist_noMR,1995,12,labsea,MLD2,76.02858
LR02_CMIP7hist_noMR,1995,1,interior,MLD2,333.16226
LR02_CMIP7hist_noMR,1995,2,interior,MLD2,1315.00959
LR02_CMIP7hist_noMR,1995,3,interior,MLD2,1485.96784
LR02_CMIP7hist_noMR,1995,4,interior,MLD2,947.83257
LR02_CMIP7hist_noMR,1995,5,interior,MLD2,97.43027
LR02_CMIP7hist_noMR,1995,6,interior,MLD2,16.58789
LR02_CMIP7hist_noMR,1995,7,interior,MLD2,18.52718
LR02_CMIP7hist_noMR,1995,8,interior,MLD2,16.73849
LR02_CMIP7hist_noMR,1995,9,interior,MLD2,20.65255
LR02_CMIP7hist_noMR,1995,10,interior,MLD2,30.93337
LR02_CMIP7hist_noMR,1995,11,interior,MLD2,48.26645
LR02_CMIP7hist_noMR,1995,12,interior,MLD2,96.79300
LR02_CMIP7hist_noMR,1996,1,labsea,a_ice,0.19671
LR02_CMIP7hist_noMR,1996,2,labsea,a_ice,0.25582
LR02_CMIP7hist_noMR,1996,3,labsea,a_ice,0.26802
LR02_CMIP7hist_noMR,1996,4,labsea,a_ice,0.25903
LR02_CMIP7hist_noMR,1996,5,labsea,a_ice,0.20335
LR02_CMIP7hist_noMR,1996,6,labsea,a_ice,0.07374
LR02_CMIP7hist_noMR,1996,7,labsea,a_ice,0.01083
LR02_CMIP7hist_noMR,1996,8,labsea,a_ice,0.00000
LR02_CMIP7hist_noMR,1996,9,labsea,a_ice,0.00000
LR02_CMIP7hist_noMR,1996,10,labsea,a_ice,0.00000
LR02_CMIP7hist_noMR,1996,11,labsea,a_ice,0.01032
LR02_CMIP7hist_noMR,1996,12,labsea,a_ice,0.12504
LR02_CMIP7hist_noMR,1996,1,interior,a_ice,0.03679
LR02_CMIP7hist_noMR,1996,2,interior,a_ice,0.07465
LR02_CMIP7hist_noMR,1996,3,interior,a_ice,0.06919
LR02_CMIP7hist_noMR,1996,4,interior,a_ice,0.09210
LR02_CMIP7hist_noMR,1996,5,interior,a_ice,0.05601
LR02_CMIP7hist_noMR,1996,6,interior,a_ice,0.00600
LR02_CMIP7hist_noMR,1996,7,interior,a_ice,0.00001
LR02_CMIP7hist_noMR,1996,8,interior,a_ice,0.00000
LR02_CMIP7hist_noMR,1996,9,interior,a_ice,0.00000
LR02_CMIP7hist_noMR,1996,10,interior,a_ice,0.00000
LR02_CMIP7hist_noMR,1996,11,interior,a_ice,0.00000
LR02_CMIP7hist_noMR,1996,12,interior,a_ice,0.02918
LR02_CMIP7hist_noMR,1996,1,labsea,MLD2,164.32736
LR02_CMIP7hist_noMR,1996,2,labsea,MLD2,660.84146
LR02_CMIP7hist_noMR,1996,3,labsea,MLD2,933.44835
LR02_CMIP7hist_noMR,1996,4,labsea,MLD2,805.50233
LR02_CMIP7hist_noMR,1996,5,labsea,MLD2,90.73386
LR02_CMIP7hist_noMR,1996,6,labsea,MLD2,15.92460
LR02_CMIP7hist_noMR,1996,7,labsea,MLD2,11.75661
LR02_CMIP7hist_noMR,1996,8,labsea,MLD2,14.53757
LR02_CMIP7hist_noMR,1996,9,labsea,MLD2,18.48100
LR02_CMIP7hist_noMR,1996,10,labsea,MLD2,29.28864
LR02_CMIP7hist_noMR,1996,11,labsea,MLD2,40.85566
LR02_CMIP7hist_noMR,1996,12,labsea,MLD2,81.67415
LR02_CMIP7hist_noMR,1996,1,interior,MLD2,223.56723
LR02_CMIP7hist_noMR,1996,2,interior,MLD2,880.08809
LR02_CMIP7hist_noMR,1996,3,interior,MLD2,1317.53308
LR02_CMIP7hist_noMR,1996,4,interior,MLD2,1204.61193
LR02_CMIP7hist_noMR,1996,5,interior,MLD2,229.55572
LR02_CMIP7hist_noMR,1996,6,interior,MLD2,18.62108
LR02_CMIP7hist_noMR,1996,7,interior,MLD2,12.60135
LR02_CMIP7hist_noMR,1996,8,interior,MLD2,15.56475
LR02_CMIP7hist_noMR,1996,9,interior,MLD2,19.35538
LR02_CMIP7hist_noMR,1996,10,interior,MLD2,30.53720
LR02_CMIP7hist_noMR,1996,11,interior,MLD2,45.19457
LR02_CMIP7hist_noMR,1996,12,interior,MLD2,117.37576
LR02_CMIP7hist_noMR,1997,1,labsea,a_ice,0.24176
LR02_CMIP7hist_noMR,1997,2,labsea,a_ice,0.27378
LR02_CMIP7hist_noMR,1997,3,labsea,a_ice,0.32193
LR02_CMIP7hist_noMR,1997,4,labsea,a_ice,0.30058
LR02_CMIP7hist_noMR,1997,5,labsea,a_ice,0.21219
LR02_CMIP7hist_noMR,1997,6,labsea,a_ice,0.08349
LR02_CMIP7hist_noMR,1997,7,labsea,a_ice,0.00421
LR02_CMIP7hist_noMR,1997,8,labsea,a_ice,0.00000
LR02_CMIP7hist_noMR,1997,9,labsea,a_ice,0.00000
LR02_CMIP7hist_noMR,1997,10,labsea,a_ice,0.00000
LR02_CMIP7hist_noMR,1997,11,labsea,a_ice,0.00008
LR02_CMIP7hist_noMR,1997,12,labsea,a_ice,0.03816
LR02_CMIP7hist_noMR,1997,1,interior,a_ice,0.07088
LR02_CMIP7hist_noMR,1997,2,interior,a_ice,0.09775
LR02_CMIP7hist_noMR,1997,3,interior,a_ice,0.17935
LR02_CMIP7hist_noMR,1997,4,interior,a_ice,0.11229
LR02_CMIP7hist_noMR,1997,5,interior,a_ice,0.04847
LR02_CMIP7hist_noMR,1997,6,interior,a_ice,0.00666
LR02_CMIP7hist_noMR,1997,7,interior,a_ice,0.00000
LR02_CMIP7hist_noMR,1997,8,interior,a_ice,0.00000
LR02_CMIP7hist_noMR,1997,9,interior,a_ice,0.00000
LR02_CMIP7hist_noMR,1997,10,interior,a_ice,0.00000
LR02_CMIP7hist_noMR,1997,11,interior,a_ice,0.00000
LR02_CMIP7hist_noMR,1997,12,interior,a_ice,0.00008
LR02_CMIP7hist_noMR,1997,1,labsea,MLD2,295.86799
LR02_CMIP7hist_noMR,1997,2,labsea,MLD2,619.35409
LR02_CMIP7hist_noMR,1997,3,labsea,MLD2,843.66441
LR02_CMIP7hist_noMR,1997,4,labsea,MLD2,544.26357
LR02_CMIP7hist_noMR,1997,5,labsea,MLD2,29.97536
LR02_CMIP7hist_noMR,1997,6,labsea,MLD2,15.19500
LR02_CMIP7hist_noMR,1997,7,labsea,MLD2,14.77679
LR02_CMIP7hist_noMR,1997,8,labsea,MLD2,13.78387
LR02_CMIP7hist_noMR,1997,9,labsea,MLD2,17.63056
LR02_CMIP7hist_noMR,1997,10,labsea,MLD2,22.66132
LR02_CMIP7hist_noMR,1997,11,labsea,MLD2,32.85076
LR02_CMIP7hist_noMR,1997,12,labsea,MLD2,59.06710
LR02_CMIP7hist_noMR,1997,1,interior,MLD2,383.66060
LR02_CMIP7hist_noMR,1997,2,interior,MLD2,970.19794
LR02_CMIP7hist_noMR,1997,3,interior,MLD2,1233.32769
LR02_CMIP7hist_noMR,1997,4,interior,MLD2,839.01773
LR02_CMIP7hist_noMR,1997,5,interior,MLD2,31.01426
LR02_CMIP7hist_noMR,1997,6,interior,MLD2,18.86508
LR02_CMIP7hist_noMR,1997,7,interior,MLD2,17.84688
LR02_CMIP7hist_noMR,1997,8,interior,MLD2,14.81895
LR02_CMIP7hist_noMR,1997,9,interior,MLD2,17.95585
LR02_CMIP7hist_noMR,1997,10,interior,MLD2,22.71034
LR02_CMIP7hist_noMR,1997,11,interior,MLD2,34.85558
LR02_CMIP7hist_noMR,1997,12,interior,MLD2,77.98891
LR02_CMIP7hist_noMR,1998,1,labsea,a_ice,0.16540
LR02_CMIP7hist_noMR,1998,2,labsea,a_ice,0.27186
LR02_CMIP7hist_noMR,1998,3,labsea,a_ice,0.28712
LR02_CMIP7hist_noMR,1998,4,labsea,a_ice,0.27125
LR02_CMIP7hist_noMR,1998,5,labsea,a_ice,0.20869
LR02_CMIP7hist_noMR,1998,6,labsea,a_ice,0.09571
LR02_CMIP7hist_noMR,1998,7,labsea,a_ice,0.00680
LR02_CMIP7hist_noMR,1998,8,labsea,a_ice,0.00000
LR02_CMIP7hist_noMR,1998,9,labsea,a_ice,0.00000
LR02_CMIP7hist_noMR,1998,10,labsea,a_ice,0.00000
LR02_CMIP7hist_noMR,1998,11,labsea,a_ice,0.02652
LR02_CMIP7hist_noMR,1998,12,labsea,a_ice,0.18125
LR02_CMIP7hist_noMR,1998,1,interior,a_ice,0.03695
LR02_CMIP7hist_noMR,1998,2,interior,a_ice,0.09326
LR02_CMIP7hist_noMR,1998,3,interior,a_ice,0.07773
LR02_CMIP7hist_noMR,1998,4,interior,a_ice,0.07951
LR02_CMIP7hist_noMR,1998,5,interior,a_ice,0.06303
LR02_CMIP7hist_noMR,1998,6,interior,a_ice,0.00497
LR02_CMIP7hist_noMR,1998,7,interior,a_ice,0.00000
LR02_CMIP7hist_noMR,1998,8,interior,a_ice,0.00000
LR02_CMIP7hist_noMR,1998,9,interior,a_ice,0.00000
LR02_CMIP7hist_noMR,1998,10,interior,a_ice,0.00000
LR02_CMIP7hist_noMR,1998,11,interior,a_ice,0.00009
LR02_CMIP7hist_noMR,1998,12,interior,a_ice,0.05684
LR02_CMIP7hist_noMR,1998,1,labsea,MLD2,304.37299
LR02_CMIP7hist_noMR,1998,2,labsea,MLD2,852.16650
LR02_CMIP7hist_noMR,1998,3,labsea,MLD2,1116.42970
LR02_CMIP7hist_noMR,1998,4,labsea,MLD2,974.49447
LR02_CMIP7hist_noMR,1998,5,labsea,MLD2,203.35819
LR02_CMIP7hist_noMR,1998,6,labsea,MLD2,15.15387
LR02_CMIP7hist_noMR,1998,7,labsea,MLD2,12.53707
LR02_CMIP7hist_noMR,1998,8,labsea,MLD2,15.72325
LR02_CMIP7hist_noMR,1998,9,labsea,MLD2,21.74562
LR02_CMIP7hist_noMR,1998,10,labsea,MLD2,25.89605
LR02_CMIP7hist_noMR,1998,11,labsea,MLD2,43.12098
LR02_CMIP7hist_noMR,1998,12,labsea,MLD2,87.12716
LR02_CMIP7hist_noMR,1998,1,interior,MLD2,483.65916
LR02_CMIP7hist_noMR,1998,2,interior,MLD2,1417.08455
LR02_CMIP7hist_noMR,1998,3,interior,MLD2,1755.03679
LR02_CMIP7hist_noMR,1998,4,interior,MLD2,1594.20633
LR02_CMIP7hist_noMR,1998,5,interior,MLD2,445.83691
LR02_CMIP7hist_noMR,1998,6,interior,MLD2,18.83841
LR02_CMIP7hist_noMR,1998,7,interior,MLD2,14.73994
LR02_CMIP7hist_noMR,1998,8,interior,MLD2,16.75486
LR02_CMIP7hist_noMR,1998,9,interior,MLD2,25.93248
LR02_CMIP7hist_noMR,1998,10,interior,MLD2,30.55466
LR02_CMIP7hist_noMR,1998,11,interior,MLD2,55.97409
LR02_CMIP7hist_noMR,1998,12,interior,MLD2,140.60354
LR02_CMIP7hist_noMR,1999,1,labsea,a_ice,0.28502
LR02_CMIP7hist_noMR,1999,2,labsea,a_ice,0.28887
LR02_CMIP7hist_noMR,1999,3,labsea,a_ice,0.26028
LR02_CMIP7hist_noMR,1999,4,labsea,a_ice,0.21185
LR02_CMIP7hist_noMR,1999,5,labsea,a_ice,0.17599
LR02_CMIP7hist_noMR,1999,6,labsea,a_ice,0.09873
LR02_CMIP7hist_noMR,1999,7,labsea,a_ice,0.02785
LR02_CMIP7hist_noMR,1999,8,labsea,a_ice,0.00012
LR02_CMIP7hist_noMR,1999,9,labsea,a_ice,0.00000
LR02_CMIP7hist_noMR,1999,10,labsea,a_ice,0.00000
LR02_CMIP7hist_noMR,1999,11,labsea,a_ice,0.01126
LR02_CMIP7hist_noMR,1999,12,labsea,a_ice,0.13323
LR02_CMIP7hist_noMR,1999,1,interior,a_ice,0.11116
LR02_CMIP7hist_noMR,1999,2,interior,a_ice,0.07729
LR02_CMIP7hist_noMR,1999,3,interior,a_ice,0.07164
LR02_CMIP7hist_noMR,1999,4,interior,a_ice,0.03656
LR02_CMIP7hist_noMR,1999,5,interior,a_ice,0.03797
LR02_CMIP7hist_noMR,1999,6,interior,a_ice,0.01450
LR02_CMIP7hist_noMR,1999,7,interior,a_ice,0.00003
LR02_CMIP7hist_noMR,1999,8,interior,a_ice,0.00000
LR02_CMIP7hist_noMR,1999,9,interior,a_ice,0.00000
LR02_CMIP7hist_noMR,1999,10,interior,a_ice,0.00000
LR02_CMIP7hist_noMR,1999,11,interior,a_ice,0.00000
LR02_CMIP7hist_noMR,1999,12,interior,a_ice,0.01959
LR02_CMIP7hist_noMR,1999,1,labsea,MLD2,409.21897
LR02_CMIP7hist_noMR,1999,2,labsea,MLD2,877.93608
LR02_CMIP7hist_noMR,1999,3,labsea,MLD2,887.27290
LR02_CMIP7hist_noMR,1999,4,labsea,MLD2,422.70129
LR02_CMIP7hist_noMR,1999,5,labsea,MLD2,151.00568
LR02_CMIP7hist_noMR,1999,6,labsea,MLD2,18.50063
LR02_CMIP7hist_noMR,1999,7,labsea,MLD2,11.35160
LR02_CMIP7hist_noMR,1999,8,labsea,MLD2,10.82434
LR02_CMIP7hist_noMR,1999,9,labsea,MLD2,18.11025
LR02_CMIP7hist_noMR,1999,10,labsea,MLD2,23.23082
LR02_CMIP7hist_noMR,1999,11,labsea,MLD2,36.03485
LR02_CMIP7hist_noMR,1999,12,labsea,MLD2,75.07724
LR02_CMIP7hist_noMR,1999,1,interior,MLD2,644.96349
LR02_CMIP7hist_noMR,1999,2,interior,MLD2,1263.27124
LR02_CMIP7hist_noMR,1999,3,interior,MLD2,1418.68724
LR02_CMIP7hist_noMR,1999,4,interior,MLD2,863.98300
LR02_CMIP7hist_noMR,1999,5,interior,MLD2,374.13039
LR02_CMIP7hist_noMR,1999,6,interior,MLD2,23.85602
LR02_CMIP7hist_noMR,1999,7,interior,MLD2,12.43203
LR02_CMIP7hist_noMR,1999,8,interior,MLD2,11.15909
LR02_CMIP7hist_noMR,1999,9,interior,MLD2,22.25419
LR02_CMIP7hist_noMR,1999,10,interior,MLD2,27.03020
LR02_CMIP7hist_noMR,1999,11,interior,MLD2,40.95378
LR02_CMIP7hist_noMR,1999,12,interior,MLD2,114.24490
LR02_CMIP7hist_noMR,2000,1,labsea,a_ice,0.30519
LR02_CMIP7hist_noMR,2000,2,labsea,a_ice,0.37377
LR02_CMIP7hist_noMR,2000,3,labsea,a_ice,0.35668
LR02_CMIP7hist_noMR,2000,4,labsea,a_ice,0.34319
LR02_CMIP7hist_noMR,2000,5,labsea,a_ice,0.29972
LR02_CMIP7hist_noMR,2000,6,labsea,a_ice,0.14309
LR02_CMIP7hist_noMR,2000,7,labsea,a_ice,0.01718
LR02_CMIP7hist_noMR,2000,8,labsea,a_ice,0.00003
LR02_CMIP7hist_noMR,2000,9,labsea,a_ice,0.00000
LR02_CMIP7hist_noMR,2000,10,labsea,a_ice,0.00002
LR02_CMIP7hist_noMR,2000,11,labsea,a_ice,0.00878
LR02_CMIP7hist_noMR,2000,12,labsea,a_ice,0.14489
LR02_CMIP7hist_noMR,2000,1,interior,a_ice,0.15604
LR02_CMIP7hist_noMR,2000,2,interior,a_ice,0.22792
LR02_CMIP7hist_noMR,2000,3,interior,a_ice,0.21169
LR02_CMIP7hist_noMR,2000,4,interior,a_ice,0.17730
LR02_CMIP7hist_noMR,2000,5,interior,a_ice,0.16732
LR02_CMIP7hist_noMR,2000,6,interior,a_ice,0.04698
LR02_CMIP7hist_noMR,2000,7,interior,a_ice,0.00017
LR02_CMIP7hist_noMR,2000,8,interior,a_ice,0.00000
LR02_CMIP7hist_noMR,2000,9,interior,a_ice,0.00000
LR02_CMIP7hist_noMR,2000,10,interior,a_ice,0.00000
LR02_CMIP7hist_noMR,2000,11,interior,a_ice,0.00000
LR02_CMIP7hist_noMR,2000,12,interior,a_ice,0.03048
LR02_CMIP7hist_noMR,2000,1,labsea,MLD2,572.53976
LR02_CMIP7hist_noMR,2000,2,labsea,MLD2,1012.30338
LR02_CMIP7hist_noMR,2000,3,labsea,MLD2,1045.01703
LR02_CMIP7hist_noMR,2000,4,labsea,MLD2,869.89926
LR02_CMIP7hist_noMR,2000,5,labsea,MLD2,356.27049
LR02_CMIP7hist_noMR,2000,6,labsea,MLD2,14.39333
LR02_CMIP7hist_noMR,2000,7,labsea,MLD2,12.10473
LR02_CMIP7hist_noMR,2000,8,labsea,MLD2,10.74854
LR02_CMIP7hist_noMR,2000,9,labsea,MLD2,14.43292
LR02_CMIP7hist_noMR,2000,10,labsea,MLD2,22.66210
LR02_CMIP7hist_noMR,2000,11,labsea,MLD2,33.49087
LR02_CMIP7hist_noMR,2000,12,labsea,MLD2,98.86766
LR02_CMIP7hist_noMR,2000,1,interior,MLD2,910.00436
LR02_CMIP7hist_noMR,2000,2,interior,MLD2,1427.29012
LR02_CMIP7hist_noMR,2000,3,interior,MLD2,1422.79020
LR02_CMIP7hist_noMR,2000,4,interior,MLD2,1190.41416
LR02_CMIP7hist_noMR,2000,5,interior,MLD2,550.25708
LR02_CMIP7hist_noMR,2000,6,interior,MLD2,17.21538
LR02_CMIP7hist_noMR,2000,7,interior,MLD2,13.02931
LR02_CMIP7hist_noMR,2000,8,interior,MLD2,11.13607
LR02_CMIP7hist_noMR,2000,9,interior,MLD2,15.27201
LR02_CMIP7hist_noMR,2000,10,interior,MLD2,23.70121
LR02_CMIP7hist_noMR,2000,11,interior,MLD2,34.45875
LR02_CMIP7hist_noMR,2000,12,interior,MLD2,96.88930
