PICAL_v35def_darkice,2050,1,labsea,a_ice,0.84092
PICAL_v35def_darkice,2050,2,labsea,a_ice,0.91601
PICAL_v35def_darkice,2050,3,labsea,a_ice,0.93816
PICAL_v35def_darkice,2050,4,labsea,a_ice,0.88442
PICAL_v35def_darkice,2050,5,labsea,a_ice,0.77464
PICAL_v35def_darkice,2050,6,labsea,a_ice,0.59788
PICAL_v35def_darkice,2050,7,labsea,a_ice,0.28689
PICAL_v35def_darkice,2050,8,labsea,a_ice,0.04275
PICAL_v35def_darkice,2050,9,labsea,a_ice,0.00437
PICAL_v35def_darkice,2050,10,labsea,a_ice,0.00194
PICAL_v35def_darkice,2050,11,labsea,a_ice,0.06870
PICAL_v35def_darkice,2050,12,labsea,a_ice,0.37392
PICAL_v35def_darkice,2050,1,interior,a_ice,0.93988
PICAL_v35def_darkice,2050,2,interior,a_ice,0.96315
PICAL_v35def_darkice,2050,3,interior,a_ice,0.96200
PICAL_v35def_darkice,2050,4,interior,a_ice,0.92667
PICAL_v35def_darkice,2050,5,interior,a_ice,0.84060
PICAL_v35def_darkice,2050,6,interior,a_ice,0.60696
PICAL_v35def_darkice,2050,7,interior,a_ice,0.20092
PICAL_v35def_darkice,2050,8,interior,a_ice,0.00291
PICAL_v35def_darkice,2050,9,interior,a_ice,0.00002
PICAL_v35def_darkice,2050,10,interior,a_ice,0.00019
PICAL_v35def_darkice,2050,11,interior,a_ice,0.00300
PICAL_v35def_darkice,2050,12,interior,a_ice,0.28677
PICAL_v35def_darkice,2050,1,labsea,MLD2,36.12091
PICAL_v35def_darkice,2050,2,labsea,MLD2,39.54466
PICAL_v35def_darkice,2050,3,labsea,MLD2,39.47645
PICAL_v35def_darkice,2050,4,labsea,MLD2,38.75850
PICAL_v35def_darkice,2050,5,labsea,MLD2,33.91429
PICAL_v35def_darkice,2050,6,labsea,MLD2,15.47204
PICAL_v35def_darkice,2050,7,labsea,MLD2,10.57961
PICAL_v35def_darkice,2050,8,labsea,MLD2,11.67138
PICAL_v35def_darkice,2050,9,labsea,MLD2,13.98050
PICAL_v35def_darkice,2050,10,labsea,MLD2,19.58672
PICAL_v35def_darkice,2050,11,labsea,MLD2,24.83638
PICAL_v35def_darkice,2050,12,labsea,MLD2,30.86077
PICAL_v35def_darkice,2050,1,interior,MLD2,36.13759
PICAL_v35def_darkice,2050,2,interior,MLD2,38.48715
PICAL_v35def_darkice,2050,3,interior,MLD2,37.70893
PICAL_v35def_darkice,2050,4,interior,MLD2,37.33565
PICAL_v35def_darkice,2050,5,interior,MLD2,32.98886
PICAL_v35def_darkice,2050,6,interior,MLD2,15.70182
PICAL_v35def_darkice,2050,7,interior,MLD2,11.52095
PICAL_v35def_darkice,2050,8,interior,MLD2,12.69406
PICAL_v35def_darkice,2050,9,interior,MLD2,15.08096
PICAL_v35def_darkice,2050,10,interior,MLD2,20.64023
PICAL_v35def_darkice,2050,11,interior,MLD2,26.45104
PICAL_v35def_darkice,2050,12,interior,MLD2,30.98721
PICAL_v35def_darkice,2051,1,labsea,a_ice,0.68730
PICAL_v35def_darkice,2051,2,labsea,a_ice,0.87206
PICAL_v35def_darkice,2051,3,labsea,a_ice,0.92477
PICAL_v35def_darkice,2051,4,labsea,a_ice,0.89642
PICAL_v35def_darkice,2051,5,labsea,a_ice,0.80054
PICAL_v35def_darkice,2051,6,labsea,a_ice,0.64255
PICAL_v35def_darkice,2051,7,labsea,a_ice,0.36026
PICAL_v35def_darkice,2051,8,labsea,a_ice,0.10946
PICAL_v35def_darkice,2051,9,labsea,a_ice,0.03550
PICAL_v35def_darkice,2051,10,labsea,a_ice,0.03284
PICAL_v35def_darkice,2051,11,labsea,a_ice,0.07149
PICAL_v35def_darkice,2051,12,labsea,a_ice,0.40904
PICAL_v35def_darkice,2051,1,interior,a_ice,0.72896
PICAL_v35def_darkice,2051,2,interior,a_ice,0.93221
PICAL_v35def_darkice,2051,3,interior,a_ice,0.96313
PICAL_v35def_darkice,2051,4,interior,a_ice,0.92278
PICAL_v35def_darkice,2051,5,interior,a_ice,0.86295
PICAL_v35def_darkice,2051,6,interior,a_ice,0.75285
PICAL_v35def_darkice,2051,7,interior,a_ice,0.35411
PICAL_v35def_darkice,2051,8,interior,a_ice,0.04570
PICAL_v35def_darkice,2051,9,interior,a_ice,0.00410
PICAL_v35def_darkice,2051,10,interior,a_ice,0.00127
PICAL_v35def_darkice,2051,11,interior,a_ice,0.00125
PICAL_v35def_darkice,2051,12,interior,a_ice,0.29052
PICAL_v35def_darkice,2051,1,labsea,MLD2,37.39981
PICAL_v35def_darkice,2051,2,labsea,MLD2,44.59563
PICAL_v35def_darkice,2051,3,labsea,MLD2,43.11288
PICAL_v35def_darkice,2051,4,labsea,MLD2,42.22143
PICAL_v35def_darkice,2051,5,labsea,MLD2,27.90700
PICAL_v35def_darkice,2051,6,labsea,MLD2,13.01229
PICAL_v35def_darkice,2051,7,labsea,MLD2,10.62100
PICAL_v35def_darkice,2051,8,labsea,MLD2,11.06744
PICAL_v35def_darkice,2051,9,labsea,MLD2,14.26107
PICAL_v35def_darkice,2051,10,labsea,MLD2,18.87477
PICAL_v35def_darkice,2051,11,labsea,MLD2,23.31691
PICAL_v35def_darkice,2051,12,labsea,MLD2,31.33556
PICAL_v35def_darkice,2051,1,interior,MLD2,36.69919
PICAL_v35def_darkice,2051,2,interior,MLD2,42.84770
PICAL_v35def_darkice,2051,3,interior,MLD2,41.91998
PICAL_v35def_darkice,2051,4,interior,MLD2,42.67249
PICAL_v35def_darkice,2051,5,interior,MLD2,30.63780
PICAL_v35def_darkice,2051,6,interior,MLD2,14.10887
PICAL_v35def_darkice,2051,7,interior,MLD2,10.35845
PICAL_v35def_darkice,2051,8,interior,MLD2,11.88779
PICAL_v35def_darkice,2051,9,interior,MLD2,15.32422
PICAL_v35def_darkice,2051,10,interior,MLD2,20.83364
PICAL_v35def_darkice,2051,11,interior,MLD2,24.54949
PICAL_v35def_darkice,2051,12,interior,MLD2,31.62922
PICAL_v35def_darkice,2052,1,labsea,a_ice,0.76914
PICAL_v35def_darkice,2052,2,labsea,a_ice,0.92907
PICAL_v35def_darkice,2052,3,labsea,a_ice,0.92806
PICAL_v35def_darkice,2052,4,labsea,a_ice,0.91162
PICAL_v35def_darkice,2052,5,labsea,a_ice,0.92217
PICAL_v35def_darkice,2052,6,labsea,a_ice,0.71262
PICAL_v35def_darkice,2052,7,labsea,a_ice,0.38756
PICAL_v35def_darkice,2052,8,labsea,a_ice,0.17723
PICAL_v35def_darkice,2052,9,labsea,a_ice,0.08140
PICAL_v35def_darkice,2052,10,labsea,a_ice,0.14056
PICAL_v35def_darkice,2052,11,labsea,a_ice,0.31481
PICAL_v35def_darkice,2052,12,labsea,a_ice,0.67869
PICAL_v35def_darkice,2052,1,interior,a_ice,0.84337
PICAL_v35def_darkice,2052,2,interior,a_ice,0.95459
PICAL_v35def_darkice,2052,3,interior,a_ice,0.95569
PICAL_v35def_darkice,2052,4,interior,a_ice,0.94217
PICAL_v35def_darkice,2052,5,interior,a_ice,0.94496
PICAL_v35def_darkice,2052,6,interior,a_ice,0.80978
PICAL_v35def_darkice,2052,7,interior,a_ice,0.39793
PICAL_v35def_darkice,2052,8,interior,a_ice,0.19757
PICAL_v35def_darkice,2052,9,interior,a_ice,0.09830
PICAL_v35def_darkice,2052,10,interior,a_ice,0.09020
PICAL_v35def_darkice,2052,11,interior,a_ice,0.30437
PICAL_v35def_darkice,2052,12,interior,a_ice,0.83122
PICAL_v35def_darkice,2052,1,labsea,MLD2,38.79374
PICAL_v35def_darkice,2052,2,labsea,MLD2,42.37913
PICAL_v35def_darkice,2052,3,labsea,MLD2,43.03548
PICAL_v35def_darkice,2052,4,labsea,MLD2,39.34511
PICAL_v35def_darkice,2052,5,labsea,MLD2,28.84694
PICAL_v35def_darkice,2052,6,labsea,MLD2,18.30042
PICAL_v35def_darkice,2052,7,labsea,MLD2,9.82001
PICAL_v35def_darkice,2052,8,labsea,MLD2,10.49693
PICAL_v35def_darkice,2052,9,labsea,MLD2,13.59620
PICAL_v35def_darkice,2052,10,labsea,MLD2,17.04483
PICAL_v35def_darkice,2052,11,labsea,MLD2,23.70471
PICAL_v35def_darkice,2052,12,labsea,MLD2,29.06668
PICAL_v35def_darkice,2052,1,interior,MLD2,35.53100
PICAL_v35def_darkice,2052,2,interior,MLD2,38.15379
PICAL_v35def_darkice,2052,3,interior,MLD2,40.51086
PICAL_v35def_darkice,2052,4,interior,MLD2,38.35291
PICAL_v35def_darkice,2052,5,interior,MLD2,29.50809
PICAL_v35def_darkice,2052,6,interior,MLD2,20.44253
PICAL_v35def_darkice,2052,7,interior,MLD2,9.99839
PICAL_v35def_darkice,2052,8,interior,MLD2,10.18965
PICAL_v35def_darkice,2052,9,interior,MLD2,12.06195
PICAL_v35def_darkice,2052,10,interior,MLD2,15.73455
PICAL_v35def_darkice,2052,11,interior,MLD2,24.52398
PICAL_v35def_darkice,2052,12,interior,MLD2,27.72248
PICAL_v35def_darkice,2053,1,labsea,a_ice,0.92406
PICAL_v35def_darkice,2053,2,labsea,a_ice,0.93417
PICAL_v35def_darkice,2053,3,labsea,a_ice,0.90164
PICAL_v35def_darkice,2053,4,labsea,a_ice,0.85607
PICAL_v35def_darkice,2053,5,labsea,a_ice,0.76664
PICAL_v35def_darkice,2053,6,labsea,a_ice,0.51977
PICAL_v35def_darkice,2053,7,labsea,a_ice,0.20998
PICAL_v35def_darkice,2053,8,labsea,a_ice,0.04119
PICAL_v35def_darkice,2053,9,labsea,a_ice,0.00090
PICAL_v35def_darkice,2053,10,labsea,a_ice,0.00046
PICAL_v35def_darkice,2053,11,labsea,a_ice,0.04931
PICAL_v35def_darkice,2053,12,labsea,a_ice,0.37208
PICAL_v35def_darkice,2053,1,interior,a_ice,0.96669
PICAL_v35def_darkice,2053,2,interior,a_ice,0.95022
PICAL_v35def_darkice,2053,3,interior,a_ice,0.94075
PICAL_v35def_darkice,2053,4,interior,a_ice,0.89856
PICAL_v35def_darkice,2053,5,interior,a_ice,0.86869
PICAL_v35def_darkice,2053,6,interior,a_ice,0.63009
PICAL_v35def_darkice,2053,7,interior,a_ice,0.15883
PICAL_v35def_darkice,2053,8,interior,a_ice,0.00466
PICAL_v35def_darkice,2053,9,interior,a_ice,0.00000
PICAL_v35def_darkice,2053,10,interior,a_ice,0.00000
PICAL_v35def_darkice,2053,11,interior,a_ice,0.00833
PICAL_v35def_darkice,2053,12,interior,a_ice,0.33382
PICAL_v35def_darkice,2053,1,labsea,MLD2,34.52888
PICAL_v35def_darkice,2053,2,labsea,MLD2,37.11782
PICAL_v35def_darkice,2053,3,labsea,MLD2,43.54328
PICAL_v35def_darkice,2053,4,labsea,MLD2,40.98550
PICAL_v35def_darkice,2053,5,labsea,MLD2,22.57643
PICAL_v35def_darkice,2053,6,labsea,MLD2,10.24443
PICAL_v35def_darkice,2053,7,labsea,MLD2,9.77308
PICAL_v35def_darkice,2053,8,labsea,MLD2,11.17841
PICAL_v35def_darkice,2053,9,labsea,MLD2,15.59073
PICAL_v35def_darkice,2053,10,labsea,MLD2,20.81792
PICAL_v35def_darkice,2053,11,labsea,MLD2,28.20901
PICAL_v35def_darkice,2053,12,labsea,MLD2,32.54623
PICAL_v35def_darkice,2053,1,interior,MLD2,31.93321
PICAL_v35def_darkice,2053,2,interior,MLD2,34.71238
PICAL_v35def_darkice,2053,3,interior,MLD2,41.59912
PICAL_v35def_darkice,2053,4,interior,MLD2,40.39613
PICAL_v35def_darkice,2053,5,interior,MLD2,24.69982
PICAL_v35def_darkice,2053,6,interior,MLD2,10.15694
PICAL_v35def_darkice,2053,7,interior,MLD2,9.23178
PICAL_v35def_darkice,2053,8,interior,MLD2,11.38998
PICAL_v35def_darkice,2053,9,interior,MLD2,16.09901
PICAL_v35def_darkice,2053,10,interior,MLD2,20.61010
PICAL_v35def_darkice,2053,11,interior,MLD2,28.24774
PICAL_v35def_darkice,2053,12,interior,MLD2,31.26141
PICAL_v35def_darkice,2054,1,labsea,a_ice,0.83432
PICAL_v35def_darkice,2054,2,labsea,a_ice,0.91448
PICAL_v35def_darkice,2054,3,labsea,a_ice,0.86297
PICAL_v35def_darkice,2054,4,labsea,a_ice,0.79831
PICAL_v35def_darkice,2054,5,labsea,a_ice,0.69882
PICAL_v35def_darkice,2054,6,labsea,a_ice,0.48659
PICAL_v35def_darkice,2054,7,labsea,a_ice,0.14394
PICAL_v35def_darkice,2054,8,labsea,a_ice,0.03552
PICAL_v35def_darkice,2054,9,labsea,a_ice,0.01027
PICAL_v35def_darkice,2054,10,labsea,a_ice,0.02966
PICAL_v35def_darkice,2054,11,labsea,a_ice,0.16592
PICAL_v35def_darkice,2054,12,labsea,a_ice,0.39565
PICAL_v35def_darkice,2054,1,interior,a_ice,0.91456
PICAL_v35def_darkice,2054,2,interior,a_ice,0.97023
PICAL_v35def_darkice,2054,3,interior,a_ice,0.92078
PICAL_v35def_darkice,2054,4,interior,a_ice,0.86982
PICAL_v35def_darkice,2054,5,interior,a_ice,0.74299
PICAL_v35def_darkice,2054,6,interior,a_ice,0.54709
PICAL_v35def_darkice,2054,7,interior,a_ice,0.11892
PICAL_v35def_darkice,2054,8,interior,a_ice,0.00025
PICAL_v35def_darkice,2054,9,interior,a_ice,0.00000
PICAL_v35def_darkice,2054,10,interior,a_ice,0.00000
PICAL_v35def_darkice,2054,11,interior,a_ice,0.04777
PICAL_v35def_darkice,2054,12,interior,a_ice,0.34530
PICAL_v35def_darkice,2054,1,labsea,MLD2,39.21863
PICAL_v35def_darkice,2054,2,labsea,MLD2,43.00418
PICAL_v35def_darkice,2054,3,labsea,MLD2,48.94261
PICAL_v35def_darkice,2054,4,labsea,MLD2,46.36502
PICAL_v35def_darkice,2054,5,labsea,MLD2,35.60890
PICAL_v35def_darkice,2054,6,labsea,MLD2,15.12755
PICAL_v35def_darkice,2054,7,labsea,MLD2,12.48192
PICAL_v35def_darkice,2054,8,labsea,MLD2,14.67369
PICAL_v35def_darkice,2054,9,labsea,MLD2,16.52906
PICAL_v35def_darkice,2054,10,labsea,MLD2,20.77282
PICAL_v35def_darkice,2054,11,labsea,MLD2,33.04079
PICAL_v35def_darkice,2054,12,labsea,MLD2,44.61715
PICAL_v35def_darkice,2054,1,interior,MLD2,38.50047
PICAL_v35def_darkice,2054,2,interior,MLD2,41.32123
PICAL_v35def_darkice,2054,3,interior,MLD2,46.62823
PICAL_v35def_darkice,2054,4,interior,MLD2,45.71608
PICAL_v35def_darkice,2054,5,interior,MLD2,37.03579
PICAL_v35def_darkice,2054,6,interior,MLD2,15.93242
PICAL_v35def_darkice,2054,7,interior,MLD2,13.14527
PICAL_v35def_darkice,2054,8,interior,MLD2,15.84402
PICAL_v35def_darkice,2054,9,interior,MLD2,16.43037
PICAL_v35def_darkice,2054,10,interior,MLD2,21.13781
PICAL_v35def_darkice,2054,11,interior,MLD2,34.86956
PICAL_v35def_darkice,2054,12,interior,MLD2,40.82615
PICAL_v35def_darkice,2055,1,labsea,a_ice,0.65481
PICAL_v35def_darkice,2055,2,labsea,a_ice,0.70438
PICAL_v35def_darkice,2055,3,labsea,a_ice,0.80525
PICAL_v35def_darkice,2055,4,labsea,a_ice,0.84991
PICAL_v35def_darkice,2055,5,labsea,a_ice,0.79255
PICAL_v35def_darkice,2055,6,labsea,a_ice,0.60920
PICAL_v35def_darkice,2055,7,labsea,a_ice,0.27477
PICAL_v35def_darkice,2055,8,labsea,a_ice,0.04193
PICAL_v35def_darkice,2055,9,labsea,a_ice,0.00780
PICAL_v35def_darkice,2055,10,labsea,a_ice,0.02738
PICAL_v35def_darkice,2055,11,labsea,a_ice,0.12418
PICAL_v35def_darkice,2055,12,labsea,a_ice,0.41548
PICAL_v35def_darkice,2055,1,interior,a_ice,0.73387
PICAL_v35def_darkice,2055,2,interior,a_ice,0.85567
PICAL_v35def_darkice,2055,3,interior,a_ice,0.92670
PICAL_v35def_darkice,2055,4,interior,a_ice,0.92997
PICAL_v35def_darkice,2055,5,interior,a_ice,0.86391
PICAL_v35def_darkice,2055,6,interior,a_ice,0.72598
PICAL_v35def_darkice,2055,7,interior,a_ice,0.28036
PICAL_v35def_darkice,2055,8,interior,a_ice,0.01380
PICAL_v35def_darkice,2055,9,interior,a_ice,0.00000
PICAL_v35def_darkice,2055,10,interior,a_ice,0.00000
PICAL_v35def_darkice,2055,11,interior,a_ice,0.02096
PICAL_v35def_darkice,2055,12,interior,a_ice,0.43491
PICAL_v35def_darkice,2055,1,labsea,MLD2,73.73951
PICAL_v35def_darkice,2055,2,labsea,MLD2,92.60224
PICAL_v35def_darkice,2055,3,labsea,MLD2,83.79225
PICAL_v35def_darkice,2055,4,labsea,MLD2,42.96742
PICAL_v35def_darkice,2055,5,labsea,MLD2,26.64158
PICAL_v35def_darkice,2055,6,labsea,MLD2,14.88208
PICAL_v35def_darkice,2055,7,labsea,MLD2,10.87608
PICAL_v35def_darkice,2055,8,labsea,MLD2,12.97296
PICAL_v35def_darkice,2055,9,labsea,MLD2,15.48529
PICAL_v35def_darkice,2055,10,labsea,MLD2,17.96755
PICAL_v35def_darkice,2055,11,labsea,MLD2,25.52513
PICAL_v35def_darkice,2055,12,labsea,MLD2,30.75460
PICAL_v35def_darkice,2055,1,interior,MLD2,55.39401
PICAL_v35def_darkice,2055,2,interior,MLD2,61.23933
PICAL_v35def_darkice,2055,3,interior,MLD2,50.74247
PICAL_v35def_darkice,2055,4,interior,MLD2,48.68294
PICAL_v35def_darkice,2055,5,interior,MLD2,32.79717
PICAL_v35def_darkice,2055,6,interior,MLD2,16.89730
PICAL_v35def_darkice,2055,7,interior,MLD2,11.47102
PICAL_v35def_darkice,2055,8,interior,MLD2,13.55313
PICAL_v35def_darkice,2055,9,interior,MLD2,15.88268
PICAL_v35def_darkice,2055,10,interior,MLD2,18.45443
PICAL_v35def_darkice,2055,11,interior,MLD2,26.15051
PICAL_v35def_darkice,2055,12,interior,MLD2,28.96994
PICAL_v35def_darkice,2056,1,labsea,a_ice,0.78841
PICAL_v35def_darkice,2056,2,labsea,a_ice,0.93074
PICAL_v35def_darkice,2056,3,labsea,a_ice,0.93993
PICAL_v35def_darkice,2056,4,labsea,a_ice,0.92423
PICAL_v35def_darkice,2056,5,labsea,a_ice,0.82124
PICAL_v35def_darkice,2056,6,labsea,a_ice,0.56195
PICAL_v35def_darkice,2056,7,labsea,a_ice,0.19946
PICAL_v35def_darkice,2056,8,labsea,a_ice,0.04871
PICAL_v35def_darkice,2056,9,labsea,a_ice,0.02301
PICAL_v35def_darkice,2056,10,labsea,a_ice,0.08218
PICAL_v35def_darkice,2056,11,labsea,a_ice,0.18110
PICAL_v35def_darkice,2056,12,labsea,a_ice,0.41692
PICAL_v35def_darkice,2056,1,interior,a_ice,0.86347
PICAL_v35def_darkice,2056,2,interior,a_ice,0.95820
PICAL_v35def_darkice,2056,3,interior,a_ice,0.96122
PICAL_v35def_darkice,2056,4,interior,a_ice,0.96369
PICAL_v35def_darkice,2056,5,interior,a_ice,0.88629
PICAL_v35def_darkice,2056,6,interior,a_ice,0.62322
PICAL_v35def_darkice,2056,7,interior,a_ice,0.15569
PICAL_v35def_darkice,2056,8,interior,a_ice,0.00978
PICAL_v35def_darkice,2056,9,interior,a_ice,0.00002
PICAL_v35def_darkice,2056,10,interior,a_ice,0.00170
PICAL_v35def_darkice,2056,11,interior,a_ice,0.07105
PICAL_v35def_darkice,2056,12,interior,a_ice,0.41019
PICAL_v35def_darkice,2056,1,labsea,MLD2,38.30210
PICAL_v35def_darkice,2056,2,labsea,MLD2,44.76580
PICAL_v35def_darkice,2056,3,labsea,MLD2,44.37371
PICAL_v35def_darkice,2056,4,labsea,MLD2,44.26078
PICAL_v35def_darkice,2056,5,labsea,MLD2,33.36168
PICAL_v35def_darkice,2056,6,labsea,MLD2,15.95327
PICAL_v35def_darkice,2056,7,labsea,MLD2,10.75679
PICAL_v35def_darkice,2056,8,labsea,MLD2,12.27921
PICAL_v35def_darkice,2056,9,labsea,MLD2,16.26407
PICAL_v35def_darkice,2056,10,labsea,MLD2,22.67570
PICAL_v35def_darkice,2056,11,labsea,MLD2,28.83168
PICAL_v35def_darkice,2056,12,labsea,MLD2,34.28358
PICAL_v35def_darkice,2056,1,interior,MLD2,37.61769
PICAL_v35def_darkice,2056,2,interior,MLD2,46.67028
PICAL_v35def_darkice,2056,3,interior,MLD2,45.49158
PICAL_v35def_darkice,2056,4,interior,MLD2,43.72814
PICAL_v35def_darkice,2056,5,interior,MLD2,34.89824
PICAL_v35def_darkice,2056,6,interior,MLD2,17.33806
PICAL_v35def_darkice,2056,7,interior,MLD2,10.64540
PICAL_v35def_darkice,2056,8,interior,MLD2,12.73744
PICAL_v35def_darkice,2056,9,interior,MLD2,17.13048
PICAL_v35def_darkice,2056,10,interior,MLD2,23.09726
PICAL_v35def_darkice,2056,11,interior,MLD2,28.27354
PICAL_v35def_darkice,2056,12,interior,MLD2,36.33747
PICAL_v35def_darkice,2057,1,labsea,a_ice,0.65758
PICAL_v35def_darkice,2057,2,labsea,a_ice,0.78494
PICAL_v35def_darkice,2057,3,labsea,a_ice,0.80528
PICAL_v35def_darkice,2057,4,labsea,a_ice,0.89808
PICAL_v35def_darkice,2057,5,labsea,a_ice,0.82821
PICAL_v35def_darkice,2057,6,labsea,a_ice,0.62127
PICAL_v35def_darkice,2057,7,labsea,a_ice,0.35289
PICAL_v35def_darkice,2057,8,labsea,a_ice,0.19214
PICAL_v35def_darkice,2057,9,labsea,a_ice,0.08098
PICAL_v35def_darkice,2057,10,labsea,a_ice,0.10623
PICAL_v35def_darkice,2057,11,labsea,a_ice,0.25216
PICAL_v35def_darkice,2057,12,labsea,a_ice,0.46119
PICAL_v35def_darkice,2057,1,interior,a_ice,0.75128
PICAL_v35def_darkice,2057,2,interior,a_ice,0.91921
PICAL_v35def_darkice,2057,3,interior,a_ice,0.91771
PICAL_v35def_darkice,2057,4,interior,a_ice,0.94920
PICAL_v35def_darkice,2057,5,interior,a_ice,0.95721
PICAL_v35def_darkice,2057,6,interior,a_ice,0.75111
PICAL_v35def_darkice,2057,7,interior,a_ice,0.35245
PICAL_v35def_darkice,2057,8,interior,a_ice,0.16416
PICAL_v35def_darkice,2057,9,interior,a_ice,0.05401
PICAL_v35def_darkice,2057,10,interior,a_ice,0.01622
PICAL_v35def_darkice,2057,11,interior,a_ice,0.12796
PICAL_v35def_darkice,2057,12,interior,a_ice,0.45644
PICAL_v35def_darkice,2057,1,labsea,MLD2,40.96502
PICAL_v35def_darkice,2057,2,labsea,MLD2,44.42679
PICAL_v35def_darkice,2057,3,labsea,MLD2,41.12035
PICAL_v35def_darkice,2057,4,labsea,MLD2,34.64248
PICAL_v35def_darkice,2057,5,labsea,MLD2,23.66067
PICAL_v35def_darkice,2057,6,labsea,MLD2,15.83241
PICAL_v35def_darkice,2057,7,labsea,MLD2,10.94723
PICAL_v35def_darkice,2057,8,labsea,MLD2,10.22384
PICAL_v35def_darkice,2057,9,labsea,MLD2,12.98636
PICAL_v35def_darkice,2057,10,labsea,MLD2,19.46652
PICAL_v35def_darkice,2057,11,labsea,MLD2,25.78156
PICAL_v35def_darkice,2057,12,labsea,MLD2,29.54171
PICAL_v35def_darkice,2057,1,interior,MLD2,41.80313
PICAL_v35def_darkice,2057,2,interior,MLD2,44.93340
PICAL_v35def_darkice,2057,3,interior,MLD2,40.70180
PICAL_v35def_darkice,2057,4,interior,MLD2,35.20319
PICAL_v35def_darkice,2057,5,interior,MLD2,24.66312
PICAL_v35def_darkice,2057,6,interior,MLD2,17.47934
PICAL_v35def_darkice,2057,7,interior,MLD2,10.79088
PICAL_v35def_darkice,2057,8,interior,MLD2,9.60652
PICAL_v35def_darkice,2057,9,interior,MLD2,12.67140
PICAL_v35def_darkice,2057,10,interior,MLD2,20.74453
PICAL_v35def_darkice,2057,11,interior,MLD2,26.60260
PICAL_v35def_darkice,2057,12,interior,MLD2,31.34105
PICAL_v35def_darkice,2058,1,labsea,a_ice,0.82419
PICAL_v35def_darkice,2058,2,labsea,a_ice,0.86017
PICAL_v35def_darkice,2058,3,labsea,a_ice,0.83261
PICAL_v35def_darkice,2058,4,labsea,a_ice,0.75872
PICAL_v35def_darkice,2058,5,labsea,a_ice,0.67868
PICAL_v35def_darkice,2058,6,labsea,a_ice,0.47733
PICAL_v35def_darkice,2058,7,labsea,a_ice,0.16623
PICAL_v35def_darkice,2058,8,labsea,a_ice,0.03941
PICAL_v35def_darkice,2058,9,labsea,a_ice,0.01725
PICAL_v35def_darkice,2058,10,labsea,a_ice,0.02728
PICAL_v35def_darkice,2058,11,labsea,a_ice,0.07667
PICAL_v35def_darkice,2058,12,labsea,a_ice,0.38412
PICAL_v35def_darkice,2058,1,interior,a_ice,0.92324
PICAL_v35def_darkice,2058,2,interior,a_ice,0.89222
PICAL_v35def_darkice,2058,3,interior,a_ice,0.85246
PICAL_v35def_darkice,2058,4,interior,a_ice,0.75302
PICAL_v35def_darkice,2058,5,interior,a_ice,0.65285
PICAL_v35def_darkice,2058,6,interior,a_ice,0.41146
PICAL_v35def_darkice,2058,7,interior,a_ice,0.10702
PICAL_v35def_darkice,2058,8,interior,a_ice,0.00025
PICAL_v35def_darkice,2058,9,interior,a_ice,0.00000
PICAL_v35def_darkice,2058,10,interior,a_ice,0.00000
PICAL_v35def_darkice,2058,11,interior,a_ice,0.00343
PICAL_v35def_darkice,2058,12,interior,a_ice,0.33620
PICAL_v35def_darkice,2058,1,labsea,MLD2,35.12328
PICAL_v35def_darkice,2058,2,labsea,MLD2,42.64005
PICAL_v35def_darkice,2058,3,labsea,MLD2,48.05901
PICAL_v35def_darkice,2058,4,labsea,MLD2,46.81609
PICAL_v35def_darkice,2058,5,labsea,MLD2,31.84724
PICAL_v35def_darkice,2058,6,labsea,MLD2,15.17734
PICAL_v35def_darkice,2058,7,labsea,MLD2,11.37553
PICAL_v35def_darkice,2058,8,labsea,MLD2,12.22648
PICAL_v35def_darkice,2058,9,labsea,MLD2,14.54929
PICAL_v35def_darkice,2058,10,labsea,MLD2,18.07862
PICAL_v35def_darkice,2058,11,labsea,MLD2,24.31766
PICAL_v35def_darkice,2058,12,labsea,MLD2,33.45370
PICAL_v35def_darkice,2058,1,interior,MLD2,35.02800
PICAL_v35def_darkice,2058,2,interior,MLD2,44.80835
PICAL_v35def_darkice,2058,3,interior,MLD2,45.58581
PICAL_v35def_darkice,2058,4,interior,MLD2,42.49709
PICAL_v35def_darkice,2058,5,interior,MLD2,31.97067
PICAL_v35def_darkice,2058,6,interior,MLD2,17.04234
PICAL_v35def_darkice,2058,7,interior,MLD2,12.02650
PICAL_v35def_darkice,2058,8,interior,MLD2,12.68388
PICAL_v35def_darkice,2058,9,interior,MLD2,15.05908
PICAL_v35def_darkice,2058,10,interior,MLD2,17.74172
PICAL_v35def_darkice,2058,11,interior,MLD2,24.52982
PICAL_v35def_darkice,2058,12,interior,MLD2,37.11649
PICAL_v35def_darkice,2059,1,labsea,a_ice,0.85774
PICAL_v35def_darkice,2059,2,labsea,a_ice,0.91698
PICAL_v35def_darkice,2059,3,labsea,a_ice,0.92756
PICAL_v35def_darkice,2059,4,labsea,a_ice,0.96182
PICAL_v35def_darkice,2059,5,labsea,a_ice,0.86273
PICAL_v35def_darkice,2059,6,labsea,a_ice,0.66611
PICAL_v35def_darkice,2059,7,labsea,a_ice,0.34847
PICAL_v35def_darkice,2059,8,labsea,a_ice,0.09334
PICAL_v35def_darkice,2059,9,labsea,a_ice,0.02475
PICAL_v35def_darkice,2059,10,labsea,a_ice,0.04043
PICAL_v35def_darkice,2059,11,labsea,a_ice,0.19652
PICAL_v35def_darkice,2059,12,labsea,a_ice,0.69714
PICAL_v35def_darkice,2059,1,interior,a_ice,0.92604
PICAL_v35def_darkice,2059,2,interior,a_ice,0.95543
PICAL_v35def_darkice,2059,3,interior,a_ice,0.94888
PICAL_v35def_darkice,2059,4,interior,a_ice,0.97962
PICAL_v35def_darkice,2059,5,interior,a_ice,0.94429
PICAL_v35def_darkice,2059,6,interior,a_ice,0.81735
PICAL_v35def_darkice,2059,7,interior,a_ice,0.37718
PICAL_v35def_darkice,2059,8,interior,a_ice,0.03235
PICAL_v35def_darkice,2059,9,interior,a_ice,0.00000
PICAL_v35def_darkice,2059,10,interior,a_ice,0.00000
PICAL_v35def_darkice,2059,11,interior,a_ice,0.10539
PICAL_v35def_darkice,2059,12,interior,a_ice,0.80863
PICAL_v35def_darkice,2059,1,labsea,MLD2,41.47908
PICAL_v35def_darkice,2059,2,labsea,MLD2,45.59292
PICAL_v35def_darkice,2059,3,labsea,MLD2,47.16828
PICAL_v35def_darkice,2059,4,labsea,MLD2,39.90012
PICAL_v35def_darkice,2059,5,labsea,MLD2,32.01894
PICAL_v35def_darkice,2059,6,labsea,MLD2,17.68378
PICAL_v35def_darkice,2059,7,labsea,MLD2,12.15691
PICAL_v35def_darkice,2059,8,labsea,MLD2,12.54299
PICAL_v35def_darkice,2059,9,labsea,MLD2,15.71730
PICAL_v35def_darkice,2059,10,labsea,MLD2,18.73122
PICAL_v35def_darkice,2059,11,labsea,MLD2,21.79658
PICAL_v35def_darkice,2059,12,labsea,MLD2,30.46767
PICAL_v35def_darkice,2059,1,interior,MLD2,44.82591
PICAL_v35def_darkice,2059,2,interior,MLD2,46.47185
PICAL_v35def_darkice,2059,3,interior,MLD2,50.01052
PICAL_v35def_darkice,2059,4,interior,MLD2,43.94607
PICAL_v35def_darkice,2059,5,interior,MLD2,38.62204
PICAL_v35def_darkice,2059,6,interior,MLD2,23.06996
PICAL_v35def_darkice,2059,7,interior,MLD2,12.71847
PICAL_v35def_darkice,2059,8,interior,MLD2,13.14163
PICAL_v35def_darkice,2059,9,interior,MLD2,15.78539
PICAL_v35def_darkice,2059,10,interior,MLD2,17.10775
PICAL_v35def_darkice,2059,11,interior,MLD2,20.65550
PICAL_v35def_darkice,2059,12,interior,MLD2,30.34185
PICAL_v35def_darkice,2060,1,labsea,a_ice,0.91661
PICAL_v35def_darkice,2060,2,labsea,a_ice,0.89815
PICAL_v35def_darkice,2060,3,labsea,a_ice,0.94698
PICAL_v35def_darkice,2060,4,labsea,a_ice,0.87834
PICAL_v35def_darkice,2060,5,labsea,a_ice,0.78326
PICAL_v35def_darkice,2060,6,labsea,a_ice,0.56984
PICAL_v35def_darkice,2060,7,labsea,a_ice,0.28386
PICAL_v35def_darkice,2060,8,labsea,a_ice,0.11545
PICAL_v35def_darkice,2060,9,labsea,a_ice,0.06714
PICAL_v35def_darkice,2060,10,labsea,a_ice,0.09856
PICAL_v35def_darkice,2060,11,labsea,a_ice,0.22136
PICAL_v35def_darkice,2060,12,labsea,a_ice,0.45181
PICAL_v35def_darkice,2060,1,interior,a_ice,0.95711
PICAL_v35def_darkice,2060,2,interior,a_ice,0.93021
PICAL_v35def_darkice,2060,3,interior,a_ice,0.96494
PICAL_v35def_darkice,2060,4,interior,a_ice,0.90845
PICAL_v35def_darkice,2060,5,interior,a_ice,0.89306
PICAL_v35def_darkice,2060,6,interior,a_ice,0.72425
PICAL_v35def_darkice,2060,7,interior,a_ice,0.17201
PICAL_v35def_darkice,2060,8,interior,a_ice,0.00187
PICAL_v35def_darkice,2060,9,interior,a_ice,0.00018
PICAL_v35def_darkice,2060,10,interior,a_ice,0.00006
PICAL_v35def_darkice,2060,11,interior,a_ice,0.06796
PICAL_v35def_darkice,2060,12,interior,a_ice,0.44873
PICAL_v35def_darkice,2060,1,labsea,MLD2,36.88204
PICAL_v35def_darkice,2060,2,labsea,MLD2,40.30518
PICAL_v35def_darkice,2060,3,labsea,MLD2,40.68028
PICAL_v35def_darkice,2060,4,labsea,MLD2,43.48682
PICAL_v35def_darkice,2060,5,labsea,MLD2,30.58622
PICAL_v35def_darkice,2060,6,labsea,MLD2,14.57690
PICAL_v35def_darkice,2060,7,labsea,MLD2,12.38215
PICAL_v35def_darkice,2060,8,labsea,MLD2,13.38535
PICAL_v35def_darkice,2060,9,labsea,MLD2,14.99914
PICAL_v35def_darkice,2060,10,labsea,MLD2,21.13991
PICAL_v35def_darkice,2060,11,labsea,MLD2,23.97455
PICAL_v35def_darkice,2060,12,labsea,MLD2,30.30600
PICAL_v35def_darkice,2060,1,interior,MLD2,37.35628
PICAL_v35def_darkice,2060,2,interior,MLD2,39.61179
PICAL_v35def_darkice,2060,3,interior,MLD2,38.40343
PICAL_v35def_darkice,2060,4,interior,MLD2,41.29337
PICAL_v35def_darkice,2060,5,interior,MLD2,31.34553
PICAL_v35def_darkice,2060,6,interior,MLD2,14.01044
PICAL_v35def_darkice,2060,7,interior,MLD2,13.81053
PICAL_v35def_darkice,2060,8,interior,MLD2,15.20341
PICAL_v35def_darkice,2060,9,interior,MLD2,15.96142
PICAL_v35def_darkice,2060,10,interior,MLD2,21.91672
PICAL_v35def_darkice,2060,11,interior,MLD2,26.93315
PICAL_v35def_darkice,2060,12,interior,MLD2,32.69714
PICAL_v35def_darkice,2061,1,labsea,a_ice,0.69045
PICAL_v35def_darkice,2061,2,labsea,a_ice,0.90111
PICAL_v35def_darkice,2061,3,labsea,a_ice,0.89616
PICAL_v35def_darkice,2061,4,labsea,a_ice,0.86517
PICAL_v35def_darkice,2061,5,labsea,a_ice,0.70732
PICAL_v35def_darkice,2061,6,labsea,a_ice,0.45538
PICAL_v35def_darkice,2061,7,labsea,a_ice,0.24357
PICAL_v35def_darkice,2061,8,labsea,a_ice,0.07684
PICAL_v35def_darkice,2061,9,labsea,a_ice,0.03911
PICAL_v35def_darkice,2061,10,labsea,a_ice,0.06639
PICAL_v35def_darkice,2061,11,labsea,a_ice,0.17021
PICAL_v35def_darkice,2061,12,labsea,a_ice,0.52993
PICAL_v35def_darkice,2061,1,interior,a_ice,0.74289
PICAL_v35def_darkice,2061,2,interior,a_ice,0.96583
PICAL_v35def_darkice,2061,3,interior,a_ice,0.94022
PICAL_v35def_darkice,2061,4,interior,a_ice,0.89979
PICAL_v35def_darkice,2061,5,interior,a_ice,0.71462
PICAL_v35def_darkice,2061,6,interior,a_ice,0.45340
PICAL_v35def_darkice,2061,7,interior,a_ice,0.18542
PICAL_v35def_darkice,2061,8,interior,a_ice,0.00536
PICAL_v35def_darkice,2061,9,interior,a_ice,0.00000
PICAL_v35def_darkice,2061,10,interior,a_ice,0.00040
PICAL_v35def_darkice,2061,11,interior,a_ice,0.06303
PICAL_v35def_darkice,2061,12,interior,a_ice,0.56610
PICAL_v35def_darkice,2061,1,labsea,MLD2,36.63287
PICAL_v35def_darkice,2061,2,labsea,MLD2,41.54078
PICAL_v35def_darkice,2061,3,labsea,MLD2,44.06865
PICAL_v35def_darkice,2061,4,labsea,MLD2,44.46222
PICAL_v35def_darkice,2061,5,labsea,MLD2,32.38565
PICAL_v35def_darkice,2061,6,labsea,MLD2,14.52279
PICAL_v35def_darkice,2061,7,labsea,MLD2,11.76029
PICAL_v35def_darkice,2061,8,labsea,MLD2,13.07059
PICAL_v35def_darkice,2061,9,labsea,MLD2,15.78150
PICAL_v35def_darkice,2061,10,labsea,MLD2,21.72244
PICAL_v35def_darkice,2061,11,labsea,MLD2,25.88144
PICAL_v35def_darkice,2061,12,labsea,MLD2,30.18249
PICAL_v35def_darkice,2061,1,interior,MLD2,36.65060
PICAL_v35def_darkice,2061,2,interior,MLD2,42.93619
PICAL_v35def_darkice,2061,3,interior,MLD2,44.50264
PICAL_v35def_darkice,2061,4,interior,MLD2,44.75796
PICAL_v35def_darkice,2061,5,interior,MLD2,31.14875
PICAL_v35def_darkice,2061,6,interior,MLD2,13.59882
PICAL_v35def_darkice,2061,7,interior,MLD2,12.41814
PICAL_v35def_darkice,2061,8,interior,MLD2,14.94619
PICAL_v35def_darkice,2061,9,interior,MLD2,16.07733
PICAL_v35def_darkice,2061,10,interior,MLD2,21.00877
PICAL_v35def_darkice,2061,11,interior,MLD2,27.88707
PICAL_v35def_darkice,2061,12,interior,MLD2,32.45048
PICAL_v35def_darkice,2062,1,labsea,a_ice,0.64058
PICAL_v35def_darkice,2062,2,labsea,a_ice,0.79175
PICAL_v35def_darkice,2062,3,labsea,a_ice,0.89630
PICAL_v35def_darkice,2062,4,labsea,a_ice,0.85767
PICAL_v35def_darkice,2062,5,labsea,a_ice,0.77350
PICAL_v35def_darkice,2062,6,labsea,a_ice,0.57948
PICAL_v35def_darkice,2062,7,labsea,a_ice,0.27652
PICAL_v35def_darkice,2062,8,labsea,a_ice,0.03972
PICAL_v35def_darkice,2062,9,labsea,a_ice,0.00066
PICAL_v35def_darkice,2062,10,labsea,a_ice,0.00272
PICAL_v35def_darkice,2062,11,labsea,a_ice,0.09982
PICAL_v35def_darkice,2062,12,labsea,a_ice,0.44735
PICAL_v35def_darkice,2062,1,interior,a_ice,0.75122
PICAL_v35def_darkice,2062,2,interior,a_ice,0.90280
PICAL_v35def_darkice,2062,3,interior,a_ice,0.93671
PICAL_v35def_darkice,2062,4,interior,a_ice,0.90849
PICAL_v35def_darkice,2062,5,interior,a_ice,0.85172
PICAL_v35def_darkice,2062,6,interior,a_ice,0.65271
PICAL_v35def_darkice,2062,7,interior,a_ice,0.31626
PICAL_v35def_darkice,2062,8,interior,a_ice,0.03844
PICAL_v35def_darkice,2062,9,interior,a_ice,0.00000
PICAL_v35def_darkice,2062,10,interior,a_ice,0.00000
PICAL_v35def_darkice,2062,11,interior,a_ice,0.01638
PICAL_v35def_darkice,2062,12,interior,a_ice,0.38680
PICAL_v35def_darkice,2062,1,labsea,MLD2,31.51646
PICAL_v35def_darkice,2062,2,labsea,MLD2,36.54979
PICAL_v35def_darkice,2062,3,labsea,MLD2,41.04506
PICAL_v35def_darkice,2062,4,labsea,MLD2,39.64376
PICAL_v35def_darkice,2062,5,labsea,MLD2,31.23073
PICAL_v35def_darkice,2062,6,labsea,MLD2,18.07244
PICAL_v35def_darkice,2062,7,labsea,MLD2,11.90128
PICAL_v35def_darkice,2062,8,labsea,MLD2,12.57475
PICAL_v35def_darkice,2062,9,labsea,MLD2,14.89746
PICAL_v35def_darkice,2062,10,labsea,MLD2,17.06091
PICAL_v35def_darkice,2062,11,labsea,MLD2,22.56950
PICAL_v35def_darkice,2062,12,labsea,MLD2,27.87056
PICAL_v35def_darkice,2062,1,interior,MLD2,33.67962
PICAL_v35def_darkice,2062,2,interior,MLD2,40.18698
PICAL_v35def_darkice,2062,3,interior,MLD2,44.64310
PICAL_v35def_darkice,2062,4,interior,MLD2,44.62057
PICAL_v35def_darkice,2062,5,interior,MLD2,35.86347
PICAL_v35def_darkice,2062,6,interior,MLD2,20.59348
PICAL_v35def_darkice,2062,7,interior,MLD2,11.94605
PICAL_v35def_darkice,2062,8,interior,MLD2,12.74044
PICAL_v35def_darkice,2062,9,interior,MLD2,15.56929
PICAL_v35def_darkice,2062,10,interior,MLD2,16.91538
PICAL_v35def_darkice,2062,11,interior,MLD2,23.20422
PICAL_v35def_darkice,2062,12,interior,MLD2,29.23685
PICAL_v35def_darkice,2063,1,labsea,a_ice,0.79718
PICAL_v35def_darkice,2063,2,labsea,a_ice,0.91119
PICAL_v35def_darkice,2063,3,labsea,a_ice,0.91442
PICAL_v35def_darkice,2063,4,labsea,a_ice,0.89803
PICAL_v35def_darkice,2063,5,labsea,a_ice,0.91183
PICAL_v35def_darkice,2063,6,labsea,a_ice,0.74990
PICAL_v35def_darkice,2063,7,labsea,a_ice,0.39972
PICAL_v35def_darkice,2063,8,labsea,a_ice,0.05015
PICAL_v35def_darkice,2063,9,labsea,a_ice,0.01876
PICAL_v35def_darkice,2063,10,labsea,a_ice,0.07476
PICAL_v35def_darkice,2063,11,labsea,a_ice,0.22362
PICAL_v35def_darkice,2063,12,labsea,a_ice,0.47634
PICAL_v35def_darkice,2063,1,interior,a_ice,0.90173
PICAL_v35def_darkice,2063,2,interior,a_ice,0.93932
PICAL_v35def_darkice,2063,3,interior,a_ice,0.93368
PICAL_v35def_darkice,2063,4,interior,a_ice,0.93462
PICAL_v35def_darkice,2063,5,interior,a_ice,0.96754
PICAL_v35def_darkice,2063,6,interior,a_ice,0.84730
PICAL_v35def_darkice,2063,7,interior,a_ice,0.41053
PICAL_v35def_darkice,2063,8,interior,a_ice,0.01490
PICAL_v35def_darkice,2063,9,interior,a_ice,0.00000
PICAL_v35def_darkice,2063,10,interior,a_ice,0.00003
PICAL_v35def_darkice,2063,11,interior,a_ice,0.06759
PICAL_v35def_darkice,2063,12,interior,a_ice,0.48323
PICAL_v35def_darkice,2063,1,labsea,MLD2,35.10474
PICAL_v35def_darkice,2063,2,labsea,MLD2,38.71908
PICAL_v35def_darkice,2063,3,labsea,MLD2,38.41654
PICAL_v35def_darkice,2063,4,labsea,MLD2,35.74708
PICAL_v35def_darkice,2063,5,labsea,MLD2,28.30392
PICAL_v35def_darkice,2063,6,labsea,MLD2,16.70640
PICAL_v35def_darkice,2063,7,labsea,MLD2,10.08125
PICAL_v35def_darkice,2063,8,labsea,MLD2,11.83774
PICAL_v35def_darkice,2063,9,labsea,MLD2,18.90847
PICAL_v35def_darkice,2063,10,labsea,MLD2,23.11865
PICAL_v35def_darkice,2063,11,labsea,MLD2,26.68790
PICAL_v35def_darkice,2063,12,labsea,MLD2,31.21101
PICAL_v35def_darkice,2063,1,interior,MLD2,34.86425
PICAL_v35def_darkice,2063,2,interior,MLD2,38.43828
PICAL_v35def_darkice,2063,3,interior,MLD2,37.51255
PICAL_v35def_darkice,2063,4,interior,MLD2,37.18649
PICAL_v35def_darkice,2063,5,interior,MLD2,33.01470
PICAL_v35def_darkice,2063,6,interior,MLD2,19.81499
PICAL_v35def_darkice,2063,7,interior,MLD2,10.36322
PICAL_v35def_darkice,2063,8,interior,MLD2,13.29998
PICAL_v35def_darkice,2063,9,interior,MLD2,19.12559
PICAL_v35def_darkice,2063,10,interior,MLD2,23.78965
PICAL_v35def_darkice,2063,11,interior,MLD2,26.48518
PICAL_v35def_darkice,2063,12,interior,MLD2,29.85331
PICAL_v35def_darkice,2064,1,labsea,a_ice,0.79713
PICAL_v35def_darkice,2064,2,labsea,a_ice,0.89486
PICAL_v35def_darkice,2064,3,labsea,a_ice,0.87634
PICAL_v35def_darkice,2064,4,labsea,a_ice,0.86456
PICAL_v35def_darkice,2064,5,labsea,a_ice,0.72268
PICAL_v35def_darkice,2064,6,labsea,a_ice,0.46619
PICAL_v35def_darkice,2064,7,labsea,a_ice,0.18200
PICAL_v35def_darkice,2064,8,labsea,a_ice,0.03859
PICAL_v35def_darkice,2064,9,labsea,a_ice,0.01616
PICAL_v35def_darkice,2064,10,labsea,a_ice,0.04759
PICAL_v35def_darkice,2064,11,labsea,a_ice,0.16071
PICAL_v35def_darkice,2064,12,labsea,a_ice,0.37065
PICAL_v35def_darkice,2064,1,interior,a_ice,0.88688
PICAL_v35def_darkice,2064,2,interior,a_ice,0.93513
PICAL_v35def_darkice,2064,3,interior,a_ice,0.90801
PICAL_v35def_darkice,2064,4,interior,a_ice,0.92215
PICAL_v35def_darkice,2064,5,interior,a_ice,0.78393
PICAL_v35def_darkice,2064,6,interior,a_ice,0.51249
PICAL_v35def_darkice,2064,7,interior,a_ice,0.13973
PICAL_v35def_darkice,2064,8,interior,a_ice,0.01536
PICAL_v35def_darkice,2064,9,interior,a_ice,0.00000
PICAL_v35def_darkice,2064,10,interior,a_ice,0.00000
PICAL_v35def_darkice,2064,11,interior,a_ice,0.02925
PICAL_v35def_darkice,2064,12,interior,a_ice,0.35681
PICAL_v35def_darkice,2064,1,labsea,MLD2,37.02688
PICAL_v35def_darkice,2064,2,labsea,MLD2,38.50217
PICAL_v35def_darkice,2064,3,labsea,MLD2,39.00925
PICAL_v35def_darkice,2064,4,labsea,MLD2,37.45318
PICAL_v35def_darkice,2064,5,labsea,MLD2,29.67135
PICAL_v35def_darkice,2064,6,labsea,MLD2,15.04215
PICAL_v35def_darkice,2064,7,labsea,MLD2,11.94453
PICAL_v35def_darkice,2064,8,labsea,MLD2,12.99824
PICAL_v35def_darkice,2064,9,labsea,MLD2,15.61927
PICAL_v35def_darkice,2064,10,labsea,MLD2,18.52929
PICAL_v35def_darkice,2064,11,labsea,MLD2,27.06090
PICAL_v35def_darkice,2064,12,labsea,MLD2,29.57235
PICAL_v35def_darkice,2064,1,interior,MLD2,35.95992
PICAL_v35def_darkice,2064,2,interior,MLD2,37.79189
PICAL_v35def_darkice,2064,3,interior,MLD2,37.93151
PICAL_v35def_darkice,2064,4,interior,MLD2,38.13335
PICAL_v35def_darkice,2064,5,interior,MLD2,31.69786
PICAL_v35def_darkice,2064,6,interior,MLD2,16.20330
PICAL_v35def_darkice,2064,7,interior,MLD2,11.66081
PICAL_v35def_darkice,2064,8,interior,MLD2,13.07174
PICAL_v35def_darkice,2064,9,interior,MLD2,16.14796
PICAL_v35def_darkice,2064,10,interior,MLD2,18.90302
PICAL_v35def_darkice,2064,11,interior,MLD2,29.56563
PICAL_v35def_darkice,2064,12,interior,MLD2,32.49532
PICAL_v35def_darkice,2065,1,labsea,a_ice,0.65926
PICAL_v35def_darkice,2065,2,labsea,a_ice,0.86674
PICAL_v35def_darkice,2065,3,labsea,a_ice,0.88984
PICAL_v35def_darkice,2065,4,labsea,a_ice,0.86657
PICAL_v35def_darkice,2065,5,labsea,a_ice,0.76589
PICAL_v35def_darkice,2065,6,labsea,a_ice,0.53247
PICAL_v35def_darkice,2065,7,labsea,a_ice,0.17695
PICAL_v35def_darkice,2065,8,labsea,a_ice,0.03747
PICAL_v35def_darkice,2065,9,labsea,a_ice,0.02263
PICAL_v35def_darkice,2065,10,labsea,a_ice,0.05850
PICAL_v35def_darkice,2065,11,labsea,a_ice,0.28028
PICAL_v35def_darkice,2065,12,labsea,a_ice,0.59565
PICAL_v35def_darkice,2065,1,interior,a_ice,0.82930
PICAL_v35def_darkice,2065,2,interior,a_ice,0.94300
PICAL_v35def_darkice,2065,3,interior,a_ice,0.91558
PICAL_v35def_darkice,2065,4,interior,a_ice,0.88768
PICAL_v35def_darkice,2065,5,interior,a_ice,0.86072
PICAL_v35def_darkice,2065,6,interior,a_ice,0.61187
PICAL_v35def_darkice,2065,7,interior,a_ice,0.13925
PICAL_v35def_darkice,2065,8,interior,a_ice,0.00368
PICAL_v35def_darkice,2065,9,interior,a_ice,0.00000
PICAL_v35def_darkice,2065,10,interior,a_ice,0.00122
PICAL_v35def_darkice,2065,11,interior,a_ice,0.20911
PICAL_v35def_darkice,2065,12,interior,a_ice,0.76903
PICAL_v35def_darkice,2065,1,labsea,MLD2,38.49312
PICAL_v35def_darkice,2065,2,labsea,MLD2,40.31360
PICAL_v35def_darkice,2065,3,labsea,MLD2,43.49592
PICAL_v35def_darkice,2065,4,labsea,MLD2,37.89568
PICAL_v35def_darkice,2065,5,labsea,MLD2,27.14172
PICAL_v35def_darkice,2065,6,labsea,MLD2,13.31397
PICAL_v35def_darkice,2065,7,labsea,MLD2,10.29648
PICAL_v35def_darkice,2065,8,labsea,MLD2,11.74650
PICAL_v35def_darkice,2065,9,labsea,MLD2,14.85499
PICAL_v35def_darkice,2065,10,labsea,MLD2,18.39560
PICAL_v35def_darkice,2065,11,labsea,MLD2,21.39158
PICAL_v35def_darkice,2065,12,labsea,MLD2,27.56202
PICAL_v35def_darkice,2065,1,interior,MLD2,32.50578
PICAL_v35def_darkice,2065,2,interior,MLD2,37.15731
PICAL_v35def_darkice,2065,3,interior,MLD2,39.22794
PICAL_v35def_darkice,2065,4,interior,MLD2,33.49808
PICAL_v35def_darkice,2065,5,interior,MLD2,26.93378
PICAL_v35def_darkice,2065,6,interior,MLD2,13.92315
PICAL_v35def_darkice,2065,7,interior,MLD2,10.04796
PICAL_v35def_darkice,2065,8,interior,MLD2,12.52794
PICAL_v35def_darkice,2065,9,interior,MLD2,15.77409
PICAL_v35def_darkice,2065,10,interior,MLD2,17.10063
PICAL_v35def_darkice,2065,11,interior,MLD2,19.86518
PICAL_v35def_darkice,2065,12,interior,MLD2,27.17840
PICAL_v35def_darkice,2066,1,labsea,a_ice,0.87118
PICAL_v35def_darkice,2066,2,labsea,a_ice,0.92195
PICAL_v35def_darkice,2066,3,labsea,a_ice,0.93217
PICAL_v35def_darkice,2066,4,labsea,a_ice,0.85976
PICAL_v35def_darkice,2066,5,labsea,a_ice,0.71619
PICAL_v35def_darkice,2066,6,labsea,a_ice,0.50648
PICAL_v35def_darkice,2066,7,labsea,a_ice,0.20543
PICAL_v35def_darkice,2066,8,labsea,a_ice,0.05051
PICAL_v35def_darkice,2066,9,labsea,a_ice,0.05225
PICAL_v35def_darkice,2066,10,labsea,a_ice,0.08481
PICAL_v35def_darkice,2066,11,labsea,a_ice,0.17635
PICAL_v35def_darkice,2066,12,labsea,a_ice,0.29649
PICAL_v35def_darkice,2066,1,interior,a_ice,0.96526
PICAL_v35def_darkice,2066,2,interior,a_ice,0.96100
PICAL_v35def_darkice,2066,3,interior,a_ice,0.96530
PICAL_v35def_darkice,2066,4,interior,a_ice,0.90123
PICAL_v35def_darkice,2066,5,interior,a_ice,0.74618
PICAL_v35def_darkice,2066,6,interior,a_ice,0.56540
PICAL_v35def_darkice,2066,7,interior,a_ice,0.21009
PICAL_v35def_darkice,2066,8,interior,a_ice,0.00330
PICAL_v35def_darkice,2066,9,interior,a_ice,0.00000
PICAL_v35def_darkice,2066,10,interior,a_ice,0.00058
PICAL_v35def_darkice,2066,11,interior,a_ice,0.04690
PICAL_v35def_darkice,2066,12,interior,a_ice,0.16603
PICAL_v35def_darkice,2066,1,labsea,MLD2,35.15708
PICAL_v35def_darkice,2066,2,labsea,MLD2,40.46855
PICAL_v35def_darkice,2066,3,labsea,MLD2,42.49059
PICAL_v35def_darkice,2066,4,labsea,MLD2,43.62297
PICAL_v35def_darkice,2066,5,labsea,MLD2,37.14501
PICAL_v35def_darkice,2066,6,labsea,MLD2,19.18300
PICAL_v35def_darkice,2066,7,labsea,MLD2,9.92467
PICAL_v35def_darkice,2066,8,labsea,MLD2,14.63048
PICAL_v35def_darkice,2066,9,labsea,MLD2,18.19776
PICAL_v35def_darkice,2066,10,labsea,MLD2,24.34046
PICAL_v35def_darkice,2066,11,labsea,MLD2,36.17861
PICAL_v35def_darkice,2066,12,labsea,MLD2,44.45991
PICAL_v35def_darkice,2066,1,interior,MLD2,34.33895
PICAL_v35def_darkice,2066,2,interior,MLD2,40.09626
PICAL_v35def_darkice,2066,3,interior,MLD2,43.35785
PICAL_v35def_darkice,2066,4,interior,MLD2,47.03206
PICAL_v35def_darkice,2066,5,interior,MLD2,42.11239
PICAL_v35def_darkice,2066,6,interior,MLD2,21.57507
PICAL_v35def_darkice,2066,7,interior,MLD2,9.87359
PICAL_v35def_darkice,2066,8,interior,MLD2,15.10311
PICAL_v35def_darkice,2066,9,interior,MLD2,17.26629
PICAL_v35def_darkice,2066,10,interior,MLD2,24.16956
PICAL_v35def_darkice,2066,11,interior,MLD2,35.75385
PICAL_v35def_darkice,2066,12,interior,MLD2,47.56655
PICAL_v35def_darkice,2067,1,labsea,a_ice,0.52476
PICAL_v35def_darkice,2067,2,labsea,a_ice,0.78220
PICAL_v35def_darkice,2067,3,labsea,a_ice,0.81834
PICAL_v35def_darkice,2067,4,labsea,a_ice,0.77342
PICAL_v35def_darkice,2067,5,labsea,a_ice,0.70765
PICAL_v35def_darkice,2067,6,labsea,a_ice,0.49011
PICAL_v35def_darkice,2067,7,labsea,a_ice,0.17657
PICAL_v35def_darkice,2067,8,labsea,a_ice,0.02512
PICAL_v35def_darkice,2067,9,labsea,a_ice,0.00887
PICAL_v35def_darkice,2067,10,labsea,a_ice,0.01047
PICAL_v35def_darkice,2067,11,labsea,a_ice,0.10785
PICAL_v35def_darkice,2067,12,labsea,a_ice,0.37226
PICAL_v35def_darkice,2067,1,interior,a_ice,0.46560
PICAL_v35def_darkice,2067,2,interior,a_ice,0.79012
PICAL_v35def_darkice,2067,3,interior,a_ice,0.93237
PICAL_v35def_darkice,2067,4,interior,a_ice,0.89262
PICAL_v35def_darkice,2067,5,interior,a_ice,0.77610
PICAL_v35def_darkice,2067,6,interior,a_ice,0.50905
PICAL_v35def_darkice,2067,7,interior,a_ice,0.17692
PICAL_v35def_darkice,2067,8,interior,a_ice,0.01995
PICAL_v35def_darkice,2067,9,interior,a_ice,0.00000
PICAL_v35def_darkice,2067,10,interior,a_ice,0.00000
PICAL_v35def_darkice,2067,11,interior,a_ice,0.02560
PICAL_v35def_darkice,2067,12,interior,a_ice,0.32793
PICAL_v35def_darkice,2067,1,labsea,MLD2,46.78024
PICAL_v35def_darkice,2067,2,labsea,MLD2,43.63834
PICAL_v35def_darkice,2067,3,labsea,MLD2,41.76984
PICAL_v35def_darkice,2067,4,labsea,MLD2,39.77772
PICAL_v35def_darkice,2067,5,labsea,MLD2,27.76872
PICAL_v35def_darkice,2067,6,labsea,MLD2,15.19425
PICAL_v35def_darkice,2067,7,labsea,MLD2,10.17252
PICAL_v35def_darkice,2067,8,labsea,MLD2,10.85065
PICAL_v35def_darkice,2067,9,labsea,MLD2,14.92151
PICAL_v35def_darkice,2067,10,labsea,MLD2,18.27124
PICAL_v35def_darkice,2067,11,labsea,MLD2,24.16639
PICAL_v35def_darkice,2067,12,labsea,MLD2,28.71308
PICAL_v35def_darkice,2067,1,interior,MLD2,51.27234
PICAL_v35def_darkice,2067,2,interior,MLD2,47.58503
PICAL_v35def_darkice,2067,3,interior,MLD2,41.82952
PICAL_v35def_darkice,2067,4,interior,MLD2,37.68167
PICAL_v35def_darkice,2067,5,interior,MLD2,28.48073
PICAL_v35def_darkice,2067,6,interior,MLD2,15.82495
PICAL_v35def_darkice,2067,7,interior,MLD2,10.33041
PICAL_v35def_darkice,2067,8,interior,MLD2,10.80780
PICAL_v35def_darkice,2067,9,interior,MLD2,15.27185
PICAL_v35def_darkice,2067,10,interior,MLD2,17.82977
PICAL_v35def_darkice,2067,11,interior,MLD2,23.82427
PICAL_v35def_darkice,2067,12,interior,MLD2,28.70938
PICAL_v35def_darkice,2068,1,labsea,a_ice,0.60451
PICAL_v35def_darkice,2068,2,labsea,a_ice,0.75026
PICAL_v35def_darkice,2068,3,labsea,a_ice,0.78132
PICAL_v35def_darkice,2068,4,labsea,a_ice,0.72935
PICAL_v35def_darkice,2068,5,labsea,a_ice,0.57204
PICAL_v35def_darkice,2068,6,labsea,a_ice,0.37093
PICAL_v35def_darkice,2068,7,labsea,a_ice,0.12659
PICAL_v35def_darkice,2068,8,labsea,a_ice,0.03734
PICAL_v35def_darkice,2068,9,labsea,a_ice,0.02776
PICAL_v35def_darkice,2068,10,labsea,a_ice,0.04711
PICAL_v35def_darkice,2068,11,labsea,a_ice,0.14106
PICAL_v35def_darkice,2068,12,labsea,a_ice,0.39554
PICAL_v35def_darkice,2068,1,interior,a_ice,0.62731
PICAL_v35def_darkice,2068,2,interior,a_ice,0.85447
PICAL_v35def_darkice,2068,3,interior,a_ice,0.88245
PICAL_v35def_darkice,2068,4,interior,a_ice,0.86722
PICAL_v35def_darkice,2068,5,interior,a_ice,0.68340
PICAL_v35def_darkice,2068,6,interior,a_ice,0.33292
PICAL_v35def_darkice,2068,7,interior,a_ice,0.05130
PICAL_v35def_darkice,2068,8,interior,a_ice,0.00166
PICAL_v35def_darkice,2068,9,interior,a_ice,0.00000
PICAL_v35def_darkice,2068,10,interior,a_ice,0.00000
PICAL_v35def_darkice,2068,11,interior,a_ice,0.00278
PICAL_v35def_darkice,2068,12,interior,a_ice,0.33800
PICAL_v35def_darkice,2068,1,labsea,MLD2,40.17414
PICAL_v35def_darkice,2068,2,labsea,MLD2,54.56190
PICAL_v35def_darkice,2068,3,labsea,MLD2,73.65811
PICAL_v35def_darkice,2068,4,labsea,MLD2,47.60968
PICAL_v35def_darkice,2068,5,labsea,MLD2,24.56934
PICAL_v35def_darkice,2068,6,labsea,MLD2,16.54574
PICAL_v35def_darkice,2068,7,labsea,MLD2,14.49034
PICAL_v35def_darkice,2068,8,labsea,MLD2,13.64622
PICAL_v35def_darkice,2068,9,labsea,MLD2,16.10821
PICAL_v35def_darkice,2068,10,labsea,MLD2,20.55242
PICAL_v35def_darkice,2068,11,labsea,MLD2,26.41256
PICAL_v35def_darkice,2068,12,labsea,MLD2,36.64063
PICAL_v35def_darkice,2068,1,interior,MLD2,37.22848
PICAL_v35def_darkice,2068,2,interior,MLD2,44.52382
PICAL_v35def_darkice,2068,3,interior,MLD2,42.35359
PICAL_v35def_darkice,2068,4,interior,MLD2,40.40848
PICAL_v35def_darkice,2068,5,interior,MLD2,28.74294
PICAL_v35def_darkice,2068,6,interior,MLD2,17.66651
PICAL_v35def_darkice,2068,7,interior,MLD2,15.40349
PICAL_v35def_darkice,2068,8,interior,MLD2,15.07388
PICAL_v35def_darkice,2068,9,interior,MLD2,17.41270
PICAL_v35def_darkice,2068,10,interior,MLD2,21.56545
PICAL_v35def_darkice,2068,11,interior,MLD2,29.05099
PICAL_v35def_darkice,2068,12,interior,MLD2,40.06427
PICAL_v35def_darkice,2069,1,labsea,a_ice,0.64165
PICAL_v35def_darkice,2069,2,labsea,a_ice,0.74428
PICAL_v35def_darkice,2069,3,labsea,a_ice,0.78108
PICAL_v35def_darkice,2069,4,labsea,a_ice,0.72107
PICAL_v35def_darkice,2069,5,labsea,a_ice,0.58707
PICAL_v35def_darkice,2069,6,labsea,a_ice,0.35472
PICAL_v35def_darkice,2069,7,labsea,a_ice,0.11994
PICAL_v35def_darkice,2069,8,labsea,a_ice,0.02449
PICAL_v35def_darkice,2069,9,labsea,a_ice,0.01161
PICAL_v35def_darkice,2069,10,labsea,a_ice,0.01280
PICAL_v35def_darkice,2069,11,labsea,a_ice,0.04568
PICAL_v35def_darkice,2069,12,labsea,a_ice,0.19933
PICAL_v35def_darkice,2069,1,interior,a_ice,0.67515
PICAL_v35def_darkice,2069,2,interior,a_ice,0.82194
PICAL_v35def_darkice,2069,3,interior,a_ice,0.88165
PICAL_v35def_darkice,2069,4,interior,a_ice,0.82351
PICAL_v35def_darkice,2069,5,interior,a_ice,0.59727
PICAL_v35def_darkice,2069,6,interior,a_ice,0.24331
PICAL_v35def_darkice,2069,7,interior,a_ice,0.07746
PICAL_v35def_darkice,2069,8,interior,a_ice,0.00122
PICAL_v35def_darkice,2069,9,interior,a_ice,0.00000
PICAL_v35def_darkice,2069,10,interior,a_ice,0.00000
PICAL_v35def_darkice,2069,11,interior,a_ice,0.00010
PICAL_v35def_darkice,2069,12,interior,a_ice,0.05862
PICAL_v35def_darkice,2069,1,labsea,MLD2,39.64888
PICAL_v35def_darkice,2069,2,labsea,MLD2,50.77435
PICAL_v35def_darkice,2069,3,labsea,MLD2,41.28628
PICAL_v35def_darkice,2069,4,labsea,MLD2,37.31100
PICAL_v35def_darkice,2069,5,labsea,MLD2,28.58475
PICAL_v35def_darkice,2069,6,labsea,MLD2,16.82666
PICAL_v35def_darkice,2069,7,labsea,MLD2,11.13322
PICAL_v35def_darkice,2069,8,labsea,MLD2,13.42524
PICAL_v35def_darkice,2069,9,labsea,MLD2,18.36729
PICAL_v35def_darkice,2069,10,labsea,MLD2,21.07169
PICAL_v35def_darkice,2069,11,labsea,MLD2,25.23187
PICAL_v35def_darkice,2069,12,labsea,MLD2,32.02349
PICAL_v35def_darkice,2069,1,interior,MLD2,44.18347
PICAL_v35def_darkice,2069,2,interior,MLD2,57.97190
PICAL_v35def_darkice,2069,3,interior,MLD2,42.18537
PICAL_v35def_darkice,2069,4,interior,MLD2,39.62906
PICAL_v35def_darkice,2069,5,interior,MLD2,28.73991
PICAL_v35def_darkice,2069,6,interior,MLD2,16.55618
PICAL_v35def_darkice,2069,7,interior,MLD2,12.25076
PICAL_v35def_darkice,2069,8,interior,MLD2,14.04829
PICAL_v35def_darkice,2069,9,interior,MLD2,19.53643
PICAL_v35def_darkice,2069,10,interior,MLD2,23.03594
PICAL_v35def_darkice,2069,11,interior,MLD2,27.35712
PICAL_v35def_darkice,2069,12,interior,MLD2,35.68096
PICAL_v35def_darkice,2070,1,labsea,a_ice,0.54945
PICAL_v35def_darkice,2070,2,labsea,a_ice,0.75933
PICAL_v35def_darkice,2070,3,labsea,a_ice,0.85515
PICAL_v35def_darkice,2070,4,labsea,a_ice,0.83016
PICAL_v35def_darkice,2070,5,labsea,a_ice,0.69241
PICAL_v35def_darkice,2070,6,labsea,a_ice,0.52797
PICAL_v35def_darkice,2070,7,labsea,a_ice,0.25425
PICAL_v35def_darkice,2070,8,labsea,a_ice,0.09011
PICAL_v35def_darkice,2070,9,labsea,a_ice,0.05527
PICAL_v35def_darkice,2070,10,labsea,a_ice,0.08406
PICAL_v35def_darkice,2070,11,labsea,a_ice,0.27334
PICAL_v35def_darkice,2070,12,labsea,a_ice,0.54052
PICAL_v35def_darkice,2070,1,interior,a_ice,0.60483
PICAL_v35def_darkice,2070,2,interior,a_ice,0.84177
PICAL_v35def_darkice,2070,3,interior,a_ice,0.90909
PICAL_v35def_darkice,2070,4,interior,a_ice,0.91298
PICAL_v35def_darkice,2070,5,interior,a_ice,0.77869
PICAL_v35def_darkice,2070,6,interior,a_ice,0.56689
PICAL_v35def_darkice,2070,7,interior,a_ice,0.21849
PICAL_v35def_darkice,2070,8,interior,a_ice,0.00483
PICAL_v35def_darkice,2070,9,interior,a_ice,0.00000
PICAL_v35def_darkice,2070,10,interior,a_ice,0.00002
PICAL_v35def_darkice,2070,11,interior,a_ice,0.15075
PICAL_v35def_darkice,2070,12,interior,a_ice,0.61140
PICAL_v35def_darkice,2070,1,labsea,MLD2,37.27286
PICAL_v35def_darkice,2070,2,labsea,MLD2,43.72581
PICAL_v35def_darkice,2070,3,labsea,MLD2,43.44759
PICAL_v35def_darkice,2070,4,labsea,MLD2,36.45361
PICAL_v35def_darkice,2070,5,labsea,MLD2,27.10653
PICAL_v35def_darkice,2070,6,labsea,MLD2,15.08860
PICAL_v35def_darkice,2070,7,labsea,MLD2,10.85374
PICAL_v35def_darkice,2070,8,labsea,MLD2,11.62567
PICAL_v35def_darkice,2070,9,labsea,MLD2,15.03679
PICAL_v35def_darkice,2070,10,labsea,MLD2,18.30487
PICAL_v35def_darkice,2070,11,labsea,MLD2,25.22473
PICAL_v35def_darkice,2070,12,labsea,MLD2,38.05741
PICAL_v35def_darkice,2070,1,interior,MLD2,41.04355
PICAL_v35def_darkice,2070,2,interior,MLD2,45.69201
PICAL_v35def_darkice,2070,3,interior,MLD2,47.57891
PICAL_v35def_darkice,2070,4,interior,MLD2,39.95821
PICAL_v35def_darkice,2070,5,interior,MLD2,28.58996
PICAL_v35def_darkice,2070,6,interior,MLD2,14.82474
PICAL_v35def_darkice,2070,7,interior,MLD2,10.70494
PICAL_v35def_darkice,2070,8,interior,MLD2,12.84749
PICAL_v35def_darkice,2070,9,interior,MLD2,16.93322
PICAL_v35def_darkice,2070,10,interior,MLD2,19.35731
PICAL_v35def_darkice,2070,11,interior,MLD2,25.50257
PICAL_v35def_darkice,2070,12,interior,MLD2,36.92951
PICAL_v35def_darkice,2071,1,labsea,a_ice,0.69745
PICAL_v35def_darkice,2071,2,labsea,a_ice,0.82768
PICAL_v35def_darkice,2071,3,labsea,a_ice,0.81585
PICAL_v35def_darkice,2071,4,labsea,a_ice,0.78819
PICAL_v35def_darkice,2071,5,labsea,a_ice,0.69317
PICAL_v35def_darkice,2071,6,labsea,a_ice,0.48125
PICAL_v35def_darkice,2071,7,labsea,a_ice,0.25024
PICAL_v35def_darkice,2071,8,labsea,a_ice,0.11916
PICAL_v35def_darkice,2071,9,labsea,a_ice,0.05448
PICAL_v35def_darkice,2071,10,labsea,a_ice,0.06705
PICAL_v35def_darkice,2071,11,labsea,a_ice,0.14795
PICAL_v35def_darkice,2071,12,labsea,a_ice,0.34235
PICAL_v35def_darkice,2071,1,interior,a_ice,0.79038
PICAL_v35def_darkice,2071,2,interior,a_ice,0.90596
PICAL_v35def_darkice,2071,3,interior,a_ice,0.88517
PICAL_v35def_darkice,2071,4,interior,a_ice,0.84212
PICAL_v35def_darkice,2071,5,interior,a_ice,0.72506
PICAL_v35def_darkice,2071,6,interior,a_ice,0.49339
PICAL_v35def_darkice,2071,7,interior,a_ice,0.17569
PICAL_v35def_darkice,2071,8,interior,a_ice,0.01233
PICAL_v35def_darkice,2071,9,interior,a_ice,0.00031
PICAL_v35def_darkice,2071,10,interior,a_ice,0.00009
PICAL_v35def_darkice,2071,11,interior,a_ice,0.02647
PICAL_v35def_darkice,2071,12,interior,a_ice,0.22931
PICAL_v35def_darkice,2071,1,labsea,MLD2,49.04592
PICAL_v35def_darkice,2071,2,labsea,MLD2,53.55164
PICAL_v35def_darkice,2071,3,labsea,MLD2,50.47892
PICAL_v35def_darkice,2071,4,labsea,MLD2,40.01245
PICAL_v35def_darkice,2071,5,labsea,MLD2,29.75267
PICAL_v35def_darkice,2071,6,labsea,MLD2,17.80947
PICAL_v35def_darkice,2071,7,labsea,MLD2,12.23140
PICAL_v35def_darkice,2071,8,labsea,MLD2,12.51829
PICAL_v35def_darkice,2071,9,labsea,MLD2,16.49684
PICAL_v35def_darkice,2071,10,labsea,MLD2,20.34603
PICAL_v35def_darkice,2071,11,labsea,MLD2,22.43664
PICAL_v35def_darkice,2071,12,labsea,MLD2,29.20985
PICAL_v35def_darkice,2071,1,interior,MLD2,39.81067
PICAL_v35def_darkice,2071,2,interior,MLD2,43.00086
PICAL_v35def_darkice,2071,3,interior,MLD2,47.47523
PICAL_v35def_darkice,2071,4,interior,MLD2,41.81083
PICAL_v35def_darkice,2071,5,interior,MLD2,28.73082
PICAL_v35def_darkice,2071,6,interior,MLD2,16.24356
PICAL_v35def_darkice,2071,7,interior,MLD2,13.36676
PICAL_v35def_darkice,2071,8,interior,MLD2,13.93447
PICAL_v35def_darkice,2071,9,interior,MLD2,16.97325
PICAL_v35def_darkice,2071,10,interior,MLD2,19.48032
PICAL_v35def_darkice,2071,11,interior,MLD2,22.24154
PICAL_v35def_darkice,2071,12,interior,MLD2,28.83367
PICAL_v35def_darkice,2072,1,labsea,a_ice,0.74789
PICAL_v35def_darkice,2072,2,labsea,a_ice,0.89900
PICAL_v35def_darkice,2072,3,labsea,a_ice,0.88165
PICAL_v35def_darkice,2072,4,labsea,a_ice,0.85797
PICAL_v35def_darkice,2072,5,labsea,a_ice,0.78632
PICAL_v35def_darkice,2072,6,labsea,a_ice,0.63913
PICAL_v35def_darkice,2072,7,labsea,a_ice,0.27541
PICAL_v35def_darkice,2072,8,labsea,a_ice,0.09522
PICAL_v35def_darkice,2072,9,labsea,a_ice,0.03410
PICAL_v35def_darkice,2072,10,labsea,a_ice,0.01959
PICAL_v35def_darkice,2072,11,labsea,a_ice,0.27329
PICAL_v35def_darkice,2072,12,labsea,a_ice,0.69372
PICAL_v35def_darkice,2072,1,interior,a_ice,0.84997
PICAL_v35def_darkice,2072,2,interior,a_ice,0.94111
PICAL_v35def_darkice,2072,3,interior,a_ice,0.92583
PICAL_v35def_darkice,2072,4,interior,a_ice,0.88613
PICAL_v35def_darkice,2072,5,interior,a_ice,0.87506
PICAL_v35def_darkice,2072,6,interior,a_ice,0.81375
PICAL_v35def_darkice,2072,7,interior,a_ice,0.30029
PICAL_v35def_darkice,2072,8,interior,a_ice,0.10338
PICAL_v35def_darkice,2072,9,interior,a_ice,0.02945
PICAL_v35def_darkice,2072,10,interior,a_ice,0.00012
PICAL_v35def_darkice,2072,11,interior,a_ice,0.23717
PICAL_v35def_darkice,2072,12,interior,a_ice,0.86834
PICAL_v35def_darkice,2072,1,labsea,MLD2,37.34132
PICAL_v35def_darkice,2072,2,labsea,MLD2,41.47334
PICAL_v35def_darkice,2072,3,labsea,MLD2,44.02145
PICAL_v35def_darkice,2072,4,labsea,MLD2,42.90894
PICAL_v35def_darkice,2072,5,labsea,MLD2,30.52306
PICAL_v35def_darkice,2072,6,labsea,MLD2,11.14168
PICAL_v35def_darkice,2072,7,labsea,MLD2,10.14011
PICAL_v35def_darkice,2072,8,labsea,MLD2,11.64302
PICAL_v35def_darkice,2072,9,labsea,MLD2,13.73895
PICAL_v35def_darkice,2072,10,labsea,MLD2,18.36313
PICAL_v35def_darkice,2072,11,labsea,MLD2,22.83482
PICAL_v35def_darkice,2072,12,labsea,MLD2,29.31605
PICAL_v35def_darkice,2072,1,interior,MLD2,37.98065
PICAL_v35def_darkice,2072,2,interior,MLD2,43.29970
PICAL_v35def_darkice,2072,3,interior,MLD2,45.52029
PICAL_v35def_darkice,2072,4,interior,MLD2,44.58568
PICAL_v35def_darkice,2072,5,interior,MLD2,32.72861
PICAL_v35def_darkice,2072,6,interior,MLD2,11.35059
PICAL_v35def_darkice,2072,7,interior,MLD2,9.46906
PICAL_v35def_darkice,2072,8,interior,MLD2,11.31701
PICAL_v35def_darkice,2072,9,interior,MLD2,14.86530
PICAL_v35def_darkice,2072,10,interior,MLD2,17.89602
PICAL_v35def_darkice,2072,11,interior,MLD2,23.49847
PICAL_v35def_darkice,2072,12,interior,MLD2,28.66400
PICAL_v35def_darkice,2073,1,labsea,a_ice,0.88355
PICAL_v35def_darkice,2073,2,labsea,a_ice,0.93176
PICAL_v35def_darkice,2073,3,labsea,a_ice,0.92546
PICAL_v35def_darkice,2073,4,labsea,a_ice,0.90989
PICAL_v35def_darkice,2073,5,labsea,a_ice,0.83775
PICAL_v35def_darkice,2073,6,labsea,a_ice,0.71702
PICAL_v35def_darkice,2073,7,labsea,a_ice,0.54337
PICAL_v35def_darkice,2073,8,labsea,a_ice,0.23450
PICAL_v35def_darkice,2073,9,labsea,a_ice,0.08786
PICAL_v35def_darkice,2073,10,labsea,a_ice,0.07050
PICAL_v35def_darkice,2073,11,labsea,a_ice,0.30905
PICAL_v35def_darkice,2073,12,labsea,a_ice,0.51437
PICAL_v35def_darkice,2073,1,interior,a_ice,0.96665
PICAL_v35def_darkice,2073,2,interior,a_ice,0.96022
PICAL_v35def_darkice,2073,3,interior,a_ice,0.94493
PICAL_v35def_darkice,2073,4,interior,a_ice,0.93087
PICAL_v35def_darkice,2073,5,interior,a_ice,0.90892
PICAL_v35def_darkice,2073,6,interior,a_ice,0.88614
PICAL_v35def_darkice,2073,7,interior,a_ice,0.70008
PICAL_v35def_darkice,2073,8,interior,a_ice,0.24102
PICAL_v35def_darkice,2073,9,interior,a_ice,0.05519
PICAL_v35def_darkice,2073,10,interior,a_ice,0.01946
PICAL_v35def_darkice,2073,11,interior,a_ice,0.26942
PICAL_v35def_darkice,2073,12,interior,a_ice,0.54195
PICAL_v35def_darkice,2073,1,labsea,MLD2,33.37453
PICAL_v35def_darkice,2073,2,labsea,MLD2,35.79840
PICAL_v35def_darkice,2073,3,labsea,MLD2,37.11194
PICAL_v35def_darkice,2073,4,labsea,MLD2,36.62834
PICAL_v35def_darkice,2073,5,labsea,MLD2,28.09760
PICAL_v35def_darkice,2073,6,labsea,MLD2,18.17592
PICAL_v35def_darkice,2073,7,labsea,MLD2,10.25080
PICAL_v35def_darkice,2073,8,labsea,MLD2,11.21334
PICAL_v35def_darkice,2073,9,labsea,MLD2,14.36046
PICAL_v35def_darkice,2073,10,labsea,MLD2,17.50357
PICAL_v35def_darkice,2073,11,labsea,MLD2,21.24100
PICAL_v35def_darkice,2073,12,labsea,MLD2,25.54435
PICAL_v35def_darkice,2073,1,interior,MLD2,31.16091
PICAL_v35def_darkice,2073,2,interior,MLD2,33.26139
PICAL_v35def_darkice,2073,3,interior,MLD2,35.25432
PICAL_v35def_darkice,2073,4,interior,MLD2,34.17226
PICAL_v35def_darkice,2073,5,interior,MLD2,27.07761
PICAL_v35def_darkice,2073,6,interior,MLD2,19.22469
PICAL_v35def_darkice,2073,7,interior,MLD2,9.49186
PICAL_v35def_darkice,2073,8,interior,MLD2,9.88052
PICAL_v35def_darkice,2073,9,interior,MLD2,13.52572
PICAL_v35def_darkice,2073,10,interior,MLD2,16.08772
PICAL_v35def_darkice,2073,11,interior,MLD2,18.72986
PICAL_v35def_darkice,2073,12,interior,MLD2,25.52536
PICAL_v35def_darkice,2074,1,labsea,a_ice,0.76571
PICAL_v35def_darkice,2074,2,labsea,a_ice,0.93648
PICAL_v35def_darkice,2074,3,labsea,a_ice,0.94156
PICAL_v35def_darkice,2074,4,labsea,a_ice,0.93994
PICAL_v35def_darkice,2074,5,labsea,a_ice,0.84134
PICAL_v35def_darkice,2074,6,labsea,a_ice,0.62880
PICAL_v35def_darkice,2074,7,labsea,a_ice,0.33315
PICAL_v35def_darkice,2074,8,labsea,a_ice,0.10098
PICAL_v35def_darkice,2074,9,labsea,a_ice,0.04349
PICAL_v35def_darkice,2074,10,labsea,a_ice,0.09143
PICAL_v35def_darkice,2074,11,labsea,a_ice,0.35990
PICAL_v35def_darkice,2074,12,labsea,a_ice,0.60301
PICAL_v35def_darkice,2074,1,interior,a_ice,0.85263
PICAL_v35def_darkice,2074,2,interior,a_ice,0.96070
PICAL_v35def_darkice,2074,3,interior,a_ice,0.95785
PICAL_v35def_darkice,2074,4,interior,a_ice,0.96706
PICAL_v35def_darkice,2074,5,interior,a_ice,0.90275
PICAL_v35def_darkice,2074,6,interior,a_ice,0.80575
PICAL_v35def_darkice,2074,7,interior,a_ice,0.35114
PICAL_v35def_darkice,2074,8,interior,a_ice,0.05012
PICAL_v35def_darkice,2074,9,interior,a_ice,0.00000
PICAL_v35def_darkice,2074,10,interior,a_ice,0.00163
PICAL_v35def_darkice,2074,11,interior,a_ice,0.34090
PICAL_v35def_darkice,2074,12,interior,a_ice,0.67617
PICAL_v35def_darkice,2074,1,labsea,MLD2,31.87890
PICAL_v35def_darkice,2074,2,labsea,MLD2,36.81087
PICAL_v35def_darkice,2074,3,labsea,MLD2,38.09722
PICAL_v35def_darkice,2074,4,labsea,MLD2,35.93511
PICAL_v35def_darkice,2074,5,labsea,MLD2,30.46729
PICAL_v35def_darkice,2074,6,labsea,MLD2,15.54893
PICAL_v35def_darkice,2074,7,labsea,MLD2,11.63666
PICAL_v35def_darkice,2074,8,labsea,MLD2,13.89300
PICAL_v35def_darkice,2074,9,labsea,MLD2,14.93158
PICAL_v35def_darkice,2074,10,labsea,MLD2,17.97113
PICAL_v35def_darkice,2074,11,labsea,MLD2,23.75980
PICAL_v35def_darkice,2074,12,labsea,MLD2,29.37364
PICAL_v35def_darkice,2074,1,interior,MLD2,32.53076
PICAL_v35def_darkice,2074,2,interior,MLD2,37.96131
PICAL_v35def_darkice,2074,3,interior,MLD2,38.23667
PICAL_v35def_darkice,2074,4,interior,MLD2,35.16728
PICAL_v35def_darkice,2074,5,interior,MLD2,30.37756
PICAL_v35def_darkice,2074,6,interior,MLD2,16.17204
PICAL_v35def_darkice,2074,7,interior,MLD2,11.38387
PICAL_v35def_darkice,2074,8,interior,MLD2,14.32552
PICAL_v35def_darkice,2074,9,interior,MLD2,15.96234
PICAL_v35def_darkice,2074,10,interior,MLD2,17.25753
PICAL_v35def_darkice,2074,11,interior,MLD2,24.40515
PICAL_v35def_darkice,2074,12,interior,MLD2,31.94293
PICAL_v35def_darkice,2075,1,labsea,a_ice,0.81055
PICAL_v35def_darkice,2075,2,labsea,a_ice,0.82750
PICAL_v35def_darkice,2075,3,labsea,a_ice,0.86218
PICAL_v35def_darkice,2075,4,labsea,a_ice,0.84652
PICAL_v35def_darkice,2075,5,labsea,a_ice,0.81430
PICAL_v35def_darkice,2075,6,labsea,a_ice,0.67311
PICAL_v35def_darkice,2075,7,labsea,a_ice,0.38756
PICAL_v35def_darkice,2075,8,labsea,a_ice,0.13359
PICAL_v35def_darkice,2075,9,labsea,a_ice,0.05485
PICAL_v35def_darkice,2075,10,labsea,a_ice,0.12843
PICAL_v35def_darkice,2075,11,labsea,a_ice,0.35678
PICAL_v35def_darkice,2075,12,labsea,a_ice,0.75818
PICAL_v35def_darkice,2075,1,interior,a_ice,0.89710
PICAL_v35def_darkice,2075,2,interior,a_ice,0.94748
PICAL_v35def_darkice,2075,3,interior,a_ice,0.93158
PICAL_v35def_darkice,2075,4,interior,a_ice,0.88289
PICAL_v35def_darkice,2075,5,interior,a_ice,0.86181
PICAL_v35def_darkice,2075,6,interior,a_ice,0.81615
PICAL_v35def_darkice,2075,7,interior,a_ice,0.54742
PICAL_v35def_darkice,2075,8,interior,a_ice,0.10197
PICAL_v35def_darkice,2075,9,interior,a_ice,0.00547
PICAL_v35def_darkice,2075,10,interior,a_ice,0.02938
PICAL_v35def_darkice,2075,11,interior,a_ice,0.29580
PICAL_v35def_darkice,2075,12,interior,a_ice,0.91135
PICAL_v35def_darkice,2075,1,labsea,MLD2,38.24569
PICAL_v35def_darkice,2075,2,labsea,MLD2,36.61445
PICAL_v35def_darkice,2075,3,labsea,MLD2,35.92239
PICAL_v35def_darkice,2075,4,labsea,MLD2,39.29153
PICAL_v35def_darkice,2075,5,labsea,MLD2,25.27769
PICAL_v35def_darkice,2075,6,labsea,MLD2,13.68422
PICAL_v35def_darkice,2075,7,labsea,MLD2,8.70789
PICAL_v35def_darkice,2075,8,labsea,MLD2,11.58563
PICAL_v35def_darkice,2075,9,labsea,MLD2,13.63295
PICAL_v35def_darkice,2075,10,labsea,MLD2,17.65870
PICAL_v35def_darkice,2075,11,labsea,MLD2,21.05734
PICAL_v35def_darkice,2075,12,labsea,MLD2,28.53759
PICAL_v35def_darkice,2075,1,interior,MLD2,38.91863
PICAL_v35def_darkice,2075,2,interior,MLD2,36.43579
PICAL_v35def_darkice,2075,3,interior,MLD2,39.24515
PICAL_v35def_darkice,2075,4,interior,MLD2,42.28315
PICAL_v35def_darkice,2075,5,interior,MLD2,26.36921
PICAL_v35def_darkice,2075,6,interior,MLD2,14.27275
PICAL_v35def_darkice,2075,7,interior,MLD2,8.78549
PICAL_v35def_darkice,2075,8,interior,MLD2,12.24614
PICAL_v35def_darkice,2075,9,interior,MLD2,13.82805
PICAL_v35def_darkice,2075,10,interior,MLD2,16.87839
PICAL_v35def_darkice,2075,11,interior,MLD2,20.36372
PICAL_v35def_darkice,2075,12,interior,MLD2,28.31646
PICAL_v35def_darkice,2076,1,labsea,a_ice,0.90969
PICAL_v35def_darkice,2076,2,labsea,a_ice,0.93867
PICAL_v35def_darkice,2076,3,labsea,a_ice,0.90561
PICAL_v35def_darkice,2076,4,labsea,a_ice,0.90193
PICAL_v35def_darkice,2076,5,labsea,a_ice,0.83339
PICAL_v35def_darkice,2076,6,labsea,a_ice,0.67715
PICAL_v35def_darkice,2076,7,labsea,a_ice,0.25834
PICAL_v35def_darkice,2076,8,labsea,a_ice,0.04443
PICAL_v35def_darkice,2076,9,labsea,a_ice,0.02684
PICAL_v35def_darkice,2076,10,labsea,a_ice,0.04803
PICAL_v35def_darkice,2076,11,labsea,a_ice,0.22946
PICAL_v35def_darkice,2076,12,labsea,a_ice,0.52351
PICAL_v35def_darkice,2076,1,interior,a_ice,0.95130
PICAL_v35def_darkice,2076,2,interior,a_ice,0.95841
PICAL_v35def_darkice,2076,3,interior,a_ice,0.94117
PICAL_v35def_darkice,2076,4,interior,a_ice,0.94138
PICAL_v35def_darkice,2076,5,interior,a_ice,0.89990
PICAL_v35def_darkice,2076,6,interior,a_ice,0.81824
PICAL_v35def_darkice,2076,7,interior,a_ice,0.20559
PICAL_v35def_darkice,2076,8,interior,a_ice,0.00160
PICAL_v35def_darkice,2076,9,interior,a_ice,0.00000
PICAL_v35def_darkice,2076,10,interior,a_ice,0.00023
PICAL_v35def_darkice,2076,11,interior,a_ice,0.18528
PICAL_v35def_darkice,2076,12,interior,a_ice,0.56950
PICAL_v35def_darkice,2076,1,labsea,MLD2,33.76021
PICAL_v35def_darkice,2076,2,labsea,MLD2,36.46834
PICAL_v35def_darkice,2076,3,labsea,MLD2,41.27457
PICAL_v35def_darkice,2076,4,labsea,MLD2,39.44308
PICAL_v35def_darkice,2076,5,labsea,MLD2,28.40672
PICAL_v35def_darkice,2076,6,labsea,MLD2,14.81952
PICAL_v35def_darkice,2076,7,labsea,MLD2,11.13829
PICAL_v35def_darkice,2076,8,labsea,MLD2,13.23032
PICAL_v35def_darkice,2076,9,labsea,MLD2,15.65235
PICAL_v35def_darkice,2076,10,labsea,MLD2,18.74067
PICAL_v35def_darkice,2076,11,labsea,MLD2,24.50231
PICAL_v35def_darkice,2076,12,labsea,MLD2,37.83159
PICAL_v35def_darkice,2076,1,interior,MLD2,31.98485
PICAL_v35def_darkice,2076,2,interior,MLD2,34.42224
PICAL_v35def_darkice,2076,3,interior,MLD2,39.30620
PICAL_v35def_darkice,2076,4,interior,MLD2,38.85580
PICAL_v35def_darkice,2076,5,interior,MLD2,30.54545
PICAL_v35def_darkice,2076,6,interior,MLD2,17.07078
PICAL_v35def_darkice,2076,7,interior,MLD2,11.27512
PICAL_v35def_darkice,2076,8,interior,MLD2,14.28387
PICAL_v35def_darkice,2076,9,interior,MLD2,16.04072
PICAL_v35def_darkice,2076,10,interior,MLD2,17.16889
PICAL_v35def_darkice,2076,11,interior,MLD2,22.83185
PICAL_v35def_darkice,2076,12,interior,MLD2,40.11015
PICAL_v35def_darkice,2077,1,labsea,a_ice,0.63361
PICAL_v35def_darkice,2077,2,labsea,a_ice,0.67133
PICAL_v35def_darkice,2077,3,labsea,a_ice,0.70926
PICAL_v35def_darkice,2077,4,labsea,a_ice,0.71475
PICAL_v35def_darkice,2077,5,labsea,a_ice,0.54962
PICAL_v35def_darkice,2077,6,labsea,a_ice,0.33893
PICAL_v35def_darkice,2077,7,labsea,a_ice,0.11900
PICAL_v35def_darkice,2077,8,labsea,a_ice,0.02478
PICAL_v35def_darkice,2077,9,labsea,a_ice,0.01036
PICAL_v35def_darkice,2077,10,labsea,a_ice,0.01733
PICAL_v35def_darkice,2077,11,labsea,a_ice,0.07506
PICAL_v35def_darkice,2077,12,labsea,a_ice,0.30547
PICAL_v35def_darkice,2077,1,interior,a_ice,0.60333
PICAL_v35def_darkice,2077,2,interior,a_ice,0.62520
PICAL_v35def_darkice,2077,3,interior,a_ice,0.67589
PICAL_v35def_darkice,2077,4,interior,a_ice,0.74607
PICAL_v35def_darkice,2077,5,interior,a_ice,0.65347
PICAL_v35def_darkice,2077,6,interior,a_ice,0.38853
PICAL_v35def_darkice,2077,7,interior,a_ice,0.11223
PICAL_v35def_darkice,2077,8,interior,a_ice,0.00287
PICAL_v35def_darkice,2077,9,interior,a_ice,0.00000
PICAL_v35def_darkice,2077,10,interior,a_ice,0.00004
PICAL_v35def_darkice,2077,11,interior,a_ice,0.00533
PICAL_v35def_darkice,2077,12,interior,a_ice,0.19449
PICAL_v35def_darkice,2077,1,labsea,MLD2,54.49633
PICAL_v35def_darkice,2077,2,labsea,MLD2,62.25340
PICAL_v35def_darkice,2077,3,labsea,MLD2,40.70513
PICAL_v35def_darkice,2077,4,labsea,MLD2,33.92420
PICAL_v35def_darkice,2077,5,labsea,MLD2,23.34490
PICAL_v35def_darkice,2077,6,labsea,MLD2,16.50285
PICAL_v35def_darkice,2077,7,labsea,MLD2,14.54250
PICAL_v35def_darkice,2077,8,labsea,MLD2,13.21323
PICAL_v35def_darkice,2077,9,labsea,MLD2,16.11452
PICAL_v35def_darkice,2077,10,labsea,MLD2,19.31568
PICAL_v35def_darkice,2077,11,labsea,MLD2,25.09612
PICAL_v35def_darkice,2077,12,labsea,MLD2,31.49884
PICAL_v35def_darkice,2077,1,interior,MLD2,60.71546
PICAL_v35def_darkice,2077,2,interior,MLD2,81.14267
PICAL_v35def_darkice,2077,3,interior,MLD2,43.69299
PICAL_v35def_darkice,2077,4,interior,MLD2,31.34114
PICAL_v35def_darkice,2077,5,interior,MLD2,23.51568
PICAL_v35def_darkice,2077,6,interior,MLD2,18.18546
PICAL_v35def_darkice,2077,7,interior,MLD2,15.44444
PICAL_v35def_darkice,2077,8,interior,MLD2,13.69042
PICAL_v35def_darkice,2077,9,interior,MLD2,16.27846
PICAL_v35def_darkice,2077,10,interior,MLD2,19.69134
PICAL_v35def_darkice,2077,11,interior,MLD2,25.38530
PICAL_v35def_darkice,2077,12,interior,MLD2,32.77478
PICAL_v35def_darkice,2078,1,labsea,a_ice,0.67865
PICAL_v35def_darkice,2078,2,labsea,a_ice,0.83755
PICAL_v35def_darkice,2078,3,labsea,a_ice,0.84377
PICAL_v35def_darkice,2078,4,labsea,a_ice,0.80001
PICAL_v35def_darkice,2078,5,labsea,a_ice,0.67302
PICAL_v35def_darkice,2078,6,labsea,a_ice,0.43789
PICAL_v35def_darkice,2078,7,labsea,a_ice,0.11567
PICAL_v35def_darkice,2078,8,labsea,a_ice,0.01638
PICAL_v35def_darkice,2078,9,labsea,a_ice,0.00808
PICAL_v35def_darkice,2078,10,labsea,a_ice,0.01503
PICAL_v35def_darkice,2078,11,labsea,a_ice,0.05136
PICAL_v35def_darkice,2078,12,labsea,a_ice,0.28184
PICAL_v35def_darkice,2078,1,interior,a_ice,0.81910
PICAL_v35def_darkice,2078,2,interior,a_ice,0.93922
PICAL_v35def_darkice,2078,3,interior,a_ice,0.90196
PICAL_v35def_darkice,2078,4,interior,a_ice,0.88109
PICAL_v35def_darkice,2078,5,interior,a_ice,0.74755
PICAL_v35def_darkice,2078,6,interior,a_ice,0.47916
PICAL_v35def_darkice,2078,7,interior,a_ice,0.08726
PICAL_v35def_darkice,2078,8,interior,a_ice,0.00000
PICAL_v35def_darkice,2078,9,interior,a_ice,0.00000
PICAL_v35def_darkice,2078,10,interior,a_ice,0.00000
PICAL_v35def_darkice,2078,11,interior,a_ice,0.00041
PICAL_v35def_darkice,2078,12,interior,a_ice,0.18003
PICAL_v35def_darkice,2078,1,labsea,MLD2,40.23334
PICAL_v35def_darkice,2078,2,labsea,MLD2,46.58263
PICAL_v35def_darkice,2078,3,labsea,MLD2,45.27634
PICAL_v35def_darkice,2078,4,labsea,MLD2,41.98117
PICAL_v35def_darkice,2078,5,labsea,MLD2,23.86432
PICAL_v35def_darkice,2078,6,labsea,MLD2,10.06779
PICAL_v35def_darkice,2078,7,labsea,MLD2,12.44626
PICAL_v35def_darkice,2078,8,labsea,MLD2,14.99376
PICAL_v35def_darkice,2078,9,labsea,MLD2,16.76403
PICAL_v35def_darkice,2078,10,labsea,MLD2,20.76020
PICAL_v35def_darkice,2078,11,labsea,MLD2,24.92711
PICAL_v35def_darkice,2078,12,labsea,MLD2,33.78172
PICAL_v35def_darkice,2078,1,interior,MLD2,38.91535
PICAL_v35def_darkice,2078,2,interior,MLD2,41.93817
PICAL_v35def_darkice,2078,3,interior,MLD2,44.16054
PICAL_v35def_darkice,2078,4,interior,MLD2,42.13188
PICAL_v35def_darkice,2078,5,interior,MLD2,24.71807
PICAL_v35def_darkice,2078,6,interior,MLD2,9.75311
PICAL_v35def_darkice,2078,7,interior,MLD2,12.80352
PICAL_v35def_darkice,2078,8,interior,MLD2,15.32457
PICAL_v35def_darkice,2078,9,interior,MLD2,16.31510
PICAL_v35def_darkice,2078,10,interior,MLD2,20.83537
PICAL_v35def_darkice,2078,11,interior,MLD2,25.25148
PICAL_v35def_darkice,2078,12,interior,MLD2,36.30717
PICAL_v35def_darkice,2079,1,labsea,a_ice,0.54993
PICAL_v35def_darkice,2079,2,labsea,a_ice,0.83561
PICAL_v35def_darkice,2079,3,labsea,a_ice,0.87429
PICAL_v35def_darkice,2079,4,labsea,a_ice,0.86124
PICAL_v35def_darkice,2079,5,labsea,a_ice,0.78550
PICAL_v35def_darkice,2079,6,labsea,a_ice,0.57498
PICAL_v35def_darkice,2079,7,labsea,a_ice,0.23848
PICAL_v35def_darkice,2079,8,labsea,a_ice,0.03766
PICAL_v35def_darkice,2079,9,labsea,a_ice,0.01026
PICAL_v35def_darkice,2079,10,labsea,a_ice,0.04701
PICAL_v35def_darkice,2079,11,labsea,a_ice,0.30235
PICAL_v35def_darkice,2079,12,labsea,a_ice,0.61466
PICAL_v35def_darkice,2079,1,interior,a_ice,0.58770
PICAL_v35def_darkice,2079,2,interior,a_ice,0.93356
PICAL_v35def_darkice,2079,3,interior,a_ice,0.96180
PICAL_v35def_darkice,2079,4,interior,a_ice,0.92154
PICAL_v35def_darkice,2079,5,interior,a_ice,0.90019
PICAL_v35def_darkice,2079,6,interior,a_ice,0.72720
PICAL_v35def_darkice,2079,7,interior,a_ice,0.20149
PICAL_v35def_darkice,2079,8,interior,a_ice,0.00676
PICAL_v35def_darkice,2079,9,interior,a_ice,0.00000
PICAL_v35def_darkice,2079,10,interior,a_ice,0.00002
PICAL_v35def_darkice,2079,11,interior,a_ice,0.21796
PICAL_v35def_darkice,2079,12,interior,a_ice,0.71722
PICAL_v35def_darkice,2079,1,labsea,MLD2,41.48344
PICAL_v35def_darkice,2079,2,labsea,MLD2,48.40913
PICAL_v35def_darkice,2079,3,labsea,MLD2,50.40335
PICAL_v35def_darkice,2079,4,labsea,MLD2,47.16726
PICAL_v35def_darkice,2079,5,labsea,MLD2,30.35542
PICAL_v35def_darkice,2079,6,labsea,MLD2,13.37974
PICAL_v35def_darkice,2079,7,labsea,MLD2,11.73606
PICAL_v35def_darkice,2079,8,labsea,MLD2,12.72005
PICAL_v35def_darkice,2079,9,labsea,MLD2,15.75855
PICAL_v35def_darkice,2079,10,labsea,MLD2,20.67475
PICAL_v35def_darkice,2079,11,labsea,MLD2,27.38196
PICAL_v35def_darkice,2079,12,labsea,MLD2,31.15407
PICAL_v35def_darkice,2079,1,interior,MLD2,44.18772
PICAL_v35def_darkice,2079,2,interior,MLD2,48.54221
PICAL_v35def_darkice,2079,3,interior,MLD2,50.53536
PICAL_v35def_darkice,2079,4,interior,MLD2,51.16311
PICAL_v35def_darkice,2079,5,interior,MLD2,37.43858
PICAL_v35def_darkice,2079,6,interior,MLD2,15.99713
PICAL_v35def_darkice,2079,7,interior,MLD2,12.18645
PICAL_v35def_darkice,2079,8,interior,MLD2,13.31731
PICAL_v35def_darkice,2079,9,interior,MLD2,17.12141
PICAL_v35def_darkice,2079,10,interior,MLD2,22.22116
PICAL_v35def_darkice,2079,11,interior,MLD2,28.47713
PICAL_v35def_darkice,2079,12,interior,MLD2,31.93840
PICAL_v35def_darkice,2080,1,labsea,a_ice,0.82840
PICAL_v35def_darkice,2080,2,labsea,a_ice,0.91724
PICAL_v35def_darkice,2080,3,labsea,a_ice,0.87340
PICAL_v35def_darkice,2080,4,labsea,a_ice,0.84410
PICAL_v35def_darkice,2080,5,labsea,a_ice,0.75680
PICAL_v35def_darkice,2080,6,labsea,a_ice,0.56339
PICAL_v35def_darkice,2080,7,labsea,a_ice,0.22335
PICAL_v35def_darkice,2080,8,labsea,a_ice,0.03468
PICAL_v35def_darkice,2080,9,labsea,a_ice,0.02382
PICAL_v35def_darkice,2080,10,labsea,a_ice,0.03578
PICAL_v35def_darkice,2080,11,labsea,a_ice,0.09126
PICAL_v35def_darkice,2080,12,labsea,a_ice,0.39943
PICAL_v35def_darkice,2080,1,interior,a_ice,0.94458
PICAL_v35def_darkice,2080,2,interior,a_ice,0.95180
PICAL_v35def_darkice,2080,3,interior,a_ice,0.91874
PICAL_v35def_darkice,2080,4,interior,a_ice,0.89290
PICAL_v35def_darkice,2080,5,interior,a_ice,0.82449
PICAL_v35def_darkice,2080,6,interior,a_ice,0.55677
PICAL_v35def_darkice,2080,7,interior,a_ice,0.23363
PICAL_v35def_darkice,2080,8,interior,a_ice,0.00020
PICAL_v35def_darkice,2080,9,interior,a_ice,0.00004
PICAL_v35def_darkice,2080,10,interior,a_ice,0.00015
PICAL_v35def_darkice,2080,11,interior,a_ice,0.01855
PICAL_v35def_darkice,2080,12,interior,a_ice,0.32218
PICAL_v35def_darkice,2080,1,labsea,MLD2,34.25908
PICAL_v35def_darkice,2080,2,labsea,MLD2,37.59796
PICAL_v35def_darkice,2080,3,labsea,MLD2,41.54210
PICAL_v35def_darkice,2080,4,labsea,MLD2,38.38481
PICAL_v35def_darkice,2080,5,labsea,MLD2,29.04706
PICAL_v35def_darkice,2080,6,labsea,MLD2,17.58075
PICAL_v35def_darkice,2080,7,labsea,MLD2,10.83110
PICAL_v35def_darkice,2080,8,labsea,MLD2,12.86558
PICAL_v35def_darkice,2080,9,labsea,MLD2,15.86021
PICAL_v35def_darkice,2080,10,labsea,MLD2,18.55099
PICAL_v35def_darkice,2080,11,labsea,MLD2,24.88441
PICAL_v35def_darkice,2080,12,labsea,MLD2,27.76720
PICAL_v35def_darkice,2080,1,interior,MLD2,33.80843
PICAL_v35def_darkice,2080,2,interior,MLD2,36.49876
PICAL_v35def_darkice,2080,3,interior,MLD2,39.91248
PICAL_v35def_darkice,2080,4,interior,MLD2,37.26752
PICAL_v35def_darkice,2080,5,interior,MLD2,30.16038
PICAL_v35def_darkice,2080,6,interior,MLD2,19.51545
PICAL_v35def_darkice,2080,7,interior,MLD2,10.93339
PICAL_v35def_darkice,2080,8,interior,MLD2,14.45590
PICAL_v35def_darkice,2080,9,interior,MLD2,16.78191
PICAL_v35def_darkice,2080,10,interior,MLD2,17.98803
PICAL_v35def_darkice,2080,11,interior,MLD2,25.13033
PICAL_v35def_darkice,2080,12,interior,MLD2,26.50589
PICAL_v35def_darkice,2081,1,labsea,a_ice,0.76329
PICAL_v35def_darkice,2081,2,labsea,a_ice,0.90333
PICAL_v35def_darkice,2081,3,labsea,a_ice,0.87507
PICAL_v35def_darkice,2081,4,labsea,a_ice,0.76413
PICAL_v35def_darkice,2081,5,labsea,a_ice,0.65311
PICAL_v35def_darkice,2081,6,labsea,a_ice,0.43245
PICAL_v35def_darkice,2081,7,labsea,a_ice,0.11537
PICAL_v35def_darkice,2081,8,labsea,a_ice,0.00712
PICAL_v35def_darkice,2081,9,labsea,a_ice,0.00238
PICAL_v35def_darkice,2081,10,labsea,a_ice,0.00201
PICAL_v35def_darkice,2081,11,labsea,a_ice,0.04598
PICAL_v35def_darkice,2081,12,labsea,a_ice,0.50020
PICAL_v35def_darkice,2081,1,interior,a_ice,0.87206
PICAL_v35def_darkice,2081,2,interior,a_ice,0.94139
PICAL_v35def_darkice,2081,3,interior,a_ice,0.89882
PICAL_v35def_darkice,2081,4,interior,a_ice,0.78053
PICAL_v35def_darkice,2081,5,interior,a_ice,0.65623
PICAL_v35def_darkice,2081,6,interior,a_ice,0.48085
PICAL_v35def_darkice,2081,7,interior,a_ice,0.11308
PICAL_v35def_darkice,2081,8,interior,a_ice,0.00000
PICAL_v35def_darkice,2081,9,interior,a_ice,0.00000
PICAL_v35def_darkice,2081,10,interior,a_ice,0.00007
PICAL_v35def_darkice,2081,11,interior,a_ice,0.00109
PICAL_v35def_darkice,2081,12,interior,a_ice,0.48033
PICAL_v35def_darkice,2081,1,labsea,MLD2,32.51629
PICAL_v35def_darkice,2081,2,labsea,MLD2,37.08791
PICAL_v35def_darkice,2081,3,labsea,MLD2,41.87200
PICAL_v35def_darkice,2081,4,labsea,MLD2,45.93721
PICAL_v35def_darkice,2081,5,labsea,MLD2,25.99463
PICAL_v35def_darkice,2081,6,labsea,MLD2,13.30375
PICAL_v35def_darkice,2081,7,labsea,MLD2,11.47512
PICAL_v35def_darkice,2081,8,labsea,MLD2,13.54410
PICAL_v35def_darkice,2081,9,labsea,MLD2,15.12804
PICAL_v35def_darkice,2081,10,labsea,MLD2,19.12822
PICAL_v35def_darkice,2081,11,labsea,MLD2,24.94440
PICAL_v35def_darkice,2081,12,labsea,MLD2,31.73907
PICAL_v35def_darkice,2081,1,interior,MLD2,30.31738
PICAL_v35def_darkice,2081,2,interior,MLD2,34.69810
PICAL_v35def_darkice,2081,3,interior,MLD2,38.67429
PICAL_v35def_darkice,2081,4,interior,MLD2,38.74743
PICAL_v35def_darkice,2081,5,interior,MLD2,25.87771
PICAL_v35def_darkice,2081,6,interior,MLD2,13.93710
PICAL_v35def_darkice,2081,7,interior,MLD2,12.15039
PICAL_v35def_darkice,2081,8,interior,MLD2,14.90314
PICAL_v35def_darkice,2081,9,interior,MLD2,16.09586
PICAL_v35def_darkice,2081,10,interior,MLD2,19.83187
PICAL_v35def_darkice,2081,11,interior,MLD2,25.77012
PICAL_v35def_darkice,2081,12,interior,MLD2,31.42299
PICAL_v35def_darkice,2082,1,labsea,a_ice,0.89898
PICAL_v35def_darkice,2082,2,labsea,a_ice,0.93551
PICAL_v35def_darkice,2082,3,labsea,a_ice,0.93874
PICAL_v35def_darkice,2082,4,labsea,a_ice,0.90198
PICAL_v35def_darkice,2082,5,labsea,a_ice,0.80767
PICAL_v35def_darkice,2082,6,labsea,a_ice,0.57453
PICAL_v35def_darkice,2082,7,labsea,a_ice,0.22508
PICAL_v35def_darkice,2082,8,labsea,a_ice,0.04884
PICAL_v35def_darkice,2082,9,labsea,a_ice,0.01675
PICAL_v35def_darkice,2082,10,labsea,a_ice,0.07681
PICAL_v35def_darkice,2082,11,labsea,a_ice,0.25754
PICAL_v35def_darkice,2082,12,labsea,a_ice,0.70920
PICAL_v35def_darkice,2082,1,interior,a_ice,0.95879
PICAL_v35def_darkice,2082,2,interior,a_ice,0.96072
PICAL_v35def_darkice,2082,3,interior,a_ice,0.96329
PICAL_v35def_darkice,2082,4,interior,a_ice,0.93710
PICAL_v35def_darkice,2082,5,interior,a_ice,0.87964
PICAL_v35def_darkice,2082,6,interior,a_ice,0.63574
PICAL_v35def_darkice,2082,7,interior,a_ice,0.21867
PICAL_v35def_darkice,2082,8,interior,a_ice,0.01973
PICAL_v35def_darkice,2082,9,interior,a_ice,0.00000
PICAL_v35def_darkice,2082,10,interior,a_ice,0.00079
PICAL_v35def_darkice,2082,11,interior,a_ice,0.12257
PICAL_v35def_darkice,2082,12,interior,a_ice,0.82217
PICAL_v35def_darkice,2082,1,labsea,MLD2,35.19782
PICAL_v35def_darkice,2082,2,labsea,MLD2,40.21583
PICAL_v35def_darkice,2082,3,labsea,MLD2,43.64534
PICAL_v35def_darkice,2082,4,labsea,MLD2,44.16423
PICAL_v35def_darkice,2082,5,labsea,MLD2,35.90423
PICAL_v35def_darkice,2082,6,labsea,MLD2,15.92690
PICAL_v35def_darkice,2082,7,labsea,MLD2,11.69542
PICAL_v35def_darkice,2082,8,labsea,MLD2,12.62419
PICAL_v35def_darkice,2082,9,labsea,MLD2,15.30594
PICAL_v35def_darkice,2082,10,labsea,MLD2,20.45511
PICAL_v35def_darkice,2082,11,labsea,MLD2,25.25178
PICAL_v35def_darkice,2082,12,labsea,MLD2,29.77969
PICAL_v35def_darkice,2082,1,interior,MLD2,35.03081
PICAL_v35def_darkice,2082,2,interior,MLD2,39.99864
PICAL_v35def_darkice,2082,3,interior,MLD2,43.50227
PICAL_v35def_darkice,2082,4,interior,MLD2,45.99141
PICAL_v35def_darkice,2082,5,interior,MLD2,37.93722
PICAL_v35def_darkice,2082,6,interior,MLD2,15.41962
PICAL_v35def_darkice,2082,7,interior,MLD2,11.85970
PICAL_v35def_darkice,2082,8,interior,MLD2,12.64255
PICAL_v35def_darkice,2082,9,interior,MLD2,15.49430
PICAL_v35def_darkice,2082,10,interior,MLD2,20.30563
PICAL_v35def_darkice,2082,11,interior,MLD2,25.70472
PICAL_v35def_darkice,2082,12,interior,MLD2,31.40154
PICAL_v35def_darkice,2083,1,labsea,a_ice,0.89605
PICAL_v35def_darkice,2083,2,labsea,a_ice,0.90592
PICAL_v35def_darkice,2083,3,labsea,a_ice,0.89779
PICAL_v35def_darkice,2083,4,labsea,a_ice,0.86142
PICAL_v35def_darkice,2083,5,labsea,a_ice,0.81167
PICAL_v35def_darkice,2083,6,labsea,a_ice,0.64234
PICAL_v35def_darkice,2083,7,labsea,a_ice,0.26603
PICAL_v35def_darkice,2083,8,labsea,a_ice,0.04409
PICAL_v35def_darkice,2083,9,labsea,a_ice,0.00440
PICAL_v35def_darkice,2083,10,labsea,a_ice,0.00453
PICAL_v35def_darkice,2083,11,labsea,a_ice,0.11454
PICAL_v35def_darkice,2083,12,labsea,a_ice,0.48599
PICAL_v35def_darkice,2083,1,interior,a_ice,0.94316
PICAL_v35def_darkice,2083,2,interior,a_ice,0.94239
PICAL_v35def_darkice,2083,3,interior,a_ice,0.91976
PICAL_v35def_darkice,2083,4,interior,a_ice,0.90141
PICAL_v35def_darkice,2083,5,interior,a_ice,0.86123
PICAL_v35def_darkice,2083,6,interior,a_ice,0.75024
PICAL_v35def_darkice,2083,7,interior,a_ice,0.34229
PICAL_v35def_darkice,2083,8,interior,a_ice,0.01117
PICAL_v35def_darkice,2083,9,interior,a_ice,0.00000
PICAL_v35def_darkice,2083,10,interior,a_ice,0.00000
PICAL_v35def_darkice,2083,11,interior,a_ice,0.03203
PICAL_v35def_darkice,2083,12,interior,a_ice,0.47357
PICAL_v35def_darkice,2083,1,labsea,MLD2,35.45889
PICAL_v35def_darkice,2083,2,labsea,MLD2,40.85235
PICAL_v35def_darkice,2083,3,labsea,MLD2,44.46439
PICAL_v35def_darkice,2083,4,labsea,MLD2,44.76389
PICAL_v35def_darkice,2083,5,labsea,MLD2,25.13575
PICAL_v35def_darkice,2083,6,labsea,MLD2,11.98207
PICAL_v35def_darkice,2083,7,labsea,MLD2,8.53886
PICAL_v35def_darkice,2083,8,labsea,MLD2,11.64012
PICAL_v35def_darkice,2083,9,labsea,MLD2,15.80847
PICAL_v35def_darkice,2083,10,labsea,MLD2,17.33705
PICAL_v35def_darkice,2083,11,labsea,MLD2,22.23664
PICAL_v35def_darkice,2083,12,labsea,MLD2,28.97577
PICAL_v35def_darkice,2083,1,interior,MLD2,36.42878
PICAL_v35def_darkice,2083,2,interior,MLD2,41.35303
PICAL_v35def_darkice,2083,3,interior,MLD2,44.35171
PICAL_v35def_darkice,2083,4,interior,MLD2,45.51046
PICAL_v35def_darkice,2083,5,interior,MLD2,28.04427
PICAL_v35def_darkice,2083,6,interior,MLD2,13.14209
PICAL_v35def_darkice,2083,7,interior,MLD2,8.19271
PICAL_v35def_darkice,2083,8,interior,MLD2,11.64474
PICAL_v35def_darkice,2083,9,interior,MLD2,16.28653
PICAL_v35def_darkice,2083,10,interior,MLD2,17.10827
PICAL_v35def_darkice,2083,11,interior,MLD2,22.21260
PICAL_v35def_darkice,2083,12,interior,MLD2,28.90950
PICAL_v35def_darkice,2084,1,labsea,a_ice,0.85635
PICAL_v35def_darkice,2084,2,labsea,a_ice,0.93293
PICAL_v35def_darkice,2084,3,labsea,a_ice,0.93396
PICAL_v35def_darkice,2084,4,labsea,a_ice,0.90230
PICAL_v35def_darkice,2084,5,labsea,a_ice,0.85200
PICAL_v35def_darkice,2084,6,labsea,a_ice,0.70608
PICAL_v35def_darkice,2084,7,labsea,a_ice,0.45527
PICAL_v35def_darkice,2084,8,labsea,a_ice,0.21977
PICAL_v35def_darkice,2084,9,labsea,a_ice,0.11886
PICAL_v35def_darkice,2084,10,labsea,a_ice,0.16317
PICAL_v35def_darkice,2084,11,labsea,a_ice,0.35699
PICAL_v35def_darkice,2084,12,labsea,a_ice,0.62286
PICAL_v35def_darkice,2084,1,interior,a_ice,0.92611
PICAL_v35def_darkice,2084,2,interior,a_ice,0.96372
PICAL_v35def_darkice,2084,3,interior,a_ice,0.95471
PICAL_v35def_darkice,2084,4,interior,a_ice,0.92740
PICAL_v35def_darkice,2084,5,interior,a_ice,0.90676
PICAL_v35def_darkice,2084,6,interior,a_ice,0.81411
PICAL_v35def_darkice,2084,7,interior,a_ice,0.53782
PICAL_v35def_darkice,2084,8,interior,a_ice,0.28057
PICAL_v35def_darkice,2084,9,interior,a_ice,0.13882
PICAL_v35def_darkice,2084,10,interior,a_ice,0.14206
PICAL_v35def_darkice,2084,11,interior,a_ice,0.42018
PICAL_v35def_darkice,2084,12,interior,a_ice,0.78027
PICAL_v35def_darkice,2084,1,labsea,MLD2,33.60280
PICAL_v35def_darkice,2084,2,labsea,MLD2,35.99828
PICAL_v35def_darkice,2084,3,labsea,MLD2,39.03477
PICAL_v35def_darkice,2084,4,labsea,MLD2,37.85903
PICAL_v35def_darkice,2084,5,labsea,MLD2,28.44109
PICAL_v35def_darkice,2084,6,labsea,MLD2,11.30953
PICAL_v35def_darkice,2084,7,labsea,MLD2,9.32022
PICAL_v35def_darkice,2084,8,labsea,MLD2,10.12680
PICAL_v35def_darkice,2084,9,labsea,MLD2,13.90324
PICAL_v35def_darkice,2084,10,labsea,MLD2,17.12467
PICAL_v35def_darkice,2084,11,labsea,MLD2,21.41404
PICAL_v35def_darkice,2084,12,labsea,MLD2,26.41074
PICAL_v35def_darkice,2084,1,interior,MLD2,31.26038
PICAL_v35def_darkice,2084,2,interior,MLD2,34.51131
PICAL_v35def_darkice,2084,3,interior,MLD2,38.23935
PICAL_v35def_darkice,2084,4,interior,MLD2,37.44978
PICAL_v35def_darkice,2084,5,interior,MLD2,29.18555
PICAL_v35def_darkice,2084,6,interior,MLD2,10.52684
PICAL_v35def_darkice,2084,7,interior,MLD2,8.81384
PICAL_v35def_darkice,2084,8,interior,MLD2,8.96455
PICAL_v35def_darkice,2084,9,interior,MLD2,14.43051
PICAL_v35def_darkice,2084,10,interior,MLD2,17.61688
PICAL_v35def_darkice,2084,11,interior,MLD2,21.49137
PICAL_v35def_darkice,2084,12,interior,MLD2,24.97387
PICAL_v35def_darkice,2085,1,labsea,a_ice,0.82083
PICAL_v35def_darkice,2085,2,labsea,a_ice,0.90573
PICAL_v35def_darkice,2085,3,labsea,a_ice,0.91142
PICAL_v35def_darkice,2085,4,labsea,a_ice,0.87987
PICAL_v35def_darkice,2085,5,labsea,a_ice,0.86271
PICAL_v35def_darkice,2085,6,labsea,a_ice,0.72131
PICAL_v35def_darkice,2085,7,labsea,a_ice,0.38075
PICAL_v35def_darkice,2085,8,labsea,a_ice,0.08203
PICAL_v35def_darkice,2085,9,labsea,a_ice,0.03171
PICAL_v35def_darkice,2085,10,labsea,a_ice,0.02846
PICAL_v35def_darkice,2085,11,labsea,a_ice,0.16540
PICAL_v35def_darkice,2085,12,labsea,a_ice,0.40873
PICAL_v35def_darkice,2085,1,interior,a_ice,0.94373
PICAL_v35def_darkice,2085,2,interior,a_ice,0.95189
PICAL_v35def_darkice,2085,3,interior,a_ice,0.95061
PICAL_v35def_darkice,2085,4,interior,a_ice,0.94562
PICAL_v35def_darkice,2085,5,interior,a_ice,0.94403
PICAL_v35def_darkice,2085,6,interior,a_ice,0.83768
PICAL_v35def_darkice,2085,7,interior,a_ice,0.41276
PICAL_v35def_darkice,2085,8,interior,a_ice,0.03653
PICAL_v35def_darkice,2085,9,interior,a_ice,0.00037
PICAL_v35def_darkice,2085,10,interior,a_ice,0.00000
PICAL_v35def_darkice,2085,11,interior,a_ice,0.04795
PICAL_v35def_darkice,2085,12,interior,a_ice,0.35975
PICAL_v35def_darkice,2085,1,labsea,MLD2,31.49095
PICAL_v35def_darkice,2085,2,labsea,MLD2,35.00256
PICAL_v35def_darkice,2085,3,labsea,MLD2,40.46915
PICAL_v35def_darkice,2085,4,labsea,MLD2,36.78465
PICAL_v35def_darkice,2085,5,labsea,MLD2,27.47073
PICAL_v35def_darkice,2085,6,labsea,MLD2,15.02923
PICAL_v35def_darkice,2085,7,labsea,MLD2,9.76265
PICAL_v35def_darkice,2085,8,labsea,MLD2,11.98769
PICAL_v35def_darkice,2085,9,labsea,MLD2,15.27103
PICAL_v35def_darkice,2085,10,labsea,MLD2,18.37487
PICAL_v35def_darkice,2085,11,labsea,MLD2,23.90396
PICAL_v35def_darkice,2085,12,labsea,MLD2,33.65967
PICAL_v35def_darkice,2085,1,interior,MLD2,32.97092
PICAL_v35def_darkice,2085,2,interior,MLD2,37.07591
PICAL_v35def_darkice,2085,3,interior,MLD2,42.53826
PICAL_v35def_darkice,2085,4,interior,MLD2,41.01313
PICAL_v35def_darkice,2085,5,interior,MLD2,33.17411
PICAL_v35def_darkice,2085,6,interior,MLD2,18.31592
PICAL_v35def_darkice,2085,7,interior,MLD2,10.01882
PICAL_v35def_darkice,2085,8,interior,MLD2,12.65713
PICAL_v35def_darkice,2085,9,interior,MLD2,15.89611
PICAL_v35def_darkice,2085,10,interior,MLD2,18.67615
PICAL_v35def_darkice,2085,11,interior,MLD2,24.70765
PICAL_v35def_darkice,2085,12,interior,MLD2,35.46526
PICAL_v35def_darkice,2086,1,labsea,a_ice,0.64616
PICAL_v35def_darkice,2086,2,labsea,a_ice,0.72117
PICAL_v35def_darkice,2086,3,labsea,a_ice,0.74372
PICAL_v35def_darkice,2086,4,labsea,a_ice,0.69038
PICAL_v35def_darkice,2086,5,labsea,a_ice,0.66219
PICAL_v35def_darkice,2086,6,labsea,a_ice,0.55503
PICAL_v35def_darkice,2086,7,labsea,a_ice,0.32252
PICAL_v35def_darkice,2086,8,labsea,a_ice,0.09953
PICAL_v35def_darkice,2086,9,labsea,a_ice,0.02099
PICAL_v35def_darkice,2086,10,labsea,a_ice,0.01491
PICAL_v35def_darkice,2086,11,labsea,a_ice,0.19746
PICAL_v35def_darkice,2086,12,labsea,a_ice,0.41354
PICAL_v35def_darkice,2086,1,interior,a_ice,0.67487
PICAL_v35def_darkice,2086,2,interior,a_ice,0.78733
PICAL_v35def_darkice,2086,3,interior,a_ice,0.87098
PICAL_v35def_darkice,2086,4,interior,a_ice,0.88812
PICAL_v35def_darkice,2086,5,interior,a_ice,0.80622
PICAL_v35def_darkice,2086,6,interior,a_ice,0.68617
PICAL_v35def_darkice,2086,7,interior,a_ice,0.25624
PICAL_v35def_darkice,2086,8,interior,a_ice,0.02585
PICAL_v35def_darkice,2086,9,interior,a_ice,0.00152
PICAL_v35def_darkice,2086,10,interior,a_ice,0.00093
PICAL_v35def_darkice,2086,11,interior,a_ice,0.04368
PICAL_v35def_darkice,2086,12,interior,a_ice,0.38844
PICAL_v35def_darkice,2086,1,labsea,MLD2,79.21674
PICAL_v35def_darkice,2086,2,labsea,MLD2,231.62371
PICAL_v35def_darkice,2086,3,labsea,MLD2,116.99963
PICAL_v35def_darkice,2086,4,labsea,MLD2,33.04983
PICAL_v35def_darkice,2086,5,labsea,MLD2,30.94137
PICAL_v35def_darkice,2086,6,labsea,MLD2,15.38600
PICAL_v35def_darkice,2086,7,labsea,MLD2,11.40772
PICAL_v35def_darkice,2086,8,labsea,MLD2,10.14588
PICAL_v35def_darkice,2086,9,labsea,MLD2,13.61190
PICAL_v35def_darkice,2086,10,labsea,MLD2,17.31054
PICAL_v35def_darkice,2086,11,labsea,MLD2,23.42037
PICAL_v35def_darkice,2086,12,labsea,MLD2,30.97122
PICAL_v35def_darkice,2086,1,interior,MLD2,90.62583
PICAL_v35def_darkice,2086,2,interior,MLD2,303.73524
PICAL_v35def_darkice,2086,3,interior,MLD2,75.37814
PICAL_v35def_darkice,2086,4,interior,MLD2,34.45302
PICAL_v35def_darkice,2086,5,interior,MLD2,32.51741
PICAL_v35def_darkice,2086,6,interior,MLD2,15.81410
PICAL_v35def_darkice,2086,7,interior,MLD2,11.76516
PICAL_v35def_darkice,2086,8,interior,MLD2,11.04468
PICAL_v35def_darkice,2086,9,interior,MLD2,15.21558
PICAL_v35def_darkice,2086,10,interior,MLD2,17.92508
PICAL_v35def_darkice,2086,11,interior,MLD2,25.64811
PICAL_v35def_darkice,2086,12,interior,MLD2,33.65652
PICAL_v35def_darkice,2087,1,labsea,a_ice,0.61404
PICAL_v35def_darkice,2087,2,labsea,a_ice,0.81381
PICAL_v35def_darkice,2087,3,labsea,a_ice,0.83226
PICAL_v35def_darkice,2087,4,labsea,a_ice,0.83913
PICAL_v35def_darkice,2087,5,labsea,a_ice,0.76831
PICAL_v35def_darkice,2087,6,labsea,a_ice,0.62341
PICAL_v35def_darkice,2087,7,labsea,a_ice,0.36944
PICAL_v35def_darkice,2087,8,labsea,a_ice,0.15550
PICAL_v35def_darkice,2087,9,labsea,a_ice,0.08694
PICAL_v35def_darkice,2087,10,labsea,a_ice,0.07340
PICAL_v35def_darkice,2087,11,labsea,a_ice,0.29722
PICAL_v35def_darkice,2087,12,labsea,a_ice,0.72628
PICAL_v35def_darkice,2087,1,interior,a_ice,0.72192
PICAL_v35def_darkice,2087,2,interior,a_ice,0.92763
PICAL_v35def_darkice,2087,3,interior,a_ice,0.90131
PICAL_v35def_darkice,2087,4,interior,a_ice,0.90350
PICAL_v35def_darkice,2087,5,interior,a_ice,0.89294
PICAL_v35def_darkice,2087,6,interior,a_ice,0.78661
PICAL_v35def_darkice,2087,7,interior,a_ice,0.36198
PICAL_v35def_darkice,2087,8,interior,a_ice,0.04148
PICAL_v35def_darkice,2087,9,interior,a_ice,0.00851
PICAL_v35def_darkice,2087,10,interior,a_ice,0.00381
PICAL_v35def_darkice,2087,11,interior,a_ice,0.19885
PICAL_v35def_darkice,2087,12,interior,a_ice,0.81550
PICAL_v35def_darkice,2087,1,labsea,MLD2,49.27459
PICAL_v35def_darkice,2087,2,labsea,MLD2,66.18170
PICAL_v35def_darkice,2087,3,labsea,MLD2,54.36120
PICAL_v35def_darkice,2087,4,labsea,MLD2,46.30830
PICAL_v35def_darkice,2087,5,labsea,MLD2,23.29502
PICAL_v35def_darkice,2087,6,labsea,MLD2,13.69272
PICAL_v35def_darkice,2087,7,labsea,MLD2,10.91949
PICAL_v35def_darkice,2087,8,labsea,MLD2,12.68457
PICAL_v35def_darkice,2087,9,labsea,MLD2,14.32311
PICAL_v35def_darkice,2087,10,labsea,MLD2,18.07430
PICAL_v35def_darkice,2087,11,labsea,MLD2,22.37398
PICAL_v35def_darkice,2087,12,labsea,MLD2,28.91172
PICAL_v35def_darkice,2087,1,interior,MLD2,45.76132
PICAL_v35def_darkice,2087,2,interior,MLD2,51.08687
PICAL_v35def_darkice,2087,3,interior,MLD2,58.65590
PICAL_v35def_darkice,2087,4,interior,MLD2,49.68417
PICAL_v35def_darkice,2087,5,interior,MLD2,28.28663
PICAL_v35def_darkice,2087,6,interior,MLD2,14.41599
PICAL_v35def_darkice,2087,7,interior,MLD2,10.99728
PICAL_v35def_darkice,2087,8,interior,MLD2,14.83838
PICAL_v35def_darkice,2087,9,interior,MLD2,16.26311
PICAL_v35def_darkice,2087,10,interior,MLD2,19.56902
PICAL_v35def_darkice,2087,11,interior,MLD2,22.89885
PICAL_v35def_darkice,2087,12,interior,MLD2,27.82914
PICAL_v35def_darkice,2088,1,labsea,a_ice,0.91227
PICAL_v35def_darkice,2088,2,labsea,a_ice,0.90707
PICAL_v35def_darkice,2088,3,labsea,a_ice,0.89349
PICAL_v35def_darkice,2088,4,labsea,a_ice,0.92553
PICAL_v35def_darkice,2088,5,labsea,a_ice,0.89425
PICAL_v35def_darkice,2088,6,labsea,a_ice,0.73557
PICAL_v35def_darkice,2088,7,labsea,a_ice,0.44870
PICAL_v35def_darkice,2088,8,labsea,a_ice,0.22511
PICAL_v35def_darkice,2088,9,labsea,a_ice,0.13490
PICAL_v35def_darkice,2088,10,labsea,a_ice,0.19200
PICAL_v35def_darkice,2088,11,labsea,a_ice,0.49046
PICAL_v35def_darkice,2088,12,labsea,a_ice,0.76616
PICAL_v35def_darkice,2088,1,interior,a_ice,0.95085
PICAL_v35def_darkice,2088,2,interior,a_ice,0.94969
PICAL_v35def_darkice,2088,3,interior,a_ice,0.94212
PICAL_v35def_darkice,2088,4,interior,a_ice,0.96246
PICAL_v35def_darkice,2088,5,interior,a_ice,0.94997
PICAL_v35def_darkice,2088,6,interior,a_ice,0.81464
PICAL_v35def_darkice,2088,7,interior,a_ice,0.52273
PICAL_v35def_darkice,2088,8,interior,a_ice,0.22674
PICAL_v35def_darkice,2088,9,interior,a_ice,0.13835
PICAL_v35def_darkice,2088,10,interior,a_ice,0.16522
PICAL_v35def_darkice,2088,11,interior,a_ice,0.65617
PICAL_v35def_darkice,2088,12,interior,a_ice,0.92068
PICAL_v35def_darkice,2088,1,labsea,MLD2,36.79732
PICAL_v35def_darkice,2088,2,labsea,MLD2,41.99786
PICAL_v35def_darkice,2088,3,labsea,MLD2,45.77003
PICAL_v35def_darkice,2088,4,labsea,MLD2,40.07548
PICAL_v35def_darkice,2088,5,labsea,MLD2,32.61351
PICAL_v35def_darkice,2088,6,labsea,MLD2,18.17000
PICAL_v35def_darkice,2088,7,labsea,MLD2,11.02249
PICAL_v35def_darkice,2088,8,labsea,MLD2,10.69381
PICAL_v35def_darkice,2088,9,labsea,MLD2,14.91208
PICAL_v35def_darkice,2088,10,labsea,MLD2,18.46690
PICAL_v35def_darkice,2088,11,labsea,MLD2,20.73330
PICAL_v35def_darkice,2088,12,labsea,MLD2,25.39451
PICAL_v35def_darkice,2088,1,interior,MLD2,35.37119
PICAL_v35def_darkice,2088,2,interior,MLD2,42.42382
PICAL_v35def_darkice,2088,3,interior,MLD2,44.44993
PICAL_v35def_darkice,2088,4,interior,MLD2,42.01164
PICAL_v35def_darkice,2088,5,interior,MLD2,35.77355
PICAL_v35def_darkice,2088,6,interior,MLD2,20.49502
PICAL_v35def_darkice,2088,7,interior,MLD2,11.63992
PICAL_v35def_darkice,2088,8,interior,MLD2,10.53644
PICAL_v35def_darkice,2088,9,interior,MLD2,14.97593
PICAL_v35def_darkice,2088,10,interior,MLD2,16.38013
PICAL_v35def_darkice,2088,11,interior,MLD2,17.60547
PICAL_v35def_darkice,2088,12,interior,MLD2,23.58952
PICAL_v35def_darkice,2089,1,labsea,a_ice,0.91677
PICAL_v35def_darkice,2089,2,labsea,a_ice,0.91870
PICAL_v35def_darkice,2089,3,labsea,a_ice,0.88443
PICAL_v35def_darkice,2089,4,labsea,a_ice,0.90475
PICAL_v35def_darkice,2089,5,labsea,a_ice,0.90350
PICAL_v35def_darkice,2089,6,labsea,a_ice,0.71628
PICAL_v35def_darkice,2089,7,labsea,a_ice,0.40150
PICAL_v35def_darkice,2089,8,labsea,a_ice,0.11389
PICAL_v35def_darkice,2089,9,labsea,a_ice,0.05444
PICAL_v35def_darkice,2089,10,labsea,a_ice,0.05306
PICAL_v35def_darkice,2089,11,labsea,a_ice,0.12359
PICAL_v35def_darkice,2089,12,labsea,a_ice,0.45183
PICAL_v35def_darkice,2089,1,interior,a_ice,0.94439
PICAL_v35def_darkice,2089,2,interior,a_ice,0.93928
PICAL_v35def_darkice,2089,3,interior,a_ice,0.89489
PICAL_v35def_darkice,2089,4,interior,a_ice,0.94857
PICAL_v35def_darkice,2089,5,interior,a_ice,0.96515
PICAL_v35def_darkice,2089,6,interior,a_ice,0.85527
PICAL_v35def_darkice,2089,7,interior,a_ice,0.44600
PICAL_v35def_darkice,2089,8,interior,a_ice,0.04851
PICAL_v35def_darkice,2089,9,interior,a_ice,0.00000
PICAL_v35def_darkice,2089,10,interior,a_ice,0.00000
PICAL_v35def_darkice,2089,11,interior,a_ice,0.01096
PICAL_v35def_darkice,2089,12,interior,a_ice,0.42012
PICAL_v35def_darkice,2089,1,labsea,MLD2,31.56932
PICAL_v35def_darkice,2089,2,labsea,MLD2,39.33013
PICAL_v35def_darkice,2089,3,labsea,MLD2,41.64655
PICAL_v35def_darkice,2089,4,labsea,MLD2,39.97598
PICAL_v35def_darkice,2089,5,labsea,MLD2,25.77813
PICAL_v35def_darkice,2089,6,labsea,MLD2,14.30218
PICAL_v35def_darkice,2089,7,labsea,MLD2,10.84398
PICAL_v35def_darkice,2089,8,labsea,MLD2,11.46625
PICAL_v35def_darkice,2089,9,labsea,MLD2,14.57072
PICAL_v35def_darkice,2089,10,labsea,MLD2,18.35820
PICAL_v35def_darkice,2089,11,labsea,MLD2,24.72496
PICAL_v35def_darkice,2089,12,labsea,MLD2,28.59901
PICAL_v35def_darkice,2089,1,interior,MLD2,29.63576
PICAL_v35def_darkice,2089,2,interior,MLD2,37.98609
PICAL_v35def_darkice,2089,3,interior,MLD2,40.58769
PICAL_v35def_darkice,2089,4,interior,MLD2,37.37909
PICAL_v35def_darkice,2089,5,interior,MLD2,22.99492
PICAL_v35def_darkice,2089,6,interior,MLD2,14.36209
PICAL_v35def_darkice,2089,7,interior,MLD2,11.11239
PICAL_v35def_darkice,2089,8,interior,MLD2,13.12597
PICAL_v35def_darkice,2089,9,interior,MLD2,15.63231
PICAL_v35def_darkice,2089,10,interior,MLD2,18.81355
PICAL_v35def_darkice,2089,11,interior,MLD2,25.47499
PICAL_v35def_darkice,2089,12,interior,MLD2,31.91633
PICAL_v35def_darkice,2090,1,labsea,a_ice,0.86136
PICAL_v35def_darkice,2090,2,labsea,a_ice,0.93065
PICAL_v35def_darkice,2090,3,labsea,a_ice,0.92241
PICAL_v35def_darkice,2090,4,labsea,a_ice,0.85781
PICAL_v35def_darkice,2090,5,labsea,a_ice,0.80298
PICAL_v35def_darkice,2090,6,labsea,a_ice,0.61026
PICAL_v35def_darkice,2090,7,labsea,a_ice,0.37231
PICAL_v35def_darkice,2090,8,labsea,a_ice,0.14822
PICAL_v35def_darkice,2090,9,labsea,a_ice,0.08072
PICAL_v35def_darkice,2090,10,labsea,a_ice,0.12558
PICAL_v35def_darkice,2090,11,labsea,a_ice,0.31014
PICAL_v35def_darkice,2090,12,labsea,a_ice,0.62050
PICAL_v35def_darkice,2090,1,interior,a_ice,0.95388
PICAL_v35def_darkice,2090,2,interior,a_ice,0.95423
PICAL_v35def_darkice,2090,3,interior,a_ice,0.94425
PICAL_v35def_darkice,2090,4,interior,a_ice,0.88923
PICAL_v35def_darkice,2090,5,interior,a_ice,0.87982
PICAL_v35def_darkice,2090,6,interior,a_ice,0.73853
PICAL_v35def_darkice,2090,7,interior,a_ice,0.45111
PICAL_v35def_darkice,2090,8,interior,a_ice,0.10573
PICAL_v35def_darkice,2090,9,interior,a_ice,0.00764
PICAL_v35def_darkice,2090,10,interior,a_ice,0.02455
PICAL_v35def_darkice,2090,11,interior,a_ice,0.23771
PICAL_v35def_darkice,2090,12,interior,a_ice,0.70050
PICAL_v35def_darkice,2090,1,labsea,MLD2,36.39859
PICAL_v35def_darkice,2090,2,labsea,MLD2,42.15751
PICAL_v35def_darkice,2090,3,labsea,MLD2,44.85788
PICAL_v35def_darkice,2090,4,labsea,MLD2,40.71104
PICAL_v35def_darkice,2090,5,labsea,MLD2,28.54828
PICAL_v35def_darkice,2090,6,labsea,MLD2,17.48886
PICAL_v35def_darkice,2090,7,labsea,MLD2,12.06925
PICAL_v35def_darkice,2090,8,labsea,MLD2,13.17151
PICAL_v35def_darkice,2090,9,labsea,MLD2,15.54752
PICAL_v35def_darkice,2090,10,labsea,MLD2,18.49736
PICAL_v35def_darkice,2090,11,labsea,MLD2,24.08706
PICAL_v35def_darkice,2090,12,labsea,MLD2,30.01738
PICAL_v35def_darkice,2090,1,interior,MLD2,38.57971
PICAL_v35def_darkice,2090,2,interior,MLD2,43.00804
PICAL_v35def_darkice,2090,3,interior,MLD2,44.38448
PICAL_v35def_darkice,2090,4,interior,MLD2,40.37007
PICAL_v35def_darkice,2090,5,interior,MLD2,29.45443
PICAL_v35def_darkice,2090,6,interior,MLD2,19.37173
PICAL_v35def_darkice,2090,7,interior,MLD2,12.82358
PICAL_v35def_darkice,2090,8,interior,MLD2,13.99428
PICAL_v35def_darkice,2090,9,interior,MLD2,15.62553
PICAL_v35def_darkice,2090,10,interior,MLD2,16.40783
PICAL_v35def_darkice,2090,11,interior,MLD2,23.11181
PICAL_v35def_darkice,2090,12,interior,MLD2,30.70721
PICAL_v35def_darkice,2091,1,labsea,a_ice,0.89400
PICAL_v35def_darkice,2091,2,labsea,a_ice,0.91662
PICAL_v35def_darkice,2091,3,labsea,a_ice,0.86552
PICAL_v35def_darkice,2091,4,labsea,a_ice,0.82383
PICAL_v35def_darkice,2091,5,labsea,a_ice,0.74638
PICAL_v35def_darkice,2091,6,labsea,a_ice,0.53646
PICAL_v35def_darkice,2091,7,labsea,a_ice,0.25766
PICAL_v35def_darkice,2091,8,labsea,a_ice,0.05755
PICAL_v35def_darkice,2091,9,labsea,a_ice,0.01942
PICAL_v35def_darkice,2091,10,labsea,a_ice,0.07210
PICAL_v35def_darkice,2091,11,labsea,a_ice,0.33424
PICAL_v35def_darkice,2091,12,labsea,a_ice,0.75082
PICAL_v35def_darkice,2091,1,interior,a_ice,0.93229
PICAL_v35def_darkice,2091,2,interior,a_ice,0.94534
PICAL_v35def_darkice,2091,3,interior,a_ice,0.89885
PICAL_v35def_darkice,2091,4,interior,a_ice,0.88423
PICAL_v35def_darkice,2091,5,interior,a_ice,0.82141
PICAL_v35def_darkice,2091,6,interior,a_ice,0.64981
PICAL_v35def_darkice,2091,7,interior,a_ice,0.19083
PICAL_v35def_darkice,2091,8,interior,a_ice,0.02495
PICAL_v35def_darkice,2091,9,interior,a_ice,0.00000
PICAL_v35def_darkice,2091,10,interior,a_ice,0.00134
PICAL_v35def_darkice,2091,11,interior,a_ice,0.28845
PICAL_v35def_darkice,2091,12,interior,a_ice,0.87672
PICAL_v35def_darkice,2091,1,labsea,MLD2,35.13897
PICAL_v35def_darkice,2091,2,labsea,MLD2,41.05051
PICAL_v35def_darkice,2091,3,labsea,MLD2,49.40829
PICAL_v35def_darkice,2091,4,labsea,MLD2,44.96542
PICAL_v35def_darkice,2091,5,labsea,MLD2,29.29988
PICAL_v35def_darkice,2091,6,labsea,MLD2,10.02568
PICAL_v35def_darkice,2091,7,labsea,MLD2,10.28758
PICAL_v35def_darkice,2091,8,labsea,MLD2,11.92015
PICAL_v35def_darkice,2091,9,labsea,MLD2,16.27625
PICAL_v35def_darkice,2091,10,labsea,MLD2,19.82173
PICAL_v35def_darkice,2091,11,labsea,MLD2,26.37072
PICAL_v35def_darkice,2091,12,labsea,MLD2,32.37560
PICAL_v35def_darkice,2091,1,interior,MLD2,34.66819
PICAL_v35def_darkice,2091,2,interior,MLD2,40.62139
PICAL_v35def_darkice,2091,3,interior,MLD2,48.20392
PICAL_v35def_darkice,2091,4,interior,MLD2,44.27242
PICAL_v35def_darkice,2091,5,interior,MLD2,31.96384
PICAL_v35def_darkice,2091,6,interior,MLD2,9.39758
PICAL_v35def_darkice,2091,7,interior,MLD2,9.68851
PICAL_v35def_darkice,2091,8,interior,MLD2,12.30011
PICAL_v35def_darkice,2091,9,interior,MLD2,17.14195
PICAL_v35def_darkice,2091,10,interior,MLD2,19.03525
PICAL_v35def_darkice,2091,11,interior,MLD2,26.34659
PICAL_v35def_darkice,2091,12,interior,MLD2,33.93693
PICAL_v35def_darkice,2092,1,labsea,a_ice,0.83714
PICAL_v35def_darkice,2092,2,labsea,a_ice,0.85799
PICAL_v35def_darkice,2092,3,labsea,a_ice,0.88631
PICAL_v35def_darkice,2092,4,labsea,a_ice,0.87575
PICAL_v35def_darkice,2092,5,labsea,a_ice,0.80060
PICAL_v35def_darkice,2092,6,labsea,a_ice,0.71484
PICAL_v35def_darkice,2092,7,labsea,a_ice,0.54019
PICAL_v35def_darkice,2092,8,labsea,a_ice,0.28356
PICAL_v35def_darkice,2092,9,labsea,a_ice,0.15947
PICAL_v35def_darkice,2092,10,labsea,a_ice,0.17743
PICAL_v35def_darkice,2092,11,labsea,a_ice,0.31454
PICAL_v35def_darkice,2092,12,labsea,a_ice,0.52096
PICAL_v35def_darkice,2092,1,interior,a_ice,0.92651
PICAL_v35def_darkice,2092,2,interior,a_ice,0.93625
PICAL_v35def_darkice,2092,3,interior,a_ice,0.95455
PICAL_v35def_darkice,2092,4,interior,a_ice,0.96561
PICAL_v35def_darkice,2092,5,interior,a_ice,0.94544
PICAL_v35def_darkice,2092,6,interior,a_ice,0.89641
PICAL_v35def_darkice,2092,7,interior,a_ice,0.65634
PICAL_v35def_darkice,2092,8,interior,a_ice,0.22711
PICAL_v35def_darkice,2092,9,interior,a_ice,0.07925
PICAL_v35def_darkice,2092,10,interior,a_ice,0.07585
PICAL_v35def_darkice,2092,11,interior,a_ice,0.25880
PICAL_v35def_darkice,2092,12,interior,a_ice,0.52240
PICAL_v35def_darkice,2092,1,labsea,MLD2,88.89109
PICAL_v35def_darkice,2092,2,labsea,MLD2,91.34608
PICAL_v35def_darkice,2092,3,labsea,MLD2,71.90647
PICAL_v35def_darkice,2092,4,labsea,MLD2,37.88962
PICAL_v35def_darkice,2092,5,labsea,MLD2,25.63944
PICAL_v35def_darkice,2092,6,labsea,MLD2,14.09451
PICAL_v35def_darkice,2092,7,labsea,MLD2,10.01783
PICAL_v35def_darkice,2092,8,labsea,MLD2,11.20607
PICAL_v35def_darkice,2092,9,labsea,MLD2,15.10530
PICAL_v35def_darkice,2092,10,labsea,MLD2,18.85671
PICAL_v35def_darkice,2092,11,labsea,MLD2,23.65330
PICAL_v35def_darkice,2092,12,labsea,MLD2,28.87529
PICAL_v35def_darkice,2092,1,interior,MLD2,39.32739
PICAL_v35def_darkice,2092,2,interior,MLD2,36.11576
PICAL_v35def_darkice,2092,3,interior,MLD2,38.60310
PICAL_v35def_darkice,2092,4,interior,MLD2,38.30157
PICAL_v35def_darkice,2092,5,interior,MLD2,28.61406
PICAL_v35def_darkice,2092,6,interior,MLD2,14.51456
PICAL_v35def_darkice,2092,7,interior,MLD2,8.57817
PICAL_v35def_darkice,2092,8,interior,MLD2,10.87606
PICAL_v35def_darkice,2092,9,interior,MLD2,15.66792
PICAL_v35def_darkice,2092,10,interior,MLD2,19.20436
PICAL_v35def_darkice,2092,11,interior,MLD2,24.21109
PICAL_v35def_darkice,2092,12,interior,MLD2,30.69108
PICAL_v35def_darkice,2093,1,labsea,a_ice,0.73541
PICAL_v35def_darkice,2093,2,labsea,a_ice,0.87422
PICAL_v35def_darkice,2093,3,labsea,a_ice,0.91017
PICAL_v35def_darkice,2093,4,labsea,a_ice,0.86070
PICAL_v35def_darkice,2093,5,labsea,a_ice,0.79396
PICAL_v35def_darkice,2093,6,labsea,a_ice,0.65868
PICAL_v35def_darkice,2093,7,labsea,a_ice,0.51203
PICAL_v35def_darkice,2093,8,labsea,a_ice,0.26817
PICAL_v35def_darkice,2093,9,labsea,a_ice,0.09414
PICAL_v35def_darkice,2093,10,labsea,a_ice,0.14758
PICAL_v35def_darkice,2093,11,labsea,a_ice,0.49628
PICAL_v35def_darkice,2093,12,labsea,a_ice,0.80858
PICAL_v35def_darkice,2093,1,interior,a_ice,0.86391
PICAL_v35def_darkice,2093,2,interior,a_ice,0.95454
PICAL_v35def_darkice,2093,3,interior,a_ice,0.95155
PICAL_v35def_darkice,2093,4,interior,a_ice,0.90504
PICAL_v35def_darkice,2093,5,interior,a_ice,0.89085
PICAL_v35def_darkice,2093,6,interior,a_ice,0.78999
PICAL_v35def_darkice,2093,7,interior,a_ice,0.60808
PICAL_v35def_darkice,2093,8,interior,a_ice,0.35256
PICAL_v35def_darkice,2093,9,interior,a_ice,0.04520
PICAL_v35def_darkice,2093,10,interior,a_ice,0.04220
PICAL_v35def_darkice,2093,11,interior,a_ice,0.53979
PICAL_v35def_darkice,2093,12,interior,a_ice,0.90831
PICAL_v35def_darkice,2093,1,labsea,MLD2,38.85814
PICAL_v35def_darkice,2093,2,labsea,MLD2,80.50477
PICAL_v35def_darkice,2093,3,labsea,MLD2,43.22133
PICAL_v35def_darkice,2093,4,labsea,MLD2,40.17302
PICAL_v35def_darkice,2093,5,labsea,MLD2,32.94620
PICAL_v35def_darkice,2093,6,labsea,MLD2,19.87532
PICAL_v35def_darkice,2093,7,labsea,MLD2,11.34708
PICAL_v35def_darkice,2093,8,labsea,MLD2,11.86519
PICAL_v35def_darkice,2093,9,labsea,MLD2,15.46851
PICAL_v35def_darkice,2093,10,labsea,MLD2,19.73472
PICAL_v35def_darkice,2093,11,labsea,MLD2,26.39280
PICAL_v35def_darkice,2093,12,labsea,MLD2,35.20706
PICAL_v35def_darkice,2093,1,interior,MLD2,38.01564
PICAL_v35def_darkice,2093,2,interior,MLD2,42.84640
PICAL_v35def_darkice,2093,3,interior,MLD2,45.28137
PICAL_v35def_darkice,2093,4,interior,MLD2,41.99044
PICAL_v35def_darkice,2093,5,interior,MLD2,35.53453
PICAL_v35def_darkice,2093,6,interior,MLD2,22.74108
PICAL_v35def_darkice,2093,7,interior,MLD2,12.20136
PICAL_v35def_darkice,2093,8,interior,MLD2,12.32345
PICAL_v35def_darkice,2093,9,interior,MLD2,15.97179
PICAL_v35def_darkice,2093,10,interior,MLD2,18.73612
PICAL_v35def_darkice,2093,11,interior,MLD2,25.80637
PICAL_v35def_darkice,2093,12,interior,MLD2,33.55758
PICAL_v35def_darkice,2094,1,labsea,a_ice,0.89051
PICAL_v35def_darkice,2094,2,labsea,a_ice,0.90818
PICAL_v35def_darkice,2094,3,labsea,a_ice,0.87129
PICAL_v35def_darkice,2094,4,labsea,a_ice,0.85630
PICAL_v35def_darkice,2094,5,labsea,a_ice,0.85128
PICAL_v35def_darkice,2094,6,labsea,a_ice,0.63476
PICAL_v35def_darkice,2094,7,labsea,a_ice,0.26971
PICAL_v35def_darkice,2094,8,labsea,a_ice,0.07162
PICAL_v35def_darkice,2094,9,labsea,a_ice,0.04263
PICAL_v35def_darkice,2094,10,labsea,a_ice,0.07536
PICAL_v35def_darkice,2094,11,labsea,a_ice,0.23785
PICAL_v35def_darkice,2094,12,labsea,a_ice,0.60480
PICAL_v35def_darkice,2094,1,interior,a_ice,0.94729
PICAL_v35def_darkice,2094,2,interior,a_ice,0.93747
PICAL_v35def_darkice,2094,3,interior,a_ice,0.90406
PICAL_v35def_darkice,2094,4,interior,a_ice,0.88999
PICAL_v35def_darkice,2094,5,interior,a_ice,0.90139
PICAL_v35def_darkice,2094,6,interior,a_ice,0.70435
PICAL_v35def_darkice,2094,7,interior,a_ice,0.25132
PICAL_v35def_darkice,2094,8,interior,a_ice,0.01599
PICAL_v35def_darkice,2094,9,interior,a_ice,0.00000
PICAL_v35def_darkice,2094,10,interior,a_ice,0.00001
PICAL_v35def_darkice,2094,11,interior,a_ice,0.12281
PICAL_v35def_darkice,2094,12,interior,a_ice,0.60549
PICAL_v35def_darkice,2094,1,labsea,MLD2,39.74349
PICAL_v35def_darkice,2094,2,labsea,MLD2,46.94306
PICAL_v35def_darkice,2094,3,labsea,MLD2,48.47902
PICAL_v35def_darkice,2094,4,labsea,MLD2,45.51115
PICAL_v35def_darkice,2094,5,labsea,MLD2,29.07753
PICAL_v35def_darkice,2094,6,labsea,MLD2,13.65435
PICAL_v35def_darkice,2094,7,labsea,MLD2,8.87813
PICAL_v35def_darkice,2094,8,labsea,MLD2,12.19673
PICAL_v35def_darkice,2094,9,labsea,MLD2,14.35941
PICAL_v35def_darkice,2094,10,labsea,MLD2,18.89804
PICAL_v35def_darkice,2094,11,labsea,MLD2,24.05305
PICAL_v35def_darkice,2094,12,labsea,MLD2,30.49919
PICAL_v35def_darkice,2094,1,interior,MLD2,36.87592
PICAL_v35def_darkice,2094,2,interior,MLD2,42.04222
PICAL_v35def_darkice,2094,3,interior,MLD2,43.79378
PICAL_v35def_darkice,2094,4,interior,MLD2,38.77807
PICAL_v35def_darkice,2094,5,interior,MLD2,26.59220
PICAL_v35def_darkice,2094,6,interior,MLD2,14.57743
PICAL_v35def_darkice,2094,7,interior,MLD2,8.42208
PICAL_v35def_darkice,2094,8,interior,MLD2,12.12067
PICAL_v35def_darkice,2094,9,interior,MLD2,15.31132
PICAL_v35def_darkice,2094,10,interior,MLD2,17.41397
PICAL_v35def_darkice,2094,11,interior,MLD2,20.06464
PICAL_v35def_darkice,2094,12,interior,MLD2,27.28158
PICAL_v35def_darkice,2095,1,labsea,a_ice,0.87170
PICAL_v35def_darkice,2095,2,labsea,a_ice,0.84244
PICAL_v35def_darkice,2095,3,labsea,a_ice,0.85421
PICAL_v35def_darkice,2095,4,labsea,a_ice,0.94375
PICAL_v35def_darkice,2095,5,labsea,a_ice,0.88314
PICAL_v35def_darkice,2095,6,labsea,a_ice,0.71045
PICAL_v35def_darkice,2095,7,labsea,a_ice,0.47874
PICAL_v35def_darkice,2095,8,labsea,a_ice,0.25274
PICAL_v35def_darkice,2095,9,labsea,a_ice,0.14561
PICAL_v35def_darkice,2095,10,labsea,a_ice,0.15121
PICAL_v35def_darkice,2095,11,labsea,a_ice,0.30673
PICAL_v35def_darkice,2095,12,labsea,a_ice,0.65775
PICAL_v35def_darkice,2095,1,interior,a_ice,0.84623
PICAL_v35def_darkice,2095,2,interior,a_ice,0.79940
PICAL_v35def_darkice,2095,3,interior,a_ice,0.86823
PICAL_v35def_darkice,2095,4,interior,a_ice,0.94972
PICAL_v35def_darkice,2095,5,interior,a_ice,0.94155
PICAL_v35def_darkice,2095,6,interior,a_ice,0.81327
PICAL_v35def_darkice,2095,7,interior,a_ice,0.53570
PICAL_v35def_darkice,2095,8,interior,a_ice,0.14473
PICAL_v35def_darkice,2095,9,interior,a_ice,0.00659
PICAL_v35def_darkice,2095,10,interior,a_ice,0.01709
PICAL_v35def_darkice,2095,11,interior,a_ice,0.14964
PICAL_v35def_darkice,2095,12,interior,a_ice,0.72501
PICAL_v35def_darkice,2095,1,labsea,MLD2,52.44328
PICAL_v35def_darkice,2095,2,labsea,MLD2,76.56902
PICAL_v35def_darkice,2095,3,labsea,MLD2,70.65177
PICAL_v35def_darkice,2095,4,labsea,MLD2,36.51377
PICAL_v35def_darkice,2095,5,labsea,MLD2,28.92565
PICAL_v35def_darkice,2095,6,labsea,MLD2,13.40726
PICAL_v35def_darkice,2095,7,labsea,MLD2,10.12537
PICAL_v35def_darkice,2095,8,labsea,MLD2,13.57869
PICAL_v35def_darkice,2095,9,labsea,MLD2,15.90065
PICAL_v35def_darkice,2095,10,labsea,MLD2,19.53064
PICAL_v35def_darkice,2095,11,labsea,MLD2,23.32356
PICAL_v35def_darkice,2095,12,labsea,MLD2,30.61990
PICAL_v35def_darkice,2095,1,interior,MLD2,82.82088
PICAL_v35def_darkice,2095,2,interior,MLD2,152.91083
PICAL_v35def_darkice,2095,3,interior,MLD2,111.84646
PICAL_v35def_darkice,2095,4,interior,MLD2,33.80069
PICAL_v35def_darkice,2095,5,interior,MLD2,27.53013
PICAL_v35def_darkice,2095,6,interior,MLD2,13.88928
PICAL_v35def_darkice,2095,7,interior,MLD2,10.64675
PICAL_v35def_darkice,2095,8,interior,MLD2,14.43373
PICAL_v35def_darkice,2095,9,interior,MLD2,16.07669
PICAL_v35def_darkice,2095,10,interior,MLD2,19.12876
PICAL_v35def_darkice,2095,11,interior,MLD2,24.71860
PICAL_v35def_darkice,2095,12,interior,MLD2,31.63910
PICAL_v35def_darkice,2096,1,labsea,a_ice,0.90966
PICAL_v35def_darkice,2096,2,labsea,a_ice,0.95197
PICAL_v35def_darkice,2096,3,labsea,a_ice,0.93949
PICAL_v35def_darkice,2096,4,labsea,a_ice,0.91383
PICAL_v35def_darkice,2096,5,labsea,a_ice,0.83183
PICAL_v35def_darkice,2096,6,labsea,a_ice,0.67323
PICAL_v35def_darkice,2096,7,labsea,a_ice,0.33887
PICAL_v35def_darkice,2096,8,labsea,a_ice,0.10183
PICAL_v35def_darkice,2096,9,labsea,a_ice,0.06406
PICAL_v35def_darkice,2096,10,labsea,a_ice,0.04495
PICAL_v35def_darkice,2096,11,labsea,a_ice,0.22856
PICAL_v35def_darkice,2096,12,labsea,a_ice,0.52167
PICAL_v35def_darkice,2096,1,interior,a_ice,0.94551
PICAL_v35def_darkice,2096,2,interior,a_ice,0.96566
PICAL_v35def_darkice,2096,3,interior,a_ice,0.96502
PICAL_v35def_darkice,2096,4,interior,a_ice,0.95906
PICAL_v35def_darkice,2096,5,interior,a_ice,0.91850
PICAL_v35def_darkice,2096,6,interior,a_ice,0.71867
PICAL_v35def_darkice,2096,7,interior,a_ice,0.28085
PICAL_v35def_darkice,2096,8,interior,a_ice,0.00887
PICAL_v35def_darkice,2096,9,interior,a_ice,0.00896
PICAL_v35def_darkice,2096,10,interior,a_ice,0.01461
PICAL_v35def_darkice,2096,11,interior,a_ice,0.11456
PICAL_v35def_darkice,2096,12,interior,a_ice,0.47645
PICAL_v35def_darkice,2096,1,labsea,MLD2,35.85108
PICAL_v35def_darkice,2096,2,labsea,MLD2,39.29842
PICAL_v35def_darkice,2096,3,labsea,MLD2,41.68531
PICAL_v35def_darkice,2096,4,labsea,MLD2,42.70960
PICAL_v35def_darkice,2096,5,labsea,MLD2,31.74697
PICAL_v35def_darkice,2096,6,labsea,MLD2,14.07921
PICAL_v35def_darkice,2096,7,labsea,MLD2,10.18900
PICAL_v35def_darkice,2096,8,labsea,MLD2,12.96023
PICAL_v35def_darkice,2096,9,labsea,MLD2,15.17126
PICAL_v35def_darkice,2096,10,labsea,MLD2,16.77545
PICAL_v35def_darkice,2096,11,labsea,MLD2,22.74001
PICAL_v35def_darkice,2096,12,labsea,MLD2,29.15756
PICAL_v35def_darkice,2096,1,interior,MLD2,35.38521
PICAL_v35def_darkice,2096,2,interior,MLD2,39.57076
PICAL_v35def_darkice,2096,3,interior,MLD2,43.28587
PICAL_v35def_darkice,2096,4,interior,MLD2,45.60730
PICAL_v35def_darkice,2096,5,interior,MLD2,38.14684
PICAL_v35def_darkice,2096,6,interior,MLD2,15.41440
PICAL_v35def_darkice,2096,7,interior,MLD2,11.30068
PICAL_v35def_darkice,2096,8,interior,MLD2,14.88606
PICAL_v35def_darkice,2096,9,interior,MLD2,16.09385
PICAL_v35def_darkice,2096,10,interior,MLD2,17.03519
PICAL_v35def_darkice,2096,11,interior,MLD2,22.00093
PICAL_v35def_darkice,2096,12,interior,MLD2,30.61973
PICAL_v35def_darkice,2097,1,labsea,a_ice,0.87946
PICAL_v35def_darkice,2097,2,labsea,a_ice,0.94020
PICAL_v35def_darkice,2097,3,labsea,a_ice,0.95121
PICAL_v35def_darkice,2097,4,labsea,a_ice,0.90609
PICAL_v35def_darkice,2097,5,labsea,a_ice,0.90868
PICAL_v35def_darkice,2097,6,labsea,a_ice,0.79227
PICAL_v35def_darkice,2097,7,labsea,a_ice,0.56781
PICAL_v35def_darkice,2097,8,labsea,a_ice,0.27111
PICAL_v35def_darkice,2097,9,labsea,a_ice,0.15671
PICAL_v35def_darkice,2097,10,labsea,a_ice,0.17983
PICAL_v35def_darkice,2097,11,labsea,a_ice,0.37656
PICAL_v35def_darkice,2097,12,labsea,a_ice,0.61434
PICAL_v35def_darkice,2097,1,interior,a_ice,0.91610
PICAL_v35def_darkice,2097,2,interior,a_ice,0.97545
PICAL_v35def_darkice,2097,3,interior,a_ice,0.97070
PICAL_v35def_darkice,2097,4,interior,a_ice,0.94541
PICAL_v35def_darkice,2097,5,interior,a_ice,0.95658
PICAL_v35def_darkice,2097,6,interior,a_ice,0.85796
PICAL_v35def_darkice,2097,7,interior,a_ice,0.63320
PICAL_v35def_darkice,2097,8,interior,a_ice,0.32228
PICAL_v35def_darkice,2097,9,interior,a_ice,0.14365
PICAL_v35def_darkice,2097,10,interior,a_ice,0.09456
PICAL_v35def_darkice,2097,11,interior,a_ice,0.38380
PICAL_v35def_darkice,2097,12,interior,a_ice,0.74560
PICAL_v35def_darkice,2097,1,labsea,MLD2,34.74180
PICAL_v35def_darkice,2097,2,labsea,MLD2,34.86505
PICAL_v35def_darkice,2097,3,labsea,MLD2,36.23951
PICAL_v35def_darkice,2097,4,labsea,MLD2,34.84640
PICAL_v35def_darkice,2097,5,labsea,MLD2,27.97174
PICAL_v35def_darkice,2097,6,labsea,MLD2,17.62947
PICAL_v35def_darkice,2097,7,labsea,MLD2,9.62475
PICAL_v35def_darkice,2097,8,labsea,MLD2,9.93008
PICAL_v35def_darkice,2097,9,labsea,MLD2,13.84960
PICAL_v35def_darkice,2097,10,labsea,MLD2,16.25937
PICAL_v35def_darkice,2097,11,labsea,MLD2,18.42012
PICAL_v35def_darkice,2097,12,labsea,MLD2,22.36427
PICAL_v35def_darkice,2097,1,interior,MLD2,38.34275
PICAL_v35def_darkice,2097,2,interior,MLD2,39.30361
PICAL_v35def_darkice,2097,3,interior,MLD2,40.76014
PICAL_v35def_darkice,2097,4,interior,MLD2,38.52909
PICAL_v35def_darkice,2097,5,interior,MLD2,32.37502
PICAL_v35def_darkice,2097,6,interior,MLD2,20.52822
PICAL_v35def_darkice,2097,7,interior,MLD2,9.72581
PICAL_v35def_darkice,2097,8,interior,MLD2,10.09904
PICAL_v35def_darkice,2097,9,interior,MLD2,14.89163
PICAL_v35def_darkice,2097,10,interior,MLD2,16.34025
PICAL_v35def_darkice,2097,11,interior,MLD2,18.97352
PICAL_v35def_darkice,2097,12,interior,MLD2,23.55369
PICAL_v35def_darkice,2098,1,labsea,a_ice,0.88965
PICAL_v35def_darkice,2098,2,labsea,a_ice,0.91377
PICAL_v35def_darkice,2098,3,labsea,a_ice,0.82571
PICAL_v35def_darkice,2098,4,labsea,a_ice,0.78554
PICAL_v35def_darkice,2098,5,labsea,a_ice,0.75013
PICAL_v35def_darkice,2098,6,labsea,a_ice,0.59386
PICAL_v35def_darkice,2098,7,labsea,a_ice,0.37275
PICAL_v35def_darkice,2098,8,labsea,a_ice,0.14430
PICAL_v35def_darkice,2098,9,labsea,a_ice,0.08700
PICAL_v35def_darkice,2098,10,labsea,a_ice,0.10794
PICAL_v35def_darkice,2098,11,labsea,a_ice,0.24796
PICAL_v35def_darkice,2098,12,labsea,a_ice,0.67778
PICAL_v35def_darkice,2098,1,interior,a_ice,0.93529
PICAL_v35def_darkice,2098,2,interior,a_ice,0.94499
PICAL_v35def_darkice,2098,3,interior,a_ice,0.87312
PICAL_v35def_darkice,2098,4,interior,a_ice,0.77584
PICAL_v35def_darkice,2098,5,interior,a_ice,0.74911
PICAL_v35def_darkice,2098,6,interior,a_ice,0.60730
PICAL_v35def_darkice,2098,7,interior,a_ice,0.26569
PICAL_v35def_darkice,2098,8,interior,a_ice,0.03219
PICAL_v35def_darkice,2098,9,interior,a_ice,0.00015
PICAL_v35def_darkice,2098,10,interior,a_ice,0.01220
PICAL_v35def_darkice,2098,11,interior,a_ice,0.12296
PICAL_v35def_darkice,2098,12,interior,a_ice,0.77427
PICAL_v35def_darkice,2098,1,labsea,MLD2,29.11187
PICAL_v35def_darkice,2098,2,labsea,MLD2,33.52488
PICAL_v35def_darkice,2098,3,labsea,MLD2,42.00098
PICAL_v35def_darkice,2098,4,labsea,MLD2,44.17006
PICAL_v35def_darkice,2098,5,labsea,MLD2,32.27061
PICAL_v35def_darkice,2098,6,labsea,MLD2,16.99871
PICAL_v35def_darkice,2098,7,labsea,MLD2,12.98749
PICAL_v35def_darkice,2098,8,labsea,MLD2,11.83962
PICAL_v35def_darkice,2098,9,labsea,MLD2,14.68120
PICAL_v35def_darkice,2098,10,labsea,MLD2,18.44458
PICAL_v35def_darkice,2098,11,labsea,MLD2,21.61455
PICAL_v35def_darkice,2098,12,labsea,MLD2,27.87696
PICAL_v35def_darkice,2098,1,interior,MLD2,28.74958
PICAL_v35def_darkice,2098,2,interior,MLD2,33.70363
PICAL_v35def_darkice,2098,3,interior,MLD2,42.74268
PICAL_v35def_darkice,2098,4,interior,MLD2,44.52396
PICAL_v35def_darkice,2098,5,interior,MLD2,32.26736
PICAL_v35def_darkice,2098,6,interior,MLD2,17.23318
PICAL_v35def_darkice,2098,7,interior,MLD2,13.97807
PICAL_v35def_darkice,2098,8,interior,MLD2,13.48738
PICAL_v35def_darkice,2098,9,interior,MLD2,16.01883
PICAL_v35def_darkice,2098,10,interior,MLD2,18.28872
PICAL_v35def_darkice,2098,11,interior,MLD2,21.25160
PICAL_v35def_darkice,2098,12,interior,MLD2,27.25870
PICAL_v35def_darkice,2099,1,labsea,a_ice,0.79620
PICAL_v35def_darkice,2099,2,labsea,a_ice,0.87458
PICAL_v35def_darkice,2099,3,labsea,a_ice,0.85727
PICAL_v35def_darkice,2099,4,labsea,a_ice,0.74145
PICAL_v35def_darkice,2099,5,labsea,a_ice,0.68289
PICAL_v35def_darkice,2099,6,labsea,a_ice,0.46532
PICAL_v35def_darkice,2099,7,labsea,a_ice,0.18652
PICAL_v35def_darkice,2099,8,labsea,a_ice,0.05312
PICAL_v35def_darkice,2099,9,labsea,a_ice,0.00662
PICAL_v35def_darkice,2099,10,labsea,a_ice,0.03956
PICAL_v35def_darkice,2099,11,labsea,a_ice,0.25524
PICAL_v35def_darkice,2099,12,labsea,a_ice,0.54147
PICAL_v35def_darkice,2099,1,interior,a_ice,0.88909
PICAL_v35def_darkice,2099,2,interior,a_ice,0.92201
PICAL_v35def_darkice,2099,3,interior,a_ice,0.90200
PICAL_v35def_darkice,2099,4,interior,a_ice,0.76939
PICAL_v35def_darkice,2099,5,interior,a_ice,0.70593
PICAL_v35def_darkice,2099,6,interior,a_ice,0.45233
PICAL_v35def_darkice,2099,7,interior,a_ice,0.11723
PICAL_v35def_darkice,2099,8,interior,a_ice,0.02694
PICAL_v35def_darkice,2099,9,interior,a_ice,0.00036
PICAL_v35def_darkice,2099,10,interior,a_ice,0.00006
PICAL_v35def_darkice,2099,11,interior,a_ice,0.16062
PICAL_v35def_darkice,2099,12,interior,a_ice,0.50015
PICAL_v35def_darkice,2099,1,labsea,MLD2,38.38076
PICAL_v35def_darkice,2099,2,labsea,MLD2,45.20097
PICAL_v35def_darkice,2099,3,labsea,MLD2,47.68033
PICAL_v35def_darkice,2099,4,labsea,MLD2,51.37975
PICAL_v35def_darkice,2099,5,labsea,MLD2,28.73729
PICAL_v35def_darkice,2099,6,labsea,MLD2,16.03370
PICAL_v35def_darkice,2099,7,labsea,MLD2,11.13630
PICAL_v35def_darkice,2099,8,labsea,MLD2,13.70326
PICAL_v35def_darkice,2099,9,labsea,MLD2,15.81515
PICAL_v35def_darkice,2099,10,labsea,MLD2,18.43632
PICAL_v35def_darkice,2099,11,labsea,MLD2,28.85078
PICAL_v35def_darkice,2099,12,labsea,MLD2,38.95765
PICAL_v35def_darkice,2099,1,interior,MLD2,34.56066
PICAL_v35def_darkice,2099,2,interior,MLD2,39.25624
PICAL_v35def_darkice,2099,3,interior,MLD2,42.88866
PICAL_v35def_darkice,2099,4,interior,MLD2,44.73512
PICAL_v35def_darkice,2099,5,interior,MLD2,29.61166
PICAL_v35def_darkice,2099,6,interior,MLD2,15.88735
PICAL_v35def_darkice,2099,7,interior,MLD2,11.53163
PICAL_v35def_darkice,2099,8,interior,MLD2,15.03055
PICAL_v35def_darkice,2099,9,interior,MLD2,16.29303
PICAL_v35def_darkice,2099,10,interior,MLD2,17.98073
PICAL_v35def_darkice,2099,11,interior,MLD2,29.06117
PICAL_v35def_darkice,2099,12,interior,MLD2,48.36653
