TUNE42PI_FES27,1350,1,labsea,a_ice,0.23475
TUNE42PI_FES27,1350,2,labsea,a_ice,0.44859
TUNE42PI_FES27,1350,3,labsea,a_ice,0.49989
TUNE42PI_FES27,1350,4,labsea,a_ice,0.41786
TUNE42PI_FES27,1350,5,labsea,a_ice,0.29229
TUNE42PI_FES27,1350,6,labsea,a_ice,0.10491
TUNE42PI_FES27,1350,7,labsea,a_ice,0.00338
TUNE42PI_FES27,1350,8,labsea,a_ice,0.00000
TUNE42PI_FES27,1350,9,labsea,a_ice,0.00000
TUNE42PI_FES27,1350,10,labsea,a_ice,0.00067
TUNE42PI_FES27,1350,11,labsea,a_ice,0.03131
TUNE42PI_FES27,1350,12,labsea,a_ice,0.13546
TUNE42PI_FES27,1350,1,interior,a_ice,0.06237
TUNE42PI_FES27,1350,2,interior,a_ice,0.43297
TUNE42PI_FES27,1350,3,interior,a_ice,0.54925
TUNE42PI_FES27,1350,4,interior,a_ice,0.40742
TUNE42PI_FES27,1350,5,interior,a_ice,0.16101
TUNE42PI_FES27,1350,6,interior,a_ice,0.01836
TUNE42PI_FES27,1350,7,interior,a_ice,0.00000
TUNE42PI_FES27,1350,8,interior,a_ice,0.00000
TUNE42PI_FES27,1350,9,interior,a_ice,0.00000
TUNE42PI_FES27,1350,10,interior,a_ice,0.00000
TUNE42PI_FES27,1350,11,interior,a_ice,0.00000
TUNE42PI_FES27,1350,12,interior,a_ice,0.02719
TUNE42PI_FES27,1350,1,labsea,MLD2,623.13637
TUNE42PI_FES27,1350,2,labsea,MLD2,981.41374
TUNE42PI_FES27,1350,3,labsea,MLD2,1032.13859
TUNE42PI_FES27,1350,4,labsea,MLD2,627.13559
TUNE42PI_FES27,1350,5,labsea,MLD2,216.58482
TUNE42PI_FES27,1350,6,labsea,MLD2,15.47078
TUNE42PI_FES27,1350,7,labsea,MLD2,15.15631
TUNE42PI_FES27,1350,8,labsea,MLD2,14.00256
TUNE42PI_FES27,1350,9,labsea,MLD2,18.74333
TUNE42PI_FES27,1350,10,labsea,MLD2,31.50267
TUNE42PI_FES27,1350,11,labsea,MLD2,68.47019
TUNE42PI_FES27,1350,12,labsea,MLD2,303.22012
TUNE42PI_FES27,1350,1,interior,MLD2,1055.57959
TUNE42PI_FES27,1350,2,interior,MLD2,1332.57608
TUNE42PI_FES27,1350,3,interior,MLD2,1094.91146
TUNE42PI_FES27,1350,4,interior,MLD2,584.40095
TUNE42PI_FES27,1350,5,interior,MLD2,230.17387
TUNE42PI_FES27,1350,6,interior,MLD2,17.24300
TUNE42PI_FES27,1350,7,interior,MLD2,17.52749
TUNE42PI_FES27,1350,8,interior,MLD2,15.29848
TUNE42PI_FES27,1350,9,interior,MLD2,18.43070
TUNE42PI_FES27,1350,10,interior,MLD2,32.74349
TUNE42PI_FES27,1350,11,interior,MLD2,58.20710
TUNE42PI_FES27,1350,12,interior,MLD2,507.97386
TUNE42PI_FES27,1351,1,labsea,a_ice,0.20700
TUNE42PI_FES27,1351,2,labsea,a_ice,0.25833
TUNE42PI_FES27,1351,3,labsea,a_ice,0.24353
TUNE42PI_FES27,1351,4,labsea,a_ice,0.22159
TUNE42PI_FES27,1351,5,labsea,a_ice,0.19803
TUNE42PI_FES27,1351,6,labsea,a_ice,0.12536
TUNE42PI_FES27,1351,7,labsea,a_ice,0.03033
TUNE42PI_FES27,1351,8,labsea,a_ice,0.00282
TUNE42PI_FES27,1351,9,labsea,a_ice,0.00001
TUNE42PI_FES27,1351,10,labsea,a_ice,0.00668
TUNE42PI_FES27,1351,11,labsea,a_ice,0.08010
TUNE42PI_FES27,1351,12,labsea,a_ice,0.21705
TUNE42PI_FES27,1351,1,interior,a_ice,0.03729
TUNE42PI_FES27,1351,2,interior,a_ice,0.08468
TUNE42PI_FES27,1351,3,interior,a_ice,0.08617
TUNE42PI_FES27,1351,4,interior,a_ice,0.08824
TUNE42PI_FES27,1351,5,interior,a_ice,0.04143
TUNE42PI_FES27,1351,6,interior,a_ice,0.02666
TUNE42PI_FES27,1351,7,interior,a_ice,0.00049
TUNE42PI_FES27,1351,8,interior,a_ice,0.00000
TUNE42PI_FES27,1351,9,interior,a_ice,0.00000
TUNE42PI_FES27,1351,10,interior,a_ice,0.00000
TUNE42PI_FES27,1351,11,interior,a_ice,0.00460
TUNE42PI_FES27,1351,12,interior,a_ice,0.04996
TUNE42PI_FES27,1351,1,labsea,MLD2,736.34770
TUNE42PI_FES27,1351,2,labsea,MLD2,1083.98028
TUNE42PI_FES27,1351,3,labsea,MLD2,930.42779
TUNE42PI_FES27,1351,4,labsea,MLD2,618.14795
TUNE42PI_FES27,1351,5,labsea,MLD2,256.55440
TUNE42PI_FES27,1351,6,labsea,MLD2,20.68513
TUNE42PI_FES27,1351,7,labsea,MLD2,13.97943
TUNE42PI_FES27,1351,8,labsea,MLD2,14.32062
TUNE42PI_FES27,1351,9,labsea,MLD2,23.13202
TUNE42PI_FES27,1351,10,labsea,MLD2,37.50868
TUNE42PI_FES27,1351,11,labsea,MLD2,61.13279
TUNE42PI_FES27,1351,12,labsea,MLD2,502.28733
TUNE42PI_FES27,1351,1,interior,MLD2,1472.82623
TUNE42PI_FES27,1351,2,interior,MLD2,2116.92718
TUNE42PI_FES27,1351,3,interior,MLD2,1959.45722
TUNE42PI_FES27,1351,4,interior,MLD2,1448.51164
TUNE42PI_FES27,1351,5,interior,MLD2,718.01444
TUNE42PI_FES27,1351,6,interior,MLD2,27.43419
TUNE42PI_FES27,1351,7,interior,MLD2,17.62750
TUNE42PI_FES27,1351,8,interior,MLD2,16.47630
TUNE42PI_FES27,1351,9,interior,MLD2,25.40912
TUNE42PI_FES27,1351,10,interior,MLD2,40.49909
TUNE42PI_FES27,1351,11,interior,MLD2,80.74135
TUNE42PI_FES27,1351,12,interior,MLD2,1088.35663
TUNE42PI_FES27,1352,1,labsea,a_ice,0.32676
TUNE42PI_FES27,1352,2,labsea,a_ice,0.41905
TUNE42PI_FES27,1352,3,labsea,a_ice,0.47195
TUNE42PI_FES27,1352,4,labsea,a_ice,0.42922
TUNE42PI_FES27,1352,5,labsea,a_ice,0.26126
TUNE42PI_FES27,1352,6,labsea,a_ice,0.14823
TUNE42PI_FES27,1352,7,labsea,a_ice,0.04540
TUNE42PI_FES27,1352,8,labsea,a_ice,0.01001
TUNE42PI_FES27,1352,9,labsea,a_ice,0.00086
TUNE42PI_FES27,1352,10,labsea,a_ice,0.00888
TUNE42PI_FES27,1352,11,labsea,a_ice,0.05914
TUNE42PI_FES27,1352,12,labsea,a_ice,0.21317
TUNE42PI_FES27,1352,1,interior,a_ice,0.14290
TUNE42PI_FES27,1352,2,interior,a_ice,0.21805
TUNE42PI_FES27,1352,3,interior,a_ice,0.34154
TUNE42PI_FES27,1352,4,interior,a_ice,0.27079
TUNE42PI_FES27,1352,5,interior,a_ice,0.04920
TUNE42PI_FES27,1352,6,interior,a_ice,0.01863
TUNE42PI_FES27,1352,7,interior,a_ice,0.00041
TUNE42PI_FES27,1352,8,interior,a_ice,0.00000
TUNE42PI_FES27,1352,9,interior,a_ice,0.00000
TUNE42PI_FES27,1352,10,interior,a_ice,0.00000
TUNE42PI_FES27,1352,11,interior,a_ice,0.00000
TUNE42PI_FES27,1352,12,interior,a_ice,0.05693
TUNE42PI_FES27,1352,1,labsea,MLD2,984.70635
TUNE42PI_FES27,1352,2,labsea,MLD2,1082.42047
TUNE42PI_FES27,1352,3,labsea,MLD2,828.95002
TUNE42PI_FES27,1352,4,labsea,MLD2,471.78681
TUNE42PI_FES27,1352,5,labsea,MLD2,131.57717
TUNE42PI_FES27,1352,6,labsea,MLD2,16.78189
TUNE42PI_FES27,1352,7,labsea,MLD2,13.98361
TUNE42PI_FES27,1352,8,labsea,MLD2,14.96494
TUNE42PI_FES27,1352,9,labsea,MLD2,19.12107
TUNE42PI_FES27,1352,10,labsea,MLD2,32.71894
TUNE42PI_FES27,1352,11,labsea,MLD2,63.38707
TUNE42PI_FES27,1352,12,labsea,MLD2,341.14867
TUNE42PI_FES27,1352,1,interior,MLD2,2062.29465
TUNE42PI_FES27,1352,2,interior,MLD2,2135.01327
TUNE42PI_FES27,1352,3,interior,MLD2,1600.97574
TUNE42PI_FES27,1352,4,interior,MLD2,872.98953
TUNE42PI_FES27,1352,5,interior,MLD2,277.60087
TUNE42PI_FES27,1352,6,interior,MLD2,18.99063
TUNE42PI_FES27,1352,7,interior,MLD2,16.18572
TUNE42PI_FES27,1352,8,interior,MLD2,17.07388
TUNE42PI_FES27,1352,9,interior,MLD2,22.55612
TUNE42PI_FES27,1352,10,interior,MLD2,35.59458
TUNE42PI_FES27,1352,11,interior,MLD2,67.17108
TUNE42PI_FES27,1352,12,interior,MLD2,756.82402
TUNE42PI_FES27,1353,1,labsea,a_ice,0.33974
TUNE42PI_FES27,1353,2,labsea,a_ice,0.42615
TUNE42PI_FES27,1353,3,labsea,a_ice,0.45436
TUNE42PI_FES27,1353,4,labsea,a_ice,0.44177
TUNE42PI_FES27,1353,5,labsea,a_ice,0.33707
TUNE42PI_FES27,1353,6,labsea,a_ice,0.16462
TUNE42PI_FES27,1353,7,labsea,a_ice,0.05269
TUNE42PI_FES27,1353,8,labsea,a_ice,0.00753
TUNE42PI_FES27,1353,9,labsea,a_ice,0.00010
TUNE42PI_FES27,1353,10,labsea,a_ice,0.01052
TUNE42PI_FES27,1353,11,labsea,a_ice,0.15840
TUNE42PI_FES27,1353,12,labsea,a_ice,0.43721
TUNE42PI_FES27,1353,1,interior,a_ice,0.15251
TUNE42PI_FES27,1353,2,interior,a_ice,0.24101
TUNE42PI_FES27,1353,3,interior,a_ice,0.24263
TUNE42PI_FES27,1353,4,interior,a_ice,0.31147
TUNE42PI_FES27,1353,5,interior,a_ice,0.14311
TUNE42PI_FES27,1353,6,interior,a_ice,0.01912
TUNE42PI_FES27,1353,7,interior,a_ice,0.00190
TUNE42PI_FES27,1353,8,interior,a_ice,0.00000
TUNE42PI_FES27,1353,9,interior,a_ice,0.00000
TUNE42PI_FES27,1353,10,interior,a_ice,0.00000
TUNE42PI_FES27,1353,11,interior,a_ice,0.02874
TUNE42PI_FES27,1353,12,interior,a_ice,0.39837
TUNE42PI_FES27,1353,1,labsea,MLD2,959.58858
TUNE42PI_FES27,1353,2,labsea,MLD2,1194.80227
TUNE42PI_FES27,1353,3,labsea,MLD2,1127.20870
TUNE42PI_FES27,1353,4,labsea,MLD2,716.91496
TUNE42PI_FES27,1353,5,labsea,MLD2,161.24945
TUNE42PI_FES27,1353,6,labsea,MLD2,20.80522
TUNE42PI_FES27,1353,7,labsea,MLD2,15.48186
TUNE42PI_FES27,1353,8,labsea,MLD2,15.68281
TUNE42PI_FES27,1353,9,labsea,MLD2,19.29991
TUNE42PI_FES27,1353,10,labsea,MLD2,25.81155
TUNE42PI_FES27,1353,11,labsea,MLD2,48.51151
TUNE42PI_FES27,1353,12,labsea,MLD2,98.66229
TUNE42PI_FES27,1353,1,interior,MLD2,1813.88103
TUNE42PI_FES27,1353,2,interior,MLD2,1824.90293
TUNE42PI_FES27,1353,3,interior,MLD2,1761.29044
TUNE42PI_FES27,1353,4,interior,MLD2,1067.40375
TUNE42PI_FES27,1353,5,interior,MLD2,315.76984
TUNE42PI_FES27,1353,6,interior,MLD2,27.47796
TUNE42PI_FES27,1353,7,interior,MLD2,18.90034
TUNE42PI_FES27,1353,8,interior,MLD2,17.70620
TUNE42PI_FES27,1353,9,interior,MLD2,22.12090
TUNE42PI_FES27,1353,10,interior,MLD2,29.02113
TUNE42PI_FES27,1353,11,interior,MLD2,47.21690
TUNE42PI_FES27,1353,12,interior,MLD2,57.81963
TUNE42PI_FES27,1354,1,labsea,a_ice,0.61342
TUNE42PI_FES27,1354,2,labsea,a_ice,0.60966
TUNE42PI_FES27,1354,3,labsea,a_ice,0.56143
TUNE42PI_FES27,1354,4,labsea,a_ice,0.51778
TUNE42PI_FES27,1354,5,labsea,a_ice,0.35221
TUNE42PI_FES27,1354,6,labsea,a_ice,0.17322
TUNE42PI_FES27,1354,7,labsea,a_ice,0.04776
TUNE42PI_FES27,1354,8,labsea,a_ice,0.01606
TUNE42PI_FES27,1354,9,labsea,a_ice,0.00750
TUNE42PI_FES27,1354,10,labsea,a_ice,0.01401
TUNE42PI_FES27,1354,11,labsea,a_ice,0.11089
TUNE42PI_FES27,1354,12,labsea,a_ice,0.28734
TUNE42PI_FES27,1354,1,interior,a_ice,0.76713
TUNE42PI_FES27,1354,2,interior,a_ice,0.73062
TUNE42PI_FES27,1354,3,interior,a_ice,0.62495
TUNE42PI_FES27,1354,4,interior,a_ice,0.48830
TUNE42PI_FES27,1354,5,interior,a_ice,0.27760
TUNE42PI_FES27,1354,6,interior,a_ice,0.10008
TUNE42PI_FES27,1354,7,interior,a_ice,0.01318
TUNE42PI_FES27,1354,8,interior,a_ice,0.00000
TUNE42PI_FES27,1354,9,interior,a_ice,0.00000
TUNE42PI_FES27,1354,10,interior,a_ice,0.00000
TUNE42PI_FES27,1354,11,interior,a_ice,0.01385
TUNE42PI_FES27,1354,12,interior,a_ice,0.11463
TUNE42PI_FES27,1354,1,labsea,MLD2,357.79462
TUNE42PI_FES27,1354,2,labsea,MLD2,606.72012
TUNE42PI_FES27,1354,3,labsea,MLD2,673.18272
TUNE42PI_FES27,1354,4,labsea,MLD2,639.93193
TUNE42PI_FES27,1354,5,labsea,MLD2,222.65513
TUNE42PI_FES27,1354,6,labsea,MLD2,38.16580
TUNE42PI_FES27,1354,7,labsea,MLD2,14.49432
TUNE42PI_FES27,1354,8,labsea,MLD2,15.69535
TUNE42PI_FES27,1354,9,labsea,MLD2,20.28182
TUNE42PI_FES27,1354,10,labsea,MLD2,27.02814
TUNE42PI_FES27,1354,11,labsea,MLD2,46.01960
TUNE42PI_FES27,1354,12,labsea,MLD2,415.07812
TUNE42PI_FES27,1354,1,interior,MLD2,260.19346
TUNE42PI_FES27,1354,2,interior,MLD2,417.33503
TUNE42PI_FES27,1354,3,interior,MLD2,637.50601
TUNE42PI_FES27,1354,4,interior,MLD2,746.62983
TUNE42PI_FES27,1354,5,interior,MLD2,186.83541
TUNE42PI_FES27,1354,6,interior,MLD2,21.19596
TUNE42PI_FES27,1354,7,interior,MLD2,16.70056
TUNE42PI_FES27,1354,8,interior,MLD2,17.43472
TUNE42PI_FES27,1354,9,interior,MLD2,21.98795
TUNE42PI_FES27,1354,10,interior,MLD2,28.25230
TUNE42PI_FES27,1354,11,interior,MLD2,48.37063
TUNE42PI_FES27,1354,12,interior,MLD2,923.45876
TUNE42PI_FES27,1355,1,labsea,a_ice,0.38026
TUNE42PI_FES27,1355,2,labsea,a_ice,0.43188
TUNE42PI_FES27,1355,3,labsea,a_ice,0.42772
TUNE42PI_FES27,1355,4,labsea,a_ice,0.34355
TUNE42PI_FES27,1355,5,labsea,a_ice,0.28176
TUNE42PI_FES27,1355,6,labsea,a_ice,0.18869
TUNE42PI_FES27,1355,7,labsea,a_ice,0.06117
TUNE42PI_FES27,1355,8,labsea,a_ice,0.00447
TUNE42PI_FES27,1355,9,labsea,a_ice,0.00000
TUNE42PI_FES27,1355,10,labsea,a_ice,0.00000
TUNE42PI_FES27,1355,11,labsea,a_ice,0.02623
TUNE42PI_FES27,1355,12,labsea,a_ice,0.16560
TUNE42PI_FES27,1355,1,interior,a_ice,0.22951
TUNE42PI_FES27,1355,2,interior,a_ice,0.32569
TUNE42PI_FES27,1355,3,interior,a_ice,0.31195
TUNE42PI_FES27,1355,4,interior,a_ice,0.14558
TUNE42PI_FES27,1355,5,interior,a_ice,0.08964
TUNE42PI_FES27,1355,6,interior,a_ice,0.03400
TUNE42PI_FES27,1355,7,interior,a_ice,0.00244
TUNE42PI_FES27,1355,8,interior,a_ice,0.00000
TUNE42PI_FES27,1355,9,interior,a_ice,0.00000
TUNE42PI_FES27,1355,10,interior,a_ice,0.00000
TUNE42PI_FES27,1355,11,interior,a_ice,0.00029
TUNE42PI_FES27,1355,12,interior,a_ice,0.03756
TUNE42PI_FES27,1355,1,labsea,MLD2,1053.13663
TUNE42PI_FES27,1355,2,labsea,MLD2,1054.28931
TUNE42PI_FES27,1355,3,labsea,MLD2,885.77944
TUNE42PI_FES27,1355,4,labsea,MLD2,572.22970
TUNE42PI_FES27,1355,5,labsea,MLD2,170.45419
TUNE42PI_FES27,1355,6,labsea,MLD2,13.70921
TUNE42PI_FES27,1355,7,labsea,MLD2,15.30948
TUNE42PI_FES27,1355,8,labsea,MLD2,16.92367
TUNE42PI_FES27,1355,9,labsea,MLD2,20.61494
TUNE42PI_FES27,1355,10,labsea,MLD2,30.26491
TUNE42PI_FES27,1355,11,labsea,MLD2,62.84355
TUNE42PI_FES27,1355,12,labsea,MLD2,515.57709
TUNE42PI_FES27,1355,1,interior,MLD2,1771.69794
TUNE42PI_FES27,1355,2,interior,MLD2,1379.36146
TUNE42PI_FES27,1355,3,interior,MLD2,883.25998
TUNE42PI_FES27,1355,4,interior,MLD2,502.32564
TUNE42PI_FES27,1355,5,interior,MLD2,105.07502
TUNE42PI_FES27,1355,6,interior,MLD2,17.36351
TUNE42PI_FES27,1355,7,interior,MLD2,18.08068
TUNE42PI_FES27,1355,8,interior,MLD2,19.96680
TUNE42PI_FES27,1355,9,interior,MLD2,24.31507
TUNE42PI_FES27,1355,10,interior,MLD2,33.50702
TUNE42PI_FES27,1355,11,interior,MLD2,91.61938
TUNE42PI_FES27,1355,12,interior,MLD2,1197.02124
TUNE42PI_FES27,1356,1,labsea,a_ice,0.28553
TUNE42PI_FES27,1356,2,labsea,a_ice,0.34965
TUNE42PI_FES27,1356,3,labsea,a_ice,0.33859
TUNE42PI_FES27,1356,4,labsea,a_ice,0.29728
TUNE42PI_FES27,1356,5,labsea,a_ice,0.23096
TUNE42PI_FES27,1356,6,labsea,a_ice,0.11656
TUNE42PI_FES27,1356,7,labsea,a_ice,0.00782
TUNE42PI_FES27,1356,8,labsea,a_ice,0.00000
TUNE42PI_FES27,1356,9,labsea,a_ice,0.00000
TUNE42PI_FES27,1356,10,labsea,a_ice,0.00063
TUNE42PI_FES27,1356,11,labsea,a_ice,0.10781
TUNE42PI_FES27,1356,12,labsea,a_ice,0.32493
TUNE42PI_FES27,1356,1,interior,a_ice,0.09762
TUNE42PI_FES27,1356,2,interior,a_ice,0.14739
TUNE42PI_FES27,1356,3,interior,a_ice,0.14938
TUNE42PI_FES27,1356,4,interior,a_ice,0.11289
TUNE42PI_FES27,1356,5,interior,a_ice,0.09317
TUNE42PI_FES27,1356,6,interior,a_ice,0.03342
TUNE42PI_FES27,1356,7,interior,a_ice,0.00020
TUNE42PI_FES27,1356,8,interior,a_ice,0.00000
TUNE42PI_FES27,1356,9,interior,a_ice,0.00000
TUNE42PI_FES27,1356,10,interior,a_ice,0.00000
TUNE42PI_FES27,1356,11,interior,a_ice,0.03120
TUNE42PI_FES27,1356,12,interior,a_ice,0.16750
TUNE42PI_FES27,1356,1,labsea,MLD2,1196.17333
TUNE42PI_FES27,1356,2,labsea,MLD2,1321.47837
TUNE42PI_FES27,1356,3,labsea,MLD2,1172.34048
TUNE42PI_FES27,1356,4,labsea,MLD2,1020.65015
TUNE42PI_FES27,1356,5,labsea,MLD2,369.71185
TUNE42PI_FES27,1356,6,labsea,MLD2,17.59511
TUNE42PI_FES27,1356,7,labsea,MLD2,12.80351
TUNE42PI_FES27,1356,8,labsea,MLD2,15.19768
TUNE42PI_FES27,1356,9,labsea,MLD2,20.38960
TUNE42PI_FES27,1356,10,labsea,MLD2,32.19751
TUNE42PI_FES27,1356,11,labsea,MLD2,198.49742
TUNE42PI_FES27,1356,12,labsea,MLD2,919.60072
TUNE42PI_FES27,1356,1,interior,MLD2,2206.32303
TUNE42PI_FES27,1356,2,interior,MLD2,2203.56902
TUNE42PI_FES27,1356,3,interior,MLD2,1814.30387
TUNE42PI_FES27,1356,4,interior,MLD2,1418.17642
TUNE42PI_FES27,1356,5,interior,MLD2,590.53033
TUNE42PI_FES27,1356,6,interior,MLD2,26.90900
TUNE42PI_FES27,1356,7,interior,MLD2,15.74373
TUNE42PI_FES27,1356,8,interior,MLD2,17.38135
TUNE42PI_FES27,1356,9,interior,MLD2,22.61493
TUNE42PI_FES27,1356,10,interior,MLD2,34.45614
TUNE42PI_FES27,1356,11,interior,MLD2,173.25045
TUNE42PI_FES27,1356,12,interior,MLD2,1661.56254
TUNE42PI_FES27,1357,1,labsea,a_ice,0.45238
TUNE42PI_FES27,1357,2,labsea,a_ice,0.52195
TUNE42PI_FES27,1357,3,labsea,a_ice,0.52023
TUNE42PI_FES27,1357,4,labsea,a_ice,0.41717
TUNE42PI_FES27,1357,5,labsea,a_ice,0.33865
TUNE42PI_FES27,1357,6,labsea,a_ice,0.19013
TUNE42PI_FES27,1357,7,labsea,a_ice,0.04488
TUNE42PI_FES27,1357,8,labsea,a_ice,0.00101
TUNE42PI_FES27,1357,9,labsea,a_ice,0.00000
TUNE42PI_FES27,1357,10,labsea,a_ice,0.00622
TUNE42PI_FES27,1357,11,labsea,a_ice,0.08174
TUNE42PI_FES27,1357,12,labsea,a_ice,0.26487
TUNE42PI_FES27,1357,1,interior,a_ice,0.33021
TUNE42PI_FES27,1357,2,interior,a_ice,0.49571
TUNE42PI_FES27,1357,3,interior,a_ice,0.58291
TUNE42PI_FES27,1357,4,interior,a_ice,0.33500
TUNE42PI_FES27,1357,5,interior,a_ice,0.19571
TUNE42PI_FES27,1357,6,interior,a_ice,0.08104
TUNE42PI_FES27,1357,7,interior,a_ice,0.00867
TUNE42PI_FES27,1357,8,interior,a_ice,0.00000
TUNE42PI_FES27,1357,9,interior,a_ice,0.00000
TUNE42PI_FES27,1357,10,interior,a_ice,0.00000
TUNE42PI_FES27,1357,11,interior,a_ice,0.00491
TUNE42PI_FES27,1357,12,interior,a_ice,0.11163
TUNE42PI_FES27,1357,1,labsea,MLD2,1155.39584
TUNE42PI_FES27,1357,2,labsea,MLD2,1006.87760
TUNE42PI_FES27,1357,3,labsea,MLD2,908.78318
TUNE42PI_FES27,1357,4,labsea,MLD2,587.79701
TUNE42PI_FES27,1357,5,labsea,MLD2,320.65002
TUNE42PI_FES27,1357,6,labsea,MLD2,17.59243
TUNE42PI_FES27,1357,7,labsea,MLD2,13.52097
TUNE42PI_FES27,1357,8,labsea,MLD2,15.33565
TUNE42PI_FES27,1357,9,labsea,MLD2,22.63890
TUNE42PI_FES27,1357,10,labsea,MLD2,37.32573
TUNE42PI_FES27,1357,11,labsea,MLD2,189.58870
TUNE42PI_FES27,1357,12,labsea,MLD2,1102.73979
TUNE42PI_FES27,1357,1,interior,MLD2,1756.81406
TUNE42PI_FES27,1357,2,interior,MLD2,1190.66979
TUNE42PI_FES27,1357,3,interior,MLD2,847.74759
TUNE42PI_FES27,1357,4,interior,MLD2,571.48829
TUNE42PI_FES27,1357,5,interior,MLD2,379.66284
TUNE42PI_FES27,1357,6,interior,MLD2,21.64950
TUNE42PI_FES27,1357,7,interior,MLD2,16.32354
TUNE42PI_FES27,1357,8,interior,MLD2,16.95148
TUNE42PI_FES27,1357,9,interior,MLD2,25.41581
TUNE42PI_FES27,1357,10,interior,MLD2,40.45590
TUNE42PI_FES27,1357,11,interior,MLD2,255.15278
TUNE42PI_FES27,1357,12,interior,MLD2,1923.74414
TUNE42PI_FES27,1358,1,labsea,a_ice,0.35761
TUNE42PI_FES27,1358,2,labsea,a_ice,0.46260
TUNE42PI_FES27,1358,3,labsea,a_ice,0.45111
TUNE42PI_FES27,1358,4,labsea,a_ice,0.39451
TUNE42PI_FES27,1358,5,labsea,a_ice,0.29073
TUNE42PI_FES27,1358,6,labsea,a_ice,0.19113
TUNE42PI_FES27,1358,7,labsea,a_ice,0.05342
TUNE42PI_FES27,1358,8,labsea,a_ice,0.00961
TUNE42PI_FES27,1358,9,labsea,a_ice,0.00016
TUNE42PI_FES27,1358,10,labsea,a_ice,0.00940
TUNE42PI_FES27,1358,11,labsea,a_ice,0.11019
TUNE42PI_FES27,1358,12,labsea,a_ice,0.36169
TUNE42PI_FES27,1358,1,interior,a_ice,0.21012
TUNE42PI_FES27,1358,2,interior,a_ice,0.35216
TUNE42PI_FES27,1358,3,interior,a_ice,0.32198
TUNE42PI_FES27,1358,4,interior,a_ice,0.26647
TUNE42PI_FES27,1358,5,interior,a_ice,0.15927
TUNE42PI_FES27,1358,6,interior,a_ice,0.09814
TUNE42PI_FES27,1358,7,interior,a_ice,0.00746
TUNE42PI_FES27,1358,8,interior,a_ice,0.00000
TUNE42PI_FES27,1358,9,interior,a_ice,0.00000
TUNE42PI_FES27,1358,10,interior,a_ice,0.00000
TUNE42PI_FES27,1358,11,interior,a_ice,0.02212
TUNE42PI_FES27,1358,12,interior,a_ice,0.24207
TUNE42PI_FES27,1358,1,labsea,MLD2,1350.91243
TUNE42PI_FES27,1358,2,labsea,MLD2,1205.43726
TUNE42PI_FES27,1358,3,labsea,MLD2,937.16739
TUNE42PI_FES27,1358,4,labsea,MLD2,687.17766
TUNE42PI_FES27,1358,5,labsea,MLD2,179.67175
TUNE42PI_FES27,1358,6,labsea,MLD2,15.71272
TUNE42PI_FES27,1358,7,labsea,MLD2,14.53540
TUNE42PI_FES27,1358,8,labsea,MLD2,15.66157
TUNE42PI_FES27,1358,9,labsea,MLD2,20.34537
TUNE42PI_FES27,1358,10,labsea,MLD2,29.94056
TUNE42PI_FES27,1358,11,labsea,MLD2,223.08248
TUNE42PI_FES27,1358,12,labsea,MLD2,1002.36366
TUNE42PI_FES27,1358,1,interior,MLD2,2123.40136
TUNE42PI_FES27,1358,2,interior,MLD2,1735.75705
TUNE42PI_FES27,1358,3,interior,MLD2,1406.35744
TUNE42PI_FES27,1358,4,interior,MLD2,1166.40938
TUNE42PI_FES27,1358,5,interior,MLD2,331.14733
TUNE42PI_FES27,1358,6,interior,MLD2,18.57107
TUNE42PI_FES27,1358,7,interior,MLD2,18.31614
TUNE42PI_FES27,1358,8,interior,MLD2,18.32406
TUNE42PI_FES27,1358,9,interior,MLD2,22.58073
TUNE42PI_FES27,1358,10,interior,MLD2,33.29265
TUNE42PI_FES27,1358,11,interior,MLD2,327.48810
TUNE42PI_FES27,1358,12,interior,MLD2,1866.55023
TUNE42PI_FES27,1359,1,labsea,a_ice,0.44870
TUNE42PI_FES27,1359,2,labsea,a_ice,0.46490
TUNE42PI_FES27,1359,3,labsea,a_ice,0.49644
TUNE42PI_FES27,1359,4,labsea,a_ice,0.52417
TUNE42PI_FES27,1359,5,labsea,a_ice,0.35071
TUNE42PI_FES27,1359,6,labsea,a_ice,0.16177
TUNE42PI_FES27,1359,7,labsea,a_ice,0.01690
TUNE42PI_FES27,1359,8,labsea,a_ice,0.00003
TUNE42PI_FES27,1359,9,labsea,a_ice,0.00000
TUNE42PI_FES27,1359,10,labsea,a_ice,0.00009
TUNE42PI_FES27,1359,11,labsea,a_ice,0.02895
TUNE42PI_FES27,1359,12,labsea,a_ice,0.12073
TUNE42PI_FES27,1359,1,interior,a_ice,0.35551
TUNE42PI_FES27,1359,2,interior,a_ice,0.40326
TUNE42PI_FES27,1359,3,interior,a_ice,0.48166
TUNE42PI_FES27,1359,4,interior,a_ice,0.55915
TUNE42PI_FES27,1359,5,interior,a_ice,0.22220
TUNE42PI_FES27,1359,6,interior,a_ice,0.03053
TUNE42PI_FES27,1359,7,interior,a_ice,0.00962
TUNE42PI_FES27,1359,8,interior,a_ice,0.00000
TUNE42PI_FES27,1359,9,interior,a_ice,0.00000
TUNE42PI_FES27,1359,10,interior,a_ice,0.00000
TUNE42PI_FES27,1359,11,interior,a_ice,0.00000
TUNE42PI_FES27,1359,12,interior,a_ice,0.01003
TUNE42PI_FES27,1359,1,labsea,MLD2,1037.44423
TUNE42PI_FES27,1359,2,labsea,MLD2,966.73313
TUNE42PI_FES27,1359,3,labsea,MLD2,783.47731
TUNE42PI_FES27,1359,4,labsea,MLD2,610.91988
TUNE42PI_FES27,1359,5,labsea,MLD2,189.44912
TUNE42PI_FES27,1359,6,labsea,MLD2,18.81031
TUNE42PI_FES27,1359,7,labsea,MLD2,10.20269
TUNE42PI_FES27,1359,8,labsea,MLD2,14.64261
TUNE42PI_FES27,1359,9,labsea,MLD2,18.40750
TUNE42PI_FES27,1359,10,labsea,MLD2,25.56023
TUNE42PI_FES27,1359,11,labsea,MLD2,45.51915
TUNE42PI_FES27,1359,12,labsea,MLD2,322.03419
TUNE42PI_FES27,1359,1,interior,MLD2,1628.11496
TUNE42PI_FES27,1359,2,interior,MLD2,1203.43473
TUNE42PI_FES27,1359,3,interior,MLD2,702.40246
TUNE42PI_FES27,1359,4,interior,MLD2,344.39724
TUNE42PI_FES27,1359,5,interior,MLD2,127.18573
TUNE42PI_FES27,1359,6,interior,MLD2,22.37103
TUNE42PI_FES27,1359,7,interior,MLD2,11.33126
TUNE42PI_FES27,1359,8,interior,MLD2,16.30590
TUNE42PI_FES27,1359,9,interior,MLD2,18.77138
TUNE42PI_FES27,1359,10,interior,MLD2,26.89721
TUNE42PI_FES27,1359,11,interior,MLD2,52.98678
TUNE42PI_FES27,1359,12,interior,MLD2,686.07577
TUNE42PI_FES27,1360,1,labsea,a_ice,0.25966
TUNE42PI_FES27,1360,2,labsea,a_ice,0.31245
TUNE42PI_FES27,1360,3,labsea,a_ice,0.39405
TUNE42PI_FES27,1360,4,labsea,a_ice,0.36305
TUNE42PI_FES27,1360,5,labsea,a_ice,0.26029
TUNE42PI_FES27,1360,6,labsea,a_ice,0.11697
TUNE42PI_FES27,1360,7,labsea,a_ice,0.00793
TUNE42PI_FES27,1360,8,labsea,a_ice,0.00000
TUNE42PI_FES27,1360,9,labsea,a_ice,0.00000
TUNE42PI_FES27,1360,10,labsea,a_ice,0.00000
TUNE42PI_FES27,1360,11,labsea,a_ice,0.04578
TUNE42PI_FES27,1360,12,labsea,a_ice,0.24069
TUNE42PI_FES27,1360,1,interior,a_ice,0.07920
TUNE42PI_FES27,1360,2,interior,a_ice,0.11532
TUNE42PI_FES27,1360,3,interior,a_ice,0.26712
TUNE42PI_FES27,1360,4,interior,a_ice,0.17138
TUNE42PI_FES27,1360,5,interior,a_ice,0.10313
TUNE42PI_FES27,1360,6,interior,a_ice,0.01169
TUNE42PI_FES27,1360,7,interior,a_ice,0.00001
TUNE42PI_FES27,1360,8,interior,a_ice,0.00000
TUNE42PI_FES27,1360,9,interior,a_ice,0.00000
TUNE42PI_FES27,1360,10,interior,a_ice,0.00000
TUNE42PI_FES27,1360,11,interior,a_ice,0.00225
TUNE42PI_FES27,1360,12,interior,a_ice,0.08972
TUNE42PI_FES27,1360,1,labsea,MLD2,982.49934
TUNE42PI_FES27,1360,2,labsea,MLD2,1188.30982
TUNE42PI_FES27,1360,3,labsea,MLD2,1074.54584
TUNE42PI_FES27,1360,4,labsea,MLD2,965.33445
TUNE42PI_FES27,1360,5,labsea,MLD2,363.62551
TUNE42PI_FES27,1360,6,labsea,MLD2,11.52852
TUNE42PI_FES27,1360,7,labsea,MLD2,10.56664
TUNE42PI_FES27,1360,8,labsea,MLD2,13.97414
TUNE42PI_FES27,1360,9,labsea,MLD2,18.44664
TUNE42PI_FES27,1360,10,labsea,MLD2,30.14839
TUNE42PI_FES27,1360,11,labsea,MLD2,124.16373
TUNE42PI_FES27,1360,12,labsea,MLD2,974.99954
TUNE42PI_FES27,1360,1,interior,MLD2,2006.07955
TUNE42PI_FES27,1360,2,interior,MLD2,2245.42709
TUNE42PI_FES27,1360,3,interior,MLD2,1702.12107
TUNE42PI_FES27,1360,4,interior,MLD2,1527.52731
TUNE42PI_FES27,1360,5,interior,MLD2,689.69003
TUNE42PI_FES27,1360,6,interior,MLD2,12.79474
TUNE42PI_FES27,1360,7,interior,MLD2,11.34701
TUNE42PI_FES27,1360,8,interior,MLD2,15.70287
TUNE42PI_FES27,1360,9,interior,MLD2,19.81982
TUNE42PI_FES27,1360,10,interior,MLD2,32.94247
TUNE42PI_FES27,1360,11,interior,MLD2,264.30737
TUNE42PI_FES27,1360,12,interior,MLD2,2117.26100
TUNE42PI_FES27,1361,1,labsea,a_ice,0.28405
TUNE42PI_FES27,1361,2,labsea,a_ice,0.33598
TUNE42PI_FES27,1361,3,labsea,a_ice,0.39347
TUNE42PI_FES27,1361,4,labsea,a_ice,0.43033
TUNE42PI_FES27,1361,5,labsea,a_ice,0.28943
TUNE42PI_FES27,1361,6,labsea,a_ice,0.12199
TUNE42PI_FES27,1361,7,labsea,a_ice,0.01099
TUNE42PI_FES27,1361,8,labsea,a_ice,0.00000
TUNE42PI_FES27,1361,9,labsea,a_ice,0.00000
TUNE42PI_FES27,1361,10,labsea,a_ice,0.00484
TUNE42PI_FES27,1361,11,labsea,a_ice,0.06457
TUNE42PI_FES27,1361,12,labsea,a_ice,0.27302
TUNE42PI_FES27,1361,1,interior,a_ice,0.07733
TUNE42PI_FES27,1361,2,interior,a_ice,0.14934
TUNE42PI_FES27,1361,3,interior,a_ice,0.20684
TUNE42PI_FES27,1361,4,interior,a_ice,0.28333
TUNE42PI_FES27,1361,5,interior,a_ice,0.08866
TUNE42PI_FES27,1361,6,interior,a_ice,0.02118
TUNE42PI_FES27,1361,7,interior,a_ice,0.00015
TUNE42PI_FES27,1361,8,interior,a_ice,0.00000
TUNE42PI_FES27,1361,9,interior,a_ice,0.00000
TUNE42PI_FES27,1361,10,interior,a_ice,0.00000
TUNE42PI_FES27,1361,11,interior,a_ice,0.00101
TUNE42PI_FES27,1361,12,interior,a_ice,0.13527
TUNE42PI_FES27,1361,1,labsea,MLD2,1456.43429
TUNE42PI_FES27,1361,2,labsea,MLD2,1457.27348
TUNE42PI_FES27,1361,3,labsea,MLD2,1280.55613
TUNE42PI_FES27,1361,4,labsea,MLD2,1026.37611
TUNE42PI_FES27,1361,5,labsea,MLD2,295.78956
TUNE42PI_FES27,1361,6,labsea,MLD2,17.34362
TUNE42PI_FES27,1361,7,labsea,MLD2,14.08722
TUNE42PI_FES27,1361,8,labsea,MLD2,15.31605
TUNE42PI_FES27,1361,9,labsea,MLD2,21.73220
TUNE42PI_FES27,1361,10,labsea,MLD2,28.15637
TUNE42PI_FES27,1361,11,labsea,MLD2,79.96326
TUNE42PI_FES27,1361,12,labsea,MLD2,763.54543
TUNE42PI_FES27,1361,1,interior,MLD2,2412.69745
TUNE42PI_FES27,1361,2,interior,MLD2,2186.95600
TUNE42PI_FES27,1361,3,interior,MLD2,1879.67715
TUNE42PI_FES27,1361,4,interior,MLD2,1392.99015
TUNE42PI_FES27,1361,5,interior,MLD2,444.85344
TUNE42PI_FES27,1361,6,interior,MLD2,22.00811
TUNE42PI_FES27,1361,7,interior,MLD2,16.66669
TUNE42PI_FES27,1361,8,interior,MLD2,16.48993
TUNE42PI_FES27,1361,9,interior,MLD2,22.66997
TUNE42PI_FES27,1361,10,interior,MLD2,29.84656
TUNE42PI_FES27,1361,11,interior,MLD2,78.25008
TUNE42PI_FES27,1361,12,interior,MLD2,1273.89918
TUNE42PI_FES27,1362,1,labsea,a_ice,0.44484
TUNE42PI_FES27,1362,2,labsea,a_ice,0.59686
TUNE42PI_FES27,1362,3,labsea,a_ice,0.64875
TUNE42PI_FES27,1362,4,labsea,a_ice,0.53317
TUNE42PI_FES27,1362,5,labsea,a_ice,0.43914
TUNE42PI_FES27,1362,6,labsea,a_ice,0.23355
TUNE42PI_FES27,1362,7,labsea,a_ice,0.06351
TUNE42PI_FES27,1362,8,labsea,a_ice,0.01724
TUNE42PI_FES27,1362,9,labsea,a_ice,0.00450
TUNE42PI_FES27,1362,10,labsea,a_ice,0.01813
TUNE42PI_FES27,1362,11,labsea,a_ice,0.09943
TUNE42PI_FES27,1362,12,labsea,a_ice,0.25515
TUNE42PI_FES27,1362,1,interior,a_ice,0.39344
TUNE42PI_FES27,1362,2,interior,a_ice,0.68530
TUNE42PI_FES27,1362,3,interior,a_ice,0.75949
TUNE42PI_FES27,1362,4,interior,a_ice,0.62937
TUNE42PI_FES27,1362,5,interior,a_ice,0.37156
TUNE42PI_FES27,1362,6,interior,a_ice,0.12588
TUNE42PI_FES27,1362,7,interior,a_ice,0.01985
TUNE42PI_FES27,1362,8,interior,a_ice,0.00000
TUNE42PI_FES27,1362,9,interior,a_ice,0.00000
TUNE42PI_FES27,1362,10,interior,a_ice,0.00000
TUNE42PI_FES27,1362,11,interior,a_ice,0.00987
TUNE42PI_FES27,1362,12,interior,a_ice,0.11898
TUNE42PI_FES27,1362,1,labsea,MLD2,1131.23919
TUNE42PI_FES27,1362,2,labsea,MLD2,886.58870
TUNE42PI_FES27,1362,3,labsea,MLD2,653.19970
TUNE42PI_FES27,1362,4,labsea,MLD2,414.90292
TUNE42PI_FES27,1362,5,labsea,MLD2,174.67793
TUNE42PI_FES27,1362,6,labsea,MLD2,15.67805
TUNE42PI_FES27,1362,7,labsea,MLD2,15.05405
TUNE42PI_FES27,1362,8,labsea,MLD2,16.95306
TUNE42PI_FES27,1362,9,labsea,MLD2,22.44267
TUNE42PI_FES27,1362,10,labsea,MLD2,32.56331
TUNE42PI_FES27,1362,11,labsea,MLD2,122.85887
TUNE42PI_FES27,1362,12,labsea,MLD2,574.19249
TUNE42PI_FES27,1362,1,interior,MLD2,1482.32381
TUNE42PI_FES27,1362,2,interior,MLD2,750.63322
TUNE42PI_FES27,1362,3,interior,MLD2,430.71223
TUNE42PI_FES27,1362,4,interior,MLD2,287.98658
TUNE42PI_FES27,1362,5,interior,MLD2,126.54799
TUNE42PI_FES27,1362,6,interior,MLD2,17.40346
TUNE42PI_FES27,1362,7,interior,MLD2,16.77200
TUNE42PI_FES27,1362,8,interior,MLD2,17.77056
TUNE42PI_FES27,1362,9,interior,MLD2,22.92617
TUNE42PI_FES27,1362,10,interior,MLD2,34.01948
TUNE42PI_FES27,1362,11,interior,MLD2,118.44947
TUNE42PI_FES27,1362,12,interior,MLD2,1001.36078
TUNE42PI_FES27,1363,1,labsea,a_ice,0.37463
TUNE42PI_FES27,1363,2,labsea,a_ice,0.40201
TUNE42PI_FES27,1363,3,labsea,a_ice,0.45399
TUNE42PI_FES27,1363,4,labsea,a_ice,0.42867
TUNE42PI_FES27,1363,5,labsea,a_ice,0.33277
TUNE42PI_FES27,1363,6,labsea,a_ice,0.19364
TUNE42PI_FES27,1363,7,labsea,a_ice,0.06454
TUNE42PI_FES27,1363,8,labsea,a_ice,0.00584
TUNE42PI_FES27,1363,9,labsea,a_ice,0.00000
TUNE42PI_FES27,1363,10,labsea,a_ice,0.00213
TUNE42PI_FES27,1363,11,labsea,a_ice,0.04905
TUNE42PI_FES27,1363,12,labsea,a_ice,0.22223
TUNE42PI_FES27,1363,1,interior,a_ice,0.18806
TUNE42PI_FES27,1363,2,interior,a_ice,0.19337
TUNE42PI_FES27,1363,3,interior,a_ice,0.38167
TUNE42PI_FES27,1363,4,interior,a_ice,0.34927
TUNE42PI_FES27,1363,5,interior,a_ice,0.21311
TUNE42PI_FES27,1363,6,interior,a_ice,0.05997
TUNE42PI_FES27,1363,7,interior,a_ice,0.00664
TUNE42PI_FES27,1363,8,interior,a_ice,0.00001
TUNE42PI_FES27,1363,9,interior,a_ice,0.00000
TUNE42PI_FES27,1363,10,interior,a_ice,0.00000
TUNE42PI_FES27,1363,11,interior,a_ice,0.00069
TUNE42PI_FES27,1363,12,interior,a_ice,0.07184
TUNE42PI_FES27,1363,1,labsea,MLD2,847.44996
TUNE42PI_FES27,1363,2,labsea,MLD2,941.65503
TUNE42PI_FES27,1363,3,labsea,MLD2,967.28751
TUNE42PI_FES27,1363,4,labsea,MLD2,867.15502
TUNE42PI_FES27,1363,5,labsea,MLD2,541.58807
TUNE42PI_FES27,1363,6,labsea,MLD2,67.44068
TUNE42PI_FES27,1363,7,labsea,MLD2,14.95330
TUNE42PI_FES27,1363,8,labsea,MLD2,15.08089
TUNE42PI_FES27,1363,9,labsea,MLD2,18.81427
TUNE42PI_FES27,1363,10,labsea,MLD2,31.87974
TUNE42PI_FES27,1363,11,labsea,MLD2,58.95444
TUNE42PI_FES27,1363,12,labsea,MLD2,968.62771
TUNE42PI_FES27,1363,1,interior,MLD2,1561.88336
TUNE42PI_FES27,1363,2,interior,MLD2,1681.09317
TUNE42PI_FES27,1363,3,interior,MLD2,1337.94175
TUNE42PI_FES27,1363,4,interior,MLD2,1191.22507
TUNE42PI_FES27,1363,5,interior,MLD2,811.15111
TUNE42PI_FES27,1363,6,interior,MLD2,120.10180
TUNE42PI_FES27,1363,7,interior,MLD2,17.64027
TUNE42PI_FES27,1363,8,interior,MLD2,16.91178
TUNE42PI_FES27,1363,9,interior,MLD2,20.21174
TUNE42PI_FES27,1363,10,interior,MLD2,34.88572
TUNE42PI_FES27,1363,11,interior,MLD2,71.29710
TUNE42PI_FES27,1363,12,interior,MLD2,1829.66031
TUNE42PI_FES27,1364,1,labsea,a_ice,0.26605
TUNE42PI_FES27,1364,2,labsea,a_ice,0.30936
TUNE42PI_FES27,1364,3,labsea,a_ice,0.34934
TUNE42PI_FES27,1364,4,labsea,a_ice,0.34048
TUNE42PI_FES27,1364,5,labsea,a_ice,0.28075
TUNE42PI_FES27,1364,6,labsea,a_ice,0.16587
TUNE42PI_FES27,1364,7,labsea,a_ice,0.06192
TUNE42PI_FES27,1364,8,labsea,a_ice,0.00550
TUNE42PI_FES27,1364,9,labsea,a_ice,0.00022
TUNE42PI_FES27,1364,10,labsea,a_ice,0.00004
TUNE42PI_FES27,1364,11,labsea,a_ice,0.04238
TUNE42PI_FES27,1364,12,labsea,a_ice,0.15655
TUNE42PI_FES27,1364,1,interior,a_ice,0.06624
TUNE42PI_FES27,1364,2,interior,a_ice,0.09151
TUNE42PI_FES27,1364,3,interior,a_ice,0.12417
TUNE42PI_FES27,1364,4,interior,a_ice,0.13511
TUNE42PI_FES27,1364,5,interior,a_ice,0.12422
TUNE42PI_FES27,1364,6,interior,a_ice,0.04469
TUNE42PI_FES27,1364,7,interior,a_ice,0.00644
TUNE42PI_FES27,1364,8,interior,a_ice,0.00033
TUNE42PI_FES27,1364,9,interior,a_ice,0.00000
TUNE42PI_FES27,1364,10,interior,a_ice,0.00000
TUNE42PI_FES27,1364,11,interior,a_ice,0.00226
TUNE42PI_FES27,1364,12,interior,a_ice,0.01827
TUNE42PI_FES27,1364,1,labsea,MLD2,1467.33463
TUNE42PI_FES27,1364,2,labsea,MLD2,1518.45128
TUNE42PI_FES27,1364,3,labsea,MLD2,1448.09206
TUNE42PI_FES27,1364,4,labsea,MLD2,1229.73370
TUNE42PI_FES27,1364,5,labsea,MLD2,836.63438
TUNE42PI_FES27,1364,6,labsea,MLD2,91.70650
TUNE42PI_FES27,1364,7,labsea,MLD2,15.32270
TUNE42PI_FES27,1364,8,labsea,MLD2,14.19459
TUNE42PI_FES27,1364,9,labsea,MLD2,19.77284
TUNE42PI_FES27,1364,10,labsea,MLD2,34.17271
TUNE42PI_FES27,1364,11,labsea,MLD2,78.24344
TUNE42PI_FES27,1364,12,labsea,MLD2,651.31112
TUNE42PI_FES27,1364,1,interior,MLD2,2421.48155
TUNE42PI_FES27,1364,2,interior,MLD2,2406.01059
TUNE42PI_FES27,1364,3,interior,MLD2,2294.76148
TUNE42PI_FES27,1364,4,interior,MLD2,1780.44509
TUNE42PI_FES27,1364,5,interior,MLD2,1130.27869
TUNE42PI_FES27,1364,6,interior,MLD2,185.45798
TUNE42PI_FES27,1364,7,interior,MLD2,17.85206
TUNE42PI_FES27,1364,8,interior,MLD2,16.39547
TUNE42PI_FES27,1364,9,interior,MLD2,22.23304
TUNE42PI_FES27,1364,10,interior,MLD2,37.77437
TUNE42PI_FES27,1364,11,interior,MLD2,107.76647
TUNE42PI_FES27,1364,12,interior,MLD2,1239.37811
TUNE42PI_FES27,1365,1,labsea,a_ice,0.25256
TUNE42PI_FES27,1365,2,labsea,a_ice,0.30738
TUNE42PI_FES27,1365,3,labsea,a_ice,0.31749
TUNE42PI_FES27,1365,4,labsea,a_ice,0.24749
TUNE42PI_FES27,1365,5,labsea,a_ice,0.18522
TUNE42PI_FES27,1365,6,labsea,a_ice,0.10280
TUNE42PI_FES27,1365,7,labsea,a_ice,0.04214
TUNE42PI_FES27,1365,8,labsea,a_ice,0.00345
TUNE42PI_FES27,1365,9,labsea,a_ice,0.00000
TUNE42PI_FES27,1365,10,labsea,a_ice,0.00000
TUNE42PI_FES27,1365,11,labsea,a_ice,0.02961
TUNE42PI_FES27,1365,12,labsea,a_ice,0.14182
TUNE42PI_FES27,1365,1,interior,a_ice,0.09395
TUNE42PI_FES27,1365,2,interior,a_ice,0.13317
TUNE42PI_FES27,1365,3,interior,a_ice,0.12221
TUNE42PI_FES27,1365,4,interior,a_ice,0.08621
TUNE42PI_FES27,1365,5,interior,a_ice,0.02688
TUNE42PI_FES27,1365,6,interior,a_ice,0.02136
TUNE42PI_FES27,1365,7,interior,a_ice,0.00007
TUNE42PI_FES27,1365,8,interior,a_ice,0.00000
TUNE42PI_FES27,1365,9,interior,a_ice,0.00000
TUNE42PI_FES27,1365,10,interior,a_ice,0.00000
TUNE42PI_FES27,1365,11,interior,a_ice,0.00012
TUNE42PI_FES27,1365,12,interior,a_ice,0.01431
TUNE42PI_FES27,1365,1,labsea,MLD2,1451.99384
TUNE42PI_FES27,1365,2,labsea,MLD2,1491.58866
TUNE42PI_FES27,1365,3,labsea,MLD2,1310.71420
TUNE42PI_FES27,1365,4,labsea,MLD2,1091.11115
TUNE42PI_FES27,1365,5,labsea,MLD2,387.00044
TUNE42PI_FES27,1365,6,labsea,MLD2,15.94568
TUNE42PI_FES27,1365,7,labsea,MLD2,15.21898
TUNE42PI_FES27,1365,8,labsea,MLD2,14.72384
TUNE42PI_FES27,1365,9,labsea,MLD2,19.48977
TUNE42PI_FES27,1365,10,labsea,MLD2,33.28116
TUNE42PI_FES27,1365,11,labsea,MLD2,93.54583
TUNE42PI_FES27,1365,12,labsea,MLD2,532.90796
TUNE42PI_FES27,1365,1,interior,MLD2,2257.51584
TUNE42PI_FES27,1365,2,interior,MLD2,2123.78028
TUNE42PI_FES27,1365,3,interior,MLD2,1974.16745
TUNE42PI_FES27,1365,4,interior,MLD2,1501.15530
TUNE42PI_FES27,1365,5,interior,MLD2,492.13773
TUNE42PI_FES27,1365,6,interior,MLD2,19.67346
TUNE42PI_FES27,1365,7,interior,MLD2,17.98515
TUNE42PI_FES27,1365,8,interior,MLD2,16.98807
TUNE42PI_FES27,1365,9,interior,MLD2,21.11050
TUNE42PI_FES27,1365,10,interior,MLD2,37.73202
TUNE42PI_FES27,1365,11,interior,MLD2,151.94878
TUNE42PI_FES27,1365,12,interior,MLD2,1198.08177
TUNE42PI_FES27,1366,1,labsea,a_ice,0.23890
TUNE42PI_FES27,1366,2,labsea,a_ice,0.23767
TUNE42PI_FES27,1366,3,labsea,a_ice,0.23463
TUNE42PI_FES27,1366,4,labsea,a_ice,0.19242
TUNE42PI_FES27,1366,5,labsea,a_ice,0.15868
TUNE42PI_FES27,1366,6,labsea,a_ice,0.09589
TUNE42PI_FES27,1366,7,labsea,a_ice,0.03155
TUNE42PI_FES27,1366,8,labsea,a_ice,0.00921
TUNE42PI_FES27,1366,9,labsea,a_ice,0.00010
TUNE42PI_FES27,1366,10,labsea,a_ice,0.01298
TUNE42PI_FES27,1366,11,labsea,a_ice,0.08312
TUNE42PI_FES27,1366,12,labsea,a_ice,0.20941
TUNE42PI_FES27,1366,1,interior,a_ice,0.07515
TUNE42PI_FES27,1366,2,interior,a_ice,0.06863
TUNE42PI_FES27,1366,3,interior,a_ice,0.08622
TUNE42PI_FES27,1366,4,interior,a_ice,0.02907
TUNE42PI_FES27,1366,5,interior,a_ice,0.01386
TUNE42PI_FES27,1366,6,interior,a_ice,0.00030
TUNE42PI_FES27,1366,7,interior,a_ice,0.00000
TUNE42PI_FES27,1366,8,interior,a_ice,0.00000
TUNE42PI_FES27,1366,9,interior,a_ice,0.00000
TUNE42PI_FES27,1366,10,interior,a_ice,0.00000
TUNE42PI_FES27,1366,11,interior,a_ice,0.00559
TUNE42PI_FES27,1366,12,interior,a_ice,0.04624
TUNE42PI_FES27,1366,1,labsea,MLD2,1013.10839
TUNE42PI_FES27,1366,2,labsea,MLD2,1283.21887
TUNE42PI_FES27,1366,3,labsea,MLD2,1303.46822
TUNE42PI_FES27,1366,4,labsea,MLD2,1113.22205
TUNE42PI_FES27,1366,5,labsea,MLD2,451.68030
TUNE42PI_FES27,1366,6,labsea,MLD2,26.50266
TUNE42PI_FES27,1366,7,labsea,MLD2,14.90466
TUNE42PI_FES27,1366,8,labsea,MLD2,16.23440
TUNE42PI_FES27,1366,9,labsea,MLD2,20.86971
TUNE42PI_FES27,1366,10,labsea,MLD2,35.36886
TUNE42PI_FES27,1366,11,labsea,MLD2,117.59837
TUNE42PI_FES27,1366,12,labsea,MLD2,838.40388
TUNE42PI_FES27,1366,1,interior,MLD2,2133.79348
TUNE42PI_FES27,1366,2,interior,MLD2,2426.16387
TUNE42PI_FES27,1366,3,interior,MLD2,2320.83533
TUNE42PI_FES27,1366,4,interior,MLD2,2251.76828
TUNE42PI_FES27,1366,5,interior,MLD2,987.21237
TUNE42PI_FES27,1366,6,interior,MLD2,40.80937
TUNE42PI_FES27,1366,7,interior,MLD2,17.54946
TUNE42PI_FES27,1366,8,interior,MLD2,18.29337
TUNE42PI_FES27,1366,9,interior,MLD2,22.33105
TUNE42PI_FES27,1366,10,interior,MLD2,40.87321
TUNE42PI_FES27,1366,11,interior,MLD2,233.72120
TUNE42PI_FES27,1366,12,interior,MLD2,1318.48729
TUNE42PI_FES27,1367,1,labsea,a_ice,0.31780
TUNE42PI_FES27,1367,2,labsea,a_ice,0.34305
TUNE42PI_FES27,1367,3,labsea,a_ice,0.37951
TUNE42PI_FES27,1367,4,labsea,a_ice,0.39154
TUNE42PI_FES27,1367,5,labsea,a_ice,0.32271
TUNE42PI_FES27,1367,6,labsea,a_ice,0.18228
TUNE42PI_FES27,1367,7,labsea,a_ice,0.06240
TUNE42PI_FES27,1367,8,labsea,a_ice,0.00611
TUNE42PI_FES27,1367,9,labsea,a_ice,0.00000
TUNE42PI_FES27,1367,10,labsea,a_ice,0.00248
TUNE42PI_FES27,1367,11,labsea,a_ice,0.02876
TUNE42PI_FES27,1367,12,labsea,a_ice,0.17550
TUNE42PI_FES27,1367,1,interior,a_ice,0.13381
TUNE42PI_FES27,1367,2,interior,a_ice,0.13973
TUNE42PI_FES27,1367,3,interior,a_ice,0.18247
TUNE42PI_FES27,1367,4,interior,a_ice,0.21884
TUNE42PI_FES27,1367,5,interior,a_ice,0.15312
TUNE42PI_FES27,1367,6,interior,a_ice,0.05020
TUNE42PI_FES27,1367,7,interior,a_ice,0.00731
TUNE42PI_FES27,1367,8,interior,a_ice,0.00000
TUNE42PI_FES27,1367,9,interior,a_ice,0.00000
TUNE42PI_FES27,1367,10,interior,a_ice,0.00000
TUNE42PI_FES27,1367,11,interior,a_ice,0.00009
TUNE42PI_FES27,1367,12,interior,a_ice,0.02752
TUNE42PI_FES27,1367,1,labsea,MLD2,1345.35693
TUNE42PI_FES27,1367,2,labsea,MLD2,1373.54190
TUNE42PI_FES27,1367,3,labsea,MLD2,1357.68264
TUNE42PI_FES27,1367,4,labsea,MLD2,1201.08084
TUNE42PI_FES27,1367,5,labsea,MLD2,377.13434
TUNE42PI_FES27,1367,6,labsea,MLD2,15.44320
TUNE42PI_FES27,1367,7,labsea,MLD2,14.61958
TUNE42PI_FES27,1367,8,labsea,MLD2,16.68944
TUNE42PI_FES27,1367,9,labsea,MLD2,21.02724
TUNE42PI_FES27,1367,10,labsea,MLD2,31.21591
TUNE42PI_FES27,1367,11,labsea,MLD2,51.45868
TUNE42PI_FES27,1367,12,labsea,MLD2,528.68437
TUNE42PI_FES27,1367,1,interior,MLD2,2035.52117
TUNE42PI_FES27,1367,2,interior,MLD2,2095.57922
TUNE42PI_FES27,1367,3,interior,MLD2,1885.06058
TUNE42PI_FES27,1367,4,interior,MLD2,1632.49595
TUNE42PI_FES27,1367,5,interior,MLD2,554.57868
TUNE42PI_FES27,1367,6,interior,MLD2,19.28532
TUNE42PI_FES27,1367,7,interior,MLD2,18.25623
TUNE42PI_FES27,1367,8,interior,MLD2,20.05510
TUNE42PI_FES27,1367,9,interior,MLD2,25.59729
TUNE42PI_FES27,1367,10,interior,MLD2,38.12412
TUNE42PI_FES27,1367,11,interior,MLD2,74.55766
TUNE42PI_FES27,1367,12,interior,MLD2,1240.69501
TUNE42PI_FES27,1368,1,labsea,a_ice,0.25454
TUNE42PI_FES27,1368,2,labsea,a_ice,0.30781
TUNE42PI_FES27,1368,3,labsea,a_ice,0.32892
TUNE42PI_FES27,1368,4,labsea,a_ice,0.35151
TUNE42PI_FES27,1368,5,labsea,a_ice,0.24835
TUNE42PI_FES27,1368,6,labsea,a_ice,0.12860
TUNE42PI_FES27,1368,7,labsea,a_ice,0.04138
TUNE42PI_FES27,1368,8,labsea,a_ice,0.00091
TUNE42PI_FES27,1368,9,labsea,a_ice,0.00000
TUNE42PI_FES27,1368,10,labsea,a_ice,0.00139
TUNE42PI_FES27,1368,11,labsea,a_ice,0.05029
TUNE42PI_FES27,1368,12,labsea,a_ice,0.20764
TUNE42PI_FES27,1368,1,interior,a_ice,0.06722
TUNE42PI_FES27,1368,2,interior,a_ice,0.11403
TUNE42PI_FES27,1368,3,interior,a_ice,0.14183
TUNE42PI_FES27,1368,4,interior,a_ice,0.25100
TUNE42PI_FES27,1368,5,interior,a_ice,0.06010
TUNE42PI_FES27,1368,6,interior,a_ice,0.01133
TUNE42PI_FES27,1368,7,interior,a_ice,0.00001
TUNE42PI_FES27,1368,8,interior,a_ice,0.00000
TUNE42PI_FES27,1368,9,interior,a_ice,0.00000
TUNE42PI_FES27,1368,10,interior,a_ice,0.00000
TUNE42PI_FES27,1368,11,interior,a_ice,0.00565
TUNE42PI_FES27,1368,12,interior,a_ice,0.05836
TUNE42PI_FES27,1368,1,labsea,MLD2,1181.75869
TUNE42PI_FES27,1368,2,labsea,MLD2,1380.64471
TUNE42PI_FES27,1368,3,labsea,MLD2,1346.58955
TUNE42PI_FES27,1368,4,labsea,MLD2,1016.08148
TUNE42PI_FES27,1368,5,labsea,MLD2,387.42625
TUNE42PI_FES27,1368,6,labsea,MLD2,26.38893
TUNE42PI_FES27,1368,7,labsea,MLD2,12.19131
TUNE42PI_FES27,1368,8,labsea,MLD2,13.60905
TUNE42PI_FES27,1368,9,labsea,MLD2,23.10026
TUNE42PI_FES27,1368,10,labsea,MLD2,35.50935
TUNE42PI_FES27,1368,11,labsea,MLD2,134.99469
TUNE42PI_FES27,1368,12,labsea,MLD2,823.02551
TUNE42PI_FES27,1368,1,interior,MLD2,2188.24691
TUNE42PI_FES27,1368,2,interior,MLD2,2306.76738
TUNE42PI_FES27,1368,3,interior,MLD2,2139.78183
TUNE42PI_FES27,1368,4,interior,MLD2,1236.51886
TUNE42PI_FES27,1368,5,interior,MLD2,335.85445
TUNE42PI_FES27,1368,6,interior,MLD2,20.20039
TUNE42PI_FES27,1368,7,interior,MLD2,13.42208
TUNE42PI_FES27,1368,8,interior,MLD2,15.13818
TUNE42PI_FES27,1368,9,interior,MLD2,25.51101
TUNE42PI_FES27,1368,10,interior,MLD2,41.24668
TUNE42PI_FES27,1368,11,interior,MLD2,246.27572
TUNE42PI_FES27,1368,12,interior,MLD2,1757.95225
TUNE42PI_FES27,1369,1,labsea,a_ice,0.29540
TUNE42PI_FES27,1369,2,labsea,a_ice,0.37504
TUNE42PI_FES27,1369,3,labsea,a_ice,0.38419
TUNE42PI_FES27,1369,4,labsea,a_ice,0.34150
TUNE42PI_FES27,1369,5,labsea,a_ice,0.20463
TUNE42PI_FES27,1369,6,labsea,a_ice,0.08601
TUNE42PI_FES27,1369,7,labsea,a_ice,0.02091
TUNE42PI_FES27,1369,8,labsea,a_ice,0.00015
TUNE42PI_FES27,1369,9,labsea,a_ice,0.00000
TUNE42PI_FES27,1369,10,labsea,a_ice,0.00187
TUNE42PI_FES27,1369,11,labsea,a_ice,0.05437
TUNE42PI_FES27,1369,12,labsea,a_ice,0.16406
TUNE42PI_FES27,1369,1,interior,a_ice,0.12392
TUNE42PI_FES27,1369,2,interior,a_ice,0.16587
TUNE42PI_FES27,1369,3,interior,a_ice,0.12891
TUNE42PI_FES27,1369,4,interior,a_ice,0.11240
TUNE42PI_FES27,1369,5,interior,a_ice,0.04151
TUNE42PI_FES27,1369,6,interior,a_ice,0.00436
TUNE42PI_FES27,1369,7,interior,a_ice,0.00000
TUNE42PI_FES27,1369,8,interior,a_ice,0.00000
TUNE42PI_FES27,1369,9,interior,a_ice,0.00000
TUNE42PI_FES27,1369,10,interior,a_ice,0.00000
TUNE42PI_FES27,1369,11,interior,a_ice,0.00071
TUNE42PI_FES27,1369,12,interior,a_ice,0.06088
TUNE42PI_FES27,1369,1,labsea,MLD2,1151.34292
TUNE42PI_FES27,1369,2,labsea,MLD2,1210.04556
TUNE42PI_FES27,1369,3,labsea,MLD2,1162.15082
TUNE42PI_FES27,1369,4,labsea,MLD2,977.42927
TUNE42PI_FES27,1369,5,labsea,MLD2,420.57431
TUNE42PI_FES27,1369,6,labsea,MLD2,16.56802
TUNE42PI_FES27,1369,7,labsea,MLD2,12.56018
TUNE42PI_FES27,1369,8,labsea,MLD2,16.02044
TUNE42PI_FES27,1369,9,labsea,MLD2,24.33254
TUNE42PI_FES27,1369,10,labsea,MLD2,37.58788
TUNE42PI_FES27,1369,11,labsea,MLD2,99.21661
TUNE42PI_FES27,1369,12,labsea,MLD2,724.68982
TUNE42PI_FES27,1369,1,interior,MLD2,2047.73283
TUNE42PI_FES27,1369,2,interior,MLD2,1852.37343
TUNE42PI_FES27,1369,3,interior,MLD2,1850.29391
TUNE42PI_FES27,1369,4,interior,MLD2,1610.82580
TUNE42PI_FES27,1369,5,interior,MLD2,770.56667
TUNE42PI_FES27,1369,6,interior,MLD2,20.30276
TUNE42PI_FES27,1369,7,interior,MLD2,14.39557
TUNE42PI_FES27,1369,8,interior,MLD2,19.25883
TUNE42PI_FES27,1369,9,interior,MLD2,29.45917
TUNE42PI_FES27,1369,10,interior,MLD2,47.09055
TUNE42PI_FES27,1369,11,interior,MLD2,202.89831
TUNE42PI_FES27,1369,12,interior,MLD2,1503.36119
TUNE42PI_FES27,1370,1,labsea,a_ice,0.27449
TUNE42PI_FES27,1370,2,labsea,a_ice,0.33022
TUNE42PI_FES27,1370,3,labsea,a_ice,0.35996
TUNE42PI_FES27,1370,4,labsea,a_ice,0.35917
TUNE42PI_FES27,1370,5,labsea,a_ice,0.24066
TUNE42PI_FES27,1370,6,labsea,a_ice,0.13682
TUNE42PI_FES27,1370,7,labsea,a_ice,0.02365
TUNE42PI_FES27,1370,8,labsea,a_ice,0.00389
TUNE42PI_FES27,1370,9,labsea,a_ice,0.00004
TUNE42PI_FES27,1370,10,labsea,a_ice,0.00019
TUNE42PI_FES27,1370,11,labsea,a_ice,0.02422
TUNE42PI_FES27,1370,12,labsea,a_ice,0.11311
TUNE42PI_FES27,1370,1,interior,a_ice,0.09389
TUNE42PI_FES27,1370,2,interior,a_ice,0.14536
TUNE42PI_FES27,1370,3,interior,a_ice,0.20796
TUNE42PI_FES27,1370,4,interior,a_ice,0.24388
TUNE42PI_FES27,1370,5,interior,a_ice,0.08331
TUNE42PI_FES27,1370,6,interior,a_ice,0.01052
TUNE42PI_FES27,1370,7,interior,a_ice,0.00000
TUNE42PI_FES27,1370,8,interior,a_ice,0.00000
TUNE42PI_FES27,1370,9,interior,a_ice,0.00000
TUNE42PI_FES27,1370,10,interior,a_ice,0.00000
TUNE42PI_FES27,1370,11,interior,a_ice,0.00000
TUNE42PI_FES27,1370,12,interior,a_ice,0.01166
TUNE42PI_FES27,1370,1,labsea,MLD2,1350.27259
TUNE42PI_FES27,1370,2,labsea,MLD2,1460.26484
TUNE42PI_FES27,1370,3,labsea,MLD2,1257.67146
TUNE42PI_FES27,1370,4,labsea,MLD2,892.61179
TUNE42PI_FES27,1370,5,labsea,MLD2,326.92128
TUNE42PI_FES27,1370,6,labsea,MLD2,17.70730
TUNE42PI_FES27,1370,7,labsea,MLD2,13.34644
TUNE42PI_FES27,1370,8,labsea,MLD2,14.21595
TUNE42PI_FES27,1370,9,labsea,MLD2,19.06780
TUNE42PI_FES27,1370,10,labsea,MLD2,27.84022
TUNE42PI_FES27,1370,11,labsea,MLD2,47.75071
TUNE42PI_FES27,1370,12,labsea,MLD2,172.11202
TUNE42PI_FES27,1370,1,interior,MLD2,2215.80062
TUNE42PI_FES27,1370,2,interior,MLD2,2164.53977
TUNE42PI_FES27,1370,3,interior,MLD2,1673.31039
TUNE42PI_FES27,1370,4,interior,MLD2,892.64063
TUNE42PI_FES27,1370,5,interior,MLD2,411.39432
TUNE42PI_FES27,1370,6,interior,MLD2,20.16053
TUNE42PI_FES27,1370,7,interior,MLD2,15.72613
TUNE42PI_FES27,1370,8,interior,MLD2,15.69320
TUNE42PI_FES27,1370,9,interior,MLD2,21.00236
TUNE42PI_FES27,1370,10,interior,MLD2,31.73902
TUNE42PI_FES27,1370,11,interior,MLD2,65.70994
TUNE42PI_FES27,1370,12,interior,MLD2,353.13064
TUNE42PI_FES27,1371,1,labsea,a_ice,0.21471
TUNE42PI_FES27,1371,2,labsea,a_ice,0.24679
TUNE42PI_FES27,1371,3,labsea,a_ice,0.23232
TUNE42PI_FES27,1371,4,labsea,a_ice,0.17918
TUNE42PI_FES27,1371,5,labsea,a_ice,0.14803
TUNE42PI_FES27,1371,6,labsea,a_ice,0.06073
TUNE42PI_FES27,1371,7,labsea,a_ice,0.01057
TUNE42PI_FES27,1371,8,labsea,a_ice,0.00076
TUNE42PI_FES27,1371,9,labsea,a_ice,0.00000
TUNE42PI_FES27,1371,10,labsea,a_ice,0.01263
TUNE42PI_FES27,1371,11,labsea,a_ice,0.06134
TUNE42PI_FES27,1371,12,labsea,a_ice,0.15501
TUNE42PI_FES27,1371,1,interior,a_ice,0.04473
TUNE42PI_FES27,1371,2,interior,a_ice,0.06974
TUNE42PI_FES27,1371,3,interior,a_ice,0.05988
TUNE42PI_FES27,1371,4,interior,a_ice,0.01939
TUNE42PI_FES27,1371,5,interior,a_ice,0.03137
TUNE42PI_FES27,1371,6,interior,a_ice,0.01186
TUNE42PI_FES27,1371,7,interior,a_ice,0.00000
TUNE42PI_FES27,1371,8,interior,a_ice,0.00000
TUNE42PI_FES27,1371,9,interior,a_ice,0.00000
TUNE42PI_FES27,1371,10,interior,a_ice,0.00000
TUNE42PI_FES27,1371,11,interior,a_ice,0.00038
TUNE42PI_FES27,1371,12,interior,a_ice,0.01457
TUNE42PI_FES27,1371,1,labsea,MLD2,831.20735
TUNE42PI_FES27,1371,2,labsea,MLD2,1248.66834
TUNE42PI_FES27,1371,3,labsea,MLD2,1149.30836
TUNE42PI_FES27,1371,4,labsea,MLD2,769.85322
TUNE42PI_FES27,1371,5,labsea,MLD2,208.95846
TUNE42PI_FES27,1371,6,labsea,MLD2,11.39583
TUNE42PI_FES27,1371,7,labsea,MLD2,11.97622
TUNE42PI_FES27,1371,8,labsea,MLD2,14.45730
TUNE42PI_FES27,1371,9,labsea,MLD2,22.63802
TUNE42PI_FES27,1371,10,labsea,MLD2,34.87961
TUNE42PI_FES27,1371,11,labsea,MLD2,69.93077
TUNE42PI_FES27,1371,12,labsea,MLD2,374.87991
TUNE42PI_FES27,1371,1,interior,MLD2,1514.81129
TUNE42PI_FES27,1371,2,interior,MLD2,1891.52482
TUNE42PI_FES27,1371,3,interior,MLD2,1803.11520
TUNE42PI_FES27,1371,4,interior,MLD2,1379.98397
TUNE42PI_FES27,1371,5,interior,MLD2,562.75333
TUNE42PI_FES27,1371,6,interior,MLD2,12.49864
TUNE42PI_FES27,1371,7,interior,MLD2,13.70712
TUNE42PI_FES27,1371,8,interior,MLD2,16.19546
TUNE42PI_FES27,1371,9,interior,MLD2,24.25858
TUNE42PI_FES27,1371,10,interior,MLD2,41.85845
TUNE42PI_FES27,1371,11,interior,MLD2,95.71616
TUNE42PI_FES27,1371,12,interior,MLD2,679.12941
TUNE42PI_FES27,1372,1,labsea,a_ice,0.28922
TUNE42PI_FES27,1372,2,labsea,a_ice,0.40485
TUNE42PI_FES27,1372,3,labsea,a_ice,0.41344
TUNE42PI_FES27,1372,4,labsea,a_ice,0.37054
TUNE42PI_FES27,1372,5,labsea,a_ice,0.29899
TUNE42PI_FES27,1372,6,labsea,a_ice,0.17173
TUNE42PI_FES27,1372,7,labsea,a_ice,0.04011
TUNE42PI_FES27,1372,8,labsea,a_ice,0.00221
TUNE42PI_FES27,1372,9,labsea,a_ice,0.00004
TUNE42PI_FES27,1372,10,labsea,a_ice,0.00477
TUNE42PI_FES27,1372,11,labsea,a_ice,0.08156
TUNE42PI_FES27,1372,12,labsea,a_ice,0.20353
TUNE42PI_FES27,1372,1,interior,a_ice,0.11891
TUNE42PI_FES27,1372,2,interior,a_ice,0.34324
TUNE42PI_FES27,1372,3,interior,a_ice,0.41112
TUNE42PI_FES27,1372,4,interior,a_ice,0.28653
TUNE42PI_FES27,1372,5,interior,a_ice,0.17511
TUNE42PI_FES27,1372,6,interior,a_ice,0.03114
TUNE42PI_FES27,1372,7,interior,a_ice,0.00279
TUNE42PI_FES27,1372,8,interior,a_ice,0.00000
TUNE42PI_FES27,1372,9,interior,a_ice,0.00000
TUNE42PI_FES27,1372,10,interior,a_ice,0.00000
TUNE42PI_FES27,1372,11,interior,a_ice,0.00884
TUNE42PI_FES27,1372,12,interior,a_ice,0.05442
TUNE42PI_FES27,1372,1,labsea,MLD2,1106.89899
TUNE42PI_FES27,1372,2,labsea,MLD2,1176.71701
TUNE42PI_FES27,1372,3,labsea,MLD2,1109.59336
TUNE42PI_FES27,1372,4,labsea,MLD2,1080.37259
TUNE42PI_FES27,1372,5,labsea,MLD2,271.86396
TUNE42PI_FES27,1372,6,labsea,MLD2,18.54096
TUNE42PI_FES27,1372,7,labsea,MLD2,11.93573
TUNE42PI_FES27,1372,8,labsea,MLD2,12.20275
TUNE42PI_FES27,1372,9,labsea,MLD2,20.05585
TUNE42PI_FES27,1372,10,labsea,MLD2,37.37225
TUNE42PI_FES27,1372,11,labsea,MLD2,275.39508
TUNE42PI_FES27,1372,12,labsea,MLD2,1191.93156
TUNE42PI_FES27,1372,1,interior,MLD2,1781.73205
TUNE42PI_FES27,1372,2,interior,MLD2,1500.98527
TUNE42PI_FES27,1372,3,interior,MLD2,1107.23148
TUNE42PI_FES27,1372,4,interior,MLD2,1278.87224
TUNE42PI_FES27,1372,5,interior,MLD2,348.67419
TUNE42PI_FES27,1372,6,interior,MLD2,25.86891
TUNE42PI_FES27,1372,7,interior,MLD2,14.15849
TUNE42PI_FES27,1372,8,interior,MLD2,14.18108
TUNE42PI_FES27,1372,9,interior,MLD2,21.40801
TUNE42PI_FES27,1372,10,interior,MLD2,44.84754
TUNE42PI_FES27,1372,11,interior,MLD2,524.68872
TUNE42PI_FES27,1372,12,interior,MLD2,1994.15837
TUNE42PI_FES27,1373,1,labsea,a_ice,0.28225
TUNE42PI_FES27,1373,2,labsea,a_ice,0.25991
TUNE42PI_FES27,1373,3,labsea,a_ice,0.25402
TUNE42PI_FES27,1373,4,labsea,a_ice,0.23056
TUNE42PI_FES27,1373,5,labsea,a_ice,0.18223
TUNE42PI_FES27,1373,6,labsea,a_ice,0.06563
TUNE42PI_FES27,1373,7,labsea,a_ice,0.00929
TUNE42PI_FES27,1373,8,labsea,a_ice,0.00000
TUNE42PI_FES27,1373,9,labsea,a_ice,0.00000
TUNE42PI_FES27,1373,10,labsea,a_ice,0.00581
TUNE42PI_FES27,1373,11,labsea,a_ice,0.04888
TUNE42PI_FES27,1373,12,labsea,a_ice,0.14734
TUNE42PI_FES27,1373,1,interior,a_ice,0.11538
TUNE42PI_FES27,1373,2,interior,a_ice,0.05846
TUNE42PI_FES27,1373,3,interior,a_ice,0.04508
TUNE42PI_FES27,1373,4,interior,a_ice,0.05011
TUNE42PI_FES27,1373,5,interior,a_ice,0.04528
TUNE42PI_FES27,1373,6,interior,a_ice,0.00682
TUNE42PI_FES27,1373,7,interior,a_ice,0.00000
TUNE42PI_FES27,1373,8,interior,a_ice,0.00000
TUNE42PI_FES27,1373,9,interior,a_ice,0.00000
TUNE42PI_FES27,1373,10,interior,a_ice,0.00000
TUNE42PI_FES27,1373,11,interior,a_ice,0.00198
TUNE42PI_FES27,1373,12,interior,a_ice,0.02047
TUNE42PI_FES27,1373,1,labsea,MLD2,1472.18811
TUNE42PI_FES27,1373,2,labsea,MLD2,1478.32272
TUNE42PI_FES27,1373,3,labsea,MLD2,1427.02254
TUNE42PI_FES27,1373,4,labsea,MLD2,1232.59560
TUNE42PI_FES27,1373,5,labsea,MLD2,383.89931
TUNE42PI_FES27,1373,6,labsea,MLD2,15.10951
TUNE42PI_FES27,1373,7,labsea,MLD2,13.41490
TUNE42PI_FES27,1373,8,labsea,MLD2,19.63171
TUNE42PI_FES27,1373,9,labsea,MLD2,26.20654
TUNE42PI_FES27,1373,10,labsea,MLD2,37.81119
TUNE42PI_FES27,1373,11,labsea,MLD2,82.43792
TUNE42PI_FES27,1373,12,labsea,MLD2,567.91099
TUNE42PI_FES27,1373,1,interior,MLD2,2359.83480
TUNE42PI_FES27,1373,2,interior,MLD2,2411.59131
TUNE42PI_FES27,1373,3,interior,MLD2,2299.26331
TUNE42PI_FES27,1373,4,interior,MLD2,1925.62170
TUNE42PI_FES27,1373,5,interior,MLD2,662.36151
TUNE42PI_FES27,1373,6,interior,MLD2,16.55724
TUNE42PI_FES27,1373,7,interior,MLD2,16.36250
TUNE42PI_FES27,1373,8,interior,MLD2,23.14171
TUNE42PI_FES27,1373,9,interior,MLD2,29.53242
TUNE42PI_FES27,1373,10,interior,MLD2,47.24906
TUNE42PI_FES27,1373,11,interior,MLD2,106.90328
TUNE42PI_FES27,1373,12,interior,MLD2,893.00949
TUNE42PI_FES27,1374,1,labsea,a_ice,0.25090
TUNE42PI_FES27,1374,2,labsea,a_ice,0.33345
TUNE42PI_FES27,1374,3,labsea,a_ice,0.42596
TUNE42PI_FES27,1374,4,labsea,a_ice,0.37584
TUNE42PI_FES27,1374,5,labsea,a_ice,0.30294
TUNE42PI_FES27,1374,6,labsea,a_ice,0.16793
TUNE42PI_FES27,1374,7,labsea,a_ice,0.04955
TUNE42PI_FES27,1374,8,labsea,a_ice,0.00113
TUNE42PI_FES27,1374,9,labsea,a_ice,0.00000
TUNE42PI_FES27,1374,10,labsea,a_ice,0.00047
TUNE42PI_FES27,1374,11,labsea,a_ice,0.02342
TUNE42PI_FES27,1374,12,labsea,a_ice,0.18246
TUNE42PI_FES27,1374,1,interior,a_ice,0.07743
TUNE42PI_FES27,1374,2,interior,a_ice,0.11536
TUNE42PI_FES27,1374,3,interior,a_ice,0.27916
TUNE42PI_FES27,1374,4,interior,a_ice,0.26258
TUNE42PI_FES27,1374,5,interior,a_ice,0.16688
TUNE42PI_FES27,1374,6,interior,a_ice,0.04772
TUNE42PI_FES27,1374,7,interior,a_ice,0.00387
TUNE42PI_FES27,1374,8,interior,a_ice,0.00000
TUNE42PI_FES27,1374,9,interior,a_ice,0.00000
TUNE42PI_FES27,1374,10,interior,a_ice,0.00000
TUNE42PI_FES27,1374,11,interior,a_ice,0.00047
TUNE42PI_FES27,1374,12,interior,a_ice,0.05254
TUNE42PI_FES27,1374,1,labsea,MLD2,1210.33581
TUNE42PI_FES27,1374,2,labsea,MLD2,1392.49851
TUNE42PI_FES27,1374,3,labsea,MLD2,1331.07067
TUNE42PI_FES27,1374,4,labsea,MLD2,1146.51172
TUNE42PI_FES27,1374,5,labsea,MLD2,551.19645
TUNE42PI_FES27,1374,6,labsea,MLD2,21.20432
TUNE42PI_FES27,1374,7,labsea,MLD2,14.08862
TUNE42PI_FES27,1374,8,labsea,MLD2,14.76964
TUNE42PI_FES27,1374,9,labsea,MLD2,21.72351
TUNE42PI_FES27,1374,10,labsea,MLD2,36.52282
TUNE42PI_FES27,1374,11,labsea,MLD2,81.39036
TUNE42PI_FES27,1374,12,labsea,MLD2,743.15006
TUNE42PI_FES27,1374,1,interior,MLD2,1890.71716
TUNE42PI_FES27,1374,2,interior,MLD2,1954.87297
TUNE42PI_FES27,1374,3,interior,MLD2,1799.32307
TUNE42PI_FES27,1374,4,interior,MLD2,1530.41891
TUNE42PI_FES27,1374,5,interior,MLD2,948.47770
TUNE42PI_FES27,1374,6,interior,MLD2,27.89694
TUNE42PI_FES27,1374,7,interior,MLD2,16.01880
TUNE42PI_FES27,1374,8,interior,MLD2,17.31369
TUNE42PI_FES27,1374,9,interior,MLD2,25.10091
TUNE42PI_FES27,1374,10,interior,MLD2,43.68219
TUNE42PI_FES27,1374,11,interior,MLD2,152.13642
TUNE42PI_FES27,1374,12,interior,MLD2,1519.68281
TUNE42PI_FES27,1375,1,labsea,a_ice,0.30693
TUNE42PI_FES27,1375,2,labsea,a_ice,0.40765
TUNE42PI_FES27,1375,3,labsea,a_ice,0.46781
TUNE42PI_FES27,1375,4,labsea,a_ice,0.41232
TUNE42PI_FES27,1375,5,labsea,a_ice,0.27462
TUNE42PI_FES27,1375,6,labsea,a_ice,0.12048
TUNE42PI_FES27,1375,7,labsea,a_ice,0.03941
TUNE42PI_FES27,1375,8,labsea,a_ice,0.00192
TUNE42PI_FES27,1375,9,labsea,a_ice,0.00000
TUNE42PI_FES27,1375,10,labsea,a_ice,0.00032
TUNE42PI_FES27,1375,11,labsea,a_ice,0.07800
TUNE42PI_FES27,1375,12,labsea,a_ice,0.30453
TUNE42PI_FES27,1375,1,interior,a_ice,0.09594
TUNE42PI_FES27,1375,2,interior,a_ice,0.22294
TUNE42PI_FES27,1375,3,interior,a_ice,0.35100
TUNE42PI_FES27,1375,4,interior,a_ice,0.31512
TUNE42PI_FES27,1375,5,interior,a_ice,0.15284
TUNE42PI_FES27,1375,6,interior,a_ice,0.02694
TUNE42PI_FES27,1375,7,interior,a_ice,0.00013
TUNE42PI_FES27,1375,8,interior,a_ice,0.00000
TUNE42PI_FES27,1375,9,interior,a_ice,0.00000
TUNE42PI_FES27,1375,10,interior,a_ice,0.00000
TUNE42PI_FES27,1375,11,interior,a_ice,0.00521
TUNE42PI_FES27,1375,12,interior,a_ice,0.13985
TUNE42PI_FES27,1375,1,labsea,MLD2,1233.43722
TUNE42PI_FES27,1375,2,labsea,MLD2,1257.10380
TUNE42PI_FES27,1375,3,labsea,MLD2,1124.88552
TUNE42PI_FES27,1375,4,labsea,MLD2,976.71629
TUNE42PI_FES27,1375,5,labsea,MLD2,391.87662
TUNE42PI_FES27,1375,6,labsea,MLD2,15.70502
TUNE42PI_FES27,1375,7,labsea,MLD2,14.25105
TUNE42PI_FES27,1375,8,labsea,MLD2,13.23825
TUNE42PI_FES27,1375,9,labsea,MLD2,22.89133
TUNE42PI_FES27,1375,10,labsea,MLD2,31.16723
TUNE42PI_FES27,1375,11,labsea,MLD2,259.92236
TUNE42PI_FES27,1375,12,labsea,MLD2,908.21944
TUNE42PI_FES27,1375,1,interior,MLD2,2037.33763
TUNE42PI_FES27,1375,2,interior,MLD2,1833.23282
TUNE42PI_FES27,1375,3,interior,MLD2,1395.23369
TUNE42PI_FES27,1375,4,interior,MLD2,1144.90053
TUNE42PI_FES27,1375,5,interior,MLD2,476.97339
TUNE42PI_FES27,1375,6,interior,MLD2,18.39824
TUNE42PI_FES27,1375,7,interior,MLD2,17.90422
TUNE42PI_FES27,1375,8,interior,MLD2,15.61826
TUNE42PI_FES27,1375,9,interior,MLD2,25.50416
TUNE42PI_FES27,1375,10,interior,MLD2,37.65102
TUNE42PI_FES27,1375,11,interior,MLD2,671.93727
TUNE42PI_FES27,1375,12,interior,MLD2,1793.68884
TUNE42PI_FES27,1376,1,labsea,a_ice,0.43206
TUNE42PI_FES27,1376,2,labsea,a_ice,0.46619
TUNE42PI_FES27,1376,3,labsea,a_ice,0.47953
TUNE42PI_FES27,1376,4,labsea,a_ice,0.47928
TUNE42PI_FES27,1376,5,labsea,a_ice,0.33554
TUNE42PI_FES27,1376,6,labsea,a_ice,0.11702
TUNE42PI_FES27,1376,7,labsea,a_ice,0.00753
TUNE42PI_FES27,1376,8,labsea,a_ice,0.00000
TUNE42PI_FES27,1376,9,labsea,a_ice,0.00000
TUNE42PI_FES27,1376,10,labsea,a_ice,0.00018
TUNE42PI_FES27,1376,11,labsea,a_ice,0.02839
TUNE42PI_FES27,1376,12,labsea,a_ice,0.11818
TUNE42PI_FES27,1376,1,interior,a_ice,0.36027
TUNE42PI_FES27,1376,2,interior,a_ice,0.47047
TUNE42PI_FES27,1376,3,interior,a_ice,0.50277
TUNE42PI_FES27,1376,4,interior,a_ice,0.46699
TUNE42PI_FES27,1376,5,interior,a_ice,0.18795
TUNE42PI_FES27,1376,6,interior,a_ice,0.03816
TUNE42PI_FES27,1376,7,interior,a_ice,0.00001
TUNE42PI_FES27,1376,8,interior,a_ice,0.00000
TUNE42PI_FES27,1376,9,interior,a_ice,0.00000
TUNE42PI_FES27,1376,10,interior,a_ice,0.00000
TUNE42PI_FES27,1376,11,interior,a_ice,0.00000
TUNE42PI_FES27,1376,12,interior,a_ice,0.01649
TUNE42PI_FES27,1376,1,labsea,MLD2,1030.86272
TUNE42PI_FES27,1376,2,labsea,MLD2,1044.96571
TUNE42PI_FES27,1376,3,labsea,MLD2,883.35588
TUNE42PI_FES27,1376,4,labsea,MLD2,689.48647
TUNE42PI_FES27,1376,5,labsea,MLD2,195.38704
TUNE42PI_FES27,1376,6,labsea,MLD2,11.01950
TUNE42PI_FES27,1376,7,labsea,MLD2,10.44570
TUNE42PI_FES27,1376,8,labsea,MLD2,14.82794
TUNE42PI_FES27,1376,9,labsea,MLD2,21.54616
TUNE42PI_FES27,1376,10,labsea,MLD2,32.33263
TUNE42PI_FES27,1376,11,labsea,MLD2,77.67436
TUNE42PI_FES27,1376,12,labsea,MLD2,285.85816
TUNE42PI_FES27,1376,1,interior,MLD2,1439.74104
TUNE42PI_FES27,1376,2,interior,MLD2,1223.59814
TUNE42PI_FES27,1376,3,interior,MLD2,778.81907
TUNE42PI_FES27,1376,4,interior,MLD2,456.22578
TUNE42PI_FES27,1376,5,interior,MLD2,132.33475
TUNE42PI_FES27,1376,6,interior,MLD2,12.43475
TUNE42PI_FES27,1376,7,interior,MLD2,11.95087
TUNE42PI_FES27,1376,8,interior,MLD2,17.53186
TUNE42PI_FES27,1376,9,interior,MLD2,23.56709
TUNE42PI_FES27,1376,10,interior,MLD2,35.93595
TUNE42PI_FES27,1376,11,interior,MLD2,140.33447
TUNE42PI_FES27,1376,12,interior,MLD2,678.30831
TUNE42PI_FES27,1377,1,labsea,a_ice,0.25093
TUNE42PI_FES27,1377,2,labsea,a_ice,0.30048
TUNE42PI_FES27,1377,3,labsea,a_ice,0.30575
TUNE42PI_FES27,1377,4,labsea,a_ice,0.24841
TUNE42PI_FES27,1377,5,labsea,a_ice,0.20456
TUNE42PI_FES27,1377,6,labsea,a_ice,0.11175
TUNE42PI_FES27,1377,7,labsea,a_ice,0.01425
TUNE42PI_FES27,1377,8,labsea,a_ice,0.00000
TUNE42PI_FES27,1377,9,labsea,a_ice,0.00000
TUNE42PI_FES27,1377,10,labsea,a_ice,0.00002
TUNE42PI_FES27,1377,11,labsea,a_ice,0.01155
TUNE42PI_FES27,1377,12,labsea,a_ice,0.13881
TUNE42PI_FES27,1377,1,interior,a_ice,0.06116
TUNE42PI_FES27,1377,2,interior,a_ice,0.12087
TUNE42PI_FES27,1377,3,interior,a_ice,0.13175
TUNE42PI_FES27,1377,4,interior,a_ice,0.07946
TUNE42PI_FES27,1377,5,interior,a_ice,0.07041
TUNE42PI_FES27,1377,6,interior,a_ice,0.02205
TUNE42PI_FES27,1377,7,interior,a_ice,0.00171
TUNE42PI_FES27,1377,8,interior,a_ice,0.00000
TUNE42PI_FES27,1377,9,interior,a_ice,0.00000
TUNE42PI_FES27,1377,10,interior,a_ice,0.00000
TUNE42PI_FES27,1377,11,interior,a_ice,0.00003
TUNE42PI_FES27,1377,12,interior,a_ice,0.02653
TUNE42PI_FES27,1377,1,labsea,MLD2,926.99502
TUNE42PI_FES27,1377,2,labsea,MLD2,1193.09765
TUNE42PI_FES27,1377,3,labsea,MLD2,1157.23402
TUNE42PI_FES27,1377,4,labsea,MLD2,1097.63896
TUNE42PI_FES27,1377,5,labsea,MLD2,757.65608
TUNE42PI_FES27,1377,6,labsea,MLD2,25.42149
TUNE42PI_FES27,1377,7,labsea,MLD2,16.34552
TUNE42PI_FES27,1377,8,labsea,MLD2,18.22200
TUNE42PI_FES27,1377,9,labsea,MLD2,25.88124
TUNE42PI_FES27,1377,10,labsea,MLD2,34.54906
TUNE42PI_FES27,1377,11,labsea,MLD2,57.41815
TUNE42PI_FES27,1377,12,labsea,MLD2,485.67469
TUNE42PI_FES27,1377,1,interior,MLD2,1928.76057
TUNE42PI_FES27,1377,2,interior,MLD2,2054.38400
TUNE42PI_FES27,1377,3,interior,MLD2,1723.15551
TUNE42PI_FES27,1377,4,interior,MLD2,1652.41849
TUNE42PI_FES27,1377,5,interior,MLD2,1236.65037
TUNE42PI_FES27,1377,6,interior,MLD2,47.11494
TUNE42PI_FES27,1377,7,interior,MLD2,20.06092
TUNE42PI_FES27,1377,8,interior,MLD2,21.39051
TUNE42PI_FES27,1377,9,interior,MLD2,30.50082
TUNE42PI_FES27,1377,10,interior,MLD2,38.30954
TUNE42PI_FES27,1377,11,interior,MLD2,80.59410
TUNE42PI_FES27,1377,12,interior,MLD2,929.50396
TUNE42PI_FES27,1378,1,labsea,a_ice,0.24133
TUNE42PI_FES27,1378,2,labsea,a_ice,0.28608
TUNE42PI_FES27,1378,3,labsea,a_ice,0.35079
TUNE42PI_FES27,1378,4,labsea,a_ice,0.35989
TUNE42PI_FES27,1378,5,labsea,a_ice,0.23405
TUNE42PI_FES27,1378,6,labsea,a_ice,0.12398
TUNE42PI_FES27,1378,7,labsea,a_ice,0.04198
TUNE42PI_FES27,1378,8,labsea,a_ice,0.00355
TUNE42PI_FES27,1378,9,labsea,a_ice,0.00000
TUNE42PI_FES27,1378,10,labsea,a_ice,0.00050
TUNE42PI_FES27,1378,11,labsea,a_ice,0.01986
TUNE42PI_FES27,1378,12,labsea,a_ice,0.16854
TUNE42PI_FES27,1378,1,interior,a_ice,0.06042
TUNE42PI_FES27,1378,2,interior,a_ice,0.08781
TUNE42PI_FES27,1378,3,interior,a_ice,0.19291
TUNE42PI_FES27,1378,4,interior,a_ice,0.31021
TUNE42PI_FES27,1378,5,interior,a_ice,0.10263
TUNE42PI_FES27,1378,6,interior,a_ice,0.02197
TUNE42PI_FES27,1378,7,interior,a_ice,0.00176
TUNE42PI_FES27,1378,8,interior,a_ice,0.00000
TUNE42PI_FES27,1378,9,interior,a_ice,0.00000
TUNE42PI_FES27,1378,10,interior,a_ice,0.00000
TUNE42PI_FES27,1378,11,interior,a_ice,0.00000
TUNE42PI_FES27,1378,12,interior,a_ice,0.04044
TUNE42PI_FES27,1378,1,labsea,MLD2,1188.49678
TUNE42PI_FES27,1378,2,labsea,MLD2,1229.87424
TUNE42PI_FES27,1378,3,labsea,MLD2,1138.10097
TUNE42PI_FES27,1378,4,labsea,MLD2,755.18393
TUNE42PI_FES27,1378,5,labsea,MLD2,282.53760
TUNE42PI_FES27,1378,6,labsea,MLD2,15.46126
TUNE42PI_FES27,1378,7,labsea,MLD2,13.89196
TUNE42PI_FES27,1378,8,labsea,MLD2,14.76037
TUNE42PI_FES27,1378,9,labsea,MLD2,16.82088
TUNE42PI_FES27,1378,10,labsea,MLD2,23.29599
TUNE42PI_FES27,1378,11,labsea,MLD2,38.00203
TUNE42PI_FES27,1378,12,labsea,MLD2,243.47863
TUNE42PI_FES27,1378,1,interior,MLD2,1770.46934
TUNE42PI_FES27,1378,2,interior,MLD2,1806.92705
TUNE42PI_FES27,1378,3,interior,MLD2,1541.33367
TUNE42PI_FES27,1378,4,interior,MLD2,683.70050
TUNE42PI_FES27,1378,5,interior,MLD2,207.80558
TUNE42PI_FES27,1378,6,interior,MLD2,15.80689
TUNE42PI_FES27,1378,7,interior,MLD2,15.00664
TUNE42PI_FES27,1378,8,interior,MLD2,15.77472
TUNE42PI_FES27,1378,9,interior,MLD2,18.57614
TUNE42PI_FES27,1378,10,interior,MLD2,25.62617
TUNE42PI_FES27,1378,11,interior,MLD2,41.85009
TUNE42PI_FES27,1378,12,interior,MLD2,390.44389
TUNE42PI_FES27,1379,1,labsea,a_ice,0.28793
TUNE42PI_FES27,1379,2,labsea,a_ice,0.36629
TUNE42PI_FES27,1379,3,labsea,a_ice,0.44445
TUNE42PI_FES27,1379,4,labsea,a_ice,0.42409
TUNE42PI_FES27,1379,5,labsea,a_ice,0.31695
TUNE42PI_FES27,1379,6,labsea,a_ice,0.18353
TUNE42PI_FES27,1379,7,labsea,a_ice,0.04911
TUNE42PI_FES27,1379,8,labsea,a_ice,0.00892
TUNE42PI_FES27,1379,9,labsea,a_ice,0.00079
TUNE42PI_FES27,1379,10,labsea,a_ice,0.00167
TUNE42PI_FES27,1379,11,labsea,a_ice,0.03460
TUNE42PI_FES27,1379,12,labsea,a_ice,0.12601
TUNE42PI_FES27,1379,1,interior,a_ice,0.09936
TUNE42PI_FES27,1379,2,interior,a_ice,0.18957
TUNE42PI_FES27,1379,3,interior,a_ice,0.33969
TUNE42PI_FES27,1379,4,interior,a_ice,0.40786
TUNE42PI_FES27,1379,5,interior,a_ice,0.22280
TUNE42PI_FES27,1379,6,interior,a_ice,0.07177
TUNE42PI_FES27,1379,7,interior,a_ice,0.01335
TUNE42PI_FES27,1379,8,interior,a_ice,0.00000
TUNE42PI_FES27,1379,9,interior,a_ice,0.00000
TUNE42PI_FES27,1379,10,interior,a_ice,0.00000
TUNE42PI_FES27,1379,11,interior,a_ice,0.00001
TUNE42PI_FES27,1379,12,interior,a_ice,0.01614
TUNE42PI_FES27,1379,1,labsea,MLD2,760.80696
TUNE42PI_FES27,1379,2,labsea,MLD2,963.88799
TUNE42PI_FES27,1379,3,labsea,MLD2,909.44099
TUNE42PI_FES27,1379,4,labsea,MLD2,768.56106
TUNE42PI_FES27,1379,5,labsea,MLD2,345.84312
TUNE42PI_FES27,1379,6,labsea,MLD2,17.31839
TUNE42PI_FES27,1379,7,labsea,MLD2,13.85984
TUNE42PI_FES27,1379,8,labsea,MLD2,15.40039
TUNE42PI_FES27,1379,9,labsea,MLD2,19.88781
TUNE42PI_FES27,1379,10,labsea,MLD2,29.71619
TUNE42PI_FES27,1379,11,labsea,MLD2,50.43667
TUNE42PI_FES27,1379,12,labsea,MLD2,157.45100
TUNE42PI_FES27,1379,1,interior,MLD2,1459.67006
TUNE42PI_FES27,1379,2,interior,MLD2,1779.51974
TUNE42PI_FES27,1379,3,interior,MLD2,1342.64952
TUNE42PI_FES27,1379,4,interior,MLD2,931.81838
TUNE42PI_FES27,1379,5,interior,MLD2,455.73545
TUNE42PI_FES27,1379,6,interior,MLD2,17.42869
TUNE42PI_FES27,1379,7,interior,MLD2,15.82358
TUNE42PI_FES27,1379,8,interior,MLD2,17.27746
TUNE42PI_FES27,1379,9,interior,MLD2,21.96566
TUNE42PI_FES27,1379,10,interior,MLD2,33.01102
TUNE42PI_FES27,1379,11,interior,MLD2,62.43560
TUNE42PI_FES27,1379,12,interior,MLD2,279.98434
TUNE42PI_FES27,1380,1,labsea,a_ice,0.27824
TUNE42PI_FES27,1380,2,labsea,a_ice,0.32046
TUNE42PI_FES27,1380,3,labsea,a_ice,0.34421
TUNE42PI_FES27,1380,4,labsea,a_ice,0.28777
TUNE42PI_FES27,1380,5,labsea,a_ice,0.19966
TUNE42PI_FES27,1380,6,labsea,a_ice,0.15487
TUNE42PI_FES27,1380,7,labsea,a_ice,0.05663
TUNE42PI_FES27,1380,8,labsea,a_ice,0.01132
TUNE42PI_FES27,1380,9,labsea,a_ice,0.00042
TUNE42PI_FES27,1380,10,labsea,a_ice,0.00490
TUNE42PI_FES27,1380,11,labsea,a_ice,0.03444
TUNE42PI_FES27,1380,12,labsea,a_ice,0.19765
TUNE42PI_FES27,1380,1,interior,a_ice,0.11297
TUNE42PI_FES27,1380,2,interior,a_ice,0.13705
TUNE42PI_FES27,1380,3,interior,a_ice,0.16454
TUNE42PI_FES27,1380,4,interior,a_ice,0.11053
TUNE42PI_FES27,1380,5,interior,a_ice,0.05397
TUNE42PI_FES27,1380,6,interior,a_ice,0.02443
TUNE42PI_FES27,1380,7,interior,a_ice,0.00197
TUNE42PI_FES27,1380,8,interior,a_ice,0.00000
TUNE42PI_FES27,1380,9,interior,a_ice,0.00000
TUNE42PI_FES27,1380,10,interior,a_ice,0.00000
TUNE42PI_FES27,1380,11,interior,a_ice,0.00001
TUNE42PI_FES27,1380,12,interior,a_ice,0.05884
TUNE42PI_FES27,1380,1,labsea,MLD2,916.90634
TUNE42PI_FES27,1380,2,labsea,MLD2,1325.52971
TUNE42PI_FES27,1380,3,labsea,MLD2,1338.57828
TUNE42PI_FES27,1380,4,labsea,MLD2,897.60443
TUNE42PI_FES27,1380,5,labsea,MLD2,238.60971
TUNE42PI_FES27,1380,6,labsea,MLD2,15.98066
TUNE42PI_FES27,1380,7,labsea,MLD2,12.90647
TUNE42PI_FES27,1380,8,labsea,MLD2,13.49444
TUNE42PI_FES27,1380,9,labsea,MLD2,18.04733
TUNE42PI_FES27,1380,10,labsea,MLD2,31.19246
TUNE42PI_FES27,1380,11,labsea,MLD2,104.50921
TUNE42PI_FES27,1380,12,labsea,MLD2,732.23389
TUNE42PI_FES27,1380,1,interior,MLD2,1777.29287
TUNE42PI_FES27,1380,2,interior,MLD2,2158.36578
TUNE42PI_FES27,1380,3,interior,MLD2,2016.94382
TUNE42PI_FES27,1380,4,interior,MLD2,1382.78137
TUNE42PI_FES27,1380,5,interior,MLD2,395.84660
TUNE42PI_FES27,1380,6,interior,MLD2,19.11370
TUNE42PI_FES27,1380,7,interior,MLD2,14.77513
TUNE42PI_FES27,1380,8,interior,MLD2,15.47575
TUNE42PI_FES27,1380,9,interior,MLD2,20.52132
TUNE42PI_FES27,1380,10,interior,MLD2,36.93142
TUNE42PI_FES27,1380,11,interior,MLD2,138.82161
TUNE42PI_FES27,1380,12,interior,MLD2,1548.59362
TUNE42PI_FES27,1381,1,labsea,a_ice,0.33494
TUNE42PI_FES27,1381,2,labsea,a_ice,0.35413
TUNE42PI_FES27,1381,3,labsea,a_ice,0.40641
TUNE42PI_FES27,1381,4,labsea,a_ice,0.26652
TUNE42PI_FES27,1381,5,labsea,a_ice,0.15211
TUNE42PI_FES27,1381,6,labsea,a_ice,0.06224
TUNE42PI_FES27,1381,7,labsea,a_ice,0.00974
TUNE42PI_FES27,1381,8,labsea,a_ice,0.00000
TUNE42PI_FES27,1381,9,labsea,a_ice,0.00000
TUNE42PI_FES27,1381,10,labsea,a_ice,0.00016
TUNE42PI_FES27,1381,11,labsea,a_ice,0.02761
TUNE42PI_FES27,1381,12,labsea,a_ice,0.16172
TUNE42PI_FES27,1381,1,interior,a_ice,0.17256
TUNE42PI_FES27,1381,2,interior,a_ice,0.23599
TUNE42PI_FES27,1381,3,interior,a_ice,0.39827
TUNE42PI_FES27,1381,4,interior,a_ice,0.16580
TUNE42PI_FES27,1381,5,interior,a_ice,0.02994
TUNE42PI_FES27,1381,6,interior,a_ice,0.00155
TUNE42PI_FES27,1381,7,interior,a_ice,0.00000
TUNE42PI_FES27,1381,8,interior,a_ice,0.00000
TUNE42PI_FES27,1381,9,interior,a_ice,0.00000
TUNE42PI_FES27,1381,10,interior,a_ice,0.00000
TUNE42PI_FES27,1381,11,interior,a_ice,0.00000
TUNE42PI_FES27,1381,12,interior,a_ice,0.03132
TUNE42PI_FES27,1381,1,labsea,MLD2,1234.72015
TUNE42PI_FES27,1381,2,labsea,MLD2,1035.94236
TUNE42PI_FES27,1381,3,labsea,MLD2,920.62533
TUNE42PI_FES27,1381,4,labsea,MLD2,475.79732
TUNE42PI_FES27,1381,5,labsea,MLD2,177.06140
TUNE42PI_FES27,1381,6,labsea,MLD2,16.60823
TUNE42PI_FES27,1381,7,labsea,MLD2,14.99139
TUNE42PI_FES27,1381,8,labsea,MLD2,13.21298
TUNE42PI_FES27,1381,9,labsea,MLD2,21.43462
TUNE42PI_FES27,1381,10,labsea,MLD2,29.68998
TUNE42PI_FES27,1381,11,labsea,MLD2,59.16325
TUNE42PI_FES27,1381,12,labsea,MLD2,413.35165
TUNE42PI_FES27,1381,1,interior,MLD2,2073.06741
TUNE42PI_FES27,1381,2,interior,MLD2,1304.11894
TUNE42PI_FES27,1381,3,interior,MLD2,717.69101
TUNE42PI_FES27,1381,4,interior,MLD2,195.76319
TUNE42PI_FES27,1381,5,interior,MLD2,86.42894
TUNE42PI_FES27,1381,6,interior,MLD2,18.51760
TUNE42PI_FES27,1381,7,interior,MLD2,17.03037
TUNE42PI_FES27,1381,8,interior,MLD2,15.63657
TUNE42PI_FES27,1381,9,interior,MLD2,24.26233
TUNE42PI_FES27,1381,10,interior,MLD2,33.85826
TUNE42PI_FES27,1381,11,interior,MLD2,74.72456
TUNE42PI_FES27,1381,12,interior,MLD2,781.04276
TUNE42PI_FES27,1382,1,labsea,a_ice,0.25707
TUNE42PI_FES27,1382,2,labsea,a_ice,0.26370
TUNE42PI_FES27,1382,3,labsea,a_ice,0.30093
TUNE42PI_FES27,1382,4,labsea,a_ice,0.27034
TUNE42PI_FES27,1382,5,labsea,a_ice,0.19213
TUNE42PI_FES27,1382,6,labsea,a_ice,0.08996
TUNE42PI_FES27,1382,7,labsea,a_ice,0.01010
TUNE42PI_FES27,1382,8,labsea,a_ice,0.00000
TUNE42PI_FES27,1382,9,labsea,a_ice,0.00000
TUNE42PI_FES27,1382,10,labsea,a_ice,0.00000
TUNE42PI_FES27,1382,11,labsea,a_ice,0.01327
TUNE42PI_FES27,1382,12,labsea,a_ice,0.16000
TUNE42PI_FES27,1382,1,interior,a_ice,0.07308
TUNE42PI_FES27,1382,2,interior,a_ice,0.08641
TUNE42PI_FES27,1382,3,interior,a_ice,0.13107
TUNE42PI_FES27,1382,4,interior,a_ice,0.08005
TUNE42PI_FES27,1382,5,interior,a_ice,0.05311
TUNE42PI_FES27,1382,6,interior,a_ice,0.00990
TUNE42PI_FES27,1382,7,interior,a_ice,0.00041
TUNE42PI_FES27,1382,8,interior,a_ice,0.00000
TUNE42PI_FES27,1382,9,interior,a_ice,0.00000
TUNE42PI_FES27,1382,10,interior,a_ice,0.00000
TUNE42PI_FES27,1382,11,interior,a_ice,0.00133
TUNE42PI_FES27,1382,12,interior,a_ice,0.04065
TUNE42PI_FES27,1382,1,labsea,MLD2,1175.93722
TUNE42PI_FES27,1382,2,labsea,MLD2,1442.30613
TUNE42PI_FES27,1382,3,labsea,MLD2,1469.71343
TUNE42PI_FES27,1382,4,labsea,MLD2,1271.94087
TUNE42PI_FES27,1382,5,labsea,MLD2,417.63520
TUNE42PI_FES27,1382,6,labsea,MLD2,15.76280
TUNE42PI_FES27,1382,7,labsea,MLD2,14.37658
TUNE42PI_FES27,1382,8,labsea,MLD2,17.02058
TUNE42PI_FES27,1382,9,labsea,MLD2,25.34913
TUNE42PI_FES27,1382,10,labsea,MLD2,37.86355
TUNE42PI_FES27,1382,11,labsea,MLD2,71.67886
TUNE42PI_FES27,1382,12,labsea,MLD2,542.52539
TUNE42PI_FES27,1382,1,interior,MLD2,2091.46753
TUNE42PI_FES27,1382,2,interior,MLD2,2260.08076
TUNE42PI_FES27,1382,3,interior,MLD2,2143.45050
TUNE42PI_FES27,1382,4,interior,MLD2,1907.63909
TUNE42PI_FES27,1382,5,interior,MLD2,779.31570
TUNE42PI_FES27,1382,6,interior,MLD2,18.31923
TUNE42PI_FES27,1382,7,interior,MLD2,16.01870
TUNE42PI_FES27,1382,8,interior,MLD2,18.21518
TUNE42PI_FES27,1382,9,interior,MLD2,27.45885
TUNE42PI_FES27,1382,10,interior,MLD2,43.02819
TUNE42PI_FES27,1382,11,interior,MLD2,103.13272
TUNE42PI_FES27,1382,12,interior,MLD2,1045.20722
TUNE42PI_FES27,1383,1,labsea,a_ice,0.22872
TUNE42PI_FES27,1383,2,labsea,a_ice,0.27918
TUNE42PI_FES27,1383,3,labsea,a_ice,0.30670
TUNE42PI_FES27,1383,4,labsea,a_ice,0.33560
TUNE42PI_FES27,1383,5,labsea,a_ice,0.26199
TUNE42PI_FES27,1383,6,labsea,a_ice,0.12772
TUNE42PI_FES27,1383,7,labsea,a_ice,0.03875
TUNE42PI_FES27,1383,8,labsea,a_ice,0.00920
TUNE42PI_FES27,1383,9,labsea,a_ice,0.00000
TUNE42PI_FES27,1383,10,labsea,a_ice,0.00922
TUNE42PI_FES27,1383,11,labsea,a_ice,0.07476
TUNE42PI_FES27,1383,12,labsea,a_ice,0.24191
TUNE42PI_FES27,1383,1,interior,a_ice,0.06204
TUNE42PI_FES27,1383,2,interior,a_ice,0.07436
TUNE42PI_FES27,1383,3,interior,a_ice,0.10868
TUNE42PI_FES27,1383,4,interior,a_ice,0.22533
TUNE42PI_FES27,1383,5,interior,a_ice,0.14670
TUNE42PI_FES27,1383,6,interior,a_ice,0.05263
TUNE42PI_FES27,1383,7,interior,a_ice,0.00077
TUNE42PI_FES27,1383,8,interior,a_ice,0.00000
TUNE42PI_FES27,1383,9,interior,a_ice,0.00000
TUNE42PI_FES27,1383,10,interior,a_ice,0.00000
TUNE42PI_FES27,1383,11,interior,a_ice,0.00291
TUNE42PI_FES27,1383,12,interior,a_ice,0.05381
TUNE42PI_FES27,1383,1,labsea,MLD2,1266.23979
TUNE42PI_FES27,1383,2,labsea,MLD2,1389.18268
TUNE42PI_FES27,1383,3,labsea,MLD2,1382.05684
TUNE42PI_FES27,1383,4,labsea,MLD2,1094.81705
TUNE42PI_FES27,1383,5,labsea,MLD2,328.23979
TUNE42PI_FES27,1383,6,labsea,MLD2,18.65704
TUNE42PI_FES27,1383,7,labsea,MLD2,15.52094
TUNE42PI_FES27,1383,8,labsea,MLD2,15.44648
TUNE42PI_FES27,1383,9,labsea,MLD2,22.16008
TUNE42PI_FES27,1383,10,labsea,MLD2,31.24311
TUNE42PI_FES27,1383,11,labsea,MLD2,64.33575
TUNE42PI_FES27,1383,12,labsea,MLD2,849.32001
TUNE42PI_FES27,1383,1,interior,MLD2,1881.43353
TUNE42PI_FES27,1383,2,interior,MLD2,2000.94065
TUNE42PI_FES27,1383,3,interior,MLD2,1960.60090
TUNE42PI_FES27,1383,4,interior,MLD2,1372.61507
TUNE42PI_FES27,1383,5,interior,MLD2,670.67019
TUNE42PI_FES27,1383,6,interior,MLD2,23.97716
TUNE42PI_FES27,1383,7,interior,MLD2,16.58044
TUNE42PI_FES27,1383,8,interior,MLD2,16.88552
TUNE42PI_FES27,1383,9,interior,MLD2,23.80876
TUNE42PI_FES27,1383,10,interior,MLD2,34.03358
TUNE42PI_FES27,1383,11,interior,MLD2,87.93796
TUNE42PI_FES27,1383,12,interior,MLD2,1540.09308
TUNE42PI_FES27,1384,1,labsea,a_ice,0.31153
TUNE42PI_FES27,1384,2,labsea,a_ice,0.38859
TUNE42PI_FES27,1384,3,labsea,a_ice,0.40117
TUNE42PI_FES27,1384,4,labsea,a_ice,0.37837
TUNE42PI_FES27,1384,5,labsea,a_ice,0.34586
TUNE42PI_FES27,1384,6,labsea,a_ice,0.17000
TUNE42PI_FES27,1384,7,labsea,a_ice,0.02672
TUNE42PI_FES27,1384,8,labsea,a_ice,0.00000
TUNE42PI_FES27,1384,9,labsea,a_ice,0.00000
TUNE42PI_FES27,1384,10,labsea,a_ice,0.00007
TUNE42PI_FES27,1384,11,labsea,a_ice,0.06603
TUNE42PI_FES27,1384,12,labsea,a_ice,0.23098
TUNE42PI_FES27,1384,1,interior,a_ice,0.09037
TUNE42PI_FES27,1384,2,interior,a_ice,0.19050
TUNE42PI_FES27,1384,3,interior,a_ice,0.26700
TUNE42PI_FES27,1384,4,interior,a_ice,0.24878
TUNE42PI_FES27,1384,5,interior,a_ice,0.25336
TUNE42PI_FES27,1384,6,interior,a_ice,0.08033
TUNE42PI_FES27,1384,7,interior,a_ice,0.00077
TUNE42PI_FES27,1384,8,interior,a_ice,0.00000
TUNE42PI_FES27,1384,9,interior,a_ice,0.00000
TUNE42PI_FES27,1384,10,interior,a_ice,0.00000
TUNE42PI_FES27,1384,11,interior,a_ice,0.00274
TUNE42PI_FES27,1384,12,interior,a_ice,0.04835
TUNE42PI_FES27,1384,1,labsea,MLD2,1304.02380
TUNE42PI_FES27,1384,2,labsea,MLD2,1278.34942
TUNE42PI_FES27,1384,3,labsea,MLD2,1230.85793
TUNE42PI_FES27,1384,4,labsea,MLD2,1101.74816
TUNE42PI_FES27,1384,5,labsea,MLD2,713.14934
TUNE42PI_FES27,1384,6,labsea,MLD2,18.85261
TUNE42PI_FES27,1384,7,labsea,MLD2,12.55185
TUNE42PI_FES27,1384,8,labsea,MLD2,14.06396
TUNE42PI_FES27,1384,9,labsea,MLD2,18.67602
TUNE42PI_FES27,1384,10,labsea,MLD2,32.53667
TUNE42PI_FES27,1384,11,labsea,MLD2,203.43850
TUNE42PI_FES27,1384,12,labsea,MLD2,1015.94722
TUNE42PI_FES27,1384,1,interior,MLD2,2218.79979
TUNE42PI_FES27,1384,2,interior,MLD2,1970.92742
TUNE42PI_FES27,1384,3,interior,MLD2,1725.37274
TUNE42PI_FES27,1384,4,interior,MLD2,1543.65425
TUNE42PI_FES27,1384,5,interior,MLD2,1075.37582
TUNE42PI_FES27,1384,6,interior,MLD2,31.91623
TUNE42PI_FES27,1384,7,interior,MLD2,13.92675
TUNE42PI_FES27,1384,8,interior,MLD2,16.13135
TUNE42PI_FES27,1384,9,interior,MLD2,20.16684
TUNE42PI_FES27,1384,10,interior,MLD2,38.67468
TUNE42PI_FES27,1384,11,interior,MLD2,382.92925
TUNE42PI_FES27,1384,12,interior,MLD2,2018.72004
TUNE42PI_FES27,1385,1,labsea,a_ice,0.25770
TUNE42PI_FES27,1385,2,labsea,a_ice,0.28847
TUNE42PI_FES27,1385,3,labsea,a_ice,0.40847
TUNE42PI_FES27,1385,4,labsea,a_ice,0.42969
TUNE42PI_FES27,1385,5,labsea,a_ice,0.33719
TUNE42PI_FES27,1385,6,labsea,a_ice,0.15983
TUNE42PI_FES27,1385,7,labsea,a_ice,0.05535
TUNE42PI_FES27,1385,8,labsea,a_ice,0.00539
TUNE42PI_FES27,1385,9,labsea,a_ice,0.00000
TUNE42PI_FES27,1385,10,labsea,a_ice,0.00857
TUNE42PI_FES27,1385,11,labsea,a_ice,0.07351
TUNE42PI_FES27,1385,12,labsea,a_ice,0.19225
TUNE42PI_FES27,1385,1,interior,a_ice,0.05191
TUNE42PI_FES27,1385,2,interior,a_ice,0.08800
TUNE42PI_FES27,1385,3,interior,a_ice,0.31062
TUNE42PI_FES27,1385,4,interior,a_ice,0.42379
TUNE42PI_FES27,1385,5,interior,a_ice,0.31663
TUNE42PI_FES27,1385,6,interior,a_ice,0.06414
TUNE42PI_FES27,1385,7,interior,a_ice,0.00778
TUNE42PI_FES27,1385,8,interior,a_ice,0.00000
TUNE42PI_FES27,1385,9,interior,a_ice,0.00000
TUNE42PI_FES27,1385,10,interior,a_ice,0.00000
TUNE42PI_FES27,1385,11,interior,a_ice,0.00010
TUNE42PI_FES27,1385,12,interior,a_ice,0.04617
TUNE42PI_FES27,1385,1,labsea,MLD2,1273.73186
TUNE42PI_FES27,1385,2,labsea,MLD2,1291.68624
TUNE42PI_FES27,1385,3,labsea,MLD2,1209.55107
TUNE42PI_FES27,1385,4,labsea,MLD2,894.38782
TUNE42PI_FES27,1385,5,labsea,MLD2,416.92192
TUNE42PI_FES27,1385,6,labsea,MLD2,24.09994
TUNE42PI_FES27,1385,7,labsea,MLD2,14.23104
TUNE42PI_FES27,1385,8,labsea,MLD2,15.37602
TUNE42PI_FES27,1385,9,labsea,MLD2,20.38951
TUNE42PI_FES27,1385,10,labsea,MLD2,32.19505
TUNE42PI_FES27,1385,11,labsea,MLD2,108.50133
TUNE42PI_FES27,1385,12,labsea,MLD2,657.71349
TUNE42PI_FES27,1385,1,interior,MLD2,2292.27555
TUNE42PI_FES27,1385,2,interior,MLD2,2108.00097
TUNE42PI_FES27,1385,3,interior,MLD2,1534.94613
TUNE42PI_FES27,1385,4,interior,MLD2,985.36292
TUNE42PI_FES27,1385,5,interior,MLD2,462.35917
TUNE42PI_FES27,1385,6,interior,MLD2,34.70535
TUNE42PI_FES27,1385,7,interior,MLD2,16.44710
TUNE42PI_FES27,1385,8,interior,MLD2,16.44127
TUNE42PI_FES27,1385,9,interior,MLD2,21.78570
TUNE42PI_FES27,1385,10,interior,MLD2,36.12151
TUNE42PI_FES27,1385,11,interior,MLD2,181.18655
TUNE42PI_FES27,1385,12,interior,MLD2,1271.36183
TUNE42PI_FES27,1386,1,labsea,a_ice,0.28670
TUNE42PI_FES27,1386,2,labsea,a_ice,0.33256
TUNE42PI_FES27,1386,3,labsea,a_ice,0.29759
TUNE42PI_FES27,1386,4,labsea,a_ice,0.24258
TUNE42PI_FES27,1386,5,labsea,a_ice,0.19738
TUNE42PI_FES27,1386,6,labsea,a_ice,0.13043
TUNE42PI_FES27,1386,7,labsea,a_ice,0.04210
TUNE42PI_FES27,1386,8,labsea,a_ice,0.01841
TUNE42PI_FES27,1386,9,labsea,a_ice,0.00696
TUNE42PI_FES27,1386,10,labsea,a_ice,0.01643
TUNE42PI_FES27,1386,11,labsea,a_ice,0.07032
TUNE42PI_FES27,1386,12,labsea,a_ice,0.22559
TUNE42PI_FES27,1386,1,interior,a_ice,0.10853
TUNE42PI_FES27,1386,2,interior,a_ice,0.13677
TUNE42PI_FES27,1386,3,interior,a_ice,0.11230
TUNE42PI_FES27,1386,4,interior,a_ice,0.06371
TUNE42PI_FES27,1386,5,interior,a_ice,0.02611
TUNE42PI_FES27,1386,6,interior,a_ice,0.01459
TUNE42PI_FES27,1386,7,interior,a_ice,0.00034
TUNE42PI_FES27,1386,8,interior,a_ice,0.00000
TUNE42PI_FES27,1386,9,interior,a_ice,0.00000
TUNE42PI_FES27,1386,10,interior,a_ice,0.00000
TUNE42PI_FES27,1386,11,interior,a_ice,0.02088
TUNE42PI_FES27,1386,12,interior,a_ice,0.09279
TUNE42PI_FES27,1386,1,labsea,MLD2,1373.89521
TUNE42PI_FES27,1386,2,labsea,MLD2,1444.18986
TUNE42PI_FES27,1386,3,labsea,MLD2,1328.47374
TUNE42PI_FES27,1386,4,labsea,MLD2,1058.40274
TUNE42PI_FES27,1386,5,labsea,MLD2,454.49127
TUNE42PI_FES27,1386,6,labsea,MLD2,18.18064
TUNE42PI_FES27,1386,7,labsea,MLD2,14.62418
TUNE42PI_FES27,1386,8,labsea,MLD2,16.97142
TUNE42PI_FES27,1386,9,labsea,MLD2,21.82315
TUNE42PI_FES27,1386,10,labsea,MLD2,30.48290
TUNE42PI_FES27,1386,11,labsea,MLD2,53.50022
TUNE42PI_FES27,1386,12,labsea,MLD2,558.18728
TUNE42PI_FES27,1386,1,interior,MLD2,2238.20039
TUNE42PI_FES27,1386,2,interior,MLD2,2130.33406
TUNE42PI_FES27,1386,3,interior,MLD2,1892.41811
TUNE42PI_FES27,1386,4,interior,MLD2,1479.67874
TUNE42PI_FES27,1386,5,interior,MLD2,804.98141
TUNE42PI_FES27,1386,6,interior,MLD2,26.85810
TUNE42PI_FES27,1386,7,interior,MLD2,17.01167
TUNE42PI_FES27,1386,8,interior,MLD2,18.46178
TUNE42PI_FES27,1386,9,interior,MLD2,21.78304
TUNE42PI_FES27,1386,10,interior,MLD2,35.59446
TUNE42PI_FES27,1386,11,interior,MLD2,73.86111
TUNE42PI_FES27,1386,12,interior,MLD2,968.55283
TUNE42PI_FES27,1387,1,labsea,a_ice,0.45750
TUNE42PI_FES27,1387,2,labsea,a_ice,0.55570
TUNE42PI_FES27,1387,3,labsea,a_ice,0.57551
TUNE42PI_FES27,1387,4,labsea,a_ice,0.56141
TUNE42PI_FES27,1387,5,labsea,a_ice,0.40255
TUNE42PI_FES27,1387,6,labsea,a_ice,0.16933
TUNE42PI_FES27,1387,7,labsea,a_ice,0.03940
TUNE42PI_FES27,1387,8,labsea,a_ice,0.00001
TUNE42PI_FES27,1387,9,labsea,a_ice,0.00000
TUNE42PI_FES27,1387,10,labsea,a_ice,0.00000
TUNE42PI_FES27,1387,11,labsea,a_ice,0.00613
TUNE42PI_FES27,1387,12,labsea,a_ice,0.10582
TUNE42PI_FES27,1387,1,interior,a_ice,0.35786
TUNE42PI_FES27,1387,2,interior,a_ice,0.61417
TUNE42PI_FES27,1387,3,interior,a_ice,0.66617
TUNE42PI_FES27,1387,4,interior,a_ice,0.68353
TUNE42PI_FES27,1387,5,interior,a_ice,0.34846
TUNE42PI_FES27,1387,6,interior,a_ice,0.05217
TUNE42PI_FES27,1387,7,interior,a_ice,0.00994
TUNE42PI_FES27,1387,8,interior,a_ice,0.00000
TUNE42PI_FES27,1387,9,interior,a_ice,0.00000
TUNE42PI_FES27,1387,10,interior,a_ice,0.00000
TUNE42PI_FES27,1387,11,interior,a_ice,0.00004
TUNE42PI_FES27,1387,12,interior,a_ice,0.01650
TUNE42PI_FES27,1387,1,labsea,MLD2,1011.74295
TUNE42PI_FES27,1387,2,labsea,MLD2,956.34889
TUNE42PI_FES27,1387,3,labsea,MLD2,847.06046
TUNE42PI_FES27,1387,4,labsea,MLD2,690.01500
TUNE42PI_FES27,1387,5,labsea,MLD2,203.97832
TUNE42PI_FES27,1387,6,labsea,MLD2,14.79091
TUNE42PI_FES27,1387,7,labsea,MLD2,14.09158
TUNE42PI_FES27,1387,8,labsea,MLD2,12.75021
TUNE42PI_FES27,1387,9,labsea,MLD2,18.81589
TUNE42PI_FES27,1387,10,labsea,MLD2,30.69813
TUNE42PI_FES27,1387,11,labsea,MLD2,57.64539
TUNE42PI_FES27,1387,12,labsea,MLD2,218.08491
TUNE42PI_FES27,1387,1,interior,MLD2,1204.46980
TUNE42PI_FES27,1387,2,interior,MLD2,873.78844
TUNE42PI_FES27,1387,3,interior,MLD2,698.04803
TUNE42PI_FES27,1387,4,interior,MLD2,300.76336
TUNE42PI_FES27,1387,5,interior,MLD2,41.13608
TUNE42PI_FES27,1387,6,interior,MLD2,17.54913
TUNE42PI_FES27,1387,7,interior,MLD2,15.93337
TUNE42PI_FES27,1387,8,interior,MLD2,13.64836
TUNE42PI_FES27,1387,9,interior,MLD2,20.71934
TUNE42PI_FES27,1387,10,interior,MLD2,32.19343
TUNE42PI_FES27,1387,11,interior,MLD2,70.10202
TUNE42PI_FES27,1387,12,interior,MLD2,410.21743
TUNE42PI_FES27,1388,1,labsea,a_ice,0.20850
TUNE42PI_FES27,1388,2,labsea,a_ice,0.22726
TUNE42PI_FES27,1388,3,labsea,a_ice,0.24508
TUNE42PI_FES27,1388,4,labsea,a_ice,0.24026
TUNE42PI_FES27,1388,5,labsea,a_ice,0.22434
TUNE42PI_FES27,1388,6,labsea,a_ice,0.15147
TUNE42PI_FES27,1388,7,labsea,a_ice,0.04568
TUNE42PI_FES27,1388,8,labsea,a_ice,0.00108
TUNE42PI_FES27,1388,9,labsea,a_ice,0.00000
TUNE42PI_FES27,1388,10,labsea,a_ice,0.00109
TUNE42PI_FES27,1388,11,labsea,a_ice,0.04811
TUNE42PI_FES27,1388,12,labsea,a_ice,0.21023
TUNE42PI_FES27,1388,1,interior,a_ice,0.04322
TUNE42PI_FES27,1388,2,interior,a_ice,0.04675
TUNE42PI_FES27,1388,3,interior,a_ice,0.05232
TUNE42PI_FES27,1388,4,interior,a_ice,0.06252
TUNE42PI_FES27,1388,5,interior,a_ice,0.04061
TUNE42PI_FES27,1388,6,interior,a_ice,0.01879
TUNE42PI_FES27,1388,7,interior,a_ice,0.00440
TUNE42PI_FES27,1388,8,interior,a_ice,0.00000
TUNE42PI_FES27,1388,9,interior,a_ice,0.00000
TUNE42PI_FES27,1388,10,interior,a_ice,0.00000
TUNE42PI_FES27,1388,11,interior,a_ice,0.00287
TUNE42PI_FES27,1388,12,interior,a_ice,0.05985
TUNE42PI_FES27,1388,1,labsea,MLD2,827.07106
TUNE42PI_FES27,1388,2,labsea,MLD2,1243.86965
TUNE42PI_FES27,1388,3,labsea,MLD2,1253.39070
TUNE42PI_FES27,1388,4,labsea,MLD2,1019.87026
TUNE42PI_FES27,1388,5,labsea,MLD2,535.77980
TUNE42PI_FES27,1388,6,labsea,MLD2,28.44535
TUNE42PI_FES27,1388,7,labsea,MLD2,13.24740
TUNE42PI_FES27,1388,8,labsea,MLD2,16.32851
TUNE42PI_FES27,1388,9,labsea,MLD2,20.28678
TUNE42PI_FES27,1388,10,labsea,MLD2,32.51318
TUNE42PI_FES27,1388,11,labsea,MLD2,69.83944
TUNE42PI_FES27,1388,12,labsea,MLD2,631.50936
TUNE42PI_FES27,1388,1,interior,MLD2,1734.08126
TUNE42PI_FES27,1388,2,interior,MLD2,2400.95489
TUNE42PI_FES27,1388,3,interior,MLD2,2311.12919
TUNE42PI_FES27,1388,4,interior,MLD2,1755.08251
TUNE42PI_FES27,1388,5,interior,MLD2,955.52382
TUNE42PI_FES27,1388,6,interior,MLD2,51.22460
TUNE42PI_FES27,1388,7,interior,MLD2,14.87726
TUNE42PI_FES27,1388,8,interior,MLD2,18.04882
TUNE42PI_FES27,1388,9,interior,MLD2,21.89506
TUNE42PI_FES27,1388,10,interior,MLD2,35.39998
TUNE42PI_FES27,1388,11,interior,MLD2,105.92964
TUNE42PI_FES27,1388,12,interior,MLD2,1044.89291
TUNE42PI_FES27,1389,1,labsea,a_ice,0.27625
TUNE42PI_FES27,1389,2,labsea,a_ice,0.32125
TUNE42PI_FES27,1389,3,labsea,a_ice,0.41098
TUNE42PI_FES27,1389,4,labsea,a_ice,0.41677
TUNE42PI_FES27,1389,5,labsea,a_ice,0.29837
TUNE42PI_FES27,1389,6,labsea,a_ice,0.17429
TUNE42PI_FES27,1389,7,labsea,a_ice,0.04949
TUNE42PI_FES27,1389,8,labsea,a_ice,0.00473
TUNE42PI_FES27,1389,9,labsea,a_ice,0.00008
TUNE42PI_FES27,1389,10,labsea,a_ice,0.01163
TUNE42PI_FES27,1389,11,labsea,a_ice,0.11263
TUNE42PI_FES27,1389,12,labsea,a_ice,0.26032
TUNE42PI_FES27,1389,1,interior,a_ice,0.08540
TUNE42PI_FES27,1389,2,interior,a_ice,0.11361
TUNE42PI_FES27,1389,3,interior,a_ice,0.31203
TUNE42PI_FES27,1389,4,interior,a_ice,0.36849
TUNE42PI_FES27,1389,5,interior,a_ice,0.19305
TUNE42PI_FES27,1389,6,interior,a_ice,0.04942
TUNE42PI_FES27,1389,7,interior,a_ice,0.00686
TUNE42PI_FES27,1389,8,interior,a_ice,0.00000
TUNE42PI_FES27,1389,9,interior,a_ice,0.00000
TUNE42PI_FES27,1389,10,interior,a_ice,0.00000
TUNE42PI_FES27,1389,11,interior,a_ice,0.02135
TUNE42PI_FES27,1389,12,interior,a_ice,0.09939
TUNE42PI_FES27,1389,1,labsea,MLD2,1079.46638
TUNE42PI_FES27,1389,2,labsea,MLD2,1228.01899
TUNE42PI_FES27,1389,3,labsea,MLD2,1216.67020
TUNE42PI_FES27,1389,4,labsea,MLD2,1015.25893
TUNE42PI_FES27,1389,5,labsea,MLD2,528.38986
TUNE42PI_FES27,1389,6,labsea,MLD2,82.46475
TUNE42PI_FES27,1389,7,labsea,MLD2,15.24089
TUNE42PI_FES27,1389,8,labsea,MLD2,14.45658
TUNE42PI_FES27,1389,9,labsea,MLD2,23.20602
TUNE42PI_FES27,1389,10,labsea,MLD2,36.12602
TUNE42PI_FES27,1389,11,labsea,MLD2,206.33800
TUNE42PI_FES27,1389,12,labsea,MLD2,808.64073
TUNE42PI_FES27,1389,1,interior,MLD2,1801.16476
TUNE42PI_FES27,1389,2,interior,MLD2,1793.59662
TUNE42PI_FES27,1389,3,interior,MLD2,1481.36574
TUNE42PI_FES27,1389,4,interior,MLD2,1178.40525
TUNE42PI_FES27,1389,5,interior,MLD2,766.97418
TUNE42PI_FES27,1389,6,interior,MLD2,140.08434
TUNE42PI_FES27,1389,7,interior,MLD2,18.66734
TUNE42PI_FES27,1389,8,interior,MLD2,17.09444
TUNE42PI_FES27,1389,9,interior,MLD2,27.24647
TUNE42PI_FES27,1389,10,interior,MLD2,47.28929
TUNE42PI_FES27,1389,11,interior,MLD2,422.85519
TUNE42PI_FES27,1389,12,interior,MLD2,1198.87913
TUNE42PI_FES27,1390,1,labsea,a_ice,0.27472
TUNE42PI_FES27,1390,2,labsea,a_ice,0.38494
TUNE42PI_FES27,1390,3,labsea,a_ice,0.40129
TUNE42PI_FES27,1390,4,labsea,a_ice,0.38762
TUNE42PI_FES27,1390,5,labsea,a_ice,0.31530
TUNE42PI_FES27,1390,6,labsea,a_ice,0.15470
TUNE42PI_FES27,1390,7,labsea,a_ice,0.05483
TUNE42PI_FES27,1390,8,labsea,a_ice,0.01005
TUNE42PI_FES27,1390,9,labsea,a_ice,0.00032
TUNE42PI_FES27,1390,10,labsea,a_ice,0.01737
TUNE42PI_FES27,1390,11,labsea,a_ice,0.10901
TUNE42PI_FES27,1390,12,labsea,a_ice,0.15728
TUNE42PI_FES27,1390,1,interior,a_ice,0.09197
TUNE42PI_FES27,1390,2,interior,a_ice,0.21609
TUNE42PI_FES27,1390,3,interior,a_ice,0.26991
TUNE42PI_FES27,1390,4,interior,a_ice,0.26408
TUNE42PI_FES27,1390,5,interior,a_ice,0.10971
TUNE42PI_FES27,1390,6,interior,a_ice,0.03232
TUNE42PI_FES27,1390,7,interior,a_ice,0.00012
TUNE42PI_FES27,1390,8,interior,a_ice,0.00000
TUNE42PI_FES27,1390,9,interior,a_ice,0.00000
TUNE42PI_FES27,1390,10,interior,a_ice,0.00000
TUNE42PI_FES27,1390,11,interior,a_ice,0.00982
TUNE42PI_FES27,1390,12,interior,a_ice,0.02747
TUNE42PI_FES27,1390,1,labsea,MLD2,1107.24570
TUNE42PI_FES27,1390,2,labsea,MLD2,1251.24952
TUNE42PI_FES27,1390,3,labsea,MLD2,1214.16480
TUNE42PI_FES27,1390,4,labsea,MLD2,904.08658
TUNE42PI_FES27,1390,5,labsea,MLD2,504.64722
TUNE42PI_FES27,1390,6,labsea,MLD2,27.81067
TUNE42PI_FES27,1390,7,labsea,MLD2,16.08747
TUNE42PI_FES27,1390,8,labsea,MLD2,16.44540
TUNE42PI_FES27,1390,9,labsea,MLD2,23.14281
TUNE42PI_FES27,1390,10,labsea,MLD2,36.93198
TUNE42PI_FES27,1390,11,labsea,MLD2,96.32941
TUNE42PI_FES27,1390,12,labsea,MLD2,516.96565
TUNE42PI_FES27,1390,1,interior,MLD2,1801.17600
TUNE42PI_FES27,1390,2,interior,MLD2,1704.21599
TUNE42PI_FES27,1390,3,interior,MLD2,1761.69866
TUNE42PI_FES27,1390,4,interior,MLD2,1460.08572
TUNE42PI_FES27,1390,5,interior,MLD2,995.67896
TUNE42PI_FES27,1390,6,interior,MLD2,61.55744
TUNE42PI_FES27,1390,7,interior,MLD2,19.79950
TUNE42PI_FES27,1390,8,interior,MLD2,18.76273
TUNE42PI_FES27,1390,9,interior,MLD2,27.12628
TUNE42PI_FES27,1390,10,interior,MLD2,44.46089
TUNE42PI_FES27,1390,11,interior,MLD2,138.43409
TUNE42PI_FES27,1390,12,interior,MLD2,917.14532
TUNE42PI_FES27,1391,1,labsea,a_ice,0.24988
TUNE42PI_FES27,1391,2,labsea,a_ice,0.32448
TUNE42PI_FES27,1391,3,labsea,a_ice,0.29924
TUNE42PI_FES27,1391,4,labsea,a_ice,0.27194
TUNE42PI_FES27,1391,5,labsea,a_ice,0.13143
TUNE42PI_FES27,1391,6,labsea,a_ice,0.04598
TUNE42PI_FES27,1391,7,labsea,a_ice,0.02442
TUNE42PI_FES27,1391,8,labsea,a_ice,0.00737
TUNE42PI_FES27,1391,9,labsea,a_ice,0.00179
TUNE42PI_FES27,1391,10,labsea,a_ice,0.02336
TUNE42PI_FES27,1391,11,labsea,a_ice,0.06549
TUNE42PI_FES27,1391,12,labsea,a_ice,0.16020
TUNE42PI_FES27,1391,1,interior,a_ice,0.08623
TUNE42PI_FES27,1391,2,interior,a_ice,0.14378
TUNE42PI_FES27,1391,3,interior,a_ice,0.07506
TUNE42PI_FES27,1391,4,interior,a_ice,0.08961
TUNE42PI_FES27,1391,5,interior,a_ice,0.02345
TUNE42PI_FES27,1391,6,interior,a_ice,0.00005
TUNE42PI_FES27,1391,7,interior,a_ice,0.00000
TUNE42PI_FES27,1391,8,interior,a_ice,0.00000
TUNE42PI_FES27,1391,9,interior,a_ice,0.00000
TUNE42PI_FES27,1391,10,interior,a_ice,0.00000
TUNE42PI_FES27,1391,11,interior,a_ice,0.00009
TUNE42PI_FES27,1391,12,interior,a_ice,0.01175
TUNE42PI_FES27,1391,1,labsea,MLD2,1084.52371
TUNE42PI_FES27,1391,2,labsea,MLD2,1367.24191
TUNE42PI_FES27,1391,3,labsea,MLD2,1332.33238
TUNE42PI_FES27,1391,4,labsea,MLD2,1116.45407
TUNE42PI_FES27,1391,5,labsea,MLD2,94.98503
TUNE42PI_FES27,1391,6,labsea,MLD2,14.65831
TUNE42PI_FES27,1391,7,labsea,MLD2,13.14721
TUNE42PI_FES27,1391,8,labsea,MLD2,14.40247
TUNE42PI_FES27,1391,9,labsea,MLD2,26.81771
TUNE42PI_FES27,1391,10,labsea,MLD2,45.88774
TUNE42PI_FES27,1391,11,labsea,MLD2,173.10369
TUNE42PI_FES27,1391,12,labsea,MLD2,908.11976
TUNE42PI_FES27,1391,1,interior,MLD2,1866.81808
TUNE42PI_FES27,1391,2,interior,MLD2,2196.91720
TUNE42PI_FES27,1391,3,interior,MLD2,2256.91871
TUNE42PI_FES27,1391,4,interior,MLD2,2055.93656
TUNE42PI_FES27,1391,5,interior,MLD2,268.55526
TUNE42PI_FES27,1391,6,interior,MLD2,17.18929
TUNE42PI_FES27,1391,7,interior,MLD2,15.18586
TUNE42PI_FES27,1391,8,interior,MLD2,17.15833
TUNE42PI_FES27,1391,9,interior,MLD2,31.00559
TUNE42PI_FES27,1391,10,interior,MLD2,58.31490
TUNE42PI_FES27,1391,11,interior,MLD2,359.34512
TUNE42PI_FES27,1391,12,interior,MLD2,1652.94088
TUNE42PI_FES27,1392,1,labsea,a_ice,0.28582
TUNE42PI_FES27,1392,2,labsea,a_ice,0.40310
TUNE42PI_FES27,1392,3,labsea,a_ice,0.45167
TUNE42PI_FES27,1392,4,labsea,a_ice,0.40316
TUNE42PI_FES27,1392,5,labsea,a_ice,0.31034
TUNE42PI_FES27,1392,6,labsea,a_ice,0.16814
TUNE42PI_FES27,1392,7,labsea,a_ice,0.05646
TUNE42PI_FES27,1392,8,labsea,a_ice,0.00292
TUNE42PI_FES27,1392,9,labsea,a_ice,0.00000
TUNE42PI_FES27,1392,10,labsea,a_ice,0.00293
TUNE42PI_FES27,1392,11,labsea,a_ice,0.06442
TUNE42PI_FES27,1392,12,labsea,a_ice,0.14793
TUNE42PI_FES27,1392,1,interior,a_ice,0.12099
TUNE42PI_FES27,1392,2,interior,a_ice,0.24322
TUNE42PI_FES27,1392,3,interior,a_ice,0.37144
TUNE42PI_FES27,1392,4,interior,a_ice,0.23464
TUNE42PI_FES27,1392,5,interior,a_ice,0.14701
TUNE42PI_FES27,1392,6,interior,a_ice,0.03498
TUNE42PI_FES27,1392,7,interior,a_ice,0.00347
TUNE42PI_FES27,1392,8,interior,a_ice,0.00000
TUNE42PI_FES27,1392,9,interior,a_ice,0.00000
TUNE42PI_FES27,1392,10,interior,a_ice,0.00000
TUNE42PI_FES27,1392,11,interior,a_ice,0.00462
TUNE42PI_FES27,1392,12,interior,a_ice,0.02626
TUNE42PI_FES27,1392,1,labsea,MLD2,1320.48222
TUNE42PI_FES27,1392,2,labsea,MLD2,1229.12214
TUNE42PI_FES27,1392,3,labsea,MLD2,1126.31770
TUNE42PI_FES27,1392,4,labsea,MLD2,1044.06540
TUNE42PI_FES27,1392,5,labsea,MLD2,561.84100
TUNE42PI_FES27,1392,6,labsea,MLD2,16.21961
TUNE42PI_FES27,1392,7,labsea,MLD2,16.60223
TUNE42PI_FES27,1392,8,labsea,MLD2,16.42917
TUNE42PI_FES27,1392,9,labsea,MLD2,22.90248
TUNE42PI_FES27,1392,10,labsea,MLD2,35.40459
TUNE42PI_FES27,1392,11,labsea,MLD2,79.14876
TUNE42PI_FES27,1392,12,labsea,MLD2,255.07229
TUNE42PI_FES27,1392,1,interior,MLD2,2010.97211
TUNE42PI_FES27,1392,2,interior,MLD2,1812.06706
TUNE42PI_FES27,1392,3,interior,MLD2,1340.40121
TUNE42PI_FES27,1392,4,interior,MLD2,1265.94700
TUNE42PI_FES27,1392,5,interior,MLD2,853.10253
TUNE42PI_FES27,1392,6,interior,MLD2,20.31868
TUNE42PI_FES27,1392,7,interior,MLD2,19.26259
TUNE42PI_FES27,1392,8,interior,MLD2,19.70404
TUNE42PI_FES27,1392,9,interior,MLD2,27.00493
TUNE42PI_FES27,1392,10,interior,MLD2,43.91802
TUNE42PI_FES27,1392,11,interior,MLD2,125.52417
TUNE42PI_FES27,1392,12,interior,MLD2,481.67636
TUNE42PI_FES27,1393,1,labsea,a_ice,0.22968
TUNE42PI_FES27,1393,2,labsea,a_ice,0.27554
TUNE42PI_FES27,1393,3,labsea,a_ice,0.29005
TUNE42PI_FES27,1393,4,labsea,a_ice,0.29898
TUNE42PI_FES27,1393,5,labsea,a_ice,0.27382
TUNE42PI_FES27,1393,6,labsea,a_ice,0.14216
TUNE42PI_FES27,1393,7,labsea,a_ice,0.03300
TUNE42PI_FES27,1393,8,labsea,a_ice,0.00258
TUNE42PI_FES27,1393,9,labsea,a_ice,0.00000
TUNE42PI_FES27,1393,10,labsea,a_ice,0.00152
TUNE42PI_FES27,1393,11,labsea,a_ice,0.03054
TUNE42PI_FES27,1393,12,labsea,a_ice,0.10141
TUNE42PI_FES27,1393,1,interior,a_ice,0.05851
TUNE42PI_FES27,1393,2,interior,a_ice,0.08787
TUNE42PI_FES27,1393,3,interior,a_ice,0.07780
TUNE42PI_FES27,1393,4,interior,a_ice,0.07593
TUNE42PI_FES27,1393,5,interior,a_ice,0.10691
TUNE42PI_FES27,1393,6,interior,a_ice,0.06045
TUNE42PI_FES27,1393,7,interior,a_ice,0.00326
TUNE42PI_FES27,1393,8,interior,a_ice,0.00000
TUNE42PI_FES27,1393,9,interior,a_ice,0.00000
TUNE42PI_FES27,1393,10,interior,a_ice,0.00000
TUNE42PI_FES27,1393,11,interior,a_ice,0.00002
TUNE42PI_FES27,1393,12,interior,a_ice,0.00313
TUNE42PI_FES27,1393,1,labsea,MLD2,1131.00471
TUNE42PI_FES27,1393,2,labsea,MLD2,1374.16985
TUNE42PI_FES27,1393,3,labsea,MLD2,1306.94360
TUNE42PI_FES27,1393,4,labsea,MLD2,1122.25207
TUNE42PI_FES27,1393,5,labsea,MLD2,619.23030
TUNE42PI_FES27,1393,6,labsea,MLD2,26.15754
TUNE42PI_FES27,1393,7,labsea,MLD2,16.14707
TUNE42PI_FES27,1393,8,labsea,MLD2,13.93724
TUNE42PI_FES27,1393,9,labsea,MLD2,19.18299
TUNE42PI_FES27,1393,10,labsea,MLD2,34.47902
TUNE42PI_FES27,1393,11,labsea,MLD2,61.75309
TUNE42PI_FES27,1393,12,labsea,MLD2,154.17917
TUNE42PI_FES27,1393,1,interior,MLD2,2101.82247
TUNE42PI_FES27,1393,2,interior,MLD2,2246.13229
TUNE42PI_FES27,1393,3,interior,MLD2,2231.23433
TUNE42PI_FES27,1393,4,interior,MLD2,1916.97165
TUNE42PI_FES27,1393,5,interior,MLD2,1113.54172
TUNE42PI_FES27,1393,6,interior,MLD2,41.73386
TUNE42PI_FES27,1393,7,interior,MLD2,17.93463
TUNE42PI_FES27,1393,8,interior,MLD2,16.69119
TUNE42PI_FES27,1393,9,interior,MLD2,22.10991
TUNE42PI_FES27,1393,10,interior,MLD2,40.67923
TUNE42PI_FES27,1393,11,interior,MLD2,95.29615
TUNE42PI_FES27,1393,12,interior,MLD2,299.20260
TUNE42PI_FES27,1394,1,labsea,a_ice,0.20095
TUNE42PI_FES27,1394,2,labsea,a_ice,0.26716
TUNE42PI_FES27,1394,3,labsea,a_ice,0.30590
TUNE42PI_FES27,1394,4,labsea,a_ice,0.23839
TUNE42PI_FES27,1394,5,labsea,a_ice,0.23815
TUNE42PI_FES27,1394,6,labsea,a_ice,0.15616
TUNE42PI_FES27,1394,7,labsea,a_ice,0.04648
TUNE42PI_FES27,1394,8,labsea,a_ice,0.00510
TUNE42PI_FES27,1394,9,labsea,a_ice,0.00000
TUNE42PI_FES27,1394,10,labsea,a_ice,0.00520
TUNE42PI_FES27,1394,11,labsea,a_ice,0.04568
TUNE42PI_FES27,1394,12,labsea,a_ice,0.16326
TUNE42PI_FES27,1394,1,interior,a_ice,0.03562
TUNE42PI_FES27,1394,2,interior,a_ice,0.10384
TUNE42PI_FES27,1394,3,interior,a_ice,0.12560
TUNE42PI_FES27,1394,4,interior,a_ice,0.07470
TUNE42PI_FES27,1394,5,interior,a_ice,0.05400
TUNE42PI_FES27,1394,6,interior,a_ice,0.02709
TUNE42PI_FES27,1394,7,interior,a_ice,0.00477
TUNE42PI_FES27,1394,8,interior,a_ice,0.00000
TUNE42PI_FES27,1394,9,interior,a_ice,0.00000
TUNE42PI_FES27,1394,10,interior,a_ice,0.00000
TUNE42PI_FES27,1394,11,interior,a_ice,0.00110
TUNE42PI_FES27,1394,12,interior,a_ice,0.02873
TUNE42PI_FES27,1394,1,labsea,MLD2,982.53847
TUNE42PI_FES27,1394,2,labsea,MLD2,1433.21344
TUNE42PI_FES27,1394,3,labsea,MLD2,1345.44836
TUNE42PI_FES27,1394,4,labsea,MLD2,844.16706
TUNE42PI_FES27,1394,5,labsea,MLD2,660.83338
TUNE42PI_FES27,1394,6,labsea,MLD2,20.76105
TUNE42PI_FES27,1394,7,labsea,MLD2,15.63912
TUNE42PI_FES27,1394,8,labsea,MLD2,16.09630
TUNE42PI_FES27,1394,9,labsea,MLD2,26.00866
TUNE42PI_FES27,1394,10,labsea,MLD2,40.87237
TUNE42PI_FES27,1394,11,labsea,MLD2,100.78113
TUNE42PI_FES27,1394,12,labsea,MLD2,810.43328
TUNE42PI_FES27,1394,1,interior,MLD2,1812.55573
TUNE42PI_FES27,1394,2,interior,MLD2,2125.01730
TUNE42PI_FES27,1394,3,interior,MLD2,2002.86242
TUNE42PI_FES27,1394,4,interior,MLD2,1292.69937
TUNE42PI_FES27,1394,5,interior,MLD2,894.67596
TUNE42PI_FES27,1394,6,interior,MLD2,33.22470
TUNE42PI_FES27,1394,7,interior,MLD2,18.35082
TUNE42PI_FES27,1394,8,interior,MLD2,19.34719
TUNE42PI_FES27,1394,9,interior,MLD2,30.78730
TUNE42PI_FES27,1394,10,interior,MLD2,53.52164
TUNE42PI_FES27,1394,11,interior,MLD2,167.12792
TUNE42PI_FES27,1394,12,interior,MLD2,1405.58163
TUNE42PI_FES27,1395,1,labsea,a_ice,0.21124
TUNE42PI_FES27,1395,2,labsea,a_ice,0.27132
TUNE42PI_FES27,1395,3,labsea,a_ice,0.30237
TUNE42PI_FES27,1395,4,labsea,a_ice,0.29055
TUNE42PI_FES27,1395,5,labsea,a_ice,0.22663
TUNE42PI_FES27,1395,6,labsea,a_ice,0.08427
TUNE42PI_FES27,1395,7,labsea,a_ice,0.00637
TUNE42PI_FES27,1395,8,labsea,a_ice,0.00000
TUNE42PI_FES27,1395,9,labsea,a_ice,0.00000
TUNE42PI_FES27,1395,10,labsea,a_ice,0.00000
TUNE42PI_FES27,1395,11,labsea,a_ice,0.03395
TUNE42PI_FES27,1395,12,labsea,a_ice,0.15926
TUNE42PI_FES27,1395,1,interior,a_ice,0.04110
TUNE42PI_FES27,1395,2,interior,a_ice,0.07610
TUNE42PI_FES27,1395,3,interior,a_ice,0.13835
TUNE42PI_FES27,1395,4,interior,a_ice,0.09632
TUNE42PI_FES27,1395,5,interior,a_ice,0.07413
TUNE42PI_FES27,1395,6,interior,a_ice,0.01754
TUNE42PI_FES27,1395,7,interior,a_ice,0.00000
TUNE42PI_FES27,1395,8,interior,a_ice,0.00000
TUNE42PI_FES27,1395,9,interior,a_ice,0.00000
TUNE42PI_FES27,1395,10,interior,a_ice,0.00000
TUNE42PI_FES27,1395,11,interior,a_ice,0.00073
TUNE42PI_FES27,1395,12,interior,a_ice,0.01744
TUNE42PI_FES27,1395,1,labsea,MLD2,1442.21999
TUNE42PI_FES27,1395,2,labsea,MLD2,1543.03966
TUNE42PI_FES27,1395,3,labsea,MLD2,1378.15896
TUNE42PI_FES27,1395,4,labsea,MLD2,1259.28008
TUNE42PI_FES27,1395,5,labsea,MLD2,311.82240
TUNE42PI_FES27,1395,6,labsea,MLD2,14.06719
TUNE42PI_FES27,1395,7,labsea,MLD2,13.64964
TUNE42PI_FES27,1395,8,labsea,MLD2,13.26532
TUNE42PI_FES27,1395,9,labsea,MLD2,22.79761
TUNE42PI_FES27,1395,10,labsea,MLD2,41.50478
TUNE42PI_FES27,1395,11,labsea,MLD2,147.11630
TUNE42PI_FES27,1395,12,labsea,MLD2,874.12391
TUNE42PI_FES27,1395,1,interior,MLD2,2295.03080
TUNE42PI_FES27,1395,2,interior,MLD2,2230.34591
TUNE42PI_FES27,1395,3,interior,MLD2,1810.82323
TUNE42PI_FES27,1395,4,interior,MLD2,1637.24896
TUNE42PI_FES27,1395,5,interior,MLD2,308.56269
TUNE42PI_FES27,1395,6,interior,MLD2,16.25646
TUNE42PI_FES27,1395,7,interior,MLD2,16.06761
TUNE42PI_FES27,1395,8,interior,MLD2,14.70613
TUNE42PI_FES27,1395,9,interior,MLD2,26.58409
TUNE42PI_FES27,1395,10,interior,MLD2,48.68676
TUNE42PI_FES27,1395,11,interior,MLD2,272.85626
TUNE42PI_FES27,1395,12,interior,MLD2,1670.63395
TUNE42PI_FES27,1396,1,labsea,a_ice,0.21673
TUNE42PI_FES27,1396,2,labsea,a_ice,0.27703
TUNE42PI_FES27,1396,3,labsea,a_ice,0.35533
TUNE42PI_FES27,1396,4,labsea,a_ice,0.33953
TUNE42PI_FES27,1396,5,labsea,a_ice,0.22949
TUNE42PI_FES27,1396,6,labsea,a_ice,0.12271
TUNE42PI_FES27,1396,7,labsea,a_ice,0.01775
TUNE42PI_FES27,1396,8,labsea,a_ice,0.00193
TUNE42PI_FES27,1396,9,labsea,a_ice,0.00000
TUNE42PI_FES27,1396,10,labsea,a_ice,0.00196
TUNE42PI_FES27,1396,11,labsea,a_ice,0.09967
TUNE42PI_FES27,1396,12,labsea,a_ice,0.21063
TUNE42PI_FES27,1396,1,interior,a_ice,0.05828
TUNE42PI_FES27,1396,2,interior,a_ice,0.08906
TUNE42PI_FES27,1396,3,interior,a_ice,0.14765
TUNE42PI_FES27,1396,4,interior,a_ice,0.19057
TUNE42PI_FES27,1396,5,interior,a_ice,0.06826
TUNE42PI_FES27,1396,6,interior,a_ice,0.01070
TUNE42PI_FES27,1396,7,interior,a_ice,0.00000
TUNE42PI_FES27,1396,8,interior,a_ice,0.00000
TUNE42PI_FES27,1396,9,interior,a_ice,0.00000
TUNE42PI_FES27,1396,10,interior,a_ice,0.00000
TUNE42PI_FES27,1396,11,interior,a_ice,0.01535
TUNE42PI_FES27,1396,12,interior,a_ice,0.06255
TUNE42PI_FES27,1396,1,labsea,MLD2,1430.42354
TUNE42PI_FES27,1396,2,labsea,MLD2,1464.36735
TUNE42PI_FES27,1396,3,labsea,MLD2,1332.39321
TUNE42PI_FES27,1396,4,labsea,MLD2,968.41635
TUNE42PI_FES27,1396,5,labsea,MLD2,370.96748
TUNE42PI_FES27,1396,6,labsea,MLD2,21.59554
TUNE42PI_FES27,1396,7,labsea,MLD2,13.33265
TUNE42PI_FES27,1396,8,labsea,MLD2,15.97801
TUNE42PI_FES27,1396,9,labsea,MLD2,26.28664
TUNE42PI_FES27,1396,10,labsea,MLD2,45.54325
TUNE42PI_FES27,1396,11,labsea,MLD2,575.87780
TUNE42PI_FES27,1396,12,labsea,MLD2,1190.11792
TUNE42PI_FES27,1396,1,interior,MLD2,2119.33430
TUNE42PI_FES27,1396,2,interior,MLD2,2193.82699
TUNE42PI_FES27,1396,3,interior,MLD2,1983.94001
TUNE42PI_FES27,1396,4,interior,MLD2,1216.36852
TUNE42PI_FES27,1396,5,interior,MLD2,452.08374
TUNE42PI_FES27,1396,6,interior,MLD2,32.94973
TUNE42PI_FES27,1396,7,interior,MLD2,14.08845
TUNE42PI_FES27,1396,8,interior,MLD2,16.97250
TUNE42PI_FES27,1396,9,interior,MLD2,26.98067
TUNE42PI_FES27,1396,10,interior,MLD2,53.52447
TUNE42PI_FES27,1396,11,interior,MLD2,1090.76348
TUNE42PI_FES27,1396,12,interior,MLD2,2038.45717
TUNE42PI_FES27,1397,1,labsea,a_ice,0.34164
TUNE42PI_FES27,1397,2,labsea,a_ice,0.44738
TUNE42PI_FES27,1397,3,labsea,a_ice,0.56401
TUNE42PI_FES27,1397,4,labsea,a_ice,0.50203
TUNE42PI_FES27,1397,5,labsea,a_ice,0.37235
TUNE42PI_FES27,1397,6,labsea,a_ice,0.20498
TUNE42PI_FES27,1397,7,labsea,a_ice,0.05387
TUNE42PI_FES27,1397,8,labsea,a_ice,0.00284
TUNE42PI_FES27,1397,9,labsea,a_ice,0.00000
TUNE42PI_FES27,1397,10,labsea,a_ice,0.00017
TUNE42PI_FES27,1397,11,labsea,a_ice,0.03068
TUNE42PI_FES27,1397,12,labsea,a_ice,0.17549
TUNE42PI_FES27,1397,1,interior,a_ice,0.16419
TUNE42PI_FES27,1397,2,interior,a_ice,0.39327
TUNE42PI_FES27,1397,3,interior,a_ice,0.67617
TUNE42PI_FES27,1397,4,interior,a_ice,0.58708
TUNE42PI_FES27,1397,5,interior,a_ice,0.30150
TUNE42PI_FES27,1397,6,interior,a_ice,0.05265
TUNE42PI_FES27,1397,7,interior,a_ice,0.01704
TUNE42PI_FES27,1397,8,interior,a_ice,0.00000
TUNE42PI_FES27,1397,9,interior,a_ice,0.00000
TUNE42PI_FES27,1397,10,interior,a_ice,0.00000
TUNE42PI_FES27,1397,11,interior,a_ice,0.00000
TUNE42PI_FES27,1397,12,interior,a_ice,0.02405
TUNE42PI_FES27,1397,1,labsea,MLD2,1285.78358
TUNE42PI_FES27,1397,2,labsea,MLD2,1112.44463
TUNE42PI_FES27,1397,3,labsea,MLD2,791.62453
TUNE42PI_FES27,1397,4,labsea,MLD2,671.75465
TUNE42PI_FES27,1397,5,labsea,MLD2,369.18289
TUNE42PI_FES27,1397,6,labsea,MLD2,15.90108
TUNE42PI_FES27,1397,7,labsea,MLD2,12.21651
TUNE42PI_FES27,1397,8,labsea,MLD2,12.83358
TUNE42PI_FES27,1397,9,labsea,MLD2,17.18941
TUNE42PI_FES27,1397,10,labsea,MLD2,29.25017
TUNE42PI_FES27,1397,11,labsea,MLD2,44.57565
TUNE42PI_FES27,1397,12,labsea,MLD2,388.86403
TUNE42PI_FES27,1397,1,interior,MLD2,2068.35016
TUNE42PI_FES27,1397,2,interior,MLD2,1239.26668
TUNE42PI_FES27,1397,3,interior,MLD2,449.11349
TUNE42PI_FES27,1397,4,interior,MLD2,297.50623
TUNE42PI_FES27,1397,5,interior,MLD2,109.62377
TUNE42PI_FES27,1397,6,interior,MLD2,17.56456
TUNE42PI_FES27,1397,7,interior,MLD2,13.67843
TUNE42PI_FES27,1397,8,interior,MLD2,15.07547
TUNE42PI_FES27,1397,9,interior,MLD2,20.23460
TUNE42PI_FES27,1397,10,interior,MLD2,32.91802
TUNE42PI_FES27,1397,11,interior,MLD2,55.79778
TUNE42PI_FES27,1397,12,interior,MLD2,774.09429
TUNE42PI_FES27,1398,1,labsea,a_ice,0.33023
TUNE42PI_FES27,1398,2,labsea,a_ice,0.45421
TUNE42PI_FES27,1398,3,labsea,a_ice,0.53581
TUNE42PI_FES27,1398,4,labsea,a_ice,0.51977
TUNE42PI_FES27,1398,5,labsea,a_ice,0.33243
TUNE42PI_FES27,1398,6,labsea,a_ice,0.16498
TUNE42PI_FES27,1398,7,labsea,a_ice,0.03712
TUNE42PI_FES27,1398,8,labsea,a_ice,0.00039
TUNE42PI_FES27,1398,9,labsea,a_ice,0.00000
TUNE42PI_FES27,1398,10,labsea,a_ice,0.00242
TUNE42PI_FES27,1398,11,labsea,a_ice,0.08084
TUNE42PI_FES27,1398,12,labsea,a_ice,0.21521
TUNE42PI_FES27,1398,1,interior,a_ice,0.17260
TUNE42PI_FES27,1398,2,interior,a_ice,0.43349
TUNE42PI_FES27,1398,3,interior,a_ice,0.65760
TUNE42PI_FES27,1398,4,interior,a_ice,0.59418
TUNE42PI_FES27,1398,5,interior,a_ice,0.19514
TUNE42PI_FES27,1398,6,interior,a_ice,0.03403
TUNE42PI_FES27,1398,7,interior,a_ice,0.00160
TUNE42PI_FES27,1398,8,interior,a_ice,0.00000
TUNE42PI_FES27,1398,9,interior,a_ice,0.00000
TUNE42PI_FES27,1398,10,interior,a_ice,0.00000
TUNE42PI_FES27,1398,11,interior,a_ice,0.01205
TUNE42PI_FES27,1398,12,interior,a_ice,0.05697
TUNE42PI_FES27,1398,1,labsea,MLD2,980.96202
TUNE42PI_FES27,1398,2,labsea,MLD2,1044.29637
TUNE42PI_FES27,1398,3,labsea,MLD2,808.05683
TUNE42PI_FES27,1398,4,labsea,MLD2,547.33090
TUNE42PI_FES27,1398,5,labsea,MLD2,119.20194
TUNE42PI_FES27,1398,6,labsea,MLD2,13.89751
TUNE42PI_FES27,1398,7,labsea,MLD2,11.58323
TUNE42PI_FES27,1398,8,labsea,MLD2,13.04123
TUNE42PI_FES27,1398,9,labsea,MLD2,21.16971
TUNE42PI_FES27,1398,10,labsea,MLD2,33.07340
TUNE42PI_FES27,1398,11,labsea,MLD2,106.47092
TUNE42PI_FES27,1398,12,labsea,MLD2,581.46078
TUNE42PI_FES27,1398,1,interior,MLD2,1754.01449
TUNE42PI_FES27,1398,2,interior,MLD2,1265.59582
TUNE42PI_FES27,1398,3,interior,MLD2,619.23936
TUNE42PI_FES27,1398,4,interior,MLD2,322.07627
TUNE42PI_FES27,1398,5,interior,MLD2,90.21767
TUNE42PI_FES27,1398,6,interior,MLD2,16.40547
TUNE42PI_FES27,1398,7,interior,MLD2,12.25849
TUNE42PI_FES27,1398,8,interior,MLD2,12.61372
TUNE42PI_FES27,1398,9,interior,MLD2,22.20510
TUNE42PI_FES27,1398,10,interior,MLD2,37.14112
TUNE42PI_FES27,1398,11,interior,MLD2,196.54483
TUNE42PI_FES27,1398,12,interior,MLD2,1245.59989
TUNE42PI_FES27,1399,1,labsea,a_ice,0.28683
TUNE42PI_FES27,1399,2,labsea,a_ice,0.34332
TUNE42PI_FES27,1399,3,labsea,a_ice,0.36834
TUNE42PI_FES27,1399,4,labsea,a_ice,0.30493
TUNE42PI_FES27,1399,5,labsea,a_ice,0.21395
TUNE42PI_FES27,1399,6,labsea,a_ice,0.09343
TUNE42PI_FES27,1399,7,labsea,a_ice,0.03093
TUNE42PI_FES27,1399,8,labsea,a_ice,0.01707
TUNE42PI_FES27,1399,9,labsea,a_ice,0.00726
TUNE42PI_FES27,1399,10,labsea,a_ice,0.02503
TUNE42PI_FES27,1399,11,labsea,a_ice,0.07352
TUNE42PI_FES27,1399,12,labsea,a_ice,0.16842
TUNE42PI_FES27,1399,1,interior,a_ice,0.12820
TUNE42PI_FES27,1399,2,interior,a_ice,0.17854
TUNE42PI_FES27,1399,3,interior,a_ice,0.18779
TUNE42PI_FES27,1399,4,interior,a_ice,0.15028
TUNE42PI_FES27,1399,5,interior,a_ice,0.09013
TUNE42PI_FES27,1399,6,interior,a_ice,0.04055
TUNE42PI_FES27,1399,7,interior,a_ice,0.00009
TUNE42PI_FES27,1399,8,interior,a_ice,0.00000
TUNE42PI_FES27,1399,9,interior,a_ice,0.00000
TUNE42PI_FES27,1399,10,interior,a_ice,0.00000
TUNE42PI_FES27,1399,11,interior,a_ice,0.00324
TUNE42PI_FES27,1399,12,interior,a_ice,0.02402
TUNE42PI_FES27,1399,1,labsea,MLD2,911.63759
TUNE42PI_FES27,1399,2,labsea,MLD2,1182.23947
TUNE42PI_FES27,1399,3,labsea,MLD2,1251.62538
TUNE42PI_FES27,1399,4,labsea,MLD2,861.93808
TUNE42PI_FES27,1399,5,labsea,MLD2,293.62717
TUNE42PI_FES27,1399,6,labsea,MLD2,22.22887
TUNE42PI_FES27,1399,7,labsea,MLD2,17.67807
TUNE42PI_FES27,1399,8,labsea,MLD2,15.49996
TUNE42PI_FES27,1399,9,labsea,MLD2,25.05664
TUNE42PI_FES27,1399,10,labsea,MLD2,35.63624
TUNE42PI_FES27,1399,11,labsea,MLD2,64.29234
TUNE42PI_FES27,1399,12,labsea,MLD2,484.11628
TUNE42PI_FES27,1399,1,interior,MLD2,1836.95689
TUNE42PI_FES27,1399,2,interior,MLD2,1857.41931
TUNE42PI_FES27,1399,3,interior,MLD2,1725.55588
TUNE42PI_FES27,1399,4,interior,MLD2,1212.74128
TUNE42PI_FES27,1399,5,interior,MLD2,532.53814
TUNE42PI_FES27,1399,6,interior,MLD2,25.32516
TUNE42PI_FES27,1399,7,interior,MLD2,19.29279
TUNE42PI_FES27,1399,8,interior,MLD2,16.68028
TUNE42PI_FES27,1399,9,interior,MLD2,29.82091
TUNE42PI_FES27,1399,10,interior,MLD2,43.13595
TUNE42PI_FES27,1399,11,interior,MLD2,90.67806
TUNE42PI_FES27,1399,12,interior,MLD2,1009.83503
TUNE42PI_FES27,1400,1,labsea,a_ice,0.24423
TUNE42PI_FES27,1400,2,labsea,a_ice,0.25720
TUNE42PI_FES27,1400,3,labsea,a_ice,0.27198
TUNE42PI_FES27,1400,4,labsea,a_ice,0.26098
TUNE42PI_FES27,1400,5,labsea,a_ice,0.19806
TUNE42PI_FES27,1400,6,labsea,a_ice,0.08077
TUNE42PI_FES27,1400,7,labsea,a_ice,0.02105
TUNE42PI_FES27,1400,8,labsea,a_ice,0.00052
TUNE42PI_FES27,1400,9,labsea,a_ice,0.00000
TUNE42PI_FES27,1400,10,labsea,a_ice,0.00007
TUNE42PI_FES27,1400,11,labsea,a_ice,0.01851
TUNE42PI_FES27,1400,12,labsea,a_ice,0.10647
TUNE42PI_FES27,1400,1,interior,a_ice,0.08647
TUNE42PI_FES27,1400,2,interior,a_ice,0.07447
TUNE42PI_FES27,1400,3,interior,a_ice,0.10351
TUNE42PI_FES27,1400,4,interior,a_ice,0.09001
TUNE42PI_FES27,1400,5,interior,a_ice,0.07353
TUNE42PI_FES27,1400,6,interior,a_ice,0.02976
TUNE42PI_FES27,1400,7,interior,a_ice,0.00003
TUNE42PI_FES27,1400,8,interior,a_ice,0.00000
TUNE42PI_FES27,1400,9,interior,a_ice,0.00000
TUNE42PI_FES27,1400,10,interior,a_ice,0.00000
TUNE42PI_FES27,1400,11,interior,a_ice,0.00064
TUNE42PI_FES27,1400,12,interior,a_ice,0.00320
TUNE42PI_FES27,1400,1,labsea,MLD2,1239.01377
TUNE42PI_FES27,1400,2,labsea,MLD2,1437.01706
TUNE42PI_FES27,1400,3,labsea,MLD2,1452.94169
TUNE42PI_FES27,1400,4,labsea,MLD2,1311.23974
TUNE42PI_FES27,1400,5,labsea,MLD2,937.37567
TUNE42PI_FES27,1400,6,labsea,MLD2,52.13493
TUNE42PI_FES27,1400,7,labsea,MLD2,16.06754
TUNE42PI_FES27,1400,8,labsea,MLD2,17.03747
TUNE42PI_FES27,1400,9,labsea,MLD2,23.90773
TUNE42PI_FES27,1400,10,labsea,MLD2,28.51398
TUNE42PI_FES27,1400,11,labsea,MLD2,40.04290
TUNE42PI_FES27,1400,12,labsea,MLD2,92.62947
TUNE42PI_FES27,1400,1,interior,MLD2,2034.27584
TUNE42PI_FES27,1400,2,interior,MLD2,2147.73558
TUNE42PI_FES27,1400,3,interior,MLD2,2097.98100
TUNE42PI_FES27,1400,4,interior,MLD2,1909.92630
TUNE42PI_FES27,1400,5,interior,MLD2,1595.87765
TUNE42PI_FES27,1400,6,interior,MLD2,125.25643
TUNE42PI_FES27,1400,7,interior,MLD2,19.54354
TUNE42PI_FES27,1400,8,interior,MLD2,20.54674
TUNE42PI_FES27,1400,9,interior,MLD2,28.74392
TUNE42PI_FES27,1400,10,interior,MLD2,33.22285
TUNE42PI_FES27,1400,11,interior,MLD2,45.69261
TUNE42PI_FES27,1400,12,interior,MLD2,142.58479
TUNE42PI_FES27,1401,1,labsea,a_ice,0.18839
TUNE42PI_FES27,1401,2,labsea,a_ice,0.24515
TUNE42PI_FES27,1401,3,labsea,a_ice,0.32604
TUNE42PI_FES27,1401,4,labsea,a_ice,0.22919
TUNE42PI_FES27,1401,5,labsea,a_ice,0.13217
TUNE42PI_FES27,1401,6,labsea,a_ice,0.05259
TUNE42PI_FES27,1401,7,labsea,a_ice,0.00635
TUNE42PI_FES27,1401,8,labsea,a_ice,0.00000
TUNE42PI_FES27,1401,9,labsea,a_ice,0.00000
TUNE42PI_FES27,1401,10,labsea,a_ice,0.00007
TUNE42PI_FES27,1401,11,labsea,a_ice,0.02628
TUNE42PI_FES27,1401,12,labsea,a_ice,0.14713
TUNE42PI_FES27,1401,1,interior,a_ice,0.02594
TUNE42PI_FES27,1401,2,interior,a_ice,0.07556
TUNE42PI_FES27,1401,3,interior,a_ice,0.16899
TUNE42PI_FES27,1401,4,interior,a_ice,0.09461
TUNE42PI_FES27,1401,5,interior,a_ice,0.01121
TUNE42PI_FES27,1401,6,interior,a_ice,0.00085
TUNE42PI_FES27,1401,7,interior,a_ice,0.00000
TUNE42PI_FES27,1401,8,interior,a_ice,0.00000
TUNE42PI_FES27,1401,9,interior,a_ice,0.00000
TUNE42PI_FES27,1401,10,interior,a_ice,0.00000
TUNE42PI_FES27,1401,11,interior,a_ice,0.00016
TUNE42PI_FES27,1401,12,interior,a_ice,0.01113
TUNE42PI_FES27,1401,1,labsea,MLD2,576.51693
TUNE42PI_FES27,1401,2,labsea,MLD2,1261.64154
TUNE42PI_FES27,1401,3,labsea,MLD2,1309.92042
TUNE42PI_FES27,1401,4,labsea,MLD2,675.90060
TUNE42PI_FES27,1401,5,labsea,MLD2,180.96189
TUNE42PI_FES27,1401,6,labsea,MLD2,18.49124
TUNE42PI_FES27,1401,7,labsea,MLD2,14.50279
TUNE42PI_FES27,1401,8,labsea,MLD2,14.16862
TUNE42PI_FES27,1401,9,labsea,MLD2,23.60998
TUNE42PI_FES27,1401,10,labsea,MLD2,35.28333
TUNE42PI_FES27,1401,11,labsea,MLD2,134.75735
TUNE42PI_FES27,1401,12,labsea,MLD2,872.50031
TUNE42PI_FES27,1401,1,interior,MLD2,1125.34348
TUNE42PI_FES27,1401,2,interior,MLD2,2056.34460
TUNE42PI_FES27,1401,3,interior,MLD2,1888.13384
TUNE42PI_FES27,1401,4,interior,MLD2,983.69257
TUNE42PI_FES27,1401,5,interior,MLD2,343.22391
TUNE42PI_FES27,1401,6,interior,MLD2,22.27292
TUNE42PI_FES27,1401,7,interior,MLD2,15.86900
TUNE42PI_FES27,1401,8,interior,MLD2,16.42229
TUNE42PI_FES27,1401,9,interior,MLD2,25.99359
TUNE42PI_FES27,1401,10,interior,MLD2,37.62138
TUNE42PI_FES27,1401,11,interior,MLD2,269.07004
TUNE42PI_FES27,1401,12,interior,MLD2,1713.03928
TUNE42PI_FES27,1402,1,labsea,a_ice,0.26246
TUNE42PI_FES27,1402,2,labsea,a_ice,0.31167
TUNE42PI_FES27,1402,3,labsea,a_ice,0.33533
TUNE42PI_FES27,1402,4,labsea,a_ice,0.34578
TUNE42PI_FES27,1402,5,labsea,a_ice,0.31208
TUNE42PI_FES27,1402,6,labsea,a_ice,0.18396
TUNE42PI_FES27,1402,7,labsea,a_ice,0.06716
TUNE42PI_FES27,1402,8,labsea,a_ice,0.01676
TUNE42PI_FES27,1402,9,labsea,a_ice,0.00107
TUNE42PI_FES27,1402,10,labsea,a_ice,0.00020
TUNE42PI_FES27,1402,11,labsea,a_ice,0.02849
TUNE42PI_FES27,1402,12,labsea,a_ice,0.14887
TUNE42PI_FES27,1402,1,interior,a_ice,0.08200
TUNE42PI_FES27,1402,2,interior,a_ice,0.11547
TUNE42PI_FES27,1402,3,interior,a_ice,0.14820
TUNE42PI_FES27,1402,4,interior,a_ice,0.12818
TUNE42PI_FES27,1402,5,interior,a_ice,0.12935
TUNE42PI_FES27,1402,6,interior,a_ice,0.03779
TUNE42PI_FES27,1402,7,interior,a_ice,0.00252
TUNE42PI_FES27,1402,8,interior,a_ice,0.00001
TUNE42PI_FES27,1402,9,interior,a_ice,0.00000
TUNE42PI_FES27,1402,10,interior,a_ice,0.00000
TUNE42PI_FES27,1402,11,interior,a_ice,0.00138
TUNE42PI_FES27,1402,12,interior,a_ice,0.01901
TUNE42PI_FES27,1402,1,labsea,MLD2,1271.25226
TUNE42PI_FES27,1402,2,labsea,MLD2,1280.28365
TUNE42PI_FES27,1402,3,labsea,MLD2,1204.35736
TUNE42PI_FES27,1402,4,labsea,MLD2,1220.24826
TUNE42PI_FES27,1402,5,labsea,MLD2,892.58825
TUNE42PI_FES27,1402,6,labsea,MLD2,52.50665
TUNE42PI_FES27,1402,7,labsea,MLD2,16.26944
TUNE42PI_FES27,1402,8,labsea,MLD2,16.80433
TUNE42PI_FES27,1402,9,labsea,MLD2,23.02115
TUNE42PI_FES27,1402,10,labsea,MLD2,32.11279
TUNE42PI_FES27,1402,11,labsea,MLD2,68.66854
TUNE42PI_FES27,1402,12,labsea,MLD2,622.16679
TUNE42PI_FES27,1402,1,interior,MLD2,2039.62552
TUNE42PI_FES27,1402,2,interior,MLD2,2052.03950
TUNE42PI_FES27,1402,3,interior,MLD2,1675.32738
TUNE42PI_FES27,1402,4,interior,MLD2,1671.94077
TUNE42PI_FES27,1402,5,interior,MLD2,1406.65223
TUNE42PI_FES27,1402,6,interior,MLD2,92.08717
TUNE42PI_FES27,1402,7,interior,MLD2,20.55655
TUNE42PI_FES27,1402,8,interior,MLD2,20.43287
TUNE42PI_FES27,1402,9,interior,MLD2,28.38190
TUNE42PI_FES27,1402,10,interior,MLD2,39.74314
TUNE42PI_FES27,1402,11,interior,MLD2,110.28477
TUNE42PI_FES27,1402,12,interior,MLD2,1231.28568
TUNE42PI_FES27,1403,1,labsea,a_ice,0.26327
TUNE42PI_FES27,1403,2,labsea,a_ice,0.32382
TUNE42PI_FES27,1403,3,labsea,a_ice,0.26706
TUNE42PI_FES27,1403,4,labsea,a_ice,0.28255
TUNE42PI_FES27,1403,5,labsea,a_ice,0.20250
TUNE42PI_FES27,1403,6,labsea,a_ice,0.07225
TUNE42PI_FES27,1403,7,labsea,a_ice,0.00918
TUNE42PI_FES27,1403,8,labsea,a_ice,0.00000
TUNE42PI_FES27,1403,9,labsea,a_ice,0.00000
TUNE42PI_FES27,1403,10,labsea,a_ice,0.00001
TUNE42PI_FES27,1403,11,labsea,a_ice,0.01665
TUNE42PI_FES27,1403,12,labsea,a_ice,0.10047
TUNE42PI_FES27,1403,1,interior,a_ice,0.09164
TUNE42PI_FES27,1403,2,interior,a_ice,0.18354
TUNE42PI_FES27,1403,3,interior,a_ice,0.11858
TUNE42PI_FES27,1403,4,interior,a_ice,0.12707
TUNE42PI_FES27,1403,5,interior,a_ice,0.04329
TUNE42PI_FES27,1403,6,interior,a_ice,0.00718
TUNE42PI_FES27,1403,7,interior,a_ice,0.00000
TUNE42PI_FES27,1403,8,interior,a_ice,0.00000
TUNE42PI_FES27,1403,9,interior,a_ice,0.00000
TUNE42PI_FES27,1403,10,interior,a_ice,0.00000
TUNE42PI_FES27,1403,11,interior,a_ice,0.00000
TUNE42PI_FES27,1403,12,interior,a_ice,0.00381
TUNE42PI_FES27,1403,1,labsea,MLD2,1331.05703
TUNE42PI_FES27,1403,2,labsea,MLD2,1304.56266
TUNE42PI_FES27,1403,3,labsea,MLD2,1177.84872
TUNE42PI_FES27,1403,4,labsea,MLD2,1041.52655
TUNE42PI_FES27,1403,5,labsea,MLD2,288.28059
TUNE42PI_FES27,1403,6,labsea,MLD2,17.32245
TUNE42PI_FES27,1403,7,labsea,MLD2,12.57957
TUNE42PI_FES27,1403,8,labsea,MLD2,14.04685
TUNE42PI_FES27,1403,9,labsea,MLD2,23.81062
TUNE42PI_FES27,1403,10,labsea,MLD2,43.96132
TUNE42PI_FES27,1403,11,labsea,MLD2,107.24629
TUNE42PI_FES27,1403,12,labsea,MLD2,253.43541
TUNE42PI_FES27,1403,1,interior,MLD2,2071.63085
TUNE42PI_FES27,1403,2,interior,MLD2,1803.19483
TUNE42PI_FES27,1403,3,interior,MLD2,1419.71701
TUNE42PI_FES27,1403,4,interior,MLD2,1022.57333
TUNE42PI_FES27,1403,5,interior,MLD2,322.34928
TUNE42PI_FES27,1403,6,interior,MLD2,21.75613
TUNE42PI_FES27,1403,7,interior,MLD2,14.70839
TUNE42PI_FES27,1403,8,interior,MLD2,16.72794
TUNE42PI_FES27,1403,9,interior,MLD2,28.67115
TUNE42PI_FES27,1403,10,interior,MLD2,56.33232
TUNE42PI_FES27,1403,11,interior,MLD2,173.39460
TUNE42PI_FES27,1403,12,interior,MLD2,492.78905
TUNE42PI_FES27,1404,1,labsea,a_ice,0.20486
TUNE42PI_FES27,1404,2,labsea,a_ice,0.24547
TUNE42PI_FES27,1404,3,labsea,a_ice,0.30037
TUNE42PI_FES27,1404,4,labsea,a_ice,0.33238
TUNE42PI_FES27,1404,5,labsea,a_ice,0.26897
TUNE42PI_FES27,1404,6,labsea,a_ice,0.14140
TUNE42PI_FES27,1404,7,labsea,a_ice,0.04141
TUNE42PI_FES27,1404,8,labsea,a_ice,0.00093
TUNE42PI_FES27,1404,9,labsea,a_ice,0.00000
TUNE42PI_FES27,1404,10,labsea,a_ice,0.00003
TUNE42PI_FES27,1404,11,labsea,a_ice,0.04837
TUNE42PI_FES27,1404,12,labsea,a_ice,0.15738
TUNE42PI_FES27,1404,1,interior,a_ice,0.05260
TUNE42PI_FES27,1404,2,interior,a_ice,0.07580
TUNE42PI_FES27,1404,3,interior,a_ice,0.13838
TUNE42PI_FES27,1404,4,interior,a_ice,0.22858
TUNE42PI_FES27,1404,5,interior,a_ice,0.10102
TUNE42PI_FES27,1404,6,interior,a_ice,0.02724
TUNE42PI_FES27,1404,7,interior,a_ice,0.00223
TUNE42PI_FES27,1404,8,interior,a_ice,0.00000
TUNE42PI_FES27,1404,9,interior,a_ice,0.00000
TUNE42PI_FES27,1404,10,interior,a_ice,0.00000
TUNE42PI_FES27,1404,11,interior,a_ice,0.00260
TUNE42PI_FES27,1404,12,interior,a_ice,0.02605
TUNE42PI_FES27,1404,1,labsea,MLD2,942.52441
TUNE42PI_FES27,1404,2,labsea,MLD2,1351.07630
TUNE42PI_FES27,1404,3,labsea,MLD2,1320.12183
TUNE42PI_FES27,1404,4,labsea,MLD2,1030.40868
TUNE42PI_FES27,1404,5,labsea,MLD2,297.16484
TUNE42PI_FES27,1404,6,labsea,MLD2,16.62080
TUNE42PI_FES27,1404,7,labsea,MLD2,13.19500
TUNE42PI_FES27,1404,8,labsea,MLD2,15.29953
TUNE42PI_FES27,1404,9,labsea,MLD2,21.16102
TUNE42PI_FES27,1404,10,labsea,MLD2,34.61012
TUNE42PI_FES27,1404,11,labsea,MLD2,238.33799
TUNE42PI_FES27,1404,12,labsea,MLD2,691.05521
TUNE42PI_FES27,1404,1,interior,MLD2,1628.21403
TUNE42PI_FES27,1404,2,interior,MLD2,1948.89705
TUNE42PI_FES27,1404,3,interior,MLD2,1749.35034
TUNE42PI_FES27,1404,4,interior,MLD2,1121.48607
TUNE42PI_FES27,1404,5,interior,MLD2,270.01266
TUNE42PI_FES27,1404,6,interior,MLD2,19.06238
TUNE42PI_FES27,1404,7,interior,MLD2,15.61126
TUNE42PI_FES27,1404,8,interior,MLD2,17.17539
TUNE42PI_FES27,1404,9,interior,MLD2,23.32089
TUNE42PI_FES27,1404,10,interior,MLD2,37.16282
TUNE42PI_FES27,1404,11,interior,MLD2,433.52102
TUNE42PI_FES27,1404,12,interior,MLD2,1387.88365
TUNE42PI_FES27,1405,1,labsea,a_ice,0.21518
TUNE42PI_FES27,1405,2,labsea,a_ice,0.37365
TUNE42PI_FES27,1405,3,labsea,a_ice,0.37082
TUNE42PI_FES27,1405,4,labsea,a_ice,0.37048
TUNE42PI_FES27,1405,5,labsea,a_ice,0.27636
TUNE42PI_FES27,1405,6,labsea,a_ice,0.12698
TUNE42PI_FES27,1405,7,labsea,a_ice,0.03002
TUNE42PI_FES27,1405,8,labsea,a_ice,0.00119
TUNE42PI_FES27,1405,9,labsea,a_ice,0.00000
TUNE42PI_FES27,1405,10,labsea,a_ice,0.00002
TUNE42PI_FES27,1405,11,labsea,a_ice,0.03229
TUNE42PI_FES27,1405,12,labsea,a_ice,0.22422
TUNE42PI_FES27,1405,1,interior,a_ice,0.04504
TUNE42PI_FES27,1405,2,interior,a_ice,0.13470
TUNE42PI_FES27,1405,3,interior,a_ice,0.14424
TUNE42PI_FES27,1405,4,interior,a_ice,0.20948
TUNE42PI_FES27,1405,5,interior,a_ice,0.08586
TUNE42PI_FES27,1405,6,interior,a_ice,0.01774
TUNE42PI_FES27,1405,7,interior,a_ice,0.00027
TUNE42PI_FES27,1405,8,interior,a_ice,0.00000
TUNE42PI_FES27,1405,9,interior,a_ice,0.00000
TUNE42PI_FES27,1405,10,interior,a_ice,0.00000
TUNE42PI_FES27,1405,11,interior,a_ice,0.00205
TUNE42PI_FES27,1405,12,interior,a_ice,0.08101
TUNE42PI_FES27,1405,1,labsea,MLD2,1127.65371
TUNE42PI_FES27,1405,2,labsea,MLD2,1381.85680
TUNE42PI_FES27,1405,3,labsea,MLD2,1355.34406
TUNE42PI_FES27,1405,4,labsea,MLD2,1158.72029
TUNE42PI_FES27,1405,5,labsea,MLD2,417.30889
TUNE42PI_FES27,1405,6,labsea,MLD2,37.96844
TUNE42PI_FES27,1405,7,labsea,MLD2,14.21555
TUNE42PI_FES27,1405,8,labsea,MLD2,14.48105
TUNE42PI_FES27,1405,9,labsea,MLD2,22.60100
TUNE42PI_FES27,1405,10,labsea,MLD2,31.74503
TUNE42PI_FES27,1405,11,labsea,MLD2,118.88687
TUNE42PI_FES27,1405,12,labsea,MLD2,1058.19612
TUNE42PI_FES27,1405,1,interior,MLD2,2097.95425
TUNE42PI_FES27,1405,2,interior,MLD2,2208.17012
TUNE42PI_FES27,1405,3,interior,MLD2,2090.88066
TUNE42PI_FES27,1405,4,interior,MLD2,1422.24951
TUNE42PI_FES27,1405,5,interior,MLD2,678.35051
TUNE42PI_FES27,1405,6,interior,MLD2,71.15925
TUNE42PI_FES27,1405,7,interior,MLD2,18.03348
TUNE42PI_FES27,1405,8,interior,MLD2,17.67315
TUNE42PI_FES27,1405,9,interior,MLD2,25.75713
TUNE42PI_FES27,1405,10,interior,MLD2,37.13453
TUNE42PI_FES27,1405,11,interior,MLD2,216.30496
TUNE42PI_FES27,1405,12,interior,MLD2,1917.90488
TUNE42PI_FES27,1406,1,labsea,a_ice,0.29702
TUNE42PI_FES27,1406,2,labsea,a_ice,0.38690
TUNE42PI_FES27,1406,3,labsea,a_ice,0.36152
TUNE42PI_FES27,1406,4,labsea,a_ice,0.30435
TUNE42PI_FES27,1406,5,labsea,a_ice,0.18296
TUNE42PI_FES27,1406,6,labsea,a_ice,0.07646
TUNE42PI_FES27,1406,7,labsea,a_ice,0.02328
TUNE42PI_FES27,1406,8,labsea,a_ice,0.00061
TUNE42PI_FES27,1406,9,labsea,a_ice,0.00000
TUNE42PI_FES27,1406,10,labsea,a_ice,0.00135
TUNE42PI_FES27,1406,11,labsea,a_ice,0.04134
TUNE42PI_FES27,1406,12,labsea,a_ice,0.17049
TUNE42PI_FES27,1406,1,interior,a_ice,0.08275
TUNE42PI_FES27,1406,2,interior,a_ice,0.18037
TUNE42PI_FES27,1406,3,interior,a_ice,0.18937
TUNE42PI_FES27,1406,4,interior,a_ice,0.17715
TUNE42PI_FES27,1406,5,interior,a_ice,0.07133
TUNE42PI_FES27,1406,6,interior,a_ice,0.00062
TUNE42PI_FES27,1406,7,interior,a_ice,0.00000
TUNE42PI_FES27,1406,8,interior,a_ice,0.00000
TUNE42PI_FES27,1406,9,interior,a_ice,0.00000
TUNE42PI_FES27,1406,10,interior,a_ice,0.00000
TUNE42PI_FES27,1406,11,interior,a_ice,0.00116
TUNE42PI_FES27,1406,12,interior,a_ice,0.02661
TUNE42PI_FES27,1406,1,labsea,MLD2,1464.44757
TUNE42PI_FES27,1406,2,labsea,MLD2,1450.04000
TUNE42PI_FES27,1406,3,labsea,MLD2,1434.86270
TUNE42PI_FES27,1406,4,labsea,MLD2,1178.78009
TUNE42PI_FES27,1406,5,labsea,MLD2,252.60175
TUNE42PI_FES27,1406,6,labsea,MLD2,21.81925
TUNE42PI_FES27,1406,7,labsea,MLD2,16.58567
TUNE42PI_FES27,1406,8,labsea,MLD2,16.66307
TUNE42PI_FES27,1406,9,labsea,MLD2,25.32204
TUNE42PI_FES27,1406,10,labsea,MLD2,38.10957
TUNE42PI_FES27,1406,11,labsea,MLD2,138.57033
TUNE42PI_FES27,1406,12,labsea,MLD2,881.57345
TUNE42PI_FES27,1406,1,interior,MLD2,2300.37125
TUNE42PI_FES27,1406,2,interior,MLD2,2110.65262
TUNE42PI_FES27,1406,3,interior,MLD2,2025.98107
TUNE42PI_FES27,1406,4,interior,MLD2,1570.27739
TUNE42PI_FES27,1406,5,interior,MLD2,403.39644
TUNE42PI_FES27,1406,6,interior,MLD2,30.70931
TUNE42PI_FES27,1406,7,interior,MLD2,20.72126
TUNE42PI_FES27,1406,8,interior,MLD2,18.87165
TUNE42PI_FES27,1406,9,interior,MLD2,28.91145
TUNE42PI_FES27,1406,10,interior,MLD2,48.12688
TUNE42PI_FES27,1406,11,interior,MLD2,302.67071
TUNE42PI_FES27,1406,12,interior,MLD2,1771.93312
TUNE42PI_FES27,1407,1,labsea,a_ice,0.24001
TUNE42PI_FES27,1407,2,labsea,a_ice,0.21389
TUNE42PI_FES27,1407,3,labsea,a_ice,0.21996
TUNE42PI_FES27,1407,4,labsea,a_ice,0.23752
TUNE42PI_FES27,1407,5,labsea,a_ice,0.18778
TUNE42PI_FES27,1407,6,labsea,a_ice,0.12506
TUNE42PI_FES27,1407,7,labsea,a_ice,0.02422
TUNE42PI_FES27,1407,8,labsea,a_ice,0.00175
TUNE42PI_FES27,1407,9,labsea,a_ice,0.00000
TUNE42PI_FES27,1407,10,labsea,a_ice,0.00778
TUNE42PI_FES27,1407,11,labsea,a_ice,0.08161
TUNE42PI_FES27,1407,12,labsea,a_ice,0.19274
TUNE42PI_FES27,1407,1,interior,a_ice,0.07754
TUNE42PI_FES27,1407,2,interior,a_ice,0.03606
TUNE42PI_FES27,1407,3,interior,a_ice,0.06609
TUNE42PI_FES27,1407,4,interior,a_ice,0.07173
TUNE42PI_FES27,1407,5,interior,a_ice,0.03367
TUNE42PI_FES27,1407,6,interior,a_ice,0.02542
TUNE42PI_FES27,1407,7,interior,a_ice,0.01068
TUNE42PI_FES27,1407,8,interior,a_ice,0.00000
TUNE42PI_FES27,1407,9,interior,a_ice,0.00000
TUNE42PI_FES27,1407,10,interior,a_ice,0.00000
TUNE42PI_FES27,1407,11,interior,a_ice,0.00528
TUNE42PI_FES27,1407,12,interior,a_ice,0.03217
TUNE42PI_FES27,1407,1,labsea,MLD2,1567.30399
TUNE42PI_FES27,1407,2,labsea,MLD2,1664.14909
TUNE42PI_FES27,1407,3,labsea,MLD2,1620.93127
TUNE42PI_FES27,1407,4,labsea,MLD2,1350.33729
TUNE42PI_FES27,1407,5,labsea,MLD2,670.57248
TUNE42PI_FES27,1407,6,labsea,MLD2,21.26791
TUNE42PI_FES27,1407,7,labsea,MLD2,13.14569
TUNE42PI_FES27,1407,8,labsea,MLD2,13.24779
TUNE42PI_FES27,1407,9,labsea,MLD2,18.90949
TUNE42PI_FES27,1407,10,labsea,MLD2,30.98029
TUNE42PI_FES27,1407,11,labsea,MLD2,68.97224
TUNE42PI_FES27,1407,12,labsea,MLD2,446.60385
TUNE42PI_FES27,1407,1,interior,MLD2,2393.02446
TUNE42PI_FES27,1407,2,interior,MLD2,2543.49354
TUNE42PI_FES27,1407,3,interior,MLD2,2459.31964
TUNE42PI_FES27,1407,4,interior,MLD2,2174.25769
TUNE42PI_FES27,1407,5,interior,MLD2,1272.92705
TUNE42PI_FES27,1407,6,interior,MLD2,28.81126
TUNE42PI_FES27,1407,7,interior,MLD2,15.84310
TUNE42PI_FES27,1407,8,interior,MLD2,15.44741
TUNE42PI_FES27,1407,9,interior,MLD2,21.78602
TUNE42PI_FES27,1407,10,interior,MLD2,35.44326
TUNE42PI_FES27,1407,11,interior,MLD2,104.41814
TUNE42PI_FES27,1407,12,interior,MLD2,973.33552
TUNE42PI_FES27,1408,1,labsea,a_ice,0.22730
TUNE42PI_FES27,1408,2,labsea,a_ice,0.22450
TUNE42PI_FES27,1408,3,labsea,a_ice,0.27204
TUNE42PI_FES27,1408,4,labsea,a_ice,0.26495
TUNE42PI_FES27,1408,5,labsea,a_ice,0.19984
TUNE42PI_FES27,1408,6,labsea,a_ice,0.07883
TUNE42PI_FES27,1408,7,labsea,a_ice,0.00904
TUNE42PI_FES27,1408,8,labsea,a_ice,0.00000
TUNE42PI_FES27,1408,9,labsea,a_ice,0.00000
TUNE42PI_FES27,1408,10,labsea,a_ice,0.00004
TUNE42PI_FES27,1408,11,labsea,a_ice,0.02308
TUNE42PI_FES27,1408,12,labsea,a_ice,0.13712
TUNE42PI_FES27,1408,1,interior,a_ice,0.05259
TUNE42PI_FES27,1408,2,interior,a_ice,0.05174
TUNE42PI_FES27,1408,3,interior,a_ice,0.09298
TUNE42PI_FES27,1408,4,interior,a_ice,0.06046
TUNE42PI_FES27,1408,5,interior,a_ice,0.05631
TUNE42PI_FES27,1408,6,interior,a_ice,0.00184
TUNE42PI_FES27,1408,7,interior,a_ice,0.00000
TUNE42PI_FES27,1408,8,interior,a_ice,0.00000
TUNE42PI_FES27,1408,9,interior,a_ice,0.00000
TUNE42PI_FES27,1408,10,interior,a_ice,0.00000
TUNE42PI_FES27,1408,11,interior,a_ice,0.00003
TUNE42PI_FES27,1408,12,interior,a_ice,0.03288
TUNE42PI_FES27,1408,1,labsea,MLD2,1293.33440
TUNE42PI_FES27,1408,2,labsea,MLD2,1528.77090
TUNE42PI_FES27,1408,3,labsea,MLD2,1437.06335
TUNE42PI_FES27,1408,4,labsea,MLD2,1263.32447
TUNE42PI_FES27,1408,5,labsea,MLD2,460.09596
TUNE42PI_FES27,1408,6,labsea,MLD2,14.15282
TUNE42PI_FES27,1408,7,labsea,MLD2,14.90622
TUNE42PI_FES27,1408,8,labsea,MLD2,17.78644
TUNE42PI_FES27,1408,9,labsea,MLD2,25.16336
TUNE42PI_FES27,1408,10,labsea,MLD2,34.43912
TUNE42PI_FES27,1408,11,labsea,MLD2,87.39942
TUNE42PI_FES27,1408,12,labsea,MLD2,618.44943
TUNE42PI_FES27,1408,1,interior,MLD2,2120.78540
TUNE42PI_FES27,1408,2,interior,MLD2,2344.84339
TUNE42PI_FES27,1408,3,interior,MLD2,2227.63739
TUNE42PI_FES27,1408,4,interior,MLD2,1992.28702
TUNE42PI_FES27,1408,5,interior,MLD2,761.37923
TUNE42PI_FES27,1408,6,interior,MLD2,16.49111
TUNE42PI_FES27,1408,7,interior,MLD2,16.69356
TUNE42PI_FES27,1408,8,interior,MLD2,19.78596
TUNE42PI_FES27,1408,9,interior,MLD2,28.40473
TUNE42PI_FES27,1408,10,interior,MLD2,41.04079
TUNE42PI_FES27,1408,11,interior,MLD2,149.25292
TUNE42PI_FES27,1408,12,interior,MLD2,1143.59145
TUNE42PI_FES27,1409,1,labsea,a_ice,0.24471
TUNE42PI_FES27,1409,2,labsea,a_ice,0.28999
TUNE42PI_FES27,1409,3,labsea,a_ice,0.33615
TUNE42PI_FES27,1409,4,labsea,a_ice,0.30802
TUNE42PI_FES27,1409,5,labsea,a_ice,0.18091
TUNE42PI_FES27,1409,6,labsea,a_ice,0.07244
TUNE42PI_FES27,1409,7,labsea,a_ice,0.02333
TUNE42PI_FES27,1409,8,labsea,a_ice,0.00062
TUNE42PI_FES27,1409,9,labsea,a_ice,0.00000
TUNE42PI_FES27,1409,10,labsea,a_ice,0.00015
TUNE42PI_FES27,1409,11,labsea,a_ice,0.03097
TUNE42PI_FES27,1409,12,labsea,a_ice,0.16399
TUNE42PI_FES27,1409,1,interior,a_ice,0.04810
TUNE42PI_FES27,1409,2,interior,a_ice,0.10944
TUNE42PI_FES27,1409,3,interior,a_ice,0.16448
TUNE42PI_FES27,1409,4,interior,a_ice,0.13156
TUNE42PI_FES27,1409,5,interior,a_ice,0.05835
TUNE42PI_FES27,1409,6,interior,a_ice,0.00121
TUNE42PI_FES27,1409,7,interior,a_ice,0.00052
TUNE42PI_FES27,1409,8,interior,a_ice,0.00000
TUNE42PI_FES27,1409,9,interior,a_ice,0.00000
TUNE42PI_FES27,1409,10,interior,a_ice,0.00000
TUNE42PI_FES27,1409,11,interior,a_ice,0.00003
TUNE42PI_FES27,1409,12,interior,a_ice,0.02743
TUNE42PI_FES27,1409,1,labsea,MLD2,1401.66494
TUNE42PI_FES27,1409,2,labsea,MLD2,1550.35214
TUNE42PI_FES27,1409,3,labsea,MLD2,1414.63369
TUNE42PI_FES27,1409,4,labsea,MLD2,1198.05470
TUNE42PI_FES27,1409,5,labsea,MLD2,420.66107
TUNE42PI_FES27,1409,6,labsea,MLD2,19.71343
TUNE42PI_FES27,1409,7,labsea,MLD2,16.30321
TUNE42PI_FES27,1409,8,labsea,MLD2,16.86027
TUNE42PI_FES27,1409,9,labsea,MLD2,23.76368
TUNE42PI_FES27,1409,10,labsea,MLD2,35.69128
TUNE42PI_FES27,1409,11,labsea,MLD2,119.49433
TUNE42PI_FES27,1409,12,labsea,MLD2,795.21646
TUNE42PI_FES27,1409,1,interior,MLD2,2136.64782
TUNE42PI_FES27,1409,2,interior,MLD2,2286.26675
TUNE42PI_FES27,1409,3,interior,MLD2,1995.85288
TUNE42PI_FES27,1409,4,interior,MLD2,1612.39366
TUNE42PI_FES27,1409,5,interior,MLD2,541.31687
TUNE42PI_FES27,1409,6,interior,MLD2,24.59948
TUNE42PI_FES27,1409,7,interior,MLD2,19.17653
TUNE42PI_FES27,1409,8,interior,MLD2,19.99197
TUNE42PI_FES27,1409,9,interior,MLD2,27.79812
TUNE42PI_FES27,1409,10,interior,MLD2,40.12635
TUNE42PI_FES27,1409,11,interior,MLD2,268.38432
TUNE42PI_FES27,1409,12,interior,MLD2,1739.80490
TUNE42PI_FES27,1410,1,labsea,a_ice,0.30111
TUNE42PI_FES27,1410,2,labsea,a_ice,0.33170
TUNE42PI_FES27,1410,3,labsea,a_ice,0.37977
TUNE42PI_FES27,1410,4,labsea,a_ice,0.38017
TUNE42PI_FES27,1410,5,labsea,a_ice,0.27730
TUNE42PI_FES27,1410,6,labsea,a_ice,0.13488
TUNE42PI_FES27,1410,7,labsea,a_ice,0.03083
TUNE42PI_FES27,1410,8,labsea,a_ice,0.00195
TUNE42PI_FES27,1410,9,labsea,a_ice,0.00000
TUNE42PI_FES27,1410,10,labsea,a_ice,0.00170
TUNE42PI_FES27,1410,11,labsea,a_ice,0.06929
TUNE42PI_FES27,1410,12,labsea,a_ice,0.21001
TUNE42PI_FES27,1410,1,interior,a_ice,0.09800
TUNE42PI_FES27,1410,2,interior,a_ice,0.09090
TUNE42PI_FES27,1410,3,interior,a_ice,0.21399
TUNE42PI_FES27,1410,4,interior,a_ice,0.25884
TUNE42PI_FES27,1410,5,interior,a_ice,0.09566
TUNE42PI_FES27,1410,6,interior,a_ice,0.02677
TUNE42PI_FES27,1410,7,interior,a_ice,0.00001
TUNE42PI_FES27,1410,8,interior,a_ice,0.00000
TUNE42PI_FES27,1410,9,interior,a_ice,0.00000
TUNE42PI_FES27,1410,10,interior,a_ice,0.00000
TUNE42PI_FES27,1410,11,interior,a_ice,0.00788
TUNE42PI_FES27,1410,12,interior,a_ice,0.08377
TUNE42PI_FES27,1410,1,labsea,MLD2,1348.56033
TUNE42PI_FES27,1410,2,labsea,MLD2,1432.41745
TUNE42PI_FES27,1410,3,labsea,MLD2,1334.98501
TUNE42PI_FES27,1410,4,labsea,MLD2,1132.16869
TUNE42PI_FES27,1410,5,labsea,MLD2,366.84846
TUNE42PI_FES27,1410,6,labsea,MLD2,23.30425
TUNE42PI_FES27,1410,7,labsea,MLD2,19.06636
TUNE42PI_FES27,1410,8,labsea,MLD2,18.76937
TUNE42PI_FES27,1410,9,labsea,MLD2,25.92066
TUNE42PI_FES27,1410,10,labsea,MLD2,33.91316
TUNE42PI_FES27,1410,11,labsea,MLD2,95.89948
TUNE42PI_FES27,1410,12,labsea,MLD2,754.71980
TUNE42PI_FES27,1410,1,interior,MLD2,2246.13587
TUNE42PI_FES27,1410,2,interior,MLD2,2236.28766
TUNE42PI_FES27,1410,3,interior,MLD2,1919.39866
TUNE42PI_FES27,1410,4,interior,MLD2,1521.31860
TUNE42PI_FES27,1410,5,interior,MLD2,592.85532
TUNE42PI_FES27,1410,6,interior,MLD2,31.64756
TUNE42PI_FES27,1410,7,interior,MLD2,24.39087
TUNE42PI_FES27,1410,8,interior,MLD2,23.00872
TUNE42PI_FES27,1410,9,interior,MLD2,29.34436
TUNE42PI_FES27,1410,10,interior,MLD2,40.67329
TUNE42PI_FES27,1410,11,interior,MLD2,182.15366
TUNE42PI_FES27,1410,12,interior,MLD2,1302.92396
TUNE42PI_FES27,1411,1,labsea,a_ice,0.35885
TUNE42PI_FES27,1411,2,labsea,a_ice,0.36127
TUNE42PI_FES27,1411,3,labsea,a_ice,0.36945
TUNE42PI_FES27,1411,4,labsea,a_ice,0.30672
TUNE42PI_FES27,1411,5,labsea,a_ice,0.23172
TUNE42PI_FES27,1411,6,labsea,a_ice,0.13835
TUNE42PI_FES27,1411,7,labsea,a_ice,0.02647
TUNE42PI_FES27,1411,8,labsea,a_ice,0.00085
TUNE42PI_FES27,1411,9,labsea,a_ice,0.00000
TUNE42PI_FES27,1411,10,labsea,a_ice,0.00000
TUNE42PI_FES27,1411,11,labsea,a_ice,0.02736
TUNE42PI_FES27,1411,12,labsea,a_ice,0.18756
TUNE42PI_FES27,1411,1,interior,a_ice,0.20971
TUNE42PI_FES27,1411,2,interior,a_ice,0.21884
TUNE42PI_FES27,1411,3,interior,a_ice,0.21167
TUNE42PI_FES27,1411,4,interior,a_ice,0.10066
TUNE42PI_FES27,1411,5,interior,a_ice,0.04947
TUNE42PI_FES27,1411,6,interior,a_ice,0.02363
TUNE42PI_FES27,1411,7,interior,a_ice,0.00033
TUNE42PI_FES27,1411,8,interior,a_ice,0.00000
TUNE42PI_FES27,1411,9,interior,a_ice,0.00000
TUNE42PI_FES27,1411,10,interior,a_ice,0.00000
TUNE42PI_FES27,1411,11,interior,a_ice,0.00087
TUNE42PI_FES27,1411,12,interior,a_ice,0.05453
TUNE42PI_FES27,1411,1,labsea,MLD2,1324.24881
TUNE42PI_FES27,1411,2,labsea,MLD2,1451.63555
TUNE42PI_FES27,1411,3,labsea,MLD2,1425.07268
TUNE42PI_FES27,1411,4,labsea,MLD2,1387.10364
TUNE42PI_FES27,1411,5,labsea,MLD2,750.16664
TUNE42PI_FES27,1411,6,labsea,MLD2,49.35470
TUNE42PI_FES27,1411,7,labsea,MLD2,13.34703
TUNE42PI_FES27,1411,8,labsea,MLD2,15.64917
TUNE42PI_FES27,1411,9,labsea,MLD2,21.57533
TUNE42PI_FES27,1411,10,labsea,MLD2,34.37441
TUNE42PI_FES27,1411,11,labsea,MLD2,105.54509
TUNE42PI_FES27,1411,12,labsea,MLD2,1127.48143
TUNE42PI_FES27,1411,1,interior,MLD2,1887.42783
TUNE42PI_FES27,1411,2,interior,MLD2,2066.24963
TUNE42PI_FES27,1411,3,interior,MLD2,2068.92667
TUNE42PI_FES27,1411,4,interior,MLD2,2092.57670
TUNE42PI_FES27,1411,5,interior,MLD2,1639.39847
TUNE42PI_FES27,1411,6,interior,MLD2,142.96359
TUNE42PI_FES27,1411,7,interior,MLD2,16.16842
TUNE42PI_FES27,1411,8,interior,MLD2,17.81307
TUNE42PI_FES27,1411,9,interior,MLD2,24.06045
TUNE42PI_FES27,1411,10,interior,MLD2,38.80903
TUNE42PI_FES27,1411,11,interior,MLD2,192.61632
TUNE42PI_FES27,1411,12,interior,MLD2,1880.61699
TUNE42PI_FES27,1412,1,labsea,a_ice,0.29676
TUNE42PI_FES27,1412,2,labsea,a_ice,0.29416
TUNE42PI_FES27,1412,3,labsea,a_ice,0.31383
TUNE42PI_FES27,1412,4,labsea,a_ice,0.28668
TUNE42PI_FES27,1412,5,labsea,a_ice,0.21830
TUNE42PI_FES27,1412,6,labsea,a_ice,0.12492
TUNE42PI_FES27,1412,7,labsea,a_ice,0.01667
TUNE42PI_FES27,1412,8,labsea,a_ice,0.00026
TUNE42PI_FES27,1412,9,labsea,a_ice,0.00000
TUNE42PI_FES27,1412,10,labsea,a_ice,0.00007
TUNE42PI_FES27,1412,11,labsea,a_ice,0.04281
TUNE42PI_FES27,1412,12,labsea,a_ice,0.16177
TUNE42PI_FES27,1412,1,interior,a_ice,0.10484
TUNE42PI_FES27,1412,2,interior,a_ice,0.10481
TUNE42PI_FES27,1412,3,interior,a_ice,0.11124
TUNE42PI_FES27,1412,4,interior,a_ice,0.14448
TUNE42PI_FES27,1412,5,interior,a_ice,0.06083
TUNE42PI_FES27,1412,6,interior,a_ice,0.03915
TUNE42PI_FES27,1412,7,interior,a_ice,0.00165
TUNE42PI_FES27,1412,8,interior,a_ice,0.00000
TUNE42PI_FES27,1412,9,interior,a_ice,0.00000
TUNE42PI_FES27,1412,10,interior,a_ice,0.00000
TUNE42PI_FES27,1412,11,interior,a_ice,0.00211
TUNE42PI_FES27,1412,12,interior,a_ice,0.02845
TUNE42PI_FES27,1412,1,labsea,MLD2,1461.63562
TUNE42PI_FES27,1412,2,labsea,MLD2,1510.59041
TUNE42PI_FES27,1412,3,labsea,MLD2,1465.94194
TUNE42PI_FES27,1412,4,labsea,MLD2,1207.56841
TUNE42PI_FES27,1412,5,labsea,MLD2,473.64692
TUNE42PI_FES27,1412,6,labsea,MLD2,18.56900
TUNE42PI_FES27,1412,7,labsea,MLD2,10.92289
TUNE42PI_FES27,1412,8,labsea,MLD2,15.17000
TUNE42PI_FES27,1412,9,labsea,MLD2,24.41701
TUNE42PI_FES27,1412,10,labsea,MLD2,34.80852
TUNE42PI_FES27,1412,11,labsea,MLD2,134.82284
TUNE42PI_FES27,1412,12,labsea,MLD2,637.47584
TUNE42PI_FES27,1412,1,interior,MLD2,2181.32886
TUNE42PI_FES27,1412,2,interior,MLD2,2119.34982
TUNE42PI_FES27,1412,3,interior,MLD2,2110.44103
TUNE42PI_FES27,1412,4,interior,MLD2,1488.02170
TUNE42PI_FES27,1412,5,interior,MLD2,577.24469
TUNE42PI_FES27,1412,6,interior,MLD2,20.51575
TUNE42PI_FES27,1412,7,interior,MLD2,12.59165
TUNE42PI_FES27,1412,8,interior,MLD2,17.19216
TUNE42PI_FES27,1412,9,interior,MLD2,28.44543
TUNE42PI_FES27,1412,10,interior,MLD2,42.12510
TUNE42PI_FES27,1412,11,interior,MLD2,267.11436
TUNE42PI_FES27,1412,12,interior,MLD2,1471.15994
TUNE42PI_FES27,1413,1,labsea,a_ice,0.24394
TUNE42PI_FES27,1413,2,labsea,a_ice,0.29173
TUNE42PI_FES27,1413,3,labsea,a_ice,0.31145
TUNE42PI_FES27,1413,4,labsea,a_ice,0.24699
TUNE42PI_FES27,1413,5,labsea,a_ice,0.16481
TUNE42PI_FES27,1413,6,labsea,a_ice,0.08469
TUNE42PI_FES27,1413,7,labsea,a_ice,0.01099
TUNE42PI_FES27,1413,8,labsea,a_ice,0.00000
TUNE42PI_FES27,1413,9,labsea,a_ice,0.00000
TUNE42PI_FES27,1413,10,labsea,a_ice,0.00640
TUNE42PI_FES27,1413,11,labsea,a_ice,0.10303
TUNE42PI_FES27,1413,12,labsea,a_ice,0.18085
TUNE42PI_FES27,1413,1,interior,a_ice,0.06262
TUNE42PI_FES27,1413,2,interior,a_ice,0.11683
TUNE42PI_FES27,1413,3,interior,a_ice,0.11959
TUNE42PI_FES27,1413,4,interior,a_ice,0.07501
TUNE42PI_FES27,1413,5,interior,a_ice,0.01893
TUNE42PI_FES27,1413,6,interior,a_ice,0.00358
TUNE42PI_FES27,1413,7,interior,a_ice,0.00002
TUNE42PI_FES27,1413,8,interior,a_ice,0.00000
TUNE42PI_FES27,1413,9,interior,a_ice,0.00000
TUNE42PI_FES27,1413,10,interior,a_ice,0.00001
TUNE42PI_FES27,1413,11,interior,a_ice,0.01818
TUNE42PI_FES27,1413,12,interior,a_ice,0.02262
TUNE42PI_FES27,1413,1,labsea,MLD2,1337.93367
TUNE42PI_FES27,1413,2,labsea,MLD2,1555.63951
TUNE42PI_FES27,1413,3,labsea,MLD2,1440.05326
TUNE42PI_FES27,1413,4,labsea,MLD2,1062.89980
TUNE42PI_FES27,1413,5,labsea,MLD2,380.18923
TUNE42PI_FES27,1413,6,labsea,MLD2,20.22173
TUNE42PI_FES27,1413,7,labsea,MLD2,13.91446
TUNE42PI_FES27,1413,8,labsea,MLD2,15.00417
TUNE42PI_FES27,1413,9,labsea,MLD2,22.01874
TUNE42PI_FES27,1413,10,labsea,MLD2,33.36013
TUNE42PI_FES27,1413,11,labsea,MLD2,238.18523
TUNE42PI_FES27,1413,12,labsea,MLD2,798.95767
TUNE42PI_FES27,1413,1,interior,MLD2,2253.43826
TUNE42PI_FES27,1413,2,interior,MLD2,2330.11314
TUNE42PI_FES27,1413,3,interior,MLD2,2038.84404
TUNE42PI_FES27,1413,4,interior,MLD2,1435.29725
TUNE42PI_FES27,1413,5,interior,MLD2,493.66886
TUNE42PI_FES27,1413,6,interior,MLD2,23.47082
TUNE42PI_FES27,1413,7,interior,MLD2,15.23498
TUNE42PI_FES27,1413,8,interior,MLD2,16.74707
TUNE42PI_FES27,1413,9,interior,MLD2,25.00750
TUNE42PI_FES27,1413,10,interior,MLD2,39.05875
TUNE42PI_FES27,1413,11,interior,MLD2,624.08696
TUNE42PI_FES27,1413,12,interior,MLD2,1640.37630
TUNE42PI_FES27,1414,1,labsea,a_ice,0.30693
TUNE42PI_FES27,1414,2,labsea,a_ice,0.34219
TUNE42PI_FES27,1414,3,labsea,a_ice,0.37261
TUNE42PI_FES27,1414,4,labsea,a_ice,0.37201
TUNE42PI_FES27,1414,5,labsea,a_ice,0.31461
TUNE42PI_FES27,1414,6,labsea,a_ice,0.15654
TUNE42PI_FES27,1414,7,labsea,a_ice,0.01905
TUNE42PI_FES27,1414,8,labsea,a_ice,0.00000
TUNE42PI_FES27,1414,9,labsea,a_ice,0.00000
TUNE42PI_FES27,1414,10,labsea,a_ice,0.00000
TUNE42PI_FES27,1414,11,labsea,a_ice,0.01989
TUNE42PI_FES27,1414,12,labsea,a_ice,0.11439
TUNE42PI_FES27,1414,1,interior,a_ice,0.11442
TUNE42PI_FES27,1414,2,interior,a_ice,0.18569
TUNE42PI_FES27,1414,3,interior,a_ice,0.16816
TUNE42PI_FES27,1414,4,interior,a_ice,0.25406
TUNE42PI_FES27,1414,5,interior,a_ice,0.19953
TUNE42PI_FES27,1414,6,interior,a_ice,0.09044
TUNE42PI_FES27,1414,7,interior,a_ice,0.01155
TUNE42PI_FES27,1414,8,interior,a_ice,0.00000
TUNE42PI_FES27,1414,9,interior,a_ice,0.00000
TUNE42PI_FES27,1414,10,interior,a_ice,0.00000
TUNE42PI_FES27,1414,11,interior,a_ice,0.00092
TUNE42PI_FES27,1414,12,interior,a_ice,0.01339
TUNE42PI_FES27,1414,1,labsea,MLD2,1247.84859
TUNE42PI_FES27,1414,2,labsea,MLD2,1177.30649
TUNE42PI_FES27,1414,3,labsea,MLD2,1151.77595
TUNE42PI_FES27,1414,4,labsea,MLD2,1014.43645
TUNE42PI_FES27,1414,5,labsea,MLD2,663.80992
TUNE42PI_FES27,1414,6,labsea,MLD2,57.02943
TUNE42PI_FES27,1414,7,labsea,MLD2,10.53313
TUNE42PI_FES27,1414,8,labsea,MLD2,15.77990
TUNE42PI_FES27,1414,9,labsea,MLD2,26.71542
TUNE42PI_FES27,1414,10,labsea,MLD2,40.27676
TUNE42PI_FES27,1414,11,labsea,MLD2,103.56333
TUNE42PI_FES27,1414,12,labsea,MLD2,677.99501
TUNE42PI_FES27,1414,1,interior,MLD2,1991.14141
TUNE42PI_FES27,1414,2,interior,MLD2,1716.88574
TUNE42PI_FES27,1414,3,interior,MLD2,1473.44379
TUNE42PI_FES27,1414,4,interior,MLD2,1257.22571
TUNE42PI_FES27,1414,5,interior,MLD2,886.01749
TUNE42PI_FES27,1414,6,interior,MLD2,70.74991
TUNE42PI_FES27,1414,7,interior,MLD2,10.82717
TUNE42PI_FES27,1414,8,interior,MLD2,16.76640
TUNE42PI_FES27,1414,9,interior,MLD2,27.05448
TUNE42PI_FES27,1414,10,interior,MLD2,43.96541
TUNE42PI_FES27,1414,11,interior,MLD2,180.27549
TUNE42PI_FES27,1414,12,interior,MLD2,1383.00799
TUNE42PI_FES27,1415,1,labsea,a_ice,0.17876
TUNE42PI_FES27,1415,2,labsea,a_ice,0.24324
TUNE42PI_FES27,1415,3,labsea,a_ice,0.26434
TUNE42PI_FES27,1415,4,labsea,a_ice,0.21299
TUNE42PI_FES27,1415,5,labsea,a_ice,0.14983
TUNE42PI_FES27,1415,6,labsea,a_ice,0.06390
TUNE42PI_FES27,1415,7,labsea,a_ice,0.01097
TUNE42PI_FES27,1415,8,labsea,a_ice,0.00025
TUNE42PI_FES27,1415,9,labsea,a_ice,0.00000
TUNE42PI_FES27,1415,10,labsea,a_ice,0.00003
TUNE42PI_FES27,1415,11,labsea,a_ice,0.02092
TUNE42PI_FES27,1415,12,labsea,a_ice,0.12809
TUNE42PI_FES27,1415,1,interior,a_ice,0.03848
TUNE42PI_FES27,1415,2,interior,a_ice,0.07887
TUNE42PI_FES27,1415,3,interior,a_ice,0.10135
TUNE42PI_FES27,1415,4,interior,a_ice,0.04649
TUNE42PI_FES27,1415,5,interior,a_ice,0.03617
TUNE42PI_FES27,1415,6,interior,a_ice,0.00380
TUNE42PI_FES27,1415,7,interior,a_ice,0.00000
TUNE42PI_FES27,1415,8,interior,a_ice,0.00000
TUNE42PI_FES27,1415,9,interior,a_ice,0.00000
TUNE42PI_FES27,1415,10,interior,a_ice,0.00000
TUNE42PI_FES27,1415,11,interior,a_ice,0.00011
TUNE42PI_FES27,1415,12,interior,a_ice,0.01094
TUNE42PI_FES27,1415,1,labsea,MLD2,1193.28146
TUNE42PI_FES27,1415,2,labsea,MLD2,1309.73722
TUNE42PI_FES27,1415,3,labsea,MLD2,1107.56964
TUNE42PI_FES27,1415,4,labsea,MLD2,774.59822
TUNE42PI_FES27,1415,5,labsea,MLD2,80.47222
TUNE42PI_FES27,1415,6,labsea,MLD2,17.31276
TUNE42PI_FES27,1415,7,labsea,MLD2,14.41481
TUNE42PI_FES27,1415,8,labsea,MLD2,13.14625
TUNE42PI_FES27,1415,9,labsea,MLD2,18.87320
TUNE42PI_FES27,1415,10,labsea,MLD2,39.33373
TUNE42PI_FES27,1415,11,labsea,MLD2,91.58341
TUNE42PI_FES27,1415,12,labsea,MLD2,757.07387
TUNE42PI_FES27,1415,1,interior,MLD2,2000.54872
TUNE42PI_FES27,1415,2,interior,MLD2,2105.93870
TUNE42PI_FES27,1415,3,interior,MLD2,1613.38019
TUNE42PI_FES27,1415,4,interior,MLD2,1210.52286
TUNE42PI_FES27,1415,5,interior,MLD2,150.70101
TUNE42PI_FES27,1415,6,interior,MLD2,22.33226
TUNE42PI_FES27,1415,7,interior,MLD2,16.52241
TUNE42PI_FES27,1415,8,interior,MLD2,14.45248
TUNE42PI_FES27,1415,9,interior,MLD2,20.59898
TUNE42PI_FES27,1415,10,interior,MLD2,43.31033
TUNE42PI_FES27,1415,11,interior,MLD2,133.23736
TUNE42PI_FES27,1415,12,interior,MLD2,1310.55929
TUNE42PI_FES27,1416,1,labsea,a_ice,0.20001
TUNE42PI_FES27,1416,2,labsea,a_ice,0.23300
TUNE42PI_FES27,1416,3,labsea,a_ice,0.22586
TUNE42PI_FES27,1416,4,labsea,a_ice,0.22014
TUNE42PI_FES27,1416,5,labsea,a_ice,0.20765
TUNE42PI_FES27,1416,6,labsea,a_ice,0.12899
TUNE42PI_FES27,1416,7,labsea,a_ice,0.02917
TUNE42PI_FES27,1416,8,labsea,a_ice,0.00101
TUNE42PI_FES27,1416,9,labsea,a_ice,0.00000
TUNE42PI_FES27,1416,10,labsea,a_ice,0.00000
TUNE42PI_FES27,1416,11,labsea,a_ice,0.02182
TUNE42PI_FES27,1416,12,labsea,a_ice,0.10696
TUNE42PI_FES27,1416,1,interior,a_ice,0.04566
TUNE42PI_FES27,1416,2,interior,a_ice,0.05810
TUNE42PI_FES27,1416,3,interior,a_ice,0.05835
TUNE42PI_FES27,1416,4,interior,a_ice,0.06206
TUNE42PI_FES27,1416,5,interior,a_ice,0.07718
TUNE42PI_FES27,1416,6,interior,a_ice,0.02326
TUNE42PI_FES27,1416,7,interior,a_ice,0.00003
TUNE42PI_FES27,1416,8,interior,a_ice,0.00000
TUNE42PI_FES27,1416,9,interior,a_ice,0.00000
TUNE42PI_FES27,1416,10,interior,a_ice,0.00000
TUNE42PI_FES27,1416,11,interior,a_ice,0.00068
TUNE42PI_FES27,1416,12,interior,a_ice,0.00533
TUNE42PI_FES27,1416,1,labsea,MLD2,1218.07278
TUNE42PI_FES27,1416,2,labsea,MLD2,1419.94632
TUNE42PI_FES27,1416,3,labsea,MLD2,1239.23550
TUNE42PI_FES27,1416,4,labsea,MLD2,1146.40044
TUNE42PI_FES27,1416,5,labsea,MLD2,579.06551
TUNE42PI_FES27,1416,6,labsea,MLD2,23.68531
TUNE42PI_FES27,1416,7,labsea,MLD2,14.28524
TUNE42PI_FES27,1416,8,labsea,MLD2,16.82210
TUNE42PI_FES27,1416,9,labsea,MLD2,27.73416
TUNE42PI_FES27,1416,10,labsea,MLD2,41.89540
TUNE42PI_FES27,1416,11,labsea,MLD2,81.37059
TUNE42PI_FES27,1416,12,labsea,MLD2,451.10471
TUNE42PI_FES27,1416,1,interior,MLD2,1814.87129
TUNE42PI_FES27,1416,2,interior,MLD2,2074.61227
TUNE42PI_FES27,1416,3,interior,MLD2,1786.82333
TUNE42PI_FES27,1416,4,interior,MLD2,1610.94733
TUNE42PI_FES27,1416,5,interior,MLD2,880.91478
TUNE42PI_FES27,1416,6,interior,MLD2,27.95284
TUNE42PI_FES27,1416,7,interior,MLD2,18.17354
TUNE42PI_FES27,1416,8,interior,MLD2,19.56731
TUNE42PI_FES27,1416,9,interior,MLD2,33.45901
TUNE42PI_FES27,1416,10,interior,MLD2,53.55880
TUNE42PI_FES27,1416,11,interior,MLD2,118.05604
TUNE42PI_FES27,1416,12,interior,MLD2,855.43984
TUNE42PI_FES27,1417,1,labsea,a_ice,0.18555
TUNE42PI_FES27,1417,2,labsea,a_ice,0.24849
TUNE42PI_FES27,1417,3,labsea,a_ice,0.26238
TUNE42PI_FES27,1417,4,labsea,a_ice,0.23958
TUNE42PI_FES27,1417,5,labsea,a_ice,0.18092
TUNE42PI_FES27,1417,6,labsea,a_ice,0.08196
TUNE42PI_FES27,1417,7,labsea,a_ice,0.01565
TUNE42PI_FES27,1417,8,labsea,a_ice,0.00004
TUNE42PI_FES27,1417,9,labsea,a_ice,0.00000
TUNE42PI_FES27,1417,10,labsea,a_ice,0.00007
TUNE42PI_FES27,1417,11,labsea,a_ice,0.02626
TUNE42PI_FES27,1417,12,labsea,a_ice,0.09600
TUNE42PI_FES27,1417,1,interior,a_ice,0.03021
TUNE42PI_FES27,1417,2,interior,a_ice,0.07042
TUNE42PI_FES27,1417,3,interior,a_ice,0.08432
TUNE42PI_FES27,1417,4,interior,a_ice,0.05381
TUNE42PI_FES27,1417,5,interior,a_ice,0.02538
TUNE42PI_FES27,1417,6,interior,a_ice,0.00194
TUNE42PI_FES27,1417,7,interior,a_ice,0.00000
TUNE42PI_FES27,1417,8,interior,a_ice,0.00000
TUNE42PI_FES27,1417,9,interior,a_ice,0.00000
TUNE42PI_FES27,1417,10,interior,a_ice,0.00000
TUNE42PI_FES27,1417,11,interior,a_ice,0.00012
TUNE42PI_FES27,1417,12,interior,a_ice,0.00860
TUNE42PI_FES27,1417,1,labsea,MLD2,1259.45795
TUNE42PI_FES27,1417,2,labsea,MLD2,1555.76389
TUNE42PI_FES27,1417,3,labsea,MLD2,1425.04178
TUNE42PI_FES27,1417,4,labsea,MLD2,1231.76528
TUNE42PI_FES27,1417,5,labsea,MLD2,334.19592
TUNE42PI_FES27,1417,6,labsea,MLD2,20.14020
TUNE42PI_FES27,1417,7,labsea,MLD2,17.75729
TUNE42PI_FES27,1417,8,labsea,MLD2,16.44752
TUNE42PI_FES27,1417,9,labsea,MLD2,19.86523
TUNE42PI_FES27,1417,10,labsea,MLD2,32.06053
TUNE42PI_FES27,1417,11,labsea,MLD2,79.04179
TUNE42PI_FES27,1417,12,labsea,MLD2,453.99495
TUNE42PI_FES27,1417,1,interior,MLD2,1998.75582
TUNE42PI_FES27,1417,2,interior,MLD2,2251.64949
TUNE42PI_FES27,1417,3,interior,MLD2,2087.76512
TUNE42PI_FES27,1417,4,interior,MLD2,1831.67376
TUNE42PI_FES27,1417,5,interior,MLD2,612.75305
TUNE42PI_FES27,1417,6,interior,MLD2,27.31237
TUNE42PI_FES27,1417,7,interior,MLD2,22.91770
TUNE42PI_FES27,1417,8,interior,MLD2,19.70730
TUNE42PI_FES27,1417,9,interior,MLD2,23.23743
TUNE42PI_FES27,1417,10,interior,MLD2,35.07220
TUNE42PI_FES27,1417,11,interior,MLD2,131.69844
TUNE42PI_FES27,1417,12,interior,MLD2,1039.80511
TUNE42PI_FES27,1418,1,labsea,a_ice,0.24281
TUNE42PI_FES27,1418,2,labsea,a_ice,0.29349
TUNE42PI_FES27,1418,3,labsea,a_ice,0.27337
TUNE42PI_FES27,1418,4,labsea,a_ice,0.31393
TUNE42PI_FES27,1418,5,labsea,a_ice,0.30088
TUNE42PI_FES27,1418,6,labsea,a_ice,0.11422
TUNE42PI_FES27,1418,7,labsea,a_ice,0.03232
TUNE42PI_FES27,1418,8,labsea,a_ice,0.00320
TUNE42PI_FES27,1418,9,labsea,a_ice,0.00000
TUNE42PI_FES27,1418,10,labsea,a_ice,0.00077
TUNE42PI_FES27,1418,11,labsea,a_ice,0.04350
TUNE42PI_FES27,1418,12,labsea,a_ice,0.18784
TUNE42PI_FES27,1418,1,interior,a_ice,0.07410
TUNE42PI_FES27,1418,2,interior,a_ice,0.10793
TUNE42PI_FES27,1418,3,interior,a_ice,0.10901
TUNE42PI_FES27,1418,4,interior,a_ice,0.25001
TUNE42PI_FES27,1418,5,interior,a_ice,0.20394
TUNE42PI_FES27,1418,6,interior,a_ice,0.01250
TUNE42PI_FES27,1418,7,interior,a_ice,0.00000
TUNE42PI_FES27,1418,8,interior,a_ice,0.00000
TUNE42PI_FES27,1418,9,interior,a_ice,0.00000
TUNE42PI_FES27,1418,10,interior,a_ice,0.00000
TUNE42PI_FES27,1418,11,interior,a_ice,0.00240
TUNE42PI_FES27,1418,12,interior,a_ice,0.03937
TUNE42PI_FES27,1418,1,labsea,MLD2,1288.20235
TUNE42PI_FES27,1418,2,labsea,MLD2,1367.40433
TUNE42PI_FES27,1418,3,labsea,MLD2,1242.92070
TUNE42PI_FES27,1418,4,labsea,MLD2,1024.16725
TUNE42PI_FES27,1418,5,labsea,MLD2,466.89807
TUNE42PI_FES27,1418,6,labsea,MLD2,14.39763
TUNE42PI_FES27,1418,7,labsea,MLD2,12.95867
TUNE42PI_FES27,1418,8,labsea,MLD2,12.98783
TUNE42PI_FES27,1418,9,labsea,MLD2,17.65872
TUNE42PI_FES27,1418,10,labsea,MLD2,35.29399
TUNE42PI_FES27,1418,11,labsea,MLD2,152.84868
TUNE42PI_FES27,1418,12,labsea,MLD2,737.65895
TUNE42PI_FES27,1418,1,interior,MLD2,2084.86237
TUNE42PI_FES27,1418,2,interior,MLD2,1983.14321
TUNE42PI_FES27,1418,3,interior,MLD2,1513.14292
TUNE42PI_FES27,1418,4,interior,MLD2,929.40098
TUNE42PI_FES27,1418,5,interior,MLD2,414.42411
TUNE42PI_FES27,1418,6,interior,MLD2,15.11717
TUNE42PI_FES27,1418,7,interior,MLD2,14.14770
TUNE42PI_FES27,1418,8,interior,MLD2,14.96393
TUNE42PI_FES27,1418,9,interior,MLD2,18.96184
TUNE42PI_FES27,1418,10,interior,MLD2,41.21113
TUNE42PI_FES27,1418,11,interior,MLD2,309.66878
TUNE42PI_FES27,1418,12,interior,MLD2,1499.04765
TUNE42PI_FES27,1419,1,labsea,a_ice,0.30335
TUNE42PI_FES27,1419,2,labsea,a_ice,0.35259
TUNE42PI_FES27,1419,3,labsea,a_ice,0.37594
TUNE42PI_FES27,1419,4,labsea,a_ice,0.36434
TUNE42PI_FES27,1419,5,labsea,a_ice,0.26128
TUNE42PI_FES27,1419,6,labsea,a_ice,0.13485
TUNE42PI_FES27,1419,7,labsea,a_ice,0.03527
TUNE42PI_FES27,1419,8,labsea,a_ice,0.00250
TUNE42PI_FES27,1419,9,labsea,a_ice,0.00000
TUNE42PI_FES27,1419,10,labsea,a_ice,0.00059
TUNE42PI_FES27,1419,11,labsea,a_ice,0.04500
TUNE42PI_FES27,1419,12,labsea,a_ice,0.17031
TUNE42PI_FES27,1419,1,interior,a_ice,0.12149
TUNE42PI_FES27,1419,2,interior,a_ice,0.17485
TUNE42PI_FES27,1419,3,interior,a_ice,0.17495
TUNE42PI_FES27,1419,4,interior,a_ice,0.22985
TUNE42PI_FES27,1419,5,interior,a_ice,0.11523
TUNE42PI_FES27,1419,6,interior,a_ice,0.01965
TUNE42PI_FES27,1419,7,interior,a_ice,0.00024
TUNE42PI_FES27,1419,8,interior,a_ice,0.00000
TUNE42PI_FES27,1419,9,interior,a_ice,0.00000
TUNE42PI_FES27,1419,10,interior,a_ice,0.00000
TUNE42PI_FES27,1419,11,interior,a_ice,0.00000
TUNE42PI_FES27,1419,12,interior,a_ice,0.03239
TUNE42PI_FES27,1419,1,labsea,MLD2,1096.07255
TUNE42PI_FES27,1419,2,labsea,MLD2,1222.02345
TUNE42PI_FES27,1419,3,labsea,MLD2,1160.32875
TUNE42PI_FES27,1419,4,labsea,MLD2,990.33165
TUNE42PI_FES27,1419,5,labsea,MLD2,362.71616
TUNE42PI_FES27,1419,6,labsea,MLD2,17.27665
TUNE42PI_FES27,1419,7,labsea,MLD2,12.42473
TUNE42PI_FES27,1419,8,labsea,MLD2,18.16940
TUNE42PI_FES27,1419,9,labsea,MLD2,24.29645
TUNE42PI_FES27,1419,10,labsea,MLD2,33.25761
TUNE42PI_FES27,1419,11,labsea,MLD2,51.05396
TUNE42PI_FES27,1419,12,labsea,MLD2,364.46437
TUNE42PI_FES27,1419,1,interior,MLD2,1965.57159
TUNE42PI_FES27,1419,2,interior,MLD2,1992.72447
TUNE42PI_FES27,1419,3,interior,MLD2,1774.20101
TUNE42PI_FES27,1419,4,interior,MLD2,1346.53628
TUNE42PI_FES27,1419,5,interior,MLD2,513.62402
TUNE42PI_FES27,1419,6,interior,MLD2,22.28550
TUNE42PI_FES27,1419,7,interior,MLD2,15.58615
TUNE42PI_FES27,1419,8,interior,MLD2,22.15080
TUNE42PI_FES27,1419,9,interior,MLD2,29.43879
TUNE42PI_FES27,1419,10,interior,MLD2,38.95839
TUNE42PI_FES27,1419,11,interior,MLD2,64.17776
TUNE42PI_FES27,1419,12,interior,MLD2,859.63943
TUNE42PI_FES27,1420,1,labsea,a_ice,0.33994
TUNE42PI_FES27,1420,2,labsea,a_ice,0.45855
TUNE42PI_FES27,1420,3,labsea,a_ice,0.43721
TUNE42PI_FES27,1420,4,labsea,a_ice,0.39682
TUNE42PI_FES27,1420,5,labsea,a_ice,0.31705
TUNE42PI_FES27,1420,6,labsea,a_ice,0.15407
TUNE42PI_FES27,1420,7,labsea,a_ice,0.04010
TUNE42PI_FES27,1420,8,labsea,a_ice,0.00414
TUNE42PI_FES27,1420,9,labsea,a_ice,0.00006
TUNE42PI_FES27,1420,10,labsea,a_ice,0.00122
TUNE42PI_FES27,1420,11,labsea,a_ice,0.04157
TUNE42PI_FES27,1420,12,labsea,a_ice,0.12121
TUNE42PI_FES27,1420,1,interior,a_ice,0.14978
TUNE42PI_FES27,1420,2,interior,a_ice,0.37487
TUNE42PI_FES27,1420,3,interior,a_ice,0.33099
TUNE42PI_FES27,1420,4,interior,a_ice,0.21399
TUNE42PI_FES27,1420,5,interior,a_ice,0.10401
TUNE42PI_FES27,1420,6,interior,a_ice,0.02074
TUNE42PI_FES27,1420,7,interior,a_ice,0.00002
TUNE42PI_FES27,1420,8,interior,a_ice,0.00000
TUNE42PI_FES27,1420,9,interior,a_ice,0.00000
TUNE42PI_FES27,1420,10,interior,a_ice,0.00000
TUNE42PI_FES27,1420,11,interior,a_ice,0.00277
TUNE42PI_FES27,1420,12,interior,a_ice,0.01985
TUNE42PI_FES27,1420,1,labsea,MLD2,1080.67248
TUNE42PI_FES27,1420,2,labsea,MLD2,1024.21247
TUNE42PI_FES27,1420,3,labsea,MLD2,965.14011
TUNE42PI_FES27,1420,4,labsea,MLD2,815.64399
TUNE42PI_FES27,1420,5,labsea,MLD2,581.36989
TUNE42PI_FES27,1420,6,labsea,MLD2,23.43375
TUNE42PI_FES27,1420,7,labsea,MLD2,14.87202
TUNE42PI_FES27,1420,8,labsea,MLD2,16.96288
TUNE42PI_FES27,1420,9,labsea,MLD2,24.28397
TUNE42PI_FES27,1420,10,labsea,MLD2,36.23868
TUNE42PI_FES27,1420,11,labsea,MLD2,80.20607
TUNE42PI_FES27,1420,12,labsea,MLD2,413.60391
TUNE42PI_FES27,1420,1,interior,MLD2,1929.54007
TUNE42PI_FES27,1420,2,interior,MLD2,1273.69821
TUNE42PI_FES27,1420,3,interior,MLD2,1125.40915
TUNE42PI_FES27,1420,4,interior,MLD2,1105.16555
TUNE42PI_FES27,1420,5,interior,MLD2,883.89391
TUNE42PI_FES27,1420,6,interior,MLD2,43.61921
TUNE42PI_FES27,1420,7,interior,MLD2,17.93665
TUNE42PI_FES27,1420,8,interior,MLD2,20.82847
TUNE42PI_FES27,1420,9,interior,MLD2,27.24779
TUNE42PI_FES27,1420,10,interior,MLD2,41.43205
TUNE42PI_FES27,1420,11,interior,MLD2,122.16453
TUNE42PI_FES27,1420,12,interior,MLD2,856.93570
TUNE42PI_FES27,1421,1,labsea,a_ice,0.22858
TUNE42PI_FES27,1421,2,labsea,a_ice,0.29687
TUNE42PI_FES27,1421,3,labsea,a_ice,0.39609
TUNE42PI_FES27,1421,4,labsea,a_ice,0.44066
TUNE42PI_FES27,1421,5,labsea,a_ice,0.33451
TUNE42PI_FES27,1421,6,labsea,a_ice,0.16543
TUNE42PI_FES27,1421,7,labsea,a_ice,0.02226
TUNE42PI_FES27,1421,8,labsea,a_ice,0.00006
TUNE42PI_FES27,1421,9,labsea,a_ice,0.00000
TUNE42PI_FES27,1421,10,labsea,a_ice,0.00008
TUNE42PI_FES27,1421,11,labsea,a_ice,0.08883
TUNE42PI_FES27,1421,12,labsea,a_ice,0.25445
TUNE42PI_FES27,1421,1,interior,a_ice,0.07094
TUNE42PI_FES27,1421,2,interior,a_ice,0.10630
TUNE42PI_FES27,1421,3,interior,a_ice,0.30201
TUNE42PI_FES27,1421,4,interior,a_ice,0.42401
TUNE42PI_FES27,1421,5,interior,a_ice,0.22614
TUNE42PI_FES27,1421,6,interior,a_ice,0.06328
TUNE42PI_FES27,1421,7,interior,a_ice,0.00641
TUNE42PI_FES27,1421,8,interior,a_ice,0.00000
TUNE42PI_FES27,1421,9,interior,a_ice,0.00000
TUNE42PI_FES27,1421,10,interior,a_ice,0.00000
TUNE42PI_FES27,1421,11,interior,a_ice,0.02083
TUNE42PI_FES27,1421,12,interior,a_ice,0.07861
TUNE42PI_FES27,1421,1,labsea,MLD2,1155.68230
TUNE42PI_FES27,1421,2,labsea,MLD2,1340.40908
TUNE42PI_FES27,1421,3,labsea,MLD2,1143.08834
TUNE42PI_FES27,1421,4,labsea,MLD2,926.24095
TUNE42PI_FES27,1421,5,labsea,MLD2,440.28497
TUNE42PI_FES27,1421,6,labsea,MLD2,14.26968
TUNE42PI_FES27,1421,7,labsea,MLD2,16.82766
TUNE42PI_FES27,1421,8,labsea,MLD2,15.95249
TUNE42PI_FES27,1421,9,labsea,MLD2,19.89777
TUNE42PI_FES27,1421,10,labsea,MLD2,35.00394
TUNE42PI_FES27,1421,11,labsea,MLD2,165.55991
TUNE42PI_FES27,1421,12,labsea,MLD2,716.33434
TUNE42PI_FES27,1421,1,interior,MLD2,1821.99126
TUNE42PI_FES27,1421,2,interior,MLD2,1922.25078
TUNE42PI_FES27,1421,3,interior,MLD2,1381.57382
TUNE42PI_FES27,1421,4,interior,MLD2,956.64852
TUNE42PI_FES27,1421,5,interior,MLD2,474.40078
TUNE42PI_FES27,1421,6,interior,MLD2,15.88907
TUNE42PI_FES27,1421,7,interior,MLD2,19.71463
TUNE42PI_FES27,1421,8,interior,MLD2,18.22931
TUNE42PI_FES27,1421,9,interior,MLD2,22.63850
TUNE42PI_FES27,1421,10,interior,MLD2,44.46129
TUNE42PI_FES27,1421,11,interior,MLD2,345.73898
TUNE42PI_FES27,1421,12,interior,MLD2,1549.27090
TUNE42PI_FES27,1422,1,labsea,a_ice,0.42435
TUNE42PI_FES27,1422,2,labsea,a_ice,0.53375
TUNE42PI_FES27,1422,3,labsea,a_ice,0.58522
TUNE42PI_FES27,1422,4,labsea,a_ice,0.56100
TUNE42PI_FES27,1422,5,labsea,a_ice,0.34572
TUNE42PI_FES27,1422,6,labsea,a_ice,0.13525
TUNE42PI_FES27,1422,7,labsea,a_ice,0.04333
TUNE42PI_FES27,1422,8,labsea,a_ice,0.00657
TUNE42PI_FES27,1422,9,labsea,a_ice,0.00017
TUNE42PI_FES27,1422,10,labsea,a_ice,0.00089
TUNE42PI_FES27,1422,11,labsea,a_ice,0.02939
TUNE42PI_FES27,1422,12,labsea,a_ice,0.13344
TUNE42PI_FES27,1422,1,interior,a_ice,0.23542
TUNE42PI_FES27,1422,2,interior,a_ice,0.51310
TUNE42PI_FES27,1422,3,interior,a_ice,0.67752
TUNE42PI_FES27,1422,4,interior,a_ice,0.57570
TUNE42PI_FES27,1422,5,interior,a_ice,0.16907
TUNE42PI_FES27,1422,6,interior,a_ice,0.01917
TUNE42PI_FES27,1422,7,interior,a_ice,0.00000
TUNE42PI_FES27,1422,8,interior,a_ice,0.00000
TUNE42PI_FES27,1422,9,interior,a_ice,0.00000
TUNE42PI_FES27,1422,10,interior,a_ice,0.00000
TUNE42PI_FES27,1422,11,interior,a_ice,0.00058
TUNE42PI_FES27,1422,12,interior,a_ice,0.02703
TUNE42PI_FES27,1422,1,labsea,MLD2,1103.07345
TUNE42PI_FES27,1422,2,labsea,MLD2,1081.58611
TUNE42PI_FES27,1422,3,labsea,MLD2,799.19099
TUNE42PI_FES27,1422,4,labsea,MLD2,527.97990
TUNE42PI_FES27,1422,5,labsea,MLD2,192.42515
TUNE42PI_FES27,1422,6,labsea,MLD2,16.61032
TUNE42PI_FES27,1422,7,labsea,MLD2,16.63562
TUNE42PI_FES27,1422,8,labsea,MLD2,17.26683
TUNE42PI_FES27,1422,9,labsea,MLD2,22.61548
TUNE42PI_FES27,1422,10,labsea,MLD2,36.39476
TUNE42PI_FES27,1422,11,labsea,MLD2,66.74852
TUNE42PI_FES27,1422,12,labsea,MLD2,202.19833
TUNE42PI_FES27,1422,1,interior,MLD2,1801.65365
TUNE42PI_FES27,1422,2,interior,MLD2,1260.53050
TUNE42PI_FES27,1422,3,interior,MLD2,582.97178
TUNE42PI_FES27,1422,4,interior,MLD2,303.10477
TUNE42PI_FES27,1422,5,interior,MLD2,135.48564
TUNE42PI_FES27,1422,6,interior,MLD2,19.33445
TUNE42PI_FES27,1422,7,interior,MLD2,18.86473
TUNE42PI_FES27,1422,8,interior,MLD2,20.12910
TUNE42PI_FES27,1422,9,interior,MLD2,27.36547
TUNE42PI_FES27,1422,10,interior,MLD2,44.01642
TUNE42PI_FES27,1422,11,interior,MLD2,111.44641
TUNE42PI_FES27,1422,12,interior,MLD2,430.38173
TUNE42PI_FES27,1423,1,labsea,a_ice,0.30064
TUNE42PI_FES27,1423,2,labsea,a_ice,0.35553
TUNE42PI_FES27,1423,3,labsea,a_ice,0.36006
TUNE42PI_FES27,1423,4,labsea,a_ice,0.30906
TUNE42PI_FES27,1423,5,labsea,a_ice,0.23366
TUNE42PI_FES27,1423,6,labsea,a_ice,0.12004
TUNE42PI_FES27,1423,7,labsea,a_ice,0.01189
TUNE42PI_FES27,1423,8,labsea,a_ice,0.00000
TUNE42PI_FES27,1423,9,labsea,a_ice,0.00000
TUNE42PI_FES27,1423,10,labsea,a_ice,0.00120
TUNE42PI_FES27,1423,11,labsea,a_ice,0.03266
TUNE42PI_FES27,1423,12,labsea,a_ice,0.18172
TUNE42PI_FES27,1423,1,interior,a_ice,0.09421
TUNE42PI_FES27,1423,2,interior,a_ice,0.13079
TUNE42PI_FES27,1423,3,interior,a_ice,0.20972
TUNE42PI_FES27,1423,4,interior,a_ice,0.14443
TUNE42PI_FES27,1423,5,interior,a_ice,0.04859
TUNE42PI_FES27,1423,6,interior,a_ice,0.01033
TUNE42PI_FES27,1423,7,interior,a_ice,0.00000
TUNE42PI_FES27,1423,8,interior,a_ice,0.00000
TUNE42PI_FES27,1423,9,interior,a_ice,0.00000
TUNE42PI_FES27,1423,10,interior,a_ice,0.00000
TUNE42PI_FES27,1423,11,interior,a_ice,0.00072
TUNE42PI_FES27,1423,12,interior,a_ice,0.02548
TUNE42PI_FES27,1423,1,labsea,MLD2,687.25425
TUNE42PI_FES27,1423,2,labsea,MLD2,978.01877
TUNE42PI_FES27,1423,3,labsea,MLD2,1152.39423
TUNE42PI_FES27,1423,4,labsea,MLD2,936.13663
TUNE42PI_FES27,1423,5,labsea,MLD2,468.64949
TUNE42PI_FES27,1423,6,labsea,MLD2,21.98608
TUNE42PI_FES27,1423,7,labsea,MLD2,12.69243
TUNE42PI_FES27,1423,8,labsea,MLD2,15.58820
TUNE42PI_FES27,1423,9,labsea,MLD2,21.13934
TUNE42PI_FES27,1423,10,labsea,MLD2,33.26405
TUNE42PI_FES27,1423,11,labsea,MLD2,59.24524
TUNE42PI_FES27,1423,12,labsea,MLD2,707.54741
TUNE42PI_FES27,1423,1,interior,MLD2,1585.45561
TUNE42PI_FES27,1423,2,interior,MLD2,1777.87936
TUNE42PI_FES27,1423,3,interior,MLD2,1677.07561
TUNE42PI_FES27,1423,4,interior,MLD2,1347.81138
TUNE42PI_FES27,1423,5,interior,MLD2,794.27424
TUNE42PI_FES27,1423,6,interior,MLD2,36.99633
TUNE42PI_FES27,1423,7,interior,MLD2,15.25808
TUNE42PI_FES27,1423,8,interior,MLD2,17.10113
TUNE42PI_FES27,1423,9,interior,MLD2,23.83550
TUNE42PI_FES27,1423,10,interior,MLD2,37.51348
TUNE42PI_FES27,1423,11,interior,MLD2,81.99153
TUNE42PI_FES27,1423,12,interior,MLD2,1237.33060
TUNE42PI_FES27,1424,1,labsea,a_ice,0.21950
TUNE42PI_FES27,1424,2,labsea,a_ice,0.28274
TUNE42PI_FES27,1424,3,labsea,a_ice,0.29220
TUNE42PI_FES27,1424,4,labsea,a_ice,0.26150
TUNE42PI_FES27,1424,5,labsea,a_ice,0.20160
TUNE42PI_FES27,1424,6,labsea,a_ice,0.10655
TUNE42PI_FES27,1424,7,labsea,a_ice,0.02891
TUNE42PI_FES27,1424,8,labsea,a_ice,0.00480
TUNE42PI_FES27,1424,9,labsea,a_ice,0.00000
TUNE42PI_FES27,1424,10,labsea,a_ice,0.00048
TUNE42PI_FES27,1424,11,labsea,a_ice,0.03297
TUNE42PI_FES27,1424,12,labsea,a_ice,0.13338
TUNE42PI_FES27,1424,1,interior,a_ice,0.04613
TUNE42PI_FES27,1424,2,interior,a_ice,0.09158
TUNE42PI_FES27,1424,3,interior,a_ice,0.09563
TUNE42PI_FES27,1424,4,interior,a_ice,0.09472
TUNE42PI_FES27,1424,5,interior,a_ice,0.03391
TUNE42PI_FES27,1424,6,interior,a_ice,0.01067
TUNE42PI_FES27,1424,7,interior,a_ice,0.00000
TUNE42PI_FES27,1424,8,interior,a_ice,0.00000
TUNE42PI_FES27,1424,9,interior,a_ice,0.00000
TUNE42PI_FES27,1424,10,interior,a_ice,0.00000
TUNE42PI_FES27,1424,11,interior,a_ice,0.00012
TUNE42PI_FES27,1424,12,interior,a_ice,0.01044
TUNE42PI_FES27,1424,1,labsea,MLD2,1194.40730
TUNE42PI_FES27,1424,2,labsea,MLD2,1362.14531
TUNE42PI_FES27,1424,3,labsea,MLD2,1307.25610
TUNE42PI_FES27,1424,4,labsea,MLD2,911.67749
TUNE42PI_FES27,1424,5,labsea,MLD2,433.96596
TUNE42PI_FES27,1424,6,labsea,MLD2,15.87328
TUNE42PI_FES27,1424,7,labsea,MLD2,13.78506
TUNE42PI_FES27,1424,8,labsea,MLD2,16.31405
TUNE42PI_FES27,1424,9,labsea,MLD2,25.14948
TUNE42PI_FES27,1424,10,labsea,MLD2,40.84539
TUNE42PI_FES27,1424,11,labsea,MLD2,88.41741
TUNE42PI_FES27,1424,12,labsea,MLD2,454.71596
TUNE42PI_FES27,1424,1,interior,MLD2,2021.54453
TUNE42PI_FES27,1424,2,interior,MLD2,2173.25109
TUNE42PI_FES27,1424,3,interior,MLD2,2004.05789
TUNE42PI_FES27,1424,4,interior,MLD2,1451.41046
TUNE42PI_FES27,1424,5,interior,MLD2,887.10260
TUNE42PI_FES27,1424,6,interior,MLD2,18.96018
TUNE42PI_FES27,1424,7,interior,MLD2,15.31890
TUNE42PI_FES27,1424,8,interior,MLD2,19.18147
TUNE42PI_FES27,1424,9,interior,MLD2,28.20269
TUNE42PI_FES27,1424,10,interior,MLD2,53.08531
TUNE42PI_FES27,1424,11,interior,MLD2,164.40025
TUNE42PI_FES27,1424,12,interior,MLD2,1041.21344
TUNE42PI_FES27,1425,1,labsea,a_ice,0.20395
TUNE42PI_FES27,1425,2,labsea,a_ice,0.28734
TUNE42PI_FES27,1425,3,labsea,a_ice,0.42995
TUNE42PI_FES27,1425,4,labsea,a_ice,0.43661
TUNE42PI_FES27,1425,5,labsea,a_ice,0.27025
TUNE42PI_FES27,1425,6,labsea,a_ice,0.14290
TUNE42PI_FES27,1425,7,labsea,a_ice,0.04177
TUNE42PI_FES27,1425,8,labsea,a_ice,0.00514
TUNE42PI_FES27,1425,9,labsea,a_ice,0.00000
TUNE42PI_FES27,1425,10,labsea,a_ice,0.00019
TUNE42PI_FES27,1425,11,labsea,a_ice,0.02253
TUNE42PI_FES27,1425,12,labsea,a_ice,0.11858
TUNE42PI_FES27,1425,1,interior,a_ice,0.03735
TUNE42PI_FES27,1425,2,interior,a_ice,0.10450
TUNE42PI_FES27,1425,3,interior,a_ice,0.34523
TUNE42PI_FES27,1425,4,interior,a_ice,0.35778
TUNE42PI_FES27,1425,5,interior,a_ice,0.11784
TUNE42PI_FES27,1425,6,interior,a_ice,0.01271
TUNE42PI_FES27,1425,7,interior,a_ice,0.00012
TUNE42PI_FES27,1425,8,interior,a_ice,0.00000
TUNE42PI_FES27,1425,9,interior,a_ice,0.00000
TUNE42PI_FES27,1425,10,interior,a_ice,0.00000
TUNE42PI_FES27,1425,11,interior,a_ice,0.00000
TUNE42PI_FES27,1425,12,interior,a_ice,0.01367
TUNE42PI_FES27,1425,1,labsea,MLD2,1331.71681
TUNE42PI_FES27,1425,2,labsea,MLD2,1424.85352
TUNE42PI_FES27,1425,3,labsea,MLD2,1191.23654
TUNE42PI_FES27,1425,4,labsea,MLD2,796.64455
TUNE42PI_FES27,1425,5,labsea,MLD2,200.31458
TUNE42PI_FES27,1425,6,labsea,MLD2,17.27759
TUNE42PI_FES27,1425,7,labsea,MLD2,15.11939
TUNE42PI_FES27,1425,8,labsea,MLD2,16.26776
TUNE42PI_FES27,1425,9,labsea,MLD2,22.08936
TUNE42PI_FES27,1425,10,labsea,MLD2,30.96484
TUNE42PI_FES27,1425,11,labsea,MLD2,55.75472
TUNE42PI_FES27,1425,12,labsea,MLD2,172.41546
TUNE42PI_FES27,1425,1,interior,MLD2,2125.72220
TUNE42PI_FES27,1425,2,interior,MLD2,2047.62000
TUNE42PI_FES27,1425,3,interior,MLD2,1473.25807
TUNE42PI_FES27,1425,4,interior,MLD2,826.92158
TUNE42PI_FES27,1425,5,interior,MLD2,194.26971
TUNE42PI_FES27,1425,6,interior,MLD2,18.97300
TUNE42PI_FES27,1425,7,interior,MLD2,18.60681
TUNE42PI_FES27,1425,8,interior,MLD2,19.64858
TUNE42PI_FES27,1425,9,interior,MLD2,27.26871
TUNE42PI_FES27,1425,10,interior,MLD2,37.76774
TUNE42PI_FES27,1425,11,interior,MLD2,71.99690
TUNE42PI_FES27,1425,12,interior,MLD2,251.68180
TUNE42PI_FES27,1426,1,labsea,a_ice,0.21445
TUNE42PI_FES27,1426,2,labsea,a_ice,0.33257
TUNE42PI_FES27,1426,3,labsea,a_ice,0.41033
TUNE42PI_FES27,1426,4,labsea,a_ice,0.43397
TUNE42PI_FES27,1426,5,labsea,a_ice,0.33366
TUNE42PI_FES27,1426,6,labsea,a_ice,0.15159
TUNE42PI_FES27,1426,7,labsea,a_ice,0.02582
TUNE42PI_FES27,1426,8,labsea,a_ice,0.00124
TUNE42PI_FES27,1426,9,labsea,a_ice,0.00000
TUNE42PI_FES27,1426,10,labsea,a_ice,0.00067
TUNE42PI_FES27,1426,11,labsea,a_ice,0.03925
TUNE42PI_FES27,1426,12,labsea,a_ice,0.19535
TUNE42PI_FES27,1426,1,interior,a_ice,0.06067
TUNE42PI_FES27,1426,2,interior,a_ice,0.22186
TUNE42PI_FES27,1426,3,interior,a_ice,0.33864
TUNE42PI_FES27,1426,4,interior,a_ice,0.44226
TUNE42PI_FES27,1426,5,interior,a_ice,0.24176
TUNE42PI_FES27,1426,6,interior,a_ice,0.01720
TUNE42PI_FES27,1426,7,interior,a_ice,0.00008
TUNE42PI_FES27,1426,8,interior,a_ice,0.00000
TUNE42PI_FES27,1426,9,interior,a_ice,0.00000
TUNE42PI_FES27,1426,10,interior,a_ice,0.00000
TUNE42PI_FES27,1426,11,interior,a_ice,0.00228
TUNE42PI_FES27,1426,12,interior,a_ice,0.04104
TUNE42PI_FES27,1426,1,labsea,MLD2,688.95323
TUNE42PI_FES27,1426,2,labsea,MLD2,1026.57790
TUNE42PI_FES27,1426,3,labsea,MLD2,992.32328
TUNE42PI_FES27,1426,4,labsea,MLD2,771.28955
TUNE42PI_FES27,1426,5,labsea,MLD2,402.65684
TUNE42PI_FES27,1426,6,labsea,MLD2,23.20000
TUNE42PI_FES27,1426,7,labsea,MLD2,14.54680
TUNE42PI_FES27,1426,8,labsea,MLD2,14.81301
TUNE42PI_FES27,1426,9,labsea,MLD2,24.02773
TUNE42PI_FES27,1426,10,labsea,MLD2,31.75566
TUNE42PI_FES27,1426,11,labsea,MLD2,86.62097
TUNE42PI_FES27,1426,12,labsea,MLD2,515.87913
TUNE42PI_FES27,1426,1,interior,MLD2,1262.39828
TUNE42PI_FES27,1426,2,interior,MLD2,1432.20674
TUNE42PI_FES27,1426,3,interior,MLD2,1092.53082
TUNE42PI_FES27,1426,4,interior,MLD2,786.46127
TUNE42PI_FES27,1426,5,interior,MLD2,408.92472
TUNE42PI_FES27,1426,6,interior,MLD2,36.70492
TUNE42PI_FES27,1426,7,interior,MLD2,16.23431
TUNE42PI_FES27,1426,8,interior,MLD2,17.25773
TUNE42PI_FES27,1426,9,interior,MLD2,27.93916
TUNE42PI_FES27,1426,10,interior,MLD2,38.43499
TUNE42PI_FES27,1426,11,interior,MLD2,152.63382
TUNE42PI_FES27,1426,12,interior,MLD2,1182.86354
TUNE42PI_FES27,1427,1,labsea,a_ice,0.37873
TUNE42PI_FES27,1427,2,labsea,a_ice,0.49172
TUNE42PI_FES27,1427,3,labsea,a_ice,0.58872
TUNE42PI_FES27,1427,4,labsea,a_ice,0.54656
TUNE42PI_FES27,1427,5,labsea,a_ice,0.41265
TUNE42PI_FES27,1427,6,labsea,a_ice,0.19423
TUNE42PI_FES27,1427,7,labsea,a_ice,0.04004
TUNE42PI_FES27,1427,8,labsea,a_ice,0.00332
TUNE42PI_FES27,1427,9,labsea,a_ice,0.00045
TUNE42PI_FES27,1427,10,labsea,a_ice,0.01447
TUNE42PI_FES27,1427,11,labsea,a_ice,0.13372
TUNE42PI_FES27,1427,12,labsea,a_ice,0.28512
TUNE42PI_FES27,1427,1,interior,a_ice,0.23267
TUNE42PI_FES27,1427,2,interior,a_ice,0.41883
TUNE42PI_FES27,1427,3,interior,a_ice,0.67056
TUNE42PI_FES27,1427,4,interior,a_ice,0.58011
TUNE42PI_FES27,1427,5,interior,a_ice,0.41876
TUNE42PI_FES27,1427,6,interior,a_ice,0.15876
TUNE42PI_FES27,1427,7,interior,a_ice,0.01634
TUNE42PI_FES27,1427,8,interior,a_ice,0.00000
TUNE42PI_FES27,1427,9,interior,a_ice,0.00000
TUNE42PI_FES27,1427,10,interior,a_ice,0.00000
TUNE42PI_FES27,1427,11,interior,a_ice,0.01405
TUNE42PI_FES27,1427,12,interior,a_ice,0.08461
TUNE42PI_FES27,1427,1,labsea,MLD2,988.78035
TUNE42PI_FES27,1427,2,labsea,MLD2,960.25549
TUNE42PI_FES27,1427,3,labsea,MLD2,769.20790
TUNE42PI_FES27,1427,4,labsea,MLD2,443.66968
TUNE42PI_FES27,1427,5,labsea,MLD2,188.45326
TUNE42PI_FES27,1427,6,labsea,MLD2,16.40631
TUNE42PI_FES27,1427,7,labsea,MLD2,13.81491
TUNE42PI_FES27,1427,8,labsea,MLD2,16.04981
TUNE42PI_FES27,1427,9,labsea,MLD2,22.58166
TUNE42PI_FES27,1427,10,labsea,MLD2,38.54532
TUNE42PI_FES27,1427,11,labsea,MLD2,273.03874
TUNE42PI_FES27,1427,12,labsea,MLD2,832.93964
TUNE42PI_FES27,1427,1,interior,MLD2,1801.69809
TUNE42PI_FES27,1427,2,interior,MLD2,1317.67351
TUNE42PI_FES27,1427,3,interior,MLD2,678.21291
TUNE42PI_FES27,1427,4,interior,MLD2,301.58045
TUNE42PI_FES27,1427,5,interior,MLD2,125.08312
TUNE42PI_FES27,1427,6,interior,MLD2,17.01735
TUNE42PI_FES27,1427,7,interior,MLD2,14.09358
TUNE42PI_FES27,1427,8,interior,MLD2,17.25245
TUNE42PI_FES27,1427,9,interior,MLD2,23.25774
TUNE42PI_FES27,1427,10,interior,MLD2,41.70106
TUNE42PI_FES27,1427,11,interior,MLD2,402.78184
TUNE42PI_FES27,1427,12,interior,MLD2,1593.09029
TUNE42PI_FES27,1428,1,labsea,a_ice,0.30984
TUNE42PI_FES27,1428,2,labsea,a_ice,0.39426
TUNE42PI_FES27,1428,3,labsea,a_ice,0.41276
TUNE42PI_FES27,1428,4,labsea,a_ice,0.42112
TUNE42PI_FES27,1428,5,labsea,a_ice,0.30681
TUNE42PI_FES27,1428,6,labsea,a_ice,0.18075
TUNE42PI_FES27,1428,7,labsea,a_ice,0.06120
TUNE42PI_FES27,1428,8,labsea,a_ice,0.00168
TUNE42PI_FES27,1428,9,labsea,a_ice,0.00000
TUNE42PI_FES27,1428,10,labsea,a_ice,0.01177
TUNE42PI_FES27,1428,11,labsea,a_ice,0.10587
TUNE42PI_FES27,1428,12,labsea,a_ice,0.21133
TUNE42PI_FES27,1428,1,interior,a_ice,0.11318
TUNE42PI_FES27,1428,2,interior,a_ice,0.20102
TUNE42PI_FES27,1428,3,interior,a_ice,0.31297
TUNE42PI_FES27,1428,4,interior,a_ice,0.37000
TUNE42PI_FES27,1428,5,interior,a_ice,0.13591
TUNE42PI_FES27,1428,6,interior,a_ice,0.02905
TUNE42PI_FES27,1428,7,interior,a_ice,0.01396
TUNE42PI_FES27,1428,8,interior,a_ice,0.00000
TUNE42PI_FES27,1428,9,interior,a_ice,0.00000
TUNE42PI_FES27,1428,10,interior,a_ice,0.00000
TUNE42PI_FES27,1428,11,interior,a_ice,0.00890
TUNE42PI_FES27,1428,12,interior,a_ice,0.04224
TUNE42PI_FES27,1428,1,labsea,MLD2,1090.31188
TUNE42PI_FES27,1428,2,labsea,MLD2,1252.76014
TUNE42PI_FES27,1428,3,labsea,MLD2,1078.21726
TUNE42PI_FES27,1428,4,labsea,MLD2,920.70832
TUNE42PI_FES27,1428,5,labsea,MLD2,429.54423
TUNE42PI_FES27,1428,6,labsea,MLD2,28.74196
TUNE42PI_FES27,1428,7,labsea,MLD2,15.62526
TUNE42PI_FES27,1428,8,labsea,MLD2,15.65009
TUNE42PI_FES27,1428,9,labsea,MLD2,25.17894
TUNE42PI_FES27,1428,10,labsea,MLD2,45.66595
TUNE42PI_FES27,1428,11,labsea,MLD2,404.78830
TUNE42PI_FES27,1428,12,labsea,MLD2,1147.25112
TUNE42PI_FES27,1428,1,interior,MLD2,2010.23957
TUNE42PI_FES27,1428,2,interior,MLD2,2037.61248
TUNE42PI_FES27,1428,3,interior,MLD2,1528.00858
TUNE42PI_FES27,1428,4,interior,MLD2,904.74237
TUNE42PI_FES27,1428,5,interior,MLD2,395.96390
TUNE42PI_FES27,1428,6,interior,MLD2,27.77818
TUNE42PI_FES27,1428,7,interior,MLD2,18.16428
TUNE42PI_FES27,1428,8,interior,MLD2,18.18481
TUNE42PI_FES27,1428,9,interior,MLD2,29.64433
TUNE42PI_FES27,1428,10,interior,MLD2,62.46233
TUNE42PI_FES27,1428,11,interior,MLD2,932.65543
TUNE42PI_FES27,1428,12,interior,MLD2,1878.54148
TUNE42PI_FES27,1429,1,labsea,a_ice,0.31514
TUNE42PI_FES27,1429,2,labsea,a_ice,0.34234
TUNE42PI_FES27,1429,3,labsea,a_ice,0.38113
TUNE42PI_FES27,1429,4,labsea,a_ice,0.34751
TUNE42PI_FES27,1429,5,labsea,a_ice,0.31263
TUNE42PI_FES27,1429,6,labsea,a_ice,0.12611
TUNE42PI_FES27,1429,7,labsea,a_ice,0.01907
TUNE42PI_FES27,1429,8,labsea,a_ice,0.00000
TUNE42PI_FES27,1429,9,labsea,a_ice,0.00000
TUNE42PI_FES27,1429,10,labsea,a_ice,0.00149
TUNE42PI_FES27,1429,11,labsea,a_ice,0.09865
TUNE42PI_FES27,1429,12,labsea,a_ice,0.28720
TUNE42PI_FES27,1429,1,interior,a_ice,0.10635
TUNE42PI_FES27,1429,2,interior,a_ice,0.12117
TUNE42PI_FES27,1429,3,interior,a_ice,0.21285
TUNE42PI_FES27,1429,4,interior,a_ice,0.21879
TUNE42PI_FES27,1429,5,interior,a_ice,0.15062
TUNE42PI_FES27,1429,6,interior,a_ice,0.02610
TUNE42PI_FES27,1429,7,interior,a_ice,0.00000
TUNE42PI_FES27,1429,8,interior,a_ice,0.00000
TUNE42PI_FES27,1429,9,interior,a_ice,0.00000
TUNE42PI_FES27,1429,10,interior,a_ice,0.00000
TUNE42PI_FES27,1429,11,interior,a_ice,0.01354
TUNE42PI_FES27,1429,12,interior,a_ice,0.11426
TUNE42PI_FES27,1429,1,labsea,MLD2,1444.05170
TUNE42PI_FES27,1429,2,labsea,MLD2,1459.52627
TUNE42PI_FES27,1429,3,labsea,MLD2,1397.84858
TUNE42PI_FES27,1429,4,labsea,MLD2,1198.76793
TUNE42PI_FES27,1429,5,labsea,MLD2,682.55379
TUNE42PI_FES27,1429,6,labsea,MLD2,13.77277
TUNE42PI_FES27,1429,7,labsea,MLD2,13.23878
TUNE42PI_FES27,1429,8,labsea,MLD2,18.42720
TUNE42PI_FES27,1429,9,labsea,MLD2,23.56710
TUNE42PI_FES27,1429,10,labsea,MLD2,37.60130
TUNE42PI_FES27,1429,11,labsea,MLD2,408.07410
TUNE42PI_FES27,1429,12,labsea,MLD2,966.81964
TUNE42PI_FES27,1429,1,interior,MLD2,2230.07606
TUNE42PI_FES27,1429,2,interior,MLD2,2129.46761
TUNE42PI_FES27,1429,3,interior,MLD2,1910.15619
TUNE42PI_FES27,1429,4,interior,MLD2,1558.64522
TUNE42PI_FES27,1429,5,interior,MLD2,756.47137
TUNE42PI_FES27,1429,6,interior,MLD2,16.59278
TUNE42PI_FES27,1429,7,interior,MLD2,15.70517
TUNE42PI_FES27,1429,8,interior,MLD2,22.32580
TUNE42PI_FES27,1429,9,interior,MLD2,28.18215
TUNE42PI_FES27,1429,10,interior,MLD2,49.38824
TUNE42PI_FES27,1429,11,interior,MLD2,912.89428
TUNE42PI_FES27,1429,12,interior,MLD2,1666.55537
TUNE42PI_FES27,1430,1,labsea,a_ice,0.32884
TUNE42PI_FES27,1430,2,labsea,a_ice,0.32759
TUNE42PI_FES27,1430,3,labsea,a_ice,0.32464
TUNE42PI_FES27,1430,4,labsea,a_ice,0.30409
TUNE42PI_FES27,1430,5,labsea,a_ice,0.26565
TUNE42PI_FES27,1430,6,labsea,a_ice,0.12804
TUNE42PI_FES27,1430,7,labsea,a_ice,0.03409
TUNE42PI_FES27,1430,8,labsea,a_ice,0.00049
TUNE42PI_FES27,1430,9,labsea,a_ice,0.00000
TUNE42PI_FES27,1430,10,labsea,a_ice,0.00362
TUNE42PI_FES27,1430,11,labsea,a_ice,0.07118
TUNE42PI_FES27,1430,12,labsea,a_ice,0.18286
TUNE42PI_FES27,1430,1,interior,a_ice,0.09815
TUNE42PI_FES27,1430,2,interior,a_ice,0.10770
TUNE42PI_FES27,1430,3,interior,a_ice,0.10132
TUNE42PI_FES27,1430,4,interior,a_ice,0.06319
TUNE42PI_FES27,1430,5,interior,a_ice,0.09117
TUNE42PI_FES27,1430,6,interior,a_ice,0.01801
TUNE42PI_FES27,1430,7,interior,a_ice,0.00028
TUNE42PI_FES27,1430,8,interior,a_ice,0.00000
TUNE42PI_FES27,1430,9,interior,a_ice,0.00000
TUNE42PI_FES27,1430,10,interior,a_ice,0.00000
TUNE42PI_FES27,1430,11,interior,a_ice,0.00973
TUNE42PI_FES27,1430,12,interior,a_ice,0.02868
TUNE42PI_FES27,1430,1,labsea,MLD2,997.12479
TUNE42PI_FES27,1430,2,labsea,MLD2,1217.62582
TUNE42PI_FES27,1430,3,labsea,MLD2,1322.92530
TUNE42PI_FES27,1430,4,labsea,MLD2,1191.87964
TUNE42PI_FES27,1430,5,labsea,MLD2,585.56837
TUNE42PI_FES27,1430,6,labsea,MLD2,15.86204
TUNE42PI_FES27,1430,7,labsea,MLD2,15.50763
TUNE42PI_FES27,1430,8,labsea,MLD2,15.41772
TUNE42PI_FES27,1430,9,labsea,MLD2,21.91787
TUNE42PI_FES27,1430,10,labsea,MLD2,33.49821
TUNE42PI_FES27,1430,11,labsea,MLD2,147.44413
TUNE42PI_FES27,1430,12,labsea,MLD2,718.77635
TUNE42PI_FES27,1430,1,interior,MLD2,1648.42271
TUNE42PI_FES27,1430,2,interior,MLD2,2062.99688
TUNE42PI_FES27,1430,3,interior,MLD2,2203.68183
TUNE42PI_FES27,1430,4,interior,MLD2,2098.96525
TUNE42PI_FES27,1430,5,interior,MLD2,1101.09172
TUNE42PI_FES27,1430,6,interior,MLD2,21.01607
TUNE42PI_FES27,1430,7,interior,MLD2,18.89832
TUNE42PI_FES27,1430,8,interior,MLD2,18.28697
TUNE42PI_FES27,1430,9,interior,MLD2,25.62656
TUNE42PI_FES27,1430,10,interior,MLD2,43.79562
TUNE42PI_FES27,1430,11,interior,MLD2,354.16813
TUNE42PI_FES27,1430,12,interior,MLD2,1590.52777
TUNE42PI_FES27,1431,1,labsea,a_ice,0.30834
TUNE42PI_FES27,1431,2,labsea,a_ice,0.26718
TUNE42PI_FES27,1431,3,labsea,a_ice,0.31459
TUNE42PI_FES27,1431,4,labsea,a_ice,0.31109
TUNE42PI_FES27,1431,5,labsea,a_ice,0.23763
TUNE42PI_FES27,1431,6,labsea,a_ice,0.13224
TUNE42PI_FES27,1431,7,labsea,a_ice,0.05547
TUNE42PI_FES27,1431,8,labsea,a_ice,0.01992
TUNE42PI_FES27,1431,9,labsea,a_ice,0.01503
TUNE42PI_FES27,1431,10,labsea,a_ice,0.03237
TUNE42PI_FES27,1431,11,labsea,a_ice,0.09156
TUNE42PI_FES27,1431,12,labsea,a_ice,0.22357
TUNE42PI_FES27,1431,1,interior,a_ice,0.09517
TUNE42PI_FES27,1431,2,interior,a_ice,0.06939
TUNE42PI_FES27,1431,3,interior,a_ice,0.09710
TUNE42PI_FES27,1431,4,interior,a_ice,0.09542
TUNE42PI_FES27,1431,5,interior,a_ice,0.06719
TUNE42PI_FES27,1431,6,interior,a_ice,0.05558
TUNE42PI_FES27,1431,7,interior,a_ice,0.00175
TUNE42PI_FES27,1431,8,interior,a_ice,0.00000
TUNE42PI_FES27,1431,9,interior,a_ice,0.00000
TUNE42PI_FES27,1431,10,interior,a_ice,0.00000
TUNE42PI_FES27,1431,11,interior,a_ice,0.00574
TUNE42PI_FES27,1431,12,interior,a_ice,0.06621
TUNE42PI_FES27,1431,1,labsea,MLD2,1302.73571
TUNE42PI_FES27,1431,2,labsea,MLD2,1501.06456
TUNE42PI_FES27,1431,3,labsea,MLD2,1503.67288
TUNE42PI_FES27,1431,4,labsea,MLD2,1244.93307
TUNE42PI_FES27,1431,5,labsea,MLD2,545.13645
TUNE42PI_FES27,1431,6,labsea,MLD2,20.33430
TUNE42PI_FES27,1431,7,labsea,MLD2,15.34678
TUNE42PI_FES27,1431,8,labsea,MLD2,15.86177
TUNE42PI_FES27,1431,9,labsea,MLD2,22.23587
TUNE42PI_FES27,1431,10,labsea,MLD2,38.38678
TUNE42PI_FES27,1431,11,labsea,MLD2,131.64586
TUNE42PI_FES27,1431,12,labsea,MLD2,850.26352
TUNE42PI_FES27,1431,1,interior,MLD2,2158.01643
TUNE42PI_FES27,1431,2,interior,MLD2,2387.60862
TUNE42PI_FES27,1431,3,interior,MLD2,2301.97221
TUNE42PI_FES27,1431,4,interior,MLD2,1865.38746
TUNE42PI_FES27,1431,5,interior,MLD2,914.42234
TUNE42PI_FES27,1431,6,interior,MLD2,27.19751
TUNE42PI_FES27,1431,7,interior,MLD2,17.36891
TUNE42PI_FES27,1431,8,interior,MLD2,17.58478
TUNE42PI_FES27,1431,9,interior,MLD2,22.63660
TUNE42PI_FES27,1431,10,interior,MLD2,40.77773
TUNE42PI_FES27,1431,11,interior,MLD2,180.71458
TUNE42PI_FES27,1431,12,interior,MLD2,1372.52724
TUNE42PI_FES27,1432,1,labsea,a_ice,0.32276
TUNE42PI_FES27,1432,2,labsea,a_ice,0.44323
TUNE42PI_FES27,1432,3,labsea,a_ice,0.57094
TUNE42PI_FES27,1432,4,labsea,a_ice,0.62550
TUNE42PI_FES27,1432,5,labsea,a_ice,0.42984
TUNE42PI_FES27,1432,6,labsea,a_ice,0.25279
TUNE42PI_FES27,1432,7,labsea,a_ice,0.08586
TUNE42PI_FES27,1432,8,labsea,a_ice,0.00502
TUNE42PI_FES27,1432,9,labsea,a_ice,0.00007
TUNE42PI_FES27,1432,10,labsea,a_ice,0.00343
TUNE42PI_FES27,1432,11,labsea,a_ice,0.08143
TUNE42PI_FES27,1432,12,labsea,a_ice,0.24571
TUNE42PI_FES27,1432,1,interior,a_ice,0.14698
TUNE42PI_FES27,1432,2,interior,a_ice,0.37489
TUNE42PI_FES27,1432,3,interior,a_ice,0.64756
TUNE42PI_FES27,1432,4,interior,a_ice,0.76578
TUNE42PI_FES27,1432,5,interior,a_ice,0.42215
TUNE42PI_FES27,1432,6,interior,a_ice,0.10834
TUNE42PI_FES27,1432,7,interior,a_ice,0.01714
TUNE42PI_FES27,1432,8,interior,a_ice,0.00000
TUNE42PI_FES27,1432,9,interior,a_ice,0.00000
TUNE42PI_FES27,1432,10,interior,a_ice,0.00000
TUNE42PI_FES27,1432,11,interior,a_ice,0.01259
TUNE42PI_FES27,1432,12,interior,a_ice,0.10756
TUNE42PI_FES27,1432,1,labsea,MLD2,1228.25855
TUNE42PI_FES27,1432,2,labsea,MLD2,1112.56435
TUNE42PI_FES27,1432,3,labsea,MLD2,899.00037
TUNE42PI_FES27,1432,4,labsea,MLD2,557.36971
TUNE42PI_FES27,1432,5,labsea,MLD2,204.65301
TUNE42PI_FES27,1432,6,labsea,MLD2,14.75865
TUNE42PI_FES27,1432,7,labsea,MLD2,11.93713
TUNE42PI_FES27,1432,8,labsea,MLD2,14.71472
TUNE42PI_FES27,1432,9,labsea,MLD2,20.86024
TUNE42PI_FES27,1432,10,labsea,MLD2,30.11521
TUNE42PI_FES27,1432,11,labsea,MLD2,135.84306
TUNE42PI_FES27,1432,12,labsea,MLD2,415.15747
TUNE42PI_FES27,1432,1,interior,MLD2,1840.60154
TUNE42PI_FES27,1432,2,interior,MLD2,1356.50971
TUNE42PI_FES27,1432,3,interior,MLD2,739.83521
TUNE42PI_FES27,1432,4,interior,MLD2,161.36928
TUNE42PI_FES27,1432,5,interior,MLD2,52.77455
TUNE42PI_FES27,1432,6,interior,MLD2,14.88359
TUNE42PI_FES27,1432,7,interior,MLD2,13.86995
TUNE42PI_FES27,1432,8,interior,MLD2,17.30599
TUNE42PI_FES27,1432,9,interior,MLD2,23.29747
TUNE42PI_FES27,1432,10,interior,MLD2,36.65986
TUNE42PI_FES27,1432,11,interior,MLD2,135.23022
TUNE42PI_FES27,1432,12,interior,MLD2,558.86659
TUNE42PI_FES27,1433,1,labsea,a_ice,0.35006
TUNE42PI_FES27,1433,2,labsea,a_ice,0.45580
TUNE42PI_FES27,1433,3,labsea,a_ice,0.44593
TUNE42PI_FES27,1433,4,labsea,a_ice,0.38716
TUNE42PI_FES27,1433,5,labsea,a_ice,0.21292
TUNE42PI_FES27,1433,6,labsea,a_ice,0.06718
TUNE42PI_FES27,1433,7,labsea,a_ice,0.01479
TUNE42PI_FES27,1433,8,labsea,a_ice,0.00085
TUNE42PI_FES27,1433,9,labsea,a_ice,0.00000
TUNE42PI_FES27,1433,10,labsea,a_ice,0.00175
TUNE42PI_FES27,1433,11,labsea,a_ice,0.03727
TUNE42PI_FES27,1433,12,labsea,a_ice,0.16184
TUNE42PI_FES27,1433,1,interior,a_ice,0.22060
TUNE42PI_FES27,1433,2,interior,a_ice,0.35813
TUNE42PI_FES27,1433,3,interior,a_ice,0.37722
TUNE42PI_FES27,1433,4,interior,a_ice,0.25470
TUNE42PI_FES27,1433,5,interior,a_ice,0.06364
TUNE42PI_FES27,1433,6,interior,a_ice,0.00717
TUNE42PI_FES27,1433,7,interior,a_ice,0.00000
TUNE42PI_FES27,1433,8,interior,a_ice,0.00000
TUNE42PI_FES27,1433,9,interior,a_ice,0.00000
TUNE42PI_FES27,1433,10,interior,a_ice,0.00000
TUNE42PI_FES27,1433,11,interior,a_ice,0.00000
TUNE42PI_FES27,1433,12,interior,a_ice,0.03507
TUNE42PI_FES27,1433,1,labsea,MLD2,705.58632
TUNE42PI_FES27,1433,2,labsea,MLD2,979.13191
TUNE42PI_FES27,1433,3,labsea,MLD2,931.08293
TUNE42PI_FES27,1433,4,labsea,MLD2,797.10021
TUNE42PI_FES27,1433,5,labsea,MLD2,276.81035
TUNE42PI_FES27,1433,6,labsea,MLD2,14.58812
TUNE42PI_FES27,1433,7,labsea,MLD2,14.65410
TUNE42PI_FES27,1433,8,labsea,MLD2,16.06711
TUNE42PI_FES27,1433,9,labsea,MLD2,24.02169
TUNE42PI_FES27,1433,10,labsea,MLD2,38.75706
TUNE42PI_FES27,1433,11,labsea,MLD2,70.17220
TUNE42PI_FES27,1433,12,labsea,MLD2,519.09621
TUNE42PI_FES27,1433,1,interior,MLD2,1060.38901
TUNE42PI_FES27,1433,2,interior,MLD2,1478.68019
TUNE42PI_FES27,1433,3,interior,MLD2,1245.57954
TUNE42PI_FES27,1433,4,interior,MLD2,1183.72007
TUNE42PI_FES27,1433,5,interior,MLD2,350.50052
TUNE42PI_FES27,1433,6,interior,MLD2,17.35480
TUNE42PI_FES27,1433,7,interior,MLD2,17.35674
TUNE42PI_FES27,1433,8,interior,MLD2,20.09766
TUNE42PI_FES27,1433,9,interior,MLD2,29.00488
TUNE42PI_FES27,1433,10,interior,MLD2,47.86718
TUNE42PI_FES27,1433,11,interior,MLD2,114.60747
TUNE42PI_FES27,1433,12,interior,MLD2,978.34028
TUNE42PI_FES27,1434,1,labsea,a_ice,0.28806
TUNE42PI_FES27,1434,2,labsea,a_ice,0.33129
TUNE42PI_FES27,1434,3,labsea,a_ice,0.31808
TUNE42PI_FES27,1434,4,labsea,a_ice,0.40521
TUNE42PI_FES27,1434,5,labsea,a_ice,0.31794
TUNE42PI_FES27,1434,6,labsea,a_ice,0.12492
TUNE42PI_FES27,1434,7,labsea,a_ice,0.00997
TUNE42PI_FES27,1434,8,labsea,a_ice,0.00000
TUNE42PI_FES27,1434,9,labsea,a_ice,0.00000
TUNE42PI_FES27,1434,10,labsea,a_ice,0.00000
TUNE42PI_FES27,1434,11,labsea,a_ice,0.03140
TUNE42PI_FES27,1434,12,labsea,a_ice,0.14417
TUNE42PI_FES27,1434,1,interior,a_ice,0.19031
TUNE42PI_FES27,1434,2,interior,a_ice,0.23347
TUNE42PI_FES27,1434,3,interior,a_ice,0.16304
TUNE42PI_FES27,1434,4,interior,a_ice,0.35273
TUNE42PI_FES27,1434,5,interior,a_ice,0.15886
TUNE42PI_FES27,1434,6,interior,a_ice,0.02298
TUNE42PI_FES27,1434,7,interior,a_ice,0.00000
TUNE42PI_FES27,1434,8,interior,a_ice,0.00000
TUNE42PI_FES27,1434,9,interior,a_ice,0.00000
TUNE42PI_FES27,1434,10,interior,a_ice,0.00000
TUNE42PI_FES27,1434,11,interior,a_ice,0.00128
TUNE42PI_FES27,1434,12,interior,a_ice,0.01054
TUNE42PI_FES27,1434,1,labsea,MLD2,1040.32058
TUNE42PI_FES27,1434,2,labsea,MLD2,1041.24869
TUNE42PI_FES27,1434,3,labsea,MLD2,956.51007
TUNE42PI_FES27,1434,4,labsea,MLD2,818.59867
TUNE42PI_FES27,1434,5,labsea,MLD2,397.52899
TUNE42PI_FES27,1434,6,labsea,MLD2,14.84864
TUNE42PI_FES27,1434,7,labsea,MLD2,13.89498
TUNE42PI_FES27,1434,8,labsea,MLD2,15.93648
TUNE42PI_FES27,1434,9,labsea,MLD2,23.46131
TUNE42PI_FES27,1434,10,labsea,MLD2,34.50693
TUNE42PI_FES27,1434,11,labsea,MLD2,102.41888
TUNE42PI_FES27,1434,12,labsea,MLD2,563.11385
TUNE42PI_FES27,1434,1,interior,MLD2,1436.90428
TUNE42PI_FES27,1434,2,interior,MLD2,995.02875
TUNE42PI_FES27,1434,3,interior,MLD2,1033.18822
TUNE42PI_FES27,1434,4,interior,MLD2,826.79990
TUNE42PI_FES27,1434,5,interior,MLD2,410.43412
TUNE42PI_FES27,1434,6,interior,MLD2,15.36730
TUNE42PI_FES27,1434,7,interior,MLD2,15.72797
TUNE42PI_FES27,1434,8,interior,MLD2,18.06916
TUNE42PI_FES27,1434,9,interior,MLD2,25.79911
TUNE42PI_FES27,1434,10,interior,MLD2,38.32750
TUNE42PI_FES27,1434,11,interior,MLD2,163.58828
TUNE42PI_FES27,1434,12,interior,MLD2,1172.34771
TUNE42PI_FES27,1435,1,labsea,a_ice,0.19953
TUNE42PI_FES27,1435,2,labsea,a_ice,0.25524
TUNE42PI_FES27,1435,3,labsea,a_ice,0.25080
TUNE42PI_FES27,1435,4,labsea,a_ice,0.23730
TUNE42PI_FES27,1435,5,labsea,a_ice,0.20184
TUNE42PI_FES27,1435,6,labsea,a_ice,0.13424
TUNE42PI_FES27,1435,7,labsea,a_ice,0.04413
TUNE42PI_FES27,1435,8,labsea,a_ice,0.01604
TUNE42PI_FES27,1435,9,labsea,a_ice,0.00502
TUNE42PI_FES27,1435,10,labsea,a_ice,0.01947
TUNE42PI_FES27,1435,11,labsea,a_ice,0.05622
TUNE42PI_FES27,1435,12,labsea,a_ice,0.15834
TUNE42PI_FES27,1435,1,interior,a_ice,0.03393
TUNE42PI_FES27,1435,2,interior,a_ice,0.06357
TUNE42PI_FES27,1435,3,interior,a_ice,0.11277
TUNE42PI_FES27,1435,4,interior,a_ice,0.06263
TUNE42PI_FES27,1435,5,interior,a_ice,0.05998
TUNE42PI_FES27,1435,6,interior,a_ice,0.06566
TUNE42PI_FES27,1435,7,interior,a_ice,0.00325
TUNE42PI_FES27,1435,8,interior,a_ice,0.00000
TUNE42PI_FES27,1435,9,interior,a_ice,0.00000
TUNE42PI_FES27,1435,10,interior,a_ice,0.00000
TUNE42PI_FES27,1435,11,interior,a_ice,0.00074
TUNE42PI_FES27,1435,12,interior,a_ice,0.03791
TUNE42PI_FES27,1435,1,labsea,MLD2,1174.92655
TUNE42PI_FES27,1435,2,labsea,MLD2,1446.64029
TUNE42PI_FES27,1435,3,labsea,MLD2,1284.05336
TUNE42PI_FES27,1435,4,labsea,MLD2,1127.52724
TUNE42PI_FES27,1435,5,labsea,MLD2,757.52930
TUNE42PI_FES27,1435,6,labsea,MLD2,151.43276
TUNE42PI_FES27,1435,7,labsea,MLD2,13.49507
TUNE42PI_FES27,1435,8,labsea,MLD2,17.02949
TUNE42PI_FES27,1435,9,labsea,MLD2,24.54987
TUNE42PI_FES27,1435,10,labsea,MLD2,41.20785
TUNE42PI_FES27,1435,11,labsea,MLD2,149.54055
TUNE42PI_FES27,1435,12,labsea,MLD2,701.04221
TUNE42PI_FES27,1435,1,interior,MLD2,2017.50449
TUNE42PI_FES27,1435,2,interior,MLD2,2325.20801
TUNE42PI_FES27,1435,3,interior,MLD2,1894.12192
TUNE42PI_FES27,1435,4,interior,MLD2,1773.13093
TUNE42PI_FES27,1435,5,interior,MLD2,1460.68895
TUNE42PI_FES27,1435,6,interior,MLD2,378.05291
TUNE42PI_FES27,1435,7,interior,MLD2,15.99539
TUNE42PI_FES27,1435,8,interior,MLD2,20.80310
TUNE42PI_FES27,1435,9,interior,MLD2,28.23014
TUNE42PI_FES27,1435,10,interior,MLD2,49.49208
TUNE42PI_FES27,1435,11,interior,MLD2,243.15074
TUNE42PI_FES27,1435,12,interior,MLD2,1214.86385
TUNE42PI_FES27,1436,1,labsea,a_ice,0.24308
TUNE42PI_FES27,1436,2,labsea,a_ice,0.27455
TUNE42PI_FES27,1436,3,labsea,a_ice,0.30189
TUNE42PI_FES27,1436,4,labsea,a_ice,0.27674
TUNE42PI_FES27,1436,5,labsea,a_ice,0.21083
TUNE42PI_FES27,1436,6,labsea,a_ice,0.11608
TUNE42PI_FES27,1436,7,labsea,a_ice,0.02070
TUNE42PI_FES27,1436,8,labsea,a_ice,0.00088
TUNE42PI_FES27,1436,9,labsea,a_ice,0.00000
TUNE42PI_FES27,1436,10,labsea,a_ice,0.00032
TUNE42PI_FES27,1436,11,labsea,a_ice,0.02772
TUNE42PI_FES27,1436,12,labsea,a_ice,0.15320
TUNE42PI_FES27,1436,1,interior,a_ice,0.06974
TUNE42PI_FES27,1436,2,interior,a_ice,0.07570
TUNE42PI_FES27,1436,3,interior,a_ice,0.10912
TUNE42PI_FES27,1436,4,interior,a_ice,0.11107
TUNE42PI_FES27,1436,5,interior,a_ice,0.05668
TUNE42PI_FES27,1436,6,interior,a_ice,0.00761
TUNE42PI_FES27,1436,7,interior,a_ice,0.00000
TUNE42PI_FES27,1436,8,interior,a_ice,0.00000
TUNE42PI_FES27,1436,9,interior,a_ice,0.00000
TUNE42PI_FES27,1436,10,interior,a_ice,0.00000
TUNE42PI_FES27,1436,11,interior,a_ice,0.00119
TUNE42PI_FES27,1436,12,interior,a_ice,0.02698
TUNE42PI_FES27,1436,1,labsea,MLD2,1215.61745
TUNE42PI_FES27,1436,2,labsea,MLD2,1473.30258
TUNE42PI_FES27,1436,3,labsea,MLD2,1354.65614
TUNE42PI_FES27,1436,4,labsea,MLD2,954.53839
TUNE42PI_FES27,1436,5,labsea,MLD2,257.74804
TUNE42PI_FES27,1436,6,labsea,MLD2,14.78955
TUNE42PI_FES27,1436,7,labsea,MLD2,13.50451
TUNE42PI_FES27,1436,8,labsea,MLD2,18.25264
TUNE42PI_FES27,1436,9,labsea,MLD2,24.11000
TUNE42PI_FES27,1436,10,labsea,MLD2,35.84420
TUNE42PI_FES27,1436,11,labsea,MLD2,102.77065
TUNE42PI_FES27,1436,12,labsea,MLD2,698.05071
TUNE42PI_FES27,1436,1,interior,MLD2,1950.42384
TUNE42PI_FES27,1436,2,interior,MLD2,2178.64914
TUNE42PI_FES27,1436,3,interior,MLD2,1922.74205
TUNE42PI_FES27,1436,4,interior,MLD2,1416.51699
TUNE42PI_FES27,1436,5,interior,MLD2,630.82375
TUNE42PI_FES27,1436,6,interior,MLD2,17.63102
TUNE42PI_FES27,1436,7,interior,MLD2,15.17351
TUNE42PI_FES27,1436,8,interior,MLD2,21.34113
TUNE42PI_FES27,1436,9,interior,MLD2,27.92391
TUNE42PI_FES27,1436,10,interior,MLD2,41.34478
TUNE42PI_FES27,1436,11,interior,MLD2,175.58264
TUNE42PI_FES27,1436,12,interior,MLD2,1225.02225
TUNE42PI_FES27,1437,1,labsea,a_ice,0.23792
TUNE42PI_FES27,1437,2,labsea,a_ice,0.25258
TUNE42PI_FES27,1437,3,labsea,a_ice,0.27221
TUNE42PI_FES27,1437,4,labsea,a_ice,0.26985
TUNE42PI_FES27,1437,5,labsea,a_ice,0.21778
TUNE42PI_FES27,1437,6,labsea,a_ice,0.10842
TUNE42PI_FES27,1437,7,labsea,a_ice,0.00851
TUNE42PI_FES27,1437,8,labsea,a_ice,0.00000
TUNE42PI_FES27,1437,9,labsea,a_ice,0.00000
TUNE42PI_FES27,1437,10,labsea,a_ice,0.00005
TUNE42PI_FES27,1437,11,labsea,a_ice,0.02431
TUNE42PI_FES27,1437,12,labsea,a_ice,0.15121
TUNE42PI_FES27,1437,1,interior,a_ice,0.06098
TUNE42PI_FES27,1437,2,interior,a_ice,0.06825
TUNE42PI_FES27,1437,3,interior,a_ice,0.07881
TUNE42PI_FES27,1437,4,interior,a_ice,0.12025
TUNE42PI_FES27,1437,5,interior,a_ice,0.05052
TUNE42PI_FES27,1437,6,interior,a_ice,0.01808
TUNE42PI_FES27,1437,7,interior,a_ice,0.00154
TUNE42PI_FES27,1437,8,interior,a_ice,0.00000
TUNE42PI_FES27,1437,9,interior,a_ice,0.00000
TUNE42PI_FES27,1437,10,interior,a_ice,0.00000
TUNE42PI_FES27,1437,11,interior,a_ice,0.00081
TUNE42PI_FES27,1437,12,interior,a_ice,0.03783
TUNE42PI_FES27,1437,1,labsea,MLD2,1162.47296
TUNE42PI_FES27,1437,2,labsea,MLD2,1355.79519
TUNE42PI_FES27,1437,3,labsea,MLD2,1305.06127
TUNE42PI_FES27,1437,4,labsea,MLD2,1038.29114
TUNE42PI_FES27,1437,5,labsea,MLD2,432.92642
TUNE42PI_FES27,1437,6,labsea,MLD2,15.02039
TUNE42PI_FES27,1437,7,labsea,MLD2,12.61202
TUNE42PI_FES27,1437,8,labsea,MLD2,16.91899
TUNE42PI_FES27,1437,9,labsea,MLD2,22.40137
TUNE42PI_FES27,1437,10,labsea,MLD2,33.74932
TUNE42PI_FES27,1437,11,labsea,MLD2,64.27741
TUNE42PI_FES27,1437,12,labsea,MLD2,460.28801
TUNE42PI_FES27,1437,1,interior,MLD2,1839.51208
TUNE42PI_FES27,1437,2,interior,MLD2,1853.95190
TUNE42PI_FES27,1437,3,interior,MLD2,1708.79915
TUNE42PI_FES27,1437,4,interior,MLD2,1250.23608
TUNE42PI_FES27,1437,5,interior,MLD2,635.51598
TUNE42PI_FES27,1437,6,interior,MLD2,18.11652
TUNE42PI_FES27,1437,7,interior,MLD2,14.25503
TUNE42PI_FES27,1437,8,interior,MLD2,17.76120
TUNE42PI_FES27,1437,9,interior,MLD2,24.58219
TUNE42PI_FES27,1437,10,interior,MLD2,37.34793
TUNE42PI_FES27,1437,11,interior,MLD2,85.07382
TUNE42PI_FES27,1437,12,interior,MLD2,892.07641
TUNE42PI_FES27,1438,1,labsea,a_ice,0.25865
TUNE42PI_FES27,1438,2,labsea,a_ice,0.34219
TUNE42PI_FES27,1438,3,labsea,a_ice,0.27976
TUNE42PI_FES27,1438,4,labsea,a_ice,0.27963
TUNE42PI_FES27,1438,5,labsea,a_ice,0.22899
TUNE42PI_FES27,1438,6,labsea,a_ice,0.13150
TUNE42PI_FES27,1438,7,labsea,a_ice,0.05264
TUNE42PI_FES27,1438,8,labsea,a_ice,0.00642
TUNE42PI_FES27,1438,9,labsea,a_ice,0.00047
TUNE42PI_FES27,1438,10,labsea,a_ice,0.00200
TUNE42PI_FES27,1438,11,labsea,a_ice,0.06386
TUNE42PI_FES27,1438,12,labsea,a_ice,0.16112
TUNE42PI_FES27,1438,1,interior,a_ice,0.08102
TUNE42PI_FES27,1438,2,interior,a_ice,0.19434
TUNE42PI_FES27,1438,3,interior,a_ice,0.12485
TUNE42PI_FES27,1438,4,interior,a_ice,0.10768
TUNE42PI_FES27,1438,5,interior,a_ice,0.06621
TUNE42PI_FES27,1438,6,interior,a_ice,0.04161
TUNE42PI_FES27,1438,7,interior,a_ice,0.00966
TUNE42PI_FES27,1438,8,interior,a_ice,0.00033
TUNE42PI_FES27,1438,9,interior,a_ice,0.00000
TUNE42PI_FES27,1438,10,interior,a_ice,0.00000
TUNE42PI_FES27,1438,11,interior,a_ice,0.00147
TUNE42PI_FES27,1438,12,interior,a_ice,0.02225
TUNE42PI_FES27,1438,1,labsea,MLD2,1225.54970
TUNE42PI_FES27,1438,2,labsea,MLD2,1309.40802
TUNE42PI_FES27,1438,3,labsea,MLD2,1073.16138
TUNE42PI_FES27,1438,4,labsea,MLD2,815.37466
TUNE42PI_FES27,1438,5,labsea,MLD2,562.50413
TUNE42PI_FES27,1438,6,labsea,MLD2,72.89163
TUNE42PI_FES27,1438,7,labsea,MLD2,14.86230
TUNE42PI_FES27,1438,8,labsea,MLD2,15.58188
TUNE42PI_FES27,1438,9,labsea,MLD2,23.53287
TUNE42PI_FES27,1438,10,labsea,MLD2,35.73562
TUNE42PI_FES27,1438,11,labsea,MLD2,134.91321
TUNE42PI_FES27,1438,12,labsea,MLD2,751.41151
TUNE42PI_FES27,1438,1,interior,MLD2,2007.56863
TUNE42PI_FES27,1438,2,interior,MLD2,1868.82858
TUNE42PI_FES27,1438,3,interior,MLD2,1455.18248
TUNE42PI_FES27,1438,4,interior,MLD2,1168.18414
TUNE42PI_FES27,1438,5,interior,MLD2,807.04923
TUNE42PI_FES27,1438,6,interior,MLD2,101.54314
TUNE42PI_FES27,1438,7,interior,MLD2,16.15078
TUNE42PI_FES27,1438,8,interior,MLD2,17.73081
TUNE42PI_FES27,1438,9,interior,MLD2,26.80475
TUNE42PI_FES27,1438,10,interior,MLD2,41.55361
TUNE42PI_FES27,1438,11,interior,MLD2,256.32858
TUNE42PI_FES27,1438,12,interior,MLD2,1461.43560
TUNE42PI_FES27,1439,1,labsea,a_ice,0.23586
TUNE42PI_FES27,1439,2,labsea,a_ice,0.25601
TUNE42PI_FES27,1439,3,labsea,a_ice,0.28202
TUNE42PI_FES27,1439,4,labsea,a_ice,0.30450
TUNE42PI_FES27,1439,5,labsea,a_ice,0.28860
TUNE42PI_FES27,1439,6,labsea,a_ice,0.21101
TUNE42PI_FES27,1439,7,labsea,a_ice,0.07081
TUNE42PI_FES27,1439,8,labsea,a_ice,0.01809
TUNE42PI_FES27,1439,9,labsea,a_ice,0.00555
TUNE42PI_FES27,1439,10,labsea,a_ice,0.00550
TUNE42PI_FES27,1439,11,labsea,a_ice,0.05753
TUNE42PI_FES27,1439,12,labsea,a_ice,0.16906
TUNE42PI_FES27,1439,1,interior,a_ice,0.05476
TUNE42PI_FES27,1439,2,interior,a_ice,0.06386
TUNE42PI_FES27,1439,3,interior,a_ice,0.09329
TUNE42PI_FES27,1439,4,interior,a_ice,0.12609
TUNE42PI_FES27,1439,5,interior,a_ice,0.17664
TUNE42PI_FES27,1439,6,interior,a_ice,0.05490
TUNE42PI_FES27,1439,7,interior,a_ice,0.00744
TUNE42PI_FES27,1439,8,interior,a_ice,0.00000
TUNE42PI_FES27,1439,9,interior,a_ice,0.00000
TUNE42PI_FES27,1439,10,interior,a_ice,0.00000
TUNE42PI_FES27,1439,11,interior,a_ice,0.00053
TUNE42PI_FES27,1439,12,interior,a_ice,0.01344
TUNE42PI_FES27,1439,1,labsea,MLD2,1392.24891
TUNE42PI_FES27,1439,2,labsea,MLD2,1411.65196
TUNE42PI_FES27,1439,3,labsea,MLD2,1266.23676
TUNE42PI_FES27,1439,4,labsea,MLD2,1027.49678
TUNE42PI_FES27,1439,5,labsea,MLD2,664.84634
TUNE42PI_FES27,1439,6,labsea,MLD2,179.07099
TUNE42PI_FES27,1439,7,labsea,MLD2,13.20311
TUNE42PI_FES27,1439,8,labsea,MLD2,15.72058
TUNE42PI_FES27,1439,9,labsea,MLD2,24.99073
TUNE42PI_FES27,1439,10,labsea,MLD2,44.05736
TUNE42PI_FES27,1439,11,labsea,MLD2,117.02190
TUNE42PI_FES27,1439,12,labsea,MLD2,669.97489
TUNE42PI_FES27,1439,1,interior,MLD2,2393.43520
TUNE42PI_FES27,1439,2,interior,MLD2,2375.26922
TUNE42PI_FES27,1439,3,interior,MLD2,2068.89329
TUNE42PI_FES27,1439,4,interior,MLD2,1553.78593
TUNE42PI_FES27,1439,5,interior,MLD2,956.23109
TUNE42PI_FES27,1439,6,interior,MLD2,281.28802
TUNE42PI_FES27,1439,7,interior,MLD2,15.12642
TUNE42PI_FES27,1439,8,interior,MLD2,17.57470
TUNE42PI_FES27,1439,9,interior,MLD2,28.17657
TUNE42PI_FES27,1439,10,interior,MLD2,54.55414
TUNE42PI_FES27,1439,11,interior,MLD2,212.68978
TUNE42PI_FES27,1439,12,interior,MLD2,1552.09334
TUNE42PI_FES27,1440,1,labsea,a_ice,0.24551
TUNE42PI_FES27,1440,2,labsea,a_ice,0.39156
TUNE42PI_FES27,1440,3,labsea,a_ice,0.39672
TUNE42PI_FES27,1440,4,labsea,a_ice,0.35973
TUNE42PI_FES27,1440,5,labsea,a_ice,0.24885
TUNE42PI_FES27,1440,6,labsea,a_ice,0.10122
TUNE42PI_FES27,1440,7,labsea,a_ice,0.02142
TUNE42PI_FES27,1440,8,labsea,a_ice,0.00006
TUNE42PI_FES27,1440,9,labsea,a_ice,0.00000
TUNE42PI_FES27,1440,10,labsea,a_ice,0.00006
TUNE42PI_FES27,1440,11,labsea,a_ice,0.02947
TUNE42PI_FES27,1440,12,labsea,a_ice,0.15576
TUNE42PI_FES27,1440,1,interior,a_ice,0.07023
TUNE42PI_FES27,1440,2,interior,a_ice,0.20247
TUNE42PI_FES27,1440,3,interior,a_ice,0.22467
TUNE42PI_FES27,1440,4,interior,a_ice,0.25822
TUNE42PI_FES27,1440,5,interior,a_ice,0.10232
TUNE42PI_FES27,1440,6,interior,a_ice,0.02019
TUNE42PI_FES27,1440,7,interior,a_ice,0.00000
TUNE42PI_FES27,1440,8,interior,a_ice,0.00000
TUNE42PI_FES27,1440,9,interior,a_ice,0.00000
TUNE42PI_FES27,1440,10,interior,a_ice,0.00000
TUNE42PI_FES27,1440,11,interior,a_ice,0.00002
TUNE42PI_FES27,1440,12,interior,a_ice,0.03352
TUNE42PI_FES27,1440,1,labsea,MLD2,1249.49881
TUNE42PI_FES27,1440,2,labsea,MLD2,1364.41387
TUNE42PI_FES27,1440,3,labsea,MLD2,1206.66847
TUNE42PI_FES27,1440,4,labsea,MLD2,1155.12092
TUNE42PI_FES27,1440,5,labsea,MLD2,537.74946
TUNE42PI_FES27,1440,6,labsea,MLD2,13.20499
TUNE42PI_FES27,1440,7,labsea,MLD2,14.12113
TUNE42PI_FES27,1440,8,labsea,MLD2,16.02674
TUNE42PI_FES27,1440,9,labsea,MLD2,20.91044
TUNE42PI_FES27,1440,10,labsea,MLD2,32.46467
TUNE42PI_FES27,1440,11,labsea,MLD2,74.33160
TUNE42PI_FES27,1440,12,labsea,MLD2,724.02657
TUNE42PI_FES27,1440,1,interior,MLD2,2263.93625
TUNE42PI_FES27,1440,2,interior,MLD2,2080.33654
TUNE42PI_FES27,1440,3,interior,MLD2,1688.41801
TUNE42PI_FES27,1440,4,interior,MLD2,1386.66768
TUNE42PI_FES27,1440,5,interior,MLD2,717.02631
TUNE42PI_FES27,1440,6,interior,MLD2,16.95043
TUNE42PI_FES27,1440,7,interior,MLD2,17.32331
TUNE42PI_FES27,1440,8,interior,MLD2,18.44366
TUNE42PI_FES27,1440,9,interior,MLD2,23.36671
TUNE42PI_FES27,1440,10,interior,MLD2,36.93569
TUNE42PI_FES27,1440,11,interior,MLD2,114.67122
TUNE42PI_FES27,1440,12,interior,MLD2,1456.68702
TUNE42PI_FES27,1441,1,labsea,a_ice,0.24382
TUNE42PI_FES27,1441,2,labsea,a_ice,0.30183
TUNE42PI_FES27,1441,3,labsea,a_ice,0.32159
TUNE42PI_FES27,1441,4,labsea,a_ice,0.37126
TUNE42PI_FES27,1441,5,labsea,a_ice,0.29772
TUNE42PI_FES27,1441,6,labsea,a_ice,0.15875
TUNE42PI_FES27,1441,7,labsea,a_ice,0.03678
TUNE42PI_FES27,1441,8,labsea,a_ice,0.00130
TUNE42PI_FES27,1441,9,labsea,a_ice,0.00000
TUNE42PI_FES27,1441,10,labsea,a_ice,0.00333
TUNE42PI_FES27,1441,11,labsea,a_ice,0.07106
TUNE42PI_FES27,1441,12,labsea,a_ice,0.15807
TUNE42PI_FES27,1441,1,interior,a_ice,0.06719
TUNE42PI_FES27,1441,2,interior,a_ice,0.13490
TUNE42PI_FES27,1441,3,interior,a_ice,0.16529
TUNE42PI_FES27,1441,4,interior,a_ice,0.26111
TUNE42PI_FES27,1441,5,interior,a_ice,0.13941
TUNE42PI_FES27,1441,6,interior,a_ice,0.03115
TUNE42PI_FES27,1441,7,interior,a_ice,0.00059
TUNE42PI_FES27,1441,8,interior,a_ice,0.00000
TUNE42PI_FES27,1441,9,interior,a_ice,0.00000
TUNE42PI_FES27,1441,10,interior,a_ice,0.00000
TUNE42PI_FES27,1441,11,interior,a_ice,0.00590
TUNE42PI_FES27,1441,12,interior,a_ice,0.01759
TUNE42PI_FES27,1441,1,labsea,MLD2,1411.00409
TUNE42PI_FES27,1441,2,labsea,MLD2,1477.06934
TUNE42PI_FES27,1441,3,labsea,MLD2,1357.85832
TUNE42PI_FES27,1441,4,labsea,MLD2,974.03830
TUNE42PI_FES27,1441,5,labsea,MLD2,288.55386
TUNE42PI_FES27,1441,6,labsea,MLD2,13.90810
TUNE42PI_FES27,1441,7,labsea,MLD2,12.76332
TUNE42PI_FES27,1441,8,labsea,MLD2,12.22128
TUNE42PI_FES27,1441,9,labsea,MLD2,20.91977
TUNE42PI_FES27,1441,10,labsea,MLD2,33.64323
TUNE42PI_FES27,1441,11,labsea,MLD2,132.75231
TUNE42PI_FES27,1441,12,labsea,MLD2,920.10903
TUNE42PI_FES27,1441,1,interior,MLD2,2321.42135
TUNE42PI_FES27,1441,2,interior,MLD2,2217.82033
TUNE42PI_FES27,1441,3,interior,MLD2,1937.49634
TUNE42PI_FES27,1441,4,interior,MLD2,1157.67216
TUNE42PI_FES27,1441,5,interior,MLD2,433.38867
TUNE42PI_FES27,1441,6,interior,MLD2,14.46098
TUNE42PI_FES27,1441,7,interior,MLD2,14.43542
TUNE42PI_FES27,1441,8,interior,MLD2,14.30001
TUNE42PI_FES27,1441,9,interior,MLD2,22.42033
TUNE42PI_FES27,1441,10,interior,MLD2,38.74068
TUNE42PI_FES27,1441,11,interior,MLD2,195.09474
TUNE42PI_FES27,1441,12,interior,MLD2,1627.57349
TUNE42PI_FES27,1442,1,labsea,a_ice,0.21600
TUNE42PI_FES27,1442,2,labsea,a_ice,0.27598
TUNE42PI_FES27,1442,3,labsea,a_ice,0.23436
TUNE42PI_FES27,1442,4,labsea,a_ice,0.21683
TUNE42PI_FES27,1442,5,labsea,a_ice,0.21641
TUNE42PI_FES27,1442,6,labsea,a_ice,0.13423
TUNE42PI_FES27,1442,7,labsea,a_ice,0.03587
TUNE42PI_FES27,1442,8,labsea,a_ice,0.00090
TUNE42PI_FES27,1442,9,labsea,a_ice,0.00000
TUNE42PI_FES27,1442,10,labsea,a_ice,0.00035
TUNE42PI_FES27,1442,11,labsea,a_ice,0.02191
TUNE42PI_FES27,1442,12,labsea,a_ice,0.14383
TUNE42PI_FES27,1442,1,interior,a_ice,0.03873
TUNE42PI_FES27,1442,2,interior,a_ice,0.08290
TUNE42PI_FES27,1442,3,interior,a_ice,0.05564
TUNE42PI_FES27,1442,4,interior,a_ice,0.04431
TUNE42PI_FES27,1442,5,interior,a_ice,0.06093
TUNE42PI_FES27,1442,6,interior,a_ice,0.03872
TUNE42PI_FES27,1442,7,interior,a_ice,0.00483
TUNE42PI_FES27,1442,8,interior,a_ice,0.00000
TUNE42PI_FES27,1442,9,interior,a_ice,0.00000
TUNE42PI_FES27,1442,10,interior,a_ice,0.00000
TUNE42PI_FES27,1442,11,interior,a_ice,0.00005
TUNE42PI_FES27,1442,12,interior,a_ice,0.01800
TUNE42PI_FES27,1442,1,labsea,MLD2,1506.75244
TUNE42PI_FES27,1442,2,labsea,MLD2,1572.00961
TUNE42PI_FES27,1442,3,labsea,MLD2,1452.21302
TUNE42PI_FES27,1442,4,labsea,MLD2,1128.03681
TUNE42PI_FES27,1442,5,labsea,MLD2,839.18052
TUNE42PI_FES27,1442,6,labsea,MLD2,218.04052
TUNE42PI_FES27,1442,7,labsea,MLD2,13.71988
TUNE42PI_FES27,1442,8,labsea,MLD2,17.13412
TUNE42PI_FES27,1442,9,labsea,MLD2,20.65998
TUNE42PI_FES27,1442,10,labsea,MLD2,30.79695
TUNE42PI_FES27,1442,11,labsea,MLD2,59.85437
TUNE42PI_FES27,1442,12,labsea,MLD2,355.31481
TUNE42PI_FES27,1442,1,interior,MLD2,2468.82840
TUNE42PI_FES27,1442,2,interior,MLD2,2381.45384
TUNE42PI_FES27,1442,3,interior,MLD2,2176.27806
TUNE42PI_FES27,1442,4,interior,MLD2,1779.04767
TUNE42PI_FES27,1442,5,interior,MLD2,1388.80394
TUNE42PI_FES27,1442,6,interior,MLD2,449.88547
TUNE42PI_FES27,1442,7,interior,MLD2,16.75897
TUNE42PI_FES27,1442,8,interior,MLD2,20.51315
TUNE42PI_FES27,1442,9,interior,MLD2,23.84554
TUNE42PI_FES27,1442,10,interior,MLD2,35.59208
TUNE42PI_FES27,1442,11,interior,MLD2,85.86944
TUNE42PI_FES27,1442,12,interior,MLD2,782.30006
TUNE42PI_FES27,1443,1,labsea,a_ice,0.23894
TUNE42PI_FES27,1443,2,labsea,a_ice,0.28004
TUNE42PI_FES27,1443,3,labsea,a_ice,0.25418
TUNE42PI_FES27,1443,4,labsea,a_ice,0.23142
TUNE42PI_FES27,1443,5,labsea,a_ice,0.16674
TUNE42PI_FES27,1443,6,labsea,a_ice,0.09022
TUNE42PI_FES27,1443,7,labsea,a_ice,0.02580
TUNE42PI_FES27,1443,8,labsea,a_ice,0.00046
TUNE42PI_FES27,1443,9,labsea,a_ice,0.00000
TUNE42PI_FES27,1443,10,labsea,a_ice,0.00817
TUNE42PI_FES27,1443,11,labsea,a_ice,0.12309
TUNE42PI_FES27,1443,12,labsea,a_ice,0.25744
TUNE42PI_FES27,1443,1,interior,a_ice,0.07500
TUNE42PI_FES27,1443,2,interior,a_ice,0.09172
TUNE42PI_FES27,1443,3,interior,a_ice,0.06112
TUNE42PI_FES27,1443,4,interior,a_ice,0.04500
TUNE42PI_FES27,1443,5,interior,a_ice,0.01565
TUNE42PI_FES27,1443,6,interior,a_ice,0.01093
TUNE42PI_FES27,1443,7,interior,a_ice,0.00238
TUNE42PI_FES27,1443,8,interior,a_ice,0.00002
TUNE42PI_FES27,1443,9,interior,a_ice,0.00000
TUNE42PI_FES27,1443,10,interior,a_ice,0.00000
TUNE42PI_FES27,1443,11,interior,a_ice,0.02246
TUNE42PI_FES27,1443,12,interior,a_ice,0.08208
TUNE42PI_FES27,1443,1,labsea,MLD2,1319.17772
TUNE42PI_FES27,1443,2,labsea,MLD2,1480.60587
TUNE42PI_FES27,1443,3,labsea,MLD2,1429.90929
TUNE42PI_FES27,1443,4,labsea,MLD2,1251.22099
TUNE42PI_FES27,1443,5,labsea,MLD2,616.69651
TUNE42PI_FES27,1443,6,labsea,MLD2,20.46632
TUNE42PI_FES27,1443,7,labsea,MLD2,19.37869
TUNE42PI_FES27,1443,8,labsea,MLD2,15.49110
TUNE42PI_FES27,1443,9,labsea,MLD2,22.35465
TUNE42PI_FES27,1443,10,labsea,MLD2,35.40748
TUNE42PI_FES27,1443,11,labsea,MLD2,240.55592
TUNE42PI_FES27,1443,12,labsea,MLD2,1119.16908
TUNE42PI_FES27,1443,1,interior,MLD2,2254.67281
TUNE42PI_FES27,1443,2,interior,MLD2,2200.57106
TUNE42PI_FES27,1443,3,interior,MLD2,2122.95820
TUNE42PI_FES27,1443,4,interior,MLD2,1793.23675
TUNE42PI_FES27,1443,5,interior,MLD2,1119.93470
TUNE42PI_FES27,1443,6,interior,MLD2,24.45048
TUNE42PI_FES27,1443,7,interior,MLD2,23.50746
TUNE42PI_FES27,1443,8,interior,MLD2,18.30305
TUNE42PI_FES27,1443,9,interior,MLD2,25.24065
TUNE42PI_FES27,1443,10,interior,MLD2,43.50685
TUNE42PI_FES27,1443,11,interior,MLD2,524.37541
TUNE42PI_FES27,1443,12,interior,MLD2,1764.04239
TUNE42PI_FES27,1444,1,labsea,a_ice,0.31431
TUNE42PI_FES27,1444,2,labsea,a_ice,0.38712
TUNE42PI_FES27,1444,3,labsea,a_ice,0.34976
TUNE42PI_FES27,1444,4,labsea,a_ice,0.35547
TUNE42PI_FES27,1444,5,labsea,a_ice,0.30475
TUNE42PI_FES27,1444,6,labsea,a_ice,0.17960
TUNE42PI_FES27,1444,7,labsea,a_ice,0.04872
TUNE42PI_FES27,1444,8,labsea,a_ice,0.00144
TUNE42PI_FES27,1444,9,labsea,a_ice,0.00000
TUNE42PI_FES27,1444,10,labsea,a_ice,0.00263
TUNE42PI_FES27,1444,11,labsea,a_ice,0.08121
TUNE42PI_FES27,1444,12,labsea,a_ice,0.19227
TUNE42PI_FES27,1444,1,interior,a_ice,0.09395
TUNE42PI_FES27,1444,2,interior,a_ice,0.18509
TUNE42PI_FES27,1444,3,interior,a_ice,0.13220
TUNE42PI_FES27,1444,4,interior,a_ice,0.14724
TUNE42PI_FES27,1444,5,interior,a_ice,0.14874
TUNE42PI_FES27,1444,6,interior,a_ice,0.06624
TUNE42PI_FES27,1444,7,interior,a_ice,0.00658
TUNE42PI_FES27,1444,8,interior,a_ice,0.00001
TUNE42PI_FES27,1444,9,interior,a_ice,0.00000
TUNE42PI_FES27,1444,10,interior,a_ice,0.00000
TUNE42PI_FES27,1444,11,interior,a_ice,0.01612
TUNE42PI_FES27,1444,12,interior,a_ice,0.03161
TUNE42PI_FES27,1444,1,labsea,MLD2,1346.08752
TUNE42PI_FES27,1444,2,labsea,MLD2,1213.42231
TUNE42PI_FES27,1444,3,labsea,MLD2,1202.86665
TUNE42PI_FES27,1444,4,labsea,MLD2,1203.45805
TUNE42PI_FES27,1444,5,labsea,MLD2,848.94165
TUNE42PI_FES27,1444,6,labsea,MLD2,30.05380
TUNE42PI_FES27,1444,7,labsea,MLD2,13.69676
TUNE42PI_FES27,1444,8,labsea,MLD2,17.44300
TUNE42PI_FES27,1444,9,labsea,MLD2,24.74929
TUNE42PI_FES27,1444,10,labsea,MLD2,39.72174
TUNE42PI_FES27,1444,11,labsea,MLD2,208.00384
TUNE42PI_FES27,1444,12,labsea,MLD2,929.73926
TUNE42PI_FES27,1444,1,interior,MLD2,1982.84983
TUNE42PI_FES27,1444,2,interior,MLD2,1699.28488
TUNE42PI_FES27,1444,3,interior,MLD2,1718.62811
TUNE42PI_FES27,1444,4,interior,MLD2,1815.19874
TUNE42PI_FES27,1444,5,interior,MLD2,1438.86867
TUNE42PI_FES27,1444,6,interior,MLD2,57.71373
TUNE42PI_FES27,1444,7,interior,MLD2,15.27447
TUNE42PI_FES27,1444,8,interior,MLD2,20.02671
TUNE42PI_FES27,1444,9,interior,MLD2,28.87233
TUNE42PI_FES27,1444,10,interior,MLD2,50.57775
TUNE42PI_FES27,1444,11,interior,MLD2,447.22035
TUNE42PI_FES27,1444,12,interior,MLD2,1641.36072
TUNE42PI_FES27,1445,1,labsea,a_ice,0.21721
TUNE42PI_FES27,1445,2,labsea,a_ice,0.33508
TUNE42PI_FES27,1445,3,labsea,a_ice,0.32997
TUNE42PI_FES27,1445,4,labsea,a_ice,0.27365
TUNE42PI_FES27,1445,5,labsea,a_ice,0.21198
TUNE42PI_FES27,1445,6,labsea,a_ice,0.12627
TUNE42PI_FES27,1445,7,labsea,a_ice,0.04522
TUNE42PI_FES27,1445,8,labsea,a_ice,0.00368
TUNE42PI_FES27,1445,9,labsea,a_ice,0.00000
TUNE42PI_FES27,1445,10,labsea,a_ice,0.00015
TUNE42PI_FES27,1445,11,labsea,a_ice,0.05410
TUNE42PI_FES27,1445,12,labsea,a_ice,0.17492
TUNE42PI_FES27,1445,1,interior,a_ice,0.04659
TUNE42PI_FES27,1445,2,interior,a_ice,0.17245
TUNE42PI_FES27,1445,3,interior,a_ice,0.20351
TUNE42PI_FES27,1445,4,interior,a_ice,0.11161
TUNE42PI_FES27,1445,5,interior,a_ice,0.04660
TUNE42PI_FES27,1445,6,interior,a_ice,0.03206
TUNE42PI_FES27,1445,7,interior,a_ice,0.00379
TUNE42PI_FES27,1445,8,interior,a_ice,0.00001
TUNE42PI_FES27,1445,9,interior,a_ice,0.00000
TUNE42PI_FES27,1445,10,interior,a_ice,0.00000
TUNE42PI_FES27,1445,11,interior,a_ice,0.00268
TUNE42PI_FES27,1445,12,interior,a_ice,0.02754
TUNE42PI_FES27,1445,1,labsea,MLD2,1279.77234
TUNE42PI_FES27,1445,2,labsea,MLD2,1193.21779
TUNE42PI_FES27,1445,3,labsea,MLD2,1053.35916
TUNE42PI_FES27,1445,4,labsea,MLD2,1064.99155
TUNE42PI_FES27,1445,5,labsea,MLD2,450.95697
TUNE42PI_FES27,1445,6,labsea,MLD2,16.64534
TUNE42PI_FES27,1445,7,labsea,MLD2,15.38305
TUNE42PI_FES27,1445,8,labsea,MLD2,16.58444
TUNE42PI_FES27,1445,9,labsea,MLD2,24.97916
TUNE42PI_FES27,1445,10,labsea,MLD2,40.16251
TUNE42PI_FES27,1445,11,labsea,MLD2,136.51192
TUNE42PI_FES27,1445,12,labsea,MLD2,770.63938
TUNE42PI_FES27,1445,1,interior,MLD2,1935.11575
TUNE42PI_FES27,1445,2,interior,MLD2,1672.51692
TUNE42PI_FES27,1445,3,interior,MLD2,1428.04222
TUNE42PI_FES27,1445,4,interior,MLD2,1444.19102
TUNE42PI_FES27,1445,5,interior,MLD2,689.43509
TUNE42PI_FES27,1445,6,interior,MLD2,22.02672
TUNE42PI_FES27,1445,7,interior,MLD2,18.34349
TUNE42PI_FES27,1445,8,interior,MLD2,19.06644
TUNE42PI_FES27,1445,9,interior,MLD2,28.83279
TUNE42PI_FES27,1445,10,interior,MLD2,46.50874
TUNE42PI_FES27,1445,11,interior,MLD2,174.67126
TUNE42PI_FES27,1445,12,interior,MLD2,1240.03896
TUNE42PI_FES27,1446,1,labsea,a_ice,0.25069
TUNE42PI_FES27,1446,2,labsea,a_ice,0.27798
TUNE42PI_FES27,1446,3,labsea,a_ice,0.31524
TUNE42PI_FES27,1446,4,labsea,a_ice,0.28411
TUNE42PI_FES27,1446,5,labsea,a_ice,0.22360
TUNE42PI_FES27,1446,6,labsea,a_ice,0.12800
TUNE42PI_FES27,1446,7,labsea,a_ice,0.02668
TUNE42PI_FES27,1446,8,labsea,a_ice,0.00009
TUNE42PI_FES27,1446,9,labsea,a_ice,0.00000
TUNE42PI_FES27,1446,10,labsea,a_ice,0.00011
TUNE42PI_FES27,1446,11,labsea,a_ice,0.05972
TUNE42PI_FES27,1446,12,labsea,a_ice,0.21917
TUNE42PI_FES27,1446,1,interior,a_ice,0.07385
TUNE42PI_FES27,1446,2,interior,a_ice,0.07932
TUNE42PI_FES27,1446,3,interior,a_ice,0.17871
TUNE42PI_FES27,1446,4,interior,a_ice,0.16469
TUNE42PI_FES27,1446,5,interior,a_ice,0.06232
TUNE42PI_FES27,1446,6,interior,a_ice,0.01953
TUNE42PI_FES27,1446,7,interior,a_ice,0.00024
TUNE42PI_FES27,1446,8,interior,a_ice,0.00000
TUNE42PI_FES27,1446,9,interior,a_ice,0.00000
TUNE42PI_FES27,1446,10,interior,a_ice,0.00000
TUNE42PI_FES27,1446,11,interior,a_ice,0.00608
TUNE42PI_FES27,1446,12,interior,a_ice,0.06774
TUNE42PI_FES27,1446,1,labsea,MLD2,1295.94181
TUNE42PI_FES27,1446,2,labsea,MLD2,1328.91074
TUNE42PI_FES27,1446,3,labsea,MLD2,1263.37242
TUNE42PI_FES27,1446,4,labsea,MLD2,914.99745
TUNE42PI_FES27,1446,5,labsea,MLD2,369.01100
TUNE42PI_FES27,1446,6,labsea,MLD2,20.73016
TUNE42PI_FES27,1446,7,labsea,MLD2,16.60472
TUNE42PI_FES27,1446,8,labsea,MLD2,15.19419
TUNE42PI_FES27,1446,9,labsea,MLD2,21.81675
TUNE42PI_FES27,1446,10,labsea,MLD2,32.66014
TUNE42PI_FES27,1446,11,labsea,MLD2,163.53955
TUNE42PI_FES27,1446,12,labsea,MLD2,972.63286
TUNE42PI_FES27,1446,1,interior,MLD2,1916.49777
TUNE42PI_FES27,1446,2,interior,MLD2,2065.29617
TUNE42PI_FES27,1446,3,interior,MLD2,1673.12935
TUNE42PI_FES27,1446,4,interior,MLD2,1041.46927
TUNE42PI_FES27,1446,5,interior,MLD2,628.93107
TUNE42PI_FES27,1446,6,interior,MLD2,25.84451
TUNE42PI_FES27,1446,7,interior,MLD2,19.34441
TUNE42PI_FES27,1446,8,interior,MLD2,18.25086
TUNE42PI_FES27,1446,9,interior,MLD2,25.63325
TUNE42PI_FES27,1446,10,interior,MLD2,39.95882
TUNE42PI_FES27,1446,11,interior,MLD2,344.57425
TUNE42PI_FES27,1446,12,interior,MLD2,1703.87167
TUNE42PI_FES27,1447,1,labsea,a_ice,0.28076
TUNE42PI_FES27,1447,2,labsea,a_ice,0.26566
TUNE42PI_FES27,1447,3,labsea,a_ice,0.28419
TUNE42PI_FES27,1447,4,labsea,a_ice,0.27024
TUNE42PI_FES27,1447,5,labsea,a_ice,0.16988
TUNE42PI_FES27,1447,6,labsea,a_ice,0.09727
TUNE42PI_FES27,1447,7,labsea,a_ice,0.02701
TUNE42PI_FES27,1447,8,labsea,a_ice,0.00324
TUNE42PI_FES27,1447,9,labsea,a_ice,0.00000
TUNE42PI_FES27,1447,10,labsea,a_ice,0.00050
TUNE42PI_FES27,1447,11,labsea,a_ice,0.06857
TUNE42PI_FES27,1447,12,labsea,a_ice,0.17735
TUNE42PI_FES27,1447,1,interior,a_ice,0.11517
TUNE42PI_FES27,1447,2,interior,a_ice,0.09910
TUNE42PI_FES27,1447,3,interior,a_ice,0.11200
TUNE42PI_FES27,1447,4,interior,a_ice,0.10246
TUNE42PI_FES27,1447,5,interior,a_ice,0.06158
TUNE42PI_FES27,1447,6,interior,a_ice,0.01100
TUNE42PI_FES27,1447,7,interior,a_ice,0.00032
TUNE42PI_FES27,1447,8,interior,a_ice,0.00000
TUNE42PI_FES27,1447,9,interior,a_ice,0.00000
TUNE42PI_FES27,1447,10,interior,a_ice,0.00000
TUNE42PI_FES27,1447,11,interior,a_ice,0.00244
TUNE42PI_FES27,1447,12,interior,a_ice,0.02433
TUNE42PI_FES27,1447,1,labsea,MLD2,1279.54071
TUNE42PI_FES27,1447,2,labsea,MLD2,1371.70007
TUNE42PI_FES27,1447,3,labsea,MLD2,1306.44985
TUNE42PI_FES27,1447,4,labsea,MLD2,1068.02896
TUNE42PI_FES27,1447,5,labsea,MLD2,293.40964
TUNE42PI_FES27,1447,6,labsea,MLD2,20.26031
TUNE42PI_FES27,1447,7,labsea,MLD2,16.80600
TUNE42PI_FES27,1447,8,labsea,MLD2,19.81257
TUNE42PI_FES27,1447,9,labsea,MLD2,25.89065
TUNE42PI_FES27,1447,10,labsea,MLD2,46.49445
TUNE42PI_FES27,1447,11,labsea,MLD2,132.24680
TUNE42PI_FES27,1447,12,labsea,MLD2,857.51383
TUNE42PI_FES27,1447,1,interior,MLD2,1789.43451
TUNE42PI_FES27,1447,2,interior,MLD2,1821.17956
TUNE42PI_FES27,1447,3,interior,MLD2,1957.03338
TUNE42PI_FES27,1447,4,interior,MLD2,1532.62281
TUNE42PI_FES27,1447,5,interior,MLD2,440.79686
TUNE42PI_FES27,1447,6,interior,MLD2,22.84352
TUNE42PI_FES27,1447,7,interior,MLD2,18.65496
TUNE42PI_FES27,1447,8,interior,MLD2,20.72433
TUNE42PI_FES27,1447,9,interior,MLD2,29.48672
TUNE42PI_FES27,1447,10,interior,MLD2,52.51996
TUNE42PI_FES27,1447,11,interior,MLD2,237.24753
TUNE42PI_FES27,1447,12,interior,MLD2,1594.78402
TUNE42PI_FES27,1448,1,labsea,a_ice,0.22563
TUNE42PI_FES27,1448,2,labsea,a_ice,0.28606
TUNE42PI_FES27,1448,3,labsea,a_ice,0.32699
TUNE42PI_FES27,1448,4,labsea,a_ice,0.22147
TUNE42PI_FES27,1448,5,labsea,a_ice,0.13501
TUNE42PI_FES27,1448,6,labsea,a_ice,0.07292
TUNE42PI_FES27,1448,7,labsea,a_ice,0.02854
TUNE42PI_FES27,1448,8,labsea,a_ice,0.00598
TUNE42PI_FES27,1448,9,labsea,a_ice,0.00244
TUNE42PI_FES27,1448,10,labsea,a_ice,0.02207
TUNE42PI_FES27,1448,11,labsea,a_ice,0.08389
TUNE42PI_FES27,1448,12,labsea,a_ice,0.20913
TUNE42PI_FES27,1448,1,interior,a_ice,0.05455
TUNE42PI_FES27,1448,2,interior,a_ice,0.13154
TUNE42PI_FES27,1448,3,interior,a_ice,0.13217
TUNE42PI_FES27,1448,4,interior,a_ice,0.05364
TUNE42PI_FES27,1448,5,interior,a_ice,0.02785
TUNE42PI_FES27,1448,6,interior,a_ice,0.00564
TUNE42PI_FES27,1448,7,interior,a_ice,0.00000
TUNE42PI_FES27,1448,8,interior,a_ice,0.00000
TUNE42PI_FES27,1448,9,interior,a_ice,0.00000
TUNE42PI_FES27,1448,10,interior,a_ice,0.00000
TUNE42PI_FES27,1448,11,interior,a_ice,0.00226
TUNE42PI_FES27,1448,12,interior,a_ice,0.02023
TUNE42PI_FES27,1448,1,labsea,MLD2,1384.25941
TUNE42PI_FES27,1448,2,labsea,MLD2,1482.73960
TUNE42PI_FES27,1448,3,labsea,MLD2,1434.63279
TUNE42PI_FES27,1448,4,labsea,MLD2,1141.23394
TUNE42PI_FES27,1448,5,labsea,MLD2,350.55967
TUNE42PI_FES27,1448,6,labsea,MLD2,23.65211
TUNE42PI_FES27,1448,7,labsea,MLD2,14.28459
TUNE42PI_FES27,1448,8,labsea,MLD2,20.68901
TUNE42PI_FES27,1448,9,labsea,MLD2,29.14117
TUNE42PI_FES27,1448,10,labsea,MLD2,45.67032
TUNE42PI_FES27,1448,11,labsea,MLD2,337.97148
TUNE42PI_FES27,1448,12,labsea,MLD2,1216.88690
TUNE42PI_FES27,1448,1,interior,MLD2,2186.39149
TUNE42PI_FES27,1448,2,interior,MLD2,2248.92529
TUNE42PI_FES27,1448,3,interior,MLD2,2162.22402
TUNE42PI_FES27,1448,4,interior,MLD2,1634.13754
TUNE42PI_FES27,1448,5,interior,MLD2,575.75071
TUNE42PI_FES27,1448,6,interior,MLD2,34.13060
TUNE42PI_FES27,1448,7,interior,MLD2,16.83375
TUNE42PI_FES27,1448,8,interior,MLD2,25.42970
TUNE42PI_FES27,1448,9,interior,MLD2,34.18150
TUNE42PI_FES27,1448,10,interior,MLD2,60.62096
TUNE42PI_FES27,1448,11,interior,MLD2,803.64560
TUNE42PI_FES27,1448,12,interior,MLD2,2087.02019
TUNE42PI_FES27,1449,1,labsea,a_ice,0.30656
TUNE42PI_FES27,1449,2,labsea,a_ice,0.40540
TUNE42PI_FES27,1449,3,labsea,a_ice,0.47070
TUNE42PI_FES27,1449,4,labsea,a_ice,0.33103
TUNE42PI_FES27,1449,5,labsea,a_ice,0.24944
TUNE42PI_FES27,1449,6,labsea,a_ice,0.13139
TUNE42PI_FES27,1449,7,labsea,a_ice,0.03087
TUNE42PI_FES27,1449,8,labsea,a_ice,0.00083
TUNE42PI_FES27,1449,9,labsea,a_ice,0.00000
TUNE42PI_FES27,1449,10,labsea,a_ice,0.00180
TUNE42PI_FES27,1449,11,labsea,a_ice,0.10622
TUNE42PI_FES27,1449,12,labsea,a_ice,0.22967
TUNE42PI_FES27,1449,1,interior,a_ice,0.09285
TUNE42PI_FES27,1449,2,interior,a_ice,0.18908
TUNE42PI_FES27,1449,3,interior,a_ice,0.33422
TUNE42PI_FES27,1449,4,interior,a_ice,0.21028
TUNE42PI_FES27,1449,5,interior,a_ice,0.09058
TUNE42PI_FES27,1449,6,interior,a_ice,0.01553
TUNE42PI_FES27,1449,7,interior,a_ice,0.00013
TUNE42PI_FES27,1449,8,interior,a_ice,0.00000
TUNE42PI_FES27,1449,9,interior,a_ice,0.00000
TUNE42PI_FES27,1449,10,interior,a_ice,0.00000
TUNE42PI_FES27,1449,11,interior,a_ice,0.02062
TUNE42PI_FES27,1449,12,interior,a_ice,0.05891
TUNE42PI_FES27,1449,1,labsea,MLD2,1446.36279
TUNE42PI_FES27,1449,2,labsea,MLD2,1411.09737
TUNE42PI_FES27,1449,3,labsea,MLD2,1191.05929
TUNE42PI_FES27,1449,4,labsea,MLD2,921.97798
TUNE42PI_FES27,1449,5,labsea,MLD2,481.42045
TUNE42PI_FES27,1449,6,labsea,MLD2,17.07512
TUNE42PI_FES27,1449,7,labsea,MLD2,14.11347
TUNE42PI_FES27,1449,8,labsea,MLD2,16.41440
TUNE42PI_FES27,1449,9,labsea,MLD2,20.64912
TUNE42PI_FES27,1449,10,labsea,MLD2,35.74520
TUNE42PI_FES27,1449,11,labsea,MLD2,428.12044
TUNE42PI_FES27,1449,12,labsea,MLD2,1198.54281
TUNE42PI_FES27,1449,1,interior,MLD2,2179.47279
TUNE42PI_FES27,1449,2,interior,MLD2,2086.06510
TUNE42PI_FES27,1449,3,interior,MLD2,1615.31553
TUNE42PI_FES27,1449,4,interior,MLD2,1028.44611
TUNE42PI_FES27,1449,5,interior,MLD2,633.28663
TUNE42PI_FES27,1449,6,interior,MLD2,21.94178
TUNE42PI_FES27,1449,7,interior,MLD2,16.85800
TUNE42PI_FES27,1449,8,interior,MLD2,18.34522
TUNE42PI_FES27,1449,9,interior,MLD2,23.49157
TUNE42PI_FES27,1449,10,interior,MLD2,41.67181
TUNE42PI_FES27,1449,11,interior,MLD2,886.50402
TUNE42PI_FES27,1449,12,interior,MLD2,1859.90378
TUNE42PI_FES27,1450,1,labsea,a_ice,0.30863
TUNE42PI_FES27,1450,2,labsea,a_ice,0.32644
TUNE42PI_FES27,1450,3,labsea,a_ice,0.35362
TUNE42PI_FES27,1450,4,labsea,a_ice,0.36215
TUNE42PI_FES27,1450,5,labsea,a_ice,0.30560
TUNE42PI_FES27,1450,6,labsea,a_ice,0.17674
TUNE42PI_FES27,1450,7,labsea,a_ice,0.04379
TUNE42PI_FES27,1450,8,labsea,a_ice,0.00181
TUNE42PI_FES27,1450,9,labsea,a_ice,0.00000
TUNE42PI_FES27,1450,10,labsea,a_ice,0.00623
TUNE42PI_FES27,1450,11,labsea,a_ice,0.07594
TUNE42PI_FES27,1450,12,labsea,a_ice,0.16666
TUNE42PI_FES27,1450,1,interior,a_ice,0.09385
TUNE42PI_FES27,1450,2,interior,a_ice,0.12281
TUNE42PI_FES27,1450,3,interior,a_ice,0.17857
TUNE42PI_FES27,1450,4,interior,a_ice,0.19166
TUNE42PI_FES27,1450,5,interior,a_ice,0.11229
TUNE42PI_FES27,1450,6,interior,a_ice,0.05343
TUNE42PI_FES27,1450,7,interior,a_ice,0.00555
TUNE42PI_FES27,1450,8,interior,a_ice,0.00000
TUNE42PI_FES27,1450,9,interior,a_ice,0.00000
TUNE42PI_FES27,1450,10,interior,a_ice,0.00000
TUNE42PI_FES27,1450,11,interior,a_ice,0.01332
TUNE42PI_FES27,1450,12,interior,a_ice,0.02900
TUNE42PI_FES27,1450,1,labsea,MLD2,1335.05222
TUNE42PI_FES27,1450,2,labsea,MLD2,1413.17002
TUNE42PI_FES27,1450,3,labsea,MLD2,1425.04828
TUNE42PI_FES27,1450,4,labsea,MLD2,1151.42021
TUNE42PI_FES27,1450,5,labsea,MLD2,521.35826
TUNE42PI_FES27,1450,6,labsea,MLD2,18.93589
TUNE42PI_FES27,1450,7,labsea,MLD2,13.38801
TUNE42PI_FES27,1450,8,labsea,MLD2,17.49845
TUNE42PI_FES27,1450,9,labsea,MLD2,25.01805
TUNE42PI_FES27,1450,10,labsea,MLD2,44.10275
TUNE42PI_FES27,1450,11,labsea,MLD2,208.17124
TUNE42PI_FES27,1450,12,labsea,MLD2,654.72250
TUNE42PI_FES27,1450,1,interior,MLD2,2007.30981
TUNE42PI_FES27,1450,2,interior,MLD2,1987.67309
TUNE42PI_FES27,1450,3,interior,MLD2,1995.67395
TUNE42PI_FES27,1450,4,interior,MLD2,1523.02893
TUNE42PI_FES27,1450,5,interior,MLD2,1004.43844
TUNE42PI_FES27,1450,6,interior,MLD2,31.19041
TUNE42PI_FES27,1450,7,interior,MLD2,15.78002
TUNE42PI_FES27,1450,8,interior,MLD2,21.02511
TUNE42PI_FES27,1450,9,interior,MLD2,29.86621
TUNE42PI_FES27,1450,10,interior,MLD2,53.81890
TUNE42PI_FES27,1450,11,interior,MLD2,472.31478
TUNE42PI_FES27,1450,12,interior,MLD2,1486.75215
TUNE42PI_FES27,1451,1,labsea,a_ice,0.25681
TUNE42PI_FES27,1451,2,labsea,a_ice,0.32348
TUNE42PI_FES27,1451,3,labsea,a_ice,0.30048
TUNE42PI_FES27,1451,4,labsea,a_ice,0.29557
TUNE42PI_FES27,1451,5,labsea,a_ice,0.29492
TUNE42PI_FES27,1451,6,labsea,a_ice,0.15484
TUNE42PI_FES27,1451,7,labsea,a_ice,0.03966
TUNE42PI_FES27,1451,8,labsea,a_ice,0.00166
TUNE42PI_FES27,1451,9,labsea,a_ice,0.00006
TUNE42PI_FES27,1451,10,labsea,a_ice,0.00000
TUNE42PI_FES27,1451,11,labsea,a_ice,0.01807
TUNE42PI_FES27,1451,12,labsea,a_ice,0.12385
TUNE42PI_FES27,1451,1,interior,a_ice,0.07641
TUNE42PI_FES27,1451,2,interior,a_ice,0.10818
TUNE42PI_FES27,1451,3,interior,a_ice,0.08393
TUNE42PI_FES27,1451,4,interior,a_ice,0.16454
TUNE42PI_FES27,1451,5,interior,a_ice,0.17355
TUNE42PI_FES27,1451,6,interior,a_ice,0.04296
TUNE42PI_FES27,1451,7,interior,a_ice,0.00127
TUNE42PI_FES27,1451,8,interior,a_ice,0.00000
TUNE42PI_FES27,1451,9,interior,a_ice,0.00000
TUNE42PI_FES27,1451,10,interior,a_ice,0.00000
TUNE42PI_FES27,1451,11,interior,a_ice,0.00021
TUNE42PI_FES27,1451,12,interior,a_ice,0.02767
TUNE42PI_FES27,1451,1,labsea,MLD2,1398.86313
TUNE42PI_FES27,1451,2,labsea,MLD2,1461.64212
TUNE42PI_FES27,1451,3,labsea,MLD2,1338.82809
TUNE42PI_FES27,1451,4,labsea,MLD2,1335.89131
TUNE42PI_FES27,1451,5,labsea,MLD2,756.35266
TUNE42PI_FES27,1451,6,labsea,MLD2,12.49259
TUNE42PI_FES27,1451,7,labsea,MLD2,14.32442
TUNE42PI_FES27,1451,8,labsea,MLD2,13.59688
TUNE42PI_FES27,1451,9,labsea,MLD2,19.08953
TUNE42PI_FES27,1451,10,labsea,MLD2,31.08366
TUNE42PI_FES27,1451,11,labsea,MLD2,66.26057
TUNE42PI_FES27,1451,12,labsea,MLD2,235.40777
TUNE42PI_FES27,1451,1,interior,MLD2,2221.54051
TUNE42PI_FES27,1451,2,interior,MLD2,2195.24701
TUNE42PI_FES27,1451,3,interior,MLD2,1996.89091
TUNE42PI_FES27,1451,4,interior,MLD2,1681.09727
TUNE42PI_FES27,1451,5,interior,MLD2,951.55065
TUNE42PI_FES27,1451,6,interior,MLD2,12.36112
TUNE42PI_FES27,1451,7,interior,MLD2,15.83624
TUNE42PI_FES27,1451,8,interior,MLD2,15.06398
TUNE42PI_FES27,1451,9,interior,MLD2,22.00007
TUNE42PI_FES27,1451,10,interior,MLD2,38.51483
TUNE42PI_FES27,1451,11,interior,MLD2,85.79711
TUNE42PI_FES27,1451,12,interior,MLD2,411.04410
TUNE42PI_FES27,1452,1,labsea,a_ice,0.23972
TUNE42PI_FES27,1452,2,labsea,a_ice,0.25005
TUNE42PI_FES27,1452,3,labsea,a_ice,0.26434
TUNE42PI_FES27,1452,4,labsea,a_ice,0.22084
TUNE42PI_FES27,1452,5,labsea,a_ice,0.17980
TUNE42PI_FES27,1452,6,labsea,a_ice,0.08570
TUNE42PI_FES27,1452,7,labsea,a_ice,0.02040
TUNE42PI_FES27,1452,8,labsea,a_ice,0.00045
TUNE42PI_FES27,1452,9,labsea,a_ice,0.00000
TUNE42PI_FES27,1452,10,labsea,a_ice,0.00279
TUNE42PI_FES27,1452,11,labsea,a_ice,0.04843
TUNE42PI_FES27,1452,12,labsea,a_ice,0.17633
TUNE42PI_FES27,1452,1,interior,a_ice,0.07090
TUNE42PI_FES27,1452,2,interior,a_ice,0.06345
TUNE42PI_FES27,1452,3,interior,a_ice,0.12964
TUNE42PI_FES27,1452,4,interior,a_ice,0.04846
TUNE42PI_FES27,1452,5,interior,a_ice,0.02838
TUNE42PI_FES27,1452,6,interior,a_ice,0.00233
TUNE42PI_FES27,1452,7,interior,a_ice,0.00000
TUNE42PI_FES27,1452,8,interior,a_ice,0.00000
TUNE42PI_FES27,1452,9,interior,a_ice,0.00000
TUNE42PI_FES27,1452,10,interior,a_ice,0.00000
TUNE42PI_FES27,1452,11,interior,a_ice,0.00019
TUNE42PI_FES27,1452,12,interior,a_ice,0.01800
TUNE42PI_FES27,1452,1,labsea,MLD2,1141.36235
TUNE42PI_FES27,1452,2,labsea,MLD2,1454.41411
TUNE42PI_FES27,1452,3,labsea,MLD2,1334.57058
TUNE42PI_FES27,1452,4,labsea,MLD2,1126.73547
TUNE42PI_FES27,1452,5,labsea,MLD2,344.93500
TUNE42PI_FES27,1452,6,labsea,MLD2,16.12458
TUNE42PI_FES27,1452,7,labsea,MLD2,13.25315
TUNE42PI_FES27,1452,8,labsea,MLD2,13.66486
TUNE42PI_FES27,1452,9,labsea,MLD2,21.62650
TUNE42PI_FES27,1452,10,labsea,MLD2,27.52608
TUNE42PI_FES27,1452,11,labsea,MLD2,67.60687
TUNE42PI_FES27,1452,12,labsea,MLD2,480.20647
TUNE42PI_FES27,1452,1,interior,MLD2,2035.83602
TUNE42PI_FES27,1452,2,interior,MLD2,2240.02526
TUNE42PI_FES27,1452,3,interior,MLD2,1658.06126
TUNE42PI_FES27,1452,4,interior,MLD2,1312.05916
TUNE42PI_FES27,1452,5,interior,MLD2,427.53045
TUNE42PI_FES27,1452,6,interior,MLD2,17.61580
TUNE42PI_FES27,1452,7,interior,MLD2,15.40823
TUNE42PI_FES27,1452,8,interior,MLD2,15.81361
TUNE42PI_FES27,1452,9,interior,MLD2,25.83243
TUNE42PI_FES27,1452,10,interior,MLD2,32.54786
TUNE42PI_FES27,1452,11,interior,MLD2,100.13287
TUNE42PI_FES27,1452,12,interior,MLD2,1107.50085
TUNE42PI_FES27,1453,1,labsea,a_ice,0.22931
TUNE42PI_FES27,1453,2,labsea,a_ice,0.30607
TUNE42PI_FES27,1453,3,labsea,a_ice,0.38518
TUNE42PI_FES27,1453,4,labsea,a_ice,0.37684
TUNE42PI_FES27,1453,5,labsea,a_ice,0.30365
TUNE42PI_FES27,1453,6,labsea,a_ice,0.16456
TUNE42PI_FES27,1453,7,labsea,a_ice,0.03780
TUNE42PI_FES27,1453,8,labsea,a_ice,0.00153
TUNE42PI_FES27,1453,9,labsea,a_ice,0.00000
TUNE42PI_FES27,1453,10,labsea,a_ice,0.00034
TUNE42PI_FES27,1453,11,labsea,a_ice,0.04311
TUNE42PI_FES27,1453,12,labsea,a_ice,0.17803
TUNE42PI_FES27,1453,1,interior,a_ice,0.03053
TUNE42PI_FES27,1453,2,interior,a_ice,0.09053
TUNE42PI_FES27,1453,3,interior,a_ice,0.18289
TUNE42PI_FES27,1453,4,interior,a_ice,0.27466
TUNE42PI_FES27,1453,5,interior,a_ice,0.18938
TUNE42PI_FES27,1453,6,interior,a_ice,0.05581
TUNE42PI_FES27,1453,7,interior,a_ice,0.00300
TUNE42PI_FES27,1453,8,interior,a_ice,0.00000
TUNE42PI_FES27,1453,9,interior,a_ice,0.00000
TUNE42PI_FES27,1453,10,interior,a_ice,0.00000
TUNE42PI_FES27,1453,11,interior,a_ice,0.00011
TUNE42PI_FES27,1453,12,interior,a_ice,0.02612
TUNE42PI_FES27,1453,1,labsea,MLD2,1080.89289
TUNE42PI_FES27,1453,2,labsea,MLD2,1354.83895
TUNE42PI_FES27,1453,3,labsea,MLD2,1256.14298
TUNE42PI_FES27,1453,4,labsea,MLD2,975.72411
TUNE42PI_FES27,1453,5,labsea,MLD2,443.55507
TUNE42PI_FES27,1453,6,labsea,MLD2,15.78468
TUNE42PI_FES27,1453,7,labsea,MLD2,13.32473
TUNE42PI_FES27,1453,8,labsea,MLD2,15.75598
TUNE42PI_FES27,1453,9,labsea,MLD2,21.81088
TUNE42PI_FES27,1453,10,labsea,MLD2,31.43730
TUNE42PI_FES27,1453,11,labsea,MLD2,70.18821
TUNE42PI_FES27,1453,12,labsea,MLD2,633.27570
TUNE42PI_FES27,1453,1,interior,MLD2,1913.93224
TUNE42PI_FES27,1453,2,interior,MLD2,2069.90755
TUNE42PI_FES27,1453,3,interior,MLD2,1861.38793
TUNE42PI_FES27,1453,4,interior,MLD2,1288.99070
TUNE42PI_FES27,1453,5,interior,MLD2,695.88653
TUNE42PI_FES27,1453,6,interior,MLD2,17.21482
TUNE42PI_FES27,1453,7,interior,MLD2,15.57397
TUNE42PI_FES27,1453,8,interior,MLD2,19.36655
TUNE42PI_FES27,1453,9,interior,MLD2,25.29974
TUNE42PI_FES27,1453,10,interior,MLD2,37.82841
TUNE42PI_FES27,1453,11,interior,MLD2,109.92364
TUNE42PI_FES27,1453,12,interior,MLD2,1321.87058
TUNE42PI_FES27,1454,1,labsea,a_ice,0.20782
TUNE42PI_FES27,1454,2,labsea,a_ice,0.26899
TUNE42PI_FES27,1454,3,labsea,a_ice,0.29305
TUNE42PI_FES27,1454,4,labsea,a_ice,0.26880
TUNE42PI_FES27,1454,5,labsea,a_ice,0.18917
TUNE42PI_FES27,1454,6,labsea,a_ice,0.07290
TUNE42PI_FES27,1454,7,labsea,a_ice,0.01784
TUNE42PI_FES27,1454,8,labsea,a_ice,0.00013
TUNE42PI_FES27,1454,9,labsea,a_ice,0.00000
TUNE42PI_FES27,1454,10,labsea,a_ice,0.00059
TUNE42PI_FES27,1454,11,labsea,a_ice,0.03318
TUNE42PI_FES27,1454,12,labsea,a_ice,0.16745
TUNE42PI_FES27,1454,1,interior,a_ice,0.03536
TUNE42PI_FES27,1454,2,interior,a_ice,0.08889
TUNE42PI_FES27,1454,3,interior,a_ice,0.09017
TUNE42PI_FES27,1454,4,interior,a_ice,0.07203
TUNE42PI_FES27,1454,5,interior,a_ice,0.03959
TUNE42PI_FES27,1454,6,interior,a_ice,0.00226
TUNE42PI_FES27,1454,7,interior,a_ice,0.00000
TUNE42PI_FES27,1454,8,interior,a_ice,0.00000
TUNE42PI_FES27,1454,9,interior,a_ice,0.00000
TUNE42PI_FES27,1454,10,interior,a_ice,0.00000
TUNE42PI_FES27,1454,11,interior,a_ice,0.00016
TUNE42PI_FES27,1454,12,interior,a_ice,0.03863
TUNE42PI_FES27,1454,1,labsea,MLD2,1290.27147
TUNE42PI_FES27,1454,2,labsea,MLD2,1427.22917
TUNE42PI_FES27,1454,3,labsea,MLD2,1457.36739
TUNE42PI_FES27,1454,4,labsea,MLD2,1181.91005
TUNE42PI_FES27,1454,5,labsea,MLD2,594.42385
TUNE42PI_FES27,1454,6,labsea,MLD2,20.34646
TUNE42PI_FES27,1454,7,labsea,MLD2,14.28045
TUNE42PI_FES27,1454,8,labsea,MLD2,15.96430
TUNE42PI_FES27,1454,9,labsea,MLD2,24.29139
TUNE42PI_FES27,1454,10,labsea,MLD2,34.10777
TUNE42PI_FES27,1454,11,labsea,MLD2,86.74910
TUNE42PI_FES27,1454,12,labsea,MLD2,1090.97734
TUNE42PI_FES27,1454,1,interior,MLD2,2357.62943
TUNE42PI_FES27,1454,2,interior,MLD2,2392.21373
TUNE42PI_FES27,1454,3,interior,MLD2,2292.48166
TUNE42PI_FES27,1454,4,interior,MLD2,2030.99370
TUNE42PI_FES27,1454,5,interior,MLD2,1152.24292
TUNE42PI_FES27,1454,6,interior,MLD2,25.16873
TUNE42PI_FES27,1454,7,interior,MLD2,16.09101
TUNE42PI_FES27,1454,8,interior,MLD2,18.12208
TUNE42PI_FES27,1454,9,interior,MLD2,27.01805
TUNE42PI_FES27,1454,10,interior,MLD2,40.70999
TUNE42PI_FES27,1454,11,interior,MLD2,143.54934
TUNE42PI_FES27,1454,12,interior,MLD2,2005.06540
TUNE42PI_FES27,1455,1,labsea,a_ice,0.24369
TUNE42PI_FES27,1455,2,labsea,a_ice,0.31142
TUNE42PI_FES27,1455,3,labsea,a_ice,0.32179
TUNE42PI_FES27,1455,4,labsea,a_ice,0.25122
TUNE42PI_FES27,1455,5,labsea,a_ice,0.18809
TUNE42PI_FES27,1455,6,labsea,a_ice,0.07042
TUNE42PI_FES27,1455,7,labsea,a_ice,0.00403
TUNE42PI_FES27,1455,8,labsea,a_ice,0.00000
TUNE42PI_FES27,1455,9,labsea,a_ice,0.00000
TUNE42PI_FES27,1455,10,labsea,a_ice,0.00000
TUNE42PI_FES27,1455,11,labsea,a_ice,0.03132
TUNE42PI_FES27,1455,12,labsea,a_ice,0.15465
TUNE42PI_FES27,1455,1,interior,a_ice,0.07471
TUNE42PI_FES27,1455,2,interior,a_ice,0.13206
TUNE42PI_FES27,1455,3,interior,a_ice,0.15138
TUNE42PI_FES27,1455,4,interior,a_ice,0.09591
TUNE42PI_FES27,1455,5,interior,a_ice,0.04845
TUNE42PI_FES27,1455,6,interior,a_ice,0.00979
TUNE42PI_FES27,1455,7,interior,a_ice,0.00000
TUNE42PI_FES27,1455,8,interior,a_ice,0.00000
TUNE42PI_FES27,1455,9,interior,a_ice,0.00000
TUNE42PI_FES27,1455,10,interior,a_ice,0.00000
TUNE42PI_FES27,1455,11,interior,a_ice,0.00066
TUNE42PI_FES27,1455,12,interior,a_ice,0.02249
TUNE42PI_FES27,1455,1,labsea,MLD2,1647.85035
TUNE42PI_FES27,1455,2,labsea,MLD2,1560.12725
TUNE42PI_FES27,1455,3,labsea,MLD2,1258.77197
TUNE42PI_FES27,1455,4,labsea,MLD2,932.13213
TUNE42PI_FES27,1455,5,labsea,MLD2,322.73918
TUNE42PI_FES27,1455,6,labsea,MLD2,13.33730
TUNE42PI_FES27,1455,7,labsea,MLD2,12.61032
TUNE42PI_FES27,1455,8,labsea,MLD2,14.70137
TUNE42PI_FES27,1455,9,labsea,MLD2,25.86152
TUNE42PI_FES27,1455,10,labsea,MLD2,35.71967
TUNE42PI_FES27,1455,11,labsea,MLD2,79.53348
TUNE42PI_FES27,1455,12,labsea,MLD2,904.44314
TUNE42PI_FES27,1455,1,interior,MLD2,2484.14164
TUNE42PI_FES27,1455,2,interior,MLD2,2337.07533
TUNE42PI_FES27,1455,3,interior,MLD2,1895.15848
TUNE42PI_FES27,1455,4,interior,MLD2,1319.21702
TUNE42PI_FES27,1455,5,interior,MLD2,442.46280
TUNE42PI_FES27,1455,6,interior,MLD2,16.33387
TUNE42PI_FES27,1455,7,interior,MLD2,14.59525
TUNE42PI_FES27,1455,8,interior,MLD2,16.85635
TUNE42PI_FES27,1455,9,interior,MLD2,28.25618
TUNE42PI_FES27,1455,10,interior,MLD2,39.84427
TUNE42PI_FES27,1455,11,interior,MLD2,115.18432
TUNE42PI_FES27,1455,12,interior,MLD2,1530.73412
TUNE42PI_FES27,1456,1,labsea,a_ice,0.24157
TUNE42PI_FES27,1456,2,labsea,a_ice,0.30834
TUNE42PI_FES27,1456,3,labsea,a_ice,0.33448
TUNE42PI_FES27,1456,4,labsea,a_ice,0.28080
TUNE42PI_FES27,1456,5,labsea,a_ice,0.20537
TUNE42PI_FES27,1456,6,labsea,a_ice,0.08972
TUNE42PI_FES27,1456,7,labsea,a_ice,0.01839
TUNE42PI_FES27,1456,8,labsea,a_ice,0.00004
TUNE42PI_FES27,1456,9,labsea,a_ice,0.00000
TUNE42PI_FES27,1456,10,labsea,a_ice,0.00112
TUNE42PI_FES27,1456,11,labsea,a_ice,0.05137
TUNE42PI_FES27,1456,12,labsea,a_ice,0.20205
TUNE42PI_FES27,1456,1,interior,a_ice,0.07743
TUNE42PI_FES27,1456,2,interior,a_ice,0.11191
TUNE42PI_FES27,1456,3,interior,a_ice,0.14068
TUNE42PI_FES27,1456,4,interior,a_ice,0.09857
TUNE42PI_FES27,1456,5,interior,a_ice,0.02842
TUNE42PI_FES27,1456,6,interior,a_ice,0.00472
TUNE42PI_FES27,1456,7,interior,a_ice,0.00000
TUNE42PI_FES27,1456,8,interior,a_ice,0.00000
TUNE42PI_FES27,1456,9,interior,a_ice,0.00000
TUNE42PI_FES27,1456,10,interior,a_ice,0.00000
TUNE42PI_FES27,1456,11,interior,a_ice,0.00312
TUNE42PI_FES27,1456,12,interior,a_ice,0.05453
TUNE42PI_FES27,1456,1,labsea,MLD2,1425.89772
TUNE42PI_FES27,1456,2,labsea,MLD2,1512.31243
TUNE42PI_FES27,1456,3,labsea,MLD2,1424.80989
TUNE42PI_FES27,1456,4,labsea,MLD2,1206.79376
TUNE42PI_FES27,1456,5,labsea,MLD2,279.17197
TUNE42PI_FES27,1456,6,labsea,MLD2,19.85910
TUNE42PI_FES27,1456,7,labsea,MLD2,13.95911
TUNE42PI_FES27,1456,8,labsea,MLD2,19.23144
TUNE42PI_FES27,1456,9,labsea,MLD2,24.29304
TUNE42PI_FES27,1456,10,labsea,MLD2,38.39320
TUNE42PI_FES27,1456,11,labsea,MLD2,165.83734
TUNE42PI_FES27,1456,12,labsea,MLD2,1089.95725
TUNE42PI_FES27,1456,1,interior,MLD2,2046.52682
TUNE42PI_FES27,1456,2,interior,MLD2,2289.03470
TUNE42PI_FES27,1456,3,interior,MLD2,2094.44191
TUNE42PI_FES27,1456,4,interior,MLD2,1693.73784
TUNE42PI_FES27,1456,5,interior,MLD2,504.94901
TUNE42PI_FES27,1456,6,interior,MLD2,27.72351
TUNE42PI_FES27,1456,7,interior,MLD2,15.42034
TUNE42PI_FES27,1456,8,interior,MLD2,22.71185
TUNE42PI_FES27,1456,9,interior,MLD2,28.29666
TUNE42PI_FES27,1456,10,interior,MLD2,48.70542
TUNE42PI_FES27,1456,11,interior,MLD2,308.35239
TUNE42PI_FES27,1456,12,interior,MLD2,1721.30035
TUNE42PI_FES27,1457,1,labsea,a_ice,0.28683
TUNE42PI_FES27,1457,2,labsea,a_ice,0.31974
TUNE42PI_FES27,1457,3,labsea,a_ice,0.38897
TUNE42PI_FES27,1457,4,labsea,a_ice,0.40126
TUNE42PI_FES27,1457,5,labsea,a_ice,0.26670
TUNE42PI_FES27,1457,6,labsea,a_ice,0.13024
TUNE42PI_FES27,1457,7,labsea,a_ice,0.02944
TUNE42PI_FES27,1457,8,labsea,a_ice,0.00500
TUNE42PI_FES27,1457,9,labsea,a_ice,0.00000
TUNE42PI_FES27,1457,10,labsea,a_ice,0.00246
TUNE42PI_FES27,1457,11,labsea,a_ice,0.03507
TUNE42PI_FES27,1457,12,labsea,a_ice,0.12468
TUNE42PI_FES27,1457,1,interior,a_ice,0.08295
TUNE42PI_FES27,1457,2,interior,a_ice,0.18173
TUNE42PI_FES27,1457,3,interior,a_ice,0.24680
TUNE42PI_FES27,1457,4,interior,a_ice,0.24526
TUNE42PI_FES27,1457,5,interior,a_ice,0.09407
TUNE42PI_FES27,1457,6,interior,a_ice,0.05091
TUNE42PI_FES27,1457,7,interior,a_ice,0.00094
TUNE42PI_FES27,1457,8,interior,a_ice,0.00000
TUNE42PI_FES27,1457,9,interior,a_ice,0.00000
TUNE42PI_FES27,1457,10,interior,a_ice,0.00000
TUNE42PI_FES27,1457,11,interior,a_ice,0.00004
TUNE42PI_FES27,1457,12,interior,a_ice,0.00592
TUNE42PI_FES27,1457,1,labsea,MLD2,1442.60628
TUNE42PI_FES27,1457,2,labsea,MLD2,1441.98030
TUNE42PI_FES27,1457,3,labsea,MLD2,1341.30395
TUNE42PI_FES27,1457,4,labsea,MLD2,789.60126
TUNE42PI_FES27,1457,5,labsea,MLD2,198.53620
TUNE42PI_FES27,1457,6,labsea,MLD2,17.78967
TUNE42PI_FES27,1457,7,labsea,MLD2,14.35710
TUNE42PI_FES27,1457,8,labsea,MLD2,18.10273
TUNE42PI_FES27,1457,9,labsea,MLD2,21.91422
TUNE42PI_FES27,1457,10,labsea,MLD2,39.58349
TUNE42PI_FES27,1457,11,labsea,MLD2,179.00635
TUNE42PI_FES27,1457,12,labsea,MLD2,726.72464
TUNE42PI_FES27,1457,1,interior,MLD2,2081.66815
TUNE42PI_FES27,1457,2,interior,MLD2,2085.73026
TUNE42PI_FES27,1457,3,interior,MLD2,1922.51491
TUNE42PI_FES27,1457,4,interior,MLD2,1027.88283
TUNE42PI_FES27,1457,5,interior,MLD2,280.67348
TUNE42PI_FES27,1457,6,interior,MLD2,20.40542
TUNE42PI_FES27,1457,7,interior,MLD2,17.29547
TUNE42PI_FES27,1457,8,interior,MLD2,21.78110
TUNE42PI_FES27,1457,9,interior,MLD2,27.18721
TUNE42PI_FES27,1457,10,interior,MLD2,48.27413
TUNE42PI_FES27,1457,11,interior,MLD2,233.65068
TUNE42PI_FES27,1457,12,interior,MLD2,1347.59638
TUNE42PI_FES27,1458,1,labsea,a_ice,0.22915
TUNE42PI_FES27,1458,2,labsea,a_ice,0.28351
TUNE42PI_FES27,1458,3,labsea,a_ice,0.37222
TUNE42PI_FES27,1458,4,labsea,a_ice,0.41391
TUNE42PI_FES27,1458,5,labsea,a_ice,0.31848
TUNE42PI_FES27,1458,6,labsea,a_ice,0.14075
TUNE42PI_FES27,1458,7,labsea,a_ice,0.03119
TUNE42PI_FES27,1458,8,labsea,a_ice,0.00217
TUNE42PI_FES27,1458,9,labsea,a_ice,0.00000
TUNE42PI_FES27,1458,10,labsea,a_ice,0.00232
TUNE42PI_FES27,1458,11,labsea,a_ice,0.03833
TUNE42PI_FES27,1458,12,labsea,a_ice,0.14858
TUNE42PI_FES27,1458,1,interior,a_ice,0.06399
TUNE42PI_FES27,1458,2,interior,a_ice,0.12645
TUNE42PI_FES27,1458,3,interior,a_ice,0.28572
TUNE42PI_FES27,1458,4,interior,a_ice,0.38582
TUNE42PI_FES27,1458,5,interior,a_ice,0.20421
TUNE42PI_FES27,1458,6,interior,a_ice,0.03794
TUNE42PI_FES27,1458,7,interior,a_ice,0.00213
TUNE42PI_FES27,1458,8,interior,a_ice,0.00000
TUNE42PI_FES27,1458,9,interior,a_ice,0.00000
TUNE42PI_FES27,1458,10,interior,a_ice,0.00000
TUNE42PI_FES27,1458,11,interior,a_ice,0.00001
TUNE42PI_FES27,1458,12,interior,a_ice,0.03201
TUNE42PI_FES27,1458,1,labsea,MLD2,1270.41199
TUNE42PI_FES27,1458,2,labsea,MLD2,1383.28861
TUNE42PI_FES27,1458,3,labsea,MLD2,1263.68274
TUNE42PI_FES27,1458,4,labsea,MLD2,984.48419
TUNE42PI_FES27,1458,5,labsea,MLD2,758.30565
TUNE42PI_FES27,1458,6,labsea,MLD2,45.28370
TUNE42PI_FES27,1458,7,labsea,MLD2,14.97025
TUNE42PI_FES27,1458,8,labsea,MLD2,14.69794
TUNE42PI_FES27,1458,9,labsea,MLD2,25.51632
TUNE42PI_FES27,1458,10,labsea,MLD2,41.85513
TUNE42PI_FES27,1458,11,labsea,MLD2,213.01599
TUNE42PI_FES27,1458,12,labsea,MLD2,940.52924
TUNE42PI_FES27,1458,1,interior,MLD2,2051.52224
TUNE42PI_FES27,1458,2,interior,MLD2,1897.43941
TUNE42PI_FES27,1458,3,interior,MLD2,1522.18151
TUNE42PI_FES27,1458,4,interior,MLD2,971.76466
TUNE42PI_FES27,1458,5,interior,MLD2,741.26777
TUNE42PI_FES27,1458,6,interior,MLD2,53.69005
TUNE42PI_FES27,1458,7,interior,MLD2,19.05802
TUNE42PI_FES27,1458,8,interior,MLD2,18.01083
TUNE42PI_FES27,1458,9,interior,MLD2,31.67090
TUNE42PI_FES27,1458,10,interior,MLD2,49.93066
TUNE42PI_FES27,1458,11,interior,MLD2,363.12731
TUNE42PI_FES27,1458,12,interior,MLD2,1675.37581
TUNE42PI_FES27,1459,1,labsea,a_ice,0.27914
TUNE42PI_FES27,1459,2,labsea,a_ice,0.37125
TUNE42PI_FES27,1459,3,labsea,a_ice,0.38215
TUNE42PI_FES27,1459,4,labsea,a_ice,0.36742
TUNE42PI_FES27,1459,5,labsea,a_ice,0.30223
TUNE42PI_FES27,1459,6,labsea,a_ice,0.12760
TUNE42PI_FES27,1459,7,labsea,a_ice,0.00983
TUNE42PI_FES27,1459,8,labsea,a_ice,0.00000
TUNE42PI_FES27,1459,9,labsea,a_ice,0.00000
TUNE42PI_FES27,1459,10,labsea,a_ice,0.00000
TUNE42PI_FES27,1459,11,labsea,a_ice,0.00822
TUNE42PI_FES27,1459,12,labsea,a_ice,0.14264
TUNE42PI_FES27,1459,1,interior,a_ice,0.14736
TUNE42PI_FES27,1459,2,interior,a_ice,0.29098
TUNE42PI_FES27,1459,3,interior,a_ice,0.22078
TUNE42PI_FES27,1459,4,interior,a_ice,0.27033
TUNE42PI_FES27,1459,5,interior,a_ice,0.16670
TUNE42PI_FES27,1459,6,interior,a_ice,0.04581
TUNE42PI_FES27,1459,7,interior,a_ice,0.00181
TUNE42PI_FES27,1459,8,interior,a_ice,0.00000
TUNE42PI_FES27,1459,9,interior,a_ice,0.00000
TUNE42PI_FES27,1459,10,interior,a_ice,0.00000
TUNE42PI_FES27,1459,11,interior,a_ice,0.00006
TUNE42PI_FES27,1459,12,interior,a_ice,0.01831
TUNE42PI_FES27,1459,1,labsea,MLD2,1262.88825
TUNE42PI_FES27,1459,2,labsea,MLD2,1232.25647
TUNE42PI_FES27,1459,3,labsea,MLD2,1210.50043
TUNE42PI_FES27,1459,4,labsea,MLD2,1052.26319
TUNE42PI_FES27,1459,5,labsea,MLD2,418.97854
TUNE42PI_FES27,1459,6,labsea,MLD2,17.23156
TUNE42PI_FES27,1459,7,labsea,MLD2,12.05154
TUNE42PI_FES27,1459,8,labsea,MLD2,13.44106
TUNE42PI_FES27,1459,9,labsea,MLD2,22.63040
TUNE42PI_FES27,1459,10,labsea,MLD2,34.98082
TUNE42PI_FES27,1459,11,labsea,MLD2,82.98276
TUNE42PI_FES27,1459,12,labsea,MLD2,859.63928
TUNE42PI_FES27,1459,1,interior,MLD2,1859.13608
TUNE42PI_FES27,1459,2,interior,MLD2,1417.79390
TUNE42PI_FES27,1459,3,interior,MLD2,1496.16429
TUNE42PI_FES27,1459,4,interior,MLD2,1245.00791
TUNE42PI_FES27,1459,5,interior,MLD2,572.77304
TUNE42PI_FES27,1459,6,interior,MLD2,20.23261
TUNE42PI_FES27,1459,7,interior,MLD2,12.42287
TUNE42PI_FES27,1459,8,interior,MLD2,15.46569
TUNE42PI_FES27,1459,9,interior,MLD2,25.55655
TUNE42PI_FES27,1459,10,interior,MLD2,39.97389
TUNE42PI_FES27,1459,11,interior,MLD2,154.58183
TUNE42PI_FES27,1459,12,interior,MLD2,1667.83639
TUNE42PI_FES27,1460,1,labsea,a_ice,0.24401
TUNE42PI_FES27,1460,2,labsea,a_ice,0.28904
TUNE42PI_FES27,1460,3,labsea,a_ice,0.28346
TUNE42PI_FES27,1460,4,labsea,a_ice,0.32182
TUNE42PI_FES27,1460,5,labsea,a_ice,0.27690
TUNE42PI_FES27,1460,6,labsea,a_ice,0.12481
TUNE42PI_FES27,1460,7,labsea,a_ice,0.03101
TUNE42PI_FES27,1460,8,labsea,a_ice,0.00109
TUNE42PI_FES27,1460,9,labsea,a_ice,0.00000
TUNE42PI_FES27,1460,10,labsea,a_ice,0.00000
TUNE42PI_FES27,1460,11,labsea,a_ice,0.04075
TUNE42PI_FES27,1460,12,labsea,a_ice,0.15012
TUNE42PI_FES27,1460,1,interior,a_ice,0.07724
TUNE42PI_FES27,1460,2,interior,a_ice,0.08664
TUNE42PI_FES27,1460,3,interior,a_ice,0.08814
TUNE42PI_FES27,1460,4,interior,a_ice,0.18552
TUNE42PI_FES27,1460,5,interior,a_ice,0.13794
TUNE42PI_FES27,1460,6,interior,a_ice,0.01460
TUNE42PI_FES27,1460,7,interior,a_ice,0.00000
TUNE42PI_FES27,1460,8,interior,a_ice,0.00000
TUNE42PI_FES27,1460,9,interior,a_ice,0.00000
TUNE42PI_FES27,1460,10,interior,a_ice,0.00000
TUNE42PI_FES27,1460,11,interior,a_ice,0.00135
TUNE42PI_FES27,1460,12,interior,a_ice,0.02214
TUNE42PI_FES27,1460,1,labsea,MLD2,1326.34982
TUNE42PI_FES27,1460,2,labsea,MLD2,1410.54227
TUNE42PI_FES27,1460,3,labsea,MLD2,1360.47177
TUNE42PI_FES27,1460,4,labsea,MLD2,1153.56237
TUNE42PI_FES27,1460,5,labsea,MLD2,514.71418
TUNE42PI_FES27,1460,6,labsea,MLD2,17.48162
TUNE42PI_FES27,1460,7,labsea,MLD2,14.92470
TUNE42PI_FES27,1460,8,labsea,MLD2,17.27523
TUNE42PI_FES27,1460,9,labsea,MLD2,24.77801
TUNE42PI_FES27,1460,10,labsea,MLD2,34.43718
TUNE42PI_FES27,1460,11,labsea,MLD2,62.99941
TUNE42PI_FES27,1460,12,labsea,MLD2,531.51849
TUNE42PI_FES27,1460,1,interior,MLD2,2214.66190
TUNE42PI_FES27,1460,2,interior,MLD2,2178.66598
TUNE42PI_FES27,1460,3,interior,MLD2,2042.48778
TUNE42PI_FES27,1460,4,interior,MLD2,1581.82118
TUNE42PI_FES27,1460,5,interior,MLD2,786.82185
TUNE42PI_FES27,1460,6,interior,MLD2,19.96461
TUNE42PI_FES27,1460,7,interior,MLD2,17.69756
TUNE42PI_FES27,1460,8,interior,MLD2,20.73351
TUNE42PI_FES27,1460,9,interior,MLD2,28.97954
TUNE42PI_FES27,1460,10,interior,MLD2,39.40666
TUNE42PI_FES27,1460,11,interior,MLD2,79.61158
TUNE42PI_FES27,1460,12,interior,MLD2,922.67285
TUNE42PI_FES27,1461,1,labsea,a_ice,0.20619
TUNE42PI_FES27,1461,2,labsea,a_ice,0.23668
TUNE42PI_FES27,1461,3,labsea,a_ice,0.26402
TUNE42PI_FES27,1461,4,labsea,a_ice,0.22563
TUNE42PI_FES27,1461,5,labsea,a_ice,0.16194
TUNE42PI_FES27,1461,6,labsea,a_ice,0.08267
TUNE42PI_FES27,1461,7,labsea,a_ice,0.02341
TUNE42PI_FES27,1461,8,labsea,a_ice,0.00098
TUNE42PI_FES27,1461,9,labsea,a_ice,0.00000
TUNE42PI_FES27,1461,10,labsea,a_ice,0.00013
TUNE42PI_FES27,1461,11,labsea,a_ice,0.01766
TUNE42PI_FES27,1461,12,labsea,a_ice,0.11460
TUNE42PI_FES27,1461,1,interior,a_ice,0.04518
TUNE42PI_FES27,1461,2,interior,a_ice,0.06280
TUNE42PI_FES27,1461,3,interior,a_ice,0.08521
TUNE42PI_FES27,1461,4,interior,a_ice,0.05034
TUNE42PI_FES27,1461,5,interior,a_ice,0.03642
TUNE42PI_FES27,1461,6,interior,a_ice,0.00338
TUNE42PI_FES27,1461,7,interior,a_ice,0.00000
TUNE42PI_FES27,1461,8,interior,a_ice,0.00000
TUNE42PI_FES27,1461,9,interior,a_ice,0.00000
TUNE42PI_FES27,1461,10,interior,a_ice,0.00000
TUNE42PI_FES27,1461,11,interior,a_ice,0.00001
TUNE42PI_FES27,1461,12,interior,a_ice,0.02408
TUNE42PI_FES27,1461,1,labsea,MLD2,1191.42288
TUNE42PI_FES27,1461,2,labsea,MLD2,1324.62232
TUNE42PI_FES27,1461,3,labsea,MLD2,1374.86376
TUNE42PI_FES27,1461,4,labsea,MLD2,1095.01454
TUNE42PI_FES27,1461,5,labsea,MLD2,541.69646
TUNE42PI_FES27,1461,6,labsea,MLD2,29.55881
TUNE42PI_FES27,1461,7,labsea,MLD2,13.88563
TUNE42PI_FES27,1461,8,labsea,MLD2,17.34406
TUNE42PI_FES27,1461,9,labsea,MLD2,22.70639
TUNE42PI_FES27,1461,10,labsea,MLD2,34.41953
TUNE42PI_FES27,1461,11,labsea,MLD2,63.17236
TUNE42PI_FES27,1461,12,labsea,MLD2,234.83956
TUNE42PI_FES27,1461,1,interior,MLD2,1845.69138
TUNE42PI_FES27,1461,2,interior,MLD2,1987.56255
TUNE42PI_FES27,1461,3,interior,MLD2,1968.32258
TUNE42PI_FES27,1461,4,interior,MLD2,1608.87575
TUNE42PI_FES27,1461,5,interior,MLD2,1021.50463
TUNE42PI_FES27,1461,6,interior,MLD2,56.85491
TUNE42PI_FES27,1461,7,interior,MLD2,15.69972
TUNE42PI_FES27,1461,8,interior,MLD2,20.16434
TUNE42PI_FES27,1461,9,interior,MLD2,23.87402
TUNE42PI_FES27,1461,10,interior,MLD2,38.07132
TUNE42PI_FES27,1461,11,interior,MLD2,87.41223
TUNE42PI_FES27,1461,12,interior,MLD2,420.42602
TUNE42PI_FES27,1462,1,labsea,a_ice,0.24346
TUNE42PI_FES27,1462,2,labsea,a_ice,0.25821
TUNE42PI_FES27,1462,3,labsea,a_ice,0.32247
TUNE42PI_FES27,1462,4,labsea,a_ice,0.27670
TUNE42PI_FES27,1462,5,labsea,a_ice,0.19261
TUNE42PI_FES27,1462,6,labsea,a_ice,0.07079
TUNE42PI_FES27,1462,7,labsea,a_ice,0.00830
TUNE42PI_FES27,1462,8,labsea,a_ice,0.00000
TUNE42PI_FES27,1462,9,labsea,a_ice,0.00000
TUNE42PI_FES27,1462,10,labsea,a_ice,0.00001
TUNE42PI_FES27,1462,11,labsea,a_ice,0.01746
TUNE42PI_FES27,1462,12,labsea,a_ice,0.10423
TUNE42PI_FES27,1462,1,interior,a_ice,0.07339
TUNE42PI_FES27,1462,2,interior,a_ice,0.07774
TUNE42PI_FES27,1462,3,interior,a_ice,0.13297
TUNE42PI_FES27,1462,4,interior,a_ice,0.06491
TUNE42PI_FES27,1462,5,interior,a_ice,0.03303
TUNE42PI_FES27,1462,6,interior,a_ice,0.00569
TUNE42PI_FES27,1462,7,interior,a_ice,0.00000
TUNE42PI_FES27,1462,8,interior,a_ice,0.00000
TUNE42PI_FES27,1462,9,interior,a_ice,0.00000
TUNE42PI_FES27,1462,10,interior,a_ice,0.00000
TUNE42PI_FES27,1462,11,interior,a_ice,0.00018
TUNE42PI_FES27,1462,12,interior,a_ice,0.00275
TUNE42PI_FES27,1462,1,labsea,MLD2,935.97695
TUNE42PI_FES27,1462,2,labsea,MLD2,1085.98710
TUNE42PI_FES27,1462,3,labsea,MLD2,1002.79381
TUNE42PI_FES27,1462,4,labsea,MLD2,832.39851
TUNE42PI_FES27,1462,5,labsea,MLD2,328.90305
TUNE42PI_FES27,1462,6,labsea,MLD2,14.46630
TUNE42PI_FES27,1462,7,labsea,MLD2,13.34701
TUNE42PI_FES27,1462,8,labsea,MLD2,14.13086
TUNE42PI_FES27,1462,9,labsea,MLD2,22.92477
TUNE42PI_FES27,1462,10,labsea,MLD2,39.03182
TUNE42PI_FES27,1462,11,labsea,MLD2,90.86541
TUNE42PI_FES27,1462,12,labsea,MLD2,287.59062
TUNE42PI_FES27,1462,1,interior,MLD2,1525.31521
TUNE42PI_FES27,1462,2,interior,MLD2,1571.61881
TUNE42PI_FES27,1462,3,interior,MLD2,1351.98088
TUNE42PI_FES27,1462,4,interior,MLD2,1127.13525
TUNE42PI_FES27,1462,5,interior,MLD2,472.88135
TUNE42PI_FES27,1462,6,interior,MLD2,17.86916
TUNE42PI_FES27,1462,7,interior,MLD2,15.14270
TUNE42PI_FES27,1462,8,interior,MLD2,16.66901
TUNE42PI_FES27,1462,9,interior,MLD2,25.78907
TUNE42PI_FES27,1462,10,interior,MLD2,48.93810
TUNE42PI_FES27,1462,11,interior,MLD2,143.32931
TUNE42PI_FES27,1462,12,interior,MLD2,607.18169
TUNE42PI_FES27,1463,1,labsea,a_ice,0.19359
TUNE42PI_FES27,1463,2,labsea,a_ice,0.27672
TUNE42PI_FES27,1463,3,labsea,a_ice,0.25409
TUNE42PI_FES27,1463,4,labsea,a_ice,0.23076
TUNE42PI_FES27,1463,5,labsea,a_ice,0.16723
TUNE42PI_FES27,1463,6,labsea,a_ice,0.06156
TUNE42PI_FES27,1463,7,labsea,a_ice,0.00392
TUNE42PI_FES27,1463,8,labsea,a_ice,0.00000
TUNE42PI_FES27,1463,9,labsea,a_ice,0.00000
TUNE42PI_FES27,1463,10,labsea,a_ice,0.00001
TUNE42PI_FES27,1463,11,labsea,a_ice,0.02243
TUNE42PI_FES27,1463,12,labsea,a_ice,0.12939
TUNE42PI_FES27,1463,1,interior,a_ice,0.03510
TUNE42PI_FES27,1463,2,interior,a_ice,0.13557
TUNE42PI_FES27,1463,3,interior,a_ice,0.08905
TUNE42PI_FES27,1463,4,interior,a_ice,0.04292
TUNE42PI_FES27,1463,5,interior,a_ice,0.03269
TUNE42PI_FES27,1463,6,interior,a_ice,0.00956
TUNE42PI_FES27,1463,7,interior,a_ice,0.00202
TUNE42PI_FES27,1463,8,interior,a_ice,0.00000
TUNE42PI_FES27,1463,9,interior,a_ice,0.00000
TUNE42PI_FES27,1463,10,interior,a_ice,0.00000
TUNE42PI_FES27,1463,11,interior,a_ice,0.00000
TUNE42PI_FES27,1463,12,interior,a_ice,0.01296
TUNE42PI_FES27,1463,1,labsea,MLD2,965.11724
TUNE42PI_FES27,1463,2,labsea,MLD2,1251.76278
TUNE42PI_FES27,1463,3,labsea,MLD2,1270.03746
TUNE42PI_FES27,1463,4,labsea,MLD2,1235.01843
TUNE42PI_FES27,1463,5,labsea,MLD2,435.29241
TUNE42PI_FES27,1463,6,labsea,MLD2,20.21858
TUNE42PI_FES27,1463,7,labsea,MLD2,12.89604
TUNE42PI_FES27,1463,8,labsea,MLD2,15.00329
TUNE42PI_FES27,1463,9,labsea,MLD2,25.85286
TUNE42PI_FES27,1463,10,labsea,MLD2,38.15562
TUNE42PI_FES27,1463,11,labsea,MLD2,110.03324
TUNE42PI_FES27,1463,12,labsea,MLD2,632.36614
TUNE42PI_FES27,1463,1,interior,MLD2,1517.00302
TUNE42PI_FES27,1463,2,interior,MLD2,1726.64545
TUNE42PI_FES27,1463,3,interior,MLD2,1551.89885
TUNE42PI_FES27,1463,4,interior,MLD2,1621.92037
TUNE42PI_FES27,1463,5,interior,MLD2,706.41173
TUNE42PI_FES27,1463,6,interior,MLD2,21.79620
TUNE42PI_FES27,1463,7,interior,MLD2,13.79549
TUNE42PI_FES27,1463,8,interior,MLD2,16.72933
TUNE42PI_FES27,1463,9,interior,MLD2,30.19561
TUNE42PI_FES27,1463,10,interior,MLD2,50.76678
TUNE42PI_FES27,1463,11,interior,MLD2,231.63084
TUNE42PI_FES27,1463,12,interior,MLD2,1400.64522
TUNE42PI_FES27,1464,1,labsea,a_ice,0.23258
TUNE42PI_FES27,1464,2,labsea,a_ice,0.25401
TUNE42PI_FES27,1464,3,labsea,a_ice,0.27603
TUNE42PI_FES27,1464,4,labsea,a_ice,0.23521
TUNE42PI_FES27,1464,5,labsea,a_ice,0.16993
TUNE42PI_FES27,1464,6,labsea,a_ice,0.08057
TUNE42PI_FES27,1464,7,labsea,a_ice,0.02041
TUNE42PI_FES27,1464,8,labsea,a_ice,0.00321
TUNE42PI_FES27,1464,9,labsea,a_ice,0.00000
TUNE42PI_FES27,1464,10,labsea,a_ice,0.00174
TUNE42PI_FES27,1464,11,labsea,a_ice,0.05071
TUNE42PI_FES27,1464,12,labsea,a_ice,0.16772
TUNE42PI_FES27,1464,1,interior,a_ice,0.05541
TUNE42PI_FES27,1464,2,interior,a_ice,0.08475
TUNE42PI_FES27,1464,3,interior,a_ice,0.09467
TUNE42PI_FES27,1464,4,interior,a_ice,0.06416
TUNE42PI_FES27,1464,5,interior,a_ice,0.03126
TUNE42PI_FES27,1464,6,interior,a_ice,0.00719
TUNE42PI_FES27,1464,7,interior,a_ice,0.00000
TUNE42PI_FES27,1464,8,interior,a_ice,0.00000
TUNE42PI_FES27,1464,9,interior,a_ice,0.00000
TUNE42PI_FES27,1464,10,interior,a_ice,0.00000
TUNE42PI_FES27,1464,11,interior,a_ice,0.00147
TUNE42PI_FES27,1464,12,interior,a_ice,0.02622
TUNE42PI_FES27,1464,1,labsea,MLD2,1370.04782
TUNE42PI_FES27,1464,2,labsea,MLD2,1603.99892
TUNE42PI_FES27,1464,3,labsea,MLD2,1517.31803
TUNE42PI_FES27,1464,4,labsea,MLD2,1286.33076
TUNE42PI_FES27,1464,5,labsea,MLD2,711.40623
TUNE42PI_FES27,1464,6,labsea,MLD2,38.75406
TUNE42PI_FES27,1464,7,labsea,MLD2,17.53884
TUNE42PI_FES27,1464,8,labsea,MLD2,17.45691
TUNE42PI_FES27,1464,9,labsea,MLD2,22.61856
TUNE42PI_FES27,1464,10,labsea,MLD2,33.82133
TUNE42PI_FES27,1464,11,labsea,MLD2,91.14672
TUNE42PI_FES27,1464,12,labsea,MLD2,887.93332
TUNE42PI_FES27,1464,1,interior,MLD2,2313.59881
TUNE42PI_FES27,1464,2,interior,MLD2,2461.86995
TUNE42PI_FES27,1464,3,interior,MLD2,2258.79599
TUNE42PI_FES27,1464,4,interior,MLD2,1882.70139
TUNE42PI_FES27,1464,5,interior,MLD2,1024.79979
TUNE42PI_FES27,1464,6,interior,MLD2,54.62286
TUNE42PI_FES27,1464,7,interior,MLD2,21.18027
TUNE42PI_FES27,1464,8,interior,MLD2,20.19964
TUNE42PI_FES27,1464,9,interior,MLD2,24.07322
TUNE42PI_FES27,1464,10,interior,MLD2,37.79798
TUNE42PI_FES27,1464,11,interior,MLD2,123.55664
TUNE42PI_FES27,1464,12,interior,MLD2,1394.90268
TUNE42PI_FES27,1465,1,labsea,a_ice,0.22843
TUNE42PI_FES27,1465,2,labsea,a_ice,0.24289
TUNE42PI_FES27,1465,3,labsea,a_ice,0.25432
TUNE42PI_FES27,1465,4,labsea,a_ice,0.23332
TUNE42PI_FES27,1465,5,labsea,a_ice,0.16832
TUNE42PI_FES27,1465,6,labsea,a_ice,0.08524
TUNE42PI_FES27,1465,7,labsea,a_ice,0.01676
TUNE42PI_FES27,1465,8,labsea,a_ice,0.00034
TUNE42PI_FES27,1465,9,labsea,a_ice,0.00000
TUNE42PI_FES27,1465,10,labsea,a_ice,0.00046
TUNE42PI_FES27,1465,11,labsea,a_ice,0.03570
TUNE42PI_FES27,1465,12,labsea,a_ice,0.15200
TUNE42PI_FES27,1465,1,interior,a_ice,0.04473
TUNE42PI_FES27,1465,2,interior,a_ice,0.06930
TUNE42PI_FES27,1465,3,interior,a_ice,0.07273
TUNE42PI_FES27,1465,4,interior,a_ice,0.06670
TUNE42PI_FES27,1465,5,interior,a_ice,0.02615
TUNE42PI_FES27,1465,6,interior,a_ice,0.00391
TUNE42PI_FES27,1465,7,interior,a_ice,0.00000
TUNE42PI_FES27,1465,8,interior,a_ice,0.00000
TUNE42PI_FES27,1465,9,interior,a_ice,0.00000
TUNE42PI_FES27,1465,10,interior,a_ice,0.00000
TUNE42PI_FES27,1465,11,interior,a_ice,0.00060
TUNE42PI_FES27,1465,12,interior,a_ice,0.01451
TUNE42PI_FES27,1465,1,labsea,MLD2,1531.46203
TUNE42PI_FES27,1465,2,labsea,MLD2,1623.00024
TUNE42PI_FES27,1465,3,labsea,MLD2,1560.08953
TUNE42PI_FES27,1465,4,labsea,MLD2,1464.06700
TUNE42PI_FES27,1465,5,labsea,MLD2,434.83441
TUNE42PI_FES27,1465,6,labsea,MLD2,20.07835
TUNE42PI_FES27,1465,7,labsea,MLD2,16.78016
TUNE42PI_FES27,1465,8,labsea,MLD2,16.99677
TUNE42PI_FES27,1465,9,labsea,MLD2,25.00193
TUNE42PI_FES27,1465,10,labsea,MLD2,41.63708
TUNE42PI_FES27,1465,11,labsea,MLD2,122.81867
TUNE42PI_FES27,1465,12,labsea,MLD2,915.32606
TUNE42PI_FES27,1465,1,interior,MLD2,2293.51091
TUNE42PI_FES27,1465,2,interior,MLD2,2412.49020
TUNE42PI_FES27,1465,3,interior,MLD2,2393.36914
TUNE42PI_FES27,1465,4,interior,MLD2,2241.66056
TUNE42PI_FES27,1465,5,interior,MLD2,899.70943
TUNE42PI_FES27,1465,6,interior,MLD2,29.29813
TUNE42PI_FES27,1465,7,interior,MLD2,19.66707
TUNE42PI_FES27,1465,8,interior,MLD2,20.91198
TUNE42PI_FES27,1465,9,interior,MLD2,31.92334
TUNE42PI_FES27,1465,10,interior,MLD2,52.26651
TUNE42PI_FES27,1465,11,interior,MLD2,218.36529
TUNE42PI_FES27,1465,12,interior,MLD2,1537.84781
TUNE42PI_FES27,1466,1,labsea,a_ice,0.20926
TUNE42PI_FES27,1466,2,labsea,a_ice,0.24622
TUNE42PI_FES27,1466,3,labsea,a_ice,0.29367
TUNE42PI_FES27,1466,4,labsea,a_ice,0.27310
TUNE42PI_FES27,1466,5,labsea,a_ice,0.17501
TUNE42PI_FES27,1466,6,labsea,a_ice,0.07355
TUNE42PI_FES27,1466,7,labsea,a_ice,0.01111
TUNE42PI_FES27,1466,8,labsea,a_ice,0.00000
TUNE42PI_FES27,1466,9,labsea,a_ice,0.00000
TUNE42PI_FES27,1466,10,labsea,a_ice,0.00035
TUNE42PI_FES27,1466,11,labsea,a_ice,0.03176
TUNE42PI_FES27,1466,12,labsea,a_ice,0.12457
TUNE42PI_FES27,1466,1,interior,a_ice,0.06332
TUNE42PI_FES27,1466,2,interior,a_ice,0.08336
TUNE42PI_FES27,1466,3,interior,a_ice,0.13195
TUNE42PI_FES27,1466,4,interior,a_ice,0.11546
TUNE42PI_FES27,1466,5,interior,a_ice,0.05311
TUNE42PI_FES27,1466,6,interior,a_ice,0.00871
TUNE42PI_FES27,1466,7,interior,a_ice,0.00064
TUNE42PI_FES27,1466,8,interior,a_ice,0.00000
TUNE42PI_FES27,1466,9,interior,a_ice,0.00000
TUNE42PI_FES27,1466,10,interior,a_ice,0.00000
TUNE42PI_FES27,1466,11,interior,a_ice,0.00065
TUNE42PI_FES27,1466,12,interior,a_ice,0.02340
TUNE42PI_FES27,1466,1,labsea,MLD2,1601.64101
TUNE42PI_FES27,1466,2,labsea,MLD2,1634.22805
TUNE42PI_FES27,1466,3,labsea,MLD2,1489.60757
TUNE42PI_FES27,1466,4,labsea,MLD2,1221.77472
TUNE42PI_FES27,1466,5,labsea,MLD2,567.39445
TUNE42PI_FES27,1466,6,labsea,MLD2,23.89364
TUNE42PI_FES27,1466,7,labsea,MLD2,15.71833
TUNE42PI_FES27,1466,8,labsea,MLD2,18.93076
TUNE42PI_FES27,1466,9,labsea,MLD2,23.03476
TUNE42PI_FES27,1466,10,labsea,MLD2,28.82833
TUNE42PI_FES27,1466,11,labsea,MLD2,65.16430
TUNE42PI_FES27,1466,12,labsea,MLD2,433.43453
TUNE42PI_FES27,1466,1,interior,MLD2,2340.11244
TUNE42PI_FES27,1466,2,interior,MLD2,2428.35145
TUNE42PI_FES27,1466,3,interior,MLD2,2186.74463
TUNE42PI_FES27,1466,4,interior,MLD2,1837.03204
TUNE42PI_FES27,1466,5,interior,MLD2,1044.67985
TUNE42PI_FES27,1466,6,interior,MLD2,35.06811
TUNE42PI_FES27,1466,7,interior,MLD2,18.34986
TUNE42PI_FES27,1466,8,interior,MLD2,21.23585
TUNE42PI_FES27,1466,9,interior,MLD2,26.51415
TUNE42PI_FES27,1466,10,interior,MLD2,34.12450
TUNE42PI_FES27,1466,11,interior,MLD2,96.92374
TUNE42PI_FES27,1466,12,interior,MLD2,867.61956
TUNE42PI_FES27,1467,1,labsea,a_ice,0.22414
TUNE42PI_FES27,1467,2,labsea,a_ice,0.25797
TUNE42PI_FES27,1467,3,labsea,a_ice,0.28685
TUNE42PI_FES27,1467,4,labsea,a_ice,0.27982
TUNE42PI_FES27,1467,5,labsea,a_ice,0.21602
TUNE42PI_FES27,1467,6,labsea,a_ice,0.09798
TUNE42PI_FES27,1467,7,labsea,a_ice,0.02170
TUNE42PI_FES27,1467,8,labsea,a_ice,0.00120
TUNE42PI_FES27,1467,9,labsea,a_ice,0.00002
TUNE42PI_FES27,1467,10,labsea,a_ice,0.00704
TUNE42PI_FES27,1467,11,labsea,a_ice,0.07895
TUNE42PI_FES27,1467,12,labsea,a_ice,0.24175
TUNE42PI_FES27,1467,1,interior,a_ice,0.04723
TUNE42PI_FES27,1467,2,interior,a_ice,0.07661
TUNE42PI_FES27,1467,3,interior,a_ice,0.08009
TUNE42PI_FES27,1467,4,interior,a_ice,0.08705
TUNE42PI_FES27,1467,5,interior,a_ice,0.06698
TUNE42PI_FES27,1467,6,interior,a_ice,0.01753
TUNE42PI_FES27,1467,7,interior,a_ice,0.00000
TUNE42PI_FES27,1467,8,interior,a_ice,0.00000
TUNE42PI_FES27,1467,9,interior,a_ice,0.00000
TUNE42PI_FES27,1467,10,interior,a_ice,0.00000
TUNE42PI_FES27,1467,11,interior,a_ice,0.00311
TUNE42PI_FES27,1467,12,interior,a_ice,0.08447
TUNE42PI_FES27,1467,1,labsea,MLD2,1487.71606
TUNE42PI_FES27,1467,2,labsea,MLD2,1544.10210
TUNE42PI_FES27,1467,3,labsea,MLD2,1450.57711
TUNE42PI_FES27,1467,4,labsea,MLD2,1229.67790
TUNE42PI_FES27,1467,5,labsea,MLD2,738.22778
TUNE42PI_FES27,1467,6,labsea,MLD2,22.90475
TUNE42PI_FES27,1467,7,labsea,MLD2,18.21396
TUNE42PI_FES27,1467,8,labsea,MLD2,18.49661
TUNE42PI_FES27,1467,9,labsea,MLD2,25.91538
TUNE42PI_FES27,1467,10,labsea,MLD2,37.79815
TUNE42PI_FES27,1467,11,labsea,MLD2,122.89310
TUNE42PI_FES27,1467,12,labsea,MLD2,1115.00567
TUNE42PI_FES27,1467,1,interior,MLD2,2292.22672
TUNE42PI_FES27,1467,2,interior,MLD2,2363.06988
TUNE42PI_FES27,1467,3,interior,MLD2,2243.25975
TUNE42PI_FES27,1467,4,interior,MLD2,1776.19465
TUNE42PI_FES27,1467,5,interior,MLD2,1097.81797
TUNE42PI_FES27,1467,6,interior,MLD2,27.71805
TUNE42PI_FES27,1467,7,interior,MLD2,21.66284
TUNE42PI_FES27,1467,8,interior,MLD2,21.29316
TUNE42PI_FES27,1467,9,interior,MLD2,30.01321
TUNE42PI_FES27,1467,10,interior,MLD2,42.86843
TUNE42PI_FES27,1467,11,interior,MLD2,241.07461
TUNE42PI_FES27,1467,12,interior,MLD2,1725.88625
TUNE42PI_FES27,1468,1,labsea,a_ice,0.28875
TUNE42PI_FES27,1468,2,labsea,a_ice,0.25985
TUNE42PI_FES27,1468,3,labsea,a_ice,0.30070
TUNE42PI_FES27,1468,4,labsea,a_ice,0.28363
TUNE42PI_FES27,1468,5,labsea,a_ice,0.19019
TUNE42PI_FES27,1468,6,labsea,a_ice,0.08681
TUNE42PI_FES27,1468,7,labsea,a_ice,0.00714
TUNE42PI_FES27,1468,8,labsea,a_ice,0.00009
TUNE42PI_FES27,1468,9,labsea,a_ice,0.00000
TUNE42PI_FES27,1468,10,labsea,a_ice,0.00117
TUNE42PI_FES27,1468,11,labsea,a_ice,0.04908
TUNE42PI_FES27,1468,12,labsea,a_ice,0.18698
TUNE42PI_FES27,1468,1,interior,a_ice,0.10669
TUNE42PI_FES27,1468,2,interior,a_ice,0.06738
TUNE42PI_FES27,1468,3,interior,a_ice,0.12879
TUNE42PI_FES27,1468,4,interior,a_ice,0.11555
TUNE42PI_FES27,1468,5,interior,a_ice,0.04274
TUNE42PI_FES27,1468,6,interior,a_ice,0.01035
TUNE42PI_FES27,1468,7,interior,a_ice,0.00004
TUNE42PI_FES27,1468,8,interior,a_ice,0.00000
TUNE42PI_FES27,1468,9,interior,a_ice,0.00000
TUNE42PI_FES27,1468,10,interior,a_ice,0.00000
TUNE42PI_FES27,1468,11,interior,a_ice,0.00151
TUNE42PI_FES27,1468,12,interior,a_ice,0.03617
TUNE42PI_FES27,1468,1,labsea,MLD2,1387.28219
TUNE42PI_FES27,1468,2,labsea,MLD2,1493.21306
TUNE42PI_FES27,1468,3,labsea,MLD2,1345.52086
TUNE42PI_FES27,1468,4,labsea,MLD2,946.45929
TUNE42PI_FES27,1468,5,labsea,MLD2,283.52891
TUNE42PI_FES27,1468,6,labsea,MLD2,13.43724
TUNE42PI_FES27,1468,7,labsea,MLD2,12.95371
TUNE42PI_FES27,1468,8,labsea,MLD2,14.67422
TUNE42PI_FES27,1468,9,labsea,MLD2,23.71336
TUNE42PI_FES27,1468,10,labsea,MLD2,36.75035
TUNE42PI_FES27,1468,11,labsea,MLD2,104.61943
TUNE42PI_FES27,1468,12,labsea,MLD2,803.90062
TUNE42PI_FES27,1468,1,interior,MLD2,1960.16575
TUNE42PI_FES27,1468,2,interior,MLD2,2162.56067
TUNE42PI_FES27,1468,3,interior,MLD2,1883.93579
TUNE42PI_FES27,1468,4,interior,MLD2,1180.92469
TUNE42PI_FES27,1468,5,interior,MLD2,459.35705
TUNE42PI_FES27,1468,6,interior,MLD2,15.44589
TUNE42PI_FES27,1468,7,interior,MLD2,15.07458
TUNE42PI_FES27,1468,8,interior,MLD2,16.95034
TUNE42PI_FES27,1468,9,interior,MLD2,27.28670
TUNE42PI_FES27,1468,10,interior,MLD2,45.93576
TUNE42PI_FES27,1468,11,interior,MLD2,191.50777
TUNE42PI_FES27,1468,12,interior,MLD2,1590.56565
TUNE42PI_FES27,1469,1,labsea,a_ice,0.26746
TUNE42PI_FES27,1469,2,labsea,a_ice,0.35924
TUNE42PI_FES27,1469,3,labsea,a_ice,0.39078
TUNE42PI_FES27,1469,4,labsea,a_ice,0.37534
TUNE42PI_FES27,1469,5,labsea,a_ice,0.31287
TUNE42PI_FES27,1469,6,labsea,a_ice,0.19247
TUNE42PI_FES27,1469,7,labsea,a_ice,0.04175
TUNE42PI_FES27,1469,8,labsea,a_ice,0.00419
TUNE42PI_FES27,1469,9,labsea,a_ice,0.00000
TUNE42PI_FES27,1469,10,labsea,a_ice,0.00048
TUNE42PI_FES27,1469,11,labsea,a_ice,0.04880
TUNE42PI_FES27,1469,12,labsea,a_ice,0.18701
TUNE42PI_FES27,1469,1,interior,a_ice,0.07536
TUNE42PI_FES27,1469,2,interior,a_ice,0.21992
TUNE42PI_FES27,1469,3,interior,a_ice,0.31223
TUNE42PI_FES27,1469,4,interior,a_ice,0.33196
TUNE42PI_FES27,1469,5,interior,a_ice,0.19503
TUNE42PI_FES27,1469,6,interior,a_ice,0.05203
TUNE42PI_FES27,1469,7,interior,a_ice,0.00384
TUNE42PI_FES27,1469,8,interior,a_ice,0.00000
TUNE42PI_FES27,1469,9,interior,a_ice,0.00000
TUNE42PI_FES27,1469,10,interior,a_ice,0.00000
TUNE42PI_FES27,1469,11,interior,a_ice,0.00510
TUNE42PI_FES27,1469,12,interior,a_ice,0.03417
TUNE42PI_FES27,1469,1,labsea,MLD2,1412.68726
TUNE42PI_FES27,1469,2,labsea,MLD2,1326.38027
TUNE42PI_FES27,1469,3,labsea,MLD2,1067.68057
TUNE42PI_FES27,1469,4,labsea,MLD2,953.22041
TUNE42PI_FES27,1469,5,labsea,MLD2,443.74654
TUNE42PI_FES27,1469,6,labsea,MLD2,17.44029
TUNE42PI_FES27,1469,7,labsea,MLD2,14.13241
TUNE42PI_FES27,1469,8,labsea,MLD2,14.47524
TUNE42PI_FES27,1469,9,labsea,MLD2,19.74891
TUNE42PI_FES27,1469,10,labsea,MLD2,25.09469
TUNE42PI_FES27,1469,11,labsea,MLD2,64.49491
TUNE42PI_FES27,1469,12,labsea,MLD2,578.27510
TUNE42PI_FES27,1469,1,interior,MLD2,2121.30794
TUNE42PI_FES27,1469,2,interior,MLD2,1810.16132
TUNE42PI_FES27,1469,3,interior,MLD2,1119.49510
TUNE42PI_FES27,1469,4,interior,MLD2,862.34817
TUNE42PI_FES27,1469,5,interior,MLD2,362.21840
TUNE42PI_FES27,1469,6,interior,MLD2,18.99389
TUNE42PI_FES27,1469,7,interior,MLD2,16.67037
TUNE42PI_FES27,1469,8,interior,MLD2,16.38432
TUNE42PI_FES27,1469,9,interior,MLD2,20.76842
TUNE42PI_FES27,1469,10,interior,MLD2,27.31145
TUNE42PI_FES27,1469,11,interior,MLD2,103.83213
TUNE42PI_FES27,1469,12,interior,MLD2,1103.22590
TUNE42PI_FES27,1470,1,labsea,a_ice,0.28995
TUNE42PI_FES27,1470,2,labsea,a_ice,0.34320
TUNE42PI_FES27,1470,3,labsea,a_ice,0.40113
TUNE42PI_FES27,1470,4,labsea,a_ice,0.39277
TUNE42PI_FES27,1470,5,labsea,a_ice,0.30947
TUNE42PI_FES27,1470,6,labsea,a_ice,0.18441
TUNE42PI_FES27,1470,7,labsea,a_ice,0.06292
TUNE42PI_FES27,1470,8,labsea,a_ice,0.01334
TUNE42PI_FES27,1470,9,labsea,a_ice,0.00214
TUNE42PI_FES27,1470,10,labsea,a_ice,0.01204
TUNE42PI_FES27,1470,11,labsea,a_ice,0.11889
TUNE42PI_FES27,1470,12,labsea,a_ice,0.25003
TUNE42PI_FES27,1470,1,interior,a_ice,0.08612
TUNE42PI_FES27,1470,2,interior,a_ice,0.11467
TUNE42PI_FES27,1470,3,interior,a_ice,0.21019
TUNE42PI_FES27,1470,4,interior,a_ice,0.27536
TUNE42PI_FES27,1470,5,interior,a_ice,0.14872
TUNE42PI_FES27,1470,6,interior,a_ice,0.04978
TUNE42PI_FES27,1470,7,interior,a_ice,0.00989
TUNE42PI_FES27,1470,8,interior,a_ice,0.00000
TUNE42PI_FES27,1470,9,interior,a_ice,0.00000
TUNE42PI_FES27,1470,10,interior,a_ice,0.00000
TUNE42PI_FES27,1470,11,interior,a_ice,0.01431
TUNE42PI_FES27,1470,12,interior,a_ice,0.09126
TUNE42PI_FES27,1470,1,labsea,MLD2,1282.81598
TUNE42PI_FES27,1470,2,labsea,MLD2,1386.93142
TUNE42PI_FES27,1470,3,labsea,MLD2,1270.88425
TUNE42PI_FES27,1470,4,labsea,MLD2,1032.01946
TUNE42PI_FES27,1470,5,labsea,MLD2,344.13451
TUNE42PI_FES27,1470,6,labsea,MLD2,50.04357
TUNE42PI_FES27,1470,7,labsea,MLD2,14.42297
TUNE42PI_FES27,1470,8,labsea,MLD2,15.63220
TUNE42PI_FES27,1470,9,labsea,MLD2,21.05006
TUNE42PI_FES27,1470,10,labsea,MLD2,36.20340
TUNE42PI_FES27,1470,11,labsea,MLD2,213.14910
TUNE42PI_FES27,1470,12,labsea,MLD2,1070.52669
TUNE42PI_FES27,1470,1,interior,MLD2,2134.21194
TUNE42PI_FES27,1470,2,interior,MLD2,2114.46192
TUNE42PI_FES27,1470,3,interior,MLD2,1774.32695
TUNE42PI_FES27,1470,4,interior,MLD2,1270.93108
TUNE42PI_FES27,1470,5,interior,MLD2,628.50362
TUNE42PI_FES27,1470,6,interior,MLD2,100.31518
TUNE42PI_FES27,1470,7,interior,MLD2,16.77538
TUNE42PI_FES27,1470,8,interior,MLD2,17.81468
TUNE42PI_FES27,1470,9,interior,MLD2,23.16508
TUNE42PI_FES27,1470,10,interior,MLD2,39.75780
TUNE42PI_FES27,1470,11,interior,MLD2,322.34285
TUNE42PI_FES27,1470,12,interior,MLD2,1744.94990
TUNE42PI_FES27,1471,1,labsea,a_ice,0.28277
TUNE42PI_FES27,1471,2,labsea,a_ice,0.27857
TUNE42PI_FES27,1471,3,labsea,a_ice,0.25018
TUNE42PI_FES27,1471,4,labsea,a_ice,0.27588
TUNE42PI_FES27,1471,5,labsea,a_ice,0.22721
TUNE42PI_FES27,1471,6,labsea,a_ice,0.13070
TUNE42PI_FES27,1471,7,labsea,a_ice,0.03029
TUNE42PI_FES27,1471,8,labsea,a_ice,0.00079
TUNE42PI_FES27,1471,9,labsea,a_ice,0.00000
TUNE42PI_FES27,1471,10,labsea,a_ice,0.00007
TUNE42PI_FES27,1471,11,labsea,a_ice,0.02920
TUNE42PI_FES27,1471,12,labsea,a_ice,0.12684
TUNE42PI_FES27,1471,1,interior,a_ice,0.11696
TUNE42PI_FES27,1471,2,interior,a_ice,0.06896
TUNE42PI_FES27,1471,3,interior,a_ice,0.05928
TUNE42PI_FES27,1471,4,interior,a_ice,0.07247
TUNE42PI_FES27,1471,5,interior,a_ice,0.06492
TUNE42PI_FES27,1471,6,interior,a_ice,0.02133
TUNE42PI_FES27,1471,7,interior,a_ice,0.00001
TUNE42PI_FES27,1471,8,interior,a_ice,0.00000
TUNE42PI_FES27,1471,9,interior,a_ice,0.00000
TUNE42PI_FES27,1471,10,interior,a_ice,0.00000
TUNE42PI_FES27,1471,11,interior,a_ice,0.00126
TUNE42PI_FES27,1471,12,interior,a_ice,0.04091
TUNE42PI_FES27,1471,1,labsea,MLD2,1283.73299
TUNE42PI_FES27,1471,2,labsea,MLD2,1337.98213
TUNE42PI_FES27,1471,3,labsea,MLD2,1395.70288
TUNE42PI_FES27,1471,4,labsea,MLD2,1335.35231
TUNE42PI_FES27,1471,5,labsea,MLD2,890.15859
TUNE42PI_FES27,1471,6,labsea,MLD2,25.78367
TUNE42PI_FES27,1471,7,labsea,MLD2,16.88711
TUNE42PI_FES27,1471,8,labsea,MLD2,13.99752
TUNE42PI_FES27,1471,9,labsea,MLD2,24.38968
TUNE42PI_FES27,1471,10,labsea,MLD2,38.33072
TUNE42PI_FES27,1471,11,labsea,MLD2,86.75639
TUNE42PI_FES27,1471,12,labsea,MLD2,303.82556
TUNE42PI_FES27,1471,1,interior,MLD2,1876.64295
TUNE42PI_FES27,1471,2,interior,MLD2,1903.36697
TUNE42PI_FES27,1471,3,interior,MLD2,2003.66539
TUNE42PI_FES27,1471,4,interior,MLD2,1903.54165
TUNE42PI_FES27,1471,5,interior,MLD2,1409.81800
TUNE42PI_FES27,1471,6,interior,MLD2,38.66800
TUNE42PI_FES27,1471,7,interior,MLD2,19.77809
TUNE42PI_FES27,1471,8,interior,MLD2,16.40979
TUNE42PI_FES27,1471,9,interior,MLD2,27.60700
TUNE42PI_FES27,1471,10,interior,MLD2,46.24431
TUNE42PI_FES27,1471,11,interior,MLD2,130.35811
TUNE42PI_FES27,1471,12,interior,MLD2,594.19865
TUNE42PI_FES27,1472,1,labsea,a_ice,0.20766
TUNE42PI_FES27,1472,2,labsea,a_ice,0.25374
TUNE42PI_FES27,1472,3,labsea,a_ice,0.24954
TUNE42PI_FES27,1472,4,labsea,a_ice,0.28923
TUNE42PI_FES27,1472,5,labsea,a_ice,0.26052
TUNE42PI_FES27,1472,6,labsea,a_ice,0.12003
TUNE42PI_FES27,1472,7,labsea,a_ice,0.02727
TUNE42PI_FES27,1472,8,labsea,a_ice,0.00179
TUNE42PI_FES27,1472,9,labsea,a_ice,0.00000
TUNE42PI_FES27,1472,10,labsea,a_ice,0.00456
TUNE42PI_FES27,1472,11,labsea,a_ice,0.06252
TUNE42PI_FES27,1472,12,labsea,a_ice,0.18679
TUNE42PI_FES27,1472,1,interior,a_ice,0.03987
TUNE42PI_FES27,1472,2,interior,a_ice,0.05934
TUNE42PI_FES27,1472,3,interior,a_ice,0.07236
TUNE42PI_FES27,1472,4,interior,a_ice,0.14800
TUNE42PI_FES27,1472,5,interior,a_ice,0.10240
TUNE42PI_FES27,1472,6,interior,a_ice,0.04538
TUNE42PI_FES27,1472,7,interior,a_ice,0.00031
TUNE42PI_FES27,1472,8,interior,a_ice,0.00000
TUNE42PI_FES27,1472,9,interior,a_ice,0.00000
TUNE42PI_FES27,1472,10,interior,a_ice,0.00000
TUNE42PI_FES27,1472,11,interior,a_ice,0.00167
TUNE42PI_FES27,1472,12,interior,a_ice,0.03510
TUNE42PI_FES27,1472,1,labsea,MLD2,969.30990
TUNE42PI_FES27,1472,2,labsea,MLD2,1149.40436
TUNE42PI_FES27,1472,3,labsea,MLD2,1118.42595
TUNE42PI_FES27,1472,4,labsea,MLD2,1060.49803
TUNE42PI_FES27,1472,5,labsea,MLD2,463.50093
TUNE42PI_FES27,1472,6,labsea,MLD2,19.27831
TUNE42PI_FES27,1472,7,labsea,MLD2,14.45204
TUNE42PI_FES27,1472,8,labsea,MLD2,15.12174
TUNE42PI_FES27,1472,9,labsea,MLD2,23.71050
TUNE42PI_FES27,1472,10,labsea,MLD2,33.90788
TUNE42PI_FES27,1472,11,labsea,MLD2,70.35674
TUNE42PI_FES27,1472,12,labsea,MLD2,405.42370
TUNE42PI_FES27,1472,1,interior,MLD2,1744.90787
TUNE42PI_FES27,1472,2,interior,MLD2,1781.30455
TUNE42PI_FES27,1472,3,interior,MLD2,1665.16902
TUNE42PI_FES27,1472,4,interior,MLD2,1463.00589
TUNE42PI_FES27,1472,5,interior,MLD2,756.83935
TUNE42PI_FES27,1472,6,interior,MLD2,27.10473
TUNE42PI_FES27,1472,7,interior,MLD2,17.17277
TUNE42PI_FES27,1472,8,interior,MLD2,17.54390
TUNE42PI_FES27,1472,9,interior,MLD2,27.65472
TUNE42PI_FES27,1472,10,interior,MLD2,37.69907
TUNE42PI_FES27,1472,11,interior,MLD2,102.40363
TUNE42PI_FES27,1472,12,interior,MLD2,700.37272
TUNE42PI_FES27,1473,1,labsea,a_ice,0.29891
TUNE42PI_FES27,1473,2,labsea,a_ice,0.38105
TUNE42PI_FES27,1473,3,labsea,a_ice,0.31821
TUNE42PI_FES27,1473,4,labsea,a_ice,0.29892
TUNE42PI_FES27,1473,5,labsea,a_ice,0.25783
TUNE42PI_FES27,1473,6,labsea,a_ice,0.13141
TUNE42PI_FES27,1473,7,labsea,a_ice,0.03591
TUNE42PI_FES27,1473,8,labsea,a_ice,0.00081
TUNE42PI_FES27,1473,9,labsea,a_ice,0.00000
TUNE42PI_FES27,1473,10,labsea,a_ice,0.00041
TUNE42PI_FES27,1473,11,labsea,a_ice,0.03468
TUNE42PI_FES27,1473,12,labsea,a_ice,0.18239
TUNE42PI_FES27,1473,1,interior,a_ice,0.13181
TUNE42PI_FES27,1473,2,interior,a_ice,0.27531
TUNE42PI_FES27,1473,3,interior,a_ice,0.11868
TUNE42PI_FES27,1473,4,interior,a_ice,0.13785
TUNE42PI_FES27,1473,5,interior,a_ice,0.13532
TUNE42PI_FES27,1473,6,interior,a_ice,0.02944
TUNE42PI_FES27,1473,7,interior,a_ice,0.00062
TUNE42PI_FES27,1473,8,interior,a_ice,0.00000
TUNE42PI_FES27,1473,9,interior,a_ice,0.00000
TUNE42PI_FES27,1473,10,interior,a_ice,0.00000
TUNE42PI_FES27,1473,11,interior,a_ice,0.00114
TUNE42PI_FES27,1473,12,interior,a_ice,0.03536
TUNE42PI_FES27,1473,1,labsea,MLD2,1161.07782
TUNE42PI_FES27,1473,2,labsea,MLD2,1123.92647
TUNE42PI_FES27,1473,3,labsea,MLD2,1032.71100
TUNE42PI_FES27,1473,4,labsea,MLD2,847.66292
TUNE42PI_FES27,1473,5,labsea,MLD2,234.21372
TUNE42PI_FES27,1473,6,labsea,MLD2,15.29736
TUNE42PI_FES27,1473,7,labsea,MLD2,13.67024
TUNE42PI_FES27,1473,8,labsea,MLD2,14.01696
TUNE42PI_FES27,1473,9,labsea,MLD2,22.55637
TUNE42PI_FES27,1473,10,labsea,MLD2,36.50027
TUNE42PI_FES27,1473,11,labsea,MLD2,73.23225
TUNE42PI_FES27,1473,12,labsea,MLD2,415.07667
TUNE42PI_FES27,1473,1,interior,MLD2,1821.64611
TUNE42PI_FES27,1473,2,interior,MLD2,1452.75609
TUNE42PI_FES27,1473,3,interior,MLD2,1348.89006
TUNE42PI_FES27,1473,4,interior,MLD2,981.82463
TUNE42PI_FES27,1473,5,interior,MLD2,255.93356
TUNE42PI_FES27,1473,6,interior,MLD2,17.81089
TUNE42PI_FES27,1473,7,interior,MLD2,16.20361
TUNE42PI_FES27,1473,8,interior,MLD2,17.12722
TUNE42PI_FES27,1473,9,interior,MLD2,28.62614
TUNE42PI_FES27,1473,10,interior,MLD2,46.71890
TUNE42PI_FES27,1473,11,interior,MLD2,110.19863
TUNE42PI_FES27,1473,12,interior,MLD2,778.87409
TUNE42PI_FES27,1474,1,labsea,a_ice,0.22395
TUNE42PI_FES27,1474,2,labsea,a_ice,0.32032
TUNE42PI_FES27,1474,3,labsea,a_ice,0.37026
TUNE42PI_FES27,1474,4,labsea,a_ice,0.35219
TUNE42PI_FES27,1474,5,labsea,a_ice,0.25478
TUNE42PI_FES27,1474,6,labsea,a_ice,0.13393
TUNE42PI_FES27,1474,7,labsea,a_ice,0.03346
TUNE42PI_FES27,1474,8,labsea,a_ice,0.00363
TUNE42PI_FES27,1474,9,labsea,a_ice,0.00000
TUNE42PI_FES27,1474,10,labsea,a_ice,0.00166
TUNE42PI_FES27,1474,11,labsea,a_ice,0.06488
TUNE42PI_FES27,1474,12,labsea,a_ice,0.19612
TUNE42PI_FES27,1474,1,interior,a_ice,0.05315
TUNE42PI_FES27,1474,2,interior,a_ice,0.09727
TUNE42PI_FES27,1474,3,interior,a_ice,0.15425
TUNE42PI_FES27,1474,4,interior,a_ice,0.14776
TUNE42PI_FES27,1474,5,interior,a_ice,0.07852
TUNE42PI_FES27,1474,6,interior,a_ice,0.03391
TUNE42PI_FES27,1474,7,interior,a_ice,0.00573
TUNE42PI_FES27,1474,8,interior,a_ice,0.00000
TUNE42PI_FES27,1474,9,interior,a_ice,0.00000
TUNE42PI_FES27,1474,10,interior,a_ice,0.00000
TUNE42PI_FES27,1474,11,interior,a_ice,0.00222
TUNE42PI_FES27,1474,12,interior,a_ice,0.04545
TUNE42PI_FES27,1474,1,labsea,MLD2,928.75419
TUNE42PI_FES27,1474,2,labsea,MLD2,1318.22716
TUNE42PI_FES27,1474,3,labsea,MLD2,1206.60860
TUNE42PI_FES27,1474,4,labsea,MLD2,1038.22240
TUNE42PI_FES27,1474,5,labsea,MLD2,544.62361
TUNE42PI_FES27,1474,6,labsea,MLD2,16.99365
TUNE42PI_FES27,1474,7,labsea,MLD2,12.97803
TUNE42PI_FES27,1474,8,labsea,MLD2,12.77417
TUNE42PI_FES27,1474,9,labsea,MLD2,20.61292
TUNE42PI_FES27,1474,10,labsea,MLD2,35.35242
TUNE42PI_FES27,1474,11,labsea,MLD2,225.08502
TUNE42PI_FES27,1474,12,labsea,MLD2,1062.49524
TUNE42PI_FES27,1474,1,interior,MLD2,1684.26063
TUNE42PI_FES27,1474,2,interior,MLD2,2118.32035
TUNE42PI_FES27,1474,3,interior,MLD2,1892.58015
TUNE42PI_FES27,1474,4,interior,MLD2,1540.10619
TUNE42PI_FES27,1474,5,interior,MLD2,770.33272
TUNE42PI_FES27,1474,6,interior,MLD2,20.89169
TUNE42PI_FES27,1474,7,interior,MLD2,14.93761
TUNE42PI_FES27,1474,8,interior,MLD2,14.85406
TUNE42PI_FES27,1474,9,interior,MLD2,24.21842
TUNE42PI_FES27,1474,10,interior,MLD2,39.45633
TUNE42PI_FES27,1474,11,interior,MLD2,498.27541
TUNE42PI_FES27,1474,12,interior,MLD2,1963.01194
TUNE42PI_FES27,1475,1,labsea,a_ice,0.23163
TUNE42PI_FES27,1475,2,labsea,a_ice,0.30191
TUNE42PI_FES27,1475,3,labsea,a_ice,0.31064
TUNE42PI_FES27,1475,4,labsea,a_ice,0.33943
TUNE42PI_FES27,1475,5,labsea,a_ice,0.25008
TUNE42PI_FES27,1475,6,labsea,a_ice,0.14610
TUNE42PI_FES27,1475,7,labsea,a_ice,0.06392
TUNE42PI_FES27,1475,8,labsea,a_ice,0.01288
TUNE42PI_FES27,1475,9,labsea,a_ice,0.00041
TUNE42PI_FES27,1475,10,labsea,a_ice,0.00897
TUNE42PI_FES27,1475,11,labsea,a_ice,0.04008
TUNE42PI_FES27,1475,12,labsea,a_ice,0.14276
TUNE42PI_FES27,1475,1,interior,a_ice,0.05398
TUNE42PI_FES27,1475,2,interior,a_ice,0.11944
TUNE42PI_FES27,1475,3,interior,a_ice,0.11243
TUNE42PI_FES27,1475,4,interior,a_ice,0.21697
TUNE42PI_FES27,1475,5,interior,a_ice,0.07284
TUNE42PI_FES27,1475,6,interior,a_ice,0.01177
TUNE42PI_FES27,1475,7,interior,a_ice,0.00518
TUNE42PI_FES27,1475,8,interior,a_ice,0.00000
TUNE42PI_FES27,1475,9,interior,a_ice,0.00000
TUNE42PI_FES27,1475,10,interior,a_ice,0.00000
TUNE42PI_FES27,1475,11,interior,a_ice,0.00000
TUNE42PI_FES27,1475,12,interior,a_ice,0.01635
TUNE42PI_FES27,1475,1,labsea,MLD2,1425.47718
TUNE42PI_FES27,1475,2,labsea,MLD2,1327.27835
TUNE42PI_FES27,1475,3,labsea,MLD2,1278.30115
TUNE42PI_FES27,1475,4,labsea,MLD2,1108.39617
TUNE42PI_FES27,1475,5,labsea,MLD2,603.78300
TUNE42PI_FES27,1475,6,labsea,MLD2,22.24342
TUNE42PI_FES27,1475,7,labsea,MLD2,14.98606
TUNE42PI_FES27,1475,8,labsea,MLD2,14.57810
TUNE42PI_FES27,1475,9,labsea,MLD2,20.01743
TUNE42PI_FES27,1475,10,labsea,MLD2,36.81361
TUNE42PI_FES27,1475,11,labsea,MLD2,62.57425
TUNE42PI_FES27,1475,12,labsea,MLD2,581.80308
TUNE42PI_FES27,1475,1,interior,MLD2,2273.35211
TUNE42PI_FES27,1475,2,interior,MLD2,2067.76463
TUNE42PI_FES27,1475,3,interior,MLD2,1926.67016
TUNE42PI_FES27,1475,4,interior,MLD2,1448.56131
TUNE42PI_FES27,1475,5,interior,MLD2,922.38652
TUNE42PI_FES27,1475,6,interior,MLD2,31.25681
TUNE42PI_FES27,1475,7,interior,MLD2,17.47988
TUNE42PI_FES27,1475,8,interior,MLD2,17.15557
TUNE42PI_FES27,1475,9,interior,MLD2,24.20766
TUNE42PI_FES27,1475,10,interior,MLD2,44.64280
TUNE42PI_FES27,1475,11,interior,MLD2,88.75530
TUNE42PI_FES27,1475,12,interior,MLD2,1169.46993
TUNE42PI_FES27,1476,1,labsea,a_ice,0.22713
TUNE42PI_FES27,1476,2,labsea,a_ice,0.32707
TUNE42PI_FES27,1476,3,labsea,a_ice,0.36498
TUNE42PI_FES27,1476,4,labsea,a_ice,0.29288
TUNE42PI_FES27,1476,5,labsea,a_ice,0.22010
TUNE42PI_FES27,1476,6,labsea,a_ice,0.10250
TUNE42PI_FES27,1476,7,labsea,a_ice,0.01329
TUNE42PI_FES27,1476,8,labsea,a_ice,0.00000
TUNE42PI_FES27,1476,9,labsea,a_ice,0.00000
TUNE42PI_FES27,1476,10,labsea,a_ice,0.00191
TUNE42PI_FES27,1476,11,labsea,a_ice,0.07173
TUNE42PI_FES27,1476,12,labsea,a_ice,0.18019
TUNE42PI_FES27,1476,1,interior,a_ice,0.06088
TUNE42PI_FES27,1476,2,interior,a_ice,0.17548
TUNE42PI_FES27,1476,3,interior,a_ice,0.25993
TUNE42PI_FES27,1476,4,interior,a_ice,0.13545
TUNE42PI_FES27,1476,5,interior,a_ice,0.04168
TUNE42PI_FES27,1476,6,interior,a_ice,0.06190
TUNE42PI_FES27,1476,7,interior,a_ice,0.00848
TUNE42PI_FES27,1476,8,interior,a_ice,0.00000
TUNE42PI_FES27,1476,9,interior,a_ice,0.00000
TUNE42PI_FES27,1476,10,interior,a_ice,0.00000
TUNE42PI_FES27,1476,11,interior,a_ice,0.00467
TUNE42PI_FES27,1476,12,interior,a_ice,0.03517
TUNE42PI_FES27,1476,1,labsea,MLD2,1275.21462
TUNE42PI_FES27,1476,2,labsea,MLD2,1352.14239
TUNE42PI_FES27,1476,3,labsea,MLD2,1097.57103
TUNE42PI_FES27,1476,4,labsea,MLD2,835.06110
TUNE42PI_FES27,1476,5,labsea,MLD2,239.41393
TUNE42PI_FES27,1476,6,labsea,MLD2,20.03334
TUNE42PI_FES27,1476,7,labsea,MLD2,16.59539
TUNE42PI_FES27,1476,8,labsea,MLD2,16.28594
TUNE42PI_FES27,1476,9,labsea,MLD2,18.91100
TUNE42PI_FES27,1476,10,labsea,MLD2,32.11584
TUNE42PI_FES27,1476,11,labsea,MLD2,106.33043
TUNE42PI_FES27,1476,12,labsea,MLD2,774.80986
TUNE42PI_FES27,1476,1,interior,MLD2,2198.49512
TUNE42PI_FES27,1476,2,interior,MLD2,1954.26943
TUNE42PI_FES27,1476,3,interior,MLD2,1339.96233
TUNE42PI_FES27,1476,4,interior,MLD2,755.74820
TUNE42PI_FES27,1476,5,interior,MLD2,298.03816
TUNE42PI_FES27,1476,6,interior,MLD2,21.16341
TUNE42PI_FES27,1476,7,interior,MLD2,18.60139
TUNE42PI_FES27,1476,8,interior,MLD2,17.89817
TUNE42PI_FES27,1476,9,interior,MLD2,20.00888
TUNE42PI_FES27,1476,10,interior,MLD2,36.08969
TUNE42PI_FES27,1476,11,interior,MLD2,190.49398
TUNE42PI_FES27,1476,12,interior,MLD2,1512.93785
TUNE42PI_FES27,1477,1,labsea,a_ice,0.25398
TUNE42PI_FES27,1477,2,labsea,a_ice,0.36457
TUNE42PI_FES27,1477,3,labsea,a_ice,0.37529
TUNE42PI_FES27,1477,4,labsea,a_ice,0.37868
TUNE42PI_FES27,1477,5,labsea,a_ice,0.33086
TUNE42PI_FES27,1477,6,labsea,a_ice,0.21303
TUNE42PI_FES27,1477,7,labsea,a_ice,0.05115
TUNE42PI_FES27,1477,8,labsea,a_ice,0.00189
TUNE42PI_FES27,1477,9,labsea,a_ice,0.00000
TUNE42PI_FES27,1477,10,labsea,a_ice,0.00223
TUNE42PI_FES27,1477,11,labsea,a_ice,0.05828
TUNE42PI_FES27,1477,12,labsea,a_ice,0.17415
TUNE42PI_FES27,1477,1,interior,a_ice,0.07010
TUNE42PI_FES27,1477,2,interior,a_ice,0.21338
TUNE42PI_FES27,1477,3,interior,a_ice,0.23875
TUNE42PI_FES27,1477,4,interior,a_ice,0.28641
TUNE42PI_FES27,1477,5,interior,a_ice,0.17761
TUNE42PI_FES27,1477,6,interior,a_ice,0.06574
TUNE42PI_FES27,1477,7,interior,a_ice,0.00827
TUNE42PI_FES27,1477,8,interior,a_ice,0.00000
TUNE42PI_FES27,1477,9,interior,a_ice,0.00000
TUNE42PI_FES27,1477,10,interior,a_ice,0.00000
TUNE42PI_FES27,1477,11,interior,a_ice,0.00152
TUNE42PI_FES27,1477,12,interior,a_ice,0.03003
TUNE42PI_FES27,1477,1,labsea,MLD2,1265.39696
TUNE42PI_FES27,1477,2,labsea,MLD2,1335.32209
TUNE42PI_FES27,1477,3,labsea,MLD2,1212.01856
TUNE42PI_FES27,1477,4,labsea,MLD2,1139.33291
TUNE42PI_FES27,1477,5,labsea,MLD2,625.78112
TUNE42PI_FES27,1477,6,labsea,MLD2,19.10675
TUNE42PI_FES27,1477,7,labsea,MLD2,15.12041
TUNE42PI_FES27,1477,8,labsea,MLD2,15.91533
TUNE42PI_FES27,1477,9,labsea,MLD2,22.97943
TUNE42PI_FES27,1477,10,labsea,MLD2,40.49642
TUNE42PI_FES27,1477,11,labsea,MLD2,167.40807
TUNE42PI_FES27,1477,12,labsea,MLD2,943.53175
TUNE42PI_FES27,1477,1,interior,MLD2,2146.99228
TUNE42PI_FES27,1477,2,interior,MLD2,1945.41643
TUNE42PI_FES27,1477,3,interior,MLD2,1572.81676
TUNE42PI_FES27,1477,4,interior,MLD2,1306.87948
TUNE42PI_FES27,1477,5,interior,MLD2,959.12814
TUNE42PI_FES27,1477,6,interior,MLD2,23.93374
TUNE42PI_FES27,1477,7,interior,MLD2,18.74470
TUNE42PI_FES27,1477,8,interior,MLD2,18.92042
TUNE42PI_FES27,1477,9,interior,MLD2,27.42594
TUNE42PI_FES27,1477,10,interior,MLD2,47.08745
TUNE42PI_FES27,1477,11,interior,MLD2,324.75223
TUNE42PI_FES27,1477,12,interior,MLD2,1595.47964
TUNE42PI_FES27,1478,1,labsea,a_ice,0.29819
TUNE42PI_FES27,1478,2,labsea,a_ice,0.45280
TUNE42PI_FES27,1478,3,labsea,a_ice,0.48551
TUNE42PI_FES27,1478,4,labsea,a_ice,0.46595
TUNE42PI_FES27,1478,5,labsea,a_ice,0.34311
TUNE42PI_FES27,1478,6,labsea,a_ice,0.13002
TUNE42PI_FES27,1478,7,labsea,a_ice,0.03256
TUNE42PI_FES27,1478,8,labsea,a_ice,0.00034
TUNE42PI_FES27,1478,9,labsea,a_ice,0.00000
TUNE42PI_FES27,1478,10,labsea,a_ice,0.00272
TUNE42PI_FES27,1478,11,labsea,a_ice,0.13226
TUNE42PI_FES27,1478,12,labsea,a_ice,0.24560
TUNE42PI_FES27,1478,1,interior,a_ice,0.10291
TUNE42PI_FES27,1478,2,interior,a_ice,0.39169
TUNE42PI_FES27,1478,3,interior,a_ice,0.48133
TUNE42PI_FES27,1478,4,interior,a_ice,0.44349
TUNE42PI_FES27,1478,5,interior,a_ice,0.21255
TUNE42PI_FES27,1478,6,interior,a_ice,0.03834
TUNE42PI_FES27,1478,7,interior,a_ice,0.00002
TUNE42PI_FES27,1478,8,interior,a_ice,0.00000
TUNE42PI_FES27,1478,9,interior,a_ice,0.00000
TUNE42PI_FES27,1478,10,interior,a_ice,0.00000
TUNE42PI_FES27,1478,11,interior,a_ice,0.01818
TUNE42PI_FES27,1478,12,interior,a_ice,0.09525
TUNE42PI_FES27,1478,1,labsea,MLD2,1323.50391
TUNE42PI_FES27,1478,2,labsea,MLD2,1199.89112
TUNE42PI_FES27,1478,3,labsea,MLD2,967.03071
TUNE42PI_FES27,1478,4,labsea,MLD2,798.79310
TUNE42PI_FES27,1478,5,labsea,MLD2,155.51215
TUNE42PI_FES27,1478,6,labsea,MLD2,16.55699
TUNE42PI_FES27,1478,7,labsea,MLD2,15.09581
TUNE42PI_FES27,1478,8,labsea,MLD2,13.43404
TUNE42PI_FES27,1478,9,labsea,MLD2,21.05301
TUNE42PI_FES27,1478,10,labsea,MLD2,34.11878
TUNE42PI_FES27,1478,11,labsea,MLD2,201.52301
TUNE42PI_FES27,1478,12,labsea,MLD2,1052.80182
TUNE42PI_FES27,1478,1,interior,MLD2,1891.35621
TUNE42PI_FES27,1478,2,interior,MLD2,1514.11699
TUNE42PI_FES27,1478,3,interior,MLD2,1102.82660
TUNE42PI_FES27,1478,4,interior,MLD2,848.96078
TUNE42PI_FES27,1478,5,interior,MLD2,215.05689
TUNE42PI_FES27,1478,6,interior,MLD2,19.58873
TUNE42PI_FES27,1478,7,interior,MLD2,17.79653
TUNE42PI_FES27,1478,8,interior,MLD2,14.95626
TUNE42PI_FES27,1478,9,interior,MLD2,22.39550
TUNE42PI_FES27,1478,10,interior,MLD2,37.87634
TUNE42PI_FES27,1478,11,interior,MLD2,392.17913
TUNE42PI_FES27,1478,12,interior,MLD2,1805.06793
TUNE42PI_FES27,1479,1,labsea,a_ice,0.28015
TUNE42PI_FES27,1479,2,labsea,a_ice,0.31096
TUNE42PI_FES27,1479,3,labsea,a_ice,0.32040
TUNE42PI_FES27,1479,4,labsea,a_ice,0.35094
TUNE42PI_FES27,1479,5,labsea,a_ice,0.30015
TUNE42PI_FES27,1479,6,labsea,a_ice,0.11443
TUNE42PI_FES27,1479,7,labsea,a_ice,0.03396
TUNE42PI_FES27,1479,8,labsea,a_ice,0.00129
TUNE42PI_FES27,1479,9,labsea,a_ice,0.00000
TUNE42PI_FES27,1479,10,labsea,a_ice,0.00000
TUNE42PI_FES27,1479,11,labsea,a_ice,0.03373
TUNE42PI_FES27,1479,12,labsea,a_ice,0.10369
TUNE42PI_FES27,1479,1,interior,a_ice,0.09084
TUNE42PI_FES27,1479,2,interior,a_ice,0.10815
TUNE42PI_FES27,1479,3,interior,a_ice,0.12928
TUNE42PI_FES27,1479,4,interior,a_ice,0.18120
TUNE42PI_FES27,1479,5,interior,a_ice,0.16662
TUNE42PI_FES27,1479,6,interior,a_ice,0.03394
TUNE42PI_FES27,1479,7,interior,a_ice,0.00001
TUNE42PI_FES27,1479,8,interior,a_ice,0.00000
TUNE42PI_FES27,1479,9,interior,a_ice,0.00000
TUNE42PI_FES27,1479,10,interior,a_ice,0.00000
TUNE42PI_FES27,1479,11,interior,a_ice,0.00049
TUNE42PI_FES27,1479,12,interior,a_ice,0.01411
TUNE42PI_FES27,1479,1,labsea,MLD2,1320.99091
TUNE42PI_FES27,1479,2,labsea,MLD2,1467.10940
TUNE42PI_FES27,1479,3,labsea,MLD2,1320.91016
TUNE42PI_FES27,1479,4,labsea,MLD2,1008.08895
TUNE42PI_FES27,1479,5,labsea,MLD2,493.67656
TUNE42PI_FES27,1479,6,labsea,MLD2,14.97298
TUNE42PI_FES27,1479,7,labsea,MLD2,14.10959
TUNE42PI_FES27,1479,8,labsea,MLD2,15.25127
TUNE42PI_FES27,1479,9,labsea,MLD2,21.62648
TUNE42PI_FES27,1479,10,labsea,MLD2,33.95367
TUNE42PI_FES27,1479,11,labsea,MLD2,54.34559
TUNE42PI_FES27,1479,12,labsea,MLD2,114.73861
TUNE42PI_FES27,1479,1,interior,MLD2,2048.81586
TUNE42PI_FES27,1479,2,interior,MLD2,2208.84344
TUNE42PI_FES27,1479,3,interior,MLD2,1974.93375
TUNE42PI_FES27,1479,4,interior,MLD2,1651.06575
TUNE42PI_FES27,1479,5,interior,MLD2,808.48100
TUNE42PI_FES27,1479,6,interior,MLD2,18.84970
TUNE42PI_FES27,1479,7,interior,MLD2,16.80193
TUNE42PI_FES27,1479,8,interior,MLD2,16.98298
TUNE42PI_FES27,1479,9,interior,MLD2,24.61093
TUNE42PI_FES27,1479,10,interior,MLD2,38.24472
TUNE42PI_FES27,1479,11,interior,MLD2,71.98354
TUNE42PI_FES27,1479,12,interior,MLD2,193.29398
TUNE42PI_FES27,1480,1,labsea,a_ice,0.19392
TUNE42PI_FES27,1480,2,labsea,a_ice,0.24259
TUNE42PI_FES27,1480,3,labsea,a_ice,0.32495
TUNE42PI_FES27,1480,4,labsea,a_ice,0.29169
TUNE42PI_FES27,1480,5,labsea,a_ice,0.25519
TUNE42PI_FES27,1480,6,labsea,a_ice,0.13155
TUNE42PI_FES27,1480,7,labsea,a_ice,0.02888
TUNE42PI_FES27,1480,8,labsea,a_ice,0.00078
TUNE42PI_FES27,1480,9,labsea,a_ice,0.00000
TUNE42PI_FES27,1480,10,labsea,a_ice,0.00130
TUNE42PI_FES27,1480,11,labsea,a_ice,0.05935
TUNE42PI_FES27,1480,12,labsea,a_ice,0.15133
TUNE42PI_FES27,1480,1,interior,a_ice,0.02898
TUNE42PI_FES27,1480,2,interior,a_ice,0.05809
TUNE42PI_FES27,1480,3,interior,a_ice,0.14834
TUNE42PI_FES27,1480,4,interior,a_ice,0.12788
TUNE42PI_FES27,1480,5,interior,a_ice,0.08072
TUNE42PI_FES27,1480,6,interior,a_ice,0.03204
TUNE42PI_FES27,1480,7,interior,a_ice,0.00015
TUNE42PI_FES27,1480,8,interior,a_ice,0.00000
TUNE42PI_FES27,1480,9,interior,a_ice,0.00000
TUNE42PI_FES27,1480,10,interior,a_ice,0.00000
TUNE42PI_FES27,1480,11,interior,a_ice,0.00120
TUNE42PI_FES27,1480,12,interior,a_ice,0.01741
TUNE42PI_FES27,1480,1,labsea,MLD2,685.32928
TUNE42PI_FES27,1480,2,labsea,MLD2,1177.18425
TUNE42PI_FES27,1480,3,labsea,MLD2,1242.67784
TUNE42PI_FES27,1480,4,labsea,MLD2,1019.41903
TUNE42PI_FES27,1480,5,labsea,MLD2,544.31953
TUNE42PI_FES27,1480,6,labsea,MLD2,16.49239
TUNE42PI_FES27,1480,7,labsea,MLD2,14.60962
TUNE42PI_FES27,1480,8,labsea,MLD2,16.63534
TUNE42PI_FES27,1480,9,labsea,MLD2,25.06755
TUNE42PI_FES27,1480,10,labsea,MLD2,32.72792
TUNE42PI_FES27,1480,11,labsea,MLD2,63.46627
TUNE42PI_FES27,1480,12,labsea,MLD2,295.60417
TUNE42PI_FES27,1480,1,interior,MLD2,1356.84439
TUNE42PI_FES27,1480,2,interior,MLD2,2098.91475
TUNE42PI_FES27,1480,3,interior,MLD2,1922.24971
TUNE42PI_FES27,1480,4,interior,MLD2,1263.94217
TUNE42PI_FES27,1480,5,interior,MLD2,807.09058
TUNE42PI_FES27,1480,6,interior,MLD2,19.63669
TUNE42PI_FES27,1480,7,interior,MLD2,17.55229
TUNE42PI_FES27,1480,8,interior,MLD2,18.82070
TUNE42PI_FES27,1480,9,interior,MLD2,30.45007
TUNE42PI_FES27,1480,10,interior,MLD2,38.90150
TUNE42PI_FES27,1480,11,interior,MLD2,77.72531
TUNE42PI_FES27,1480,12,interior,MLD2,489.76928
TUNE42PI_FES27,1481,1,labsea,a_ice,0.21462
TUNE42PI_FES27,1481,2,labsea,a_ice,0.29245
TUNE42PI_FES27,1481,3,labsea,a_ice,0.26306
TUNE42PI_FES27,1481,4,labsea,a_ice,0.31891
TUNE42PI_FES27,1481,5,labsea,a_ice,0.28654
TUNE42PI_FES27,1481,6,labsea,a_ice,0.11907
TUNE42PI_FES27,1481,7,labsea,a_ice,0.02004
TUNE42PI_FES27,1481,8,labsea,a_ice,0.00000
TUNE42PI_FES27,1481,9,labsea,a_ice,0.00000
TUNE42PI_FES27,1481,10,labsea,a_ice,0.00077
TUNE42PI_FES27,1481,11,labsea,a_ice,0.06538
TUNE42PI_FES27,1481,12,labsea,a_ice,0.17109
TUNE42PI_FES27,1481,1,interior,a_ice,0.03735
TUNE42PI_FES27,1481,2,interior,a_ice,0.10698
TUNE42PI_FES27,1481,3,interior,a_ice,0.09470
TUNE42PI_FES27,1481,4,interior,a_ice,0.16607
TUNE42PI_FES27,1481,5,interior,a_ice,0.12618
TUNE42PI_FES27,1481,6,interior,a_ice,0.02690
TUNE42PI_FES27,1481,7,interior,a_ice,0.00001
TUNE42PI_FES27,1481,8,interior,a_ice,0.00000
TUNE42PI_FES27,1481,9,interior,a_ice,0.00000
TUNE42PI_FES27,1481,10,interior,a_ice,0.00000
TUNE42PI_FES27,1481,11,interior,a_ice,0.00753
TUNE42PI_FES27,1481,12,interior,a_ice,0.03079
TUNE42PI_FES27,1481,1,labsea,MLD2,1007.13831
TUNE42PI_FES27,1481,2,labsea,MLD2,1239.16462
TUNE42PI_FES27,1481,3,labsea,MLD2,1230.27089
TUNE42PI_FES27,1481,4,labsea,MLD2,1010.77606
TUNE42PI_FES27,1481,5,labsea,MLD2,349.49427
TUNE42PI_FES27,1481,6,labsea,MLD2,14.57851
TUNE42PI_FES27,1481,7,labsea,MLD2,12.17858
TUNE42PI_FES27,1481,8,labsea,MLD2,15.45226
TUNE42PI_FES27,1481,9,labsea,MLD2,23.22203
TUNE42PI_FES27,1481,10,labsea,MLD2,34.06229
TUNE42PI_FES27,1481,11,labsea,MLD2,96.93157
TUNE42PI_FES27,1481,12,labsea,MLD2,645.08335
TUNE42PI_FES27,1481,1,interior,MLD2,1778.44047
TUNE42PI_FES27,1481,2,interior,MLD2,2010.60982
TUNE42PI_FES27,1481,3,interior,MLD2,1822.71635
TUNE42PI_FES27,1481,4,interior,MLD2,1427.25964
TUNE42PI_FES27,1481,5,interior,MLD2,537.91211
TUNE42PI_FES27,1481,6,interior,MLD2,16.18511
TUNE42PI_FES27,1481,7,interior,MLD2,14.03800
TUNE42PI_FES27,1481,8,interior,MLD2,16.75239
TUNE42PI_FES27,1481,9,interior,MLD2,26.15737
TUNE42PI_FES27,1481,10,interior,MLD2,41.40906
TUNE42PI_FES27,1481,11,interior,MLD2,165.13625
TUNE42PI_FES27,1481,12,interior,MLD2,1198.95128
TUNE42PI_FES27,1482,1,labsea,a_ice,0.20486
TUNE42PI_FES27,1482,2,labsea,a_ice,0.36100
TUNE42PI_FES27,1482,3,labsea,a_ice,0.41159
TUNE42PI_FES27,1482,4,labsea,a_ice,0.38944
TUNE42PI_FES27,1482,5,labsea,a_ice,0.24436
TUNE42PI_FES27,1482,6,labsea,a_ice,0.13872
TUNE42PI_FES27,1482,7,labsea,a_ice,0.04769
TUNE42PI_FES27,1482,8,labsea,a_ice,0.00908
TUNE42PI_FES27,1482,9,labsea,a_ice,0.00107
TUNE42PI_FES27,1482,10,labsea,a_ice,0.00250
TUNE42PI_FES27,1482,11,labsea,a_ice,0.07124
TUNE42PI_FES27,1482,12,labsea,a_ice,0.17894
TUNE42PI_FES27,1482,1,interior,a_ice,0.03289
TUNE42PI_FES27,1482,2,interior,a_ice,0.21450
TUNE42PI_FES27,1482,3,interior,a_ice,0.27954
TUNE42PI_FES27,1482,4,interior,a_ice,0.26183
TUNE42PI_FES27,1482,5,interior,a_ice,0.06361
TUNE42PI_FES27,1482,6,interior,a_ice,0.00985
TUNE42PI_FES27,1482,7,interior,a_ice,0.00272
TUNE42PI_FES27,1482,8,interior,a_ice,0.00000
TUNE42PI_FES27,1482,9,interior,a_ice,0.00000
TUNE42PI_FES27,1482,10,interior,a_ice,0.00000
TUNE42PI_FES27,1482,11,interior,a_ice,0.00240
TUNE42PI_FES27,1482,12,interior,a_ice,0.03033
TUNE42PI_FES27,1482,1,labsea,MLD2,1035.48144
TUNE42PI_FES27,1482,2,labsea,MLD2,1176.55577
TUNE42PI_FES27,1482,3,labsea,MLD2,1148.59190
TUNE42PI_FES27,1482,4,labsea,MLD2,887.69826
TUNE42PI_FES27,1482,5,labsea,MLD2,332.85333
TUNE42PI_FES27,1482,6,labsea,MLD2,22.14703
TUNE42PI_FES27,1482,7,labsea,MLD2,18.07548
TUNE42PI_FES27,1482,8,labsea,MLD2,18.14837
TUNE42PI_FES27,1482,9,labsea,MLD2,26.93496
TUNE42PI_FES27,1482,10,labsea,MLD2,36.40237
TUNE42PI_FES27,1482,11,labsea,MLD2,77.76137
TUNE42PI_FES27,1482,12,labsea,MLD2,563.90401
TUNE42PI_FES27,1482,1,interior,MLD2,1836.23013
TUNE42PI_FES27,1482,2,interior,MLD2,1749.75941
TUNE42PI_FES27,1482,3,interior,MLD2,1480.34216
TUNE42PI_FES27,1482,4,interior,MLD2,1115.32391
TUNE42PI_FES27,1482,5,interior,MLD2,530.00625
TUNE42PI_FES27,1482,6,interior,MLD2,30.37781
TUNE42PI_FES27,1482,7,interior,MLD2,21.26474
TUNE42PI_FES27,1482,8,interior,MLD2,21.95056
TUNE42PI_FES27,1482,9,interior,MLD2,31.65985
TUNE42PI_FES27,1482,10,interior,MLD2,41.13007
TUNE42PI_FES27,1482,11,interior,MLD2,108.42672
TUNE42PI_FES27,1482,12,interior,MLD2,1011.13245
TUNE42PI_FES27,1483,1,labsea,a_ice,0.21528
TUNE42PI_FES27,1483,2,labsea,a_ice,0.21198
TUNE42PI_FES27,1483,3,labsea,a_ice,0.19368
TUNE42PI_FES27,1483,4,labsea,a_ice,0.18729
TUNE42PI_FES27,1483,5,labsea,a_ice,0.11540
TUNE42PI_FES27,1483,6,labsea,a_ice,0.06130
TUNE42PI_FES27,1483,7,labsea,a_ice,0.01012
TUNE42PI_FES27,1483,8,labsea,a_ice,0.00005
TUNE42PI_FES27,1483,9,labsea,a_ice,0.00000
TUNE42PI_FES27,1483,10,labsea,a_ice,0.00171
TUNE42PI_FES27,1483,11,labsea,a_ice,0.03587
TUNE42PI_FES27,1483,12,labsea,a_ice,0.15234
TUNE42PI_FES27,1483,1,interior,a_ice,0.05055
TUNE42PI_FES27,1483,2,interior,a_ice,0.05459
TUNE42PI_FES27,1483,3,interior,a_ice,0.03201
TUNE42PI_FES27,1483,4,interior,a_ice,0.05260
TUNE42PI_FES27,1483,5,interior,a_ice,0.01738
TUNE42PI_FES27,1483,6,interior,a_ice,0.00295
TUNE42PI_FES27,1483,7,interior,a_ice,0.00000
TUNE42PI_FES27,1483,8,interior,a_ice,0.00000
TUNE42PI_FES27,1483,9,interior,a_ice,0.00000
TUNE42PI_FES27,1483,10,interior,a_ice,0.00000
TUNE42PI_FES27,1483,11,interior,a_ice,0.00000
TUNE42PI_FES27,1483,12,interior,a_ice,0.01897
TUNE42PI_FES27,1483,1,labsea,MLD2,1165.38584
TUNE42PI_FES27,1483,2,labsea,MLD2,1251.15389
TUNE42PI_FES27,1483,3,labsea,MLD2,1261.05968
TUNE42PI_FES27,1483,4,labsea,MLD2,1064.40707
TUNE42PI_FES27,1483,5,labsea,MLD2,182.88308
TUNE42PI_FES27,1483,6,labsea,MLD2,18.63591
TUNE42PI_FES27,1483,7,labsea,MLD2,11.94750
TUNE42PI_FES27,1483,8,labsea,MLD2,14.21016
TUNE42PI_FES27,1483,9,labsea,MLD2,21.93128
TUNE42PI_FES27,1483,10,labsea,MLD2,38.07308
TUNE42PI_FES27,1483,11,labsea,MLD2,100.51399
TUNE42PI_FES27,1483,12,labsea,MLD2,626.98045
TUNE42PI_FES27,1483,1,interior,MLD2,1845.86190
TUNE42PI_FES27,1483,2,interior,MLD2,1959.87171
TUNE42PI_FES27,1483,3,interior,MLD2,2014.68943
TUNE42PI_FES27,1483,4,interior,MLD2,1819.37677
TUNE42PI_FES27,1483,5,interior,MLD2,447.45696
TUNE42PI_FES27,1483,6,interior,MLD2,24.42512
TUNE42PI_FES27,1483,7,interior,MLD2,14.24321
TUNE42PI_FES27,1483,8,interior,MLD2,15.97327
TUNE42PI_FES27,1483,9,interior,MLD2,25.80637
TUNE42PI_FES27,1483,10,interior,MLD2,45.65467
TUNE42PI_FES27,1483,11,interior,MLD2,124.07442
TUNE42PI_FES27,1483,12,interior,MLD2,921.74260
TUNE42PI_FES27,1484,1,labsea,a_ice,0.31626
TUNE42PI_FES27,1484,2,labsea,a_ice,0.30678
TUNE42PI_FES27,1484,3,labsea,a_ice,0.37595
TUNE42PI_FES27,1484,4,labsea,a_ice,0.34397
TUNE42PI_FES27,1484,5,labsea,a_ice,0.28354
TUNE42PI_FES27,1484,6,labsea,a_ice,0.13048
TUNE42PI_FES27,1484,7,labsea,a_ice,0.04286
TUNE42PI_FES27,1484,8,labsea,a_ice,0.00241
TUNE42PI_FES27,1484,9,labsea,a_ice,0.00000
TUNE42PI_FES27,1484,10,labsea,a_ice,0.00256
TUNE42PI_FES27,1484,11,labsea,a_ice,0.07256
TUNE42PI_FES27,1484,12,labsea,a_ice,0.17519
TUNE42PI_FES27,1484,1,interior,a_ice,0.14240
TUNE42PI_FES27,1484,2,interior,a_ice,0.11652
TUNE42PI_FES27,1484,3,interior,a_ice,0.20525
TUNE42PI_FES27,1484,4,interior,a_ice,0.18783
TUNE42PI_FES27,1484,5,interior,a_ice,0.16091
TUNE42PI_FES27,1484,6,interior,a_ice,0.03429
TUNE42PI_FES27,1484,7,interior,a_ice,0.00227
TUNE42PI_FES27,1484,8,interior,a_ice,0.00000
TUNE42PI_FES27,1484,9,interior,a_ice,0.00000
TUNE42PI_FES27,1484,10,interior,a_ice,0.00000
TUNE42PI_FES27,1484,11,interior,a_ice,0.00397
TUNE42PI_FES27,1484,12,interior,a_ice,0.03826
TUNE42PI_FES27,1484,1,labsea,MLD2,1179.02110
TUNE42PI_FES27,1484,2,labsea,MLD2,1293.30504
TUNE42PI_FES27,1484,3,labsea,MLD2,1307.40105
TUNE42PI_FES27,1484,4,labsea,MLD2,1095.80305
TUNE42PI_FES27,1484,5,labsea,MLD2,637.33840
TUNE42PI_FES27,1484,6,labsea,MLD2,32.45522
TUNE42PI_FES27,1484,7,labsea,MLD2,13.71784
TUNE42PI_FES27,1484,8,labsea,MLD2,16.32907
TUNE42PI_FES27,1484,9,labsea,MLD2,24.93559
TUNE42PI_FES27,1484,10,labsea,MLD2,44.65128
TUNE42PI_FES27,1484,11,labsea,MLD2,298.07078
TUNE42PI_FES27,1484,12,labsea,MLD2,828.59557
TUNE42PI_FES27,1484,1,interior,MLD2,1673.50051
TUNE42PI_FES27,1484,2,interior,MLD2,1743.15186
TUNE42PI_FES27,1484,3,interior,MLD2,1744.38249
TUNE42PI_FES27,1484,4,interior,MLD2,1389.11610
TUNE42PI_FES27,1484,5,interior,MLD2,923.55441
TUNE42PI_FES27,1484,6,interior,MLD2,57.09577
TUNE42PI_FES27,1484,7,interior,MLD2,16.09615
TUNE42PI_FES27,1484,8,interior,MLD2,18.19351
TUNE42PI_FES27,1484,9,interior,MLD2,26.96676
TUNE42PI_FES27,1484,10,interior,MLD2,57.10377
TUNE42PI_FES27,1484,11,interior,MLD2,733.93882
TUNE42PI_FES27,1484,12,interior,MLD2,1657.13695
TUNE42PI_FES27,1485,1,labsea,a_ice,0.26193
TUNE42PI_FES27,1485,2,labsea,a_ice,0.30240
TUNE42PI_FES27,1485,3,labsea,a_ice,0.39915
TUNE42PI_FES27,1485,4,labsea,a_ice,0.36843
TUNE42PI_FES27,1485,5,labsea,a_ice,0.26263
TUNE42PI_FES27,1485,6,labsea,a_ice,0.11286
TUNE42PI_FES27,1485,7,labsea,a_ice,0.01187
TUNE42PI_FES27,1485,8,labsea,a_ice,0.00010
TUNE42PI_FES27,1485,9,labsea,a_ice,0.00000
TUNE42PI_FES27,1485,10,labsea,a_ice,0.00002
TUNE42PI_FES27,1485,11,labsea,a_ice,0.00527
TUNE42PI_FES27,1485,12,labsea,a_ice,0.11489
TUNE42PI_FES27,1485,1,interior,a_ice,0.07995
TUNE42PI_FES27,1485,2,interior,a_ice,0.15434
TUNE42PI_FES27,1485,3,interior,a_ice,0.30813
TUNE42PI_FES27,1485,4,interior,a_ice,0.25996
TUNE42PI_FES27,1485,5,interior,a_ice,0.12419
TUNE42PI_FES27,1485,6,interior,a_ice,0.01589
TUNE42PI_FES27,1485,7,interior,a_ice,0.00021
TUNE42PI_FES27,1485,8,interior,a_ice,0.00000
TUNE42PI_FES27,1485,9,interior,a_ice,0.00000
TUNE42PI_FES27,1485,10,interior,a_ice,0.00000
TUNE42PI_FES27,1485,11,interior,a_ice,0.00000
TUNE42PI_FES27,1485,12,interior,a_ice,0.01133
TUNE42PI_FES27,1485,1,labsea,MLD2,1253.82455
TUNE42PI_FES27,1485,2,labsea,MLD2,1311.80667
TUNE42PI_FES27,1485,3,labsea,MLD2,1080.59201
TUNE42PI_FES27,1485,4,labsea,MLD2,930.60787
TUNE42PI_FES27,1485,5,labsea,MLD2,521.71309
TUNE42PI_FES27,1485,6,labsea,MLD2,18.65461
TUNE42PI_FES27,1485,7,labsea,MLD2,11.92768
TUNE42PI_FES27,1485,8,labsea,MLD2,16.03599
TUNE42PI_FES27,1485,9,labsea,MLD2,23.12189
TUNE42PI_FES27,1485,10,labsea,MLD2,34.26914
TUNE42PI_FES27,1485,11,labsea,MLD2,49.32237
TUNE42PI_FES27,1485,12,labsea,MLD2,173.79420
TUNE42PI_FES27,1485,1,interior,MLD2,1927.74946
TUNE42PI_FES27,1485,2,interior,MLD2,1816.40545
TUNE42PI_FES27,1485,3,interior,MLD2,1254.82048
TUNE42PI_FES27,1485,4,interior,MLD2,1079.61712
TUNE42PI_FES27,1485,5,interior,MLD2,707.47595
TUNE42PI_FES27,1485,6,interior,MLD2,26.07388
TUNE42PI_FES27,1485,7,interior,MLD2,13.85122
TUNE42PI_FES27,1485,8,interior,MLD2,18.95072
TUNE42PI_FES27,1485,9,interior,MLD2,27.06926
TUNE42PI_FES27,1485,10,interior,MLD2,40.14491
TUNE42PI_FES27,1485,11,interior,MLD2,65.87106
TUNE42PI_FES27,1485,12,interior,MLD2,345.72835
TUNE42PI_FES27,1486,1,labsea,a_ice,0.24611
TUNE42PI_FES27,1486,2,labsea,a_ice,0.23440
TUNE42PI_FES27,1486,3,labsea,a_ice,0.24429
TUNE42PI_FES27,1486,4,labsea,a_ice,0.24681
TUNE42PI_FES27,1486,5,labsea,a_ice,0.14766
TUNE42PI_FES27,1486,6,labsea,a_ice,0.07261
TUNE42PI_FES27,1486,7,labsea,a_ice,0.01440
TUNE42PI_FES27,1486,8,labsea,a_ice,0.00005
TUNE42PI_FES27,1486,9,labsea,a_ice,0.00000
TUNE42PI_FES27,1486,10,labsea,a_ice,0.00008
TUNE42PI_FES27,1486,11,labsea,a_ice,0.03202
TUNE42PI_FES27,1486,12,labsea,a_ice,0.13131
TUNE42PI_FES27,1486,1,interior,a_ice,0.10221
TUNE42PI_FES27,1486,2,interior,a_ice,0.06689
TUNE42PI_FES27,1486,3,interior,a_ice,0.07778
TUNE42PI_FES27,1486,4,interior,a_ice,0.05738
TUNE42PI_FES27,1486,5,interior,a_ice,0.02101
TUNE42PI_FES27,1486,6,interior,a_ice,0.00292
TUNE42PI_FES27,1486,7,interior,a_ice,0.00000
TUNE42PI_FES27,1486,8,interior,a_ice,0.00000
TUNE42PI_FES27,1486,9,interior,a_ice,0.00000
TUNE42PI_FES27,1486,10,interior,a_ice,0.00000
TUNE42PI_FES27,1486,11,interior,a_ice,0.00000
TUNE42PI_FES27,1486,12,interior,a_ice,0.01517
TUNE42PI_FES27,1486,1,labsea,MLD2,914.76811
TUNE42PI_FES27,1486,2,labsea,MLD2,1338.12273
TUNE42PI_FES27,1486,3,labsea,MLD2,1448.84186
TUNE42PI_FES27,1486,4,labsea,MLD2,1373.57060
TUNE42PI_FES27,1486,5,labsea,MLD2,472.25243
TUNE42PI_FES27,1486,6,labsea,MLD2,19.35564
TUNE42PI_FES27,1486,7,labsea,MLD2,16.15044
TUNE42PI_FES27,1486,8,labsea,MLD2,17.88019
TUNE42PI_FES27,1486,9,labsea,MLD2,25.80294
TUNE42PI_FES27,1486,10,labsea,MLD2,32.19619
TUNE42PI_FES27,1486,11,labsea,MLD2,71.26978
TUNE42PI_FES27,1486,12,labsea,MLD2,474.63816
TUNE42PI_FES27,1486,1,interior,MLD2,1797.97731
TUNE42PI_FES27,1486,2,interior,MLD2,2213.85048
TUNE42PI_FES27,1486,3,interior,MLD2,2270.13525
TUNE42PI_FES27,1486,4,interior,MLD2,2090.05504
TUNE42PI_FES27,1486,5,interior,MLD2,789.21555
TUNE42PI_FES27,1486,6,interior,MLD2,25.55069
TUNE42PI_FES27,1486,7,interior,MLD2,20.27014
TUNE42PI_FES27,1486,8,interior,MLD2,21.44588
TUNE42PI_FES27,1486,9,interior,MLD2,30.60772
TUNE42PI_FES27,1486,10,interior,MLD2,38.12029
TUNE42PI_FES27,1486,11,interior,MLD2,116.91855
TUNE42PI_FES27,1486,12,interior,MLD2,902.99954
TUNE42PI_FES27,1487,1,labsea,a_ice,0.22229
TUNE42PI_FES27,1487,2,labsea,a_ice,0.33958
TUNE42PI_FES27,1487,3,labsea,a_ice,0.35564
TUNE42PI_FES27,1487,4,labsea,a_ice,0.31250
TUNE42PI_FES27,1487,5,labsea,a_ice,0.22814
TUNE42PI_FES27,1487,6,labsea,a_ice,0.13268
TUNE42PI_FES27,1487,7,labsea,a_ice,0.02758
TUNE42PI_FES27,1487,8,labsea,a_ice,0.00122
TUNE42PI_FES27,1487,9,labsea,a_ice,0.00000
TUNE42PI_FES27,1487,10,labsea,a_ice,0.00025
TUNE42PI_FES27,1487,11,labsea,a_ice,0.04277
TUNE42PI_FES27,1487,12,labsea,a_ice,0.23252
TUNE42PI_FES27,1487,1,interior,a_ice,0.04494
TUNE42PI_FES27,1487,2,interior,a_ice,0.19875
TUNE42PI_FES27,1487,3,interior,a_ice,0.23418
TUNE42PI_FES27,1487,4,interior,a_ice,0.16559
TUNE42PI_FES27,1487,5,interior,a_ice,0.03767
TUNE42PI_FES27,1487,6,interior,a_ice,0.02289
TUNE42PI_FES27,1487,7,interior,a_ice,0.00209
TUNE42PI_FES27,1487,8,interior,a_ice,0.00000
TUNE42PI_FES27,1487,9,interior,a_ice,0.00000
TUNE42PI_FES27,1487,10,interior,a_ice,0.00000
TUNE42PI_FES27,1487,11,interior,a_ice,0.00390
TUNE42PI_FES27,1487,12,interior,a_ice,0.08618
TUNE42PI_FES27,1487,1,labsea,MLD2,1338.63196
TUNE42PI_FES27,1487,2,labsea,MLD2,1321.01854
TUNE42PI_FES27,1487,3,labsea,MLD2,1052.02286
TUNE42PI_FES27,1487,4,labsea,MLD2,905.90877
TUNE42PI_FES27,1487,5,labsea,MLD2,435.27018
TUNE42PI_FES27,1487,6,labsea,MLD2,27.94288
TUNE42PI_FES27,1487,7,labsea,MLD2,12.03281
TUNE42PI_FES27,1487,8,labsea,MLD2,13.81260
TUNE42PI_FES27,1487,9,labsea,MLD2,23.16281
TUNE42PI_FES27,1487,10,labsea,MLD2,34.41195
TUNE42PI_FES27,1487,11,labsea,MLD2,72.57411
TUNE42PI_FES27,1487,12,labsea,MLD2,634.09964
TUNE42PI_FES27,1487,1,interior,MLD2,2071.17638
TUNE42PI_FES27,1487,2,interior,MLD2,1817.67984
TUNE42PI_FES27,1487,3,interior,MLD2,1293.44782
TUNE42PI_FES27,1487,4,interior,MLD2,847.10568
TUNE42PI_FES27,1487,5,interior,MLD2,502.18547
TUNE42PI_FES27,1487,6,interior,MLD2,29.57736
TUNE42PI_FES27,1487,7,interior,MLD2,12.79241
TUNE42PI_FES27,1487,8,interior,MLD2,15.91003
TUNE42PI_FES27,1487,9,interior,MLD2,27.87634
TUNE42PI_FES27,1487,10,interior,MLD2,41.46140
TUNE42PI_FES27,1487,11,interior,MLD2,102.88359
TUNE42PI_FES27,1487,12,interior,MLD2,1154.52519
TUNE42PI_FES27,1488,1,labsea,a_ice,0.28049
TUNE42PI_FES27,1488,2,labsea,a_ice,0.34184
TUNE42PI_FES27,1488,3,labsea,a_ice,0.40357
TUNE42PI_FES27,1488,4,labsea,a_ice,0.39120
TUNE42PI_FES27,1488,5,labsea,a_ice,0.35174
TUNE42PI_FES27,1488,6,labsea,a_ice,0.18599
TUNE42PI_FES27,1488,7,labsea,a_ice,0.05547
TUNE42PI_FES27,1488,8,labsea,a_ice,0.00846
TUNE42PI_FES27,1488,9,labsea,a_ice,0.00494
TUNE42PI_FES27,1488,10,labsea,a_ice,0.02560
TUNE42PI_FES27,1488,11,labsea,a_ice,0.06456
TUNE42PI_FES27,1488,12,labsea,a_ice,0.18749
TUNE42PI_FES27,1488,1,interior,a_ice,0.10058
TUNE42PI_FES27,1488,2,interior,a_ice,0.13288
TUNE42PI_FES27,1488,3,interior,a_ice,0.21866
TUNE42PI_FES27,1488,4,interior,a_ice,0.26654
TUNE42PI_FES27,1488,5,interior,a_ice,0.19093
TUNE42PI_FES27,1488,6,interior,a_ice,0.05702
TUNE42PI_FES27,1488,7,interior,a_ice,0.02048
TUNE42PI_FES27,1488,8,interior,a_ice,0.00000
TUNE42PI_FES27,1488,9,interior,a_ice,0.00000
TUNE42PI_FES27,1488,10,interior,a_ice,0.00000
TUNE42PI_FES27,1488,11,interior,a_ice,0.00036
TUNE42PI_FES27,1488,12,interior,a_ice,0.02710
TUNE42PI_FES27,1488,1,labsea,MLD2,1153.41371
TUNE42PI_FES27,1488,2,labsea,MLD2,1276.47031
TUNE42PI_FES27,1488,3,labsea,MLD2,1086.99505
TUNE42PI_FES27,1488,4,labsea,MLD2,987.74111
TUNE42PI_FES27,1488,5,labsea,MLD2,479.44539
TUNE42PI_FES27,1488,6,labsea,MLD2,58.71192
TUNE42PI_FES27,1488,7,labsea,MLD2,16.70787
TUNE42PI_FES27,1488,8,labsea,MLD2,14.56339
TUNE42PI_FES27,1488,9,labsea,MLD2,23.22193
TUNE42PI_FES27,1488,10,labsea,MLD2,34.35722
TUNE42PI_FES27,1488,11,labsea,MLD2,67.12853
TUNE42PI_FES27,1488,12,labsea,MLD2,335.95479
TUNE42PI_FES27,1488,1,interior,MLD2,1865.99106
TUNE42PI_FES27,1488,2,interior,MLD2,1901.32598
TUNE42PI_FES27,1488,3,interior,MLD2,1610.54487
TUNE42PI_FES27,1488,4,interior,MLD2,1334.81893
TUNE42PI_FES27,1488,5,interior,MLD2,1058.47582
TUNE42PI_FES27,1488,6,interior,MLD2,144.91602
TUNE42PI_FES27,1488,7,interior,MLD2,19.29558
TUNE42PI_FES27,1488,8,interior,MLD2,16.03655
TUNE42PI_FES27,1488,9,interior,MLD2,23.09978
TUNE42PI_FES27,1488,10,interior,MLD2,38.19586
TUNE42PI_FES27,1488,11,interior,MLD2,92.75176
TUNE42PI_FES27,1488,12,interior,MLD2,630.09113
TUNE42PI_FES27,1489,1,labsea,a_ice,0.32057
TUNE42PI_FES27,1489,2,labsea,a_ice,0.36650
TUNE42PI_FES27,1489,3,labsea,a_ice,0.42643
TUNE42PI_FES27,1489,4,labsea,a_ice,0.40469
TUNE42PI_FES27,1489,5,labsea,a_ice,0.31900
TUNE42PI_FES27,1489,6,labsea,a_ice,0.17592
TUNE42PI_FES27,1489,7,labsea,a_ice,0.02433
TUNE42PI_FES27,1489,8,labsea,a_ice,0.00014
TUNE42PI_FES27,1489,9,labsea,a_ice,0.00000
TUNE42PI_FES27,1489,10,labsea,a_ice,0.00056
TUNE42PI_FES27,1489,11,labsea,a_ice,0.04184
TUNE42PI_FES27,1489,12,labsea,a_ice,0.16148
TUNE42PI_FES27,1489,1,interior,a_ice,0.10443
TUNE42PI_FES27,1489,2,interior,a_ice,0.14264
TUNE42PI_FES27,1489,3,interior,a_ice,0.18216
TUNE42PI_FES27,1489,4,interior,a_ice,0.29617
TUNE42PI_FES27,1489,5,interior,a_ice,0.17169
TUNE42PI_FES27,1489,6,interior,a_ice,0.04211
TUNE42PI_FES27,1489,7,interior,a_ice,0.00817
TUNE42PI_FES27,1489,8,interior,a_ice,0.00000
TUNE42PI_FES27,1489,9,interior,a_ice,0.00000
TUNE42PI_FES27,1489,10,interior,a_ice,0.00000
TUNE42PI_FES27,1489,11,interior,a_ice,0.00013
TUNE42PI_FES27,1489,12,interior,a_ice,0.03487
TUNE42PI_FES27,1489,1,labsea,MLD2,1237.32915
TUNE42PI_FES27,1489,2,labsea,MLD2,1365.91181
TUNE42PI_FES27,1489,3,labsea,MLD2,1340.64144
TUNE42PI_FES27,1489,4,labsea,MLD2,1074.64567
TUNE42PI_FES27,1489,5,labsea,MLD2,552.21036
TUNE42PI_FES27,1489,6,labsea,MLD2,15.65038
TUNE42PI_FES27,1489,7,labsea,MLD2,13.98442
TUNE42PI_FES27,1489,8,labsea,MLD2,15.19844
TUNE42PI_FES27,1489,9,labsea,MLD2,23.11818
TUNE42PI_FES27,1489,10,labsea,MLD2,34.13878
TUNE42PI_FES27,1489,11,labsea,MLD2,87.80437
TUNE42PI_FES27,1489,12,labsea,MLD2,521.51922
TUNE42PI_FES27,1489,1,interior,MLD2,2207.98241
TUNE42PI_FES27,1489,2,interior,MLD2,2176.87903
TUNE42PI_FES27,1489,3,interior,MLD2,2075.91123
TUNE42PI_FES27,1489,4,interior,MLD2,1398.83437
TUNE42PI_FES27,1489,5,interior,MLD2,689.21185
TUNE42PI_FES27,1489,6,interior,MLD2,17.44607
TUNE42PI_FES27,1489,7,interior,MLD2,15.88840
TUNE42PI_FES27,1489,8,interior,MLD2,17.52522
TUNE42PI_FES27,1489,9,interior,MLD2,26.52798
TUNE42PI_FES27,1489,10,interior,MLD2,41.80291
TUNE42PI_FES27,1489,11,interior,MLD2,152.67422
TUNE42PI_FES27,1489,12,interior,MLD2,1040.35669
TUNE42PI_FES27,1490,1,labsea,a_ice,0.30309
TUNE42PI_FES27,1490,2,labsea,a_ice,0.47615
TUNE42PI_FES27,1490,3,labsea,a_ice,0.50961
TUNE42PI_FES27,1490,4,labsea,a_ice,0.44854
TUNE42PI_FES27,1490,5,labsea,a_ice,0.35273
TUNE42PI_FES27,1490,6,labsea,a_ice,0.20710
TUNE42PI_FES27,1490,7,labsea,a_ice,0.07486
TUNE42PI_FES27,1490,8,labsea,a_ice,0.01081
TUNE42PI_FES27,1490,9,labsea,a_ice,0.00010
TUNE42PI_FES27,1490,10,labsea,a_ice,0.01123
TUNE42PI_FES27,1490,11,labsea,a_ice,0.08919
TUNE42PI_FES27,1490,12,labsea,a_ice,0.20104
TUNE42PI_FES27,1490,1,interior,a_ice,0.14028
TUNE42PI_FES27,1490,2,interior,a_ice,0.37087
TUNE42PI_FES27,1490,3,interior,a_ice,0.49067
TUNE42PI_FES27,1490,4,interior,a_ice,0.39389
TUNE42PI_FES27,1490,5,interior,a_ice,0.21913
TUNE42PI_FES27,1490,6,interior,a_ice,0.10947
TUNE42PI_FES27,1490,7,interior,a_ice,0.02947
TUNE42PI_FES27,1490,8,interior,a_ice,0.00002
TUNE42PI_FES27,1490,9,interior,a_ice,0.00000
TUNE42PI_FES27,1490,10,interior,a_ice,0.00000
TUNE42PI_FES27,1490,11,interior,a_ice,0.00654
TUNE42PI_FES27,1490,12,interior,a_ice,0.07228
TUNE42PI_FES27,1490,1,labsea,MLD2,1193.53349
TUNE42PI_FES27,1490,2,labsea,MLD2,1092.18134
TUNE42PI_FES27,1490,3,labsea,MLD2,1031.11710
TUNE42PI_FES27,1490,4,labsea,MLD2,816.70621
TUNE42PI_FES27,1490,5,labsea,MLD2,608.35800
TUNE42PI_FES27,1490,6,labsea,MLD2,92.95275
TUNE42PI_FES27,1490,7,labsea,MLD2,16.79430
TUNE42PI_FES27,1490,8,labsea,MLD2,15.39687
TUNE42PI_FES27,1490,9,labsea,MLD2,23.28671
TUNE42PI_FES27,1490,10,labsea,MLD2,38.71956
TUNE42PI_FES27,1490,11,labsea,MLD2,84.27955
TUNE42PI_FES27,1490,12,labsea,MLD2,431.14742
TUNE42PI_FES27,1490,1,interior,MLD2,1902.87605
TUNE42PI_FES27,1490,2,interior,MLD2,1431.45471
TUNE42PI_FES27,1490,3,interior,MLD2,1117.82362
TUNE42PI_FES27,1490,4,interior,MLD2,819.71756
TUNE42PI_FES27,1490,5,interior,MLD2,624.36174
TUNE42PI_FES27,1490,6,interior,MLD2,109.03089
TUNE42PI_FES27,1490,7,interior,MLD2,21.17533
TUNE42PI_FES27,1490,8,interior,MLD2,19.43665
TUNE42PI_FES27,1490,9,interior,MLD2,28.04396
TUNE42PI_FES27,1490,10,interior,MLD2,45.63079
TUNE42PI_FES27,1490,11,interior,MLD2,130.40742
TUNE42PI_FES27,1490,12,interior,MLD2,853.65243
TUNE42PI_FES27,1491,1,labsea,a_ice,0.31258
TUNE42PI_FES27,1491,2,labsea,a_ice,0.31776
TUNE42PI_FES27,1491,3,labsea,a_ice,0.32363
TUNE42PI_FES27,1491,4,labsea,a_ice,0.28939
TUNE42PI_FES27,1491,5,labsea,a_ice,0.21649
TUNE42PI_FES27,1491,6,labsea,a_ice,0.08415
TUNE42PI_FES27,1491,7,labsea,a_ice,0.02172
TUNE42PI_FES27,1491,8,labsea,a_ice,0.00047
TUNE42PI_FES27,1491,9,labsea,a_ice,0.00000
TUNE42PI_FES27,1491,10,labsea,a_ice,0.00167
TUNE42PI_FES27,1491,11,labsea,a_ice,0.05377
TUNE42PI_FES27,1491,12,labsea,a_ice,0.16698
TUNE42PI_FES27,1491,1,interior,a_ice,0.14047
TUNE42PI_FES27,1491,2,interior,a_ice,0.09365
TUNE42PI_FES27,1491,3,interior,a_ice,0.08137
TUNE42PI_FES27,1491,4,interior,a_ice,0.06050
TUNE42PI_FES27,1491,5,interior,a_ice,0.04369
TUNE42PI_FES27,1491,6,interior,a_ice,0.00306
TUNE42PI_FES27,1491,7,interior,a_ice,0.00000
TUNE42PI_FES27,1491,8,interior,a_ice,0.00000
TUNE42PI_FES27,1491,9,interior,a_ice,0.00000
TUNE42PI_FES27,1491,10,interior,a_ice,0.00000
TUNE42PI_FES27,1491,11,interior,a_ice,0.00093
TUNE42PI_FES27,1491,12,interior,a_ice,0.01924
TUNE42PI_FES27,1491,1,labsea,MLD2,1008.80445
TUNE42PI_FES27,1491,2,labsea,MLD2,1311.94127
TUNE42PI_FES27,1491,3,labsea,MLD2,1330.62462
TUNE42PI_FES27,1491,4,labsea,MLD2,1161.54518
TUNE42PI_FES27,1491,5,labsea,MLD2,713.54123
TUNE42PI_FES27,1491,6,labsea,MLD2,19.17534
TUNE42PI_FES27,1491,7,labsea,MLD2,15.87762
TUNE42PI_FES27,1491,8,labsea,MLD2,17.12277
TUNE42PI_FES27,1491,9,labsea,MLD2,20.91394
TUNE42PI_FES27,1491,10,labsea,MLD2,33.03600
TUNE42PI_FES27,1491,11,labsea,MLD2,75.39813
TUNE42PI_FES27,1491,12,labsea,MLD2,501.08145
TUNE42PI_FES27,1491,1,interior,MLD2,1874.54291
TUNE42PI_FES27,1491,2,interior,MLD2,2120.77478
TUNE42PI_FES27,1491,3,interior,MLD2,2129.71199
TUNE42PI_FES27,1491,4,interior,MLD2,1911.79410
TUNE42PI_FES27,1491,5,interior,MLD2,1295.09232
TUNE42PI_FES27,1491,6,interior,MLD2,28.84570
TUNE42PI_FES27,1491,7,interior,MLD2,20.21771
TUNE42PI_FES27,1491,8,interior,MLD2,21.25369
TUNE42PI_FES27,1491,9,interior,MLD2,22.45745
TUNE42PI_FES27,1491,10,interior,MLD2,40.32414
TUNE42PI_FES27,1491,11,interior,MLD2,125.97803
TUNE42PI_FES27,1491,12,interior,MLD2,984.09107
TUNE42PI_FES27,1492,1,labsea,a_ice,0.23500
TUNE42PI_FES27,1492,2,labsea,a_ice,0.24972
TUNE42PI_FES27,1492,3,labsea,a_ice,0.31565
TUNE42PI_FES27,1492,4,labsea,a_ice,0.29459
TUNE42PI_FES27,1492,5,labsea,a_ice,0.26168
TUNE42PI_FES27,1492,6,labsea,a_ice,0.15197
TUNE42PI_FES27,1492,7,labsea,a_ice,0.05238
TUNE42PI_FES27,1492,8,labsea,a_ice,0.01128
TUNE42PI_FES27,1492,9,labsea,a_ice,0.00035
TUNE42PI_FES27,1492,10,labsea,a_ice,0.01266
TUNE42PI_FES27,1492,11,labsea,a_ice,0.11693
TUNE42PI_FES27,1492,12,labsea,a_ice,0.29060
TUNE42PI_FES27,1492,1,interior,a_ice,0.04743
TUNE42PI_FES27,1492,2,interior,a_ice,0.06231
TUNE42PI_FES27,1492,3,interior,a_ice,0.16639
TUNE42PI_FES27,1492,4,interior,a_ice,0.12323
TUNE42PI_FES27,1492,5,interior,a_ice,0.08880
TUNE42PI_FES27,1492,6,interior,a_ice,0.02726
TUNE42PI_FES27,1492,7,interior,a_ice,0.00292
TUNE42PI_FES27,1492,8,interior,a_ice,0.00000
TUNE42PI_FES27,1492,9,interior,a_ice,0.00000
TUNE42PI_FES27,1492,10,interior,a_ice,0.00000
TUNE42PI_FES27,1492,11,interior,a_ice,0.01017
TUNE42PI_FES27,1492,12,interior,a_ice,0.10913
TUNE42PI_FES27,1492,1,labsea,MLD2,1163.69869
TUNE42PI_FES27,1492,2,labsea,MLD2,1453.97627
TUNE42PI_FES27,1492,3,labsea,MLD2,1327.51158
TUNE42PI_FES27,1492,4,labsea,MLD2,1119.15498
TUNE42PI_FES27,1492,5,labsea,MLD2,573.65739
TUNE42PI_FES27,1492,6,labsea,MLD2,44.73272
TUNE42PI_FES27,1492,7,labsea,MLD2,14.44304
TUNE42PI_FES27,1492,8,labsea,MLD2,12.85418
TUNE42PI_FES27,1492,9,labsea,MLD2,20.41580
TUNE42PI_FES27,1492,10,labsea,MLD2,33.62160
TUNE42PI_FES27,1492,11,labsea,MLD2,172.78185
TUNE42PI_FES27,1492,12,labsea,MLD2,794.20578
TUNE42PI_FES27,1492,1,interior,MLD2,1934.36715
TUNE42PI_FES27,1492,2,interior,MLD2,2109.97528
TUNE42PI_FES27,1492,3,interior,MLD2,1698.31158
TUNE42PI_FES27,1492,4,interior,MLD2,1333.37630
TUNE42PI_FES27,1492,5,interior,MLD2,791.41060
TUNE42PI_FES27,1492,6,interior,MLD2,88.20688
TUNE42PI_FES27,1492,7,interior,MLD2,17.74188
TUNE42PI_FES27,1492,8,interior,MLD2,14.60687
TUNE42PI_FES27,1492,9,interior,MLD2,23.64503
TUNE42PI_FES27,1492,10,interior,MLD2,39.25107
TUNE42PI_FES27,1492,11,interior,MLD2,394.08664
TUNE42PI_FES27,1492,12,interior,MLD2,1454.03624
TUNE42PI_FES27,1493,1,labsea,a_ice,0.39617
TUNE42PI_FES27,1493,2,labsea,a_ice,0.47098
TUNE42PI_FES27,1493,3,labsea,a_ice,0.50495
TUNE42PI_FES27,1493,4,labsea,a_ice,0.40756
TUNE42PI_FES27,1493,5,labsea,a_ice,0.34667
TUNE42PI_FES27,1493,6,labsea,a_ice,0.20857
TUNE42PI_FES27,1493,7,labsea,a_ice,0.05019
TUNE42PI_FES27,1493,8,labsea,a_ice,0.00778
TUNE42PI_FES27,1493,9,labsea,a_ice,0.00160
TUNE42PI_FES27,1493,10,labsea,a_ice,0.00142
TUNE42PI_FES27,1493,11,labsea,a_ice,0.02066
TUNE42PI_FES27,1493,12,labsea,a_ice,0.13212
TUNE42PI_FES27,1493,1,interior,a_ice,0.28052
TUNE42PI_FES27,1493,2,interior,a_ice,0.39236
TUNE42PI_FES27,1493,3,interior,a_ice,0.45623
TUNE42PI_FES27,1493,4,interior,a_ice,0.25255
TUNE42PI_FES27,1493,5,interior,a_ice,0.19949
TUNE42PI_FES27,1493,6,interior,a_ice,0.12054
TUNE42PI_FES27,1493,7,interior,a_ice,0.00662
TUNE42PI_FES27,1493,8,interior,a_ice,0.00000
TUNE42PI_FES27,1493,9,interior,a_ice,0.00000
TUNE42PI_FES27,1493,10,interior,a_ice,0.00000
TUNE42PI_FES27,1493,11,interior,a_ice,0.00084
TUNE42PI_FES27,1493,12,interior,a_ice,0.04311
TUNE42PI_FES27,1493,1,labsea,MLD2,1089.95256
TUNE42PI_FES27,1493,2,labsea,MLD2,1106.44515
TUNE42PI_FES27,1493,3,labsea,MLD2,854.36502
TUNE42PI_FES27,1493,4,labsea,MLD2,763.49291
TUNE42PI_FES27,1493,5,labsea,MLD2,512.89307
TUNE42PI_FES27,1493,6,labsea,MLD2,49.02196
TUNE42PI_FES27,1493,7,labsea,MLD2,13.86062
TUNE42PI_FES27,1493,8,labsea,MLD2,16.81007
TUNE42PI_FES27,1493,9,labsea,MLD2,23.57109
TUNE42PI_FES27,1493,10,labsea,MLD2,36.82734
TUNE42PI_FES27,1493,11,labsea,MLD2,95.45590
TUNE42PI_FES27,1493,12,labsea,MLD2,424.99692
TUNE42PI_FES27,1493,1,interior,MLD2,1461.46375
TUNE42PI_FES27,1493,2,interior,MLD2,1359.55930
TUNE42PI_FES27,1493,3,interior,MLD2,923.01858
TUNE42PI_FES27,1493,4,interior,MLD2,687.08271
TUNE42PI_FES27,1493,5,interior,MLD2,646.78952
TUNE42PI_FES27,1493,6,interior,MLD2,52.41775
TUNE42PI_FES27,1493,7,interior,MLD2,16.22358
TUNE42PI_FES27,1493,8,interior,MLD2,20.85165
TUNE42PI_FES27,1493,9,interior,MLD2,28.29226
TUNE42PI_FES27,1493,10,interior,MLD2,44.43547
TUNE42PI_FES27,1493,11,interior,MLD2,145.14739
TUNE42PI_FES27,1493,12,interior,MLD2,836.28435
TUNE42PI_FES27,1494,1,labsea,a_ice,0.28798
TUNE42PI_FES27,1494,2,labsea,a_ice,0.28725
TUNE42PI_FES27,1494,3,labsea,a_ice,0.28359
TUNE42PI_FES27,1494,4,labsea,a_ice,0.30745
TUNE42PI_FES27,1494,5,labsea,a_ice,0.23042
TUNE42PI_FES27,1494,6,labsea,a_ice,0.09270
TUNE42PI_FES27,1494,7,labsea,a_ice,0.00321
TUNE42PI_FES27,1494,8,labsea,a_ice,0.00000
TUNE42PI_FES27,1494,9,labsea,a_ice,0.00000
TUNE42PI_FES27,1494,10,labsea,a_ice,0.00000
TUNE42PI_FES27,1494,11,labsea,a_ice,0.02642
TUNE42PI_FES27,1494,12,labsea,a_ice,0.16851
TUNE42PI_FES27,1494,1,interior,a_ice,0.11038
TUNE42PI_FES27,1494,2,interior,a_ice,0.07823
TUNE42PI_FES27,1494,3,interior,a_ice,0.05831
TUNE42PI_FES27,1494,4,interior,a_ice,0.09760
TUNE42PI_FES27,1494,5,interior,a_ice,0.05434
TUNE42PI_FES27,1494,6,interior,a_ice,0.00979
TUNE42PI_FES27,1494,7,interior,a_ice,0.00000
TUNE42PI_FES27,1494,8,interior,a_ice,0.00000
TUNE42PI_FES27,1494,9,interior,a_ice,0.00000
TUNE42PI_FES27,1494,10,interior,a_ice,0.00000
TUNE42PI_FES27,1494,11,interior,a_ice,0.00200
TUNE42PI_FES27,1494,12,interior,a_ice,0.02439
TUNE42PI_FES27,1494,1,labsea,MLD2,1112.31464
TUNE42PI_FES27,1494,2,labsea,MLD2,1439.21309
TUNE42PI_FES27,1494,3,labsea,MLD2,1428.13386
TUNE42PI_FES27,1494,4,labsea,MLD2,1197.68485
TUNE42PI_FES27,1494,5,labsea,MLD2,620.90064
TUNE42PI_FES27,1494,6,labsea,MLD2,41.31316
TUNE42PI_FES27,1494,7,labsea,MLD2,16.38586
TUNE42PI_FES27,1494,8,labsea,MLD2,18.50831
TUNE42PI_FES27,1494,9,labsea,MLD2,22.80212
TUNE42PI_FES27,1494,10,labsea,MLD2,29.42826
TUNE42PI_FES27,1494,11,labsea,MLD2,134.05754
TUNE42PI_FES27,1494,12,labsea,MLD2,1052.65740
TUNE42PI_FES27,1494,1,interior,MLD2,2073.04278
TUNE42PI_FES27,1494,2,interior,MLD2,2437.99099
TUNE42PI_FES27,1494,3,interior,MLD2,2382.01879
TUNE42PI_FES27,1494,4,interior,MLD2,1942.69606
TUNE42PI_FES27,1494,5,interior,MLD2,939.55313
TUNE42PI_FES27,1494,6,interior,MLD2,37.99846
TUNE42PI_FES27,1494,7,interior,MLD2,17.96376
TUNE42PI_FES27,1494,8,interior,MLD2,20.96474
TUNE42PI_FES27,1494,9,interior,MLD2,26.56259
TUNE42PI_FES27,1494,10,interior,MLD2,34.85865
TUNE42PI_FES27,1494,11,interior,MLD2,293.29313
TUNE42PI_FES27,1494,12,interior,MLD2,1814.08463
TUNE42PI_FES27,1495,1,labsea,a_ice,0.23262
TUNE42PI_FES27,1495,2,labsea,a_ice,0.24438
TUNE42PI_FES27,1495,3,labsea,a_ice,0.29569
TUNE42PI_FES27,1495,4,labsea,a_ice,0.30659
TUNE42PI_FES27,1495,5,labsea,a_ice,0.25255
TUNE42PI_FES27,1495,6,labsea,a_ice,0.12862
TUNE42PI_FES27,1495,7,labsea,a_ice,0.03543
TUNE42PI_FES27,1495,8,labsea,a_ice,0.00378
TUNE42PI_FES27,1495,9,labsea,a_ice,0.00001
TUNE42PI_FES27,1495,10,labsea,a_ice,0.02267
TUNE42PI_FES27,1495,11,labsea,a_ice,0.04941
TUNE42PI_FES27,1495,12,labsea,a_ice,0.17356
TUNE42PI_FES27,1495,1,interior,a_ice,0.04538
TUNE42PI_FES27,1495,2,interior,a_ice,0.06030
TUNE42PI_FES27,1495,3,interior,a_ice,0.12076
TUNE42PI_FES27,1495,4,interior,a_ice,0.14669
TUNE42PI_FES27,1495,5,interior,a_ice,0.06164
TUNE42PI_FES27,1495,6,interior,a_ice,0.01848
TUNE42PI_FES27,1495,7,interior,a_ice,0.00000
TUNE42PI_FES27,1495,8,interior,a_ice,0.00000
TUNE42PI_FES27,1495,9,interior,a_ice,0.00000
TUNE42PI_FES27,1495,10,interior,a_ice,0.00000
TUNE42PI_FES27,1495,11,interior,a_ice,0.00052
TUNE42PI_FES27,1495,12,interior,a_ice,0.02014
TUNE42PI_FES27,1495,1,labsea,MLD2,1429.76269
TUNE42PI_FES27,1495,2,labsea,MLD2,1514.79279
TUNE42PI_FES27,1495,3,labsea,MLD2,1441.68345
TUNE42PI_FES27,1495,4,labsea,MLD2,1138.47979
TUNE42PI_FES27,1495,5,labsea,MLD2,364.78245
TUNE42PI_FES27,1495,6,labsea,MLD2,17.29129
TUNE42PI_FES27,1495,7,labsea,MLD2,12.18097
TUNE42PI_FES27,1495,8,labsea,MLD2,14.61379
TUNE42PI_FES27,1495,9,labsea,MLD2,20.69434
TUNE42PI_FES27,1495,10,labsea,MLD2,37.85443
TUNE42PI_FES27,1495,11,labsea,MLD2,59.23017
TUNE42PI_FES27,1495,12,labsea,MLD2,477.86974
TUNE42PI_FES27,1495,1,interior,MLD2,2221.28464
TUNE42PI_FES27,1495,2,interior,MLD2,2332.01984
TUNE42PI_FES27,1495,3,interior,MLD2,2114.08981
TUNE42PI_FES27,1495,4,interior,MLD2,1563.87581
TUNE42PI_FES27,1495,5,interior,MLD2,686.35277
TUNE42PI_FES27,1495,6,interior,MLD2,20.46141
TUNE42PI_FES27,1495,7,interior,MLD2,15.34169
TUNE42PI_FES27,1495,8,interior,MLD2,16.49981
TUNE42PI_FES27,1495,9,interior,MLD2,23.54659
TUNE42PI_FES27,1495,10,interior,MLD2,43.65017
TUNE42PI_FES27,1495,11,interior,MLD2,75.20020
TUNE42PI_FES27,1495,12,interior,MLD2,985.96627
TUNE42PI_FES27,1496,1,labsea,a_ice,0.26987
TUNE42PI_FES27,1496,2,labsea,a_ice,0.28825
TUNE42PI_FES27,1496,3,labsea,a_ice,0.32972
TUNE42PI_FES27,1496,4,labsea,a_ice,0.33771
TUNE42PI_FES27,1496,5,labsea,a_ice,0.25159
TUNE42PI_FES27,1496,6,labsea,a_ice,0.12382
TUNE42PI_FES27,1496,7,labsea,a_ice,0.01978
TUNE42PI_FES27,1496,8,labsea,a_ice,0.00000
TUNE42PI_FES27,1496,9,labsea,a_ice,0.00000
TUNE42PI_FES27,1496,10,labsea,a_ice,0.00000
TUNE42PI_FES27,1496,11,labsea,a_ice,0.02274
TUNE42PI_FES27,1496,12,labsea,a_ice,0.20675
TUNE42PI_FES27,1496,1,interior,a_ice,0.08336
TUNE42PI_FES27,1496,2,interior,a_ice,0.07854
TUNE42PI_FES27,1496,3,interior,a_ice,0.13082
TUNE42PI_FES27,1496,4,interior,a_ice,0.11572
TUNE42PI_FES27,1496,5,interior,a_ice,0.04385
TUNE42PI_FES27,1496,6,interior,a_ice,0.00738
TUNE42PI_FES27,1496,7,interior,a_ice,0.00000
TUNE42PI_FES27,1496,8,interior,a_ice,0.00000
TUNE42PI_FES27,1496,9,interior,a_ice,0.00000
TUNE42PI_FES27,1496,10,interior,a_ice,0.00000
TUNE42PI_FES27,1496,11,interior,a_ice,0.00236
TUNE42PI_FES27,1496,12,interior,a_ice,0.04307
TUNE42PI_FES27,1496,1,labsea,MLD2,1274.84194
TUNE42PI_FES27,1496,2,labsea,MLD2,1487.63434
TUNE42PI_FES27,1496,3,labsea,MLD2,1347.62998
TUNE42PI_FES27,1496,4,labsea,MLD2,1208.26702
TUNE42PI_FES27,1496,5,labsea,MLD2,524.36644
TUNE42PI_FES27,1496,6,labsea,MLD2,22.27945
TUNE42PI_FES27,1496,7,labsea,MLD2,11.64753
TUNE42PI_FES27,1496,8,labsea,MLD2,15.35942
TUNE42PI_FES27,1496,9,labsea,MLD2,23.28365
TUNE42PI_FES27,1496,10,labsea,MLD2,32.43415
TUNE42PI_FES27,1496,11,labsea,MLD2,68.03895
TUNE42PI_FES27,1496,12,labsea,MLD2,790.97384
TUNE42PI_FES27,1496,1,interior,MLD2,2138.78309
TUNE42PI_FES27,1496,2,interior,MLD2,2294.10549
TUNE42PI_FES27,1496,3,interior,MLD2,1938.14410
TUNE42PI_FES27,1496,4,interior,MLD2,1801.27384
TUNE42PI_FES27,1496,5,interior,MLD2,851.91581
TUNE42PI_FES27,1496,6,interior,MLD2,37.68639
TUNE42PI_FES27,1496,7,interior,MLD2,13.35933
TUNE42PI_FES27,1496,8,interior,MLD2,18.10978
TUNE42PI_FES27,1496,9,interior,MLD2,25.45761
TUNE42PI_FES27,1496,10,interior,MLD2,36.95380
TUNE42PI_FES27,1496,11,interior,MLD2,108.73144
TUNE42PI_FES27,1496,12,interior,MLD2,1554.69143
TUNE42PI_FES27,1497,1,labsea,a_ice,0.30872
TUNE42PI_FES27,1497,2,labsea,a_ice,0.40851
TUNE42PI_FES27,1497,3,labsea,a_ice,0.44035
TUNE42PI_FES27,1497,4,labsea,a_ice,0.50322
TUNE42PI_FES27,1497,5,labsea,a_ice,0.41045
TUNE42PI_FES27,1497,6,labsea,a_ice,0.20912
TUNE42PI_FES27,1497,7,labsea,a_ice,0.05582
TUNE42PI_FES27,1497,8,labsea,a_ice,0.01519
TUNE42PI_FES27,1497,9,labsea,a_ice,0.00458
TUNE42PI_FES27,1497,10,labsea,a_ice,0.01062
TUNE42PI_FES27,1497,11,labsea,a_ice,0.04437
TUNE42PI_FES27,1497,12,labsea,a_ice,0.12315
TUNE42PI_FES27,1497,1,interior,a_ice,0.10392
TUNE42PI_FES27,1497,2,interior,a_ice,0.18802
TUNE42PI_FES27,1497,3,interior,a_ice,0.37433
TUNE42PI_FES27,1497,4,interior,a_ice,0.50520
TUNE42PI_FES27,1497,5,interior,a_ice,0.34109
TUNE42PI_FES27,1497,6,interior,a_ice,0.07901
TUNE42PI_FES27,1497,7,interior,a_ice,0.00616
TUNE42PI_FES27,1497,8,interior,a_ice,0.00000
TUNE42PI_FES27,1497,9,interior,a_ice,0.00000
TUNE42PI_FES27,1497,10,interior,a_ice,0.00000
TUNE42PI_FES27,1497,11,interior,a_ice,0.00004
TUNE42PI_FES27,1497,12,interior,a_ice,0.00908
TUNE42PI_FES27,1497,1,labsea,MLD2,1211.97501
TUNE42PI_FES27,1497,2,labsea,MLD2,1276.83534
TUNE42PI_FES27,1497,3,labsea,MLD2,1136.10921
TUNE42PI_FES27,1497,4,labsea,MLD2,841.18145
TUNE42PI_FES27,1497,5,labsea,MLD2,474.19634
TUNE42PI_FES27,1497,6,labsea,MLD2,50.47547
TUNE42PI_FES27,1497,7,labsea,MLD2,13.11474
TUNE42PI_FES27,1497,8,labsea,MLD2,14.76951
TUNE42PI_FES27,1497,9,labsea,MLD2,22.21497
TUNE42PI_FES27,1497,10,labsea,MLD2,30.64934
TUNE42PI_FES27,1497,11,labsea,MLD2,77.45795
TUNE42PI_FES27,1497,12,labsea,MLD2,369.45609
TUNE42PI_FES27,1497,1,interior,MLD2,1896.47429
TUNE42PI_FES27,1497,2,interior,MLD2,1872.21104
TUNE42PI_FES27,1497,3,interior,MLD2,1445.42779
TUNE42PI_FES27,1497,4,interior,MLD2,892.06635
TUNE42PI_FES27,1497,5,interior,MLD2,592.06136
TUNE42PI_FES27,1497,6,interior,MLD2,89.59112
TUNE42PI_FES27,1497,7,interior,MLD2,15.60833
TUNE42PI_FES27,1497,8,interior,MLD2,17.01435
TUNE42PI_FES27,1497,9,interior,MLD2,24.84632
TUNE42PI_FES27,1497,10,interior,MLD2,33.79535
TUNE42PI_FES27,1497,11,interior,MLD2,133.57935
TUNE42PI_FES27,1497,12,interior,MLD2,915.54190
TUNE42PI_FES27,1498,1,labsea,a_ice,0.22541
TUNE42PI_FES27,1498,2,labsea,a_ice,0.28970
TUNE42PI_FES27,1498,3,labsea,a_ice,0.25872
TUNE42PI_FES27,1498,4,labsea,a_ice,0.24947
TUNE42PI_FES27,1498,5,labsea,a_ice,0.20397
TUNE42PI_FES27,1498,6,labsea,a_ice,0.11051
TUNE42PI_FES27,1498,7,labsea,a_ice,0.01981
TUNE42PI_FES27,1498,8,labsea,a_ice,0.00041
TUNE42PI_FES27,1498,9,labsea,a_ice,0.00000
TUNE42PI_FES27,1498,10,labsea,a_ice,0.00115
TUNE42PI_FES27,1498,11,labsea,a_ice,0.04184
TUNE42PI_FES27,1498,12,labsea,a_ice,0.12308
TUNE42PI_FES27,1498,1,interior,a_ice,0.05329
TUNE42PI_FES27,1498,2,interior,a_ice,0.09113
TUNE42PI_FES27,1498,3,interior,a_ice,0.07253
TUNE42PI_FES27,1498,4,interior,a_ice,0.06412
TUNE42PI_FES27,1498,5,interior,a_ice,0.03672
TUNE42PI_FES27,1498,6,interior,a_ice,0.01769
TUNE42PI_FES27,1498,7,interior,a_ice,0.00064
TUNE42PI_FES27,1498,8,interior,a_ice,0.00000
TUNE42PI_FES27,1498,9,interior,a_ice,0.00000
TUNE42PI_FES27,1498,10,interior,a_ice,0.00000
TUNE42PI_FES27,1498,11,interior,a_ice,0.00134
TUNE42PI_FES27,1498,12,interior,a_ice,0.01353
TUNE42PI_FES27,1498,1,labsea,MLD2,1063.52908
TUNE42PI_FES27,1498,2,labsea,MLD2,1250.24932
TUNE42PI_FES27,1498,3,labsea,MLD2,1224.76673
TUNE42PI_FES27,1498,4,labsea,MLD2,1158.59162
TUNE42PI_FES27,1498,5,labsea,MLD2,408.13404
TUNE42PI_FES27,1498,6,labsea,MLD2,19.67544
TUNE42PI_FES27,1498,7,labsea,MLD2,16.02991
TUNE42PI_FES27,1498,8,labsea,MLD2,16.26651
TUNE42PI_FES27,1498,9,labsea,MLD2,22.38788
TUNE42PI_FES27,1498,10,labsea,MLD2,42.41493
TUNE42PI_FES27,1498,11,labsea,MLD2,124.18064
TUNE42PI_FES27,1498,12,labsea,MLD2,644.43026
TUNE42PI_FES27,1498,1,interior,MLD2,1945.43262
TUNE42PI_FES27,1498,2,interior,MLD2,2068.97562
TUNE42PI_FES27,1498,3,interior,MLD2,1999.67654
TUNE42PI_FES27,1498,4,interior,MLD2,1863.88644
TUNE42PI_FES27,1498,5,interior,MLD2,893.65304
TUNE42PI_FES27,1498,6,interior,MLD2,27.59691
TUNE42PI_FES27,1498,7,interior,MLD2,19.28781
TUNE42PI_FES27,1498,8,interior,MLD2,18.56037
TUNE42PI_FES27,1498,9,interior,MLD2,25.38750
TUNE42PI_FES27,1498,10,interior,MLD2,56.03106
TUNE42PI_FES27,1498,11,interior,MLD2,234.27672
TUNE42PI_FES27,1498,12,interior,MLD2,1315.13694
TUNE42PI_FES27,1499,1,labsea,a_ice,0.19979
TUNE42PI_FES27,1499,2,labsea,a_ice,0.22137
TUNE42PI_FES27,1499,3,labsea,a_ice,0.22808
TUNE42PI_FES27,1499,4,labsea,a_ice,0.19984
TUNE42PI_FES27,1499,5,labsea,a_ice,0.17711
TUNE42PI_FES27,1499,6,labsea,a_ice,0.11882
TUNE42PI_FES27,1499,7,labsea,a_ice,0.03936
TUNE42PI_FES27,1499,8,labsea,a_ice,0.00339
TUNE42PI_FES27,1499,9,labsea,a_ice,0.00000
TUNE42PI_FES27,1499,10,labsea,a_ice,0.00008
TUNE42PI_FES27,1499,11,labsea,a_ice,0.04041
TUNE42PI_FES27,1499,12,labsea,a_ice,0.20189
TUNE42PI_FES27,1499,1,interior,a_ice,0.04049
TUNE42PI_FES27,1499,2,interior,a_ice,0.04168
TUNE42PI_FES27,1499,3,interior,a_ice,0.06062
TUNE42PI_FES27,1499,4,interior,a_ice,0.03821
TUNE42PI_FES27,1499,5,interior,a_ice,0.02951
TUNE42PI_FES27,1499,6,interior,a_ice,0.00905
TUNE42PI_FES27,1499,7,interior,a_ice,0.00032
TUNE42PI_FES27,1499,8,interior,a_ice,0.00000
TUNE42PI_FES27,1499,9,interior,a_ice,0.00000
TUNE42PI_FES27,1499,10,interior,a_ice,0.00000
TUNE42PI_FES27,1499,11,interior,a_ice,0.00115
TUNE42PI_FES27,1499,12,interior,a_ice,0.05724
TUNE42PI_FES27,1499,1,labsea,MLD2,1183.00211
TUNE42PI_FES27,1499,2,labsea,MLD2,1503.85535
TUNE42PI_FES27,1499,3,labsea,MLD2,1502.64485
TUNE42PI_FES27,1499,4,labsea,MLD2,1319.19664
TUNE42PI_FES27,1499,5,labsea,MLD2,707.79074
TUNE42PI_FES27,1499,6,labsea,MLD2,24.65312
TUNE42PI_FES27,1499,7,labsea,MLD2,15.94944
TUNE42PI_FES27,1499,8,labsea,MLD2,15.99200
TUNE42PI_FES27,1499,9,labsea,MLD2,22.89526
TUNE42PI_FES27,1499,10,labsea,MLD2,29.56998
TUNE42PI_FES27,1499,11,labsea,MLD2,69.28009
TUNE42PI_FES27,1499,12,labsea,MLD2,742.64301
TUNE42PI_FES27,1499,1,interior,MLD2,1864.19861
TUNE42PI_FES27,1499,2,interior,MLD2,2228.20841
TUNE42PI_FES27,1499,3,interior,MLD2,2177.81852
TUNE42PI_FES27,1499,4,interior,MLD2,1946.37179
TUNE42PI_FES27,1499,5,interior,MLD2,1183.78991
TUNE42PI_FES27,1499,6,interior,MLD2,34.84566
TUNE42PI_FES27,1499,7,interior,MLD2,19.30900
TUNE42PI_FES27,1499,8,interior,MLD2,18.13425
TUNE42PI_FES27,1499,9,interior,MLD2,25.61976
TUNE42PI_FES27,1499,10,interior,MLD2,36.30255
TUNE42PI_FES27,1499,11,interior,MLD2,109.91312
TUNE42PI_FES27,1499,12,interior,MLD2,1331.03136
TUNE42PI_FES27,1500,1,labsea,a_ice,0.26535
TUNE42PI_FES27,1500,2,labsea,a_ice,0.25030
TUNE42PI_FES27,1500,3,labsea,a_ice,0.29249
TUNE42PI_FES27,1500,4,labsea,a_ice,0.24427
TUNE42PI_FES27,1500,5,labsea,a_ice,0.14025
TUNE42PI_FES27,1500,6,labsea,a_ice,0.04099
TUNE42PI_FES27,1500,7,labsea,a_ice,0.00197
TUNE42PI_FES27,1500,8,labsea,a_ice,0.00005
TUNE42PI_FES27,1500,9,labsea,a_ice,0.00000
TUNE42PI_FES27,1500,10,labsea,a_ice,0.00001
TUNE42PI_FES27,1500,11,labsea,a_ice,0.01986
TUNE42PI_FES27,1500,12,labsea,a_ice,0.15085
TUNE42PI_FES27,1500,1,interior,a_ice,0.08815
TUNE42PI_FES27,1500,2,interior,a_ice,0.06452
TUNE42PI_FES27,1500,3,interior,a_ice,0.12193
TUNE42PI_FES27,1500,4,interior,a_ice,0.07086
TUNE42PI_FES27,1500,5,interior,a_ice,0.01578
TUNE42PI_FES27,1500,6,interior,a_ice,0.00037
TUNE42PI_FES27,1500,7,interior,a_ice,0.00000
TUNE42PI_FES27,1500,8,interior,a_ice,0.00000
TUNE42PI_FES27,1500,9,interior,a_ice,0.00000
TUNE42PI_FES27,1500,10,interior,a_ice,0.00000
TUNE42PI_FES27,1500,11,interior,a_ice,0.00033
TUNE42PI_FES27,1500,12,interior,a_ice,0.02363
TUNE42PI_FES27,1500,1,labsea,MLD2,1211.86546
TUNE42PI_FES27,1500,2,labsea,MLD2,1417.04473
TUNE42PI_FES27,1500,3,labsea,MLD2,1332.68117
TUNE42PI_FES27,1500,4,labsea,MLD2,997.28937
TUNE42PI_FES27,1500,5,labsea,MLD2,180.52682
TUNE42PI_FES27,1500,6,labsea,MLD2,22.34502
TUNE42PI_FES27,1500,7,labsea,MLD2,15.89100
TUNE42PI_FES27,1500,8,labsea,MLD2,16.89394
TUNE42PI_FES27,1500,9,labsea,MLD2,18.73544
TUNE42PI_FES27,1500,10,labsea,MLD2,36.26300
TUNE42PI_FES27,1500,11,labsea,MLD2,122.24741
TUNE42PI_FES27,1500,12,labsea,MLD2,883.31738
TUNE42PI_FES27,1500,1,interior,MLD2,1881.84630
TUNE42PI_FES27,1500,2,interior,MLD2,2144.13270
TUNE42PI_FES27,1500,3,interior,MLD2,2041.62552
TUNE42PI_FES27,1500,4,interior,MLD2,1633.49629
TUNE42PI_FES27,1500,5,interior,MLD2,188.87655
TUNE42PI_FES27,1500,6,interior,MLD2,26.51828
TUNE42PI_FES27,1500,7,interior,MLD2,18.27997
TUNE42PI_FES27,1500,8,interior,MLD2,20.33087
TUNE42PI_FES27,1500,9,interior,MLD2,21.12373
TUNE42PI_FES27,1500,10,interior,MLD2,43.86392
TUNE42PI_FES27,1500,11,interior,MLD2,247.21979
TUNE42PI_FES27,1500,12,interior,MLD2,1623.53147
TUNE42PI_FES27,1501,1,labsea,a_ice,0.20775
TUNE42PI_FES27,1501,2,labsea,a_ice,0.22096
TUNE42PI_FES27,1501,3,labsea,a_ice,0.23544
TUNE42PI_FES27,1501,4,labsea,a_ice,0.20982
TUNE42PI_FES27,1501,5,labsea,a_ice,0.16607
TUNE42PI_FES27,1501,6,labsea,a_ice,0.05782
TUNE42PI_FES27,1501,7,labsea,a_ice,0.00675
TUNE42PI_FES27,1501,8,labsea,a_ice,0.00024
TUNE42PI_FES27,1501,9,labsea,a_ice,0.00000
TUNE42PI_FES27,1501,10,labsea,a_ice,0.00000
TUNE42PI_FES27,1501,11,labsea,a_ice,0.01609
TUNE42PI_FES27,1501,12,labsea,a_ice,0.12408
TUNE42PI_FES27,1501,1,interior,a_ice,0.03909
TUNE42PI_FES27,1501,2,interior,a_ice,0.04474
TUNE42PI_FES27,1501,3,interior,a_ice,0.05591
TUNE42PI_FES27,1501,4,interior,a_ice,0.03618
TUNE42PI_FES27,1501,5,interior,a_ice,0.05726
TUNE42PI_FES27,1501,6,interior,a_ice,0.01095
TUNE42PI_FES27,1501,7,interior,a_ice,0.00000
TUNE42PI_FES27,1501,8,interior,a_ice,0.00000
TUNE42PI_FES27,1501,9,interior,a_ice,0.00000
TUNE42PI_FES27,1501,10,interior,a_ice,0.00000
TUNE42PI_FES27,1501,11,interior,a_ice,0.00002
TUNE42PI_FES27,1501,12,interior,a_ice,0.00856
TUNE42PI_FES27,1501,1,labsea,MLD2,1234.19179
TUNE42PI_FES27,1501,2,labsea,MLD2,1353.94570
TUNE42PI_FES27,1501,3,labsea,MLD2,1468.18750
TUNE42PI_FES27,1501,4,labsea,MLD2,1375.68348
TUNE42PI_FES27,1501,5,labsea,MLD2,440.26553
TUNE42PI_FES27,1501,6,labsea,MLD2,15.90720
TUNE42PI_FES27,1501,7,labsea,MLD2,15.82350
TUNE42PI_FES27,1501,8,labsea,MLD2,15.91831
TUNE42PI_FES27,1501,9,labsea,MLD2,23.00221
TUNE42PI_FES27,1501,10,labsea,MLD2,38.72027
TUNE42PI_FES27,1501,11,labsea,MLD2,79.90665
TUNE42PI_FES27,1501,12,labsea,MLD2,711.13714
TUNE42PI_FES27,1501,1,interior,MLD2,1966.51770
TUNE42PI_FES27,1501,2,interior,MLD2,2028.49112
TUNE42PI_FES27,1501,3,interior,MLD2,2178.44703
TUNE42PI_FES27,1501,4,interior,MLD2,2125.69908
TUNE42PI_FES27,1501,5,interior,MLD2,824.86698
TUNE42PI_FES27,1501,6,interior,MLD2,19.47351
TUNE42PI_FES27,1501,7,interior,MLD2,17.46591
TUNE42PI_FES27,1501,8,interior,MLD2,17.35438
TUNE42PI_FES27,1501,9,interior,MLD2,27.83071
TUNE42PI_FES27,1501,10,interior,MLD2,46.55399
TUNE42PI_FES27,1501,11,interior,MLD2,110.52698
TUNE42PI_FES27,1501,12,interior,MLD2,1037.83314
TUNE42PI_FES27,1502,1,labsea,a_ice,0.18855
TUNE42PI_FES27,1502,2,labsea,a_ice,0.26639
TUNE42PI_FES27,1502,3,labsea,a_ice,0.28738
TUNE42PI_FES27,1502,4,labsea,a_ice,0.23942
TUNE42PI_FES27,1502,5,labsea,a_ice,0.19351
TUNE42PI_FES27,1502,6,labsea,a_ice,0.09741
TUNE42PI_FES27,1502,7,labsea,a_ice,0.02574
TUNE42PI_FES27,1502,8,labsea,a_ice,0.00046
TUNE42PI_FES27,1502,9,labsea,a_ice,0.00000
TUNE42PI_FES27,1502,10,labsea,a_ice,0.00041
TUNE42PI_FES27,1502,11,labsea,a_ice,0.02789
TUNE42PI_FES27,1502,12,labsea,a_ice,0.14513
TUNE42PI_FES27,1502,1,interior,a_ice,0.03595
TUNE42PI_FES27,1502,2,interior,a_ice,0.10367
TUNE42PI_FES27,1502,3,interior,a_ice,0.11427
TUNE42PI_FES27,1502,4,interior,a_ice,0.04841
TUNE42PI_FES27,1502,5,interior,a_ice,0.04852
TUNE42PI_FES27,1502,6,interior,a_ice,0.00821
TUNE42PI_FES27,1502,7,interior,a_ice,0.00078
TUNE42PI_FES27,1502,8,interior,a_ice,0.00000
TUNE42PI_FES27,1502,9,interior,a_ice,0.00000
TUNE42PI_FES27,1502,10,interior,a_ice,0.00000
TUNE42PI_FES27,1502,11,interior,a_ice,0.00007
TUNE42PI_FES27,1502,12,interior,a_ice,0.01937
TUNE42PI_FES27,1502,1,labsea,MLD2,1350.43640
TUNE42PI_FES27,1502,2,labsea,MLD2,1453.34793
TUNE42PI_FES27,1502,3,labsea,MLD2,1321.32403
TUNE42PI_FES27,1502,4,labsea,MLD2,1167.59570
TUNE42PI_FES27,1502,5,labsea,MLD2,246.96437
TUNE42PI_FES27,1502,6,labsea,MLD2,23.97514
TUNE42PI_FES27,1502,7,labsea,MLD2,19.54693
TUNE42PI_FES27,1502,8,labsea,MLD2,14.53339
TUNE42PI_FES27,1502,9,labsea,MLD2,23.13868
TUNE42PI_FES27,1502,10,labsea,MLD2,37.69159
TUNE42PI_FES27,1502,11,labsea,MLD2,60.17855
TUNE42PI_FES27,1502,12,labsea,MLD2,262.20643
TUNE42PI_FES27,1502,1,interior,MLD2,1901.12101
TUNE42PI_FES27,1502,2,interior,MLD2,1969.59504
TUNE42PI_FES27,1502,3,interior,MLD2,1729.80034
TUNE42PI_FES27,1502,4,interior,MLD2,1494.82065
TUNE42PI_FES27,1502,5,interior,MLD2,476.42028
TUNE42PI_FES27,1502,6,interior,MLD2,33.99879
TUNE42PI_FES27,1502,7,interior,MLD2,24.06007
TUNE42PI_FES27,1502,8,interior,MLD2,17.32341
TUNE42PI_FES27,1502,9,interior,MLD2,25.07556
TUNE42PI_FES27,1502,10,interior,MLD2,42.14091
TUNE42PI_FES27,1502,11,interior,MLD2,82.27413
TUNE42PI_FES27,1502,12,interior,MLD2,481.83798
TUNE42PI_FES27,1503,1,labsea,a_ice,0.19916
TUNE42PI_FES27,1503,2,labsea,a_ice,0.25716
TUNE42PI_FES27,1503,3,labsea,a_ice,0.29980
TUNE42PI_FES27,1503,4,labsea,a_ice,0.27596
TUNE42PI_FES27,1503,5,labsea,a_ice,0.23528
TUNE42PI_FES27,1503,6,labsea,a_ice,0.11454
TUNE42PI_FES27,1503,7,labsea,a_ice,0.01994
TUNE42PI_FES27,1503,8,labsea,a_ice,0.00000
TUNE42PI_FES27,1503,9,labsea,a_ice,0.00000
TUNE42PI_FES27,1503,10,labsea,a_ice,0.00031
TUNE42PI_FES27,1503,11,labsea,a_ice,0.05747
TUNE42PI_FES27,1503,12,labsea,a_ice,0.18815
TUNE42PI_FES27,1503,1,interior,a_ice,0.02982
TUNE42PI_FES27,1503,2,interior,a_ice,0.08671
TUNE42PI_FES27,1503,3,interior,a_ice,0.10315
TUNE42PI_FES27,1503,4,interior,a_ice,0.08444
TUNE42PI_FES27,1503,5,interior,a_ice,0.05273
TUNE42PI_FES27,1503,6,interior,a_ice,0.01639
TUNE42PI_FES27,1503,7,interior,a_ice,0.00002
TUNE42PI_FES27,1503,8,interior,a_ice,0.00000
TUNE42PI_FES27,1503,9,interior,a_ice,0.00000
TUNE42PI_FES27,1503,10,interior,a_ice,0.00000
TUNE42PI_FES27,1503,11,interior,a_ice,0.00391
TUNE42PI_FES27,1503,12,interior,a_ice,0.04447
TUNE42PI_FES27,1503,1,labsea,MLD2,1111.13638
TUNE42PI_FES27,1503,2,labsea,MLD2,1452.89679
TUNE42PI_FES27,1503,3,labsea,MLD2,1371.63937
TUNE42PI_FES27,1503,4,labsea,MLD2,1172.08351
TUNE42PI_FES27,1503,5,labsea,MLD2,513.12523
TUNE42PI_FES27,1503,6,labsea,MLD2,18.46084
TUNE42PI_FES27,1503,7,labsea,MLD2,14.63220
TUNE42PI_FES27,1503,8,labsea,MLD2,15.30352
TUNE42PI_FES27,1503,9,labsea,MLD2,18.48038
TUNE42PI_FES27,1503,10,labsea,MLD2,29.23854
TUNE42PI_FES27,1503,11,labsea,MLD2,143.73220
TUNE42PI_FES27,1503,12,labsea,MLD2,920.47367
TUNE42PI_FES27,1503,1,interior,MLD2,1873.55303
TUNE42PI_FES27,1503,2,interior,MLD2,2140.27569
TUNE42PI_FES27,1503,3,interior,MLD2,1976.46493
TUNE42PI_FES27,1503,4,interior,MLD2,1633.68771
TUNE42PI_FES27,1503,5,interior,MLD2,945.94485
TUNE42PI_FES27,1503,6,interior,MLD2,22.45031
TUNE42PI_FES27,1503,7,interior,MLD2,16.09319
TUNE42PI_FES27,1503,8,interior,MLD2,16.65134
TUNE42PI_FES27,1503,9,interior,MLD2,20.82657
TUNE42PI_FES27,1503,10,interior,MLD2,34.44933
TUNE42PI_FES27,1503,11,interior,MLD2,246.40878
TUNE42PI_FES27,1503,12,interior,MLD2,1457.96545
TUNE42PI_FES27,1504,1,labsea,a_ice,0.22300
TUNE42PI_FES27,1504,2,labsea,a_ice,0.24501
TUNE42PI_FES27,1504,3,labsea,a_ice,0.29183
TUNE42PI_FES27,1504,4,labsea,a_ice,0.33949
TUNE42PI_FES27,1504,5,labsea,a_ice,0.28924
TUNE42PI_FES27,1504,6,labsea,a_ice,0.15646
TUNE42PI_FES27,1504,7,labsea,a_ice,0.02327
TUNE42PI_FES27,1504,8,labsea,a_ice,0.00002
TUNE42PI_FES27,1504,9,labsea,a_ice,0.00000
TUNE42PI_FES27,1504,10,labsea,a_ice,0.00004
TUNE42PI_FES27,1504,11,labsea,a_ice,0.05078
TUNE42PI_FES27,1504,12,labsea,a_ice,0.17612
TUNE42PI_FES27,1504,1,interior,a_ice,0.03766
TUNE42PI_FES27,1504,2,interior,a_ice,0.06350
TUNE42PI_FES27,1504,3,interior,a_ice,0.11040
TUNE42PI_FES27,1504,4,interior,a_ice,0.13151
TUNE42PI_FES27,1504,5,interior,a_ice,0.11838
TUNE42PI_FES27,1504,6,interior,a_ice,0.04171
TUNE42PI_FES27,1504,7,interior,a_ice,0.00346
TUNE42PI_FES27,1504,8,interior,a_ice,0.00000
TUNE42PI_FES27,1504,9,interior,a_ice,0.00000
TUNE42PI_FES27,1504,10,interior,a_ice,0.00000
TUNE42PI_FES27,1504,11,interior,a_ice,0.00135
TUNE42PI_FES27,1504,12,interior,a_ice,0.01710
TUNE42PI_FES27,1504,1,labsea,MLD2,1260.78143
TUNE42PI_FES27,1504,2,labsea,MLD2,1440.17092
TUNE42PI_FES27,1504,3,labsea,MLD2,1402.66135
TUNE42PI_FES27,1504,4,labsea,MLD2,1341.68727
TUNE42PI_FES27,1504,5,labsea,MLD2,989.46045
TUNE42PI_FES27,1504,6,labsea,MLD2,54.54231
TUNE42PI_FES27,1504,7,labsea,MLD2,14.08529
TUNE42PI_FES27,1504,8,labsea,MLD2,15.41351
TUNE42PI_FES27,1504,9,labsea,MLD2,18.07221
TUNE42PI_FES27,1504,10,labsea,MLD2,33.78305
TUNE42PI_FES27,1504,11,labsea,MLD2,156.75376
TUNE42PI_FES27,1504,12,labsea,MLD2,860.74211
TUNE42PI_FES27,1504,1,interior,MLD2,1842.48142
TUNE42PI_FES27,1504,2,interior,MLD2,2172.13593
TUNE42PI_FES27,1504,3,interior,MLD2,2094.06817
TUNE42PI_FES27,1504,4,interior,MLD2,1899.60976
TUNE42PI_FES27,1504,5,interior,MLD2,1286.71105
TUNE42PI_FES27,1504,6,interior,MLD2,84.44000
TUNE42PI_FES27,1504,7,interior,MLD2,16.84433
TUNE42PI_FES27,1504,8,interior,MLD2,18.92033
TUNE42PI_FES27,1504,9,interior,MLD2,20.98287
TUNE42PI_FES27,1504,10,interior,MLD2,41.51871
TUNE42PI_FES27,1504,11,interior,MLD2,365.94460
TUNE42PI_FES27,1504,12,interior,MLD2,1887.36573
TUNE42PI_FES27,1505,1,labsea,a_ice,0.26786
TUNE42PI_FES27,1505,2,labsea,a_ice,0.33959
TUNE42PI_FES27,1505,3,labsea,a_ice,0.30356
TUNE42PI_FES27,1505,4,labsea,a_ice,0.31396
TUNE42PI_FES27,1505,5,labsea,a_ice,0.28024
TUNE42PI_FES27,1505,6,labsea,a_ice,0.18610
TUNE42PI_FES27,1505,7,labsea,a_ice,0.06737
TUNE42PI_FES27,1505,8,labsea,a_ice,0.01208
TUNE42PI_FES27,1505,9,labsea,a_ice,0.00080
TUNE42PI_FES27,1505,10,labsea,a_ice,0.00279
TUNE42PI_FES27,1505,11,labsea,a_ice,0.05514
TUNE42PI_FES27,1505,12,labsea,a_ice,0.16929
TUNE42PI_FES27,1505,1,interior,a_ice,0.08936
TUNE42PI_FES27,1505,2,interior,a_ice,0.13712
TUNE42PI_FES27,1505,3,interior,a_ice,0.07450
TUNE42PI_FES27,1505,4,interior,a_ice,0.17319
TUNE42PI_FES27,1505,5,interior,a_ice,0.14306
TUNE42PI_FES27,1505,6,interior,a_ice,0.04204
TUNE42PI_FES27,1505,7,interior,a_ice,0.00753
TUNE42PI_FES27,1505,8,interior,a_ice,0.00005
TUNE42PI_FES27,1505,9,interior,a_ice,0.00000
TUNE42PI_FES27,1505,10,interior,a_ice,0.00000
TUNE42PI_FES27,1505,11,interior,a_ice,0.00268
TUNE42PI_FES27,1505,12,interior,a_ice,0.01883
TUNE42PI_FES27,1505,1,labsea,MLD2,1290.08966
TUNE42PI_FES27,1505,2,labsea,MLD2,1348.63045
TUNE42PI_FES27,1505,3,labsea,MLD2,1329.04323
TUNE42PI_FES27,1505,4,labsea,MLD2,1262.80117
TUNE42PI_FES27,1505,5,labsea,MLD2,853.88715
TUNE42PI_FES27,1505,6,labsea,MLD2,61.50810
TUNE42PI_FES27,1505,7,labsea,MLD2,15.83410
TUNE42PI_FES27,1505,8,labsea,MLD2,16.12733
TUNE42PI_FES27,1505,9,labsea,MLD2,21.33109
TUNE42PI_FES27,1505,10,labsea,MLD2,32.11023
TUNE42PI_FES27,1505,11,labsea,MLD2,84.80959
TUNE42PI_FES27,1505,12,labsea,MLD2,560.32379
TUNE42PI_FES27,1505,1,interior,MLD2,2071.08884
TUNE42PI_FES27,1505,2,interior,MLD2,1935.60479
TUNE42PI_FES27,1505,3,interior,MLD2,1943.40671
TUNE42PI_FES27,1505,4,interior,MLD2,1727.31442
TUNE42PI_FES27,1505,5,interior,MLD2,1262.74190
TUNE42PI_FES27,1505,6,interior,MLD2,117.57036
TUNE42PI_FES27,1505,7,interior,MLD2,17.61708
TUNE42PI_FES27,1505,8,interior,MLD2,18.13250
TUNE42PI_FES27,1505,9,interior,MLD2,23.95907
TUNE42PI_FES27,1505,10,interior,MLD2,35.42081
TUNE42PI_FES27,1505,11,interior,MLD2,139.32049
TUNE42PI_FES27,1505,12,interior,MLD2,1197.35024
TUNE42PI_FES27,1506,1,labsea,a_ice,0.32834
TUNE42PI_FES27,1506,2,labsea,a_ice,0.50759
TUNE42PI_FES27,1506,3,labsea,a_ice,0.56075
TUNE42PI_FES27,1506,4,labsea,a_ice,0.50823
TUNE42PI_FES27,1506,5,labsea,a_ice,0.38594
TUNE42PI_FES27,1506,6,labsea,a_ice,0.21565
TUNE42PI_FES27,1506,7,labsea,a_ice,0.04566
TUNE42PI_FES27,1506,8,labsea,a_ice,0.00047
TUNE42PI_FES27,1506,9,labsea,a_ice,0.00000
TUNE42PI_FES27,1506,10,labsea,a_ice,0.00005
TUNE42PI_FES27,1506,11,labsea,a_ice,0.03817
TUNE42PI_FES27,1506,12,labsea,a_ice,0.14428
TUNE42PI_FES27,1506,1,interior,a_ice,0.10331
TUNE42PI_FES27,1506,2,interior,a_ice,0.46877
TUNE42PI_FES27,1506,3,interior,a_ice,0.68807
TUNE42PI_FES27,1506,4,interior,a_ice,0.61989
TUNE42PI_FES27,1506,5,interior,a_ice,0.33235
TUNE42PI_FES27,1506,6,interior,a_ice,0.06410
TUNE42PI_FES27,1506,7,interior,a_ice,0.00425
TUNE42PI_FES27,1506,8,interior,a_ice,0.00000
TUNE42PI_FES27,1506,9,interior,a_ice,0.00000
TUNE42PI_FES27,1506,10,interior,a_ice,0.00000
TUNE42PI_FES27,1506,11,interior,a_ice,0.00037
TUNE42PI_FES27,1506,12,interior,a_ice,0.01067
TUNE42PI_FES27,1506,1,labsea,MLD2,985.65892
TUNE42PI_FES27,1506,2,labsea,MLD2,992.36177
TUNE42PI_FES27,1506,3,labsea,MLD2,774.47168
TUNE42PI_FES27,1506,4,labsea,MLD2,447.19703
TUNE42PI_FES27,1506,5,labsea,MLD2,192.26959
TUNE42PI_FES27,1506,6,labsea,MLD2,15.44153
TUNE42PI_FES27,1506,7,labsea,MLD2,12.64648
TUNE42PI_FES27,1506,8,labsea,MLD2,13.77005
TUNE42PI_FES27,1506,9,labsea,MLD2,18.98991
TUNE42PI_FES27,1506,10,labsea,MLD2,32.08801
TUNE42PI_FES27,1506,11,labsea,MLD2,78.31230
TUNE42PI_FES27,1506,12,labsea,MLD2,370.31361
TUNE42PI_FES27,1506,1,interior,MLD2,1900.73917
TUNE42PI_FES27,1506,2,interior,MLD2,1330.84608
TUNE42PI_FES27,1506,3,interior,MLD2,640.20277
TUNE42PI_FES27,1506,4,interior,MLD2,134.03517
TUNE42PI_FES27,1506,5,interior,MLD2,21.29240
TUNE42PI_FES27,1506,6,interior,MLD2,13.42199
TUNE42PI_FES27,1506,7,interior,MLD2,12.37692
TUNE42PI_FES27,1506,8,interior,MLD2,14.44162
TUNE42PI_FES27,1506,9,interior,MLD2,19.30036
TUNE42PI_FES27,1506,10,interior,MLD2,33.47937
TUNE42PI_FES27,1506,11,interior,MLD2,141.86785
TUNE42PI_FES27,1506,12,interior,MLD2,759.56844
TUNE42PI_FES27,1507,1,labsea,a_ice,0.21039
TUNE42PI_FES27,1507,2,labsea,a_ice,0.29966
TUNE42PI_FES27,1507,3,labsea,a_ice,0.30859
TUNE42PI_FES27,1507,4,labsea,a_ice,0.34542
TUNE42PI_FES27,1507,5,labsea,a_ice,0.30997
TUNE42PI_FES27,1507,6,labsea,a_ice,0.17451
TUNE42PI_FES27,1507,7,labsea,a_ice,0.04771
TUNE42PI_FES27,1507,8,labsea,a_ice,0.00144
TUNE42PI_FES27,1507,9,labsea,a_ice,0.00000
TUNE42PI_FES27,1507,10,labsea,a_ice,0.00148
TUNE42PI_FES27,1507,11,labsea,a_ice,0.03234
TUNE42PI_FES27,1507,12,labsea,a_ice,0.12351
TUNE42PI_FES27,1507,1,interior,a_ice,0.02710
TUNE42PI_FES27,1507,2,interior,a_ice,0.11003
TUNE42PI_FES27,1507,3,interior,a_ice,0.15482
TUNE42PI_FES27,1507,4,interior,a_ice,0.24426
TUNE42PI_FES27,1507,5,interior,a_ice,0.21380
TUNE42PI_FES27,1507,6,interior,a_ice,0.06988
TUNE42PI_FES27,1507,7,interior,a_ice,0.00502
TUNE42PI_FES27,1507,8,interior,a_ice,0.00000
TUNE42PI_FES27,1507,9,interior,a_ice,0.00000
TUNE42PI_FES27,1507,10,interior,a_ice,0.00000
TUNE42PI_FES27,1507,11,interior,a_ice,0.00000
TUNE42PI_FES27,1507,12,interior,a_ice,0.03167
TUNE42PI_FES27,1507,1,labsea,MLD2,896.41231
TUNE42PI_FES27,1507,2,labsea,MLD2,1229.67833
TUNE42PI_FES27,1507,3,labsea,MLD2,1189.85360
TUNE42PI_FES27,1507,4,labsea,MLD2,910.68343
TUNE42PI_FES27,1507,5,labsea,MLD2,358.95887
TUNE42PI_FES27,1507,6,labsea,MLD2,19.63630
TUNE42PI_FES27,1507,7,labsea,MLD2,14.81659
TUNE42PI_FES27,1507,8,labsea,MLD2,16.36466
TUNE42PI_FES27,1507,9,labsea,MLD2,22.21050
TUNE42PI_FES27,1507,10,labsea,MLD2,35.81014
TUNE42PI_FES27,1507,11,labsea,MLD2,62.72231
TUNE42PI_FES27,1507,12,labsea,MLD2,304.96668
TUNE42PI_FES27,1507,1,interior,MLD2,1754.06551
TUNE42PI_FES27,1507,2,interior,MLD2,2115.11033
TUNE42PI_FES27,1507,3,interior,MLD2,1675.03368
TUNE42PI_FES27,1507,4,interior,MLD2,1217.95662
TUNE42PI_FES27,1507,5,interior,MLD2,417.84936
TUNE42PI_FES27,1507,6,interior,MLD2,19.30549
TUNE42PI_FES27,1507,7,interior,MLD2,16.58192
TUNE42PI_FES27,1507,8,interior,MLD2,18.80551
TUNE42PI_FES27,1507,9,interior,MLD2,24.75018
TUNE42PI_FES27,1507,10,interior,MLD2,42.43377
TUNE42PI_FES27,1507,11,interior,MLD2,77.72591
TUNE42PI_FES27,1507,12,interior,MLD2,498.19855
TUNE42PI_FES27,1508,1,labsea,a_ice,0.23204
TUNE42PI_FES27,1508,2,labsea,a_ice,0.26792
TUNE42PI_FES27,1508,3,labsea,a_ice,0.28785
TUNE42PI_FES27,1508,4,labsea,a_ice,0.25800
TUNE42PI_FES27,1508,5,labsea,a_ice,0.17430
TUNE42PI_FES27,1508,6,labsea,a_ice,0.08415
TUNE42PI_FES27,1508,7,labsea,a_ice,0.02066
TUNE42PI_FES27,1508,8,labsea,a_ice,0.00005
TUNE42PI_FES27,1508,9,labsea,a_ice,0.00000
TUNE42PI_FES27,1508,10,labsea,a_ice,0.00542
TUNE42PI_FES27,1508,11,labsea,a_ice,0.05855
TUNE42PI_FES27,1508,12,labsea,a_ice,0.17654
TUNE42PI_FES27,1508,1,interior,a_ice,0.09140
TUNE42PI_FES27,1508,2,interior,a_ice,0.07761
TUNE42PI_FES27,1508,3,interior,a_ice,0.10919
TUNE42PI_FES27,1508,4,interior,a_ice,0.08057
TUNE42PI_FES27,1508,5,interior,a_ice,0.03050
TUNE42PI_FES27,1508,6,interior,a_ice,0.01011
TUNE42PI_FES27,1508,7,interior,a_ice,0.00000
TUNE42PI_FES27,1508,8,interior,a_ice,0.00000
TUNE42PI_FES27,1508,9,interior,a_ice,0.00000
TUNE42PI_FES27,1508,10,interior,a_ice,0.00000
TUNE42PI_FES27,1508,11,interior,a_ice,0.00021
TUNE42PI_FES27,1508,12,interior,a_ice,0.04265
TUNE42PI_FES27,1508,1,labsea,MLD2,884.18135
TUNE42PI_FES27,1508,2,labsea,MLD2,1182.61390
TUNE42PI_FES27,1508,3,labsea,MLD2,1348.20851
TUNE42PI_FES27,1508,4,labsea,MLD2,1201.97992
TUNE42PI_FES27,1508,5,labsea,MLD2,436.80753
TUNE42PI_FES27,1508,6,labsea,MLD2,20.27067
TUNE42PI_FES27,1508,7,labsea,MLD2,15.09428
TUNE42PI_FES27,1508,8,labsea,MLD2,14.44576
TUNE42PI_FES27,1508,9,labsea,MLD2,21.40782
TUNE42PI_FES27,1508,10,labsea,MLD2,33.05180
TUNE42PI_FES27,1508,11,labsea,MLD2,71.12014
TUNE42PI_FES27,1508,12,labsea,MLD2,477.06097
TUNE42PI_FES27,1508,1,interior,MLD2,1865.49148
TUNE42PI_FES27,1508,2,interior,MLD2,2210.86843
TUNE42PI_FES27,1508,3,interior,MLD2,2199.51954
TUNE42PI_FES27,1508,4,interior,MLD2,2066.59657
TUNE42PI_FES27,1508,5,interior,MLD2,932.78008
TUNE42PI_FES27,1508,6,interior,MLD2,24.29618
TUNE42PI_FES27,1508,7,interior,MLD2,18.02752
TUNE42PI_FES27,1508,8,interior,MLD2,16.12905
TUNE42PI_FES27,1508,9,interior,MLD2,22.71481
TUNE42PI_FES27,1508,10,interior,MLD2,36.74578
TUNE42PI_FES27,1508,11,interior,MLD2,94.40259
TUNE42PI_FES27,1508,12,interior,MLD2,750.04169
TUNE42PI_FES27,1509,1,labsea,a_ice,0.23664
TUNE42PI_FES27,1509,2,labsea,a_ice,0.28564
TUNE42PI_FES27,1509,3,labsea,a_ice,0.33761
TUNE42PI_FES27,1509,4,labsea,a_ice,0.36321
TUNE42PI_FES27,1509,5,labsea,a_ice,0.28160
TUNE42PI_FES27,1509,6,labsea,a_ice,0.15574
TUNE42PI_FES27,1509,7,labsea,a_ice,0.03944
TUNE42PI_FES27,1509,8,labsea,a_ice,0.00347
TUNE42PI_FES27,1509,9,labsea,a_ice,0.00000
TUNE42PI_FES27,1509,10,labsea,a_ice,0.00012
TUNE42PI_FES27,1509,11,labsea,a_ice,0.02236
TUNE42PI_FES27,1509,12,labsea,a_ice,0.09935
TUNE42PI_FES27,1509,1,interior,a_ice,0.06276
TUNE42PI_FES27,1509,2,interior,a_ice,0.11507
TUNE42PI_FES27,1509,3,interior,a_ice,0.19943
TUNE42PI_FES27,1509,4,interior,a_ice,0.17436
TUNE42PI_FES27,1509,5,interior,a_ice,0.10770
TUNE42PI_FES27,1509,6,interior,a_ice,0.03921
TUNE42PI_FES27,1509,7,interior,a_ice,0.00307
TUNE42PI_FES27,1509,8,interior,a_ice,0.00000
TUNE42PI_FES27,1509,9,interior,a_ice,0.00000
TUNE42PI_FES27,1509,10,interior,a_ice,0.00000
TUNE42PI_FES27,1509,11,interior,a_ice,0.00001
TUNE42PI_FES27,1509,12,interior,a_ice,0.00626
TUNE42PI_FES27,1509,1,labsea,MLD2,1149.63904
TUNE42PI_FES27,1509,2,labsea,MLD2,1350.53932
TUNE42PI_FES27,1509,3,labsea,MLD2,1213.29848
TUNE42PI_FES27,1509,4,labsea,MLD2,1049.76391
TUNE42PI_FES27,1509,5,labsea,MLD2,391.46735
TUNE42PI_FES27,1509,6,labsea,MLD2,18.27533
TUNE42PI_FES27,1509,7,labsea,MLD2,13.79182
TUNE42PI_FES27,1509,8,labsea,MLD2,14.85359
TUNE42PI_FES27,1509,9,labsea,MLD2,19.24488
TUNE42PI_FES27,1509,10,labsea,MLD2,31.97979
TUNE42PI_FES27,1509,11,labsea,MLD2,76.45069
TUNE42PI_FES27,1509,12,labsea,MLD2,436.85573
TUNE42PI_FES27,1509,1,interior,MLD2,1776.11253
TUNE42PI_FES27,1509,2,interior,MLD2,1842.74662
TUNE42PI_FES27,1509,3,interior,MLD2,1659.74943
TUNE42PI_FES27,1509,4,interior,MLD2,1444.36198
TUNE42PI_FES27,1509,5,interior,MLD2,617.96519
TUNE42PI_FES27,1509,6,interior,MLD2,21.25840
TUNE42PI_FES27,1509,7,interior,MLD2,15.53074
TUNE42PI_FES27,1509,8,interior,MLD2,17.32570
TUNE42PI_FES27,1509,9,interior,MLD2,19.33262
TUNE42PI_FES27,1509,10,interior,MLD2,35.12619
TUNE42PI_FES27,1509,11,interior,MLD2,119.93337
TUNE42PI_FES27,1509,12,interior,MLD2,883.25857
TUNE42PI_FES27,1510,1,labsea,a_ice,0.23001
TUNE42PI_FES27,1510,2,labsea,a_ice,0.27303
TUNE42PI_FES27,1510,3,labsea,a_ice,0.29966
TUNE42PI_FES27,1510,4,labsea,a_ice,0.36714
TUNE42PI_FES27,1510,5,labsea,a_ice,0.25899
TUNE42PI_FES27,1510,6,labsea,a_ice,0.06416
TUNE42PI_FES27,1510,7,labsea,a_ice,0.00508
TUNE42PI_FES27,1510,8,labsea,a_ice,0.00000
TUNE42PI_FES27,1510,9,labsea,a_ice,0.00000
TUNE42PI_FES27,1510,10,labsea,a_ice,0.00000
TUNE42PI_FES27,1510,11,labsea,a_ice,0.00800
TUNE42PI_FES27,1510,12,labsea,a_ice,0.13324
TUNE42PI_FES27,1510,1,interior,a_ice,0.06472
TUNE42PI_FES27,1510,2,interior,a_ice,0.09674
TUNE42PI_FES27,1510,3,interior,a_ice,0.11123
TUNE42PI_FES27,1510,4,interior,a_ice,0.21177
TUNE42PI_FES27,1510,5,interior,a_ice,0.11278
TUNE42PI_FES27,1510,6,interior,a_ice,0.01303
TUNE42PI_FES27,1510,7,interior,a_ice,0.00000
TUNE42PI_FES27,1510,8,interior,a_ice,0.00000
TUNE42PI_FES27,1510,9,interior,a_ice,0.00000
TUNE42PI_FES27,1510,10,interior,a_ice,0.00000
TUNE42PI_FES27,1510,11,interior,a_ice,0.00005
TUNE42PI_FES27,1510,12,interior,a_ice,0.01117
TUNE42PI_FES27,1510,1,labsea,MLD2,1209.40548
TUNE42PI_FES27,1510,2,labsea,MLD2,1471.50176
TUNE42PI_FES27,1510,3,labsea,MLD2,1360.18018
TUNE42PI_FES27,1510,4,labsea,MLD2,1073.19517
TUNE42PI_FES27,1510,5,labsea,MLD2,323.50123
TUNE42PI_FES27,1510,6,labsea,MLD2,15.64001
TUNE42PI_FES27,1510,7,labsea,MLD2,13.01963
TUNE42PI_FES27,1510,8,labsea,MLD2,13.92620
TUNE42PI_FES27,1510,9,labsea,MLD2,21.86236
TUNE42PI_FES27,1510,10,labsea,MLD2,28.59107
TUNE42PI_FES27,1510,11,labsea,MLD2,52.18438
TUNE42PI_FES27,1510,12,labsea,MLD2,240.12765
TUNE42PI_FES27,1510,1,interior,MLD2,2096.62229
TUNE42PI_FES27,1510,2,interior,MLD2,2176.03364
TUNE42PI_FES27,1510,3,interior,MLD2,1960.72795
TUNE42PI_FES27,1510,4,interior,MLD2,1359.63127
TUNE42PI_FES27,1510,5,interior,MLD2,374.74548
TUNE42PI_FES27,1510,6,interior,MLD2,17.55978
TUNE42PI_FES27,1510,7,interior,MLD2,15.15337
TUNE42PI_FES27,1510,8,interior,MLD2,15.48972
TUNE42PI_FES27,1510,9,interior,MLD2,27.20808
TUNE42PI_FES27,1510,10,interior,MLD2,35.37297
TUNE42PI_FES27,1510,11,interior,MLD2,67.58079
TUNE42PI_FES27,1510,12,interior,MLD2,419.52324
TUNE42PI_FES27,1511,1,labsea,a_ice,0.19690
TUNE42PI_FES27,1511,2,labsea,a_ice,0.26174
TUNE42PI_FES27,1511,3,labsea,a_ice,0.27009
TUNE42PI_FES27,1511,4,labsea,a_ice,0.30565
TUNE42PI_FES27,1511,5,labsea,a_ice,0.26104
TUNE42PI_FES27,1511,6,labsea,a_ice,0.09644
TUNE42PI_FES27,1511,7,labsea,a_ice,0.02321
TUNE42PI_FES27,1511,8,labsea,a_ice,0.00031
TUNE42PI_FES27,1511,9,labsea,a_ice,0.00000
TUNE42PI_FES27,1511,10,labsea,a_ice,0.00000
TUNE42PI_FES27,1511,11,labsea,a_ice,0.00237
TUNE42PI_FES27,1511,12,labsea,a_ice,0.11755
TUNE42PI_FES27,1511,1,interior,a_ice,0.04014
TUNE42PI_FES27,1511,2,interior,a_ice,0.08376
TUNE42PI_FES27,1511,3,interior,a_ice,0.06986
TUNE42PI_FES27,1511,4,interior,a_ice,0.10049
TUNE42PI_FES27,1511,5,interior,a_ice,0.09787
TUNE42PI_FES27,1511,6,interior,a_ice,0.01590
TUNE42PI_FES27,1511,7,interior,a_ice,0.00000
TUNE42PI_FES27,1511,8,interior,a_ice,0.00000
TUNE42PI_FES27,1511,9,interior,a_ice,0.00000
TUNE42PI_FES27,1511,10,interior,a_ice,0.00000
TUNE42PI_FES27,1511,11,interior,a_ice,0.00000
TUNE42PI_FES27,1511,12,interior,a_ice,0.01917
TUNE42PI_FES27,1511,1,labsea,MLD2,894.46019
TUNE42PI_FES27,1511,2,labsea,MLD2,1449.26767
TUNE42PI_FES27,1511,3,labsea,MLD2,1414.90813
TUNE42PI_FES27,1511,4,labsea,MLD2,1226.61148
TUNE42PI_FES27,1511,5,labsea,MLD2,654.98357
TUNE42PI_FES27,1511,6,labsea,MLD2,14.83531
TUNE42PI_FES27,1511,7,labsea,MLD2,13.47047
TUNE42PI_FES27,1511,8,labsea,MLD2,15.36915
TUNE42PI_FES27,1511,9,labsea,MLD2,21.38564
TUNE42PI_FES27,1511,10,labsea,MLD2,33.96321
TUNE42PI_FES27,1511,11,labsea,MLD2,69.38031
TUNE42PI_FES27,1511,12,labsea,MLD2,539.12696
TUNE42PI_FES27,1511,1,interior,MLD2,1715.06350
TUNE42PI_FES27,1511,2,interior,MLD2,2317.47678
TUNE42PI_FES27,1511,3,interior,MLD2,2187.20982
TUNE42PI_FES27,1511,4,interior,MLD2,1833.60283
TUNE42PI_FES27,1511,5,interior,MLD2,883.53483
TUNE42PI_FES27,1511,6,interior,MLD2,16.83046
TUNE42PI_FES27,1511,7,interior,MLD2,15.25468
TUNE42PI_FES27,1511,8,interior,MLD2,16.77428
TUNE42PI_FES27,1511,9,interior,MLD2,21.78359
TUNE42PI_FES27,1511,10,interior,MLD2,39.25890
TUNE42PI_FES27,1511,11,interior,MLD2,101.62669
TUNE42PI_FES27,1511,12,interior,MLD2,1093.20770
TUNE42PI_FES27,1512,1,labsea,a_ice,0.26817
TUNE42PI_FES27,1512,2,labsea,a_ice,0.28812
TUNE42PI_FES27,1512,3,labsea,a_ice,0.28477
TUNE42PI_FES27,1512,4,labsea,a_ice,0.31066
TUNE42PI_FES27,1512,5,labsea,a_ice,0.23963
TUNE42PI_FES27,1512,6,labsea,a_ice,0.13735
TUNE42PI_FES27,1512,7,labsea,a_ice,0.03853
TUNE42PI_FES27,1512,8,labsea,a_ice,0.00217
TUNE42PI_FES27,1512,9,labsea,a_ice,0.00000
TUNE42PI_FES27,1512,10,labsea,a_ice,0.00577
TUNE42PI_FES27,1512,11,labsea,a_ice,0.10827
TUNE42PI_FES27,1512,12,labsea,a_ice,0.21703
TUNE42PI_FES27,1512,1,interior,a_ice,0.10139
TUNE42PI_FES27,1512,2,interior,a_ice,0.14004
TUNE42PI_FES27,1512,3,interior,a_ice,0.12097
TUNE42PI_FES27,1512,4,interior,a_ice,0.20896
TUNE42PI_FES27,1512,5,interior,a_ice,0.10276
TUNE42PI_FES27,1512,6,interior,a_ice,0.04593
TUNE42PI_FES27,1512,7,interior,a_ice,0.00381
TUNE42PI_FES27,1512,8,interior,a_ice,0.00000
TUNE42PI_FES27,1512,9,interior,a_ice,0.00000
TUNE42PI_FES27,1512,10,interior,a_ice,0.00000
TUNE42PI_FES27,1512,11,interior,a_ice,0.01557
TUNE42PI_FES27,1512,12,interior,a_ice,0.05505
TUNE42PI_FES27,1512,1,labsea,MLD2,1219.87637
TUNE42PI_FES27,1512,2,labsea,MLD2,1361.07984
TUNE42PI_FES27,1512,3,labsea,MLD2,1329.62699
TUNE42PI_FES27,1512,4,labsea,MLD2,1019.45320
TUNE42PI_FES27,1512,5,labsea,MLD2,749.90014
TUNE42PI_FES27,1512,6,labsea,MLD2,18.20958
TUNE42PI_FES27,1512,7,labsea,MLD2,16.91936
TUNE42PI_FES27,1512,8,labsea,MLD2,15.97948
TUNE42PI_FES27,1512,9,labsea,MLD2,24.45044
TUNE42PI_FES27,1512,10,labsea,MLD2,39.70114
TUNE42PI_FES27,1512,11,labsea,MLD2,459.01523
TUNE42PI_FES27,1512,12,labsea,MLD2,1029.23212
TUNE42PI_FES27,1512,1,interior,MLD2,2121.86516
TUNE42PI_FES27,1512,2,interior,MLD2,1858.22940
TUNE42PI_FES27,1512,3,interior,MLD2,1898.19205
TUNE42PI_FES27,1512,4,interior,MLD2,1173.25078
TUNE42PI_FES27,1512,5,interior,MLD2,815.64450
TUNE42PI_FES27,1512,6,interior,MLD2,21.17230
TUNE42PI_FES27,1512,7,interior,MLD2,18.93522
TUNE42PI_FES27,1512,8,interior,MLD2,18.31190
TUNE42PI_FES27,1512,9,interior,MLD2,26.97681
TUNE42PI_FES27,1512,10,interior,MLD2,50.84213
TUNE42PI_FES27,1512,11,interior,MLD2,1094.63606
TUNE42PI_FES27,1512,12,interior,MLD2,2011.82911
TUNE42PI_FES27,1513,1,labsea,a_ice,0.26601
TUNE42PI_FES27,1513,2,labsea,a_ice,0.37706
TUNE42PI_FES27,1513,3,labsea,a_ice,0.43539
TUNE42PI_FES27,1513,4,labsea,a_ice,0.38296
TUNE42PI_FES27,1513,5,labsea,a_ice,0.25125
TUNE42PI_FES27,1513,6,labsea,a_ice,0.13807
TUNE42PI_FES27,1513,7,labsea,a_ice,0.02474
TUNE42PI_FES27,1513,8,labsea,a_ice,0.00017
TUNE42PI_FES27,1513,9,labsea,a_ice,0.00000
TUNE42PI_FES27,1513,10,labsea,a_ice,0.00000
TUNE42PI_FES27,1513,11,labsea,a_ice,0.04579
TUNE42PI_FES27,1513,12,labsea,a_ice,0.22940
TUNE42PI_FES27,1513,1,interior,a_ice,0.05972
TUNE42PI_FES27,1513,2,interior,a_ice,0.16946
TUNE42PI_FES27,1513,3,interior,a_ice,0.38780
TUNE42PI_FES27,1513,4,interior,a_ice,0.38749
TUNE42PI_FES27,1513,5,interior,a_ice,0.09758
TUNE42PI_FES27,1513,6,interior,a_ice,0.01955
TUNE42PI_FES27,1513,7,interior,a_ice,0.00125
TUNE42PI_FES27,1513,8,interior,a_ice,0.00000
TUNE42PI_FES27,1513,9,interior,a_ice,0.00000
TUNE42PI_FES27,1513,10,interior,a_ice,0.00000
TUNE42PI_FES27,1513,11,interior,a_ice,0.00995
TUNE42PI_FES27,1513,12,interior,a_ice,0.05984
TUNE42PI_FES27,1513,1,labsea,MLD2,1359.71201
TUNE42PI_FES27,1513,2,labsea,MLD2,1386.08208
TUNE42PI_FES27,1513,3,labsea,MLD2,1017.35314
TUNE42PI_FES27,1513,4,labsea,MLD2,776.42249
TUNE42PI_FES27,1513,5,labsea,MLD2,198.62186
TUNE42PI_FES27,1513,6,labsea,MLD2,16.79142
TUNE42PI_FES27,1513,7,labsea,MLD2,14.38847
TUNE42PI_FES27,1513,8,labsea,MLD2,16.65035
TUNE42PI_FES27,1513,9,labsea,MLD2,22.62510
TUNE42PI_FES27,1513,10,labsea,MLD2,31.79278
TUNE42PI_FES27,1513,11,labsea,MLD2,78.10378
TUNE42PI_FES27,1513,12,labsea,MLD2,631.72512
TUNE42PI_FES27,1513,1,interior,MLD2,2278.97135
TUNE42PI_FES27,1513,2,interior,MLD2,2171.21250
TUNE42PI_FES27,1513,3,interior,MLD2,1104.30299
TUNE42PI_FES27,1513,4,interior,MLD2,564.62915
TUNE42PI_FES27,1513,5,interior,MLD2,115.87188
TUNE42PI_FES27,1513,6,interior,MLD2,17.42517
TUNE42PI_FES27,1513,7,interior,MLD2,16.27645
TUNE42PI_FES27,1513,8,interior,MLD2,18.86946
TUNE42PI_FES27,1513,9,interior,MLD2,26.11781
TUNE42PI_FES27,1513,10,interior,MLD2,37.57007
TUNE42PI_FES27,1513,11,interior,MLD2,140.63640
TUNE42PI_FES27,1513,12,interior,MLD2,1444.79911
TUNE42PI_FES27,1514,1,labsea,a_ice,0.36745
TUNE42PI_FES27,1514,2,labsea,a_ice,0.47523
TUNE42PI_FES27,1514,3,labsea,a_ice,0.51897
TUNE42PI_FES27,1514,4,labsea,a_ice,0.49208
TUNE42PI_FES27,1514,5,labsea,a_ice,0.37783
TUNE42PI_FES27,1514,6,labsea,a_ice,0.13146
TUNE42PI_FES27,1514,7,labsea,a_ice,0.02866
TUNE42PI_FES27,1514,8,labsea,a_ice,0.00244
TUNE42PI_FES27,1514,9,labsea,a_ice,0.00000
TUNE42PI_FES27,1514,10,labsea,a_ice,0.00002
TUNE42PI_FES27,1514,11,labsea,a_ice,0.01403
TUNE42PI_FES27,1514,12,labsea,a_ice,0.06553
TUNE42PI_FES27,1514,1,interior,a_ice,0.17937
TUNE42PI_FES27,1514,2,interior,a_ice,0.43146
TUNE42PI_FES27,1514,3,interior,a_ice,0.62853
TUNE42PI_FES27,1514,4,interior,a_ice,0.63881
TUNE42PI_FES27,1514,5,interior,a_ice,0.37256
TUNE42PI_FES27,1514,6,interior,a_ice,0.03669
TUNE42PI_FES27,1514,7,interior,a_ice,0.00005
TUNE42PI_FES27,1514,8,interior,a_ice,0.00000
TUNE42PI_FES27,1514,9,interior,a_ice,0.00000
TUNE42PI_FES27,1514,10,interior,a_ice,0.00000
TUNE42PI_FES27,1514,11,interior,a_ice,0.00000
TUNE42PI_FES27,1514,12,interior,a_ice,0.00215
TUNE42PI_FES27,1514,1,labsea,MLD2,1134.73379
TUNE42PI_FES27,1514,2,labsea,MLD2,1048.70554
TUNE42PI_FES27,1514,3,labsea,MLD2,826.84626
TUNE42PI_FES27,1514,4,labsea,MLD2,528.78431
TUNE42PI_FES27,1514,5,labsea,MLD2,156.46098
TUNE42PI_FES27,1514,6,labsea,MLD2,14.32029
TUNE42PI_FES27,1514,7,labsea,MLD2,13.41621
TUNE42PI_FES27,1514,8,labsea,MLD2,12.57258
TUNE42PI_FES27,1514,9,labsea,MLD2,20.26974
TUNE42PI_FES27,1514,10,labsea,MLD2,30.34296
TUNE42PI_FES27,1514,11,labsea,MLD2,50.30263
TUNE42PI_FES27,1514,12,labsea,MLD2,123.79549
TUNE42PI_FES27,1514,1,interior,MLD2,1769.82024
TUNE42PI_FES27,1514,2,interior,MLD2,1189.21359
TUNE42PI_FES27,1514,3,interior,MLD2,589.77013
TUNE42PI_FES27,1514,4,interior,MLD2,193.73080
TUNE42PI_FES27,1514,5,interior,MLD2,38.28051
TUNE42PI_FES27,1514,6,interior,MLD2,16.75634
TUNE42PI_FES27,1514,7,interior,MLD2,15.35142
TUNE42PI_FES27,1514,8,interior,MLD2,14.56806
TUNE42PI_FES27,1514,9,interior,MLD2,20.66766
TUNE42PI_FES27,1514,10,interior,MLD2,31.25728
TUNE42PI_FES27,1514,11,interior,MLD2,58.27245
TUNE42PI_FES27,1514,12,interior,MLD2,215.93254
TUNE42PI_FES27,1515,1,labsea,a_ice,0.21325
TUNE42PI_FES27,1515,2,labsea,a_ice,0.31444
TUNE42PI_FES27,1515,3,labsea,a_ice,0.32127
TUNE42PI_FES27,1515,4,labsea,a_ice,0.29017
TUNE42PI_FES27,1515,5,labsea,a_ice,0.24596
TUNE42PI_FES27,1515,6,labsea,a_ice,0.15187
TUNE42PI_FES27,1515,7,labsea,a_ice,0.03047
TUNE42PI_FES27,1515,8,labsea,a_ice,0.00021
TUNE42PI_FES27,1515,9,labsea,a_ice,0.00000
TUNE42PI_FES27,1515,10,labsea,a_ice,0.00358
TUNE42PI_FES27,1515,11,labsea,a_ice,0.07599
TUNE42PI_FES27,1515,12,labsea,a_ice,0.20228
TUNE42PI_FES27,1515,1,interior,a_ice,0.04432
TUNE42PI_FES27,1515,2,interior,a_ice,0.15006
TUNE42PI_FES27,1515,3,interior,a_ice,0.18397
TUNE42PI_FES27,1515,4,interior,a_ice,0.09843
TUNE42PI_FES27,1515,5,interior,a_ice,0.07445
TUNE42PI_FES27,1515,6,interior,a_ice,0.03010
TUNE42PI_FES27,1515,7,interior,a_ice,0.00249
TUNE42PI_FES27,1515,8,interior,a_ice,0.00000
TUNE42PI_FES27,1515,9,interior,a_ice,0.00000
TUNE42PI_FES27,1515,10,interior,a_ice,0.00000
TUNE42PI_FES27,1515,11,interior,a_ice,0.01408
TUNE42PI_FES27,1515,12,interior,a_ice,0.04558
TUNE42PI_FES27,1515,1,labsea,MLD2,542.36241
TUNE42PI_FES27,1515,2,labsea,MLD2,839.01379
TUNE42PI_FES27,1515,3,labsea,MLD2,778.21544
TUNE42PI_FES27,1515,4,labsea,MLD2,770.41931
TUNE42PI_FES27,1515,5,labsea,MLD2,213.64460
TUNE42PI_FES27,1515,6,labsea,MLD2,19.11181
TUNE42PI_FES27,1515,7,labsea,MLD2,12.65943
TUNE42PI_FES27,1515,8,labsea,MLD2,14.71170
TUNE42PI_FES27,1515,9,labsea,MLD2,24.19521
TUNE42PI_FES27,1515,10,labsea,MLD2,36.66052
TUNE42PI_FES27,1515,11,labsea,MLD2,85.52789
TUNE42PI_FES27,1515,12,labsea,MLD2,785.55363
TUNE42PI_FES27,1515,1,interior,MLD2,978.18486
TUNE42PI_FES27,1515,2,interior,MLD2,1415.43134
TUNE42PI_FES27,1515,3,interior,MLD2,936.12272
TUNE42PI_FES27,1515,4,interior,MLD2,1019.66203
TUNE42PI_FES27,1515,5,interior,MLD2,257.89983
TUNE42PI_FES27,1515,6,interior,MLD2,21.89744
TUNE42PI_FES27,1515,7,interior,MLD2,13.42195
TUNE42PI_FES27,1515,8,interior,MLD2,15.81702
TUNE42PI_FES27,1515,9,interior,MLD2,25.99739
TUNE42PI_FES27,1515,10,interior,MLD2,43.89754
TUNE42PI_FES27,1515,11,interior,MLD2,115.03098
TUNE42PI_FES27,1515,12,interior,MLD2,1303.49926
TUNE42PI_FES27,1516,1,labsea,a_ice,0.24315
TUNE42PI_FES27,1516,2,labsea,a_ice,0.30258
TUNE42PI_FES27,1516,3,labsea,a_ice,0.29680
TUNE42PI_FES27,1516,4,labsea,a_ice,0.31024
TUNE42PI_FES27,1516,5,labsea,a_ice,0.22452
TUNE42PI_FES27,1516,6,labsea,a_ice,0.11119
TUNE42PI_FES27,1516,7,labsea,a_ice,0.02143
TUNE42PI_FES27,1516,8,labsea,a_ice,0.00099
TUNE42PI_FES27,1516,9,labsea,a_ice,0.00000
TUNE42PI_FES27,1516,10,labsea,a_ice,0.00100
TUNE42PI_FES27,1516,11,labsea,a_ice,0.02890
TUNE42PI_FES27,1516,12,labsea,a_ice,0.14580
TUNE42PI_FES27,1516,1,interior,a_ice,0.06205
TUNE42PI_FES27,1516,2,interior,a_ice,0.09736
TUNE42PI_FES27,1516,3,interior,a_ice,0.11381
TUNE42PI_FES27,1516,4,interior,a_ice,0.16898
TUNE42PI_FES27,1516,5,interior,a_ice,0.05664
TUNE42PI_FES27,1516,6,interior,a_ice,0.01222
TUNE42PI_FES27,1516,7,interior,a_ice,0.00036
TUNE42PI_FES27,1516,8,interior,a_ice,0.00000
TUNE42PI_FES27,1516,9,interior,a_ice,0.00000
TUNE42PI_FES27,1516,10,interior,a_ice,0.00000
TUNE42PI_FES27,1516,11,interior,a_ice,0.00058
TUNE42PI_FES27,1516,12,interior,a_ice,0.02278
TUNE42PI_FES27,1516,1,labsea,MLD2,1249.82812
TUNE42PI_FES27,1516,2,labsea,MLD2,1396.51818
TUNE42PI_FES27,1516,3,labsea,MLD2,1252.89252
TUNE42PI_FES27,1516,4,labsea,MLD2,1204.96297
TUNE42PI_FES27,1516,5,labsea,MLD2,581.12719
TUNE42PI_FES27,1516,6,labsea,MLD2,33.46030
TUNE42PI_FES27,1516,7,labsea,MLD2,11.75652
TUNE42PI_FES27,1516,8,labsea,MLD2,17.00195
TUNE42PI_FES27,1516,9,labsea,MLD2,24.10173
TUNE42PI_FES27,1516,10,labsea,MLD2,35.60088
TUNE42PI_FES27,1516,11,labsea,MLD2,64.60927
TUNE42PI_FES27,1516,12,labsea,MLD2,465.80120
TUNE42PI_FES27,1516,1,interior,MLD2,1933.78898
TUNE42PI_FES27,1516,2,interior,MLD2,2073.56826
TUNE42PI_FES27,1516,3,interior,MLD2,1718.21184
TUNE42PI_FES27,1516,4,interior,MLD2,1437.74605
TUNE42PI_FES27,1516,5,interior,MLD2,823.34418
TUNE42PI_FES27,1516,6,interior,MLD2,53.19581
TUNE42PI_FES27,1516,7,interior,MLD2,13.15788
TUNE42PI_FES27,1516,8,interior,MLD2,19.02172
TUNE42PI_FES27,1516,9,interior,MLD2,27.39922
TUNE42PI_FES27,1516,10,interior,MLD2,43.62457
TUNE42PI_FES27,1516,11,interior,MLD2,91.22949
TUNE42PI_FES27,1516,12,interior,MLD2,951.98532
TUNE42PI_FES27,1517,1,labsea,a_ice,0.25829
TUNE42PI_FES27,1517,2,labsea,a_ice,0.34231
TUNE42PI_FES27,1517,3,labsea,a_ice,0.34076
TUNE42PI_FES27,1517,4,labsea,a_ice,0.40687
TUNE42PI_FES27,1517,5,labsea,a_ice,0.26186
TUNE42PI_FES27,1517,6,labsea,a_ice,0.10591
TUNE42PI_FES27,1517,7,labsea,a_ice,0.02665
TUNE42PI_FES27,1517,8,labsea,a_ice,0.00269
TUNE42PI_FES27,1517,9,labsea,a_ice,0.00002
TUNE42PI_FES27,1517,10,labsea,a_ice,0.01546
TUNE42PI_FES27,1517,11,labsea,a_ice,0.05350
TUNE42PI_FES27,1517,12,labsea,a_ice,0.19999
TUNE42PI_FES27,1517,1,interior,a_ice,0.07412
TUNE42PI_FES27,1517,2,interior,a_ice,0.15902
TUNE42PI_FES27,1517,3,interior,a_ice,0.27744
TUNE42PI_FES27,1517,4,interior,a_ice,0.33230
TUNE42PI_FES27,1517,5,interior,a_ice,0.09082
TUNE42PI_FES27,1517,6,interior,a_ice,0.00595
TUNE42PI_FES27,1517,7,interior,a_ice,0.00000
TUNE42PI_FES27,1517,8,interior,a_ice,0.00000
TUNE42PI_FES27,1517,9,interior,a_ice,0.00000
TUNE42PI_FES27,1517,10,interior,a_ice,0.00000
TUNE42PI_FES27,1517,11,interior,a_ice,0.00087
TUNE42PI_FES27,1517,12,interior,a_ice,0.03790
TUNE42PI_FES27,1517,1,labsea,MLD2,1138.34686
TUNE42PI_FES27,1517,2,labsea,MLD2,1254.58769
TUNE42PI_FES27,1517,3,labsea,MLD2,1011.52977
TUNE42PI_FES27,1517,4,labsea,MLD2,836.71601
TUNE42PI_FES27,1517,5,labsea,MLD2,327.22370
TUNE42PI_FES27,1517,6,labsea,MLD2,16.41144
TUNE42PI_FES27,1517,7,labsea,MLD2,12.99235
TUNE42PI_FES27,1517,8,labsea,MLD2,15.35823
TUNE42PI_FES27,1517,9,labsea,MLD2,22.25243
TUNE42PI_FES27,1517,10,labsea,MLD2,37.80996
TUNE42PI_FES27,1517,11,labsea,MLD2,105.02533
TUNE42PI_FES27,1517,12,labsea,MLD2,882.32611
TUNE42PI_FES27,1517,1,interior,MLD2,1855.77317
TUNE42PI_FES27,1517,2,interior,MLD2,1874.53582
TUNE42PI_FES27,1517,3,interior,MLD2,1238.04398
TUNE42PI_FES27,1517,4,interior,MLD2,694.00252
TUNE42PI_FES27,1517,5,interior,MLD2,303.97383
TUNE42PI_FES27,1517,6,interior,MLD2,19.38343
TUNE42PI_FES27,1517,7,interior,MLD2,14.70929
TUNE42PI_FES27,1517,8,interior,MLD2,17.92223
TUNE42PI_FES27,1517,9,interior,MLD2,24.57705
TUNE42PI_FES27,1517,10,interior,MLD2,43.96638
TUNE42PI_FES27,1517,11,interior,MLD2,201.00592
TUNE42PI_FES27,1517,12,interior,MLD2,1666.75543
TUNE42PI_FES27,1518,1,labsea,a_ice,0.27475
TUNE42PI_FES27,1518,2,labsea,a_ice,0.29176
TUNE42PI_FES27,1518,3,labsea,a_ice,0.29994
TUNE42PI_FES27,1518,4,labsea,a_ice,0.26745
TUNE42PI_FES27,1518,5,labsea,a_ice,0.19347
TUNE42PI_FES27,1518,6,labsea,a_ice,0.07557
TUNE42PI_FES27,1518,7,labsea,a_ice,0.01203
TUNE42PI_FES27,1518,8,labsea,a_ice,0.00000
TUNE42PI_FES27,1518,9,labsea,a_ice,0.00000
TUNE42PI_FES27,1518,10,labsea,a_ice,0.00000
TUNE42PI_FES27,1518,11,labsea,a_ice,0.01219
TUNE42PI_FES27,1518,12,labsea,a_ice,0.11667
TUNE42PI_FES27,1518,1,interior,a_ice,0.07908
TUNE42PI_FES27,1518,2,interior,a_ice,0.10462
TUNE42PI_FES27,1518,3,interior,a_ice,0.11044
TUNE42PI_FES27,1518,4,interior,a_ice,0.05379
TUNE42PI_FES27,1518,5,interior,a_ice,0.04031
TUNE42PI_FES27,1518,6,interior,a_ice,0.00749
TUNE42PI_FES27,1518,7,interior,a_ice,0.00000
TUNE42PI_FES27,1518,8,interior,a_ice,0.00000
TUNE42PI_FES27,1518,9,interior,a_ice,0.00000
TUNE42PI_FES27,1518,10,interior,a_ice,0.00000
TUNE42PI_FES27,1518,11,interior,a_ice,0.00012
TUNE42PI_FES27,1518,12,interior,a_ice,0.02274
TUNE42PI_FES27,1518,1,labsea,MLD2,1339.63260
TUNE42PI_FES27,1518,2,labsea,MLD2,1391.79933
TUNE42PI_FES27,1518,3,labsea,MLD2,1335.21860
TUNE42PI_FES27,1518,4,labsea,MLD2,961.84542
TUNE42PI_FES27,1518,5,labsea,MLD2,368.25945
TUNE42PI_FES27,1518,6,labsea,MLD2,18.14506
TUNE42PI_FES27,1518,7,labsea,MLD2,16.62512
TUNE42PI_FES27,1518,8,labsea,MLD2,16.06873
TUNE42PI_FES27,1518,9,labsea,MLD2,20.88631
TUNE42PI_FES27,1518,10,labsea,MLD2,27.56610
TUNE42PI_FES27,1518,11,labsea,MLD2,75.31530
TUNE42PI_FES27,1518,12,labsea,MLD2,368.72357
TUNE42PI_FES27,1518,1,interior,MLD2,2084.40893
TUNE42PI_FES27,1518,2,interior,MLD2,1977.33332
TUNE42PI_FES27,1518,3,interior,MLD2,1771.61633
TUNE42PI_FES27,1518,4,interior,MLD2,1624.85090
TUNE42PI_FES27,1518,5,interior,MLD2,918.31474
TUNE42PI_FES27,1518,6,interior,MLD2,22.23506
TUNE42PI_FES27,1518,7,interior,MLD2,19.94361
TUNE42PI_FES27,1518,8,interior,MLD2,18.42884
TUNE42PI_FES27,1518,9,interior,MLD2,24.66063
TUNE42PI_FES27,1518,10,interior,MLD2,33.13153
TUNE42PI_FES27,1518,11,interior,MLD2,128.45011
TUNE42PI_FES27,1518,12,interior,MLD2,813.37834
TUNE42PI_FES27,1519,1,labsea,a_ice,0.29154
TUNE42PI_FES27,1519,2,labsea,a_ice,0.32219
TUNE42PI_FES27,1519,3,labsea,a_ice,0.32500
TUNE42PI_FES27,1519,4,labsea,a_ice,0.38674
TUNE42PI_FES27,1519,5,labsea,a_ice,0.28903
TUNE42PI_FES27,1519,6,labsea,a_ice,0.14205
TUNE42PI_FES27,1519,7,labsea,a_ice,0.02243
TUNE42PI_FES27,1519,8,labsea,a_ice,0.00000
TUNE42PI_FES27,1519,9,labsea,a_ice,0.00000
TUNE42PI_FES27,1519,10,labsea,a_ice,0.00002
TUNE42PI_FES27,1519,11,labsea,a_ice,0.05469
TUNE42PI_FES27,1519,12,labsea,a_ice,0.19535
TUNE42PI_FES27,1519,1,interior,a_ice,0.10376
TUNE42PI_FES27,1519,2,interior,a_ice,0.14237
TUNE42PI_FES27,1519,3,interior,a_ice,0.12084
TUNE42PI_FES27,1519,4,interior,a_ice,0.24894
TUNE42PI_FES27,1519,5,interior,a_ice,0.16391
TUNE42PI_FES27,1519,6,interior,a_ice,0.02488
TUNE42PI_FES27,1519,7,interior,a_ice,0.00099
TUNE42PI_FES27,1519,8,interior,a_ice,0.00000
TUNE42PI_FES27,1519,9,interior,a_ice,0.00000
TUNE42PI_FES27,1519,10,interior,a_ice,0.00000
TUNE42PI_FES27,1519,11,interior,a_ice,0.00908
TUNE42PI_FES27,1519,12,interior,a_ice,0.03824
TUNE42PI_FES27,1519,1,labsea,MLD2,1139.03616
TUNE42PI_FES27,1519,2,labsea,MLD2,1349.62666
TUNE42PI_FES27,1519,3,labsea,MLD2,1371.53066
TUNE42PI_FES27,1519,4,labsea,MLD2,995.97225
TUNE42PI_FES27,1519,5,labsea,MLD2,419.60470
TUNE42PI_FES27,1519,6,labsea,MLD2,19.71479
TUNE42PI_FES27,1519,7,labsea,MLD2,13.60792
TUNE42PI_FES27,1519,8,labsea,MLD2,14.44233
TUNE42PI_FES27,1519,9,labsea,MLD2,22.90431
TUNE42PI_FES27,1519,10,labsea,MLD2,40.00172
TUNE42PI_FES27,1519,11,labsea,MLD2,133.31987
TUNE42PI_FES27,1519,12,labsea,MLD2,804.28617
TUNE42PI_FES27,1519,1,interior,MLD2,1932.24101
TUNE42PI_FES27,1519,2,interior,MLD2,2005.30801
TUNE42PI_FES27,1519,3,interior,MLD2,1961.76249
TUNE42PI_FES27,1519,4,interior,MLD2,1326.14509
TUNE42PI_FES27,1519,5,interior,MLD2,615.14932
TUNE42PI_FES27,1519,6,interior,MLD2,22.54419
TUNE42PI_FES27,1519,7,interior,MLD2,15.74487
TUNE42PI_FES27,1519,8,interior,MLD2,17.29510
TUNE42PI_FES27,1519,9,interior,MLD2,25.90265
TUNE42PI_FES27,1519,10,interior,MLD2,46.93461
TUNE42PI_FES27,1519,11,interior,MLD2,252.59656
TUNE42PI_FES27,1519,12,interior,MLD2,1713.21874
TUNE42PI_FES27,1520,1,labsea,a_ice,0.20592
TUNE42PI_FES27,1520,2,labsea,a_ice,0.26513
TUNE42PI_FES27,1520,3,labsea,a_ice,0.36562
TUNE42PI_FES27,1520,4,labsea,a_ice,0.28290
TUNE42PI_FES27,1520,5,labsea,a_ice,0.21978
TUNE42PI_FES27,1520,6,labsea,a_ice,0.10922
TUNE42PI_FES27,1520,7,labsea,a_ice,0.01374
TUNE42PI_FES27,1520,8,labsea,a_ice,0.00000
TUNE42PI_FES27,1520,9,labsea,a_ice,0.00000
TUNE42PI_FES27,1520,10,labsea,a_ice,0.00013
TUNE42PI_FES27,1520,11,labsea,a_ice,0.01165
TUNE42PI_FES27,1520,12,labsea,a_ice,0.14489
TUNE42PI_FES27,1520,1,interior,a_ice,0.02706
TUNE42PI_FES27,1520,2,interior,a_ice,0.08384
TUNE42PI_FES27,1520,3,interior,a_ice,0.15785
TUNE42PI_FES27,1520,4,interior,a_ice,0.08084
TUNE42PI_FES27,1520,5,interior,a_ice,0.06813
TUNE42PI_FES27,1520,6,interior,a_ice,0.01058
TUNE42PI_FES27,1520,7,interior,a_ice,0.00000
TUNE42PI_FES27,1520,8,interior,a_ice,0.00000
TUNE42PI_FES27,1520,9,interior,a_ice,0.00000
TUNE42PI_FES27,1520,10,interior,a_ice,0.00000
TUNE42PI_FES27,1520,11,interior,a_ice,0.00011
TUNE42PI_FES27,1520,12,interior,a_ice,0.01550
TUNE42PI_FES27,1520,1,labsea,MLD2,1179.39342
TUNE42PI_FES27,1520,2,labsea,MLD2,1391.58063
TUNE42PI_FES27,1520,3,labsea,MLD2,1293.88175
TUNE42PI_FES27,1520,4,labsea,MLD2,1050.48305
TUNE42PI_FES27,1520,5,labsea,MLD2,595.20009
TUNE42PI_FES27,1520,6,labsea,MLD2,36.16914
TUNE42PI_FES27,1520,7,labsea,MLD2,15.44078
TUNE42PI_FES27,1520,8,labsea,MLD2,13.26827
TUNE42PI_FES27,1520,9,labsea,MLD2,21.85053
TUNE42PI_FES27,1520,10,labsea,MLD2,37.56362
TUNE42PI_FES27,1520,11,labsea,MLD2,75.41350
TUNE42PI_FES27,1520,12,labsea,MLD2,744.41052
TUNE42PI_FES27,1520,1,interior,MLD2,2150.73190
TUNE42PI_FES27,1520,2,interior,MLD2,2228.05894
TUNE42PI_FES27,1520,3,interior,MLD2,2022.62057
TUNE42PI_FES27,1520,4,interior,MLD2,1620.66083
TUNE42PI_FES27,1520,5,interior,MLD2,961.81618
TUNE42PI_FES27,1520,6,interior,MLD2,63.68317
TUNE42PI_FES27,1520,7,interior,MLD2,18.77097
TUNE42PI_FES27,1520,8,interior,MLD2,14.79717
TUNE42PI_FES27,1520,9,interior,MLD2,25.63493
TUNE42PI_FES27,1520,10,interior,MLD2,44.65036
TUNE42PI_FES27,1520,11,interior,MLD2,121.75038
TUNE42PI_FES27,1520,12,interior,MLD2,1441.06952
TUNE42PI_FES27,1521,1,labsea,a_ice,0.23470
TUNE42PI_FES27,1521,2,labsea,a_ice,0.27988
TUNE42PI_FES27,1521,3,labsea,a_ice,0.32340
TUNE42PI_FES27,1521,4,labsea,a_ice,0.31946
TUNE42PI_FES27,1521,5,labsea,a_ice,0.28323
TUNE42PI_FES27,1521,6,labsea,a_ice,0.12379
TUNE42PI_FES27,1521,7,labsea,a_ice,0.01672
TUNE42PI_FES27,1521,8,labsea,a_ice,0.00113
TUNE42PI_FES27,1521,9,labsea,a_ice,0.00000
TUNE42PI_FES27,1521,10,labsea,a_ice,0.00019
TUNE42PI_FES27,1521,11,labsea,a_ice,0.02721
TUNE42PI_FES27,1521,12,labsea,a_ice,0.08146
TUNE42PI_FES27,1521,1,interior,a_ice,0.06068
TUNE42PI_FES27,1521,2,interior,a_ice,0.09447
TUNE42PI_FES27,1521,3,interior,a_ice,0.11699
TUNE42PI_FES27,1521,4,interior,a_ice,0.14894
TUNE42PI_FES27,1521,5,interior,a_ice,0.10090
TUNE42PI_FES27,1521,6,interior,a_ice,0.04858
TUNE42PI_FES27,1521,7,interior,a_ice,0.00034
TUNE42PI_FES27,1521,8,interior,a_ice,0.00000
TUNE42PI_FES27,1521,9,interior,a_ice,0.00000
TUNE42PI_FES27,1521,10,interior,a_ice,0.00000
TUNE42PI_FES27,1521,11,interior,a_ice,0.00005
TUNE42PI_FES27,1521,12,interior,a_ice,0.00874
TUNE42PI_FES27,1521,1,labsea,MLD2,1332.88212
TUNE42PI_FES27,1521,2,labsea,MLD2,1436.82753
TUNE42PI_FES27,1521,3,labsea,MLD2,1280.24430
TUNE42PI_FES27,1521,4,labsea,MLD2,1215.66998
TUNE42PI_FES27,1521,5,labsea,MLD2,664.96148
TUNE42PI_FES27,1521,6,labsea,MLD2,29.16293
TUNE42PI_FES27,1521,7,labsea,MLD2,17.41106
TUNE42PI_FES27,1521,8,labsea,MLD2,18.13995
TUNE42PI_FES27,1521,9,labsea,MLD2,22.16254
TUNE42PI_FES27,1521,10,labsea,MLD2,27.22008
TUNE42PI_FES27,1521,11,labsea,MLD2,54.42584
TUNE42PI_FES27,1521,12,labsea,MLD2,130.83725
TUNE42PI_FES27,1521,1,interior,MLD2,2128.00316
TUNE42PI_FES27,1521,2,interior,MLD2,2078.32735
TUNE42PI_FES27,1521,3,interior,MLD2,1814.24374
TUNE42PI_FES27,1521,4,interior,MLD2,1697.01791
TUNE42PI_FES27,1521,5,interior,MLD2,1079.39918
TUNE42PI_FES27,1521,6,interior,MLD2,50.92272
TUNE42PI_FES27,1521,7,interior,MLD2,20.17643
TUNE42PI_FES27,1521,8,interior,MLD2,21.85235
TUNE42PI_FES27,1521,9,interior,MLD2,26.84420
TUNE42PI_FES27,1521,10,interior,MLD2,31.52839
TUNE42PI_FES27,1521,11,interior,MLD2,78.80893
TUNE42PI_FES27,1521,12,interior,MLD2,224.85630
TUNE42PI_FES27,1522,1,labsea,a_ice,0.18887
TUNE42PI_FES27,1522,2,labsea,a_ice,0.26892
TUNE42PI_FES27,1522,3,labsea,a_ice,0.24438
TUNE42PI_FES27,1522,4,labsea,a_ice,0.22062
TUNE42PI_FES27,1522,5,labsea,a_ice,0.19415
TUNE42PI_FES27,1522,6,labsea,a_ice,0.07844
TUNE42PI_FES27,1522,7,labsea,a_ice,0.00637
TUNE42PI_FES27,1522,8,labsea,a_ice,0.00000
TUNE42PI_FES27,1522,9,labsea,a_ice,0.00000
TUNE42PI_FES27,1522,10,labsea,a_ice,0.00018
TUNE42PI_FES27,1522,11,labsea,a_ice,0.01863
TUNE42PI_FES27,1522,12,labsea,a_ice,0.07970
TUNE42PI_FES27,1522,1,interior,a_ice,0.04095
TUNE42PI_FES27,1522,2,interior,a_ice,0.10067
TUNE42PI_FES27,1522,3,interior,a_ice,0.04952
TUNE42PI_FES27,1522,4,interior,a_ice,0.03454
TUNE42PI_FES27,1522,5,interior,a_ice,0.04198
TUNE42PI_FES27,1522,6,interior,a_ice,0.00721
TUNE42PI_FES27,1522,7,interior,a_ice,0.00000
TUNE42PI_FES27,1522,8,interior,a_ice,0.00000
TUNE42PI_FES27,1522,9,interior,a_ice,0.00000
TUNE42PI_FES27,1522,10,interior,a_ice,0.00000
TUNE42PI_FES27,1522,11,interior,a_ice,0.00000
TUNE42PI_FES27,1522,12,interior,a_ice,0.00306
TUNE42PI_FES27,1522,1,labsea,MLD2,560.55604
TUNE42PI_FES27,1522,2,labsea,MLD2,1333.04622
TUNE42PI_FES27,1522,3,labsea,MLD2,1385.96798
TUNE42PI_FES27,1522,4,labsea,MLD2,1207.10964
TUNE42PI_FES27,1522,5,labsea,MLD2,814.43322
TUNE42PI_FES27,1522,6,labsea,MLD2,24.63607
TUNE42PI_FES27,1522,7,labsea,MLD2,14.00343
TUNE42PI_FES27,1522,8,labsea,MLD2,14.22474
TUNE42PI_FES27,1522,9,labsea,MLD2,19.99327
TUNE42PI_FES27,1522,10,labsea,MLD2,36.73880
TUNE42PI_FES27,1522,11,labsea,MLD2,80.96261
TUNE42PI_FES27,1522,12,labsea,MLD2,302.91217
TUNE42PI_FES27,1522,1,interior,MLD2,1182.41244
TUNE42PI_FES27,1522,2,interior,MLD2,2098.91712
TUNE42PI_FES27,1522,3,interior,MLD2,2027.68973
TUNE42PI_FES27,1522,4,interior,MLD2,1833.33239
TUNE42PI_FES27,1522,5,interior,MLD2,1284.08748
TUNE42PI_FES27,1522,6,interior,MLD2,34.02239
TUNE42PI_FES27,1522,7,interior,MLD2,15.43054
TUNE42PI_FES27,1522,8,interior,MLD2,15.75898
TUNE42PI_FES27,1522,9,interior,MLD2,20.82939
TUNE42PI_FES27,1522,10,interior,MLD2,39.25323
TUNE42PI_FES27,1522,11,interior,MLD2,124.73782
TUNE42PI_FES27,1522,12,interior,MLD2,704.24348
TUNE42PI_FES27,1523,1,labsea,a_ice,0.17271
TUNE42PI_FES27,1523,2,labsea,a_ice,0.22744
TUNE42PI_FES27,1523,3,labsea,a_ice,0.27493
TUNE42PI_FES27,1523,4,labsea,a_ice,0.34998
TUNE42PI_FES27,1523,5,labsea,a_ice,0.19819
TUNE42PI_FES27,1523,6,labsea,a_ice,0.04183
TUNE42PI_FES27,1523,7,labsea,a_ice,0.00204
TUNE42PI_FES27,1523,8,labsea,a_ice,0.00000
TUNE42PI_FES27,1523,9,labsea,a_ice,0.00000
TUNE42PI_FES27,1523,10,labsea,a_ice,0.00000
TUNE42PI_FES27,1523,11,labsea,a_ice,0.02049
TUNE42PI_FES27,1523,12,labsea,a_ice,0.14353
TUNE42PI_FES27,1523,1,interior,a_ice,0.02118
TUNE42PI_FES27,1523,2,interior,a_ice,0.05778
TUNE42PI_FES27,1523,3,interior,a_ice,0.05808
TUNE42PI_FES27,1523,4,interior,a_ice,0.21256
TUNE42PI_FES27,1523,5,interior,a_ice,0.06993
TUNE42PI_FES27,1523,6,interior,a_ice,0.00019
TUNE42PI_FES27,1523,7,interior,a_ice,0.00000
TUNE42PI_FES27,1523,8,interior,a_ice,0.00000
TUNE42PI_FES27,1523,9,interior,a_ice,0.00000
TUNE42PI_FES27,1523,10,interior,a_ice,0.00000
TUNE42PI_FES27,1523,11,interior,a_ice,0.00086
TUNE42PI_FES27,1523,12,interior,a_ice,0.03005
TUNE42PI_FES27,1523,1,labsea,MLD2,796.04472
TUNE42PI_FES27,1523,2,labsea,MLD2,1160.79787
TUNE42PI_FES27,1523,3,labsea,MLD2,1335.80419
TUNE42PI_FES27,1523,4,labsea,MLD2,1125.98102
TUNE42PI_FES27,1523,5,labsea,MLD2,142.55213
TUNE42PI_FES27,1523,6,labsea,MLD2,13.56170
TUNE42PI_FES27,1523,7,labsea,MLD2,12.82475
TUNE42PI_FES27,1523,8,labsea,MLD2,14.44700
TUNE42PI_FES27,1523,9,labsea,MLD2,20.35510
TUNE42PI_FES27,1523,10,labsea,MLD2,30.90684
TUNE42PI_FES27,1523,11,labsea,MLD2,140.10230
TUNE42PI_FES27,1523,12,labsea,MLD2,749.49075
TUNE42PI_FES27,1523,1,interior,MLD2,1649.67445
TUNE42PI_FES27,1523,2,interior,MLD2,1937.49354
TUNE42PI_FES27,1523,3,interior,MLD2,2018.45454
TUNE42PI_FES27,1523,4,interior,MLD2,1551.22247
TUNE42PI_FES27,1523,5,interior,MLD2,179.46872
TUNE42PI_FES27,1523,6,interior,MLD2,13.58519
TUNE42PI_FES27,1523,7,interior,MLD2,14.01224
TUNE42PI_FES27,1523,8,interior,MLD2,17.43006
TUNE42PI_FES27,1523,9,interior,MLD2,23.60817
TUNE42PI_FES27,1523,10,interior,MLD2,35.34937
TUNE42PI_FES27,1523,11,interior,MLD2,271.16113
TUNE42PI_FES27,1523,12,interior,MLD2,1441.05086
TUNE42PI_FES27,1524,1,labsea,a_ice,0.26646
TUNE42PI_FES27,1524,2,labsea,a_ice,0.39649
TUNE42PI_FES27,1524,3,labsea,a_ice,0.45803
TUNE42PI_FES27,1524,4,labsea,a_ice,0.47711
TUNE42PI_FES27,1524,5,labsea,a_ice,0.37158
TUNE42PI_FES27,1524,6,labsea,a_ice,0.19982
TUNE42PI_FES27,1524,7,labsea,a_ice,0.03419
TUNE42PI_FES27,1524,8,labsea,a_ice,0.00120
TUNE42PI_FES27,1524,9,labsea,a_ice,0.00000
TUNE42PI_FES27,1524,10,labsea,a_ice,0.00001
TUNE42PI_FES27,1524,11,labsea,a_ice,0.00745
TUNE42PI_FES27,1524,12,labsea,a_ice,0.09399
TUNE42PI_FES27,1524,1,interior,a_ice,0.08705
TUNE42PI_FES27,1524,2,interior,a_ice,0.21744
TUNE42PI_FES27,1524,3,interior,a_ice,0.36918
TUNE42PI_FES27,1524,4,interior,a_ice,0.49742
TUNE42PI_FES27,1524,5,interior,a_ice,0.26988
TUNE42PI_FES27,1524,6,interior,a_ice,0.14657
TUNE42PI_FES27,1524,7,interior,a_ice,0.00702
TUNE42PI_FES27,1524,8,interior,a_ice,0.00000
TUNE42PI_FES27,1524,9,interior,a_ice,0.00000
TUNE42PI_FES27,1524,10,interior,a_ice,0.00000
TUNE42PI_FES27,1524,11,interior,a_ice,0.00000
TUNE42PI_FES27,1524,12,interior,a_ice,0.02119
TUNE42PI_FES27,1524,1,labsea,MLD2,1235.52397
TUNE42PI_FES27,1524,2,labsea,MLD2,1266.29719
TUNE42PI_FES27,1524,3,labsea,MLD2,1020.64187
TUNE42PI_FES27,1524,4,labsea,MLD2,793.56716
TUNE42PI_FES27,1524,5,labsea,MLD2,346.85332
TUNE42PI_FES27,1524,6,labsea,MLD2,16.39914
TUNE42PI_FES27,1524,7,labsea,MLD2,10.52509
TUNE42PI_FES27,1524,8,labsea,MLD2,15.40479
TUNE42PI_FES27,1524,9,labsea,MLD2,18.06704
TUNE42PI_FES27,1524,10,labsea,MLD2,26.28401
TUNE42PI_FES27,1524,11,labsea,MLD2,46.53961
TUNE42PI_FES27,1524,12,labsea,MLD2,170.34939
TUNE42PI_FES27,1524,1,interior,MLD2,1975.57845
TUNE42PI_FES27,1524,2,interior,MLD2,1774.20978
TUNE42PI_FES27,1524,3,interior,MLD2,1154.69945
TUNE42PI_FES27,1524,4,interior,MLD2,667.57968
TUNE42PI_FES27,1524,5,interior,MLD2,196.43032
TUNE42PI_FES27,1524,6,interior,MLD2,15.42194
TUNE42PI_FES27,1524,7,interior,MLD2,10.60024
TUNE42PI_FES27,1524,8,interior,MLD2,17.36459
TUNE42PI_FES27,1524,9,interior,MLD2,19.13791
TUNE42PI_FES27,1524,10,interior,MLD2,33.20235
TUNE42PI_FES27,1524,11,interior,MLD2,66.55741
TUNE42PI_FES27,1524,12,interior,MLD2,365.01606
TUNE42PI_FES27,1525,1,labsea,a_ice,0.22398
TUNE42PI_FES27,1525,2,labsea,a_ice,0.23802
TUNE42PI_FES27,1525,3,labsea,a_ice,0.22518
TUNE42PI_FES27,1525,4,labsea,a_ice,0.20728
TUNE42PI_FES27,1525,5,labsea,a_ice,0.16616
TUNE42PI_FES27,1525,6,labsea,a_ice,0.09565
TUNE42PI_FES27,1525,7,labsea,a_ice,0.01863
TUNE42PI_FES27,1525,8,labsea,a_ice,0.00030
TUNE42PI_FES27,1525,9,labsea,a_ice,0.00000
TUNE42PI_FES27,1525,10,labsea,a_ice,0.00131
TUNE42PI_FES27,1525,11,labsea,a_ice,0.07041
TUNE42PI_FES27,1525,12,labsea,a_ice,0.19353
TUNE42PI_FES27,1525,1,interior,a_ice,0.04860
TUNE42PI_FES27,1525,2,interior,a_ice,0.07125
TUNE42PI_FES27,1525,3,interior,a_ice,0.05527
TUNE42PI_FES27,1525,4,interior,a_ice,0.05147
TUNE42PI_FES27,1525,5,interior,a_ice,0.02148
TUNE42PI_FES27,1525,6,interior,a_ice,0.00294
TUNE42PI_FES27,1525,7,interior,a_ice,0.00001
TUNE42PI_FES27,1525,8,interior,a_ice,0.00000
TUNE42PI_FES27,1525,9,interior,a_ice,0.00000
TUNE42PI_FES27,1525,10,interior,a_ice,0.00000
TUNE42PI_FES27,1525,11,interior,a_ice,0.00758
TUNE42PI_FES27,1525,12,interior,a_ice,0.05443
TUNE42PI_FES27,1525,1,labsea,MLD2,610.64456
TUNE42PI_FES27,1525,2,labsea,MLD2,899.12190
TUNE42PI_FES27,1525,3,labsea,MLD2,929.67987
TUNE42PI_FES27,1525,4,labsea,MLD2,853.74038
TUNE42PI_FES27,1525,5,labsea,MLD2,437.17976
TUNE42PI_FES27,1525,6,labsea,MLD2,14.74048
TUNE42PI_FES27,1525,7,labsea,MLD2,12.78856
TUNE42PI_FES27,1525,8,labsea,MLD2,19.99084
TUNE42PI_FES27,1525,9,labsea,MLD2,27.04163
TUNE42PI_FES27,1525,10,labsea,MLD2,44.09670
TUNE42PI_FES27,1525,11,labsea,MLD2,339.20973
TUNE42PI_FES27,1525,12,labsea,MLD2,932.09148
TUNE42PI_FES27,1525,1,interior,MLD2,1308.32435
TUNE42PI_FES27,1525,2,interior,MLD2,1702.36168
TUNE42PI_FES27,1525,3,interior,MLD2,1674.33337
TUNE42PI_FES27,1525,4,interior,MLD2,1501.62842
TUNE42PI_FES27,1525,5,interior,MLD2,924.78189
TUNE42PI_FES27,1525,6,interior,MLD2,18.10399
TUNE42PI_FES27,1525,7,interior,MLD2,14.15845
TUNE42PI_FES27,1525,8,interior,MLD2,21.76949
TUNE42PI_FES27,1525,9,interior,MLD2,30.93816
TUNE42PI_FES27,1525,10,interior,MLD2,52.83948
TUNE42PI_FES27,1525,11,interior,MLD2,633.26372
TUNE42PI_FES27,1525,12,interior,MLD2,1725.17726
TUNE42PI_FES27,1526,1,labsea,a_ice,0.27526
TUNE42PI_FES27,1526,2,labsea,a_ice,0.29324
TUNE42PI_FES27,1526,3,labsea,a_ice,0.31899
TUNE42PI_FES27,1526,4,labsea,a_ice,0.37225
TUNE42PI_FES27,1526,5,labsea,a_ice,0.28204
TUNE42PI_FES27,1526,6,labsea,a_ice,0.15232
TUNE42PI_FES27,1526,7,labsea,a_ice,0.03250
TUNE42PI_FES27,1526,8,labsea,a_ice,0.00392
TUNE42PI_FES27,1526,9,labsea,a_ice,0.00000
TUNE42PI_FES27,1526,10,labsea,a_ice,0.00055
TUNE42PI_FES27,1526,11,labsea,a_ice,0.03275
TUNE42PI_FES27,1526,12,labsea,a_ice,0.18897
TUNE42PI_FES27,1526,1,interior,a_ice,0.09086
TUNE42PI_FES27,1526,2,interior,a_ice,0.06963
TUNE42PI_FES27,1526,3,interior,a_ice,0.12880
TUNE42PI_FES27,1526,4,interior,a_ice,0.25031
TUNE42PI_FES27,1526,5,interior,a_ice,0.10701
TUNE42PI_FES27,1526,6,interior,a_ice,0.02646
TUNE42PI_FES27,1526,7,interior,a_ice,0.00319
TUNE42PI_FES27,1526,8,interior,a_ice,0.00000
TUNE42PI_FES27,1526,9,interior,a_ice,0.00000
TUNE42PI_FES27,1526,10,interior,a_ice,0.00000
TUNE42PI_FES27,1526,11,interior,a_ice,0.00114
TUNE42PI_FES27,1526,12,interior,a_ice,0.03768
TUNE42PI_FES27,1526,1,labsea,MLD2,1245.80281
TUNE42PI_FES27,1526,2,labsea,MLD2,1371.44978
TUNE42PI_FES27,1526,3,labsea,MLD2,1291.21894
TUNE42PI_FES27,1526,4,labsea,MLD2,1099.93946
TUNE42PI_FES27,1526,5,labsea,MLD2,349.66139
TUNE42PI_FES27,1526,6,labsea,MLD2,24.86431
TUNE42PI_FES27,1526,7,labsea,MLD2,14.14138
TUNE42PI_FES27,1526,8,labsea,MLD2,13.95169
TUNE42PI_FES27,1526,9,labsea,MLD2,19.28241
TUNE42PI_FES27,1526,10,labsea,MLD2,32.27290
TUNE42PI_FES27,1526,11,labsea,MLD2,72.72323
TUNE42PI_FES27,1526,12,labsea,MLD2,779.70836
TUNE42PI_FES27,1526,1,interior,MLD2,2103.85238
TUNE42PI_FES27,1526,2,interior,MLD2,2184.34939
TUNE42PI_FES27,1526,3,interior,MLD2,1895.56273
TUNE42PI_FES27,1526,4,interior,MLD2,1528.02826
TUNE42PI_FES27,1526,5,interior,MLD2,685.21195
TUNE42PI_FES27,1526,6,interior,MLD2,51.93703
TUNE42PI_FES27,1526,7,interior,MLD2,16.50782
TUNE42PI_FES27,1526,8,interior,MLD2,16.64856
TUNE42PI_FES27,1526,9,interior,MLD2,21.60525
TUNE42PI_FES27,1526,10,interior,MLD2,36.82498
TUNE42PI_FES27,1526,11,interior,MLD2,105.61079
TUNE42PI_FES27,1526,12,interior,MLD2,1499.72818
TUNE42PI_FES27,1527,1,labsea,a_ice,0.23424
TUNE42PI_FES27,1527,2,labsea,a_ice,0.31138
TUNE42PI_FES27,1527,3,labsea,a_ice,0.31985
TUNE42PI_FES27,1527,4,labsea,a_ice,0.25897
TUNE42PI_FES27,1527,5,labsea,a_ice,0.18857
TUNE42PI_FES27,1527,6,labsea,a_ice,0.10663
TUNE42PI_FES27,1527,7,labsea,a_ice,0.02130
TUNE42PI_FES27,1527,8,labsea,a_ice,0.00004
TUNE42PI_FES27,1527,9,labsea,a_ice,0.00000
TUNE42PI_FES27,1527,10,labsea,a_ice,0.00308
TUNE42PI_FES27,1527,11,labsea,a_ice,0.08209
TUNE42PI_FES27,1527,12,labsea,a_ice,0.19029
TUNE42PI_FES27,1527,1,interior,a_ice,0.06825
TUNE42PI_FES27,1527,2,interior,a_ice,0.13955
TUNE42PI_FES27,1527,3,interior,a_ice,0.11586
TUNE42PI_FES27,1527,4,interior,a_ice,0.08479
TUNE42PI_FES27,1527,5,interior,a_ice,0.01477
TUNE42PI_FES27,1527,6,interior,a_ice,0.01302
TUNE42PI_FES27,1527,7,interior,a_ice,0.00047
TUNE42PI_FES27,1527,8,interior,a_ice,0.00000
TUNE42PI_FES27,1527,9,interior,a_ice,0.00000
TUNE42PI_FES27,1527,10,interior,a_ice,0.00000
TUNE42PI_FES27,1527,11,interior,a_ice,0.00579
TUNE42PI_FES27,1527,12,interior,a_ice,0.04726
TUNE42PI_FES27,1527,1,labsea,MLD2,1331.15827
TUNE42PI_FES27,1527,2,labsea,MLD2,1501.93743
TUNE42PI_FES27,1527,3,labsea,MLD2,1405.75954
TUNE42PI_FES27,1527,4,labsea,MLD2,1177.40832
TUNE42PI_FES27,1527,5,labsea,MLD2,490.10306
TUNE42PI_FES27,1527,6,labsea,MLD2,16.48070
TUNE42PI_FES27,1527,7,labsea,MLD2,13.42443
TUNE42PI_FES27,1527,8,labsea,MLD2,14.75268
TUNE42PI_FES27,1527,9,labsea,MLD2,22.25519
TUNE42PI_FES27,1527,10,labsea,MLD2,32.55246
TUNE42PI_FES27,1527,11,labsea,MLD2,87.41048
TUNE42PI_FES27,1527,12,labsea,MLD2,556.02122
TUNE42PI_FES27,1527,1,interior,MLD2,2155.19138
TUNE42PI_FES27,1527,2,interior,MLD2,2184.65846
TUNE42PI_FES27,1527,3,interior,MLD2,2128.94000
TUNE42PI_FES27,1527,4,interior,MLD2,1627.99853
TUNE42PI_FES27,1527,5,interior,MLD2,666.70371
TUNE42PI_FES27,1527,6,interior,MLD2,18.63857
TUNE42PI_FES27,1527,7,interior,MLD2,15.48128
TUNE42PI_FES27,1527,8,interior,MLD2,16.47482
TUNE42PI_FES27,1527,9,interior,MLD2,24.63230
TUNE42PI_FES27,1527,10,interior,MLD2,38.70196
TUNE42PI_FES27,1527,11,interior,MLD2,127.82607
TUNE42PI_FES27,1527,12,interior,MLD2,1109.34154
TUNE42PI_FES27,1528,1,labsea,a_ice,0.23968
TUNE42PI_FES27,1528,2,labsea,a_ice,0.23398
TUNE42PI_FES27,1528,3,labsea,a_ice,0.23588
TUNE42PI_FES27,1528,4,labsea,a_ice,0.23246
TUNE42PI_FES27,1528,5,labsea,a_ice,0.17105
TUNE42PI_FES27,1528,6,labsea,a_ice,0.08843
TUNE42PI_FES27,1528,7,labsea,a_ice,0.01586
TUNE42PI_FES27,1528,8,labsea,a_ice,0.00247
TUNE42PI_FES27,1528,9,labsea,a_ice,0.00046
TUNE42PI_FES27,1528,10,labsea,a_ice,0.00470
TUNE42PI_FES27,1528,11,labsea,a_ice,0.04381
TUNE42PI_FES27,1528,12,labsea,a_ice,0.12515
TUNE42PI_FES27,1528,1,interior,a_ice,0.06022
TUNE42PI_FES27,1528,2,interior,a_ice,0.05236
TUNE42PI_FES27,1528,3,interior,a_ice,0.04634
TUNE42PI_FES27,1528,4,interior,a_ice,0.07683
TUNE42PI_FES27,1528,5,interior,a_ice,0.03172
TUNE42PI_FES27,1528,6,interior,a_ice,0.00890
TUNE42PI_FES27,1528,7,interior,a_ice,0.00090
TUNE42PI_FES27,1528,8,interior,a_ice,0.00000
TUNE42PI_FES27,1528,9,interior,a_ice,0.00000
TUNE42PI_FES27,1528,10,interior,a_ice,0.00000
TUNE42PI_FES27,1528,11,interior,a_ice,0.00014
TUNE42PI_FES27,1528,12,interior,a_ice,0.02560
TUNE42PI_FES27,1528,1,labsea,MLD2,1427.08981
TUNE42PI_FES27,1528,2,labsea,MLD2,1598.89505
TUNE42PI_FES27,1528,3,labsea,MLD2,1533.54291
TUNE42PI_FES27,1528,4,labsea,MLD2,1266.12691
TUNE42PI_FES27,1528,5,labsea,MLD2,695.83052
TUNE42PI_FES27,1528,6,labsea,MLD2,30.84900
TUNE42PI_FES27,1528,7,labsea,MLD2,18.37650
TUNE42PI_FES27,1528,8,labsea,MLD2,20.81945
TUNE42PI_FES27,1528,9,labsea,MLD2,28.21710
TUNE42PI_FES27,1528,10,labsea,MLD2,37.05201
TUNE42PI_FES27,1528,11,labsea,MLD2,117.09491
TUNE42PI_FES27,1528,12,labsea,MLD2,652.97372
TUNE42PI_FES27,1528,1,interior,MLD2,2267.19602
TUNE42PI_FES27,1528,2,interior,MLD2,2382.91533
TUNE42PI_FES27,1528,3,interior,MLD2,2275.48932
TUNE42PI_FES27,1528,4,interior,MLD2,1838.09221
TUNE42PI_FES27,1528,5,interior,MLD2,1081.77127
TUNE42PI_FES27,1528,6,interior,MLD2,40.46573
TUNE42PI_FES27,1528,7,interior,MLD2,22.82546
TUNE42PI_FES27,1528,8,interior,MLD2,23.57368
TUNE42PI_FES27,1528,9,interior,MLD2,31.55574
TUNE42PI_FES27,1528,10,interior,MLD2,43.06705
TUNE42PI_FES27,1528,11,interior,MLD2,162.72356
TUNE42PI_FES27,1528,12,interior,MLD2,1116.62785
TUNE42PI_FES27,1529,1,labsea,a_ice,0.25598
TUNE42PI_FES27,1529,2,labsea,a_ice,0.24260
TUNE42PI_FES27,1529,3,labsea,a_ice,0.24087
TUNE42PI_FES27,1529,4,labsea,a_ice,0.22833
TUNE42PI_FES27,1529,5,labsea,a_ice,0.18939
TUNE42PI_FES27,1529,6,labsea,a_ice,0.07584
TUNE42PI_FES27,1529,7,labsea,a_ice,0.01655
TUNE42PI_FES27,1529,8,labsea,a_ice,0.00004
TUNE42PI_FES27,1529,9,labsea,a_ice,0.00000
TUNE42PI_FES27,1529,10,labsea,a_ice,0.00062
TUNE42PI_FES27,1529,11,labsea,a_ice,0.06541
TUNE42PI_FES27,1529,12,labsea,a_ice,0.24138
TUNE42PI_FES27,1529,1,interior,a_ice,0.07657
TUNE42PI_FES27,1529,2,interior,a_ice,0.04551
TUNE42PI_FES27,1529,3,interior,a_ice,0.04446
TUNE42PI_FES27,1529,4,interior,a_ice,0.03651
TUNE42PI_FES27,1529,5,interior,a_ice,0.04550
TUNE42PI_FES27,1529,6,interior,a_ice,0.00716
TUNE42PI_FES27,1529,7,interior,a_ice,0.00000
TUNE42PI_FES27,1529,8,interior,a_ice,0.00000
TUNE42PI_FES27,1529,9,interior,a_ice,0.00000
TUNE42PI_FES27,1529,10,interior,a_ice,0.00000
TUNE42PI_FES27,1529,11,interior,a_ice,0.01281
TUNE42PI_FES27,1529,12,interior,a_ice,0.08198
TUNE42PI_FES27,1529,1,labsea,MLD2,1317.57552
TUNE42PI_FES27,1529,2,labsea,MLD2,1491.32401
TUNE42PI_FES27,1529,3,labsea,MLD2,1560.23230
TUNE42PI_FES27,1529,4,labsea,MLD2,1412.93127
TUNE42PI_FES27,1529,5,labsea,MLD2,762.91357
TUNE42PI_FES27,1529,6,labsea,MLD2,18.26203
TUNE42PI_FES27,1529,7,labsea,MLD2,14.35030
TUNE42PI_FES27,1529,8,labsea,MLD2,16.79479
TUNE42PI_FES27,1529,9,labsea,MLD2,23.15942
TUNE42PI_FES27,1529,10,labsea,MLD2,43.83553
TUNE42PI_FES27,1529,11,labsea,MLD2,347.34420
TUNE42PI_FES27,1529,12,labsea,MLD2,1197.86902
TUNE42PI_FES27,1529,1,interior,MLD2,2014.26853
TUNE42PI_FES27,1529,2,interior,MLD2,2199.28579
TUNE42PI_FES27,1529,3,interior,MLD2,2323.13661
TUNE42PI_FES27,1529,4,interior,MLD2,2105.20382
TUNE42PI_FES27,1529,5,interior,MLD2,1248.88890
TUNE42PI_FES27,1529,6,interior,MLD2,24.67689
TUNE42PI_FES27,1529,7,interior,MLD2,18.05465
TUNE42PI_FES27,1529,8,interior,MLD2,19.54482
TUNE42PI_FES27,1529,9,interior,MLD2,25.42156
TUNE42PI_FES27,1529,10,interior,MLD2,61.15570
TUNE42PI_FES27,1529,11,interior,MLD2,827.26156
TUNE42PI_FES27,1529,12,interior,MLD2,1948.51156
TUNE42PI_FES27,1530,1,labsea,a_ice,0.31410
TUNE42PI_FES27,1530,2,labsea,a_ice,0.33723
TUNE42PI_FES27,1530,3,labsea,a_ice,0.33510
TUNE42PI_FES27,1530,4,labsea,a_ice,0.28940
TUNE42PI_FES27,1530,5,labsea,a_ice,0.23253
TUNE42PI_FES27,1530,6,labsea,a_ice,0.12197
TUNE42PI_FES27,1530,7,labsea,a_ice,0.03310
TUNE42PI_FES27,1530,8,labsea,a_ice,0.00188
TUNE42PI_FES27,1530,9,labsea,a_ice,0.00000
TUNE42PI_FES27,1530,10,labsea,a_ice,0.00015
TUNE42PI_FES27,1530,11,labsea,a_ice,0.03580
TUNE42PI_FES27,1530,12,labsea,a_ice,0.15781
TUNE42PI_FES27,1530,1,interior,a_ice,0.14412
TUNE42PI_FES27,1530,2,interior,a_ice,0.17928
TUNE42PI_FES27,1530,3,interior,a_ice,0.19489
TUNE42PI_FES27,1530,4,interior,a_ice,0.13359
TUNE42PI_FES27,1530,5,interior,a_ice,0.11005
TUNE42PI_FES27,1530,6,interior,a_ice,0.02373
TUNE42PI_FES27,1530,7,interior,a_ice,0.00001
TUNE42PI_FES27,1530,8,interior,a_ice,0.00000
TUNE42PI_FES27,1530,9,interior,a_ice,0.00000
TUNE42PI_FES27,1530,10,interior,a_ice,0.00000
TUNE42PI_FES27,1530,11,interior,a_ice,0.00225
TUNE42PI_FES27,1530,12,interior,a_ice,0.01643
TUNE42PI_FES27,1530,1,labsea,MLD2,1364.62156
TUNE42PI_FES27,1530,2,labsea,MLD2,1331.03314
TUNE42PI_FES27,1530,3,labsea,MLD2,1271.24336
TUNE42PI_FES27,1530,4,labsea,MLD2,1101.48506
TUNE42PI_FES27,1530,5,labsea,MLD2,163.50179
TUNE42PI_FES27,1530,6,labsea,MLD2,20.45699
TUNE42PI_FES27,1530,7,labsea,MLD2,15.80600
TUNE42PI_FES27,1530,8,labsea,MLD2,18.76898
TUNE42PI_FES27,1530,9,labsea,MLD2,24.14690
TUNE42PI_FES27,1530,10,labsea,MLD2,39.21709
TUNE42PI_FES27,1530,11,labsea,MLD2,125.39594
TUNE42PI_FES27,1530,12,labsea,MLD2,911.37330
TUNE42PI_FES27,1530,1,interior,MLD2,1963.77066
TUNE42PI_FES27,1530,2,interior,MLD2,1718.63518
TUNE42PI_FES27,1530,3,interior,MLD2,1516.98920
TUNE42PI_FES27,1530,4,interior,MLD2,1280.30756
TUNE42PI_FES27,1530,5,interior,MLD2,289.50655
TUNE42PI_FES27,1530,6,interior,MLD2,27.57721
TUNE42PI_FES27,1530,7,interior,MLD2,19.37808
TUNE42PI_FES27,1530,8,interior,MLD2,22.23909
TUNE42PI_FES27,1530,9,interior,MLD2,28.43107
TUNE42PI_FES27,1530,10,interior,MLD2,46.48754
TUNE42PI_FES27,1530,11,interior,MLD2,227.57416
TUNE42PI_FES27,1530,12,interior,MLD2,1632.63112
TUNE42PI_FES27,1531,1,labsea,a_ice,0.26080
TUNE42PI_FES27,1531,2,labsea,a_ice,0.31001
TUNE42PI_FES27,1531,3,labsea,a_ice,0.43390
TUNE42PI_FES27,1531,4,labsea,a_ice,0.29229
TUNE42PI_FES27,1531,5,labsea,a_ice,0.18981
TUNE42PI_FES27,1531,6,labsea,a_ice,0.14245
TUNE42PI_FES27,1531,7,labsea,a_ice,0.03051
TUNE42PI_FES27,1531,8,labsea,a_ice,0.00000
TUNE42PI_FES27,1531,9,labsea,a_ice,0.00000
TUNE42PI_FES27,1531,10,labsea,a_ice,0.00001
TUNE42PI_FES27,1531,11,labsea,a_ice,0.01882
TUNE42PI_FES27,1531,12,labsea,a_ice,0.10957
TUNE42PI_FES27,1531,1,interior,a_ice,0.09366
TUNE42PI_FES27,1531,2,interior,a_ice,0.16897
TUNE42PI_FES27,1531,3,interior,a_ice,0.35368
TUNE42PI_FES27,1531,4,interior,a_ice,0.14273
TUNE42PI_FES27,1531,5,interior,a_ice,0.02964
TUNE42PI_FES27,1531,6,interior,a_ice,0.02753
TUNE42PI_FES27,1531,7,interior,a_ice,0.00457
TUNE42PI_FES27,1531,8,interior,a_ice,0.00000
TUNE42PI_FES27,1531,9,interior,a_ice,0.00000
TUNE42PI_FES27,1531,10,interior,a_ice,0.00000
TUNE42PI_FES27,1531,11,interior,a_ice,0.00000
TUNE42PI_FES27,1531,12,interior,a_ice,0.01980
TUNE42PI_FES27,1531,1,labsea,MLD2,1453.42259
TUNE42PI_FES27,1531,2,labsea,MLD2,1320.86634
TUNE42PI_FES27,1531,3,labsea,MLD2,1000.29307
TUNE42PI_FES27,1531,4,labsea,MLD2,764.95519
TUNE42PI_FES27,1531,5,labsea,MLD2,273.51742
TUNE42PI_FES27,1531,6,labsea,MLD2,18.24260
TUNE42PI_FES27,1531,7,labsea,MLD2,14.29672
TUNE42PI_FES27,1531,8,labsea,MLD2,14.91249
TUNE42PI_FES27,1531,9,labsea,MLD2,18.21468
TUNE42PI_FES27,1531,10,labsea,MLD2,31.65539
TUNE42PI_FES27,1531,11,labsea,MLD2,55.00210
TUNE42PI_FES27,1531,12,labsea,MLD2,360.76697
TUNE42PI_FES27,1531,1,interior,MLD2,2204.20605
TUNE42PI_FES27,1531,2,interior,MLD2,1829.56475
TUNE42PI_FES27,1531,3,interior,MLD2,1110.88369
TUNE42PI_FES27,1531,4,interior,MLD2,930.28198
TUNE42PI_FES27,1531,5,interior,MLD2,473.19741
TUNE42PI_FES27,1531,6,interior,MLD2,22.10042
TUNE42PI_FES27,1531,7,interior,MLD2,16.22940
TUNE42PI_FES27,1531,8,interior,MLD2,16.41226
TUNE42PI_FES27,1531,9,interior,MLD2,19.08609
TUNE42PI_FES27,1531,10,interior,MLD2,33.21015
TUNE42PI_FES27,1531,11,interior,MLD2,77.98679
TUNE42PI_FES27,1531,12,interior,MLD2,797.17623
TUNE42PI_FES27,1532,1,labsea,a_ice,0.21299
TUNE42PI_FES27,1532,2,labsea,a_ice,0.28985
TUNE42PI_FES27,1532,3,labsea,a_ice,0.25454
TUNE42PI_FES27,1532,4,labsea,a_ice,0.21497
TUNE42PI_FES27,1532,5,labsea,a_ice,0.19219
TUNE42PI_FES27,1532,6,labsea,a_ice,0.15182
TUNE42PI_FES27,1532,7,labsea,a_ice,0.04538
TUNE42PI_FES27,1532,8,labsea,a_ice,0.00102
TUNE42PI_FES27,1532,9,labsea,a_ice,0.00000
TUNE42PI_FES27,1532,10,labsea,a_ice,0.00212
TUNE42PI_FES27,1532,11,labsea,a_ice,0.03472
TUNE42PI_FES27,1532,12,labsea,a_ice,0.16287
TUNE42PI_FES27,1532,1,interior,a_ice,0.04941
TUNE42PI_FES27,1532,2,interior,a_ice,0.11566
TUNE42PI_FES27,1532,3,interior,a_ice,0.07232
TUNE42PI_FES27,1532,4,interior,a_ice,0.06039
TUNE42PI_FES27,1532,5,interior,a_ice,0.03888
TUNE42PI_FES27,1532,6,interior,a_ice,0.02318
TUNE42PI_FES27,1532,7,interior,a_ice,0.00993
TUNE42PI_FES27,1532,8,interior,a_ice,0.00000
TUNE42PI_FES27,1532,9,interior,a_ice,0.00000
TUNE42PI_FES27,1532,10,interior,a_ice,0.00000
TUNE42PI_FES27,1532,11,interior,a_ice,0.00001
TUNE42PI_FES27,1532,12,interior,a_ice,0.02780
TUNE42PI_FES27,1532,1,labsea,MLD2,1311.14477
TUNE42PI_FES27,1532,2,labsea,MLD2,1486.04114
TUNE42PI_FES27,1532,3,labsea,MLD2,1455.04971
TUNE42PI_FES27,1532,4,labsea,MLD2,1207.84117
TUNE42PI_FES27,1532,5,labsea,MLD2,328.35020
TUNE42PI_FES27,1532,6,labsea,MLD2,41.43922
TUNE42PI_FES27,1532,7,labsea,MLD2,19.77822
TUNE42PI_FES27,1532,8,labsea,MLD2,17.54411
TUNE42PI_FES27,1532,9,labsea,MLD2,23.93744
TUNE42PI_FES27,1532,10,labsea,MLD2,35.57320
TUNE42PI_FES27,1532,11,labsea,MLD2,54.49326
TUNE42PI_FES27,1532,12,labsea,MLD2,495.51528
TUNE42PI_FES27,1532,1,interior,MLD2,2298.97146
TUNE42PI_FES27,1532,2,interior,MLD2,2253.28927
TUNE42PI_FES27,1532,3,interior,MLD2,2067.57850
TUNE42PI_FES27,1532,4,interior,MLD2,1594.94408
TUNE42PI_FES27,1532,5,interior,MLD2,669.22540
TUNE42PI_FES27,1532,6,interior,MLD2,73.10237
TUNE42PI_FES27,1532,7,interior,MLD2,24.46323
TUNE42PI_FES27,1532,8,interior,MLD2,20.34103
TUNE42PI_FES27,1532,9,interior,MLD2,27.59993
TUNE42PI_FES27,1532,10,interior,MLD2,42.19576
TUNE42PI_FES27,1532,11,interior,MLD2,71.93203
TUNE42PI_FES27,1532,12,interior,MLD2,929.31834
TUNE42PI_FES27,1533,1,labsea,a_ice,0.22736
TUNE42PI_FES27,1533,2,labsea,a_ice,0.25574
TUNE42PI_FES27,1533,3,labsea,a_ice,0.30059
TUNE42PI_FES27,1533,4,labsea,a_ice,0.27457
TUNE42PI_FES27,1533,5,labsea,a_ice,0.19534
TUNE42PI_FES27,1533,6,labsea,a_ice,0.08913
TUNE42PI_FES27,1533,7,labsea,a_ice,0.01385
TUNE42PI_FES27,1533,8,labsea,a_ice,0.00000
TUNE42PI_FES27,1533,9,labsea,a_ice,0.00000
TUNE42PI_FES27,1533,10,labsea,a_ice,0.00030
TUNE42PI_FES27,1533,11,labsea,a_ice,0.02244
TUNE42PI_FES27,1533,12,labsea,a_ice,0.11700
TUNE42PI_FES27,1533,1,interior,a_ice,0.05837
TUNE42PI_FES27,1533,2,interior,a_ice,0.07926
TUNE42PI_FES27,1533,3,interior,a_ice,0.11685
TUNE42PI_FES27,1533,4,interior,a_ice,0.12304
TUNE42PI_FES27,1533,5,interior,a_ice,0.05529
TUNE42PI_FES27,1533,6,interior,a_ice,0.01966
TUNE42PI_FES27,1533,7,interior,a_ice,0.00002
TUNE42PI_FES27,1533,8,interior,a_ice,0.00000
TUNE42PI_FES27,1533,9,interior,a_ice,0.00000
TUNE42PI_FES27,1533,10,interior,a_ice,0.00000
TUNE42PI_FES27,1533,11,interior,a_ice,0.00005
TUNE42PI_FES27,1533,12,interior,a_ice,0.00327
TUNE42PI_FES27,1533,1,labsea,MLD2,1142.18256
TUNE42PI_FES27,1533,2,labsea,MLD2,1502.83650
TUNE42PI_FES27,1533,3,labsea,MLD2,1372.63194
TUNE42PI_FES27,1533,4,labsea,MLD2,963.68368
TUNE42PI_FES27,1533,5,labsea,MLD2,194.29914
TUNE42PI_FES27,1533,6,labsea,MLD2,14.30896
TUNE42PI_FES27,1533,7,labsea,MLD2,14.89743
TUNE42PI_FES27,1533,8,labsea,MLD2,17.69561
TUNE42PI_FES27,1533,9,labsea,MLD2,18.55302
TUNE42PI_FES27,1533,10,labsea,MLD2,32.71344
TUNE42PI_FES27,1533,11,labsea,MLD2,74.37900
TUNE42PI_FES27,1533,12,labsea,MLD2,588.30948
TUNE42PI_FES27,1533,1,interior,MLD2,1869.34922
TUNE42PI_FES27,1533,2,interior,MLD2,2218.66309
TUNE42PI_FES27,1533,3,interior,MLD2,2124.47331
TUNE42PI_FES27,1533,4,interior,MLD2,1492.70679
TUNE42PI_FES27,1533,5,interior,MLD2,393.85700
TUNE42PI_FES27,1533,6,interior,MLD2,17.00333
TUNE42PI_FES27,1533,7,interior,MLD2,17.49362
TUNE42PI_FES27,1533,8,interior,MLD2,19.04749
TUNE42PI_FES27,1533,9,interior,MLD2,20.48503
TUNE42PI_FES27,1533,10,interior,MLD2,37.84924
TUNE42PI_FES27,1533,11,interior,MLD2,118.32828
TUNE42PI_FES27,1533,12,interior,MLD2,1183.24712
TUNE42PI_FES27,1534,1,labsea,a_ice,0.24284
TUNE42PI_FES27,1534,2,labsea,a_ice,0.32329
TUNE42PI_FES27,1534,3,labsea,a_ice,0.34657
TUNE42PI_FES27,1534,4,labsea,a_ice,0.27488
TUNE42PI_FES27,1534,5,labsea,a_ice,0.18660
TUNE42PI_FES27,1534,6,labsea,a_ice,0.06099
TUNE42PI_FES27,1534,7,labsea,a_ice,0.00144
TUNE42PI_FES27,1534,8,labsea,a_ice,0.00000
TUNE42PI_FES27,1534,9,labsea,a_ice,0.00000
TUNE42PI_FES27,1534,10,labsea,a_ice,0.00000
TUNE42PI_FES27,1534,11,labsea,a_ice,0.01832
TUNE42PI_FES27,1534,12,labsea,a_ice,0.12990
TUNE42PI_FES27,1534,1,interior,a_ice,0.07499
TUNE42PI_FES27,1534,2,interior,a_ice,0.17506
TUNE42PI_FES27,1534,3,interior,a_ice,0.23921
TUNE42PI_FES27,1534,4,interior,a_ice,0.12061
TUNE42PI_FES27,1534,5,interior,a_ice,0.03964
TUNE42PI_FES27,1534,6,interior,a_ice,0.00355
TUNE42PI_FES27,1534,7,interior,a_ice,0.00000
TUNE42PI_FES27,1534,8,interior,a_ice,0.00000
TUNE42PI_FES27,1534,9,interior,a_ice,0.00000
TUNE42PI_FES27,1534,10,interior,a_ice,0.00000
TUNE42PI_FES27,1534,11,interior,a_ice,0.00000
TUNE42PI_FES27,1534,12,interior,a_ice,0.02603
TUNE42PI_FES27,1534,1,labsea,MLD2,1226.63954
TUNE42PI_FES27,1534,2,labsea,MLD2,1356.01900
TUNE42PI_FES27,1534,3,labsea,MLD2,1096.61690
TUNE42PI_FES27,1534,4,labsea,MLD2,693.20273
TUNE42PI_FES27,1534,5,labsea,MLD2,64.03468
TUNE42PI_FES27,1534,6,labsea,MLD2,15.93180
TUNE42PI_FES27,1534,7,labsea,MLD2,10.73700
TUNE42PI_FES27,1534,8,labsea,MLD2,16.60802
TUNE42PI_FES27,1534,9,labsea,MLD2,21.23983
TUNE42PI_FES27,1534,10,labsea,MLD2,32.34017
TUNE42PI_FES27,1534,11,labsea,MLD2,64.44294
TUNE42PI_FES27,1534,12,labsea,MLD2,409.95201
TUNE42PI_FES27,1534,1,interior,MLD2,1908.87594
TUNE42PI_FES27,1534,2,interior,MLD2,1920.05895
TUNE42PI_FES27,1534,3,interior,MLD2,1291.10712
TUNE42PI_FES27,1534,4,interior,MLD2,799.52594
TUNE42PI_FES27,1534,5,interior,MLD2,153.06033
TUNE42PI_FES27,1534,6,interior,MLD2,16.94325
TUNE42PI_FES27,1534,7,interior,MLD2,11.18811
TUNE42PI_FES27,1534,8,interior,MLD2,17.95134
TUNE42PI_FES27,1534,9,interior,MLD2,23.25579
TUNE42PI_FES27,1534,10,interior,MLD2,36.21404
TUNE42PI_FES27,1534,11,interior,MLD2,83.84257
TUNE42PI_FES27,1534,12,interior,MLD2,731.44628
TUNE42PI_FES27,1535,1,labsea,a_ice,0.27342
TUNE42PI_FES27,1535,2,labsea,a_ice,0.36170
TUNE42PI_FES27,1535,3,labsea,a_ice,0.40298
TUNE42PI_FES27,1535,4,labsea,a_ice,0.41333
TUNE42PI_FES27,1535,5,labsea,a_ice,0.34665
TUNE42PI_FES27,1535,6,labsea,a_ice,0.20466
TUNE42PI_FES27,1535,7,labsea,a_ice,0.08558
TUNE42PI_FES27,1535,8,labsea,a_ice,0.01266
TUNE42PI_FES27,1535,9,labsea,a_ice,0.00000
TUNE42PI_FES27,1535,10,labsea,a_ice,0.00079
TUNE42PI_FES27,1535,11,labsea,a_ice,0.04888
TUNE42PI_FES27,1535,12,labsea,a_ice,0.18842
TUNE42PI_FES27,1535,1,interior,a_ice,0.08740
TUNE42PI_FES27,1535,2,interior,a_ice,0.21761
TUNE42PI_FES27,1535,3,interior,a_ice,0.32859
TUNE42PI_FES27,1535,4,interior,a_ice,0.39213
TUNE42PI_FES27,1535,5,interior,a_ice,0.27794
TUNE42PI_FES27,1535,6,interior,a_ice,0.07629
TUNE42PI_FES27,1535,7,interior,a_ice,0.02111
TUNE42PI_FES27,1535,8,interior,a_ice,0.00130
TUNE42PI_FES27,1535,9,interior,a_ice,0.00000
TUNE42PI_FES27,1535,10,interior,a_ice,0.00000
TUNE42PI_FES27,1535,11,interior,a_ice,0.00043
TUNE42PI_FES27,1535,12,interior,a_ice,0.03604
TUNE42PI_FES27,1535,1,labsea,MLD2,1205.20887
TUNE42PI_FES27,1535,2,labsea,MLD2,1220.10269
TUNE42PI_FES27,1535,3,labsea,MLD2,1068.95257
TUNE42PI_FES27,1535,4,labsea,MLD2,970.53361
TUNE42PI_FES27,1535,5,labsea,MLD2,641.69940
TUNE42PI_FES27,1535,6,labsea,MLD2,77.47104
TUNE42PI_FES27,1535,7,labsea,MLD2,13.25158
TUNE42PI_FES27,1535,8,labsea,MLD2,11.78594
TUNE42PI_FES27,1535,9,labsea,MLD2,18.96404
TUNE42PI_FES27,1535,10,labsea,MLD2,28.92376
TUNE42PI_FES27,1535,11,labsea,MLD2,132.67967
TUNE42PI_FES27,1535,12,labsea,MLD2,810.74782
TUNE42PI_FES27,1535,1,interior,MLD2,2085.85213
TUNE42PI_FES27,1535,2,interior,MLD2,1833.63085
TUNE42PI_FES27,1535,3,interior,MLD2,1296.16613
TUNE42PI_FES27,1535,4,interior,MLD2,984.50472
TUNE42PI_FES27,1535,5,interior,MLD2,467.78386
TUNE42PI_FES27,1535,6,interior,MLD2,43.99319
TUNE42PI_FES27,1535,7,interior,MLD2,15.47568
TUNE42PI_FES27,1535,8,interior,MLD2,12.71034
TUNE42PI_FES27,1535,9,interior,MLD2,20.39061
TUNE42PI_FES27,1535,10,interior,MLD2,33.70210
TUNE42PI_FES27,1535,11,interior,MLD2,228.32582
TUNE42PI_FES27,1535,12,interior,MLD2,1558.04229
TUNE42PI_FES27,1536,1,labsea,a_ice,0.30686
TUNE42PI_FES27,1536,2,labsea,a_ice,0.39423
TUNE42PI_FES27,1536,3,labsea,a_ice,0.41217
TUNE42PI_FES27,1536,4,labsea,a_ice,0.35771
TUNE42PI_FES27,1536,5,labsea,a_ice,0.29374
TUNE42PI_FES27,1536,6,labsea,a_ice,0.09730
TUNE42PI_FES27,1536,7,labsea,a_ice,0.00030
TUNE42PI_FES27,1536,8,labsea,a_ice,0.00000
TUNE42PI_FES27,1536,9,labsea,a_ice,0.00000
TUNE42PI_FES27,1536,10,labsea,a_ice,0.00000
TUNE42PI_FES27,1536,11,labsea,a_ice,0.00641
TUNE42PI_FES27,1536,12,labsea,a_ice,0.11916
TUNE42PI_FES27,1536,1,interior,a_ice,0.12496
TUNE42PI_FES27,1536,2,interior,a_ice,0.33251
TUNE42PI_FES27,1536,3,interior,a_ice,0.37294
TUNE42PI_FES27,1536,4,interior,a_ice,0.20527
TUNE42PI_FES27,1536,5,interior,a_ice,0.11818
TUNE42PI_FES27,1536,6,interior,a_ice,0.03450
TUNE42PI_FES27,1536,7,interior,a_ice,0.00000
TUNE42PI_FES27,1536,8,interior,a_ice,0.00000
TUNE42PI_FES27,1536,9,interior,a_ice,0.00000
TUNE42PI_FES27,1536,10,interior,a_ice,0.00000
TUNE42PI_FES27,1536,11,interior,a_ice,0.00000
TUNE42PI_FES27,1536,12,interior,a_ice,0.01117
TUNE42PI_FES27,1536,1,labsea,MLD2,1206.71288
TUNE42PI_FES27,1536,2,labsea,MLD2,1209.89189
TUNE42PI_FES27,1536,3,labsea,MLD2,1092.57478
TUNE42PI_FES27,1536,4,labsea,MLD2,915.86622
TUNE42PI_FES27,1536,5,labsea,MLD2,380.02707
TUNE42PI_FES27,1536,6,labsea,MLD2,14.70283
TUNE42PI_FES27,1536,7,labsea,MLD2,13.74607
TUNE42PI_FES27,1536,8,labsea,MLD2,17.88973
TUNE42PI_FES27,1536,9,labsea,MLD2,25.40493
TUNE42PI_FES27,1536,10,labsea,MLD2,42.11748
TUNE42PI_FES27,1536,11,labsea,MLD2,75.60104
TUNE42PI_FES27,1536,12,labsea,MLD2,518.38746
TUNE42PI_FES27,1536,1,interior,MLD2,1919.29665
TUNE42PI_FES27,1536,2,interior,MLD2,1429.11813
TUNE42PI_FES27,1536,3,interior,MLD2,1166.28490
TUNE42PI_FES27,1536,4,interior,MLD2,1154.33472
TUNE42PI_FES27,1536,5,interior,MLD2,692.14520
TUNE42PI_FES27,1536,6,interior,MLD2,18.15595
TUNE42PI_FES27,1536,7,interior,MLD2,16.57779
TUNE42PI_FES27,1536,8,interior,MLD2,20.22588
TUNE42PI_FES27,1536,9,interior,MLD2,28.77031
TUNE42PI_FES27,1536,10,interior,MLD2,50.66889
TUNE42PI_FES27,1536,11,interior,MLD2,112.52594
TUNE42PI_FES27,1536,12,interior,MLD2,1157.04984
TUNE42PI_FES27,1537,1,labsea,a_ice,0.21594
TUNE42PI_FES27,1537,2,labsea,a_ice,0.27640
TUNE42PI_FES27,1537,3,labsea,a_ice,0.33993
TUNE42PI_FES27,1537,4,labsea,a_ice,0.35956
TUNE42PI_FES27,1537,5,labsea,a_ice,0.32493
TUNE42PI_FES27,1537,6,labsea,a_ice,0.15629
TUNE42PI_FES27,1537,7,labsea,a_ice,0.03851
TUNE42PI_FES27,1537,8,labsea,a_ice,0.00072
TUNE42PI_FES27,1537,9,labsea,a_ice,0.00016
TUNE42PI_FES27,1537,10,labsea,a_ice,0.00637
TUNE42PI_FES27,1537,11,labsea,a_ice,0.03185
TUNE42PI_FES27,1537,12,labsea,a_ice,0.16190
TUNE42PI_FES27,1537,1,interior,a_ice,0.04596
TUNE42PI_FES27,1537,2,interior,a_ice,0.07645
TUNE42PI_FES27,1537,3,interior,a_ice,0.13708
TUNE42PI_FES27,1537,4,interior,a_ice,0.27533
TUNE42PI_FES27,1537,5,interior,a_ice,0.21907
TUNE42PI_FES27,1537,6,interior,a_ice,0.08011
TUNE42PI_FES27,1537,7,interior,a_ice,0.00033
TUNE42PI_FES27,1537,8,interior,a_ice,0.00000
TUNE42PI_FES27,1537,9,interior,a_ice,0.00000
TUNE42PI_FES27,1537,10,interior,a_ice,0.00000
TUNE42PI_FES27,1537,11,interior,a_ice,0.00000
TUNE42PI_FES27,1537,12,interior,a_ice,0.03480
TUNE42PI_FES27,1537,1,labsea,MLD2,1355.99809
TUNE42PI_FES27,1537,2,labsea,MLD2,1428.18599
TUNE42PI_FES27,1537,3,labsea,MLD2,1321.17885
TUNE42PI_FES27,1537,4,labsea,MLD2,1044.68116
TUNE42PI_FES27,1537,5,labsea,MLD2,663.34723
TUNE42PI_FES27,1537,6,labsea,MLD2,50.88153
TUNE42PI_FES27,1537,7,labsea,MLD2,15.29425
TUNE42PI_FES27,1537,8,labsea,MLD2,15.59625
TUNE42PI_FES27,1537,9,labsea,MLD2,17.89064
TUNE42PI_FES27,1537,10,labsea,MLD2,24.68438
TUNE42PI_FES27,1537,11,labsea,MLD2,38.49188
TUNE42PI_FES27,1537,12,labsea,MLD2,143.48356
TUNE42PI_FES27,1537,1,interior,MLD2,2234.55084
TUNE42PI_FES27,1537,2,interior,MLD2,2208.69333
TUNE42PI_FES27,1537,3,interior,MLD2,1998.41506
TUNE42PI_FES27,1537,4,interior,MLD2,1319.69173
TUNE42PI_FES27,1537,5,interior,MLD2,767.39288
TUNE42PI_FES27,1537,6,interior,MLD2,67.16211
TUNE42PI_FES27,1537,7,interior,MLD2,17.09748
TUNE42PI_FES27,1537,8,interior,MLD2,17.29049
TUNE42PI_FES27,1537,9,interior,MLD2,18.27641
TUNE42PI_FES27,1537,10,interior,MLD2,25.81065
TUNE42PI_FES27,1537,11,interior,MLD2,43.39351
TUNE42PI_FES27,1537,12,interior,MLD2,250.59802
TUNE42PI_FES27,1538,1,labsea,a_ice,0.26820
TUNE42PI_FES27,1538,2,labsea,a_ice,0.31066
TUNE42PI_FES27,1538,3,labsea,a_ice,0.26230
TUNE42PI_FES27,1538,4,labsea,a_ice,0.26333
TUNE42PI_FES27,1538,5,labsea,a_ice,0.23664
TUNE42PI_FES27,1538,6,labsea,a_ice,0.10994
TUNE42PI_FES27,1538,7,labsea,a_ice,0.02698
TUNE42PI_FES27,1538,8,labsea,a_ice,0.00023
TUNE42PI_FES27,1538,9,labsea,a_ice,0.00000
TUNE42PI_FES27,1538,10,labsea,a_ice,0.00011
TUNE42PI_FES27,1538,11,labsea,a_ice,0.02075
TUNE42PI_FES27,1538,12,labsea,a_ice,0.12371
TUNE42PI_FES27,1538,1,interior,a_ice,0.07118
TUNE42PI_FES27,1538,2,interior,a_ice,0.10040
TUNE42PI_FES27,1538,3,interior,a_ice,0.08232
TUNE42PI_FES27,1538,4,interior,a_ice,0.09100
TUNE42PI_FES27,1538,5,interior,a_ice,0.07355
TUNE42PI_FES27,1538,6,interior,a_ice,0.00904
TUNE42PI_FES27,1538,7,interior,a_ice,0.00000
TUNE42PI_FES27,1538,8,interior,a_ice,0.00000
TUNE42PI_FES27,1538,9,interior,a_ice,0.00000
TUNE42PI_FES27,1538,10,interior,a_ice,0.00000
TUNE42PI_FES27,1538,11,interior,a_ice,0.00036
TUNE42PI_FES27,1538,12,interior,a_ice,0.01344
TUNE42PI_FES27,1538,1,labsea,MLD2,929.39716
TUNE42PI_FES27,1538,2,labsea,MLD2,1295.65517
TUNE42PI_FES27,1538,3,labsea,MLD2,1249.49044
TUNE42PI_FES27,1538,4,labsea,MLD2,984.99106
TUNE42PI_FES27,1538,5,labsea,MLD2,426.08579
TUNE42PI_FES27,1538,6,labsea,MLD2,17.14057
TUNE42PI_FES27,1538,7,labsea,MLD2,14.91962
TUNE42PI_FES27,1538,8,labsea,MLD2,16.34894
TUNE42PI_FES27,1538,9,labsea,MLD2,25.73574
TUNE42PI_FES27,1538,10,labsea,MLD2,39.97693
TUNE42PI_FES27,1538,11,labsea,MLD2,105.81783
TUNE42PI_FES27,1538,12,labsea,MLD2,596.58958
TUNE42PI_FES27,1538,1,interior,MLD2,1775.11272
TUNE42PI_FES27,1538,2,interior,MLD2,2183.70463
TUNE42PI_FES27,1538,3,interior,MLD2,2018.63512
TUNE42PI_FES27,1538,4,interior,MLD2,1690.98325
TUNE42PI_FES27,1538,5,interior,MLD2,854.19752
TUNE42PI_FES27,1538,6,interior,MLD2,21.91988
TUNE42PI_FES27,1538,7,interior,MLD2,18.68254
TUNE42PI_FES27,1538,8,interior,MLD2,18.48424
TUNE42PI_FES27,1538,9,interior,MLD2,29.33618
TUNE42PI_FES27,1538,10,interior,MLD2,43.20508
TUNE42PI_FES27,1538,11,interior,MLD2,117.00311
TUNE42PI_FES27,1538,12,interior,MLD2,892.69391
TUNE42PI_FES27,1539,1,labsea,a_ice,0.18120
TUNE42PI_FES27,1539,2,labsea,a_ice,0.25941
TUNE42PI_FES27,1539,3,labsea,a_ice,0.26852
TUNE42PI_FES27,1539,4,labsea,a_ice,0.24811
TUNE42PI_FES27,1539,5,labsea,a_ice,0.22712
TUNE42PI_FES27,1539,6,labsea,a_ice,0.09465
TUNE42PI_FES27,1539,7,labsea,a_ice,0.00862
TUNE42PI_FES27,1539,8,labsea,a_ice,0.00000
TUNE42PI_FES27,1539,9,labsea,a_ice,0.00000
TUNE42PI_FES27,1539,10,labsea,a_ice,0.00016
TUNE42PI_FES27,1539,11,labsea,a_ice,0.06265
TUNE42PI_FES27,1539,12,labsea,a_ice,0.20913
TUNE42PI_FES27,1539,1,interior,a_ice,0.02411
TUNE42PI_FES27,1539,2,interior,a_ice,0.09293
TUNE42PI_FES27,1539,3,interior,a_ice,0.09439
TUNE42PI_FES27,1539,4,interior,a_ice,0.05763
TUNE42PI_FES27,1539,5,interior,a_ice,0.04914
TUNE42PI_FES27,1539,6,interior,a_ice,0.02034
TUNE42PI_FES27,1539,7,interior,a_ice,0.00000
TUNE42PI_FES27,1539,8,interior,a_ice,0.00000
TUNE42PI_FES27,1539,9,interior,a_ice,0.00000
TUNE42PI_FES27,1539,10,interior,a_ice,0.00000
TUNE42PI_FES27,1539,11,interior,a_ice,0.01060
TUNE42PI_FES27,1539,12,interior,a_ice,0.04444
TUNE42PI_FES27,1539,1,labsea,MLD2,1210.70658
TUNE42PI_FES27,1539,2,labsea,MLD2,1371.72165
TUNE42PI_FES27,1539,3,labsea,MLD2,1199.70361
TUNE42PI_FES27,1539,4,labsea,MLD2,1023.86061
TUNE42PI_FES27,1539,5,labsea,MLD2,407.56661
TUNE42PI_FES27,1539,6,labsea,MLD2,20.28007
TUNE42PI_FES27,1539,7,labsea,MLD2,14.93400
TUNE42PI_FES27,1539,8,labsea,MLD2,16.69523
TUNE42PI_FES27,1539,9,labsea,MLD2,25.70892
TUNE42PI_FES27,1539,10,labsea,MLD2,39.81868
TUNE42PI_FES27,1539,11,labsea,MLD2,217.41171
TUNE42PI_FES27,1539,12,labsea,MLD2,998.63808
TUNE42PI_FES27,1539,1,interior,MLD2,1826.86934
TUNE42PI_FES27,1539,2,interior,MLD2,1971.31305
TUNE42PI_FES27,1539,3,interior,MLD2,1606.70827
TUNE42PI_FES27,1539,4,interior,MLD2,1400.63336
TUNE42PI_FES27,1539,5,interior,MLD2,767.99868
TUNE42PI_FES27,1539,6,interior,MLD2,27.40844
TUNE42PI_FES27,1539,7,interior,MLD2,19.27305
TUNE42PI_FES27,1539,8,interior,MLD2,18.95901
TUNE42PI_FES27,1539,9,interior,MLD2,29.29958
TUNE42PI_FES27,1539,10,interior,MLD2,47.49628
TUNE42PI_FES27,1539,11,interior,MLD2,467.20802
TUNE42PI_FES27,1539,12,interior,MLD2,1639.71724
TUNE42PI_FES27,1540,1,labsea,a_ice,0.27819
TUNE42PI_FES27,1540,2,labsea,a_ice,0.25130
TUNE42PI_FES27,1540,3,labsea,a_ice,0.28133
TUNE42PI_FES27,1540,4,labsea,a_ice,0.30833
TUNE42PI_FES27,1540,5,labsea,a_ice,0.18591
TUNE42PI_FES27,1540,6,labsea,a_ice,0.09509
TUNE42PI_FES27,1540,7,labsea,a_ice,0.02976
TUNE42PI_FES27,1540,8,labsea,a_ice,0.00391
TUNE42PI_FES27,1540,9,labsea,a_ice,0.00000
TUNE42PI_FES27,1540,10,labsea,a_ice,0.00028
TUNE42PI_FES27,1540,11,labsea,a_ice,0.04207
TUNE42PI_FES27,1540,12,labsea,a_ice,0.12156
TUNE42PI_FES27,1540,1,interior,a_ice,0.10154
TUNE42PI_FES27,1540,2,interior,a_ice,0.04710
TUNE42PI_FES27,1540,3,interior,a_ice,0.08597
TUNE42PI_FES27,1540,4,interior,a_ice,0.11157
TUNE42PI_FES27,1540,5,interior,a_ice,0.03601
TUNE42PI_FES27,1540,6,interior,a_ice,0.00163
TUNE42PI_FES27,1540,7,interior,a_ice,0.00000
TUNE42PI_FES27,1540,8,interior,a_ice,0.00000
TUNE42PI_FES27,1540,9,interior,a_ice,0.00000
TUNE42PI_FES27,1540,10,interior,a_ice,0.00000
TUNE42PI_FES27,1540,11,interior,a_ice,0.00003
TUNE42PI_FES27,1540,12,interior,a_ice,0.00781
TUNE42PI_FES27,1540,1,labsea,MLD2,1354.36781
TUNE42PI_FES27,1540,2,labsea,MLD2,1405.14241
TUNE42PI_FES27,1540,3,labsea,MLD2,1321.74514
TUNE42PI_FES27,1540,4,labsea,MLD2,1036.12504
TUNE42PI_FES27,1540,5,labsea,MLD2,293.15046
TUNE42PI_FES27,1540,6,labsea,MLD2,20.04416
TUNE42PI_FES27,1540,7,labsea,MLD2,13.92639
TUNE42PI_FES27,1540,8,labsea,MLD2,14.91990
TUNE42PI_FES27,1540,9,labsea,MLD2,17.65013
TUNE42PI_FES27,1540,10,labsea,MLD2,31.08758
TUNE42PI_FES27,1540,11,labsea,MLD2,122.74446
TUNE42PI_FES27,1540,12,labsea,MLD2,614.55272
TUNE42PI_FES27,1540,1,interior,MLD2,1997.02473
TUNE42PI_FES27,1540,2,interior,MLD2,2186.11799
TUNE42PI_FES27,1540,3,interior,MLD2,1937.04608
TUNE42PI_FES27,1540,4,interior,MLD2,1396.54036
TUNE42PI_FES27,1540,5,interior,MLD2,416.40589
TUNE42PI_FES27,1540,6,interior,MLD2,23.64405
TUNE42PI_FES27,1540,7,interior,MLD2,16.74437
TUNE42PI_FES27,1540,8,interior,MLD2,16.99119
TUNE42PI_FES27,1540,9,interior,MLD2,20.78094
TUNE42PI_FES27,1540,10,interior,MLD2,38.42016
TUNE42PI_FES27,1540,11,interior,MLD2,232.71713
TUNE42PI_FES27,1540,12,interior,MLD2,1372.88762
TUNE42PI_FES27,1541,1,labsea,a_ice,0.21050
TUNE42PI_FES27,1541,2,labsea,a_ice,0.28086
TUNE42PI_FES27,1541,3,labsea,a_ice,0.29418
TUNE42PI_FES27,1541,4,labsea,a_ice,0.27329
TUNE42PI_FES27,1541,5,labsea,a_ice,0.21216
TUNE42PI_FES27,1541,6,labsea,a_ice,0.09137
TUNE42PI_FES27,1541,7,labsea,a_ice,0.01772
TUNE42PI_FES27,1541,8,labsea,a_ice,0.00000
TUNE42PI_FES27,1541,9,labsea,a_ice,0.00000
TUNE42PI_FES27,1541,10,labsea,a_ice,0.00001
TUNE42PI_FES27,1541,11,labsea,a_ice,0.01850
TUNE42PI_FES27,1541,12,labsea,a_ice,0.13186
TUNE42PI_FES27,1541,1,interior,a_ice,0.03510
TUNE42PI_FES27,1541,2,interior,a_ice,0.05691
TUNE42PI_FES27,1541,3,interior,a_ice,0.06658
TUNE42PI_FES27,1541,4,interior,a_ice,0.05450
TUNE42PI_FES27,1541,5,interior,a_ice,0.02918
TUNE42PI_FES27,1541,6,interior,a_ice,0.00276
TUNE42PI_FES27,1541,7,interior,a_ice,0.00000
TUNE42PI_FES27,1541,8,interior,a_ice,0.00000
TUNE42PI_FES27,1541,9,interior,a_ice,0.00000
TUNE42PI_FES27,1541,10,interior,a_ice,0.00000
TUNE42PI_FES27,1541,11,interior,a_ice,0.00001
TUNE42PI_FES27,1541,12,interior,a_ice,0.02679
TUNE42PI_FES27,1541,1,labsea,MLD2,1112.02024
TUNE42PI_FES27,1541,2,labsea,MLD2,1388.90789
TUNE42PI_FES27,1541,3,labsea,MLD2,1328.43965
TUNE42PI_FES27,1541,4,labsea,MLD2,1267.03280
TUNE42PI_FES27,1541,5,labsea,MLD2,408.11223
TUNE42PI_FES27,1541,6,labsea,MLD2,22.07292
TUNE42PI_FES27,1541,7,labsea,MLD2,12.44643
TUNE42PI_FES27,1541,8,labsea,MLD2,13.55662
TUNE42PI_FES27,1541,9,labsea,MLD2,23.99374
TUNE42PI_FES27,1541,10,labsea,MLD2,36.03890
TUNE42PI_FES27,1541,11,labsea,MLD2,76.38449
TUNE42PI_FES27,1541,12,labsea,MLD2,437.90795
TUNE42PI_FES27,1541,1,interior,MLD2,2083.22899
TUNE42PI_FES27,1541,2,interior,MLD2,2320.36019
TUNE42PI_FES27,1541,3,interior,MLD2,2210.34650
TUNE42PI_FES27,1541,4,interior,MLD2,2011.91945
TUNE42PI_FES27,1541,5,interior,MLD2,748.39694
TUNE42PI_FES27,1541,6,interior,MLD2,30.17809
TUNE42PI_FES27,1541,7,interior,MLD2,13.01413
TUNE42PI_FES27,1541,8,interior,MLD2,15.77271
TUNE42PI_FES27,1541,9,interior,MLD2,28.21582
TUNE42PI_FES27,1541,10,interior,MLD2,43.61486
TUNE42PI_FES27,1541,11,interior,MLD2,118.55716
TUNE42PI_FES27,1541,12,interior,MLD2,860.28435
TUNE42PI_FES27,1542,1,labsea,a_ice,0.20079
TUNE42PI_FES27,1542,2,labsea,a_ice,0.24498
TUNE42PI_FES27,1542,3,labsea,a_ice,0.32407
TUNE42PI_FES27,1542,4,labsea,a_ice,0.35550
TUNE42PI_FES27,1542,5,labsea,a_ice,0.30246
TUNE42PI_FES27,1542,6,labsea,a_ice,0.16113
TUNE42PI_FES27,1542,7,labsea,a_ice,0.03589
TUNE42PI_FES27,1542,8,labsea,a_ice,0.00007
TUNE42PI_FES27,1542,9,labsea,a_ice,0.00000
TUNE42PI_FES27,1542,10,labsea,a_ice,0.00000
TUNE42PI_FES27,1542,11,labsea,a_ice,0.02290
TUNE42PI_FES27,1542,12,labsea,a_ice,0.14294
TUNE42PI_FES27,1542,1,interior,a_ice,0.04393
TUNE42PI_FES27,1542,2,interior,a_ice,0.06581
TUNE42PI_FES27,1542,3,interior,a_ice,0.15767
TUNE42PI_FES27,1542,4,interior,a_ice,0.21562
TUNE42PI_FES27,1542,5,interior,a_ice,0.14700
TUNE42PI_FES27,1542,6,interior,a_ice,0.02372
TUNE42PI_FES27,1542,7,interior,a_ice,0.00101
TUNE42PI_FES27,1542,8,interior,a_ice,0.00000
TUNE42PI_FES27,1542,9,interior,a_ice,0.00000
TUNE42PI_FES27,1542,10,interior,a_ice,0.00000
TUNE42PI_FES27,1542,11,interior,a_ice,0.00017
TUNE42PI_FES27,1542,12,interior,a_ice,0.01737
TUNE42PI_FES27,1542,1,labsea,MLD2,1352.37406
TUNE42PI_FES27,1542,2,labsea,MLD2,1539.00438
TUNE42PI_FES27,1542,3,labsea,MLD2,1310.66755
TUNE42PI_FES27,1542,4,labsea,MLD2,1041.89556
TUNE42PI_FES27,1542,5,labsea,MLD2,814.15581
TUNE42PI_FES27,1542,6,labsea,MLD2,104.02681
TUNE42PI_FES27,1542,7,labsea,MLD2,16.53566
TUNE42PI_FES27,1542,8,labsea,MLD2,13.74906
TUNE42PI_FES27,1542,9,labsea,MLD2,20.46564
TUNE42PI_FES27,1542,10,labsea,MLD2,34.19503
TUNE42PI_FES27,1542,11,labsea,MLD2,126.65644
TUNE42PI_FES27,1542,12,labsea,MLD2,546.84684
TUNE42PI_FES27,1542,1,interior,MLD2,2152.56433
TUNE42PI_FES27,1542,2,interior,MLD2,2298.00611
TUNE42PI_FES27,1542,3,interior,MLD2,1804.22398
TUNE42PI_FES27,1542,4,interior,MLD2,1127.32410
TUNE42PI_FES27,1542,5,interior,MLD2,801.55588
TUNE42PI_FES27,1542,6,interior,MLD2,140.08664
TUNE42PI_FES27,1542,7,interior,MLD2,19.37557
TUNE42PI_FES27,1542,8,interior,MLD2,15.67011
TUNE42PI_FES27,1542,9,interior,MLD2,24.13502
TUNE42PI_FES27,1542,10,interior,MLD2,43.71520
TUNE42PI_FES27,1542,11,interior,MLD2,278.72459
TUNE42PI_FES27,1542,12,interior,MLD2,1267.01439
TUNE42PI_FES27,1543,1,labsea,a_ice,0.29628
TUNE42PI_FES27,1543,2,labsea,a_ice,0.31313
TUNE42PI_FES27,1543,3,labsea,a_ice,0.36549
TUNE42PI_FES27,1543,4,labsea,a_ice,0.34842
TUNE42PI_FES27,1543,5,labsea,a_ice,0.23428
TUNE42PI_FES27,1543,6,labsea,a_ice,0.10412
TUNE42PI_FES27,1543,7,labsea,a_ice,0.01739
TUNE42PI_FES27,1543,8,labsea,a_ice,0.00035
TUNE42PI_FES27,1543,9,labsea,a_ice,0.00000
TUNE42PI_FES27,1543,10,labsea,a_ice,0.00982
TUNE42PI_FES27,1543,11,labsea,a_ice,0.07997
TUNE42PI_FES27,1543,12,labsea,a_ice,0.18602
TUNE42PI_FES27,1543,1,interior,a_ice,0.17278
TUNE42PI_FES27,1543,2,interior,a_ice,0.23815
TUNE42PI_FES27,1543,3,interior,a_ice,0.26178
TUNE42PI_FES27,1543,4,interior,a_ice,0.16188
TUNE42PI_FES27,1543,5,interior,a_ice,0.04846
TUNE42PI_FES27,1543,6,interior,a_ice,0.00641
TUNE42PI_FES27,1543,7,interior,a_ice,0.00000
TUNE42PI_FES27,1543,8,interior,a_ice,0.00000
TUNE42PI_FES27,1543,9,interior,a_ice,0.00000
TUNE42PI_FES27,1543,10,interior,a_ice,0.00000
TUNE42PI_FES27,1543,11,interior,a_ice,0.00700
TUNE42PI_FES27,1543,12,interior,a_ice,0.03758
TUNE42PI_FES27,1543,1,labsea,MLD2,1056.92799
TUNE42PI_FES27,1543,2,labsea,MLD2,1065.63502
TUNE42PI_FES27,1543,3,labsea,MLD2,1120.95993
TUNE42PI_FES27,1543,4,labsea,MLD2,966.42607
TUNE42PI_FES27,1543,5,labsea,MLD2,375.87821
TUNE42PI_FES27,1543,6,labsea,MLD2,16.88467
TUNE42PI_FES27,1543,7,labsea,MLD2,14.42458
TUNE42PI_FES27,1543,8,labsea,MLD2,16.32474
TUNE42PI_FES27,1543,9,labsea,MLD2,24.79420
TUNE42PI_FES27,1543,10,labsea,MLD2,35.01191
TUNE42PI_FES27,1543,11,labsea,MLD2,77.01149
TUNE42PI_FES27,1543,12,labsea,MLD2,427.97160
TUNE42PI_FES27,1543,1,interior,MLD2,1777.21207
TUNE42PI_FES27,1543,2,interior,MLD2,1032.46370
TUNE42PI_FES27,1543,3,interior,MLD2,1314.85906
TUNE42PI_FES27,1543,4,interior,MLD2,1385.81527
TUNE42PI_FES27,1543,5,interior,MLD2,596.58162
TUNE42PI_FES27,1543,6,interior,MLD2,21.32149
TUNE42PI_FES27,1543,7,interior,MLD2,17.49466
TUNE42PI_FES27,1543,8,interior,MLD2,19.58873
TUNE42PI_FES27,1543,9,interior,MLD2,28.40232
TUNE42PI_FES27,1543,10,interior,MLD2,38.63414
TUNE42PI_FES27,1543,11,interior,MLD2,124.26151
TUNE42PI_FES27,1543,12,interior,MLD2,854.81692
TUNE42PI_FES27,1544,1,labsea,a_ice,0.39201
TUNE42PI_FES27,1544,2,labsea,a_ice,0.49345
TUNE42PI_FES27,1544,3,labsea,a_ice,0.65860
TUNE42PI_FES27,1544,4,labsea,a_ice,0.63124
TUNE42PI_FES27,1544,5,labsea,a_ice,0.46329
TUNE42PI_FES27,1544,6,labsea,a_ice,0.25439
TUNE42PI_FES27,1544,7,labsea,a_ice,0.07027
TUNE42PI_FES27,1544,8,labsea,a_ice,0.00325
TUNE42PI_FES27,1544,9,labsea,a_ice,0.00000
TUNE42PI_FES27,1544,10,labsea,a_ice,0.00347
TUNE42PI_FES27,1544,11,labsea,a_ice,0.08084
TUNE42PI_FES27,1544,12,labsea,a_ice,0.22540
TUNE42PI_FES27,1544,1,interior,a_ice,0.17981
TUNE42PI_FES27,1544,2,interior,a_ice,0.47141
TUNE42PI_FES27,1544,3,interior,a_ice,0.77339
TUNE42PI_FES27,1544,4,interior,a_ice,0.78836
TUNE42PI_FES27,1544,5,interior,a_ice,0.47939
TUNE42PI_FES27,1544,6,interior,a_ice,0.10783
TUNE42PI_FES27,1544,7,interior,a_ice,0.00892
TUNE42PI_FES27,1544,8,interior,a_ice,0.00000
TUNE42PI_FES27,1544,9,interior,a_ice,0.00000
TUNE42PI_FES27,1544,10,interior,a_ice,0.00000
TUNE42PI_FES27,1544,11,interior,a_ice,0.01068
TUNE42PI_FES27,1544,12,interior,a_ice,0.06553
TUNE42PI_FES27,1544,1,labsea,MLD2,1096.56364
TUNE42PI_FES27,1544,2,labsea,MLD2,964.44734
TUNE42PI_FES27,1544,3,labsea,MLD2,732.54383
TUNE42PI_FES27,1544,4,labsea,MLD2,534.80549
TUNE42PI_FES27,1544,5,labsea,MLD2,244.62646
TUNE42PI_FES27,1544,6,labsea,MLD2,18.17241
TUNE42PI_FES27,1544,7,labsea,MLD2,14.27914
TUNE42PI_FES27,1544,8,labsea,MLD2,14.48497
TUNE42PI_FES27,1544,9,labsea,MLD2,21.73776
TUNE42PI_FES27,1544,10,labsea,MLD2,32.90049
TUNE42PI_FES27,1544,11,labsea,MLD2,168.43578
TUNE42PI_FES27,1544,12,labsea,MLD2,736.22163
TUNE42PI_FES27,1544,1,interior,MLD2,1820.36875
TUNE42PI_FES27,1544,2,interior,MLD2,1072.00753
TUNE42PI_FES27,1544,3,interior,MLD2,415.53204
TUNE42PI_FES27,1544,4,interior,MLD2,153.97894
TUNE42PI_FES27,1544,5,interior,MLD2,22.37981
TUNE42PI_FES27,1544,6,interior,MLD2,15.49180
TUNE42PI_FES27,1544,7,interior,MLD2,16.49258
TUNE42PI_FES27,1544,8,interior,MLD2,16.39410
TUNE42PI_FES27,1544,9,interior,MLD2,23.29716
TUNE42PI_FES27,1544,10,interior,MLD2,37.78001
TUNE42PI_FES27,1544,11,interior,MLD2,235.49372
TUNE42PI_FES27,1544,12,interior,MLD2,1426.85427
TUNE42PI_FES27,1545,1,labsea,a_ice,0.28222
TUNE42PI_FES27,1545,2,labsea,a_ice,0.29589
TUNE42PI_FES27,1545,3,labsea,a_ice,0.28849
TUNE42PI_FES27,1545,4,labsea,a_ice,0.25241
TUNE42PI_FES27,1545,5,labsea,a_ice,0.21700
TUNE42PI_FES27,1545,6,labsea,a_ice,0.12564
TUNE42PI_FES27,1545,7,labsea,a_ice,0.02966
TUNE42PI_FES27,1545,8,labsea,a_ice,0.00496
TUNE42PI_FES27,1545,9,labsea,a_ice,0.00000
TUNE42PI_FES27,1545,10,labsea,a_ice,0.00090
TUNE42PI_FES27,1545,11,labsea,a_ice,0.03288
TUNE42PI_FES27,1545,12,labsea,a_ice,0.14049
TUNE42PI_FES27,1545,1,interior,a_ice,0.10760
TUNE42PI_FES27,1545,2,interior,a_ice,0.09079
TUNE42PI_FES27,1545,3,interior,a_ice,0.06324
TUNE42PI_FES27,1545,4,interior,a_ice,0.06438
TUNE42PI_FES27,1545,5,interior,a_ice,0.10452
TUNE42PI_FES27,1545,6,interior,a_ice,0.06857
TUNE42PI_FES27,1545,7,interior,a_ice,0.00639
TUNE42PI_FES27,1545,8,interior,a_ice,0.00000
TUNE42PI_FES27,1545,9,interior,a_ice,0.00000
TUNE42PI_FES27,1545,10,interior,a_ice,0.00000
TUNE42PI_FES27,1545,11,interior,a_ice,0.00029
TUNE42PI_FES27,1545,12,interior,a_ice,0.03355
TUNE42PI_FES27,1545,1,labsea,MLD2,1206.58756
TUNE42PI_FES27,1545,2,labsea,MLD2,1466.79966
TUNE42PI_FES27,1545,3,labsea,MLD2,1496.46163
TUNE42PI_FES27,1545,4,labsea,MLD2,1220.71090
TUNE42PI_FES27,1545,5,labsea,MLD2,847.80718
TUNE42PI_FES27,1545,6,labsea,MLD2,169.56368
TUNE42PI_FES27,1545,7,labsea,MLD2,15.30220
TUNE42PI_FES27,1545,8,labsea,MLD2,16.92182
TUNE42PI_FES27,1545,9,labsea,MLD2,21.40601
TUNE42PI_FES27,1545,10,labsea,MLD2,32.21020
TUNE42PI_FES27,1545,11,labsea,MLD2,81.58407
TUNE42PI_FES27,1545,12,labsea,MLD2,697.43341
TUNE42PI_FES27,1545,1,interior,MLD2,2201.00865
TUNE42PI_FES27,1545,2,interior,MLD2,2459.28033
TUNE42PI_FES27,1545,3,interior,MLD2,2387.13404
TUNE42PI_FES27,1545,4,interior,MLD2,1779.51762
TUNE42PI_FES27,1545,5,interior,MLD2,1118.83251
TUNE42PI_FES27,1545,6,interior,MLD2,311.53706
TUNE42PI_FES27,1545,7,interior,MLD2,16.40358
TUNE42PI_FES27,1545,8,interior,MLD2,18.16998
TUNE42PI_FES27,1545,9,interior,MLD2,22.37644
TUNE42PI_FES27,1545,10,interior,MLD2,38.21225
TUNE42PI_FES27,1545,11,interior,MLD2,142.35107
TUNE42PI_FES27,1545,12,interior,MLD2,1373.89146
TUNE42PI_FES27,1546,1,labsea,a_ice,0.29149
TUNE42PI_FES27,1546,2,labsea,a_ice,0.29877
TUNE42PI_FES27,1546,3,labsea,a_ice,0.34923
TUNE42PI_FES27,1546,4,labsea,a_ice,0.36324
TUNE42PI_FES27,1546,5,labsea,a_ice,0.32640
TUNE42PI_FES27,1546,6,labsea,a_ice,0.16199
TUNE42PI_FES27,1546,7,labsea,a_ice,0.04245
TUNE42PI_FES27,1546,8,labsea,a_ice,0.00256
TUNE42PI_FES27,1546,9,labsea,a_ice,0.00000
TUNE42PI_FES27,1546,10,labsea,a_ice,0.00195
TUNE42PI_FES27,1546,11,labsea,a_ice,0.06838
TUNE42PI_FES27,1546,12,labsea,a_ice,0.31785
TUNE42PI_FES27,1546,1,interior,a_ice,0.10663
TUNE42PI_FES27,1546,2,interior,a_ice,0.10107
TUNE42PI_FES27,1546,3,interior,a_ice,0.15754
TUNE42PI_FES27,1546,4,interior,a_ice,0.20623
TUNE42PI_FES27,1546,5,interior,a_ice,0.18075
TUNE42PI_FES27,1546,6,interior,a_ice,0.02250
TUNE42PI_FES27,1546,7,interior,a_ice,0.00371
TUNE42PI_FES27,1546,8,interior,a_ice,0.00000
TUNE42PI_FES27,1546,9,interior,a_ice,0.00000
TUNE42PI_FES27,1546,10,interior,a_ice,0.00000
TUNE42PI_FES27,1546,11,interior,a_ice,0.00214
TUNE42PI_FES27,1546,12,interior,a_ice,0.17644
TUNE42PI_FES27,1546,1,labsea,MLD2,1563.04247
TUNE42PI_FES27,1546,2,labsea,MLD2,1562.22027
TUNE42PI_FES27,1546,3,labsea,MLD2,1379.27957
TUNE42PI_FES27,1546,4,labsea,MLD2,1106.67161
TUNE42PI_FES27,1546,5,labsea,MLD2,818.22952
TUNE42PI_FES27,1546,6,labsea,MLD2,36.42565
TUNE42PI_FES27,1546,7,labsea,MLD2,12.08265
TUNE42PI_FES27,1546,8,labsea,MLD2,16.16727
TUNE42PI_FES27,1546,9,labsea,MLD2,23.57300
TUNE42PI_FES27,1546,10,labsea,MLD2,32.53122
TUNE42PI_FES27,1546,11,labsea,MLD2,111.17407
TUNE42PI_FES27,1546,12,labsea,MLD2,837.02043
TUNE42PI_FES27,1546,1,interior,MLD2,2459.39428
TUNE42PI_FES27,1546,2,interior,MLD2,2317.16741
TUNE42PI_FES27,1546,3,interior,MLD2,1910.99109
TUNE42PI_FES27,1546,4,interior,MLD2,1395.29428
TUNE42PI_FES27,1546,5,interior,MLD2,988.41485
TUNE42PI_FES27,1546,6,interior,MLD2,59.32730
TUNE42PI_FES27,1546,7,interior,MLD2,13.70243
TUNE42PI_FES27,1546,8,interior,MLD2,18.50202
TUNE42PI_FES27,1546,9,interior,MLD2,24.16351
TUNE42PI_FES27,1546,10,interior,MLD2,33.84891
TUNE42PI_FES27,1546,11,interior,MLD2,137.52669
TUNE42PI_FES27,1546,12,interior,MLD2,1562.64607
TUNE42PI_FES27,1547,1,labsea,a_ice,0.48912
TUNE42PI_FES27,1547,2,labsea,a_ice,0.53063
TUNE42PI_FES27,1547,3,labsea,a_ice,0.51283
TUNE42PI_FES27,1547,4,labsea,a_ice,0.46531
TUNE42PI_FES27,1547,5,labsea,a_ice,0.38812
TUNE42PI_FES27,1547,6,labsea,a_ice,0.25154
TUNE42PI_FES27,1547,7,labsea,a_ice,0.07462
TUNE42PI_FES27,1547,8,labsea,a_ice,0.00606
TUNE42PI_FES27,1547,9,labsea,a_ice,0.00000
TUNE42PI_FES27,1547,10,labsea,a_ice,0.00070
TUNE42PI_FES27,1547,11,labsea,a_ice,0.04588
TUNE42PI_FES27,1547,12,labsea,a_ice,0.18489
TUNE42PI_FES27,1547,1,interior,a_ice,0.47732
TUNE42PI_FES27,1547,2,interior,a_ice,0.53494
TUNE42PI_FES27,1547,3,interior,a_ice,0.46025
TUNE42PI_FES27,1547,4,interior,a_ice,0.39564
TUNE42PI_FES27,1547,5,interior,a_ice,0.35027
TUNE42PI_FES27,1547,6,interior,a_ice,0.08079
TUNE42PI_FES27,1547,7,interior,a_ice,0.01846
TUNE42PI_FES27,1547,8,interior,a_ice,0.00000
TUNE42PI_FES27,1547,9,interior,a_ice,0.00000
TUNE42PI_FES27,1547,10,interior,a_ice,0.00000
TUNE42PI_FES27,1547,11,interior,a_ice,0.00086
TUNE42PI_FES27,1547,12,interior,a_ice,0.04026
TUNE42PI_FES27,1547,1,labsea,MLD2,970.54698
TUNE42PI_FES27,1547,2,labsea,MLD2,940.89341
TUNE42PI_FES27,1547,3,labsea,MLD2,936.60343
TUNE42PI_FES27,1547,4,labsea,MLD2,754.81406
TUNE42PI_FES27,1547,5,labsea,MLD2,552.46291
TUNE42PI_FES27,1547,6,labsea,MLD2,57.21767
TUNE42PI_FES27,1547,7,labsea,MLD2,12.28110
TUNE42PI_FES27,1547,8,labsea,MLD2,12.13082
TUNE42PI_FES27,1547,9,labsea,MLD2,20.42698
TUNE42PI_FES27,1547,10,labsea,MLD2,31.02568
TUNE42PI_FES27,1547,11,labsea,MLD2,65.91890
TUNE42PI_FES27,1547,12,labsea,MLD2,502.80553
TUNE42PI_FES27,1547,1,interior,MLD2,1174.44446
TUNE42PI_FES27,1547,2,interior,MLD2,921.40503
TUNE42PI_FES27,1547,3,interior,MLD2,967.18546
TUNE42PI_FES27,1547,4,interior,MLD2,863.93682
TUNE42PI_FES27,1547,5,interior,MLD2,618.50333
TUNE42PI_FES27,1547,6,interior,MLD2,90.17920
TUNE42PI_FES27,1547,7,interior,MLD2,14.52261
TUNE42PI_FES27,1547,8,interior,MLD2,13.68149
TUNE42PI_FES27,1547,9,interior,MLD2,23.55039
TUNE42PI_FES27,1547,10,interior,MLD2,37.15420
TUNE42PI_FES27,1547,11,interior,MLD2,100.46732
TUNE42PI_FES27,1547,12,interior,MLD2,1124.85084
TUNE42PI_FES27,1548,1,labsea,a_ice,0.28081
TUNE42PI_FES27,1548,2,labsea,a_ice,0.35697
TUNE42PI_FES27,1548,3,labsea,a_ice,0.44906
TUNE42PI_FES27,1548,4,labsea,a_ice,0.41758
TUNE42PI_FES27,1548,5,labsea,a_ice,0.29358
TUNE42PI_FES27,1548,6,labsea,a_ice,0.12763
TUNE42PI_FES27,1548,7,labsea,a_ice,0.01387
TUNE42PI_FES27,1548,8,labsea,a_ice,0.00017
TUNE42PI_FES27,1548,9,labsea,a_ice,0.00000
TUNE42PI_FES27,1548,10,labsea,a_ice,0.00002
TUNE42PI_FES27,1548,11,labsea,a_ice,0.01728
TUNE42PI_FES27,1548,12,labsea,a_ice,0.15835
TUNE42PI_FES27,1548,1,interior,a_ice,0.11372
TUNE42PI_FES27,1548,2,interior,a_ice,0.19440
TUNE42PI_FES27,1548,3,interior,a_ice,0.39523
TUNE42PI_FES27,1548,4,interior,a_ice,0.42245
TUNE42PI_FES27,1548,5,interior,a_ice,0.15164
TUNE42PI_FES27,1548,6,interior,a_ice,0.01401
TUNE42PI_FES27,1548,7,interior,a_ice,0.00001
TUNE42PI_FES27,1548,8,interior,a_ice,0.00000
TUNE42PI_FES27,1548,9,interior,a_ice,0.00000
TUNE42PI_FES27,1548,10,interior,a_ice,0.00000
TUNE42PI_FES27,1548,11,interior,a_ice,0.00034
TUNE42PI_FES27,1548,12,interior,a_ice,0.02681
TUNE42PI_FES27,1548,1,labsea,MLD2,1114.37142
TUNE42PI_FES27,1548,2,labsea,MLD2,1117.49432
TUNE42PI_FES27,1548,3,labsea,MLD2,976.17575
TUNE42PI_FES27,1548,4,labsea,MLD2,704.41066
TUNE42PI_FES27,1548,5,labsea,MLD2,283.46358
TUNE42PI_FES27,1548,6,labsea,MLD2,17.35652
TUNE42PI_FES27,1548,7,labsea,MLD2,16.36326
TUNE42PI_FES27,1548,8,labsea,MLD2,17.22044
TUNE42PI_FES27,1548,9,labsea,MLD2,23.95938
TUNE42PI_FES27,1548,10,labsea,MLD2,33.69042
TUNE42PI_FES27,1548,11,labsea,MLD2,61.77365
TUNE42PI_FES27,1548,12,labsea,MLD2,188.31964
TUNE42PI_FES27,1548,1,interior,MLD2,1971.57070
TUNE42PI_FES27,1548,2,interior,MLD2,1628.18673
TUNE42PI_FES27,1548,3,interior,MLD2,1143.49769
TUNE42PI_FES27,1548,4,interior,MLD2,436.11857
TUNE42PI_FES27,1548,5,interior,MLD2,91.12028
TUNE42PI_FES27,1548,6,interior,MLD2,15.04912
TUNE42PI_FES27,1548,7,interior,MLD2,17.84369
TUNE42PI_FES27,1548,8,interior,MLD2,19.12640
TUNE42PI_FES27,1548,9,interior,MLD2,26.75341
TUNE42PI_FES27,1548,10,interior,MLD2,38.52430
TUNE42PI_FES27,1548,11,interior,MLD2,86.59912
TUNE42PI_FES27,1548,12,interior,MLD2,332.22292
TUNE42PI_FES27,1549,1,labsea,a_ice,0.24718
TUNE42PI_FES27,1549,2,labsea,a_ice,0.27861
TUNE42PI_FES27,1549,3,labsea,a_ice,0.29419
TUNE42PI_FES27,1549,4,labsea,a_ice,0.28304
TUNE42PI_FES27,1549,5,labsea,a_ice,0.21561
TUNE42PI_FES27,1549,6,labsea,a_ice,0.11819
TUNE42PI_FES27,1549,7,labsea,a_ice,0.02997
TUNE42PI_FES27,1549,8,labsea,a_ice,0.00107
TUNE42PI_FES27,1549,9,labsea,a_ice,0.00000
TUNE42PI_FES27,1549,10,labsea,a_ice,0.00672
TUNE42PI_FES27,1549,11,labsea,a_ice,0.09602
TUNE42PI_FES27,1549,12,labsea,a_ice,0.18396
TUNE42PI_FES27,1549,1,interior,a_ice,0.06684
TUNE42PI_FES27,1549,2,interior,a_ice,0.08655
TUNE42PI_FES27,1549,3,interior,a_ice,0.14696
TUNE42PI_FES27,1549,4,interior,a_ice,0.13694
TUNE42PI_FES27,1549,5,interior,a_ice,0.05211
TUNE42PI_FES27,1549,6,interior,a_ice,0.01237
TUNE42PI_FES27,1549,7,interior,a_ice,0.00699
TUNE42PI_FES27,1549,8,interior,a_ice,0.00000
TUNE42PI_FES27,1549,9,interior,a_ice,0.00000
TUNE42PI_FES27,1549,10,interior,a_ice,0.00000
TUNE42PI_FES27,1549,11,interior,a_ice,0.00936
TUNE42PI_FES27,1549,12,interior,a_ice,0.03441
TUNE42PI_FES27,1549,1,labsea,MLD2,828.23682
TUNE42PI_FES27,1549,2,labsea,MLD2,1330.91828
TUNE42PI_FES27,1549,3,labsea,MLD2,1318.57583
TUNE42PI_FES27,1549,4,labsea,MLD2,984.54396
TUNE42PI_FES27,1549,5,labsea,MLD2,292.44943
TUNE42PI_FES27,1549,6,labsea,MLD2,17.67060
TUNE42PI_FES27,1549,7,labsea,MLD2,14.61919
TUNE42PI_FES27,1549,8,labsea,MLD2,17.57584
TUNE42PI_FES27,1549,9,labsea,MLD2,22.27012
TUNE42PI_FES27,1549,10,labsea,MLD2,38.21598
TUNE42PI_FES27,1549,11,labsea,MLD2,89.55731
TUNE42PI_FES27,1549,12,labsea,MLD2,650.73783
TUNE42PI_FES27,1549,1,interior,MLD2,1440.75496
TUNE42PI_FES27,1549,2,interior,MLD2,2085.83777
TUNE42PI_FES27,1549,3,interior,MLD2,1757.75586
TUNE42PI_FES27,1549,4,interior,MLD2,1070.00689
TUNE42PI_FES27,1549,5,interior,MLD2,366.16831
TUNE42PI_FES27,1549,6,interior,MLD2,21.13979
TUNE42PI_FES27,1549,7,interior,MLD2,16.46692
TUNE42PI_FES27,1549,8,interior,MLD2,19.42859
TUNE42PI_FES27,1549,9,interior,MLD2,24.20112
TUNE42PI_FES27,1549,10,interior,MLD2,44.00504
TUNE42PI_FES27,1549,11,interior,MLD2,126.42109
TUNE42PI_FES27,1549,12,interior,MLD2,1160.29287
TUNE42PI_FES27,1550,1,labsea,a_ice,0.28088
TUNE42PI_FES27,1550,2,labsea,a_ice,0.29363
TUNE42PI_FES27,1550,3,labsea,a_ice,0.27899
TUNE42PI_FES27,1550,4,labsea,a_ice,0.28800
TUNE42PI_FES27,1550,5,labsea,a_ice,0.27238
TUNE42PI_FES27,1550,6,labsea,a_ice,0.13203
TUNE42PI_FES27,1550,7,labsea,a_ice,0.01745
TUNE42PI_FES27,1550,8,labsea,a_ice,0.00001
TUNE42PI_FES27,1550,9,labsea,a_ice,0.00000
TUNE42PI_FES27,1550,10,labsea,a_ice,0.00019
TUNE42PI_FES27,1550,11,labsea,a_ice,0.05783
TUNE42PI_FES27,1550,12,labsea,a_ice,0.21176
TUNE42PI_FES27,1550,1,interior,a_ice,0.09655
TUNE42PI_FES27,1550,2,interior,a_ice,0.07259
TUNE42PI_FES27,1550,3,interior,a_ice,0.07098
TUNE42PI_FES27,1550,4,interior,a_ice,0.09158
TUNE42PI_FES27,1550,5,interior,a_ice,0.10049
TUNE42PI_FES27,1550,6,interior,a_ice,0.04484
TUNE42PI_FES27,1550,7,interior,a_ice,0.00063
TUNE42PI_FES27,1550,8,interior,a_ice,0.00000
TUNE42PI_FES27,1550,9,interior,a_ice,0.00000
TUNE42PI_FES27,1550,10,interior,a_ice,0.00000
TUNE42PI_FES27,1550,11,interior,a_ice,0.00850
TUNE42PI_FES27,1550,12,interior,a_ice,0.04247
TUNE42PI_FES27,1550,1,labsea,MLD2,1261.78180
TUNE42PI_FES27,1550,2,labsea,MLD2,1381.46192
TUNE42PI_FES27,1550,3,labsea,MLD2,1404.56355
TUNE42PI_FES27,1550,4,labsea,MLD2,1147.97588
TUNE42PI_FES27,1550,5,labsea,MLD2,722.43095
TUNE42PI_FES27,1550,6,labsea,MLD2,35.18640
TUNE42PI_FES27,1550,7,labsea,MLD2,15.38752
TUNE42PI_FES27,1550,8,labsea,MLD2,13.81585
TUNE42PI_FES27,1550,9,labsea,MLD2,21.77405
TUNE42PI_FES27,1550,10,labsea,MLD2,44.54908
TUNE42PI_FES27,1550,11,labsea,MLD2,480.51085
TUNE42PI_FES27,1550,12,labsea,MLD2,1153.45692
TUNE42PI_FES27,1550,1,interior,MLD2,1938.95724
TUNE42PI_FES27,1550,2,interior,MLD2,2154.25377
TUNE42PI_FES27,1550,3,interior,MLD2,2261.40562
TUNE42PI_FES27,1550,4,interior,MLD2,1784.13995
TUNE42PI_FES27,1550,5,interior,MLD2,1015.42945
TUNE42PI_FES27,1550,6,interior,MLD2,64.48882
TUNE42PI_FES27,1550,7,interior,MLD2,19.00158
TUNE42PI_FES27,1550,8,interior,MLD2,15.45257
TUNE42PI_FES27,1550,9,interior,MLD2,23.20164
TUNE42PI_FES27,1550,10,interior,MLD2,60.84606
TUNE42PI_FES27,1550,11,interior,MLD2,912.54865
TUNE42PI_FES27,1550,12,interior,MLD2,2090.63364
TUNE42PI_FES27,1551,1,labsea,a_ice,0.24982
TUNE42PI_FES27,1551,2,labsea,a_ice,0.23709
TUNE42PI_FES27,1551,3,labsea,a_ice,0.31281
TUNE42PI_FES27,1551,4,labsea,a_ice,0.28637
TUNE42PI_FES27,1551,5,labsea,a_ice,0.25313
TUNE42PI_FES27,1551,6,labsea,a_ice,0.13655
TUNE42PI_FES27,1551,7,labsea,a_ice,0.02285
TUNE42PI_FES27,1551,8,labsea,a_ice,0.00190
TUNE42PI_FES27,1551,9,labsea,a_ice,0.00000
TUNE42PI_FES27,1551,10,labsea,a_ice,0.00353
TUNE42PI_FES27,1551,11,labsea,a_ice,0.05531
TUNE42PI_FES27,1551,12,labsea,a_ice,0.19493
TUNE42PI_FES27,1551,1,interior,a_ice,0.07480
TUNE42PI_FES27,1551,2,interior,a_ice,0.05345
TUNE42PI_FES27,1551,3,interior,a_ice,0.09558
TUNE42PI_FES27,1551,4,interior,a_ice,0.05357
TUNE42PI_FES27,1551,5,interior,a_ice,0.07133
TUNE42PI_FES27,1551,6,interior,a_ice,0.03496
TUNE42PI_FES27,1551,7,interior,a_ice,0.00682
TUNE42PI_FES27,1551,8,interior,a_ice,0.00000
TUNE42PI_FES27,1551,9,interior,a_ice,0.00000
TUNE42PI_FES27,1551,10,interior,a_ice,0.00000
TUNE42PI_FES27,1551,11,interior,a_ice,0.00068
TUNE42PI_FES27,1551,12,interior,a_ice,0.05135
TUNE42PI_FES27,1551,1,labsea,MLD2,1282.29463
TUNE42PI_FES27,1551,2,labsea,MLD2,1309.26254
TUNE42PI_FES27,1551,3,labsea,MLD2,1354.45022
TUNE42PI_FES27,1551,4,labsea,MLD2,1267.37363
TUNE42PI_FES27,1551,5,labsea,MLD2,624.81875
TUNE42PI_FES27,1551,6,labsea,MLD2,18.59627
TUNE42PI_FES27,1551,7,labsea,MLD2,14.31207
TUNE42PI_FES27,1551,8,labsea,MLD2,15.79172
TUNE42PI_FES27,1551,9,labsea,MLD2,22.14929
TUNE42PI_FES27,1551,10,labsea,MLD2,37.84919
TUNE42PI_FES27,1551,11,labsea,MLD2,84.79806
TUNE42PI_FES27,1551,12,labsea,MLD2,727.40766
TUNE42PI_FES27,1551,1,interior,MLD2,2199.27032
TUNE42PI_FES27,1551,2,interior,MLD2,2149.93279
TUNE42PI_FES27,1551,3,interior,MLD2,2122.35214
TUNE42PI_FES27,1551,4,interior,MLD2,1931.57617
TUNE42PI_FES27,1551,5,interior,MLD2,1040.58214
TUNE42PI_FES27,1551,6,interior,MLD2,22.11269
TUNE42PI_FES27,1551,7,interior,MLD2,16.17711
TUNE42PI_FES27,1551,8,interior,MLD2,17.82080
TUNE42PI_FES27,1551,9,interior,MLD2,25.97515
TUNE42PI_FES27,1551,10,interior,MLD2,45.14580
TUNE42PI_FES27,1551,11,interior,MLD2,136.39725
TUNE42PI_FES27,1551,12,interior,MLD2,1340.07965
TUNE42PI_FES27,1552,1,labsea,a_ice,0.25098
TUNE42PI_FES27,1552,2,labsea,a_ice,0.28855
TUNE42PI_FES27,1552,3,labsea,a_ice,0.33810
TUNE42PI_FES27,1552,4,labsea,a_ice,0.30815
TUNE42PI_FES27,1552,5,labsea,a_ice,0.29371
TUNE42PI_FES27,1552,6,labsea,a_ice,0.18949
TUNE42PI_FES27,1552,7,labsea,a_ice,0.04495
TUNE42PI_FES27,1552,8,labsea,a_ice,0.00163
TUNE42PI_FES27,1552,9,labsea,a_ice,0.00000
TUNE42PI_FES27,1552,10,labsea,a_ice,0.00649
TUNE42PI_FES27,1552,11,labsea,a_ice,0.11005
TUNE42PI_FES27,1552,12,labsea,a_ice,0.20737
TUNE42PI_FES27,1552,1,interior,a_ice,0.08019
TUNE42PI_FES27,1552,2,interior,a_ice,0.10617
TUNE42PI_FES27,1552,3,interior,a_ice,0.16519
TUNE42PI_FES27,1552,4,interior,a_ice,0.15665
TUNE42PI_FES27,1552,5,interior,a_ice,0.11773
TUNE42PI_FES27,1552,6,interior,a_ice,0.03295
TUNE42PI_FES27,1552,7,interior,a_ice,0.00467
TUNE42PI_FES27,1552,8,interior,a_ice,0.00000
TUNE42PI_FES27,1552,9,interior,a_ice,0.00000
TUNE42PI_FES27,1552,10,interior,a_ice,0.00000
TUNE42PI_FES27,1552,11,interior,a_ice,0.00983
TUNE42PI_FES27,1552,12,interior,a_ice,0.04079
TUNE42PI_FES27,1552,1,labsea,MLD2,1431.20923
TUNE42PI_FES27,1552,2,labsea,MLD2,1479.96495
TUNE42PI_FES27,1552,3,labsea,MLD2,1299.22427
TUNE42PI_FES27,1552,4,labsea,MLD2,1233.32571
TUNE42PI_FES27,1552,5,labsea,MLD2,956.35382
TUNE42PI_FES27,1552,6,labsea,MLD2,50.22721
TUNE42PI_FES27,1552,7,labsea,MLD2,13.64450
TUNE42PI_FES27,1552,8,labsea,MLD2,15.39630
TUNE42PI_FES27,1552,9,labsea,MLD2,24.80096
TUNE42PI_FES27,1552,10,labsea,MLD2,42.40962
TUNE42PI_FES27,1552,11,labsea,MLD2,377.01657
TUNE42PI_FES27,1552,12,labsea,MLD2,1315.66942
TUNE42PI_FES27,1552,1,interior,MLD2,2076.87920
TUNE42PI_FES27,1552,2,interior,MLD2,2151.95055
TUNE42PI_FES27,1552,3,interior,MLD2,1826.92306
TUNE42PI_FES27,1552,4,interior,MLD2,1596.05734
TUNE42PI_FES27,1552,5,interior,MLD2,1277.43148
TUNE42PI_FES27,1552,6,interior,MLD2,91.84440
TUNE42PI_FES27,1552,7,interior,MLD2,15.93121
TUNE42PI_FES27,1552,8,interior,MLD2,17.67769
TUNE42PI_FES27,1552,9,interior,MLD2,28.16864
TUNE42PI_FES27,1552,10,interior,MLD2,55.15621
TUNE42PI_FES27,1552,11,interior,MLD2,818.67519
TUNE42PI_FES27,1552,12,interior,MLD2,2165.24878
TUNE42PI_FES27,1553,1,labsea,a_ice,0.23841
TUNE42PI_FES27,1553,2,labsea,a_ice,0.29894
TUNE42PI_FES27,1553,3,labsea,a_ice,0.30957
TUNE42PI_FES27,1553,4,labsea,a_ice,0.31107
TUNE42PI_FES27,1553,5,labsea,a_ice,0.28152
TUNE42PI_FES27,1553,6,labsea,a_ice,0.16472
TUNE42PI_FES27,1553,7,labsea,a_ice,0.03721
TUNE42PI_FES27,1553,8,labsea,a_ice,0.00269
TUNE42PI_FES27,1553,9,labsea,a_ice,0.00000
TUNE42PI_FES27,1553,10,labsea,a_ice,0.01595
TUNE42PI_FES27,1553,11,labsea,a_ice,0.13385
TUNE42PI_FES27,1553,12,labsea,a_ice,0.26951
TUNE42PI_FES27,1553,1,interior,a_ice,0.05646
TUNE42PI_FES27,1553,2,interior,a_ice,0.14015
TUNE42PI_FES27,1553,3,interior,a_ice,0.10655
TUNE42PI_FES27,1553,4,interior,a_ice,0.13022
TUNE42PI_FES27,1553,5,interior,a_ice,0.12817
TUNE42PI_FES27,1553,6,interior,a_ice,0.04661
TUNE42PI_FES27,1553,7,interior,a_ice,0.00143
TUNE42PI_FES27,1553,8,interior,a_ice,0.00000
TUNE42PI_FES27,1553,9,interior,a_ice,0.00000
TUNE42PI_FES27,1553,10,interior,a_ice,0.00008
TUNE42PI_FES27,1553,11,interior,a_ice,0.02369
TUNE42PI_FES27,1553,12,interior,a_ice,0.09813
TUNE42PI_FES27,1553,1,labsea,MLD2,1530.46638
TUNE42PI_FES27,1553,2,labsea,MLD2,1420.98473
TUNE42PI_FES27,1553,3,labsea,MLD2,1281.76517
TUNE42PI_FES27,1553,4,labsea,MLD2,1174.55759
TUNE42PI_FES27,1553,5,labsea,MLD2,895.24714
TUNE42PI_FES27,1553,6,labsea,MLD2,84.85820
TUNE42PI_FES27,1553,7,labsea,MLD2,15.38114
TUNE42PI_FES27,1553,8,labsea,MLD2,15.48754
TUNE42PI_FES27,1553,9,labsea,MLD2,22.08124
TUNE42PI_FES27,1553,10,labsea,MLD2,35.95333
TUNE42PI_FES27,1553,11,labsea,MLD2,178.80309
TUNE42PI_FES27,1553,12,labsea,MLD2,985.52121
TUNE42PI_FES27,1553,1,interior,MLD2,2353.93748
TUNE42PI_FES27,1553,2,interior,MLD2,2027.18999
TUNE42PI_FES27,1553,3,interior,MLD2,1935.81096
TUNE42PI_FES27,1553,4,interior,MLD2,1518.62420
TUNE42PI_FES27,1553,5,interior,MLD2,960.76809
TUNE42PI_FES27,1553,6,interior,MLD2,121.95030
TUNE42PI_FES27,1553,7,interior,MLD2,17.71827
TUNE42PI_FES27,1553,8,interior,MLD2,17.37925
TUNE42PI_FES27,1553,9,interior,MLD2,25.75347
TUNE42PI_FES27,1553,10,interior,MLD2,41.87129
TUNE42PI_FES27,1553,11,interior,MLD2,337.58469
TUNE42PI_FES27,1553,12,interior,MLD2,1809.61372
TUNE42PI_FES27,1554,1,labsea,a_ice,0.30564
TUNE42PI_FES27,1554,2,labsea,a_ice,0.33265
TUNE42PI_FES27,1554,3,labsea,a_ice,0.31786
TUNE42PI_FES27,1554,4,labsea,a_ice,0.27859
TUNE42PI_FES27,1554,5,labsea,a_ice,0.20917
TUNE42PI_FES27,1554,6,labsea,a_ice,0.12206
TUNE42PI_FES27,1554,7,labsea,a_ice,0.03082
TUNE42PI_FES27,1554,8,labsea,a_ice,0.00104
TUNE42PI_FES27,1554,9,labsea,a_ice,0.00000
TUNE42PI_FES27,1554,10,labsea,a_ice,0.00025
TUNE42PI_FES27,1554,11,labsea,a_ice,0.02775
TUNE42PI_FES27,1554,12,labsea,a_ice,0.16381
TUNE42PI_FES27,1554,1,interior,a_ice,0.09983
TUNE42PI_FES27,1554,2,interior,a_ice,0.13450
TUNE42PI_FES27,1554,3,interior,a_ice,0.10851
TUNE42PI_FES27,1554,4,interior,a_ice,0.07945
TUNE42PI_FES27,1554,5,interior,a_ice,0.03526
TUNE42PI_FES27,1554,6,interior,a_ice,0.01831
TUNE42PI_FES27,1554,7,interior,a_ice,0.00451
TUNE42PI_FES27,1554,8,interior,a_ice,0.00000
TUNE42PI_FES27,1554,9,interior,a_ice,0.00000
TUNE42PI_FES27,1554,10,interior,a_ice,0.00000
TUNE42PI_FES27,1554,11,interior,a_ice,0.00006
TUNE42PI_FES27,1554,12,interior,a_ice,0.02503
TUNE42PI_FES27,1554,1,labsea,MLD2,1456.20689
TUNE42PI_FES27,1554,2,labsea,MLD2,1507.91820
TUNE42PI_FES27,1554,3,labsea,MLD2,1389.26003
TUNE42PI_FES27,1554,4,labsea,MLD2,995.69635
TUNE42PI_FES27,1554,5,labsea,MLD2,419.85007
TUNE42PI_FES27,1554,6,labsea,MLD2,15.31872
TUNE42PI_FES27,1554,7,labsea,MLD2,17.59434
TUNE42PI_FES27,1554,8,labsea,MLD2,15.76706
TUNE42PI_FES27,1554,9,labsea,MLD2,22.45965
TUNE42PI_FES27,1554,10,labsea,MLD2,34.81828
TUNE42PI_FES27,1554,11,labsea,MLD2,74.10627
TUNE42PI_FES27,1554,12,labsea,MLD2,661.85114
TUNE42PI_FES27,1554,1,interior,MLD2,2308.26747
TUNE42PI_FES27,1554,2,interior,MLD2,2228.70088
TUNE42PI_FES27,1554,3,interior,MLD2,2006.89772
TUNE42PI_FES27,1554,4,interior,MLD2,1478.53493
TUNE42PI_FES27,1554,5,interior,MLD2,608.44966
TUNE42PI_FES27,1554,6,interior,MLD2,17.69549
TUNE42PI_FES27,1554,7,interior,MLD2,20.85393
TUNE42PI_FES27,1554,8,interior,MLD2,19.05982
TUNE42PI_FES27,1554,9,interior,MLD2,25.95823
TUNE42PI_FES27,1554,10,interior,MLD2,38.06408
TUNE42PI_FES27,1554,11,interior,MLD2,94.12727
TUNE42PI_FES27,1554,12,interior,MLD2,1156.28147
TUNE42PI_FES27,1555,1,labsea,a_ice,0.26018
TUNE42PI_FES27,1555,2,labsea,a_ice,0.27341
TUNE42PI_FES27,1555,3,labsea,a_ice,0.28300
TUNE42PI_FES27,1555,4,labsea,a_ice,0.22654
TUNE42PI_FES27,1555,5,labsea,a_ice,0.17279
TUNE42PI_FES27,1555,6,labsea,a_ice,0.10814
TUNE42PI_FES27,1555,7,labsea,a_ice,0.04558
TUNE42PI_FES27,1555,8,labsea,a_ice,0.00452
TUNE42PI_FES27,1555,9,labsea,a_ice,0.00001
TUNE42PI_FES27,1555,10,labsea,a_ice,0.00141
TUNE42PI_FES27,1555,11,labsea,a_ice,0.03840
TUNE42PI_FES27,1555,12,labsea,a_ice,0.15472
TUNE42PI_FES27,1555,1,interior,a_ice,0.08000
TUNE42PI_FES27,1555,2,interior,a_ice,0.08789
TUNE42PI_FES27,1555,3,interior,a_ice,0.10013
TUNE42PI_FES27,1555,4,interior,a_ice,0.05957
TUNE42PI_FES27,1555,5,interior,a_ice,0.03692
TUNE42PI_FES27,1555,6,interior,a_ice,0.01031
TUNE42PI_FES27,1555,7,interior,a_ice,0.00319
TUNE42PI_FES27,1555,8,interior,a_ice,0.00034
TUNE42PI_FES27,1555,9,interior,a_ice,0.00000
TUNE42PI_FES27,1555,10,interior,a_ice,0.00000
TUNE42PI_FES27,1555,11,interior,a_ice,0.00012
TUNE42PI_FES27,1555,12,interior,a_ice,0.02622
TUNE42PI_FES27,1555,1,labsea,MLD2,1412.06387
TUNE42PI_FES27,1555,2,labsea,MLD2,1531.54639
TUNE42PI_FES27,1555,3,labsea,MLD2,1508.68474
TUNE42PI_FES27,1555,4,labsea,MLD2,1209.71024
TUNE42PI_FES27,1555,5,labsea,MLD2,841.89027
TUNE42PI_FES27,1555,6,labsea,MLD2,31.38045
TUNE42PI_FES27,1555,7,labsea,MLD2,16.41136
TUNE42PI_FES27,1555,8,labsea,MLD2,17.09374
TUNE42PI_FES27,1555,9,labsea,MLD2,17.22986
TUNE42PI_FES27,1555,10,labsea,MLD2,27.15896
TUNE42PI_FES27,1555,11,labsea,MLD2,61.07438
TUNE42PI_FES27,1555,12,labsea,MLD2,454.73883
TUNE42PI_FES27,1555,1,interior,MLD2,2294.66415
TUNE42PI_FES27,1555,2,interior,MLD2,2363.16152
TUNE42PI_FES27,1555,3,interior,MLD2,2228.82556
TUNE42PI_FES27,1555,4,interior,MLD2,1972.39156
TUNE42PI_FES27,1555,5,interior,MLD2,1482.08894
TUNE42PI_FES27,1555,6,interior,MLD2,52.45870
TUNE42PI_FES27,1555,7,interior,MLD2,19.95763
TUNE42PI_FES27,1555,8,interior,MLD2,19.42067
TUNE42PI_FES27,1555,9,interior,MLD2,19.30889
TUNE42PI_FES27,1555,10,interior,MLD2,30.93164
TUNE42PI_FES27,1555,11,interior,MLD2,93.68426
TUNE42PI_FES27,1555,12,interior,MLD2,806.88533
TUNE42PI_FES27,1556,1,labsea,a_ice,0.24837
TUNE42PI_FES27,1556,2,labsea,a_ice,0.33164
TUNE42PI_FES27,1556,3,labsea,a_ice,0.33993
TUNE42PI_FES27,1556,4,labsea,a_ice,0.33563
TUNE42PI_FES27,1556,5,labsea,a_ice,0.29303
TUNE42PI_FES27,1556,6,labsea,a_ice,0.14156
TUNE42PI_FES27,1556,7,labsea,a_ice,0.05191
TUNE42PI_FES27,1556,8,labsea,a_ice,0.01569
TUNE42PI_FES27,1556,9,labsea,a_ice,0.00465
TUNE42PI_FES27,1556,10,labsea,a_ice,0.01152
TUNE42PI_FES27,1556,11,labsea,a_ice,0.06251
TUNE42PI_FES27,1556,12,labsea,a_ice,0.22512
TUNE42PI_FES27,1556,1,interior,a_ice,0.07907
TUNE42PI_FES27,1556,2,interior,a_ice,0.18381
TUNE42PI_FES27,1556,3,interior,a_ice,0.19844
TUNE42PI_FES27,1556,4,interior,a_ice,0.14959
TUNE42PI_FES27,1556,5,interior,a_ice,0.11894
TUNE42PI_FES27,1556,6,interior,a_ice,0.05940
TUNE42PI_FES27,1556,7,interior,a_ice,0.00572
TUNE42PI_FES27,1556,8,interior,a_ice,0.00000
TUNE42PI_FES27,1556,9,interior,a_ice,0.00000
TUNE42PI_FES27,1556,10,interior,a_ice,0.00000
TUNE42PI_FES27,1556,11,interior,a_ice,0.00104
TUNE42PI_FES27,1556,12,interior,a_ice,0.06221
TUNE42PI_FES27,1556,1,labsea,MLD2,1262.34668
TUNE42PI_FES27,1556,2,labsea,MLD2,1280.21328
TUNE42PI_FES27,1556,3,labsea,MLD2,1016.94892
TUNE42PI_FES27,1556,4,labsea,MLD2,1138.55934
TUNE42PI_FES27,1556,5,labsea,MLD2,768.84449
TUNE42PI_FES27,1556,6,labsea,MLD2,33.17258
TUNE42PI_FES27,1556,7,labsea,MLD2,13.75769
TUNE42PI_FES27,1556,8,labsea,MLD2,13.21250
TUNE42PI_FES27,1556,9,labsea,MLD2,19.54236
TUNE42PI_FES27,1556,10,labsea,MLD2,30.34815
TUNE42PI_FES27,1556,11,labsea,MLD2,147.76913
TUNE42PI_FES27,1556,12,labsea,MLD2,1066.11137
TUNE42PI_FES27,1556,1,interior,MLD2,1925.31320
TUNE42PI_FES27,1556,2,interior,MLD2,1806.55666
TUNE42PI_FES27,1556,3,interior,MLD2,1213.16930
TUNE42PI_FES27,1556,4,interior,MLD2,1314.19763
TUNE42PI_FES27,1556,5,interior,MLD2,1020.01605
TUNE42PI_FES27,1556,6,interior,MLD2,44.60491
TUNE42PI_FES27,1556,7,interior,MLD2,16.11309
TUNE42PI_FES27,1556,8,interior,MLD2,14.33831
TUNE42PI_FES27,1556,9,interior,MLD2,21.55369
TUNE42PI_FES27,1556,10,interior,MLD2,33.12883
TUNE42PI_FES27,1556,11,interior,MLD2,209.79693
TUNE42PI_FES27,1556,12,interior,MLD2,1800.06739
TUNE42PI_FES27,1557,1,labsea,a_ice,0.31594
TUNE42PI_FES27,1557,2,labsea,a_ice,0.32067
TUNE42PI_FES27,1557,3,labsea,a_ice,0.35236
TUNE42PI_FES27,1557,4,labsea,a_ice,0.33439
TUNE42PI_FES27,1557,5,labsea,a_ice,0.27605
TUNE42PI_FES27,1557,6,labsea,a_ice,0.14317
TUNE42PI_FES27,1557,7,labsea,a_ice,0.03248
TUNE42PI_FES27,1557,8,labsea,a_ice,0.00007
TUNE42PI_FES27,1557,9,labsea,a_ice,0.00000
TUNE42PI_FES27,1557,10,labsea,a_ice,0.00020
TUNE42PI_FES27,1557,11,labsea,a_ice,0.03878
TUNE42PI_FES27,1557,12,labsea,a_ice,0.15709
TUNE42PI_FES27,1557,1,interior,a_ice,0.15476
TUNE42PI_FES27,1557,2,interior,a_ice,0.16016
TUNE42PI_FES27,1557,3,interior,a_ice,0.12132
TUNE42PI_FES27,1557,4,interior,a_ice,0.11266
TUNE42PI_FES27,1557,5,interior,a_ice,0.11260
TUNE42PI_FES27,1557,6,interior,a_ice,0.05225
TUNE42PI_FES27,1557,7,interior,a_ice,0.00556
TUNE42PI_FES27,1557,8,interior,a_ice,0.00000
TUNE42PI_FES27,1557,9,interior,a_ice,0.00000
TUNE42PI_FES27,1557,10,interior,a_ice,0.00000
TUNE42PI_FES27,1557,11,interior,a_ice,0.00090
TUNE42PI_FES27,1557,12,interior,a_ice,0.02316
TUNE42PI_FES27,1557,1,labsea,MLD2,1355.05018
TUNE42PI_FES27,1557,2,labsea,MLD2,1335.99002
TUNE42PI_FES27,1557,3,labsea,MLD2,1289.50881
TUNE42PI_FES27,1557,4,labsea,MLD2,1139.94719
TUNE42PI_FES27,1557,5,labsea,MLD2,761.29551
TUNE42PI_FES27,1557,6,labsea,MLD2,34.91260
TUNE42PI_FES27,1557,7,labsea,MLD2,17.07387
TUNE42PI_FES27,1557,8,labsea,MLD2,18.34977
TUNE42PI_FES27,1557,9,labsea,MLD2,27.26495
TUNE42PI_FES27,1557,10,labsea,MLD2,33.56871
TUNE42PI_FES27,1557,11,labsea,MLD2,111.17529
TUNE42PI_FES27,1557,12,labsea,MLD2,920.15550
TUNE42PI_FES27,1557,1,interior,MLD2,2011.47455
TUNE42PI_FES27,1557,2,interior,MLD2,1777.43936
TUNE42PI_FES27,1557,3,interior,MLD2,1968.82291
TUNE42PI_FES27,1557,4,interior,MLD2,1773.56479
TUNE42PI_FES27,1557,5,interior,MLD2,1176.44464
TUNE42PI_FES27,1557,6,interior,MLD2,67.94647
TUNE42PI_FES27,1557,7,interior,MLD2,21.50460
TUNE42PI_FES27,1557,8,interior,MLD2,23.13091
TUNE42PI_FES27,1557,9,interior,MLD2,32.82583
TUNE42PI_FES27,1557,10,interior,MLD2,41.79562
TUNE42PI_FES27,1557,11,interior,MLD2,204.99473
TUNE42PI_FES27,1557,12,interior,MLD2,1669.84991
TUNE42PI_FES27,1558,1,labsea,a_ice,0.24929
TUNE42PI_FES27,1558,2,labsea,a_ice,0.30238
TUNE42PI_FES27,1558,3,labsea,a_ice,0.30966
TUNE42PI_FES27,1558,4,labsea,a_ice,0.26676
TUNE42PI_FES27,1558,5,labsea,a_ice,0.20777
TUNE42PI_FES27,1558,6,labsea,a_ice,0.11006
TUNE42PI_FES27,1558,7,labsea,a_ice,0.02808
TUNE42PI_FES27,1558,8,labsea,a_ice,0.00003
TUNE42PI_FES27,1558,9,labsea,a_ice,0.00000
TUNE42PI_FES27,1558,10,labsea,a_ice,0.00000
TUNE42PI_FES27,1558,11,labsea,a_ice,0.02095
TUNE42PI_FES27,1558,12,labsea,a_ice,0.13649
TUNE42PI_FES27,1558,1,interior,a_ice,0.07300
TUNE42PI_FES27,1558,2,interior,a_ice,0.12833
TUNE42PI_FES27,1558,3,interior,a_ice,0.16176
TUNE42PI_FES27,1558,4,interior,a_ice,0.10164
TUNE42PI_FES27,1558,5,interior,a_ice,0.06432
TUNE42PI_FES27,1558,6,interior,a_ice,0.00867
TUNE42PI_FES27,1558,7,interior,a_ice,0.00001
TUNE42PI_FES27,1558,8,interior,a_ice,0.00000
TUNE42PI_FES27,1558,9,interior,a_ice,0.00000
TUNE42PI_FES27,1558,10,interior,a_ice,0.00000
TUNE42PI_FES27,1558,11,interior,a_ice,0.00012
TUNE42PI_FES27,1558,12,interior,a_ice,0.02494
TUNE42PI_FES27,1558,1,labsea,MLD2,1311.42964
TUNE42PI_FES27,1558,2,labsea,MLD2,1413.92521
TUNE42PI_FES27,1558,3,labsea,MLD2,1195.31923
TUNE42PI_FES27,1558,4,labsea,MLD2,1060.24946
TUNE42PI_FES27,1558,5,labsea,MLD2,414.02516
TUNE42PI_FES27,1558,6,labsea,MLD2,23.15250
TUNE42PI_FES27,1558,7,labsea,MLD2,15.81101
TUNE42PI_FES27,1558,8,labsea,MLD2,14.77185
TUNE42PI_FES27,1558,9,labsea,MLD2,21.03871
TUNE42PI_FES27,1558,10,labsea,MLD2,36.63557
TUNE42PI_FES27,1558,11,labsea,MLD2,92.42546
TUNE42PI_FES27,1558,12,labsea,MLD2,685.14273
TUNE42PI_FES27,1558,1,interior,MLD2,2087.21247
TUNE42PI_FES27,1558,2,interior,MLD2,2080.72204
TUNE42PI_FES27,1558,3,interior,MLD2,1593.50279
TUNE42PI_FES27,1558,4,interior,MLD2,1438.15076
TUNE42PI_FES27,1558,5,interior,MLD2,693.06728
TUNE42PI_FES27,1558,6,interior,MLD2,33.12860
TUNE42PI_FES27,1558,7,interior,MLD2,19.38773
TUNE42PI_FES27,1558,8,interior,MLD2,17.41997
TUNE42PI_FES27,1558,9,interior,MLD2,24.72856
TUNE42PI_FES27,1558,10,interior,MLD2,45.89964
TUNE42PI_FES27,1558,11,interior,MLD2,159.53386
TUNE42PI_FES27,1558,12,interior,MLD2,1398.67745
TUNE42PI_FES27,1559,1,labsea,a_ice,0.26938
TUNE42PI_FES27,1559,2,labsea,a_ice,0.31779
TUNE42PI_FES27,1559,3,labsea,a_ice,0.29640
TUNE42PI_FES27,1559,4,labsea,a_ice,0.29642
TUNE42PI_FES27,1559,5,labsea,a_ice,0.22137
TUNE42PI_FES27,1559,6,labsea,a_ice,0.11179
TUNE42PI_FES27,1559,7,labsea,a_ice,0.02249
TUNE42PI_FES27,1559,8,labsea,a_ice,0.00043
TUNE42PI_FES27,1559,9,labsea,a_ice,0.00000
TUNE42PI_FES27,1559,10,labsea,a_ice,0.00000
TUNE42PI_FES27,1559,11,labsea,a_ice,0.02615
TUNE42PI_FES27,1559,12,labsea,a_ice,0.18492
TUNE42PI_FES27,1559,1,interior,a_ice,0.09556
TUNE42PI_FES27,1559,2,interior,a_ice,0.15435
TUNE42PI_FES27,1559,3,interior,a_ice,0.14967
TUNE42PI_FES27,1559,4,interior,a_ice,0.21221
TUNE42PI_FES27,1559,5,interior,a_ice,0.06132
TUNE42PI_FES27,1559,6,interior,a_ice,0.01225
TUNE42PI_FES27,1559,7,interior,a_ice,0.00010
TUNE42PI_FES27,1559,8,interior,a_ice,0.00000
TUNE42PI_FES27,1559,9,interior,a_ice,0.00000
TUNE42PI_FES27,1559,10,interior,a_ice,0.00000
TUNE42PI_FES27,1559,11,interior,a_ice,0.00078
TUNE42PI_FES27,1559,12,interior,a_ice,0.03785
TUNE42PI_FES27,1559,1,labsea,MLD2,1329.20420
TUNE42PI_FES27,1559,2,labsea,MLD2,1311.29239
TUNE42PI_FES27,1559,3,labsea,MLD2,1166.29167
TUNE42PI_FES27,1559,4,labsea,MLD2,975.58467
TUNE42PI_FES27,1559,5,labsea,MLD2,298.50389
TUNE42PI_FES27,1559,6,labsea,MLD2,14.31076
TUNE42PI_FES27,1559,7,labsea,MLD2,14.51083
TUNE42PI_FES27,1559,8,labsea,MLD2,12.24858
TUNE42PI_FES27,1559,9,labsea,MLD2,18.15068
TUNE42PI_FES27,1559,10,labsea,MLD2,28.14580
TUNE42PI_FES27,1559,11,labsea,MLD2,149.32303
TUNE42PI_FES27,1559,12,labsea,MLD2,860.51847
TUNE42PI_FES27,1559,1,interior,MLD2,2257.07790
TUNE42PI_FES27,1559,2,interior,MLD2,2037.66613
TUNE42PI_FES27,1559,3,interior,MLD2,1641.50513
TUNE42PI_FES27,1559,4,interior,MLD2,1096.94568
TUNE42PI_FES27,1559,5,interior,MLD2,421.84005
TUNE42PI_FES27,1559,6,interior,MLD2,16.65325
TUNE42PI_FES27,1559,7,interior,MLD2,16.46006
TUNE42PI_FES27,1559,8,interior,MLD2,13.92654
TUNE42PI_FES27,1559,9,interior,MLD2,19.22567
TUNE42PI_FES27,1559,10,interior,MLD2,33.50171
TUNE42PI_FES27,1559,11,interior,MLD2,334.94614
TUNE42PI_FES27,1559,12,interior,MLD2,1785.09897
TUNE42PI_FES27,1560,1,labsea,a_ice,0.26524
TUNE42PI_FES27,1560,2,labsea,a_ice,0.30114
TUNE42PI_FES27,1560,3,labsea,a_ice,0.37992
TUNE42PI_FES27,1560,4,labsea,a_ice,0.31332
TUNE42PI_FES27,1560,5,labsea,a_ice,0.17637
TUNE42PI_FES27,1560,6,labsea,a_ice,0.07951
TUNE42PI_FES27,1560,7,labsea,a_ice,0.01451
TUNE42PI_FES27,1560,8,labsea,a_ice,0.00004
TUNE42PI_FES27,1560,9,labsea,a_ice,0.00000
TUNE42PI_FES27,1560,10,labsea,a_ice,0.00465
TUNE42PI_FES27,1560,11,labsea,a_ice,0.05140
TUNE42PI_FES27,1560,12,labsea,a_ice,0.17475
TUNE42PI_FES27,1560,1,interior,a_ice,0.08459
TUNE42PI_FES27,1560,2,interior,a_ice,0.12889
TUNE42PI_FES27,1560,3,interior,a_ice,0.20129
TUNE42PI_FES27,1560,4,interior,a_ice,0.11014
TUNE42PI_FES27,1560,5,interior,a_ice,0.02044
TUNE42PI_FES27,1560,6,interior,a_ice,0.00226
TUNE42PI_FES27,1560,7,interior,a_ice,0.00004
TUNE42PI_FES27,1560,8,interior,a_ice,0.00000
TUNE42PI_FES27,1560,9,interior,a_ice,0.00000
TUNE42PI_FES27,1560,10,interior,a_ice,0.00000
TUNE42PI_FES27,1560,11,interior,a_ice,0.00036
TUNE42PI_FES27,1560,12,interior,a_ice,0.02400
TUNE42PI_FES27,1560,1,labsea,MLD2,1257.48643
TUNE42PI_FES27,1560,2,labsea,MLD2,1214.08273
TUNE42PI_FES27,1560,3,labsea,MLD2,1216.90118
TUNE42PI_FES27,1560,4,labsea,MLD2,904.32126
TUNE42PI_FES27,1560,5,labsea,MLD2,382.24308
TUNE42PI_FES27,1560,6,labsea,MLD2,22.08825
TUNE42PI_FES27,1560,7,labsea,MLD2,12.96888
TUNE42PI_FES27,1560,8,labsea,MLD2,15.34284
TUNE42PI_FES27,1560,9,labsea,MLD2,24.02339
TUNE42PI_FES27,1560,10,labsea,MLD2,40.58734
TUNE42PI_FES27,1560,11,labsea,MLD2,110.72345
TUNE42PI_FES27,1560,12,labsea,MLD2,803.22294
TUNE42PI_FES27,1560,1,interior,MLD2,2059.60619
TUNE42PI_FES27,1560,2,interior,MLD2,1799.27325
TUNE42PI_FES27,1560,3,interior,MLD2,1600.88455
TUNE42PI_FES27,1560,4,interior,MLD2,1272.02119
TUNE42PI_FES27,1560,5,interior,MLD2,562.94182
TUNE42PI_FES27,1560,6,interior,MLD2,28.99495
TUNE42PI_FES27,1560,7,interior,MLD2,14.23880
TUNE42PI_FES27,1560,8,interior,MLD2,17.04190
TUNE42PI_FES27,1560,9,interior,MLD2,27.69365
TUNE42PI_FES27,1560,10,interior,MLD2,46.92436
TUNE42PI_FES27,1560,11,interior,MLD2,186.12380
TUNE42PI_FES27,1560,12,interior,MLD2,1391.65598
TUNE42PI_FES27,1561,1,labsea,a_ice,0.26637
TUNE42PI_FES27,1561,2,labsea,a_ice,0.28065
TUNE42PI_FES27,1561,3,labsea,a_ice,0.26973
TUNE42PI_FES27,1561,4,labsea,a_ice,0.22485
TUNE42PI_FES27,1561,5,labsea,a_ice,0.21196
TUNE42PI_FES27,1561,6,labsea,a_ice,0.14832
TUNE42PI_FES27,1561,7,labsea,a_ice,0.05157
TUNE42PI_FES27,1561,8,labsea,a_ice,0.00120
TUNE42PI_FES27,1561,9,labsea,a_ice,0.00000
TUNE42PI_FES27,1561,10,labsea,a_ice,0.00092
TUNE42PI_FES27,1561,11,labsea,a_ice,0.03926
TUNE42PI_FES27,1561,12,labsea,a_ice,0.14637
TUNE42PI_FES27,1561,1,interior,a_ice,0.08988
TUNE42PI_FES27,1561,2,interior,a_ice,0.08747
TUNE42PI_FES27,1561,3,interior,a_ice,0.08073
TUNE42PI_FES27,1561,4,interior,a_ice,0.03706
TUNE42PI_FES27,1561,5,interior,a_ice,0.02147
TUNE42PI_FES27,1561,6,interior,a_ice,0.02838
TUNE42PI_FES27,1561,7,interior,a_ice,0.00913
TUNE42PI_FES27,1561,8,interior,a_ice,0.00000
TUNE42PI_FES27,1561,9,interior,a_ice,0.00000
TUNE42PI_FES27,1561,10,interior,a_ice,0.00000
TUNE42PI_FES27,1561,11,interior,a_ice,0.00018
TUNE42PI_FES27,1561,12,interior,a_ice,0.01793
TUNE42PI_FES27,1561,1,labsea,MLD2,1252.41497
TUNE42PI_FES27,1561,2,labsea,MLD2,1372.99222
TUNE42PI_FES27,1561,3,labsea,MLD2,1336.56316
TUNE42PI_FES27,1561,4,labsea,MLD2,1105.72681
TUNE42PI_FES27,1561,5,labsea,MLD2,478.86422
TUNE42PI_FES27,1561,6,labsea,MLD2,40.83799
TUNE42PI_FES27,1561,7,labsea,MLD2,15.18450
TUNE42PI_FES27,1561,8,labsea,MLD2,13.88406
TUNE42PI_FES27,1561,9,labsea,MLD2,23.45249
TUNE42PI_FES27,1561,10,labsea,MLD2,39.22073
TUNE42PI_FES27,1561,11,labsea,MLD2,125.39283
TUNE42PI_FES27,1561,12,labsea,MLD2,835.13252
TUNE42PI_FES27,1561,1,interior,MLD2,1942.80989
TUNE42PI_FES27,1561,2,interior,MLD2,2033.86105
TUNE42PI_FES27,1561,3,interior,MLD2,1913.53080
TUNE42PI_FES27,1561,4,interior,MLD2,1632.22094
TUNE42PI_FES27,1561,5,interior,MLD2,947.93801
TUNE42PI_FES27,1561,6,interior,MLD2,84.96572
TUNE42PI_FES27,1561,7,interior,MLD2,17.64020
TUNE42PI_FES27,1561,8,interior,MLD2,16.80555
TUNE42PI_FES27,1561,9,interior,MLD2,27.98556
TUNE42PI_FES27,1561,10,interior,MLD2,46.60215
TUNE42PI_FES27,1561,11,interior,MLD2,196.93253
TUNE42PI_FES27,1561,12,interior,MLD2,1463.77150
TUNE42PI_FES27,1562,1,labsea,a_ice,0.21652
TUNE42PI_FES27,1562,2,labsea,a_ice,0.26789
TUNE42PI_FES27,1562,3,labsea,a_ice,0.24537
TUNE42PI_FES27,1562,4,labsea,a_ice,0.22112
TUNE42PI_FES27,1562,5,labsea,a_ice,0.18007
TUNE42PI_FES27,1562,6,labsea,a_ice,0.03937
TUNE42PI_FES27,1562,7,labsea,a_ice,0.00018
TUNE42PI_FES27,1562,8,labsea,a_ice,0.00000
TUNE42PI_FES27,1562,9,labsea,a_ice,0.00000
TUNE42PI_FES27,1562,10,labsea,a_ice,0.00002
TUNE42PI_FES27,1562,11,labsea,a_ice,0.05873
TUNE42PI_FES27,1562,12,labsea,a_ice,0.19005
TUNE42PI_FES27,1562,1,interior,a_ice,0.04716
TUNE42PI_FES27,1562,2,interior,a_ice,0.08666
TUNE42PI_FES27,1562,3,interior,a_ice,0.06022
TUNE42PI_FES27,1562,4,interior,a_ice,0.04006
TUNE42PI_FES27,1562,5,interior,a_ice,0.04392
TUNE42PI_FES27,1562,6,interior,a_ice,0.00570
TUNE42PI_FES27,1562,7,interior,a_ice,0.00000
TUNE42PI_FES27,1562,8,interior,a_ice,0.00000
TUNE42PI_FES27,1562,9,interior,a_ice,0.00000
TUNE42PI_FES27,1562,10,interior,a_ice,0.00000
TUNE42PI_FES27,1562,11,interior,a_ice,0.01020
TUNE42PI_FES27,1562,12,interior,a_ice,0.04367
TUNE42PI_FES27,1562,1,labsea,MLD2,1262.38285
TUNE42PI_FES27,1562,2,labsea,MLD2,1422.71958
TUNE42PI_FES27,1562,3,labsea,MLD2,1372.49401
TUNE42PI_FES27,1562,4,labsea,MLD2,1295.45515
TUNE42PI_FES27,1562,5,labsea,MLD2,351.01160
TUNE42PI_FES27,1562,6,labsea,MLD2,11.58159
TUNE42PI_FES27,1562,7,labsea,MLD2,10.63526
TUNE42PI_FES27,1562,8,labsea,MLD2,13.81049
TUNE42PI_FES27,1562,9,labsea,MLD2,23.98353
TUNE42PI_FES27,1562,10,labsea,MLD2,30.78774
TUNE42PI_FES27,1562,11,labsea,MLD2,111.52846
TUNE42PI_FES27,1562,12,labsea,MLD2,926.42271
TUNE42PI_FES27,1562,1,interior,MLD2,1975.56211
TUNE42PI_FES27,1562,2,interior,MLD2,2061.24563
TUNE42PI_FES27,1562,3,interior,MLD2,1982.38955
TUNE42PI_FES27,1562,4,interior,MLD2,1854.23885
TUNE42PI_FES27,1562,5,interior,MLD2,564.60060
TUNE42PI_FES27,1562,6,interior,MLD2,11.57640
TUNE42PI_FES27,1562,7,interior,MLD2,11.40926
TUNE42PI_FES27,1562,8,interior,MLD2,15.69089
TUNE42PI_FES27,1562,9,interior,MLD2,28.44903
TUNE42PI_FES27,1562,10,interior,MLD2,36.69460
TUNE42PI_FES27,1562,11,interior,MLD2,208.43846
TUNE42PI_FES27,1562,12,interior,MLD2,1675.20667
TUNE42PI_FES27,1563,1,labsea,a_ice,0.25519
TUNE42PI_FES27,1563,2,labsea,a_ice,0.30010
TUNE42PI_FES27,1563,3,labsea,a_ice,0.32851
TUNE42PI_FES27,1563,4,labsea,a_ice,0.29696
TUNE42PI_FES27,1563,5,labsea,a_ice,0.23559
TUNE42PI_FES27,1563,6,labsea,a_ice,0.12262
TUNE42PI_FES27,1563,7,labsea,a_ice,0.03366
TUNE42PI_FES27,1563,8,labsea,a_ice,0.00304
TUNE42PI_FES27,1563,9,labsea,a_ice,0.00000
TUNE42PI_FES27,1563,10,labsea,a_ice,0.00011
TUNE42PI_FES27,1563,11,labsea,a_ice,0.04492
TUNE42PI_FES27,1563,12,labsea,a_ice,0.16108
TUNE42PI_FES27,1563,1,interior,a_ice,0.07919
TUNE42PI_FES27,1563,2,interior,a_ice,0.12084
TUNE42PI_FES27,1563,3,interior,a_ice,0.17097
TUNE42PI_FES27,1563,4,interior,a_ice,0.10906
TUNE42PI_FES27,1563,5,interior,a_ice,0.05742
TUNE42PI_FES27,1563,6,interior,a_ice,0.01677
TUNE42PI_FES27,1563,7,interior,a_ice,0.00007
TUNE42PI_FES27,1563,8,interior,a_ice,0.00000
TUNE42PI_FES27,1563,9,interior,a_ice,0.00000
TUNE42PI_FES27,1563,10,interior,a_ice,0.00000
TUNE42PI_FES27,1563,11,interior,a_ice,0.00174
TUNE42PI_FES27,1563,12,interior,a_ice,0.01930
TUNE42PI_FES27,1563,1,labsea,MLD2,1327.83345
TUNE42PI_FES27,1563,2,labsea,MLD2,1514.03380
TUNE42PI_FES27,1563,3,labsea,MLD2,1385.71209
TUNE42PI_FES27,1563,4,labsea,MLD2,1115.72529
TUNE42PI_FES27,1563,5,labsea,MLD2,564.55500
TUNE42PI_FES27,1563,6,labsea,MLD2,17.34081
TUNE42PI_FES27,1563,7,labsea,MLD2,16.90559
TUNE42PI_FES27,1563,8,labsea,MLD2,16.42136
TUNE42PI_FES27,1563,9,labsea,MLD2,19.57828
TUNE42PI_FES27,1563,10,labsea,MLD2,29.11584
TUNE42PI_FES27,1563,11,labsea,MLD2,84.22496
TUNE42PI_FES27,1563,12,labsea,MLD2,442.03371
TUNE42PI_FES27,1563,1,interior,MLD2,2040.23463
TUNE42PI_FES27,1563,2,interior,MLD2,2219.10818
TUNE42PI_FES27,1563,3,interior,MLD2,1909.30558
TUNE42PI_FES27,1563,4,interior,MLD2,1436.83799
TUNE42PI_FES27,1563,5,interior,MLD2,772.92768
TUNE42PI_FES27,1563,6,interior,MLD2,20.27369
TUNE42PI_FES27,1563,7,interior,MLD2,20.16013
TUNE42PI_FES27,1563,8,interior,MLD2,18.22802
TUNE42PI_FES27,1563,9,interior,MLD2,23.75780
TUNE42PI_FES27,1563,10,interior,MLD2,34.02279
TUNE42PI_FES27,1563,11,interior,MLD2,144.61292
TUNE42PI_FES27,1563,12,interior,MLD2,936.50941
TUNE42PI_FES27,1564,1,labsea,a_ice,0.18768
TUNE42PI_FES27,1564,2,labsea,a_ice,0.30654
TUNE42PI_FES27,1564,3,labsea,a_ice,0.32928
TUNE42PI_FES27,1564,4,labsea,a_ice,0.30868
TUNE42PI_FES27,1564,5,labsea,a_ice,0.24163
TUNE42PI_FES27,1564,6,labsea,a_ice,0.13208
TUNE42PI_FES27,1564,7,labsea,a_ice,0.03406
TUNE42PI_FES27,1564,8,labsea,a_ice,0.00161
TUNE42PI_FES27,1564,9,labsea,a_ice,0.00000
TUNE42PI_FES27,1564,10,labsea,a_ice,0.00003
TUNE42PI_FES27,1564,11,labsea,a_ice,0.04107
TUNE42PI_FES27,1564,12,labsea,a_ice,0.16539
TUNE42PI_FES27,1564,1,interior,a_ice,0.03054
TUNE42PI_FES27,1564,2,interior,a_ice,0.12912
TUNE42PI_FES27,1564,3,interior,a_ice,0.14465
TUNE42PI_FES27,1564,4,interior,a_ice,0.15476
TUNE42PI_FES27,1564,5,interior,a_ice,0.06976
TUNE42PI_FES27,1564,6,interior,a_ice,0.01620
TUNE42PI_FES27,1564,7,interior,a_ice,0.00008
TUNE42PI_FES27,1564,8,interior,a_ice,0.00000
TUNE42PI_FES27,1564,9,interior,a_ice,0.00000
TUNE42PI_FES27,1564,10,interior,a_ice,0.00000
TUNE42PI_FES27,1564,11,interior,a_ice,0.00241
TUNE42PI_FES27,1564,12,interior,a_ice,0.04096
TUNE42PI_FES27,1564,1,labsea,MLD2,1156.94320
TUNE42PI_FES27,1564,2,labsea,MLD2,1383.55700
TUNE42PI_FES27,1564,3,labsea,MLD2,1206.27684
TUNE42PI_FES27,1564,4,labsea,MLD2,1134.62875
TUNE42PI_FES27,1564,5,labsea,MLD2,626.97102
TUNE42PI_FES27,1564,6,labsea,MLD2,20.08069
TUNE42PI_FES27,1564,7,labsea,MLD2,17.18019
TUNE42PI_FES27,1564,8,labsea,MLD2,17.20276
TUNE42PI_FES27,1564,9,labsea,MLD2,20.36719
TUNE42PI_FES27,1564,10,labsea,MLD2,36.58260
TUNE42PI_FES27,1564,11,labsea,MLD2,120.45525
TUNE42PI_FES27,1564,12,labsea,MLD2,900.32382
TUNE42PI_FES27,1564,1,interior,MLD2,2054.51603
TUNE42PI_FES27,1564,2,interior,MLD2,2052.73388
TUNE42PI_FES27,1564,3,interior,MLD2,1644.26895
TUNE42PI_FES27,1564,4,interior,MLD2,1375.85263
TUNE42PI_FES27,1564,5,interior,MLD2,869.12398
TUNE42PI_FES27,1564,6,interior,MLD2,24.36860
TUNE42PI_FES27,1564,7,interior,MLD2,20.76299
TUNE42PI_FES27,1564,8,interior,MLD2,20.70602
TUNE42PI_FES27,1564,9,interior,MLD2,25.36782
TUNE42PI_FES27,1564,10,interior,MLD2,44.39474
TUNE42PI_FES27,1564,11,interior,MLD2,213.00421
TUNE42PI_FES27,1564,12,interior,MLD2,1612.85008
TUNE42PI_FES27,1565,1,labsea,a_ice,0.24381
TUNE42PI_FES27,1565,2,labsea,a_ice,0.28994
TUNE42PI_FES27,1565,3,labsea,a_ice,0.29751
TUNE42PI_FES27,1565,4,labsea,a_ice,0.34169
TUNE42PI_FES27,1565,5,labsea,a_ice,0.29567
TUNE42PI_FES27,1565,6,labsea,a_ice,0.15409
TUNE42PI_FES27,1565,7,labsea,a_ice,0.05591
TUNE42PI_FES27,1565,8,labsea,a_ice,0.01131
TUNE42PI_FES27,1565,9,labsea,a_ice,0.00000
TUNE42PI_FES27,1565,10,labsea,a_ice,0.00530
TUNE42PI_FES27,1565,11,labsea,a_ice,0.05085
TUNE42PI_FES27,1565,12,labsea,a_ice,0.27899
TUNE42PI_FES27,1565,1,interior,a_ice,0.05878
TUNE42PI_FES27,1565,2,interior,a_ice,0.10404
TUNE42PI_FES27,1565,3,interior,a_ice,0.07199
TUNE42PI_FES27,1565,4,interior,a_ice,0.15845
TUNE42PI_FES27,1565,5,interior,a_ice,0.18775
TUNE42PI_FES27,1565,6,interior,a_ice,0.08739
TUNE42PI_FES27,1565,7,interior,a_ice,0.01537
TUNE42PI_FES27,1565,8,interior,a_ice,0.00006
TUNE42PI_FES27,1565,9,interior,a_ice,0.00000
TUNE42PI_FES27,1565,10,interior,a_ice,0.00000
TUNE42PI_FES27,1565,11,interior,a_ice,0.00291
TUNE42PI_FES27,1565,12,interior,a_ice,0.10458
TUNE42PI_FES27,1565,1,labsea,MLD2,1312.47267
TUNE42PI_FES27,1565,2,labsea,MLD2,1407.91928
TUNE42PI_FES27,1565,3,labsea,MLD2,1288.68945
TUNE42PI_FES27,1565,4,labsea,MLD2,1129.85177
TUNE42PI_FES27,1565,5,labsea,MLD2,652.10602
TUNE42PI_FES27,1565,6,labsea,MLD2,14.58226
TUNE42PI_FES27,1565,7,labsea,MLD2,14.30977
TUNE42PI_FES27,1565,8,labsea,MLD2,14.84752
TUNE42PI_FES27,1565,9,labsea,MLD2,24.12360
TUNE42PI_FES27,1565,10,labsea,MLD2,37.84070
TUNE42PI_FES27,1565,11,labsea,MLD2,89.04778
TUNE42PI_FES27,1565,12,labsea,MLD2,777.08703
TUNE42PI_FES27,1565,1,interior,MLD2,1988.89080
TUNE42PI_FES27,1565,2,interior,MLD2,1957.41312
TUNE42PI_FES27,1565,3,interior,MLD2,1784.55064
TUNE42PI_FES27,1565,4,interior,MLD2,1569.54513
TUNE42PI_FES27,1565,5,interior,MLD2,910.42679
TUNE42PI_FES27,1565,6,interior,MLD2,16.44837
TUNE42PI_FES27,1565,7,interior,MLD2,15.83740
TUNE42PI_FES27,1565,8,interior,MLD2,16.78091
TUNE42PI_FES27,1565,9,interior,MLD2,26.52769
TUNE42PI_FES27,1565,10,interior,MLD2,48.33795
TUNE42PI_FES27,1565,11,interior,MLD2,179.72976
TUNE42PI_FES27,1565,12,interior,MLD2,1602.74530
TUNE42PI_FES27,1566,1,labsea,a_ice,0.44698
TUNE42PI_FES27,1566,2,labsea,a_ice,0.47941
TUNE42PI_FES27,1566,3,labsea,a_ice,0.50214
TUNE42PI_FES27,1566,4,labsea,a_ice,0.51623
TUNE42PI_FES27,1566,5,labsea,a_ice,0.41881
TUNE42PI_FES27,1566,6,labsea,a_ice,0.19895
TUNE42PI_FES27,1566,7,labsea,a_ice,0.04742
TUNE42PI_FES27,1566,8,labsea,a_ice,0.00024
TUNE42PI_FES27,1566,9,labsea,a_ice,0.00000
TUNE42PI_FES27,1566,10,labsea,a_ice,0.00047
TUNE42PI_FES27,1566,11,labsea,a_ice,0.03803
TUNE42PI_FES27,1566,12,labsea,a_ice,0.19862
TUNE42PI_FES27,1566,1,interior,a_ice,0.40154
TUNE42PI_FES27,1566,2,interior,a_ice,0.55502
TUNE42PI_FES27,1566,3,interior,a_ice,0.55272
TUNE42PI_FES27,1566,4,interior,a_ice,0.58392
TUNE42PI_FES27,1566,5,interior,a_ice,0.43410
TUNE42PI_FES27,1566,6,interior,a_ice,0.11212
TUNE42PI_FES27,1566,7,interior,a_ice,0.00772
TUNE42PI_FES27,1566,8,interior,a_ice,0.00000
TUNE42PI_FES27,1566,9,interior,a_ice,0.00000
TUNE42PI_FES27,1566,10,interior,a_ice,0.00000
TUNE42PI_FES27,1566,11,interior,a_ice,0.00120
TUNE42PI_FES27,1566,12,interior,a_ice,0.04859
TUNE42PI_FES27,1566,1,labsea,MLD2,955.67039
TUNE42PI_FES27,1566,2,labsea,MLD2,889.51771
TUNE42PI_FES27,1566,3,labsea,MLD2,838.57688
TUNE42PI_FES27,1566,4,labsea,MLD2,666.97547
TUNE42PI_FES27,1566,5,labsea,MLD2,326.92245
TUNE42PI_FES27,1566,6,labsea,MLD2,19.92472
TUNE42PI_FES27,1566,7,labsea,MLD2,13.42935
TUNE42PI_FES27,1566,8,labsea,MLD2,16.93042
TUNE42PI_FES27,1566,9,labsea,MLD2,20.73180
TUNE42PI_FES27,1566,10,labsea,MLD2,29.97463
TUNE42PI_FES27,1566,11,labsea,MLD2,52.77117
TUNE42PI_FES27,1566,12,labsea,MLD2,223.82712
TUNE42PI_FES27,1566,1,interior,MLD2,1299.91519
TUNE42PI_FES27,1566,2,interior,MLD2,763.25550
TUNE42PI_FES27,1566,3,interior,MLD2,638.02606
TUNE42PI_FES27,1566,4,interior,MLD2,450.57543
TUNE42PI_FES27,1566,5,interior,MLD2,181.92173
TUNE42PI_FES27,1566,6,interior,MLD2,19.60161
TUNE42PI_FES27,1566,7,interior,MLD2,16.12907
TUNE42PI_FES27,1566,8,interior,MLD2,19.13880
TUNE42PI_FES27,1566,9,interior,MLD2,22.05586
TUNE42PI_FES27,1566,10,interior,MLD2,34.34646
TUNE42PI_FES27,1566,11,interior,MLD2,65.80440
TUNE42PI_FES27,1566,12,interior,MLD2,443.89286
TUNE42PI_FES27,1567,1,labsea,a_ice,0.27249
TUNE42PI_FES27,1567,2,labsea,a_ice,0.27848
TUNE42PI_FES27,1567,3,labsea,a_ice,0.27821
TUNE42PI_FES27,1567,4,labsea,a_ice,0.28096
TUNE42PI_FES27,1567,5,labsea,a_ice,0.26933
TUNE42PI_FES27,1567,6,labsea,a_ice,0.12048
TUNE42PI_FES27,1567,7,labsea,a_ice,0.00942
TUNE42PI_FES27,1567,8,labsea,a_ice,0.00000
TUNE42PI_FES27,1567,9,labsea,a_ice,0.00000
TUNE42PI_FES27,1567,10,labsea,a_ice,0.00000
TUNE42PI_FES27,1567,11,labsea,a_ice,0.01424
TUNE42PI_FES27,1567,12,labsea,a_ice,0.14742
TUNE42PI_FES27,1567,1,interior,a_ice,0.10952
TUNE42PI_FES27,1567,2,interior,a_ice,0.09639
TUNE42PI_FES27,1567,3,interior,a_ice,0.12544
TUNE42PI_FES27,1567,4,interior,a_ice,0.16168
TUNE42PI_FES27,1567,5,interior,a_ice,0.09154
TUNE42PI_FES27,1567,6,interior,a_ice,0.02270
TUNE42PI_FES27,1567,7,interior,a_ice,0.00045
TUNE42PI_FES27,1567,8,interior,a_ice,0.00000
TUNE42PI_FES27,1567,9,interior,a_ice,0.00000
TUNE42PI_FES27,1567,10,interior,a_ice,0.00000
TUNE42PI_FES27,1567,11,interior,a_ice,0.00043
TUNE42PI_FES27,1567,12,interior,a_ice,0.03150
TUNE42PI_FES27,1567,1,labsea,MLD2,847.19865
TUNE42PI_FES27,1567,2,labsea,MLD2,929.38425
TUNE42PI_FES27,1567,3,labsea,MLD2,1009.95771
TUNE42PI_FES27,1567,4,labsea,MLD2,949.11331
TUNE42PI_FES27,1567,5,labsea,MLD2,433.05547
TUNE42PI_FES27,1567,6,labsea,MLD2,15.29233
TUNE42PI_FES27,1567,7,labsea,MLD2,14.55372
TUNE42PI_FES27,1567,8,labsea,MLD2,13.50593
TUNE42PI_FES27,1567,9,labsea,MLD2,20.56347
TUNE42PI_FES27,1567,10,labsea,MLD2,28.84065
TUNE42PI_FES27,1567,11,labsea,MLD2,58.84029
TUNE42PI_FES27,1567,12,labsea,MLD2,433.19720
TUNE42PI_FES27,1567,1,interior,MLD2,1716.76867
TUNE42PI_FES27,1567,2,interior,MLD2,1895.24161
TUNE42PI_FES27,1567,3,interior,MLD2,1692.17685
TUNE42PI_FES27,1567,4,interior,MLD2,1286.48151
TUNE42PI_FES27,1567,5,interior,MLD2,696.58913
TUNE42PI_FES27,1567,6,interior,MLD2,18.00206
TUNE42PI_FES27,1567,7,interior,MLD2,18.18647
TUNE42PI_FES27,1567,8,interior,MLD2,15.59585
TUNE42PI_FES27,1567,9,interior,MLD2,23.80438
TUNE42PI_FES27,1567,10,interior,MLD2,33.38573
TUNE42PI_FES27,1567,11,interior,MLD2,84.94623
TUNE42PI_FES27,1567,12,interior,MLD2,806.83409
TUNE42PI_FES27,1568,1,labsea,a_ice,0.25161
TUNE42PI_FES27,1568,2,labsea,a_ice,0.40006
TUNE42PI_FES27,1568,3,labsea,a_ice,0.49073
TUNE42PI_FES27,1568,4,labsea,a_ice,0.36753
TUNE42PI_FES27,1568,5,labsea,a_ice,0.26689
TUNE42PI_FES27,1568,6,labsea,a_ice,0.13857
TUNE42PI_FES27,1568,7,labsea,a_ice,0.03319
TUNE42PI_FES27,1568,8,labsea,a_ice,0.00035
TUNE42PI_FES27,1568,9,labsea,a_ice,0.00000
TUNE42PI_FES27,1568,10,labsea,a_ice,0.00004
TUNE42PI_FES27,1568,11,labsea,a_ice,0.02117
TUNE42PI_FES27,1568,12,labsea,a_ice,0.15805
TUNE42PI_FES27,1568,1,interior,a_ice,0.07518
TUNE42PI_FES27,1568,2,interior,a_ice,0.25530
TUNE42PI_FES27,1568,3,interior,a_ice,0.53185
TUNE42PI_FES27,1568,4,interior,a_ice,0.29656
TUNE42PI_FES27,1568,5,interior,a_ice,0.12095
TUNE42PI_FES27,1568,6,interior,a_ice,0.02301
TUNE42PI_FES27,1568,7,interior,a_ice,0.00000
TUNE42PI_FES27,1568,8,interior,a_ice,0.00000
TUNE42PI_FES27,1568,9,interior,a_ice,0.00000
TUNE42PI_FES27,1568,10,interior,a_ice,0.00000
TUNE42PI_FES27,1568,11,interior,a_ice,0.00154
TUNE42PI_FES27,1568,12,interior,a_ice,0.03387
TUNE42PI_FES27,1568,1,labsea,MLD2,1001.36586
TUNE42PI_FES27,1568,2,labsea,MLD2,1168.11804
TUNE42PI_FES27,1568,3,labsea,MLD2,873.38537
TUNE42PI_FES27,1568,4,labsea,MLD2,735.66681
TUNE42PI_FES27,1568,5,labsea,MLD2,106.67110
TUNE42PI_FES27,1568,6,labsea,MLD2,10.99648
TUNE42PI_FES27,1568,7,labsea,MLD2,13.32688
TUNE42PI_FES27,1568,8,labsea,MLD2,15.82139
TUNE42PI_FES27,1568,9,labsea,MLD2,22.84881
TUNE42PI_FES27,1568,10,labsea,MLD2,28.16663
TUNE42PI_FES27,1568,11,labsea,MLD2,49.36669
TUNE42PI_FES27,1568,12,labsea,MLD2,240.48601
TUNE42PI_FES27,1568,1,interior,MLD2,1641.83051
TUNE42PI_FES27,1568,2,interior,MLD2,1606.70964
TUNE42PI_FES27,1568,3,interior,MLD2,846.85366
TUNE42PI_FES27,1568,4,interior,MLD2,499.74096
TUNE42PI_FES27,1568,5,interior,MLD2,67.19476
TUNE42PI_FES27,1568,6,interior,MLD2,12.44192
TUNE42PI_FES27,1568,7,interior,MLD2,16.24972
TUNE42PI_FES27,1568,8,interior,MLD2,18.26499
TUNE42PI_FES27,1568,9,interior,MLD2,25.60256
TUNE42PI_FES27,1568,10,interior,MLD2,29.61496
TUNE42PI_FES27,1568,11,interior,MLD2,63.23954
TUNE42PI_FES27,1568,12,interior,MLD2,523.27774
TUNE42PI_FES27,1569,1,labsea,a_ice,0.26752
TUNE42PI_FES27,1569,2,labsea,a_ice,0.26672
TUNE42PI_FES27,1569,3,labsea,a_ice,0.27427
TUNE42PI_FES27,1569,4,labsea,a_ice,0.30588
TUNE42PI_FES27,1569,5,labsea,a_ice,0.20574
TUNE42PI_FES27,1569,6,labsea,a_ice,0.08913
TUNE42PI_FES27,1569,7,labsea,a_ice,0.02497
TUNE42PI_FES27,1569,8,labsea,a_ice,0.00129
TUNE42PI_FES27,1569,9,labsea,a_ice,0.00000
TUNE42PI_FES27,1569,10,labsea,a_ice,0.00571
TUNE42PI_FES27,1569,11,labsea,a_ice,0.06749
TUNE42PI_FES27,1569,12,labsea,a_ice,0.17518
TUNE42PI_FES27,1569,1,interior,a_ice,0.06648
TUNE42PI_FES27,1569,2,interior,a_ice,0.04864
TUNE42PI_FES27,1569,3,interior,a_ice,0.04857
TUNE42PI_FES27,1569,4,interior,a_ice,0.08797
TUNE42PI_FES27,1569,5,interior,a_ice,0.03381
TUNE42PI_FES27,1569,6,interior,a_ice,0.00231
TUNE42PI_FES27,1569,7,interior,a_ice,0.00000
TUNE42PI_FES27,1569,8,interior,a_ice,0.00000
TUNE42PI_FES27,1569,9,interior,a_ice,0.00000
TUNE42PI_FES27,1569,10,interior,a_ice,0.00000
TUNE42PI_FES27,1569,11,interior,a_ice,0.00385
TUNE42PI_FES27,1569,12,interior,a_ice,0.01853
TUNE42PI_FES27,1569,1,labsea,MLD2,940.83145
TUNE42PI_FES27,1569,2,labsea,MLD2,1237.48588
TUNE42PI_FES27,1569,3,labsea,MLD2,1271.90241
TUNE42PI_FES27,1569,4,labsea,MLD2,1082.43284
TUNE42PI_FES27,1569,5,labsea,MLD2,476.49128
TUNE42PI_FES27,1569,6,labsea,MLD2,16.44961
TUNE42PI_FES27,1569,7,labsea,MLD2,15.50617
TUNE42PI_FES27,1569,8,labsea,MLD2,18.23457
TUNE42PI_FES27,1569,9,labsea,MLD2,20.92921
TUNE42PI_FES27,1569,10,labsea,MLD2,38.38824
TUNE42PI_FES27,1569,11,labsea,MLD2,128.83384
TUNE42PI_FES27,1569,12,labsea,MLD2,864.04264
TUNE42PI_FES27,1569,1,interior,MLD2,1851.40434
TUNE42PI_FES27,1569,2,interior,MLD2,2121.36055
TUNE42PI_FES27,1569,3,interior,MLD2,2071.53578
TUNE42PI_FES27,1569,4,interior,MLD2,1718.34028
TUNE42PI_FES27,1569,5,interior,MLD2,806.54299
TUNE42PI_FES27,1569,6,interior,MLD2,20.60161
TUNE42PI_FES27,1569,7,interior,MLD2,17.95965
TUNE42PI_FES27,1569,8,interior,MLD2,19.57147
TUNE42PI_FES27,1569,9,interior,MLD2,24.15432
TUNE42PI_FES27,1569,10,interior,MLD2,51.19617
TUNE42PI_FES27,1569,11,interior,MLD2,250.12042
TUNE42PI_FES27,1569,12,interior,MLD2,1567.43257
TUNE42PI_FES27,1570,1,labsea,a_ice,0.27900
TUNE42PI_FES27,1570,2,labsea,a_ice,0.32542
TUNE42PI_FES27,1570,3,labsea,a_ice,0.33279
TUNE42PI_FES27,1570,4,labsea,a_ice,0.27045
TUNE42PI_FES27,1570,5,labsea,a_ice,0.21590
TUNE42PI_FES27,1570,6,labsea,a_ice,0.12415
TUNE42PI_FES27,1570,7,labsea,a_ice,0.03167
TUNE42PI_FES27,1570,8,labsea,a_ice,0.00347
TUNE42PI_FES27,1570,9,labsea,a_ice,0.00000
TUNE42PI_FES27,1570,10,labsea,a_ice,0.00029
TUNE42PI_FES27,1570,11,labsea,a_ice,0.04936
TUNE42PI_FES27,1570,12,labsea,a_ice,0.18272
TUNE42PI_FES27,1570,1,interior,a_ice,0.10615
TUNE42PI_FES27,1570,2,interior,a_ice,0.14264
TUNE42PI_FES27,1570,3,interior,a_ice,0.13243
TUNE42PI_FES27,1570,4,interior,a_ice,0.06579
TUNE42PI_FES27,1570,5,interior,a_ice,0.05139
TUNE42PI_FES27,1570,6,interior,a_ice,0.02336
TUNE42PI_FES27,1570,7,interior,a_ice,0.00098
TUNE42PI_FES27,1570,8,interior,a_ice,0.00000
TUNE42PI_FES27,1570,9,interior,a_ice,0.00000
TUNE42PI_FES27,1570,10,interior,a_ice,0.00000
TUNE42PI_FES27,1570,11,interior,a_ice,0.00217
TUNE42PI_FES27,1570,12,interior,a_ice,0.03479
TUNE42PI_FES27,1570,1,labsea,MLD2,1296.34578
TUNE42PI_FES27,1570,2,labsea,MLD2,1373.47914
TUNE42PI_FES27,1570,3,labsea,MLD2,1319.21752
TUNE42PI_FES27,1570,4,labsea,MLD2,1325.67733
TUNE42PI_FES27,1570,5,labsea,MLD2,562.32278
TUNE42PI_FES27,1570,6,labsea,MLD2,20.23654
TUNE42PI_FES27,1570,7,labsea,MLD2,13.71710
TUNE42PI_FES27,1570,8,labsea,MLD2,13.32918
TUNE42PI_FES27,1570,9,labsea,MLD2,21.01555
TUNE42PI_FES27,1570,10,labsea,MLD2,27.66265
TUNE42PI_FES27,1570,11,labsea,MLD2,74.59691
TUNE42PI_FES27,1570,12,labsea,MLD2,814.33375
TUNE42PI_FES27,1570,1,interior,MLD2,1977.76764
TUNE42PI_FES27,1570,2,interior,MLD2,2005.34584
TUNE42PI_FES27,1570,3,interior,MLD2,1867.25553
TUNE42PI_FES27,1570,4,interior,MLD2,1816.61895
TUNE42PI_FES27,1570,5,interior,MLD2,1104.21149
TUNE42PI_FES27,1570,6,interior,MLD2,30.22991
TUNE42PI_FES27,1570,7,interior,MLD2,17.13471
TUNE42PI_FES27,1570,8,interior,MLD2,15.83406
TUNE42PI_FES27,1570,9,interior,MLD2,25.09298
TUNE42PI_FES27,1570,10,interior,MLD2,34.04007
TUNE42PI_FES27,1570,11,interior,MLD2,114.12560
TUNE42PI_FES27,1570,12,interior,MLD2,1485.18986
TUNE42PI_FES27,1571,1,labsea,a_ice,0.25261
TUNE42PI_FES27,1571,2,labsea,a_ice,0.29976
TUNE42PI_FES27,1571,3,labsea,a_ice,0.40313
TUNE42PI_FES27,1571,4,labsea,a_ice,0.33474
TUNE42PI_FES27,1571,5,labsea,a_ice,0.18580
TUNE42PI_FES27,1571,6,labsea,a_ice,0.10336
TUNE42PI_FES27,1571,7,labsea,a_ice,0.03988
TUNE42PI_FES27,1571,8,labsea,a_ice,0.00460
TUNE42PI_FES27,1571,9,labsea,a_ice,0.00035
TUNE42PI_FES27,1571,10,labsea,a_ice,0.00720
TUNE42PI_FES27,1571,11,labsea,a_ice,0.08027
TUNE42PI_FES27,1571,12,labsea,a_ice,0.17523
TUNE42PI_FES27,1571,1,interior,a_ice,0.08359
TUNE42PI_FES27,1571,2,interior,a_ice,0.13106
TUNE42PI_FES27,1571,3,interior,a_ice,0.36561
TUNE42PI_FES27,1571,4,interior,a_ice,0.32828
TUNE42PI_FES27,1571,5,interior,a_ice,0.08411
TUNE42PI_FES27,1571,6,interior,a_ice,0.00149
TUNE42PI_FES27,1571,7,interior,a_ice,0.00000
TUNE42PI_FES27,1571,8,interior,a_ice,0.00000
TUNE42PI_FES27,1571,9,interior,a_ice,0.00000
TUNE42PI_FES27,1571,10,interior,a_ice,0.00000
TUNE42PI_FES27,1571,11,interior,a_ice,0.00230
TUNE42PI_FES27,1571,12,interior,a_ice,0.02519
TUNE42PI_FES27,1571,1,labsea,MLD2,1360.27647
TUNE42PI_FES27,1571,2,labsea,MLD2,1358.29259
TUNE42PI_FES27,1571,3,labsea,MLD2,1147.93705
TUNE42PI_FES27,1571,4,labsea,MLD2,749.50348
TUNE42PI_FES27,1571,5,labsea,MLD2,117.26276
TUNE42PI_FES27,1571,6,labsea,MLD2,17.74104
TUNE42PI_FES27,1571,7,labsea,MLD2,15.40486
TUNE42PI_FES27,1571,8,labsea,MLD2,15.49881
TUNE42PI_FES27,1571,9,labsea,MLD2,20.86526
TUNE42PI_FES27,1571,10,labsea,MLD2,31.38587
TUNE42PI_FES27,1571,11,labsea,MLD2,132.24401
TUNE42PI_FES27,1571,12,labsea,MLD2,561.67982
TUNE42PI_FES27,1571,1,interior,MLD2,2080.30890
TUNE42PI_FES27,1571,2,interior,MLD2,1886.76464
TUNE42PI_FES27,1571,3,interior,MLD2,1340.46525
TUNE42PI_FES27,1571,4,interior,MLD2,644.85567
TUNE42PI_FES27,1571,5,interior,MLD2,61.42516
TUNE42PI_FES27,1571,6,interior,MLD2,19.43885
TUNE42PI_FES27,1571,7,interior,MLD2,17.41977
TUNE42PI_FES27,1571,8,interior,MLD2,18.73321
TUNE42PI_FES27,1571,9,interior,MLD2,23.39044
TUNE42PI_FES27,1571,10,interior,MLD2,35.72545
TUNE42PI_FES27,1571,11,interior,MLD2,240.33426
TUNE42PI_FES27,1571,12,interior,MLD2,1095.15400
TUNE42PI_FES27,1572,1,labsea,a_ice,0.25705
TUNE42PI_FES27,1572,2,labsea,a_ice,0.29742
TUNE42PI_FES27,1572,3,labsea,a_ice,0.30318
TUNE42PI_FES27,1572,4,labsea,a_ice,0.28340
TUNE42PI_FES27,1572,5,labsea,a_ice,0.21826
TUNE42PI_FES27,1572,6,labsea,a_ice,0.10511
TUNE42PI_FES27,1572,7,labsea,a_ice,0.03331
TUNE42PI_FES27,1572,8,labsea,a_ice,0.00300
TUNE42PI_FES27,1572,9,labsea,a_ice,0.00000
TUNE42PI_FES27,1572,10,labsea,a_ice,0.00380
TUNE42PI_FES27,1572,11,labsea,a_ice,0.08430
TUNE42PI_FES27,1572,12,labsea,a_ice,0.26315
TUNE42PI_FES27,1572,1,interior,a_ice,0.04576
TUNE42PI_FES27,1572,2,interior,a_ice,0.05620
TUNE42PI_FES27,1572,3,interior,a_ice,0.05168
TUNE42PI_FES27,1572,4,interior,a_ice,0.07556
TUNE42PI_FES27,1572,5,interior,a_ice,0.03702
TUNE42PI_FES27,1572,6,interior,a_ice,0.00435
TUNE42PI_FES27,1572,7,interior,a_ice,0.00000
TUNE42PI_FES27,1572,8,interior,a_ice,0.00000
TUNE42PI_FES27,1572,9,interior,a_ice,0.00000
TUNE42PI_FES27,1572,10,interior,a_ice,0.00000
TUNE42PI_FES27,1572,11,interior,a_ice,0.01181
TUNE42PI_FES27,1572,12,interior,a_ice,0.08694
TUNE42PI_FES27,1572,1,labsea,MLD2,913.86627
TUNE42PI_FES27,1572,2,labsea,MLD2,1169.78397
TUNE42PI_FES27,1572,3,labsea,MLD2,1311.36349
TUNE42PI_FES27,1572,4,labsea,MLD2,1170.23622
TUNE42PI_FES27,1572,5,labsea,MLD2,460.72792
TUNE42PI_FES27,1572,6,labsea,MLD2,22.17161
TUNE42PI_FES27,1572,7,labsea,MLD2,12.32273
TUNE42PI_FES27,1572,8,labsea,MLD2,12.21853
TUNE42PI_FES27,1572,9,labsea,MLD2,19.05698
TUNE42PI_FES27,1572,10,labsea,MLD2,27.63686
TUNE42PI_FES27,1572,11,labsea,MLD2,45.28063
TUNE42PI_FES27,1572,12,labsea,MLD2,463.25576
TUNE42PI_FES27,1572,1,interior,MLD2,1780.22478
TUNE42PI_FES27,1572,2,interior,MLD2,2117.42202
TUNE42PI_FES27,1572,3,interior,MLD2,2215.47472
TUNE42PI_FES27,1572,4,interior,MLD2,1815.86252
TUNE42PI_FES27,1572,5,interior,MLD2,842.69503
TUNE42PI_FES27,1572,6,interior,MLD2,28.05874
TUNE42PI_FES27,1572,7,interior,MLD2,13.97086
TUNE42PI_FES27,1572,8,interior,MLD2,15.21193
TUNE42PI_FES27,1572,9,interior,MLD2,22.03623
TUNE42PI_FES27,1572,10,interior,MLD2,31.41549
TUNE42PI_FES27,1572,11,interior,MLD2,58.90473
TUNE42PI_FES27,1572,12,interior,MLD2,883.24358
TUNE42PI_FES27,1573,1,labsea,a_ice,0.36012
TUNE42PI_FES27,1573,2,labsea,a_ice,0.43205
TUNE42PI_FES27,1573,3,labsea,a_ice,0.42371
TUNE42PI_FES27,1573,4,labsea,a_ice,0.35856
TUNE42PI_FES27,1573,5,labsea,a_ice,0.28226
TUNE42PI_FES27,1573,6,labsea,a_ice,0.16900
TUNE42PI_FES27,1573,7,labsea,a_ice,0.05387
TUNE42PI_FES27,1573,8,labsea,a_ice,0.00689
TUNE42PI_FES27,1573,9,labsea,a_ice,0.00004
TUNE42PI_FES27,1573,10,labsea,a_ice,0.00707
TUNE42PI_FES27,1573,11,labsea,a_ice,0.10056
TUNE42PI_FES27,1573,12,labsea,a_ice,0.18219
TUNE42PI_FES27,1573,1,interior,a_ice,0.16025
TUNE42PI_FES27,1573,2,interior,a_ice,0.24128
TUNE42PI_FES27,1573,3,interior,a_ice,0.23832
TUNE42PI_FES27,1573,4,interior,a_ice,0.16828
TUNE42PI_FES27,1573,5,interior,a_ice,0.09518
TUNE42PI_FES27,1573,6,interior,a_ice,0.02643
TUNE42PI_FES27,1573,7,interior,a_ice,0.00176
TUNE42PI_FES27,1573,8,interior,a_ice,0.00000
TUNE42PI_FES27,1573,9,interior,a_ice,0.00000
TUNE42PI_FES27,1573,10,interior,a_ice,0.00000
TUNE42PI_FES27,1573,11,interior,a_ice,0.00891
TUNE42PI_FES27,1573,12,interior,a_ice,0.03987
TUNE42PI_FES27,1573,1,labsea,MLD2,1003.30361
TUNE42PI_FES27,1573,2,labsea,MLD2,1214.29142
TUNE42PI_FES27,1573,3,labsea,MLD2,1220.41756
TUNE42PI_FES27,1573,4,labsea,MLD2,1120.01839
TUNE42PI_FES27,1573,5,labsea,MLD2,748.79269
TUNE42PI_FES27,1573,6,labsea,MLD2,27.03887
TUNE42PI_FES27,1573,7,labsea,MLD2,16.18513
TUNE42PI_FES27,1573,8,labsea,MLD2,16.00946
TUNE42PI_FES27,1573,9,labsea,MLD2,24.03326
TUNE42PI_FES27,1573,10,labsea,MLD2,42.26467
TUNE42PI_FES27,1573,11,labsea,MLD2,209.00374
TUNE42PI_FES27,1573,12,labsea,MLD2,912.15549
TUNE42PI_FES27,1573,1,interior,MLD2,1576.19755
TUNE42PI_FES27,1573,2,interior,MLD2,1817.62285
TUNE42PI_FES27,1573,3,interior,MLD2,1773.82928
TUNE42PI_FES27,1573,4,interior,MLD2,1637.47036
TUNE42PI_FES27,1573,5,interior,MLD2,1187.37675
TUNE42PI_FES27,1573,6,interior,MLD2,32.95950
TUNE42PI_FES27,1573,7,interior,MLD2,19.89035
TUNE42PI_FES27,1573,8,interior,MLD2,19.66196
TUNE42PI_FES27,1573,9,interior,MLD2,28.76045
TUNE42PI_FES27,1573,10,interior,MLD2,59.13966
TUNE42PI_FES27,1573,11,interior,MLD2,533.55292
TUNE42PI_FES27,1573,12,interior,MLD2,1776.20754
TUNE42PI_FES27,1574,1,labsea,a_ice,0.28695
TUNE42PI_FES27,1574,2,labsea,a_ice,0.42098
TUNE42PI_FES27,1574,3,labsea,a_ice,0.43779
TUNE42PI_FES27,1574,4,labsea,a_ice,0.42333
TUNE42PI_FES27,1574,5,labsea,a_ice,0.33975
TUNE42PI_FES27,1574,6,labsea,a_ice,0.19364
TUNE42PI_FES27,1574,7,labsea,a_ice,0.05205
TUNE42PI_FES27,1574,8,labsea,a_ice,0.00329
TUNE42PI_FES27,1574,9,labsea,a_ice,0.00000
TUNE42PI_FES27,1574,10,labsea,a_ice,0.00047
TUNE42PI_FES27,1574,11,labsea,a_ice,0.03920
TUNE42PI_FES27,1574,12,labsea,a_ice,0.18630
TUNE42PI_FES27,1574,1,interior,a_ice,0.09784
TUNE42PI_FES27,1574,2,interior,a_ice,0.30769
TUNE42PI_FES27,1574,3,interior,a_ice,0.37871
TUNE42PI_FES27,1574,4,interior,a_ice,0.37004
TUNE42PI_FES27,1574,5,interior,a_ice,0.19941
TUNE42PI_FES27,1574,6,interior,a_ice,0.04501
TUNE42PI_FES27,1574,7,interior,a_ice,0.00237
TUNE42PI_FES27,1574,8,interior,a_ice,0.00000
TUNE42PI_FES27,1574,9,interior,a_ice,0.00000
TUNE42PI_FES27,1574,10,interior,a_ice,0.00000
TUNE42PI_FES27,1574,11,interior,a_ice,0.00594
TUNE42PI_FES27,1574,12,interior,a_ice,0.03097
TUNE42PI_FES27,1574,1,labsea,MLD2,1336.28907
TUNE42PI_FES27,1574,2,labsea,MLD2,1247.43903
TUNE42PI_FES27,1574,3,labsea,MLD2,972.11383
TUNE42PI_FES27,1574,4,labsea,MLD2,804.65569
TUNE42PI_FES27,1574,5,labsea,MLD2,502.71142
TUNE42PI_FES27,1574,6,labsea,MLD2,21.35650
TUNE42PI_FES27,1574,7,labsea,MLD2,11.86600
TUNE42PI_FES27,1574,8,labsea,MLD2,13.74949
TUNE42PI_FES27,1574,9,labsea,MLD2,17.23280
TUNE42PI_FES27,1574,10,labsea,MLD2,31.17288
TUNE42PI_FES27,1574,11,labsea,MLD2,54.53846
TUNE42PI_FES27,1574,12,labsea,MLD2,534.91786
TUNE42PI_FES27,1574,1,interior,MLD2,2128.35009
TUNE42PI_FES27,1574,2,interior,MLD2,1629.25847
TUNE42PI_FES27,1574,3,interior,MLD2,970.60515
TUNE42PI_FES27,1574,4,interior,MLD2,635.37295
TUNE42PI_FES27,1574,5,interior,MLD2,379.80702
TUNE42PI_FES27,1574,6,interior,MLD2,20.31094
TUNE42PI_FES27,1574,7,interior,MLD2,12.93717
TUNE42PI_FES27,1574,8,interior,MLD2,15.38829
TUNE42PI_FES27,1574,9,interior,MLD2,18.32367
TUNE42PI_FES27,1574,10,interior,MLD2,34.08958
TUNE42PI_FES27,1574,11,interior,MLD2,82.68757
TUNE42PI_FES27,1574,12,interior,MLD2,1261.00625
TUNE42PI_FES27,1575,1,labsea,a_ice,0.28708
TUNE42PI_FES27,1575,2,labsea,a_ice,0.32214
TUNE42PI_FES27,1575,3,labsea,a_ice,0.31340
TUNE42PI_FES27,1575,4,labsea,a_ice,0.28501
TUNE42PI_FES27,1575,5,labsea,a_ice,0.24754
TUNE42PI_FES27,1575,6,labsea,a_ice,0.14971
TUNE42PI_FES27,1575,7,labsea,a_ice,0.03110
TUNE42PI_FES27,1575,8,labsea,a_ice,0.00006
TUNE42PI_FES27,1575,9,labsea,a_ice,0.00000
TUNE42PI_FES27,1575,10,labsea,a_ice,0.00014
TUNE42PI_FES27,1575,11,labsea,a_ice,0.06803
TUNE42PI_FES27,1575,12,labsea,a_ice,0.22172
TUNE42PI_FES27,1575,1,interior,a_ice,0.07680
TUNE42PI_FES27,1575,2,interior,a_ice,0.09706
TUNE42PI_FES27,1575,3,interior,a_ice,0.12435
TUNE42PI_FES27,1575,4,interior,a_ice,0.09532
TUNE42PI_FES27,1575,5,interior,a_ice,0.05335
TUNE42PI_FES27,1575,6,interior,a_ice,0.03307
TUNE42PI_FES27,1575,7,interior,a_ice,0.00021
TUNE42PI_FES27,1575,8,interior,a_ice,0.00000
TUNE42PI_FES27,1575,9,interior,a_ice,0.00000
TUNE42PI_FES27,1575,10,interior,a_ice,0.00000
TUNE42PI_FES27,1575,11,interior,a_ice,0.00699
TUNE42PI_FES27,1575,12,interior,a_ice,0.06392
TUNE42PI_FES27,1575,1,labsea,MLD2,1263.57530
TUNE42PI_FES27,1575,2,labsea,MLD2,1421.97648
TUNE42PI_FES27,1575,3,labsea,MLD2,1347.18126
TUNE42PI_FES27,1575,4,labsea,MLD2,1096.19925
TUNE42PI_FES27,1575,5,labsea,MLD2,671.65242
TUNE42PI_FES27,1575,6,labsea,MLD2,37.66025
TUNE42PI_FES27,1575,7,labsea,MLD2,15.02048
TUNE42PI_FES27,1575,8,labsea,MLD2,18.03476
TUNE42PI_FES27,1575,9,labsea,MLD2,24.17330
TUNE42PI_FES27,1575,10,labsea,MLD2,33.48496
TUNE42PI_FES27,1575,11,labsea,MLD2,142.20264
TUNE42PI_FES27,1575,12,labsea,MLD2,816.14996
TUNE42PI_FES27,1575,1,interior,MLD2,2304.02718
TUNE42PI_FES27,1575,2,interior,MLD2,2272.33679
TUNE42PI_FES27,1575,3,interior,MLD2,2053.27661
TUNE42PI_FES27,1575,4,interior,MLD2,1613.99445
TUNE42PI_FES27,1575,5,interior,MLD2,1138.77524
TUNE42PI_FES27,1575,6,interior,MLD2,86.03450
TUNE42PI_FES27,1575,7,interior,MLD2,16.84403
TUNE42PI_FES27,1575,8,interior,MLD2,21.50821
TUNE42PI_FES27,1575,9,interior,MLD2,28.30665
TUNE42PI_FES27,1575,10,interior,MLD2,39.24257
TUNE42PI_FES27,1575,11,interior,MLD2,300.89320
TUNE42PI_FES27,1575,12,interior,MLD2,1334.13600
TUNE42PI_FES27,1576,1,labsea,a_ice,0.30245
TUNE42PI_FES27,1576,2,labsea,a_ice,0.34266
TUNE42PI_FES27,1576,3,labsea,a_ice,0.46450
TUNE42PI_FES27,1576,4,labsea,a_ice,0.41754
TUNE42PI_FES27,1576,5,labsea,a_ice,0.33635
TUNE42PI_FES27,1576,6,labsea,a_ice,0.16693
TUNE42PI_FES27,1576,7,labsea,a_ice,0.04216
TUNE42PI_FES27,1576,8,labsea,a_ice,0.00754
TUNE42PI_FES27,1576,9,labsea,a_ice,0.00051
TUNE42PI_FES27,1576,10,labsea,a_ice,0.00755
TUNE42PI_FES27,1576,11,labsea,a_ice,0.06109
TUNE42PI_FES27,1576,12,labsea,a_ice,0.19322
TUNE42PI_FES27,1576,1,interior,a_ice,0.10841
TUNE42PI_FES27,1576,2,interior,a_ice,0.22245
TUNE42PI_FES27,1576,3,interior,a_ice,0.42205
TUNE42PI_FES27,1576,4,interior,a_ice,0.31032
TUNE42PI_FES27,1576,5,interior,a_ice,0.15969
TUNE42PI_FES27,1576,6,interior,a_ice,0.04863
TUNE42PI_FES27,1576,7,interior,a_ice,0.00054
TUNE42PI_FES27,1576,8,interior,a_ice,0.00000
TUNE42PI_FES27,1576,9,interior,a_ice,0.00000
TUNE42PI_FES27,1576,10,interior,a_ice,0.00000
TUNE42PI_FES27,1576,11,interior,a_ice,0.00917
TUNE42PI_FES27,1576,12,interior,a_ice,0.08329
TUNE42PI_FES27,1576,1,labsea,MLD2,1188.88260
TUNE42PI_FES27,1576,2,labsea,MLD2,1242.56305
TUNE42PI_FES27,1576,3,labsea,MLD2,1084.43710
TUNE42PI_FES27,1576,4,labsea,MLD2,885.95861
TUNE42PI_FES27,1576,5,labsea,MLD2,569.09588
TUNE42PI_FES27,1576,6,labsea,MLD2,56.23014
TUNE42PI_FES27,1576,7,labsea,MLD2,15.88650
TUNE42PI_FES27,1576,8,labsea,MLD2,17.98230
TUNE42PI_FES27,1576,9,labsea,MLD2,23.11624
TUNE42PI_FES27,1576,10,labsea,MLD2,30.88471
TUNE42PI_FES27,1576,11,labsea,MLD2,65.85809
TUNE42PI_FES27,1576,12,labsea,MLD2,413.50550
TUNE42PI_FES27,1576,1,interior,MLD2,1628.23790
TUNE42PI_FES27,1576,2,interior,MLD2,1530.97892
TUNE42PI_FES27,1576,3,interior,MLD2,1187.93611
TUNE42PI_FES27,1576,4,interior,MLD2,883.20374
TUNE42PI_FES27,1576,5,interior,MLD2,609.86574
TUNE42PI_FES27,1576,6,interior,MLD2,68.86248
TUNE42PI_FES27,1576,7,interior,MLD2,19.32562
TUNE42PI_FES27,1576,8,interior,MLD2,21.43768
TUNE42PI_FES27,1576,9,interior,MLD2,26.12393
TUNE42PI_FES27,1576,10,interior,MLD2,35.50438
TUNE42PI_FES27,1576,11,interior,MLD2,93.09810
TUNE42PI_FES27,1576,12,interior,MLD2,788.56916
TUNE42PI_FES27,1577,1,labsea,a_ice,0.39690
TUNE42PI_FES27,1577,2,labsea,a_ice,0.57255
TUNE42PI_FES27,1577,3,labsea,a_ice,0.58988
TUNE42PI_FES27,1577,4,labsea,a_ice,0.47785
TUNE42PI_FES27,1577,5,labsea,a_ice,0.32698
TUNE42PI_FES27,1577,6,labsea,a_ice,0.18887
TUNE42PI_FES27,1577,7,labsea,a_ice,0.04422
TUNE42PI_FES27,1577,8,labsea,a_ice,0.00130
TUNE42PI_FES27,1577,9,labsea,a_ice,0.00000
TUNE42PI_FES27,1577,10,labsea,a_ice,0.00966
TUNE42PI_FES27,1577,11,labsea,a_ice,0.11170
TUNE42PI_FES27,1577,12,labsea,a_ice,0.23182
TUNE42PI_FES27,1577,1,interior,a_ice,0.44588
TUNE42PI_FES27,1577,2,interior,a_ice,0.74884
TUNE42PI_FES27,1577,3,interior,a_ice,0.77665
TUNE42PI_FES27,1577,4,interior,a_ice,0.51562
TUNE42PI_FES27,1577,5,interior,a_ice,0.18548
TUNE42PI_FES27,1577,6,interior,a_ice,0.02813
TUNE42PI_FES27,1577,7,interior,a_ice,0.00362
TUNE42PI_FES27,1577,8,interior,a_ice,0.00000
TUNE42PI_FES27,1577,9,interior,a_ice,0.00000
TUNE42PI_FES27,1577,10,interior,a_ice,0.00000
TUNE42PI_FES27,1577,11,interior,a_ice,0.00990
TUNE42PI_FES27,1577,12,interior,a_ice,0.07215
TUNE42PI_FES27,1577,1,labsea,MLD2,711.34219
TUNE42PI_FES27,1577,2,labsea,MLD2,721.75133
TUNE42PI_FES27,1577,3,labsea,MLD2,597.64032
TUNE42PI_FES27,1577,4,labsea,MLD2,467.11741
TUNE42PI_FES27,1577,5,labsea,MLD2,225.95161
TUNE42PI_FES27,1577,6,labsea,MLD2,16.16912
TUNE42PI_FES27,1577,7,labsea,MLD2,12.99545
TUNE42PI_FES27,1577,8,labsea,MLD2,12.89117
TUNE42PI_FES27,1577,9,labsea,MLD2,19.31730
TUNE42PI_FES27,1577,10,labsea,MLD2,35.50763
TUNE42PI_FES27,1577,11,labsea,MLD2,111.51951
TUNE42PI_FES27,1577,12,labsea,MLD2,495.06868
TUNE42PI_FES27,1577,1,interior,MLD2,869.94731
TUNE42PI_FES27,1577,2,interior,MLD2,336.65219
TUNE42PI_FES27,1577,3,interior,MLD2,66.97039
TUNE42PI_FES27,1577,4,interior,MLD2,34.55573
TUNE42PI_FES27,1577,5,interior,MLD2,30.34051
TUNE42PI_FES27,1577,6,interior,MLD2,16.49512
TUNE42PI_FES27,1577,7,interior,MLD2,15.38737
TUNE42PI_FES27,1577,8,interior,MLD2,15.04671
TUNE42PI_FES27,1577,9,interior,MLD2,20.28312
TUNE42PI_FES27,1577,10,interior,MLD2,41.25128
TUNE42PI_FES27,1577,11,interior,MLD2,183.89539
TUNE42PI_FES27,1577,12,interior,MLD2,918.75922
TUNE42PI_FES27,1578,1,labsea,a_ice,0.30992
TUNE42PI_FES27,1578,2,labsea,a_ice,0.31639
TUNE42PI_FES27,1578,3,labsea,a_ice,0.32368
TUNE42PI_FES27,1578,4,labsea,a_ice,0.29146
TUNE42PI_FES27,1578,5,labsea,a_ice,0.20302
TUNE42PI_FES27,1578,6,labsea,a_ice,0.12831
TUNE42PI_FES27,1578,7,labsea,a_ice,0.05498
TUNE42PI_FES27,1578,8,labsea,a_ice,0.00742
TUNE42PI_FES27,1578,9,labsea,a_ice,0.00017
TUNE42PI_FES27,1578,10,labsea,a_ice,0.02830
TUNE42PI_FES27,1578,11,labsea,a_ice,0.10884
TUNE42PI_FES27,1578,12,labsea,a_ice,0.18878
TUNE42PI_FES27,1578,1,interior,a_ice,0.17905
TUNE42PI_FES27,1578,2,interior,a_ice,0.11254
TUNE42PI_FES27,1578,3,interior,a_ice,0.11057
TUNE42PI_FES27,1578,4,interior,a_ice,0.08903
TUNE42PI_FES27,1578,5,interior,a_ice,0.04378
TUNE42PI_FES27,1578,6,interior,a_ice,0.01538
TUNE42PI_FES27,1578,7,interior,a_ice,0.00446
TUNE42PI_FES27,1578,8,interior,a_ice,0.00000
TUNE42PI_FES27,1578,9,interior,a_ice,0.00000
TUNE42PI_FES27,1578,10,interior,a_ice,0.00000
TUNE42PI_FES27,1578,11,interior,a_ice,0.00699
TUNE42PI_FES27,1578,12,interior,a_ice,0.04189
TUNE42PI_FES27,1578,1,labsea,MLD2,977.95741
TUNE42PI_FES27,1578,2,labsea,MLD2,1201.87096
TUNE42PI_FES27,1578,3,labsea,MLD2,1300.96882
TUNE42PI_FES27,1578,4,labsea,MLD2,1182.44910
TUNE42PI_FES27,1578,5,labsea,MLD2,587.76157
TUNE42PI_FES27,1578,6,labsea,MLD2,22.77315
TUNE42PI_FES27,1578,7,labsea,MLD2,16.39525
TUNE42PI_FES27,1578,8,labsea,MLD2,12.96766
TUNE42PI_FES27,1578,9,labsea,MLD2,20.46452
TUNE42PI_FES27,1578,10,labsea,MLD2,32.02463
TUNE42PI_FES27,1578,11,labsea,MLD2,145.90940
TUNE42PI_FES27,1578,12,labsea,MLD2,912.00601
TUNE42PI_FES27,1578,1,interior,MLD2,1737.91620
TUNE42PI_FES27,1578,2,interior,MLD2,2033.91111
TUNE42PI_FES27,1578,3,interior,MLD2,2130.53567
TUNE42PI_FES27,1578,4,interior,MLD2,1903.78646
TUNE42PI_FES27,1578,5,interior,MLD2,1068.16368
TUNE42PI_FES27,1578,6,interior,MLD2,30.32281
TUNE42PI_FES27,1578,7,interior,MLD2,19.58460
TUNE42PI_FES27,1578,8,interior,MLD2,15.46776
TUNE42PI_FES27,1578,9,interior,MLD2,22.25314
TUNE42PI_FES27,1578,10,interior,MLD2,39.12911
TUNE42PI_FES27,1578,11,interior,MLD2,318.10575
TUNE42PI_FES27,1578,12,interior,MLD2,1949.96120
TUNE42PI_FES27,1579,1,labsea,a_ice,0.24438
TUNE42PI_FES27,1579,2,labsea,a_ice,0.27233
TUNE42PI_FES27,1579,3,labsea,a_ice,0.29618
TUNE42PI_FES27,1579,4,labsea,a_ice,0.31550
TUNE42PI_FES27,1579,5,labsea,a_ice,0.29825
TUNE42PI_FES27,1579,6,labsea,a_ice,0.20140
TUNE42PI_FES27,1579,7,labsea,a_ice,0.05674
TUNE42PI_FES27,1579,8,labsea,a_ice,0.00699
TUNE42PI_FES27,1579,9,labsea,a_ice,0.00000
TUNE42PI_FES27,1579,10,labsea,a_ice,0.01636
TUNE42PI_FES27,1579,11,labsea,a_ice,0.06847
TUNE42PI_FES27,1579,12,labsea,a_ice,0.22229
TUNE42PI_FES27,1579,1,interior,a_ice,0.06906
TUNE42PI_FES27,1579,2,interior,a_ice,0.07566
TUNE42PI_FES27,1579,3,interior,a_ice,0.08822
TUNE42PI_FES27,1579,4,interior,a_ice,0.12607
TUNE42PI_FES27,1579,5,interior,a_ice,0.14591
TUNE42PI_FES27,1579,6,interior,a_ice,0.06216
TUNE42PI_FES27,1579,7,interior,a_ice,0.00104
TUNE42PI_FES27,1579,8,interior,a_ice,0.00000
TUNE42PI_FES27,1579,9,interior,a_ice,0.00000
TUNE42PI_FES27,1579,10,interior,a_ice,0.00000
TUNE42PI_FES27,1579,11,interior,a_ice,0.00191
TUNE42PI_FES27,1579,12,interior,a_ice,0.08776
TUNE42PI_FES27,1579,1,labsea,MLD2,1247.89394
TUNE42PI_FES27,1579,2,labsea,MLD2,1343.30005
TUNE42PI_FES27,1579,3,labsea,MLD2,1381.87179
TUNE42PI_FES27,1579,4,labsea,MLD2,1230.73926
TUNE42PI_FES27,1579,5,labsea,MLD2,908.52799
TUNE42PI_FES27,1579,6,labsea,MLD2,186.42032
TUNE42PI_FES27,1579,7,labsea,MLD2,13.36841
TUNE42PI_FES27,1579,8,labsea,MLD2,13.98415
TUNE42PI_FES27,1579,9,labsea,MLD2,18.89326
TUNE42PI_FES27,1579,10,labsea,MLD2,28.83535
TUNE42PI_FES27,1579,11,labsea,MLD2,60.49918
TUNE42PI_FES27,1579,12,labsea,MLD2,849.28615
TUNE42PI_FES27,1579,1,interior,MLD2,2359.75280
TUNE42PI_FES27,1579,2,interior,MLD2,2321.26683
TUNE42PI_FES27,1579,3,interior,MLD2,2279.48045
TUNE42PI_FES27,1579,4,interior,MLD2,1950.20699
TUNE42PI_FES27,1579,5,interior,MLD2,1441.94608
TUNE42PI_FES27,1579,6,interior,MLD2,327.87878
TUNE42PI_FES27,1579,7,interior,MLD2,15.89370
TUNE42PI_FES27,1579,8,interior,MLD2,15.87389
TUNE42PI_FES27,1579,9,interior,MLD2,19.58379
TUNE42PI_FES27,1579,10,interior,MLD2,30.56835
TUNE42PI_FES27,1579,11,interior,MLD2,79.11545
TUNE42PI_FES27,1579,12,interior,MLD2,1249.77807
TUNE42PI_FES27,1580,1,labsea,a_ice,0.28518
TUNE42PI_FES27,1580,2,labsea,a_ice,0.35831
TUNE42PI_FES27,1580,3,labsea,a_ice,0.38988
TUNE42PI_FES27,1580,4,labsea,a_ice,0.38233
TUNE42PI_FES27,1580,5,labsea,a_ice,0.30944
TUNE42PI_FES27,1580,6,labsea,a_ice,0.18643
TUNE42PI_FES27,1580,7,labsea,a_ice,0.05810
TUNE42PI_FES27,1580,8,labsea,a_ice,0.00891
TUNE42PI_FES27,1580,9,labsea,a_ice,0.00142
TUNE42PI_FES27,1580,10,labsea,a_ice,0.00114
TUNE42PI_FES27,1580,11,labsea,a_ice,0.09455
TUNE42PI_FES27,1580,12,labsea,a_ice,0.21705
TUNE42PI_FES27,1580,1,interior,a_ice,0.11920
TUNE42PI_FES27,1580,2,interior,a_ice,0.19586
TUNE42PI_FES27,1580,3,interior,a_ice,0.26808
TUNE42PI_FES27,1580,4,interior,a_ice,0.29102
TUNE42PI_FES27,1580,5,interior,a_ice,0.12811
TUNE42PI_FES27,1580,6,interior,a_ice,0.06186
TUNE42PI_FES27,1580,7,interior,a_ice,0.00266
TUNE42PI_FES27,1580,8,interior,a_ice,0.00000
TUNE42PI_FES27,1580,9,interior,a_ice,0.00000
TUNE42PI_FES27,1580,10,interior,a_ice,0.00000
TUNE42PI_FES27,1580,11,interior,a_ice,0.01558
TUNE42PI_FES27,1580,12,interior,a_ice,0.06471
TUNE42PI_FES27,1580,1,labsea,MLD2,1373.80542
TUNE42PI_FES27,1580,2,labsea,MLD2,1330.11338
TUNE42PI_FES27,1580,3,labsea,MLD2,1222.58395
TUNE42PI_FES27,1580,4,labsea,MLD2,1079.40644
TUNE42PI_FES27,1580,5,labsea,MLD2,573.43957
TUNE42PI_FES27,1580,6,labsea,MLD2,71.48790
TUNE42PI_FES27,1580,7,labsea,MLD2,16.24538
TUNE42PI_FES27,1580,8,labsea,MLD2,16.94705
TUNE42PI_FES27,1580,9,labsea,MLD2,23.29237
TUNE42PI_FES27,1580,10,labsea,MLD2,35.09581
TUNE42PI_FES27,1580,11,labsea,MLD2,120.94136
TUNE42PI_FES27,1580,12,labsea,MLD2,845.33600
TUNE42PI_FES27,1580,1,interior,MLD2,1978.07984
TUNE42PI_FES27,1580,2,interior,MLD2,1755.23981
TUNE42PI_FES27,1580,3,interior,MLD2,1421.88733
TUNE42PI_FES27,1580,4,interior,MLD2,1259.28509
TUNE42PI_FES27,1580,5,interior,MLD2,883.02752
TUNE42PI_FES27,1580,6,interior,MLD2,170.21222
TUNE42PI_FES27,1580,7,interior,MLD2,19.29911
TUNE42PI_FES27,1580,8,interior,MLD2,21.38872
TUNE42PI_FES27,1580,9,interior,MLD2,28.12132
TUNE42PI_FES27,1580,10,interior,MLD2,39.37290
TUNE42PI_FES27,1580,11,interior,MLD2,234.91064
TUNE42PI_FES27,1580,12,interior,MLD2,1639.89817
TUNE42PI_FES27,1581,1,labsea,a_ice,0.29507
TUNE42PI_FES27,1581,2,labsea,a_ice,0.28621
TUNE42PI_FES27,1581,3,labsea,a_ice,0.34000
TUNE42PI_FES27,1581,4,labsea,a_ice,0.38018
TUNE42PI_FES27,1581,5,labsea,a_ice,0.31189
TUNE42PI_FES27,1581,6,labsea,a_ice,0.14690
TUNE42PI_FES27,1581,7,labsea,a_ice,0.03050
TUNE42PI_FES27,1581,8,labsea,a_ice,0.00077
TUNE42PI_FES27,1581,9,labsea,a_ice,0.00000
TUNE42PI_FES27,1581,10,labsea,a_ice,0.00045
TUNE42PI_FES27,1581,11,labsea,a_ice,0.05662
TUNE42PI_FES27,1581,12,labsea,a_ice,0.22201
TUNE42PI_FES27,1581,1,interior,a_ice,0.11837
TUNE42PI_FES27,1581,2,interior,a_ice,0.11509
TUNE42PI_FES27,1581,3,interior,a_ice,0.22393
TUNE42PI_FES27,1581,4,interior,a_ice,0.29363
TUNE42PI_FES27,1581,5,interior,a_ice,0.16527
TUNE42PI_FES27,1581,6,interior,a_ice,0.02936
TUNE42PI_FES27,1581,7,interior,a_ice,0.00001
TUNE42PI_FES27,1581,8,interior,a_ice,0.00000
TUNE42PI_FES27,1581,9,interior,a_ice,0.00000
TUNE42PI_FES27,1581,10,interior,a_ice,0.00000
TUNE42PI_FES27,1581,11,interior,a_ice,0.00338
TUNE42PI_FES27,1581,12,interior,a_ice,0.06075
TUNE42PI_FES27,1581,1,labsea,MLD2,1267.83011
TUNE42PI_FES27,1581,2,labsea,MLD2,1178.28380
TUNE42PI_FES27,1581,3,labsea,MLD2,1256.04357
TUNE42PI_FES27,1581,4,labsea,MLD2,1117.35444
TUNE42PI_FES27,1581,5,labsea,MLD2,608.08850
TUNE42PI_FES27,1581,6,labsea,MLD2,15.03913
TUNE42PI_FES27,1581,7,labsea,MLD2,13.78458
TUNE42PI_FES27,1581,8,labsea,MLD2,16.75954
TUNE42PI_FES27,1581,9,labsea,MLD2,17.37841
TUNE42PI_FES27,1581,10,labsea,MLD2,26.44967
TUNE42PI_FES27,1581,11,labsea,MLD2,132.28760
TUNE42PI_FES27,1581,12,labsea,MLD2,923.52178
TUNE42PI_FES27,1581,1,interior,MLD2,2019.51097
TUNE42PI_FES27,1581,2,interior,MLD2,1846.37548
TUNE42PI_FES27,1581,3,interior,MLD2,1742.26561
TUNE42PI_FES27,1581,4,interior,MLD2,1469.61467
TUNE42PI_FES27,1581,5,interior,MLD2,830.05202
TUNE42PI_FES27,1581,6,interior,MLD2,17.22971
TUNE42PI_FES27,1581,7,interior,MLD2,15.68119
TUNE42PI_FES27,1581,8,interior,MLD2,18.82761
TUNE42PI_FES27,1581,9,interior,MLD2,19.11384
TUNE42PI_FES27,1581,10,interior,MLD2,27.89176
TUNE42PI_FES27,1581,11,interior,MLD2,254.88781
TUNE42PI_FES27,1581,12,interior,MLD2,1809.37340
TUNE42PI_FES27,1582,1,labsea,a_ice,0.31908
TUNE42PI_FES27,1582,2,labsea,a_ice,0.41464
TUNE42PI_FES27,1582,3,labsea,a_ice,0.51386
TUNE42PI_FES27,1582,4,labsea,a_ice,0.50562
TUNE42PI_FES27,1582,5,labsea,a_ice,0.36878
TUNE42PI_FES27,1582,6,labsea,a_ice,0.21320
TUNE42PI_FES27,1582,7,labsea,a_ice,0.06016
TUNE42PI_FES27,1582,8,labsea,a_ice,0.00065
TUNE42PI_FES27,1582,9,labsea,a_ice,0.00000
TUNE42PI_FES27,1582,10,labsea,a_ice,0.00426
TUNE42PI_FES27,1582,11,labsea,a_ice,0.04943
TUNE42PI_FES27,1582,12,labsea,a_ice,0.18663
TUNE42PI_FES27,1582,1,interior,a_ice,0.10288
TUNE42PI_FES27,1582,2,interior,a_ice,0.32903
TUNE42PI_FES27,1582,3,interior,a_ice,0.63742
TUNE42PI_FES27,1582,4,interior,a_ice,0.57214
TUNE42PI_FES27,1582,5,interior,a_ice,0.25157
TUNE42PI_FES27,1582,6,interior,a_ice,0.06884
TUNE42PI_FES27,1582,7,interior,a_ice,0.00802
TUNE42PI_FES27,1582,8,interior,a_ice,0.00000
TUNE42PI_FES27,1582,9,interior,a_ice,0.00000
TUNE42PI_FES27,1582,10,interior,a_ice,0.00000
TUNE42PI_FES27,1582,11,interior,a_ice,0.00487
TUNE42PI_FES27,1582,12,interior,a_ice,0.03736
TUNE42PI_FES27,1582,1,labsea,MLD2,1322.56459
TUNE42PI_FES27,1582,2,labsea,MLD2,1051.08903
TUNE42PI_FES27,1582,3,labsea,MLD2,797.73993
TUNE42PI_FES27,1582,4,labsea,MLD2,607.74310
TUNE42PI_FES27,1582,5,labsea,MLD2,343.74293
TUNE42PI_FES27,1582,6,labsea,MLD2,22.31864
TUNE42PI_FES27,1582,7,labsea,MLD2,12.13721
TUNE42PI_FES27,1582,8,labsea,MLD2,15.36622
TUNE42PI_FES27,1582,9,labsea,MLD2,21.57135
TUNE42PI_FES27,1582,10,labsea,MLD2,29.91114
TUNE42PI_FES27,1582,11,labsea,MLD2,45.29378
TUNE42PI_FES27,1582,12,labsea,MLD2,440.43928
TUNE42PI_FES27,1582,1,interior,MLD2,2266.31938
TUNE42PI_FES27,1582,2,interior,MLD2,1317.52205
TUNE42PI_FES27,1582,3,interior,MLD2,355.45153
TUNE42PI_FES27,1582,4,interior,MLD2,44.59395
TUNE42PI_FES27,1582,5,interior,MLD2,30.89210
TUNE42PI_FES27,1582,6,interior,MLD2,18.96566
TUNE42PI_FES27,1582,7,interior,MLD2,14.94715
TUNE42PI_FES27,1582,8,interior,MLD2,18.60278
TUNE42PI_FES27,1582,9,interior,MLD2,23.48434
TUNE42PI_FES27,1582,10,interior,MLD2,34.54231
TUNE42PI_FES27,1582,11,interior,MLD2,54.47521
TUNE42PI_FES27,1582,12,interior,MLD2,806.21770
TUNE42PI_FES27,1583,1,labsea,a_ice,0.25582
TUNE42PI_FES27,1583,2,labsea,a_ice,0.28223
TUNE42PI_FES27,1583,3,labsea,a_ice,0.29886
TUNE42PI_FES27,1583,4,labsea,a_ice,0.28237
TUNE42PI_FES27,1583,5,labsea,a_ice,0.21005
TUNE42PI_FES27,1583,6,labsea,a_ice,0.11076
TUNE42PI_FES27,1583,7,labsea,a_ice,0.03372
TUNE42PI_FES27,1583,8,labsea,a_ice,0.00243
TUNE42PI_FES27,1583,9,labsea,a_ice,0.00002
TUNE42PI_FES27,1583,10,labsea,a_ice,0.00625
TUNE42PI_FES27,1583,11,labsea,a_ice,0.07534
TUNE42PI_FES27,1583,12,labsea,a_ice,0.19350
TUNE42PI_FES27,1583,1,interior,a_ice,0.05978
TUNE42PI_FES27,1583,2,interior,a_ice,0.06310
TUNE42PI_FES27,1583,3,interior,a_ice,0.08030
TUNE42PI_FES27,1583,4,interior,a_ice,0.14473
TUNE42PI_FES27,1583,5,interior,a_ice,0.06738
TUNE42PI_FES27,1583,6,interior,a_ice,0.01716
TUNE42PI_FES27,1583,7,interior,a_ice,0.00076
TUNE42PI_FES27,1583,8,interior,a_ice,0.00000
TUNE42PI_FES27,1583,9,interior,a_ice,0.00000
TUNE42PI_FES27,1583,10,interior,a_ice,0.00000
TUNE42PI_FES27,1583,11,interior,a_ice,0.00085
TUNE42PI_FES27,1583,12,interior,a_ice,0.05637
TUNE42PI_FES27,1583,1,labsea,MLD2,927.74181
TUNE42PI_FES27,1583,2,labsea,MLD2,1146.80191
TUNE42PI_FES27,1583,3,labsea,MLD2,1169.71519
TUNE42PI_FES27,1583,4,labsea,MLD2,936.79417
TUNE42PI_FES27,1583,5,labsea,MLD2,497.22106
TUNE42PI_FES27,1583,6,labsea,MLD2,56.70595
TUNE42PI_FES27,1583,7,labsea,MLD2,14.22951
TUNE42PI_FES27,1583,8,labsea,MLD2,14.24707
TUNE42PI_FES27,1583,9,labsea,MLD2,19.39410
TUNE42PI_FES27,1583,10,labsea,MLD2,30.98784
TUNE42PI_FES27,1583,11,labsea,MLD2,207.82869
TUNE42PI_FES27,1583,12,labsea,MLD2,1004.46032
TUNE42PI_FES27,1583,1,interior,MLD2,1584.43345
TUNE42PI_FES27,1583,2,interior,MLD2,1826.78201
TUNE42PI_FES27,1583,3,interior,MLD2,1846.70979
TUNE42PI_FES27,1583,4,interior,MLD2,1646.45394
TUNE42PI_FES27,1583,5,interior,MLD2,1051.54445
TUNE42PI_FES27,1583,6,interior,MLD2,142.18235
TUNE42PI_FES27,1583,7,interior,MLD2,15.42876
TUNE42PI_FES27,1583,8,interior,MLD2,15.88554
TUNE42PI_FES27,1583,9,interior,MLD2,21.87998
TUNE42PI_FES27,1583,10,interior,MLD2,36.54186
TUNE42PI_FES27,1583,11,interior,MLD2,353.05384
TUNE42PI_FES27,1583,12,interior,MLD2,1790.03576
TUNE42PI_FES27,1584,1,labsea,a_ice,0.29890
TUNE42PI_FES27,1584,2,labsea,a_ice,0.38988
TUNE42PI_FES27,1584,3,labsea,a_ice,0.41335
TUNE42PI_FES27,1584,4,labsea,a_ice,0.33604
TUNE42PI_FES27,1584,5,labsea,a_ice,0.25418
TUNE42PI_FES27,1584,6,labsea,a_ice,0.14277
TUNE42PI_FES27,1584,7,labsea,a_ice,0.04868
TUNE42PI_FES27,1584,8,labsea,a_ice,0.00734
TUNE42PI_FES27,1584,9,labsea,a_ice,0.00029
TUNE42PI_FES27,1584,10,labsea,a_ice,0.00112
TUNE42PI_FES27,1584,11,labsea,a_ice,0.04537
TUNE42PI_FES27,1584,12,labsea,a_ice,0.18553
TUNE42PI_FES27,1584,1,interior,a_ice,0.12494
TUNE42PI_FES27,1584,2,interior,a_ice,0.25125
TUNE42PI_FES27,1584,3,interior,a_ice,0.35371
TUNE42PI_FES27,1584,4,interior,a_ice,0.17905
TUNE42PI_FES27,1584,5,interior,a_ice,0.08267
TUNE42PI_FES27,1584,6,interior,a_ice,0.01764
TUNE42PI_FES27,1584,7,interior,a_ice,0.00009
TUNE42PI_FES27,1584,8,interior,a_ice,0.00000
TUNE42PI_FES27,1584,9,interior,a_ice,0.00000
TUNE42PI_FES27,1584,10,interior,a_ice,0.00000
TUNE42PI_FES27,1584,11,interior,a_ice,0.00186
TUNE42PI_FES27,1584,12,interior,a_ice,0.03765
TUNE42PI_FES27,1584,1,labsea,MLD2,1425.69900
TUNE42PI_FES27,1584,2,labsea,MLD2,1268.23775
TUNE42PI_FES27,1584,3,labsea,MLD2,944.16226
TUNE42PI_FES27,1584,4,labsea,MLD2,717.70492
TUNE42PI_FES27,1584,5,labsea,MLD2,260.65138
TUNE42PI_FES27,1584,6,labsea,MLD2,14.85344
TUNE42PI_FES27,1584,7,labsea,MLD2,14.43130
TUNE42PI_FES27,1584,8,labsea,MLD2,14.81563
TUNE42PI_FES27,1584,9,labsea,MLD2,17.83916
TUNE42PI_FES27,1584,10,labsea,MLD2,27.49894
TUNE42PI_FES27,1584,11,labsea,MLD2,71.38667
TUNE42PI_FES27,1584,12,labsea,MLD2,631.23276
TUNE42PI_FES27,1584,1,interior,MLD2,2314.18605
TUNE42PI_FES27,1584,2,interior,MLD2,1825.64923
TUNE42PI_FES27,1584,3,interior,MLD2,955.58868
TUNE42PI_FES27,1584,4,interior,MLD2,700.34006
TUNE42PI_FES27,1584,5,interior,MLD2,295.49670
TUNE42PI_FES27,1584,6,interior,MLD2,17.89890
TUNE42PI_FES27,1584,7,interior,MLD2,17.10323
TUNE42PI_FES27,1584,8,interior,MLD2,16.75171
TUNE42PI_FES27,1584,9,interior,MLD2,19.16632
TUNE42PI_FES27,1584,10,interior,MLD2,31.42547
TUNE42PI_FES27,1584,11,interior,MLD2,110.05700
TUNE42PI_FES27,1584,12,interior,MLD2,1263.66884
TUNE42PI_FES27,1585,1,labsea,a_ice,0.25896
TUNE42PI_FES27,1585,2,labsea,a_ice,0.27150
TUNE42PI_FES27,1585,3,labsea,a_ice,0.25324
TUNE42PI_FES27,1585,4,labsea,a_ice,0.27257
TUNE42PI_FES27,1585,5,labsea,a_ice,0.25018
TUNE42PI_FES27,1585,6,labsea,a_ice,0.14196
TUNE42PI_FES27,1585,7,labsea,a_ice,0.04055
TUNE42PI_FES27,1585,8,labsea,a_ice,0.01119
TUNE42PI_FES27,1585,9,labsea,a_ice,0.00273
TUNE42PI_FES27,1585,10,labsea,a_ice,0.00701
TUNE42PI_FES27,1585,11,labsea,a_ice,0.03983
TUNE42PI_FES27,1585,12,labsea,a_ice,0.21339
TUNE42PI_FES27,1585,1,interior,a_ice,0.08135
TUNE42PI_FES27,1585,2,interior,a_ice,0.07633
TUNE42PI_FES27,1585,3,interior,a_ice,0.04600
TUNE42PI_FES27,1585,4,interior,a_ice,0.08262
TUNE42PI_FES27,1585,5,interior,a_ice,0.10518
TUNE42PI_FES27,1585,6,interior,a_ice,0.05121
TUNE42PI_FES27,1585,7,interior,a_ice,0.00449
TUNE42PI_FES27,1585,8,interior,a_ice,0.00000
TUNE42PI_FES27,1585,9,interior,a_ice,0.00000
TUNE42PI_FES27,1585,10,interior,a_ice,0.00000
TUNE42PI_FES27,1585,11,interior,a_ice,0.00053
TUNE42PI_FES27,1585,12,interior,a_ice,0.07115
TUNE42PI_FES27,1585,1,labsea,MLD2,1325.89008
TUNE42PI_FES27,1585,2,labsea,MLD2,1304.10593
TUNE42PI_FES27,1585,3,labsea,MLD2,1219.57860
TUNE42PI_FES27,1585,4,labsea,MLD2,1134.49657
TUNE42PI_FES27,1585,5,labsea,MLD2,519.22377
TUNE42PI_FES27,1585,6,labsea,MLD2,17.08424
TUNE42PI_FES27,1585,7,labsea,MLD2,12.21369
TUNE42PI_FES27,1585,8,labsea,MLD2,14.98179
TUNE42PI_FES27,1585,9,labsea,MLD2,18.45947
TUNE42PI_FES27,1585,10,labsea,MLD2,28.08138
TUNE42PI_FES27,1585,11,labsea,MLD2,50.81357
TUNE42PI_FES27,1585,12,labsea,MLD2,656.74174
TUNE42PI_FES27,1585,1,interior,MLD2,2237.65583
TUNE42PI_FES27,1585,2,interior,MLD2,2264.54870
TUNE42PI_FES27,1585,3,interior,MLD2,2234.84611
TUNE42PI_FES27,1585,4,interior,MLD2,1815.95026
TUNE42PI_FES27,1585,5,interior,MLD2,827.24625
TUNE42PI_FES27,1585,6,interior,MLD2,19.95003
TUNE42PI_FES27,1585,7,interior,MLD2,13.89327
TUNE42PI_FES27,1585,8,interior,MLD2,16.65885
TUNE42PI_FES27,1585,9,interior,MLD2,19.80527
TUNE42PI_FES27,1585,10,interior,MLD2,29.52679
TUNE42PI_FES27,1585,11,interior,MLD2,53.41956
TUNE42PI_FES27,1585,12,interior,MLD2,956.69426
TUNE42PI_FES27,1586,1,labsea,a_ice,0.33606
TUNE42PI_FES27,1586,2,labsea,a_ice,0.37627
TUNE42PI_FES27,1586,3,labsea,a_ice,0.36505
TUNE42PI_FES27,1586,4,labsea,a_ice,0.35787
TUNE42PI_FES27,1586,5,labsea,a_ice,0.29940
TUNE42PI_FES27,1586,6,labsea,a_ice,0.17791
TUNE42PI_FES27,1586,7,labsea,a_ice,0.05911
TUNE42PI_FES27,1586,8,labsea,a_ice,0.00876
TUNE42PI_FES27,1586,9,labsea,a_ice,0.00018
TUNE42PI_FES27,1586,10,labsea,a_ice,0.00844
TUNE42PI_FES27,1586,11,labsea,a_ice,0.05922
TUNE42PI_FES27,1586,12,labsea,a_ice,0.18296
TUNE42PI_FES27,1586,1,interior,a_ice,0.15981
TUNE42PI_FES27,1586,2,interior,a_ice,0.23821
TUNE42PI_FES27,1586,3,interior,a_ice,0.19054
TUNE42PI_FES27,1586,4,interior,a_ice,0.18280
TUNE42PI_FES27,1586,5,interior,a_ice,0.15648
TUNE42PI_FES27,1586,6,interior,a_ice,0.05601
TUNE42PI_FES27,1586,7,interior,a_ice,0.00656
TUNE42PI_FES27,1586,8,interior,a_ice,0.00000
TUNE42PI_FES27,1586,9,interior,a_ice,0.00000
TUNE42PI_FES27,1586,10,interior,a_ice,0.00000
TUNE42PI_FES27,1586,11,interior,a_ice,0.00086
TUNE42PI_FES27,1586,12,interior,a_ice,0.04215
TUNE42PI_FES27,1586,1,labsea,MLD2,1197.21417
TUNE42PI_FES27,1586,2,labsea,MLD2,1251.65639
TUNE42PI_FES27,1586,3,labsea,MLD2,1354.32986
TUNE42PI_FES27,1586,4,labsea,MLD2,1281.90816
TUNE42PI_FES27,1586,5,labsea,MLD2,759.96487
TUNE42PI_FES27,1586,6,labsea,MLD2,95.15539
TUNE42PI_FES27,1586,7,labsea,MLD2,12.35321
TUNE42PI_FES27,1586,8,labsea,MLD2,14.82203
TUNE42PI_FES27,1586,9,labsea,MLD2,22.41291
TUNE42PI_FES27,1586,10,labsea,MLD2,32.04528
TUNE42PI_FES27,1586,11,labsea,MLD2,65.71140
TUNE42PI_FES27,1586,12,labsea,MLD2,632.73153
TUNE42PI_FES27,1586,1,interior,MLD2,1680.37892
TUNE42PI_FES27,1586,2,interior,MLD2,1668.55687
TUNE42PI_FES27,1586,3,interior,MLD2,1954.74138
TUNE42PI_FES27,1586,4,interior,MLD2,1934.14703
TUNE42PI_FES27,1586,5,interior,MLD2,1395.87220
TUNE42PI_FES27,1586,6,interior,MLD2,214.30317
TUNE42PI_FES27,1586,7,interior,MLD2,13.59949
TUNE42PI_FES27,1586,8,interior,MLD2,17.01342
TUNE42PI_FES27,1586,9,interior,MLD2,24.76088
TUNE42PI_FES27,1586,10,interior,MLD2,37.86097
TUNE42PI_FES27,1586,11,interior,MLD2,100.26810
TUNE42PI_FES27,1586,12,interior,MLD2,1253.55772
TUNE42PI_FES27,1587,1,labsea,a_ice,0.23927
TUNE42PI_FES27,1587,2,labsea,a_ice,0.27145
TUNE42PI_FES27,1587,3,labsea,a_ice,0.23226
TUNE42PI_FES27,1587,4,labsea,a_ice,0.21190
TUNE42PI_FES27,1587,5,labsea,a_ice,0.17561
TUNE42PI_FES27,1587,6,labsea,a_ice,0.09114
TUNE42PI_FES27,1587,7,labsea,a_ice,0.01321
TUNE42PI_FES27,1587,8,labsea,a_ice,0.00000
TUNE42PI_FES27,1587,9,labsea,a_ice,0.00000
TUNE42PI_FES27,1587,10,labsea,a_ice,0.00178
TUNE42PI_FES27,1587,11,labsea,a_ice,0.03908
TUNE42PI_FES27,1587,12,labsea,a_ice,0.15351
TUNE42PI_FES27,1587,1,interior,a_ice,0.07198
TUNE42PI_FES27,1587,2,interior,a_ice,0.10720
TUNE42PI_FES27,1587,3,interior,a_ice,0.06424
TUNE42PI_FES27,1587,4,interior,a_ice,0.03594
TUNE42PI_FES27,1587,5,interior,a_ice,0.03203
TUNE42PI_FES27,1587,6,interior,a_ice,0.01168
TUNE42PI_FES27,1587,7,interior,a_ice,0.00168
TUNE42PI_FES27,1587,8,interior,a_ice,0.00000
TUNE42PI_FES27,1587,9,interior,a_ice,0.00000
TUNE42PI_FES27,1587,10,interior,a_ice,0.00000
TUNE42PI_FES27,1587,11,interior,a_ice,0.00000
TUNE42PI_FES27,1587,12,interior,a_ice,0.01873
TUNE42PI_FES27,1587,1,labsea,MLD2,1158.32985
TUNE42PI_FES27,1587,2,labsea,MLD2,1360.75395
TUNE42PI_FES27,1587,3,labsea,MLD2,1242.53724
TUNE42PI_FES27,1587,4,labsea,MLD2,1137.88645
TUNE42PI_FES27,1587,5,labsea,MLD2,391.46935
TUNE42PI_FES27,1587,6,labsea,MLD2,20.25411
TUNE42PI_FES27,1587,7,labsea,MLD2,13.63190
TUNE42PI_FES27,1587,8,labsea,MLD2,15.02811
TUNE42PI_FES27,1587,9,labsea,MLD2,19.64895
TUNE42PI_FES27,1587,10,labsea,MLD2,24.82561
TUNE42PI_FES27,1587,11,labsea,MLD2,53.12730
TUNE42PI_FES27,1587,12,labsea,MLD2,445.07341
TUNE42PI_FES27,1587,1,interior,MLD2,1858.73111
TUNE42PI_FES27,1587,2,interior,MLD2,2073.61369
TUNE42PI_FES27,1587,3,interior,MLD2,1946.91478
TUNE42PI_FES27,1587,4,interior,MLD2,1806.96017
TUNE42PI_FES27,1587,5,interior,MLD2,666.30348
TUNE42PI_FES27,1587,6,interior,MLD2,27.27673
TUNE42PI_FES27,1587,7,interior,MLD2,16.00094
TUNE42PI_FES27,1587,8,interior,MLD2,17.85426
TUNE42PI_FES27,1587,9,interior,MLD2,24.41161
TUNE42PI_FES27,1587,10,interior,MLD2,30.32536
TUNE42PI_FES27,1587,11,interior,MLD2,69.99805
TUNE42PI_FES27,1587,12,interior,MLD2,819.93400
TUNE42PI_FES27,1588,1,labsea,a_ice,0.26900
TUNE42PI_FES27,1588,2,labsea,a_ice,0.25935
TUNE42PI_FES27,1588,3,labsea,a_ice,0.27836
TUNE42PI_FES27,1588,4,labsea,a_ice,0.29871
TUNE42PI_FES27,1588,5,labsea,a_ice,0.27027
TUNE42PI_FES27,1588,6,labsea,a_ice,0.15245
TUNE42PI_FES27,1588,7,labsea,a_ice,0.03859
TUNE42PI_FES27,1588,8,labsea,a_ice,0.00188
TUNE42PI_FES27,1588,9,labsea,a_ice,0.00000
TUNE42PI_FES27,1588,10,labsea,a_ice,0.00525
TUNE42PI_FES27,1588,11,labsea,a_ice,0.06901
TUNE42PI_FES27,1588,12,labsea,a_ice,0.18329
TUNE42PI_FES27,1588,1,interior,a_ice,0.10765
TUNE42PI_FES27,1588,2,interior,a_ice,0.07636
TUNE42PI_FES27,1588,3,interior,a_ice,0.07073
TUNE42PI_FES27,1588,4,interior,a_ice,0.07065
TUNE42PI_FES27,1588,5,interior,a_ice,0.08372
TUNE42PI_FES27,1588,6,interior,a_ice,0.01945
TUNE42PI_FES27,1588,7,interior,a_ice,0.00157
TUNE42PI_FES27,1588,8,interior,a_ice,0.00000
TUNE42PI_FES27,1588,9,interior,a_ice,0.00000
TUNE42PI_FES27,1588,10,interior,a_ice,0.00000
TUNE42PI_FES27,1588,11,interior,a_ice,0.00512
TUNE42PI_FES27,1588,12,interior,a_ice,0.04146
TUNE42PI_FES27,1588,1,labsea,MLD2,1262.33649
TUNE42PI_FES27,1588,2,labsea,MLD2,1470.46868
TUNE42PI_FES27,1588,3,labsea,MLD2,1440.51898
TUNE42PI_FES27,1588,4,labsea,MLD2,1331.14925
TUNE42PI_FES27,1588,5,labsea,MLD2,886.69632
TUNE42PI_FES27,1588,6,labsea,MLD2,20.04125
TUNE42PI_FES27,1588,7,labsea,MLD2,14.55364
TUNE42PI_FES27,1588,8,labsea,MLD2,15.10995
TUNE42PI_FES27,1588,9,labsea,MLD2,21.46179
TUNE42PI_FES27,1588,10,labsea,MLD2,36.84401
TUNE42PI_FES27,1588,11,labsea,MLD2,335.61770
TUNE42PI_FES27,1588,12,labsea,MLD2,1155.88806
TUNE42PI_FES27,1588,1,interior,MLD2,1929.30738
TUNE42PI_FES27,1588,2,interior,MLD2,2169.96635
TUNE42PI_FES27,1588,3,interior,MLD2,2207.75592
TUNE42PI_FES27,1588,4,interior,MLD2,1991.08244
TUNE42PI_FES27,1588,5,interior,MLD2,1330.59630
TUNE42PI_FES27,1588,6,interior,MLD2,24.12594
TUNE42PI_FES27,1588,7,interior,MLD2,17.02853
TUNE42PI_FES27,1588,8,interior,MLD2,17.17946
TUNE42PI_FES27,1588,9,interior,MLD2,23.90966
TUNE42PI_FES27,1588,10,interior,MLD2,45.87226
TUNE42PI_FES27,1588,11,interior,MLD2,668.02842
TUNE42PI_FES27,1588,12,interior,MLD2,1843.01717
TUNE42PI_FES27,1589,1,labsea,a_ice,0.24508
TUNE42PI_FES27,1589,2,labsea,a_ice,0.27378
TUNE42PI_FES27,1589,3,labsea,a_ice,0.26893
TUNE42PI_FES27,1589,4,labsea,a_ice,0.26356
TUNE42PI_FES27,1589,5,labsea,a_ice,0.18133
TUNE42PI_FES27,1589,6,labsea,a_ice,0.04401
TUNE42PI_FES27,1589,7,labsea,a_ice,0.00006
TUNE42PI_FES27,1589,8,labsea,a_ice,0.00000
TUNE42PI_FES27,1589,9,labsea,a_ice,0.00000
TUNE42PI_FES27,1589,10,labsea,a_ice,0.00010
TUNE42PI_FES27,1589,11,labsea,a_ice,0.05511
TUNE42PI_FES27,1589,12,labsea,a_ice,0.17916
TUNE42PI_FES27,1589,1,interior,a_ice,0.07135
TUNE42PI_FES27,1589,2,interior,a_ice,0.08897
TUNE42PI_FES27,1589,3,interior,a_ice,0.08708
TUNE42PI_FES27,1589,4,interior,a_ice,0.09684
TUNE42PI_FES27,1589,5,interior,a_ice,0.05417
TUNE42PI_FES27,1589,6,interior,a_ice,0.00107
TUNE42PI_FES27,1589,7,interior,a_ice,0.00000
TUNE42PI_FES27,1589,8,interior,a_ice,0.00000
TUNE42PI_FES27,1589,9,interior,a_ice,0.00000
TUNE42PI_FES27,1589,10,interior,a_ice,0.00000
TUNE42PI_FES27,1589,11,interior,a_ice,0.00314
TUNE42PI_FES27,1589,12,interior,a_ice,0.02243
TUNE42PI_FES27,1589,1,labsea,MLD2,1446.80190
TUNE42PI_FES27,1589,2,labsea,MLD2,1484.32861
TUNE42PI_FES27,1589,3,labsea,MLD2,1291.31087
TUNE42PI_FES27,1589,4,labsea,MLD2,1114.81488
TUNE42PI_FES27,1589,5,labsea,MLD2,360.03008
TUNE42PI_FES27,1589,6,labsea,MLD2,15.92364
TUNE42PI_FES27,1589,7,labsea,MLD2,13.26418
TUNE42PI_FES27,1589,8,labsea,MLD2,16.16120
TUNE42PI_FES27,1589,9,labsea,MLD2,20.99196
TUNE42PI_FES27,1589,10,labsea,MLD2,36.43814
TUNE42PI_FES27,1589,11,labsea,MLD2,107.64116
TUNE42PI_FES27,1589,12,labsea,MLD2,961.61905
TUNE42PI_FES27,1589,1,interior,MLD2,2093.59484
TUNE42PI_FES27,1589,2,interior,MLD2,2153.44052
TUNE42PI_FES27,1589,3,interior,MLD2,1575.06604
TUNE42PI_FES27,1589,4,interior,MLD2,1140.62936
TUNE42PI_FES27,1589,5,interior,MLD2,272.06869
TUNE42PI_FES27,1589,6,interior,MLD2,17.81884
TUNE42PI_FES27,1589,7,interior,MLD2,15.16588
TUNE42PI_FES27,1589,8,interior,MLD2,17.74255
TUNE42PI_FES27,1589,9,interior,MLD2,24.03020
TUNE42PI_FES27,1589,10,interior,MLD2,44.05426
TUNE42PI_FES27,1589,11,interior,MLD2,177.94242
TUNE42PI_FES27,1589,12,interior,MLD2,1505.50165
TUNE42PI_FES27,1590,1,labsea,a_ice,0.21971
TUNE42PI_FES27,1590,2,labsea,a_ice,0.32448
TUNE42PI_FES27,1590,3,labsea,a_ice,0.24428
TUNE42PI_FES27,1590,4,labsea,a_ice,0.29668
TUNE42PI_FES27,1590,5,labsea,a_ice,0.24002
TUNE42PI_FES27,1590,6,labsea,a_ice,0.09666
TUNE42PI_FES27,1590,7,labsea,a_ice,0.01492
TUNE42PI_FES27,1590,8,labsea,a_ice,0.00026
TUNE42PI_FES27,1590,9,labsea,a_ice,0.00000
TUNE42PI_FES27,1590,10,labsea,a_ice,0.00018
TUNE42PI_FES27,1590,11,labsea,a_ice,0.02933
TUNE42PI_FES27,1590,12,labsea,a_ice,0.21748
TUNE42PI_FES27,1590,1,interior,a_ice,0.03904
TUNE42PI_FES27,1590,2,interior,a_ice,0.21905
TUNE42PI_FES27,1590,3,interior,a_ice,0.08593
TUNE42PI_FES27,1590,4,interior,a_ice,0.12497
TUNE42PI_FES27,1590,5,interior,a_ice,0.07810
TUNE42PI_FES27,1590,6,interior,a_ice,0.02096
TUNE42PI_FES27,1590,7,interior,a_ice,0.00002
TUNE42PI_FES27,1590,8,interior,a_ice,0.00000
TUNE42PI_FES27,1590,9,interior,a_ice,0.00000
TUNE42PI_FES27,1590,10,interior,a_ice,0.00000
TUNE42PI_FES27,1590,11,interior,a_ice,0.00149
TUNE42PI_FES27,1590,12,interior,a_ice,0.06887
TUNE42PI_FES27,1590,1,labsea,MLD2,1316.88558
TUNE42PI_FES27,1590,2,labsea,MLD2,1206.18391
TUNE42PI_FES27,1590,3,labsea,MLD2,978.21720
TUNE42PI_FES27,1590,4,labsea,MLD2,962.11588
TUNE42PI_FES27,1590,5,labsea,MLD2,425.40306
TUNE42PI_FES27,1590,6,labsea,MLD2,16.31408
TUNE42PI_FES27,1590,7,labsea,MLD2,10.33808
TUNE42PI_FES27,1590,8,labsea,MLD2,10.97805
TUNE42PI_FES27,1590,9,labsea,MLD2,21.66042
TUNE42PI_FES27,1590,10,labsea,MLD2,31.61916
TUNE42PI_FES27,1590,11,labsea,MLD2,66.70382
TUNE42PI_FES27,1590,12,labsea,MLD2,722.30920
TUNE42PI_FES27,1590,1,interior,MLD2,1912.54260
TUNE42PI_FES27,1590,2,interior,MLD2,1556.44958
TUNE42PI_FES27,1590,3,interior,MLD2,1034.89145
TUNE42PI_FES27,1590,4,interior,MLD2,1297.80602
TUNE42PI_FES27,1590,5,interior,MLD2,821.18363
TUNE42PI_FES27,1590,6,interior,MLD2,21.24372
TUNE42PI_FES27,1590,7,interior,MLD2,11.63526
TUNE42PI_FES27,1590,8,interior,MLD2,12.67237
TUNE42PI_FES27,1590,9,interior,MLD2,23.08826
TUNE42PI_FES27,1590,10,interior,MLD2,36.52575
TUNE42PI_FES27,1590,11,interior,MLD2,110.85158
TUNE42PI_FES27,1590,12,interior,MLD2,1423.29296
TUNE42PI_FES27,1591,1,labsea,a_ice,0.30628
TUNE42PI_FES27,1591,2,labsea,a_ice,0.33974
TUNE42PI_FES27,1591,3,labsea,a_ice,0.36409
TUNE42PI_FES27,1591,4,labsea,a_ice,0.32393
TUNE42PI_FES27,1591,5,labsea,a_ice,0.21112
TUNE42PI_FES27,1591,6,labsea,a_ice,0.13842
TUNE42PI_FES27,1591,7,labsea,a_ice,0.04188
TUNE42PI_FES27,1591,8,labsea,a_ice,0.00662
TUNE42PI_FES27,1591,9,labsea,a_ice,0.00000
TUNE42PI_FES27,1591,10,labsea,a_ice,0.00145
TUNE42PI_FES27,1591,11,labsea,a_ice,0.04043
TUNE42PI_FES27,1591,12,labsea,a_ice,0.12761
TUNE42PI_FES27,1591,1,interior,a_ice,0.12569
TUNE42PI_FES27,1591,2,interior,a_ice,0.13508
TUNE42PI_FES27,1591,3,interior,a_ice,0.18545
TUNE42PI_FES27,1591,4,interior,a_ice,0.17244
TUNE42PI_FES27,1591,5,interior,a_ice,0.04471
TUNE42PI_FES27,1591,6,interior,a_ice,0.01659
TUNE42PI_FES27,1591,7,interior,a_ice,0.00219
TUNE42PI_FES27,1591,8,interior,a_ice,0.00000
TUNE42PI_FES27,1591,9,interior,a_ice,0.00000
TUNE42PI_FES27,1591,10,interior,a_ice,0.00000
TUNE42PI_FES27,1591,11,interior,a_ice,0.00007
TUNE42PI_FES27,1591,12,interior,a_ice,0.02237
TUNE42PI_FES27,1591,1,labsea,MLD2,1085.84957
TUNE42PI_FES27,1591,2,labsea,MLD2,1169.78256
TUNE42PI_FES27,1591,3,labsea,MLD2,1170.14175
TUNE42PI_FES27,1591,4,labsea,MLD2,1046.47282
TUNE42PI_FES27,1591,5,labsea,MLD2,682.34574
TUNE42PI_FES27,1591,6,labsea,MLD2,76.42568
TUNE42PI_FES27,1591,7,labsea,MLD2,14.48818
TUNE42PI_FES27,1591,8,labsea,MLD2,17.42747
TUNE42PI_FES27,1591,9,labsea,MLD2,18.99395
TUNE42PI_FES27,1591,10,labsea,MLD2,28.36594
TUNE42PI_FES27,1591,11,labsea,MLD2,59.65004
TUNE42PI_FES27,1591,12,labsea,MLD2,346.31516
TUNE42PI_FES27,1591,1,interior,MLD2,1833.37758
TUNE42PI_FES27,1591,2,interior,MLD2,1711.41054
TUNE42PI_FES27,1591,3,interior,MLD2,1710.79593
TUNE42PI_FES27,1591,4,interior,MLD2,1552.75447
TUNE42PI_FES27,1591,5,interior,MLD2,938.16786
TUNE42PI_FES27,1591,6,interior,MLD2,93.75703
TUNE42PI_FES27,1591,7,interior,MLD2,16.67507
TUNE42PI_FES27,1591,8,interior,MLD2,20.54769
TUNE42PI_FES27,1591,9,interior,MLD2,21.79891
TUNE42PI_FES27,1591,10,interior,MLD2,31.95556
TUNE42PI_FES27,1591,11,interior,MLD2,90.51817
TUNE42PI_FES27,1591,12,interior,MLD2,738.67850
TUNE42PI_FES27,1592,1,labsea,a_ice,0.23486
TUNE42PI_FES27,1592,2,labsea,a_ice,0.25385
TUNE42PI_FES27,1592,3,labsea,a_ice,0.28810
TUNE42PI_FES27,1592,4,labsea,a_ice,0.29250
TUNE42PI_FES27,1592,5,labsea,a_ice,0.23272
TUNE42PI_FES27,1592,6,labsea,a_ice,0.11993
TUNE42PI_FES27,1592,7,labsea,a_ice,0.02814
TUNE42PI_FES27,1592,8,labsea,a_ice,0.00168
TUNE42PI_FES27,1592,9,labsea,a_ice,0.00000
TUNE42PI_FES27,1592,10,labsea,a_ice,0.00003
TUNE42PI_FES27,1592,11,labsea,a_ice,0.02551
TUNE42PI_FES27,1592,12,labsea,a_ice,0.16699
TUNE42PI_FES27,1592,1,interior,a_ice,0.06550
TUNE42PI_FES27,1592,2,interior,a_ice,0.07808
TUNE42PI_FES27,1592,3,interior,a_ice,0.10753
TUNE42PI_FES27,1592,4,interior,a_ice,0.14676
TUNE42PI_FES27,1592,5,interior,a_ice,0.08740
TUNE42PI_FES27,1592,6,interior,a_ice,0.01224
TUNE42PI_FES27,1592,7,interior,a_ice,0.00057
TUNE42PI_FES27,1592,8,interior,a_ice,0.00001
TUNE42PI_FES27,1592,9,interior,a_ice,0.00000
TUNE42PI_FES27,1592,10,interior,a_ice,0.00000
TUNE42PI_FES27,1592,11,interior,a_ice,0.00032
TUNE42PI_FES27,1592,12,interior,a_ice,0.03868
TUNE42PI_FES27,1592,1,labsea,MLD2,1044.84288
TUNE42PI_FES27,1592,2,labsea,MLD2,1287.65074
TUNE42PI_FES27,1592,3,labsea,MLD2,1194.54478
TUNE42PI_FES27,1592,4,labsea,MLD2,1043.20276
TUNE42PI_FES27,1592,5,labsea,MLD2,623.22294
TUNE42PI_FES27,1592,6,labsea,MLD2,21.67060
TUNE42PI_FES27,1592,7,labsea,MLD2,12.22488
TUNE42PI_FES27,1592,8,labsea,MLD2,16.98608
TUNE42PI_FES27,1592,9,labsea,MLD2,23.56171
TUNE42PI_FES27,1592,10,labsea,MLD2,41.27917
TUNE42PI_FES27,1592,11,labsea,MLD2,117.94757
TUNE42PI_FES27,1592,12,labsea,MLD2,791.29524
TUNE42PI_FES27,1592,1,interior,MLD2,1762.34171
TUNE42PI_FES27,1592,2,interior,MLD2,1971.17863
TUNE42PI_FES27,1592,3,interior,MLD2,1815.62951
TUNE42PI_FES27,1592,4,interior,MLD2,1473.80990
TUNE42PI_FES27,1592,5,interior,MLD2,893.72627
TUNE42PI_FES27,1592,6,interior,MLD2,26.88303
TUNE42PI_FES27,1592,7,interior,MLD2,14.12150
TUNE42PI_FES27,1592,8,interior,MLD2,20.70227
TUNE42PI_FES27,1592,9,interior,MLD2,27.26571
TUNE42PI_FES27,1592,10,interior,MLD2,46.94193
TUNE42PI_FES27,1592,11,interior,MLD2,233.50870
TUNE42PI_FES27,1592,12,interior,MLD2,1623.80069
TUNE42PI_FES27,1593,1,labsea,a_ice,0.19723
TUNE42PI_FES27,1593,2,labsea,a_ice,0.20978
TUNE42PI_FES27,1593,3,labsea,a_ice,0.23626
TUNE42PI_FES27,1593,4,labsea,a_ice,0.20019
TUNE42PI_FES27,1593,5,labsea,a_ice,0.17163
TUNE42PI_FES27,1593,6,labsea,a_ice,0.09014
TUNE42PI_FES27,1593,7,labsea,a_ice,0.01161
TUNE42PI_FES27,1593,8,labsea,a_ice,0.00013
TUNE42PI_FES27,1593,9,labsea,a_ice,0.00000
TUNE42PI_FES27,1593,10,labsea,a_ice,0.00142
TUNE42PI_FES27,1593,11,labsea,a_ice,0.04766
TUNE42PI_FES27,1593,12,labsea,a_ice,0.17557
TUNE42PI_FES27,1593,1,interior,a_ice,0.04156
TUNE42PI_FES27,1593,2,interior,a_ice,0.03292
TUNE42PI_FES27,1593,3,interior,a_ice,0.04558
TUNE42PI_FES27,1593,4,interior,a_ice,0.03688
TUNE42PI_FES27,1593,5,interior,a_ice,0.02251
TUNE42PI_FES27,1593,6,interior,a_ice,0.00290
TUNE42PI_FES27,1593,7,interior,a_ice,0.00000
TUNE42PI_FES27,1593,8,interior,a_ice,0.00000
TUNE42PI_FES27,1593,9,interior,a_ice,0.00000
TUNE42PI_FES27,1593,10,interior,a_ice,0.00000
TUNE42PI_FES27,1593,11,interior,a_ice,0.00120
TUNE42PI_FES27,1593,12,interior,a_ice,0.03242
TUNE42PI_FES27,1593,1,labsea,MLD2,1204.91347
TUNE42PI_FES27,1593,2,labsea,MLD2,1366.29496
TUNE42PI_FES27,1593,3,labsea,MLD2,1543.06822
TUNE42PI_FES27,1593,4,labsea,MLD2,1345.04953
TUNE42PI_FES27,1593,5,labsea,MLD2,645.15877
TUNE42PI_FES27,1593,6,labsea,MLD2,22.44374
TUNE42PI_FES27,1593,7,labsea,MLD2,17.99162
TUNE42PI_FES27,1593,8,labsea,MLD2,18.57625
TUNE42PI_FES27,1593,9,labsea,MLD2,25.06037
TUNE42PI_FES27,1593,10,labsea,MLD2,35.05178
TUNE42PI_FES27,1593,11,labsea,MLD2,144.79811
TUNE42PI_FES27,1593,12,labsea,MLD2,1067.17060
TUNE42PI_FES27,1593,1,interior,MLD2,2116.94997
TUNE42PI_FES27,1593,2,interior,MLD2,2283.41450
TUNE42PI_FES27,1593,3,interior,MLD2,2474.35657
TUNE42PI_FES27,1593,4,interior,MLD2,2150.73780
TUNE42PI_FES27,1593,5,interior,MLD2,1140.64176
TUNE42PI_FES27,1593,6,interior,MLD2,30.72214
TUNE42PI_FES27,1593,7,interior,MLD2,20.75804
TUNE42PI_FES27,1593,8,interior,MLD2,20.83938
TUNE42PI_FES27,1593,9,interior,MLD2,27.83930
TUNE42PI_FES27,1593,10,interior,MLD2,38.49590
TUNE42PI_FES27,1593,11,interior,MLD2,266.07234
TUNE42PI_FES27,1593,12,interior,MLD2,1676.53161
TUNE42PI_FES27,1594,1,labsea,a_ice,0.23940
TUNE42PI_FES27,1594,2,labsea,a_ice,0.26612
TUNE42PI_FES27,1594,3,labsea,a_ice,0.36748
TUNE42PI_FES27,1594,4,labsea,a_ice,0.38287
TUNE42PI_FES27,1594,5,labsea,a_ice,0.27128
TUNE42PI_FES27,1594,6,labsea,a_ice,0.09363
TUNE42PI_FES27,1594,7,labsea,a_ice,0.00355
TUNE42PI_FES27,1594,8,labsea,a_ice,0.00000
TUNE42PI_FES27,1594,9,labsea,a_ice,0.00000
TUNE42PI_FES27,1594,10,labsea,a_ice,0.00035
TUNE42PI_FES27,1594,11,labsea,a_ice,0.04249
TUNE42PI_FES27,1594,12,labsea,a_ice,0.21495
TUNE42PI_FES27,1594,1,interior,a_ice,0.05604
TUNE42PI_FES27,1594,2,interior,a_ice,0.06999
TUNE42PI_FES27,1594,3,interior,a_ice,0.25683
TUNE42PI_FES27,1594,4,interior,a_ice,0.33010
TUNE42PI_FES27,1594,5,interior,a_ice,0.09405
TUNE42PI_FES27,1594,6,interior,a_ice,0.01451
TUNE42PI_FES27,1594,7,interior,a_ice,0.00000
TUNE42PI_FES27,1594,8,interior,a_ice,0.00000
TUNE42PI_FES27,1594,9,interior,a_ice,0.00000
TUNE42PI_FES27,1594,10,interior,a_ice,0.00000
TUNE42PI_FES27,1594,11,interior,a_ice,0.00015
TUNE42PI_FES27,1594,12,interior,a_ice,0.06638
TUNE42PI_FES27,1594,1,labsea,MLD2,1404.33727
TUNE42PI_FES27,1594,2,labsea,MLD2,1464.58489
TUNE42PI_FES27,1594,3,labsea,MLD2,1342.72964
TUNE42PI_FES27,1594,4,labsea,MLD2,942.75713
TUNE42PI_FES27,1594,5,labsea,MLD2,273.51328
TUNE42PI_FES27,1594,6,labsea,MLD2,14.87927
TUNE42PI_FES27,1594,7,labsea,MLD2,11.90273
TUNE42PI_FES27,1594,8,labsea,MLD2,13.68572
TUNE42PI_FES27,1594,9,labsea,MLD2,17.15338
TUNE42PI_FES27,1594,10,labsea,MLD2,32.42086
TUNE42PI_FES27,1594,11,labsea,MLD2,169.95775
TUNE42PI_FES27,1594,12,labsea,MLD2,787.73242
TUNE42PI_FES27,1594,1,interior,MLD2,2093.96354
TUNE42PI_FES27,1594,2,interior,MLD2,2162.55591
TUNE42PI_FES27,1594,3,interior,MLD2,1695.71431
TUNE42PI_FES27,1594,4,interior,MLD2,956.70136
TUNE42PI_FES27,1594,5,interior,MLD2,378.93026
TUNE42PI_FES27,1594,6,interior,MLD2,17.98143
TUNE42PI_FES27,1594,7,interior,MLD2,13.20391
TUNE42PI_FES27,1594,8,interior,MLD2,15.21329
TUNE42PI_FES27,1594,9,interior,MLD2,18.19871
TUNE42PI_FES27,1594,10,interior,MLD2,33.21532
TUNE42PI_FES27,1594,11,interior,MLD2,194.13891
TUNE42PI_FES27,1594,12,interior,MLD2,1447.71816
TUNE42PI_FES27,1595,1,labsea,a_ice,0.31123
TUNE42PI_FES27,1595,2,labsea,a_ice,0.32565
TUNE42PI_FES27,1595,3,labsea,a_ice,0.37535
TUNE42PI_FES27,1595,4,labsea,a_ice,0.33532
TUNE42PI_FES27,1595,5,labsea,a_ice,0.23263
TUNE42PI_FES27,1595,6,labsea,a_ice,0.13883
TUNE42PI_FES27,1595,7,labsea,a_ice,0.04086
TUNE42PI_FES27,1595,8,labsea,a_ice,0.00459
TUNE42PI_FES27,1595,9,labsea,a_ice,0.00006
TUNE42PI_FES27,1595,10,labsea,a_ice,0.00283
TUNE42PI_FES27,1595,11,labsea,a_ice,0.09575
TUNE42PI_FES27,1595,12,labsea,a_ice,0.26393
TUNE42PI_FES27,1595,1,interior,a_ice,0.17860
TUNE42PI_FES27,1595,2,interior,a_ice,0.12413
TUNE42PI_FES27,1595,3,interior,a_ice,0.21224
TUNE42PI_FES27,1595,4,interior,a_ice,0.18393
TUNE42PI_FES27,1595,5,interior,a_ice,0.07301
TUNE42PI_FES27,1595,6,interior,a_ice,0.00700
TUNE42PI_FES27,1595,7,interior,a_ice,0.00037
TUNE42PI_FES27,1595,8,interior,a_ice,0.00000
TUNE42PI_FES27,1595,9,interior,a_ice,0.00000
TUNE42PI_FES27,1595,10,interior,a_ice,0.00000
TUNE42PI_FES27,1595,11,interior,a_ice,0.01520
TUNE42PI_FES27,1595,12,interior,a_ice,0.08992
TUNE42PI_FES27,1595,1,labsea,MLD2,1177.68554
TUNE42PI_FES27,1595,2,labsea,MLD2,1292.67801
TUNE42PI_FES27,1595,3,labsea,MLD2,1211.61890
TUNE42PI_FES27,1595,4,labsea,MLD2,780.90794
TUNE42PI_FES27,1595,5,labsea,MLD2,332.42672
TUNE42PI_FES27,1595,6,labsea,MLD2,19.23162
TUNE42PI_FES27,1595,7,labsea,MLD2,13.76900
TUNE42PI_FES27,1595,8,labsea,MLD2,15.54786
TUNE42PI_FES27,1595,9,labsea,MLD2,19.30220
TUNE42PI_FES27,1595,10,labsea,MLD2,36.59612
TUNE42PI_FES27,1595,11,labsea,MLD2,417.10269
TUNE42PI_FES27,1595,12,labsea,MLD2,1073.04692
TUNE42PI_FES27,1595,1,interior,MLD2,1999.91833
TUNE42PI_FES27,1595,2,interior,MLD2,2084.13512
TUNE42PI_FES27,1595,3,interior,MLD2,1738.07293
TUNE42PI_FES27,1595,4,interior,MLD2,1068.52150
TUNE42PI_FES27,1595,5,interior,MLD2,608.39532
TUNE42PI_FES27,1595,6,interior,MLD2,24.15497
TUNE42PI_FES27,1595,7,interior,MLD2,17.33119
TUNE42PI_FES27,1595,8,interior,MLD2,17.47644
TUNE42PI_FES27,1595,9,interior,MLD2,21.08952
TUNE42PI_FES27,1595,10,interior,MLD2,42.61285
TUNE42PI_FES27,1595,11,interior,MLD2,811.20232
TUNE42PI_FES27,1595,12,interior,MLD2,1766.19159
TUNE42PI_FES27,1596,1,labsea,a_ice,0.32049
TUNE42PI_FES27,1596,2,labsea,a_ice,0.35746
TUNE42PI_FES27,1596,3,labsea,a_ice,0.36565
TUNE42PI_FES27,1596,4,labsea,a_ice,0.32937
TUNE42PI_FES27,1596,5,labsea,a_ice,0.27547
TUNE42PI_FES27,1596,6,labsea,a_ice,0.16121
TUNE42PI_FES27,1596,7,labsea,a_ice,0.04263
TUNE42PI_FES27,1596,8,labsea,a_ice,0.00101
TUNE42PI_FES27,1596,9,labsea,a_ice,0.00000
TUNE42PI_FES27,1596,10,labsea,a_ice,0.00050
TUNE42PI_FES27,1596,11,labsea,a_ice,0.03816
TUNE42PI_FES27,1596,12,labsea,a_ice,0.17554
TUNE42PI_FES27,1596,1,interior,a_ice,0.16201
TUNE42PI_FES27,1596,2,interior,a_ice,0.14502
TUNE42PI_FES27,1596,3,interior,a_ice,0.12188
TUNE42PI_FES27,1596,4,interior,a_ice,0.15596
TUNE42PI_FES27,1596,5,interior,a_ice,0.14174
TUNE42PI_FES27,1596,6,interior,a_ice,0.05299
TUNE42PI_FES27,1596,7,interior,a_ice,0.00265
TUNE42PI_FES27,1596,8,interior,a_ice,0.00000
TUNE42PI_FES27,1596,9,interior,a_ice,0.00000
TUNE42PI_FES27,1596,10,interior,a_ice,0.00000
TUNE42PI_FES27,1596,11,interior,a_ice,0.00316
TUNE42PI_FES27,1596,12,interior,a_ice,0.04668
TUNE42PI_FES27,1596,1,labsea,MLD2,1279.64668
TUNE42PI_FES27,1596,2,labsea,MLD2,1287.64957
TUNE42PI_FES27,1596,3,labsea,MLD2,1063.58124
TUNE42PI_FES27,1596,4,labsea,MLD2,876.91696
TUNE42PI_FES27,1596,5,labsea,MLD2,297.67247
TUNE42PI_FES27,1596,6,labsea,MLD2,24.30678
TUNE42PI_FES27,1596,7,labsea,MLD2,14.96359
TUNE42PI_FES27,1596,8,labsea,MLD2,16.79161
TUNE42PI_FES27,1596,9,labsea,MLD2,20.37232
TUNE42PI_FES27,1596,10,labsea,MLD2,31.92996
TUNE42PI_FES27,1596,11,labsea,MLD2,74.28059
TUNE42PI_FES27,1596,12,labsea,MLD2,912.21483
TUNE42PI_FES27,1596,1,interior,MLD2,1801.95223
TUNE42PI_FES27,1596,2,interior,MLD2,1930.87235
TUNE42PI_FES27,1596,3,interior,MLD2,1514.47787
TUNE42PI_FES27,1596,4,interior,MLD2,1352.84025
TUNE42PI_FES27,1596,5,interior,MLD2,784.16293
TUNE42PI_FES27,1596,6,interior,MLD2,34.49223
TUNE42PI_FES27,1596,7,interior,MLD2,17.41249
TUNE42PI_FES27,1596,8,interior,MLD2,18.99202
TUNE42PI_FES27,1596,9,interior,MLD2,22.55789
TUNE42PI_FES27,1596,10,interior,MLD2,36.94404
TUNE42PI_FES27,1596,11,interior,MLD2,109.94432
TUNE42PI_FES27,1596,12,interior,MLD2,1474.29885
TUNE42PI_FES27,1597,1,labsea,a_ice,0.25120
TUNE42PI_FES27,1597,2,labsea,a_ice,0.28664
TUNE42PI_FES27,1597,3,labsea,a_ice,0.30763
TUNE42PI_FES27,1597,4,labsea,a_ice,0.30855
TUNE42PI_FES27,1597,5,labsea,a_ice,0.21204
TUNE42PI_FES27,1597,6,labsea,a_ice,0.09861
TUNE42PI_FES27,1597,7,labsea,a_ice,0.00925
TUNE42PI_FES27,1597,8,labsea,a_ice,0.00000
TUNE42PI_FES27,1597,9,labsea,a_ice,0.00000
TUNE42PI_FES27,1597,10,labsea,a_ice,0.00000
TUNE42PI_FES27,1597,11,labsea,a_ice,0.02371
TUNE42PI_FES27,1597,12,labsea,a_ice,0.15153
TUNE42PI_FES27,1597,1,interior,a_ice,0.07658
TUNE42PI_FES27,1597,2,interior,a_ice,0.10144
TUNE42PI_FES27,1597,3,interior,a_ice,0.14607
TUNE42PI_FES27,1597,4,interior,a_ice,0.14577
TUNE42PI_FES27,1597,5,interior,a_ice,0.05251
TUNE42PI_FES27,1597,6,interior,a_ice,0.00562
TUNE42PI_FES27,1597,7,interior,a_ice,0.00000
TUNE42PI_FES27,1597,8,interior,a_ice,0.00000
TUNE42PI_FES27,1597,9,interior,a_ice,0.00000
TUNE42PI_FES27,1597,10,interior,a_ice,0.00000
TUNE42PI_FES27,1597,11,interior,a_ice,0.00243
TUNE42PI_FES27,1597,12,interior,a_ice,0.01607
TUNE42PI_FES27,1597,1,labsea,MLD2,1362.73501
TUNE42PI_FES27,1597,2,labsea,MLD2,1523.04461
TUNE42PI_FES27,1597,3,labsea,MLD2,1434.02424
TUNE42PI_FES27,1597,4,labsea,MLD2,1288.14252
TUNE42PI_FES27,1597,5,labsea,MLD2,467.94533
TUNE42PI_FES27,1597,6,labsea,MLD2,17.52964
TUNE42PI_FES27,1597,7,labsea,MLD2,16.69627
TUNE42PI_FES27,1597,8,labsea,MLD2,15.38525
TUNE42PI_FES27,1597,9,labsea,MLD2,21.18527
TUNE42PI_FES27,1597,10,labsea,MLD2,38.63208
TUNE42PI_FES27,1597,11,labsea,MLD2,110.91133
TUNE42PI_FES27,1597,12,labsea,MLD2,962.63530
TUNE42PI_FES27,1597,1,interior,MLD2,1882.35464
TUNE42PI_FES27,1597,2,interior,MLD2,2177.33473
TUNE42PI_FES27,1597,3,interior,MLD2,2032.81613
TUNE42PI_FES27,1597,4,interior,MLD2,1732.64782
TUNE42PI_FES27,1597,5,interior,MLD2,719.30119
TUNE42PI_FES27,1597,6,interior,MLD2,22.58231
TUNE42PI_FES27,1597,7,interior,MLD2,19.67559
TUNE42PI_FES27,1597,8,interior,MLD2,16.91899
TUNE42PI_FES27,1597,9,interior,MLD2,21.39049
TUNE42PI_FES27,1597,10,interior,MLD2,46.91510
TUNE42PI_FES27,1597,11,interior,MLD2,195.98904
TUNE42PI_FES27,1597,12,interior,MLD2,1870.29634
TUNE42PI_FES27,1598,1,labsea,a_ice,0.20674
TUNE42PI_FES27,1598,2,labsea,a_ice,0.24049
TUNE42PI_FES27,1598,3,labsea,a_ice,0.27854
TUNE42PI_FES27,1598,4,labsea,a_ice,0.24306
TUNE42PI_FES27,1598,5,labsea,a_ice,0.16629
TUNE42PI_FES27,1598,6,labsea,a_ice,0.08619
TUNE42PI_FES27,1598,7,labsea,a_ice,0.02086
TUNE42PI_FES27,1598,8,labsea,a_ice,0.00039
TUNE42PI_FES27,1598,9,labsea,a_ice,0.00000
TUNE42PI_FES27,1598,10,labsea,a_ice,0.00317
TUNE42PI_FES27,1598,11,labsea,a_ice,0.05250
TUNE42PI_FES27,1598,12,labsea,a_ice,0.17112
TUNE42PI_FES27,1598,1,interior,a_ice,0.04260
TUNE42PI_FES27,1598,2,interior,a_ice,0.06266
TUNE42PI_FES27,1598,3,interior,a_ice,0.08870
TUNE42PI_FES27,1598,4,interior,a_ice,0.05429
TUNE42PI_FES27,1598,5,interior,a_ice,0.04450
TUNE42PI_FES27,1598,6,interior,a_ice,0.00373
TUNE42PI_FES27,1598,7,interior,a_ice,0.00007
TUNE42PI_FES27,1598,8,interior,a_ice,0.00000
TUNE42PI_FES27,1598,9,interior,a_ice,0.00000
TUNE42PI_FES27,1598,10,interior,a_ice,0.00000
TUNE42PI_FES27,1598,11,interior,a_ice,0.00089
TUNE42PI_FES27,1598,12,interior,a_ice,0.03315
TUNE42PI_FES27,1598,1,labsea,MLD2,1442.11943
TUNE42PI_FES27,1598,2,labsea,MLD2,1636.47202
TUNE42PI_FES27,1598,3,labsea,MLD2,1567.10317
TUNE42PI_FES27,1598,4,labsea,MLD2,1201.20469
TUNE42PI_FES27,1598,5,labsea,MLD2,406.97446
TUNE42PI_FES27,1598,6,labsea,MLD2,22.55131
TUNE42PI_FES27,1598,7,labsea,MLD2,16.17462
TUNE42PI_FES27,1598,8,labsea,MLD2,16.86915
TUNE42PI_FES27,1598,9,labsea,MLD2,23.20540
TUNE42PI_FES27,1598,10,labsea,MLD2,34.18419
TUNE42PI_FES27,1598,11,labsea,MLD2,84.00045
TUNE42PI_FES27,1598,12,labsea,MLD2,977.63368
TUNE42PI_FES27,1598,1,interior,MLD2,2286.53608
TUNE42PI_FES27,1598,2,interior,MLD2,2443.06098
TUNE42PI_FES27,1598,3,interior,MLD2,2387.66622
TUNE42PI_FES27,1598,4,interior,MLD2,2081.78222
TUNE42PI_FES27,1598,5,interior,MLD2,849.00195
TUNE42PI_FES27,1598,6,interior,MLD2,28.86519
TUNE42PI_FES27,1598,7,interior,MLD2,19.49263
TUNE42PI_FES27,1598,8,interior,MLD2,19.35627
TUNE42PI_FES27,1598,9,interior,MLD2,25.69643
TUNE42PI_FES27,1598,10,interior,MLD2,38.10208
TUNE42PI_FES27,1598,11,interior,MLD2,131.28276
TUNE42PI_FES27,1598,12,interior,MLD2,1600.51356
TUNE42PI_FES27,1599,1,labsea,a_ice,0.22169
TUNE42PI_FES27,1599,2,labsea,a_ice,0.36942
TUNE42PI_FES27,1599,3,labsea,a_ice,0.42273
TUNE42PI_FES27,1599,4,labsea,a_ice,0.35988
TUNE42PI_FES27,1599,5,labsea,a_ice,0.23426
TUNE42PI_FES27,1599,6,labsea,a_ice,0.08478
TUNE42PI_FES27,1599,7,labsea,a_ice,0.01937
TUNE42PI_FES27,1599,8,labsea,a_ice,0.00002
TUNE42PI_FES27,1599,9,labsea,a_ice,0.00000
TUNE42PI_FES27,1599,10,labsea,a_ice,0.00232
TUNE42PI_FES27,1599,11,labsea,a_ice,0.07357
TUNE42PI_FES27,1599,12,labsea,a_ice,0.18114
TUNE42PI_FES27,1599,1,interior,a_ice,0.04257
TUNE42PI_FES27,1599,2,interior,a_ice,0.19454
TUNE42PI_FES27,1599,3,interior,a_ice,0.24680
TUNE42PI_FES27,1599,4,interior,a_ice,0.21305
TUNE42PI_FES27,1599,5,interior,a_ice,0.07830
TUNE42PI_FES27,1599,6,interior,a_ice,0.00540
TUNE42PI_FES27,1599,7,interior,a_ice,0.00000
TUNE42PI_FES27,1599,8,interior,a_ice,0.00000
TUNE42PI_FES27,1599,9,interior,a_ice,0.00000
TUNE42PI_FES27,1599,10,interior,a_ice,0.00000
TUNE42PI_FES27,1599,11,interior,a_ice,0.00016
TUNE42PI_FES27,1599,12,interior,a_ice,0.03559
TUNE42PI_FES27,1599,1,labsea,MLD2,1480.30690
TUNE42PI_FES27,1599,2,labsea,MLD2,1420.08294
TUNE42PI_FES27,1599,3,labsea,MLD2,1192.81665
TUNE42PI_FES27,1599,4,labsea,MLD2,1010.79440
TUNE42PI_FES27,1599,5,labsea,MLD2,208.55890
TUNE42PI_FES27,1599,6,labsea,MLD2,19.04745
TUNE42PI_FES27,1599,7,labsea,MLD2,12.77355
TUNE42PI_FES27,1599,8,labsea,MLD2,14.94438
TUNE42PI_FES27,1599,9,labsea,MLD2,17.93156
TUNE42PI_FES27,1599,10,labsea,MLD2,29.35846
TUNE42PI_FES27,1599,11,labsea,MLD2,92.01407
TUNE42PI_FES27,1599,12,labsea,MLD2,733.41183
TUNE42PI_FES27,1599,1,interior,MLD2,2210.50058
TUNE42PI_FES27,1599,2,interior,MLD2,2084.94236
TUNE42PI_FES27,1599,3,interior,MLD2,1702.27182
TUNE42PI_FES27,1599,4,interior,MLD2,1314.42598
TUNE42PI_FES27,1599,5,interior,MLD2,366.81168
TUNE42PI_FES27,1599,6,interior,MLD2,22.32964
TUNE42PI_FES27,1599,7,interior,MLD2,13.92579
TUNE42PI_FES27,1599,8,interior,MLD2,16.70806
TUNE42PI_FES27,1599,9,interior,MLD2,19.58571
TUNE42PI_FES27,1599,10,interior,MLD2,34.33198
TUNE42PI_FES27,1599,11,interior,MLD2,125.46656
TUNE42PI_FES27,1599,12,interior,MLD2,1245.82281
TUNE42PI_FES27,1600,1,labsea,a_ice,0.30101
TUNE42PI_FES27,1600,2,labsea,a_ice,0.33525
TUNE42PI_FES27,1600,3,labsea,a_ice,0.37135
TUNE42PI_FES27,1600,4,labsea,a_ice,0.29774
TUNE42PI_FES27,1600,5,labsea,a_ice,0.20322
TUNE42PI_FES27,1600,6,labsea,a_ice,0.10556
TUNE42PI_FES27,1600,7,labsea,a_ice,0.02499
TUNE42PI_FES27,1600,8,labsea,a_ice,0.00482
TUNE42PI_FES27,1600,9,labsea,a_ice,0.00000
TUNE42PI_FES27,1600,10,labsea,a_ice,0.00252
TUNE42PI_FES27,1600,11,labsea,a_ice,0.04010
TUNE42PI_FES27,1600,12,labsea,a_ice,0.15611
TUNE42PI_FES27,1600,1,interior,a_ice,0.14906
TUNE42PI_FES27,1600,2,interior,a_ice,0.14085
TUNE42PI_FES27,1600,3,interior,a_ice,0.19761
TUNE42PI_FES27,1600,4,interior,a_ice,0.14145
TUNE42PI_FES27,1600,5,interior,a_ice,0.03624
TUNE42PI_FES27,1600,6,interior,a_ice,0.00768
TUNE42PI_FES27,1600,7,interior,a_ice,0.00009
TUNE42PI_FES27,1600,8,interior,a_ice,0.00000
TUNE42PI_FES27,1600,9,interior,a_ice,0.00000
TUNE42PI_FES27,1600,10,interior,a_ice,0.00000
TUNE42PI_FES27,1600,11,interior,a_ice,0.00022
TUNE42PI_FES27,1600,12,interior,a_ice,0.01879
TUNE42PI_FES27,1600,1,labsea,MLD2,1499.83910
TUNE42PI_FES27,1600,2,labsea,MLD2,1375.67485
TUNE42PI_FES27,1600,3,labsea,MLD2,1222.25583
TUNE42PI_FES27,1600,4,labsea,MLD2,815.38113
TUNE42PI_FES27,1600,5,labsea,MLD2,95.23322
TUNE42PI_FES27,1600,6,labsea,MLD2,17.58029
TUNE42PI_FES27,1600,7,labsea,MLD2,15.97502
TUNE42PI_FES27,1600,8,labsea,MLD2,17.67974
TUNE42PI_FES27,1600,9,labsea,MLD2,22.25295
TUNE42PI_FES27,1600,10,labsea,MLD2,33.00752
TUNE42PI_FES27,1600,11,labsea,MLD2,67.28382
TUNE42PI_FES27,1600,12,labsea,MLD2,521.12517
TUNE42PI_FES27,1600,1,interior,MLD2,2281.34956
TUNE42PI_FES27,1600,2,interior,MLD2,2133.58416
TUNE42PI_FES27,1600,3,interior,MLD2,1874.15318
TUNE42PI_FES27,1600,4,interior,MLD2,1203.75964
TUNE42PI_FES27,1600,5,interior,MLD2,231.26011
TUNE42PI_FES27,1600,6,interior,MLD2,22.46815
TUNE42PI_FES27,1600,7,interior,MLD2,19.20389
TUNE42PI_FES27,1600,8,interior,MLD2,20.74849
TUNE42PI_FES27,1600,9,interior,MLD2,26.01046
TUNE42PI_FES27,1600,10,interior,MLD2,37.64542
TUNE42PI_FES27,1600,11,interior,MLD2,90.66366
TUNE42PI_FES27,1600,12,interior,MLD2,996.63971
TUNE42PI_FES27,1601,1,labsea,a_ice,0.26630
TUNE42PI_FES27,1601,2,labsea,a_ice,0.30646
TUNE42PI_FES27,1601,3,labsea,a_ice,0.29192
TUNE42PI_FES27,1601,4,labsea,a_ice,0.27604
TUNE42PI_FES27,1601,5,labsea,a_ice,0.20394
TUNE42PI_FES27,1601,6,labsea,a_ice,0.08165
TUNE42PI_FES27,1601,7,labsea,a_ice,0.00750
TUNE42PI_FES27,1601,8,labsea,a_ice,0.00000
TUNE42PI_FES27,1601,9,labsea,a_ice,0.00000
TUNE42PI_FES27,1601,10,labsea,a_ice,0.00000
TUNE42PI_FES27,1601,11,labsea,a_ice,0.01205
TUNE42PI_FES27,1601,12,labsea,a_ice,0.08951
TUNE42PI_FES27,1601,1,interior,a_ice,0.11411
TUNE42PI_FES27,1601,2,interior,a_ice,0.12635
TUNE42PI_FES27,1601,3,interior,a_ice,0.08644
TUNE42PI_FES27,1601,4,interior,a_ice,0.07652
TUNE42PI_FES27,1601,5,interior,a_ice,0.04323
TUNE42PI_FES27,1601,6,interior,a_ice,0.00629
TUNE42PI_FES27,1601,7,interior,a_ice,0.00004
TUNE42PI_FES27,1601,8,interior,a_ice,0.00000
TUNE42PI_FES27,1601,9,interior,a_ice,0.00000
TUNE42PI_FES27,1601,10,interior,a_ice,0.00000
TUNE42PI_FES27,1601,11,interior,a_ice,0.00000
TUNE42PI_FES27,1601,12,interior,a_ice,0.00879
TUNE42PI_FES27,1601,1,labsea,MLD2,1373.46315
TUNE42PI_FES27,1601,2,labsea,MLD2,1512.53902
TUNE42PI_FES27,1601,3,labsea,MLD2,1585.56657
TUNE42PI_FES27,1601,4,labsea,MLD2,1369.20194
TUNE42PI_FES27,1601,5,labsea,MLD2,587.27268
TUNE42PI_FES27,1601,6,labsea,MLD2,15.26624
TUNE42PI_FES27,1601,7,labsea,MLD2,13.14297
TUNE42PI_FES27,1601,8,labsea,MLD2,14.05656
TUNE42PI_FES27,1601,9,labsea,MLD2,19.01551
TUNE42PI_FES27,1601,10,labsea,MLD2,27.74660
TUNE42PI_FES27,1601,11,labsea,MLD2,53.42092
TUNE42PI_FES27,1601,12,labsea,MLD2,385.21545
TUNE42PI_FES27,1601,1,interior,MLD2,2202.04082
TUNE42PI_FES27,1601,2,interior,MLD2,2295.62257
TUNE42PI_FES27,1601,3,interior,MLD2,2370.59571
TUNE42PI_FES27,1601,4,interior,MLD2,2058.11470
TUNE42PI_FES27,1601,5,interior,MLD2,958.78555
TUNE42PI_FES27,1601,6,interior,MLD2,18.46149
TUNE42PI_FES27,1601,7,interior,MLD2,14.55338
TUNE42PI_FES27,1601,8,interior,MLD2,15.93974
TUNE42PI_FES27,1601,9,interior,MLD2,20.62636
TUNE42PI_FES27,1601,10,interior,MLD2,32.92199
TUNE42PI_FES27,1601,11,interior,MLD2,79.69990
TUNE42PI_FES27,1601,12,interior,MLD2,774.07616
TUNE42PI_FES27,1602,1,labsea,a_ice,0.20733
TUNE42PI_FES27,1602,2,labsea,a_ice,0.22022
TUNE42PI_FES27,1602,3,labsea,a_ice,0.27094
TUNE42PI_FES27,1602,4,labsea,a_ice,0.26577
TUNE42PI_FES27,1602,5,labsea,a_ice,0.21375
TUNE42PI_FES27,1602,6,labsea,a_ice,0.11462
TUNE42PI_FES27,1602,7,labsea,a_ice,0.02920
TUNE42PI_FES27,1602,8,labsea,a_ice,0.00090
TUNE42PI_FES27,1602,9,labsea,a_ice,0.00000
TUNE42PI_FES27,1602,10,labsea,a_ice,0.00399
TUNE42PI_FES27,1602,11,labsea,a_ice,0.05749
TUNE42PI_FES27,1602,12,labsea,a_ice,0.18155
TUNE42PI_FES27,1602,1,interior,a_ice,0.03373
TUNE42PI_FES27,1602,2,interior,a_ice,0.04022
TUNE42PI_FES27,1602,3,interior,a_ice,0.11522
TUNE42PI_FES27,1602,4,interior,a_ice,0.06715
TUNE42PI_FES27,1602,5,interior,a_ice,0.04479
TUNE42PI_FES27,1602,6,interior,a_ice,0.01163
TUNE42PI_FES27,1602,7,interior,a_ice,0.00005
TUNE42PI_FES27,1602,8,interior,a_ice,0.00000
TUNE42PI_FES27,1602,9,interior,a_ice,0.00000
TUNE42PI_FES27,1602,10,interior,a_ice,0.00000
TUNE42PI_FES27,1602,11,interior,a_ice,0.00176
TUNE42PI_FES27,1602,12,interior,a_ice,0.03516
TUNE42PI_FES27,1602,1,labsea,MLD2,1379.43554
TUNE42PI_FES27,1602,2,labsea,MLD2,1456.33895
TUNE42PI_FES27,1602,3,labsea,MLD2,1234.13430
TUNE42PI_FES27,1602,4,labsea,MLD2,835.31844
TUNE42PI_FES27,1602,5,labsea,MLD2,233.24636
TUNE42PI_FES27,1602,6,labsea,MLD2,19.72272
TUNE42PI_FES27,1602,7,labsea,MLD2,18.25322
TUNE42PI_FES27,1602,8,labsea,MLD2,17.19867
TUNE42PI_FES27,1602,9,labsea,MLD2,25.05139
TUNE42PI_FES27,1602,10,labsea,MLD2,37.66442
TUNE42PI_FES27,1602,11,labsea,MLD2,230.77759
TUNE42PI_FES27,1602,12,labsea,MLD2,999.57248
TUNE42PI_FES27,1602,1,interior,MLD2,2154.68763
TUNE42PI_FES27,1602,2,interior,MLD2,2209.20645
TUNE42PI_FES27,1602,3,interior,MLD2,1588.00834
TUNE42PI_FES27,1602,4,interior,MLD2,1055.53972
TUNE42PI_FES27,1602,5,interior,MLD2,310.43831
TUNE42PI_FES27,1602,6,interior,MLD2,22.51691
TUNE42PI_FES27,1602,7,interior,MLD2,21.66496
TUNE42PI_FES27,1602,8,interior,MLD2,18.19522
TUNE42PI_FES27,1602,9,interior,MLD2,26.20778
TUNE42PI_FES27,1602,10,interior,MLD2,44.24981
TUNE42PI_FES27,1602,11,interior,MLD2,496.05963
TUNE42PI_FES27,1602,12,interior,MLD2,1708.36475
TUNE42PI_FES27,1603,1,labsea,a_ice,0.30327
TUNE42PI_FES27,1603,2,labsea,a_ice,0.43407
TUNE42PI_FES27,1603,3,labsea,a_ice,0.49678
TUNE42PI_FES27,1603,4,labsea,a_ice,0.47953
TUNE42PI_FES27,1603,5,labsea,a_ice,0.30425
TUNE42PI_FES27,1603,6,labsea,a_ice,0.13489
TUNE42PI_FES27,1603,7,labsea,a_ice,0.02721
TUNE42PI_FES27,1603,8,labsea,a_ice,0.00012
TUNE42PI_FES27,1603,9,labsea,a_ice,0.00000
TUNE42PI_FES27,1603,10,labsea,a_ice,0.00004
TUNE42PI_FES27,1603,11,labsea,a_ice,0.03145
TUNE42PI_FES27,1603,12,labsea,a_ice,0.16060
TUNE42PI_FES27,1603,1,interior,a_ice,0.15710
TUNE42PI_FES27,1603,2,interior,a_ice,0.40457
TUNE42PI_FES27,1603,3,interior,a_ice,0.55311
TUNE42PI_FES27,1603,4,interior,a_ice,0.46632
TUNE42PI_FES27,1603,5,interior,a_ice,0.14541
TUNE42PI_FES27,1603,6,interior,a_ice,0.05739
TUNE42PI_FES27,1603,7,interior,a_ice,0.00028
TUNE42PI_FES27,1603,8,interior,a_ice,0.00000
TUNE42PI_FES27,1603,9,interior,a_ice,0.00000
TUNE42PI_FES27,1603,10,interior,a_ice,0.00000
TUNE42PI_FES27,1603,11,interior,a_ice,0.00437
TUNE42PI_FES27,1603,12,interior,a_ice,0.03052
TUNE42PI_FES27,1603,1,labsea,MLD2,1350.84936
TUNE42PI_FES27,1603,2,labsea,MLD2,1211.13716
TUNE42PI_FES27,1603,3,labsea,MLD2,980.60433
TUNE42PI_FES27,1603,4,labsea,MLD2,710.05089
TUNE42PI_FES27,1603,5,labsea,MLD2,108.64809
TUNE42PI_FES27,1603,6,labsea,MLD2,20.47538
TUNE42PI_FES27,1603,7,labsea,MLD2,15.70674
TUNE42PI_FES27,1603,8,labsea,MLD2,15.86294
TUNE42PI_FES27,1603,9,labsea,MLD2,21.82494
TUNE42PI_FES27,1603,10,labsea,MLD2,24.81901
TUNE42PI_FES27,1603,11,labsea,MLD2,54.70689
TUNE42PI_FES27,1603,12,labsea,MLD2,356.48648
TUNE42PI_FES27,1603,1,interior,MLD2,1897.60351
TUNE42PI_FES27,1603,2,interior,MLD2,1425.20981
TUNE42PI_FES27,1603,3,interior,MLD2,905.18151
TUNE42PI_FES27,1603,4,interior,MLD2,524.00594
TUNE42PI_FES27,1603,5,interior,MLD2,100.09918
TUNE42PI_FES27,1603,6,interior,MLD2,22.46535
TUNE42PI_FES27,1603,7,interior,MLD2,18.26950
TUNE42PI_FES27,1603,8,interior,MLD2,18.32481
TUNE42PI_FES27,1603,9,interior,MLD2,24.52803
TUNE42PI_FES27,1603,10,interior,MLD2,27.63149
TUNE42PI_FES27,1603,11,interior,MLD2,79.03412
TUNE42PI_FES27,1603,12,interior,MLD2,719.78882
TUNE42PI_FES27,1604,1,labsea,a_ice,0.24351
TUNE42PI_FES27,1604,2,labsea,a_ice,0.27767
TUNE42PI_FES27,1604,3,labsea,a_ice,0.31598
TUNE42PI_FES27,1604,4,labsea,a_ice,0.25775
TUNE42PI_FES27,1604,5,labsea,a_ice,0.20369
TUNE42PI_FES27,1604,6,labsea,a_ice,0.10959
TUNE42PI_FES27,1604,7,labsea,a_ice,0.01090
TUNE42PI_FES27,1604,8,labsea,a_ice,0.00000
TUNE42PI_FES27,1604,9,labsea,a_ice,0.00000
TUNE42PI_FES27,1604,10,labsea,a_ice,0.00000
TUNE42PI_FES27,1604,11,labsea,a_ice,0.03686
TUNE42PI_FES27,1604,12,labsea,a_ice,0.17548
TUNE42PI_FES27,1604,1,interior,a_ice,0.06414
TUNE42PI_FES27,1604,2,interior,a_ice,0.11794
TUNE42PI_FES27,1604,3,interior,a_ice,0.13462
TUNE42PI_FES27,1604,4,interior,a_ice,0.10302
TUNE42PI_FES27,1604,5,interior,a_ice,0.06925
TUNE42PI_FES27,1604,6,interior,a_ice,0.00914
TUNE42PI_FES27,1604,7,interior,a_ice,0.00019
TUNE42PI_FES27,1604,8,interior,a_ice,0.00000
TUNE42PI_FES27,1604,9,interior,a_ice,0.00000
TUNE42PI_FES27,1604,10,interior,a_ice,0.00000
TUNE42PI_FES27,1604,11,interior,a_ice,0.00497
TUNE42PI_FES27,1604,12,interior,a_ice,0.04380
TUNE42PI_FES27,1604,1,labsea,MLD2,1193.19681
TUNE42PI_FES27,1604,2,labsea,MLD2,1333.87301
TUNE42PI_FES27,1604,3,labsea,MLD2,1382.21993
TUNE42PI_FES27,1604,4,labsea,MLD2,1243.38582
TUNE42PI_FES27,1604,5,labsea,MLD2,724.35370
TUNE42PI_FES27,1604,6,labsea,MLD2,16.51117
TUNE42PI_FES27,1604,7,labsea,MLD2,12.56637
TUNE42PI_FES27,1604,8,labsea,MLD2,15.60467
TUNE42PI_FES27,1604,9,labsea,MLD2,21.86236
TUNE42PI_FES27,1604,10,labsea,MLD2,35.46496
TUNE42PI_FES27,1604,11,labsea,MLD2,107.05856
TUNE42PI_FES27,1604,12,labsea,MLD2,626.46675
TUNE42PI_FES27,1604,1,interior,MLD2,2113.63271
TUNE42PI_FES27,1604,2,interior,MLD2,2153.98034
TUNE42PI_FES27,1604,3,interior,MLD2,2005.35787
TUNE42PI_FES27,1604,4,interior,MLD2,1781.66695
TUNE42PI_FES27,1604,5,interior,MLD2,1162.57615
TUNE42PI_FES27,1604,6,interior,MLD2,21.95532
TUNE42PI_FES27,1604,7,interior,MLD2,15.06719
TUNE42PI_FES27,1604,8,interior,MLD2,17.50014
TUNE42PI_FES27,1604,9,interior,MLD2,23.16735
TUNE42PI_FES27,1604,10,interior,MLD2,41.13545
TUNE42PI_FES27,1604,11,interior,MLD2,210.74696
TUNE42PI_FES27,1604,12,interior,MLD2,1365.67024
TUNE42PI_FES27,1605,1,labsea,a_ice,0.19174
TUNE42PI_FES27,1605,2,labsea,a_ice,0.22540
TUNE42PI_FES27,1605,3,labsea,a_ice,0.19960
TUNE42PI_FES27,1605,4,labsea,a_ice,0.18921
TUNE42PI_FES27,1605,5,labsea,a_ice,0.16856
TUNE42PI_FES27,1605,6,labsea,a_ice,0.08393
TUNE42PI_FES27,1605,7,labsea,a_ice,0.02304
TUNE42PI_FES27,1605,8,labsea,a_ice,0.00152
TUNE42PI_FES27,1605,9,labsea,a_ice,0.00000
TUNE42PI_FES27,1605,10,labsea,a_ice,0.00000
TUNE42PI_FES27,1605,11,labsea,a_ice,0.00426
TUNE42PI_FES27,1605,12,labsea,a_ice,0.05476
TUNE42PI_FES27,1605,1,interior,a_ice,0.03344
TUNE42PI_FES27,1605,2,interior,a_ice,0.05644
TUNE42PI_FES27,1605,3,interior,a_ice,0.02951
TUNE42PI_FES27,1605,4,interior,a_ice,0.03101
TUNE42PI_FES27,1605,5,interior,a_ice,0.02469
TUNE42PI_FES27,1605,6,interior,a_ice,0.01088
TUNE42PI_FES27,1605,7,interior,a_ice,0.00000
TUNE42PI_FES27,1605,8,interior,a_ice,0.00000
TUNE42PI_FES27,1605,9,interior,a_ice,0.00000
TUNE42PI_FES27,1605,10,interior,a_ice,0.00000
TUNE42PI_FES27,1605,11,interior,a_ice,0.00000
TUNE42PI_FES27,1605,12,interior,a_ice,0.00410
TUNE42PI_FES27,1605,1,labsea,MLD2,1325.35748
TUNE42PI_FES27,1605,2,labsea,MLD2,1525.99113
TUNE42PI_FES27,1605,3,labsea,MLD2,1475.43994
TUNE42PI_FES27,1605,4,labsea,MLD2,1212.21630
TUNE42PI_FES27,1605,5,labsea,MLD2,481.31919
TUNE42PI_FES27,1605,6,labsea,MLD2,23.23457
TUNE42PI_FES27,1605,7,labsea,MLD2,10.86892
TUNE42PI_FES27,1605,8,labsea,MLD2,15.67872
TUNE42PI_FES27,1605,9,labsea,MLD2,21.96109
TUNE42PI_FES27,1605,10,labsea,MLD2,28.97629
TUNE42PI_FES27,1605,11,labsea,MLD2,47.41566
TUNE42PI_FES27,1605,12,labsea,MLD2,79.59079
TUNE42PI_FES27,1605,1,interior,MLD2,2070.95443
TUNE42PI_FES27,1605,2,interior,MLD2,2254.87510
TUNE42PI_FES27,1605,3,interior,MLD2,2162.71249
TUNE42PI_FES27,1605,4,interior,MLD2,1810.36853
TUNE42PI_FES27,1605,5,interior,MLD2,995.16568
TUNE42PI_FES27,1605,6,interior,MLD2,49.72313
TUNE42PI_FES27,1605,7,interior,MLD2,10.97624
TUNE42PI_FES27,1605,8,interior,MLD2,17.33122
TUNE42PI_FES27,1605,9,interior,MLD2,25.43130
TUNE42PI_FES27,1605,10,interior,MLD2,35.35719
TUNE42PI_FES27,1605,11,interior,MLD2,59.61032
TUNE42PI_FES27,1605,12,interior,MLD2,110.80868
TUNE42PI_FES27,1606,1,labsea,a_ice,0.15988
TUNE42PI_FES27,1606,2,labsea,a_ice,0.21605
TUNE42PI_FES27,1606,3,labsea,a_ice,0.17951
TUNE42PI_FES27,1606,4,labsea,a_ice,0.12299
TUNE42PI_FES27,1606,5,labsea,a_ice,0.08475
TUNE42PI_FES27,1606,6,labsea,a_ice,0.02742
TUNE42PI_FES27,1606,7,labsea,a_ice,0.00178
TUNE42PI_FES27,1606,8,labsea,a_ice,0.00000
TUNE42PI_FES27,1606,9,labsea,a_ice,0.00000
TUNE42PI_FES27,1606,10,labsea,a_ice,0.00000
TUNE42PI_FES27,1606,11,labsea,a_ice,0.01320
TUNE42PI_FES27,1606,12,labsea,a_ice,0.10442
TUNE42PI_FES27,1606,1,interior,a_ice,0.02881
TUNE42PI_FES27,1606,2,interior,a_ice,0.05577
TUNE42PI_FES27,1606,3,interior,a_ice,0.03480
TUNE42PI_FES27,1606,4,interior,a_ice,0.00682
TUNE42PI_FES27,1606,5,interior,a_ice,0.00169
TUNE42PI_FES27,1606,6,interior,a_ice,0.00000
TUNE42PI_FES27,1606,7,interior,a_ice,0.00000
TUNE42PI_FES27,1606,8,interior,a_ice,0.00000
TUNE42PI_FES27,1606,9,interior,a_ice,0.00000
TUNE42PI_FES27,1606,10,interior,a_ice,0.00000
TUNE42PI_FES27,1606,11,interior,a_ice,0.00000
TUNE42PI_FES27,1606,12,interior,a_ice,0.01414
TUNE42PI_FES27,1606,1,labsea,MLD2,467.15007
TUNE42PI_FES27,1606,2,labsea,MLD2,1121.68465
TUNE42PI_FES27,1606,3,labsea,MLD2,1115.71605
TUNE42PI_FES27,1606,4,labsea,MLD2,678.94661
TUNE42PI_FES27,1606,5,labsea,MLD2,319.80584
TUNE42PI_FES27,1606,6,labsea,MLD2,24.09316
TUNE42PI_FES27,1606,7,labsea,MLD2,15.20900
TUNE42PI_FES27,1606,8,labsea,MLD2,16.41079
TUNE42PI_FES27,1606,9,labsea,MLD2,19.59914
TUNE42PI_FES27,1606,10,labsea,MLD2,29.71517
TUNE42PI_FES27,1606,11,labsea,MLD2,63.66141
TUNE42PI_FES27,1606,12,labsea,MLD2,349.49784
TUNE42PI_FES27,1606,1,interior,MLD2,824.77996
TUNE42PI_FES27,1606,2,interior,MLD2,1808.62874
TUNE42PI_FES27,1606,3,interior,MLD2,1797.38857
TUNE42PI_FES27,1606,4,interior,MLD2,1373.41458
TUNE42PI_FES27,1606,5,interior,MLD2,838.42517
TUNE42PI_FES27,1606,6,interior,MLD2,34.50827
TUNE42PI_FES27,1606,7,interior,MLD2,17.05463
TUNE42PI_FES27,1606,8,interior,MLD2,18.47151
TUNE42PI_FES27,1606,9,interior,MLD2,21.01850
TUNE42PI_FES27,1606,10,interior,MLD2,33.84357
TUNE42PI_FES27,1606,11,interior,MLD2,91.72388
TUNE42PI_FES27,1606,12,interior,MLD2,662.11984
TUNE42PI_FES27,1607,1,labsea,a_ice,0.16828
TUNE42PI_FES27,1607,2,labsea,a_ice,0.24472
TUNE42PI_FES27,1607,3,labsea,a_ice,0.26079
TUNE42PI_FES27,1607,4,labsea,a_ice,0.25813
TUNE42PI_FES27,1607,5,labsea,a_ice,0.16556
TUNE42PI_FES27,1607,6,labsea,a_ice,0.06509
TUNE42PI_FES27,1607,7,labsea,a_ice,0.00756
TUNE42PI_FES27,1607,8,labsea,a_ice,0.00000
TUNE42PI_FES27,1607,9,labsea,a_ice,0.00000
TUNE42PI_FES27,1607,10,labsea,a_ice,0.00000
TUNE42PI_FES27,1607,11,labsea,a_ice,0.02262
TUNE42PI_FES27,1607,12,labsea,a_ice,0.12119
TUNE42PI_FES27,1607,1,interior,a_ice,0.01865
TUNE42PI_FES27,1607,2,interior,a_ice,0.07986
TUNE42PI_FES27,1607,3,interior,a_ice,0.08050
TUNE42PI_FES27,1607,4,interior,a_ice,0.07724
TUNE42PI_FES27,1607,5,interior,a_ice,0.02847
TUNE42PI_FES27,1607,6,interior,a_ice,0.00481
TUNE42PI_FES27,1607,7,interior,a_ice,0.00000
TUNE42PI_FES27,1607,8,interior,a_ice,0.00000
TUNE42PI_FES27,1607,9,interior,a_ice,0.00000
TUNE42PI_FES27,1607,10,interior,a_ice,0.00000
TUNE42PI_FES27,1607,11,interior,a_ice,0.00000
TUNE42PI_FES27,1607,12,interior,a_ice,0.00574
TUNE42PI_FES27,1607,1,labsea,MLD2,921.82751
TUNE42PI_FES27,1607,2,labsea,MLD2,1325.58074
TUNE42PI_FES27,1607,3,labsea,MLD2,1439.96987
TUNE42PI_FES27,1607,4,labsea,MLD2,1097.55710
TUNE42PI_FES27,1607,5,labsea,MLD2,129.45992
TUNE42PI_FES27,1607,6,labsea,MLD2,18.08372
TUNE42PI_FES27,1607,7,labsea,MLD2,13.79078
TUNE42PI_FES27,1607,8,labsea,MLD2,17.33103
TUNE42PI_FES27,1607,9,labsea,MLD2,22.60134
TUNE42PI_FES27,1607,10,labsea,MLD2,29.27655
TUNE42PI_FES27,1607,11,labsea,MLD2,78.42226
TUNE42PI_FES27,1607,12,labsea,MLD2,444.80005
TUNE42PI_FES27,1607,1,interior,MLD2,1742.39041
TUNE42PI_FES27,1607,2,interior,MLD2,2147.04291
TUNE42PI_FES27,1607,3,interior,MLD2,2184.39647
TUNE42PI_FES27,1607,4,interior,MLD2,1667.11591
TUNE42PI_FES27,1607,5,interior,MLD2,235.58077
TUNE42PI_FES27,1607,6,interior,MLD2,21.52701
TUNE42PI_FES27,1607,7,interior,MLD2,16.06592
TUNE42PI_FES27,1607,8,interior,MLD2,19.98276
TUNE42PI_FES27,1607,9,interior,MLD2,26.42515
TUNE42PI_FES27,1607,10,interior,MLD2,34.17934
TUNE42PI_FES27,1607,11,interior,MLD2,147.21286
TUNE42PI_FES27,1607,12,interior,MLD2,1097.25725
TUNE42PI_FES27,1608,1,labsea,a_ice,0.19852
TUNE42PI_FES27,1608,2,labsea,a_ice,0.30641
TUNE42PI_FES27,1608,3,labsea,a_ice,0.33690
TUNE42PI_FES27,1608,4,labsea,a_ice,0.34707
TUNE42PI_FES27,1608,5,labsea,a_ice,0.26105
TUNE42PI_FES27,1608,6,labsea,a_ice,0.10713
TUNE42PI_FES27,1608,7,labsea,a_ice,0.02445
TUNE42PI_FES27,1608,8,labsea,a_ice,0.00047
TUNE42PI_FES27,1608,9,labsea,a_ice,0.00000
TUNE42PI_FES27,1608,10,labsea,a_ice,0.00042
TUNE42PI_FES27,1608,11,labsea,a_ice,0.04559
TUNE42PI_FES27,1608,12,labsea,a_ice,0.23214
TUNE42PI_FES27,1608,1,interior,a_ice,0.03232
TUNE42PI_FES27,1608,2,interior,a_ice,0.12411
TUNE42PI_FES27,1608,3,interior,a_ice,0.16798
TUNE42PI_FES27,1608,4,interior,a_ice,0.24309
TUNE42PI_FES27,1608,5,interior,a_ice,0.11288
TUNE42PI_FES27,1608,6,interior,a_ice,0.01642
TUNE42PI_FES27,1608,7,interior,a_ice,0.00000
TUNE42PI_FES27,1608,8,interior,a_ice,0.00000
TUNE42PI_FES27,1608,9,interior,a_ice,0.00000
TUNE42PI_FES27,1608,10,interior,a_ice,0.00000
TUNE42PI_FES27,1608,11,interior,a_ice,0.00131
TUNE42PI_FES27,1608,12,interior,a_ice,0.05310
TUNE42PI_FES27,1608,1,labsea,MLD2,1167.00747
TUNE42PI_FES27,1608,2,labsea,MLD2,1399.11968
TUNE42PI_FES27,1608,3,labsea,MLD2,1376.82153
TUNE42PI_FES27,1608,4,labsea,MLD2,1042.35726
TUNE42PI_FES27,1608,5,labsea,MLD2,709.92000
TUNE42PI_FES27,1608,6,labsea,MLD2,30.35114
TUNE42PI_FES27,1608,7,labsea,MLD2,13.77102
TUNE42PI_FES27,1608,8,labsea,MLD2,16.62996
TUNE42PI_FES27,1608,9,labsea,MLD2,22.30459
TUNE42PI_FES27,1608,10,labsea,MLD2,39.03941
TUNE42PI_FES27,1608,11,labsea,MLD2,285.59799
TUNE42PI_FES27,1608,12,labsea,MLD2,1123.45248
TUNE42PI_FES27,1608,1,interior,MLD2,2008.68126
TUNE42PI_FES27,1608,2,interior,MLD2,2066.02848
TUNE42PI_FES27,1608,3,interior,MLD2,1963.20878
TUNE42PI_FES27,1608,4,interior,MLD2,1240.23410
TUNE42PI_FES27,1608,5,interior,MLD2,713.35896
TUNE42PI_FES27,1608,6,interior,MLD2,35.16245
TUNE42PI_FES27,1608,7,interior,MLD2,15.06738
TUNE42PI_FES27,1608,8,interior,MLD2,19.03482
TUNE42PI_FES27,1608,9,interior,MLD2,23.06993
TUNE42PI_FES27,1608,10,interior,MLD2,47.86711
TUNE42PI_FES27,1608,11,interior,MLD2,512.92368
TUNE42PI_FES27,1608,12,interior,MLD2,1936.66686
TUNE42PI_FES27,1609,1,labsea,a_ice,0.36939
TUNE42PI_FES27,1609,2,labsea,a_ice,0.43595
TUNE42PI_FES27,1609,3,labsea,a_ice,0.38773
TUNE42PI_FES27,1609,4,labsea,a_ice,0.31405
TUNE42PI_FES27,1609,5,labsea,a_ice,0.16820
TUNE42PI_FES27,1609,6,labsea,a_ice,0.10347
TUNE42PI_FES27,1609,7,labsea,a_ice,0.03964
TUNE42PI_FES27,1609,8,labsea,a_ice,0.00251
TUNE42PI_FES27,1609,9,labsea,a_ice,0.00005
TUNE42PI_FES27,1609,10,labsea,a_ice,0.00527
TUNE42PI_FES27,1609,11,labsea,a_ice,0.10548
TUNE42PI_FES27,1609,12,labsea,a_ice,0.24594
TUNE42PI_FES27,1609,1,interior,a_ice,0.24784
TUNE42PI_FES27,1609,2,interior,a_ice,0.32103
TUNE42PI_FES27,1609,3,interior,a_ice,0.19137
TUNE42PI_FES27,1609,4,interior,a_ice,0.16496
TUNE42PI_FES27,1609,5,interior,a_ice,0.03848
TUNE42PI_FES27,1609,6,interior,a_ice,0.00029
TUNE42PI_FES27,1609,7,interior,a_ice,0.00000
TUNE42PI_FES27,1609,8,interior,a_ice,0.00000
TUNE42PI_FES27,1609,9,interior,a_ice,0.00000
TUNE42PI_FES27,1609,10,interior,a_ice,0.00000
TUNE42PI_FES27,1609,11,interior,a_ice,0.01898
TUNE42PI_FES27,1609,12,interior,a_ice,0.09028
TUNE42PI_FES27,1609,1,labsea,MLD2,1280.15574
TUNE42PI_FES27,1609,2,labsea,MLD2,1250.97130
TUNE42PI_FES27,1609,3,labsea,MLD2,1178.58004
TUNE42PI_FES27,1609,4,labsea,MLD2,932.61000
TUNE42PI_FES27,1609,5,labsea,MLD2,221.97753
TUNE42PI_FES27,1609,6,labsea,MLD2,18.73897
TUNE42PI_FES27,1609,7,labsea,MLD2,14.14675
TUNE42PI_FES27,1609,8,labsea,MLD2,12.67885
TUNE42PI_FES27,1609,9,labsea,MLD2,21.59193
TUNE42PI_FES27,1609,10,labsea,MLD2,33.26640
TUNE42PI_FES27,1609,11,labsea,MLD2,270.17839
TUNE42PI_FES27,1609,12,labsea,MLD2,954.32369
TUNE42PI_FES27,1609,1,interior,MLD2,1780.17834
TUNE42PI_FES27,1609,2,interior,MLD2,1602.53832
TUNE42PI_FES27,1609,3,interior,MLD2,1626.26597
TUNE42PI_FES27,1609,4,interior,MLD2,1179.21956
TUNE42PI_FES27,1609,5,interior,MLD2,395.78998
TUNE42PI_FES27,1609,6,interior,MLD2,24.18003
TUNE42PI_FES27,1609,7,interior,MLD2,16.96509
TUNE42PI_FES27,1609,8,interior,MLD2,15.38060
TUNE42PI_FES27,1609,9,interior,MLD2,25.81641
TUNE42PI_FES27,1609,10,interior,MLD2,40.11364
TUNE42PI_FES27,1609,11,interior,MLD2,506.61760
TUNE42PI_FES27,1609,12,interior,MLD2,1552.72067
TUNE42PI_FES27,1610,1,labsea,a_ice,0.36463
TUNE42PI_FES27,1610,2,labsea,a_ice,0.36511
TUNE42PI_FES27,1610,3,labsea,a_ice,0.37282
TUNE42PI_FES27,1610,4,labsea,a_ice,0.33716
TUNE42PI_FES27,1610,5,labsea,a_ice,0.23777
TUNE42PI_FES27,1610,6,labsea,a_ice,0.12288
TUNE42PI_FES27,1610,7,labsea,a_ice,0.02427
TUNE42PI_FES27,1610,8,labsea,a_ice,0.00012
TUNE42PI_FES27,1610,9,labsea,a_ice,0.00000
TUNE42PI_FES27,1610,10,labsea,a_ice,0.00012
TUNE42PI_FES27,1610,11,labsea,a_ice,0.03671
TUNE42PI_FES27,1610,12,labsea,a_ice,0.19102
TUNE42PI_FES27,1610,1,interior,a_ice,0.26769
TUNE42PI_FES27,1610,2,interior,a_ice,0.30255
TUNE42PI_FES27,1610,3,interior,a_ice,0.19326
TUNE42PI_FES27,1610,4,interior,a_ice,0.10154
TUNE42PI_FES27,1610,5,interior,a_ice,0.07641
TUNE42PI_FES27,1610,6,interior,a_ice,0.02116
TUNE42PI_FES27,1610,7,interior,a_ice,0.00019
TUNE42PI_FES27,1610,8,interior,a_ice,0.00000
TUNE42PI_FES27,1610,9,interior,a_ice,0.00000
TUNE42PI_FES27,1610,10,interior,a_ice,0.00000
TUNE42PI_FES27,1610,11,interior,a_ice,0.00637
TUNE42PI_FES27,1610,12,interior,a_ice,0.03588
TUNE42PI_FES27,1610,1,labsea,MLD2,1042.24114
TUNE42PI_FES27,1610,2,labsea,MLD2,1084.70350
TUNE42PI_FES27,1610,3,labsea,MLD2,1163.26705
TUNE42PI_FES27,1610,4,labsea,MLD2,1104.69754
TUNE42PI_FES27,1610,5,labsea,MLD2,459.28934
TUNE42PI_FES27,1610,6,labsea,MLD2,21.22306
TUNE42PI_FES27,1610,7,labsea,MLD2,12.89002
TUNE42PI_FES27,1610,8,labsea,MLD2,15.55024
TUNE42PI_FES27,1610,9,labsea,MLD2,19.11595
TUNE42PI_FES27,1610,10,labsea,MLD2,39.12831
TUNE42PI_FES27,1610,11,labsea,MLD2,181.82696
TUNE42PI_FES27,1610,12,labsea,MLD2,906.16377
TUNE42PI_FES27,1610,1,interior,MLD2,1296.03639
TUNE42PI_FES27,1610,2,interior,MLD2,1082.03783
TUNE42PI_FES27,1610,3,interior,MLD2,1556.23032
TUNE42PI_FES27,1610,4,interior,MLD2,1761.94556
TUNE42PI_FES27,1610,5,interior,MLD2,985.49007
TUNE42PI_FES27,1610,6,interior,MLD2,29.39068
TUNE42PI_FES27,1610,7,interior,MLD2,15.98718
TUNE42PI_FES27,1610,8,interior,MLD2,17.19051
TUNE42PI_FES27,1610,9,interior,MLD2,22.90123
TUNE42PI_FES27,1610,10,interior,MLD2,55.54737
TUNE42PI_FES27,1610,11,interior,MLD2,457.08718
TUNE42PI_FES27,1610,12,interior,MLD2,1669.21809
TUNE42PI_FES27,1611,1,labsea,a_ice,0.34154
TUNE42PI_FES27,1611,2,labsea,a_ice,0.46804
TUNE42PI_FES27,1611,3,labsea,a_ice,0.46845
TUNE42PI_FES27,1611,4,labsea,a_ice,0.47409
TUNE42PI_FES27,1611,5,labsea,a_ice,0.33298
TUNE42PI_FES27,1611,6,labsea,a_ice,0.10022
TUNE42PI_FES27,1611,7,labsea,a_ice,0.00569
TUNE42PI_FES27,1611,8,labsea,a_ice,0.00000
TUNE42PI_FES27,1611,9,labsea,a_ice,0.00000
TUNE42PI_FES27,1611,10,labsea,a_ice,0.00001
TUNE42PI_FES27,1611,11,labsea,a_ice,0.01488
TUNE42PI_FES27,1611,12,labsea,a_ice,0.12057
TUNE42PI_FES27,1611,1,interior,a_ice,0.21065
TUNE42PI_FES27,1611,2,interior,a_ice,0.47562
TUNE42PI_FES27,1611,3,interior,a_ice,0.55458
TUNE42PI_FES27,1611,4,interior,a_ice,0.48027
TUNE42PI_FES27,1611,5,interior,a_ice,0.17954
TUNE42PI_FES27,1611,6,interior,a_ice,0.03640
TUNE42PI_FES27,1611,7,interior,a_ice,0.00000
TUNE42PI_FES27,1611,8,interior,a_ice,0.00000
TUNE42PI_FES27,1611,9,interior,a_ice,0.00000
TUNE42PI_FES27,1611,10,interior,a_ice,0.00000
TUNE42PI_FES27,1611,11,interior,a_ice,0.00000
TUNE42PI_FES27,1611,12,interior,a_ice,0.00759
TUNE42PI_FES27,1611,1,labsea,MLD2,1252.95888
TUNE42PI_FES27,1611,2,labsea,MLD2,1159.23426
TUNE42PI_FES27,1611,3,labsea,MLD2,986.43566
TUNE42PI_FES27,1611,4,labsea,MLD2,654.69587
TUNE42PI_FES27,1611,5,labsea,MLD2,215.02177
TUNE42PI_FES27,1611,6,labsea,MLD2,14.35653
TUNE42PI_FES27,1611,7,labsea,MLD2,11.99044
TUNE42PI_FES27,1611,8,labsea,MLD2,13.23139
TUNE42PI_FES27,1611,9,labsea,MLD2,22.91971
TUNE42PI_FES27,1611,10,labsea,MLD2,39.34310
TUNE42PI_FES27,1611,11,labsea,MLD2,136.89600
TUNE42PI_FES27,1611,12,labsea,MLD2,662.58574
TUNE42PI_FES27,1611,1,interior,MLD2,1720.41301
TUNE42PI_FES27,1611,2,interior,MLD2,1230.16383
TUNE42PI_FES27,1611,3,interior,MLD2,842.28723
TUNE42PI_FES27,1611,4,interior,MLD2,272.22517
TUNE42PI_FES27,1611,5,interior,MLD2,71.78143
TUNE42PI_FES27,1611,6,interior,MLD2,15.45362
TUNE42PI_FES27,1611,7,interior,MLD2,13.65893
TUNE42PI_FES27,1611,8,interior,MLD2,15.75824
TUNE42PI_FES27,1611,9,interior,MLD2,24.89313
TUNE42PI_FES27,1611,10,interior,MLD2,54.73175
TUNE42PI_FES27,1611,11,interior,MLD2,302.67394
TUNE42PI_FES27,1611,12,interior,MLD2,1513.80648
TUNE42PI_FES27,1612,1,labsea,a_ice,0.28247
TUNE42PI_FES27,1612,2,labsea,a_ice,0.30244
TUNE42PI_FES27,1612,3,labsea,a_ice,0.40375
TUNE42PI_FES27,1612,4,labsea,a_ice,0.31739
TUNE42PI_FES27,1612,5,labsea,a_ice,0.20843
TUNE42PI_FES27,1612,6,labsea,a_ice,0.09504
TUNE42PI_FES27,1612,7,labsea,a_ice,0.01286
TUNE42PI_FES27,1612,8,labsea,a_ice,0.00000
TUNE42PI_FES27,1612,9,labsea,a_ice,0.00000
TUNE42PI_FES27,1612,10,labsea,a_ice,0.00069
TUNE42PI_FES27,1612,11,labsea,a_ice,0.03953
TUNE42PI_FES27,1612,12,labsea,a_ice,0.18292
TUNE42PI_FES27,1612,1,interior,a_ice,0.13097
TUNE42PI_FES27,1612,2,interior,a_ice,0.17791
TUNE42PI_FES27,1612,3,interior,a_ice,0.24745
TUNE42PI_FES27,1612,4,interior,a_ice,0.08843
TUNE42PI_FES27,1612,5,interior,a_ice,0.03077
TUNE42PI_FES27,1612,6,interior,a_ice,0.00111
TUNE42PI_FES27,1612,7,interior,a_ice,0.00117
TUNE42PI_FES27,1612,8,interior,a_ice,0.00000
TUNE42PI_FES27,1612,9,interior,a_ice,0.00000
TUNE42PI_FES27,1612,10,interior,a_ice,0.00000
TUNE42PI_FES27,1612,11,interior,a_ice,0.00012
TUNE42PI_FES27,1612,12,interior,a_ice,0.04613
TUNE42PI_FES27,1612,1,labsea,MLD2,1132.00927
TUNE42PI_FES27,1612,2,labsea,MLD2,1228.18175
TUNE42PI_FES27,1612,3,labsea,MLD2,1309.38611
TUNE42PI_FES27,1612,4,labsea,MLD2,1099.98161
TUNE42PI_FES27,1612,5,labsea,MLD2,489.97261
TUNE42PI_FES27,1612,6,labsea,MLD2,22.89267
TUNE42PI_FES27,1612,7,labsea,MLD2,13.52996
TUNE42PI_FES27,1612,8,labsea,MLD2,16.96796
TUNE42PI_FES27,1612,9,labsea,MLD2,21.83635
TUNE42PI_FES27,1612,10,labsea,MLD2,37.02140
TUNE42PI_FES27,1612,11,labsea,MLD2,138.02269
TUNE42PI_FES27,1612,12,labsea,MLD2,759.76322
TUNE42PI_FES27,1612,1,interior,MLD2,1841.88494
TUNE42PI_FES27,1612,2,interior,MLD2,1600.87640
TUNE42PI_FES27,1612,3,interior,MLD2,1813.46309
TUNE42PI_FES27,1612,4,interior,MLD2,1724.95402
TUNE42PI_FES27,1612,5,interior,MLD2,912.81684
TUNE42PI_FES27,1612,6,interior,MLD2,32.56196
TUNE42PI_FES27,1612,7,interior,MLD2,15.61682
TUNE42PI_FES27,1612,8,interior,MLD2,20.11093
TUNE42PI_FES27,1612,9,interior,MLD2,24.98123
TUNE42PI_FES27,1612,10,interior,MLD2,44.18714
TUNE42PI_FES27,1612,11,interior,MLD2,186.83904
TUNE42PI_FES27,1612,12,interior,MLD2,1121.27370
TUNE42PI_FES27,1613,1,labsea,a_ice,0.33866
TUNE42PI_FES27,1613,2,labsea,a_ice,0.38086
TUNE42PI_FES27,1613,3,labsea,a_ice,0.38545
TUNE42PI_FES27,1613,4,labsea,a_ice,0.39092
TUNE42PI_FES27,1613,5,labsea,a_ice,0.33889
TUNE42PI_FES27,1613,6,labsea,a_ice,0.17329
TUNE42PI_FES27,1613,7,labsea,a_ice,0.03367
TUNE42PI_FES27,1613,8,labsea,a_ice,0.00021
TUNE42PI_FES27,1613,9,labsea,a_ice,0.00000
TUNE42PI_FES27,1613,10,labsea,a_ice,0.00474
TUNE42PI_FES27,1613,11,labsea,a_ice,0.06859
TUNE42PI_FES27,1613,12,labsea,a_ice,0.14822
TUNE42PI_FES27,1613,1,interior,a_ice,0.20801
TUNE42PI_FES27,1613,2,interior,a_ice,0.25588
TUNE42PI_FES27,1613,3,interior,a_ice,0.32651
TUNE42PI_FES27,1613,4,interior,a_ice,0.33859
TUNE42PI_FES27,1613,5,interior,a_ice,0.24095
TUNE42PI_FES27,1613,6,interior,a_ice,0.06939
TUNE42PI_FES27,1613,7,interior,a_ice,0.00049
TUNE42PI_FES27,1613,8,interior,a_ice,0.00000
TUNE42PI_FES27,1613,9,interior,a_ice,0.00000
TUNE42PI_FES27,1613,10,interior,a_ice,0.00000
TUNE42PI_FES27,1613,11,interior,a_ice,0.00694
TUNE42PI_FES27,1613,12,interior,a_ice,0.04782
TUNE42PI_FES27,1613,1,labsea,MLD2,1241.57289
TUNE42PI_FES27,1613,2,labsea,MLD2,1195.42075
TUNE42PI_FES27,1613,3,labsea,MLD2,1093.93262
TUNE42PI_FES27,1613,4,labsea,MLD2,989.93501
TUNE42PI_FES27,1613,5,labsea,MLD2,709.68303
TUNE42PI_FES27,1613,6,labsea,MLD2,22.34210
TUNE42PI_FES27,1613,7,labsea,MLD2,14.82283
TUNE42PI_FES27,1613,8,labsea,MLD2,13.88610
TUNE42PI_FES27,1613,9,labsea,MLD2,22.08815
TUNE42PI_FES27,1613,10,labsea,MLD2,35.29283
TUNE42PI_FES27,1613,11,labsea,MLD2,117.39264
TUNE42PI_FES27,1613,12,labsea,MLD2,504.22624
TUNE42PI_FES27,1613,1,interior,MLD2,1735.82997
TUNE42PI_FES27,1613,2,interior,MLD2,1508.72331
TUNE42PI_FES27,1613,3,interior,MLD2,1096.38083
TUNE42PI_FES27,1613,4,interior,MLD2,966.38087
TUNE42PI_FES27,1613,5,interior,MLD2,800.84089
TUNE42PI_FES27,1613,6,interior,MLD2,44.26454
TUNE42PI_FES27,1613,7,interior,MLD2,18.07819
TUNE42PI_FES27,1613,8,interior,MLD2,15.32818
TUNE42PI_FES27,1613,9,interior,MLD2,24.34006
TUNE42PI_FES27,1613,10,interior,MLD2,45.32377
TUNE42PI_FES27,1613,11,interior,MLD2,270.17510
TUNE42PI_FES27,1613,12,interior,MLD2,1288.87478
TUNE42PI_FES27,1614,1,labsea,a_ice,0.21476
TUNE42PI_FES27,1614,2,labsea,a_ice,0.29544
TUNE42PI_FES27,1614,3,labsea,a_ice,0.30121
TUNE42PI_FES27,1614,4,labsea,a_ice,0.28715
TUNE42PI_FES27,1614,5,labsea,a_ice,0.20246
TUNE42PI_FES27,1614,6,labsea,a_ice,0.07332
TUNE42PI_FES27,1614,7,labsea,a_ice,0.02180
TUNE42PI_FES27,1614,8,labsea,a_ice,0.00024
TUNE42PI_FES27,1614,9,labsea,a_ice,0.00000
TUNE42PI_FES27,1614,10,labsea,a_ice,0.00015
TUNE42PI_FES27,1614,11,labsea,a_ice,0.02815
TUNE42PI_FES27,1614,12,labsea,a_ice,0.15321
TUNE42PI_FES27,1614,1,interior,a_ice,0.04925
TUNE42PI_FES27,1614,2,interior,a_ice,0.12206
TUNE42PI_FES27,1614,3,interior,a_ice,0.13955
TUNE42PI_FES27,1614,4,interior,a_ice,0.15949
TUNE42PI_FES27,1614,5,interior,a_ice,0.12842
TUNE42PI_FES27,1614,6,interior,a_ice,0.00402
TUNE42PI_FES27,1614,7,interior,a_ice,0.00045
TUNE42PI_FES27,1614,8,interior,a_ice,0.00000
TUNE42PI_FES27,1614,9,interior,a_ice,0.00000
TUNE42PI_FES27,1614,10,interior,a_ice,0.00000
TUNE42PI_FES27,1614,11,interior,a_ice,0.00011
TUNE42PI_FES27,1614,12,interior,a_ice,0.03777
TUNE42PI_FES27,1614,1,labsea,MLD2,1188.07680
TUNE42PI_FES27,1614,2,labsea,MLD2,1455.64613
TUNE42PI_FES27,1614,3,labsea,MLD2,1325.71425
TUNE42PI_FES27,1614,4,labsea,MLD2,953.01417
TUNE42PI_FES27,1614,5,labsea,MLD2,327.36356
TUNE42PI_FES27,1614,6,labsea,MLD2,17.55870
TUNE42PI_FES27,1614,7,labsea,MLD2,16.48623
TUNE42PI_FES27,1614,8,labsea,MLD2,16.07923
TUNE42PI_FES27,1614,9,labsea,MLD2,19.84824
TUNE42PI_FES27,1614,10,labsea,MLD2,33.67736
TUNE42PI_FES27,1614,11,labsea,MLD2,69.33700
TUNE42PI_FES27,1614,12,labsea,MLD2,476.46967
TUNE42PI_FES27,1614,1,interior,MLD2,2189.95419
TUNE42PI_FES27,1614,2,interior,MLD2,2297.98678
TUNE42PI_FES27,1614,3,interior,MLD2,1976.64894
TUNE42PI_FES27,1614,4,interior,MLD2,987.56302
TUNE42PI_FES27,1614,5,interior,MLD2,316.22502
TUNE42PI_FES27,1614,6,interior,MLD2,18.21592
TUNE42PI_FES27,1614,7,interior,MLD2,18.72258
TUNE42PI_FES27,1614,8,interior,MLD2,17.82502
TUNE42PI_FES27,1614,9,interior,MLD2,21.04810
TUNE42PI_FES27,1614,10,interior,MLD2,36.37342
TUNE42PI_FES27,1614,11,interior,MLD2,103.84043
TUNE42PI_FES27,1614,12,interior,MLD2,915.95544
TUNE42PI_FES27,1615,1,labsea,a_ice,0.24907
TUNE42PI_FES27,1615,2,labsea,a_ice,0.29884
TUNE42PI_FES27,1615,3,labsea,a_ice,0.33111
TUNE42PI_FES27,1615,4,labsea,a_ice,0.29223
TUNE42PI_FES27,1615,5,labsea,a_ice,0.23583
TUNE42PI_FES27,1615,6,labsea,a_ice,0.12173
TUNE42PI_FES27,1615,7,labsea,a_ice,0.02162
TUNE42PI_FES27,1615,8,labsea,a_ice,0.00000
TUNE42PI_FES27,1615,9,labsea,a_ice,0.00000
TUNE42PI_FES27,1615,10,labsea,a_ice,0.00000
TUNE42PI_FES27,1615,11,labsea,a_ice,0.01909
TUNE42PI_FES27,1615,12,labsea,a_ice,0.10631
TUNE42PI_FES27,1615,1,interior,a_ice,0.07246
TUNE42PI_FES27,1615,2,interior,a_ice,0.12632
TUNE42PI_FES27,1615,3,interior,a_ice,0.21318
TUNE42PI_FES27,1615,4,interior,a_ice,0.16915
TUNE42PI_FES27,1615,5,interior,a_ice,0.06923
TUNE42PI_FES27,1615,6,interior,a_ice,0.02034
TUNE42PI_FES27,1615,7,interior,a_ice,0.00019
TUNE42PI_FES27,1615,8,interior,a_ice,0.00000
TUNE42PI_FES27,1615,9,interior,a_ice,0.00000
TUNE42PI_FES27,1615,10,interior,a_ice,0.00000
TUNE42PI_FES27,1615,11,interior,a_ice,0.00000
TUNE42PI_FES27,1615,12,interior,a_ice,0.01330
TUNE42PI_FES27,1615,1,labsea,MLD2,1208.56168
TUNE42PI_FES27,1615,2,labsea,MLD2,1368.40761
TUNE42PI_FES27,1615,3,labsea,MLD2,1199.88719
TUNE42PI_FES27,1615,4,labsea,MLD2,1016.80602
TUNE42PI_FES27,1615,5,labsea,MLD2,548.88573
TUNE42PI_FES27,1615,6,labsea,MLD2,19.34126
TUNE42PI_FES27,1615,7,labsea,MLD2,13.35301
TUNE42PI_FES27,1615,8,labsea,MLD2,13.18977
TUNE42PI_FES27,1615,9,labsea,MLD2,21.80131
TUNE42PI_FES27,1615,10,labsea,MLD2,37.00171
TUNE42PI_FES27,1615,11,labsea,MLD2,147.75670
TUNE42PI_FES27,1615,12,labsea,MLD2,714.73453
TUNE42PI_FES27,1615,1,interior,MLD2,2096.49465
TUNE42PI_FES27,1615,2,interior,MLD2,2061.61082
TUNE42PI_FES27,1615,3,interior,MLD2,1456.70771
TUNE42PI_FES27,1615,4,interior,MLD2,873.66134
TUNE42PI_FES27,1615,5,interior,MLD2,531.03469
TUNE42PI_FES27,1615,6,interior,MLD2,21.72466
TUNE42PI_FES27,1615,7,interior,MLD2,15.87748
TUNE42PI_FES27,1615,8,interior,MLD2,15.26341
TUNE42PI_FES27,1615,9,interior,MLD2,24.58207
TUNE42PI_FES27,1615,10,interior,MLD2,47.55579
TUNE42PI_FES27,1615,11,interior,MLD2,304.51236
TUNE42PI_FES27,1615,12,interior,MLD2,1354.89050
TUNE42PI_FES27,1616,1,labsea,a_ice,0.16930
TUNE42PI_FES27,1616,2,labsea,a_ice,0.18043
TUNE42PI_FES27,1616,3,labsea,a_ice,0.22786
TUNE42PI_FES27,1616,4,labsea,a_ice,0.22445
TUNE42PI_FES27,1616,5,labsea,a_ice,0.17582
TUNE42PI_FES27,1616,6,labsea,a_ice,0.08886
TUNE42PI_FES27,1616,7,labsea,a_ice,0.01857
TUNE42PI_FES27,1616,8,labsea,a_ice,0.00023
TUNE42PI_FES27,1616,9,labsea,a_ice,0.00000
TUNE42PI_FES27,1616,10,labsea,a_ice,0.00175
TUNE42PI_FES27,1616,11,labsea,a_ice,0.05358
TUNE42PI_FES27,1616,12,labsea,a_ice,0.17293
TUNE42PI_FES27,1616,1,interior,a_ice,0.01793
TUNE42PI_FES27,1616,2,interior,a_ice,0.02294
TUNE42PI_FES27,1616,3,interior,a_ice,0.02871
TUNE42PI_FES27,1616,4,interior,a_ice,0.02646
TUNE42PI_FES27,1616,5,interior,a_ice,0.00795
TUNE42PI_FES27,1616,6,interior,a_ice,0.00012
TUNE42PI_FES27,1616,7,interior,a_ice,0.00000
TUNE42PI_FES27,1616,8,interior,a_ice,0.00000
TUNE42PI_FES27,1616,9,interior,a_ice,0.00000
TUNE42PI_FES27,1616,10,interior,a_ice,0.00000
TUNE42PI_FES27,1616,11,interior,a_ice,0.00126
TUNE42PI_FES27,1616,12,interior,a_ice,0.03184
TUNE42PI_FES27,1616,1,labsea,MLD2,1187.39825
TUNE42PI_FES27,1616,2,labsea,MLD2,1366.65906
TUNE42PI_FES27,1616,3,labsea,MLD2,1417.36273
TUNE42PI_FES27,1616,4,labsea,MLD2,1273.74690
TUNE42PI_FES27,1616,5,labsea,MLD2,188.53341
TUNE42PI_FES27,1616,6,labsea,MLD2,22.81087
TUNE42PI_FES27,1616,7,labsea,MLD2,17.07936
TUNE42PI_FES27,1616,8,labsea,MLD2,18.89514
TUNE42PI_FES27,1616,9,labsea,MLD2,23.62049
TUNE42PI_FES27,1616,10,labsea,MLD2,34.46297
TUNE42PI_FES27,1616,11,labsea,MLD2,66.40006
TUNE42PI_FES27,1616,12,labsea,MLD2,608.83505
TUNE42PI_FES27,1616,1,interior,MLD2,1988.94016
TUNE42PI_FES27,1616,2,interior,MLD2,2142.06395
TUNE42PI_FES27,1616,3,interior,MLD2,2202.08158
TUNE42PI_FES27,1616,4,interior,MLD2,2073.63678
TUNE42PI_FES27,1616,5,interior,MLD2,468.67669
TUNE42PI_FES27,1616,6,interior,MLD2,28.54899
TUNE42PI_FES27,1616,7,interior,MLD2,20.87397
TUNE42PI_FES27,1616,8,interior,MLD2,21.51113
TUNE42PI_FES27,1616,9,interior,MLD2,26.97706
TUNE42PI_FES27,1616,10,interior,MLD2,39.99646
TUNE42PI_FES27,1616,11,interior,MLD2,96.58192
TUNE42PI_FES27,1616,12,interior,MLD2,1015.78639
TUNE42PI_FES27,1617,1,labsea,a_ice,0.28497
TUNE42PI_FES27,1617,2,labsea,a_ice,0.30105
TUNE42PI_FES27,1617,3,labsea,a_ice,0.31435
TUNE42PI_FES27,1617,4,labsea,a_ice,0.28627
TUNE42PI_FES27,1617,5,labsea,a_ice,0.24444
TUNE42PI_FES27,1617,6,labsea,a_ice,0.15168
TUNE42PI_FES27,1617,7,labsea,a_ice,0.02462
TUNE42PI_FES27,1617,8,labsea,a_ice,0.00129
TUNE42PI_FES27,1617,9,labsea,a_ice,0.00027
TUNE42PI_FES27,1617,10,labsea,a_ice,0.00862
TUNE42PI_FES27,1617,11,labsea,a_ice,0.05673
TUNE42PI_FES27,1617,12,labsea,a_ice,0.09785
TUNE42PI_FES27,1617,1,interior,a_ice,0.14676
TUNE42PI_FES27,1617,2,interior,a_ice,0.12545
TUNE42PI_FES27,1617,3,interior,a_ice,0.13781
TUNE42PI_FES27,1617,4,interior,a_ice,0.12946
TUNE42PI_FES27,1617,5,interior,a_ice,0.07884
TUNE42PI_FES27,1617,6,interior,a_ice,0.03440
TUNE42PI_FES27,1617,7,interior,a_ice,0.00515
TUNE42PI_FES27,1617,8,interior,a_ice,0.00000
TUNE42PI_FES27,1617,9,interior,a_ice,0.00000
TUNE42PI_FES27,1617,10,interior,a_ice,0.00000
TUNE42PI_FES27,1617,11,interior,a_ice,0.00001
TUNE42PI_FES27,1617,12,interior,a_ice,0.01572
TUNE42PI_FES27,1617,1,labsea,MLD2,1285.59336
TUNE42PI_FES27,1617,2,labsea,MLD2,1380.81811
TUNE42PI_FES27,1617,3,labsea,MLD2,1301.62535
TUNE42PI_FES27,1617,4,labsea,MLD2,1147.97088
TUNE42PI_FES27,1617,5,labsea,MLD2,334.55107
TUNE42PI_FES27,1617,6,labsea,MLD2,20.15065
TUNE42PI_FES27,1617,7,labsea,MLD2,15.59414
TUNE42PI_FES27,1617,8,labsea,MLD2,17.67188
TUNE42PI_FES27,1617,9,labsea,MLD2,23.99682
TUNE42PI_FES27,1617,10,labsea,MLD2,33.13155
TUNE42PI_FES27,1617,11,labsea,MLD2,115.31607
TUNE42PI_FES27,1617,12,labsea,MLD2,482.16169
TUNE42PI_FES27,1617,1,interior,MLD2,1828.57751
TUNE42PI_FES27,1617,2,interior,MLD2,1984.82765
TUNE42PI_FES27,1617,3,interior,MLD2,1813.19626
TUNE42PI_FES27,1617,4,interior,MLD2,1456.81317
TUNE42PI_FES27,1617,5,interior,MLD2,815.59738
TUNE42PI_FES27,1617,6,interior,MLD2,26.62975
TUNE42PI_FES27,1617,7,interior,MLD2,17.91693
TUNE42PI_FES27,1617,8,interior,MLD2,20.26216
TUNE42PI_FES27,1617,9,interior,MLD2,27.69988
TUNE42PI_FES27,1617,10,interior,MLD2,37.87083
TUNE42PI_FES27,1617,11,interior,MLD2,240.51436
TUNE42PI_FES27,1617,12,interior,MLD2,1083.25360
TUNE42PI_FES27,1618,1,labsea,a_ice,0.25049
TUNE42PI_FES27,1618,2,labsea,a_ice,0.28831
TUNE42PI_FES27,1618,3,labsea,a_ice,0.29740
TUNE42PI_FES27,1618,4,labsea,a_ice,0.26242
TUNE42PI_FES27,1618,5,labsea,a_ice,0.18706
TUNE42PI_FES27,1618,6,labsea,a_ice,0.10318
TUNE42PI_FES27,1618,7,labsea,a_ice,0.02321
TUNE42PI_FES27,1618,8,labsea,a_ice,0.00001
TUNE42PI_FES27,1618,9,labsea,a_ice,0.00000
TUNE42PI_FES27,1618,10,labsea,a_ice,0.01427
TUNE42PI_FES27,1618,11,labsea,a_ice,0.09777
TUNE42PI_FES27,1618,12,labsea,a_ice,0.19858
TUNE42PI_FES27,1618,1,interior,a_ice,0.07154
TUNE42PI_FES27,1618,2,interior,a_ice,0.10363
TUNE42PI_FES27,1618,3,interior,a_ice,0.10488
TUNE42PI_FES27,1618,4,interior,a_ice,0.06653
TUNE42PI_FES27,1618,5,interior,a_ice,0.02103
TUNE42PI_FES27,1618,6,interior,a_ice,0.01432
TUNE42PI_FES27,1618,7,interior,a_ice,0.00355
TUNE42PI_FES27,1618,8,interior,a_ice,0.00000
TUNE42PI_FES27,1618,9,interior,a_ice,0.00000
TUNE42PI_FES27,1618,10,interior,a_ice,0.00000
TUNE42PI_FES27,1618,11,interior,a_ice,0.00776
TUNE42PI_FES27,1618,12,interior,a_ice,0.03542
TUNE42PI_FES27,1618,1,labsea,MLD2,1276.77543
TUNE42PI_FES27,1618,2,labsea,MLD2,1494.41307
TUNE42PI_FES27,1618,3,labsea,MLD2,1405.14292
TUNE42PI_FES27,1618,4,labsea,MLD2,1132.37475
TUNE42PI_FES27,1618,5,labsea,MLD2,662.34780
TUNE42PI_FES27,1618,6,labsea,MLD2,28.15016
TUNE42PI_FES27,1618,7,labsea,MLD2,12.15813
TUNE42PI_FES27,1618,8,labsea,MLD2,17.19560
TUNE42PI_FES27,1618,9,labsea,MLD2,24.77452
TUNE42PI_FES27,1618,10,labsea,MLD2,33.29540
TUNE42PI_FES27,1618,11,labsea,MLD2,48.20177
TUNE42PI_FES27,1618,12,labsea,MLD2,444.11499
TUNE42PI_FES27,1618,1,interior,MLD2,2091.37398
TUNE42PI_FES27,1618,2,interior,MLD2,2255.02670
TUNE42PI_FES27,1618,3,interior,MLD2,2165.34616
TUNE42PI_FES27,1618,4,interior,MLD2,1567.23181
TUNE42PI_FES27,1618,5,interior,MLD2,910.00933
TUNE42PI_FES27,1618,6,interior,MLD2,39.11968
TUNE42PI_FES27,1618,7,interior,MLD2,12.85623
TUNE42PI_FES27,1618,8,interior,MLD2,20.36760
TUNE42PI_FES27,1618,9,interior,MLD2,29.40048
TUNE42PI_FES27,1618,10,interior,MLD2,38.23908
TUNE42PI_FES27,1618,11,interior,MLD2,56.20709
TUNE42PI_FES27,1618,12,interior,MLD2,894.20741
TUNE42PI_FES27,1619,1,labsea,a_ice,0.27745
TUNE42PI_FES27,1619,2,labsea,a_ice,0.30563
TUNE42PI_FES27,1619,3,labsea,a_ice,0.29081
TUNE42PI_FES27,1619,4,labsea,a_ice,0.29045
TUNE42PI_FES27,1619,5,labsea,a_ice,0.24528
TUNE42PI_FES27,1619,6,labsea,a_ice,0.12596
TUNE42PI_FES27,1619,7,labsea,a_ice,0.03400
TUNE42PI_FES27,1619,8,labsea,a_ice,0.00266
TUNE42PI_FES27,1619,9,labsea,a_ice,0.00000
TUNE42PI_FES27,1619,10,labsea,a_ice,0.00019
TUNE42PI_FES27,1619,11,labsea,a_ice,0.07686
TUNE42PI_FES27,1619,12,labsea,a_ice,0.19171
TUNE42PI_FES27,1619,1,interior,a_ice,0.04481
TUNE42PI_FES27,1619,2,interior,a_ice,0.09716
TUNE42PI_FES27,1619,3,interior,a_ice,0.11714
TUNE42PI_FES27,1619,4,interior,a_ice,0.13895
TUNE42PI_FES27,1619,5,interior,a_ice,0.06938
TUNE42PI_FES27,1619,6,interior,a_ice,0.01162
TUNE42PI_FES27,1619,7,interior,a_ice,0.00198
TUNE42PI_FES27,1619,8,interior,a_ice,0.00007
TUNE42PI_FES27,1619,9,interior,a_ice,0.00000
TUNE42PI_FES27,1619,10,interior,a_ice,0.00000
TUNE42PI_FES27,1619,11,interior,a_ice,0.01463
TUNE42PI_FES27,1619,12,interior,a_ice,0.05366
TUNE42PI_FES27,1619,1,labsea,MLD2,1399.13563
TUNE42PI_FES27,1619,2,labsea,MLD2,1466.15438
TUNE42PI_FES27,1619,3,labsea,MLD2,1390.35362
TUNE42PI_FES27,1619,4,labsea,MLD2,1170.82693
TUNE42PI_FES27,1619,5,labsea,MLD2,563.04496
TUNE42PI_FES27,1619,6,labsea,MLD2,18.36065
TUNE42PI_FES27,1619,7,labsea,MLD2,14.32014
TUNE42PI_FES27,1619,8,labsea,MLD2,16.00309
TUNE42PI_FES27,1619,9,labsea,MLD2,21.98300
TUNE42PI_FES27,1619,10,labsea,MLD2,33.51183
TUNE42PI_FES27,1619,11,labsea,MLD2,183.15368
TUNE42PI_FES27,1619,12,labsea,MLD2,986.68205
TUNE42PI_FES27,1619,1,interior,MLD2,2422.76031
TUNE42PI_FES27,1619,2,interior,MLD2,2268.56893
TUNE42PI_FES27,1619,3,interior,MLD2,1860.33287
TUNE42PI_FES27,1619,4,interior,MLD2,1436.21649
TUNE42PI_FES27,1619,5,interior,MLD2,744.20130
TUNE42PI_FES27,1619,6,interior,MLD2,22.77565
TUNE42PI_FES27,1619,7,interior,MLD2,18.69599
TUNE42PI_FES27,1619,8,interior,MLD2,20.62426
TUNE42PI_FES27,1619,9,interior,MLD2,24.83043
TUNE42PI_FES27,1619,10,interior,MLD2,37.75963
TUNE42PI_FES27,1619,11,interior,MLD2,375.21594
TUNE42PI_FES27,1619,12,interior,MLD2,1636.09263
TUNE42PI_FES27,1620,1,labsea,a_ice,0.28299
TUNE42PI_FES27,1620,2,labsea,a_ice,0.30583
TUNE42PI_FES27,1620,3,labsea,a_ice,0.41790
TUNE42PI_FES27,1620,4,labsea,a_ice,0.36256
TUNE42PI_FES27,1620,5,labsea,a_ice,0.21462
TUNE42PI_FES27,1620,6,labsea,a_ice,0.10355
TUNE42PI_FES27,1620,7,labsea,a_ice,0.02345
TUNE42PI_FES27,1620,8,labsea,a_ice,0.00111
TUNE42PI_FES27,1620,9,labsea,a_ice,0.00000
TUNE42PI_FES27,1620,10,labsea,a_ice,0.00343
TUNE42PI_FES27,1620,11,labsea,a_ice,0.04511
TUNE42PI_FES27,1620,12,labsea,a_ice,0.13165
TUNE42PI_FES27,1620,1,interior,a_ice,0.11510
TUNE42PI_FES27,1620,2,interior,a_ice,0.17760
TUNE42PI_FES27,1620,3,interior,a_ice,0.31005
TUNE42PI_FES27,1620,4,interior,a_ice,0.16627
TUNE42PI_FES27,1620,5,interior,a_ice,0.04285
TUNE42PI_FES27,1620,6,interior,a_ice,0.00862
TUNE42PI_FES27,1620,7,interior,a_ice,0.00001
TUNE42PI_FES27,1620,8,interior,a_ice,0.00000
TUNE42PI_FES27,1620,9,interior,a_ice,0.00000
TUNE42PI_FES27,1620,10,interior,a_ice,0.00000
TUNE42PI_FES27,1620,11,interior,a_ice,0.00155
TUNE42PI_FES27,1620,12,interior,a_ice,0.01391
TUNE42PI_FES27,1620,1,labsea,MLD2,1330.89965
TUNE42PI_FES27,1620,2,labsea,MLD2,1309.73418
TUNE42PI_FES27,1620,3,labsea,MLD2,1211.57921
TUNE42PI_FES27,1620,4,labsea,MLD2,890.36816
TUNE42PI_FES27,1620,5,labsea,MLD2,317.46515
TUNE42PI_FES27,1620,6,labsea,MLD2,20.74194
TUNE42PI_FES27,1620,7,labsea,MLD2,15.64193
TUNE42PI_FES27,1620,8,labsea,MLD2,13.70569
TUNE42PI_FES27,1620,9,labsea,MLD2,21.68012
TUNE42PI_FES27,1620,10,labsea,MLD2,36.03925
TUNE42PI_FES27,1620,11,labsea,MLD2,68.16704
TUNE42PI_FES27,1620,12,labsea,MLD2,323.99097
TUNE42PI_FES27,1620,1,interior,MLD2,1794.67018
TUNE42PI_FES27,1620,2,interior,MLD2,1545.24747
TUNE42PI_FES27,1620,3,interior,MLD2,1547.85587
TUNE42PI_FES27,1620,4,interior,MLD2,1295.42871
TUNE42PI_FES27,1620,5,interior,MLD2,452.56560
TUNE42PI_FES27,1620,6,interior,MLD2,27.36513
TUNE42PI_FES27,1620,7,interior,MLD2,19.38055
TUNE42PI_FES27,1620,8,interior,MLD2,15.73810
TUNE42PI_FES27,1620,9,interior,MLD2,25.47209
TUNE42PI_FES27,1620,10,interior,MLD2,42.10621
TUNE42PI_FES27,1620,11,interior,MLD2,95.08581
TUNE42PI_FES27,1620,12,interior,MLD2,638.60815
TUNE42PI_FES27,1621,1,labsea,a_ice,0.20958
TUNE42PI_FES27,1621,2,labsea,a_ice,0.23209
TUNE42PI_FES27,1621,3,labsea,a_ice,0.24124
TUNE42PI_FES27,1621,4,labsea,a_ice,0.21112
TUNE42PI_FES27,1621,5,labsea,a_ice,0.17505
TUNE42PI_FES27,1621,6,labsea,a_ice,0.06913
TUNE42PI_FES27,1621,7,labsea,a_ice,0.01585
TUNE42PI_FES27,1621,8,labsea,a_ice,0.00007
TUNE42PI_FES27,1621,9,labsea,a_ice,0.00000
TUNE42PI_FES27,1621,10,labsea,a_ice,0.00000
TUNE42PI_FES27,1621,11,labsea,a_ice,0.00334
TUNE42PI_FES27,1621,12,labsea,a_ice,0.12665
TUNE42PI_FES27,1621,1,interior,a_ice,0.04436
TUNE42PI_FES27,1621,2,interior,a_ice,0.07176
TUNE42PI_FES27,1621,3,interior,a_ice,0.04412
TUNE42PI_FES27,1621,4,interior,a_ice,0.04441
TUNE42PI_FES27,1621,5,interior,a_ice,0.02971
TUNE42PI_FES27,1621,6,interior,a_ice,0.00277
TUNE42PI_FES27,1621,7,interior,a_ice,0.00000
TUNE42PI_FES27,1621,8,interior,a_ice,0.00000
TUNE42PI_FES27,1621,9,interior,a_ice,0.00000
TUNE42PI_FES27,1621,10,interior,a_ice,0.00000
TUNE42PI_FES27,1621,11,interior,a_ice,0.00000
TUNE42PI_FES27,1621,12,interior,a_ice,0.02313
TUNE42PI_FES27,1621,1,labsea,MLD2,1169.88156
TUNE42PI_FES27,1621,2,labsea,MLD2,1393.27076
TUNE42PI_FES27,1621,3,labsea,MLD2,1397.49910
TUNE42PI_FES27,1621,4,labsea,MLD2,1250.09339
TUNE42PI_FES27,1621,5,labsea,MLD2,510.46105
TUNE42PI_FES27,1621,6,labsea,MLD2,13.15965
TUNE42PI_FES27,1621,7,labsea,MLD2,16.17484
TUNE42PI_FES27,1621,8,labsea,MLD2,14.59658
TUNE42PI_FES27,1621,9,labsea,MLD2,19.71562
TUNE42PI_FES27,1621,10,labsea,MLD2,30.35044
TUNE42PI_FES27,1621,11,labsea,MLD2,64.08539
TUNE42PI_FES27,1621,12,labsea,MLD2,717.66968
TUNE42PI_FES27,1621,1,interior,MLD2,1931.32141
TUNE42PI_FES27,1621,2,interior,MLD2,2163.32951
TUNE42PI_FES27,1621,3,interior,MLD2,2308.32363
TUNE42PI_FES27,1621,4,interior,MLD2,2132.37740
TUNE42PI_FES27,1621,5,interior,MLD2,979.28782
TUNE42PI_FES27,1621,6,interior,MLD2,14.35347
TUNE42PI_FES27,1621,7,interior,MLD2,19.37913
TUNE42PI_FES27,1621,8,interior,MLD2,16.94999
TUNE42PI_FES27,1621,9,interior,MLD2,22.19890
TUNE42PI_FES27,1621,10,interior,MLD2,35.63847
TUNE42PI_FES27,1621,11,interior,MLD2,95.11320
TUNE42PI_FES27,1621,12,interior,MLD2,1297.62687
TUNE42PI_FES27,1622,1,labsea,a_ice,0.22707
TUNE42PI_FES27,1622,2,labsea,a_ice,0.28677
TUNE42PI_FES27,1622,3,labsea,a_ice,0.29197
TUNE42PI_FES27,1622,4,labsea,a_ice,0.25037
TUNE42PI_FES27,1622,5,labsea,a_ice,0.17842
TUNE42PI_FES27,1622,6,labsea,a_ice,0.11088
TUNE42PI_FES27,1622,7,labsea,a_ice,0.03172
TUNE42PI_FES27,1622,8,labsea,a_ice,0.00092
TUNE42PI_FES27,1622,9,labsea,a_ice,0.00008
TUNE42PI_FES27,1622,10,labsea,a_ice,0.02268
TUNE42PI_FES27,1622,11,labsea,a_ice,0.09092
TUNE42PI_FES27,1622,12,labsea,a_ice,0.19301
TUNE42PI_FES27,1622,1,interior,a_ice,0.05440
TUNE42PI_FES27,1622,2,interior,a_ice,0.11741
TUNE42PI_FES27,1622,3,interior,a_ice,0.09949
TUNE42PI_FES27,1622,4,interior,a_ice,0.07013
TUNE42PI_FES27,1622,5,interior,a_ice,0.07788
TUNE42PI_FES27,1622,6,interior,a_ice,0.01188
TUNE42PI_FES27,1622,7,interior,a_ice,0.00040
TUNE42PI_FES27,1622,8,interior,a_ice,0.00000
TUNE42PI_FES27,1622,9,interior,a_ice,0.00000
TUNE42PI_FES27,1622,10,interior,a_ice,0.00000
TUNE42PI_FES27,1622,11,interior,a_ice,0.00413
TUNE42PI_FES27,1622,12,interior,a_ice,0.03807
TUNE42PI_FES27,1622,1,labsea,MLD2,1512.72304
TUNE42PI_FES27,1622,2,labsea,MLD2,1464.11494
TUNE42PI_FES27,1622,3,labsea,MLD2,1214.84907
TUNE42PI_FES27,1622,4,labsea,MLD2,1091.06697
TUNE42PI_FES27,1622,5,labsea,MLD2,552.38251
TUNE42PI_FES27,1622,6,labsea,MLD2,36.82690
TUNE42PI_FES27,1622,7,labsea,MLD2,12.96722
TUNE42PI_FES27,1622,8,labsea,MLD2,21.12504
TUNE42PI_FES27,1622,9,labsea,MLD2,27.11726
TUNE42PI_FES27,1622,10,labsea,MLD2,41.08719
TUNE42PI_FES27,1622,11,labsea,MLD2,82.12755
TUNE42PI_FES27,1622,12,labsea,MLD2,644.12454
TUNE42PI_FES27,1622,1,interior,MLD2,2272.09589
TUNE42PI_FES27,1622,2,interior,MLD2,2169.21053
TUNE42PI_FES27,1622,3,interior,MLD2,1426.71066
TUNE42PI_FES27,1622,4,interior,MLD2,1135.31220
TUNE42PI_FES27,1622,5,interior,MLD2,733.39110
TUNE42PI_FES27,1622,6,interior,MLD2,40.55785
TUNE42PI_FES27,1622,7,interior,MLD2,14.99324
TUNE42PI_FES27,1622,8,interior,MLD2,23.98471
TUNE42PI_FES27,1622,9,interior,MLD2,31.80327
TUNE42PI_FES27,1622,10,interior,MLD2,52.12143
TUNE42PI_FES27,1622,11,interior,MLD2,102.14691
TUNE42PI_FES27,1622,12,interior,MLD2,950.52327
TUNE42PI_FES27,1623,1,labsea,a_ice,0.28858
TUNE42PI_FES27,1623,2,labsea,a_ice,0.30090
TUNE42PI_FES27,1623,3,labsea,a_ice,0.26591
TUNE42PI_FES27,1623,4,labsea,a_ice,0.23196
TUNE42PI_FES27,1623,5,labsea,a_ice,0.19191
TUNE42PI_FES27,1623,6,labsea,a_ice,0.14235
TUNE42PI_FES27,1623,7,labsea,a_ice,0.04340
TUNE42PI_FES27,1623,8,labsea,a_ice,0.00506
TUNE42PI_FES27,1623,9,labsea,a_ice,0.00000
TUNE42PI_FES27,1623,10,labsea,a_ice,0.00104
TUNE42PI_FES27,1623,11,labsea,a_ice,0.04174
TUNE42PI_FES27,1623,12,labsea,a_ice,0.14785
TUNE42PI_FES27,1623,1,interior,a_ice,0.11873
TUNE42PI_FES27,1623,2,interior,a_ice,0.11088
TUNE42PI_FES27,1623,3,interior,a_ice,0.10395
TUNE42PI_FES27,1623,4,interior,a_ice,0.08737
TUNE42PI_FES27,1623,5,interior,a_ice,0.03191
TUNE42PI_FES27,1623,6,interior,a_ice,0.01918
TUNE42PI_FES27,1623,7,interior,a_ice,0.00170
TUNE42PI_FES27,1623,8,interior,a_ice,0.00000
TUNE42PI_FES27,1623,9,interior,a_ice,0.00000
TUNE42PI_FES27,1623,10,interior,a_ice,0.00000
TUNE42PI_FES27,1623,11,interior,a_ice,0.00069
TUNE42PI_FES27,1623,12,interior,a_ice,0.01225
TUNE42PI_FES27,1623,1,labsea,MLD2,1340.28419
TUNE42PI_FES27,1623,2,labsea,MLD2,1362.40509
TUNE42PI_FES27,1623,3,labsea,MLD2,1326.43476
TUNE42PI_FES27,1623,4,labsea,MLD2,1117.31516
TUNE42PI_FES27,1623,5,labsea,MLD2,414.33430
TUNE42PI_FES27,1623,6,labsea,MLD2,18.80751
TUNE42PI_FES27,1623,7,labsea,MLD2,14.32414
TUNE42PI_FES27,1623,8,labsea,MLD2,15.70037
TUNE42PI_FES27,1623,9,labsea,MLD2,19.14258
TUNE42PI_FES27,1623,10,labsea,MLD2,33.28916
TUNE42PI_FES27,1623,11,labsea,MLD2,106.98245
TUNE42PI_FES27,1623,12,labsea,MLD2,923.24670
TUNE42PI_FES27,1623,1,interior,MLD2,2064.49376
TUNE42PI_FES27,1623,2,interior,MLD2,2040.86389
TUNE42PI_FES27,1623,3,interior,MLD2,1842.40993
TUNE42PI_FES27,1623,4,interior,MLD2,1505.35820
TUNE42PI_FES27,1623,5,interior,MLD2,679.87410
TUNE42PI_FES27,1623,6,interior,MLD2,23.09641
TUNE42PI_FES27,1623,7,interior,MLD2,17.07272
TUNE42PI_FES27,1623,8,interior,MLD2,18.84597
TUNE42PI_FES27,1623,9,interior,MLD2,22.31237
TUNE42PI_FES27,1623,10,interior,MLD2,36.91336
TUNE42PI_FES27,1623,11,interior,MLD2,180.75841
TUNE42PI_FES27,1623,12,interior,MLD2,1774.09589
TUNE42PI_FES27,1624,1,labsea,a_ice,0.20029
TUNE42PI_FES27,1624,2,labsea,a_ice,0.25757
TUNE42PI_FES27,1624,3,labsea,a_ice,0.29795
TUNE42PI_FES27,1624,4,labsea,a_ice,0.27911
TUNE42PI_FES27,1624,5,labsea,a_ice,0.17713
TUNE42PI_FES27,1624,6,labsea,a_ice,0.05199
TUNE42PI_FES27,1624,7,labsea,a_ice,0.01345
TUNE42PI_FES27,1624,8,labsea,a_ice,0.00002
TUNE42PI_FES27,1624,9,labsea,a_ice,0.00000
TUNE42PI_FES27,1624,10,labsea,a_ice,0.00069
TUNE42PI_FES27,1624,11,labsea,a_ice,0.04941
TUNE42PI_FES27,1624,12,labsea,a_ice,0.15319
TUNE42PI_FES27,1624,1,interior,a_ice,0.03010
TUNE42PI_FES27,1624,2,interior,a_ice,0.07997
TUNE42PI_FES27,1624,3,interior,a_ice,0.11430
TUNE42PI_FES27,1624,4,interior,a_ice,0.09769
TUNE42PI_FES27,1624,5,interior,a_ice,0.04333
TUNE42PI_FES27,1624,6,interior,a_ice,0.00090
TUNE42PI_FES27,1624,7,interior,a_ice,0.00000
TUNE42PI_FES27,1624,8,interior,a_ice,0.00000
TUNE42PI_FES27,1624,9,interior,a_ice,0.00000
TUNE42PI_FES27,1624,10,interior,a_ice,0.00000
TUNE42PI_FES27,1624,11,interior,a_ice,0.00025
TUNE42PI_FES27,1624,12,interior,a_ice,0.02042
TUNE42PI_FES27,1624,1,labsea,MLD2,1301.04968
TUNE42PI_FES27,1624,2,labsea,MLD2,1509.59480
TUNE42PI_FES27,1624,3,labsea,MLD2,1404.59752
TUNE42PI_FES27,1624,4,labsea,MLD2,1086.94382
TUNE42PI_FES27,1624,5,labsea,MLD2,330.61956
TUNE42PI_FES27,1624,6,labsea,MLD2,16.07712
TUNE42PI_FES27,1624,7,labsea,MLD2,14.22076
TUNE42PI_FES27,1624,8,labsea,MLD2,12.27488
TUNE42PI_FES27,1624,9,labsea,MLD2,18.64775
TUNE42PI_FES27,1624,10,labsea,MLD2,28.95940
TUNE42PI_FES27,1624,11,labsea,MLD2,74.13931
TUNE42PI_FES27,1624,12,labsea,MLD2,421.91490
TUNE42PI_FES27,1624,1,interior,MLD2,2227.80190
TUNE42PI_FES27,1624,2,interior,MLD2,2392.83758
TUNE42PI_FES27,1624,3,interior,MLD2,2151.03756
TUNE42PI_FES27,1624,4,interior,MLD2,1704.55677
TUNE42PI_FES27,1624,5,interior,MLD2,491.30290
TUNE42PI_FES27,1624,6,interior,MLD2,18.27065
TUNE42PI_FES27,1624,7,interior,MLD2,17.09672
TUNE42PI_FES27,1624,8,interior,MLD2,14.51932
TUNE42PI_FES27,1624,9,interior,MLD2,20.08581
TUNE42PI_FES27,1624,10,interior,MLD2,34.39865
TUNE42PI_FES27,1624,11,interior,MLD2,131.78417
TUNE42PI_FES27,1624,12,interior,MLD2,959.49328
TUNE42PI_FES27,1625,1,labsea,a_ice,0.19934
TUNE42PI_FES27,1625,2,labsea,a_ice,0.23457
TUNE42PI_FES27,1625,3,labsea,a_ice,0.25642
TUNE42PI_FES27,1625,4,labsea,a_ice,0.22200
TUNE42PI_FES27,1625,5,labsea,a_ice,0.12841
TUNE42PI_FES27,1625,6,labsea,a_ice,0.03526
TUNE42PI_FES27,1625,7,labsea,a_ice,0.00232
TUNE42PI_FES27,1625,8,labsea,a_ice,0.00000
TUNE42PI_FES27,1625,9,labsea,a_ice,0.00000
TUNE42PI_FES27,1625,10,labsea,a_ice,0.00001
TUNE42PI_FES27,1625,11,labsea,a_ice,0.01932
TUNE42PI_FES27,1625,12,labsea,a_ice,0.16856
TUNE42PI_FES27,1625,1,interior,a_ice,0.04739
TUNE42PI_FES27,1625,2,interior,a_ice,0.05572
TUNE42PI_FES27,1625,3,interior,a_ice,0.05742
TUNE42PI_FES27,1625,4,interior,a_ice,0.03790
TUNE42PI_FES27,1625,5,interior,a_ice,0.00848
TUNE42PI_FES27,1625,6,interior,a_ice,0.00003
TUNE42PI_FES27,1625,7,interior,a_ice,0.00000
TUNE42PI_FES27,1625,8,interior,a_ice,0.00000
TUNE42PI_FES27,1625,9,interior,a_ice,0.00000
TUNE42PI_FES27,1625,10,interior,a_ice,0.00000
TUNE42PI_FES27,1625,11,interior,a_ice,0.00004
TUNE42PI_FES27,1625,12,interior,a_ice,0.02838
TUNE42PI_FES27,1625,1,labsea,MLD2,1019.30936
TUNE42PI_FES27,1625,2,labsea,MLD2,1340.81651
TUNE42PI_FES27,1625,3,labsea,MLD2,1468.93241
TUNE42PI_FES27,1625,4,labsea,MLD2,1138.24811
TUNE42PI_FES27,1625,5,labsea,MLD2,68.22960
TUNE42PI_FES27,1625,6,labsea,MLD2,14.71331
TUNE42PI_FES27,1625,7,labsea,MLD2,14.93011
TUNE42PI_FES27,1625,8,labsea,MLD2,14.55718
TUNE42PI_FES27,1625,9,labsea,MLD2,20.12899
TUNE42PI_FES27,1625,10,labsea,MLD2,34.92044
TUNE42PI_FES27,1625,11,labsea,MLD2,68.21946
TUNE42PI_FES27,1625,12,labsea,MLD2,535.19678
TUNE42PI_FES27,1625,1,interior,MLD2,1981.67503
TUNE42PI_FES27,1625,2,interior,MLD2,2273.13444
TUNE42PI_FES27,1625,3,interior,MLD2,2379.63418
TUNE42PI_FES27,1625,4,interior,MLD2,1960.36472
TUNE42PI_FES27,1625,5,interior,MLD2,112.11957
TUNE42PI_FES27,1625,6,interior,MLD2,17.71422
TUNE42PI_FES27,1625,7,interior,MLD2,17.76991
TUNE42PI_FES27,1625,8,interior,MLD2,16.46346
TUNE42PI_FES27,1625,9,interior,MLD2,23.08840
TUNE42PI_FES27,1625,10,interior,MLD2,40.51824
TUNE42PI_FES27,1625,11,interior,MLD2,100.82009
TUNE42PI_FES27,1625,12,interior,MLD2,984.32457
TUNE42PI_FES27,1626,1,labsea,a_ice,0.27508
TUNE42PI_FES27,1626,2,labsea,a_ice,0.35546
TUNE42PI_FES27,1626,3,labsea,a_ice,0.41217
TUNE42PI_FES27,1626,4,labsea,a_ice,0.34106
TUNE42PI_FES27,1626,5,labsea,a_ice,0.27086
TUNE42PI_FES27,1626,6,labsea,a_ice,0.14850
TUNE42PI_FES27,1626,7,labsea,a_ice,0.03024
TUNE42PI_FES27,1626,8,labsea,a_ice,0.00087
TUNE42PI_FES27,1626,9,labsea,a_ice,0.00000
TUNE42PI_FES27,1626,10,labsea,a_ice,0.00292
TUNE42PI_FES27,1626,11,labsea,a_ice,0.03959
TUNE42PI_FES27,1626,12,labsea,a_ice,0.13192
TUNE42PI_FES27,1626,1,interior,a_ice,0.12815
TUNE42PI_FES27,1626,2,interior,a_ice,0.21179
TUNE42PI_FES27,1626,3,interior,a_ice,0.33325
TUNE42PI_FES27,1626,4,interior,a_ice,0.22705
TUNE42PI_FES27,1626,5,interior,a_ice,0.10546
TUNE42PI_FES27,1626,6,interior,a_ice,0.01894
TUNE42PI_FES27,1626,7,interior,a_ice,0.00392
TUNE42PI_FES27,1626,8,interior,a_ice,0.00000
TUNE42PI_FES27,1626,9,interior,a_ice,0.00000
TUNE42PI_FES27,1626,10,interior,a_ice,0.00000
TUNE42PI_FES27,1626,11,interior,a_ice,0.00000
TUNE42PI_FES27,1626,12,interior,a_ice,0.00538
TUNE42PI_FES27,1626,1,labsea,MLD2,1362.82510
TUNE42PI_FES27,1626,2,labsea,MLD2,1386.20926
TUNE42PI_FES27,1626,3,labsea,MLD2,1093.90899
TUNE42PI_FES27,1626,4,labsea,MLD2,858.40443
TUNE42PI_FES27,1626,5,labsea,MLD2,450.67169
TUNE42PI_FES27,1626,6,labsea,MLD2,17.33543
TUNE42PI_FES27,1626,7,labsea,MLD2,12.43045
TUNE42PI_FES27,1626,8,labsea,MLD2,14.26398
TUNE42PI_FES27,1626,9,labsea,MLD2,17.12009
TUNE42PI_FES27,1626,10,labsea,MLD2,29.44676
TUNE42PI_FES27,1626,11,labsea,MLD2,69.99584
TUNE42PI_FES27,1626,12,labsea,MLD2,477.67085
TUNE42PI_FES27,1626,1,interior,MLD2,2131.07549
TUNE42PI_FES27,1626,2,interior,MLD2,2033.30703
TUNE42PI_FES27,1626,3,interior,MLD2,1342.18521
TUNE42PI_FES27,1626,4,interior,MLD2,894.53176
TUNE42PI_FES27,1626,5,interior,MLD2,425.90761
TUNE42PI_FES27,1626,6,interior,MLD2,19.41370
TUNE42PI_FES27,1626,7,interior,MLD2,13.44455
TUNE42PI_FES27,1626,8,interior,MLD2,16.22665
TUNE42PI_FES27,1626,9,interior,MLD2,18.62103
TUNE42PI_FES27,1626,10,interior,MLD2,33.24528
TUNE42PI_FES27,1626,11,interior,MLD2,92.50038
TUNE42PI_FES27,1626,12,interior,MLD2,952.43784
TUNE42PI_FES27,1627,1,labsea,a_ice,0.25840
TUNE42PI_FES27,1627,2,labsea,a_ice,0.38942
TUNE42PI_FES27,1627,3,labsea,a_ice,0.39036
TUNE42PI_FES27,1627,4,labsea,a_ice,0.35571
TUNE42PI_FES27,1627,5,labsea,a_ice,0.28311
TUNE42PI_FES27,1627,6,labsea,a_ice,0.16374
TUNE42PI_FES27,1627,7,labsea,a_ice,0.03551
TUNE42PI_FES27,1627,8,labsea,a_ice,0.00107
TUNE42PI_FES27,1627,9,labsea,a_ice,0.00000
TUNE42PI_FES27,1627,10,labsea,a_ice,0.00001
TUNE42PI_FES27,1627,11,labsea,a_ice,0.05157
TUNE42PI_FES27,1627,12,labsea,a_ice,0.23532
TUNE42PI_FES27,1627,1,interior,a_ice,0.07092
TUNE42PI_FES27,1627,2,interior,a_ice,0.25285
TUNE42PI_FES27,1627,3,interior,a_ice,0.32533
TUNE42PI_FES27,1627,4,interior,a_ice,0.26559
TUNE42PI_FES27,1627,5,interior,a_ice,0.09964
TUNE42PI_FES27,1627,6,interior,a_ice,0.01692
TUNE42PI_FES27,1627,7,interior,a_ice,0.00227
TUNE42PI_FES27,1627,8,interior,a_ice,0.00000
TUNE42PI_FES27,1627,9,interior,a_ice,0.00000
TUNE42PI_FES27,1627,10,interior,a_ice,0.00000
TUNE42PI_FES27,1627,11,interior,a_ice,0.00885
TUNE42PI_FES27,1627,12,interior,a_ice,0.07905
TUNE42PI_FES27,1627,1,labsea,MLD2,1024.86415
TUNE42PI_FES27,1627,2,labsea,MLD2,1225.52609
TUNE42PI_FES27,1627,3,labsea,MLD2,1188.78176
TUNE42PI_FES27,1627,4,labsea,MLD2,1034.81881
TUNE42PI_FES27,1627,5,labsea,MLD2,605.97304
TUNE42PI_FES27,1627,6,labsea,MLD2,31.67245
TUNE42PI_FES27,1627,7,labsea,MLD2,15.22812
TUNE42PI_FES27,1627,8,labsea,MLD2,14.65204
TUNE42PI_FES27,1627,9,labsea,MLD2,19.76976
TUNE42PI_FES27,1627,10,labsea,MLD2,31.24392
TUNE42PI_FES27,1627,11,labsea,MLD2,76.30401
TUNE42PI_FES27,1627,12,labsea,MLD2,836.08300
TUNE42PI_FES27,1627,1,interior,MLD2,1980.79583
TUNE42PI_FES27,1627,2,interior,MLD2,1763.66452
TUNE42PI_FES27,1627,3,interior,MLD2,1402.64143
TUNE42PI_FES27,1627,4,interior,MLD2,1135.54463
TUNE42PI_FES27,1627,5,interior,MLD2,623.64181
TUNE42PI_FES27,1627,6,interior,MLD2,32.62195
TUNE42PI_FES27,1627,7,interior,MLD2,17.95024
TUNE42PI_FES27,1627,8,interior,MLD2,17.16600
TUNE42PI_FES27,1627,9,interior,MLD2,21.34329
TUNE42PI_FES27,1627,10,interior,MLD2,33.30729
TUNE42PI_FES27,1627,11,interior,MLD2,127.44976
TUNE42PI_FES27,1627,12,interior,MLD2,1519.41883
TUNE42PI_FES27,1628,1,labsea,a_ice,0.23993
TUNE42PI_FES27,1628,2,labsea,a_ice,0.24134
TUNE42PI_FES27,1628,3,labsea,a_ice,0.26046
TUNE42PI_FES27,1628,4,labsea,a_ice,0.26754
TUNE42PI_FES27,1628,5,labsea,a_ice,0.24551
TUNE42PI_FES27,1628,6,labsea,a_ice,0.15028
TUNE42PI_FES27,1628,7,labsea,a_ice,0.02554
TUNE42PI_FES27,1628,8,labsea,a_ice,0.00040
TUNE42PI_FES27,1628,9,labsea,a_ice,0.00000
TUNE42PI_FES27,1628,10,labsea,a_ice,0.00036
TUNE42PI_FES27,1628,11,labsea,a_ice,0.01589
TUNE42PI_FES27,1628,12,labsea,a_ice,0.14252
TUNE42PI_FES27,1628,1,interior,a_ice,0.06116
TUNE42PI_FES27,1628,2,interior,a_ice,0.07349
TUNE42PI_FES27,1628,3,interior,a_ice,0.07360
TUNE42PI_FES27,1628,4,interior,a_ice,0.09710
TUNE42PI_FES27,1628,5,interior,a_ice,0.09432
TUNE42PI_FES27,1628,6,interior,a_ice,0.06300
TUNE42PI_FES27,1628,7,interior,a_ice,0.00394
TUNE42PI_FES27,1628,8,interior,a_ice,0.00000
TUNE42PI_FES27,1628,9,interior,a_ice,0.00000
TUNE42PI_FES27,1628,10,interior,a_ice,0.00000
TUNE42PI_FES27,1628,11,interior,a_ice,0.00022
TUNE42PI_FES27,1628,12,interior,a_ice,0.03108
TUNE42PI_FES27,1628,1,labsea,MLD2,1348.76443
TUNE42PI_FES27,1628,2,labsea,MLD2,1421.18370
TUNE42PI_FES27,1628,3,labsea,MLD2,1406.55495
TUNE42PI_FES27,1628,4,labsea,MLD2,1327.47076
TUNE42PI_FES27,1628,5,labsea,MLD2,1158.07315
TUNE42PI_FES27,1628,6,labsea,MLD2,64.70317
TUNE42PI_FES27,1628,7,labsea,MLD2,17.85381
TUNE42PI_FES27,1628,8,labsea,MLD2,18.55580
TUNE42PI_FES27,1628,9,labsea,MLD2,26.01819
TUNE42PI_FES27,1628,10,labsea,MLD2,35.36666
TUNE42PI_FES27,1628,11,labsea,MLD2,145.94218
TUNE42PI_FES27,1628,12,labsea,MLD2,976.90583
TUNE42PI_FES27,1628,1,interior,MLD2,2099.64967
TUNE42PI_FES27,1628,2,interior,MLD2,2082.50221
TUNE42PI_FES27,1628,3,interior,MLD2,1969.89285
TUNE42PI_FES27,1628,4,interior,MLD2,1801.60434
TUNE42PI_FES27,1628,5,interior,MLD2,1630.77518
TUNE42PI_FES27,1628,6,interior,MLD2,143.54496
TUNE42PI_FES27,1628,7,interior,MLD2,22.45518
TUNE42PI_FES27,1628,8,interior,MLD2,21.83844
TUNE42PI_FES27,1628,9,interior,MLD2,28.91968
TUNE42PI_FES27,1628,10,interior,MLD2,38.20757
TUNE42PI_FES27,1628,11,interior,MLD2,338.85677
TUNE42PI_FES27,1628,12,interior,MLD2,1775.00247
TUNE42PI_FES27,1629,1,labsea,a_ice,0.21585
TUNE42PI_FES27,1629,2,labsea,a_ice,0.22536
TUNE42PI_FES27,1629,3,labsea,a_ice,0.21277
TUNE42PI_FES27,1629,4,labsea,a_ice,0.21184
TUNE42PI_FES27,1629,5,labsea,a_ice,0.13173
TUNE42PI_FES27,1629,6,labsea,a_ice,0.05088
TUNE42PI_FES27,1629,7,labsea,a_ice,0.00956
TUNE42PI_FES27,1629,8,labsea,a_ice,0.00053
TUNE42PI_FES27,1629,9,labsea,a_ice,0.00025
TUNE42PI_FES27,1629,10,labsea,a_ice,0.00950
TUNE42PI_FES27,1629,11,labsea,a_ice,0.06416
TUNE42PI_FES27,1629,12,labsea,a_ice,0.21071
TUNE42PI_FES27,1629,1,interior,a_ice,0.04281
TUNE42PI_FES27,1629,2,interior,a_ice,0.07479
TUNE42PI_FES27,1629,3,interior,a_ice,0.06720
TUNE42PI_FES27,1629,4,interior,a_ice,0.04316
TUNE42PI_FES27,1629,5,interior,a_ice,0.02277
TUNE42PI_FES27,1629,6,interior,a_ice,0.00014
TUNE42PI_FES27,1629,7,interior,a_ice,0.00000
TUNE42PI_FES27,1629,8,interior,a_ice,0.00000
TUNE42PI_FES27,1629,9,interior,a_ice,0.00000
TUNE42PI_FES27,1629,10,interior,a_ice,0.00000
TUNE42PI_FES27,1629,11,interior,a_ice,0.00084
TUNE42PI_FES27,1629,12,interior,a_ice,0.06591
TUNE42PI_FES27,1629,1,labsea,MLD2,1449.69606
TUNE42PI_FES27,1629,2,labsea,MLD2,1573.50984
TUNE42PI_FES27,1629,3,labsea,MLD2,1490.09621
TUNE42PI_FES27,1629,4,labsea,MLD2,1380.08791
TUNE42PI_FES27,1629,5,labsea,MLD2,495.17285
TUNE42PI_FES27,1629,6,labsea,MLD2,24.44418
TUNE42PI_FES27,1629,7,labsea,MLD2,18.79483
TUNE42PI_FES27,1629,8,labsea,MLD2,19.17917
TUNE42PI_FES27,1629,9,labsea,MLD2,21.91309
TUNE42PI_FES27,1629,10,labsea,MLD2,31.08374
TUNE42PI_FES27,1629,11,labsea,MLD2,70.45811
TUNE42PI_FES27,1629,12,labsea,MLD2,846.40018
TUNE42PI_FES27,1629,1,interior,MLD2,2257.42871
TUNE42PI_FES27,1629,2,interior,MLD2,2334.46485
TUNE42PI_FES27,1629,3,interior,MLD2,2294.51228
TUNE42PI_FES27,1629,4,interior,MLD2,2147.17701
TUNE42PI_FES27,1629,5,interior,MLD2,909.81647
TUNE42PI_FES27,1629,6,interior,MLD2,34.27293
TUNE42PI_FES27,1629,7,interior,MLD2,22.07740
TUNE42PI_FES27,1629,8,interior,MLD2,23.54348
TUNE42PI_FES27,1629,9,interior,MLD2,24.05595
TUNE42PI_FES27,1629,10,interior,MLD2,31.19208
TUNE42PI_FES27,1629,11,interior,MLD2,79.29265
TUNE42PI_FES27,1629,12,interior,MLD2,1084.45831
TUNE42PI_FES27,1630,1,labsea,a_ice,0.28195
TUNE42PI_FES27,1630,2,labsea,a_ice,0.31821
TUNE42PI_FES27,1630,3,labsea,a_ice,0.32800
TUNE42PI_FES27,1630,4,labsea,a_ice,0.36180
TUNE42PI_FES27,1630,5,labsea,a_ice,0.30555
TUNE42PI_FES27,1630,6,labsea,a_ice,0.10867
TUNE42PI_FES27,1630,7,labsea,a_ice,0.00274
TUNE42PI_FES27,1630,8,labsea,a_ice,0.00000
TUNE42PI_FES27,1630,9,labsea,a_ice,0.00000
TUNE42PI_FES27,1630,10,labsea,a_ice,0.00004
TUNE42PI_FES27,1630,11,labsea,a_ice,0.03799
TUNE42PI_FES27,1630,12,labsea,a_ice,0.23146
TUNE42PI_FES27,1630,1,interior,a_ice,0.09880
TUNE42PI_FES27,1630,2,interior,a_ice,0.12924
TUNE42PI_FES27,1630,3,interior,a_ice,0.12824
TUNE42PI_FES27,1630,4,interior,a_ice,0.22096
TUNE42PI_FES27,1630,5,interior,a_ice,0.17431
TUNE42PI_FES27,1630,6,interior,a_ice,0.04171
TUNE42PI_FES27,1630,7,interior,a_ice,0.00019
TUNE42PI_FES27,1630,8,interior,a_ice,0.00000
TUNE42PI_FES27,1630,9,interior,a_ice,0.00000
TUNE42PI_FES27,1630,10,interior,a_ice,0.00000
TUNE42PI_FES27,1630,11,interior,a_ice,0.00945
TUNE42PI_FES27,1630,12,interior,a_ice,0.07353
TUNE42PI_FES27,1630,1,labsea,MLD2,1428.23933
TUNE42PI_FES27,1630,2,labsea,MLD2,1462.18062
TUNE42PI_FES27,1630,3,labsea,MLD2,1340.77426
TUNE42PI_FES27,1630,4,labsea,MLD2,1086.07875
TUNE42PI_FES27,1630,5,labsea,MLD2,445.22657
TUNE42PI_FES27,1630,6,labsea,MLD2,11.32437
TUNE42PI_FES27,1630,7,labsea,MLD2,12.07012
TUNE42PI_FES27,1630,8,labsea,MLD2,13.37124
TUNE42PI_FES27,1630,9,labsea,MLD2,19.31464
TUNE42PI_FES27,1630,10,labsea,MLD2,31.57073
TUNE42PI_FES27,1630,11,labsea,MLD2,84.46254
TUNE42PI_FES27,1630,12,labsea,MLD2,712.37257
TUNE42PI_FES27,1630,1,interior,MLD2,2154.80006
TUNE42PI_FES27,1630,2,interior,MLD2,2185.71736
TUNE42PI_FES27,1630,3,interior,MLD2,1908.80561
TUNE42PI_FES27,1630,4,interior,MLD2,1232.64748
TUNE42PI_FES27,1630,5,interior,MLD2,547.12378
TUNE42PI_FES27,1630,6,interior,MLD2,12.75585
TUNE42PI_FES27,1630,7,interior,MLD2,13.74028
TUNE42PI_FES27,1630,8,interior,MLD2,15.49388
TUNE42PI_FES27,1630,9,interior,MLD2,21.76872
TUNE42PI_FES27,1630,10,interior,MLD2,38.11932
TUNE42PI_FES27,1630,11,interior,MLD2,164.22834
TUNE42PI_FES27,1630,12,interior,MLD2,1469.47331
TUNE42PI_FES27,1631,1,labsea,a_ice,0.27568
TUNE42PI_FES27,1631,2,labsea,a_ice,0.30524
TUNE42PI_FES27,1631,3,labsea,a_ice,0.37764
TUNE42PI_FES27,1631,4,labsea,a_ice,0.42028
TUNE42PI_FES27,1631,5,labsea,a_ice,0.34699
TUNE42PI_FES27,1631,6,labsea,a_ice,0.18053
TUNE42PI_FES27,1631,7,labsea,a_ice,0.02812
TUNE42PI_FES27,1631,8,labsea,a_ice,0.00000
TUNE42PI_FES27,1631,9,labsea,a_ice,0.00000
TUNE42PI_FES27,1631,10,labsea,a_ice,0.00040
TUNE42PI_FES27,1631,11,labsea,a_ice,0.04510
TUNE42PI_FES27,1631,12,labsea,a_ice,0.17138
TUNE42PI_FES27,1631,1,interior,a_ice,0.07305
TUNE42PI_FES27,1631,2,interior,a_ice,0.10796
TUNE42PI_FES27,1631,3,interior,a_ice,0.15221
TUNE42PI_FES27,1631,4,interior,a_ice,0.34323
TUNE42PI_FES27,1631,5,interior,a_ice,0.26143
TUNE42PI_FES27,1631,6,interior,a_ice,0.05042
TUNE42PI_FES27,1631,7,interior,a_ice,0.00401
TUNE42PI_FES27,1631,8,interior,a_ice,0.00000
TUNE42PI_FES27,1631,9,interior,a_ice,0.00000
TUNE42PI_FES27,1631,10,interior,a_ice,0.00000
TUNE42PI_FES27,1631,11,interior,a_ice,0.00061
TUNE42PI_FES27,1631,12,interior,a_ice,0.02639
TUNE42PI_FES27,1631,1,labsea,MLD2,1229.02949
TUNE42PI_FES27,1631,2,labsea,MLD2,1166.74716
TUNE42PI_FES27,1631,3,labsea,MLD2,1142.44220
TUNE42PI_FES27,1631,4,labsea,MLD2,948.12426
TUNE42PI_FES27,1631,5,labsea,MLD2,386.10902
TUNE42PI_FES27,1631,6,labsea,MLD2,23.20353
TUNE42PI_FES27,1631,7,labsea,MLD2,12.85208
TUNE42PI_FES27,1631,8,labsea,MLD2,14.02904
TUNE42PI_FES27,1631,9,labsea,MLD2,22.14326
TUNE42PI_FES27,1631,10,labsea,MLD2,30.64749
TUNE42PI_FES27,1631,11,labsea,MLD2,80.26101
TUNE42PI_FES27,1631,12,labsea,MLD2,608.72103
TUNE42PI_FES27,1631,1,interior,MLD2,2140.43914
TUNE42PI_FES27,1631,2,interior,MLD2,1969.88632
TUNE42PI_FES27,1631,3,interior,MLD2,1919.76179
TUNE42PI_FES27,1631,4,interior,MLD2,1129.34895
TUNE42PI_FES27,1631,5,interior,MLD2,598.37789
TUNE42PI_FES27,1631,6,interior,MLD2,31.94333
TUNE42PI_FES27,1631,7,interior,MLD2,14.10143
TUNE42PI_FES27,1631,8,interior,MLD2,16.48470
TUNE42PI_FES27,1631,9,interior,MLD2,26.46716
TUNE42PI_FES27,1631,10,interior,MLD2,38.90084
TUNE42PI_FES27,1631,11,interior,MLD2,141.63435
TUNE42PI_FES27,1631,12,interior,MLD2,1308.77703
TUNE42PI_FES27,1632,1,labsea,a_ice,0.30513
TUNE42PI_FES27,1632,2,labsea,a_ice,0.33787
TUNE42PI_FES27,1632,3,labsea,a_ice,0.34582
TUNE42PI_FES27,1632,4,labsea,a_ice,0.41984
TUNE42PI_FES27,1632,5,labsea,a_ice,0.34013
TUNE42PI_FES27,1632,6,labsea,a_ice,0.17315
TUNE42PI_FES27,1632,7,labsea,a_ice,0.03510
TUNE42PI_FES27,1632,8,labsea,a_ice,0.00080
TUNE42PI_FES27,1632,9,labsea,a_ice,0.00000
TUNE42PI_FES27,1632,10,labsea,a_ice,0.00045
TUNE42PI_FES27,1632,11,labsea,a_ice,0.02024
TUNE42PI_FES27,1632,12,labsea,a_ice,0.11304
TUNE42PI_FES27,1632,1,interior,a_ice,0.13169
TUNE42PI_FES27,1632,2,interior,a_ice,0.16023
TUNE42PI_FES27,1632,3,interior,a_ice,0.20808
TUNE42PI_FES27,1632,4,interior,a_ice,0.41838
TUNE42PI_FES27,1632,5,interior,a_ice,0.19893
TUNE42PI_FES27,1632,6,interior,a_ice,0.05118
TUNE42PI_FES27,1632,7,interior,a_ice,0.00221
TUNE42PI_FES27,1632,8,interior,a_ice,0.00000
TUNE42PI_FES27,1632,9,interior,a_ice,0.00000
TUNE42PI_FES27,1632,10,interior,a_ice,0.00000
TUNE42PI_FES27,1632,11,interior,a_ice,0.00116
TUNE42PI_FES27,1632,12,interior,a_ice,0.03202
TUNE42PI_FES27,1632,1,labsea,MLD2,1184.13388
TUNE42PI_FES27,1632,2,labsea,MLD2,1357.24212
TUNE42PI_FES27,1632,3,labsea,MLD2,1294.72024
TUNE42PI_FES27,1632,4,labsea,MLD2,1006.35714
TUNE42PI_FES27,1632,5,labsea,MLD2,542.78306
TUNE42PI_FES27,1632,6,labsea,MLD2,18.99935
TUNE42PI_FES27,1632,7,labsea,MLD2,14.35808
TUNE42PI_FES27,1632,8,labsea,MLD2,15.73650
TUNE42PI_FES27,1632,9,labsea,MLD2,24.37547
TUNE42PI_FES27,1632,10,labsea,MLD2,31.53056
TUNE42PI_FES27,1632,11,labsea,MLD2,57.43983
TUNE42PI_FES27,1632,12,labsea,MLD2,348.36060
TUNE42PI_FES27,1632,1,interior,MLD2,2076.06435
TUNE42PI_FES27,1632,2,interior,MLD2,2019.86313
TUNE42PI_FES27,1632,3,interior,MLD2,1757.95786
TUNE42PI_FES27,1632,4,interior,MLD2,1066.07921
TUNE42PI_FES27,1632,5,interior,MLD2,854.43355
TUNE42PI_FES27,1632,6,interior,MLD2,24.18726
TUNE42PI_FES27,1632,7,interior,MLD2,16.48029
TUNE42PI_FES27,1632,8,interior,MLD2,17.85658
TUNE42PI_FES27,1632,9,interior,MLD2,26.91926
TUNE42PI_FES27,1632,10,interior,MLD2,33.19653
TUNE42PI_FES27,1632,11,interior,MLD2,73.22797
TUNE42PI_FES27,1632,12,interior,MLD2,657.58078
TUNE42PI_FES27,1633,1,labsea,a_ice,0.20918
TUNE42PI_FES27,1633,2,labsea,a_ice,0.26973
TUNE42PI_FES27,1633,3,labsea,a_ice,0.28370
TUNE42PI_FES27,1633,4,labsea,a_ice,0.31922
TUNE42PI_FES27,1633,5,labsea,a_ice,0.26875
TUNE42PI_FES27,1633,6,labsea,a_ice,0.12218
TUNE42PI_FES27,1633,7,labsea,a_ice,0.01767
TUNE42PI_FES27,1633,8,labsea,a_ice,0.00000
TUNE42PI_FES27,1633,9,labsea,a_ice,0.00000
TUNE42PI_FES27,1633,10,labsea,a_ice,0.00005
TUNE42PI_FES27,1633,11,labsea,a_ice,0.01349
TUNE42PI_FES27,1633,12,labsea,a_ice,0.07602
TUNE42PI_FES27,1633,1,interior,a_ice,0.04803
TUNE42PI_FES27,1633,2,interior,a_ice,0.05682
TUNE42PI_FES27,1633,3,interior,a_ice,0.11620
TUNE42PI_FES27,1633,4,interior,a_ice,0.28157
TUNE42PI_FES27,1633,5,interior,a_ice,0.15076
TUNE42PI_FES27,1633,6,interior,a_ice,0.03380
TUNE42PI_FES27,1633,7,interior,a_ice,0.00022
TUNE42PI_FES27,1633,8,interior,a_ice,0.00000
TUNE42PI_FES27,1633,9,interior,a_ice,0.00000
TUNE42PI_FES27,1633,10,interior,a_ice,0.00000
TUNE42PI_FES27,1633,11,interior,a_ice,0.00000
TUNE42PI_FES27,1633,12,interior,a_ice,0.00450
TUNE42PI_FES27,1633,1,labsea,MLD2,923.66532
TUNE42PI_FES27,1633,2,labsea,MLD2,1186.21854
TUNE42PI_FES27,1633,3,labsea,MLD2,1257.21006
TUNE42PI_FES27,1633,4,labsea,MLD2,922.75607
TUNE42PI_FES27,1633,5,labsea,MLD2,364.56268
TUNE42PI_FES27,1633,6,labsea,MLD2,17.89559
TUNE42PI_FES27,1633,7,labsea,MLD2,12.64780
TUNE42PI_FES27,1633,8,labsea,MLD2,14.90781
TUNE42PI_FES27,1633,9,labsea,MLD2,20.09446
TUNE42PI_FES27,1633,10,labsea,MLD2,34.39730
TUNE42PI_FES27,1633,11,labsea,MLD2,67.84979
TUNE42PI_FES27,1633,12,labsea,MLD2,268.73164
TUNE42PI_FES27,1633,1,interior,MLD2,1586.62837
TUNE42PI_FES27,1633,2,interior,MLD2,1933.90780
TUNE42PI_FES27,1633,3,interior,MLD2,1771.07687
TUNE42PI_FES27,1633,4,interior,MLD2,875.61692
TUNE42PI_FES27,1633,5,interior,MLD2,342.51112
TUNE42PI_FES27,1633,6,interior,MLD2,17.21562
TUNE42PI_FES27,1633,7,interior,MLD2,14.74753
TUNE42PI_FES27,1633,8,interior,MLD2,17.59586
TUNE42PI_FES27,1633,9,interior,MLD2,22.71024
TUNE42PI_FES27,1633,10,interior,MLD2,41.94105
TUNE42PI_FES27,1633,11,interior,MLD2,115.67000
TUNE42PI_FES27,1633,12,interior,MLD2,633.35178
TUNE42PI_FES27,1634,1,labsea,a_ice,0.19299
TUNE42PI_FES27,1634,2,labsea,a_ice,0.19842
TUNE42PI_FES27,1634,3,labsea,a_ice,0.23977
TUNE42PI_FES27,1634,4,labsea,a_ice,0.29037
TUNE42PI_FES27,1634,5,labsea,a_ice,0.24268
TUNE42PI_FES27,1634,6,labsea,a_ice,0.12999
TUNE42PI_FES27,1634,7,labsea,a_ice,0.01639
TUNE42PI_FES27,1634,8,labsea,a_ice,0.00002
TUNE42PI_FES27,1634,9,labsea,a_ice,0.00000
TUNE42PI_FES27,1634,10,labsea,a_ice,0.00007
TUNE42PI_FES27,1634,11,labsea,a_ice,0.03955
TUNE42PI_FES27,1634,12,labsea,a_ice,0.18893
TUNE42PI_FES27,1634,1,interior,a_ice,0.03503
TUNE42PI_FES27,1634,2,interior,a_ice,0.01919
TUNE42PI_FES27,1634,3,interior,a_ice,0.04851
TUNE42PI_FES27,1634,4,interior,a_ice,0.07932
TUNE42PI_FES27,1634,5,interior,a_ice,0.05675
TUNE42PI_FES27,1634,6,interior,a_ice,0.03843
TUNE42PI_FES27,1634,7,interior,a_ice,0.00019
TUNE42PI_FES27,1634,8,interior,a_ice,0.00000
TUNE42PI_FES27,1634,9,interior,a_ice,0.00000
TUNE42PI_FES27,1634,10,interior,a_ice,0.00000
TUNE42PI_FES27,1634,11,interior,a_ice,0.00071
TUNE42PI_FES27,1634,12,interior,a_ice,0.05046
TUNE42PI_FES27,1634,1,labsea,MLD2,754.11416
TUNE42PI_FES27,1634,2,labsea,MLD2,986.24397
TUNE42PI_FES27,1634,3,labsea,MLD2,1169.19555
TUNE42PI_FES27,1634,4,labsea,MLD2,1055.61831
TUNE42PI_FES27,1634,5,labsea,MLD2,385.54655
TUNE42PI_FES27,1634,6,labsea,MLD2,20.54173
TUNE42PI_FES27,1634,7,labsea,MLD2,11.60321
TUNE42PI_FES27,1634,8,labsea,MLD2,14.98006
TUNE42PI_FES27,1634,9,labsea,MLD2,21.65715
TUNE42PI_FES27,1634,10,labsea,MLD2,33.51564
TUNE42PI_FES27,1634,11,labsea,MLD2,210.37927
TUNE42PI_FES27,1634,12,labsea,MLD2,920.27128
TUNE42PI_FES27,1634,1,interior,MLD2,1605.32563
TUNE42PI_FES27,1634,2,interior,MLD2,1877.39470
TUNE42PI_FES27,1634,3,interior,MLD2,1970.99693
TUNE42PI_FES27,1634,4,interior,MLD2,1790.11831
TUNE42PI_FES27,1634,5,interior,MLD2,700.55309
TUNE42PI_FES27,1634,6,interior,MLD2,26.62878
TUNE42PI_FES27,1634,7,interior,MLD2,12.90359
TUNE42PI_FES27,1634,8,interior,MLD2,17.06323
TUNE42PI_FES27,1634,9,interior,MLD2,23.88195
TUNE42PI_FES27,1634,10,interior,MLD2,38.57896
TUNE42PI_FES27,1634,11,interior,MLD2,371.63873
TUNE42PI_FES27,1634,12,interior,MLD2,1534.00263
TUNE42PI_FES27,1635,1,labsea,a_ice,0.27322
TUNE42PI_FES27,1635,2,labsea,a_ice,0.34012
TUNE42PI_FES27,1635,3,labsea,a_ice,0.35490
TUNE42PI_FES27,1635,4,labsea,a_ice,0.44908
TUNE42PI_FES27,1635,5,labsea,a_ice,0.42791
TUNE42PI_FES27,1635,6,labsea,a_ice,0.17371
TUNE42PI_FES27,1635,7,labsea,a_ice,0.02507
TUNE42PI_FES27,1635,8,labsea,a_ice,0.00113
TUNE42PI_FES27,1635,9,labsea,a_ice,0.00000
TUNE42PI_FES27,1635,10,labsea,a_ice,0.00341
TUNE42PI_FES27,1635,11,labsea,a_ice,0.06227
TUNE42PI_FES27,1635,12,labsea,a_ice,0.24805
TUNE42PI_FES27,1635,1,interior,a_ice,0.08060
TUNE42PI_FES27,1635,2,interior,a_ice,0.13892
TUNE42PI_FES27,1635,3,interior,a_ice,0.17040
TUNE42PI_FES27,1635,4,interior,a_ice,0.41352
TUNE42PI_FES27,1635,5,interior,a_ice,0.35660
TUNE42PI_FES27,1635,6,interior,a_ice,0.07726
TUNE42PI_FES27,1635,7,interior,a_ice,0.00000
TUNE42PI_FES27,1635,8,interior,a_ice,0.00000
TUNE42PI_FES27,1635,9,interior,a_ice,0.00000
TUNE42PI_FES27,1635,10,interior,a_ice,0.00000
TUNE42PI_FES27,1635,11,interior,a_ice,0.00346
TUNE42PI_FES27,1635,12,interior,a_ice,0.06043
TUNE42PI_FES27,1635,1,labsea,MLD2,1214.06135
TUNE42PI_FES27,1635,2,labsea,MLD2,1251.07437
TUNE42PI_FES27,1635,3,labsea,MLD2,1184.20516
TUNE42PI_FES27,1635,4,labsea,MLD2,870.18312
TUNE42PI_FES27,1635,5,labsea,MLD2,517.82261
TUNE42PI_FES27,1635,6,labsea,MLD2,13.88969
TUNE42PI_FES27,1635,7,labsea,MLD2,14.20974
TUNE42PI_FES27,1635,8,labsea,MLD2,14.66450
TUNE42PI_FES27,1635,9,labsea,MLD2,20.26336
TUNE42PI_FES27,1635,10,labsea,MLD2,33.51143
TUNE42PI_FES27,1635,11,labsea,MLD2,130.34858
TUNE42PI_FES27,1635,12,labsea,MLD2,835.86182
TUNE42PI_FES27,1635,1,interior,MLD2,2099.59833
TUNE42PI_FES27,1635,2,interior,MLD2,2076.18763
TUNE42PI_FES27,1635,3,interior,MLD2,1921.07844
TUNE42PI_FES27,1635,4,interior,MLD2,1065.45140
TUNE42PI_FES27,1635,5,interior,MLD2,535.00234
TUNE42PI_FES27,1635,6,interior,MLD2,14.27650
TUNE42PI_FES27,1635,7,interior,MLD2,15.39129
TUNE42PI_FES27,1635,8,interior,MLD2,15.34331
TUNE42PI_FES27,1635,9,interior,MLD2,20.56153
TUNE42PI_FES27,1635,10,interior,MLD2,36.03285
TUNE42PI_FES27,1635,11,interior,MLD2,264.39243
TUNE42PI_FES27,1635,12,interior,MLD2,1718.67083
TUNE42PI_FES27,1636,1,labsea,a_ice,0.33999
TUNE42PI_FES27,1636,2,labsea,a_ice,0.32076
TUNE42PI_FES27,1636,3,labsea,a_ice,0.33179
TUNE42PI_FES27,1636,4,labsea,a_ice,0.31655
TUNE42PI_FES27,1636,5,labsea,a_ice,0.23069
TUNE42PI_FES27,1636,6,labsea,a_ice,0.09064
TUNE42PI_FES27,1636,7,labsea,a_ice,0.03261
TUNE42PI_FES27,1636,8,labsea,a_ice,0.00498
TUNE42PI_FES27,1636,9,labsea,a_ice,0.00000
TUNE42PI_FES27,1636,10,labsea,a_ice,0.00189
TUNE42PI_FES27,1636,11,labsea,a_ice,0.05629
TUNE42PI_FES27,1636,12,labsea,a_ice,0.15227
TUNE42PI_FES27,1636,1,interior,a_ice,0.13462
TUNE42PI_FES27,1636,2,interior,a_ice,0.18518
TUNE42PI_FES27,1636,3,interior,a_ice,0.19169
TUNE42PI_FES27,1636,4,interior,a_ice,0.10450
TUNE42PI_FES27,1636,5,interior,a_ice,0.06571
TUNE42PI_FES27,1636,6,interior,a_ice,0.02530
TUNE42PI_FES27,1636,7,interior,a_ice,0.00001
TUNE42PI_FES27,1636,8,interior,a_ice,0.00000
TUNE42PI_FES27,1636,9,interior,a_ice,0.00000
TUNE42PI_FES27,1636,10,interior,a_ice,0.00000
TUNE42PI_FES27,1636,11,interior,a_ice,0.00016
TUNE42PI_FES27,1636,12,interior,a_ice,0.03432
TUNE42PI_FES27,1636,1,labsea,MLD2,1169.57514
TUNE42PI_FES27,1636,2,labsea,MLD2,1264.40232
TUNE42PI_FES27,1636,3,labsea,MLD2,1184.19461
TUNE42PI_FES27,1636,4,labsea,MLD2,1082.28982
TUNE42PI_FES27,1636,5,labsea,MLD2,366.23239
TUNE42PI_FES27,1636,6,labsea,MLD2,17.63900
TUNE42PI_FES27,1636,7,labsea,MLD2,13.46313
TUNE42PI_FES27,1636,8,labsea,MLD2,15.78559
TUNE42PI_FES27,1636,9,labsea,MLD2,21.54499
TUNE42PI_FES27,1636,10,labsea,MLD2,34.06874
TUNE42PI_FES27,1636,11,labsea,MLD2,97.32078
TUNE42PI_FES27,1636,12,labsea,MLD2,493.05035
TUNE42PI_FES27,1636,1,interior,MLD2,2017.66124
TUNE42PI_FES27,1636,2,interior,MLD2,1922.58465
TUNE42PI_FES27,1636,3,interior,MLD2,1759.40227
TUNE42PI_FES27,1636,4,interior,MLD2,1779.26801
TUNE42PI_FES27,1636,5,interior,MLD2,806.29112
TUNE42PI_FES27,1636,6,interior,MLD2,24.35468
TUNE42PI_FES27,1636,7,interior,MLD2,16.27317
TUNE42PI_FES27,1636,8,interior,MLD2,18.07270
TUNE42PI_FES27,1636,9,interior,MLD2,24.27747
TUNE42PI_FES27,1636,10,interior,MLD2,40.89829
TUNE42PI_FES27,1636,11,interior,MLD2,184.69384
TUNE42PI_FES27,1636,12,interior,MLD2,1049.97355
TUNE42PI_FES27,1637,1,labsea,a_ice,0.23117
TUNE42PI_FES27,1637,2,labsea,a_ice,0.33265
TUNE42PI_FES27,1637,3,labsea,a_ice,0.34321
TUNE42PI_FES27,1637,4,labsea,a_ice,0.23092
TUNE42PI_FES27,1637,5,labsea,a_ice,0.16608
TUNE42PI_FES27,1637,6,labsea,a_ice,0.09871
TUNE42PI_FES27,1637,7,labsea,a_ice,0.02579
TUNE42PI_FES27,1637,8,labsea,a_ice,0.00001
TUNE42PI_FES27,1637,9,labsea,a_ice,0.00000
TUNE42PI_FES27,1637,10,labsea,a_ice,0.00235
TUNE42PI_FES27,1637,11,labsea,a_ice,0.07569
TUNE42PI_FES27,1637,12,labsea,a_ice,0.26877
TUNE42PI_FES27,1637,1,interior,a_ice,0.05971
TUNE42PI_FES27,1637,2,interior,a_ice,0.13976
TUNE42PI_FES27,1637,3,interior,a_ice,0.18658
TUNE42PI_FES27,1637,4,interior,a_ice,0.07143
TUNE42PI_FES27,1637,5,interior,a_ice,0.01904
TUNE42PI_FES27,1637,6,interior,a_ice,0.00454
TUNE42PI_FES27,1637,7,interior,a_ice,0.00058
TUNE42PI_FES27,1637,8,interior,a_ice,0.00000
TUNE42PI_FES27,1637,9,interior,a_ice,0.00000
TUNE42PI_FES27,1637,10,interior,a_ice,0.00000
TUNE42PI_FES27,1637,11,interior,a_ice,0.01977
TUNE42PI_FES27,1637,12,interior,a_ice,0.10315
TUNE42PI_FES27,1637,1,labsea,MLD2,1152.23744
TUNE42PI_FES27,1637,2,labsea,MLD2,1297.39432
TUNE42PI_FES27,1637,3,labsea,MLD2,1240.18617
TUNE42PI_FES27,1637,4,labsea,MLD2,1016.45118
TUNE42PI_FES27,1637,5,labsea,MLD2,407.71121
TUNE42PI_FES27,1637,6,labsea,MLD2,23.67175
TUNE42PI_FES27,1637,7,labsea,MLD2,13.17359
TUNE42PI_FES27,1637,8,labsea,MLD2,11.84233
TUNE42PI_FES27,1637,9,labsea,MLD2,14.89776
TUNE42PI_FES27,1637,10,labsea,MLD2,26.51320
TUNE42PI_FES27,1637,11,labsea,MLD2,64.97845
TUNE42PI_FES27,1637,12,labsea,MLD2,837.91402
TUNE42PI_FES27,1637,1,interior,MLD2,2000.96954
TUNE42PI_FES27,1637,2,interior,MLD2,2042.35007
TUNE42PI_FES27,1637,3,interior,MLD2,1678.95918
TUNE42PI_FES27,1637,4,interior,MLD2,1124.81880
TUNE42PI_FES27,1637,5,interior,MLD2,476.35256
TUNE42PI_FES27,1637,6,interior,MLD2,32.61904
TUNE42PI_FES27,1637,7,interior,MLD2,14.87090
TUNE42PI_FES27,1637,8,interior,MLD2,13.64280
TUNE42PI_FES27,1637,9,interior,MLD2,16.53712
TUNE42PI_FES27,1637,10,interior,MLD2,31.09695
TUNE42PI_FES27,1637,11,interior,MLD2,105.64599
TUNE42PI_FES27,1637,12,interior,MLD2,1751.82169
TUNE42PI_FES27,1638,1,labsea,a_ice,0.30877
TUNE42PI_FES27,1638,2,labsea,a_ice,0.40632
TUNE42PI_FES27,1638,3,labsea,a_ice,0.44300
TUNE42PI_FES27,1638,4,labsea,a_ice,0.44373
TUNE42PI_FES27,1638,5,labsea,a_ice,0.37324
TUNE42PI_FES27,1638,6,labsea,a_ice,0.16472
TUNE42PI_FES27,1638,7,labsea,a_ice,0.04320
TUNE42PI_FES27,1638,8,labsea,a_ice,0.01172
TUNE42PI_FES27,1638,9,labsea,a_ice,0.00081
TUNE42PI_FES27,1638,10,labsea,a_ice,0.00135
TUNE42PI_FES27,1638,11,labsea,a_ice,0.08517
TUNE42PI_FES27,1638,12,labsea,a_ice,0.24104
TUNE42PI_FES27,1638,1,interior,a_ice,0.09734
TUNE42PI_FES27,1638,2,interior,a_ice,0.27751
TUNE42PI_FES27,1638,3,interior,a_ice,0.42269
TUNE42PI_FES27,1638,4,interior,a_ice,0.43477
TUNE42PI_FES27,1638,5,interior,a_ice,0.31043
TUNE42PI_FES27,1638,6,interior,a_ice,0.06851
TUNE42PI_FES27,1638,7,interior,a_ice,0.00003
TUNE42PI_FES27,1638,8,interior,a_ice,0.00000
TUNE42PI_FES27,1638,9,interior,a_ice,0.00000
TUNE42PI_FES27,1638,10,interior,a_ice,0.00000
TUNE42PI_FES27,1638,11,interior,a_ice,0.01807
TUNE42PI_FES27,1638,12,interior,a_ice,0.07882
TUNE42PI_FES27,1638,1,labsea,MLD2,1265.59410
TUNE42PI_FES27,1638,2,labsea,MLD2,1226.85502
TUNE42PI_FES27,1638,3,labsea,MLD2,1115.66322
TUNE42PI_FES27,1638,4,labsea,MLD2,828.81453
TUNE42PI_FES27,1638,5,labsea,MLD2,259.06124
TUNE42PI_FES27,1638,6,labsea,MLD2,15.03704
TUNE42PI_FES27,1638,7,labsea,MLD2,12.30086
TUNE42PI_FES27,1638,8,labsea,MLD2,14.94990
TUNE42PI_FES27,1638,9,labsea,MLD2,22.58794
TUNE42PI_FES27,1638,10,labsea,MLD2,32.92374
TUNE42PI_FES27,1638,11,labsea,MLD2,53.10162
TUNE42PI_FES27,1638,12,labsea,MLD2,324.75934
TUNE42PI_FES27,1638,1,interior,MLD2,2211.82060
TUNE42PI_FES27,1638,2,interior,MLD2,1724.58871
TUNE42PI_FES27,1638,3,interior,MLD2,1266.22422
TUNE42PI_FES27,1638,4,interior,MLD2,668.60043
TUNE42PI_FES27,1638,5,interior,MLD2,135.00602
TUNE42PI_FES27,1638,6,interior,MLD2,16.88624
TUNE42PI_FES27,1638,7,interior,MLD2,14.32924
TUNE42PI_FES27,1638,8,interior,MLD2,16.89592
TUNE42PI_FES27,1638,9,interior,MLD2,25.26190
TUNE42PI_FES27,1638,10,interior,MLD2,36.90266
TUNE42PI_FES27,1638,11,interior,MLD2,70.62774
TUNE42PI_FES27,1638,12,interior,MLD2,577.66499
TUNE42PI_FES27,1639,1,labsea,a_ice,0.34368
TUNE42PI_FES27,1639,2,labsea,a_ice,0.41925
TUNE42PI_FES27,1639,3,labsea,a_ice,0.46098
TUNE42PI_FES27,1639,4,labsea,a_ice,0.41658
TUNE42PI_FES27,1639,5,labsea,a_ice,0.30441
TUNE42PI_FES27,1639,6,labsea,a_ice,0.16108
TUNE42PI_FES27,1639,7,labsea,a_ice,0.04698
TUNE42PI_FES27,1639,8,labsea,a_ice,0.00403
TUNE42PI_FES27,1639,9,labsea,a_ice,0.00000
TUNE42PI_FES27,1639,10,labsea,a_ice,0.00896
TUNE42PI_FES27,1639,11,labsea,a_ice,0.05007
TUNE42PI_FES27,1639,12,labsea,a_ice,0.18721
TUNE42PI_FES27,1639,1,interior,a_ice,0.19223
TUNE42PI_FES27,1639,2,interior,a_ice,0.29502
TUNE42PI_FES27,1639,3,interior,a_ice,0.37401
TUNE42PI_FES27,1639,4,interior,a_ice,0.30446
TUNE42PI_FES27,1639,5,interior,a_ice,0.14611
TUNE42PI_FES27,1639,6,interior,a_ice,0.04638
TUNE42PI_FES27,1639,7,interior,a_ice,0.00094
TUNE42PI_FES27,1639,8,interior,a_ice,0.00000
TUNE42PI_FES27,1639,9,interior,a_ice,0.00000
TUNE42PI_FES27,1639,10,interior,a_ice,0.00000
TUNE42PI_FES27,1639,11,interior,a_ice,0.00189
TUNE42PI_FES27,1639,12,interior,a_ice,0.04568
TUNE42PI_FES27,1639,1,labsea,MLD2,822.37428
TUNE42PI_FES27,1639,2,labsea,MLD2,1110.86124
TUNE42PI_FES27,1639,3,labsea,MLD2,1178.71564
TUNE42PI_FES27,1639,4,labsea,MLD2,881.76897
TUNE42PI_FES27,1639,5,labsea,MLD2,402.85899
TUNE42PI_FES27,1639,6,labsea,MLD2,30.29199
TUNE42PI_FES27,1639,7,labsea,MLD2,15.06838
TUNE42PI_FES27,1639,8,labsea,MLD2,15.81018
TUNE42PI_FES27,1639,9,labsea,MLD2,21.29142
TUNE42PI_FES27,1639,10,labsea,MLD2,28.89473
TUNE42PI_FES27,1639,11,labsea,MLD2,42.37212
TUNE42PI_FES27,1639,12,labsea,MLD2,184.76762
TUNE42PI_FES27,1639,1,interior,MLD2,1296.33886
TUNE42PI_FES27,1639,2,interior,MLD2,1421.49345
TUNE42PI_FES27,1639,3,interior,MLD2,1440.36034
TUNE42PI_FES27,1639,4,interior,MLD2,1053.15304
TUNE42PI_FES27,1639,5,interior,MLD2,606.35938
TUNE42PI_FES27,1639,6,interior,MLD2,57.72187
TUNE42PI_FES27,1639,7,interior,MLD2,17.86963
TUNE42PI_FES27,1639,8,interior,MLD2,18.60022
TUNE42PI_FES27,1639,9,interior,MLD2,24.65826
TUNE42PI_FES27,1639,10,interior,MLD2,30.66171
TUNE42PI_FES27,1639,11,interior,MLD2,50.04913
TUNE42PI_FES27,1639,12,interior,MLD2,282.78181
